STORE_STREET_ADDRESS,CITY,FOOD_COMPOSITE_KEY
6122 BROADWAY BLVD,GARLAND,6122 BROADWAY BLVD GARLAND
7700 SAMUELL BLVD,DALLAS,7700 SAMUELL BLVD DALLAS
826 E HIGHWAY 67,DUNCANVILLE,826 E HIGHWAY 67 DUNCANVILLE
1041 S BECKLEY AVE,DALLAS,1041 S BECKLEY AVE DALLAS
4600 MALCOLM X BLVD,DALLAS,4600 MALCOLM X BLVD DALLAS
801 N BELT LINE RD,IRVING,801 N BELT LINE RD IRVING
1499 S PEACHTREE RD,BALCH SPRINGS,1499 S PEACHTREE RD BALCH SPRINGS
3701 W CLARENDON DR,DALLAS,3701 W CLARENDON DR DALLAS
3801 W WALNUT ST,GARLAND,3801 W WALNUT ST GARLAND
1031 FRANCES WAY,RICHARDSON,1031 FRANCES WAY RICHARDSON
4010 N BELT LN RD,IRVING,4010 N BELT LN RD IRVING
920 S HARWOOD,DALLAS,920 S HARWOOD DALLAS
9223 ELAM RD,DALLAS,9223 ELAM RD DALLAS
3115 S 1ST ST,GARLAND,3115 S 1ST ST GARLAND
200 US HIGHWAY 80 E,MESQUITE,200 US HIGHWAY 80 E MESQUITE
3555 W WALNUT ST,GARLAND,3555 W WALNUT ST GARLAND
508 N CARRIER PKWY,GRAND PRAIRIE,508 N CARRIER PKWY GRAND PRAIRIE
739 N HIGHWAY 67,CEDAR HILL,739 N HIGHWAY 67 CEDAR HILL
5301 N GARLAND AVE,GARLAND,5301 N GARLAND AVE GARLAND
4010 N MACARTHUR BLVD,IRVING,4010 N MACARTHUR BLVD IRVING
1521 S COCKRELL HILL RD,DALLAS,1521 S COCKRELL HILL RD DALLAS
2940 S 1ST ST,GARLAND,2940 S 1ST ST GARLAND
5659 LEMMON AVE,DALLAS,5659 LEMMON AVE DALLAS
950 E SANDY LAKE RD,COPPELL,950 E SANDY LAKE RD COPPELL
2614 LAVON DR,GARLAND,2614 LAVON DR GARLAND
1501 PIONEER RD,MESQUITE,1501 PIONEER RD MESQUITE
3807 E KIEST BLVD,DALLAS,3807 E KIEST BLVD DALLAS
7000 SNIDER PLZ,DALLAS,7000 SNIDER PLZ DALLAS
2333 OATES DR,MESQUITE,2333 OATES DR MESQUITE
1902 N JUPITER RD,GARLAND,1902 N JUPITER RD GARLAND
2501 LAKEVIEW PKWY,ROWLETT,2501 LAKEVIEW PKWY ROWLETT
2150 N JOSEY LN,CARROLLTON,2150 N JOSEY LN CARROLLTON
4100 LOMO ALTO DR,DALLAS,4100 LOMO ALTO DR DALLAS
3959 BROADWAY BLVD,GARLAND,3959 BROADWAY BLVD GARLAND
2165 BUCKINGHAM RD,RICHARDSON,2165 BUCKINGHAM RD RICHARDSON
1406 W WALNUT ST,GARLAND,1406 W WALNUT ST GARLAND
810 W PIONEER PKWY,GRAND PRAIRIE,810 W PIONEER PKWY GRAND PRAIRIE
9301 FOREST LANE,DALLAS,9301 FOREST LN DALLAS
833 N WESTMORELAND RD,DALLAS,833 N WESTMORELAND RD DALLAS
4215 S CARRIER PKWY,GRAND PRAIRIE,4215 S CARRIER PKWY GRAND PRAIRIE
2110 N GALLOWAY AVE,MESQUITE,2110 N GALLOWAY AVE MESQUITE
1103 S JOSEY LN,CARROLLTON,1103 S JOSEY LN CARROLLTON
633 W WHEATLAND RD,DUNCANVILLE,633 W WHEATLAND RD DUNCANVILLE
39 ARAPAHO VILLAGE,RICHARDSON,39 ARAPAHO VILLAGE RICHARDSON
5112 N JUPITER RD,GARLAND,5112 N JUPITER RD GARLAND
5065 LAWSON RD,MESQUITE,5065 LAWSON RD MESQUITE
2225 W INTERSTATE 20,GRAND PRAIRIE,2225 W INTERSTATE 20 GRAND PRAIRIE
106 N DENTON TAP RD,COPPELL,106 N DENTON TAP RD COPPELL
1509 PIONEER RD,MESQUITE,1509 PIONEER RD MESQUITE
427 E FM 1382,CEDAR HILL,427 E FM 1382 CEDAR HILL
4616 NORTHWEST HWY,GARLAND,4616 NORTHWEST HWY GARLAND
1300 BELTLINE RD,MESQUITE,1300 BELTLINE RD MESQUITE
4435 GUS THOMASSON RD,MESQUITE,4435 GUS THOMASSON RD MESQUITE
2828 MOTLEY DR,MESQUITE,2828 MOTLEY DR MESQUITE
5302 N GARLAND AVE,GARLAND,5302 N GARLAND AVE GARLAND
1330 N BELT LINE RD,IRVING,1330 N BELT LINE RD IRVING
522 PRESTON ROYAL,DALLAS,522 PRESTON ROYAL DALLAS
4550 GUS THOMASSON RD,MESQUITE,4550 GUS THOMASSON RD MESQUITE
2535 FIREWHEEL PKWY,GARLAND,2535 FIREWHEEL PKWY GARLAND
501 S ROSEMONT AVE,DALLAS,501 S ROSEMONT AVE DALLAS
2951 S BUCKNER BLVD,DALLAS,2951 S BUCKNER BLVD DALLAS
11700 PRESTON RD,DALLAS,11700 PRESTON RD DALLAS
3400 BELT LINE RD,DALLAS,3400 BELT LINE RD DALLAS
532 W INTERSTATE 30,GARLAND,532 W INTERSTATE 30 GARLAND
752 WYNNEWOOD VILLAGE SHP CTR,DALLAS,752 WYNNEWOOD VILLAGE SHP CTR DALLAS
975 E IRVING BLVD,IRVING,975 E IRVING BLVD IRVING
1690 W POLO RD,GRAND PRAIRIE,1690 W POLO RD GRAND PRAIRIE
504 N O CONNOR RD,IRVING,504 N O CONNOR RD IRVING
3435 LAKEVIEW PKWY,ROWLETT,3435 LAKEVIEW PKWY ROWLETT
1919 FAITHON LUCAS,MESQUITE,1919 FAITHON LUCAS MESQUITE
8400 LAKEVIEW PKWY,ROWLETT,8400 LAKEVIEW PKWY ROWLETT
625 PIONEER RD,MESQUITE,625 PIONEER RD MESQUITE
16371 COIT RD,DALLAS,16371 COIT RD DALLAS
180 W PIONEER PKWY,GRAND PRAIRIE,180 W PIONEER PKWY GRAND PRAIRIE
4302 MALCOLM X BLVD,DALLAS,4302 MALCOLM X BLVD DALLAS
4202 S CARRIER PKWY,GRAND PRAIRIE,4202 S CARRIER PKWY GRAND PRAIRIE
3600 GUS THOMASSON RD,MESQUITE,3600 GUS THOMASSON RD MESQUITE
215 N CARRIER PKWY,GRAND PRAIRIE,215 N CARRIER PKWY GRAND PRAIRIE
1630 E MAIN ST,GRAND PRAIRIE,1630 E MAIN ST GRAND PRAIRIE
925 NORTHWEST HWY,GARLAND,925 NORTHWEST HWY GARLAND
1314 S BUCKNER BLVD,DALLAS,1314 S BUCKNER BLVD DALLAS
555 W I 30,GARLAND,555 W I 30 GARLAND
150 N INTERSTATE 35 E,LANCASTER,150 N INTERSTATE 35 E LANCASTER
2510 W WALNUT ST,GARLAND,2510 W WALNUT ST GARLAND
6551 DUCK CREEK DR,GARLAND,6551 DUCK CREEK DR GARLAND
320 CASA LINDA PLZ,DALLAS,320 CASA LINDA PLZ DALLAS
1001 N BECKLEY,DESOTO,1001 N BECKLEY DESOTO
8060 SPRING VALLEY RD,DALLAS,8060 SPRING VALLEY RD DALLAS
507 S CARRIER PKWY,GRAND PRAIRIE,507 S CARRIER PKWY GRAND PRAIRIE
1914 E GRAUWYLER RD,IRVING,1914 E GRAUWYLER RD IRVING
9140 FOREST LN,DALLAS,9140 FOREST LN DALLAS
3480 S CARRIER PKWY,GRAND PRAIRIE,3480 S CARRIER PKWY GRAND PRAIRIE
728 W WHEATLAND RD,DUNCANVILLE,728 W WHEATLAND RD DUNCANVILLE
4001 VILLANOVA ST,DALLAS,4001 VILLANOVA ST DALLAS
323 GOLDEN TRIANGLE SHP CTR,DALLAS,323 GOLDEN TRIANGLE SHP CTR DALLAS
3045 BROADWAY BLVD,GARLAND,3045 BROADWAY BLVD GARLAND
3005 S CARRIER PKWY,GRAND PRAIRIE,3005 S CARRIER PKWY GRAND PRAIRIE
5150 DUCK CREEK DR,GARLAND,5150 DUCK CREEK DR GARLAND
915 N TOWN EAST BLVD,MESQUITE,915 N TOWN E BLVD MESQUITE
1500 S BELT LINE RD,MESQUITE,1500 S BELT LINE RD MESQUITE
7728 CARBONDALE ST,DALLAS,7728 CARBONDALE ST DALLAS
3002 E MAIN ST,GRAND PRAIRIE,3002 E MAIN ST GRAND PRAIRIE
9540 LAKE JUNE RD,DALLAS,9540 LAKE JUNE RD DALLAS
1635 MARKET PL,IRVING,1635 MARKET PL IRVING
5190 HIGHWAY 78,SACHSE,5190 HIGHWAY 78 SACHSE
1054 N CARRIER PKWY,GRAND PRAIRIE,1054 N CARRIER PKWY GRAND PRAIRIE
245 E GRAUWYLER RD,IRVING,245 E GRAUWYLER RD IRVING
5710 BROADWAY BLVD,GARLAND,5710 BROADWAY BLVD GARLAND
1501 BUCKINGHAM RD,RICHARDSON,1501 BUCKINGHAM RD RICHARDSON
5610 ROWLETT RD,ROWLETT,5610 ROWLETT RD ROWLETT
14280 MARSH LN,ADDISON,14280 MARSH LN ADDISON
1464 W BUCKINGHAM RD,GARLAND,1464 W BUCKINGHAM RD GARLAND
235 E FM 1382,CEDAR HILL,235 E FM 1382 CEDAR HILL
607 N HIGHWAY 175,SEAGOVILLE,607 N HIGHWAY 175 SEAGOVILLE
2000 OLD DENTON RD,CARROLLTON,2000 OLD DENTON RD CARROLLTON
7505 N MACARTHUR BLVD,IRVING,7505 N MACARTHUR BLVD IRVING
212 MEDALLION SHOPPING CTR,DALLAS,212 MEDALLION SHOPPING CTR DALLAS
10020 ROYAL LN,DALLAS,10020 ROYAL LN DALLAS
1501 S 1ST ST,GARLAND,1501 S 1ST ST GARLAND
1446 BELT LINE RD,GARLAND,1446 BELT LINE RD GARLAND
1455 BUCKINHAM RD,RICHARDSON,1455 BUCKINHAM RD RICHARDSON
2141 N JOSEY LN,CARROLLTON,2141 N JOSEY LN CARROLLTON
401 N GALLOWAY AVE,MESQUITE,401 N GALLOWAY AVE MESQUITE
8335 WESTCHESTER DR,DALLAS,8335 WESTCHESTER DR DALLAS
14041 NOEL RD,DALLAS,14041 NOEL RD DALLAS
4122 LBJ FREEWAY,DALLAS,4122 LBJ FREEWAY DALLAS
2625 OLD DENTON RD,CARROLLTON,2625 OLD DENTON RD CARROLLTON
6502 HIGHWAY 78,SACHSE,6502 HIGHWAY 78 SACHSE
3324 ELSIE FAYE HEGGINS ST,DALLAS,3324 ELSIE FAYE HEGGINS ST DALLAS
3845 N GARLAND AVE,GARLAND,3845 N GARLAND AVE GARLAND
220 N HIGHWAY 175,SEAGOVILLE,220 N HIGHWAY 175 SEAGOVILLE
39739 LYNDON B JOHNSON FWY,DALLAS,39739 LYNDON B JOHNSON FWY DALLAS
604 E BEAR CREEK RD,GLENN HEIGHTS,604 E BEAR CREEK RD GLENN HEIGHTS
1290 PLEASANT VALLEY RD,GARLAND,1290 PLEASANT VALLEY RD GARLAND
1946 CLAY MATHIS RD,MESQUITE,1946 CLAY MATHIS RD MESQUITE
1506 S BUCKNER BLVD,DALLAS,1506 S BUCKNER BLVD DALLAS
9035 FOREST LN,DALLAS,9035 FOREST LN DALLAS
3612 N BELT LINE RD,IRVING,3612 N BELT LINE RD IRVING
5950 BROADWAY BLVD,GARLAND,5950 BROADWAY BLVD GARLAND
1801 MARKETPLACE DR,GARLAND,1801 MARKETPLACE DR GARLAND
1050 W SHADY GROVE RD,IRVING,1050 W SHADY GROVE RD IRVING
604 E PIONEER PKWY,GRAND PRAIRIE,604 E PIONEER PKWY GRAND PRAIRIE
418 E WHEATLAND RD,DUNCANVILLE,418 E WHEATLAND RD DUNCANVILLE
2002 N GALLOWAY AVE,MESQUITE,2002 N GALLOWAY AVE MESQUITE
3617 SHEPHERD LN,BALCH SPRINGS,3617 SHEPHERD LN BALCH SPRINGS
701 E MAIN ST,GRAND PRAIRIE,701 E MAIN ST GRAND PRAIRIE
313 W PIONEER PKWY,GRAND PRAIRIE,313 W PIONEER PKWY GRAND PRAIRIE
125 HALL RD,SEAGOVILLE,125 HALL RD SEAGOVILLE
525 N GALLOWAY,MESQUITE,525 N GALLOWAY MESQUITE
201 W JEFFERSON ST,GRAND PRAIRIE,201 W JEFFERSON ST GRAND PRAIRIE
1322 N HAMPTON RD,DALLAS,1322 N HAMPTON RD DALLAS
10455 N CENTRAL EXPWY,DALLAS,10455 N CENTRAL EXPWY DALLAS
2004 E BELT LINE RD,CARROLLTON,2004 E BELT LINE RD CARROLLTON
839 W CENTERVILLE RD,GARLAND,839 W CENTERVILLE RD GARLAND
1235 S BUCKNER BLVD,DALLAS,1235 S BUCKNER BLVD DALLAS
1601 N TOWN EAST BLVD,MESQUITE,1601 N TOWN E BLVD MESQUITE
1303 E MILLER RD,GARLAND,1303 E MILLER RD GARLAND
3000 MILITARY PKWY,MESQUITE,3000 MILITARY PKWY MESQUITE
4903 S LANCASTER RD,DALLAS,4903 S LANCASTER RD DALLAS
4550 W BUCKINGHAM RD,GARLAND,4550 W BUCKINGHAM RD GARLAND
731 W BELT LINE RD,DESOTO,731 W BELT LINE RD DESOTO
3542 W AIRPORT FWY,IRVING,3542 W AIRPORT FWY IRVING
8282 SPRING VALLEY RD,DALLAS,8282 SPRING VALLEY RD DALLAS
2309 W ROCHELLE RD,IRVING,2309 W ROCHELLE RD IRVING
11903 LAKE JUNE RD STE A,BALCH SPRINGS,11903 LAKE JUNE RD STE A BALCH SPRINGS
3347 W WALNUT ST,GARLAND,3347 W WALNUT ST GARLAND
1413 OATES DR,MESQUITE,1413 OATES DR MESQUITE
3601 N BELT LINE RD,SUNNYVALE,3601 N BELT LINE RD SUNNYVALE
500 N GALLOWAY AVE,MESQUITE,500 N GALLOWAY AVE MESQUITE
3380 LOMBARDY LN,DALLAS,3380 LOMBARDY LN DALLAS
3117 MALCOLM X BLVD,DALLAS,3117 MALCOLM X BLVD DALLAS
802 E PIONEER PKWY,GRAND PRAIRIE,802 E PIONEER PKWY GRAND PRAIRIE
1515 S BUCKNER BLVD,DALLAS,1515 S BUCKNER BLVD DALLAS
1130 N COUNTRY CLUB RD,GARLAND,1130 N COUNTRY CLUB RD GARLAND
8025 S LOOP 12,DALLAS,8025 S LOOP 12 DALLAS
2454 W ILLINOIS AVE,DALLAS,2454 W ILLINOIS AVE DALLAS
2548 DICKERSON PKWY,CARROLLTON,2548 DICKERSON PKWY CARROLLTON
2376 LAVON DR,GARLAND,2376 LAVON DR GARLAND
1515 S BUCKNER BLVD,DALLAS,1515 S BUCKNER BLVD DALLAS
4701 LAKEVIEW PKWY,ROWLETT,4701 LAKEVIEW PKWY ROWLETT
655 W ILLINOIS AVE,DALLAS,655 W ILLINOIS AVE DALLAS
700 N DENTON TAP RD,COPPELL,700 N DENTON TAP RD COPPELL
928 E GRAUWYLER RD,IRVING,928 E GRAUWYLER RD IRVING
2645 ARAPAHO RD,GARLAND,2645 ARAPAHO RD GARLAND
1213 E TRINITY MILLS RD,CARROLLTON,1213 E TRINITY MILLS RD CARROLLTON
9850 WALNUT HILL LN,DALLAS,9850 WALNUT HILL LN DALLAS
11732 MARSH LANE,DALLAS,11732 MARSH LN DALLAS
3500 E ILLINOIS AVE,DALLAS,3500 E ILLINOIS AVE DALLAS
1005 W PIONEER PKWY,GRAND PRAIRIE,1005 W PIONEER PKWY GRAND PRAIRIE
3129 GRAND AVE,DALLAS,3129 GRAND AVE DALLAS
333 S SAINT AUGUSTINE DR,DALLAS,333 S SAINT AUGUSTINE DR DALLAS
885 W MILLER RD,GARLAND,885 W MILLER RD GARLAND
8032 FERGUSON RD,DALLAS,8032 FERGUSON RD DALLAS
3465 W WALNUT ST,GARLAND,3465 W WALNUT ST GARLAND
1153 W CAMP WISDOM RD,DALLAS,1153 W CAMP WISDOM RD DALLAS
3200 S LANCASTER RD STE 750,DALLAS,3200 S LANCASTER RD STE 750 DALLAS
127 HALL RD,SEAGOVILLE,127 HALL RD SEAGOVILLE
2417 GUS THOMASSON RD,DALLAS,2417 GUS THOMASSON RD DALLAS
415 E HIGHWAY 303,GRAND PRAIRIE,415 E HIGHWAY 303 GRAND PRAIRIE
9243 SKILLMAN ST,DALLAS,9243 SKILLMAN ST DALLAS
149 W KINGSLEY RD,GARLAND,149 W KINGSLEY RD GARLAND
2015 N MASTERS DR STE 207,DALLAS,2015 N MASTERS DR STE 207 DALLAS
3289 S POLK ST,DALLAS,3289 S POLK ST DALLAS
6110 SAMUELL BLVD,DALLAS,6110 SAMUELL BLVD DALLAS
2720 SAMUELL BLVD,DALLAS,2720 SAMUELL BLVD DALLAS
6300 SKILLMAN ST,DALLAS,6300 SKILLMAN ST DALLAS
1800 W IRVING BLVD,IRVING,1800 W IRVING BLVD IRVING
926 E MAIN ST,GRAND PRAIRIE,926 E MAIN ST GRAND PRAIRIE
210 W CAMP WISDOM RD,DUNCANVILLE,210 W CAMP WISDOM RD DUNCANVILLE
4420 GUS THOMASSON RD,MESQUITE,4420 GUS THOMASSON RD MESQUITE
305 S BELT LINE RD,IRVING,305 S BELT LINE RD IRVING
9548 SCYENE RD,DALLAS,9548 SCYENE RD DALLAS
2600 W JEFFERSON BLVD,DALLAS,2600 W JEFFERSON BLVD DALLAS
128 W BELT LINE RD,CEDAR HILL,128 W BELT LINE RD CEDAR HILL
216 WESTERN PARK SHOPPING VLG,DALLAS,216 WESTERN PARK SHOPPING VLG DALLAS
383 W JEFFERSON BLVD,DALLAS,383 W JEFFERSON BLVD DALLAS
3249 W CAMP WISDOM RD,DALLAS,3249 W CAMP WISDOM RD DALLAS
2253 W BELT LINE RD,LANCASTER,2253 W BELT LINE RD LANCASTER
1220 N TOWN EAST BLVD,MESQUITE,1220 N TOWN E BLVD MESQUITE
341 E BELT LINE RD,WILMER,341 E BELT LINE RD WILMER
4422 S MARSALIS AVE,DALLAS,4422 S MARSALIS AVE DALLAS
10909 WEBBS CHAPEL RD,DALLAS,10909 WEBBS CHAPEL RD DALLAS
4519 W JEFFERSON BLVD,DALLAS,4519 W JEFFERSON BLVD DALLAS
8152 SPRING VALLEY RD,DALLAS,8152 SPRING VALLEY RD DALLAS
1622 N STATE HIGHWAY 360,GRAND PRAIRIE,1622 N STATE HIGHWAY 360 GRAND PRAIRIE
1380 W CAMPBELL RD,RICHARDSON,1380 W CAMPBELL RD RICHARDSON
3500 N BELT LINE RD STE 110,IRVING,3500 N BELT LINE RD STE 110 IRVING
951 W BELT LINE RD,DESOTO,951 W BELT LINE RD DESOTO
1719 SINGLETON BLVD,DALLAS,1719 SINGLETON BLVD DALLAS
5270 S STATE HIGHWAY 360,GRAND PRAIRIE,5270 S STATE HIGHWAY 360 GRAND PRAIRIE
3338 BROADWAY BLVD,GARLAND,3338 BROADWAY BLVD GARLAND
2506 S BELT LINE RD,GRAND PRAIRIE,2506 S BELT LINE RD GRAND PRAIRIE
4210 LYNDON B JOHNSON FWY,DALLAS,4210 LYNDON B JOHNSON FWY DALLAS
818 E MAIN ST,MESQUITE,818 E MAIN ST MESQUITE
1710 S HAMPTON RD,GLENN HEIGHTS,1710 S HAMPTON RD GLENN HEIGHTS
2510 BELT LINE RD,GARLAND,2510 BELT LINE RD GARLAND
3012 MOCKINGBIRD LN,DALLAS,3012 MOCKINGBIRD LN DALLAS
2142 N JOSEY LN,CARROLLTON,2142 N JOSEY LN CARROLLTON
1425 BUCKINGHAM RD,RICHARDSON,1425 BUCKINGHAM RD RICHARDSON
2425 W WALNUT ST,GARLAND,2425 W WALNUT ST GARLAND
726 W PIONEER PKWY,GRAND PRAIRIE,726 W PIONEER PKWY GRAND PRAIRIE
2910 MAYFIELD RD,GRAND PRAIRIE,2910 MAYFIELD RD GRAND PRAIRIE
5911 LOVETT AVE,DALLAS,5911 LOVETT AVE DALLAS
2905 ARKANSAS LN,GRAND PRAIRIE,2905 ARKANSAS LN GRAND PRAIRIE
1629 N TOWN EAST BLVD,MESQUITE,1629 N TOWN E BLVD MESQUITE
1009 W ROCHELLE RD,IRVING,1009 W ROCHELLE RD IRVING
1501 N INTERSTATE 35 E,DESOTO,1501 N INTERSTATE 35 E DESOTO
5920 HIGHWAY 78,SACHSE,5920 HIGHWAY 78 SACHSE
2432 N FITZHUGH,DALLAS,2432 N FITZHUGH DALLAS
610 E MALLOY BRIDGE RD,SEAGOVILLE,610 E MALLOY BRIDGE RD SEAGOVILLE
4100 STATE HWY 212,CARROLLTON,4100 STATE HWY 212 CARROLLTON
4430 DFW TPKE,DALLAS,4430 DFW TPKE DALLAS
202 W PIONEER PKWY,GRAND PRAIRIE,202 W PIONEER PKWY GRAND PRAIRIE
5370 W LOVERS LN,DALLAS,5370 W LOVERS LN DALLAS
313 N DENTON TAP RD,COPPELL,313 N DENTON TAP RD COPPELL
362 E FM 1382,CEDAR HILL,362 E FM 1382 CEDAR HILL
1305 W BELT LINE RD,DESOTO,1305 W BELT LINE RD DESOTO
7930 BELT LINE RD,DALLAS,7930 BELT LINE RD DALLAS
2114 W KINGSLEY RD,GARLAND,2114 W KINGSLEY RD GARLAND
1015 N TOWN EAST BLVD,MESQUITE,1015 N TOWN E BLVD MESQUITE
1520 PIONEER RD,MESQUITE,1520 PIONEER RD MESQUITE
1145 INTERSTATE 30,MESQUITE,1145 INTERSTATE 30 MESQUITE
5435 BROADWAY BLVD,GARLAND,5435 BROADWAY BLVD GARLAND
2134 N JOSEY LN,CARROLLTON,2134 N JOSEY LN CARROLLTON
1815 NORTHWEST HWY,GARLAND,1815 NORTHWEST HWY GARLAND
2802 LAVON DR,GARLAND,2802 LAVON DR GARLAND
1050 S BELT LINE RD,DALLAS,1050 S BELT LINE RD DALLAS
401 E FM 1382,CEDAR HILL,401 E FM 1382 CEDAR HILL
6850 N SHILOH ROAD,GARLAND,6850 N SHILOH RD GARLAND
3001 N BELT LINE RD,IRVING,3001 N BELT LINE RD IRVING
3455 N BELT LINE RD,IRVING,3455 N BELT LINE RD IRVING
5434 HIGHWAY 78,SACHSE,5434 HIGHWAY 78 SACHSE
1951 MILITARY PKWY,MESQUITE,1951 MILITARY PKWY MESQUITE
435 E FM 1382,CEDAR HILL,435 E FM 1382 CEDAR HILL
1803 N GALLOWAY AVE,MESQUITE,1803 N GALLOWAY AVE MESQUITE
3506 N GALLOWAY AVE,MESQUITE,3506 N GALLOWAY AVE MESQUITE
500 E PIONEER PKWY,GRAND PRAIRIE,500 E PIONEER PKWY GRAND PRAIRIE
2712 W IRVING BLVD,IRVING,2712 W IRVING BLVD IRVING
3400 E TRINITY MILLS RD,CARROLLTON,3400 E TRINITY MILLS RD CARROLLTON
3312 LAKEVIEW PKWY,ROWLETT,3312 LAKEVIEW PKWY ROWLETT
13260 JOSEY LN,DALLAS,13260 JOSEY LN DALLAS
2223 SINGLETON BLVD,DALLAS,2223 SINGLETON BLVD DALLAS
742 WYNNEWOOD VILLAGE,DALLAS,742 WYNNEWOOD VILLAGE DALLAS
6474 E NORTHWEST HWY,DALLAS,6474 E NORTHWEST HWY DALLAS
250 W HIGHWAY 67,DUNCANVILLE,250 W HIGHWAY 67 DUNCANVILLE
2230 MARSH LN,CARROLLTON,2230 MARSH LN CARROLLTON
4402 W JEFFERSON BLVD,DALLAS,4402 W JEFFERSON BLVD DALLAS
531 E MALLOY BRIDGE RD,SEAGOVILLE,531 E MALLOY BRIDGE RD SEAGOVILLE
3828 US HIGHWAY 80 E,MESQUITE,3828 US HIGHWAY 80 E MESQUITE
1325 GROSS RD,MESQUITE,1325 GROSS RD MESQUITE
9750 WALNUT HILL LN,DALLAS,9750 WALNUT HILL LN DALLAS
8600 LAKEVIEW PKWY,ROWLETT,8600 LAKEVIEW PKWY ROWLETT
406 E BELT LINE RD,WILMER,406 E BELT LINE RD WILMER
11424 AUDELIA RD,DALLAS,11424 AUDELIA RD DALLAS
8190 PARK LN,DALLAS,8190 PARK LN DALLAS
2307 I-20,GRAND PRAIRIE,2307 I-20 GRAND PRAIRIE
3768 S CARRIER PKWY,GRAND PRAIRIE,3768 S CARRIER PKWY GRAND PRAIRIE
230 W PIONEER PKWY,GRAND PRAIRIE,230 W PIONEER PKWY GRAND PRAIRIE
10606 GARLAND RD,DALLAS,10606 GARLAND RD DALLAS
1518 BUCKINGHAM RD,GARLAND,1518 BUCKINGHAM RD GARLAND
2440 W ILLINOIS AVE,DALLAS,2440 W ILLINOIS AVE DALLAS
3635 GUS THOMASSON RD,MESQUITE,3635 GUS THOMASSON RD MESQUITE
2711 MOTLEY DR,MESQUITE,2711 MOTLEY DR MESQUITE
1601 W NORTHWEST HWY,GARLAND,1601 W NORTHWEST HWY GARLAND
1511 S BELT LINE RD,GRAND PRAIRIE,1511 S BELT LINE RD GRAND PRAIRIE
2500 S INTERSTATE 45 SERVICE RD,HUTCHINS,2500 S INTERSTATE 45 SERVICE RD HUTCHINS
7401 LAKEVIEW PKWY,ROWLETT,7401 LAKEVIEW PKWY ROWLETT
6421 BROADWAY BLVD,GARLAND,6421 BROADWAY BLVD GARLAND
1355 HIGHWAY 66,GARLAND,1355 HIGHWAY 66 GARLAND
2602 LAVON DR,GARLAND,2602 LAVON DR GARLAND
2434 W BUCKINGHAM RD,GARLAND,2434 W BUCKINGHAM RD GARLAND
1426 BELT LINE RD,GARLAND,1426 BELT LINE RD GARLAND
2300 ROWLETT RD,ROWLETT,2300 ROWLETT RD ROWLETT
3011 N SHILOH RD,GARLAND,3011 N SHILOH RD GARLAND
4214 FOREST LN,GARLAND,4214 FOREST LN GARLAND
2926 BELT LINE RD,IRVING,2926 BELT LINE RD IRVING
424 E PIONEER PKWY,GRAND PRAIRIE,424 E PIONEER PKWY GRAND PRAIRIE
3500 LAKEVIEW PKWY,ROWLETT,3500 LAKEVIEW PKWY ROWLETT
554 W INTERSTATE 20,GRAND PRAIRIE,554 W INTERSTATE 20 GRAND PRAIRIE
4241 W CAMP WISDOM RD,DALLAS,4241 W CAMP WISDOM RD DALLAS
5216 S STATE HIGHWAY 360,GRAND PRAIRIE,5216 S STATE HIGHWAY 360 GRAND PRAIRIE
1372 BELT LINE RD,GARLAND,1372 BELT LINE RD GARLAND
220 W CENTERVILLE RD,GARLAND,220 W CENTERVILLE RD GARLAND
5825 BROADWAY BLVD,GARLAND,5825 BROADWAY BLVD GARLAND
1900 LAKEVIEW PKWY,ROWLETT,1900 LAKEVIEW PKWY ROWLETT
5702 LAVON DR,GARLAND,5702 LAVON DR GARLAND
4203 S CARRIER PKWY,GRAND PRAIRIE,4203 S CARRIER PKWY GRAND PRAIRIE
1225 N BLUEGROVE RD,LANCASTER,1225 N BLUEGROVE RD LANCASTER
3430 LAKEVIEW PKWY,ROWLETT,3430 LAKEVIEW PKWY ROWLETT
1411 MAIN STREET,DALLAS,1411 MAIN ST DALLAS
6832 SNIDER PLZ,DALLAS,6832 SNIDER PLZ DALLAS
6709 PRESTON RD,DALLAS,6709 PRESTON RD DALLAS
4301 N BELT LINE RD,IRVING,4301 N BELT LINE RD IRVING
2717 E BELT LINE RD,CARROLLTON,2717 E BELT LINE RD CARROLLTON
2018 NORTHWEST HWY,GARLAND,2018 NORTHWEST HWY GARLAND
3555 MURPHY RD,RICHARDSON,3555 MURPHY RD RICHARDSON
11921 ELAM RD,BALCH SPRINGS,11921 ELAM RD BALCH SPRINGS
3936 POLK ST,DALLAS,3936 POLK ST DALLAS
2509 FIREWHEEL PKWY,GARLAND,2509 FIREWHEEL PKWY GARLAND
1000 E SANDY LAKE RD,COPPELL,1000 E SANDY LAKE RD COPPELL
290 N DENTON TAP RD,COPPELL,290 N DENTON TAP RD COPPELL
410 W ROCHELLE RD,IRVING,410 W ROCHELLE RD IRVING
5328 LEMMON AVE,DALLAS,5328 LEMMON AVE DALLAS
10560 WALNUT ST,DALLAS,10560 WALNUT ST DALLAS
7818 ROWLETT RD,ROWLETT,7818 ROWLETT RD ROWLETT
3980 S BELT LINE RD,GRAND PRAIRIE,3980 S BELT LINE RD GRAND PRAIRIE
454 E HIGHWAY 67,DUNCANVILLE,454 E HIGHWAY 67 DUNCANVILLE
3341 N TOWN EAST BLVD,MESQUITE,3341 N TOWN E BLVD MESQUITE
13105 SEAGOVILLE RD,MESQUITE,13105 SEAGOVILLE RD MESQUITE
1505 BELTLINE RD,MESQUITE,1505 BELTLINE RD MESQUITE
3601 ROWLETT RD,ROWLETT,3601 ROWLETT RD ROWLETT
3030 MILITARY PKWY,MESQUITE,3030 MILITARY PKWY MESQUITE
4024 ROSS AVE,DALLAS,4024 ROSS AVE DALLAS
6760 SHADYBROOK LN,DALLAS,6760 SHADYBROOK LN DALLAS
333 S CEDAR RIDGE DR,DUNCANVILLE,333 S CEDAR RIDGE DR DUNCANVILLE
702 E WARRIOR TRL,GRAND PRAIRIE,702 E WARRIOR TRL GRAND PRAIRIE
5150 N GARLAND AVE,GARLAND,5150 N GARLAND AVE GARLAND
6246 BROADWAY BLVD,GARLAND,6246 BROADWAY BLVD GARLAND
2325 W INTERSTATE 20,GRAND PRAIRIE,2325 W INTERSTATE 20 GRAND PRAIRIE
13100 JOSEY LN,DALLAS,13100 JOSEY LN DALLAS
655 W ILLINOIS AVE,DALLAS,655 W ILLINOIS AVE DALLAS
3160 SATURN RD,GARLAND,3160 SATURN RD GARLAND
6471 N MACARTHUR,IRVING,6471 N MACARTHUR IRVING
3322 SYLVAN AVE,DALLAS,3322 SYLVAN AVE DALLAS
4550 W BUCKINGHAM RD,GARLAND,4550 W BUCKINGHAM RD GARLAND
4291 DFW TPKE,DALLAS,4291 DFW TPKE DALLAS
2146 N JOSEY LN,CARROLLTON,2146 N JOSEY LN CARROLLTON
1780 S BELT LINE RD,DALLAS,1780 S BELT LINE RD DALLAS
2411 N GALLOWAY AVE,MESQUITE,2411 N GALLOWAY AVE MESQUITE
1484 S BELT LINE RD,COPPELL,1484 S BELT LINE RD COPPELL
726 E PIONEER PKWY,GRAND PRAIRIE,726 E PIONEER PKWY GRAND PRAIRIE
5707 LIBERTY GROVE RD,ROWLETT,5707 LIBERTY GROVE RD ROWLETT
1202 W CENTERVILLE RD,GARLAND,1202 W CENTERVILLE RD GARLAND
12895 JOSEY LN,DALLAS,12895 JOSEY LN DALLAS
3212 N JUPITER RD,GARLAND,3212 N JUPITER RD GARLAND
1411 N DUNCANVILLE RD,DUNCANVILLE,1411 N DUNCANVILLE RD DUNCANVILLE
4100 GUS THOMASSON RD,MESQUITE,4100 GUS THOMASSON RD MESQUITE
2010 S SHILOH RD,GARLAND,2010 S SHILOH RD GARLAND
1431 OATES DR,MESQUITE,1431 OATES DR MESQUITE
4201 TRAVIS ST,DALLAS,4201 TRAVIS ST DALLAS
750 N DENTON TAP RD,COPPELL,750 N DENTON TAP RD COPPELL
3128 FOREST LN,DALLAS,3128 FOREST LN DALLAS
805 E BELTLINE RD,CEDAR HILL,805 E BELTLINE RD CEDAR HILL
4200 ABRAMS RD,DALLAS,4200 ABRAMS RD DALLAS
610 S CARRIER PKWY,GRAND PRAIRIE,610 S CARRIER PKWY GRAND PRAIRIE
1295 COMMERCE ST,DALLAS,1295 COMMERCE ST DALLAS
2770 VALWOOD PKWY,DALLAS,2770 VALWOOD PKWY DALLAS
1729 W POLO RD,GRAND PRAIRIE,1729 W POLO RD GRAND PRAIRIE
4450 W JEFFERSON BLVD,DALLAS,4450 W JEFFERSON BLVD DALLAS
7272 GASTON AVE,DALLAS,7272 GASTON AVE DALLAS
1401 N BELT LINE RD,IRVING,1401 N BELT LINE RD IRVING
828 E IRVING BLVD,IRVING,828 E IRVING BLVD IRVING
2510 FIREWHEEL PKWY,GARLAND,2510 FIREWHEEL PKWY GARLAND
4386 SUNBELT DR,ADDISON,4386 SUNBELT DR ADDISON
1700 S TOWN EAST BLVD,MESQUITE,1700 S TOWN E BLVD MESQUITE
3709 S CARRIER PKWY,GRAND PRAIRIE,3709 S CARRIER PKWY GRAND PRAIRIE
8015 WOODBRIDGE PARKWAY,SACHSE,8015 WOODBRIDGE PKWY SACHSE
2807 W NORTHWEST HWY,DALLAS,2807 W NORTHWEST HWY DALLAS
5550 W LOVERS LN,DALLAS,5550 W LOVERS LN DALLAS
430 E MAIN ST,GRAND PRAIRIE,430 E MAIN ST GRAND PRAIRIE
5401 N PRESIDENT GEORGE BUSH HWY,GARLAND,5401 N PRESIDENT GEORGE BUSH HWY GARLAND
3046 LAVON DR,GARLAND,3046 LAVON DR GARLAND
1235 E BELT LINE RD,DESOTO,1235 E BELT LINE RD DESOTO
511 N AKARD,DALLAS,511 N AKARD DALLAS
4701 N GALLOWAY AVE,MESQUITE,4701 N GALLOWAY AVE MESQUITE
5123 W LOVERS LN,DALLAS,5123 W LOVERS LN DALLAS
1927 E BELT LINE RD,CARROLLTON,1927 E BELT LINE RD CARROLLTON
105 US HIGHWAY 80 E,MESQUITE,105 US HIGHWAY 80 E MESQUITE
8626 LAKEVIEW PKWY,ROWLETT,8626 LAKEVIEW PKWY ROWLETT
12103 WEBB CHAPEL RD,DALLAS,12103 WEBB CHAPEL RD DALLAS
6229 HILLCREST ROAD,UNIVERSITY PARK,6229 HILLCREST RD UNIVERSITY PARK
9410 WEBB CHAPEL RD,DALLAS,9410 WEBB CHAPEL RD DALLAS
1919 W SCYENE RD,MESQUITE,1919 W SCYENE RD MESQUITE
11437 SHILOH RD,DALLAS,11437 SHILOH RD DALLAS
702 N BELT LINE RD,GRAND PRAIRIE,702 N BELT LINE RD GRAND PRAIRIE
200 SHORT BLVD,DALLAS,200 SHORT BLVD DALLAS
1701 W BRUTON RD,MESQUITE,1701 W BRUTON RD MESQUITE
5634 HIGHWAY 78,SACHSE,5634 HIGHWAY 78 SACHSE
510 N PLANO RD,GARLAND,510 N PLANO RD GARLAND
1030 N HIGHWAY 67,CEDAR HILL,1030 N HIGHWAY 67 CEDAR HILL
131 LAVON DR,GARLAND,131 LAVON DR GARLAND
3064 WEBB CHAPEL EXT,DALLAS,3064 WEBB CHAPEL EXT DALLAS
101 W BUCKINGHAM RD,GARLAND,101 W BUCKINGHAM RD GARLAND
6921 LAKE JUNE RD,DALLAS,6921 LAKE JUNE RD DALLAS
4451 N GALLOWAY AVE,MESQUITE,4451 N GALLOWAY AVE MESQUITE
901 RODEO CENTER BLVD,MESQUITE,901 RODEO CENTER BLVD MESQUITE
1122 W CENTERVILLE RD,GARLAND,1122 W CENTERVILLE RD GARLAND
1041 N TOWN EAST BLVD,MESQUITE,1041 N TOWN E BLVD MESQUITE
1433 W KINGSLEY RD,GARLAND,1433 W KINGSLEY RD GARLAND
4777 VISTAWOOD BLVD,DALLAS,4777 VISTAWOOD BLVD DALLAS
2315 LAKELAND DR,DALLAS,2315 LAKELAND DR DALLAS
1821 W TARRANT RD,GRAND PRAIRIE,1821 W TARRANT RD GRAND PRAIRIE
1855 S GARLAND AVE,GARLAND,1855 S GARLAND AVE GARLAND
2532 OLD DENTON RD,CARROLLTON,2532 OLD DENTON RD CARROLLTON
6420 GASTON AVE,DALLAS,6420 GASTON AVE DALLAS
7235 N GEORGE BUSH HWY,GARLAND,7235 N GEORGE BUSH HWY GARLAND
3733 N TOWN EAST BLVD,MESQUITE,3733 N TOWN E BLVD MESQUITE
1525 N BELT LINE RD,GRAND PRAIRIE,1525 N BELT LINE RD GRAND PRAIRIE
2460 LUNA RD,CARROLLTON,2460 LUNA RD CARROLLTON
8400 N BELT LINE RD,IRVING,8400 N BELT LINE RD IRVING
3401 S GARLAND AVE,GARLAND,3401 S GARLAND AVE GARLAND
4005 LAKE RIDGE PKWY,GRAND PRAIRIE,4005 LAKE RIDGE PKWY GRAND PRAIRIE
1555 E RENNER RD,RICHARDSON,1555 E RENNER RD RICHARDSON
3620 N BELT LINE RD,IRVING,3620 N BELT LINE RD IRVING
1005 S COCKRELL HILL,DALLAS,1005 S COCKRELL HILL DALLAS
1398 E BELT LINE RD,DESOTO,1398 E BELT LINE RD DESOTO
3312 N BUCKNER BLVD,DALLAS,3312 N BUCKNER BLVD DALLAS
3249 DAWES DR,DALLAS,3249 DAWES DR DALLAS
3020 BIG TOWN BLVD,MESQUITE,3020 BIG TOWN BLVD MESQUITE
1110 N BELTLINE RD,GRAND PRAIRIE,1110 N BELTLINE RD GRAND PRAIRIE
1208 E BELT LINE RD,CARROLLTON,1208 E BELT LINE RD CARROLLTON
3001 LAKEVIEW PKWY,ROWLETT,3001 LAKEVIEW PKWY ROWLETT
580 CASTLEGLEN DR,GARLAND,580 CASTLEGLEN DR GARLAND
1551 CENTERVILLE,DALLAS,1551 CENTERVILLE DALLAS
11700 PRESTON RD,DALLAS,11700 PRESTON RD DALLAS
1300 OATES DR,MESQUITE,1300 OATES DR MESQUITE
1540 S 1ST ST,GARLAND,1540 S 1ST ST GARLAND
1109 E HIGHWAY 67,DUNCANVILLE,1109 E HIGHWAY 67 DUNCANVILLE
1016 W TRINITY MILLS RD,CARROLLTON,1016 W TRINITY MILLS RD CARROLLTON
1600 LBJ FREEWAY,FARMERS BRANCH,1600 LBJ FREEWAY FARMERS BRANCH
2601 W BARDIN RD,GRAND PRAIRIE,2601 W BARDIN RD GRAND PRAIRIE
5909 BELT LINE RD,DALLAS,5909 BELT LINE RD DALLAS
2851 DAIRY RD.,GARLAND,2851 DAIRY RD GARLAND
1401 W. PIONEER PKWY.,GRAND PRAIRIE,1401 W PIONEER PKWY GRAND PRAIRIE
828 S CARRIER PKWY,GRAND PRAIRIE,828 S CARRIER PKWY GRAND PRAIRIE
3133 LEMMON AVE E,DALLAS,3133 LEMMON AVE E DALLAS
2511 S BELT LINE RD,DALLAS,2511 S BELT LINE RD DALLAS
6055 ALPHA RD,DALLAS,6055 ALPHA RD DALLAS
3200 MILITARY PKWY,MESQUITE,3200 MILITARY PKWY MESQUITE
11306 LYNDON B JOHNSON FWY,DALLAS,11306 LYNDON B JOHNSON FWY DALLAS
5500 S BUCKNER BLVD,MESQUITE,5500 S BUCKNER BLVD MESQUITE
2606 S LANCASTER RD,DALLAS,2606 S LANCASTER RD DALLAS
3032 BROADWAY BLVD,GARLAND,3032 BROADWAY BLVD GARLAND
2620 N JOSEY LN,CARROLLTON,2620 N JOSEY LN CARROLLTON
4901 LAKEVIEW PKWY,ROWLETT,4901 LAKEVIEW PKWY ROWLETT
2215 N O'CONNER RD,IRVING,2215 N O'CONNER RD IRVING
12243 E NW HWY,DALLAS,12243 E NW HWY DALLAS
4303 W NORTHGATE DR,IRVING,4303 W NORTHGATE DR IRVING
778 FORT WORTH AVE,DALLAS,778 FORT WORTH AVE DALLAS
8302 ABRAMS RD,DALLAS,8302 ABRAMS RD DALLAS
1702 FOREST LN,GARLAND,1702 FOREST LN GARLAND
2650 S STATE HIGHWAY 161,GRAND PRAIRIE,2650 S STATE HIGHWAY 161 GRAND PRAIRIE
717 S 5TH ST,GARLAND,717 S 5TH ST GARLAND
3311 W PLEASANT RUN RD,LANCASTER,3311 W PLEASANT RUN RD LANCASTER
3530 SUNNYVALE ST,DALLAS,3530 SUNNYVALE ST DALLAS
2661 MIDWAY RD,CARROLLTON,2661 MIDWAY RD CARROLLTON
1111 W AIRPORT FWY,IRVING,1111 W AIRPORT FWY IRVING
801 GROSS RD,MESQUITE,801 GROSS RD MESQUITE
3141 BROADWAY BLVD,GARLAND,3141 BROADWAY BLVD GARLAND
410 N HIGHWAY 175,SEAGOVILLE,410 N HIGHWAY 175 SEAGOVILLE
1741 N GALLOWAY AVE,MESQUITE,1741 N GALLOWAY AVE MESQUITE
1290 S LAMAR ST,DALLAS,1290 S LAMAR ST DALLAS
3985 S BELT LINE RD,GRAND PRAIRIE,3985 S BELT LINE RD GRAND PRAIRIE
2550 MIDWAY RD,CARROLLTON,2550 MIDWAY RD CARROLLTON
9804 FERGUSON RD,DALLAS,9804 FERGUSON RD DALLAS
4767 S RL THORNTON,DALLAS,4767 S RL THORNTON DALLAS
350 N BLUEGROVE RD,LANCASTER,350 N BLUEGROVE RD LANCASTER
101 W SIMONDS RD,SEAGOVILLE,101 W SIMONDS RD SEAGOVILLE
2334 W BUCKINGHAM RD,GARLAND,2334 W BUCKINGHAM RD GARLAND
3801 N TOWN EAST BLVD,MESQUITE,3801 N TOWN E BLVD MESQUITE
829 W MILLER RD,GARLAND,829 W MILLER RD GARLAND
10560 CHURCH RD,DALLAS,10560 CHURCH RD DALLAS
2661 MIDWAY RD,CARROLLTON,2661 MIDWAY RD CARROLLTON
4062 LBJ FREEWAY,DALLAS,4062 LBJ FREEWAY DALLAS
3451 N TOWN EAST BLVD,MESQUITE,3451 N TOWN E BLVD MESQUITE
717 E JEFFERSON ST,GRAND PRAIRIE,717 E JEFFERSON ST GRAND PRAIRIE
3246 W WALNUT ST,GARLAND,3246 W WALNUT ST GARLAND
1718 N BELT LINE RD,IRVING,1718 N BELT LINE RD IRVING
2510 MCKINNEY AVE,DALLAS,2510 MCKINNEY AVE DALLAS
2010 S BELT LINE RD,GRAND PRAIRE,2010 S BELT LINE RD GRAND PRAIRE
3415 MALCOLM X BLVD,DALLAS,3415 MALCOLM X BLVD DALLAS
1220 PIONEER RD,MESQUITE,1220 PIONEER RD MESQUITE
2315 GUTHRIE RD,GARLAND,2315 GUTHRIE RD GARLAND
1206 W MAIN ST,GRAND PRAIRIE,1206 W MAIN ST GRAND PRAIRIE
14300 JOSEY LN,DALLAS,14300 JOSEY LN DALLAS
1230 N SAINT AUGUSTINE DR,DALLAS,1230 N SAINT AUGUSTINE DR DALLAS
3341 COUNTRY CLUB DR W,IRVING,3341 COUNTRY CLUB DR W IRVING
2402 GUS THOMASSON RD,DALLAS,2402 GUS THOMASSON RD DALLAS
1221 E BELT LINE RD,DESOTO,1221 E BELT LINE RD DESOTO
509 N GILPIN AVE,DALLAS,509 N GILPIN AVE DALLAS
13207 ESPERANZA RD,DALLAS,13207 ESPERANZA RD DALLAS
5249 BROADWAY BLVD,GARLAND,5249 BROADWAY BLVD GARLAND
2713 LIVE OAK ST,DALLAS,2713 LIVE OAK ST DALLAS
1510 W BURTON RD,MESQUITE,1510 W BURTON RD MESQUITE
2402 W E ROBERTS DR,GRAND PRAIRIE,2402 W E ROBERTS DR GRAND PRAIRIE
2441 W WALNUT ST,GARLAND,2441 W WALNUT ST GARLAND
1121 W 6TH ST,IRVING,1121 W 6TH ST IRVING
1810 W KINGSLEY RD,GARLAND,1810 W KINGSLEY RD GARLAND
1326 W KINGSLEY RD,GARLAND,1326 W KINGSLEY RD GARLAND
14054 N STEMMONS FWY,DALLAS,14054 N STEMMONS FWY DALLAS
2600 S ZANG BLVD,DALLAS,2600 S ZANG BLVD DALLAS
1610 N STATE HIGHWAY 161,GRAND PRAIRIE,1610 N STATE HIGHWAY 161 GRAND PRAIRIE
2112 N O CONNOR RD,IRVING,2112 N O CONNOR RD IRVING
8411 LAKE JUNE RD,DALLAS,8411 LAKE JUNE RD DALLAS
1900 S JOSEY LN,CARROLLTON,1900 S JOSEY LN CARROLLTON
5950 S RL THORNTON FWY,DALLAS,5950 S RL THORNTON FWY DALLAS
1220 N TOWN EAST BLVD,MESQUITE,1220 N TOWN E BLVD MESQUITE
2540 N JOSEY LN,CARROLLTON,2540 N JOSEY LN CARROLLTON
3535 N BELT LINE RD,IRVING,3535 N BELT LINE RD IRVING
470 US HIGHWAY 80,SUNNYVALE,470 US HIGHWAY 80 SUNNYVALE
2332 ROCK ISLAND RD,IRVING,2332 ROCK ISLAND RD IRVING
5614 E R L THORNTON FWY,DALLAS,5614 E R L THORNTON FWY DALLAS
904 E CARTWRIGHT RD,MESQUITE,904 E CARTWRIGHT RD MESQUITE
8505 LAKEVIEW PKWY,ROWLETT,8505 LAKEVIEW PKWY ROWLETT
1530 N HAMPTON RD,DESOTO,1530 N HAMPTON RD DESOTO
4906 N JUPITER RD,GARLAND,4906 N JUPITER RD GARLAND
2216 W SHADY GROVE RD,IRVING,2216 W SHADY GROVE RD IRVING
2120 GREENVILLE AVE,DALLAS,2120 GREENVILLE AVE DALLAS
3206 W TRINITY BLVD,GRAND PRAIRIE,3206 W TRINITY BLVD GRAND PRAIRIE
535 N PLANO RD,GARLAND,535 N PLANO RD GARLAND
2506 S BELT LINE RD,GRAND PRAIRIE,2506 S BELT LINE RD GRAND PRAIRIE
806 W CENTERVILLE RD,GARLAND,806 W CENTERVILLE RD GARLAND
1015 GROSS RD,MESQUITE,1015 GROSS RD MESQUITE
890 S DENTON TAP RD,COPPELL,890 S DENTON TAP RD COPPELL
1702 W MAIN ST,GRAND PRAIRIE,1702 W MAIN ST GRAND PRAIRIE
3460 WEBB CHAPEL EXT,DALLAS,3460 WEBB CHAPEL EXT DALLAS
6500 NORTHWEST DR,MESQUITE,6500 NORTHWEST DR MESQUITE
9666 PLANO RD,DALLAS,9666 PLANO RD DALLAS
3249 FOREST LN,GARLAND,3249 FOREST LN GARLAND
839 N BELT LINE RD,IRVING,839 N BELT LINE RD IRVING
3005 APOLLO RD,GARLAND,3005 APOLLO RD GARLAND
2430 W WALNUT ST,GARLAND,2430 W WALNUT ST GARLAND
10909 WEBB CHAPEL RD,DALLAS,10909 WEBB CHAPEL RD DALLAS
3260 IRVING BLVD,DALLAS,3260 IRVING BLVD DALLAS
4070 N BELT LINE RD,IRVING,4070 N BELT LINE RD IRVING
6418 N JUPITER RD,GARLAND,6418 N JUPITER RD GARLAND
407 N LAMAR ST,DALLAS,407 N LAMAR ST DALLAS
3435 N BELT LINE RD,IRVING,3435 N BELT LINE RD IRVING
2800 N O CONNOR RD,IRVING,2800 N O CONNOR RD IRVING
1546 ROWLETT RD,GARLAND,1546 ROWLETT RD GARLAND
530 NICKENS RD,GARLAND,530 NICKENS RD GARLAND
310 N BARNES DR,GARLAND,310 N BARNES DR GARLAND
3460 W WALNUT ST,GARLAND,3460 W WALNUT ST GARLAND
8020 WOODBRIDGE PKWY,SACHSE,8020 WOODBRIDGE PKWY SACHSE
2390 W. CAMP WISDOM RD,GRAND PRAIRIE,2390 W CAMP WISDOM RD GRAND PRAIRIE
1610 W SCYENE RD,MESQUITE,1610 W SCYENE RD MESQUITE
2320 W MALLOY BRIDGE RD,SEAGOVILLE,2320 W MALLOY BRIDGE RD SEAGOVILLE
1001 N HIGHWAY 175,SEAGOVILLE,1001 N HIGHWAY 175 SEAGOVILLE
3009 N BELT LINE RD,IRVING,3009 N BELT LINE RD IRVING
2175 S TOWN EAST BLVD,MESQUITE,2175 S TOWN E BLVD MESQUITE
4333 W JEFFERSON BLVD,DALLAS,4333 W JEFFERSON BLVD DALLAS
8353 PARK LN,DALLAS,8353 PARK LN DALLAS
1600 MARSH LN,CARROLLTON,1600 MARSH LN CARROLLTON
710 S BELT LINE RD,GRAND PRAIRIE,710 S BELT LINE RD GRAND PRAIRIE
4523 MAPLE AVE,DALLAS,4523 MAPLE AVE DALLAS
3401 SAINT FRANCIS AVE,DALLAS,3401 SAINT FRANCIS AVE DALLAS
970 N COIT RD,RICHARDSON,970 N COIT RD RICHARDSON
1502 E I 30,GARLAND,1502 E I 30 GARLAND
3878 OAK LAWN AVE,DALLAS,3878 OAK LAWN AVE DALLAS
9241 SKILLMAN ST,DALLAS,9241 SKILLMAN ST DALLAS
1101 US 80 FRONTAGE ROAD,MESQUITE,1101 US 80 FRONTAGE RD MESQUITE
301 W MARSHALL DR,GRAND PRAIRIE,301 W MARSHALL DR GRAND PRAIRIE
6875 SHADYBROOK LN,DALLAS,6875 SHADYBROOK LN DALLAS
327 N GREENVILLE AVE,RICHARDSON,327 N GREENVILLE AVE RICHARDSON
1940 MILITARY PKWY,MESQUITE,1940 MILITARY PKWY MESQUITE
1425 E BELT LINE RD,RICHARDSON,1425 E BELT LINE RD RICHARDSON
1240 W BELT LINE RD,DESOTO,1240 W BELT LINE RD DESOTO
1028 W CARTWRIGHT RD,MESQUITE,1028 W CARTWRIGHT RD MESQUITE
2415 S BELT LINE RD,DALLAS,2415 S BELT LINE RD DALLAS
918 E INTERSTATE 30,GARLAND,918 E INTERSTATE 30 GARLAND
2702 VALWOOD PKWY,DALLAS,2702 VALWOOD PKWY DALLAS
4349 W NORTHWEST HWY,DALLAS,4349 W NORTHWEST HWY DALLAS
3025 WEBB CHAPEL EXT,DALLAS,3025 WEBB CHAPEL EXT DALLAS
3434 WEBB CHAPEL EXT,DALLAS,3434 WEBB CHAPEL EXT DALLAS
6923 SCYENE RD,DALLAS,6923 SCYENE RD DALLAS
5003 N O CONNOR RD,IRVING,5003 N O CONNOR RD IRVING
3166 SOUTH HIGHWAY 161,GRAND PRAIRIE,3166 S HIGHWAY 161 GRAND PRAIRIE
342 S SAINT AUGUSTINE DR,DALLAS,342 S SAINT AUGUSTINE DR DALLAS
1746 S CARRIER PKWY,GRAND PRAIRIE,1746 S CARRIER PKWY GRAND PRAIRIE
1428 OATES DR,MESQUITE,1428 OATES DR MESQUITE
10969 N STEMMONS FWY,DALLAS,10969 N STEMMONS FWY DALLAS
2901 S 5TH ST,GARLAND,2901 S 5TH ST GARLAND
4010 S WALTON WALKER BLVD,DALLAS,4010 S WALTON WALKER BLVD DALLAS
730 W BELT LINE RD,DESOTO,730 W BELT LINE RD DESOTO
5362 N GARLAND AVE,GARLAND,5362 N GARLAND AVE GARLAND
2223 SINGLETON BLVD,DALLAS,2223 SINGLETON BLVD DALLAS
2414 E TRINITY MILLS RD,CARROLLTON,2414 E TRINITY MILLS RD CARROLLTON
1105 S WALTON WALKER BLVD,DALLAS,1105 S WALTON WALKER BLVD DALLAS
9241 SKILLMAN ST,DALLAS,9241 SKILLMAN ST DALLAS
7811 KANSAS AVE,DALLAS,7811 KANSAS AVE DALLAS
2020 HIGHWAY 66,GARLAND,2020 HIGHWAY 66 GARLAND
4008 URBAN AVE,DALLAS,4008 URBAN AVE DALLAS
127 E CENTERVILLE RD,GARLAND,127 E CENTERVILLE RD GARLAND
3626 SATURN RD,GARLAND,3626 SATURN RD GARLAND
2014 N JUPITER RD,GARLAND,2014 N JUPITER RD GARLAND
5050 CROZIER ST,DALLAS,5050 CROZIER ST DALLAS
3121 OLYMPUS BLVD,COPPELL,3121 OLYMPUS BLVD COPPELL
106 US HIGHWAY 80 E,MESQUITE,106 US HIGHWAY 80 E MESQUITE
4155 S CARRIER PKWY,GRAND PRAIRIE,4155 S CARRIER PKWY GRAND PRAIRIE
1325 E JEFFERSON ST,GRAND PRAIRIE,1325 E JEFFERSON ST GRAND PRAIRIE
757 E BELT LINE RD,DESOTO,757 E BELT LINE RD DESOTO
4340 GUS THOMASSON RD,MESQUITE,4340 GUS THOMASSON RD MESQUITE
2110 N. TOWN EAST BLVD,MESQUITE,2110 N TOWN E BLVD MESQUITE
2646 S JUPITER RD,GARLAND,2646 S JUPITER RD GARLAND
3405 BROADWAY BLVD,GARLAND,3405 BROADWAY BLVD GARLAND
4902 LAKEVIEW PKWY,ROWLETT,4902 LAKEVIEW PKWY ROWLETT
906 HIGHWAY 66,GARLAND,906 HIGHWAY 66 GARLAND
2101 MOTLEY DR,MESQUITE,2101 MOTLEY DR MESQUITE
8335 WESTCHSTER DR,DALLAS,8335 WESTCHSTER DR DALLAS
1901 E STATE HIGHWAY 356,IRVING,1901 E STATE HIGHWAY 356 IRVING
1800 N GALLOWAY AVE,MESQUITE,1800 N GALLOWAY AVE MESQUITE
609 DAIRY RD,GARLAND,609 DAIRY RD GARLAND
862 BELT LINE RD,GARLAND,862 BELT LINE RD GARLAND
2301 W ROCHELLE RD,IRVING,2301 W ROCHELLE RD IRVING
506 N 1ST ST,GARLAND,506 N 1ST ST GARLAND
555 W AIRPORT FREEWAY,IRVING,555 W AIRPORT FREEWAY IRVING
7995 LYNDON B JOHNSON FWY,DALLAS,7995 LYNDON B JOHNSON FWY DALLAS
2031 N GALLOWAY AVE,MESQUITE,2031 N GALLOWAY AVE MESQUITE
525 W INTERSTATE 30,GARLAND,525 W INTERSTATE 30 GARLAND
5140 N BELT LINE RD,IRVING,5140 N BELT LINE RD IRVING
170 N BECKLEY ST,LANCASTER,170 N BECKLEY ST LANCASTER
3000 NORTHSIDE BLVD,RICHARDSON,3000 NORTHSIDE BLVD RICHARDSON
1807 RANGE DR,MESQUITE,1807 RANGE DR MESQUITE
502 CLAY MATHIS RD,MESQUITE,502 CLAY MATHIS RD MESQUITE
9512 C F HAWN FWY,DALLAS,9512 C F HAWN FWY DALLAS
1007 W PLEASANT RUN RD,LANCASTER,1007 W PLEASANT RUN RD LANCASTER
13619 INWOOD RD,DALLAS,13619 INWOOD RD DALLAS
3051 E MAYFIELD RD,GRAND PRAIRIE,3051 E MAYFIELD RD GRAND PRAIRIE
1017 FORT WORTH ST,GRAND PRAIRIE,1017 FORT WORTH ST GRAND PRAIRIE
5200 GUS THOMASSON RD,MESQUITE,5200 GUS THOMASSON RD MESQUITE
212 HALL RD,SEAGOVILLE,212 HALL RD SEAGOVILLE
770 W LYNDON B JOHNSON FWY,IRVING,770 W LYNDON B JOHNSON FWY IRVING
1012 RIDGEVIEW ST,MESQUITE,1012 RIDGEVIEW ST MESQUITE
2810 N BELT LINE RD,IRVING,2810 N BELT LINE RD IRVING
1920 S BELT LINE RD,DALLAS,1920 S BELT LINE RD DALLAS
1426 S CLARK RD,DUNCANVILLE,1426 S CLARK RD DUNCANVILLE
6935 SCYENE RD,DALLAS,6935 SCYENE RD DALLAS
4901 GUS THOMASSON RD,MESQUITE,4901 GUS THOMASSON RD MESQUITE
634 N CARRIER PKWY,GRAND PRAIRIE,634 N CARRIER PKWY GRAND PRAIRIE
1009 N CARRIER PKWY,GRAND PRAIRIE,1009 N CARRIER PKWY GRAND PRAIRIE
1456 BELT LINE RD,GARLAND,1456 BELT LINE RD GARLAND
401 S BELT LINE RD,GRAND PRAIRIE,401 S BELT LINE RD GRAND PRAIRIE
1701 S BECKLEY RD,GLENN HEIGHTS,1701 S BECKLEY RD GLENN HEIGHTS
3705 S CARRIER PKWY,GRAND PRAIRIE,3705 S CARRIER PKWY GRAND PRAIRIE
727 N HIGHWAY 67,CEDAR HILL,727 N HIGHWAY 67 CEDAR HILL
1040 MAYFIELD RD.,GRAND PRAIRIE,1040 MAYFIELD RD GRAND PRAIRIE
1437 S JUPITER RD,GARLAND,1437 S JUPITER RD GARLAND
3635 N BELT LINE RD,IRVING,3635 N BELT LINE RD IRVING
2445 GOLDFINCH LN,GARLAND,2445 GOLDFINCH LN GARLAND
1935 S JUPITER RD,GARLAND,1935 S JUPITER RD GARLAND
688 W PIONEER PKWY,GRAND PRAIRIE,688 W PIONEER PKWY GRAND PRAIRIE
3555 MURPHY RD,RICHARDSON,3555 MURPHY RD RICHARDSON
2505 LAKEVIEW PKWY,ROWLETT,2505 LAKEVIEW PKWY ROWLETT
1751 N COUNTRY CLUB RD,GARLAND,1751 N COUNTRY CLUB RD GARLAND
3622 N BELT LINE RD,IRVING,3622 N BELT LINE RD IRVING
8455 PARK LN,DALLAS,8455 PARK LN DALLAS
2215 N STORY RD,IRVING,2215 N STORY RD IRVING
5712 SKILLMAN ST,DALLAS,5712 SKILLMAN ST DALLAS
8700 NORTH BELT LINE ROAD,IRVING,8700 N BELT LINE RD IRVING
3011 HARDROCK RD,GRAND PRAIRIE,3011 HARDROCK RD GRAND PRAIRIE
1225 BELT LINE RD,GARLAND,1225 BELT LINE RD GARLAND
14225 COIT RD,DALLAS,14225 COIT RD DALLAS
6434 E MOCKINGBIRD LN,DALLAS,6434 E MOCKINGBIRD LN DALLAS
1430 S CLARK RD,DUNCANVILLE,1430 S CLARK RD DUNCANVILLE
314 S BARNES DR,GARLAND,314 S BARNES DR GARLAND
820 S MACARTHUR BLVD,COPPELL,820 S MACARTHUR BLVD COPPELL
3116 S 1ST ST,GARLAND,3116 S 1ST ST GARLAND
310 W HIGHWAY 67,DUNCANVILLE,310 W HIGHWAY 67 DUNCANVILLE
1950 N BELT LINE RD,IRVING,1950 N BELT LINE RD IRVING
1401 NORTHWEST HWY,GARLAND,1401 NORTHWEST HWY GARLAND
521 S BUCKNER BLVD,DALLAS,521 S BUCKNER BLVD DALLAS
1101 N COUNTRY CLUB RD,GARLAND,1101 N COUNTRY CLUB RD GARLAND
444 W I 20,GRAND PRAIRIE,444 W I 20 GRAND PRAIRIE
3301 FT WORTH AVENUE,DALLAS,3301 FT WORTH AVE DALLAS
867 N DUNCANVILLE RD,DUNCANVILLE,867 N DUNCANVILLE RD DUNCANVILLE
455 N FREEPORT PKWY,COPPELL,455 N FREEPORT PKWY COPPELL
1313 N JIM MILLER RD,DALLAS,1313 N JIM MILLER RD DALLAS
4018 N JUPITER RD,GARLAND,4018 N JUPITER RD GARLAND
8375 N BELT LINE RD,IRVING,8375 N BELT LINE RD IRVING
1422 W KINGSLEY RD,GARLAND,1422 W KINGSLEY RD GARLAND
1621 S JUPITER RD,GARLAND,1621 S JUPITER RD GARLAND
1135 GROSS RD,MESQUITE,1135 GROSS RD MESQUITE
210 E FM,CEDAR HILL,210 E FM CEDAR HILL
4205 LYNDON B JOHNSON FWY,DALLAS,4205 LYNDON B JOHNSON FWY DALLAS
3706 CHEYENNE ST,IRVING,3706 CHEYENNE ST IRVING
2476 ARAPAHO RD,GARLAND,2476 ARAPAHO RD GARLAND
4751 N BELT LINE RD,MESQUITE,4751 N BELT LINE RD MESQUITE
2500 S CARRIER PKWY,GRAND PRAIRIE,2500 S CARRIER PKWY GRAND PRAIRIE
995 W BELT LINE RD,LANCASTER,995 W BELT LINE RD LANCASTER
3102 W CAMP WISDOM RD,DALLAS,3102 W CAMP WISDOM RD DALLAS
2854 W DAVIS ST,DALLAS,2854 W DAVIS ST DALLAS
3374 LAKEVIEW PKWY,ROWLETT,3374 LAKEVIEW PKWY ROWLETT
3228 MILITARY PKWY,MESQUITE,3228 MILITARY PKWY MESQUITE
200 N HIGHWAY 175,SEAGOVILLE,200 N HIGHWAY 175 SEAGOVILLE
1112 N JOSEY LN,CARROLLTON,1112 N JOSEY LN CARROLLTON
3021 BIG TOWN BLVD,MESQUITE,3021 BIG TOWN BLVD MESQUITE
4010 S BELT LINE RD,GRAND PRAIRIE,4010 S BELT LINE RD GRAND PRAIRIE
1220 E DAVIS ST,MESQUITE,1220 E DAVIS ST MESQUITE
8405 PARK LN,DALLAS,8405 PARK LN DALLAS
605 S SHERMAN,RICHARDSON,605 S SHERMAN RICHARDSON
801 E INTERSTATE 30,GARLAND,801 E INTERSTATE 30 GARLAND
1205 W TRINITY MILLS RD,CARROLLTON,1205 W TRINITY MILLS RD CARROLLTON
3921 W AIRPORT FWY,IRVING,3921 W AIRPORT FWY IRVING
520 N O CONNOR RD,IRVING,520 N O CONNOR RD IRVING
2990 OLIVE ST,DALLAS,2990 OLIVE ST DALLAS
4295 S BELT LINE RD,BALCH SPRINGS,4295 S BELT LINE RD BALCH SPRINGS
520 N JUPITER RD,GARLAND,520 N JUPITER RD GARLAND
4219 GASTON AVE,DALLAS,4219 GASTON AVE DALLAS
2760 E TRINITY MILLS RD,CARROLLTON,2760 E TRINITY MILLS RD CARROLLTON
14300 MONTFORT DR,DALLAS,14300 MONTFORT DR DALLAS
1518 NORTHWEST HWY,GARLAND,1518 NORTHWEST HWY GARLAND
2029 E STATE HIGHWAY 356,IRVING,2029 E STATE HIGHWAY 356 IRVING
106 N DENTON TAP RD,COPPELL,106 N DENTON TAP RD COPPELL
925 N BELT LINE RD,GRAND PRAIRIE,925 N BELT LINE RD GRAND PRAIRIE
937 BARNES BRIDGE RD,MESQUITE,937 BARNES BRIDGE RD MESQUITE
2063 TOWN EAST MALL,MESQUITE,2063 TOWN E MALL MESQUITE
1712 W SCYENE RD,MESQUITE,1712 W SCYENE RD MESQUITE
100 N HIGHWAY 67,CEDAR HILL,100 N HIGHWAY 67 CEDAR HILL
3008 N BELT LINE RD,IRVING,3008 N BELT LINE RD IRVING
3520 W KINGSLEY RD,GARLAND,3520 W KINGSLEY RD GARLAND
3182 STATE HWY 161,GRAND PRAIRIE,3182 STATE HWY 161 GRAND PRAIRIE
4503 GUS THOMASSON RD,MESQUITE,4503 GUS THOMASSON RD MESQUITE
4418 S MARSALIS AVE,DALLAS,4418 S MARSALIS AVE DALLAS
3000 S BELT LINE RD,BALCH SPRINGS,3000 S BELT LINE RD BALCH SPRINGS
3527 US HIGHWAY 80 E,MESQUITE,3527 US HIGHWAY 80 E MESQUITE
4411 W JEFFERSON BLVD,DALLAS,4411 W JEFFERSON BLVD DALLAS
4054 BOBTOWN RD,GARLAND,4054 BOBTOWN RD GARLAND
1815 S 1ST ST,GARLAND,1815 S 1ST ST GARLAND
4334 SATURN RD,GARLAND,4334 SATURN RD GARLAND
10120 E NORTHWEST HWY,DALLAS,10120 E NORTHWEST HWY DALLAS
2220 MARSH LN,CARROLLTON,2220 MARSH LN CARROLLTON
4505 LASATER RD,MESQUITE,4505 LASATER RD MESQUITE
4466 S MARSALIS AVE,DALLAS,4466 S MARSALIS AVE DALLAS
1915 S STORY RD,IRVING,1915 S STORY RD IRVING
19153 LYNDON B JOHNSON FWY,MESQUITE,19153 LYNDON B JOHNSON FWY MESQUITE
400 S DENTON TAP RD,COPPELL,400 S DENTON TAP RD COPPELL
1235 S. JOSEY LN,CARROLLTON,1235 S JOSEY LN CARROLLTON
13995 MIDWAY RD,DALLAS,13995 MIDWAY RD DALLAS
104 W SHADY GROVE RD,GRAND PRAIRIE,104 W SHADY GROVE RD GRAND PRAIRIE
2662 N JOSEY LN,CARROLLTON,2662 N JOSEY LN CARROLLTON
108 US HIGHWAY 80 E,MESQUITE,108 US HIGHWAY 80 E MESQUITE
3785 BOBTOWN RD,GARLAND,3785 BOBTOWN RD GARLAND
1916 WALNUT PLZ,CARROLLTON,1916 WALNUT PLZ CARROLLTON
1423B N BELT LINE RD,IRVING,1423B N BELT LINE RD IRVING
1851 W TRINITY BLVD,GRAND PRAIRIE,1851 W TRINITY BLVD GRAND PRAIRIE
5455 N JIM MILLER RD,DALLAS,5455 N JIM MILLER RD DALLAS
2014 N JUPITER RD,GARLAND,2014 N JUPITER RD GARLAND
3925 BROADWAY BLVD,GARLAND,3925 BROADWAY BLVD GARLAND
24315 LYNDON B JOHNSON FWY,BALCH SPRINGS,24315 LYNDON B JOHNSON FWY BALCH SPRINGS
1343 W CAMPBELL RD,RICHARDSON,1343 W CAMPBELL RD RICHARDSON
6535 DUCK CREEK DR,GARLAND,6535 DUCK CREEK DR GARLAND
1717 NORTHWEST HWY,GARLAND,1717 NORTHWEST HWY GARLAND
3460 N TOWN E BLVD,MESQUITE,3460 N TOWN E BLVD MESQUITE
101 S INTERSTATE 45 SERVICE RD,HUTCHINS,101 S INTERSTATE 45 SERVICE RD HUTCHINS
7810 HWY. 78,SACHSE,7810 HWY 78 SACHSE
2604 TOWNE CENTRE DR,MESQUITE,2604 TOWNE CENTRE DR MESQUITE
3080 S JUPITER RD,GARLAND,3080 S JUPITER RD GARLAND
2963 BELLE STARR DR,DALLAS,2963 BELLE STARR DR DALLAS
600 E MALLOY BRIDGE RD,SEAGOVILLE,600 E MALLOY BRIDGE RD SEAGOVILLE
1805 W CAMPBELL RD,GARLAND,1805 W CAMPBELL RD GARLAND
701 MACARTHUR BLVD,GRAND PRAIRIE,701 MACARTHUR BLVD GRAND PRAIRIE
3502 S CARRIER PKWY,GRAND PRAIRIE,3502 S CARRIER PKWY GRAND PRAIRIE
8509 LAKEVIEW PKWY,ROWLETT,8509 LAKEVIEW PKWY ROWLETT
7047 BRUTON RD,DALLAS,7047 BRUTON RD DALLAS
3700 INTERSTATE 30,MESQUITE,3700 INTERSTATE 30 MESQUITE
3101 SATURN RD,GARLAND,3101 SATURN RD GARLAND
9199 BURTON RD,DALLAS,9199 BURTON RD DALLAS
2417 W AIRPORT FWY,IRVING,2417 W AIRPORT FWY IRVING
2615 W PIONEER PKWY,GRAND PRAIRIE,2615 W PIONEER PKWY GRAND PRAIRIE
3321 W WALNUT HILL LN,IRVING,3321 W WALNUT HILL LN IRVING
9648 OVERLAKE DR,DALLAS,9648 OVERLAKE DR DALLAS
4550 GUS THOMASSON RD,MESQUITE,4550 GUS THOMASSON RD MESQUITE
3000 N BELT LINE RD,IRVING,3000 N BELT LINE RD IRVING
1700 W BRUTON RD,BALCH SPRINGS,1700 W BRUTON RD BALCH SPRINGS
1402 N STATE HIGHWAY 161,GRAND PRAIRIE,1402 N STATE HIGHWAY 161 GRAND PRAIRIE
775 W BUCKINGHAM RD,GARLAND,775 W BUCKINGHAM RD GARLAND
5013 SATURN RD,GARLAND,5013 SATURN RD GARLAND
2803 N MACARTHUR BLVD,IRVING,2803 N MACARTHUR BLVD IRVING
1330 W MILLER RD,GARLAND,1330 W MILLER RD GARLAND
109 N LYNDALYN AVE,DESOTO,109 N LYNDALYN AVE DESOTO
1816 N GALLOWAY AVE,MESQUITE,1816 N GALLOWAY AVE MESQUITE
7051 MURPHY RD,GARLAND,7051 MURPHY RD GARLAND
535 W. AIRPORT FREEWAY,IRVING,535 W AIRPORT FREEWAY IRVING
768 W MAIN ST,COPPELL,768 W MAIN ST COPPELL
2602 W WALNUT ST,GARLAND,2602 W WALNUT ST GARLAND
6887 SHADYBROOK LN,DALLAS,6887 SHADYBROOK LN DALLAS
9501 FOREST LN,DALLAS,9501 FOREST LN DALLAS
2310 W ILLINOIS AVE,DALLAS,2310 W ILLINOIS AVE DALLAS
3301 GUS THOMASSON RD,MESQUITE,3301 GUS THOMASSON RD MESQUITE
1610 S WESTMORELAND RD,DALLAS,1610 S WESTMORELAND RD DALLAS
333 S SAINT AUGUSTINE DR,DALLAS,333 S SAINT AUGUSTINE DR DALLAS
1638 S 1ST ST,GARLAND,1638 S 1ST ST GARLAND
9780 LYNDON B JOHNSON FWY,DALLAS,9780 LYNDON B JOHNSON FWY DALLAS
1919 BRYAN ST,DALLAS,1919 BRYAN ST DALLAS
1406 E OVERTON RD,DALLAS,1406 E OVERTON RD DALLAS
9820 WALNUT ST,DALLAS,9820 WALNUT ST DALLAS
1550 N INTERSTATE 35 E,LANCASTER,1550 N INTERSTATE 35 E LANCASTER
3640 GUS THOMASSON RD,MESQUITE,3640 GUS THOMASSON RD MESQUITE
2128 SW 3RD ST,GRAND PRAIRIE,2128 SW 3RD ST GRAND PRAIRIE
3308 W KIEST BLVD,DALLAS,3308 W KIEST BLVD DALLAS
951 S BELT LINE RD,DALLAS,951 S BELT LINE RD DALLAS
2506 W PARMER LN,IRVING,2506 W PARMER LN IRVING
13115 N STEMMONS FWY,DALLAS,13115 N STEMMONS FWY DALLAS
1301 E BELT LINE RD,COPPELL,1301 E BELT LINE RD COPPELL
3214 FALLS DR,DALLAS,3214 FALLS DR DALLAS
13523 MONTFORT PL,DALLAS,13523 MONTFORT PL DALLAS
429 W INTERSTATE 30,GARLAND,429 W INTERSTATE 30 GARLAND
4100 DEZAVALA RD.,SAN ANTONIO,4100 DEZAVALA RD SAN ANTONIO
3710 BELT LINE RD,ADDISON,3710 BELT LINE RD ADDISON
105 E SANER AVE,DALLAS,105 E SANER AVE DALLAS
1129 E JEFFERSON ST,GRAND PRAIRIE,1129 E JEFFERSON ST GRAND PRAIRIE
820 E CARTWRIGHT RD,MESQUITE,820 E CARTWRIGHT RD MESQUITE
4002 N BELT LINE RD,IRVING,4002 N BELT LINE RD IRVING
5626 ALPHA RD,DALLAS,5626 ALPHA RD DALLAS
5530 COLUMBIA AVE,DALLAS,5530 COLUMBIA AVE DALLAS
112 N. COLLETT AVE,DALLAS,112 N COLLETT AVE DALLAS
4460 W WALNUT ST,GARLAND,4460 W WALNUT ST GARLAND
10690 WALNUT HILL LN,DALLAS,10690 WALNUT HILL LN DALLAS
901 W MILLER RD,GARLAND,901 W MILLER RD GARLAND
2106 N GALLOWAY AVE,MESQUITE,2106 N GALLOWAY AVE MESQUITE
1713 S BELT LINE RD,GRAND PRAIRIE,1713 S BELT LINE RD GRAND PRAIRIE
3622 W JEFFERSON BLVD,DALLAS,3622 W JEFFERSON BLVD DALLAS
2817 N HIGHWAY 175,SEAGOVILLE,2817 N HIGHWAY 175 SEAGOVILLE
447 E HIGHWAY 67,DUNCANVILLE,447 E HIGHWAY 67 DUNCANVILLE
8151 WALTON BLVD,IRVING,8151 WALTON BLVD IRVING
2129 ABRAMS RD,DALLAS,2129 ABRAMS RD DALLAS
110 W SANDY LAKE RD,COPPELL,110 W SANDY LAKE RD COPPELL
2537 VALLEY VIEW LN,DALLAS,2537 VALLEY VIEW LN DALLAS
2820 WALNUT HILL LN,DALLAS,2820 WALNUT HILL LN DALLAS
215 S CENTER ST,GRAND PRAIRIE,215 S CENTER ST GRAND PRAIRIE
2433 PARKCREST DR,GARLAND,2433 PARKCREST DR GARLAND
500 N. GALLOWAY ST.,MESQUITE,500 N GALLOWAY ST MESQUITE
4400 BASS PRO DR,GARLAND,4400 BASS PRO DR GARLAND
828 S GALLOWAY AVE,MESQUITE,828 S GALLOWAY AVE MESQUITE
2314 W ILLINOIS AVE,DALLAS,2314 W ILLINOIS AVE DALLAS
9211 SCYENE RD.,DALLAS,9211 SCYENE RD DALLAS
201 E BELT LINE RD,DESOTO,201 E BELT LINE RD DESOTO
13010 SPRING OAK DR,BALCH SPRINGS,13010 SPRING OAK DR BALCH SPRINGS
1433 S BELT LINE RD,MESQUITE,1433 S BELT LINE RD MESQUITE
820 S BELT LINE RD,IRVING,820 S BELT LINE RD IRVING
4125 N WESTMORELAND RD,DALLAS,4125 N WESTMORELAND RD DALLAS
6411 GREAT TRINITY FOREST WAY,DALLAS,6411 GREAT TRINITY FOREST WAY DALLAS
224 S COLLINS RD,SUNNYVALE,224 S COLLINS RD SUNNYVALE
3501 FOREST LN,GARLAND,3501 FOREST LN GARLAND
3425 FOREST LN,GARLAND,3425 FOREST LN GARLAND
1450 OLD GATE LN,DALLAS,1450 OLD GATE LN DALLAS
7750 BONNIE VIEW RD,DALLAS,7750 BONNIE VIEW RD DALLAS
104 S INTERSTATE HIGHWAY 45,WILMER,104 S INTERSTATE HIGHWAY 45 WILMER
1066 PIONEER RD,MESQUITE,1066 PIONEER RD MESQUITE
1031 E PLEASANT RUN RD,DE SOTO,1031 E PLEASANT RUN RD DE SOTO
917 SW 3RD ST,GRAND PRAIRIE,917 SW 3RD ST GRAND PRAIRIE
3502 S LANCASTER RD,DALLAS,3502 S LANCASTER RD DALLAS
3645 FOREST LN,DALLAS,3645 FOREST LN DALLAS
3116 AL LIPSCOMB WAY,DALLAS,3116 AL LIPSCOMB WAY DALLAS
1643 S HAMPTON RD,GLENN HEIGHTS,1643 S HAMPTON RD GLENN HEIGHTS
911 E DAVIS ST,MESQUITE,911 E DAVIS ST MESQUITE
8361 PARK LN,DALLAS,8361 PARK LN DALLAS
3330 N. GALLOWAY AVE.,MESQUITE,3330 N GALLOWAY AVE MESQUITE
2220 N TOWN EAST BLVD,MESQUITE,2220 N TOWN E BLVD MESQUITE
1910 S JUPITER RD,GARLAND,1910 S JUPITER RD GARLAND
13329 MONTFORT DR,DALLAS,13329 MONTFORT DR DALLAS
3443 W CAMPBELL RD,GARLAND,3443 W CAMPBELL RD GARLAND
4070 N BELT LINE RD,IRVING,4070 N BELT LINE RD IRVING
102 S BELT LINE RD,DALLAS,102 S BELT LINE RD DALLAS
120 S DENTON TAP RD,COPPELL,120 S DENTON TAP RD COPPELL
5338 LINDSLEY AVE,DALLAS,5338 LINDSLEY AVE DALLAS
4202 S WESTMORELAND RD,DALLAS,4202 S WESTMORELAND RD DALLAS
1003 HILL ST,GRAND PRAIRIE,1003 HILL ST GRAND PRAIRIE
901 BELT LINE RD,GARLAND,901 BELT LINE RD GARLAND
4301 SATURN RD,GARLAND,4301 SATURN RD GARLAND
4865 SUNNYVALE ST,DALLAS,4865 SUNNYVALE ST DALLAS
601 PIONEER RD,MESQUITE,601 PIONEER RD MESQUITE
8300 LA PRADA DR,DALLAS,8300 LA PRADA DR DALLAS
1701 S BELT LINE RD,GRAND PRAIRIE,1701 S BELT LINE RD GRAND PRAIRIE
STATE HWY 161 & LAS COLINAS BLVD,IRVING,STATE HWY 161 & LAS COLINAS BLVD IRVING
3211 S LANCASTER RD,DALLAS,3211 S LANCASTER RD DALLAS
2145 N JOSEY LN,CARROLLTON,2145 N JOSEY LN CARROLLTON
4330 GANNON LN,DALLAS,4330 GANNON LN DALLAS
427 N TOWN EAST BLVD,MESQUITE,427 N TOWN E BLVD MESQUITE
1900 W SCYENE RD,MESQUITE,1900 W SCYENE RD MESQUITE
5335 BROADWAY BLVD,GARLAND,5335 BROADWAY BLVD GARLAND
4750 N JUPITER RD,GARLAND,4750 N JUPITER RD GARLAND
4005 S BELT LINE RD,GRAND PRAIRIE,4005 S BELT LINE RD GRAND PRAIRIE
9658 PLANO RD,DALLAS,9658 PLANO RD DALLAS
1839 KINGS CROSS DR,LANCASTER,1839 KINGS CROSS DR LANCASTER
1033 SW 3RD ST,GRAND PRAIRIE,1033 SW 3RD ST GRAND PRAIRIE
7201 STATE HIGHWAY 161,IRVING,7201 STATE HIGHWAY 161 IRVING
14444 DALLAS PKWY,DALLAS,14444 DALLAS PKWY DALLAS
3501 LAKEVIEW PKWY,ROWLETT,3501 LAKEVIEW PKWY ROWLETT
2711 MCKINNEY AVE,DALLAS,2711 MCKINNEY AVE DALLAS
3321 S GARLAND AVE,GARLAND,3321 S GARLAND AVE GARLAND
2400 N GALLOWAY AVE,MESQUITE,2400 N GALLOWAY AVE MESQUITE
501 E INTERSTATE 30,GARLAND,501 E INTERSTATE 30 GARLAND
5550 N PRESIDENT GEORGE BUSH HWY,SACHSE,5550 N PRESIDENT GEORGE BUSH HWY SACHSE
3046 FOREST LN STE B,DALLAS,3046 FOREST LN STE B DALLAS
6421 RIVERSIDE DR STE 110,IRVING,6421 RIVERSIDE DR STE 110 IRVING
6906 SNIDER PLZ,DALLAS,6906 SNIDER PLZ DALLAS
2615 OAK LAWN AVE STE 110,DALLAS,2615 OAK LAWN AVE STE 110 DALLAS
4136 S CARRIER PKWY STE 350,GRAND PRAIRIE,4136 S CARRIER PKWY STE 350 GRAND PRAIRIE
757 LAKE CAROLYN PKWY APT 1235,IRVING,757 LAKE CAROLYN PKWY APT 1235 IRVING
2645 ARAPAHO ROAD,GARLAND,2645 ARAPAHO RD GARLAND
4928 COLUMBIA AVE,DALLAS,4928 COLUMBIA AVE DALLAS
4653 NALL RD STE F2,FARMERS BRANCH,4653 NALL RD STE F2 FARMERS BRANCH
222 N STORY RD STE 118,IRVING,222 N STORY RD STE 118 IRVING
9410 WALNUT ST STE 102,DALLAS,9410 WALNUT ST STE 102 DALLAS
2220 MARSH LN STE 100,CARROLLTON,2220 MARSH LN STE 100 CARROLLTON
1150 W KIEST BLVD STE 201,DALLAS,1150 W KIEST BLVD STE 201 DALLAS
11206 LAKE JUNE RD STE E,BALCH SPRINGS,11206 LAKE JUNE RD STE E BALCH SPRINGS
1235 S JOSEY LN,CARROLLTON,1235 S JOSEY LN CARROLLTON
801 W PALESTINE ST # 106,HUTCHINS,801 W PALESTINE ST 106 HUTCHINS
6214 SAMUELL BLVD,DALLAS,6214 SAMUELL BLVD DALLAS
13260 JOSEY LN STE 117,FARMERS BRANCH,13260 JOSEY LN STE 117 FARMERS BRANCH
1515 N TOWN EAST BLVD STE 121,MESQUITE,1515 N TOWN E BLVD STE 121 MESQUITE
3300 SHEPHERD LN STE A,BALCH SPRINGS,3300 SHEPHERD LN STE A BALCH SPRINGS
518 W ARAPAHO RD STE B103,RICHARDSON,518 W ARAPAHO RD STE B103 RICHARDSON
5250 N OCONNOR BLVD STE 140,IRVING,5250 N OCONNOR BLVD STE 140 IRVING
11306 LYNDON B JOHNSON FWY STE 100,DALLAS,11306 LYNDON B JOHNSON FWY STE 100 DALLAS
712 S WALTON WALKER BLVD STE 1-D,DALLAS,712 S WALTON WALKER BLVD STE 1-D DALLAS
2441 W WALNUT ST STE 225,GARLAND,2441 W WALNUT ST STE 225 GARLAND
797 N GROVE RD STE 105,RICHARDSON,797 N GROVE RD STE 105 RICHARDSON
2611 S LANCASTER RD,DALLAS,2611 S LANCASTER RD DALLAS
4413 W WALNUT ST STE 309,GARLAND,4413 W WALNUT ST STE 309 GARLAND
460 N LAMAR ST # 300,DALLAS,460 N LAMAR ST 300 DALLAS
1133 N ZANG BLVD STE 105,DALLAS,1133 N ZANG BLVD STE 105 DALLAS
2601 ARAPAHO RD,GARLAND,2601 ARAPAHO RD GARLAND
1308 E BEAR CREEK RD STE 270,GLENN HEIGHTS,1308 E BEAR CREEK RD STE 270 GLENN HEIGHTS
1551 E SPRING VALLEY RD STE 135,RICHARDSON,1551 E SPRING VALLEY RD STE 135 RICHARDSON
3724 SAMUELL BLVD,DALLAS,3724 SAMUELL BLVD DALLAS
4218 W LOVERS LN,DALLAS,4218 W LOVERS LN DALLAS
1445 ROSS AVE STE B101,DALLAS,1445 ROSS AVE STE B101 DALLAS
117 S CENTRAL EXPY,RICHARDSON,117 S CENTRAL EXPY RICHARDSON
606 VALENCIA ST,DALLAS,606 VALENCIA ST DALLAS
2800 S BECKLEY AVE,DALLAS,2800 S BECKLEY AVE DALLAS
6045 SHERRY LN,DALLAS,6045 SHERRY LN DALLAS
11422 HARRY HINES BLVD STE 210,DALLAS,11422 HARRY HINES BLVD STE 210 DALLAS
6909 ROWLETT RD STE 104,ROWLETT,6909 ROWLETT RD STE 104 ROWLETT
2434 BELT LINE RD,GARLAND,2434 BELT LINE RD GARLAND
10788 HARRY HINES BLVD STE A12,DALLAS,10788 HARRY HINES BLVD STE A12 DALLAS
13410 PRESTON RD STE A,DALLAS,13410 PRESTON RD STE A DALLAS
7170 SKILLMAN ST STE 140,DALLAS,7170 SKILLMAN ST STE 140 DALLAS
1919 BRYAN ST STE 102,DALLAS,1919 BRYAN ST STE 102 DALLAS
4550 GUS THOMASSON RD STE 62,MESQUITE,4550 GUS THOMASSON RD STE 62 MESQUITE
5923 GREENVILLE AVE,DALLAS,5923 GREENVILLE AVE DALLAS
842 BELT LINE RD,GARLAND,842 BELT LINE RD GARLAND
327 S CADIZ,DALLAS,327 S CADIZ DALLAS
209 S ROGERS RD,IRVING,209 S ROGERS RD IRVING
2439 VALWOOD PKWY,FARMERS BRANCH,2439 VALWOOD PKWY FARMERS BRANCH
1045 MAJORS DR,MESQUITE,1045 MAJORS DR MESQUITE
406 N CARRIER PKWY,GRAND PRAIRIE,406 N CARRIER PKWY GRAND PRAIRIE
11453 HARRY HINES BLVD STE 100,DALLAS,11453 HARRY HINES BLVD STE 100 DALLAS
2121 W ROCHELLE RD STE 105,IRVING,2121 W ROCHELLE RD STE 105 IRVING
495 W ILLINOIS AVE,DALLAS,495 W ILLINOIS AVE DALLAS
3405 HIGH PRAIRIE RD,GRAND PRAIRIE,3405 HIGH PRAIRIE RD GRAND PRAIRIE
635 W CAMPBELL RD STE 200,RICHARDSON,635 W CAMPBELL RD STE 200 RICHARDSON
2926 N BELT LINE RD,IRVING,2926 N BELT LINE RD IRVING
489 E FM 1382,CEDAR HILL,489 E FM 1382 CEDAR HILL
2210 W MAIN ST STE 102,GRAND PRAIRIE,2210 W MAIN ST STE 102 GRAND PRAIRIE
2042 TOWN EAST MALL,MESQUITE,2042 TOWN E MALL MESQUITE
210 N KAUFMAN ST STE C,SEAGOVILLE,210 N KAUFMAN ST STE C SEAGOVILLE
12209 LAKE JUNE RD,MESQUITE,12209 LAKE JUNE RD MESQUITE
9850 WALNUT HILL LN STE 224,DALLAS,9850 WALNUT HILL LN STE 224 DALLAS
4203 LINDBERGH DR,ADDISON,4203 LINDBERGH DR ADDISON
1000 S ROYAL LANE,COPPELL,1000 S ROYAL LN COPPELL
1100 E PLEASANT RUN RD STE 133,DESOTO,1100 E PLEASANT RUN RD STE 133 DESOTO
195 HISTORIC TOWN SQ,LANCASTER,195 HISTORIC TOWN SQ LANCASTER
2000 OLD DENTON RD STE 104,CARROLLTON,2000 OLD DENTON RD STE 104 CARROLLTON
7000 SNIDER PLZ,UNIVERSITY PARK,7000 SNIDER PLZ UNIVERSITY PARK
9430 LARGA DR STE 101,DALLAS,9430 LARGA DR STE 101 DALLAS
500 MAIN ST STE 2,GARLAND,500 MAIN ST STE 2 GARLAND
2101 CEDAR SPRINGS RD STE 160,DALLAS,2101 CEDAR SPRINGS RD STE 160 DALLAS
1927 E BELT LINE RD STE 136,CARROLLTON,1927 E BELT LINE RD STE 136 CARROLLTON
317 WESTCHASE DR,GRAND PRAIRIE,317 WESTCHASE DR GRAND PRAIRIE
4781 N BELT LINE RD,MESQUITE,4781 N BELT LINE RD MESQUITE
2642 MAIN ST STE 150,DALLAS,2642 MAIN ST STE 150 DALLAS
12175 GARLAND RD,DALLAS,12175 GARLAND RD DALLAS
3225 FOREST LN,GARLAND,3225 FOREST LN GARLAND
2702 S BUCKNER BLVD STE 130,DALLAS,2702 S BUCKNER BLVD STE 130 DALLAS
3347 W WALNUT ST # 268,GARLAND,3347 W WALNUT ST 268 GARLAND
2411 N GALLOWAY AVE STE 125,MESQUITE,2411 N GALLOWAY AVE STE 125 MESQUITE
2150 N JOSEY LN STE 324,CARROLLTON,2150 N JOSEY LN STE 324 CARROLLTON
4515 ELECTRA ST,DALLAS,4515 ELECTRA ST DALLAS
505 AIRLINE DR,COPPELL,505 AIRLINE DR COPPELL
700 N PEARL ST STE H204,DALLAS,700 N PEARL ST STE H204 DALLAS
1613 SKYLINE DR,GARLAND,1613 SKYLINE DR GARLAND
1017 FORT WORTH ST STE 600,GRAND PRAIRIE,1017 FORT WORTH ST STE 600 GRAND PRAIRIE
4216 ABRAMS RD,DALLAS,4216 ABRAMS RD DALLAS
1340 CENTERVILLE RD,DALLAS,1340 CENTERVILLE RD DALLAS
1827 N GALLOWAY AVE,MESQUITE,1827 N GALLOWAY AVE MESQUITE
10911 DENNIS RD STE 407,DALLAS,10911 DENNIS RD STE 407 DALLAS
6419 SKILLMAN ST # T1784,DALLAS,6419 SKILLMAN ST T1784 DALLAS
2301 DOTY LN,BALCH SPRINGS,2301 DOTY LN BALCH SPRINGS
2007 SATURN RD,GARLAND,2007 SATURN RD GARLAND
10190 FOREST LN STE 175,DALLAS,10190 FOREST LN STE 175 DALLAS
2025 FORT WORTH AVE,DALLAS,2025 FORT WORTH AVE DALLAS
1231 E PLEASANT RUN RD STE 114,DESOTO,1231 E PLEASANT RUN RD STE 114 DESOTO
1450 W PLEASANT RUN RD STE 200,LANCASTER,1450 W PLEASANT RUN RD STE 200 LANCASTER
2001 W NORTHWEST HWY STE 120,DALLAS,2001 W NORTHWEST HWY STE 120 DALLAS
3021 LOMBARDY LN # 104,DALLAS,3021 LOMBARDY LN 104 DALLAS
6464 E NORTHWEST HWY STE 326,DALLAS,6464 E NORTHWEST HWY STE 326 DALLAS
611 S HAMPTON RD,DALLAS,611 S HAMPTON RD DALLAS
3230 E MAIN ST,GRAND PRAIRIE,3230 E MAIN ST GRAND PRAIRIE
7047 TWIN HILLS AVE STE 125,DALLAS,7047 TWIN HILLS AVE STE 125 DALLAS
1213 MARKET PL,IRVING,1213 MARKET PL IRVING
1930 S BECKLEY AVE STE A,DALLAS,1930 S BECKLEY AVE STE A DALLAS
1111 W AIRPORT FWY STE 121,IRVING,1111 W AIRPORT FWY STE 121 IRVING
840 E BELT LINE RD,CEDAR HILL,840 E BELT LINE RD CEDAR HILL
1422 W KINGSLEY RD STE 100,GARLAND,1422 W KINGSLEY RD STE 100 GARLAND
1016 W TRINITY MILLS RD STE 208,CARROLLTON,1016 W TRINITY MILLS RD STE 208 CARROLLTON
1207 S MACARTHUR BLVD,IRVING,1207 S MACARTHUR BLVD IRVING
3343 COUNTRY CLUB DR W,IRVING,3343 COUNTRY CLUB DR W IRVING
565 W OATES RD STE 115,GARLAND,565 W OATES RD STE 115 GARLAND
1300 E BELT LINE RD,CARROLLTON,1300 E BELT LINE RD CARROLLTON
4460 W WALNUT ST STE 108,GARLAND,4460 W WALNUT ST STE 108 GARLAND
8600 N MACARTHUR BLVD # 100102,IRVING,8600 N MACARTHUR BLVD 100102 IRVING
213 LANE ST,MESQUITE,213 LN ST MESQUITE
11055 DENNIS RD STE 3,DALLAS,11055 DENNIS RD STE 3 DALLAS
510 S CARRIER PKWY STE 141,GRAND PRAIRIE,510 S CARRIER PKWY STE 141 GRAND PRAIRIE
1608 S 5TH ST,GARLAND,1608 S 5TH ST GARLAND
3117 S 1ST ST,GARLAND,3117 S 1ST ST GARLAND
9220 SKILLMAN ST STE 105,DALLAS,9220 SKILLMAN ST STE 105 DALLAS
2425 W WALNUT ST STE 200,GARLAND,2425 W WALNUT ST STE 200 GARLAND
1017 FORT WORTH ST STE 550,GRAND PRAIRIE,1017 FORT WORTH ST STE 550 GRAND PRAIRIE
125 SUMMER PLACE DR,COPPELL,125 SUMMER PLACE DR COPPELL
1308 E BEAR CREEK RD STE 130,GLENN HEIGHTS,1308 E BEAR CREEK RD STE 130 GLENN HEIGHTS
901 MAIN ST STE C128,DALLAS,901 MAIN ST STE C128 DALLAS
2419 W ILLINOIS AVE,DALLAS,2419 W ILLINOIS AVE DALLAS
10045 N MACARTHUR BLVD STE 109,IRVING,10045 N MACARTHUR BLVD STE 109 IRVING
5011 MILITARY PKWY STE B,DALLAS,5011 MILITARY PKWY STE B DALLAS
410 N INTERSTATE 45 SERVICE RD STE A,HUTCHINS,410 N INTERSTATE 45 SERVICE RD STE A HUTCHINS
10750 N STEMMONS FWY # 4,DALLAS,10750 N STEMMONS FWY 4 DALLAS
3600 W DAVIS ST # 103,DALLAS,3600 W DAVIS ST 103 DALLAS
4070 N BELT LINE RD STE 114,IRVING,4070 N BELT LINE RD STE 114 IRVING
460 CEDAR SAGE DR,GARLAND,460 CEDAR SAGE DR GARLAND
8687 N CENTRAL EXPY # C2-630,DALLAS,8687 N CENTRAL EXPY C2-630 DALLAS
39 ARAPAHO VILLAGE CTR,RICHARDSON,39 ARAPAHO VILLAGE CTR RICHARDSON
6440 N MACARTHUR BLVD,IRVING,6440 N MACARTHUR BLVD IRVING
105 SUNVIEW ST,SUNNYVALE,105 SUNVIEW ST SUNNYVALE
3109 MONTICELLO AVE,DALLAS,3109 MONTICELLO AVE DALLAS
5520 LYONS RD,GARLAND,5520 LYONS RD GARLAND
214 E PLEASANT RUN RD,DE SOTO,214 E PLEASANT RUN RD DE SOTO
1135 E IRVING BLVD,IRVING,1135 E IRVING BLVD IRVING
1050 N WESTMORELAND RD STE 110,DALLAS,1050 N WESTMORELAND RD STE 110 DALLAS
501 N GALLOWAY AVE,MESQUITE,501 N GALLOWAY AVE MESQUITE
3317 N STORY RD,IRVING,3317 N STORY RD IRVING
3022 S SHILOH RD STE A,GARLAND,3022 S SHILOH RD STE A GARLAND
1150 W KIEST BLVD STE 201,DALLAS,1150 W KIEST BLVD STE 201 DALLAS
3160 SATURN RD STE 202,GARLAND,3160 SATURN RD STE 202 GARLAND
3725 S CARRIER PKWY STE 115,GRAND PRAIRIE,3725 S CARRIER PKWY STE 115 GRAND PRAIRIE
940 E BELT LINE RD STE 122,RICHARDSON,940 E BELT LINE RD STE 122 RICHARDSON
4070 N BELT LINE RD STE 113,IRVING,4070 N BELT LINE RD STE 113 IRVING
920 S BELT LINE RD STE 100,COPPELL,920 S BELT LINE RD STE 100 COPPELL
1810 W KINGSLEY RD STE 101,GARLAND,1810 W KINGSLEY RD STE 101 GARLAND
2777 N STEMMONS FWY STE 108,DALLAS,2777 N STEMMONS FWY STE 108 DALLAS
920 S BELT LINE RD STE 110,COPPELL,920 S BELT LINE RD STE 110 COPPELL
1433 W KINGSLEY RD STE 101,GARLAND,1433 W KINGSLEY RD STE 101 GARLAND
1820 W MOCKINGBIRD LN STE 150,DALLAS,1820 W MOCKINGBIRD LN STE 150 DALLAS
5803 FOXGLOVE LN,DALLAS,5803 FOXGLOVE LN DALLAS
15203 KNOLL TRAIL DR STE 115,DALLAS,15203 KNOLL TRAIL DR STE 115 DALLAS
3322 N BUCKNER BLVD STE 120,DALLAS,3322 N BUCKNER BLVD STE 120 DALLAS
2537 VALLEY VIEW LN,FARMERS BRANCH,2537 VALLEY VIEW LN FARMERS BRANCH
8702 SPRING VALLEY RD STE D,DALLAS,8702 SPRING VALLEY RD STE D DALLAS
401 W ROCHELLE RD,IRVING,401 W ROCHELLE RD IRVING
3950 S CARRIER PKWY STE 170,GRAND PRAIRIE,3950 S CARRIER PKWY STE 170 GRAND PRAIRIE
11661 PRESTON RD STE 224,DALLAS,11661 PRESTON RD STE 224 DALLAS
8122 FOREST LN STE A,DALLAS,8122 FOREST LN STE A DALLAS
3733 PINEBROOK DR,DALLAS,3733 PINEBROOK DR DALLAS
2650 HICKORY TREE RD # 103,BALCH SPRINGS,2650 HICKORY TREE RD 103 BALCH SPRINGS
910 E GRAUWYLER RD,IRVING,910 E GRAUWYLER RD IRVING
4517 SATURN RD,GARLAND,4517 SATURN RD GARLAND
3367 CONFLANS RD STE 100,IRVING,3367 CONFLANS RD STE 100 IRVING
2548 DICKERSON PARKWAY,CARROLLTON,2548 DICKERSON PKWY CARROLLTON
2121 W ROCHELLE RD STE 103,IRVING,2121 W ROCHELLE RD STE 103 IRVING
6246 BROADWAY BLVD STE C,GARLAND,6246 BROADWAY BLVD STE C GARLAND
630 W PLEASANT RUN RD STE 148,LANCASTER,630 W PLEASANT RUN RD STE 148 LANCASTER
3330 N GALLOWAY AVE STE 150,MESQUITE,3330 N GALLOWAY AVE STE 150 MESQUITE
215 W CAMP WISDOM RD STE #12/15,DUNCANVILLE,215 W CAMP WISDOM RD STE 12/15 DUNCANVILLE
1201 MAIN ST STE P250,DALLAS,1201 MAIN ST STE P250 DALLAS
1608 S 5TH ST,GARLAND,1608 S 5TH ST GARLAND
3223 N WESTMORELAND RD STE 3652,DALLAS,3223 N WESTMORELAND RD STE 3652 DALLAS
3917 W CAMP WISDOM RD STE 110,DALLAS,3917 W CAMP WISDOM RD STE 110 DALLAS
4525 COLE AVE STE 100,DALLAS,4525 COLE AVE STE 100 DALLAS
700 N DENTON TAP ROAD,COPPELL,700 N DENTON TAP RD COPPELL
1307 1/2 W DAVIS ST,DALLAS,1307 1/2 W DAVIS ST DALLAS
522 PRESTON ROYAL SHOPPING CTR,DALLAS,522 PRESTON ROYAL SHOPPING CTR DALLAS
925 W JOHN CARPENTER FWY STE 104,IRVING,925 W JOHN CARPENTER FWY STE 104 IRVING
735 N WESTMORELAND RD,DALLAS,735 N WESTMORELAND RD DALLAS
10121 LAKE JUNE RD STE 200,DALLAS,10121 LAKE JUNE RD STE 200 DALLAS
2938 ANODE LN,DALLAS,2938 ANODE LN DALLAS
716 GROSS RD,MESQUITE,716 GROSS RD MESQUITE
9007 GARLAND RD,DALLAS,9007 GARLAND RD DALLAS
1340 ELISE,CEDAR HILL,1340 ELISE CEDAR HILL
10850 HARRY HINES BLVD STE 170,DALLAS,10850 HARRY HINES BLVD STE 170 DALLAS
333 S SAINT AUGUSTINE DR STE 129,DALLAS,333 S SAINT AUGUSTINE DR STE 129 DALLAS
2617 FREEWOOD DR,DALLAS,2617 FREEWOOD DR DALLAS
901 SW 3RD ST,GRAND PRAIRIE,901 SW 3RD ST GRAND PRAIRIE
103 W OHIO AVE,DALLAS,103 W OHIO AVE DALLAS
13612 MIDWAY RD # 333-1,FARMERS BRANCH,13612 MIDWAY RD 333-1 FARMERS BRANCH
8140 N MACARTHUR BLVD STE 110,IRVING,8140 N MACARTHUR BLVD STE 110 IRVING
2140 W GRAUWYLER RD,IRVING,2140 W GRAUWYLER RD IRVING
1815 W TARRANT RD STE 215,GRAND PRAIRIE,1815 W TARRANT RD STE 215 GRAND PRAIRIE
12925 ELAM RD STE 101,BALCH SPRINGS,12925 ELAM RD STE 101 BALCH SPRINGS
13340 AUDELIA RD STE 136,DALLAS,13340 AUDELIA RD STE 136 DALLAS
3400 SAMUELL BLVD STE A,DALLAS,3400 SAMUELL BLVD STE A DALLAS
8701 LIBERTY GROVE RD STE 800,ROWLETT,8701 LIBERTY GROVE RD STE 800 ROWLETT
2242 WALNUT GROVE LN,GARLAND,2242 WALNUT GROVE LN GARLAND
1016 W TRINITY MILLS RD STE 128,CARROLLTON,1016 W TRINITY MILLS RD STE 128 CARROLLTON
2835 N HENDERSON AVE,DALLAS,2835 N HENDERSON AVE DALLAS
11617 N CENTRAL EXPY STE 135,DALLAS,11617 N CENTRAL EXPY STE 135 DALLAS
5750 E LOVERS LN STE A,DALLAS,5750 E LOVERS LN STE A DALLAS
1422 W KINGSLEY RD STE 100,GARLAND,1422 W KINGSLEY RD STE 100 GARLAND
1010 E 8TH ST # 150,DALLAS,1010 E 8TH ST 150 DALLAS
4218 W LOVERS LN,DALLAS,4218 W LOVERS LN DALLAS
677 W CAMPBELL RD STE 100,RICHARDSON,677 W CAMPBELL RD STE 100 RICHARDSON
16210 MIDWAY RD,ADDISON,16210 MIDWAY RD ADDISON
3505 N BELT LINE RD,IRVING,3505 N BELT LINE RD IRVING
836 OVER RIDGE DR,GRAND PRAIRIE,836 OVER RIDGE DR GRAND PRAIRIE
1821 S SAINT AUGUSTINE DR,DALLAS,1821 S SAINT AUGUSTINE DR DALLAS
2420 N FITZHUGH AVE,DALLAS,2420 N FITZHUGH AVE DALLAS
3500 LAKEVIEW PKWY STE 100,ROWLETT,3500 LAKEVIEW PKWY STE 100 ROWLETT
2809 MOTLEY DR,MESQUITE,2809 MOTLEY DR MESQUITE
12835 PRESTON RD STE 302,DALLAS,12835 PRESTON RD STE 302 DALLAS
1800 N GALLOWAY AVE STE 200,MESQUITE,1800 N GALLOWAY AVE STE 200 MESQUITE
6185 RETAIL RD STE 200,DALLAS,6185 RETAIL RD STE 200 DALLAS
1909 SKILLMAN ST,DALLAS,1909 SKILLMAN ST DALLAS
3621 N BELT LINE RD,IRVING,3621 N BELT LINE RD IRVING
10325 LAKE JUNE RD STE 550,DALLAS,10325 LAKE JUNE RD STE 550 DALLAS
5727 CARUTH HAVEN LN APT 114,DALLAS,5727 CARUTH HAVEN LN APT 114 DALLAS
3635 GUS THOMASSON RD STE A,MESQUITE,3635 GUS THOMASSON RD STE A MESQUITE
3939 S POLK ST STE 323,DALLAS,3939 S POLK ST STE 323 DALLAS
1710 W IRVING BLVD,IRVING,1710 W IRVING BLVD IRVING
9810 WALNUT HILL LN,DALLAS,9810 WALNUT HILL LN DALLAS
2750 E TRINITY MILLS RD,CARROLLTON,2750 E TRINITY MILLS RD CARROLLTON
251 E GRAUWYLER RD,IRVING,251 E GRAUWYLER RD IRVING
625 W WHEATLAND RD,DUNCANVILLE,625 W WHEATLAND RD DUNCANVILLE
5374 S 2ND AVE,DALLAS,5374 S 2ND AVE DALLAS
4361 N BELT LINE RD,MESQUITE,4361 N BELT LINE RD MESQUITE
4101 HERALD DR,GARLAND,4101 HERALD DR GARLAND
2819 S GARLAND AVE,GARLAND,2819 S GARLAND AVE GARLAND
3620 W WALNUT ST,GARLAND,3620 W WALNUT ST GARLAND
6440 E MOCKINGBIRD LN,DALLAS,6440 E MOCKINGBIRD LN DALLAS
180 W SANDY LAKE RD,COPPELL,180 W SANDY LAKE RD COPPELL
4361 N BELT LINE RD STE 1000,MESQUITE,4361 N BELT LINE RD STE 1000 MESQUITE
4340 GUS THOMASSON RD STE D,MESQUITE,4340 GUS THOMASSON RD STE D MESQUITE
1139 MONTERREY TRL,MESQUITE,1139 MONTERREY TRL MESQUITE
1402 N CARROLL AVE,DALLAS,1402 N CARROLL AVE DALLAS
9632 OVERLAKE DR,DALLAS,9632 OVERLAKE DR DALLAS
3035 BROADWAY BLVD STE D,GARLAND,3035 BROADWAY BLVD STE D GARLAND
3600 GUS THOMASSON,MESQUITE,3600 GUS THOMASSON MESQUITE
105 HALL RD STE 129B,SEAGOVILLE,105 HALL RD STE 129B SEAGOVILLE
2404 VICTORY PARK LN,DALLAS,2404 VICTORY PARK LN DALLAS
825 S CARROLL AVE,DALLAS,825 S CARROLL AVE DALLAS
13350 DALLAS PKWY # 3285,DALLAS,13350 DALLAS PKWY 3285 DALLAS
460 CONEFLOWER DR,GARLAND,460 CONEFLOWER DR GARLAND
4850 SAMUELL BLVD,MESQUITE,4850 SAMUELL BLVD MESQUITE
1437 S MARLBOROUGH AVE,DALLAS,1437 S MARLBOROUGH AVE DALLAS
1614 S 5TH ST,GARLAND,1614 S 5TH ST GARLAND
1815 S 1ST ST STE E,GARLAND,1815 S 1ST ST STE E GARLAND
3600 W JEFFERSON BLVD,DALLAS,3600 W JEFFERSON BLVD DALLAS
3000 PIONEER RD STE 1,BALCH SPRINGS,3000 PIONEER RD STE 1 BALCH SPRINGS
818 S CENTRAL EXPY STE 21,RICHARDSON,818 S CENTRAL EXPY STE 21 RICHARDSON
1770 W IRVING BLVD STE 11,IRVING,1770 W IRVING BLVD STE 11 IRVING
440 S HAMPTON RD,DE SOTO,440 S HAMPTON RD DE SOTO
751 FREEPORT PKWY,COPPELL,751 FREEPORT PKWY COPPELL
10455 N CENTRAL EXPY STE 119,DALLAS,10455 N CENTRAL EXPY STE 119 DALLAS
1506 W MILLER RD,GARLAND,1506 W MILLER RD GARLAND
2860 WALNUT HILL LN STE 106,DALLAS,2860 WALNUT HILL LN STE 106 DALLAS
400 N GREENVILLE AVE STE 1,RICHARDSON,400 N GREENVILLE AVE STE 1 RICHARDSON
5111 KIAMESHA WAY,MESQUITE,5111 KIAMESHA WAY MESQUITE
1023 E PIONEER DR APT 119,IRVING,1023 E PIONEER DR APT 119 IRVING
1800 N GALLOWAY AVE STE 200,MESQUITE,1800 N GALLOWAY AVE STE 200 MESQUITE
2810 SAMUELL BLVD STE A,DALLAS,2810 SAMUELL BLVD STE A DALLAS
1102 E PIONEER DR STE H,IRVING,1102 E PIONEER DR STE H IRVING
4436 LEMMON AVE,DALLAS,4436 LEMMON AVE DALLAS
1551 S BECKLEY RD STE A,GLENN HEIGHTS,1551 S BECKLEY RD STE A GLENN HEIGHTS
3626 W NORTHGATE DR,IRVING,3626 W NORTHGATE DR IRVING
9024 LAKE JUNE RD STE A,DALLAS,9024 LAKE JUNE RD STE A DALLAS
6038 ORAM ST,DALLAS,6038 ORAM ST DALLAS
2316 TIMBERLAKE DR,IRVING,2316 TIMBERLAKE DR IRVING
2543 S BUCKNER BLVD STE A,DALLAS,2543 S BUCKNER BLVD STE A DALLAS
609 DAIRY RD STE 100,GARLAND,609 DAIRY RD STE 100 GARLAND
2237 JOE FIELD RD STE 101,DALLAS,2237 JOE FIELD RD STE 101 DALLAS
14856 PRESTON RD STE 200,DALLAS,14856 PRESTON RD STE 200 DALLAS
12800 JUPITER RD APT 322,DALLAS,12800 JUPITER RD APT 322 DALLAS
1706 N HIGHWAY 175,SEAGOVILLE,1706 N HIGHWAY 175 SEAGOVILLE
410 N O CONNOR RD,IRVING,410 N O CONNOR RD IRVING
4921 GUS THOMASSON RD,MESQUITE,4921 GUS THOMASSON RD MESQUITE
106 HALL RD,SEAGOVILLE,106 HALL RD SEAGOVILLE
950 S CARRIER PKWY,GRAND PRAIRIE,950 S CARRIER PKWY GRAND PRAIRIE
6038 ORAM ST,DALLAS,6038 ORAM ST DALLAS
5050 LAKEVIEW PKWY,ROWLETT,5050 LAKEVIEW PKWY ROWLETT
1933 NORTHWEST HWY STE A,GARLAND,1933 NORTHWEST HWY STE A GARLAND
310 N BARNES DR STE A,GARLAND,310 N BARNES DR STE A GARLAND
6025 ROYAL LN STE 105,DALLAS,6025 ROYAL LN STE 105 DALLAS
8550 PLANO RD STE 102,DALLAS,8550 PLANO RD STE 102 DALLAS
2800 GLENWICK LN STE 100,IRVING,2800 GLENWICK LN STE 100 IRVING
3219 FOREST LN,GARLAND,3219 FOREST LN GARLAND
701 E CARTWRIGHT RD STE 123,MESQUITE,701 E CARTWRIGHT RD STE 123 MESQUITE
1415 N DALLAS AVE,LANCASTER,1415 N DALLAS AVE LANCASTER
4123 W CLARENDON DR,DALLAS,4123 W CLARENDON DR DALLAS
5427 N MACARTHUR BLVD,IRVING,5427 N MACARTHUR BLVD IRVING
4112 N JOSEY LANE,CARROLLTON,4112 N JOSEY LN CARROLLTON
3939 FRANKFORD RD,DALLAS,3939 FRANKFORD RD DALLAS
2015 N MASTERS DR STE 260,DALLAS,2015 N MASTERS DR STE 260 DALLAS
1030 N HIGHWAY 67 STE A,CEDAR HILL,1030 N HIGHWAY 67 STE A CEDAR HILL
3250 W PLEASANT RUN RD STE 230,LANCASTER,3250 W PLEASANT RUN RD STE 230 LANCASTER
8361 PARK LN STE 100,DALLAS,8361 PARK LN STE 100 DALLAS
14821 INWOOD RD,ADDISON,14821 INWOOD RD ADDISON
3733 N TOWN EAST BLVD STE 100,MESQUITE,3733 N TOWN E BLVD STE 100 MESQUITE
5120 HIGHWAY 78 STE 500,SACHSE,5120 HIGHWAY 78 STE 500 SACHSE
3011 GULDEN LN STE 119,DALLAS,3011 GULDEN LN STE 119 DALLAS
2211 COYOTE TRL,GRAND PRAIRIE,2211 COYOTE TRL GRAND PRAIRIE
1456 BELT LINE RD STE 127,GARLAND,1456 BELT LINE RD STE 127 GARLAND
1240 W BELT LINE RD STE D,DESOTO,1240 W BELT LINE RD STE D DESOTO
3526 W WALNUT ST,GARLAND,3526 W WALNUT ST GARLAND
6333 E MOCKINGBIRD LN STE 301,DALLAS,6333 E MOCKINGBIRD LN STE 301 DALLAS
532 W I-30,GARLAND,532 W I-30 GARLAND
12789 MIDWAY RD,DALLAS,12789 MIDWAY RD DALLAS
1116 ASHFORD DR,DESOTO,1116 ASHFORD DR DESOTO
2460 LACY LN STE 110,CARROLLTON,2460 LACY LN STE 110 CARROLLTON
5006 PETERSBURG DR,ROWLETT,5006 PETERSBURG DR ROWLETT
1050 N WESTMORELAND RD STE 312,DALLAS,1050 N WESTMORELAND RD STE 312 DALLAS
3426 GREENVILLE AVE,DALLAS,3426 GREENVILLE AVE DALLAS
525 N GALLOWAY AVE,MESQUITE,525 N GALLOWAY AVE MESQUITE
2145 CHENAULT DR STE 110,CARROLLTON,2145 CHENAULT DR STE 110 CARROLLTON
10677 E NORTHWEST HWY STE 300,DALLAS,10677 E NORTHWEST HWY STE 300 DALLAS
1432 W BUCKINGHAM RD,GARLAND,1432 W BUCKINGHAM RD GARLAND
9225 GARLAND RD STE 2120,DALLAS,9225 GARLAND RD STE 2120 DALLAS
1501 N PLANO RD STE 200,RICHARDSON,1501 N PLANO RD STE 200 RICHARDSON
714 N GALLOWAY AVE,MESQUITE,714 N GALLOWAY AVE MESQUITE
374 E FM 1382,CEDAR HILL,374 E FM 1382 CEDAR HILL
3772 BELT LINE RD,ADDISON,3772 BELT LINE RD ADDISON
7995 LYNDON B JOHNSON FWY STE 110,DALLAS,7995 LYNDON B JOHNSON FWY STE 110 DALLAS
1600 S INTERSTATE 35E,CARROLLTON,1600 S INTERSTATE 35E CARROLLTON
1205 W TRINITY MILLS RD STE 112,CARROLLTON,1205 W TRINITY MILLS RD STE 112 CARROLLTON
2851 DAIRY RD STE B,GARLAND,2851 DAIRY RD STE B GARLAND
7510 E GRAND AVE APT 3214,DALLAS,7510 E GRAND AVE APT 3214 DALLAS
3105 LOMITA DR STE 107B,LANCASTER,3105 LOMITA DR STE 107B LANCASTER
13050 BEE ST STE 100,FARMERS BRANCH,13050 BEE ST STE 100 FARMERS BRANCH
14500 JOSEY LN STE 105,FARMERS BRANCH,14500 JOSEY LN STE 105 FARMERS BRANCH
225 GOLD ST,GARLAND,225 GOLD ST GARLAND
338 AVENUE G,DALLAS,338 AVE G DALLAS
2402 N FITZHUGH AVE,DALLAS,2402 N FITZHUGH AVE DALLAS
2802 ROYAL LN STE 101,DALLAS,2802 ROYAL LN STE 101 DALLAS
4112 N JOSEY,CARROLLTON,4112 N JOSEY CARROLLTON
2202 HEADS LN STE 100,CARROLLTON,2202 HEADS LN STE 100 CARROLLTON
1012 RIDGEVIEW ST STE 107,MESQUITE,1012 RIDGEVIEW ST STE 107 MESQUITE
7002 WAX BERRY DR,DALLAS,7002 WAX BERRY DR DALLAS
211 W GRUBB DR,MESQUITE,211 W GRUBB DR MESQUITE
6501 DALROCK RD STE 104,ROWLETT,6501 DALROCK RD STE 104 ROWLETT
13015 COIT RD STE C,DALLAS,13015 COIT RD STE C DALLAS
10370 OLYMPIC DR STE A,DALLAS,10370 OLYMPIC DR STE A DALLAS
2425 SOUTHWELL RD,DALLAS,2425 SOUTHWELL RD DALLAS
2660 N BELT LINE RD,IRVING,2660 N BELT LINE RD IRVING
10720 PRESTON RD STE 1018,DALLAS,10720 PRESTON RD STE 1018 DALLAS
6434 E MOCKINGBIRD LN STE 109,DALLAS,6434 E MOCKINGBIRD LN STE 109 DALLAS
3805 W WALNUT ST,GARLAND,3805 W WALNUT ST GARLAND
910 S HAMPTON RD STE D,DALLAS,910 S HAMPTON RD STE D DALLAS
7700 W NORTHWEST HWY STE 100,DALLAS,7700 W NORTHWEST HWY STE 100 DALLAS
919 LUCILLE ST,IRVING,919 LUCILLE ST IRVING
723 S BEACON ST,DALLAS,723 S BEACON ST DALLAS
2410 DUNCANVILLE RD STE 110,DALLAS,2410 DUNCANVILLE RD STE 110 DALLAS
2520 W IRVING BLVD STE 120,IRVING,2520 W IRVING BLVD STE 120 IRVING
300 E JEFFERSON,DALLAS,300 E JEFFERSON DALLAS
311 E CAMP WISDOM RD,DUNCANVILLE,311 E CAMP WISDOM RD DUNCANVILLE
3000 BLACKBURN ST STE 160,DALLAS,3000 BLACKBURN ST STE 160 DALLAS
210 SW 2ND ST STE 250,GRAND PRAIRIE,210 SW 2ND ST STE 250 GRAND PRAIRIE
4726 CORNELL DR,GARLAND,4726 CORNELL DR GARLAND
17227 MARIANNE CIR,DALLAS,17227 MARIANNE CIR DALLAS
4323 W ILLINOIS AVE STE 104,DALLAS,4323 W ILLINOIS AVE STE 104 DALLAS
12400 COIT RD STE 130,DALLAS,12400 COIT RD STE 130 DALLAS
7777 FOREST LN # C-A92,DALLAS,7777 FOREST LN C-A92 DALLAS
828 S CARRIER PKWY STE 101,GRAND PRAIRIE,828 S CARRIER PKWY STE 101 GRAND PRAIRIE
9334 CLEARHURST DR,DALLAS,9334 CLEARHURST DR DALLAS
2605 LYNDON B JOHNSON FWY,DALLAS,2605 LYNDON B JOHNSON FWY DALLAS
9910 MONROE DR STE A8,DALLAS,9910 MONROE DR STE A8 DALLAS
1917 FOX MEADOW TRL,GRAND PRAIRIE,1917 FOX MEADOW TRL GRAND PRAIRIE
4444 W JEFFERSON BLVD STE 622,DALLAS,4444 W JEFFERSON BLVD STE 622 DALLAS
950 E MALLOY BRG,SEAGOVILLE,950 E MALLOY BRG SEAGOVILLE
1201 MAIN ST STE P290,DALLAS,1201 MAIN ST STE P290 DALLAS
607 TENISON MEMORIAL DR,DALLAS,607 TENISON MEMORIAL DR DALLAS
1718 DALWORTH ST STE A,GRAND PRAIRIE,1718 DALWORTH ST STE A GRAND PRAIRIE
3629 HOLMES ST,DALLAS,3629 HOLMES ST DALLAS
2550 W RED BIRD LN STE 500,DALLAS,2550 W RED BIRD LN STE 500 DALLAS
5139 VETERANS DR,DALLAS,5139 VETERANS DR DALLAS
2036 PINENUT DR,MESQUITE,2036 PINENUT DR MESQUITE
112 S CARROLL AVE,DALLAS,112 S CARROLL AVE DALLAS
1800 MAIN ST STE 124,DALLAS,1800 MAIN ST STE 124 DALLAS
118 GLENFIELD DR,GARLAND,118 GLENFIELD DR GARLAND
1914 E BELT LINE RD STE 104,CARROLLTON,1914 E BELT LINE RD STE 104 CARROLLTON
323 N STORY RD,IRVING,323 N STORY RD IRVING
3705 N BELT LINE RD STE 1010,SUNNYVALE,3705 N BELT LINE RD STE 1010 SUNNYVALE
2431 W WALNUT ST STE 100,GARLAND,2431 W WALNUT ST STE 100 GARLAND
3845 N GARLAND AVE STE 100,GARLAND,3845 N GARLAND AVE STE 100 GARLAND
11632 LANEWOOD CIR,DALLAS,11632 LANEWOOD CIR DALLAS
1144 N PLANO RD STE 107,RICHARDSON,1144 N PLANO RD STE 107 RICHARDSON
208 W 8TH ST,DALLAS,208 W 8TH ST DALLAS
970 N COIT RD STE 3025,RICHARDSON,970 N COIT RD STE 3025 RICHARDSON
3314 ROSS AVE STE 100,DALLAS,3314 ROSS AVE STE 100 DALLAS
1601 BRYAN ST STE 100,DALLAS,1601 BRYAN ST STE 100 DALLAS
8704 CYPRESS WATERS BLVD STE 100,IRVING,8704 CYPRESS WATERS BLVD STE 100 IRVING
8202 SPRING VALLEY RD STE 300,DALLAS,8202 SPRING VALLEY RD STE 300 DALLAS
10788 HARRY HINES BLVD STE B-21,DALLAS,10788 HARRY HINES BLVD STE B-21 DALLAS
7150 CHAUCER PL STE 108,DALLAS,7150 CHAUCER PL STE 108 DALLAS
2315 TRELLIS PL,RICHARDSON,2315 TRELLIS PL RICHARDSON
1519 MLK JR BLVD,DALLAS,1519 MLK JR BLVD DALLAS
10942 ELAM RD,BALCH SPRINGS,10942 ELAM RD BALCH SPRINGS
3007 S CARRIER PKWY STE 205,GRAND PRAIRIE,3007 S CARRIER PKWY STE 205 GRAND PRAIRIE
3310 ELSIE FAYE HEGGINS ST,DALLAS,3310 ELSIE FAYE HEGGINS ST DALLAS
6464 E NORTHWEST HWY STE 335,DALLAS,6464 E NORTHWEST HWY STE 335 DALLAS
9281 S CENTRAL EXPY,DALLAS,9281 S CENTRAL EXPY DALLAS
3921 MARTIN LUTHER KING JR BLVD,DALLAS,3921 MARTIN LUTHER KING JR BLVD DALLAS
5926 ALPHA RD,DALLAS,5926 ALPHA RD DALLAS
513 W JEFFERSON ST STE 150,GRAND PRAIRIE,513 W JEFFERSON ST STE 150 GRAND PRAIRIE
1501 SMALL ST,GRAND PRAIRIE,1501 SMALL ST GRAND PRAIRIE
7331 GASTON AVE # 130,DALLAS,7331 GASTON AVE 130 DALLAS
911 E DAVIS ST STE A,MESQUITE,911 E DAVIS ST STE A MESQUITE
3212 N JUPITER RD STE 100,GARLAND,3212 N JUPITER RD STE 100 GARLAND
7508 AMBASSADOR ROW STE 110,DALLAS,7508 AMBASSADOR ROW STE 110 DALLAS
5211 GUS THOMASSON RD,MESQUITE,5211 GUS THOMASSON RD MESQUITE
2017 W DAVIS ST,DALLAS,2017 W DAVIS ST DALLAS
6501 HILLCREST AVE,DALLAS,6501 HILLCREST AVE DALLAS
8160 WALNUT HILL LN STE PEROT,DALLAS,8160 WALNUT HILL LN STE PEROT DALLAS
521 W DAVIS ST,DALLAS,521 W DAVIS ST DALLAS
5634 HIGHWAY 78 STE 114,SACHSE,5634 HIGHWAY 78 STE 114 SACHSE
1885 ESTERS RD STE 120,IRVING,1885 ESTERS RD STE 120 IRVING
6309 HANCOCK RD,ROWLETT,6309 HANCOCK RD ROWLETT
10045 N MACARTHUR BLVD STE 101,IRVING,10045 N MACARTHUR BLVD STE 101 IRVING
2810 N O CONNOR RD,IRVING,2810 N O CONNOR RD IRVING
125 ROMA DR,GARLAND,125 ROMA DR GARLAND
300 N COIT RD STE 134,RICHARDSON,300 N COIT RD STE 134 RICHARDSON
2305 NORTH CENTRAL EXPRESSWAY,DALLAS,2305 N CENTRAL EXPRESSWAY DALLAS
8451 PARK LN,DALLAS,8451 PARK LN DALLAS
4516 E SIDE AVE,DALLAS,4516 E SIDE AVE DALLAS
2800 GLENWICK LN STE 110,IRVING,2800 GLENWICK LN STE 110 IRVING
735 N WESTMORELAND RD,DALLAS,735 N WESTMORELAND RD DALLAS
5290 BELT LINE RD STE 104,DALLAS,5290 BELT LINE RD STE 104 DALLAS
3441 BEGONIA LN,IRVING,3441 BEGONIA LN IRVING
1346 N MASTERS DR STE 100,DALLAS,1346 N MASTERS DR STE 100 DALLAS
1949 E CENTERVILLE RD,GARLAND,1949 E CENTERVILLE RD GARLAND
9780 WALNUT ST STE 360,DALLAS,9780 WALNUT ST STE 360 DALLAS
2017 S BECKLEY AVE,DALLAS,2017 S BECKLEY AVE DALLAS
228 W 6TH ST # 110,IRVING,228 W 6TH ST 110 IRVING
4460 W WALNUT ST STE 126,GARLAND,4460 W WALNUT ST STE 126 GARLAND
3425 FOREST LN STE A,GARLAND,3425 FOREST LN STE A GARLAND
7610 GREENVILLE AVE,DALLAS,7610 GREENVILLE AVE DALLAS
2806 W NORTHWEST HWY,DALLAS,2806 W NORTHWEST HWY DALLAS
1625 FERRIS RD,GARLAND,1625 FERRIS RD GARLAND
2445 W NORTHWEST HWY STE 109,DALLAS,2445 W NORTHWEST HWY STE 109 DALLAS
12895 JOSEY LN STE 225,FARMERS BRANCH,12895 JOSEY LN STE 225 FARMERS BRANCH
16315 FALLKIRK DR,DALLAS,16315 FALLKIRK DR DALLAS
1753 BLUE STREAM DR,DESOTO,1753 BLUE STREAM DR DESOTO
5630 HIGHWAY 78,SACHSE,5630 HIGHWAY 78 SACHSE
515 W CAMPBELL RD STE 105,RICHARDSON,515 W CAMPBELL RD STE 105 RICHARDSON
3939 S POLK ST STE 323,DALLAS,3939 S POLK ST STE 323 DALLAS
4020 VILLANOVA ST,DALLAS,4020 VILLANOVA ST DALLAS
851 LAKE CAROLYN PKWY STE 150,IRVING,851 LAKE CAROLYN PKWY STE 150 IRVING
211 N ERVAY ST STE 120,DALLAS,211 N ERVAY ST STE 120 DALLAS
100 W SANDY LAKE RD,COPPELL,100 W SANDY LAKE RD COPPELL
5507 LINDSLEY AVE,DALLAS,5507 LINDSLEY AVE DALLAS
950 S CARRIER PKWY STE 110,GRAND PRAIRIE,950 S CARRIER PKWY STE 110 GRAND PRAIRIE
3155 S LANCASTER RD STE 130,DALLAS,3155 S LANCASTER RD STE 130 DALLAS
2433 W KIEST BLVD,DALLAS,2433 W KIEST BLVD DALLAS
2105 S GARLAND AVE,GARLAND,2105 S GARLAND AVE GARLAND
4216 S CARRIER PKWY,GRAND PRAIRIE,4216 S CARRIER PKWY GRAND PRAIRIE
207 CLARICE ST,GRAND PRAIRIE,207 CLARICE ST GRAND PRAIRIE
5509 W LOVERS LN STE A,DALLAS,5509 W LOVERS LN STE A DALLAS
420 N PLANO RD,GARLAND,420 N PLANO RD GARLAND
1103 S JOSEY LN STE 411,CARROLLTON,1103 S JOSEY LN STE 411 CARROLLTON
6514 CHEVY CHASE AVE,DALLAS,6514 CHEVY CHASE AVE DALLAS
2014-2016 W BUCKINGHAM,GARLAND,2014-2016 W BUCKINGHAM GARLAND
1817 AVENUE F,GRAND PRAIRIE,1817 AVE F GRAND PRAIRIE
8413 PRESTON CENTER PLZ,DALLAS,8413 PRESTON CENTER PLZ DALLAS
3128 FOREST LN STE 251,DALLAS,3128 FOREST LN STE 251 DALLAS
1512 S BELT LINE RD STE 2,DALLAS,1512 S BELT LINE RD STE 2 DALLAS
2100 ROSS AVE STE 110,DALLAS,2100 ROSS AVE STE 110 DALLAS
108 W BELT LINE RD STE 1,CEDAR HILL,108 W BELT LINE RD STE 1 CEDAR HILL
1028 W CAMP WISDOM RD STE 1028,DALLAS,1028 W CAMP WISDOM RD STE 1028 DALLAS
1725 S INTERSTATE 35E STE 140,CARROLLTON,1725 S INTERSTATE 35E STE 140 CARROLLTON
3802 N TOWN EAST BLVD,MESQUITE,3802 N TOWN E BLVD MESQUITE
5049 ADDISON CIR,ADDISON,5049 ADDISON CIR ADDISON
9155 STERLING ST STE 150,IRVING,9155 STERLING ST STE 150 IRVING
5819 SWISS AVE,DALLAS,5819 SWISS AVE DALLAS
375 E INTERSTATE 30,GARLAND,375 E INTERSTATE 30 GARLAND
2713 INDUSTRIAL LN,GARLAND,2713 INDUSTRIAL LN GARLAND
2680 LEA CREST DR,DALLAS,2680 LEA CREST DR DALLAS
3723 HAMILTON AVE,DALLAS,3723 HAMILTON AVE DALLAS
6423 ABERDEEN AVE,DALLAS,6423 ABERDEEN AVE DALLAS
5302 N GADRLAND AVENUE,GARLAND,5302 N GADRLAND AVE GARLAND
12101 GREENVILLE AVE STE 107,DALLAS,12101 GREENVILLE AVE STE 107 DALLAS
387 LAS COLINAS BLVD E STE 106,IRVING,387 LAS COLINAS BLVD E STE 106 IRVING
2932 MAIN ST,DALLAS,2932 MAIN ST DALLAS
417 E CAMP WISDOM RD,DUNCANVILLE,417 E CAMP WISDOM RD DUNCANVILLE
2642 MALCOLM X BLVD,DALLAS,2642 MALCOLM X BLVD DALLAS
2001 MILITARY PKWY,MESQUITE,2001 MILITARY PKWY MESQUITE
5150 DUCK CREEK DR # 107,GARLAND,5150 DUCK CREEK DR 107 GARLAND
305 W FM 1382 STE 302,CEDAR HILL,305 W FM 1382 STE 302 CEDAR HILL
910 S HAMPTON RD STE D,DALLAS,910 S HAMPTON RD STE D DALLAS
7000 SNIDER PLZ,UNIVERSITY PARK,7000 SNIDER PLZ UNIVERSITY PARK
9440 GARLAND RD STE 150,DALLAS,9440 GARLAND RD STE 150 DALLAS
1102 W PIONEER PKWY STE 125,GRAND PRAIRIE,1102 W PIONEER PKWY STE 125 GRAND PRAIRIE
2640 S STATE HIGHWAY 161,GRAND PRAIRIE,2640 S STATE HIGHWAY 161 GRAND PRAIRIE
580 W ARAPAHO RD STE 218,RICHARDSON,580 W ARAPAHO RD STE 218 RICHARDSON
9779 FOREST LN STE 200C,DALLAS,9779 FOREST LN STE 200C DALLAS
3005 S CARRIER PKWY STE 101,GRAND PRAIRIE,3005 S CARRIER PKWY STE 101 GRAND PRAIRIE
608 HALL RD,SEAGOVILLE,608 HALL RD SEAGOVILLE
1717 OATES DR,MESQUITE,1717 OATES DR MESQUITE
3015 ARAPAHO RD,GARLAND,3015 ARAPAHO RD GARLAND
2654 N BELT LINE RD,IRVING,2654 N BELT LINE RD IRVING
940 E BELT LINE RD STE 100,RICHARDSON,940 E BELT LINE RD STE 100 RICHARDSON
4050 GUS THOMASSON RD,MESQUITE,4050 GUS THOMASSON RD MESQUITE
3997 N BELT LINE RD,IRVING,3997 N BELT LINE RD IRVING
2750 W NORTHWEST HWY STE 100,DALLAS,2750 W NORTHWEST HWY STE 100 DALLAS
1885 ESTERS RD STE 110,IRVING,1885 ESTERS RD STE 110 IRVING
324 W CAMPBELL RD,RICHARDSON,324 W CAMPBELL RD RICHARDSON
7964 N MACARTHUR BLVD,IRVING,7964 N MACARTHUR BLVD IRVING
4026 CEDAR SPRINGS RD,DALLAS,4026 CEDAR SPRINGS RD DALLAS
200 CRESCENT CT STE 40,DALLAS,200 CRESCENT CT STE 40 DALLAS
1601 MILLER FERRY RD TRLR 196,WILMER,1601 MILLER FERRY RD TRLR 196 WILMER
1512 S BELT LINE RD,DALLAS,1512 S BELT LINE RD DALLAS
4340 HARRY HINES BLVD STE B,DALLAS,4340 HARRY HINES BLVD STE B DALLAS
6536 SKILLMAN ST,DALLAS,6536 SKILLMAN ST DALLAS
342 TRIBUTE RD,LANCASTER,342 TRIBUTE RD LANCASTER
2200 CEDAR CREST BLVD,DALLAS,2200 CEDAR CREST BLVD DALLAS
6333 E MOCKINGBIRD LN # 301,DALLAS,6333 E MOCKINGBIRD LN 301 DALLAS
3342 BROADWAY BLVD STE 118,GARLAND,3342 BROADWAY BLVD STE 118 GARLAND
320 CASA LINDA PLAZA BUCKNER AT GARLAND,DALLAS,320 CASA LINDA PLAZA BUCKNER AT GARLAND DALLAS
555 W I-30,GARLAND,555 W I-30 GARLAND
6301 ABRAMS RD STE 127,DALLAS,6301 ABRAMS RD STE 127 DALLAS
2150 N JOSIE LANE,CARROLLTON,2150 N JOSIE LN CARROLLTON
901 BELT LINE RD STE 100-101,GARLAND,901 BELT LINE RD STE 100-101 GARLAND
2372 OATES DR,DALLAS,2372 OATES DR DALLAS
3620 SHEPHERD LN STE A,BALCH SPRINGS,3620 SHEPHERD LN STE A BALCH SPRINGS
3034 MOCKINGBIRD LN,DALLAS,3034 MOCKINGBIRD LN DALLAS
350 N SAINT PAUL ST,DALLAS,350 N SAINT PAUL ST DALLAS
407 N LAMAR ST STE 400,DALLAS,407 N LAMAR ST STE 400 DALLAS
3128 FOREST LN STE 245,DALLAS,3128 FOREST LN STE 245 DALLAS
10000 WALNUT ST APT 1002,DALLAS,10000 WALNUT ST APT 1002 DALLAS
14825 INWOOD RD # 200,ADDISON,14825 INWOOD RD 200 ADDISON
6185 RETAIL RD STE 100,DALLAS,6185 RETAIL RD STE 100 DALLAS
3305 GRAND AVE,DALLAS,3305 GRAND AVE DALLAS
8188 SPRING VALLEY RD STE 110,DALLAS,8188 SPRING VALLEY RD STE 110 DALLAS
4864 S BUCKNER BLVD STE A,DALLAS,4864 S BUCKNER BLVD STE A DALLAS
313 LAS COLINAS BLVD E,IRVING,313 LAS COLINAS BLVD E IRVING
9301 FOREST LN,DALLAS,9301 FOREST LN DALLAS
5477 N MACARTHUR BLVD,IRVING,5477 N MACARTHUR BLVD IRVING
504 W ARAPAHO RD,RICHARDSON,504 W ARAPAHO RD RICHARDSON
9702 BROCKBANK DR STE 100,DALLAS,9702 BROCKBANK DR STE 100 DALLAS
6605 DALROCK RD,ROWLETT,6605 DALROCK RD ROWLETT
1701 S BELT LINE RD # 110,GRAND PRAIRIE,1701 S BELT LINE RD 110 GRAND PRAIRIE
1300 S POLK ST STE 252,DALLAS,1300 S POLK ST STE 252 DALLAS
3212 N JUPITER RD STE 201,GARLAND,3212 N JUPITER RD STE 201 GARLAND
200 CRESCENT CT STE 40,DALLAS,200 CRESCENT CT STE 40 DALLAS
1036 N COUNTRY CLUB RD,GARLAND,1036 N COUNTRY CLUB RD GARLAND
4460 W WALNUT ST STE 108,GARLAND,4460 W WALNUT ST STE 108 GARLAND
1727 N BECKLEY AVE,DALLAS,1727 N BECKLEY AVE DALLAS
718 N BUCKNER BLVD STE 332,DALLAS,718 N BUCKNER BLVD STE 332 DALLAS
212 CARRIAGE CT,COPPELL,212 CARRIAGE CT COPPELL
8600 N MACARTHUR BLVD STE 160,IRVING,8600 N MACARTHUR BLVD STE 160 IRVING
1004 WEBB CHAPEL RD,CARROLLTON,1004 WEBB CHAPEL RD CARROLLTON
8424 PRESTON RD,DALLAS,8424 PRESTON RD DALLAS
4034 CEDAR SPRINGS RD,DALLAS,4034 CEDAR SPRINGS RD DALLAS
971 N HIGHWAY 67 STE 400,CEDAR HILL,971 N HIGHWAY 67 STE 400 CEDAR HILL
11555 FERGUSON RD # 500,DALLAS,11555 FERGUSON RD 500 DALLAS
4343 LOVERS LN,DALLAS,4343 LOVERS LN DALLAS
2165 E BUCKINGHAM DR,RICHARDSON,2165 E BUCKINGHAM DR RICHARDSON
4010 N BELT LINE RD,IRVING,4010 N BELT LINE RD IRVING
1910 PACIFIC AVE STE 2050,DALLAS,1910 PACIFIC AVE STE 2050 DALLAS
6025 ROYAL LN STE 314B,DALLAS,6025 ROYAL LN STE 314B DALLAS
4129 MATTHEW RD,GRAND PRAIRIE,4129 MATTHEW RD GRAND PRAIRIE
2909 COLE AVE STE 100,DALLAS,2909 COLE AVE STE 100 DALLAS
4201 W WALNUT ST,GARLAND,4201 W WALNUT ST GARLAND
4814 GASTON AVE,DALLAS,4814 GASTON AVE DALLAS
100 S CENTRAL EXPY STE 36,RICHARDSON,100 S CENTRAL EXPY STE 36 RICHARDSON
11812 INWOOD RD,DALLAS,11812 INWOOD RD DALLAS
1621 N GARRETT AVE,DALLAS,1621 N GARRETT AVE DALLAS
5656 ALPHA RD STE B,DALLAS,5656 ALPHA RD STE B DALLAS
2149 N JOSEY LN,CARROLLTON,2149 N JOSEY LN CARROLLTON
1609 DALWORTH ST,GRAND PRAIRIE,1609 DALWORTH ST GRAND PRAIRIE
2002 HIGHWAY 66,GARLAND,2002 HIGHWAY 66 GARLAND
3210 FALLS DR,DALLAS,3210 FALLS DR DALLAS
850 BELT LINE RD,GARLAND,850 BELT LINE RD GARLAND
4625 FRANKFORD RD,DALLAS,4625 FRANKFORD RD DALLAS
106 N DENTON TAPP RD,COPPELL,106 N DENTON TAPP RD COPPELL
1101 SOUTHRIDGE DR,LANCASTER,1101 SOUTHRIDGE DR LANCASTER
2800 W IRVING BLVD # E144,IRVING,2800 W IRVING BLVD E144 IRVING
2377 STEMMONS TRL,DALLAS,2377 STEMMONS TRL DALLAS
3300 KNOX ST STE 200,DALLAS,3300 KNOX ST STE 200 DALLAS
4701 N GALLOWAY AVE STE 106,MESQUITE,4701 N GALLOWAY AVE STE 106 MESQUITE
1802 SE 14TH ST,GRAND PRAIRIE,1802 SE 14TH ST GRAND PRAIRIE
2063 TOWN EAST MALL STE 2228,MESQUITE,2063 TOWN E MALL STE 2228 MESQUITE
3215 W DAVIS ST,DALLAS,3215 W DAVIS ST DALLAS
3347 W WALNUT ST STE 101,GARLAND,3347 W WALNUT ST STE 101 GARLAND
2925 W CAMP WISDOM RD,DALLAS,2925 W CAMP WISDOM RD DALLAS
2640 OLD DENTON RD STE 148,CARROLLTON,2640 OLD DENTON RD STE 148 CARROLLTON
3745 N STORY RD,IRVING,3745 N STORY RD IRVING
900 N POLK ST STE 120,DESOTO,900 N POLK ST STE 120 DESOTO
6866 SHADYBROOK LN,DALLAS,6866 SHADYBROOK LN DALLAS
540 CENTENNIAL BLVD,RICHARDSON,540 CENTENNIAL BLVD RICHARDSON
920 S HARWOOD ST STE 131,DALLAS,920 S HARWOOD ST STE 131 DALLAS
9901 ROYAL LN STE 108,DALLAS,9901 ROYAL LN STE 108 DALLAS
4724 GREENVILLE AVE STE B,DALLAS,4724 GREENVILLE AVE STE B DALLAS
2602 MAYFIELD RD,GRAND PRAIRIE,2602 MAYFIELD RD GRAND PRAIRIE
3511 OAK LAWN AVE,DALLAS,3511 OAK LAWN AVE DALLAS
1450 W PLEASANT RUN RD STE 108,LANCASTER,1450 W PLEASANT RUN RD STE 108 LANCASTER
2717 E BELT LINE RD STE 105,CARROLLTON,2717 E BELT LINE RD STE 105 CARROLLTON
1737 GREENVILLE AVE,DALLAS,1737 GREENVILLE AVE DALLAS
1800 VALLEY VIEW LN STE 158,IRVING,1800 VALLEY VIEW LN STE 158 IRVING
9450 SKILLMAN ST STE 106,DALLAS,9450 SKILLMAN ST STE 106 DALLAS
2515 W JEFFERSON BLVD STE 300,DALLAS,2515 W JEFFERSON BLVD STE 300 DALLAS
112 N COLLETT AVE STE 132,DALLAS,112 N COLLETT AVE STE 132 DALLAS
9645 VISTA OAKS DR,DALLAS,9645 VISTA OAKS DR DALLAS
1807 N GALLOWAY AVE,MESQUITE,1807 N GALLOWAY AVE MESQUITE
201 E BELT LINE RD STE 101,DESOTO,201 E BELT LINE RD STE 101 DESOTO
801 W PALESTINE ST STE 105,HUTCHINS,801 W PALESTINE ST STE 105 HUTCHINS
1635 CHAMPAGNE DR,DALLAS,1635 CHAMPAGNE DR DALLAS
3699 MCKINNEY AVE STE 318,DALLAS,3699 MCKINNEY AVE STE 318 DALLAS
259 E GRAUWYLER RD # 170,IRVING,259 E GRAUWYLER RD 170 IRVING
3604 BLOCK DR APT 104,IRVING,3604 BLOCK DR APT 104 IRVING
9500 N CENTRAL EXPY STE 200,DALLAS,9500 N CENTRAL EXPY STE 200 DALLAS
2419 W KIEST BLVD,DALLAS,2419 W KIEST BLVD DALLAS
712 S WALTON WALKER BLVD # 11H,DALLAS,712 S WALTON WALKER BLVD 11H DALLAS
3600 W PIONEER DR STE 140,IRVING,3600 W PIONEER DR STE 140 IRVING
2006 W BUCKINGHAM RD,GARLAND,2006 W BUCKINGHAM RD GARLAND
145 S MASTERS DR,DALLAS,145 S MASTERS DR DALLAS
511 N AKARD ST STE 101,DALLAS,511 N AKARD ST STE 101 DALLAS
1205 DOWDY FERRY RD,HUTCHINS,1205 DOWDY FERRY RD HUTCHINS
4041 W WHEATLAND RD STE 216,DALLAS,4041 W WHEATLAND RD STE 216 DALLAS
2422 ALLEN ST,DALLAS,2422 ALLEN ST DALLAS
2625 OLD DENTON RD STE 418,CARROLLTON,2625 OLD DENTON RD STE 418 CARROLLTON
1916 WALNUT PLZ STE 105,CARROLLTON,1916 WALNUT PLZ STE 105 CARROLLTON
2815 ALLEN ST STE 122,DALLAS,2815 ALLEN ST STE 122 DALLAS
6421 RIVERSIDE DR STE 160,IRVING,6421 RIVERSIDE DR STE 160 IRVING
2435 W MILLER RD,GARLAND,2435 W MILLER RD GARLAND
1519 S HAMPTON RD,GLENN HEIGHTS,1519 S HAMPTON RD GLENN HEIGHTS
2546 ROYAL LN,DALLAS,2546 ROYAL LN DALLAS
2050 N WESTMORELAND RD STE 100,DALLAS,2050 N WESTMORELAND RD STE 100 DALLAS
13531 MONTFORT DR STE 125,DALLAS,13531 MONTFORT DR STE 125 DALLAS
13021 COIT RD STE 106,DALLAS,13021 COIT RD STE 106 DALLAS
400 S HALL ST APT 248,DALLAS,400 S HALL ST APT 248 DALLAS
3744 W LEDBETTER DR STE 106,DALLAS,3744 W LEDBETTER DR STE 106 DALLAS
2225 SPIKES ST,GRAND PRAIRIE,2225 SPIKES ST GRAND PRAIRIE
900 N POLK ST STE 102,DESOTO,900 N POLK ST STE 102 DESOTO
5331 HOLLAND AVE,DALLAS,5331 HOLLAND AVE DALLAS
6102 SAMUELL BLVD STE 100,DALLAS,6102 SAMUELL BLVD STE 100 DALLAS
2240 MARSH LN # 120,CARROLLTON,2240 MARSH LN 120 CARROLLTON
5119 ROWLETT RD,ROWLETT,5119 ROWLETT RD ROWLETT
10300 SCYENE RD STE 100,DALLAS,10300 SCYENE RD STE 100 DALLAS
3610 W JEFFERSON BLVD STE 100,COCKRELL HILL,3610 W JEFFERSON BLVD STE 100 COCKRELL HILL
16117 LONGVISTA DR,DALLAS,16117 LONGVISTA DR DALLAS
800 E ARAPAHO RD STE 104,RICHARDSON,800 E ARAPAHO RD STE 104 RICHARDSON
11124 MANORVIEW CIR,DALLAS,11124 MANORVIEW CIR DALLAS
3803 IRVING MALL,IRVING,3803 IRVING MALL IRVING
7324 GASTON AVE STE 115,DALLAS,7324 GASTON AVE STE 115 DALLAS
1401 NORTHWEST HWY STE 139,GARLAND,1401 NORTHWEST HWY STE 139 GARLAND
4515 VILLAGE FAIR DR STE E10,DALLAS,4515 VILLAGE FAIR DR STE E10 DALLAS
2216 W GRAUWYLER RD,IRVING,2216 W GRAUWYLER RD IRVING
2475 S COCKRELL HILL RD STE 100,DALLAS,2475 S COCKRELL HILL RD STE 100 DALLAS
6504 HIGHWAY 78,SACHSE,6504 HIGHWAY 78 SACHSE
3030 LYNDON B JOHNSON FWY STE 1630,DALLAS,3030 LYNDON B JOHNSON FWY STE 1630 DALLAS
2929 BELT LINE RD,GARLAND,2929 BELT LINE RD GARLAND
11700 PRESTON RD # 714,DALLAS,11700 PRESTON RD 714 DALLAS
1819 N GALLOWAY AVE,MESQUITE,1819 N GALLOWAY AVE MESQUITE
2780 ROYAL LN STE A,DALLAS,2780 ROYAL LN STE A DALLAS
2050 N STEMMONS FWY UNIT 103,DALLAS,2050 N STEMMONS FWY UNIT 103 DALLAS
3227 MCKINNEY AVE APT 9J,DALLAS,3227 MCKINNEY AVE APT 9J DALLAS
9015 LEASIDE DR,DALLAS,9015 LEASIDE DR DALLAS
9669 FOREST LN APT 2006,DALLAS,9669 FOREST LN APT 2006 DALLAS
3617 RIDGEBRIAR DR,DALLAS,3617 RIDGEBRIAR DR DALLAS
1445 W KINGSLEY RD,GARLAND,1445 W KINGSLEY RD GARLAND
1727 BARNES BRIDGE RD,DALLAS,1727 BARNES BRIDGE RD DALLAS
2532 OLD DENTON RD STE 100,CARROLLTON,2532 OLD DENTON RD STE 100 CARROLLTON
8190 PARK LN STE 351,DALLAS,8190 PARK LN STE 351 DALLAS
207 W 6TH ST,IRVING,207 W 6TH ST IRVING
5620 LYNDON B JOHNSON FWY STE 300,DALLAS,5620 LYNDON B JOHNSON FWY STE 300 DALLAS
2827 LIVE OAK ST,DALLAS,2827 LIVE OAK ST DALLAS
1472 W SPRING VALLEY RD,RICHARDSON,1472 W SPRING VALLEY RD RICHARDSON
506 S NURSERY RD STE 120,IRVING,506 S NURSERY RD STE 120 IRVING
225 NE 10TH ST,GRAND PRAIRIE,225 NE 10TH ST GRAND PRAIRIE
2666 N BELT LINE RD,IRVING,2666 N BELT LINE RD IRVING
9219 GARLAND RD STE 1105,DALLAS,9219 GARLAND RD STE 1105 DALLAS
13015 JUPITER RD STE 100,DALLAS,13015 JUPITER RD STE 100 DALLAS
2528 ELM ST STE A,DALLAS,2528 ELM ST STE A DALLAS
1735 LANSFORD AVE,DALLAS,1735 LANSFORD AVE DALLAS
4140 W CAMP WISDOM RD # F,DALLAS,4140 W CAMP WISDOM RD F DALLAS
5119 ROWLETT RD,ROWLETT,5119 ROWLETT RD ROWLETT
10560 WALNUT ST STE 1100,DALLAS,10560 WALNUT ST STE 1100 DALLAS
2518 W BRUTON RD,BALCH SPRINGS,2518 W BRUTON RD BALCH SPRINGS
518 SOTOGRANDE DR,GARLAND,518 SOTOGRANDE DR GARLAND
2810 E TRINITY MILLS RD STE 219,CARROLLTON,2810 E TRINITY MILLS RD STE 219 CARROLLTON
14444 DALLAS PKWY STE 115,DALLAS,14444 DALLAS PKWY STE 115 DALLAS
10300 SCYENE RD STE 100,DALLAS,10300 SCYENE RD STE 100 DALLAS
3921 MARTIN LUTHER KING JR BLVD # TB23F,DALLAS,3921 MARTIN LUTHER KING JR BLVD TB23F DALLAS
2516 W BRUTON RD,BALCH SPRINGS,2516 W BRUTON RD BALCH SPRINGS
2809 N MACARTHUR BLVD,IRVING,2809 N MACARTHUR BLVD IRVING
1575 S BELT LINE RD STE 160,COPPELL,1575 S BELT LINE RD STE 160 COPPELL
1402 N KAUFMAN ST,SEAGOVILLE,1402 N KAUFMAN ST SEAGOVILLE
203 N BELT LINE RD STE 400,GRAND PRAIRIE,203 N BELT LINE RD STE 400 GRAND PRAIRIE
3921 MARTIN LUTHER KING JR BLVD # G32F,DALLAS,3921 MARTIN LUTHER KING JR BLVD G32F DALLAS
8300 ELAM RD STE 130,DALLAS,8300 ELAM RD STE 130 DALLAS
750 N SAINT PAUL ST STE 250,DALLAS,750 N SAINT PAUL ST STE 250 DALLAS
2708 N HENDERSON AVE STE 200,DALLAS,2708 N HENDERSON AVE STE 200 DALLAS
4404 W ILLINOIS AVE,DALLAS,4404 W ILLINOIS AVE DALLAS
750 E 2ND ST STE 110,IRVING,750 E 2ND ST STE 110 IRVING
2051 W NORTHWEST HWY STE 60,DALLAS,2051 W NORTHWEST HWY STE 60 DALLAS
2316 TIMBERLAKE DR,IRVING,2316 TIMBERLAKE DR IRVING
429 W INTERSTATE 30 STE 6,GARLAND,429 W INTERSTATE 30 STE 6 GARLAND
2810 TISINGER AVE,DALLAS,2810 TISINGER AVE DALLAS
311A W MARSHALL DR,GRAND PRAIRIE,311A W MARSHALL DR GRAND PRAIRIE
6448 E MOCKINGBIRD LN,DALLAS,6448 E MOCKINGBIRD LN DALLAS
2743 FOREMAN ST,DALLAS,2743 FOREMAN ST DALLAS
3115 S 1ST ST STE 200,GARLAND,3115 S 1ST ST STE 200 GARLAND
3201 GRANADA DR,MESQUITE,3201 GRANADA DR MESQUITE
101 S SHERMAN ST STE B,RICHARDSON,101 S SHERMAN ST STE B RICHARDSON
4221 TELEPHONE RD,DALLAS,4221 TELEPHONE RD DALLAS
902 E SHADY GROVE RD,IRVING,902 E SHADY GROVE RD IRVING
3921 MARTIN LUTHER KING JR BLVD,DALLAS,3921 MARTIN LUTHER KING JR BLVD DALLAS
13402 BAYARD CIR,DALLAS,13402 BAYARD CIR DALLAS
11255 GARLAND RD STE 405,DALLAS,11255 GARLAND RD STE 405 DALLAS
1718 N MARKET ST,DALLAS,1718 N MARKET ST DALLAS
2416 W LEDBETTER DR,DALLAS,2416 W LEDBETTER DR DALLAS
1107 N HIGHWAY 67,CEDAR HILL,1107 N HIGHWAY 67 CEDAR HILL
2838 W CLARENDON DR,DALLAS,2838 W CLARENDON DR DALLAS
110 S CARROLL AVE,DALLAS,110 S CARROLL AVE DALLAS
10788 HARRY HINES BLVD # E28,DALLAS,10788 HARRY HINES BLVD E28 DALLAS
3400 SAMUELL BLVD STE B,DALLAS,3400 SAMUELL BLVD STE B DALLAS
2625 OLD DENTON RD STE 340,CARROLLTON,2625 OLD DENTON RD STE 340 CARROLLTON
1927 E BELT LINE RD STE 136,CARROLLTON,1927 E BELT LINE RD STE 136 CARROLLTON
1529 W BUCKINGHAM RD STE 6,GARLAND,1529 W BUCKINGHAM RD STE 6 GARLAND
4212 OAK LAWN AVE,DALLAS,4212 OAK LAWN AVE DALLAS
1901 S HARWOOD ST APT 201,DALLAS,1901 S HARWOOD ST APT 201 DALLAS
8306 KATE ST STE 9,DALLAS,8306 KATE ST STE 9 DALLAS
6810 MURPHY RD STE 500,SACHSE,6810 MURPHY RD STE 500 SACHSE
1927 GREENVILLE AVE,DALLAS,1927 GREENVILLE AVE DALLAS
920 S HARWOOD ST STE 150,DALLAS,920 S HARWOOD ST STE 150 DALLAS
302 N MARSALIS AVE,DALLAS,302 N MARSALIS AVE DALLAS
4306 SATURN RD,GARLAND,4306 SATURN RD GARLAND
2661 MIDWAY RD STE 200,CARROLLTON,2661 MIDWAY RD STE 200 CARROLLTON
5618 JESTER DR,GARLAND,5618 JESTER DR GARLAND
1910 PACIFIC AVE STE 20003368,DALLAS,1910 PACIFIC AVE STE 20003368 DALLAS
3845 N GARLAND AVE STE 300,GARLAND,3845 N GARLAND AVE STE 300 GARLAND
100 S CENTRAL EXPY STE 26C,RICHARDSON,100 S CENTRAL EXPY STE 26C RICHARDSON
5552 E GRAND AVE STE C,DALLAS,5552 E GRAND AVE STE C DALLAS
3480 S CARRIER PKWY STE 160,GRAND PRAIRIE,3480 S CARRIER PKWY STE 160 GRAND PRAIRIE
901 N POLK ST STE 303,DESOTO,901 N POLK ST STE 303 DESOTO
3601 INTERSTATE 30,MESQUITE,3601 INTERSTATE 30 MESQUITE
7491 S WESTMORELAND RD,DALLAS,7491 S WESTMORELAND RD DALLAS
3021 N BUCKNER BLVD,DALLAS,3021 N BUCKNER BLVD DALLAS
4645 GUS THOMASSON RD,MESQUITE,4645 GUS THOMASSON RD MESQUITE
8424 LAKE JUNE RD,DALLAS,8424 LAKE JUNE RD DALLAS
2020 S HARWOOD ST,DALLAS,2020 S HARWOOD ST DALLAS
3888 OAK LAWN AVE,DALLAS,3888 OAK LAWN AVE DALLAS
3518 OAK LAWN AVE,DALLAS,3518 OAK LAWN AVE DALLAS
4008 URBAN AVE STE A,DALLAS,4008 URBAN AVE STE A DALLAS
500 S MACARTHUR BLVD STE 500,IRVING,500 S MACARTHUR BLVD STE 500 IRVING
2502 S BELT LINE RD STE 100,GRAND PRAIRIE,2502 S BELT LINE RD STE 100 GRAND PRAIRIE
11405 LYNDON B JOHNSON FWY,GARLAND,11405 LYNDON B JOHNSON FWY GARLAND
888 S GREENVILLE AVE STE 100,RICHARDSON,888 S GREENVILLE AVE STE 100 RICHARDSON
3015 ARAPAHO RD,GARLAND,3015 ARAPAHO RD GARLAND
11661 PRESTON RD STE 224,DALLAS,11661 PRESTON RD STE 224 DALLAS
10560 WALNUT ST STE 500,DALLAS,10560 WALNUT ST STE 500 DALLAS
1428 N IRVING HEIGHTS DR,IRVING,1428 N IRVING HEIGHTS DR IRVING
677 W CAMPBELL RD STE 100,RICHARDSON,677 W CAMPBELL RD STE 100 RICHARDSON
324 E BELT LINE RD,DESOTO,324 E BELT LINE RD DESOTO
909 DAVIS DR STE A,MESQUITE,909 DAVIS DR STE A MESQUITE
2815 N MACARTHUR BLVD,IRVING,2815 N MACARTHUR BLVD IRVING
409 W 8TH ST,DALLAS,409 W 8TH ST DALLAS
9440 GARLAND RD STE 150,DALLAS,9440 GARLAND RD STE 150 DALLAS
5706 E MOCKINGBIRD LN STE 130,DALLAS,5706 E MOCKINGBIRD LN STE 130 DALLAS
3510 S BUCKNER BLVD STE A,DALLAS,3510 S BUCKNER BLVD STE A DALLAS
5000 BELT LINE RD STE 400,DALLAS,5000 BELT LINE RD STE 400 DALLAS
805 MILL BRANCH DR,GARLAND,805 MILL BRANCH DR GARLAND
1540 DANUBE DR,DALLAS,1540 DANUBE DR DALLAS
3233 W WHEATLAND RD,DALLAS,3233 W WHEATLAND RD DALLAS
2810 E TRINITY MILLS RD STE 213,CARROLLTON,2810 E TRINITY MILLS RD STE 213 CARROLLTON
2223 SINGLETON BLVD STE 116,DALLAS,2223 SINGLETON BLVD STE 116 DALLAS
8335 WESTCHESTER DR STE 200,DALLAS,8335 WESTCHESTER DR STE 200 DALLAS
910 E PIONEER PKWY,GRAND PRAIRIE,910 E PIONEER PKWY GRAND PRAIRIE
10720 PRESTON RD STE 1018,DALLAS,10720 PRESTON RD STE 1018 DALLAS
1001 ROSS AVE STE 102,DALLAS,1001 ROSS AVE STE 102 DALLAS
610 PLYMOMOUTH PARK DR,IRVING,610 PLYMOMOUTH PARK DR IRVING
1700 PACIFIC AVE # 108,DALLAS,1700 PACIFIC AVE 108 DALLAS
273 HICKERSON ST,CEDAR HILL,273 HICKERSON ST CEDAR HILL
2905 ARKANSAS LN STE 103,GRAND PRAIRIE,2905 ARKANSAS LN STE 103 GRAND PRAIRIE
4611 COLUMBIA AVE STE 103,DALLAS,4611 COLUMBIA AVE STE 103 DALLAS
3627 BONNIE VIEW RD STE B,DALLAS,3627 BONNIE VIEW RD STE B DALLAS
1441 W MOCKINGBIRD LN,DALLAS,1441 W MOCKINGBIRD LN DALLAS
2800 ROUTH ST STE 180,DALLAS,2800 ROUTH ST STE 180 DALLAS
2051 W NORTHWEST HWY STE 60,DALLAS,2051 W NORTHWEST HWY STE 60 DALLAS
701 COMMERCE ST # 530,DALLAS,701 COMMERCE ST 530 DALLAS
9111 FOREST LN # A,DALLAS,9111 FOREST LN A DALLAS
601 PIONEER RD STE F,MESQUITE,601 PIONEER RD STE F MESQUITE
3232 SYLVAN AVE STE 110,DALLAS,3232 SYLVAN AVE STE 110 DALLAS
2605 FORT WORTH AVE STE 100,DALLAS,2605 FORT WORTH AVE STE 100 DALLAS
5625 ALPHA RD,DALLAS,5625 ALPHA RD DALLAS
1638 S 1ST ST STE B,GARLAND,1638 S 1ST ST STE B GARLAND
3420 W ILLINOIS AVE STE 100A,DALLAS,3420 W ILLINOIS AVE STE 100A DALLAS
101 S INTERSTATE 45 SERVICE RD STE 11,HUTCHINS,101 S INTERSTATE 45 SERVICE RD STE 11 HUTCHINS
9534 BECKLEY VIEW AVE,DALLAS,9534 BECKLEY VIEW AVE DALLAS
7730 N MACARTHUR BLVD STE A,IRVING,7730 N MACARTHUR BLVD STE A IRVING
1610 S 1ST ST,GARLAND,1610 S 1ST ST GARLAND
2850 N HARWOOD ST STE 110,DALLAS,2850 N HARWOOD ST STE 110 DALLAS
11361 MCCREE RD STE 110,DALLAS,11361 MCCREE RD STE 110 DALLAS
2984 W WHEATLAND RD STE E,DALLAS,2984 W WHEATLAND RD STE E DALLAS
1504 OLD ORCHARD DR,IRVING,1504 OLD ORCHARD DR IRVING
3128 MCKINNEY AVE STE D,DALLAS,3128 MCKINNEY AVE STE D DALLAS
828 E IRVING BLVD STE 100,IRVING,828 E IRVING BLVD STE 100 IRVING
2770 VALWOOD PKWY,FARMERS BRANCH,2770 VALWOOD PKWY FARMERS BRANCH
6659 AINTREE CIR,DALLAS,6659 AINTREE CIR DALLAS
3400 SAMUELL BLVD STE B,DALLAS,3400 SAMUELL BLVD STE B DALLAS
3221 FALLS DR,DALLAS,3221 FALLS DR DALLAS
1707 N HALL ST APT 216,DALLAS,1707 N HALL ST APT 216 DALLAS
9191 FOREST LN STE 1A,DALLAS,9191 FOREST LN STE 1A DALLAS
2825 LIVE OAK ST,DALLAS,2825 LIVE OAK ST DALLAS
888 S GREENVILLE AVE STE 222,RICHARDSON,888 S GREENVILLE AVE STE 222 RICHARDSON
3880 IRVING MALL,IRVING,3880 IRVING MALL IRVING
2112 ROSEBUD DR,IRVING,2112 ROSEBUD DR IRVING
4388 SPRING VALLEY RD,FARMERS BRANCH,4388 SPRING VALLEY RD FARMERS BRANCH
7989 BELT LINE RD STE 146,DALLAS,7989 BELT LINE RD STE 146 DALLAS
421 W LAWSON RD TRLR 40,DALLAS,421 W LAWSON RD TRLR 40 DALLAS
2607 SE 14TH ST,GRAND PRAIRIE,2607 SE 14TH ST GRAND PRAIRIE
3305 W ROCHELLE RD,IRVING,3305 W ROCHELLE RD IRVING
4355 INTERSTATE 30 STE 102,MESQUITE,4355 INTERSTATE 30 STE 102 MESQUITE
10028 MONROE DR,DALLAS,10028 MONROE DR DALLAS
504 S MACARTHUR BLVD,IRVING,504 S MACARTHUR BLVD IRVING
11036 ALADDIN DR,DALLAS,11036 ALADDIN DR DALLAS
4444 W ILLINOIS AVE STE 109,DALLAS,4444 W ILLINOIS AVE STE 109 DALLAS
1350 E BEAR CREEK RD,GLENN HEIGHTS,1350 E BEAR CREEK RD GLENN HEIGHTS
3548 W WALNUT ST,GARLAND,3548 W WALNUT ST GARLAND
423 E LEDBETTER DR APT 126,DALLAS,423 E LEDBETTER DR APT 126 DALLAS
13881 INTERSTATE 20,BALCH SPRINGS,13881 INTERSTATE 20 BALCH SPRINGS
700 N PEARL ST,DALLAS,700 N PEARL ST DALLAS
3102 MAIN ST,DALLAS,3102 MAIN ST DALLAS
634 N CARRIER PKWY # 160,GRAND PRAIRIE,634 N CARRIER PKWY 160 GRAND PRAIRIE
8687 N CENTRAL EXPY STE 2E3-2340,DALLAS,8687 N CENTRAL EXPY STE 2E3-2340 DALLAS
7300 N MACARTHUR BLVD STE 100,IRVING,7300 N MACARTHUR BLVD STE 100 IRVING
655 W ILLINOIS AVE STE 900,DALLAS,655 W ILLINOIS AVE STE 900 DALLAS
5509 BROADWAY BLVD STE B,GARLAND,5509 BROADWAY BLVD STE B GARLAND
2460 W ILLINOIS AVE,DALLAS,2460 W ILLINOIS AVE DALLAS
7906 ROUNDROCK RD,DALLAS,7906 ROUNDROCK RD DALLAS
4441 LAWNVIEW AVE STE C,DALLAS,4441 LAWNVIEW AVE STE C DALLAS
2215 W WALNUT ST,GARLAND,2215 W WALNUT ST GARLAND
110 W SANDY LAKE RD STE 180,COPPELL,110 W SANDY LAKE RD STE 180 COPPELL
203 E CAMP WISDOM RD STE A,DUNCANVILLE,203 E CAMP WISDOM RD STE A DUNCANVILLE
1710 W MOCKINGBIRD LN STE B,DALLAS,1710 W MOCKINGBIRD LN STE B DALLAS
2306 W 11TH ST,IRVING,2306 W 11TH ST IRVING
1107 S JOSEY LN,CARROLLTON,1107 S JOSEY LN CARROLLTON
4207 W JEFFERSON BLVD,DALLAS,4207 W JEFFERSON BLVD DALLAS
3011 GULDEN LN STE 115,DALLAS,3011 GULDEN LN STE 115 DALLAS
8687 N CENTRAL EXPY STE 400B,DALLAS,8687 N CENTRAL EXPY STE 400B DALLAS
1201 ELM ST STE LL17,DALLAS,1201 ELM ST STE LL17 DALLAS
402 S FOREST CREST DR,GARLAND,402 S FOREST CREST DR GARLAND
6807 W NORTHWEST HWY,DALLAS,6807 W NORTHWEST HWY DALLAS
1700 PACIFIC AVE STE 107,DALLAS,1700 PACIFIC AVE STE 107 DALLAS
2701 MAIN ST STE 160,DALLAS,2701 MAIN ST STE 160 DALLAS
1344 N TOWN EAST BLVD,MESQUITE,1344 N TOWN E BLVD MESQUITE
400 FIELDCREST CIR,COPPELL,400 FIELDCREST CIR COPPELL
3101 MARQUIS DR,GARLAND,3101 MARQUIS DR GARLAND
2001 ROSS AVE STE 150,DALLAS,2001 ROSS AVE STE 150 DALLAS
7730 N MACARTHUR BLVD STE 150,IRVING,7730 N MACARTHUR BLVD STE 150 IRVING
1105 W 6TH ST,IRVING,1105 W 6TH ST IRVING
428 E FM 1382,CEDAR HILL,428 E FM 1382 CEDAR HILL
2130 W KINGSLEY RD,GARLAND,2130 W KINGSLEY RD GARLAND
7617 TULANE DR,ROWLETT,7617 TULANE DR ROWLETT
103 S INTERSTATE HIGHWAY 45,WILMER,103 S INTERSTATE HIGHWAY 45 WILMER
3011 GULDEN LN STE 111,DALLAS,3011 GULDEN LN STE 111 DALLAS
110 HENSLEY DR,GRAND PRAIRIE,110 HENSLEY DR GRAND PRAIRIE
3102 MAIN ST,DALLAS,3102 MAIN ST DALLAS
3350 BROADWAY BLVD,GARLAND,3350 BROADWAY BLVD GARLAND
105 S INTERSTATE HIGHWAY 45,WILMER,105 S INTERSTATE HIGHWAY 45 WILMER
1138 PLEASANT VALLEY RD STE F,GARLAND,1138 PLEASANT VALLEY RD STE F GARLAND
1921 N PLANO RD,GARLAND,1921 N PLANO RD GARLAND
7460 S WESTMORELAND RD STE 100,DALLAS,7460 S WESTMORELAND RD STE 100 DALLAS
1830 RANGE DR STE 106,MESQUITE,1830 RANGE DR STE 106 MESQUITE
8550 PLANO RD STE 101,DALLAS,8550 PLANO RD STE 101 DALLAS
2205 WALNUT CREEK TRL,GARLAND,2205 WALNUT CREEK TRL GARLAND
11732 MARSH LN,DALLAS,11732 MARSH LN DALLAS
3121 E LEDBETTER DR STE 104B,DALLAS,3121 E LEDBETTER DR STE 104B DALLAS
609 HARVEST GLEN DR,CEDAR HILL,609 HARVEST GLEN DR CEDAR HILL
7903 LEIGH ANN DR,DALLAS,7903 LEIGH ANN DR DALLAS
9858 PLANO RD STE 306,DALLAS,9858 PLANO RD STE 306 DALLAS
415 S CARROLL AVE STE 104,DALLAS,415 S CARROLL AVE STE 104 DALLAS
4630 STIGALL DR,DALLAS,4630 STIGALL DR DALLAS
9505 LARGA DR,DALLAS,9505 LARGA DR DALLAS
2915 ESTERS RD,IRVING,2915 ESTERS RD IRVING
425 CONEFLOWER DR STE B05,GARLAND,425 CONEFLOWER DR STE B05 GARLAND
7777 FOREST LN STE A098,DALLAS,7777 FOREST LN STE A098 DALLAS
969 S LAMAR ST,DALLAS,969 S LAMAR ST DALLAS
2518 W KINGSLEY RD STE 101,GARLAND,2518 W KINGSLEY RD STE 101 GARLAND
3114 IVANDELL AVE,DALLAS,3114 IVANDELL AVE DALLAS
2007 W DAVIS ST,DALLAS,2007 W DAVIS ST DALLAS
4835 N OCONNOR RD STE 112,IRVING,4835 N OCONNOR RD STE 112 IRVING
425 S BELT LINE RD STE A,GRAND PRAIRIE,425 S BELT LINE RD STE A GRAND PRAIRIE
1080 W BETHEL RD,COPPELL,1080 W BETHEL RD COPPELL
3983 N BELT LINE RD,IRVING,3983 N BELT LINE RD IRVING
602 N HALL ST,SEAGOVILLE,602 N HALL ST SEAGOVILLE
4950 W ILLINOIS AVE STE 103,DALLAS,4950 W ILLINOIS AVE STE 103 DALLAS
1328 N JIM MILLER RD STE 113,DALLAS,1328 N JIM MILLER RD STE 113 DALLAS
444 W INTERSTATE 20,GRAND PRAIRIE,444 W INTERSTATE 20 GRAND PRAIRIE
3034 WEBB CHAPEL EXT STE 100,DALLAS,3034 WEBB CHAPEL EXT STE 100 DALLAS
6055 SHERRY LN,DALLAS,6055 SHERRY LN DALLAS
513 WALES CT,COPPELL,513 WALES CT COPPELL
2806 N HIGHWAY 175,SEAGOVILLE,2806 N HIGHWAY 175 SEAGOVILLE
1518 W BUCKINGHAM RD,GARLAND,1518 W BUCKINGHAM RD GARLAND
2022 N GLENBROOK DR,GARLAND,2022 N GLENBROOK DR GARLAND
2913 MONTICELLO LN,LANCASTER,2913 MONTICELLO LN LANCASTER
7001 FAIRFIELD DR,ROWLETT,7001 FAIRFIELD DR ROWLETT
301 MODENE ST TRLR 29,SEAGOVILLE,301 MODENE ST TRLR 29 SEAGOVILLE
1530 MAIN ST STE B,DALLAS,1530 MAIN ST STE B DALLAS
4919 W DAVIS ST STE 150,DALLAS,4919 W DAVIS ST STE 150 DALLAS
1220 N TOWN EAST BLVD STE 650,MESQUITE,1220 N TOWN E BLVD STE 650 MESQUITE
9371 GARLAND RD STE B,DALLAS,9371 GARLAND RD STE B DALLAS
11722 MARSH LN STE 317,DALLAS,11722 MARSH LN STE 317 DALLAS
9530 OVERLAKE DR STE A,DALLAS,9530 OVERLAKE DR STE A DALLAS
3699 MCKINNEY AVE STE 101,DALLAS,3699 MCKINNEY AVE STE 101 DALLAS
1314 S BUCKNER BLVD STE 200,DALLAS,1314 S BUCKNER BLVD STE 200 DALLAS
13350 AUDELIA RD STE 110,DALLAS,13350 AUDELIA RD STE 110 DALLAS
4857 CALVERT ST,DALLAS,4857 CALVERT ST DALLAS
4020 W CAMP WISDOM RD,DALLAS,4020 W CAMP WISDOM RD DALLAS
3878 OAK LAWN AVE STE 180,DALLAS,3878 OAK LAWN AVE STE 180 DALLAS
4203 SOMERVILLE AVE,DALLAS,4203 SOMERVILLE AVE DALLAS
1501 RANDOLPH ST,CARROLLTON,1501 RANDOLPH ST CARROLLTON
2002 HIGHWAY 66,GARLAND,2002 HIGHWAY 66 GARLAND
219 CROWN POINT DR,COPPELL,219 CROWN POINT DR COPPELL
1456 BELT LINE RD STE 147,GARLAND,1456 BELT LINE RD STE 147 GARLAND
1806 WESTMINSTER DR,GRAND PRAIRIE,1806 WESTMINSTER DR GRAND PRAIRIE
2155 MARSH LN STE 138,CARROLLTON,2155 MARSH LN STE 138 CARROLLTON
5335 BROADWAY BLVD STE 210,GARLAND,5335 BROADWAY BLVD STE 210 GARLAND
1311 GRINNELL DR,RICHARDSON,1311 GRINNELL DR RICHARDSON
1472 N HAMPTON RD STE 100,DESOTO,1472 N HAMPTON RD STE 100 DESOTO
230 N DENTON TAP RD STE 110,COPPELL,230 N DENTON TAP RD STE 110 COPPELL
1863 N PLANO RD,RICHARDSON,1863 N PLANO RD RICHARDSON
3480 S CARRIER PKWY STE 200,GRAND PRAIRIE,3480 S CARRIER PKWY STE 200 GRAND PRAIRIE
2050 N PLANO RD # 300-E,RICHARDSON,2050 N PLANO RD 300-E RICHARDSON
9630 INWOOD RD,DALLAS,9630 INWOOD RD DALLAS
2910 RUDER ST # A,DALLAS,2910 RUDER ST A DALLAS
4717 WILDWOOD RD,DALLAS,4717 WILDWOOD RD DALLAS
4865 SUNNYVALE ST STE C,DALLAS,4865 SUNNYVALE ST STE C DALLAS
3502 S CARRIER PKWY STE D,GRAND PRAIRIE,3502 S CARRIER PKWY STE D GRAND PRAIRIE
11700 PRESTON RD STE 630,DALLAS,11700 PRESTON RD STE 630 DALLAS
11361 MCCREE RD UNIT 160,DALLAS,11361 MCCREE RD UNIT 160 DALLAS
6030 LUTHER LN STE 160,DALLAS,6030 LUTHER LN STE 160 DALLAS
1335 N BELT LINE RD STE 13,IRVING,1335 N BELT LINE RD STE 13 IRVING
960 E SANDY LAKE RD,COPPELL,960 E SANDY LAKE RD COPPELL
2233 N PRAIRIE CREEK RD STE C2-B,DALLAS,2233 N PRAIRIE CREEK RD STE C2-B DALLAS
3217 MALCOLM X BLVD,DALLAS,3217 MALCOLM X BLVD DALLAS
1410 WOODED LAKE DR,MESQUITE,1410 WOODED LAKE DR MESQUITE
14215 COIT RD STE 104,DALLAS,14215 COIT RD STE 104 DALLAS
1402 NORTHWEST HWY STE 100,GARLAND,1402 NORTHWEST HWY STE 100 GARLAND
8501 OLD HICKORY TRL APT 1206,DALLAS,8501 OLD HICKORY TRL APT 1206 DALLAS
3631 DELFORD CIR,DALLAS,3631 DELFORD CIR DALLAS
658 W INTERSTATE 30 STE 11K,GARLAND,658 W INTERSTATE 30 STE 11K GARLAND
6501 DALROCK RD STE 102,ROWLETT,6501 DALROCK RD STE 102 ROWLETT
10854 PRESTON RD,DALLAS,10854 PRESTON RD DALLAS
4448 S MARSALIS AVE,DALLAS,4448 S MARSALIS AVE DALLAS
2726 W IRVING BLVD,IRVING,2726 W IRVING BLVD IRVING
1314 N DALLAS AVE,LANCASTER,1314 N DALLAS AVE LANCASTER
3225 W PLEASANT RUN RD STE 102A,LANCASTER,3225 W PLEASANT RUN RD STE 102A LANCASTER
2585 FAITHON P LUCAS SR BLVD STE 600,MESQUITE,2585 FAITHON P LUCAS SR BLVD STE 600 MESQUITE
13350 DALLAS PKWY STE 2655,DALLAS,13350 DALLAS PKWY STE 2655 DALLAS
405 S BELT LINE RD,GRAND PRAIRIE,405 S BELT LINE RD GRAND PRAIRIE
2120 N SAINT AUGUSTINE DR STE 130,DALLAS,2120 N SAINT AUGUSTINE DR STE 130 DALLAS
2680 OLD DENTON RD STE 172,CARROLLTON,2680 OLD DENTON RD STE 172 CARROLLTON
14311 SKYFROST DR TRLR 176,DALLAS,14311 SKYFROST DR TRLR 176 DALLAS
5424 KLEBERG DR,GRAND PRAIRIE,5424 KLEBERG DR GRAND PRAIRIE
1157 EASTON RD STE 108,DALLAS,1157 EASTON RD STE 108 DALLAS
8701 LIBERTY GROVE RD STE 600,ROWLETT,8701 LIBERTY GROVE RD STE 600 ROWLETT
3620 W PIONEER DR STE 100,IRVING,3620 W PIONEER DR STE 100 IRVING
3699 MCKINNEY AVE STE 510,DALLAS,3699 MCKINNEY AVE STE 510 DALLAS
3629 HOLMES ST,DALLAS,3629 HOLMES ST DALLAS
1005 S JOSEY LN,CARROLLTON,1005 S JOSEY LN CARROLLTON
3802 N TOWN EAST BLVD,MESQUITE,3802 N TOWN E BLVD MESQUITE
4512 BORDEAUX AVE,DALLAS,4512 BORDEAUX AVE DALLAS
1308 E BEAR CREEK RD STE 270,GLENN HEIGHTS,1308 E BEAR CREEK RD STE 270 GLENN HEIGHTS
8068 PARK LN APT 403,DALLAS,8068 PARK LN APT 403 DALLAS
6024 BROADWAY BLVD,GARLAND,6024 BROADWAY BLVD GARLAND
438 E WHEATLAND RD # 438,DUNCANVILLE,438 E WHEATLAND RD 438 DUNCANVILLE
6155 SAMUELL BLVD STE 150,DALLAS,6155 SAMUELL BLVD STE 150 DALLAS
4945 MORRIS AVE APT 4348,ADDISON,4945 MORRIS AVE APT 4348 ADDISON
909 E DAVIS ST STE C,MESQUITE,909 E DAVIS ST STE C MESQUITE
2204 KELLY BLVD STE 101,CARROLLTON,2204 KELLY BLVD STE 101 CARROLLTON
6001 FOREST PARK RD,DALLAS,6001 FOREST PARK RD DALLAS
4607 VILLAGE FAIR DR STE 317,DALLAS,4607 VILLAGE FAIR DR STE 317 DALLAS
4107 W JEFFERSON BLVD,DALLAS,4107 W JEFFERSON BLVD DALLAS
6302 GLENMOOR DR,GARLAND,6302 GLENMOOR DR GARLAND
1009 VIA VALENCIA,MESQUITE,1009 VIA VALENCIA MESQUITE
2150 GUS THOMASSON RD APT 2215,MESQUITE,2150 GUS THOMASSON RD APT 2215 MESQUITE
17120 DALLAS PKWY STE 101,DALLAS,17120 DALLAS PKWY STE 101 DALLAS
1915 PETERS RD STE 213,IRVING,1915 PETERS RD STE 213 IRVING
1710 W MOCKINGBIRD LN UNIT B,DALLAS,1710 W MOCKINGBIRD LN UNIT B DALLAS
211 N ERVAY ST STE 1423,DALLAS,211 N ERVAY ST STE 1423 DALLAS
10825 DENNIS RD STE 102,DALLAS,10825 DENNIS RD STE 102 DALLAS
241 E FM 1382 STE 310,CEDAR HILL,241 E FM 1382 STE 310 CEDAR HILL
1409 S LAMAR ST APT 10,DALLAS,1409 S LAMAR ST APT 10 DALLAS
2063 TOWN EAST MALL # 5521,MESQUITE,2063 TOWN E MALL 5521 MESQUITE
7410 HARRY HINES BLVD,DALLAS,7410 HARRY HINES BLVD DALLAS
1615 SINGLETON BLVD STE B,DALLAS,1615 SINGLETON BLVD STE B DALLAS
513 W JEFFERSON ST STE 105,GRAND PRAIRIE,513 W JEFFERSON ST STE 105 GRAND PRAIRIE
201 S BELT LINE RD STE 103,IRVING,201 S BELT LINE RD STE 103 IRVING
3609 GREENVILLE AVE,DALLAS,3609 GREENVILLE AVE DALLAS
4020 W CAMP WISDOM RD,DALLAS,4020 W CAMP WISDOM RD DALLAS
643 RICKEY CANYON AVE,DESOTO,643 RICKEY CANYON AVE DESOTO
1900 MARKET PLACE BLVD STE 110,IRVING,1900 MARKET PLACE BLVD STE 110 IRVING
4945 CROOKED LN,DALLAS,4945 CROOKED LN DALLAS
203 N BELTLINE RD,GRAND PRAIRIE,203 N BELTLINE RD GRAND PRAIRIE
9015 GUNNISON DR,DALLAS,9015 GUNNISON DR DALLAS
2701 E GRAUWYLER RD BLDG 1DPT,IRVING,2701 E GRAUWYLER RD BLDG 1DPT IRVING
1130 S BELT LINE RD STE 100,DALLAS,1130 S BELT LINE RD STE 100 DALLAS
101 N HAMPTON RD STE 105,DESOTO,101 N HAMPTON RD STE 105 DESOTO
501 WARREN DR,GARLAND,501 WARREN DR GARLAND
2051 W NORTHWEST HWY STE 53,DALLAS,2051 W NORTHWEST HWY STE 53 DALLAS
3501 GUS THOMASSON RD STE 103,MESQUITE,3501 GUS THOMASSON RD STE 103 MESQUITE
1141 E WALNUT ST,GARLAND,1141 E WALNUT ST GARLAND
685 TOWN SQUARE BLVD,GARLAND,685 TOWN SQUARE BLVD GARLAND
701 W JEFFERSON ST,GRAND PRAIRIE,701 W JEFFERSON ST GRAND PRAIRIE
2915 COMMUNITY DR STE 101,DALLAS,2915 COMMUNITY DR STE 101 DALLAS
1720 W BRUTON RD STE 100,BALCH SPRINGS,1720 W BRUTON RD STE 100 BALCH SPRINGS
6106 SKILLMAN ST,DALLAS,6106 SKILLMAN ST DALLAS
323 N STORY RD,IRVING,323 N STORY RD IRVING
1105 S BROADWAY ST,CARROLLTON,1105 S BROADWAY ST CARROLLTON
7310 MARVIN D LOVE FWY APT 125,DALLAS,7310 MARVIN D LOVE FWY APT 125 DALLAS
2050 N PLANO RD # 300C,RICHARDSON,2050 N PLANO RD 300C RICHARDSON
801 N O CONNOR RD # 1007,IRVING,801 N O CONNOR RD 1007 IRVING
2714 S 2ND AVE,DALLAS,2714 S 2ND AVE DALLAS
3503 ROWLETT RD STE J104,ROWLETT,3503 ROWLETT RD STE J104 ROWLETT
1700 PACIFIC AVE STE 108,DALLAS,1700 PACIFIC AVE STE 108 DALLAS
