TAXPAYER_NUMBER,TAXPAYER_NAME,TAXPAYER_ADDRESS,TAXPAYER_CITY,TAXPAYER_STATE,TAXPAYER_ZIP_CODE,TAXPAYER_COUNTY_CODE,TAXPAYER_ORGANIZATION_TYPE,OUTLET_NUMBER,OUTLET_NAME,OUTLET_ADDRESS,OUTLET_CITY,OUTLET_STATE,OUTLET_ZIP_CODE,OUTLET_COUNTY_CODE,OUTLET_NAICS_CODE,OUTLET_INSIDE/OUTSIDE_CITY_LIMITS_INDICATOR,OUTLET_PERMIT_ISSUE_DATE,OUTLET_FIRST_SALES_DATE,ID,Latitude,Longitude,Match_Status,Match_Type
17527673150,"ORTEGA INVESTMENTS, INC.",2727 LYNDON B JOHNSON FWY STE 927,FARMERS BRNCH,TX,75234,57,CT,3,LA AZTECA MEAT MARKET #2,3046 FOREST LN STE B,DALLAS,TX,75234,57.0,445210.0,Y,04/02/2007,04/05/2007,0,32.909537128346,-96.875249082081,Match,Non_Exact
32050333254,"WINCO FOODS, LLC",PO BOX 5756 ATTN: KIRBY SANDBERG,BOISE,ID,83705,0,CI,6,WINCO FOODS,1122 W CENTERVILLE RD,GARLAND,TX,75041,57.0,445110.0,Y,11/24/2014,02/03/2015,1,,,No_Match,
32085465873,JMSY FAMILY INC,2332 BELLA CT,CARROLLTON,TX,75010,61,CT,1,DONUT HOUSE,6421 RIVERSIDE DR STE 110,IRVING,TX,75039,57.0,445291.0,Y,07/21/2022,08/01/2022,2,32.897319553596,-96.939050248351,Match,Exact
32059446701,JOSEFINA SANCHEZ,1639 S BUCKNER BLVD,DALLAS,TX,75217,57,IS,1,DULCERIA EMMANUEL,1639 S BUCKNER BLVD,DALLAS,TX,75217,57.0,445292.0,Y,02/01/2016,01/01/2016,3,32.740362487008,-96.683041428861,Match,Non_Exact
32044349556,KIM & KU INC.,11445 EMERALD ST STE 112,DALLAS,TX,75229,57,CT,3,SK DONUTS,5181 KELLER SPRINGS RD STE 103,DALLAS,TX,75248,57.0,445291.0,Y,05/02/2019,05/15/2019,4,,,No_Match,
32063121290,BLIS LLC,1900 S JOSEY LN,CARROLLTON,TX,75006,57,CL,1,POSCO BEER & WINE,1900 S JOSEY LN,CARROLLTON,TX,75006,57.0,445120.0,Y,04/05/2017,05/15/2017,5,32.96467488744,-96.889922895209,Match,Non_Exact
32040748454,"SHAYONA VEGETARIAN, LLC",81 SUTTONS LN,PISCATAWAY,NJ,08854,0,CL,8,BAPS SHAYONA,4601 N STATE HIGHWAY 161,IRVING,TX,75038,57.0,445299.0,Y,08/09/2010,07/01/2010,6,,,No_Match,
32068166191,AFSA ENTERPRISES INC,1600 MARSH LN STE 100,CARROLLTON,TX,75006,57,CT,1,ONE STOP FOOD STORE,1600 MARSH LN STE 100,CARROLLTON,TX,75006,57.0,445120.0,Y,10/18/2018,10/15/2018,7,,,No_Match,
32069866518,MARIA ANDREE BOUTIQUE BAKERY LLC,6906 SNIDER PLZ,DALLAS,TX,75205,57,CL,1,MARIA ANDREE BOUTIQUE BAKERY,6906 SNIDER PLZ,DALLAS,TX,75205,57.0,445291.0,Y,12/15/2020,12/18/2020,8,32.849445592542,-96.787728484408,Match,Exact
32063533080,TEAM BAILEY LLC,7720 WINDSOR DR,ALLENTOWN,PA,18106,0,CL,9,DOMINO'S #6971,2615 OAK LAWN AVE STE 110,DALLAS,TX,75219,57.0,445299.0,Y,12/13/2017,01/08/2018,9,32.805478942931,-96.812826299989,Match,Exact
17418740332,"FIESTA MART, L.L.C.",600 CITADEL DR,COMMERCE,CA,90040,0,CL,64,FIESTA MART #40,5334 ROSS AVE,DALLAS,TX,75206,57.0,445110.0,Y,03/26/1996,03/26/1996,10,32.809707500376,-96.771919018348,Match,Exact
14312832968,"MORAN FOODS, LLC",400 NORTHWEST PLAZA DR,SAINT ANN,MO,63074,0,CI,82,SAVE-A-LOT #757,2233 N PRAIRIE CREEK RD,DALLAS,TX,75227,57.0,445110.0,Y,12/22/2010,01/06/2011,11,32.750592964147,-96.665240874123,Match,Exact
17427437011,SPEC'S FAMILY CORP.,2410 SMITH ST,HOUSTON,TX,77006,101,CT,93,"SPEC'S WINES, SPIRITS & FINER FOODS, #218, SFP DIS",4136 S CARRIER PKWY STE 350,GRAND PRAIRIE,TX,75052,57.0,445310.0,Y,01/27/2023,02/01/2023,12,32.671294448561,-97.00577681277,Match,Exact
32097165180,ONHAND VENDING LLC,757 LAKE CAROLYN PKWY APT 1235,IRVING,TX,75039,57,CL,1,ONHAND VENDING LLC,757 LAKE CAROLYN PKWY APT 1235,IRVING,TX,75039,57.0,445120.0,Y,10/22/2024,10/25/2024,13,32.864310710255,-96.92903041087,Match,Exact
17606039679,"RANDALL'S BEVERAGE COMPANY, INC.",PO BOX 29096,PHOENIX,AZ,85038,0,CT,139,TOM THUMB #1783,2645 ARAPAHO ROAD,GARLAND,TX,75044,57.0,445110.0,Y,05/10/2005,06/01/2005,14,32.959649205707,-96.66480715366,Match,Exact
32051781550,RMB CAPITAL HOLDING INC,4928 COLUMBIA AVE,DALLAS,TX,75214,57,CT,1,JOHNNYS LIQUOR #3,4928 COLUMBIA AVE,DALLAS,TX,75214,57.0,445310.0,Y,09/09/2013,09/20/2013,15,32.795636755487,-96.76286026737,Match,Exact
17430997936,TEXAS HALA CORP.,3901 W NORTHGATE DR,IRVING,TX,75062,57,CT,1,ZAM ZAM SUPERMARKET,3901 W NORTHGATE DR,IRVING,TX,75062,57.0,445110.0,Y,02/02/2006,02/10/2006,16,32.857144162513,-97.001659392401,Match,Exact
32063533080,TEAM BAILEY LLC,7720 WINDSOR DR,ALLENTOWN,PA,18106,0,CL,2,DOMINO'S #6564,4880 SUNNYVALE ST,DALLAS,TX,75216,57.0,445299.0,Y,12/13/2017,01/08/2018,17,32.695852867056,-96.772808533826,Match,Exact
32063533080,TEAM BAILEY LLC,7720 WINDSOR DR,ALLENTOWN,PA,18106,0,CL,18,DOMINO'S #6918,10909 WEBB CHAPEL RD STE 118,DALLAS,TX,75229,57.0,445299.0,Y,12/13/2017,01/08/2018,18,,,No_Match,
32063533080,TEAM BAILEY LLC,7720 WINDSOR DR,ALLENTOWN,PA,18106,0,CL,12,DOMINO'S #6975,222 N STORY RD STE 118,IRVING,TX,75061,57.0,445299.0,Y,12/13/2017,01/08/2018,19,32.816543194923,-96.97632744756,Match,Exact
32020855790,"RICHLAND MARKET GROCERY, INC.",9410 WALNUT ST STE 102,DALLAS,TX,75243,57,CT,1,RICHLAND MARKET GROCERY INC,9410 WALNUT ST STE 102,DALLAS,TX,75243,57.0,445120.0,Y,10/27/2006,10/01/2006,20,32.923353592746,-96.736977667789,Match,Exact
32063533080,TEAM BAILEY LLC,7720 WINDSOR DR,ALLENTOWN,PA,18106,0,CL,13,DOMINO'S #6983,2220 MARSH LN STE 100,CARROLLTON,TX,75006,57.0,445299.0,Y,12/13/2017,01/08/2018,21,32.969806885481,-96.854551845869,Match,Exact
32061904648,HIWOT TEGEN,1437 S JUPITER RD,GARLAND,TX,75042,57,IS,1,HIWOT INJERA,1437 S JUPITER RD,GARLAND,TX,75042,57.0,445230.0,Y,01/25/2024,11/01/2016,22,32.89974727066,-96.683132833685,Match,Exact
32070797942,CATHERINE BUI,3906 BURNING TREE LN,GARLAND,TX,75042,57,IS,1,HUONG VIET,1303 W BUCKINGHAM RD STE 101,GARLAND,TX,75040,57.0,445299.0,Y,05/22/2019,07/01/2019,23,32.931223191595,-96.646442579235,Match,Exact
14312832968,"MORAN FOODS, LLC",400 NORTHWEST PLAZA DR,SAINT ANN,MO,63074,0,CI,47,SAVE-A-LOT #738,1150 W KIEST BLVD STE 201,DALLAS,TX,75224,57.0,445110.0,Y,11/14/2005,07/01/2005,24,32.705729983048,-96.841727619896,Match,Exact
32067949753,MARIA E ZANAS,6417 SILVERY MOON DR,DALLAS,TX,75241,57,IS,1,MI RINCON LATINO,11206 LAKE JUNE RD STE E,BALCH SPRINGS,TX,75180,57.0,445120.0,Y,05/10/2019,08/15/2018,25,32.733993720857,-96.63490845274,Match,Non_Exact
32049263703,VARSHA INC,1117 SHEARWATER LN,GARLAND,TX,75043,57,CT,1,EXPRESS WAY,3925 BROADWAY BLVD,GARLAND,TX,75043,57.0,445120.0,Y,10/19/2012,01/10/2013,26,32.866023234539,-96.607047882609,Match,Exact
16806574493,MONTEREY FOODS LLC,2501 E GUASTI RD,ONTARIO,CA,91761,0,CL,1,EL RANCHO #15,10020 MARSH LN,DALLAS,TX,75229,57.0,445110.0,Y,12/10/2007,02/01/2008,27,32.881246807063,-96.856051562125,Match,Exact
17418740332,"FIESTA MART, L.L.C.",600 CITADEL DR,COMMERCE,CA,90040,0,CL,98,FIESTA MART # 70,1235 S JOSEY LN,CARROLLTON,TX,75006,57.0,445110.0,Y,08/15/2008,10/01/2008,28,32.950704227597,-96.890122945445,Match,Exact
32084608457,K&A HUTCHINS INC,3044 OLD DENTON RD STE 300,CARROLLTON,TX,75007,61,CT,1,LA PLAZA FOOD MARKETS,801 W PALESTINE ST # 106,HUTCHINS,TX,75141,57.0,445310.0,Y,07/14/2022,08/01/2022,29,32.648903065065,-96.708404384865,Match,Non_Exact
14312832968,"MORAN FOODS, LLC",400 NORTHWEST PLAZA DR,SAINT ANN,MO,63074,0,CI,84,SAVE-A-LOT #755,1055 W PLEASANT RUN RD,LANCASTER,TX,75146,57.0,445110.0,Y,12/17/2012,01/11/2013,30,32.605209630585,-96.778390892493,Match,Exact
32062591105,SAI KAMALESORI INC,8505 REVENUE WAY,N RICHLND HLS,TX,76182,220,CT,1,FOOD PLUS,6214 SAMUELL BLVD,DALLAS,TX,75228,57.0,445120.0,Y,10/24/2024,02/01/2017,31,32.792075828527,-96.698767667295,Match,Exact
32063533080,TEAM BAILEY LLC,7720 WINDSOR DR,ALLENTOWN,PA,18106,0,CL,8,DOMINO'S #6927,13260 JOSEY LN STE 117,FARMERS BRANCH,TX,75234,57.0,445299.0,Y,12/13/2017,01/08/2018,32,32.925111713213,-96.881465520127,Match,Exact
32029362228,MEXICO FOODS LLC,PO BOX 2069,ADDISON,TX,75001,57,CL,2,EL RANCHO,2314 W ILLINOIS AVE,DALLAS,TX,75224,57.0,445110.0,Y,09/07/2023,07/01/2023,33,32.72015806774,-96.856342553572,Match,Exact
32090671267,SARAV GROUP LLC,6700 SLEEPY RIVER ST,MCKINNEY,TX,75070,43,CL,1,CREAMISTRY,5100 BELT LINE RD STE 610,DALLAS,TX,75254,57.0,445299.0,Y,07/28/2023,07/28/2023,34,32.953965297782,-96.821670972107,Match,Exact
32051896580,MSQ FROG LLC,21620 I-20,CANTON,TX,75103,234,CL,1,SWEET FROG,1515 N TOWN EAST BLVD STE 121,MESQUITE,TX,75150,57.0,445299.0,Y,12/10/2013,12/01/2013,35,32.810946544914,-96.61808014044,Match,Exact
32055078714,SMZ FOOD MART INC,2001 DOVE CREEK LN,MESQUITE,TX,75149,57,CT,1,STOP N SHOP FOOD MART BEER & WINE,3195 GREAT TRINITY FOREST WAY # A1,DALLAS,TX,75216,57.0,445120.0,Y,12/11/2014,01/01/2015,36,,,No_Match,
32082147748,SHIVASUNI LLC,6714 CHRISTINA LN,GARLAND,TX,75043,57,CL,1,RARA FOOD MART,3300 SHEPHERD LN STE A,BALCH SPRINGS,TX,75180,57.0,445120.0,Y,12/14/2021,12/24/2021,37,32.724621125423,-96.613992735194,Match,Non_Exact
32041807838,"47ST02 ENTERPRISES, INC.",4702 E GRAND AVE,DALLAS,TX,75223,57,CT,1,$ STUFF & MORE,4702 E GRAND AVE,DALLAS,TX,75223,57.0,445120.0,Y,05/17/2010,05/15/2010,38,32.785527888134,-96.756310312053,Match,Exact
17523093270,"MADERA-PAAN, INC.",1405 MARTIN LUTHER KING JR BLVD,DALLAS,TX,75215,57,CT,1,BIG D CUTRATE BEER & WINE,1405 MARTIN LUTHER KING JR BLVD,DALLAS,TX,75215,57.0,445310.0,Y,01/13/1990,01/01/1990,39,32.759588899155,-96.779758275348,Match,Exact
32063533080,TEAM BAILEY LLC,7720 WINDSOR DR,ALLENTOWN,PA,18106,0,CL,5,DOMINO'S #6934,518 W ARAPAHO RD STE B103,RICHARDSON,TX,75080,57.0,445299.0,Y,12/13/2017,01/08/2018,40,32.961510474216,-96.735408594202,Match,Exact
32090671267,SARAV GROUP LLC,6700 SLEEPY RIVER ST,MCKINNEY,TX,75070,43,CL,2,CREAMISTRY,5250 N OCONNOR BLVD STE 140,IRVING,TX,75039,57.0,445299.0,Y,07/28/2023,07/28/2023,41,32.869935863141,-96.937950307763,Match,Non_Exact
32081168026,LOSING FRIENDS AND FINDING PEACE INC,11306 LYNDON B JOHNSON FWY STE 100,DALLAS,TX,75238,57,CT,1,THE CORNER SPOT,11306 LYNDON B JOHNSON FWY STE 100,DALLAS,TX,75238,57.0,445120.0,Y,10/19/2021,11/01/2021,42,32.878564489602,-96.689439911806,Match,Exact
32055886785,"MACARTHUR IRVING GROCERY, LLC",3700 25TH AVE FRNT A,SCHILLER PARK,IL,60176,16,CI,1,PATEL BROTHERS IRVING 2,8151 WALTON BLVD,IRVING,TX,75063,57.0,445110.0,Y,07/21/2015,08/01/2015,43,,,No_Match,
32009285167,MARIA L RODRIGUEZ,2210 ELMWOOD BLVD,DALLAS,TX,75224,57,IS,7,LA CAMPESINA,712 S WALTON WALKER BLVD STE 1-D,DALLAS,TX,75211,57.0,445292.0,Y,09/25/2024,07/01/2006,44,32.750682145297,-96.920244386608,Match,Non_Exact
32073842455,"SINGH AND SONS INVESTMENTS, LLC",3629 HANOVER CT,THE COLONY,TX,75056,61,CL,1,BALCH SPRINGS LIQUOR ZONE,1820 W BRUTON RD,BALCH SPRINGS,TX,75180,57.0,445310.0,Y,05/19/2020,06/01/2020,45,32.748513209009,-96.626565578631,Match,Exact
32069368218,"LMMM DALLAS #3, LTD.",8830 LONG POINT RD STE 700,HOUSTON,TX,77055,101,PL,1,LA MICHOACANA MEAT MARKET,2441 W WALNUT ST STE 225,GARLAND,TX,75042,57.0,445110.0,Y,10/03/2019,12/01/2019,46,32.916420451999,-96.664518027445,Match,Exact
32040447735,TOM & ANH LE CORP.,3010 RUSSELL RD,ARLINGTON,TX,76001,220,CT,1,SONNY'S LIQUOR,2450 WALNUT HILL LN,DALLAS,TX,75229,57.0,445310.0,Y,10/23/2009,12/01/2009,47,32.880930878726,-96.896482669308,Match,Exact
32101430521,SHABAD LLC,117 S CARROLL AVE,DALLAS,TX,75226,57,CL,1,BIG JIM DISCOUNT LIQUOR,117 S CARROLL AVE,DALLAS,TX,75226,57.0,445310.0,Y,08/18/2025,08/20/2025,48,32.791088263127,-96.767095747407,Match,Exact
32093101692,ASA 2024 LLC,3532 TREETOP DR,EULESS,TX,76040,220,CL,1,SHOP AND GO,1900 N HALL ST,DALLAS,TX,75204,57.0,445120.0,Y,01/23/2024,02/01/2024,49,32.797083256121,-96.790966785408,Match,Non_Exact
32042803174,ORCHARD AT THE OFFICE LLC,797 N GROVE RD STE 105,RICHARDSON,TX,75081,57,CL,1,ORCHARD AT THE OFFICE,797 N GROVE RD STE 105,RICHARDSON,TX,75081,57.0,445299.0,Y,07/24/2023,05/01/2020,50,32.956780939776,-96.718650768463,Match,Exact
17106365988,QUALITY LICENSING CORP.,508 SW 8TH ST,BENTONVILLE,AR,72712,0,CT,243,QUALITY LICENSING CORP (STORE# 3225),2501 LAKEVIEW PKWY,ROWLETT,TX,75088,57.0,445310.0,Y,05/20/2004,06/01/2004,51,,,No_Match,
14312832968,"MORAN FOODS, LLC",400 NORTHWEST PLAZA DR,SAINT ANN,MO,63074,0,CI,78,SAVE-A-LOT #752,2611 S LANCASTER RD,DALLAS,TX,75216,57.0,445110.0,Y,02/25/2009,02/16/2009,52,32.716732080961,-96.804624746015,Match,Exact
32049867743,M& Z BUSINESS INVESTMENT LLC,5716 EAGLEBEND DR,RICHARDSON,TX,75082,43,CL,1,SMART-MART C-STORE,3150 E LEDBETTER DR,DALLAS,TX,75216,57.0,445120.0,Y,01/25/2024,03/15/2013,53,32.695740426264,-96.768467835446,Match,Exact
32046375583,400 SLBW LLC,"460 N LAMAR ST, STE#300",DALLAS,TX,75202,57,CL,3,STAR LIQUOR BEER & WINE,460 N LAMAR ST # 300,DALLAS,TX,75202,57.0,445310.0,Y,04/04/2014,09/15/2014,54,32.781703622844,-96.804964493548,Match,Exact
32063533080,TEAM BAILEY LLC,7720 WINDSOR DR,ALLENTOWN,PA,18106,0,CL,23,DOMINO'S #6930,6451 RIVERSIDE DR,IRVING,TX,75039,57.0,445299.0,Y,08/20/2018,07/09/2018,55,32.897511645472,-96.939132144645,Match,Exact
32037759795,VU AND HU CORPORATION,2215 S MARSALIS AVE,DALLAS,TX,75216,57,CT,1,FOOD-RITE MARKET,2215 S MARSALIS AVE,DALLAS,TX,75216,57.0,445110.0,Y,09/17/2008,10/01/2008,56,32.721236634864,-96.814617577707,Match,Exact
32069897281,1214 BPH PARTNERS LLC,460 N LAMAR ST STE 300,DALLAS,TX,75202,57,CL,1,"CHEERS LIQUOR, BEER & WINE",5460 LEMMON AVE,DALLAS,TX,75209,57.0,445310.0,Y,05/07/2019,07/01/2019,57,32.827962271432,-96.823988815824,Match,Exact
17606613929,"RUVALCABA MEAT MARKET, LTD.",PO BOX 55009,HOUSTON,TX,77255,101,PL,1,LA MICHOACANA MEAT MARKET DALLAS #9,1506 S BUCKNER BLVD,DALLAS,TX,75217,57.0,445210.0,Y,03/21/2011,03/01/2001,58,32.738017552344,-96.682764891368,Match,Non_Exact
17515349359,"YATES GROUP, INC.",2015 GALLERIA OAKS DR,TEXARKANA,TX,75503,19,CT,357,E-Z MART #5812,1202 E INTERSTATE 30,GARLAND,TX,75043,57.0,445120.0,Y,07/11/2019,05/01/2019,59,,,No_Match,
32063533080,TEAM BAILEY LLC,7720 WINDSOR DR,ALLENTOWN,PA,18106,0,CL,17,DOMINO'S #9288,1133 N ZANG BLVD STE 105,DALLAS,TX,75203,57.0,445299.0,Y,12/13/2017,01/08/2018,60,32.756780719516,-96.822625357391,Match,Exact
17508732769,RANDALL'S FOOD & DRUGS LP,PO BOX 29096 C/O MS 6531,PHOENIX,AZ,85038,0,PF,173,TOM THUMB #1783 FUEL STATION,2601 ARAPAHO RD,GARLAND,TX,75044,57.0,445110.0,Y,06/01/2004,05/24/2004,61,32.95964620693,-96.664481787932,Match,Exact
32068072829,"JENIN TRADING, LLC.",1308 E BEAR CREEK RD STE 270,GLENN HEIGHTS,TX,75154,57,CL,1,TOBACCO HEIGHT,1308 E BEAR CREEK RD STE 270,GLENN HEIGHTS,TX,75154,57.0,445120.0,Y,08/25/2018,10/01/2018,62,32.560299009916,-96.82486781351,Match,Exact
32036599960,SAMIA OMER,1551 E SPRING VALLEY RD STE 135,RICHARDSON,TX,75081,57,IS,2,A - Z GROCERY,1551 E SPRING VALLEY RD STE 135,RICHARDSON,TX,75081,57.0,445120.0,Y,11/07/2012,12/15/2012,63,32.938633778081,-96.697557322302,Match,Exact
17513185730,"GOODY GOODY LIQUOR, INC.",10370 OLYMPIC DR,DALLAS,TX,75220,57,CT,5,GOODY GOODY LIQUOR INC,7124 GREENVILLE AVE,DALLAS,TX,75231,57.0,445310.0,Y,10/25/1983,11/01/1983,64,32.87421670817,-96.762488758261,Match,Exact
32055604055,"LMMM DALLAS #42, LTD.",PO BOX 55009,HOUSTON,TX,77255,101,PL,1,LA MICHOACANA MEAT MARKET,1109 E HIGHWAY 67,DUNCANVILLE,TX,75137,57.0,445110.0,Y,12/02/2015,02/28/2016,65,32.644787598042,-96.888203992125,Match,Exact
32040690227,"YMRT, LLC",4209 WORDSWORTH CT,GARLAND,TX,75043,57,CL,1,7-ELEVEN CONVENIENCE STORE #27441A,1803 N GALLOWAY AVE,MESQUITE,TX,75149,57.0,445110.0,Y,11/20/2009,11/20/2009,66,32.786773438492,-96.606132681869,Match,Exact
32044944315,"MIWON, INC",3724 SAMUELL BLVD,DALLAS,TX,75228,57,CT,1,JOHN'S BEST BUY LIQUOR,3724 SAMUELL BLVD,DALLAS,TX,75228,57.0,445310.0,Y,10/13/2016,09/15/2011,67,32.792897839796,-96.730868977126,Match,Exact
32076070740,SAI SHEENA INC,2413 TOP RAIL LN,SOUTHLAKE,TX,76092,220,CT,2,RED BEER AND WINE,4218 W LOVERS LN,DALLAS,TX,75209,57.0,445120.0,Y,12/08/2021,12/15/2021,68,32.851105400586,-96.838229194859,Match,Exact
17418740332,"FIESTA MART, L.L.C.",600 CITADEL DR,COMMERCE,CA,90040,0,CL,123,FIESTA MART # 74,11520 JUPITER RD,DALLAS,TX,75218,57.0,445110.0,Y,08/12/2014,09/01/2014,69,,,No_Match,
32063533080,TEAM BAILEY LLC,7720 WINDSOR DR,ALLENTOWN,PA,18106,0,CL,24,DOMINO'S #6986,940 N RIVERFRONT BLVD,DALLAS,TX,75207,57.0,445299.0,Y,12/05/2018,12/17/2018,70,,,No_Match,
32053695907,JENTIK GLOBAL INC,501 W DAVIS ST,DALLAS,TX,75208,57,CT,1,SEVEN MART FOOD STORE,501 W DAVIS ST,DALLAS,TX,75208,57.0,445120.0,Y,04/14/2014,05/01/2014,71,32.749503565673,-96.83039009342,Match,Exact
17605982234,"ROHAIL ENTERPRISES, INC.",11503 TARVIE PATH,RICHMOND,TX,77407,79,CT,4,HAMPTON SHELL,509 N HAMPTON RD,DALLAS,TX,75208,57.0,445120.0,Y,04/10/2015,05/09/2015,72,32.750167352412,-96.856911579143,Match,Exact
32065935309,SUPER SUNDRIES LLC,2132 CREEKBLUFF CT,CARROLLTON,TX,75010,61,CL,1,FOUNTAIN PLACE SUNDRY SHOP,1445 ROSS AVE STE B101,DALLAS,TX,75202,57.0,445120.0,Y,04/07/2018,06/01/2018,73,32.78440136339,-96.802355001156,Match,Exact
17529675773,"D & M BAKERY, INC.",117 S CENTRAL EXPY,RICHARDSON,TX,75080,57,CT,1,MARIA'S BAKERY,117 S CENTRAL EXPY,RICHARDSON,TX,75080,57.0,445000.0,Y,02/12/2002,01/01/2002,74,32.950103539838,-96.734466887018,Match,Exact
17517337592,"CLOUD-BOYETTE PRINTING, INC.",2232 FM 90,MABANK,TX,75147,129,CT,7,CLOUD-BOYETTE PRINTING INC,606 VALENCIA ST,DALLAS,TX,75223,57.0,445110.0,Y,04/24/2007,06/01/2007,75,32.803976531457,-96.74518467348,Match,Exact
17526256973,Y & J LEE CORPORATION,11445 EMERALD ST STE 112,DALLAS,TX,75229,57,CT,1,FRIENDLY LIQUOR,5431 BOTHAM JEAN BLVD,DALLAS,TX,75215,57.0,445310.0,Y,01/22/2014,01/01/1996,76,,,No_Match,
17527541191,"CHARMSTONE, CORP.",4903 S LANCASTER RD,DALLAS,TX,75216,57,CT,1,AUTRY'S GROCERY STORE,4903 S LANCASTER RD,DALLAS,TX,75216,57.0,445120.0,Y,03/25/1998,04/01/1998,77,32.688706820506,-96.790968191499,Match,Exact
32063622917,HAMRA PETROLEUM LLC,1237 SOUTHRIDGE CT STE 207,HURST,TX,76053,220,CL,2,BEAR CREEK SHELL,1701 S BECKLEY RD,GLENN HEIGHTS,TX,75154,57.0,445120.0,Y,08/08/2018,09/01/2018,78,32.558402063171,-96.822909038438,Match,Exact
17513202006,"JERRY'S SUPERMARKETS, INC.",532 W JEFFERSON BLVD,DALLAS,TX,75208,57,CT,7,JERRYS SUPERMARKET #3,532 W JEFFERSON BLVD,DALLAS,TX,75208,57.0,445110.0,Y,03/21/1983,03/09/1983,79,32.743088975509,-96.830842374376,Match,Exact
32040015458,J. DELAUGHTER L.L.C.,500 W KIEST BLVD,DALLAS,TX,75224,57,CL,1,KIEST BOULVARD SHELL,500 W KIEST BLVD,DALLAS,TX,75224,57.0,445120.0,Y,08/27/2009,09/15/2009,80,,,No_Match,
32063533080,TEAM BAILEY LLC,7720 WINDSOR DR,ALLENTOWN,PA,18106,0,CL,21,DOMINO'S #6911,6045 SHERRY LN,DALLAS,TX,75225,57.0,445299.0,Y,12/13/2017,01/08/2018,81,32.862219543384,-96.807665864733,Match,Exact
32072560108,K&K TEXAS INC,11445 EMERALD ST STE 112,DALLAS,TX,75229,57,CT,1,SHIN CHON MARKET & FOODCOURT,11422 HARRY HINES BLVD STE 210,DALLAS,TX,75229,57.0,445110.0,Y,04/09/2020,04/15/2020,82,32.896695547128,-96.891490994987,Match,Exact
32019858458,"SYJK ENTERPRISES, INC.",3044 OLD DENTON RD STE 300,CARROLLTON,TX,75007,61,CT,1,SUPREME DONUTS,6909 ROWLETT RD STE 104,ROWLETT,TX,75089,57.0,445299.0,Y,06/07/2006,07/01/2006,83,32.92157909213,-96.578259143687,Match,Exact
32087252873,WHITE GINGER INVESTMENTS LLC,1210 SPANISH MOSS DR,GARLAND,TX,75040,57,CL,2,CORNER STORE,2434 BELT LINE RD,GARLAND,TX,75044,57.0,445110.0,Y,09/06/2024,09/01/2024,84,32.944697339322,-96.663906558426,Match,Exact
32014546652,MANUELA M CARDENAS,10312 BLACK FOREST CT,FORT WORTH,TX,76140,220,IS,1,THE CANDY SHACK,10788 HARRY HINES BLVD STE A12,DALLAS,TX,75220,57.0,445292.0,Y,03/08/2004,03/08/2004,85,32.873676154165,-96.883525911942,Match,Exact
32063533080,TEAM BAILEY LLC,7720 WINDSOR DR,ALLENTOWN,PA,18106,0,CL,15,DOMINO'S #6823,13410 PRESTON RD STE A,DALLAS,TX,75240,57.0,445299.0,Y,12/13/2017,01/08/2018,86,32.93107011079,-96.803491755052,Match,Non_Exact
32062986727,DSJF ENTERPRISE LLC,3824 BALDOMERA ST,FLOWER MOUND,TX,75022,61,CL,2,JERSEY MIKES SUBS,7170 SKILLMAN ST STE 140,DALLAS,TX,75231,57.0,445210.0,Y,09/12/2017,11/15/2017,87,32.877134197939,-96.73474772176,Match,Exact
32020223395,ALDI (TEXAS) L.L.C.,2500 WESTCOURT RD,DENTON,TX,76207,61,CL,35,ALDI (TEXAS) L.L.C. # 50,2505 FORT WORTH AVE,DALLAS,TX,75211,57.0,445110.0,Y,02/03/2011,03/01/2011,88,32.759326255066,-96.862692805017,Match,Exact
32052198838,ABR & MM LLC,1919 BRYAN ST STE 102,DALLAS,TX,75201,57,CL,1,7-ELEVEN CONVENIENCE STORE #36104A,1919 BRYAN ST STE 102,DALLAS,TX,75201,57.0,445120.0,Y,11/04/2013,11/01/2013,89,32.784066504639,-96.797382914347,Match,Exact
32058918577,SAVANNAH'S FRESH MEAT MARKET LLC,4550 GUS THOMASSON RD STE 62,MESQUITE,TX,75150,57,CL,2,SAVANNAH FRESH MEAT AFRICAN MARKET,4550 GUS THOMASSON RD STE 62,MESQUITE,TX,75150,57.0,445110.0,Y,02/16/2024,01/01/2024,90,32.825407635351,-96.648141225005,Match,Exact
32080333779,FRESH DINING CONCEPTS LLC,1600 PONCE DE LEON BLVD FL 10,CORAL GABLES,FL,33134,0,CI,10,JAMBA JUICE,5923 GREENVILLE AVE,DALLAS,TX,75206,57.0,445299.0,Y,08/31/2022,10/01/2022,91,32.857407745991,-96.768686644534,Match,Exact
32089449121,J.J.K. PARTNERSHIP LLC,6804 CANYON MEADOW DR,SACHSE,TX,75048,57,CL,1,WATER PROVISIONS 2 GO,842 BELT LINE RD,GARLAND,TX,75040,57.0,445120.0,Y,05/25/2023,05/02/2023,92,32.940047709889,-96.639299731678,Match,Exact
17513185730,"GOODY GOODY LIQUOR, INC.",10370 OLYMPIC DR,DALLAS,TX,75220,57,CT,25,GOODY GOODY LIQUOR INC,3316 OAK LAWN AVE,DALLAS,TX,75219,57.0,445310.0,Y,05/24/2004,06/15/2004,93,32.810211726245,-96.807465831827,Match,Exact
17106365988,QUALITY LICENSING CORP.,508 SW 8TH ST,BENTONVILLE,AR,72712,0,CT,783,QUALITY LICENSING CORP STORE # 5824,1951 MILITARY PKWY,MESQUITE,TX,75149,57.0,445310.0,Y,01/30/2017,04/30/2017,94,32.768200575686,-96.62843898066,Match,Exact
32063533080,TEAM BAILEY LLC,7720 WINDSOR DR,ALLENTOWN,PA,18106,0,CL,19,DOMINO'S #6976,3305 W WALNUT HILL LN,IRVING,TX,75038,57.0,445299.0,Y,12/13/2017,01/08/2018,95,32.865491592641,-96.989109407916,Match,Exact
32054918654,"ROAS, INC",1630 VALWOOD PKWY STE 114,CARROLLTON,TX,75006,57,CT,1,QUICK SHOP,1630 VALWOOD PKWY STE 114,CARROLLTON,TX,75006,57.0,445120.0,Y,09/02/2014,10/01/2014,96,32.938106118964,-96.922079025423,Match,Exact
17515998205,"SHERO ENTERPRISES, INC.",327 CADIZ ST,DALLAS,TX,75207,57,CT,7,RIVER CUT RATE LIQUORS,327 S CADIZ,DALLAS,TX,75207,57.0,445310.0,Y,03/31/1988,02/01/1988,97,32.767270466218,-96.802784275707,Match,Non_Exact
17606039679,"RANDALL'S BEVERAGE COMPANY, INC.",PO BOX 29096,PHOENIX,AZ,85038,0,CT,172,RANDALL'S #3650,14999 PRESTON RD,DALLAS,TX,75254,57.0,445110.0,Y,01/18/2011,12/01/2010,98,32.95362439182,-96.804171271215,Match,Exact
13002189754,"M. CACERES ENTERPRISES, INC.",3720 WALNUT HILL LN STE 109,DALLAS,TX,75229,57,CT,2,TIENDA SANTA ROSA #2,2439 VALWOOD PKWY,FARMERS BRANCH,TX,75234,57.0,445120.0,Y,02/19/2004,01/01/2004,99,32.93876453291,-96.89900965015,Match,Exact
32046306752,MELANIE MICHELLE IRANI,1045 MAJORS DR,MESQUITE,TX,75149,57,IS,4,CAKES BY MEL,1045 MAJORS DR,MESQUITE,TX,75149,57.0,445291.0,Y,09/12/2017,09/23/2017,100,32.75499759264,-96.604397254654,Match,Exact
32020223395,ALDI (TEXAS) L.L.C.,2500 WESTCOURT RD,DENTON,TX,76207,61,CL,8,ALDI (TEXAS) L.L.C. # 54,1601 NORTHWEST HWY,GARLAND,TX,75041,57.0,445110.0,Y,12/10/2009,03/15/2010,101,32.864227158633,-96.652023043847,Match,Exact
32074580310,"LEANING SIGN LIQUOR, LLC",406 N CARRIER PKWY,GRAND PRAIRIE,TX,75050,57,CL,1,"LEANING SIGN LIQUOR, LLC",406 N CARRIER PKWY,GRAND PRAIRIE,TX,75050,57.0,445310.0,Y,10/23/2024,08/15/2020,102,32.744707019627,-97.016564573145,Match,Exact
32044783705,ORITAS INC,7802 STRAITS DR,ROWLETT,TX,75088,57,CT,2,TACON GANAS,11453 HARRY HINES BLVD STE 100,DALLAS,TX,75229,57.0,445120.0,Y,12/28/2023,01/01/2024,103,32.898214746349,-96.892327471455,Match,Exact
32079900695,ROCHELLE BUSINESS LLC,1700 LOMAR DR,CARROLLTON,TX,75007,61,CL,1,XPRESS LIQUOR,2121 W ROCHELLE RD STE 105,IRVING,TX,75062,57.0,445310.0,Y,07/16/2021,08/01/2021,104,32.842266752805,-96.972933879706,Match,Exact
14312832968,"MORAN FOODS, LLC",400 NORTHWEST PLAZA DR,SAINT ANN,MO,63074,0,CI,79,SAVE-A-LOT #753,2627 W JEFFERSON BLVD,DALLAS,TX,75211,57.0,445110.0,Y,10/07/2009,10/01/2009,105,32.748121791893,-96.86161522658,Match,Exact
32068181638,NURSERY CORNER FOOD STORE LLC.,906 E SHADY GROVE RD,IRVING,TX,75060,57,CL,1,GOPHER MART,906 E SHADY GROVE RD,IRVING,TX,75060,57.0,445120.0,Y,06/27/2019,09/24/2019,106,32.800922969085,-96.935623193291,Match,Exact
12714888810,RIAJI CORPORATION,601 HARBOR LN,PLANO,TX,75074,43,CT,2,MR J FOOD STORE,906 HIGHWAY 66,GARLAND,TX,75040,57.0,445120.0,Y,06/07/2012,06/15/2012,107,32.907907206089,-96.620887375769,Match,Exact
32056385548,FELEKEHAILU 21 LLC,9501 FOREST LN,DALLAS,TX,75243,57,CL,1,7-ELEVEN CONVENIENCE STORE #35394B,9501 FOREST LN,DALLAS,TX,75243,57.0,445120.0,Y,02/18/2015,03/30/2015,108,32.909288772172,-96.731185344996,Match,Exact
32063533080,TEAM BAILEY LLC,7720 WINDSOR DR,ALLENTOWN,PA,18106,0,CL,25,DOMINO'S 6919,495 W ILLINOIS AVE,DALLAS,TX,75224,57.0,445299.0,Y,12/05/2018,12/21/2018,109,32.720526635615,-96.828532889654,Match,Exact
12057438777,"DS SERVICES OF AMERICA, INC.",1150 ASSEMBLY DR STE 800,TAMPA,FL,33607,0,CF,6,SPARKLETTS,3405 HIGH PRAIRIE RD,GRAND PRAIRIE,TX,75050,57.0,445299.0,Y,01/10/2007,12/27/2006,110,32.809425171427,-97.026627490333,Match,Exact
14312832968,"MORAN FOODS, LLC",400 NORTHWEST PLAZA DR,SAINT ANN,MO,63074,0,CI,81,SAVE-A-LOT #756,1423B N BELT LINE RD,IRVING,TX,75061,57.0,445110.0,Y,10/20/2010,11/11/2010,111,32.829686847928,-96.993837221996,Match,Non_Exact
17606039679,"RANDALL'S BEVERAGE COMPANY, INC.",PO BOX 29096,PHOENIX,AZ,85038,0,CT,152,TOM THUMB #3621,4010 N MACARTHUR BLVD,IRVING,TX,75038,57.0,445110.0,Y,11/21/2008,12/15/2008,112,,,No_Match,
32091449697,SUMUKHA HOLDINGS LLC,635 W CAMPBELL RD STE 200,RICHARDSON,TX,75080,57,CL,1,DOC'S FOOD STORES,635 W CAMPBELL RD STE 200,RICHARDSON,TX,75080,57.0,445120.0,Y,09/26/2023,09/29/2023,113,32.978015281625,-96.741045232297,Match,Exact
17523915340,"BIG LEE, INCORPORATED",9508 WEBB CHAPEL RD STE 100,DALLAS,TX,75220,57,CT,2,"VILLAGE LIQUOR, BEER AND WINE",9508 WEBB CHAPEL RD STE 100,DALLAS,TX,75220,57.0,445310.0,Y,12/17/2012,02/01/2013,114,32.863631364968,-96.860791591615,Match,Exact
14312832968,"MORAN FOODS, LLC",400 NORTHWEST PLAZA DR,SAINT ANN,MO,63074,0,CI,80,SAVE-A-LOT #754,2506 S BELT LINE RD,GRAND PRAIRIE,TX,75052,57.0,445110.0,Y,07/30/2010,08/01/2010,115,32.709148188405,-96.994112336099,Match,Exact
32059913577,BEZUF LLC,PO BOX 219088 ATTN:LICENSING,DALLAS,TX,75221,57,CL,1,7-ELEVEN CONVENIENCE STORE #35404A,447 E HIGHWAY 67,DUNCANVILLE,TX,75137,57.0,445120.0,Y,04/21/2016,07/13/2016,116,32.63160662568,-96.902293425456,Match,Exact
32020223395,ALDI (TEXAS) L.L.C.,2500 WESTCOURT RD,DENTON,TX,76207,61,CL,15,ALDI (TEXAS) L.L.C. #58,2926 N BELT LINE RD,IRVING,TX,75062,57.0,445110.0,Y,12/15/2009,04/01/2010,117,32.845475033243,-96.992261144452,Match,Exact
32037792168,SHEMIN INC.,2584 W JEFFERSON ST,GRAND PRAIRIE,TX,75051,220,CT,2,SUNNY FOOD MART #3,489 E FM 1382,CEDAR HILL,TX,75104,57.0,445120.0,Y,04/25/2019,06/01/2019,118,32.592021437709,-96.936964469228,Match,Exact
32092219347,ACHAL CORPORATION,2210 W MAIN ST STE 102,GRAND PRAIRIE,TX,75050,57,CT,1,LIQUOR PLUS,2210 W MAIN ST STE 102,GRAND PRAIRIE,TX,75050,57.0,445310.0,Y,01/19/2024,01/01/2024,119,32.739957972127,-97.03465663418,Match,Exact
32084701914,BOOM BOOM CANDY STORE LLC,1530 AVENUE B,GRAND PRAIRIE,TX,75051,57,CL,1,BOOM BOOM CANDY STORE,2042 TOWN EAST MALL,MESQUITE,TX,75150,57.0,445120.0,Y,03/05/2025,01/01/2023,120,32.81134561862,-96.63281217626,Match,Non_Exact
32033857106,SALVADOR RUVALCABA JIMENEZ,9061 COUNTY ROAD 4116,KAUFMAN,TX,75142,129,IS,3,LA CHAPALITA,210 N KAUFMAN ST STE C,SEAGOVILLE,TX,75159,57.0,445299.0,Y,03/18/2024,04/05/2013,121,32.640134069827,-96.539478112792,Match,Non_Exact
17418740332,"FIESTA MART, L.L.C.",600 CITADEL DR,COMMERCE,CA,90040,0,CL,99,FIESTA MART # 71,3434 W ILLINOIS AVE,DALLAS,TX,75211,57.0,445110.0,Y,08/15/2008,10/01/2008,122,32.720237573964,-96.876437597095,Match,Exact
12717999747,"PROGRESO LMMM DALLAS #30, LLC",PO BOX 55009,HOUSTON,TX,77255,101,CL,1,LA MICHOACANA MEATMARKET DALLAS #30,3380 LOMBARDY LN,DALLAS,TX,75220,57.0,445110.0,Y,02/05/2010,02/08/2010,123,32.866416312998,-96.867488069348,Match,Exact
32033857106,SALVADOR RUVALCABA JIMENEZ,9061 COUNTY ROAD 4116,KAUFMAN,TX,75142,129,IS,2,LA CHAPALITA,12209 LAKE JUNE RD,MESQUITE,TX,75180,57.0,445299.0,Y,03/18/2024,07/01/2010,124,32.734166998828,-96.617059343302,Match,Exact
32061193721,"H MART HARRY HINES, LLC",300 CHUBB AVE,LYNDHURST,NJ,07071,0,CL,1,"H MART HARRY HINES, LLC",2534 ROYAL LN,DALLAS,TX,75229,57.0,445110.0,Y,09/27/2022,12/25/2022,125,32.895881949389,-96.894347555519,Match,Exact
12035496384,"LMMM DALLAS #25, LTD.",PO BOX 55009,HOUSTON,TX,77255,101,PL,1,LA MICHOACANA #25 DALLAS,9850 WALNUT HILL LN STE 224,DALLAS,TX,75238,57.0,445110.0,Y,12/14/2005,12/19/2005,126,32.878803820681,-96.716348198079,Match,Exact
32084264798,NA AND C INVESTMENT INC,4500 LAFITE LN,COLLEYVILLE,TX,76034,220,CT,1,STOP N SHOP #2,7771 GREAT TRINITY FOREST WAY,DALLAS,TX,75217,57.0,445120.0,Y,05/27/2022,06/01/2022,127,32.712582663953,-96.689246468751,Match,Exact
32059802176,KANCHANA MART INC,2404 TOP RAIL LN,SOUTHLAKE,TX,76092,220,CT,1,QUICK MART 108,5329 ROSS AVE,DALLAS,TX,75206,57.0,445120.0,Y,03/08/2016,03/08/2016,128,32.809746352485,-96.772065940771,Match,Exact
32054169902,SUPER DELI NEIGHBORHOOD CORP.,3415 MALCOLM X BLVD,DALLAS,TX,75215,57,CT,1,NEIGHBORHOOD STORE,3415 MALCOLM X BLVD,DALLAS,TX,75215,57.0,445120.0,Y,06/17/2014,06/15/2014,129,32.765907236908,-96.764771003851,Match,Exact
17513202006,"JERRY'S SUPERMARKETS, INC.",532 W JEFFERSON BLVD,DALLAS,TX,75208,57,CT,9,JERRYS SUPER MKTS INC #5,2314 W ILLINOIS AVE,DALLAS,TX,75224,57.0,445110.0,Y,11/13/1989,10/12/1989,130,32.72015806774,-96.856342553572,Match,Exact
32026534498,"VIET TOFU, LLC",3555 W WALNUT ST STE 203,GARLAND,TX,75042,57,CL,1,VIET TOFU,3555 W WALNUT ST STE 203,GARLAND,TX,75042,57.0,445299.0,Y,04/27/2007,04/01/2007,131,32.917152138693,-96.685246674536,Match,Exact
17525393181,"PASTA PASTA, INC.",4203 LINDBERGH DR,ADDISON,TX,75001,57,CT,1,LA SPIGAS VILLAGE BAKERY,4203 LINDBERGH DR,ADDISON,TX,75001,57.0,445299.0,Y,05/31/1995,05/15/1995,132,32.95815209997,-96.838368186153,Match,Exact
32020744473,CARLOS LOPEZ & ARACELI RAMIREZ,810 S POLK ST,DALLAS,TX,75208,57,PI,2,PALETERIA MEXICO,327 W MOCKINGBIRD LN,DALLAS,TX,75247,57.0,445299.0,Y,03/11/2008,03/11/2008,133,32.804121601027,-96.873767697769,Match,Exact
32033184741,SAFA PETROLEUM INC.,1000 S ROYAL LN,COPPELL,TX,75019,57,CT,1,GATEWAY #17,1000 S ROYAL LANE,COPPELL,TX,75019,57.0,445120.0,Y,07/03/2007,08/01/2007,134,32.944629476738,-97.022233171288,Match,Non_Exact
32070384956,PLEASANT RADIL LLC,3118 W NORTHGATE DR APT 1053,IRVING,TX,75062,57,CL,1,HAPPY MART,1100 E PLEASANT RUN RD STE 133,DESOTO,TX,75115,57.0,445120.0,Y,05/16/2019,08/01/2019,135,32.604093001754,-96.828498964341,Match,Exact
32090671531,CHACHA&CHOPEES LLC,5803 FOXGLOVE LN,DALLAS,TX,75249,57,CL,2,CHACHA&CHOPEES LLC,195 HISTORIC TOWN SQ,LANCASTER,TX,75146,57.0,445292.0,Y,02/07/2024,01/25/2024,136,32.59231118219,-96.755618823096,Match,Exact
32038381896,"LITTLE ZACK, INC.",8101 S POLK ST,DALLAS,TX,75232,57,CT,1,PICK QUICK DELI MART #2,8101 S POLK ST,DALLAS,TX,75232,57.0,445120.0,Y,12/10/2008,01/01/2009,137,32.64931838829,-96.840146486074,Match,Exact
32075747728,SAI SUBARNA INC.,6714 CHRISTINA LN,GARLAND,TX,75043,57,CT,4,ZION FOOD MART,4407 W MOCKINGBIRD LN,DALLAS,TX,75209,57.0,445120.0,Y,03/04/2025,05/01/2024,138,32.836710759199,-96.831092607575,Match,Exact
32010279290,JASMINE & ABID CORPORATION,2000 OLD DENTON RD STE 104,CARROLLTON,TX,75006,57,CT,1,APNA BAZAAR GROCERY & GRILL,2000 OLD DENTON RD STE 104,CARROLLTON,TX,75006,57.0,445110.0,Y,03/18/2003,01/01/2003,139,32.968624650175,-96.911633975077,Match,Exact
32096606002,LAKIESHA L HALL,111 S GREENSTONE LN,DUNCANVILLE,TX,75116,57,IS,1,TAYLOR'S NECESSITIES AND MORE,1505 S EWING AVE,DALLAS,TX,75216,57.0,445120.0,Y,09/04/2024,09/04/2024,140,32.729399384254,-96.811500412092,Match,Exact
17508732769,RANDALL'S FOOD & DRUGS LP,PO BOX 29096 C/O MS 6531,PHOENIX,AZ,85038,0,PF,143,TOM THUMB #1973,7000 SNIDER PLZ,UNIVERSITY PARK,TX,75205,57.0,445110.0,Y,09/20/2001,10/31/2001,141,32.850312780235,-96.787760553324,Match,Non_Exact
32061302512,L N S  BUSINESS INC,9430 LARGA DR STE 101,DALLAS,TX,75220,57,CT,1,ICE HOUSE BEVERAGE #2,9430 LARGA DR STE 101,DALLAS,TX,75220,57.0,445120.0,Y,08/18/2016,09/01/2016,142,32.864284295224,-96.862674741485,Match,Exact
17606039679,"RANDALL'S BEVERAGE COMPANY, INC.",PO BOX 29096,PHOENIX,AZ,85038,0,CT,169,RANDALL'S #3560,8698 SKILLMAN ST,DALLAS,TX,75243,57.0,445110.0,Y,01/18/2011,12/18/2010,143,32.897640380611,-96.720564267289,Match,Exact
32083734270,DRINK GOOD WINE LLC,3128 WATERSIDE DR,ARLINGTON,TX,76012,220,CL,1,STATE & MAIN MERCHANT,500 MAIN ST STE 2,GARLAND,TX,75040,57.0,445310.0,Y,07/27/2023,09/01/2022,144,32.912613431739,-96.636566844617,Match,Exact
17508732769,RANDALL'S FOOD & DRUGS LP,PO BOX 29096 C/O MS 6531,PHOENIX,AZ,85038,0,PF,81,RANDALL'S FOOD AND DRUG #3597,11920 PRESTON RD,DALLAS,TX,75230,57.0,445110.0,Y,05/15/2001,05/02/2001,145,32.911511642081,-96.803725671079,Match,Exact
13116785307,KROGER TEXAS L.P.,PO BOX 305103,NASHVILLE,TN,37230,0,PF,493,KROGER #689 FUEL CENTER,6037 CAMPBELL RD,DALLAS,TX,75248,57.0,445110.0,Y,01/11/2023,02/17/2023,146,,,No_Match,
32074885461,A3 GROUP INCORPORATED,1011 CASTROVILLE DR,FORNEY,TX,75126,129,CT,1,THREE AMIGOS,1927 E BELT LINE RD STE 136,CARROLLTON,TX,75006,57.0,445120.0,Y,07/09/2020,07/15/2020,147,32.953745401562,-96.889431093399,Match,Exact
17418740332,"FIESTA MART, L.L.C.",600 CITADEL DR,COMMERCE,CA,90040,0,CL,105,CARNIVAL #77,3460 WEBB CHAPEL EXT,DALLAS,TX,75220,57.0,445110.0,Y,08/15/2008,10/01/2008,148,32.865036184341,-96.864776766333,Match,Exact
32061397132,"ANDY'S FROZEN CUSTARD STORES, LLC",211 E WATER ST,SPRINGFIELD,MO,65806,0,CI,6,"ANDY'S FROZEN CUSTARD STORES, LLC",317 WESTCHASE DR,GRAND PRAIRIE,TX,75052,57.0,445299.0,Y,05/13/2019,06/01/2019,149,32.673302996183,-97.005225849167,Match,Exact
32020866201,SALYAM INCORPORATED,1205 DRAGON BANNER DR,THE COLONY,TX,75056,61,CT,1,ONE STOP FOOD STORE,5520 S HAMPTON RD,DALLAS,TX,75232,57.0,445120.0,Y,10/13/2006,10/12/2006,150,32.679433976123,-96.856875763781,Match,Exact
12612023353,8TH STREET PETROLEUM INC,424 S R L THORNTON FWY,DALLAS,TX,75203,57,CT,1,GATEWAY #25,424 S R L THORNTON FWY,DALLAS,TX,75203,57.0,445120.0,Y,10/26/2007,11/15/2007,151,32.752614133746,-96.808839835497,Match,Exact
17106365988,QUALITY LICENSING CORP.,508 SW 8TH ST,BENTONVILLE,AR,72712,0,CT,456,QUALITY LICENSING CORP #8282,2900 W WHEATLAND RD,DALLAS,TX,75237,57.0,445310.0,Y,12/14/2010,01/01/2011,152,32.647382995122,-96.865598012803,Match,Exact
17528019429,"HERBMART, INC.",PO BOX 328,BIG SANDY,TX,75755,230,CT,9,"HERBMART, INC.",4781 N BELT LINE RD,MESQUITE,TX,75150,57.0,445110.0,Y,04/09/2016,04/13/2016,153,32.831494011566,-96.595929212837,Match,Non_Exact
32043577025,YUJH INVESTMENT LLC,6521 JEANE ST,DALLAS,TX,75217,57,CL,1,C & P GROCERY,6521 JEANE ST,DALLAS,TX,75217,57.0,445120.0,Y,12/13/2012,12/15/2012,154,32.727120564683,-96.708359568701,Match,Exact
32017281356,"TEXAS ICE VENDING, LLC",4100 ELDORADO PKWY STE 100,MCKINNEY,TX,75070,43,CL,19,"TEXAS ICE VENDING, LLC",6500 SKILLMAN ST,DALLAS,TX,75231,57.0,445299.0,Y,09/10/2018,09/01/2018,155,,,No_Match,
32046318302,"EMERLASS, LLC",115 E PEARL ST,GRANBURY,TX,76048,111,CL,4,EIGHTEEN NINETY MARKETPLACE,2642 MAIN ST STE 150,DALLAS,TX,75226,57.0,445299.0,Y,11/10/2016,12/01/2016,156,32.783515546984,-96.785394577171,Match,Exact
32017281356,"TEXAS ICE VENDING, LLC",4100 ELDORADO PKWY STE 100,MCKINNEY,TX,75070,43,CL,20,TEXAS ICE VENDING,12175 GARLAND RD,DALLAS,TX,75218,57.0,445299.0,Y,09/10/2018,09/01/2018,157,32.865421008929,-96.670012875355,Match,Exact
32073068374,SUKRITI SAI INC,3225 FOREST LN,GARLAND,TX,75042,57,CT,1,FATHER & SON TOBACCO STORE,3225 FOREST LN,GARLAND,TX,75042,57.0,445120.0,Y,01/18/2020,02/01/2020,158,32.909352216715,-96.678818663672,Match,Exact
32033857106,SALVADOR RUVALCABA JIMENEZ,9061 COUNTY ROAD 4116,KAUFMAN,TX,75142,129,IS,6,LA CHAPALITA,2702 S BUCKNER BLVD STE 130,DALLAS,TX,75227,57.0,445299.0,Y,09/03/2024,10/01/2024,159,32.757803966367,-96.682698875498,Match,Non_Exact
32056953766,DALLAS TRADER'S ZONE LLC,10560 CHURCH RD,DALLAS,TX,75238,57,CL,1,ONE STOP FOOD & BEVERAGES,10560 NEW CHURCH RD,DALLAS,TX,75238,57.0,445120.0,Y,05/22/2015,06/01/2015,160,32.885588401269,-96.703094575635,Match,Exact
32018427552,"EL CERRITO, INC.",300 E JEFFERSON BLVD,DALLAS,TX,75203,57,CT,2,SUPER MERCADO EL CERRITO,10880 FERGUSON RD,DALLAS,TX,75228,57.0,445110.0,Y,10/29/2010,11/08/2010,161,,,No_Match,
17528053493,"LIEU BROTHERS, INC.",2701 OLD DENTON RD STE 270,CARROLLTON,TX,75007,57,CT,3,KILO BEVERAGES,4215 BOTHAM JEAN BLVD,DALLAS,TX,75215,57.0,445310.0,Y,04/22/2004,05/01/2004,162,,,No_Match,
32084140758,VAN LEEUWEN DALLAS INWOOD LLC,119 N 11TH ST APT 1A,BROOKLYN,NY,11249,0,CI,1,VAN LEEUWEN DALLAS INWOOD LLC,5450 W LOVERS LN STE 130,DALLAS,TX,75209,57.0,445299.0,Y,07/15/2022,08/01/2022,163,,,No_Match,
32052921502,"DUC HUONG GIO CHA, LLC",4033 EDGEWATER CT,RICHARDSON,TX,75082,57,CL,1,DUC HUONG GIO CHA,3347 W WALNUT ST # 268,GARLAND,TX,75042,57.0,445299.0,Y,02/24/2014,01/01/2014,164,32.916774594605,-96.679687076929,Match,Exact
32039926822,"ALTAQWA BAKERY, INC",2411 N GALLOWAY AVE STE 125,MESQUITE,TX,75150,57,CT,1,ALTAQWA BAKERY,2411 N GALLOWAY AVE STE 125,MESQUITE,TX,75150,57.0,445291.0,Y,09/28/2009,09/28/2009,165,32.797519841302,-96.611942806088,Match,Exact
32042158066,"AENS, INC.",2521 W AIRPORT FWY,IRVING,TX,75062,57,CT,1,INDIA IMPORT SUPERMARKET,2521 W AIRPORT FWY,IRVING,TX,75062,57.0,445110.0,Y,07/14/2010,07/15/2010,166,32.837399567115,-96.979539761292,Match,Exact
32092270225,KUM & ROY INC,500 ROCKCREEK DR,DESOTO,TX,75115,57,CT,1,MY BEER STORE #6,3404 S LANCASTER RD,DALLAS,TX,75216,57.0,445310.0,Y,01/24/2024,01/24/2024,167,,,No_Match,
32010159286,YOUNG JOO YOON,2150 N JOSEY LN STE 324,CARROLLTON,TX,75006,57,IS,4,AQUA BELLA,2150 N JOSEY LN STE 324,CARROLLTON,TX,75006,57.0,445299.0,Y,01/23/2003,01/01/2003,168,32.971809464011,-96.889789981301,Match,Exact
17418740332,"FIESTA MART, L.L.C.",600 CITADEL DR,COMMERCE,CA,90040,0,CL,102,FIESTA MART # 74,11445 GARLAND RD,DALLAS,TX,75218,57.0,445110.0,Y,08/15/2008,10/01/2008,169,32.849840580874,-96.682697817528,Match,Exact
32060083535,ELIZABETH CRUZ,4515 ELECTRA ST,DALLAS,TX,75215,57,IS,1,ELIZABETH CRUZ,4515 ELECTRA ST,DALLAS,TX,75215,57.0,445230.0,Y,04/06/2016,04/06/2016,170,32.760795300971,-96.750551822992,Match,Exact
32061193721,"H MART HARRY HINES, LLC",300 CHUBB AVE,LYNDHURST,NJ,07071,0,CL,2,H MART,2534 ROYAL LN,DALLAS,TX,75229,57.0,445110.0,Y,10/23/2024,12/01/2024,171,32.895881949389,-96.894347555519,Match,Exact
32049493847,"THE DEAN'S LIST, LLC",505 AIRLINE DR,COPPELL,TX,75019,57,CL,3,THE DEAN'S LIST,505 AIRLINE DR,COPPELL,TX,75019,57.0,445310.0,Y,09/13/2018,10/01/2018,172,32.943626945146,-97.003482662467,Match,Exact
32047783538,SANJAYA CORPORATION,7272 GASTON AVE,DALLAS,TX,75214,57,CT,1,LION BEVERAGE MART,7272 GASTON AVE,DALLAS,TX,75214,57.0,445120.0,Y,05/10/2012,06/01/2012,173,32.812447444163,-96.731656184753,Match,Exact
32046110840,"SOUTH PARKWAY, LLC",2430 N FIELDER RD,ARLINGTON,TX,76012,220,CL,4,STAR MOMENTZ,13111 N CENTRAL EXPY,DALLAS,TX,75243,57.0,445120.0,Y,02/28/2017,03/01/2017,174,,,No_Match,
32096045136,TERAGRAM VISIONS LLC,700 N PEARL ST # H204,DALLAS,TX,75201,0,CI,1,BLISS IN A BOTTLE,700 N PEARL ST STE H204,DALLAS,TX,75201,57.0,445310.0,Y,10/18/2024,01/15/2025,175,32.78675401249,-96.795841944864,Match,Exact
17508732769,RANDALL'S FOOD & DRUGS LP,PO BOX 29096 C/O MS 6531,PHOENIX,AZ,85038,0,PF,53,RANDALL'S FOOD AND DRUG #2526,39 ARAPAHO VILLAGE,RICHARDSON,TX,75080,57.0,445110.0,Y,05/11/2001,05/02/2001,176,32.962165043667,-96.74931921595,Match,Non_Exact
32071174182,"SMALL BEER WORKS, LLC",1906 S HASKELL AVE,DALLAS,TX,75223,57,CL,1,SMALL BEER WORKS,1906 S HASKELL AVE,DALLAS,TX,75223,57.0,445310.0,Y,07/07/2022,03/01/2020,177,32.783245938423,-96.747853962069,Match,Exact
17513185730,"GOODY GOODY LIQUOR, INC.",10370 OLYMPIC DR,DALLAS,TX,75220,57,CT,2,GOODY GOODY LIQUOR INC,10301 HARRY HINES BLVD,DALLAS,TX,75220,57.0,445310.0,Y,02/18/1975,12/03/1974,178,32.86537905055,-96.881728766212,Match,Exact
32101448416,WISEBOX LLC,1613 SKYLINE DR,GARLAND,TX,75043,57,CL,1,WISEBOX,1613 SKYLINE DR,GARLAND,TX,75043,57.0,445120.0,Y,08/19/2025,08/18/2025,179,32.87198749985,-96.595092744358,Match,Non_Exact
32082940738,PATAN INCORPORATED,6840 WILDERNESS WAY DR,GRAND PRAIRIE,TX,75054,220,CT,1,LIQUOR ISLAND BEER & WINE,1017 FORT WORTH ST STE 600,GRAND PRAIRIE,TX,75050,57.0,445310.0,Y,02/24/2022,03/01/2022,180,32.743191410931,-97.017406098632,Match,Exact
32040536818,"WRC EXPRESS, INC.",PO BOX 38133,DALLAS,TX,75238,57,CT,1,"WRC EXPRESS, INC.",4216 ABRAMS RD,DALLAS,TX,75214,57.0,445299.0,Y,06/14/2010,06/07/2010,181,32.836711585328,-96.75279431905,Match,Exact
12057438777,"DS SERVICES OF AMERICA, INC.",1150 ASSEMBLY DR STE 800,TAMPA,FL,33607,0,CF,16,SPARKLETTS,1340 CENTERVILLE RD,DALLAS,TX,75218,57.0,445299.0,Y,01/10/2007,12/27/2006,182,32.843105307084,-96.687179666008,Match,Exact
17418740332,"FIESTA MART, L.L.C.",600 CITADEL DR,COMMERCE,CA,90040,0,CL,66,FIESTA MART #32,9727 WEBB CHAPEL RD,DALLAS,TX,75220,57.0,445110.0,Y,07/03/1997,08/12/1997,183,,,No_Match,
32088824084,GLENNY STEPHENS BAKERY LLC,1827 N GALLOWAY AVE,MESQUITE,TX,75149,57,CL,1,GLENNY STEPHENS BAKERY,1827 N GALLOWAY AVE,MESQUITE,TX,75149,57.0,445291.0,Y,08/22/2025,10/02/2023,184,32.787035635174,-96.606441991967,Match,Exact
32038311356,ZAITOON CORPORATION,10911 DENNIS RD STE 407,DALLAS,TX,75229,57,CT,2,NEW EZ FOOD MART,10911 DENNIS RD STE 407,DALLAS,TX,75229,57.0,445120.0,Y,11/02/2010,11/01/2010,185,32.896873258343,-96.881462444645,Match,Exact
17528749462,"SUPERTARGET LIQUOR OF TEXAS, INC.",PO BOX 9471,MINNEAPOLIS,MN,55440,0,CT,5,TARGET STORE,6419 SKILLMAN ST # T1784,DALLAS,TX,75231,57.0,445310.0,Y,01/11/2001,01/02/2001,186,32.86426940661,-96.745478302612,Match,Non_Exact
32076706178,SAVING LIVES AND SECURING BAGS LLC,2301 DOTY LN,BALCH SPRINGS,TX,75180,57,CL,1,SAVING LIVES AND SECURING BAGS,2301 DOTY LN,BALCH SPRINGS,TX,75180,57.0,445120.0,Y,05/26/2023,05/25/2023,187,32.735797804723,-96.636096121636,Match,Exact
32071304664,TMT DFW LLC,2240 IRVING BLVD,DALLAS,TX,75207,57,CL,1,BIG C FOOD MART,2240 IRVING BLVD,DALLAS,TX,75207,57.0,445120.0,Y,07/13/2019,08/01/2019,188,32.796211677552,-96.834605700012,Match,Exact
32020223395,ALDI (TEXAS) L.L.C.,2500 WESTCOURT RD,DENTON,TX,76207,61,CL,44,ALDI (TEXAS) L.L.C. #63,805 E BELTLINE RD,CEDAR HILL,TX,75104,57.0,445110.0,Y,04/17/2012,05/15/2012,189,32.589959203321,-96.925288975069,Match,Non_Exact
32052886226,CLAUDIA J MONTES,5312 BROOKHOLLOW DR,SACHSE,TX,75048,57,IS,7,CREPES N GO,2007 SATURN RD,GARLAND,TX,75041,57.0,445230.0,Y,11/20/2023,11/01/2023,190,32.8942323287,-96.648312096953,Match,Exact
32081168133,IT BE THE CLOSEST ONES THAT ENVY INC,10190 FOREST LN STE 175,DALLAS,TX,75243,57,CT,1,ELI FOOD MART,10190 FOREST LN STE 175,DALLAS,TX,75243,57.0,445120.0,Y,10/06/2021,11/01/2021,191,32.908967938923,-96.709829313982,Match,Exact
32100530107,"KERA SPIRITS, INC",2670 LAKE VISTA DR STE 202,LEWISVILLE,TX,75067,61,CT,1,TWIN CITY LIQUOR & MORE,3503 ROWLETT RD STE J104J106,ROWLETT,TX,75088,57.0,445310.0,Y,08/16/2025,10/01/2025,192,32.893018747588,-96.569684733921,Match,Non_Exact
17515721417,"G. E. FOODLAND, INC.",1105 E BELT LINE RD,CARROLLTON,TX,75006,57,CT,10,ELROD'S COST PLUS #2,2025 FORT WORTH AVE,DALLAS,TX,75208,57.0,445110.0,Y,08/30/1989,06/18/1988,193,32.763399715647,-96.85420457663,Match,Exact
32042847262,HEAVEN 786 LLC,9798 FOREST LN,DALLAS,TX,75243,57,CL,3,FOREST LANE MART,9791 FOREST LN,DALLAS,TX,75243,57.0,445120.0,Y,08/07/2013,10/15/2013,194,32.909610331327,-96.718475929747,Match,Exact
32063020427,SY SYSTEMS INC,1231 E PLEASANT RUN RD STE 114,DESOTO,TX,75115,57,CT,1,FAMILY MART,1231 E PLEASANT RUN RD STE 114,DESOTO,TX,75115,57.0,445120.0,Y,03/03/2017,04/01/2017,195,32.604357719792,-96.827447736012,Match,Exact
17528749462,"SUPERTARGET LIQUOR OF TEXAS, INC.",PO BOX 9471,MINNEAPOLIS,MN,55440,0,CT,47,TARGET STORE T-1850,3730 BELT LINE RD,ADDISON,TX,75001,57.0,445310.0,Y,05/12/2004,05/01/2004,196,32.95302328792,-96.854319924288,Match,Exact
17508732769,RANDALL'S FOOD & DRUGS LP,PO BOX 29096 C/O MS 6531,PHOENIX,AZ,85038,0,PF,210,RANDALL'S #3650 FUEL STATION,14949 PRESTON RD,DALLAS,TX,75254,57.0,445110.0,Y,10/16/2009,09/17/2009,197,32.952438608084,-96.803851602602,Match,Exact
17418740332,"FIESTA MART, L.L.C.",600 CITADEL DR,COMMERCE,CA,90040,0,CL,139,FIESTA MARK # 213,1450 W PLEASANT RUN RD STE 200,LANCASTER,TX,75146,57.0,445110.0,Y,08/05/2016,10/16/2016,198,32.604286265283,-96.783624019243,Match,Exact
12022081702,DANNY'S LIQUOR INC.,2001 W NORTHWEST HWY STE 120,DALLAS,TX,75220,57,CT,1,DANNY'S LIQUOR,2001 W NORTHWEST HWY STE 120,DALLAS,TX,75220,57.0,445310.0,Y,01/25/2005,02/01/2005,199,32.867225286171,-96.90776833183,Match,Exact
17427437011,SPEC'S FAMILY CORP.,2410 SMITH ST,HOUSTON,TX,77006,101,CT,295,"SPEC'S LIQUORS, WINES, BEERS & CIGARS, SPEC'S #228",4205 PRESIDENT GEORGE BUSH HWY,SACHSE,TX,75048,57.0,445310.0,Y,02/23/2024,05/01/2024,200,,,No_Match,
32027119646,CESAR B FLORES,3021 LOMBARDY LN STE 104,DALLAS,TX,75220,57,IS,3,7 - ABC BEER TO GO,3021 LOMBARDY LN # 104,DALLAS,TX,75220,57.0,445120.0,Y,11/17/2009,03/01/2009,201,32.866494545494,-96.875095884992,Match,Exact
32065158050,"UNCLE LEE GROCERY, INC.",400 HARMONY WAY,KELLER,TX,76248,220,CT,1,UNCLE LEE GROCERY,3839 DIXON AVE,DALLAS,TX,75210,57.0,445120.0,Y,10/31/2017,11/01/2017,202,32.765394179933,-96.734000043606,Match,Exact
32040768122,"RIE RIE, INC.",12092 FORESTGATE DR,DALLAS,TX,75243,57,CT,4,UNREFINED BAKERY,6464 E NORTHWEST HWY STE 326,DALLAS,TX,75214,57.0,445291.0,Y,03/22/2017,03/27/2017,203,32.8570767754,-96.750513202931,Match,Exact
13002189754,"M. CACERES ENTERPRISES, INC.",3720 WALNUT HILL LN STE 109,DALLAS,TX,75229,57,CT,3,TIENDA SANTA ROSA #3,611 S HAMPTON RD,DALLAS,TX,75208,57.0,445120.0,Y,02/19/2004,01/01/2004,204,32.751510235954,-96.856912606334,Match,Non_Exact
32060105494,"J3C, LLC",3700 GLASGOW DR,PLANO,TX,75025,43,CL,2,CRAFTED,255 CEDAR SAGE DR,GARLAND,TX,75040,57.0,445310.0,Y,08/27/2025,09/01/2025,205,32.953713617748,-96.612441669108,Match,Exact
17508732769,RANDALL'S FOOD & DRUGS LP,PO BOX 29096 C/O MS 6531,PHOENIX,AZ,85038,0,PF,243,TOM THUMB 3296,2380 N FIELD ST,DALLAS,TX,75201,57.0,445110.0,Y,01/25/2018,05/01/2018,206,32.788575237023,-96.806353486971,Match,Non_Exact
17529278206,"SHAHRUKH & SHAHZEB, INC.",3002 E MAIN ST,GRAND PRAIRIE,TX,75050,57,CT,5,PRINCE MOTOR CARS,3230 E MAIN ST,GRAND PRAIRIE,TX,75050,57.0,445310.0,Y,08/30/2019,11/01/2019,207,32.749422127749,-96.956596183115,Match,Exact
32094570804,GALLY'S WINE AND SPIRITS LLC,4654 S VERSAILLES AVE,DALLAS,TX,75209,57,CL,1,GALLY'S WINE AND SPIRITS,7047 TWIN HILLS AVE STE 125,DALLAS,TX,75231,57.0,445310.0,Y,04/18/2024,06/01/2024,208,32.874117514347,-96.764579044926,Match,Exact
17106365988,QUALITY LICENSING CORP.,508 SW 8TH ST,BENTONVILLE,AR,72712,0,CT,414,QUALITY LICENSING CORP (STORE #6265),1213 MARKET PL,IRVING,TX,75063,57.0,445310.0,Y,11/04/2008,12/01/2008,209,32.91848856196,-96.963175359904,Match,Exact
17606039679,"RANDALL'S BEVERAGE COMPANY, INC.",PO BOX 29096,PHOENIX,AZ,85038,0,CT,164,TOM THUMB #1540,3757 FOREST LN,DALLAS,TX,75244,57.0,445110.0,Y,10/28/2010,11/01/2010,210,32.909710250613,-96.853306872022,Match,Exact
32053162486,ROSA Y MARTINEZ,3036 SAINT NICHOLAS DR,DALLAS,TX,75233,57,IS,1,TIENDA MARTINEZ,1930 S BECKLEY AVE STE A,DALLAS,TX,75224,57.0,445120.0,Y,02/12/2014,02/14/2014,211,32.724684709107,-96.822744829876,Match,Non_Exact
17528885241,SUNNI'S MARKETING CORP.,132 S CARROLL AVE,DALLAS,TX,75226,57,CT,1,KWIK STOP BEER & WINE 'B',132 S CARROLL AVE,DALLAS,TX,75226,57.0,445310.0,Y,06/07/2016,08/31/2000,212,32.791191115312,-96.767023477045,Match,Exact
17606039679,"RANDALL'S BEVERAGE COMPANY, INC.",PO BOX 29096,PHOENIX,AZ,85038,0,CT,167,RANDALL'S #2544,10455 N CENTRAL EXPY,DALLAS,TX,75231,57.0,445110.0,Y,01/18/2011,12/18/2010,213,32.888774334903,-96.770191047127,Match,Exact
32093171067,CARSON ONE STOP GROUP LLC,1246 E CLARENDON DR,DALLAS,TX,75203,57,CL,1,CARSON ONE STOP GROUP,1246 E CLARENDON DR,DALLAS,TX,75203,57.0,445120.0,Y,02/23/2024,03/01/2024,214,32.746722851406,-96.805341717978,Match,Exact
12043584254,"SUBLETT INVESTMENT COMPANY, INC.",6411 LAKE BLUFF DR,DALLAS,TX,75249,57,CT,4,GP CORNER STORE,595 W PIONEER PKWY,GRAND PRAIRIE,TX,75051,57.0,445120.0,Y,07/20/2016,09/01/2016,215,,,No_Match,
32043766842,GUSTAVO RENE MAGALLANES,1510 W 7TH ST,IRVING,TX,75060,57,IS,4,FRUTERIA SONRISAS,1121 W PIONEER DR,IRVING,TX,75061,57.0,445120.0,Y,07/28/2023,06/25/2012,216,32.821362357986,-96.959534169179,Match,Exact
32081816012,HEAVEN AND 73RD LLC,4806 CHESHIRE LN,PARKER,TX,75002,43,CL,1,HEAVEN AND 73RD,5100 LEMMON AVE,DALLAS,TX,75209,57.0,445310.0,Y,04/26/2022,06/01/2022,217,32.824317258736,-96.819857062605,Match,Exact
32061297142,"KIJAN MARKET, LLC",7640 MILITARY PKWY,DALLAS,TX,75227,57,CL,1,FOOD MART,7640 MILITARY PKWY,DALLAS,TX,75227,57.0,445120.0,Y,11/30/2016,01/01/2017,218,32.770409868167,-96.688266063445,Match,Exact
17106365988,QUALITY LICENSING CORP.,508 SW 8TH ST,BENTONVILLE,AR,72712,0,CT,692,QUALITY LICENSING CORP. STORE #3204 FUEL CENTER,840 E BELT LINE RD,CEDAR HILL,TX,75104,57.0,445310.0,Y,06/09/2015,02/01/2016,219,32.589835244171,-96.924410827583,Match,Exact
32057833413,THAKUR MANAGEMENT LLC,PO BOX 219088 ATTNLICENSING,DALLAS,TX,75221,57,CL,2,7-ELEVEN CONVENIENCE STORE #38466A,2900 MILES RD,SACHSE,TX,75048,57.0,445120.0,Y,12/20/2018,02/15/2019,220,,,No_Match,
17106365988,QUALITY LICENSING CORP.,508 SW 8TH ST,BENTONVILLE,AR,72712,0,CT,771,QUALITY LICENSING CORP. - STORE # 4503,2650 S STATE HIGHWAY 161,GRAND PRAIRIE,TX,75052,57.0,445310.0,Y,10/27/2016,12/01/2016,221,32.707442423359,-97.024092587071,Match,Non_Exact
32077544172,SAI ANIYA RENSA LLC,5112 TEXANA DR,FRISCO,TX,75036,61,CL,1,ONE STOP BEER AND WINE,1422 W KINGSLEY RD STE 100,GARLAND,TX,75041,57.0,445120.0,Y,02/09/2021,02/01/2021,222,32.878651525815,-96.648428318639,Match,Exact
32068736324,OVERFLOWING WATER INC,4568 E TROPICANA AVE,LAS VEGAS,NV,89121,0,CT,2,SALADMASTER,1016 W TRINITY MILLS RD STE 208,CARROLLTON,TX,75006,57.0,445299.0,Y,01/22/2024,12/01/2023,223,32.982669479174,-96.912167577667,Match,Exact
17430106579,"H-E-B, LP",PO BOX 839999,SAN ANTONIO,TX,78283,15,PL,624,JOE V'S SMART SHOP #805,7700 SAMUELL BLVD,DALLAS,TX,75227,57.0,445110.0,Y,09/10/2024,12/09/2024,224,,,No_Match,
32044372327,TRADER JOE'S EAST INC.,800 S SHAMROCK AVE,MONROVIA,CA,91016,0,CF,11,TRADER JOE'S #405,5550 W LOVERS LN STE 168,DALLAS,TX,75209,57.0,445110.0,Y,09/10/2013,12/01/2013,225,,,No_Match,
32064141040,NELLY PATRICIA MAGALLANES,1510 W 7TH ST,IRVING,TX,75060,57,IS,3,FRUTERIA Y NEVERIA TROPICAL,1207 S MACARTHUR BLVD,IRVING,TX,75060,57.0,445230.0,Y,07/28/2023,10/01/2018,226,32.802085846616,-96.959277045209,Match,Exact
32098039673,"KHATRI BROTHERS, LLC.",2406 GRIZZLY RUN LN,EULESS,TX,76039,220,CL,1,CASA HIMALAYA,3343 COUNTRY CLUB DR W,IRVING,TX,75038,57.0,445120.0,Y,01/01/2025,01/01/2025,227,32.86077396343,-96.991121054618,Match,Exact
32046567783,NEELKANTH VARNI LLC,5025 REMINGTON DR,GARLAND,TX,75044,57,CL,1,AD BEER & WINE,565 W OATES RD STE 115,GARLAND,TX,75043,57.0,445310.0,Y,02/02/2012,02/14/2012,228,32.848359596807,-96.616822005716,Match,Exact
32053102722,"HOR & LAY, LLC",2625 OLD DENTON RD STE 456,CARROLLTON,TX,75007,57,CL,1,"HOR & LAY, LLC",1300 E BELT LINE RD,CARROLLTON,TX,75006,57.0,445291.0,Y,03/27/2014,04/01/2014,229,32.953706559819,-96.904607611055,Match,Exact
17106365988,QUALITY LICENSING CORP.,508 SW 8TH ST,BENTONVILLE,AR,72712,0,CT,587,QUALITY LICENSING CORP. STORE #5624,13100 JOSEY LN,FARMERS BRANCH,TX,75234,57.0,445310.0,Y,05/02/2014,05/19/2014,230,32.923371709192,-96.881499302801,Match,Exact
32075747728,SAI SUBARNA INC.,6714 CHRISTINA LN,GARLAND,TX,75043,57,CT,1,ALTA FOOD MART,2824 N BUCKNER BLVD,DALLAS,TX,75228,57.0,445120.0,Y,03/04/2025,02/01/2021,231,32.812843394533,-96.686288113076,Match,Non_Exact
32072615464,CFM2 INC,4460 W WALNUT ST STE 108,GARLAND,TX,75042,57,CT,2,GUAPITO'S,4460 W WALNUT ST STE 108,GARLAND,TX,75042,57.0,445120.0,Y,03/03/2025,03/01/2025,232,32.916497340274,-96.699744432793,Match,Exact
32037990689,JALARAM FOODS LLC,6217 MONTE CRISTO LN,PLANO,TX,75024,43,CL,1,INDIA BAZAAR,8600 N MACARTHUR BLVD # 100102,IRVING,TX,75063,57.0,445110.0,Y,02/25/2009,04/01/2009,233,32.923711064182,-96.95508450744,Match,Non_Exact
17106365988,QUALITY LICENSING CORP.,508 SW 8TH ST,BENTONVILLE,AR,72712,0,CT,473,QUALITY LICENSING CORP #2976,915 N TOWN EAST BLVD,MESQUITE,TX,75150,57.0,445310.0,Y,05/26/2011,06/01/2011,234,,,No_Match,
32084698946,HUDSON DALLAS LOVE FIELD CONCESSIONAIRES LLC,1 MEADOWLANDS PLZ,E RUTHERFORD,NJ,07073,0,CL,6,DUNKIN DONUTS (2312),8008 CEDAR SPRINGS RD,DALLAS,TX,75235,57.0,445291.0,Y,09/09/2024,10/01/2024,235,32.841676842607,-96.846713166451,Match,Exact
17106365988,QUALITY LICENSING CORP.,508 SW 8TH ST,BENTONVILLE,AR,72712,0,CT,331,QUALITY LICENSING CORP #1118,12300 LAKE JUNE RD,BALCH SPRINGS,TX,75180,57.0,445310.0,Y,09/14/2006,08/01/2006,236,32.733850425159,-96.615791285519,Match,Exact
32012675420,STEVEN A BAIR,213 LANE ST,MESQUITE,TX,75149,57,IS,4,STEVEN BAIR,213 LANE ST,MESQUITE,TX,75149,57.0,445299.0,Y,10/25/2024,09/26/2019,237,32.767979739914,-96.600436404817,Match,Non_Exact
17418740332,"FIESTA MART, L.L.C.",600 CITADEL DR,COMMERCE,CA,90040,0,CL,96,FIESTA MART # 68,6401 ABRAMS RD,DALLAS,TX,75231,57.0,445110.0,Y,08/15/2008,10/01/2008,238,32.861130141848,-96.745174384446,Match,Exact
32074711030,ZEE STOP LLC,1012 GARDENIA ST,CARROLLTON,TX,75007,61,CL,5,ZEE'S STOP TOWN EAST MALL,2063 TOWN EAST MALL,MESQUITE,TX,75150,57.0,445120.0,Y,07/01/2021,06/28/2021,239,32.811655283603,-96.631423015949,Match,Non_Exact
32101670878,RED CHILI ASIAN GROCERIES LLC,2311 RAY HUBBARD WAY,WYLIE,TX,75098,43,CL,1,RED CHILI ASIAN GROCERIES LLC,6246 BROADWAY BLVD STE C,GARLAND,TX,75043,57.0,445110.0,Y,08/23/2025,09/01/2025,240,32.837548093567,-96.59549257612,Match,Non_Exact
32055604162,"LMMM DALLAS #41, LTD.",PO BOX 55009,HOUSTON,TX,77255,101,PL,1,LA MICHOACANA MEAT MARKET,2600 S ZANG BLVD,DALLAS,TX,75224,57.0,445110.0,Y,11/24/2015,01/20/2016,241,,,No_Match,
32087609205,ACROSS ENTERPRISE LLC,4913 FERGUS LN,CARROLLTON,TX,75010,61,CL,1,EZ TRIP #25,8240 ABRAMS RD,DALLAS,TX,75231,57.0,445120.0,Y,01/13/2023,02/01/2023,242,,,No_Match,
17418740332,"FIESTA MART, L.L.C.",600 CITADEL DR,COMMERCE,CA,90040,0,CL,77,FIESTA MART #53,975 E IRVING BLVD,IRVING,TX,75060,57.0,445110.0,Y,05/02/2000,06/01/2000,243,32.812228188082,-96.935390121346,Match,Exact
32057554167,SAM & MARIO INC,10938 ELAM RD,BALCH SPRINGS,TX,75180,57,CT,1,BEVERAGE 4 U,10938 ELAM RD,BALCH SPRINGS,TX,75180,57.0,445120.0,Y,08/20/2015,07/01/2015,244,32.719292971758,-96.637900566403,Match,Exact
17513185730,"GOODY GOODY LIQUOR, INC.",10370 OLYMPIC DR,DALLAS,TX,75220,57,CT,27,BUCKEYE LIQOUR-WHOLESALE,10741 KING WILLIAM DR,DALLAS,TX,75220,57.0,445310.0,Y,03/29/2007,03/01/2007,245,32.87248775394,-96.90022184786,Match,Exact
32093026865,BYUNG HEOU SHO,9410 WALNUT ST STE 108,DALLAS,TX,75243,57,IS,1,BYUNG HEOU SHO,9410 WALNUT ST,DALLAS,TX,75243,57.0,445291.0,Y,01/03/2024,01/03/2024,246,32.923353592746,-96.736977667789,Match,Exact
17418740332,"FIESTA MART, L.L.C.",600 CITADEL DR,COMMERCE,CA,90040,0,CL,80,FIESTA MART #58,8060 SPRING VALLEY RD,DALLAS,TX,75240,57.0,445110.0,Y,01/04/2002,01/02/2002,247,32.939817658108,-96.767916594749,Match,Exact
32078028886,RAZ STORES LLC,11055 DENNIS RD STE 3,DALLAS,TX,75229,57,CL,2,DENNIS WATER & BEER WINE,11055 DENNIS RD STE 3,DALLAS,TX,75229,57.0,445120.0,Y,12/11/2021,12/01/2021,248,32.898892355787,-96.881447629342,Match,Exact
32063533080,TEAM BAILEY LLC,7720 WINDSOR DR,ALLENTOWN,PA,18106,0,CL,20,DOMINO'S #6820,510 S CARRIER PKWY STE 141,GRAND PRAIRIE,TX,75051,57.0,445299.0,Y,12/13/2017,01/08/2018,249,32.739781748566,-97.014693068267,Match,Exact
17525673715,"NAINA CORPORATION, INC.",2621 CHAMBERS LN,PLANO,TX,75093,43,CT,4,STOP & BUY,1608 S 5TH ST,GARLAND,TX,75040,57.0,445120.0,Y,03/07/2016,03/07/2016,250,32.898769353591,-96.636257332403,Match,Exact
32008302815,LEONARDO HERNANDEZ,3048 LAVITA LN,FARMERS BRNCH,TX,75234,57,IS,1,T C SHAVED ICE,3117 S 1ST ST,GARLAND,TX,75041,57.0,445299.0,Y,04/29/1993,04/01/1993,251,32.877775967676,-96.63098659808,Match,Exact
17515697823,"ASSOCIATED DISTRIBUTORS, INC.",2653 AUSTIN HWY,SAN ANTONIO,TX,78218,15,CT,5,"ASSOCIATED DISTRIBUTORS, INC.",1508 FALCON DR,DESOTO,TX,75115,57.0,445110.0,Y,04/12/2010,04/12/2010,252,32.618980161594,-96.851793524987,Match,Exact
17106365988,QUALITY LICENSING CORP.,508 SW 8TH ST,BENTONVILLE,AR,72712,0,CT,620,QUALITY LICENSING CORP. # 7232,108 W PARKERVILLE RD,DESOTO,TX,75115,57.0,445310.0,Y,08/21/2014,11/20/2014,253,32.575221008814,-96.865687922511,Match,Exact
17106365988,QUALITY LICENSING CORP.,508 SW 8TH ST,BENTONVILLE,AR,72712,0,CT,568,QUALITY LICENSING CORP. #6182,3972 N CENTRAL EXPY,DALLAS,TX,75204,57.0,445310.0,Y,01/03/2014,05/15/2014,254,32.810370834827,-96.7916764338,Match,Exact
32062080711,"SCBO, LLC",112 SUNSHINE DR,EULESS,TX,76039,220,CL,2,T C GROCERY,5050 CROZIER ST,DALLAS,TX,75215,57.0,445120.0,Y,12/05/2016,02/01/2017,255,32.750885709667,-96.754090514384,Match,Exact
32050790735,BEER & WINE CONVENIENCE STORE INC,9220 SKILLMAN ST STE 105,DALLAS,TX,75243,57,CT,1,BEER & WINE CONVENIENCE STORE INC,9220 SKILLMAN ST STE 105,DALLAS,TX,75243,57.0,445120.0,Y,05/10/2013,04/01/2013,256,32.902762790318,-96.714508794008,Match,Exact
32075248081,"SURMA ENTERPRISE, LLC",2425 W WALNUT ST STE 200,GARLAND,TX,75042,57,CL,1,SURMA GROCERY AND ETHIOPIAN CUISINE,2425 W WALNUT ST STE 200,GARLAND,TX,75042,57.0,445299.0,Y,06/24/2024,09/01/2020,257,32.916418940705,-96.664344229557,Match,Exact
32074743892,M&J MEAT MARKET INC,3214 WUTHERING CIR,GRAND PRAIRIE,TX,75052,57,CT,1,EL POTOSINO MEAT MARKET,1017 FORT WORTH ST STE 550,GRAND PRAIRIE,TX,75050,57.0,445210.0,Y,06/27/2020,09/01/2020,258,32.743191410931,-97.017406098632,Match,Exact
32015634044,CARLOS V VITELA,125 SUMMER PLACE DR,COPPELL,TX,75019,57,IS,4,CARLOS V VITELA,125 SUMMER PLACE DR,COPPELL,TX,75019,57.0,445230.0,Y,10/14/2020,10/09/2020,259,32.970085373216,-97.00143559253,Match,Exact
32085848581,THE COTTAGE GROCERY LLC,5628 MILLER AVE,DALLAS,TX,75206,57,CL,1,THE COTTAGE GROCERY,4919 MCKINNEY AVE,DALLAS,TX,75205,57.0,445110.0,Y,03/05/2025,06/01/2025,260,32.827283148271,-96.785015650736,Match,Exact
32063533080,TEAM BAILEY LLC,7720 WINDSOR DR,ALLENTOWN,PA,18106,0,CL,1,DOMINO'S #6973,402 E WHEATLAND RD,DUNCANVILLE,TX,75116,57.0,445299.0,Y,12/13/2017,01/08/2018,261,32.647231798856,-96.901793735219,Match,Exact
32054937431,"LIQUOR DEPOT BEAR CREEK, L.P.",2331 W NORTHWEST HWY STE 201,DALLAS,TX,75220,57,PL,4,LIQUOR DEPOT,1308 E BEAR CREEK RD STE 130,GLENN HEIGHTS,TX,75154,57.0,445310.0,Y,12/14/2016,12/15/2016,262,32.560299009916,-96.82486781351,Match,Exact
32069970500,"ANJSM, LLC",14129 STARS RD,FRISCO,TX,75035,43,CL,1,ABRAMS FOOD MART,9730 ABRAMS RD STE 114,DALLAS,TX,75243,57.0,445120.0,Y,03/08/2019,03/15/2019,263,,,No_Match,
32061722909,"SHEGER GROCERY, LLC",11810 LEISURE DR,DALLAS,TX,75243,57,CL,1,SHEGER GROCERY,10190 FOREST LN STE 125,DALLAS,TX,75243,57.0,445110.0,Y,08/25/2025,04/19/2017,264,32.908967938923,-96.709829313982,Match,Exact
19434245650,RASIKMANI CORPORATION,2050 N STEMMONS FWY UNIT 199,DALLAS,TX,75207,57,CT,7,PLAZA SUNDRY & GIFTS,901 MAIN ST STE C128,DALLAS,TX,75202,57.0,445120.0,Y,05/02/2013,06/03/2013,265,32.779629946101,-96.804235790932,Match,Exact
32063533080,TEAM BAILEY LLC,7720 WINDSOR DR,ALLENTOWN,PA,18106,0,CL,4,DOMINO'S #6929,2419 W ILLINOIS AVE,DALLAS,TX,75233,57.0,445299.0,Y,12/13/2017,01/08/2018,266,32.720399408791,-96.857513018757,Match,Exact
32059042922,ZAU YIN LA HTAW,3409 MONTREAL DR,PLANO,TX,75023,43,IS,1,MYANMAR STORE,6887 SHADYBROOK LN,DALLAS,TX,75231,57.0,445110.0,Y,12/15/2015,01/01/2016,267,32.871185346945,-96.762671737424,Match,Exact
32063533080,TEAM BAILEY LLC,7720 WINDSOR DR,ALLENTOWN,PA,18106,0,CL,11,DOMINO'S #6824,10045 N MACARTHUR BLVD STE 109,IRVING,TX,75063,57.0,445299.0,Y,12/13/2017,01/08/2018,268,32.940460743644,-96.952214427152,Match,Exact
32090329353,KTM BUSINESS LLC,718 AMBER DR,GREENVILLE,TX,75402,116,CL,2,BEST BUY BEVERAGE,5011 MILITARY PKWY STE B,DALLAS,TX,75227,57.0,445310.0,Y,06/21/2023,06/21/2023,269,32.783776269089,-96.73266662144,Match,Non_Exact
32053418854,COLUMBIA KWIK STOP LLC,106 S FITZHUGH AVE,DALLAS,TX,75226,57,CL,1,C K STOP,106 S FITZHUGH AVE,DALLAS,TX,75226,57.0,445120.0,Y,03/25/2014,04/01/2014,270,,,No_Match,
17418740332,"FIESTA MART, L.L.C.",600 CITADEL DR,COMMERCE,CA,90040,0,CL,101,FIESTA MART # 73,1145 W AIRPORT FWY,IRVING,TX,75062,57.0,445110.0,Y,08/15/2008,10/01/2008,271,32.837373554743,-96.96024625982,Match,Exact
17418740332,"FIESTA MART, L.L.C.",600 CITADEL DR,COMMERCE,CA,90040,0,CL,103,FIESTA MART # 75,1332 S PLANO RD,RICHARDSON,TX,75081,57.0,445110.0,Y,08/15/2008,10/01/2008,272,32.932891798917,-96.700192905955,Match,Exact
32054869980,"MCCLURGE ENTERPRISES, LLC",812 REGAL BLUFF LN,DESOTO,TX,75115,57,CL,4,MCCLURGE'S COFFEE & SNACKS,401 TOM LANDRY HWY,DALLAS,TX,75260,57.0,445299.0,Y,01/22/2024,01/22/2024,273,,,No_Match,
32031553103,"ZAHARA, INC.",817 LOTUS DR,RICHARDSON,TX,75081,57,CT,1,7-ELEVEN CONVENIENCE #33321A,5712 SKILLMAN ST,DALLAS,TX,75206,57.0,445120.0,Y,05/10/2007,06/18/2007,274,,,No_Match,
12003291866,KELLOGG SALES COMPANY,1 KELLOGG SQ,BATTLE CREEK,MI,49017,0,CF,1,KELLOGG SALES COMPANY,2722 S JUPITER RD,GARLAND,TX,75041,57.0,445110.0,Y,12/22/2003,01/01/2004,275,,,No_Match,
17508732769,RANDALL'S FOOD & DRUGS LP,PO BOX 29096 C/O MS 6531,PHOENIX,AZ,85038,0,PF,65,RANDALL'S FOOD & DRUG # 3563,633 W WHEATLAND RD,DUNCANVILLE,TX,75116,57.0,445110.0,Y,05/15/2001,05/02/2001,276,32.647541167727,-96.922891037501,Match,Exact
32037325662,"I-45 BEVERAGE DEPOT, L.P.",2907 HIGHWAY 121,BEDFORD,TX,76021,220,PL,2,I-45 BEVERAGE DEPOT LIQUOR BEER WINE,410 N INTERSTATE 45 SERVICE RD STE A,HUTCHINS,TX,75141,57.0,445310.0,Y,07/03/2008,09/01/2008,277,32.65178673523,-96.709022046466,Match,Non_Exact
17106365988,QUALITY LICENSING CORP.,508 SW 8TH ST,BENTONVILLE,AR,72712,0,CT,400,QUALITY LICENSING CORP STORE #2105,13307 MIDWAY RD,FARMERS BRANCH,TX,75244,57.0,445310.0,Y,01/25/2008,03/01/2008,278,32.925900884283,-96.839074320695,Match,Exact
32097261997,"ELU GROCERY, LLC",2314 EDINBURGH WAY,GARLAND,TX,75040,57,CL,1,"ELU GROCERY, LLC",1609 W BUCKINGHAM RD,GARLAND,TX,75042,57.0,445299.0,Y,08/25/2025,10/28/2024,279,32.930843398541,-96.651599173376,Match,Exact
32068214694,"TEQUILA FOR YOU, LLC",508 ANGELA LN,EULESS,TX,76039,220,CL,2,"TEQUILA FOR YOU, LLC",10750 N STEMMONS FWY # 4,DALLAS,TX,75220,57.0,445310.0,Y,05/23/2023,06/01/2023,280,32.873195578742,-96.897398225225,Match,Exact
17430106587,"HEB BEVERAGE COMPANY, LLC",PO BOX 839999,SAN ANTONIO,TX,78283,15,CL,559,JOE V'S SMART SHOP #805,7700 SAMUELL BLVD,DALLAS,TX,75227,57.0,445310.0,Y,09/10/2024,12/09/2024,281,,,No_Match,
32032802715,BIUMA VERONIQUE BANGA,3009 N BELT LINE RD,IRVING,TX,75062,57,IS,4,AFRICAN FOOD STORE,3009 N BELT LINE RD,IRVING,TX,75062,57.0,445110.0,Y,11/29/2022,08/14/2013,282,32.84764201008,-96.992356366747,Match,Exact
32086728808,SS SIMPLY PARTNERS LLC,2076 HIDALGO LN,FRISCO,TX,75034,61,CL,1,SUPREME BEER & WINE,2932 N BUCKNER BLVD,DALLAS,TX,75228,57.0,445120.0,Y,11/29/2022,01/01/2023,283,32.761283331974,-96.68263773858,Match,Non_Exact
13715507789,"PETRO LINE, INC.",777 W LYNDON B JOHNSON FWY,IRVING,TX,75063,57,CT,1,GATEWAY #22,777 W LYNDON B JOHNSON FWY,IRVING,TX,75063,57.0,445120.0,Y,10/05/2007,11/15/2007,284,,,No_Match,
32100713497,"ASMBL WINE CO I, LLC",PO BOX 802948,DALLAS,TX,75380,57,CL,1,ASSEMBLY HOUSE WINE CO.,129 N COLLINS RD STE 2103,SUNNYVALE,TX,75182,57.0,445310.0,Y,07/04/2025,09/15/2025,285,32.793839324786,-96.561279798842,Match,Non_Exact
32097386158,KRAMER SMOKE & CONVENIENCE STORE LLC,3600 W DAVIS ST # 103,DALLAS,TX,75211,57,CL,1,KRAMER SMOKE AND CONVENIENCE STORE,3600 W DAVIS ST # 103,DALLAS,TX,75211,57.0,445120.0,Y,11/13/2024,01/01/2025,286,32.749497298572,-96.878364962357,Match,Exact
32082836035,TOTAL SPIRITS INC,735 BROOKSTONE DR,IRVING,TX,75039,57,CT,3,LIQUOR DEN,591 W PIONEER PKWY,GRAND PRAIRIE,TX,75051,57.0,445310.0,Y,02/08/2022,02/08/2022,287,,,No_Match,
32048188737,BERHANE LLC,PO BOX 219088 ATTNLICENSING,DALLAS,TX,75221,57,CL,1,7-ELEVEN CONVENIENCE STORE #35424,8201 E R L THORNTON FWY,DALLAS,TX,75228,57.0,445120.0,Y,06/13/2012,07/01/2012,288,,,No_Match,
32081357280,4 STRANGERS LLC,13234 SEATTLE SLEW ST,FRISCO,TX,75035,43,CL,1,THE LIQUOR OUTPOST,4070 N BELT LINE RD STE 114,IRVING,TX,75038,57.0,445310.0,Y,10/19/2021,11/10/2021,289,32.863719903781,-96.991665696796,Match,Exact
32040242243,STSR INVESTMENTS LP,1473 TRAIL VIEW LN,FRISCO,TX,75034,61,PL,2,CANDY WORLD,460 CEDAR SAGE DR,GARLAND,TX,75040,57.0,445299.0,Y,10/30/2015,11/01/2015,290,32.952540851574,-96.610367322118,Match,Exact
32095061530,LADERACH NORTH TX LLC,23740 WOODFORD PLACE DR,KINGWOOD,TX,77339,170,CI,1,LADERACH NORTH TX LLC,8687 N CENTRAL EXPY # C2-630,DALLAS,TX,75225,57.0,445292.0,Y,05/15/2024,07/01/2024,291,32.869463265005,-96.770779861721,Match,Non_Exact
10106415143,"SHELLIE CURTIS, INC.",217 N KAUFMAN ST,SEAGOVILLE,TX,75159,57,CT,1,MIGALITOS SUPERMERCADO #1,1050 S BELTLINE RD,DALLAS,TX,75253,57.0,445110.0,Y,04/02/2002,05/01/2002,292,32.685501007032,-96.590927864159,Match,Non_Exact
17606039679,"RANDALL'S BEVERAGE COMPANY, INC.",PO BOX 29096,PHOENIX,AZ,85038,0,CT,147,TOM THUMB #2526,39 ARAPAHO VILLAGE CTR,RICHARDSON,TX,75080,57.0,445110.0,Y,11/08/2006,01/01/2007,293,32.962165043667,-96.74931921595,Match,Exact
32080333779,FRESH DINING CONCEPTS LLC,1600 PONCE DE LEON BLVD FL 10,CORAL GABLES,FL,33134,0,CI,12,JAMBA JUICE,6440 N MACARTHUR BLVD,IRVING,TX,75039,57.0,445299.0,Y,08/31/2022,10/01/2022,294,32.89677132277,-96.958650606905,Match,Exact
32087171024,AMBER NICOLE WALLACE,105 SUNVIEW ST,SUNNYVALE,TX,75182,57,IS,1,MUD PUDDLE CO.,105 SUNVIEW ST,SUNNYVALE,TX,75182,57.0,445291.0,Y,11/22/2022,10/01/2022,295,32.820987454954,-96.595563019297,Match,Non_Exact
32092689390,"RUYA INVESTMENTS, INC.",211 E LYNN CREEK DR,ARLINGTON,TX,76002,220,CT,1,FAMILY MART,8020 S POLK ST,DALLAS,TX,75232,57.0,445120.0,Y,12/22/2023,01/01/2024,296,32.649207111206,-96.839841660033,Match,Exact
12604344262,"MALONE'S FOOD STORES, LLC",4850 SAMUELL BLVD,MESQUITE,TX,75149,57,CL,2,MALONE'S COST PLUS # 2,7007 LAKE JUNE RD,DALLAS,TX,75217,57.0,445110.0,Y,09/07/2007,09/01/2007,297,32.734500562998,-96.701714742705,Match,Exact
17530460967,KINTLA INCORPORATED,3111 MONTICELLO AVE STE A,DALLAS,TX,75205,57,CT,2,BRIAN'S WINE & MORE,3109 MONTICELLO AVE,DALLAS,TX,75205,57.0,445310.0,Y,01/30/2008,03/01/2008,298,32.827267008653,-96.786525352753,Match,Exact
32101443292,AMBE SUPER STORE INC.,4101 MEADOW DR,GRAPEVINE,TX,76051,220,CT,1,ELMER'S,2101 S RIVERFRONT BLVD,DALLAS,TX,75207,57.0,445120.0,Y,08/26/2025,10/01/2025,299,,,No_Match,
32101730813,D & A DELIVERY AND LOGISTICS SOLUTIONS LLC,6465 SHADY BROOK LN,DALLAS,TX,75206,57,CL,1,D & A DELIVERY AND LOGISTICS SOLUTIONS LLC,6465 SHADY BROOK LN,DALLAS,TX,75206,57.0,445299.0,Y,08/23/2025,09/01/2025,300,32.863146427345,-96.764291973614,Match,Exact
17515349359,"YATES GROUP, INC.",2015 GALLERIA OAKS DR,TEXARKANA,TX,75503,19,CT,356,E-Z MART #5486,5520 LYONS RD,GARLAND,TX,75043,57.0,445120.0,Y,07/11/2019,05/01/2019,301,32.84825743302,-96.569442053676,Match,Exact
17508732769,RANDALL'S FOOD & DRUGS LP,PO BOX 29096 C/O MS 6531,PHOENIX,AZ,85038,0,PF,197,TOM THUMB #3623 FUEL STATION,214 E PLEASANT RUN RD,DE SOTO,TX,75115,57.0,445110.0,Y,06/28/2004,07/01/2004,302,32.604024063767,-96.855925343931,Match,Non_Exact
17528481256,"EYOB HAILE, ET AL",5530 COLUMBIA AVE,DALLAS,TX,75214,57,PI,1,COLUMBIA FOOD MART,5530 COLUMBIA AVE,DALLAS,TX,75214,57.0,445120.0,Y,12/29/1999,10/01/1999,303,32.800281215211,-96.757117241417,Match,Exact
32063533080,TEAM BAILEY LLC,7720 WINDSOR DR,ALLENTOWN,PA,18106,0,CL,3,DOMINO'S #6805,1135 E IRVING BLVD,IRVING,TX,75060,57.0,445299.0,Y,12/13/2017,01/08/2018,304,32.810930321779,-96.932765370566,Match,Exact
32063533080,TEAM BAILEY LLC,7720 WINDSOR DR,ALLENTOWN,PA,18106,0,CL,22,DOMINO'S #6915,1050 N WESTMORELAND RD STE 110,DALLAS,TX,75211,57.0,445299.0,Y,12/13/2017,01/08/2018,305,32.755021150879,-96.873966828844,Match,Exact
32037843276,"GE FOODLAND 51, LLC",1105 E BELT LINE RD,CARROLLTON,TX,75006,57,CL,1,FOODLAND MARKETS 51,8411 LAKE JUNE RD,DALLAS,TX,75217,57.0,445110.0,Y,10/01/2008,10/09/2008,306,32.734363062166,-96.675544790432,Match,Exact
17528749462,"SUPERTARGET LIQUOR OF TEXAS, INC.",PO BOX 9471,MINNEAPOLIS,MN,55440,0,CT,153,TARGET STORE T-1032,7845 N MACARTHUR BLVD,IRVING,TX,75063,57.0,445310.0,Y,01/26/2009,03/01/2009,307,32.91323005904,-96.958837762476,Match,Exact
17524528720,POONJA CORPORATION,1422 ACTON AVE,DUNCANVILLE,TX,75137,57,CT,8,MY-T-QUICK FOOD STORE,1422 ACTON AVE,DUNCANVILLE,TX,75137,57.0,445120.0,Y,10/24/2012,11/01/2012,308,32.635079440853,-96.900766961069,Match,Exact
32040291398,EVEREST VIEW CORPORATION,1501 PIPELINE RD E STE B,BEDFORD,TX,76022,220,CT,1,QUICK TRACK #8,501 N GALLOWAY AVE,MESQUITE,TX,75149,57.0,445120.0,Y,09/23/2009,09/10/2009,309,32.762870809544,-96.598824480118,Match,Non_Exact
32064141040,NELLY PATRICIA MAGALLANES,1510 W 7TH ST,IRVING,TX,75060,57,IS,2,FRUTERIA SONRISAS #2,3317 N STORY RD,IRVING,TX,75062,57.0,445230.0,Y,07/28/2023,06/25/2018,310,32.850000123206,-96.97649459308,Match,Exact
32057358742,GANGA DEVI BRAHMIN BHATTARAI,2715 MERLOT CIR,ROWLETT,TX,75088,57,IS,1,OK MINI MART,3022 S SHILOH RD STE A,GARLAND,TX,75041,57.0,445120.0,Y,06/12/2015,06/01/2015,311,32.879735207672,-96.665400778262,Match,Non_Exact
32098998837,LA TANA LLC,5900 BALCONES DR STE 100,AUSTIN,TX,78731,227,CI,1,LA TANA LLC,5601 W LOVERS LN STE 120,DALLAS,TX,75209,57.0,445291.0,Y,03/05/2025,03/08/2025,312,,,No_Match,
32041007645,"LA REGIONAL, INC.",300 E JEFFERSON BLVD,DALLAS,TX,75203,57,CT,2,SUPER MERCADO MONTERREY,435 E DANIELDALE RD,DUNCANVILLE,TX,75137,57.0,445110.0,Y,10/06/2016,10/04/2016,313,32.632954041083,-96.902155461042,Match,Exact
32084698946,HUDSON DALLAS LOVE FIELD CONCESSIONAIRES LLC,1 MEADOWLANDS PLZ,E RUTHERFORD,NJ,07073,0,CL,5,JASON DELI,8008 CEDAR SPRINGS RD,DALLAS,TX,75235,57.0,445299.0,Y,09/09/2024,10/01/2024,314,32.841676842607,-96.846713166451,Match,Exact
32061917558,"313 GROUP, INC.",2524 S LANCASTER RD,DALLAS,TX,75216,57,CT,1,313 SHOP,2524 S LANCASTER RD,DALLAS,TX,75216,57.0,445120.0,Y,11/08/2016,11/01/2016,315,32.719522700661,-96.804460807808,Match,Exact
32026816622,HASSAN ALHUSAINI,1640 S COCKRELL HILL RD,GLENN HEIGHTS,TX,75154,57,IS,2,TIGER MART #65,1640 S COCKRELL HILL RD,GLENN HEIGHTS,TX,75154,57.0,445120.0,Y,01/18/2013,01/19/2013,316,,,No_Match,
17106365988,QUALITY LICENSING CORP.,508 SW 8TH ST,BENTONVILLE,AR,72712,0,CT,564,QUALITY LICENSING CORP. #2433,101 W BUCKINGHAM RD,GARLAND,TX,75040,57.0,445310.0,Y,11/08/2013,03/01/2014,317,,,No_Match,
32074872444,AWAD JO LLC,1237 SOUTHRIDGE CT STE 207,HURST,TX,76053,220,CL,1,AWAD JO LLC,8008 S POLK ST STE 101,DALLAS,TX,75232,57.0,445299.0,Y,08/25/2025,08/01/2020,318,32.64957478941,-96.839840584803,Match,Exact
12051410343,"LMMM DALLAS #27, LTD.",PO BOX 55009,HOUSTON,TX,77255,101,PL,1,LA MICHOACANA MEAT MARKET DALLAS #27,2004 E BELT LINE RD,CARROLLTON,TX,75006,57.0,445110.0,Y,07/17/2006,08/01/2006,319,32.95354493818,-96.886377660972,Match,Exact
14312832968,"MORAN FOODS, LLC",400 NORTHWEST PLAZA DR,SAINT ANN,MO,63074,0,CI,75,SAVE A LOT #725,3021 MARTIN LUTHER KING JR BLVD,DALLAS,TX,75215,57.0,445110.0,Y,09/04/2007,10/11/2007,320,32.771445612207,-96.765841021804,Match,Exact
32091616246,"LMMM DALLAS #47, LTD.",8830 LONG POINT RD STE 700,HOUSTON,TX,77055,101,PL,1,LA MICHOACANA SUPERMARKET #30,4202 PIONEER RD,BALCH SPRINGS,TX,75180,57.0,445110.0,Y,09/23/2023,10/18/2023,321,32.712966250668,-96.605339778331,Match,Exact
32089578267,"LMMM DALLAS #46, LTD.",8830 LONG POINT RD STE 700,HOUSTON,TX,77055,101,PL,1,LA MICHOACANA SUPERMARKET #28,1150 W KIEST BLVD STE 201,DALLAS,TX,75224,57.0,445110.0,Y,05/20/2023,06/07/2023,322,32.705729983048,-96.841727619896,Match,Exact
10106415143,"SHELLIE CURTIS, INC.",217 N KAUFMAN ST,SEAGOVILLE,TX,75159,57,CT,3,MIGALITOS SUPERMERCADO #5,3160 SATURN RD STE 202,GARLAND,TX,75041,57.0,445110.0,Y,09/15/2017,09/26/2017,323,32.877742130748,-96.648134156335,Match,Exact
32063533080,TEAM BAILEY LLC,7720 WINDSOR DR,ALLENTOWN,PA,18106,0,CL,16,DOMINO'S #6835,3725 S CARRIER PKWY STE 115,GRAND PRAIRIE,TX,75052,57.0,445299.0,Y,12/13/2017,01/08/2018,324,32.683880194625,-97.008575827194,Match,Exact
17106365988,QUALITY LICENSING CORP.,508 SW 8TH ST,BENTONVILLE,AR,72712,0,CT,669,QUALITY LICENSING CORP STORE #2105 FUEL CENTER,4142 LYNDON B JOHNSON FWY,DALLAS,TX,75244,57.0,445310.0,Y,03/25/2015,07/01/2015,325,,,No_Match,
32077293713,MAGISH INTL FOOD LLC,940 E BELT LINE RD STE 122,RICHARDSON,TX,75081,57,CL,1,UAC INTERNATIONAL FOOD,940 E BELT LINE RD STE 122,RICHARDSON,TX,75081,57.0,445110.0,Y,02/13/2023,01/01/2021,326,32.947509766667,-96.711852579138,Match,Exact
12031221802,TICK TAK INC,3000 W PIONEER DR,IRVING,TX,75061,57,CT,1,DAIRY MART #6,3000 W PIONEER DR,IRVING,TX,75061,57.0,445120.0,Y,07/12/2005,08/01/2005,327,32.828339450776,-96.986731943475,Match,Exact
32051224007,L AND A 1ST INVESTMENT LLC,667 SLEEPY CREEK DR,FRISCO,TX,75036,61,CL,1,SPEEDY B MART,2302 W WALNUT HILL LN,IRVING,TX,75038,57.0,445120.0,Y,06/17/2013,06/18/2013,328,,,No_Match,
32064141040,NELLY PATRICIA MAGALLANES,1510 W 7TH ST,IRVING,TX,75060,57,IS,4,FRUTERIA SONRISAS #3,4070 N BELT LINE RD STE 113,IRVING,TX,75038,57.0,445230.0,Y,07/28/2023,02/18/2019,329,32.863719903781,-96.991665696796,Match,Exact
32020223395,ALDI (TEXAS) L.L.C.,2500 WESTCOURT RD,DENTON,TX,76207,61,CL,20,ALDI (TEXAS) L.L.C. #35,5828 ABRAMS RD,DALLAS,TX,75214,57.0,445110.0,Y,01/08/2010,04/01/2010,330,32.855866334958,-96.750521679376,Match,Exact
32063533080,TEAM BAILEY LLC,7720 WINDSOR DR,ALLENTOWN,PA,18106,0,CL,14,DOMINO'S #9291,920 S BELT LINE RD STE 100,COPPELL,TX,75019,57.0,445299.0,Y,12/13/2017,01/08/2018,331,32.946977271077,-96.993373175787,Match,Exact
32069838806,EVIAD LLC,2101 FOXBOROUGH TRL,FLOWER MOUND,TX,75028,61,CL,1,DAIRY WAY# 9,1810 W KINGSLEY RD STE 101,GARLAND,TX,75041,57.0,445120.0,Y,04/02/2019,05/10/2019,332,32.878655942236,-96.653895093243,Match,Exact
17418740332,"FIESTA MART, L.L.C.",600 CITADEL DR,COMMERCE,CA,90040,0,CL,88,FIESTA MART # 57,2951 S BUCKNER BLVD,DALLAS,TX,75227,57.0,445110.0,Y,03/13/2003,05/15/2003,333,,,No_Match,
17430106587,"HEB BEVERAGE COMPANY, LLC",PO BOX 839999,SAN ANTONIO,TX,78283,15,CL,270,HEB DALLAS #552,2777 N STEMMONS FWY STE 108,DALLAS,TX,75207,57.0,445310.0,Y,09/21/2001,09/01/2001,334,32.81002879241,-96.848382737355,Match,Exact
17106365988,QUALITY LICENSING CORP.,508 SW 8TH ST,BENTONVILLE,AR,72712,0,CT,619,QUALITY LICENSING CORP. #7224,350 N BLUEGROVE RD,LANCASTER,TX,75146,57.0,445310.0,Y,08/21/2014,11/20/2014,335,32.59076402333,-96.787340715019,Match,Exact
32095540947,"RAYZAYN INVESTMENTS, LLC",4306 LONE OAK DR,MANSFIELD,TX,76063,220,CL,1,ZAYN GLOBAL MARKET,920 S BELT LINE RD STE 110,COPPELL,TX,75019,57.0,445110.0,Y,07/23/2024,09/01/2024,336,32.946977271077,-96.993373175787,Match,Exact
32052502203,KINGSLEY ENTERPRISES LLC,1433 W KINGSLEY RD STE 101,GARLAND,TX,75041,57,CL,1,KINGSLEY GROCERY AND CHECK CASHING STORE,1433 W KINGSLEY RD STE 101,GARLAND,TX,75041,57.0,445120.0,Y,06/21/2023,06/01/2014,337,32.878952006917,-96.64498868457,Match,Exact
32017281356,"TEXAS ICE VENDING, LLC",4100 ELDORADO PKWY STE 100,MCKINNEY,TX,75070,43,CL,1,TEXAS ICE VENDING,7834 LAKE JUNE RD,DALLAS,TX,75217,57.0,445299.0,Y,03/01/2007,06/15/2006,338,32.734121752519,-96.687722705569,Match,Exact
32063533080,TEAM BAILEY LLC,7720 WINDSOR DR,ALLENTOWN,PA,18106,0,CL,7,DOMINO'S #6924,1820 W MOCKINGBIRD LN STE 150,DALLAS,TX,75235,57.0,445299.0,Y,12/13/2017,01/08/2018,339,32.822105298144,-96.854919541534,Match,Exact
17106365988,QUALITY LICENSING CORP.,508 SW 8TH ST,BENTONVILLE,AR,72712,0,CT,520,QUALITY LICENSING CORP #5288,220 N HIGHWAY 175,SEAGOVILLE,TX,75159,57.0,445310.0,Y,11/19/2012,12/19/2012,340,32.647745277458,-96.535158800154,Match,Exact
32093511593,CAN2FIRECRACKERS LLC,5803 FOXGLOVE LN,DALLAS,TX,75249,57,CL,1,CAN2FIRECRACKERS,5803 FOXGLOVE LN,DALLAS,TX,75249,57.0,445292.0,Y,09/24/2024,04/08/2024,341,32.655729402032,-96.970515492159,Match,Exact
32006387636,KAYYAM A MOHAMMED,1517 BLUE MESA RD,CARROLLTON,TX,75007,61,IS,1,EXECU-STORE,2200 ROSS AVE STE 200,DALLAS,TX,75201,57.0,445120.0,Y,12/21/1994,11/01/1994,342,32.788218371801,-96.797618590338,Match,Exact
32044785049,W D F M ENTERPRISES INC,619 W DAVIS ST,DALLAS,TX,75208,57,CT,1,WEST DAVIS FOOD MART,619 W DAVIS ST,DALLAS,TX,75208,57.0,445120.0,Y,08/15/2011,09/01/2011,343,32.749507163961,-96.832088124476,Match,Exact
32063533080,TEAM BAILEY LLC,7720 WINDSOR DR,ALLENTOWN,PA,18106,0,CL,6,DOMINO'S #6968,15203 KNOLL TRAIL DR STE 115,DALLAS,TX,75248,57.0,445299.0,Y,12/13/2017,01/08/2018,344,32.96238833638,-96.818996734734,Match,Exact
14312832968,"MORAN FOODS, LLC",400 NORTHWEST PLAZA DR,SAINT ANN,MO,63074,0,CI,83,SAVE-A-LOT #120,3322 N BUCKNER BLVD STE 120,DALLAS,TX,75228,57.0,445110.0,Y,02/09/2011,02/24/2011,345,32.801648291063,-96.682057518469,Match,Exact
13002189754,"M. CACERES ENTERPRISES, INC.",3720 WALNUT HILL LN STE 109,DALLAS,TX,75229,57,CT,6,RESTAURANT SANTA ROSA,3217 W DAVIS ST,DALLAS,TX,75211,57.0,445120.0,Y,10/19/2010,10/19/2010,346,32.749611567476,-96.872877225737,Match,Exact
32052326413,"HENRY & BASS, INC.",PO BOX 219088 ATTNLICENSING DEPT.,DALLAS,TX,75221,57,CT,2,7-ELEVEN CONVENIENCE STORE #35648A,3020 N HAMPTON RD,DALLAS,TX,75212,57.0,445120.0,Y,10/04/2013,10/04/2013,347,32.77899521305,-96.856452813683,Match,Exact
32020099506,MATHEWS JOHN,921 GRAYSTONE DR,GARLAND,TX,75043,57,IS,1,NEW DAIRY WAY,1551 CENTERVILLE RD,DALLAS,TX,75228,57.0,445120.0,Y,06/28/2006,07/15/2006,348,,,No_Match,
32093263682,EXPRESSWAY FOOD STORE LLC,1620 AUTUMN CHASE SQ,BEDFORD,TX,76022,220,CL,1,EXPRESSWAY FOOD STORE LLC,2537 VALLEY VIEW LN,FARMERS BRANCH,TX,75234,57.0,445120.0,Y,01/27/2024,02/01/2024,349,32.924030636563,-96.895430032839,Match,Exact
32044674656,NASS LLC,1512 LLANO DR,EULESS,TX,76039,220,CL,4,PAYLESS FOOD & BEER & WINE,3249 DAWES DR,DALLAS,TX,75211,57.0,445120.0,Y,09/13/2024,12/01/2024,350,32.727202832284,-96.873352453341,Match,Exact
32054183523,MAYA GAL LLC,11411 HILLGUARD RD,DALLAS,TX,75243,57,CL,1,EL RIO GRANDE LATIN MARKET #9,2106 N GALLOWAY AVE,MESQUITE,TX,75150,57.0,445110.0,Y,09/11/2015,11/01/2015,351,32.793115114056,-96.612025689389,Match,Exact
32094356949,D & Z STAR LLC,8702 SPRING VALLEY RD STE D,DALLAS,TX,75240,57,CL,1,NEW VALLEY MART,8702 SPRING VALLEY RD STE D,DALLAS,TX,75240,57.0,445120.0,Y,04/17/2024,04/16/2024,352,32.939909934926,-96.752407996669,Match,Non_Exact
17508732769,RANDALL'S FOOD & DRUGS LP,PO BOX 29096 C/O MS 6531,PHOENIX,AZ,85038,0,PF,116,RANDALL'S FOOD AND DRUG # 2578,2535 NORTHEAST PKWY,GARLAND,TX,75040,57.0,445110.0,Y,05/16/2001,05/02/2001,353,,,No_Match,
32047462299,ANNABELLE & LOGAN COMPANY LLC,PO BOX 219088 ATTN:LICENSING,DALLAS,TX,75221,57,CL,1,7-ELEVEN CONVENIENCE STORE #35405,3716 MAPLE AVE,DALLAS,TX,75219,57.0,445120.0,Y,03/30/2012,05/01/2012,354,32.803690760855,-96.813716093189,Match,Exact
17606039679,"RANDALL'S BEVERAGE COMPANY, INC.",PO BOX 29096,PHOENIX,AZ,85038,0,CT,205,TOM THUMB 3311,2727 LIVE OAK ST,DALLAS,TX,75204,57.0,445110.0,Y,01/09/2020,12/06/2020,355,32.788838263314,-96.789165987978,Match,Exact
32063533080,TEAM BAILEY LLC,7720 WINDSOR DR,ALLENTOWN,PA,18106,0,CL,10,DOMINO'S #9221,401 W ROCHELLE RD,IRVING,TX,75062,57.0,445299.0,Y,12/13/2017,01/08/2018,356,32.844399552893,-96.949802130205,Match,Exact
17508732769,RANDALL'S FOOD & DRUGS LP,PO BOX 29096 C/O MS 6531,PHOENIX,AZ,85038,0,PF,266,TOM THUMB #5838,3500 BELTLINE RD,SUNNYVALE,TX,75182,57.0,445110.0,Y,08/25/2025,11/14/2025,357,,,No_Match,
32059802614,PANADERIA LA NUEVA LLC,7034 MILITARY PKWY,DALLAS,TX,75227,57,CL,1,PANADERIA LA NUEVA LLC,7034 MILITARY PKWY,DALLAS,TX,75227,57.0,445291.0,Y,05/04/2016,04/01/2016,358,32.77228206973,-96.698459060534,Match,Exact
32082836035,TOTAL SPIRITS INC,735 BROOKSTONE DR,IRVING,TX,75039,57,CT,1,LIQUOR DEN,3950 S CARRIER PKWY STE 170,GRAND PRAIRIE,TX,75052,57.0,445310.0,Y,02/08/2022,02/08/2022,359,32.678114095763,-97.007045159346,Match,Exact
32055066339,NEPMEX LLC,481 RIDGE MEADE DR,LEWISVILLE,TX,75067,61,CL,1,7-ELEVEN CONVENIENCE STORE #24634A,4163 W NORTHGATE DR,IRVING,TX,75062,57.0,445120.0,Y,09/18/2014,10/01/2014,360,32.85715813396,-97.007282077856,Match,Exact
18414445173,"VITAMIN COTTAGE NATURAL FOOD MARKETS, INC",12612 W ALAMEDA PKWY ATTN:  TERRI CLARKE,LAKEWOOD,CO,80228,0,CF,4,NATURAL GROCERS BY VITAMIN COTTAGE,11661 PRESTON RD STE 224,DALLAS,TX,75230,57.0,445110.0,Y,07/02/2010,08/31/2010,361,32.907411093185,-96.804225634501,Match,Exact
17529366258,"AKK, INC.",6402 E MOCKINGBIRD LN STE B,DALLAS,TX,75214,57,CT,2,TCBY,1229 ADMIRAL NIMITZ CIRCLE EMBARCADERO B,DALLAS,TX,75210,57.0,445299.0,Y,06/23/2006,09/01/2006,362,,,No_Match,
32045118778,"LMMM DALLAS #39, LTD.",PO BOX 55009,HOUSTON,TX,77255,101,PL,1,LA MICHOACANA MEAT MARKET DALLAS #39,24315 LYNDON B JOHNSON FWY # 635,MESQUITE,TX,75180,57.0,445210.0,Y,03/12/2012,04/01/2012,363,,,No_Match,
17418740332,"FIESTA MART, L.L.C.",600 CITADEL DR,COMMERCE,CA,90040,0,CL,90,FIESTA MART #65,2225 W LEDBETTER DR,DALLAS,TX,75224,57.0,445110.0,Y,02/06/2007,03/21/2007,364,32.691265324675,-96.854886993414,Match,Exact
32089711595,EW CORPORATION,8122 FOREST LN STE A,DALLAS,TX,75243,57,CT,2,1ST CHOICE GROCERY,8122 FOREST LN STE A,DALLAS,TX,75243,57.0,445110.0,Y,05/24/2023,05/03/2023,365,32.909129941351,-96.766582903694,Match,Non_Exact
32063963873,"MEADOW TWO HOSPITALITY, LP",1200 W WALNUT HILL LN # 2525,IRVING,TX,75038,57,PL,1,HILTON GARDEN INN,10350 N CENTRAL EXPY,DALLAS,TX,75231,57.0,445120.0,Y,11/15/2019,01/30/2020,366,32.886723058608,-96.76953128428,Match,Exact
32009814867,MARY E EDWARDS,3733 PINEBROOK DR,DALLAS,TX,75241,57,IS,2,N & M ENTERPRISE,3733 PINEBROOK DR,DALLAS,TX,75241,57.0,445292.0,Y,01/03/2003,01/15/2003,367,32.668312999262,-96.762671062035,Match,Exact
32033857106,SALVADOR RUVALCABA JIMENEZ,9061 COUNTY ROAD 4116,KAUFMAN,TX,75142,129,IS,4,LA CHAPALITA #3,2650 HICKORY TREE RD # 103,BALCH SPRINGS,TX,75180,57.0,445299.0,Y,03/18/2024,09/01/2015,368,32.733312341356,-96.622517027144,Match,Exact
32009065296,YEONG G YOO,910 E GRAUWYLER RD,IRVING,TX,75061,57,IS,1,DONUT HUT,910 E GRAUWYLER RD,IRVING,TX,75061,57.0,445291.0,Y,04/18/1994,04/01/1994,369,32.829555527505,-96.935195091672,Match,Exact
32087157684,COPPELL SPRINGHILL BEVERAGE LLC,8530 ESTERS BLVD CHASE HOSPITALITY LLC,IRVING,TX,75063,57,CL,2,COPPELL SPRINGHILL MARKET,150 HACKBERRY RD,COPPELL,TX,75019,57.0,445310.0,Y,12/08/2022,03/01/2023,370,,,No_Match,
17528749462,"SUPERTARGET LIQUOR OF TEXAS, INC.",PO BOX 9471,MINNEAPOLIS,MN,55440,0,CT,73,TARGET STORE T-0875,2417 N HASKELL AVE,DALLAS,TX,75204,57.0,445310.0,Y,04/27/2006,03/01/2006,371,,,No_Match,
17418740332,"FIESTA MART, L.L.C.",600 CITADEL DR,COMMERCE,CA,90040,0,CL,138,FIESTA MARK #212,3230 MARTIN LUTHER KING JR BLVD,DALLAS,TX,75210,57.0,445110.0,Y,08/05/2016,09/09/2016,372,32.773171700087,-96.763694517647,Match,Exact
17508732769,RANDALL'S FOOD & DRUGS LP,PO BOX 29096 C/O MS 6531,PHOENIX,AZ,85038,0,PF,75,RANDALL'S FOOD AND DRUGS #2503,4001 VILLANOVA ST,DALLAS,TX,75225,57.0,445110.0,Y,05/15/2001,05/02/2001,373,32.864299520573,-96.801895134454,Match,Exact
30117746872,"COX FARMS MARKET, INC.",1026 S MAIN ST,DUNCANVILLE,TX,75137,57,CT,1,COX FARMS MARKET,1026 S MAIN ST,DUNCANVILLE,TX,75137,57.0,445230.0,Y,02/11/2012,03/01/2012,374,32.641147130912,-96.90835009461,Match,Exact
32057606843,MANTHA 2111 INC,2111 S CESAR CHAVEZ BLVD,DALLAS,TX,75215,57,CT,1,SOUTH CENTRAL 1ST GAS BEER & WINE,2111 S CESAR CHAVEZ BLVD,DALLAS,TX,75215,57.0,445120.0,Y,03/13/2025,07/01/2015,375,,,No_Match,
32055827326,"NORSAT ENTERPRISES, INC.",4517 SATURN RD,GARLAND,TX,75041,57,CT,1,1 STOP FOOD STORE,4517 SATURN RD,GARLAND,TX,75041,57.0,445120.0,Y,01/06/2015,02/01/2015,376,32.862684722082,-96.648432239095,Match,Exact
32058713838,"JAYPRABHU INVESTMENTS, LLC",2126 W NORTHWEST HWY,DALLAS,TX,75220,57,CL,1,SUPER SEALS GROCERY,2769 W CLARENDON DR,DALLAS,TX,75211,57.0,445120.0,Y,11/13/2015,01/01/2016,377,32.734840884593,-96.865599978412,Match,Exact
13000654718,"SANIA ENTERPRISES, INC.",4801 LAKESHORE CT,COLLEYVILLE,TX,76034,220,CT,2,CHEVRON FOOD MART #201,7107 S R L THORNTON FWY,DALLAS,TX,75232,57.0,445120.0,Y,09/26/2007,10/01/2007,378,32.662096302374,-96.823538301559,Match,Exact
32060631333,ALMOSS LLC,10967 N STEMMONS FWY,DALLAS,TX,75220,57,CL,1,LEGACY LIQUOR & WINE,10967 N STEMMONS FWY,DALLAS,TX,75220,57.0,445310.0,Y,12/23/2021,07/01/2016,379,32.87738222065,-96.898185746433,Match,Exact
32051934761,LANA BUSINESS INC,103 S INTERSTATE HWY 45,WILMER,TX,75172,199,CT,3,WILMER CHEVRON,104 S INTERSTATE HIGHWAY 45,WILMER,TX,75172,57.0,445120.0,Y,11/29/2023,01/01/2024,380,,,No_Match,
32086880757,SLRD LLC,1634 MINERAL SPRINGS DR,ALLEN,TX,75002,43,CL,1,COWBOYS LIQUOR NO1,3367 CONFLANS RD STE 100,IRVING,TX,75061,57.0,445310.0,Y,12/06/2022,11/18/2022,381,32.821849396571,-96.992859342932,Match,Exact
32079900695,ROCHELLE BUSINESS LLC,1700 LOMAR DR,CARROLLTON,TX,75007,61,CL,2,XPRESS MART,2121 W ROCHELLE RD STE 103,IRVING,TX,75062,57.0,445120.0,Y,07/16/2021,08/01/2021,382,32.842266752805,-96.972933879706,Match,Exact
13521837156,"SAVCOP, LTD.",PO BOX 177307,IRVING,TX,75017,57,PL,1,SAVERS-COST PLUS,504 N O CONNOR RD,IRVING,TX,75061,57.0,445110.0,Y,12/13/2002,10/01/2002,383,32.818922250785,-96.949456332992,Match,Exact
17106365988,QUALITY LICENSING CORP.,508 SW 8TH ST,BENTONVILLE,AR,72712,0,CT,255,QUALITY LICENSING CORP #1216,1213 E TRINITY MILLS RD,CARROLLTON,TX,75006,57.0,445310.0,Y,09/15/2004,10/15/2004,384,32.982722220577,-96.915746410979,Match,Non_Exact
32101262759,"SP DAL LIQUORLAND INVESTMENTS, LLC",4940 NORTH TARRANT PKWY,FORT WORTH,TX,76244,220,CL,1,LIQUORLAND,6465 E MOCKINGBIRD LN STE 354,DALLAS,TX,75214,57.0,445310.0,Y,07/29/2025,08/06/2025,385,32.836626977249,-96.750804280479,Match,Exact
32064594735,"E. S. CHANG, INC",2681 MACARTHUR BLVD STE 207,LEWISVILLE,TX,75067,61,CT,1,LANCASTER DOUNTS,630 W PLEASANT RUN RD STE 148,LANCASTER,TX,75146,57.0,445291.0,Y,08/26/2017,09/01/2017,386,32.604845189193,-96.765423196867,Match,Exact
17528019429,"HERBMART, INC.",PO BOX 328,BIG SANDY,TX,75755,230,CT,3,HERBMART,3330 N GALLOWAY AVE STE 150,MESQUITE,TX,75150,57.0,445110.0,Y,03/19/2002,03/19/2002,387,32.810403103973,-96.611056599389,Match,Exact
17525872804,E-Z SUPPLIES INC.,4616 NORTHWEST HWY,GARLAND,TX,75043,57,CT,1,E-Z SHOP #7,4616 NORTHWEST HWY,GARLAND,TX,75043,57.0,445120.0,Y,03/21/1995,05/31/1995,388,32.860864714948,-96.642305248741,Match,Exact
17418740332,"FIESTA MART, L.L.C.",600 CITADEL DR,COMMERCE,CA,90040,0,CL,81,FIESTA MART #54,2940 S 1ST ST,GARLAND,TX,75041,57.0,445110.0,Y,01/31/2002,04/10/2002,389,,,No_Match,
32017417919,JOSE A RODRIGUEZ,2259 ANSON RD,DALLAS,TX,75235,57,IS,1,AMIGOS GROCERY,2259 ANSON RD,DALLAS,TX,75235,57.0,445110.0,Y,05/16/2005,05/16/2005,390,32.832903092836,-96.854403843007,Match,Exact
17106365988,QUALITY LICENSING CORP.,508 SW 8TH ST,BENTONVILLE,AR,72712,0,CT,293,QUALITY LICENSING CORP (STORE #2975),3959 BROADWAY BLVD,GARLAND,TX,75043,57.0,445310.0,Y,05/11/2005,05/15/2005,391,32.86551966218,-96.606477039229,Match,Exact
32087989664,"A&S LIQUOR BEER & WINE, INC.",3115 W PARKER RD STE 470,PLANO,TX,75023,43,CT,2,TOP END LIQUOR BEER & WINE,7606 GREENVILLE AVE,DALLAS,TX,75231,57.0,445310.0,Y,03/01/2023,04/01/2023,392,32.886212197502,-96.757884730336,Match,Exact
32052964593,RAHELEW-2 INC.,2109 PEAKWOOD DR,GARLAND,TX,75044,57,CT,1,7-ELEVEN CONVENIENCE STORE #37014A,1502 ELM ST,DALLAS,TX,75201,57.0,445120.0,Y,03/10/2014,05/15/2014,393,32.781303544892,-96.799625590647,Match,Exact
32100736407,JFT LLC,17350 STATE HIGHWAY 249 STE 220,HOUSTON,TX,77064,101,CL,1,JFT LLC,150 W MAIN ST APT 222,RICHARDSON,TX,75081,57.0,445299.0,Y,09/04/2025,08/24/2025,394,32.949691742807,-96.732771249138,Match,Exact
32073845482,"DOORDASH ESSENTIALS, LLC",303 2ND ST STE 800,SAN FRANCISCO,CA,94107,0,CI,28,DOORDASH ESSENTIALS,215 W CAMP WISDOM RD STE #12/15,DUNCANVILLE,TX,75116,57.0,445120.0,Y,07/25/2022,10/01/2022,395,32.661980580212,-96.908909328756,Match,Non_Exact
32084698946,HUDSON DALLAS LOVE FIELD CONCESSIONAIRES LLC,1 MEADOWLANDS PLZ,E RUTHERFORD,NJ,07073,0,CL,7,DUNKIN DONUTS (2310),8008 CEDAR SPRINGS RD,DALLAS,TX,75235,57.0,445299.0,Y,09/09/2024,10/01/2024,396,32.841676842607,-96.846713166451,Match,Exact
32007635546,MICHAEL NEUGEBAUER,1201 MAIN ST STE P250,DALLAS,TX,75202,57,IS,1,POP'S CORN SHOPPE,1201 MAIN ST STE P250,DALLAS,TX,75202,57.0,445292.0,Y,01/23/2008,06/15/2000,397,32.780250444073,-96.801289261722,Match,Exact
12017736906,TFM CORPORATION,1608 S 5TH ST,GARLAND,TX,75040,57,CT,3,STOP & BUY,1608 S 5TH ST,GARLAND,TX,75040,57.0,445120.0,Y,05/19/2008,05/01/2008,398,32.898769353591,-96.636257332403,Match,Exact
17522735798,"G. FOODS INTERNATIONAL OF DALLAS, INC.",2950 W COMMERCE ST,DALLAS,TX,75212,57,CT,3,G FOODS INTERNATIONAL OF DALLAS,2950 W COMMERCE ST,DALLAS,TX,75212,57.0,445110.0,Y,10/31/2006,01/01/2005,399,32.774607140331,-96.871009864054,Match,Exact
17106365988,QUALITY LICENSING CORP.,508 SW 8TH ST,BENTONVILLE,AR,72712,0,CT,628,QUALITY LICENSING CORP STORE # 5074,15757 COIT RD,DALLAS,TX,75248,57.0,445310.0,Y,09/25/2014,12/15/2014,400,32.963159455,-96.769032538594,Match,Non_Exact
32074884217,NS3 ALLIANCE INCORPORATED,7024 BENJAMIN WAY,COLLEYVILLE,TX,76034,220,CT,1,HMS MART MESQUITE,3733 N TOWN EAST BLVD,MESQUITE,TX,75150,57.0,445120.0,Y,08/14/2020,09/01/2020,401,32.797215995848,-96.651884796838,Match,Exact
17528564820,"NAYEBCORP, INC.",6336 GREENVILLE AVE STE C,DALLAS,TX,75206,57,CT,10,SHOP N GO #4,5609 ALPHA RD,DALLAS,TX,75240,57.0,445120.0,Y,11/02/2011,11/30/2011,402,32.932940316726,-96.811097087501,Match,Exact
32096618601,GOLDEN CAPITAL GROUP LLC,1052 KENILWORTH ST,ALLEN,TX,75013,43,CL,4,CORNER STORE,10304 FOREST LN,DALLAS,TX,75243,57.0,445120.0,Y,03/14/2025,02/01/2025,403,32.90869582739,-96.705667298059,Match,Exact
32072558334,"IRVING INWOOD BEVERAGES, INC.",2907 IRVING BLVD,DALLAS,TX,75247,57,CT,2,ARCADIA LIQUOR,2214 INWOOD RD,DALLAS,TX,75235,57.0,445310.0,Y,12/03/2019,12/01/2019,404,32.817955337303,-96.840154419538,Match,Exact
32014890167,PAULINO DIAZ ET AL,4029 W JEFFERSON BLVD,DALLAS,TX,75211,57,PI,2,DIAZ GROCERY,4029 W JEFFERSON BLVD,COCKRELL HILL,TX,75211,57.0,445110.0,Y,05/04/2009,04/01/2009,405,32.738702123681,-96.886117780874,Match,Non_Exact
17529689071,BAYAN IMPORTS INC,750 S SHERMAN ST,RICHARDSON,TX,75081,57,CT,1,SARA'S MEDITERRANEAN FOOD,750 S SHERMAN ST,RICHARDSON,TX,75081,57.0,445110.0,Y,02/04/2002,01/01/2002,406,32.942621920169,-96.739028708676,Match,Non_Exact
32083949068,TCG MCKINNEY AVE LLC,5628 MILLER AVE,DALLAS,TX,75206,57,CL,3,THE COTTAGE GROCERY,4919 MCKINNEY AVE,DALLAS,TX,75205,57.0,445110.0,Y,03/13/2025,06/01/2025,407,32.827283148271,-96.785015650736,Match,Exact
32083687973,"SHREE BHADRAKALI, INC.",8352 WINTER FALLS TRL,HURST,TX,76053,220,CT,1,CHILL ZONE BEER & WINE,11918 SEAGOVILLE RD,BALCH SPRINGS,TX,75180,57.0,445120.0,Y,04/01/2022,04/01/2022,408,32.704662448815,-96.622299763325,Match,Exact
32050333254,"WINCO FOODS, LLC",PO BOX 5756 ATTN: KIRBY SANDBERG,BOISE,ID,83705,0,CI,3,WINCO FOODS,800 S COCKRELL HILL RD,DUNCANVILLE,TX,75137,57.0,445110.0,Y,02/21/2014,05/01/2014,409,32.646176229809,-96.891207336802,Match,Exact
32019403024,SILVINA NOHEMI CUENCA,2500 LAWRENCE ST,DALLAS,TX,75215,57,IS,1,ALLEN'S GROCERY,2500 LAWRENCE ST,DALLAS,TX,75215,57.0,445120.0,Y,03/23/2006,08/15/2006,410,,,No_Match,
32090839450,JIANNA LAXMI INC,9104 CRANDALL DR,FORT WORTH,TX,76244,220,CT,1,M & M FOOD MART,3223 N WESTMORELAND RD STE 3652,DALLAS,TX,75212,57.0,445120.0,Y,08/02/2023,08/01/2023,411,32.780912518887,-96.873884795003,Match,Exact
32050331225,WISDOM BEVERAGE INC.,3917 W CAMP WISDOM RD STE 110,DALLAS,TX,75237,57,CT,1,WISDOM FOOD MART,3917 W CAMP WISDOM RD STE 110,DALLAS,TX,75237,57.0,445120.0,Y,03/11/2013,03/06/2013,412,32.662131584431,-96.882135887757,Match,Exact
32044372327,TRADER JOE'S EAST INC.,800 S SHAMROCK AVE,MONROVIA,CA,91016,0,CF,21,TRADER JOE'S 400,4525 COLE AVE STE 100,DALLAS,TX,75205,57.0,445110.0,Y,02/24/2017,03/01/2017,413,32.822005487146,-96.789632447482,Match,Exact
32078913350,RAGHU CEASAR TIKA LLC,549 ROCKY BRANCH LN,COPPELL,TX,75019,57,CL,1,SHOP N GO GROCERY & DELI,1909 S CESAR CHAVEZ BLVD,DALLAS,TX,75215,57.0,445120.0,Y,04/29/2021,05/01/2021,414,,,No_Match,
17529278206,"SHAHRUKH & SHAHZEB, INC.",3002 E MAIN ST,GRAND PRAIRIE,TX,75050,57,CT,2,EAGLE FOOD MART & CHECK CASHING,3002 E MAIN ST,GRAND PRAIRIE,TX,75050,57.0,445310.0,Y,09/16/2004,09/16/2004,415,32.749457596289,-96.960315829693,Match,Exact
17606039679,"RANDALL'S BEVERAGE COMPANY, INC.",PO BOX 29096,PHOENIX,AZ,85038,0,CT,159,RANDALL'S BEVERAGE #2990,7117 INWOOD RD,DALLAS,TX,75209,57.0,445110.0,Y,10/26/2010,11/17/2010,416,32.844259981662,-96.82153160792,Match,Exact
32040491238,"SHY ENTERPRISES, INC.",12004 ELAM RD,BALCH SPRINGS,TX,75180,57,CT,1,GRAND STOP,12004 ELAM RD,BALCH SPRINGS,TX,75180,57.0,445120.0,Y,10/21/2009,12/01/2009,417,,,No_Match,
32040252846,"FIVE POINTS CORNER, INC.",8405 PARK LN,DALLAS,TX,75231,57,CT,1,TODAY'S DISCOUNT FOOD MART,8405 PARK LN,DALLAS,TX,75231,57.0,445120.0,Y,09/24/2009,09/25/2009,418,32.871224231779,-96.760004646428,Match,Exact
17509164459,"UNITED SUPERMARKETS, L.L.C.",7830 ORLANDO AVE,LUBBOCK,TX,79423,152,CL,57,MARKET STREET #564,700 N DENTON TAP ROAD,COPPELL,TX,75019,57.0,445110.0,Y,10/31/2008,10/28/2008,419,32.988894593757,-96.993126528345,Match,Exact
17508732769,RANDALL'S FOOD & DRUGS LP,PO BOX 29096 C/O MS 6531,PHOENIX,AZ,85038,0,PF,108,RANDALL'S FOOD AND DRUG #3608,7700 W NORTHWEST HWY,DALLAS,TX,75225,57.0,445110.0,Y,05/16/2001,05/02/2001,420,32.865343307094,-96.77425777642,Match,Exact
32020223395,ALDI (TEXAS) L.L.C.,2500 WESTCOURT RD,DENTON,TX,76207,61,CL,21,ALDI (TEXAS) L.L.C. #23,13548 PRESTON RD,DALLAS,TX,75240,57.0,445110.0,Y,01/08/2010,04/01/2010,421,32.932349818617,-96.803524369232,Match,Exact
32080333779,FRESH DINING CONCEPTS LLC,1600 PONCE DE LEON BLVD FL 10,CORAL GABLES,FL,33134,0,CI,19,JAMBA JUICE,13350 DALLAS PKWY,DALLAS,TX,75240,57.0,445299.0,Y,08/31/2022,10/01/2022,422,32.930508319415,-96.820997176582,Match,Exact
18002046193,"EL AHORRO SUPERMARKET #12, LLC",8830 LONG POINT RD STE 700,HOUSTON,TX,77055,101,CL,2,LA MICHOACANA SUPERMARKET #18,209 S ROGERS RD,IRVING,TX,75060,57.0,445110.0,Y,09/05/2024,09/01/2024,423,32.814029071228,-96.963534893106,Match,Exact
32087940758,ARI'S PANTRY LLC,111 N CLINTON AVE,DALLAS,TX,75208,57,CL,1,ARI'S PANTRY LLC,1307 1/2 W DAVIS ST,DALLAS,TX,75208,57.0,445110.0,Y,09/10/2024,04/01/2024,424,32.749557566201,-96.842940513807,Match,Non_Exact
17606039679,"RANDALL'S BEVERAGE COMPANY, INC.",PO BOX 29096,PHOENIX,AZ,85038,0,CT,168,RANDALL'S #3522,522 PRESTON ROYAL SHOPPING CTR,DALLAS,TX,75230,57.0,445110.0,Y,01/18/2011,12/18/2010,425,32.89527176902,-96.805367779588,Match,Exact
32078058206,THE IRVING BAKERY LLC,1850 MERCER PKWY APT 13407,FARMERS BRNCH,TX,75234,57,CL,1,THE IRVING BAKERY,925 W JOHN CARPENTER FWY STE 104,IRVING,TX,75039,57.0,445291.0,Y,06/22/2021,07/01/2021,426,32.888945517716,-96.959114200621,Match,Exact
32059869480,EFRAIN CAMPOS,2930 GRAFTON AVE,DALLAS,TX,75211,57,IS,2,DULCERIA ESTRELLITA,735 N WESTMORELAND RD,DALLAS,TX,75211,57.0,445120.0,Y,09/22/2016,08/05/2016,427,32.749257113296,-96.8742380824,Match,Exact
32034544935,BAWA FUEL CORPORATION,1313 ONEIDA DR,CARROLLTON,TX,75010,61,CT,1,STOP & SHOP #2,5328 LEMMON AVE,DALLAS,TX,75209,57.0,445120.0,Y,01/17/2013,03/01/2013,428,32.826069127227,-96.821823758694,Match,Exact
17106365988,QUALITY LICENSING CORP.,508 SW 8TH ST,BENTONVILLE,AR,72712,0,CT,443,QUALITY LICENSING CORP STORE # 6482,5555 S BUCKNER BLVD,DALLAS,TX,75228,57.0,445310.0,Y,10/26/2010,11/01/2010,429,32.795574531303,-96.684115804443,Match,Exact
17418740332,"FIESTA MART, L.L.C.",600 CITADEL DR,COMMERCE,CA,90040,0,CL,136,FISTA MART # 210,10121 LAKE JUNE RD STE 200,DALLAS,TX,75217,57.0,445110.0,Y,08/04/2016,09/24/2016,430,32.734261389989,-96.649993026153,Match,Exact
32053217652,SOLEIL INC.,2839 ANODE LN,DALLAS,TX,75220,57,CT,1,SOLEIL INC.,2938 ANODE LN,DALLAS,TX,75220,57.0,445310.0,Y,03/27/2014,05/01/2014,431,32.876674048286,-96.879354819351,Match,Exact
32059854094,"JHKS ENTERPRISE, INC.",2681 MACARTHUR BLVD STE 207,LEWISVILLE,TX,75067,61,CT,2,DONUT HOLE,716 GROSS RD,MESQUITE,TX,75149,57.0,445291.0,Y,04/28/2016,05/01/2016,432,32.764067961914,-96.606510503395,Match,Non_Exact
17418740332,"FIESTA MART, L.L.C.",600 CITADEL DR,COMMERCE,CA,90040,0,CL,53,FIESTA MART #29,611 W JEFFERSON BLVD,DALLAS,TX,75208,57.0,445110.0,Y,07/15/1993,08/01/1993,433,32.743204750763,-96.832362675371,Match,Exact
32017281356,"TEXAS ICE VENDING, LLC",4100 ELDORADO PKWY STE 100,MCKINNEY,TX,75070,43,CL,4,TEXAS ICE VENDING,7011 MILITARY PKWY STE A,DALLAS,TX,75227,57.0,445299.0,Y,08/19/2009,07/10/2009,434,,,No_Match,
17418740332,"FIESTA MART, L.L.C.",600 CITADEL DR,COMMERCE,CA,90040,0,CL,122,FIESTA MART # 65,2315 W LEDBETTER DR,DALLAS,TX,75224,57.0,445110.0,Y,08/12/2014,09/01/2014,435,32.691272665591,-96.855931844083,Match,Exact
32085348814,FAMILY FIRST INVESTMENTS TX LLC,735 HARVEST GLEN DR,CEDAR HILL,TX,75104,57,CL,1,FORTITUDE WELLNESS BAR,241 E FM 1382 STE 310,CEDAR HILL,TX,75104,57.0,445299.0,Y,06/27/2025,08/01/2022,436,32.598057725008,-96.941720324526,Match,Exact
32083893159,TERRIE'S LUXE CHARCUTERIE LLC,3 GREENWAY PLZ STE 1320,HOUSTON,TX,77046,101,CL,1,TERRIE'S LUXE CHARCUTERIE LLC,1340 ELISE,CEDAR HILL,TX,75104,57.0,445299.0,Y,03/22/2024,04/01/2024,437,32.617520593163,-96.919997559959,Match,Non_Exact
17527918746,"CHASE HOSPITALITY, L.L.C.",8530 ESTERS BLVD,IRVING,TX,75063,57,CL,13,SPRINGHILL MARKET,150 HACKBERRY RD,COPPELL,TX,75019,57.0,445310.0,Y,07/13/2022,09/01/2022,438,,,No_Match,
32050333254,"WINCO FOODS, LLC",PO BOX 5756 ATTN: KIRBY SANDBERG,BOISE,ID,83705,0,CI,12,"WINCO FOODS, LLC",2620 N JOSEY LN,CARROLLTON,TX,75007,57.0,445110.0,Y,01/22/2018,03/29/2018,439,32.986463740335,-96.890626696961,Match,Exact
32053728526,PRODUCTS FOR YOUR TABLE INC,5656 ALPHA RD STE B,DALLAS,TX,75240,57,CT,4,PRODUCTS FOR YOUR TABLE INC,10850 HARRY HINES BLVD STE 170,DALLAS,TX,75220,57.0,445110.0,Y,06/30/2023,05/24/2023,440,32.876401442359,-96.884210789102,Match,Exact
12604344262,"MALONE'S FOOD STORES, LLC",4850 SAMUELL BLVD,MESQUITE,TX,75149,57,CL,10,MALONE'S COST PLUS #7,333 S SAINT AUGUSTINE DR STE 129,DALLAS,TX,75217,57.0,445110.0,Y,09/16/2008,10/01/2008,441,32.707796466042,-96.657106795006,Match,Exact
32079980911,VEGAPSAIPN GROUPS INC,1700 TOPLEA DR,EULESS,TX,76040,220,CT,1,BEER & WINE STOP,1417 N DUNCANVILLE RD,DUNCANVILLE,TX,75116,57.0,445120.0,Y,07/08/2021,08/01/2021,442,32.675553684693,-96.908699835195,Match,Exact
12620610993,DALLAS LIQUOR WHOLESALE INC,3044 OLD DENTON RD STE 300,CARROLLTON,TX,75007,61,CT,1,DALLAS WHOLESALE LIQUOR,2617 FREEWOOD DR,DALLAS,TX,75220,57.0,445310.0,Y,03/06/2008,05/01/2008,443,32.87055990429,-96.889183542316,Match,Exact
32043415226,"SAI SGD, INC.",PO BOX 541895,GRAND PRAIRIE,TX,75054,57,CT,1,BONITA FOOD MART,901 SW 3RD ST,GRAND PRAIRIE,TX,75051,57.0,445120.0,Y,02/03/2011,02/15/2011,444,32.735195984513,-97.005771811797,Match,Exact
32017281356,"TEXAS ICE VENDING, LLC",4100 ELDORADO PKWY STE 100,MCKINNEY,TX,75070,43,CL,12,TEXAS ICE VENDING,103 W OHIO AVE,DALLAS,TX,75224,57.0,445299.0,Y,10/22/2015,10/01/2015,445,32.719543676472,-96.822984178326,Match,Exact
32021914729,ASHLEY ARNO,11816 INWOOD RD,DALLAS,TX,75244,57,IS,5,CORDON WINES,13612 MIDWAY RD # 333-1,FARMERS BRANCH,TX,75244,57.0,445310.0,Y,10/28/2024,09/01/2017,446,32.93336216999,-96.838864833423,Match,Non_Exact
32010713082,JOSE M MONTOYA,3321 W SHADY GROVE RD,IRVING,TX,75060,57,IS,4,TIENDA ANA SALVADORENA,3106 DAWES DR,DALLAS,TX,75211,57.0,445110.0,Y,05/01/2007,04/01/2007,447,32.727088387117,-96.872123214111,Match,Exact
32091876428,MA UNITED CORPORATION,5101 W PARK BLVD # TX,PLANO,TX,75093,43,CT,1,INDIAN SUPER MARKET,8140 N MACARTHUR BLVD STE 110,IRVING,TX,75063,57.0,445110.0,Y,02/21/2024,02/21/2024,448,32.92042439348,-96.958397818706,Match,Exact
32063309424,SAYANI INC.,401 W 6TH ST,IRVING,TX,75060,57,CT,1,RON'S TIENDITA,2140 W GRAUWYLER RD,IRVING,TX,75061,57.0,445120.0,Y,04/14/2017,05/01/2017,449,32.828902798386,-96.974074566825,Match,Exact
32077945874,STAR SUMMIT INC,2400 SOUTHERN OAK DR,IRVING,TX,75063,57,CT,1,MY BEER STORE 10,2315 LAKELAND DR,DALLAS,TX,75228,57.0,445120.0,Y,03/04/2021,03/15/2021,450,,,No_Match,
32037514299,PENZEYS SPICE COMPANY,12001 W CAPITOL DR,MILWAUKEE,WI,53222,0,CF,2,PENZEYS SPICES,12835 PRESTON RD,DALLAS,TX,75230,57.0,445299.0,Y,10/14/2008,10/01/2008,451,32.923407985441,-96.803628974027,Match,Exact
32061307651,"KMH BEVERAGES NO. 2, L.P.",2331 W NORTHWEST HWY STE 201,DALLAS,TX,75220,57,PL,1,LIQUOR DEPOT,1815 W TARRANT RD STE 215,GRAND PRAIRIE,TX,75050,57.0,445310.0,Y,11/26/2019,12/01/2019,452,32.757006098405,-97.027050407644,Match,Exact
17509164459,"UNITED SUPERMARKETS, L.L.C.",7830 ORLANDO AVE,LUBBOCK,TX,79423,152,CL,58,MARKET STREET EXPRESS #564,750 N DENTON TAP RD,COPPELL,TX,75019,57.0,445110.0,Y,10/31/2008,10/28/2008,453,32.987780056309,-96.993142745462,Match,Exact
32070996882,JAI PRABHU LLC,3300 SHEPHERD LN,BALCH SPRINGS,TX,75180,57,CL,2,PIONEERS BEER AND WINE,12925 ELAM RD STE 101,BALCH SPRINGS,TX,75180,57.0,445120.0,Y,06/01/2023,06/01/2023,454,32.719405064121,-96.606319218558,Match,Exact
32053856343,ALMAZ OCBANDRIAS,808 RAYEED AVE,RICHARDSON,TX,75081,57,IS,1,WORLD OF SPICES,13340 AUDELIA RD STE 136,DALLAS,TX,75243,57.0,445110.0,Y,07/14/2015,08/01/2015,455,32.930135511454,-96.717928218129,Match,Exact
17418740332,"FIESTA MART, L.L.C.",600 CITADEL DR,COMMERCE,CA,90040,0,CL,59,FIESTA MART #34,3030 S LANCASTER RD,DALLAS,TX,75216,57.0,445110.0,Y,06/05/1995,04/01/1995,456,,,No_Match,
32085587387,NARAHARI CORP,2419 SPRING MEADOW DR,MESQUITE,TX,75150,57,CT,1,TEXAS MART,3400 SAMUELL BLVD STE A,DALLAS,TX,75223,57.0,445120.0,Y,08/03/2022,10/01/2022,457,32.79291296206,-96.737315332115,Match,Non_Exact
32057879887,FAMILY TEAM COMPANY,115 GARDEN GROVE LN,RED OAK,TX,75154,70,CT,2,A SMOKERS DELIGHT,1906 S DENLEY DR,DALLAS,TX,75216,57.0,445120.0,Y,02/26/2020,03/01/2016,458,32.724415811994,-96.805511990901,Match,Exact
32034222128,SHARON W AYCOCK,4203 DALTON DR,DALLAS,TX,75216,57,IS,1,P & S CORNER STORE,4203 DALTON DR,DALLAS,TX,75216,57.0,445120.0,Y,10/28/2024,01/02/2008,459,32.702193543222,-96.78494030714,Match,Exact
32053365758,GOLDEN BLESSINGS INC,1401 HIGHWAY 360 APT 417,EULESS,TX,76039,220,CT,1,ROWLETT COUNTRY MART,8701 LIBERTY GROVE RD STE 800,ROWLETT,TX,75089,57.0,445120.0,Y,06/04/2014,07/01/2014,460,32.937132513352,-96.534499860265,Match,Exact
32087018282,LIQUOR DREAMS LLC,808 GAITED TRL,FRISCO,TX,75036,61,CL,2,LIQUOR DREAMS,5374 S 2ND AVE,DALLAS,TX,75210,57.0,445310.0,Y,09/05/2025,10/01/2025,461,32.747021109203,-96.727871680779,Match,Exact
32010773243,YVETTE S AUBER,2242 WALNUT GROVE LN,GARLAND,TX,75044,57,IS,3,DOVECOURT MARKET,2242 WALNUT GROVE LN,GARLAND,TX,75044,57.0,445110.0,Y,04/24/2020,04/23/2020,462,32.959847035239,-96.661915785061,Match,Exact
32084385379,IMADOL INCORPORATED,6840 WILDERNESS WAY DR,GRAND PRAIRIE,TX,75054,220,CT,1,KINGS BEER & WINE,3520 W KINGSLEY RD,GARLAND,TX,75041,57.0,445310.0,Y,05/27/2022,06/30/2022,463,32.878732256882,-96.683504346278,Match,Exact
32077828120,HRKM MANAGEMENT LLC,350 WESTPARK WAY STE 205,EULESS,TX,76040,220,CL,1,HRKM MANAGEMENT LLC,5321 THE STATION BLVD STE B150,SACHSE,TX,75048,57.0,445120.0,Y,12/27/2021,02/01/2022,464,,,No_Match,
32095953256,"PATHWAY ENTERPRISE, LLC",1016 W TRINITY MILLS RD STE 128,CARROLLTON,TX,75006,57,CL,1,WOOLTARI,1016 W TRINITY MILLS RD STE 128,CARROLLTON,TX,75006,57.0,445110.0,Y,03/14/2025,09/13/2024,465,32.982669479174,-96.912167577667,Match,Exact
32069107160,"OLO ENTERPRISES, LLC",1030 SHADYSIDE LN,DALLAS,TX,75223,57,CL,1,LUCKY LIQUOR,2835 N HENDERSON AVE,DALLAS,TX,75206,57.0,445310.0,Y,03/05/2019,03/01/2019,466,32.819355736828,-96.783780427793,Match,Exact
17528749462,"SUPERTARGET LIQUOR OF TEXAS, INC.",PO BOX 9471,MINNEAPOLIS,MN,55440,0,CT,171,TARGET STORE T-1836,739 N HIGHWAY 67,CEDAR HILL,TX,75104,57.0,445310.0,Y,05/01/2013,07/01/2013,467,32.601421451629,-96.934889720501,Match,Exact
17106365988,QUALITY LICENSING CORP.,508 SW 8TH ST,BENTONVILLE,AR,72712,0,CT,467,SAM'S CLUB #8248,9461 WEBB CHAPEL RD,DALLAS,TX,75220,57.0,445310.0,Y,05/10/2011,08/10/2011,468,,,No_Match,
32056782264,CHNK CORPORATION,2625 OLD DENTON RD STE 508,CARROLLTON,TX,75007,57,CT,1,HIHO GROCERY,105 E SANER AVE,DALLAS,TX,75216,57.0,445110.0,Y,04/06/2015,06/01/2015,469,32.713215572219,-96.822848210702,Match,Exact
32070898708,"NIKKY FEEDING SOULS, LLC",11617 N CENTRAL EXPY STE 135,DALLAS,TX,75243,57,CL,1,NIKKY FEEDING SOULS,11617 N CENTRAL EXPY STE 135,DALLAS,TX,75243,57.0,445299.0,Y,12/31/2020,11/01/2020,470,32.904693415698,-96.769483026758,Match,Exact
17430106587,"HEB BEVERAGE COMPANY, LLC",PO BOX 839999,SAN ANTONIO,TX,78283,15,CL,283,HEB CENTRAL MARKET #552,5750 E LOVERS LN STE A,DALLAS,TX,75206,57.0,445310.0,Y,01/29/2002,04/01/2002,471,32.850922205729,-96.768909835058,Match,Non_Exact
17528749462,"SUPERTARGET LIQUOR OF TEXAS, INC.",PO BOX 9471,MINNEAPOLIS,MN,55440,0,CT,106,TARGET STORE T-0084,2620 N JOSEY LN,CARROLLTON,TX,75007,57.0,445310.0,Y,04/13/2006,04/14/2006,472,32.986463740335,-96.890626696961,Match,Exact
32071394087,SFA ENTERPRISES INC,1600 MARSH LN,CARROLLTON,TX,75006,57,CT,2,ONE STOP BEER & WINE,1422 W KINGSLEY RD STE 100,GARLAND,TX,75041,57.0,445120.0,Y,10/10/2019,10/03/2019,473,32.878651525815,-96.648428318639,Match,Exact
15508198726,"FAMILY BEER & WINE, INC.",4946 MILITARY PKWY,DALLAS,TX,75227,57,CT,1,FAMILY BEER & WINE,4946 MILITARY PKWY,DALLAS,TX,75227,57.0,445310.0,Y,07/21/2003,10/15/2003,474,32.783545090925,-96.732175853145,Match,Exact
32086971259,SNACKATERIA L.L.C.,2610 ALLEN ST OFC OFC,DALLAS,TX,75204,57,CL,1,SNACKATERIA,1010 E 8TH ST # 150,DALLAS,TX,75203,57.0,445120.0,Y,12/07/2022,01/01/2023,475,32.751177885055,-96.808396023672,Match,Exact
17528749462,"SUPERTARGET LIQUOR OF TEXAS, INC.",PO BOX 9471,MINNEAPOLIS,MN,55440,0,CT,77,TARGET STORE T-0947,9440 MARSH LN,DALLAS,TX,75220,57.0,445310.0,Y,04/27/2006,03/01/2006,476,,,No_Match,
12014878008,"LMMM DALLAS #24, LTD.",PO BOX 55009,HOUSTON,TX,77255,101,PL,1,LA MICHOACANA MEAT MARKET DALLAS #24,8282 SPRING VALLEY RD,DALLAS,TX,75240,57.0,445110.0,Y,03/29/2005,04/15/2005,477,32.939794611079,-96.761664327706,Match,Exact
17606039679,"RANDALL'S BEVERAGE COMPANY, INC.",PO BOX 29096,PHOENIX,AZ,85038,0,CT,171,RANDALL'S #3614,315 S HAMPTON RD,DALLAS,TX,75208,57.0,445110.0,Y,01/18/2011,12/01/2010,478,,,No_Match,
32017281356,"TEXAS ICE VENDING, LLC",4100 ELDORADO PKWY STE 100,MCKINNEY,TX,75070,43,CL,2,TEXAS ICE VENDING,9009 BRUTON RD,DALLAS,TX,75217,57.0,445299.0,Y,11/13/2007,07/01/2007,479,32.748818203246,-96.66471695783,Match,Exact
32004534213,ALI S GANJI,2810 SAMUELL BLVD STE A,DALLAS,TX,75223,57,IS,5,BEVERAGE DEPOT #5,10222 N STEMMONS FWY,DALLAS,TX,75220,57.0,445310.0,Y,03/08/2019,03/10/2019,480,,,No_Match,
32099114632,SAI REDBEERWINE INC,4218 W LOVERS LN,DALLAS,TX,75209,57,CT,1,RED BEER AND WINE,4218 W LOVERS LN,DALLAS,TX,75209,57.0,445120.0,Y,03/12/2025,04/01/2025,481,32.851105400586,-96.838229194859,Match,Exact
18414445173,"VITAMIN COTTAGE NATURAL FOOD MARKETS, INC",12612 W ALAMEDA PKWY ATTN:  TERRI CLARKE,LAKEWOOD,CO,80228,0,CF,25,"VITAMIN COTTAGE NATURAL FOOD MARKETS, INC",677 W CAMPBELL RD STE 100,RICHARDSON,TX,75080,57.0,445110.0,Y,04/13/2018,06/14/2018,482,32.978025277693,-96.741812693048,Match,Exact
32016103627,VP FUEL MART  INC,2052 FORT WORTH AVE,DALLAS,TX,75208,57,CT,5,H M S MART,3733 N TOWN EAST BLVD,MESQUITE,TX,75150,57.0,445120.0,Y,06/06/2017,07/01/2017,483,32.797215995848,-96.651884796838,Match,Exact
32085365339,"BIG YUMMY BAKERY, INC.",2300 WESTBROOK DR,CARROLLTON,TX,75007,61,CT,1,"BIG YUMMY BAKERY, INC.",16210 MIDWAY RD,ADDISON,TX,75001,57.0,445299.0,Y,03/11/2025,04/01/2023,484,32.979755454882,-96.842828021112,Match,Exact
32061249762,"SAH BEVERAGE NO. 6, L.P.",2331 W NORTHWEST HWY STE 201,DALLAS,TX,75220,57,PL,4,LIQUOR DEPOT,3505 N BELT LINE RD,IRVING,TX,75062,57.0,445310.0,Y,07/19/2019,09/01/2019,485,32.853876951235,-96.992210659243,Match,Exact
19906993407,DISTRIBUIDORA VELOZ LLC,836 OVER RIDGE DR,GRAND PRAIRIE,TX,75052,57,CL,1,DISTRIBUIDORA VELOZ LLC,836 OVER RIDGE DR,GRAND PRAIRIE,TX,75052,57.0,445110.0,Y,01/24/2024,03/01/2024,486,32.690947918032,-97.016732117518,Match,Exact
18002046193,"EL AHORRO SUPERMARKET #12, LLC",8830 LONG POINT RD STE 700,HOUSTON,TX,77055,101,CL,1,EL AHORRO SUPERMARKET #12,201 S ROGERS RD,IRVING,TX,75060,57.0,445110.0,Y,08/26/2008,09/15/2008,487,32.814102259971,-96.963534662949,Match,Exact
32071869377,INDOPAK CARROLLTON INC,405 DUMAS CT,LEWISVILLE,TX,75067,61,CT,1,INDOPAK CARROLLTON INC,2548 DICKERSON PKWY STE 112,CARROLLTON,TX,75006,57.0,445110.0,Y,09/05/2025,09/20/2025,488,32.980483723164,-96.920728682143,Match,Exact
32055466802,SAI AVATAR INC,PO BOX 541895,GRAND PRAIRIE,TX,75054,57,CT,2,SNAPPY FOODS,1821 S SAINT AUGUSTINE DR,DALLAS,TX,75217,57.0,445120.0,Y,06/17/2015,06/01/2015,489,32.680718125867,-96.657281812403,Match,Exact
12080512523,"LMMM DALLAS #28, LTD.",PO BOX 55009,HOUSTON,TX,77255,101,PL,1,LA MICHOACANA MEAT MARKET DALLAS #28,2420 N FITZHUGH AVE,DALLAS,TX,75204,57.0,445120.0,Y,03/09/2007,04/01/2007,490,32.811489840082,-96.782356259589,Match,Exact
12742048635,"LMMM DALLAS #37, LTD.",8830 LONG POINT RD STE 700,HOUSTON,TX,77055,101,PL,1,LA MICHOACANA MEAT MARKET #37,8707 E R L THORNTON FWY,DALLAS,TX,75228,57.0,445210.0,Y,03/22/2011,05/25/2011,491,,,No_Match,
32100319790,"AL-QAHTANI, LLC.",515 W CAMPBELL RD STE 101,RICHARDSON,TX,75080,57,CL,1,GEEK SMOKE SHOP,515 W CAMPBELL RD STE 101,RICHARDSON,TX,75080,57.0,445120.0,Y,05/23/2025,06/01/2025,492,32.976016128393,-96.736547559317,Match,Exact
17513185730,"GOODY GOODY LIQUOR, INC.",10370 OLYMPIC DR,DALLAS,TX,75220,57,CT,64,GOODY GOODY LIQUOR #4,3500 LAKEVIEW PKWY STE 100,ROWLETT,TX,75088,57.0,445310.0,Y,08/13/2015,11/15/2015,493,32.907419933131,-96.569186279872,Match,Exact
32017281356,"TEXAS ICE VENDING, LLC",4100 ELDORADO PKWY STE 100,MCKINNEY,TX,75070,43,CL,11,TEXAS ICE VENDING,2809 MOTLEY DR,MESQUITE,TX,75150,57.0,445299.0,Y,01/21/2015,12/29/2014,494,32.80228534882,-96.646062514748,Match,Exact
32064420188,"INFUSED OILS AND VINEGARS, LLC",12835 PRESTON RD STE 302,DALLAS,TX,75230,57,CL,2,INFUSED OILS & VINEGARS,12835 PRESTON RD STE 302,DALLAS,TX,75230,57.0,445299.0,Y,02/19/2021,01/01/2021,495,32.923407985441,-96.803628974027,Match,Exact
32080865671,BATIKAA LLC,880 HEBRON PKWY STE 100,LEWISVILLE,TX,75057,61,CL,2,HASTAG LIQUOR,8351 CLARK RD STE 103 104,DALLAS,TX,75236,57.0,445310.0,Y,11/27/2023,01/01/2024,496,,,No_Match,
32044372327,TRADER JOE'S EAST INC.,800 S SHAMROCK AVE,MONROVIA,CA,91016,0,CF,24,TRADER JOE'S #456,120 S DENTON TAP RD,COPPELL,TX,75019,57.0,445110.0,Y,08/21/2024,10/16/2024,497,32.968642504873,-96.993633598665,Match,Exact
12041946604,"SAH BEVERAGE NO. 3, L.P.",2907 HIGHWAY 121,BEDFORD,TX,76021,220,PL,1,LIQUOR DEPOT,11709 SEAGOVILLE RD,BALCH SPRINGS,TX,75180,57.0,445310.0,Y,02/24/2006,03/15/2006,498,32.705013110291,-96.626452432501,Match,Exact
17513185730,"GOODY GOODY LIQUOR, INC.",10370 OLYMPIC DR,DALLAS,TX,75220,57,CT,18,GOODY GOODY LIQUOR STORE,14851 INWOOD RD,ADDISON,TX,75001,57.0,445310.0,Y,02/20/1997,03/01/1997,499,32.949974109864,-96.829275222647,Match,Exact
32076337925,SAPHIRE TRADING LLC,1324 PARKWOOD TRL,MESQUITE,TX,75149,57,CL,1,NEW DAIRY WAY 2,1800 N GALLOWAY AVE STE 200,MESQUITE,TX,75149,57.0,445120.0,Y,10/22/2020,12/01/2020,500,32.786328242621,-96.605199011017,Match,Exact
10304161226,"MARTINEZ SUPER MERCADO MEXICO, INC.",5535 COLUMBIA AVE,DALLAS,TX,75214,57,CT,1,SUPER MERCADO MEXICO,501 S ROSEMONT AVE,DALLAS,TX,75208,57.0,445110.0,Y,04/15/2002,04/01/2002,501,32.741236305662,-96.847959627515,Match,Exact
32093943705,4STAR PLS LLC,3605 LEJOIE,COLLEYVILLE,TX,76034,220,CL,1,JOHNNY'S PAYLESS LIQUOR,3202 SAMUELL BLVD,DALLAS,TX,75223,57.0,445310.0,Y,12/04/2024,01/01/2025,502,32.792921685327,-96.740510843845,Match,Exact
16114814490,PALMERA INC,1005 S ZANG BLVD,DALLAS,TX,75208,57,CT,1,ZANG FOOD MART,1005 S ZANG BLVD,DALLAS,TX,75208,57.0,445110.0,Y,01/05/2005,02/01/2005,503,32.736103743752,-96.824657085576,Match,Exact
17508732769,RANDALL'S FOOD & DRUGS LP,PO BOX 29096 C/O MS 6531,PHOENIX,AZ,85038,0,PF,207,TOM THUMB #3560 FS,8698 SKILLMAN ST,DALLAS,TX,75243,57.0,445110.0,Y,11/14/2007,11/01/2007,504,32.897640380611,-96.720564267289,Match,Exact
32044476649,"THUNDER BEVERAGE CO., LLC",PO BOX 25008,OKLAHOMA CITY,OK,73125,0,CL,5,SUPER PLAZA,10909 WEBB CHAPEL RD STE 131,DALLAS,TX,75229,57.0,445110.0,Y,11/09/2012,01/01/2013,505,,,No_Match,
17106365988,QUALITY LICENSING CORP.,508 SW 8TH ST,BENTONVILLE,AR,72712,0,CT,468,WAL-MART # 5823,6185 RETAIL RD STE 200,DALLAS,TX,75231,57.0,445310.0,Y,05/10/2011,08/10/2011,506,32.861785800512,-96.753863190568,Match,Exact
17525025973,"ARLINGTON LAKESIDE GROCERY & GRILL, INC.",PO BOX 219088 ATTN: LICENSING,DALLAS,TX,75221,220,CT,2,7-ELEVEN CONVENIENCE STORE #39787A,1005 S RIVERFRONT BLVD,DALLAS,TX,75207,57.0,445310.0,Y,04/19/2011,05/01/2011,507,,,No_Match,
10207206870,"TWT INTERESTS #1, LLC",1909 SKILLMAN ST,DALLAS,TX,75206,57,CL,4,"TWT INTERESTS #1, LLC",1909 SKILLMAN ST,DALLAS,TX,75206,57.0,445310.0,Y,10/24/2013,10/01/2013,508,32.812859846126,-96.761905402727,Match,Exact
32081539382,SOL DIAS - IRVING LLC,5626 EZELL ST,HALTOM CITY,TX,76117,220,CL,1,SOL DIAS,3621 N BELT LINE RD,IRVING,TX,75062,57.0,445299.0,Y,12/31/2021,04/01/2021,509,32.855633396324,-96.992175572923,Match,Exact
32049041786,"SHURMA, LLC",2900 BENCHMARK DR,PLANO,TX,75023,43,CL,2,TEXAS' MINI MART,7517 MILITARY PKWY,DALLAS,TX,75227,57.0,445120.0,Y,01/22/2024,01/01/2017,510,32.771802245702,-96.693876374097,Match,Exact
17529366258,"AKK, INC.",6402 E MOCKINGBIRD LN STE B,DALLAS,TX,75214,57,CT,1,TCBY,6402 E MOCKINGBIRD LN STE B,DALLAS,TX,75214,57.0,445299.0,Y,05/16/2001,03/31/2001,511,,,No_Match,
32094734228,FRUTI PALETERIA LLC,1301 NORTHWEST HWY STE 207,GARLAND,TX,75041,57,CL,1,FRUTI PALETERIA LLC,10325 LAKE JUNE RD STE 550,DALLAS,TX,75217,57.0,445299.0,Y,09/27/2024,10/01/2024,512,32.734237880848,-96.646586816656,Match,Exact
12701244092,WALYA CORPORATION,1452 HUDSPETH DR,CARROLLTON,TX,75010,61,CT,1,T G'S MINI MART,2917 LOMBARDY LN,DALLAS,TX,75220,57.0,445120.0,Y,07/07/2005,07/01/2005,513,32.866487286156,-96.876599401261,Match,Exact
32089188554,AMARANTHINE SYRUPS LLC,1420 LAKEVIEW CT,CLEBURNE,TX,76033,126,CL,1,AMARANTHINE SYRUPS LLC,5727 CARUTH HAVEN LN APT 114,DALLAS,TX,75206,57.0,445299.0,Y,04/19/2023,06/01/2023,514,32.8608988044,-96.767523242454,Match,Exact
32033817332,MAYA GP INC,11411 HILLGUARD RD,DALLAS,TX,75243,57,CT,1,EL RIO GRANDE LATIN MARKET #2,215 S CENTER ST,GRAND PRAIRIE,TX,75051,57.0,445110.0,Y,10/23/2007,12/01/2007,515,32.743962078312,-97.003505928425,Match,Exact
17604991020,"ARELY'S MEAT MARKET, LTD.",PO BOX 55009,HOUSTON,TX,77255,101,PL,1,LA MICHOACANA MEAT MARKET DALLAS # 2,8702 SPRING VALLEY RD,DALLAS,TX,75240,57.0,445110.0,Y,04/05/1996,06/01/1996,516,32.939909934926,-96.752407996669,Match,Exact
18201844349,ALBERTSON'S LLC,PO BOX 29096,PHOENIX,AZ,85038,0,CI,481,ALBERTSON'S #0036,2200 W SHADY GROVE RD,IRVING,TX,75060,57.0,445110.0,Y,12/06/2022,04/01/2023,517,32.800434745511,-96.973986838574,Match,Exact
32020223395,ALDI (TEXAS) L.L.C.,2500 WESTCOURT RD,DENTON,TX,76207,61,CL,5,ALDI (TEXAS) L.L.C. #16,3635 GUS THOMASSON RD STE A,MESQUITE,TX,75150,57.0,445110.0,Y,12/09/2009,03/15/2010,518,32.814244770502,-96.635488083708,Match,Non_Exact
17528656519,"STATION CONCESSIONS, LTD.",7929 BROOKRIVER DR STE 200,DALLAS,TX,75247,57,PL,2,BLUE STAR MART,2901 N AIRFIELD DR,DALLAS,TX,75261,57.0,445310.0,Y,11/07/2008,01/01/2009,519,,,No_Match,
32068363053,SHRI RUHEE INC,2215 OATES DR,DALLAS,TX,75228,57,CT,2,CORNER STORE BEER AND WINE,2215 OATES DR,DALLAS,TX,75228,57.0,445120.0,Y,03/12/2019,04/01/2019,520,32.8215476525,-96.678374397473,Match,Exact
32097297074,SR ROYALTY LIQUOR LLC,13234 SEATTLE SLEW ST,FRISCO,TX,75035,43,CL,1,PREMIUM LIQUOR,3115 BUNKER HILL RD STE 107,SACHSE,TX,75048,57.0,445310.0,Y,11/01/2024,12/01/2024,521,,,No_Match,
12604344262,"MALONE'S FOOD STORES, LLC",4850 SAMUELL BLVD,MESQUITE,TX,75149,57,CL,13,MALONE'S COST PLUS,3939 S POLK ST STE 323,DALLAS,TX,75224,57.0,445110.0,Y,09/20/2024,09/01/2024,522,32.695404882642,-96.840191053084,Match,Exact
32056077947,AP & TA INVESTMENTS INC,1801 BROOKVIEW DR,CARROLLTON,TX,75007,61,CT,1,GRAND TRIP # 2,1710 W IRVING BLVD,IRVING,TX,75061,57.0,445120.0,Y,12/31/2016,01/01/2017,523,32.822609909572,-96.967087933822,Match,Exact
32042361298,"RAPIDO ICE, LLC",138 KING ANDREW CT,SCROGGINS,TX,75480,80,CL,1,"RAPIDO ICE, LLC",9810 WALNUT HILL LN,DALLAS,TX,75238,57.0,445299.0,Y,05/08/2012,07/01/2011,524,32.878799944956,-96.717487207005,Match,Exact
12717998889,"PROGRESO LMMM DALLAS #23, LLC",8830 LONG POINT RD STE 700 ATTN: PAOLA C,HOUSTON,TX,77055,101,CL,1,LA MICHOACANA MEATMARKET DALLAS #23,2114 W KINGSLEY RD,GARLAND,TX,75041,57.0,445110.0,Y,02/05/2010,02/08/2010,525,32.878749272816,-96.658428238015,Match,Exact
32073276191,AJOWA LLC,2750 E TRINITY MILLS RD APT 302,CARROLLTON,TX,75006,57,CL,1,AJOWA LLC,2750 E TRINITY MILLS RD,CARROLLTON,TX,75006,57.0,445299.0,Y,08/31/2022,01/01/2023,526,32.986632823892,-96.858415493613,Match,Non_Exact
17606039679,"RANDALL'S BEVERAGE COMPANY, INC.",PO BOX 29096,PHOENIX,AZ,85038,0,CT,137,TOM THUMB #2578,2535 NORTHEAST PARKWAY,GARLAND,TX,75040,57.0,445110.0,Y,05/10/2005,06/01/2005,527,,,No_Match,
32067886922,"GUADALAJARA FOODS, LLC",2501 E GUASTI RD,ONTARIO,CA,91761,0,CL,1,EL RANCHO #40,3535 N BELT LINE RD,IRVING,TX,75062,57.0,445110.0,Y,01/23/2019,03/01/2019,528,32.854331210664,-96.992203968113,Match,Exact
32017281356,"TEXAS ICE VENDING, LLC",4100 ELDORADO PKWY STE 100,MCKINNEY,TX,75070,43,CL,24,TEXAS ICE VENDING,251 E GRAUWYLER RD,IRVING,TX,75061,57.0,445299.0,Y,07/22/2019,07/01/2019,529,32.829444542212,-96.9430576006,Match,Exact
32066279111,"EL CENTRO ENTERPRISE, INC.",5614 E R L THORNTON FWY,DALLAS,TX,75223,57,CT,1,EL CENTRO MEAT MARKET,5614 E R L THORNTON FWY,DALLAS,TX,75223,57.0,445210.0,Y,07/10/2019,08/15/2019,530,32.79128734943,-96.743134517396,Match,Exact
17508732769,RANDALL'S FOOD & DRUGS LP,PO BOX 29096 C/O MS 6531,PHOENIX,AZ,85038,0,PF,194,TOM THUMB #3563 FUEL STATION,625 W WHEATLAND RD,DUNCANVILLE,TX,75116,57.0,445110.0,Y,06/28/2004,07/01/2004,531,32.647543448532,-96.922770154576,Match,Exact
17508732769,RANDALL'S FOOD & DRUGS LP,PO BOX 29096 C/O MS 6531,PHOENIX,AZ,85038,0,PF,124,RANDALL'S FOOD AND DRUG #1784,1501 PIONEER RD,MESQUITE,TX,75149,57.0,445110.0,Y,05/16/2001,05/02/2001,532,32.747138831911,-96.583578496869,Match,Exact
17606039679,"RANDALL'S BEVERAGE COMPANY, INC.",PO BOX 29096,PHOENIX,AZ,85038,0,CT,170,RANDALL'S #3597,11920 PRESTON RD,DALLAS,TX,75230,57.0,445110.0,Y,01/18/2011,12/01/2010,533,32.911511642081,-96.803725671079,Match,Exact
17527910834,"BSY PARTNERS, INC.",7015 HOLLY HILL DR,DALLAS,TX,75231,57,CT,1,KWICK SAVE MART,7015 HOLLY HILL DR,DALLAS,TX,75231,57.0,445120.0,Y,05/03/1999,06/01/1999,534,32.873951780899,-96.761017803452,Match,Exact
32042910607,KAGHAN VALLEY INC,1294 E LEDBETTER DR,DALLAS,TX,75216,57,CT,1,KINGS ZONE,1294 E LEDBETTER DR,DALLAS,TX,75216,57.0,445120.0,Y,02/16/2011,02/01/2011,535,32.682590273204,-96.803121660704,Match,Exact
17528749462,"SUPERTARGET LIQUOR OF TEXAS, INC.",PO BOX 9471,MINNEAPOLIS,MN,55440,0,CT,134,TARGET STORE T-2334,39739 LYNDON B JOHNSON FWY,DALLAS,TX,75237,57.0,445310.0,Y,10/30/2007,01/01/2008,536,,,No_Match,
17508732769,RANDALL'S FOOD & DRUGS LP,PO BOX 29096 C/O MS 6531,PHOENIX,AZ,85038,0,PF,231,TOM THUMB #3570,7331 GASTON AVE,DALLAS,TX,75214,57.0,445110.0,Y,08/15/2016,10/31/2016,537,32.811285037294,-96.729820958564,Match,Exact
17606039679,"RANDALL'S BEVERAGE COMPANY, INC.",PO BOX 29096,PHOENIX,AZ,85038,0,CT,82,TOM THUMB #2642,5809 E LOVERS LN,DALLAS,TX,75206,57.0,445110.0,Y,05/21/1999,06/26/1999,538,32.851146855898,-96.76732667921,Match,Exact
32051944471,"SNAP KITCHEN DALLAS, LLC",PO BOX 340820,AUSTIN,TX,78734,227,CL,7,SNAP KITCHEN #24,4115 SKILLMAN ST,DALLAS,TX,75206,57.0,445299.0,Y,04/14/2015,05/16/2015,539,32.835841468356,-96.7615473895,Match,Exact
32062893311,"NEVINS CONCESSIONS, LLC",619 PECAN CREEK DR,SUNNYVALE,TX,75182,57,CL,1,NEVINS CONCESSIONS,1229 ADMIRAL NIMITZ CIR,DALLAS,TX,75210,57.0,445310.0,Y,04/12/2017,05/01/2017,540,,,No_Match,
32080752820,"55 SEVENTY DALLAS BEVCO, LLC",7324 MEADOW OAKS DR,DALLAS,TX,75230,57,CL,5,"55 SEVENTY DALLAS BEVCO, LLC",7015 TWIN HILLS AVE,DALLAS,TX,75231,57.0,445310.0,Y,12/27/2023,12/27/2023,541,32.873541748496,-96.764703477867,Match,Exact
32007446456,HAN MIN LIU,4665 ADRIAN WAY,PLANO,TX,75024,43,IS,1,JEFF LIU PRODUCE,4101 HERALD DR,GARLAND,TX,75044,57.0,445110.0,Y,03/14/1995,01/02/1994,542,32.954425832831,-96.662317914505,Match,Exact
17106365988,QUALITY LICENSING CORP.,508 SW 8TH ST,BENTONVILLE,AR,72712,0,CT,691,QUALITY LICENSING CORP. STORE #3204,820 E BELT LINE RD,CEDAR HILL,TX,75104,57.0,445310.0,Y,06/09/2015,02/01/2016,543,32.589840266337,-96.924882072306,Match,Exact
32061094549,TEXASFUEL SOLUTIONS INC,5605 SABETHA WAY,PLANO,TX,75094,43,CT,1,1 STOP FOOD MART,2819 S GARLAND AVE,GARLAND,TX,75041,57.0,445120.0,Y,05/04/2017,06/01/2017,544,32.882188666944,-96.657975920963,Match,Exact
32065358619,LAVON BROTHERS LLC,3620 W WALNUT ST,GARLAND,TX,75042,57,CL,1,WALNUT DOLLARS PLUS BEER AND WINE,3620 W WALNUT ST,GARLAND,TX,75042,57.0,445120.0,Y,11/29/2017,12/01/2017,545,32.916962952702,-96.685091061561,Match,Exact
32090907695,PAMPAS RETAIL INC,8421 WHISTLING DUCK DR,FORT WORTH,TX,76118,220,CT,1,DISCOUNT CORNER STORE,4202 S WESTMORELAND RD,DALLAS,TX,75233,57.0,445120.0,Y,08/03/2023,08/03/2023,546,32.692351363416,-96.880055588969,Match,Exact
17106365988,QUALITY LICENSING CORP.,508 SW 8TH ST,BENTONVILLE,AR,72712,0,CT,565,QUALITY LICENSING CORP #4046,1855 S GARLAND AVE,GARLAND,TX,75040,57.0,445310.0,Y,11/19/2013,12/01/2013,547,32.896321836485,-96.648889281457,Match,Exact
17519996379,"BENDA INVESTMENTS, INC.",801 S RIVERFRONT BLVD,DALLAS,TX,75207,57,CT,6,FRIENDLY'S GROCERY,3318 E JEFFERSON ST,GRAND PRAIRIE,TX,75051,57.0,445120.0,Y,04/28/1990,04/24/1990,548,,,No_Match,
17524110693,"DALLAS KING, INC.",5002 S 2ND AVE,DALLAS,TX,75210,57,CT,1,BUY N SAVE DISCOUNT,5002 S 2ND AVE,DALLAS,TX,75210,57.0,445310.0,Y,11/10/1992,11/04/1992,549,,,No_Match,
32083263510,SIDDHIPRIYA ABRAMS LLC,957 PARK RIDGE DR,ALLEN,TX,75013,43,CL,1,FOSSIL CREEK LIQUOR,6440 E MOCKINGBIRD LN,DALLAS,TX,75214,57.0,445310.0,Y,04/11/2022,06/15/2022,550,32.836350315315,-96.751945931383,Match,Non_Exact
32089336542,SATURN INVESTMENTS TEXAS INC,8111 LYNDON B JOHNSON FWY STE 780,DALLAS,TX,75251,57,CT,1,SHOP N GO # 14,4334 SATURN RD,GARLAND,TX,75041,57.0,445120.0,Y,04/20/2023,04/20/2023,551,32.864865745841,-96.648286661165,Match,Exact
17106365988,QUALITY LICENSING CORP.,508 SW 8TH ST,BENTONVILLE,AR,72712,0,CT,479,QUALITY LICENSING CORP. STORE #5931,13739 N CENTRAL EXPY,DALLAS,TX,75243,57.0,445310.0,Y,08/17/2011,11/15/2011,552,32.9358439401,-96.751862116782,Match,Exact
32061397132,"ANDY'S FROZEN CUSTARD STORES, LLC",211 E WATER ST,SPRINGFIELD,MO,65806,0,CI,9,"ANDY'S FROZEN CUSTARD STORES, LLC",180 W SANDY LAKE RD,COPPELL,TX,75019,57.0,445299.0,Y,02/04/2020,01/01/2020,553,32.969427838165,-96.996411348255,Match,Exact
10304161226,"MARTINEZ SUPER MERCADO MEXICO, INC.",5535 COLUMBIA AVE,DALLAS,TX,75214,57,CT,2,SUPER MERCADO MEXICO,7828 LAKE JUNE RD,DALLAS,TX,75217,57.0,445110.0,Y,04/15/2002,04/01/2002,554,32.734122264752,-96.687832834712,Match,Exact
32078860577,BELTMEX INVESTMENTS INC,2727 LYNDON B JOHNSON FWY STE 927,DALLAS,TX,75234,57,CT,1,LA AZTECA MEAT MARKET #12,1423B N BELT LINE RD,IRVING,TX,75061,57.0,445110.0,Y,08/05/2022,10/01/2022,555,32.829686847928,-96.993837221996,Match,Non_Exact
12080929644,"UFF, INC",1716 W POINT DR,CARROLLTON,TX,75007,61,CT,2,W B FERGUSON SHELL,10290 FERGUSON RD,DALLAS,TX,75228,57.0,445120.0,Y,04/23/2009,05/01/2009,556,,,No_Match,
32064420188,"INFUSED OILS AND VINEGARS, LLC",12835 PRESTON RD STE 302,DALLAS,TX,75230,57,CL,1,INFUSED OILS AND VINEGARS,5225 BELT LINE RD STE 208,DALLAS,TX,75254,57.0,445299.0,Y,09/23/2017,08/09/2017,557,,,No_Match,
19120524681,"COSTCO TEXAS BEVERAGES, INC.",PO BOX 35005,SEATTLE,WA,98124,0,CT,31,"COSTCO TEXAS BEVERAGES, INC #1266",8055 CHURCHILL WAY,DALLAS,TX,75251,57.0,445310.0,Y,02/02/2017,02/05/2017,558,32.9180923578,-96.767904692033,Match,Exact
32060105908,GB & SANDRA CORPORATION,2413 TOP RAIL LN,SOUTHLAKE,TX,76092,220,CT,1,SANDRA GROCERY,1827 S HASKELL AVE,DALLAS,TX,75223,57.0,445120.0,Y,04/09/2016,05/01/2016,559,32.783167870696,-96.749653225655,Match,Exact
32090856702,3 STAR DREAMS LLC,3034 E ILLINOIS AVE,DALLAS,TX,75216,57,CL,1,QUICK CHECK GROCERY,3034 E ILLINOIS AVE,DALLAS,TX,75216,57.0,445120.0,Y,08/04/2023,08/10/2023,560,32.716252306703,-96.775751271427,Match,Exact
32070520351,SAMELIYAN LLC,4625 RIDGE LN,CARROLLTON,TX,75010,61,CL,1,DAIRYWAY CORNER STOP,4340 GUS THOMASSON RD STE D,MESQUITE,TX,75150,57.0,445120.0,Y,07/24/2019,09/01/2019,561,32.820635923981,-96.642511751861,Match,Non_Exact
32055838786,ARHAMNA CORPORATION,3701 ESTERS RD STE 109,IRVING,TX,75038,57,CT,1,ARHAMNA FOOD MART,3701 ESTERS RD STE 109,IRVING,TX,75038,57.0,445120.0,Y,01/07/2015,01/08/2015,562,,,No_Match,
32043042145,JKB GLOBAL INC,8937 BROOK HILL LN,FORT WORTH,TX,76244,220,CT,1,KIEST FOOD MART,3308 W KIEST BLVD,DALLAS,TX,75233,57.0,445120.0,Y,11/19/2010,01/01/2011,563,32.704281153514,-96.8798714506,Match,Non_Exact
32095397124,TYRA HAYDEN,1139 MONTERREY TRL,MESQUITE,TX,75149,57,IS,1,TYRA'S SWEET TREATS,1139 MONTERREY TRL,MESQUITE,TX,75149,57.0,445291.0,Y,06/11/2024,05/14/2024,564,32.758611553395,-96.58429963397,Match,Exact
32094194134,LANCASTER VENTURES LLC,2900 QUINTON ST,PROSPER,TX,75078,43,CL,1,DREAM FOOD MARKET,3502 S LANCASTER RD,DALLAS,TX,75216,57.0,445310.0,Y,03/22/2024,03/30/2024,565,,,No_Match,
32090924286,DUTCH MAID DONUT LLC,11401 FINANCIAL CENTRE PKWY STE 101,LITTLE ROCK,AR,72211,0,CL,1,DUTCH MAID DONUT LLC,1303 N DALLAS AVE,LANCASTER,TX,75134,57.0,445291.0,Y,08/04/2023,08/04/2023,566,32.603940649528,-96.758180863002,Match,Exact
32031358073,"YONG & JD, INC",1402 N CARROLL AVE,DALLAS,TX,75204,57,CT,1,QUICK WAY FOOD MART,1402 N CARROLL AVE,DALLAS,TX,75204,57.0,445120.0,Y,06/01/2007,05/01/2007,567,32.800435441102,-96.777711374635,Match,Exact
32043896623,"ABUELITO PANADERIA, LLC",12933 ELAM RD,BALCH SPRINGS,TX,75180,57,CL,1,"ABUELITO PANADERIA, LLC",12933 ELAM RD,BALCH SPRINGS,TX,75180,57.0,445291.0,Y,02/27/2012,01/26/2012,568,32.719404422462,-96.606242540718,Match,Exact
32072558334,"IRVING INWOOD BEVERAGES, INC.",2907 IRVING BLVD,DALLAS,TX,75247,57,CT,1,DISCOUNT LIQUOR,2907 IRVING BLVD,DALLAS,TX,75247,57.0,445310.0,Y,12/03/2019,01/01/2020,569,,,No_Match,
32050535148,NANAK SUBZI MANDI INC,4550 W BUCKINGHAM RD,GARLAND,TX,75042,57,CT,1,NANAK SUBZI MANDI INC,4550 W BUCKINGHAM RD,GARLAND,TX,75042,57.0,445110.0,Y,04/01/2013,03/25/2013,570,32.931179589724,-96.701686107563,Match,Exact
32055813631,"24 HOUR INVESTMENTS, LLC",PO BOX 219088 ATTN: LICENSING,DALLAS,TX,75221,57,CL,1,7-ELEVEN CONVENIENCE STORE #35972B,6401 RIVERSIDE DR,IRVING,TX,75039,57.0,445120.0,Y,12/11/2014,01/01/2015,571,32.897191492345,-96.938995650821,Match,Exact
32060701763,DESI DISTRICT LLC,7011 NUECES DR,IRVING,TX,75039,57,CL,1,DESI DISTRICT LLC,6451 RIVERSIDE DR,IRVING,TX,75039,57.0,445110.0,Y,05/04/2017,08/01/2017,572,32.897511645472,-96.939132144645,Match,Exact
32081595103,"ASCENSION WHITE ROCK BEVERAGE HOLDING, LLC",16400 DALLAS PKWY STE 100,DALLAS,TX,75248,57,CL,1,ASCENSION COFFEE,9353 GARLAND RD,DALLAS,TX,75218,57.0,445299.0,Y,02/12/2022,05/01/2022,573,32.832327478357,-96.704186203257,Match,Exact
32072123410,ANDSAIYS INC,12037 BLACKBURN WAY,DALLAS,TX,75234,57,CT,2,YOUN'S MARKET,4735 S LANCASTER RD,DALLAS,TX,75216,57.0,445120.0,Y,01/10/2025,07/01/2021,574,32.691262769637,-96.792094336436,Match,Exact
17527631034,SANDY LEE CORPORATION,5433 BOTHAM JEAN BLVD,DALLAS,TX,75215,57,CT,1,FRIENDLY DRIVE-IN GROCERY,5433 BOTHAM JEAN BLVD,DALLAS,TX,75215,57.0,445310.0,Y,10/13/2011,05/15/1998,575,,,No_Match,
32039491405,1ST WAY LLC,4104 GASTON AVE,DALLAS,TX,75246,57,CL,2,7-ELEVEN CONVENIENCE STORE #17718,4104 GASTON AVE,DALLAS,TX,75246,57.0,445120.0,Y,06/30/2009,07/01/2009,576,32.793941448754,-96.776747585998,Match,Exact
17525447102,"STEPHANIE LEIGH, INC.",2543 N FITZHUGH AVE,DALLAS,TX,75204,57,CT,2,SUPER SAVE LIQUOR,2543 N FITZHUGH AVE,DALLAS,TX,75204,57.0,445310.0,Y,09/22/2008,11/01/2008,577,32.812338758303,-96.783513879759,Match,Exact
32074733729,MANUEL AYALA,9632 OVERLAKE DR,DALLAS,TX,75220,57,IS,1,FRUTERIA GTO,9632 OVERLAKE DR,DALLAS,TX,75220,57.0,445230.0,Y,03/11/2025,07/02/2020,578,32.857705857617,-96.870421601864,Match,Exact
32077157777,MAYA BUCKNER LLC,11411 HILLGUARD RD,DALLAS,TX,75243,57,CL,1,EL RIO GRANDE LATIN MARKET #10,3035 N BUCKNER BLVD,DALLAS,TX,75228,57.0,445110.0,Y,04/12/2022,07/01/2022,579,32.808613281666,-96.683472004379,Match,Non_Exact
13116785307,KROGER TEXAS L.P.,PO BOX 305103,NASHVILLE,TN,37230,0,PF,94,KROGER TEXAS L.P. #402,3612 N BELT LINE RD,IRVING,TX,75062,57.0,445110.0,Y,09/07/2012,01/01/2000,580,32.855388992699,-96.992044755914,Match,Exact
32010651514,LAN T PHAN,4938 MILITARY PKWY,DALLAS,TX,75227,57,IS,1,COWBOYS DISCOUNT LIQUOR,4938 MILITARY PKWY,DALLAS,TX,75227,57.0,445310.0,Y,07/03/2000,08/01/2000,581,32.78354782396,-96.732335051982,Match,Exact
32076319444,SAI KUNAFA INC,3035 BROADWAY BLVD STE D,GARLAND,TX,75041,57,CT,1,HI FOOD MART,3035 BROADWAY BLVD STE D,GARLAND,TX,75041,57.0,445120.0,Y,10/22/2020,11/01/2020,582,32.879680024765,-96.622637015215,Match,Non_Exact
32020223395,ALDI (TEXAS) L.L.C.,2500 WESTCOURT RD,DENTON,TX,76207,61,CL,75,ALDI (TEXAS) L.L.C. #74,102 W PLEASANT RUN RD,DESOTO,TX,75115,57.0,445110.0,Y,02/19/2014,04/01/2014,583,32.604030527529,-96.857314893014,Match,Exact
13116785307,KROGER TEXAS L.P.,PO BOX 305103,NASHVILLE,TN,37230,0,PF,177,KROGER TEXAS L.P./ AMERICA'S BEV,1331 E AIRPORT FWY,IRVING,TX,75062,57.0,445110.0,Y,09/07/2012,01/01/2000,584,32.837281660876,-96.928381813857,Match,Exact
32015385738,W.B.S. U.S.A. INC.,2203 GREENVILLE AVE,DALLAS,TX,75206,57,CT,1,CORNER STOP,2203 GREENVILLE AVE,DALLAS,TX,75206,57.0,445310.0,Y,04/04/2005,04/08/2005,585,32.816088538419,-96.770247655653,Match,Exact
13116785307,KROGER TEXAS L.P.,PO BOX 305103,NASHVILLE,TN,37230,0,PF,111,KROGER TEXAS L.P. #450,3600 GUS THOMASSON,MESQUITE,TX,75150,57.0,445110.0,Y,09/07/2012,01/01/2000,586,32.812575665351,-96.634655876695,Match,Non_Exact
32033857106,SALVADOR RUVALCABA JIMENEZ,9061 COUNTY ROAD 4116,KAUFMAN,TX,75142,129,IS,5,LA CHAPALITA ICE CREAM,105 HALL RD STE 129B,SEAGOVILLE,TX,75159,57.0,445299.0,Y,03/18/2024,10/01/2023,587,32.648779166962,-96.549092567012,Match,Exact
17605129901,"DUC HUNG, INC.",2302 S 2ND AVE,DALLAS,TX,75210,57,CT,2,"TMA GROCERY, BEER & WINE",2302 S 2ND AVE,DALLAS,TX,75210,57.0,445120.0,Y,01/05/1999,01/01/1999,588,32.770110743663,-96.754999418381,Match,Exact
17528749462,"SUPERTARGET LIQUOR OF TEXAS, INC.",PO BOX 9471,MINNEAPOLIS,MN,55440,0,CT,98,TARGET STORE T-0055,212 MEDALLION SHP CTR,DALLAS,TX,75214,57.0,445310.0,Y,03/15/2006,03/14/2006,589,,,No_Match,
32081594684,"ASCENSION WHITE ROCK, LLC",16400 DALLAS PKWY STE 100,DALLAS,TX,75248,57,CL,1,ASCENSION COFFEE,9353 GARLAND RD,DALLAS,TX,75218,57.0,445299.0,Y,02/12/2022,05/01/2022,590,32.832327478357,-96.704186203257,Match,Exact
32038470442,MAYA LAKE JUNE LLC,11411 HILLGUARD RD,DALLAS,TX,75243,57,CL,1,EL RIO GRANDE LATIN MARKET #7,10325 LAKE JUNE RD,DALLAS,TX,75217,57.0,445120.0,Y,12/08/2009,12/24/2009,591,32.734237880848,-96.646586816656,Match,Exact
32048865516,DERRICK LAMONT BRYANT,2826 FANTAIL DR,MESQUITE,TX,75181,57,IS,2,STREET SUCCESS,8006 FORNEY RD STE 140,DALLAS,TX,75227,57.0,445110.0,Y,09/06/2025,11/01/2025,592,32.777961045578,-96.683863126733,Match,Exact
32067012206,"BIAGIO & CO., LLC",2404 VICTORY PARK LN,DALLAS,TX,75219,57,CL,1,BIAGIO WINE & SPIRIT,2404 VICTORY PARK LN,DALLAS,TX,75219,57.0,445310.0,Y,07/19/2018,10/01/2018,593,32.788111642938,-96.809384764814,Match,Exact
17525918334,TATARI INC.,825 S CARROLL AVE,DALLAS,TX,75223,57,CT,1,DON'S FOOD STORE,825 S CARROLL AVE,DALLAS,TX,75223,57.0,445110.0,Y,01/03/1996,01/02/1996,594,32.787256538857,-96.762622738319,Match,Exact
32090876056,RAGHU PRADIP INC,9104 CRANDALL DR,FORT WORTH,TX,76244,220,CT,1,FOODLAND SUPER MARKET,4639 SINGLETON BLVD,DALLAS,TX,75212,57.0,445120.0,Y,08/03/2023,08/01/2023,595,32.778530252722,-96.896022989964,Match,Exact
32061331420,A&B CONCEPTS LLC,4469 SANDY WATER LN,PLANO,TX,75024,43,CL,1,CANDY LAND,13350 DALLAS PKWY # 3285,DALLAS,TX,75240,57.0,445292.0,Y,02/01/2017,02/01/2017,596,32.930508319415,-96.820997176582,Match,Exact
32044659384,LA RANCHERA INTERNATIONAL FOODS LLC,3314 FAIRVIEW AVE,DALLAS,TX,75223,57,CL,1,LA RANCHERA INTERNATIONAL FOODS LLC,4823 BRYAN ST,DALLAS,TX,75204,57.0,445110.0,Y,07/19/2011,07/15/2011,597,32.803390440251,-96.774119529075,Match,Exact
32060105494,"J3C, LLC",3700 GLASGOW DR,PLANO,TX,75025,43,CL,1,CRAFTED,460 CONEFLOWER DR,GARLAND,TX,75040,57.0,445310.0,Y,04/09/2016,10/18/2016,598,32.952882675473,-96.612122985019,Match,Exact
32101223272,DING VENDING LLC,801 N O CONNOR RD PMB 1007,IRVING,TX,75061,57,CL,1,DING VENDING LLC,801 N O CONNOR RD # 1007,IRVING,TX,75061,57.0,445299.0,Y,08/12/2025,09/01/2025,599,32.821242557255,-96.949676113858,Match,Exact
17528749462,"SUPERTARGET LIQUOR OF TEXAS, INC.",PO BOX 9471,MINNEAPOLIS,MN,55440,0,CT,163,TARGET STORES T-0255,3333 W AIRPORT FWY,IRVING,TX,75062,57.0,445310.0,Y,11/23/2009,01/20/2010,600,32.838596623252,-96.992057539083,Match,Exact
32076308769,"CORNERSTONE COMMUNITY ENTERPRISES, INC.",1832 SOUTH BLVD,DALLAS,TX,75215,57,CT,1,SOUTHPOINT COMMUNITY MARKET,2839 S ERVAY ST,DALLAS,TX,75215,57.0,445120.0,Y,08/04/2023,06/19/2021,601,32.762914022391,-96.778983669002,Match,Exact
12604344262,"MALONE'S FOOD STORES, LLC",4850 SAMUELL BLVD,MESQUITE,TX,75149,57,CL,12,MALONE'S COST PLUS,4850 SAMUELL BLVD,MESQUITE,TX,75149,57.0,445110.0,Y,09/17/2024,10/01/2024,602,32.792183959365,-96.671405163929,Match,Exact
32055709086,JUAN CAMACHO,1437 S MARLBOROUGH AVE,DALLAS,TX,75208,57,IS,2,LONE STAR PRODUCE,1437 S MARLBOROUGH AVE,DALLAS,TX,75208,57.0,445230.0,Y,10/26/2024,10/01/2024,603,32.729545154398,-96.851783262211,Match,Exact
12017736906,TFM CORPORATION,1608 S 5TH ST,GARLAND,TX,75040,57,CT,2,THRIFT FOOD MART,1614 S 5TH ST,GARLAND,TX,75040,57.0,445120.0,Y,12/13/2005,11/01/2005,604,32.898721816803,-96.63625853283,Match,Exact
17508732769,RANDALL'S FOOD & DRUGS LP,PO BOX 29096 C/O MS 6531,PHOENIX,AZ,85038,0,PF,187,TOM THUMB #1925 FUEL STATION,8701 LAKEVIEW PKWY,ROWLETT,TX,75088,57.0,445110.0,Y,06/28/2004,07/01/2004,605,,,No_Match,
13116785307,KROGER TEXAS L.P.,PO BOX 305103,NASHVILLE,TN,37230,0,PF,122,KROGER TEXAS L.P. #492,11925 ELAM RD,BALCH SPRINGS,TX,75180,57.0,445110.0,Y,09/07/2012,01/01/2000,606,32.719369625956,-96.621959522701,Match,Exact
32089331832,FIRST GARLAND INC,8111 LYNDON B JOHNSON FWY STE 780,DALLAS,TX,75251,57,CT,1,SHOP N GO # 8,1815 S 1ST ST STE E,GARLAND,TX,75040,57.0,445120.0,Y,04/20/2023,04/20/2023,607,32.895911608496,-96.631106854451,Match,Non_Exact
17528749462,"SUPERTARGET LIQUOR OF TEXAS, INC.",PO BOX 9471,MINNEAPOLIS,MN,55440,0,CT,167,TARGET STORE T-2572,1629 N TOWN EAST BLVD,MESQUITE,TX,75150,57.0,445310.0,Y,06/14/2011,06/01/2011,608,32.810821298336,-96.623128998523,Match,Exact
12012685009,JSKW LLC,1818 METROPOLITAN AVE,DALLAS,TX,75215,57,CL,1,EMILY GROCERY,1818 METROPOLITAN AVE,DALLAS,TX,75215,57.0,445120.0,Y,04/19/2004,03/01/2004,609,32.757345591327,-96.769436415859,Match,Exact
13116785307,KROGER TEXAS L.P.,PO BOX 305103,NASHVILLE,TN,37230,0,PF,110,KROGER TEXAS L.P. #448,950 E SANDY LAKE RD,COPPELL,TX,75019,57.0,445110.0,Y,09/07/2012,01/01/2000,610,32.973249133201,-97.023249190889,Match,Non_Exact
32033565303,MAHIR INC,816 ARAF AVE,RICHARDSON,TX,75081,57,CT,1,MILITARY QUICK STOP,5936 MILITARY PKWY,DALLAS,TX,75227,57.0,445120.0,Y,09/19/2007,08/01/2007,611,32.776597791606,-96.716419172443,Match,Exact
32037353706,"BUSTILLOS BEER & WINE, LLC",3115 TEXAS DR,DALLAS,TX,75211,57,CL,1,CITY LINE BEER & WINE,3600 W JEFFERSON BLVD,DALLAS,TX,75211,57.0,445310.0,Y,06/25/2008,09/01/2008,612,32.740340243629,-96.878641915861,Match,Exact
32092914814,SAI NIRVAN INC,1546 ROWLETT RD STE 103,GARLAND,TX,75043,57,CT,1,TOP FOOD MART,1546 ROWLETT RD STE 103,GARLAND,TX,75043,57.0,445120.0,Y,01/30/2024,02/01/2024,613,,,No_Match,
32065284542,QUEVEDO LLC,10055 BANTRY LN,FORNEY,TX,75126,129,CL,1,TITO'S MEAT MARKET,3000 PIONEER RD STE 1,BALCH SPRINGS,TX,75181,57.0,445110.0,Y,11/28/2017,12/01/2017,614,32.72779250392,-96.601338585638,Match,Exact
32051944471,"SNAP KITCHEN DALLAS, LLC",PO BOX 340820,AUSTIN,TX,78734,227,CL,13,SNAP KITCHEN #32,1930 N COIT RD STE 151,RICHARDSON,TX,75080,57.0,445299.0,Y,11/17/2015,12/12/2015,615,,,No_Match,
13116785307,KROGER TEXAS L.P.,PO BOX 305103,NASHVILLE,TN,37230,0,PF,103,KROGER TEXAS L.P. #429,2201 W GRAUWYLER RD,IRVING,TX,75061,57.0,445110.0,Y,09/07/2012,01/01/2000,616,32.829027215194,-96.974608561602,Match,Exact
32005879419,ALEX E GRANDE,3944 INDIAN OAKS LN,CARROLLTON,TX,75010,57,IS,2,TIENDA VARIEDADES,1770 W IRVING BLVD STE 11,IRVING,TX,75061,57.0,445110.0,Y,05/12/1993,06/01/1993,617,32.823753525223,-96.967637988371,Match,Exact
32098564753,DK'S DONUTS LLC,1854 VERONA LN,ROCKWALL,TX,75032,199,CL,1,DK'S DONUTS,3115 BUNKER HILL RD STE 103,SACHSE,TX,75048,57.0,445291.0,Y,02/27/2025,04/10/2025,618,,,No_Match,
32008490834,MARC WOOLSEY,440 S HAMPTON RD,DESOTO,TX,75115,57,IS,1,FARMERS DELITE,440 S HAMPTON RD,DE SOTO,TX,75115,57.0,445230.0,Y,03/10/1999,03/15/1999,619,32.583482790977,-96.856805865776,Match,Non_Exact
17526789908,"LA AZTECA MEAT MARKET, INC.",3701 W NORTHWEST HWY STE 203,DALLAS,TX,75220,57,CT,1,LA AZTECA MEAT MARKET,3701 NW HWY #203,DALLAS,TX,75220,57.0,445210.0,Y,02/05/1997,03/01/1997,620,,,Tie,
17513185730,"GOODY GOODY LIQUOR, INC.",10370 OLYMPIC DR,DALLAS,TX,75220,57,CT,65,GOODY GOODY #6,7729 GARLAND RD,DALLAS,TX,75218,57.0,445310.0,Y,12/16/2015,03/05/2016,621,32.811842272028,-96.728468847033,Match,Exact
13116785307,KROGER TEXAS L.P.,PO BOX 305103,NASHVILLE,TN,37230,0,PF,130,KROGER TEXAS L.P. #517,160 N COIT RD,RICHARDSON,TX,75080,57.0,445110.0,Y,09/07/2012,01/01/2000,622,32.952903180749,-96.768762696356,Match,Exact
13116785307,KROGER TEXAS L.P.,PO BOX 305103,NASHVILLE,TN,37230,0,PF,447,KROGER TEXAS L.P./DALLAS OFFICE,751 FREEPORT PKWY,COPPELL,TX,75019,57.0,445110.0,Y,05/04/2016,02/01/2016,623,32.95243592161,-97.010862228652,Match,Exact
17508732769,RANDALL'S FOOD & DRUGS LP,PO BOX 29096 C/O MS 6531,PHOENIX,AZ,85038,0,PF,57,RANDALL'S FOOD AND DRUG # 2544,10455 N CENTRAL EXPY STE 119,DALLAS,TX,75231,57.0,445110.0,Y,05/11/2001,05/02/2001,624,32.888774334903,-96.770191047127,Match,Exact
32059664568,SAI JAMUNA INC,2221 LORETO DR,FORT WORTH,TX,76177,220,CT,1,MILLER MART,1506 W MILLER RD,GARLAND,TX,75041,57.0,445120.0,Y,03/01/2016,03/01/2016,625,32.894117937413,-96.609997155532,Match,Non_Exact
13116785307,KROGER TEXAS L.P.,PO BOX 305103,NASHVILLE,TN,37230,0,PF,142,KROGER TEXAS L.P. #557,6850 N SHILOH RD,GARLAND,TX,75044,57.0,445110.0,Y,09/07/2012,01/01/2000,626,,,No_Match,
32069363284,LA ZACATECANA MEAT MARKET LLC,5749 TRUELSON DR,FORT WORTH,TX,76134,220,CL,2,LA ZACATECANA MEAT MARKET,2376 LAVON DR STE 110,GARLAND,TX,75040,57.0,445110.0,Y,12/04/2019,11/14/2019,627,,,No_Match,
32026539604,LUZ A MARLES,10024 MONROE DR,DALLAS,TX,75229,57,IS,1,AZTECA MEXICAN CANDY IMP,2860 WALNUT HILL LN STE 106,DALLAS,TX,75229,57.0,445292.0,Y,02/16/2007,02/16/2007,628,32.880842951679,-96.881758079564,Match,Exact
32057194899,"GOOD FORTUNE SUPERMARKET OF DALLAS, INC.",5851 MASPETH AVE,MASPETH,NY,11378,0,CT,1,"GOOD FORTUNE SUPERMARKET OF DALLAS, INC.",400 N GREENVILLE AVE STE 1,RICHARDSON,TX,75081,57.0,445110.0,Y,04/29/2017,04/28/2017,629,32.953691806911,-96.728619871016,Match,Exact
32099284880,FRANKIE & VINCIE'S LLC,5111 KIAMESHA WAY,MESQUITE,TX,75150,57,CL,1,FRANKIE & VINCIE'S,5111 KIAMESHA WAY,MESQUITE,TX,75150,57.0,445299.0,Y,03/20/2025,05/01/2025,630,32.833700654053,-96.655802275845,Match,Exact
32041998843,CLOUDCREST ENTERPRISES INC,3917 CLOUDCREST DR,PLANO,TX,75074,43,CT,1,THE SHOPPE OF WINDSOR AT TURTLE CREEK,2217 IVAN ST,DALLAS,TX,75201,57.0,445120.0,Y,06/09/2010,07/01/2010,631,32.797763368008,-96.809970766647,Match,Exact
32040044656,ARMANDO VILLESCAS,1749 ETAIN RD,IRVING,TX,75060,57,IS,1,VILLESCAS IMPORTS,1023 E PIONEER DR APT 119,IRVING,TX,75061,57.0,445230.0,Y,10/14/2014,08/09/2009,632,32.817676357026,-96.933836700473,Match,Exact
32020099506,MATHEWS JOHN,921 GRAYSTONE DR,GARLAND,TX,75043,57,IS,2,NEW DAIRY WAY #2,1800 N GALLOWAY AVE STE 200,MESQUITE,TX,75149,57.0,445120.0,Y,10/05/2016,11/15/2016,633,32.786328242621,-96.605199011017,Match,Exact
17508732769,RANDALL'S FOOD & DRUGS LP,PO BOX 29096 C/O MS 6531,PHOENIX,AZ,85038,0,PF,80,RANDALLS FOOD AND DRUG #3621,4010 N MACARTHUR BLVD # 100,IRVING,TX,75038,57.0,445110.0,Y,05/15/2001,05/02/2001,634,,,No_Match,
32004534213,ALI S GANJI,2810 SAMUELL BLVD STE A,DALLAS,TX,75223,57,IS,1,BEVERAGE DEPOT,2810 SAMUELL BLVD STE A,DALLAS,TX,75223,57.0,445310.0,Y,10/23/1996,01/16/1997,635,32.792911811504,-96.746156568656,Match,Non_Exact
32076237984,JAYAMATALAXMI  LLC,1913 HIGHLAND DR,BEDFORD,TX,76021,220,CL,1,ZARA FOOD MART,1102 E PIONEER DR STE H,IRVING,TX,75061,57.0,445120.0,Y,10/30/2020,10/30/2020,636,32.817559340244,-96.933327754637,Match,Non_Exact
32101772591,SWEET TREATS THE CANDY JAR IX LLC,355 CONEFLOWER DR,GARLAND,TX,75040,57,CL,1,SWEET TREATS THE CANDY JAR IX,355 CONEFLOWER DR,GARLAND,TX,75040,57.0,445292.0,Y,09/06/2025,09/15/2025,637,32.95191492225,-96.6129662595,Match,Exact
13116785307,KROGER TEXAS L.P.,PO BOX 305103,NASHVILLE,TN,37230,0,PF,134,KROGER TEXAS L.P. #526,536 CENTENNIAL BLVD,RICHARDSON,TX,75081,57.0,445110.0,Y,09/07/2012,01/01/2000,638,32.93815438156,-96.720661380331,Match,Exact
32055566114,EDJC ENTERPRISE INC,8031 SARAHVILLE DR,DALLAS,TX,75252,57,CT,2,DAILY MART,2963 BELLE STARR DR,DALLAS,TX,75227,57.0,445120.0,Y,11/07/2015,12/01/2015,639,32.762952319908,-96.657994164714,Match,Exact
12701244092,WALYA CORPORATION,1452 HUDSPETH DR,CARROLLTON,TX,75010,61,CT,3,TACO GRANDE,2927 LOMBARDY LN,DALLAS,TX,75220,57.0,445120.0,Y,05/30/2023,07/01/2023,640,32.866488121901,-96.876458577318,Match,Exact
12012662743,"INWOOD BUCKHORN, INC.",7936 XAVIER CT,DALLAS,TX,75218,57,CT,1,BUCKHORN DISCOUNT LIQOURS,14825 INWOOD RD,ADDISON,TX,75001,57.0,445310.0,Y,07/12/2004,07/30/2004,641,32.949691770927,-96.82917712799,Match,Exact
17106365988,QUALITY LICENSING CORP.,508 SW 8TH ST,BENTONVILLE,AR,72712,0,CT,411,QUALITY LICENSING CORP (STORE #880),4100 W AIRPORT FWY,IRVING,TX,75062,57.0,445310.0,Y,11/04/2008,12/01/2008,642,32.836626226806,-97.003497981098,Match,Exact
32051944471,"SNAP KITCHEN DALLAS, LLC",PO BOX 340820,AUSTIN,TX,78734,227,CL,17,SNAP KITCHEN #19,4436 LEMMON AVE,DALLAS,TX,75219,57.0,445299.0,Y,10/21/2016,12/10/2016,643,32.818410352524,-96.812913774638,Match,Exact
32042126675,GLENN HEIGHTS INVESTMENTS INC,1551 S BECKLEY RD STE A,GLENN HEIGHTS,TX,75154,57,CT,2,SPIRITS DEPOT,1551 S BECKLEY RD STE A,GLENN HEIGHTS,TX,75154,57.0,445310.0,Y,12/14/2010,01/01/2011,644,32.560228795773,-96.822971367386,Match,Non_Exact
17508732769,RANDALL'S FOOD & DRUGS LP,PO BOX 29096 C/O MS 6531,PHOENIX,AZ,85038,0,PF,248,EL RANCHO EXPRESS #4611 FUEL STATION,3626 W NORTHGATE DR,IRVING,TX,75062,57.0,445110.0,Y,12/13/2018,01/05/2019,645,32.856830961115,-96.995113422957,Match,Exact
32017281356,"TEXAS ICE VENDING, LLC",4100 ELDORADO PKWY STE 100,MCKINNEY,TX,75070,43,CL,5,TEXAS ICE VENDING,9024 LAKE JUNE RD STE A,DALLAS,TX,75217,57.0,445299.0,Y,08/19/2009,07/10/2009,646,32.733980970101,-96.664362449613,Match,Non_Exact
17607919820,"STONEY'S FINE WINES, L.P.",6038 ORAM ST,DALLAS,TX,75206,57,PL,3,STONEY'S,6038 ORAM ST,DALLAS,TX,75206,57.0,445310.0,Y,08/02/2010,09/01/2010,647,32.813801959189,-96.762478215261,Match,Exact
32049473005,"SFM, LLC",5455 E HIGH ST STE 111,PHOENIX,AZ,85054,0,CI,35,SPROUTS FARMERS MARKET,1322 N HAMPTON RD,DALLAS,TX,75208,57.0,445110.0,Y,03/20/2025,06/18/2025,648,32.763352155747,-96.856484263554,Match,Exact
32061021492,CARNICERIA LA ALTENA - FORT WORTH LLC.,2316 TIMBERLAKE DR,IRVING,TX,75062,57,CL,1,CARNICERIA LA ALTENA - FORT WORTH LLC.,2316 TIMBERLAKE DR,IRVING,TX,75062,57.0,445110.0,Y,12/02/2016,12/01/2016,649,32.854571388036,-96.981847809326,Match,Exact
32057091467,GLEN STENDEBACH / AMALIA STENDEBACH,2543 S BUCKNER BLVD STE A,DALLAS,TX,75227,57,PI,1,MI CASITA SONSONATECA,2543 S BUCKNER BLVD STE A,DALLAS,TX,75227,57.0,445110.0,Y,04/30/2015,04/01/2015,650,32.755570158087,-96.682991839148,Match,Non_Exact
32063003605,SAI YAMUNA ALINA INC,PO BOX 541895,GRAND PRAIRIE,TX,75054,57,CT,1,SANER FOOD MART,2808 S MARSALIS AVE,DALLAS,TX,75216,57.0,445120.0,Y,09/06/2022,04/01/2017,651,32.712980661439,-96.814499378389,Match,Exact
32020223395,ALDI (TEXAS) L.L.C.,2500 WESTCOURT RD,DENTON,TX,76207,61,CL,32,ALDI (TEXAS) L.L.C. # 64,333 S CEDAR RIDGE DR,DUNCANVILLE,TX,75116,57.0,445110.0,Y,06/09/2010,06/01/2010,652,32.648711081941,-96.925693645693,Match,Exact
32073256383,JAY KRISHNA LLC,1204 MAPLE RIDGE WAY,MURPHY,TX,75094,43,CL,1,STOP N GO,609 DAIRY RD STE 100,GARLAND,TX,75040,57.0,445120.0,Y,02/05/2020,03/01/2020,653,32.907834401373,-96.621134503554,Match,Exact
32043031247,"COOL ZONE, INC.",4275 W NORTHWEST HWY,DALLAS,TX,75220,57,CT,1,COOL ZONE,4275 W NORTHWEST HWY,DALLAS,TX,75220,57.0,445120.0,Y,12/02/2010,12/01/2010,654,32.86410964168,-96.837450788178,Match,Exact
32056047551,"YI GROUP, INC.",2237 JOE FIELD RD STE 101,DALLAS,TX,75229,57,CT,1,"YI GROUP, INC.",2237 JOE FIELD RD STE 101,DALLAS,TX,75229,57.0,445110.0,Y,01/22/2015,01/12/2015,655,32.893004152729,-96.903644369809,Match,Exact
32098037891,EUROVIA LLC,111 N CLINTON AVE,DALLAS,TX,75208,57,CL,1,ARI'S PANTRY,1800 MAIN ST STE 124,DALLAS,TX,75201,57.0,445110.0,Y,03/29/2025,05/01/2025,656,32.781180157982,-96.796373062657,Match,Exact
32044372327,TRADER JOE'S EAST INC.,800 S SHAMROCK AVE,MONROVIA,CA,91016,0,CF,19,TRADER JOE'S #407,14856 PRESTON RD STE 200,DALLAS,TX,75254,57.0,445110.0,Y,04/08/2014,06/12/2014,657,32.951465582093,-96.803399482286,Match,Exact
32077896200,BE A BOSS LLC,9940 FOREST LN APT 9304,DALLAS,TX,75243,57,CL,1,BE A BOSS LLC,12800 JUPITER RD APT 322,DALLAS,TX,75238,57.0,445299.0,Y,05/04/2021,06/01/2021,658,32.869463838398,-96.682976960546,Match,Exact
17527223337,"GLOCO ENTERPRISES, INC.",8520 MILL CREEK RD,IRVING,TX,75063,57,CT,3,GOOD LUCK,332 W COMMERCE ST,DALLAS,TX,75208,57.0,445120.0,Y,11/26/1997,12/01/1997,659,32.773627091637,-96.828540656063,Match,Exact
32050777393,MICROCENT INVEST  LLC,2347 OATES DR,DALLAS,TX,75228,57,CL,1,MARTSMART,2347 OATES DR,DALLAS,TX,75228,57.0,445120.0,Y,04/26/2013,05/01/2013,660,32.8215599285,-96.676150654756,Match,Exact
32077147687,RAGHU STOPNSAVE TIKA INC,2625 N STATE HIGHWAY 360 APT 228,GRAND PRAIRIE,TX,75050,220,CT,1,STOP AND SAVE LIQUORS,1907 S CESAR CHAVEZ BLVD,DALLAS,TX,75215,57.0,445310.0,Y,01/05/2021,01/15/2021,661,,,No_Match,
32063273380,MARIA LOPEZ,1120 MCELREE ST,DALLAS,TX,75217,57,IS,1,JONNIS,1706 N HIGHWAY 175,SEAGOVILLE,TX,75159,57.0,445292.0,Y,03/28/2017,01/01/2017,662,32.655180609356,-96.557441444125,Match,Exact
17528789260,A. M. A. CORPORATION,3807 E KIEST BLVD,DALLAS,TX,75203,57,CT,1,KIEST MARKET,3807 E KIEST BLVD,DALLAS,TX,75203,57.0,445110.0,Y,05/03/2000,04/01/2000,663,32.738484239688,-96.788422024545,Match,Exact
17106365988,QUALITY LICENSING CORP.,508 SW 8TH ST,BENTONVILLE,AR,72712,0,CT,339,QUALITY LICENSING CORP (STORE #5074),430 N COIT RD,RICHARDSON,TX,75080,57.0,445310.0,Y,11/08/2006,01/04/2007,664,,,No_Match,
32068460487,JOSE F CAMPOS,710 W PIONEER DR APT 234,IRVING,TX,75061,57,IS,1,EL CUSCATLECO,410 N O CONNOR RD,IRVING,TX,75061,57.0,445120.0,Y,09/26/2018,10/01/2018,665,32.817300269664,-96.949460181261,Match,Exact
32075190721,S & I LLC,3201 BIRCH AVE,GRAPEVINE,TX,76051,220,CL,1,KWIK STOP DRIVE THRU,4921 GUS THOMASSON RD,MESQUITE,TX,75150,57.0,445120.0,Y,08/26/2020,09/14/2020,666,32.830841813225,-96.655026438077,Match,Exact
32020223395,ALDI (TEXAS) L.L.C.,2500 WESTCOURT RD,DENTON,TX,76207,61,CL,13,ALDI (TEXAS) L.L.C. # 72,8034 CHRYSALIS DR,DALLAS,TX,75237,57.0,445110.0,Y,12/10/2009,03/15/2010,667,32.648434182547,-96.858807378983,Match,Exact
32033817373,BETA INVESTMENT GROUP LLC,5123 W LOVERS LN,DALLAS,TX,75209,57,CL,1,7-ELEVEN CONVENIENCE STORE #12205,5123 W LOVERS LN,DALLAS,TX,75209,57.0,445120.0,Y,10/04/2007,11/15/2007,668,,,No_Match,
32045434431,"POPULAR DONUT, INC.",106 HALL RD,SEAGOVILLE,TX,75159,57,CT,1,"POPULAR DONUT, INC.",106 HALL RD,SEAGOVILLE,TX,75159,57.0,445299.0,Y,11/14/2011,10/26/2011,669,32.648671326206,-96.549033222357,Match,Exact
32078920173,GABRIELA SOTO,950 S CARRIER PKWY # 100,GRAND PRAIRIE,TX,75051,57,IS,1,CASA SAN MIGUEL DE ALLENDE,950 S CARRIER PKWY,GRAND PRAIRIE,TX,75051,57.0,445299.0,Y,09/19/2024,05/20/2021,670,32.734337976585,-97.014721074953,Match,Exact
32038558337,"GRAILEYS, INC.",1544 EDISON ST,DALLAS,TX,75207,57,CT,1,GRAILEY'S,6038 ORAM ST,DALLAS,TX,75206,57.0,445310.0,Y,02/03/2009,03/01/2009,671,32.813801959189,-96.762478215261,Match,Exact
17606039679,"RANDALL'S BEVERAGE COMPANY, INC.",PO BOX 29096,PHOENIX,AZ,85038,0,CT,150,TOM THUMB #3637,1380 W CAMPBELL RD,RICHARDSON,TX,75080,57.0,445110.0,Y,11/08/2006,01/01/2007,672,32.97836804532,-96.765639919553,Match,Exact
32046781293,LAN007 INC.,1007 W PLEASANT RUN RD,LANCASTER,TX,75146,57,CT,1,MY BEER STORE,1007 W PLEASANT RUN RD,LANCASTER,TX,75146,57.0,445120.0,Y,02/09/2012,02/20/2012,673,32.605283214031,-96.777784910995,Match,Exact
17527223337,"GLOCO ENTERPRISES, INC.",8520 MILL CREEK RD,IRVING,TX,75063,57,CT,2,GOOD LUCK,727 E ANN ARBOR AVE,DALLAS,TX,75216,57.0,445120.0,Y,11/26/1997,12/01/1997,674,32.691367412007,-96.814248299993,Match,Non_Exact
32004534213,ALI S GANJI,2810 SAMUELL BLVD STE A,DALLAS,TX,75223,57,IS,4,BEVERAGE DEPOT #4,5050 LAKEVIEW PKWY,ROWLETT,TX,75088,57.0,445310.0,Y,03/11/2019,03/10/2019,675,32.907700371391,-96.553659611584,Match,Exact
17522545072,"SCROOGE AND MARLEY, INC.",1933 NORTHWEST HWY,GARLAND,TX,75041,57,CT,1,"SCROOGE AND MARLEY, INC.",1933 NORTHWEST HWY STE A,GARLAND,TX,75041,57.0,445120.0,Y,01/16/1989,12/15/1988,676,32.864199536505,-96.657065768494,Match,Non_Exact
32019089047,"SSS INTERNATIONAL, LLC",4150 KELLWAY CIR # A,ADDISON,TX,75001,57,CL,9,GROCERY SERVICES NORTH,310 N BARNES DR STE A,GARLAND,TX,75042,57.0,445120.0,Y,04/16/2021,04/13/2021,677,32.916076985483,-96.678622452513,Match,Non_Exact
32069454232,"PRESSED JUICERY, INC.",8671 HAYDEN PL,CULVER CITY,CA,90232,0,CF,8,PRESSED JUICERY,6025 ROYAL LN STE 105,DALLAS,TX,75230,57.0,445299.0,Y,05/13/2021,06/01/2021,678,32.894963589525,-96.803181595304,Match,Exact
13116785307,KROGER TEXAS L.P.,PO BOX 305103,NASHVILLE,TN,37230,0,PF,157,KROGER TEXAS L.P. #689,17194 PRESTON RD,DALLAS,TX,75248,57.0,445110.0,Y,09/07/2012,01/01/2000,679,32.984750186943,-96.803990908943,Match,Exact
32075608235,PMV EAGLE LLC,1145 ALNWICK LN,SAGINAW,TX,76131,220,CL,1,MEO FOOD MART,3803 S POLK ST,DALLAS,TX,75224,57.0,445120.0,Y,10/21/2021,11/01/2021,680,32.69644477649,-96.840208884885,Match,Exact
32048572138,YUSSUF A HUSSEIN,2008 HANAKOA FALLS DR,ANNA,TX,75409,43,IS,3,MENQALE HALAL SHOP,9751 WALNUT ST STE 112,DALLAS,TX,75243,57.0,445110.0,Y,11/06/2023,07/01/2021,681,,,No_Match,
32075575517,SAI AVA LAXMI INC,8550 PLANO RD STE 102,DALLAS,TX,75238,57,CT,1,BUY LOW BEER & WINE,8550 PLANO RD STE 102,DALLAS,TX,75238,57.0,445120.0,Y,08/29/2020,09/01/2020,682,32.864965739594,-96.700338238556,Match,Exact
13116785307,KROGER TEXAS L.P.,PO BOX 305103,NASHVILLE,TN,37230,0,PF,124,KROGER TEXAS L.P. #495,515 S MACARTHUR BLVD,IRVING,TX,75060,57.0,445110.0,Y,09/07/2012,01/01/2000,683,32.809579039591,-96.960067400538,Match,Exact
32089941879,SUSAN GLOBAL INC,3135 FLORENCE RD,SOUTHLAKE,TX,76092,220,CT,1,LONE STAR LIQUOR 1,2800 GLENWICK LN STE 100,IRVING,TX,75060,57.0,445310.0,Y,06/05/2023,08/01/2023,684,32.783561047345,-96.973244021013,Match,Exact
32034729338,"CARNICERIA LA PRIMERA, INC.",119 W KINGSLEY RD STE 121,GARLAND,TX,75041,57,CT,1,CARNICERIA Y TAQUERIA LA PRIMERA,119 W KINGSLEY RD STE 121,GARLAND,TX,75041,57.0,445210.0,Y,12/03/2009,02/13/2008,685,,,No_Match,
32071351111,FOSCHIA GROUP INC,520 W 6TH ST,IRVING,TX,75060,57,CT,1,MR. K FOOD MART,520 W 6TH ST,IRVING,TX,75060,57.0,445120.0,Y,06/30/2023,07/10/2023,686,32.808545968389,-96.952839425563,Match,Exact
32060022947,ELIZA LARA,3219 FOREST LN,GARLAND,TX,75042,57,IS,1,FRUTERIA MARANATHA,3219 FOREST LN,GARLAND,TX,75042,57.0,445292.0,Y,03/31/2016,01/01/2016,687,32.909351811202,-96.678728843369,Match,Exact
32067825862,SUCCESS GLOBAL INC,3135 FLORENCE RD,SOUTHLAKE,TX,76092,220,CT,1,OK FOOD MART 6,1227 MORRELL AVE,DALLAS,TX,75203,57.0,445120.0,Y,08/10/2018,10/01/2018,688,32.739171566589,-96.806177034893,Match,Exact
32034475981,KMH INVESTMENT CORP.,701 E CARTWRIGHT RD STE 123,MESQUITE,TX,75149,57,CT,1,MORNING TREAT DONUT,701 E CARTWRIGHT RD STE 123,MESQUITE,TX,75149,57.0,445291.0,Y,04/15/2008,03/12/2008,689,32.746749743351,-96.60654752774,Match,Non_Exact
32083634207,WTB RADIL LLC,4337 ARROYO DR,IRVING,TX,75063,57,CL,1,WE THE BEST FOODMART,1415 N DALLAS AVE,LANCASTER,TX,75134,57.0,445120.0,Y,03/30/2022,04/15/2022,690,32.605560952647,-96.759330173084,Match,Exact
32044372327,TRADER JOE'S EAST INC.,800 S SHAMROCK AVE,MONROVIA,CA,91016,0,CF,15,TRADER JOES #401,7939 WALNUT HILL LN,DALLAS,TX,75230,57.0,445110.0,Y,12/12/2013,03/01/2014,691,32.880201538427,-96.771570125095,Match,Exact
32068698060,OBS INC,300 TERRACE DR STE 310A,RICHARDSON,TX,75081,57,CT,2,STOP & GO,300 TERRACE DR STE 310A,RICHARDSON,TX,75081,57.0,445120.0,Y,06/24/2019,07/01/2019,692,,,No_Match,
30118888533,MEHDI CORPORATION,4123 W CLARENDON DR,DALLAS,TX,75211,57,CT,1,FRIENDLY FOOD STORE,4123 W CLARENDON DR,DALLAS,TX,75211,57.0,445120.0,Y,10/31/1996,10/01/1996,693,32.735041742948,-96.887607764382,Match,Exact
32034853492,AVIGNA INTERNATIONAL LLC,5427 N MACARTHUR BLVD,IRVING,TX,75038,57,CL,1,SARIGAMA INDIAN CAFE AND SUPERMARKET,5427 N MACARTHUR BLVD,IRVING,TX,75038,57.0,445110.0,Y,05/07/2008,04/14/2008,694,32.883748192234,-96.964268353231,Match,Exact
17606039679,"RANDALL'S BEVERAGE COMPANY, INC.",PO BOX 29096,PHOENIX,AZ,85038,0,CT,132,TOM THUMB #2590,4112 N JOSEY LANE,CARROLLTON,TX,75007,57.0,445110.0,Y,09/14/2004,09/01/2004,695,33.023169049452,-96.884753943599,Match,Exact
13116785307,KROGER TEXAS L.P.,PO BOX 305103,NASHVILLE,TN,37230,0,PF,186,KROGER TEXAS L.P. #577,7505 N MACARTHUR BLVD,IRVING,TX,75063,57.0,445110.0,Y,09/07/2012,09/01/2000,696,32.908434316479,-96.958877982148,Match,Exact
32053289776,JAY BHAVANI INC,12405 JUPITER RD,DALLAS,TX,75218,57,CT,1,KWIK WAY GROCERY,12405 JUPITER RD,DALLAS,TX,75218,57.0,445120.0,Y,03/11/2014,03/01/2014,697,32.863237064669,-96.683298989969,Match,Exact
32089335114,"YSI GROUP, INC.",2240 ROYAL LN STE 303,DALLAS,TX,75229,57,CT,1,NECIPE,2240 ROYAL LN STE 303,DALLAS,TX,75229,57.0,445110.0,Y,04/18/2023,06/15/2023,698,32.895431978345,-96.903751983955,Match,Exact
13116785307,KROGER TEXAS L.P.,PO BOX 305103,NASHVILLE,TN,37230,0,PF,253,KROGER TEXAS L.P. #587 & FUEL CENTER,3939 FRANKFORD RD,DALLAS,TX,75287,57.0,445110.0,Y,09/07/2012,09/15/2002,699,32.997093519648,-96.846657835968,Match,Exact
32055195518,"GEBA  GROUP, LLC.",2015 N MASTERS DR STE 260,DALLAS,TX,75217,57,CL,1,BRUTON FOOD MART,2015 N MASTERS DR STE 260,DALLAS,TX,75217,57.0,445120.0,Y,05/19/2015,08/01/2015,700,32.747862209756,-96.648437078709,Match,Exact
32037216788,TALEB CORPORATION,PO BOX 611,CEDAR HILL,TX,75106,57,CT,1,DOC'S MART,1030 N HIGHWAY 67 STE A,CEDAR HILL,TX,75104,57.0,445120.0,Y,06/23/2008,09/01/2008,701,32.607605340053,-96.927173625468,Match,Non_Exact
32056840815,GREAT DISCOUNT STORE INC,3250 W PLEASANT RUN RD STE 230,LANCASTER,TX,75146,57,CT,1,GREAT DISCOUNT,3250 W PLEASANT RUN RD STE 230,LANCASTER,TX,75146,57.0,445120.0,Y,05/26/2015,06/01/2015,702,32.604065178097,-96.820930002139,Match,Exact
32090069835,KC MIRAE INVESTMENT LLC,2053 LE MANS DR,CARROLLTON,TX,75006,57,CL,1,HESED DONUT,2780 ROYAL LN STE B,DALLAS,TX,75229,57.0,445291.0,Y,09/06/2025,09/05/2025,703,32.895026949095,-96.88384522872,Match,Non_Exact
32047945111,SEGHENEYTI CORPORATION,PO BOX 219088 ATTN: LICENSING,DALLAS,TX,75221,57,CT,1,7-ELEVEN CONVENIENCE STORE #35415A,15050 PRESTON RD,DALLAS,TX,75254,57.0,445120.0,Y,05/16/2012,06/01/2012,704,32.953381117435,-96.803738376524,Match,Exact
32094215855,SHINE GROCERY STORE LLC,4605 BLUE MESA LN,MESQUITE,TX,75150,57,CL,1,SHINE GROCERY STORE LLC,8361 PARK LN STE 100,DALLAS,TX,75231,57.0,445110.0,Y,03/22/2024,03/20/2024,705,32.871148586245,-96.761072703395,Match,Exact
32075575590,SAI KINGS MARKET INC,1007 W CAMP WISDOM RD,DALLAS,TX,75232,57,CT,1,KING MARKET #2 FOOD STORE,1007 W CAMP WISDOM RD,DALLAS,TX,75232,57.0,445120.0,Y,08/28/2020,09/01/2020,706,32.662273792711,-96.838408043308,Match,Exact
17418740332,"FIESTA MART, L.L.C.",600 CITADEL DR,COMMERCE,CA,90040,0,CL,143,FIESTA MART FUEL STATION #177,3434 WEBB CHAPEL EXT,DALLAS,TX,75220,57.0,445110.0,Y,04/19/2023,06/12/2023,707,32.865206491247,-96.86475514005,Match,Exact
32030251931,AJ WORLDWIDE INC,14821 INWOOD RD,ADDISON,TX,75001,57,CT,2,AMERICAN SPIRITS BEVERAGE CO,14821 INWOOD RD,ADDISON,TX,75001,57.0,445310.0,Y,04/16/2010,05/01/2010,708,32.949648334168,-96.829162036505,Match,Exact
32100221897,LYAN ASIAN MARKET LLC,3025 GLENBROOK DR,MIDLOTHIAN,TX,76065,70,CL,1,LYAN ASIAN MARKET & RESTAURANT,4425 W WALNUT ST STE 315,GARLAND,TX,75042,57.0,445110.0,Y,08/07/2025,10/13/2025,709,32.916699334743,-96.700618610669,Match,Exact
32087017771,HELLO YETI INC,126 E CENTERVILLE RD,GARLAND,TX,75041,57,CT,1,YETI FOOD MART,126 E CENTERVILLE RD,GARLAND,TX,75041,57.0,445120.0,Y,03/15/2023,04/01/2023,710,32.870045043776,-96.631770305246,Match,Non_Exact
32090509079,SUVAKAMANA.ALLIANCE LLC,3733 N TOWN EAST BLVD,MESQUITE,TX,75150,57,CL,1,HMS MART,3733 N TOWN EAST BLVD STE 100,MESQUITE,TX,75150,57.0,445120.0,Y,06/20/2024,07/01/2024,711,32.797215995848,-96.651884796838,Match,Exact
17508732769,RANDALL'S FOOD & DRUGS LP,PO BOX 29096 C/O MS 6531,PHOENIX,AZ,85038,0,PF,55,RANDALLS FOOD AND DRUG #1540,3757 FOREST LN,DALLAS,TX,75244,57.0,445110.0,Y,05/11/2001,05/02/2001,712,32.909710250613,-96.853306872022,Match,Exact
32041101943,BHOLE NATH CORPORATION,1031 E PLEASANT RUN RD,DESOTO,TX,75115,57,CT,1,DESOTO BEER & WINE,1031 E PLEASANT RUN RD,DESOTO,TX,75115,57.0,445310.0,Y,02/17/2010,02/01/2010,713,32.604405593258,-96.832413738373,Match,Exact
32099010558,SAI PARESH LLC,617 S BELT LINE RD,IRVING,TX,75060,57,CL,1,LAVANDERIA SUPER WASH & DRY,2726 W IRVING BLVD,IRVING,TX,75061,57.0,445120.0,Y,04/26/2025,05/01/2025,714,32.830316088253,-96.982461516695,Match,Exact
32090863971,PRISHA 5 LLC,228 ASPENWAY DR,COPPELL,TX,75019,57,CL,1,SIMPLY LIQUOR,5120 HIGHWAY 78 STE 500,SACHSE,TX,75048,57.0,445310.0,Y,08/09/2023,08/05/2023,715,32.969910954624,-96.605024750355,Match,Exact
13116785307,KROGER TEXAS L.P.,PO BOX 305103,NASHVILLE,TN,37230,0,PF,141,KROGER TEXAS L.P. #545,1001 N INTERSTATE 35 E STE 500,DESOTO,TX,75115,57.0,445110.0,Y,09/07/2012,01/01/2000,716,,,No_Match,
32087940758,ARI'S PANTRY LLC,111 N CLINTON AVE,DALLAS,TX,75208,57,CL,2,ARI'S PANTRY,3011 GULDEN LN STE 119,DALLAS,TX,75212,57.0,445110.0,Y,11/07/2024,11/14/2024,717,32.779507067053,-96.827775615014,Match,Exact
32019861270,JEFF M HOFFMAN,2211 COYOTE TRL,GRAND PRAIRIE,TX,75052,57,IS,1,AJ SNACKS,2211 COYOTE TRL,GRAND PRAIRIE,TX,75052,57.0,445299.0,Y,05/30/2006,06/15/2006,718,32.684699575183,-97.035082450749,Match,Exact
32065597760,TOGETHER BAKERY INC,5441 ALPHA RD,DALLAS,TX,75240,57,CT,2,SOONJA'S BAKERY,2330 ROYAL LN STE 700,DALLAS,TX,75229,57.0,445291.0,Y,02/21/2023,02/20/2023,719,,,No_Match,
32094761320,SAI PP LAXMI INC,4000 VISTA MAR DR,EULESS,TX,76040,220,CT,1,ASMARA GROCERY,5338 LINDSLEY AVE,DALLAS,TX,75223,57.0,445120.0,Y,06/18/2024,06/15/2024,720,32.793996409038,-96.753490387535,Match,Exact
32020223395,ALDI (TEXAS) L.L.C.,2500 WESTCOURT RD,DENTON,TX,76207,61,CL,17,ALDI (TEXAS) L.L.C. #42,4120 GASTON AVE,DALLAS,TX,75246,57.0,445110.0,Y,01/08/2010,04/01/2010,721,32.794046915288,-96.776621574031,Match,Exact
17527323749,"SANYA INVESTMENTS, INC.",1821 W TARRANT RD,GRAND PRAIRIE,TX,75050,57,CT,1,FINA MART,1821 W TARRANT RD,GRAND PRAIRIE,TX,75050,57.0,445110.0,Y,11/07/1997,11/15/1997,722,32.757007107763,-97.027141249536,Match,Exact
32071363835,GLEN BROS LLC,1456 BELT LINE RD STE 127,GARLAND,TX,75044,57,CL,1,GLEN BROS LLC,1456 BELT LINE RD STE 127,GARLAND,TX,75044,57.0,445120.0,Y,03/21/2025,09/07/2020,723,32.9449782237,-96.648930516624,Match,Exact
32101904137,ADIL AND NOSHEEN LLC,1901 N CENTRAL EXPY STE 410,RICHARDSON,TX,75080,57,CL,1,80 FOOD MART,2220 N TOWN EAST BLVD,MESQUITE,TX,75150,57.0,445120.0,Y,09/06/2025,09/05/2025,724,32.810757540711,-96.635193846557,Match,Exact
32066778864,JOSE A AGUILAR,10424 CHECOTA DR,DALLAS,TX,75217,57,IS,1,JOSE DALLAS PRODUCE,2015 CORINTH ST,DALLAS,TX,75215,57.0,445230.0,Y,04/09/2018,04/01/2018,725,32.771467838909,-96.782640756026,Match,Exact
32033790307,"DOYOUNG, INC.",1240 W BELT LINE RD STE D,DESOTO,TX,75115,57,CT,3,DESOTO DONUT & CAFE,1240 W BELT LINE RD STE D,DESOTO,TX,75115,57.0,445291.0,Y,01/22/2013,01/02/2013,726,32.589729007071,-96.889460383006,Match,Non_Exact
32044372327,TRADER JOE'S EAST INC.,800 S SHAMROCK AVE,MONROVIA,CA,91016,0,CF,5,TRADER JOE'S #403,2001 GREENVILLE AVE,DALLAS,TX,75206,57.0,445110.0,Y,12/28/2011,03/15/2012,727,32.814215560062,-96.770268072891,Match,Exact
32052646224,"SONHA, INC",3526 W WALNUT ST,GARLAND,TX,75042,57,CT,1,BALE CHANH GOC BAKERY,3526 W WALNUT ST,GARLAND,TX,75042,57.0,445291.0,Y,01/08/2014,01/01/2014,728,32.91710551695,-96.683571785216,Match,Exact
13116785307,KROGER TEXAS L.P.,PO BOX 305103,NASHVILLE,TN,37230,0,PF,251,KROGER TEXAS L.P. #893,1919 FAITHON LUCAS,MESQUITE,TX,75181,57.0,445110.0,Y,09/07/2012,07/01/2002,729,32.743808474595,-96.552529848427,Match,Non_Exact
17606039679,"RANDALL'S BEVERAGE COMPANY, INC.",PO BOX 29096,PHOENIX,AZ,85038,0,CT,64,TOM THUMB #2534,6333 E MOCKINGBIRD LN STE 301,DALLAS,TX,75214,57.0,445110.0,Y,05/21/1999,06/26/1999,730,32.836588453824,-96.754546076198,Match,Exact
13116785307,KROGER TEXAS L.P.,PO BOX 305103,NASHVILLE,TN,37230,0,PF,95,KROGER TEXAS L.P. #403,532 W I-30,GARLAND,TX,75043,57.0,445110.0,Y,09/07/2012,01/01/2000,731,32.839059684319,-96.596876670598,Match,Exact
17106365988,QUALITY LICENSING CORP.,508 SW 8TH ST,BENTONVILLE,AR,72712,0,CT,474,QUALITY LICENSING CORP. #789,200 US HIGHWAY 80 E,MESQUITE,TX,75149,57.0,445310.0,Y,05/26/2011,06/01/2011,732,32.790659483928,-96.599067507798,Match,Exact
32053215797,MAYKA CORPORATION,9621 BULL CREEK DR,PLANO,TX,75025,43,CT,1,7-SEVEN BEVERAGE STORE,9500 WEBB CHAPEL RD,DALLAS,TX,75220,57.0,445120.0,Y,07/02/2014,08/01/2014,733,32.86354827814,-96.860692526567,Match,Exact
32041556625,"CHARVEL ENTERPRISES, INC.",317 E PIONEER PKWY,GRAND PRAIRIE,TX,75051,57,CT,2,LA NUEVA PUNTADA #4,317 E PIONEER PKWY,GRAND PRAIRIE,TX,75051,57.0,445299.0,Y,09/13/2013,09/01/2013,734,,,No_Match,
32051784521,"HOODSONS ENTERPRISES, INC",8424 PRESTON RD,DALLAS,TX,75225,57,CT,2,FITZHUGH CHEVRON,4151 N CENTRAL EXPY,DALLAS,TX,75204,57.0,445120.0,Y,08/28/2013,09/01/2013,735,32.815147281072,-96.790167739145,Match,Exact
17106365988,QUALITY LICENSING CORP.,508 SW 8TH ST,BENTONVILLE,AR,72712,0,CT,451,QUALITY LICENSING CORP STORE#5042,12789 MIDWAY RD,DALLAS,TX,75244,57.0,445310.0,Y,10/26/2010,11/01/2010,736,32.921509729087,-96.838316675643,Match,Exact
32049088944,"SAI BHARI, INC",PO BOX 541895,GRAND PRAIRIE,TX,75054,57,CT,1,S & B STORE,9606 C F HAWN FWY,DALLAS,TX,75217,57.0,445120.0,Y,10/18/2012,10/01/2012,737,32.702690511737,-96.656177394021,Match,Exact
32068338501,"A&G A1 FOOD STORE, LLC",1325 BLACK WALNUT LN,ARLINGTON,TX,76005,220,CL,1,A1 FOOD STORE,2938 STOREY LN,DALLAS,TX,75220,57.0,445120.0,Y,10/13/2018,10/15/2018,738,32.861291711507,-96.876086480473,Match,Exact
13116785307,KROGER TEXAS L.P.,PO BOX 305103,NASHVILLE,TN,37230,0,PF,135,KROGER TEXAS L.P. #527,200 W CAMP WISDOM RD,DUNCANVILLE,TX,75116,57.0,445110.0,Y,09/07/2012,01/01/2000,739,32.661737620275,-96.909930621344,Match,Exact
32077122219,TMZ GROUP LLC,1237 SOUTHRIDGE CT STE 207,HURST,TX,76053,220,CL,1,STOP-N-GO GYROS,2460 LACY LN STE 110,CARROLLTON,TX,75006,57.0,445299.0,Y,01/05/2021,02/01/2021,740,32.920786824719,-96.927072721492,Match,Exact
32086156992,FOOD BASKET LLC,3540 SIMPSON STUART RD,DALLAS,TX,75241,57,CL,1,FOOD BASKET,3540 SIMPSON STUART RD,DALLAS,TX,75241,57.0,445110.0,Y,11/10/2022,12/15/2022,741,32.672984094862,-96.762037081141,Match,Exact
17518216993,"K&T ORIENTAL IMPORTS, INC.",809 NORTON DR,MESQUITE,TX,75149,57,CT,2,KAZY'S GOURMET SHOP,9256 MARKVILLE DR,DALLAS,TX,75243,57.0,445299.0,Y,06/27/1988,04/01/1988,742,32.913651835853,-96.740728054331,Match,Exact
32061154079,"CAKES & COOKIES BY DONNA, LLC",5006 PETERSBURG DR,ROWLETT,TX,75088,57,CL,1,"CAKES & COOKIES BY DONNA, LLC",5006 PETERSBURG DR,ROWLETT,TX,75088,57.0,445291.0,Y,10/13/2016,10/12/2016,743,32.884773028852,-96.55404475043,Match,Exact
32042920077,786 WALNUT HILL INC.,9811 WALNUT HILL LN,DALLAS,TX,75238,57,CT,1,EZTRIP FOOD STORE 13,9811 WALNUT HILL LN,DALLAS,TX,75238,57.0,445120.0,Y,11/01/2010,11/20/2010,744,,,No_Match,
17106365988,QUALITY LICENSING CORP.,508 SW 8TH ST,BENTONVILLE,AR,72712,0,CT,447,QUALITY LICENSING CORP STORE #2667,7401 SAMUELL BLVD,DALLAS,TX,75228,57.0,445310.0,Y,10/26/2010,11/01/2010,745,,,No_Match,
32035222390,GABON PROPERTIES LP,4429 STROMBOLI DR,PLANO,TX,75093,43,PL,1,GABON PROPERTIES LP,3107 S COCKRELL HILL RD,DALLAS,TX,75236,57.0,445110.0,Y,09/18/2012,09/01/2012,746,32.707772764074,-96.891539561348,Match,Exact
32045249300,"KEVIN ULRICH ENTERPRISES, LLC",502 SAGINAW CT,ALLEN,TX,75013,43,CL,1,UNCLE KEV'S,4141 OFFICE PKWY,DALLAS,TX,75204,57.0,445292.0,Y,01/06/2022,12/12/2011,747,32.804518823885,-96.788384183685,Match,Exact
17508732769,RANDALL'S FOOD & DRUGS LP,PO BOX 29096 C/O MS 6531,PHOENIX,AZ,85038,0,PF,268,TOM THUMB #4788,3400 N BELT LINE RD,SUNNYVALE,TX,75182,57.0,445110.0,Y,09/17/2025,12/12/2025,748,,,No_Match,
32091336241,RAMLA INC,905 PRAIRIE RIDGE LN,ARLINGTON,TX,76005,220,CT,1,RUBEN'S,2517 S BECKLEY AVE,DALLAS,TX,75224,57.0,445120.0,Y,01/30/2024,02/15/2024,749,32.717429407958,-96.822975982594,Match,Exact
32019089047,"SSS INTERNATIONAL, LLC",4150 KELLWAY CIR # A,ADDISON,TX,75001,57,CL,8,GROCERY SERVICES NORTH,1050 N WESTMORELAND RD STE 312,DALLAS,TX,75211,57.0,445120.0,Y,04/16/2021,04/13/2021,750,32.755021150879,-96.873966828844,Match,Exact
12033692349,THE COLE FOOD GROUP LTD CO.,PO BOX 600844,DALLAS,TX,75360,57,CL,1,THE CORNER MARKET,3426 GREENVILLE AVE,DALLAS,TX,75206,57.0,445110.0,Y,08/26/2005,11/01/2005,751,32.829315110757,-96.770113640651,Match,Exact
13116785307,KROGER TEXAS L.P.,PO BOX 305103,NASHVILLE,TN,37230,0,PF,21,KROGER TEXAS L.P. #209,525 N GALLOWAY AVE,MESQUITE,TX,75149,57.0,445110.0,Y,09/07/2012,01/01/2000,752,32.771036384068,-96.599227443755,Match,Exact
32096509388,"JJMG, LLC",1201 DRAGON DR,THE COLONY,TX,75056,61,CL,1,JJMG FOOD MART 24/7,4600 MALCOLM X BLVD,DALLAS,TX,75215,57.0,445120.0,Y,09/26/2024,10/01/2024,753,32.756618286788,-96.753563644816,Match,Exact
17106365988,QUALITY LICENSING CORP.,508 SW 8TH ST,BENTONVILLE,AR,72712,0,CT,618,QUALITY LICENSING CORP. #6851,6750 MURPHY RD,SACHSE,TX,75048,57.0,445310.0,Y,08/21/2014,11/20/2014,754,32.982621644074,-96.613331516806,Match,Exact
32060492108,THE MEAT SHOP LLC,2101 CEDAR SPRINGS RD STE 1600,DALLAS,TX,75201,57,CL,1,THE MEAT SHOP,4410 W LOVERS LN,DALLAS,TX,75209,57.0,445110.0,Y,09/17/2016,10/01/2016,755,32.85110695525,-96.834608568858,Match,Exact
32019089047,"SSS INTERNATIONAL, LLC",4150 KELLWAY CIR # A,ADDISON,TX,75001,57,CL,4,"SSS INTERNATIONAL, LLC",2145 CHENAULT DR STE 110,CARROLLTON,TX,75006,57.0,445120.0,Y,08/04/2017,07/01/2017,756,32.966955158923,-96.844979509536,Match,Exact
13116785307,KROGER TEXAS L.P.,PO BOX 305103,NASHVILLE,TN,37230,0,PF,127,KROGER TEXAS L.P. #511,10677 E NORTHWEST HWY STE 300,DALLAS,TX,75238,57.0,445110.0,Y,09/07/2012,01/01/2000,757,32.863539624254,-96.70098382187,Match,Non_Exact
32092155558,GORI KRISHNA INC,4000 VISTA MAR DR,EULESS,TX,76040,220,CT,1,SURE FUEL AND GROCERIES,7205 FERGUSON RD,DALLAS,TX,75228,57.0,445120.0,Y,11/07/2023,11/15/2023,758,32.795224055935,-96.722222589056,Match,Exact
30117630571,"G & G FOOD MART, INC.",2837 CROSSLANDS DR,GARLAND,TX,75040,57,CT,2,"G & G FOOD MART, INC.",1432 W BUCKINGHAM RD,GARLAND,TX,75042,57.0,445110.0,Y,01/27/2016,01/01/2015,759,32.93089523355,-96.648856307951,Match,Exact
32078638593,"VINODREW, LLC",2125 MONTALBA AVE,DALLAS,TX,75228,57,CL,1,TERROIR - A PLACE FOR WINE,9225 GARLAND RD STE 2120,DALLAS,TX,75218,57.0,445310.0,Y,01/01/2022,04/01/2022,760,32.831478465107,-96.705180370423,Match,Exact
17520937248,"HAI-TAK ENTERPRISES, INC.",6204 BEXAR ST,DALLAS,TX,75215,57,CT,1,BIG DADDY'S SUPERMARKET,6204 BEXAR ST,DALLAS,TX,75215,57.0,445110.0,Y,11/05/1986,11/20/1986,761,32.740944486527,-96.753362370927,Match,Exact
32062683902,"KIEST KWIK MART, LLC",PO BOX 29002,DALLAS,TX,75229,57,CL,1,KIEST SHELL,4411 W KIEST BLVD,DALLAS,TX,75236,57.0,445120.0,Y,02/16/2017,02/01/2017,762,32.705878928223,-96.891698519284,Match,Exact
32090440457,LADHA LEGACY INC,124 ANDREA CT,LEWISVILLE,TX,75067,61,CT,1,SOUTH GALLOWAY FOOD MART,828 S GALLOWAY AVE,MESQUITE,TX,75149,57.0,445120.0,Y,08/11/2023,09/01/2023,763,32.758275976592,-96.598540836064,Match,Exact
32054118404,OM ESHWOOR INC,3933 S COCKRELL HILL RD,DALLAS,TX,75236,57,CT,5,DALLAS NOVELTIES & BEAUTY SUPPLY,3937 S COCKRELL HILL RD,DALLAS,TX,75236,57.0,445120.0,Y,11/07/2024,12/01/2024,764,32.695204018762,-96.891538838896,Match,Exact
32081394895,SAI CLARENDON INC,7148 CHELSEA DR,N RICHLND HLS,TX,76180,220,CT,1,CLARENDON FOOD MART,1323 W CLARENDON DR,DALLAS,TX,75208,57.0,445120.0,Y,10/13/2021,10/13/2021,765,32.735268458205,-96.843124806206,Match,Exact
32098983490,BRETT'S BILTONG DTX LLC,47106 SE 129TH ST,NORTH BEND,WA,98045,0,CL,1,BRETT'S BILTONG DTX,6501 DALROCK RD STE 102,ROWLETT,TX,75089,57.0,445310.0,Y,04/01/2025,04/30/2025,766,32.91822906379,-96.517947078297,Match,Exact
32087457332,"KENJOR HOLDINGS, LLC",4510 COLLEGE PARK DR,DALLAS,TX,75229,57,CL,3,RHOMBUS WINES,1501 N PLANO RD STE 200,RICHARDSON,TX,75081,57.0,445310.0,Y,12/12/2024,10/01/2024,767,32.965998772898,-96.699997975998,Match,Exact
17516996307,"MUSKET OF TEXAS, INC.",PO BOX 26210,OKLAHOMA CITY,OK,73126,0,CT,35,LOVES'S TRAVEL STOP #331,2500 S INTERSTATE 45 SERVICE RD,HUTCHINS,TX,75141,57.0,445310.0,Y,01/23/2009,03/01/2009,768,32.623892286716,-96.694616623658,Match,Exact
32078793448,"HIGH OCTANE JOE'S, LLC",8343 DOUGLAS AVE STE 350,DALLAS,TX,75225,57,CL,3,"HIGH OCTANE JOE'S, LLC #51",2830 S HIGHWAY 161,GRAND PRAIRIE,TX,75052,57.0,445299.0,Y,12/10/2024,11/01/2024,769,32.704078997631,-97.02408939836,Match,Non_Exact
17527658086,"BIG TEX MINI MART, INC.",3065 N JOSEY LN STE 1,CARROLLTON,TX,75007,61,CT,3,MESQUITE VAPES,714 N GALLOWAY AVE,MESQUITE,TX,75149,57.0,445120.0,Y,09/29/2016,10/03/2016,770,32.773136377698,-96.598988400502,Match,Exact
32015006805,ARFA BUSINESS INC.,6130 BERKSHIRE LN,DALLAS,TX,75225,57,CT,2,MARBLE SLAB CREAMERY #133,374 E FM 1382,CEDAR HILL,TX,75104,57.0,445299.0,Y,04/30/2009,05/01/2009,771,32.5930578531,-96.937964842506,Match,Exact
13116785307,KROGER TEXAS L.P.,PO BOX 305103,NASHVILLE,TN,37230,0,PF,460,KROGER # 870 FUEL CENTER,3772 BELT LINE RD,ADDISON,TX,75001,57.0,445110.0,Y,03/07/2017,07/01/2017,772,32.953031936806,-96.852588374529,Match,Exact
17520006135,"JIMMY'S FOOD STORE, INC.",4901 BRYAN ST C/O MIKE,DALLAS,TX,75206,57,CT,1,"JIMMY'S FOOD STORE, INC.",4901 BRYAN ST,DALLAS,TX,75206,57.0,445110.0,Y,01/10/1985,11/01/1984,773,32.80386926439,-96.773547768294,Match,Exact
32071162047,SUBHA GLOBAL INC,3135 FLORENCE RD,SOUTHLAKE,TX,76092,220,CT,1,OK FOOD MART 8,4328 S MARSALIS AVE,DALLAS,TX,75216,57.0,445120.0,Y,07/19/2019,09/01/2019,774,32.69168405853,-96.814620949635,Match,Exact
32079560911,SHRI LBJ INC,7104 ARCHES AVE,IRVING,TX,75063,57,CT,1,AK C-STORE,7995 LYNDON B JOHNSON FWY STE 110,DALLAS,TX,75251,57.0,445120.0,Y,06/11/2021,07/01/2021,775,32.924950646884,-96.76984406287,Match,Exact
32058368088,"SAVGUSTO, L.L.C.",PO BOX 177307,IRVING,TX,75017,57,CL,1,SAVERS COST PLUS #5250,1610 S WESTMORELAND RD,DALLAS,TX,75211,57.0,445110.0,Y,11/03/2016,11/30/2016,776,32.728142975421,-96.874159915506,Match,Exact
32066701213,VIR SINGH LLC,1106 TWILIGHT DR,LEWISVILLE,TX,75056,61,CL,1,7-ELEVEN CONVENIENCE STORE #38249A,14054 N STEMMONS FWY,FARMERS BRANCH,TX,75234,57.0,445110.0,Y,04/26/2018,05/01/2018,777,32.937071512829,-96.901880339631,Match,Exact
17527223337,"GLOCO ENTERPRISES, INC.",8520 MILL CREEK RD,IRVING,TX,75063,57,CT,4,PADDY'S SHELL,1600 S INTERSTATE 35E,CARROLLTON,TX,75006,57.0,445120.0,Y,07/17/2008,07/18/2008,778,32.946755995423,-96.906424046327,Match,Exact
16114873918,"CAMP VENTURES, INC.",1205 W TRINITY MILLS RD STE 112,CARROLLTON,TX,75006,57,CT,1,AL MARKAZ,1205 W TRINITY MILLS RD STE 112,CARROLLTON,TX,75006,57.0,445110.0,Y,10/13/2005,11/01/2005,779,32.982722604005,-96.915557184984,Match,Exact
32019089047,"SSS INTERNATIONAL, LLC",4150 KELLWAY CIR # A,ADDISON,TX,75001,57,CL,12,GROCERY SERVICES NORTH #9,2851 DAIRY RD STE B,GARLAND,TX,75041,57.0,445120.0,Y,04/16/2021,04/13/2021,780,32.882179071754,-96.622251740346,Match,Non_Exact
32051944471,"SNAP KITCHEN DALLAS, LLC",PO BOX 340820,AUSTIN,TX,78734,227,CL,6,SNAP KITCHEN #28,4941 BELT LINE RD,DALLAS,TX,75254,57.0,445299.0,Y,12/05/2014,12/20/2014,781,,,No_Match,
13116785307,KROGER TEXAS L.P.,PO BOX 305103,NASHVILLE,TN,37230,0,PF,257,KROGER TEXAS L.P. #870,3770 BELT LINE RD,ADDISON,TX,75001,57.0,445110.0,Y,09/07/2012,04/15/2003,782,32.95303193681,-96.852670731628,Match,Exact
32087599984,JORGE CERVANTES,7510 E GRAND AVE APT 3116,DALLAS,TX,75214,57,IS,1,JC PRODUCE,7510 E GRAND AVE APT 3214,DALLAS,TX,75214,57.0,445230.0,Y,11/27/2023,01/01/2022,783,32.809640733922,-96.730797394808,Match,Exact
32053787027,SIRAN INVESTMENT INC.,4453 YOUNG DR,CARROLLTON,TX,75010,61,CT,1,SEAGOVILLE FOOD MART #6,2817 N HIGHWAY 175,SEAGOVILLE,TX,75159,57.0,445120.0,Y,08/31/2015,10/01/2015,784,32.667176822525,-96.584106464139,Match,Exact
32087864719,BORRACHO MICHE MIX LLC,3105 LOMITA DR STE 107B,LANCASTER,TX,75146,57,CL,1,BORRACHO MICHE MIX,3105 LOMITA DR STE 107B,LANCASTER,TX,75146,57.0,445299.0,Y,01/18/2023,01/01/2023,785,32.567884175363,-96.821975521454,Match,Exact
32086790790,"TRUE RESIDENT CONCEPTS, LLC",13050 BEE ST STE 100,FARMERS BRNCH,TX,75234,57,CL,2,LOCALS CRAFT BEER AND FINE WINE,13050 BEE ST STE 100,FARMERS BRANCH,TX,75234,57.0,445310.0,Y,02/17/2023,05/01/2023,786,32.923134073251,-96.895707207338,Match,Exact
13200217092,"GA MEAT MARKET, LTD.",PO BOX 55009,HOUSTON,TX,77255,101,PL,1,LA MICHOACANA MEAT MARKET DALLAS # 13,800 W JEFFERSON BLVD,DALLAS,TX,75208,57.0,445110.0,Y,07/11/2002,08/01/2002,787,32.743089649063,-96.835835878867,Match,Exact
32050882938,YSK INC,1111 W MOCKINGBIRD LN STE 930,DALLAS,TX,75247,57,CT,1,CHEAP RIVER LIQUOR,254 S RIVERFRONT BLVD,DALLAS,TX,75207,57.0,445310.0,Y,05/13/2013,06/01/2013,788,,,No_Match,
32004534213,ALI S GANJI,2810 SAMUELL BLVD STE A,DALLAS,TX,75223,57,IS,3,BEVERAGE DEPOT,6575 E NORTHWEST HWY,DALLAS,TX,75231,57.0,445310.0,Y,08/20/2013,09/01/2013,789,32.865792542058,-96.792595340686,Match,Non_Exact
32036566084,"KILLARNEY ENTERPRISES, LLC",4855 N CENTRAL EXPY,DALLAS,TX,75205,57,CL,1,MONTICELLO BEER WINE AND SPIRIT,4855 N CENTRAL EXPY,DALLAS,TX,75205,57.0,445310.0,Y,03/06/2009,06/01/2008,790,32.825954726336,-96.784589689012,Match,Exact
17106365988,QUALITY LICENSING CORP.,508 SW 8TH ST,BENTONVILLE,AR,72712,0,CT,538,QUALITY LICENSING CORP. #3014,200 SHORT BLVD,DALLAS,TX,75232,57.0,445310.0,Y,06/24/2013,07/01/2013,791,32.685776771644,-96.824396463864,Match,Exact
32042361298,"RAPIDO ICE, LLC",138 KING ANDREW CT,SCROGGINS,TX,75480,80,CL,2,"RAPIDO ICE, LLC",14500 JOSEY LN STE 105,FARMERS BRANCH,TX,75234,57.0,445299.0,Y,05/08/2012,03/01/2011,792,32.944190972977,-96.890229007546,Match,Exact
17526251248,SHORT BIT & TOOL CO.,225 GOLD ST,GARLAND,TX,75042,57,CT,2,SHORT BIT & TOOL COMPANY,225 GOLD ST,GARLAND,TX,75042,57.0,445110.0,Y,07/07/2000,06/01/2000,793,32.911924865222,-96.659671129297,Match,Exact
13116785307,KROGER TEXAS L.P.,PO BOX 305103,NASHVILLE,TN,37230,0,PF,131,KROGER TEXAS L.P. #518,5665 E MOCKINGBIRD LN,DALLAS,TX,75206,57.0,445110.0,Y,09/07/2012,01/01/2000,794,,,No_Match,
32007631883,AUNDRAE D WHITE,9255 S CENTRAL EXPY,DALLAS,TX,75241,57,IS,9,BLUE DRAGON EVENT CENTER,9255 S CENTRAL EXPY,DALLAS,TX,75241,57.0,445120.0,Y,09/17/2025,06/09/2016,795,32.686753209431,-96.737066341172,Match,Non_Exact
32049305306,PAMELA GONZALEZ,338 AVENUE G,DALLAS,TX,75203,57,IS,2,DELANEYS STORE,338 AVENUE G,DALLAS,TX,75203,57.0,445292.0,Y,01/03/2014,01/01/2014,796,32.745733437526,-96.793083367597,Match,Exact
32049618625,"1 STAR BEVERAGE, INC",4453 YOUNG DR,CARROLLTON,TX,75010,61,CT,1,1 STAR BEVERAGE,510 N PLANO RD,GARLAND,TX,75042,57.0,445120.0,Y,12/06/2012,01/01/2013,797,,,No_Match,
13116785307,KROGER TEXAS L.P.,PO BOX 305103,NASHVILLE,TN,37230,0,PF,23,KROGER TEXAS L.P. #213,752 WYNNEWOOD VILLAGE SC,DALLAS,TX,75224,57.0,445110.0,Y,09/07/2012,01/01/2000,798,,,Tie,
32098097036,ZAVLON SOLIS,4108 KERNACK ST,DALLAS,TX,75211,57,IS,1,S.Z.S PRODUCE,3308 FORT WORTH AVE,DALLAS,TX,75211,57.0,445230.0,Y,09/19/2025,01/01/2025,799,,,No_Match,
32044643420,PBB INC,2402 N FITZHUGH AVE,DALLAS,TX,75204,57,CT,1,S & S FOOD,2402 N FITZHUGH AVE,DALLAS,TX,75204,57.0,445120.0,Y,08/04/2011,09/01/2011,800,32.811338118995,-96.782184258979,Match,Exact
32097706025,MAX LIQUOR LLC,3032 AL LIPSCOMB WAY,DALLAS,TX,75215,57,CL,2,MAX LIQUOR LLC,3032 AL LIPSCOMB WAY,DALLAS,TX,75215,57.0,445310.0,Y,07/17/2025,07/01/2025,801,,,No_Match,
32097706025,MAX LIQUOR LLC,3032 AL LIPSCOMB WAY,DALLAS,TX,75215,57,CL,1,GRAND LIQUOR,501 WARREN DR,GARLAND,TX,75042,57.0,445310.0,Y,12/05/2024,01/01/2025,802,32.916597306437,-96.677800012646,Match,Exact
32043488215,"SSS, INC.",2401 SALMON RUN LN,EULESS,TX,76039,220,CT,1,SAM FOOD AND BEER,2802 ROYAL LN STE 101,DALLAS,TX,75229,57.0,445120.0,Y,02/22/2011,02/25/2011,803,32.895017949048,-96.882729889521,Match,Exact
17606039679,"RANDALL'S BEVERAGE COMPANY, INC.",PO BOX 29096,PHOENIX,AZ,85038,0,CT,154,TOM THUMB #3623,210 E PLEASANT RUN RD,DESOTO,TX,75115,57.0,445110.0,Y,10/28/2009,12/01/2009,804,32.604029028086,-96.85622816656,Match,Exact
32015385738,W.B.S. U.S.A. INC.,2203 GREENVILLE AVE,DALLAS,TX,75206,57,CT,2,CORNER STOP #2,3005 APOLLO RD,GARLAND,TX,75044,57.0,445310.0,Y,04/13/2010,06/01/2010,805,32.951517520734,-96.674144996328,Match,Non_Exact
17508732769,RANDALL'S FOOD & DRUGS LP,PO BOX 29096 C/O MS 6531,PHOENIX,AZ,85038,0,PF,92,RANDALL'S FOOD AND DRUGS #2590,4112 N JOSEY,CARROLLTON,TX,75007,57.0,445110.0,Y,05/15/2001,05/02/2001,806,33.023169049452,-96.884753943599,Match,Non_Exact
32066213664,NO REGULAR DEGULAR LLC,1114 TWILIGHT DR,LEWISVILLE,TX,75056,61,CL,2,A K C MART,2202 HEADS LN STE 100,CARROLLTON,TX,75006,57.0,445120.0,Y,04/22/2022,05/15/2022,807,32.971975887614,-96.873157920216,Match,Exact
32071563749,AA RAM INC,201 SHADYBROOK DR,WYLIE,TX,75098,43,CT,1,RIDGEVIEW FOOD MART,1012 RIDGEVIEW ST STE 107,MESQUITE,TX,75149,57.0,445120.0,Y,08/10/2019,08/09/2019,808,32.780458032348,-96.623008952566,Match,Exact
32079358712,JEGRAKY LLC,7002 WAX BERRY DR,DALLAS,TX,75249,57,CL,1,JEGRAKY LLC,7002 WAX BERRY DR,DALLAS,TX,75249,57.0,445299.0,Y,12/28/2023,05/27/2021,809,32.6350170008,-96.943764080873,Match,Exact
32057420732,"DIAMONDSTAR DM, LLC.",211 W GRUBB DR,MESQUITE,TX,75149,57,CL,2,DAIRY MART,211 W GRUBB DR,MESQUITE,TX,75149,57.0,445120.0,Y,10/02/2024,10/15/2024,810,32.775414550901,-96.600528881384,Match,Exact
17508732769,RANDALL'S FOOD & DRUGS LP,PO BOX 29096 C/O MS 6531,PHOENIX,AZ,85038,0,PF,87,RANDALL'S FOOD & DRUGS #3650,14999 PRESTON RD,DALLAS,TX,75240,57.0,445110.0,Y,05/15/2001,05/02/2001,811,32.95362439182,-96.804171271215,Match,Non_Exact
32050053142,"NS & JZ ENTERPRISES, LLC.",304 SALSBURY DR,EULESS,TX,76040,220,CL,1,FAMILY STOP FOOD STORE # 2,901 RODEO CENTER BLVD,MESQUITE,TX,75149,57.0,445120.0,Y,02/05/2013,04/23/2013,812,32.75684073279,-96.622602375367,Match,Exact
32066746739,DRIP N ROLL LLC,7606 MEADOWKNOLL DR,SACHSE,TX,75048,43,CL,3,DRIP N ROLL LLC,6501 DALROCK RD STE 104,ROWLETT,TX,75089,57.0,445299.0,Y,11/07/2024,11/11/2024,813,32.91822906379,-96.517947078297,Match,Exact
32039958890,"RYEZIN ENTERPRISES,  INC.",1016 MURDOCK RD,DALLAS,TX,75217,57,CT,1,HILDA'S GROCERY,1016 MURDOCK RD,DALLAS,TX,75217,57.0,445110.0,Y,07/27/2009,08/01/2009,814,32.701091766327,-96.682821451498,Match,Exact
32101871302,PULLUP MARKET LLC,101 S WALTON ST STE 215,DALLAS,TX,75226,57,CL,1,PULLUP MARKET LLC,101 S WALTON ST STE 215,DALLAS,TX,75226,57.0,445120.0,Y,09/19/2025,10/01/2025,815,32.784424738339,-96.780609757078,Match,Exact
32043334369,KOPILA INVESTMENTS INC,7025 ARCHES AVE,IRVING,TX,75063,57,CT,4,SIA FOOD MART,1919 W SCYENE RD,MESQUITE,TX,75149,57.0,445120.0,Y,03/15/2016,05/01/2016,816,,,No_Match,
32050271850,"JENNA & JESSE, INC",2681 MACARTHUR BLVD STE 207,LEWISVILLE,TX,75067,61,CT,3,COIT DONUT,13015 COIT RD STE C,DALLAS,TX,75240,57.0,445291.0,Y,11/12/2022,11/01/2022,817,32.925229150861,-96.769339834512,Match,Non_Exact
17513185730,"GOODY GOODY LIQUOR, INC.",10370 OLYMPIC DR,DALLAS,TX,75220,57,CT,36,GOODY GOODY LIQUOR,10370 OLYMPIC DR STE A,DALLAS,TX,75220,57.0,445310.0,Y,08/25/2008,11/01/2008,818,32.864513825003,-96.886445391509,Match,Non_Exact
32006361086,CATHERINE F OGIDAN,1700 GREENBEND DR,ARLINGTON,TX,76018,220,IS,2,HOPE & FAITH INTERNATIONAL MARKET,2425 SOUTHWELL RD,DALLAS,TX,75229,57.0,445299.0,Y,03/03/2010,03/03/2010,819,32.886345100355,-96.896569679564,Match,Exact
32102063669,ARMANDO LEE SUMANO,1222 DONCASTER ST,IRVING,TX,75062,57,IS,1,NEIGHBORHOOD NEWS,3880 IRVING MALL # 3851,IRVING,TX,75062,57.0,445120.0,Y,09/15/2025,09/01/2025,820,32.840997787856,-96.994366140852,Match,Exact
32097194982,"SP IR LIQUORLAND INVESTMENTS, LLC",5744 DUNRAVEN TRL,FORT WORTH,TX,76244,220,CL,1,LIQUORLAND,2660 N BELT LINE RD,IRVING,TX,75062,57.0,445310.0,Y,10/23/2024,01/01/2025,821,32.842841105998,-96.992350178421,Match,Exact
17430106587,"HEB BEVERAGE COMPANY, LLC",PO BOX 839999,SAN ANTONIO,TX,78283,15,CL,410,HEB CENTRAL MARKET #653,10720 PRESTON RD STE 1018,DALLAS,TX,75230,57.0,445310.0,Y,07/25/2011,10/14/2011,822,32.895193972207,-96.803845948723,Match,Exact
32033309694,"BODEGA WINE BAR, INC",10025 TRAILPINE DR,DALLAS,TX,75238,57,CT,1,BODEGA WINE BAR,6434 E MOCKINGBIRD LN STE 109,DALLAS,TX,75214,57.0,445310.0,Y,10/27/2014,12/01/2014,823,32.836356119451,-96.752178096403,Match,Non_Exact
12014876978,"LMMM DALLAS #23, LTD.",8845 LONG POINT RD STE A,HOUSTON,TX,77055,101,PL,2,LA MICHOACANA MEAT MARKET DALLAS #23,2114 W KINGSLEY RD,GARLAND,TX,75041,57.0,445210.0,Y,08/08/2011,08/08/2011,824,32.878749272816,-96.658428238015,Match,Exact
12033306528,"F & G VENTURES, INC.",3805 W WALNUT ST,GARLAND,TX,75042,57,CT,1,1 STOP FOOD STORE,3805 W WALNUT ST,GARLAND,TX,75042,57.0,445120.0,Y,08/19/2005,09/01/2005,825,32.916859534223,-96.68914568013,Match,Exact
32020788058,GUANACO INC.,1718 S 1ST ST,GARLAND,TX,75040,57,CT,1,SUPER GUANACO EXPRESS,2309 GUS THOMASSON RD,DALLAS,TX,75228,57.0,445110.0,Y,03/22/2007,04/01/2007,826,,,No_Match,
32075214810,JAI BAGMATI LLC,910 S HAMPTON RD STE D,DALLAS,TX,75208,57,CL,1,ONE STOP C STORE,910 S HAMPTON RD STE D,DALLAS,TX,75208,57.0,445120.0,Y,09/01/2020,09/01/2020,827,32.736972506073,-96.856606834099,Match,Non_Exact
12606210263,SONORA FOODS LLC,2501 E GUASTI RD,ONTARIO,CA,91761,0,CL,1,EL RANCHO #14,14211 COIT RD,DALLAS,TX,75254,57.0,445110.0,Y,11/07/2007,12/01/2007,828,32.937843369539,-96.769077742173,Match,Exact
17606039679,"RANDALL'S BEVERAGE COMPANY, INC.",PO BOX 29096,PHOENIX,AZ,85038,0,CT,174,RANDALL'S #2503,4001 VILLANOVA ST,DALLAS,TX,75225,57.0,445110.0,Y,01/18/2011,01/17/2011,829,32.864299520573,-96.801895134454,Match,Exact
17606039679,"RANDALL'S BEVERAGE COMPANY, INC.",PO BOX 29096,PHOENIX,AZ,85038,0,CT,78,SIMON DAVID #3608,7700 W NORTHWEST HWY STE 100,DALLAS,TX,75225,57.0,445110.0,Y,05/21/1999,06/26/1999,830,32.865343307094,-96.77425777642,Match,Exact
32088160273,MUNDOS ICE LLC,919 LUCILLE ST,IRVING,TX,75060,57,CL,1,MUNDOS ICE LLC,919 LUCILLE ST,IRVING,TX,75060,57.0,445299.0,Y,04/23/2024,05/01/2024,831,32.804817742109,-96.94041613794,Match,Exact
13116785307,KROGER TEXAS L.P.,PO BOX 305103,NASHVILLE,TN,37230,0,PF,206,KROGER TEXAS L.P. #588,9140 FOREST LN,DALLAS,TX,75243,57.0,445110.0,Y,09/07/2012,01/01/2002,832,32.909039940362,-96.743360994655,Match,Exact
13116785307,KROGER TEXAS L.P.,PO BOX 305103,NASHVILLE,TN,37230,0,PF,136,KROGER TEXAS L.P. #528,4142 CEDAR SPRINGS RD,DALLAS,TX,75219,57.0,445110.0,Y,09/07/2012,01/01/2000,833,32.81227315672,-96.812726494962,Match,Exact
32076213373,"FRUTERIA CANO, LLC",2447 GUS THOMASSON RD,DALLAS,TX,75228,57,CL,12,FRUTERIA CANO,723 S BEACON ST,DALLAS,TX,75223,57.0,445230.0,Y,04/16/2021,04/01/2021,834,32.797141347515,-96.751365498037,Match,Exact
32065333976,CECILIA PARRA LOZADA,102 E GRAUWYLER RD,IRVING,TX,75061,57,IS,3,FRUTERIA Y PALETERIA LAS PINAS LOCAS,2410 DUNCANVILLE RD STE 110,DALLAS,TX,75211,57.0,445230.0,Y,10/01/2024,07/01/2024,835,32.718525567208,-96.908450350169,Match,Exact
32096972586,SKVH LLC,4158 AUDUBON LN,IRVING,TX,75063,57,CL,1,AMIGOS FOOD MART,2520 W IRVING BLVD STE 120,IRVING,TX,75061,57.0,445120.0,Y,10/02/2024,10/01/2024,836,32.828468919999,-96.977536559599,Match,Exact
17528400801,MONTERREY INC.,300 E JEFFERSON BLVD,DALLAS,TX,75203,57,CT,1,MONTERREY INC,300 E JEFFERSON,DALLAS,TX,75203,57.0,445110.0,Y,01/11/2001,01/01/2001,837,32.744702992482,-96.820359617067,Match,Non_Exact
32091025851,D AND M PARTNERS TEXAS LLC,1433 S BELT LINE RD STE 110,MESQUITE,TX,75149,57,CL,3,80 FOOD MART,2220 N TOWN EAST BLVD,MESQUITE,TX,75150,57.0,445120.0,Y,05/21/2024,06/01/2024,838,32.810757540711,-96.635193846557,Match,Exact
32049788808,"MINHWA, INC.",2216 ROYAL LN STE 100,DALLAS,TX,75229,57,CT,1,O DONUTS,311 E CAMP WISDOM RD,DUNCANVILLE,TX,75116,57.0,445291.0,Y,02/13/2013,01/01/2013,839,32.662024550084,-96.902620885626,Match,Exact
13116785307,KROGER TEXAS L.P.,PO BOX 305103,NASHVILLE,TN,37230,0,PF,330,KROGER STORE #529,4241 CAPITOL AVE,DALLAS,TX,75204,57.0,445110.0,Y,09/17/2012,11/02/2012,840,32.80619909738,-96.788482290708,Match,Exact
13116785307,KROGER TEXAS L.P.,PO BOX 305103,NASHVILLE,TN,37230,0,PF,262,KROGER TEXAS L.P. #461 & FUEL CENTER,5190 HIGHWAY 78,SACHSE,TX,75048,57.0,445110.0,Y,09/07/2012,06/11/2003,841,32.970526697698,-96.604063955657,Match,Exact
32076281172,CANDY DISTRIBUTION LLC,1209 HIGHLAND CREEK CIR,GARLAND,TX,75040,57,CL,1,MEXICAN FOOD MART,2218 S JUPITER RD STE 106,GARLAND,TX,75041,57.0,445120.0,Y,05/01/2021,05/03/2021,842,,,No_Match,
32036711888,YOGILICIOUS LLC,3000 BLACKBURN ST STE 160,DALLAS,TX,75204,57,CL,3,YUMILICIOUS,3000 BLACKBURN ST STE 160,DALLAS,TX,75204,57.0,445299.0,Y,10/15/2008,10/01/2008,843,32.808021747518,-96.794821472392,Match,Exact
32015805693,"JPKW, LLC",7116 VIVIAN AVE,DALLAS,TX,75223,57,CL,1,SHIPLEY DONUTS JKW,10332 FERGUSON RD,DALLAS,TX,75228,57.0,445000.0,Y,09/30/2004,10/01/2004,844,32.836956086555,-96.670988709378,Match,Exact
32019089047,"SSS INTERNATIONAL, LLC",4150 KELLWAY CIR # A,ADDISON,TX,75001,57,CL,17,"SSS INTERNATIONAL, LLC",4150 KELLWAY CIR,ADDISON,TX,75001,57.0,445120.0,Y,06/27/2023,06/15/2023,845,32.972242129071,-96.841204039834,Match,Exact
17106365988,QUALITY LICENSING CORP.,508 SW 8TH ST,BENTONVILLE,AR,72712,0,CT,573,QUALITY LICENSING CORP. STORE #5810,7075 W WHEATLAND RD,DALLAS,TX,75249,57.0,445310.0,Y,01/22/2014,05/01/2014,846,32.647251507892,-96.946057358498,Match,Exact
32073748843,JASWANTH BAIKAN,265 MICHELLE DR,GRAND PRAIRIE,TX,75051,57,IS,1,FRIENDS LIQUOR,210 SW 2ND ST STE 250,GRAND PRAIRIE,TX,75051,57.0,445310.0,Y,03/18/2020,05/17/2020,847,32.744219911408,-97.004948356773,Match,Exact
13116785307,KROGER TEXAS L.P.,PO BOX 305103,NASHVILLE,TN,37230,0,PF,107,KROGER TEXAS L.P. #436,235 E FM 1382,CEDAR HILL,TX,75104,57.0,445110.0,Y,09/07/2012,01/01/2000,848,32.59811379735,-96.941764302825,Match,Exact
13116785307,KROGER TEXAS L.P.,PO BOX 305103,NASHVILLE,TN,37230,0,PF,15,KROGER TEXAS L.P. #191,313 W PIONEER PKWY,GRAND PRAIRIE,TX,75051,57.0,445110.0,Y,09/07/2012,01/01/2000,849,,,No_Match,
32099402441,MARYAM KHOSRAVIPOUR,4726 CORNELL DR,GARLAND,TX,75042,57,IS,1,1358 BAKERY,4726 CORNELL DR,GARLAND,TX,75042,57.0,445291.0,Y,03/27/2025,04/01/2025,850,32.921537469264,-96.703955616551,Match,Exact
32007631883,AUNDRAE D WHITE,9255 S CENTRAL EXPY,DALLAS,TX,75241,57,IS,8,"WHITES ONE STOP CONVENIENCE STORE, AUTO SALES & MA",9281 S CENTRAL EXPY,DALLAS,TX,75241,57.0,445120.0,Y,09/17/2025,06/01/2016,851,32.686351683464,-96.736814116839,Match,Non_Exact
32055183266,"SWEET PEA SPICE, LLC",17227 MARIANNE CIR,DALLAS,TX,75252,57,CL,1,SWEET PEA SPICE,17227 MARIANNE CIR,DALLAS,TX,75252,57.0,445299.0,Y,07/22/2015,07/15/2015,852,32.985617175415,-96.800053947698,Match,Exact
13116785307,KROGER TEXAS L.P.,PO BOX 305103,NASHVILLE,TN,37230,0,PF,250,KROGER TEXAS L.P. #559,1406 W WALNUT ST,GARLAND,TX,75042,57.0,445110.0,Y,09/07/2012,07/15/2002,853,32.916187330075,-96.648583214052,Match,Exact
32016103627,VP FUEL MART  INC,2052 FORT WORTH AVE,DALLAS,TX,75208,57,CT,9,24 SEVEN MART #25,5909 S HAMPTON RD,DALLAS,TX,75232,57.0,445120.0,Y,03/25/2025,04/01/2025,854,,,No_Match,
32070722247,GEORGE THE ROMAN INC,2236 CONDOR ST,GRAND PRAIRIE,TX,75052,220,CT,2,SAFARI MEDITERRANEAN MARKET,7501 LAKE RIDGE PKWY,GRAND PRAIRIE,TX,75054,57.0,445110.0,Y,03/27/2025,06/01/2025,855,,,No_Match,
32097005964,YADAV BROTHERS LLC,1420 W 6TH ST,IRVING,TX,75060,57,CL,2,DELIGHT FOOD MART,1420 W 6TH ST,IRVING,TX,75060,57.0,445120.0,Y,03/26/2025,04/15/2025,856,32.808602324471,-96.962540601106,Match,Exact
13116785307,KROGER TEXAS L.P.,PO BOX 305103,NASHVILLE,TN,37230,0,PF,473,KROGER FUEL CENTER #527,203 W CAMP WISDOM RD,DUNCANVILLE,TX,75116,57.0,445110.0,Y,08/23/2017,07/01/2017,857,32.661985675083,-96.90857968972,Match,Exact
32079686872,SAI KRISHNA PRABIN INC,2413 TOP RAIL LN,SOUTHLAKE,TX,76092,220,CT,1,MS FOOD MART,4323 W ILLINOIS AVE STE 104,DALLAS,TX,75211,57.0,445120.0,Y,06/23/2021,07/01/2021,858,32.720496073165,-96.89068439855,Match,Exact
32019247322,MEH-GUL BUSINESS INCORPORATED,12400 COIT RD STE 130,DALLAS,TX,75251,57,CT,1,WINSTON SUNDRY SHOP/MEHDI MOHAMMED,12400 COIT RD STE 130,DALLAS,TX,75251,57.0,445120.0,Y,05/10/2006,05/01/2006,859,32.913591972519,-96.769235856675,Match,Exact
32054467447,"SAMMIE LEE, LLC",7777 FOREST LN BLDG C-A92,DALLAS,TX,75230,57,CL,1,ANNA'S DELI,7777 FOREST LN # C-A92,DALLAS,TX,75230,57.0,445299.0,Y,08/19/2015,08/24/2015,860,32.909515243151,-96.772150803179,Match,Non_Exact
32056659520,"PPWC HOLDINGS, LLC",500 CRESCENT CT STE 220,DALLAS,TX,75201,57,CL,1,PERFECT POUR WINE COMPANY,2505 FARRINGTON ST,DALLAS,TX,75207,57.0,445310.0,Y,05/27/2015,07/01/2015,861,32.799665363053,-96.838931495776,Match,Exact
32071520434,"APPLEJACKS LIQUOR II, INC.",801 CHAMPAGNE DR,SOUTHLAKE,TX,76092,220,CT,1,APPLEJACKS LIQUOR,8704 CYPRESS WATERS BLVD STE 100,IRVING,TX,75063,57.0,445310.0,Y,08/13/2019,09/01/2019,862,32.923831488647,-96.991212277996,Match,Exact
13116785307,KROGER TEXAS L.P.,PO BOX 305103,NASHVILLE,TN,37230,0,PF,471,KROGER #509,4901 MAPLE AVE,DALLAS,TX,75235,57.0,445110.0,Y,07/31/2017,01/15/2018,863,32.814914422685,-96.828218070404,Match,Exact
32070975464,SHREE MAHA LAXMI GLOBAL INC,12641 ROYAL OAKS LN,FARMERS BRNCH,TX,75234,57,CT,1,FM FOODMART,9761 WALNUT ST,DALLAS,TX,75243,57.0,445120.0,Y,06/11/2019,06/10/2019,864,,,No_Match,
12037125320,"LMMM DALLAS #26, LTD.",PO BOX 55009,HOUSTON,TX,77255,101,PL,1,LA MICHOACANA MEAT MARKET # 26,3500 N BELT LINE RD STE 110,IRVING,TX,75062,57.0,445210.0,Y,11/29/2005,12/01/2005,865,32.853536324404,-96.992078610306,Match,Exact
32019089047,"SSS INTERNATIONAL, LLC",4150 KELLWAY CIR # A,ADDISON,TX,75001,57,CL,13,GROCERY SERVICES NORTH #8,828 S CARRIER PKWY STE 101,GRAND PRAIRIE,TX,75051,57.0,445120.0,Y,04/16/2021,04/13/2021,866,32.737250843432,-97.014482523691,Match,Exact
12049031391,"HASTER'S HOLDINGS, LLC",9334 CLEARHURST DR,DALLAS,TX,75238,57,CL,1,HAS TO BE HASTER'S,9334 CLEARHURST DR,DALLAS,TX,75238,57.0,445292.0,Y,08/25/2006,05/19/2006,867,32.872334224002,-96.726831281308,Match,Exact
32051944471,"SNAP KITCHEN DALLAS, LLC",PO BOX 340820,AUSTIN,TX,78734,227,CL,10,SNAP KITCHEN #31,5627 W LOVERS LN,DALLAS,TX,75209,57.0,445299.0,Y,08/05/2015,09/19/2015,868,32.851221545797,-96.815427669057,Match,Exact
32092362659,SHREEOM HOLDINGS LLC,501 DONALD LN,WYLIE,TX,75098,43,CL,1,DASH IN GROCERY,2445 GOLDFINCH LN,GARLAND,TX,75042,57.0,445120.0,Y,11/10/2023,12/11/2023,869,32.901956627722,-96.664656951095,Match,Exact
13817201661,"LITTLE CAESAR ENTERPRISES, INC.",2211 WOODWARD AVE,DETROIT,MI,48201,0,CF,82,BLUE LINE DISTRIBUTING DIV,2605 LYNDON B JOHNSON FWY,DALLAS,TX,75234,57.0,445100.0,Y,01/11/1997,03/01/1995,870,32.910145255148,-96.888004483573,Match,Exact
32058177679,OMAR A AVILA,654 PLEASANT MEADOWS LN,DALLAS,TX,75217,57,IS,2,O-MART,702 E WARRIOR TRL,GRAND PRAIRIE,TX,75052,57.0,445120.0,Y,01/07/2016,02/01/2016,871,32.69891332818,-96.99764938894,Match,Exact
32082127682,MAMA&ME INVESTMENTS INC,3320 SAMUELL BLVD,DALLAS,TX,75223,57,CT,1,TRISTAR LIQUOR,3320 SAMUELL BLVD,DALLAS,TX,75223,57.0,445310.0,Y,01/26/2022,04/24/2022,872,32.792916548218,-96.738669218826,Match,Exact
32068214694,"TEQUILA FOR YOU, LLC",508 ANGELA LN,EULESS,TX,76039,220,CL,1,TEQUILA FOR YOU,9910 MONROE DR STE A8,DALLAS,TX,75220,57.0,445310.0,Y,09/04/2019,10/01/2019,873,32.878185886719,-96.877960773209,Match,Exact
32087918044,THIS GIRL WORKS VENDING LLC,1917 FOX MEADOW TRL,GRAND PRAIRIE,TX,75052,57,CL,1,THIS GIRL WORKS VENDING,1917 FOX MEADOW TRL,GRAND PRAIRIE,TX,75052,57.0,445299.0,Y,06/07/2023,06/06/2023,874,32.696369992865,-97.029526679714,Match,Exact
32049502027,VSJK CORPORATION,805 BELLFLOWER DR,PLANO,TX,75075,43,CT,2,AMIGOS LIQUOR BEER & WINE,4444 W JEFFERSON BLVD STE 622,DALLAS,TX,75211,57.0,445310.0,Y,06/12/2017,06/15/2017,875,32.736918656776,-96.892319305997,Match,Exact
12631894719,"SAVBELT, L.L.C.",PO BOX 177307,IRVING,TX,75017,57,CL,1,SAVERS COST PLUS #5253,1713 S BELT LINE RD,GRAND PRAIRIE,TX,75051,57.0,445110.0,Y,09/18/2008,11/01/2008,876,32.722367038021,-96.99416431731,Match,Exact
32065075536,TAMKA FOODS INC,1352 HEIDI DR,PLANO,TX,75025,43,CT,3,SEAGOVILLE PHILLY STEAK,950 E MALLOY BRG,SEAGOVILLE,TX,75159,57.0,445120.0,Y,06/20/2024,06/20/2024,877,32.651506086059,-96.52886113668,Match,Non_Exact
19434245650,RASIKMANI CORPORATION,2050 N STEMMONS FWY UNIT 199,DALLAS,TX,75207,57,CT,6,ONE MAIN SUNDRY,1201 MAIN ST STE P290,DALLAS,TX,75202,57.0,445120.0,Y,02/19/2010,05/01/2010,878,32.780250444073,-96.801289261722,Match,Exact
32101924358,"BLACK WALNUT RETAIL, LLC",1617 VIRIDIAN PARK LN,ARLINGTON,TX,76005,220,CL,1,AMIGOS LATINOS,10818 DENNIS RD STE 103,DALLAS,TX,75229,57.0,445120.0,Y,09/05/2025,10/15/2025,879,32.895582573424,-96.881335439783,Match,Exact
32043352940,SUNITA GLOBAL INC,3135 FLORENCE RD,SOUTHLAKE,TX,76092,220,CT,2,OK FOOD MART,4343 W CAMP WISDOM RD STE 124,DALLAS,TX,75237,57.0,445120.0,Y,10/19/2012,12/10/2012,880,32.662095584774,-96.890013253049,Match,Exact
32020223395,ALDI (TEXAS) L.L.C.,2500 WESTCOURT RD,DENTON,TX,76207,61,CL,19,ALDI (TEXAS) L.L.C. #70,424 E PIONEER PKWY,GRAND PRAIRIE,TX,75051,57.0,445110.0,Y,01/08/2010,04/01/2010,881,32.709608357039,-96.999455442473,Match,Exact
32059528128,ZOYA TRADE GROUP INC,4445 SAUKENUK LN,CARROLLTON,TX,75010,61,CT,1,MR H FOOD STORE,2300 ROWLETT RD STE 120,ROWLETT,TX,75088,57.0,445120.0,Y,02/12/2016,03/01/2016,882,,,No_Match,
17508732769,RANDALL'S FOOD & DRUGS LP,PO BOX 29096 C/O MS 6531,PHOENIX,AZ,85038,0,PF,68,RANDALLS FOOD AND DRUG #2561,925 NORTHWEST HWY,GARLAND,TX,75041,57.0,445110.0,Y,05/15/2001,05/02/2001,883,,,No_Match,
32084425225,"HOWELL EXTRACTS, LLC",607 TENISON MEMORIAL DR,DALLAS,TX,75223,57,CL,1,"HOWELL EXTRACTS, LLC",607 TENISON MEMORIAL DR,DALLAS,TX,75223,57.0,445299.0,Y,10/25/2022,11/13/2022,884,32.808605715309,-96.740116265445,Match,Exact
17106365988,QUALITY LICENSING CORP.,508 SW 8TH ST,BENTONVILLE,AR,72712,0,CT,657,QUALITY LICENSING CORP STORE (STORE # 6376),4062 LYNDON B JOHNSON FWY,DALLAS,TX,75244,57.0,445310.0,Y,02/24/2015,07/01/2015,885,32.922233130345,-96.845583947342,Match,Exact
32059487481,M N KHAN INTERNATIONAL INC,3901 W JEFFERSON BLVD,DALLAS,TX,75211,57,CT,1,PRIMOS LIQUOR,3901 W JEFFERSON BLVD,COCKRELL HILL,TX,75211,57.0,445310.0,Y,05/02/2016,04/01/2016,886,32.739137431427,-96.884329376324,Match,Non_Exact
32094072165,"ALGAE 2 AUTOMATION, LLC",1322 MCHAM ST,IRVING,TX,75062,57,CL,1,"ALGAE 2 AUTOMATION, LLC",1322 MCHAM ST,IRVING,TX,75062,57.0,445110.0,Y,09/18/2025,10/31/2024,887,32.848731415404,-96.961595753061,Match,Exact
32089917416,SUPREME DALWORTH FOODS LLC,2099 VALLEY VIEW LN STE 110,FARMERS BRNCH,TX,75234,57,CL,1,SUPREME DALWORTH FOODS LLC,1718 DALWORTH ST STE A,GRAND PRAIRIE,TX,75050,57.0,445120.0,Y,05/31/2023,06/01/2023,888,32.74472457504,-97.027364040225,Match,Non_Exact
32094787317,TORRES RAMOS LLC,1427 BAYLEE ST,SEAGOVILLE,TX,75159,57,CL,1,ATHEMY CONVENIENCE STORE,3629 HOLMES ST,DALLAS,TX,75215,57.0,445120.0,Y,05/24/2024,05/10/2024,889,32.756539104249,-96.773482768569,Match,Exact
32064568663,"A & S SUPERMARKETS, LLC",1201 W CAMP WISDOM RD,DALLAS,TX,75232,57,CL,5,CASH SAVER,303 E CAMP WISDOM RD,DUNCANVILLE,TX,75116,57.0,445110.0,Y,12/16/2019,12/18/2019,890,32.662023847844,-96.902775204236,Match,Exact
32060012708,"HOLLOWAY ASSET MANAGEMENT, LLC",314 DOVER HEIGHTS TRL,MANSFIELD,TX,76063,220,CL,1,"MEAT BY THE CASE MEAT MARKET, LLC",2550 W RED BIRD LN STE 500,DALLAS,TX,75237,57.0,445210.0,Y,04/08/2016,05/07/2016,891,32.670998148917,-96.860768191676,Match,Exact
17508732769,RANDALL'S FOOD & DRUGS LP,PO BOX 29096 C/O MS 6531,PHOENIX,AZ,85038,0,PF,60,RANDALL'S FOOD & DRUG #1786,4215 S CARRIER PKWY,GRAND PRAIRIE,TX,75052,57.0,445110.0,Y,05/17/2001,05/02/2001,892,,,No_Match,
32048881489,ILIANA BALDERAS,5139 VETERANS DR,DALLAS,TX,75241,57,IS,1,LIBRERIA CATOLICA SAN JUDAS TADEO,5139 VETERANS DR,DALLAS,TX,75241,57.0,445299.0,Y,08/30/2012,08/30/2012,893,32.686602895588,-96.777614472019,Match,Exact
17417963588,"TEXAS LIQUORS, INC.",4911 S CENTRAL EXPY,DALLAS,TX,75215,57,CT,9,TEXAS LIQUORS,4911 S CENTRAL EXPY,DALLAS,TX,75215,57.0,445310.0,Y,02/27/1987,01/01/1987,894,,,No_Match,
32062260628,"BUZZ 823, INC.",PO BOX 219088 ATT:LICENSING #37015A,DALLAS,TX,75221,57,CT,1,7-ELEVEN CONVENIENCE STORE #37015A,2400 W LEDBETTER DR,DALLAS,TX,75233,57.0,445120.0,Y,05/18/2017,02/22/2017,895,,,Tie,
32041582977,"S. P. VAZQUEZ ENTERPRISES, INC.",1401 E GRAUWYLER RD,IRVING,TX,75061,57,CT,1,LA NUEVA PUNTADA #3,1401 E GRAUWYLER RD,IRVING,TX,75061,57.0,445299.0,Y,05/20/2010,05/01/2010,896,32.829684554766,-96.928914095118,Match,Exact
17526655968,"A.S.A., INC.",11403 LAKE JUNE RD,MESQUITE,TX,75180,57,CT,5,SAM JORDAN FOOD MART,11403 LAKE JUNE RD,BALCH SPRINGS,TX,75180,57.0,445120.0,Y,05/13/2005,06/01/2005,897,32.734216510046,-96.629673308852,Match,Exact
32007811345,JOSE CERVANTES,112 S CARROLL AVE,DALLAS,TX,75226,57,IS,1,GRACIELAS BAKERY,112 S CARROLL AVE,DALLAS,TX,75226,57.0,445000.0,Y,04/30/1992,05/02/1992,898,32.791473007075,-96.767343423991,Match,Exact
32063681335,ARISH INVESTMENT INC,1440 HOLLOW RIDGE DR,CARROLLTON,TX,75007,61,CT,1,H & B EASY WAY GROCERY,118 GLENFIELD DR,GARLAND,TX,75040,57.0,445120.0,Y,05/12/2017,07/01/2017,899,32.896016937943,-96.630585830204,Match,Exact
32054145738,K Z DISCOUNT INC,1914 E BELT LINE RD STE 104,CARROLLTON,TX,75006,57,CT,1,CIGARETTE FOR LESS,1914 E BELT LINE RD STE 104,CARROLLTON,TX,75006,57.0,445120.0,Y,09/10/2019,06/01/2014,900,32.953591633274,-96.886834202926,Match,Exact
32054741684,ZJ FOOD 'N STUFF INC,6800 CHASE ST,N RICHLND HLS,TX,76182,220,CT,2,K CORNER FOOD MART,104 W SHADY GROVE RD,GRAND PRAIRIE,TX,75050,57.0,445120.0,Y,02/11/2015,02/16/2015,901,32.805146108983,-97.004959869223,Match,Exact
17606039679,"RANDALL'S BEVERAGE COMPANY, INC.",PO BOX 29096,PHOENIX,AZ,85038,0,CT,175,RANDALL'S #2643,14280 MARSH LN,ADDISON,TX,75001,57.0,445110.0,Y,01/18/2011,01/17/2011,902,32.938838033549,-96.855685547718,Match,Exact
32070654002,"LASU GUSTHOMASSON, LP",101 E PARK BLVD STE 413,PLANO,TX,75074,43,PL,1,LA SUPER ECONOMICA #6,2402 GUS THOMASSON RD,DALLAS,TX,75228,57.0,445110.0,Y,06/07/2019,07/01/2019,903,32.834701556625,-96.674439463365,Match,Exact
32054569507,"MARIA RETAIL, INC",905 PRAIRIE RIDGE LN,ARLINGTON,TX,76005,220,CT,5,YELLOW STAR,1203 E RED BIRD LN,DALLAS,TX,75241,57.0,445120.0,Y,03/26/2024,04/01/2024,904,32.675035735515,-96.805650630239,Match,Exact
32062378859,"RP & EVEREST INVESTMENT, INC.",1901 CHITTAM DR,EULESS,TX,76039,220,CT,1,DISCOUNT CIGARETTES & TOBACCO,323 W MARSHALL DR,GRAND PRAIRIE,TX,75051,57.0,445120.0,Y,09/25/2025,02/01/2017,905,32.720334618223,-97.007473362748,Match,Exact
32052906834,T & A LE CORPORATION,3010 RUSSELL RD,ARLINGTON,TX,76001,220,CT,1,BUCKEYE LIQUOR,2580 WALNUT HILL LN,DALLAS,TX,75229,57.0,445310.0,Y,03/21/2014,04/01/2014,906,32.880950952078,-96.891430034052,Match,Exact
32097458015,ZING ORIENTAL MARKET LLC,9658 PLANO RD STE 100,DALLAS,TX,75238,57,CL,1,ZING ORIENTAL MARKET LLC,9658 PLANO RD STE 100,DALLAS,TX,75238,57.0,445120.0,Y,11/07/2024,12/02/2024,907,,,No_Match,
32090279780,BEE BOPS TEXAS LLC,2620 CASTLE ST,IRVING,TX,75038,57,CL,1,LUCKY MINI STORE,323 N STORY RD,IRVING,TX,75061,57.0,445310.0,Y,01/30/2024,02/01/2024,908,32.818219341902,-96.976453444861,Match,Exact
32060747303,"GLORIA DEI, LLC",3009 N BELT LINE RD,IRVING,TX,75062,57,CL,1,AFRICAN FOOD STORE,3009 N BELT LINE RD,IRVING,TX,75062,57.0,445110.0,Y,07/27/2016,08/01/2016,909,32.84764201008,-96.992356366747,Match,Exact
32019089047,"SSS INTERNATIONAL, LLC",4150 KELLWAY CIR # A,ADDISON,TX,75001,57,CL,11,GROCERY SERVICES NORTH #10,6012 ABRAMS RD STE 100,DALLAS,TX,75231,57.0,445120.0,Y,04/16/2021,04/13/2021,910,,,No_Match,
17529300141,"COHENS KOSHER MARKET, INC.",15931 LONGVISTA DR,DALLAS,TX,75248,57,CT,2,MILK AND HONEY,420 N COIT RD STE 2023,RICHARDSON,TX,75080,57.0,445110.0,Y,06/20/2007,06/25/2007,911,,,No_Match,
32088922144,RINE BROTHERS INC,PO BOX 3198,GRAPEVINE,TX,76099,220,CT,1,RINE BROTHERS INC,7601 N MACARTHUR BLVD,IRVING,TX,75063,57.0,445299.0,Y,04/28/2023,05/01/2023,912,32.909571216701,-96.95886669172,Match,Exact
32017281356,"TEXAS ICE VENDING, LLC",4100 ELDORADO PKWY STE 100,MCKINNEY,TX,75070,43,CL,6,TEXAS ICE VENDING,8032 BRUTON RD,DALLAS,TX,75227,57.0,445299.0,Y,06/23/2011,06/01/2011,913,32.748680637448,-96.683971377122,Match,Non_Exact
32049755815,"SIL SOP ENTERPRISES, INC.",9608 MILL HOLLOW DR,DALLAS,TX,75243,57,CT,1,SUNNYVALE DONUT,3705 N BELT LINE RD STE 1010,SUNNYVALE,TX,75182,57.0,445291.0,Y,03/31/2023,03/29/2023,914,32.81529519901,-96.59608808251,Match,Exact
32101999467,BINSAI BRUTON INVESTMENTS INC,1007 JAMAL DR,EULESS,TX,76040,220,CT,1,DAILY STOP,9535 BRUTON RD,DALLAS,TX,75217,57.0,445120.0,Y,09/24/2025,10/01/2025,915,,,No_Match,
32091074446,21 MPH LLC,3501 FOREST LN,GARLAND,TX,75042,57,CL,2,J&B FOOD MART AND TAQUERIA,2418 S JUPITER RD,GARLAND,TX,75041,57.0,445120.0,Y,11/10/2023,11/15/2023,916,,,No_Match,
32070154797,ADENIKE ADIO AND BILLY ADIO,4070 N BELT LINE RD STE 128,IRVING,TX,75038,57,PI,1,AYO FARMERS MARKET,4070 N BELT LINE RD STE 128,IRVING,TX,75038,57.0,445110.0,Y,09/23/2025,04/01/2019,917,32.863719903781,-96.991665696796,Match,Exact
32027163552,ASFAW F SIBHAT,6760 SHADYBROOK LN,DALLAS,TX,75231,57,IS,1,VIVA FOOD MARKET,6760 SHADYBROOK LN,DALLAS,TX,75231,57.0,445120.0,Y,03/01/2007,04/01/2007,918,32.868589026393,-96.763067163198,Match,Exact
32020223395,ALDI (TEXAS) L.L.C.,2500 WESTCOURT RD,DENTON,TX,76207,61,CL,30,ALDI (TEXAS) L.L.C. #56,2440 W ILLINOIS AVE,DALLAS,TX,75233,57.0,445110.0,Y,03/19/2010,05/10/2010,919,32.72016598101,-96.857957400849,Match,Exact
32057820865,"PTL WALNUT, INC.",2431 W WALNUT ST STE 100,GARLAND,TX,75042,57,CT,1,CORNER FOOD MART,2431 W WALNUT ST STE 100,GARLAND,TX,75042,57.0,445120.0,Y,01/07/2025,09/01/2015,920,32.91641950744,-96.664409403765,Match,Exact
32054847713,"HOODKIN ENTERPRISES, INC.",3310 LAVON DR,GARLAND,TX,75040,57,CT,1,LAVON CHEVRON,3310 LAVON DR,GARLAND,TX,75040,57.0,445120.0,Y,03/20/2015,04/01/2015,921,,,No_Match,
12056678910,"DHRU, INC.",3845 N GARLAND AVE STE 100,GARLAND,TX,75040,57,CT,1,S & T FOOD STORE,3845 N GARLAND AVE STE 100,GARLAND,TX,75040,57.0,445120.0,Y,10/06/2006,11/25/2006,922,32.951706946291,-96.653996355234,Match,Exact
32097413754,CLAUDIA DALGADO,11632 LANEWOOD CIR,DALLAS,TX,75218,57,IS,1,FROSTY FUSIONS,11632 LANEWOOD CIR,DALLAS,TX,75218,57.0,445292.0,Y,11/05/2024,11/09/2024,923,32.857511535516,-96.680287320607,Match,Exact
32049704995,TURKUAZ INC,1144 N PLANO RD STE 107,RICHARDSON,TX,75081,57,CT,1,ANATOLIA MART,1144 N PLANO RD STE 107,RICHARDSON,TX,75081,57.0,445299.0,Y,03/31/2023,01/01/2018,924,32.961741602822,-96.699737297573,Match,Exact
32086855528,SANTAMARIA PRODUCE LLC,6601 GRISSOM RD LOT 29,DENTON,TX,76208,61,CL,1,MANGO LOCOMANIA,11200 HARRY HINES BLVD,DALLAS,TX,75229,57.0,445230.0,Y,01/12/2023,01/01/2023,925,32.889168715938,-96.888665241299,Match,Exact
32082025209,"OC ROTISSERIE, LLC",1410 ARIZONA AVE,DALLAS,TX,75216,57,CL,1,LA BODEGA ROTISSERIE & GOODS,208 W 8TH ST,DALLAS,TX,75208,57.0,445110.0,Y,01/21/2022,03/15/2022,926,32.747957974331,-96.824865215761,Match,Exact
32001887481,"FIVE STAR CAFE, L.L.C.",970 N COIT RD STE 3025,RICHARDSON,TX,75080,57,CL,2,SHAHRZAD MEDITERANEAN MARKET,970 N COIT RD STE 3025,RICHARDSON,TX,75080,57.0,445110.0,Y,01/10/2014,02/15/2014,927,32.961621100511,-96.768738684989,Match,Exact
32077672825,"BURGUNDY PASTURE MEATS, LLC",800 MCDUFF AVE,GRANDVIEW,TX,76050,126,CL,3,BURGUNDYS LOCAL GRASS FED MEAT MARKET,3314 ROSS AVE STE 100,DALLAS,TX,75204,57.0,445210.0,Y,01/12/2022,01/01/2022,928,32.79547741742,-96.78897709186,Match,Exact
17527997450,"AROMA COFFEE AND VENDING, INC.",2315 SULPHUR ST STE 200,DALLAS,TX,75208,57,CT,1,"AROMA COFFEE AND VENDING, INC.",1601 BRYAN ST STE 100,DALLAS,TX,75201,57.0,445120.0,Y,02/12/1999,02/16/1999,929,32.782692282236,-96.799050069863,Match,Exact
32049122362,"JKAA, INC.",3200 S LANCASTER RD STE 528,DALLAS,TX,75216,57,CT,1,"JKAA, INC.",3200 S LANCASTER RD STE 528,DALLAS,TX,75216,57.0,445292.0,Y,10/08/2012,10/01/2012,930,32.70844008509,-96.801775218258,Match,Exact
10106415143,"SHELLIE CURTIS, INC.",217 N KAUFMAN ST,SEAGOVILLE,TX,75159,57,CT,6,MIGALITOS SUPERMERCADO #4,333 S SAINT AUGUSTINE DR,DALLAS,TX,75217,57.0,445110.0,Y,08/19/2022,08/26/2022,931,32.707796466042,-96.657106795006,Match,Exact
32019089047,"SSS INTERNATIONAL, LLC",4150 KELLWAY CIR # A,ADDISON,TX,75001,57,CL,10,GROCERY SERVICES NORTH #7,8202 SPRING VALLEY RD STE 300,DALLAS,TX,75240,57.0,445120.0,Y,04/16/2021,04/13/2021,932,32.939774927147,-96.763856133486,Match,Exact
32101137852,SMARTWORX SOLUTIONS LLC,PO BOX 155011,FORT WORTH,TX,76155,220,CL,1,SMARTWORX SOLUTIONS LLC,13325 BEE ST APT 402,FARMERS BRANCH,TX,75234,57.0,445120.0,Y,09/26/2025,11/10/2025,933,32.925479799754,-96.896083075017,Match,Exact
32045824185,FRANCISCA SAENZ-FIERRO,2737 US HIGHWAY 80 E APT 1-171,MESQUITE,TX,75150,57,IS,2,CANDY SHOP,1639 S BUCKNER BLVD,DALLAS,TX,75217,57.0,445292.0,Y,02/01/2016,01/01/2016,934,32.740362487008,-96.683041428861,Match,Non_Exact
32014546652,MANUELA M CARDENAS,10312 BLACK FOREST CT,FORT WORTH,TX,76140,220,IS,5,THE CANDY SHACK #2,10788 HARRY HINES BLVD STE B-21,DALLAS,TX,75220,57.0,445292.0,Y,07/07/2023,07/07/2023,935,32.873676154165,-96.883525911942,Match,Exact
32048554482,KIRAN SURYA CHAKRA LLC,727 ORIOLE BLVD,DUNCANVILLE,TX,75116,57,CL,1,KORNER SHOP,727 ORIOLE BLVD,DUNCANVILLE,TX,75116,57.0,445120.0,Y,07/30/2012,08/01/2012,936,32.661160802334,-96.900976911416,Match,Exact
32091100589,TJI LIQUORS LLC.,2731 SCARBOROUGH DR,GRAND PRAIRIE,TX,75052,220,CL,1,ONE STOP LIQUOR,2501 S CARRIER PKWY,GRAND PRAIRIE,TX,75052,57.0,445310.0,Y,08/29/2023,11/01/2023,937,,,No_Match,
32048698347,AL FOOD MART INC,7150 CHAUCER PL STE 108,DALLAS,TX,75237,57,CT,1,AL FOOD MART,7150 CHAUCER PL STE 108,DALLAS,TX,75237,57.0,445120.0,Y,08/10/2012,08/13/2012,938,32.661497188212,-96.867815601763,Match,Exact
32010825613,AGBAI E EKE,2256 TEMPLIN AVE,FORNEY,TX,75126,129,IS,6,AG ICE CREAM / ONE WORLD FOOD,2315 TRELLIS PL,RICHARDSON,TX,75081,57.0,445299.0,Y,11/07/2023,01/01/2018,939,32.942985522739,-96.683202720053,Match,Exact
32054857571,"GMD BUSINESS GROUP, LLC.",12662 JUPITER RD APT 821,DALLAS,TX,75238,57,CL,1,BROADWAY TOBACCO BEER & WINE,5335 BROADWAY BLVD STE 210,GARLAND,TX,75043,57.0,445120.0,Y,09/25/2025,10/01/2014,940,32.85046570245,-96.598307036705,Match,Exact
17527598647,TRUNG & LA CORP.,1519 MARTIN LUTHER KING JR BLVD,DALLAS,TX,75215,57,CT,1,GOOD PRICE LIQUOR,1519 MLK JR BLVD,DALLAS,TX,75215,57.0,445310.0,Y,04/29/1998,06/01/1998,941,32.760273330408,-96.778886327293,Match,Exact
17528749462,"SUPERTARGET LIQUOR OF TEXAS, INC.",PO BOX 9471,MINNEAPOLIS,MN,55440,0,CT,119,TARGAT STORE T -1430,601 S PLANO RD,RICHARDSON,TX,75081,57.0,445310.0,Y,12/06/2006,12/05/2006,942,32.940898679793,-96.699785486374,Match,Exact
32002279167,"SALIMA, INC.",2854 W DAVIS ST,DALLAS,TX,75211,57,CT,1,DAIRY WAY,2854 W DAVIS ST,DALLAS,TX,75211,57.0,445110.0,Y,12/17/2001,01/01/2002,943,32.749470643769,-96.868226501913,Match,Exact
32010713389,IBRAHIM A DALGAMOUNI,1210 S HAMPTON RD,DALLAS,TX,75208,57,IS,1,CROWN GROCERY & DELI,1210 S HAMPTON RD,DALLAS,TX,75208,57.0,445110.0,Y,02/25/1994,01/01/1994,944,32.732855431686,-96.85674127844,Match,Exact
32091296759,PRADHUMNA GAUTAM,337 FLAT MOUNTAIN PASS,FORT WORTH,TX,76120,220,IS,1,ADHIGURU,6411 GREAT TRINITY FOREST WAY,DALLAS,TX,75217,57.0,445120.0,Y,08/30/2023,09/01/2023,945,,,No_Match,
32057554167,SAM & MARIO INC,10938 ELAM RD,BALCH SPRINGS,TX,75180,57,CT,2,LIQUOR 4 U,10942 ELAM RD,BALCH SPRINGS,TX,75180,57.0,445120.0,Y,08/20/2015,07/01/2015,946,32.719292971755,-96.63784458203,Match,Exact
15420686691,"JIN'S, INC.",3725 S CARRIER PKWY STE 113,GRAND PRAIRIE,TX,75052,57,CT,2,CARRIER DONUTS,3007 S CARRIER PKWY STE 205,GRAND PRAIRIE,TX,75052,57.0,445000.0,Y,01/03/2003,09/01/2002,947,32.701489700757,-97.0153512279,Match,Exact
32093866930,RS DOLLAR PLUS INC,7201 PARK CREEK DR,FORT WORTH,TX,76137,220,CT,1,RS DOLLAR PLUS,3310 ELSIE FAYE HEGGINS ST,DALLAS,TX,75215,57.0,445120.0,Y,02/27/2024,02/28/2024,948,32.760388243354,-96.74747966473,Match,Exact
17528019429,"HERBMART, INC.",PO BOX 328,BIG SANDY,TX,75755,230,CT,8,HERBMART,6464 E NORTHWEST HWY STE 335,DALLAS,TX,75214,57.0,445110.0,Y,01/10/2008,01/01/2008,949,32.8570767754,-96.750513202931,Match,Exact
32089635984,MBBS INVESTMENTS INC,1001 CANYON OAK DR,EULESS,TX,76039,220,CT,1,HIPPO FOOD MART KG,8003 FERGUSON RD,DALLAS,TX,75228,57.0,445120.0,Y,09/26/2023,10/01/2023,950,32.803631365677,-96.711910914571,Match,Exact
32016103627,VP FUEL MART  INC,2052 FORT WORTH AVE,DALLAS,TX,75208,57,CT,8,24 SEVEN MART,1463 W PLEASANT RUN RD,LANCASTER,TX,75146,57.0,445120.0,Y,09/04/2020,09/07/2020,951,32.60435741918,-96.788605360362,Match,Exact
32091975857,RAHHAL INVESTMENT INC,4538 MARBLEARCH DR,GRAND PRAIRIE,TX,75052,220,CT,1,COWBOY'S CONVENIENCE STORE,3324 SAMUELL BLVD,DALLAS,TX,75223,57.0,445120.0,Y,05/16/2025,11/20/2023,952,32.792916374079,-96.738606790859,Match,Exact
32101215765,FLYING CIRCUS BRANDS LLC,13101 PRESTON RD # 110534,DALLAS,TX,75240,57,CL,1,FLYING CIRCUS COFFEE,13101 PRESTON RD STE 110534,DALLAS,TX,75240,57.0,445299.0,Y,09/24/2025,10/15/2025,953,32.926680968893,-96.803628682361,Match,Non_Exact
32038558337,"GRAILEYS, INC.",1544 EDISON ST,DALLAS,TX,75207,57,CT,2,GRAILEY'S,1544 EDISON ST,DALLAS,TX,75207,57.0,445310.0,Y,03/24/2010,05/01/2010,954,32.793348250652,-96.817129222661,Match,Exact
17430013635,"HILL COUNTRY HOMESTYLE CANNING, INC.",1506 N MILAM ST,FREDERICKSBRG,TX,78624,86,CT,2,HILL COUNTRY HOMESTYLE CANNING INC,3921 MARTIN LUTHER KING JR BLVD,DALLAS,TX,75210,57.0,445299.0,Y,10/01/2008,09/26/2008,955,32.777409323869,-96.759318288871,Match,Exact
32094804625,"ELOTES JOY JOY, LLC",13740 MONTFORT DR APT 2016,DALLAS,TX,75240,57,CL,2,ALFA FOOD MART,5926 ALPHA RD,DALLAS,TX,75240,57.0,445299.0,Y,03/27/2025,04/01/2025,956,32.933012952129,-96.803069924488,Match,Exact
32020223395,ALDI (TEXAS) L.L.C.,2500 WESTCOURT RD,DENTON,TX,76207,61,CL,16,ALDI (TEXAS) L.L.C. #34,1549 E BELT LINE RD,RICHARDSON,TX,75081,57.0,445110.0,Y,12/15/2009,04/01/2010,957,32.945474029566,-96.696787436925,Match,Exact
32076339152,"SWEETLIQUOR, LLC",617 FOREST VIEW CT,HURST,TX,76054,220,CL,1,DISCOUNT LIQUOR,513 W JEFFERSON ST STE 150,GRAND PRAIRIE,TX,75051,57.0,445310.0,Y,11/04/2020,12/01/2020,958,32.743784925066,-97.008891338042,Match,Exact
32102166884,MICQUIVIA JENIAHKATE COOKE,700 CUSTER RD APT 265,RICHARDSON,TX,75080,57,IS,1,JENIAHKATE'S,700 CUSTER RD,RICHARDSON,TX,75080,57.0,445291.0,Y,09/23/2025,10/18/2025,959,32.957510965905,-96.735128250703,Match,Exact
32056922530,MARY BOATEMAA GYAMFI,5263 WOODFIELD DR,GRAND PRAIRIE,TX,75052,220,IS,2,KUMASI SUPERMARKET,437 W PIONEER PKWY,GRAND PRAIRIE,TX,75051,57.0,445110.0,Y,07/11/2017,08/01/2017,960,,,No_Match,
32019546517,TEX MEX VIDEO INC.,1501 SMALL ST,GRAND PRAIRIE,TX,75050,57,CT,1,TEX-MEX VIDEO AND GROCERIES,1501 SMALL ST,GRAND PRAIRIE,TX,75050,57.0,445120.0,Y,03/03/2015,04/01/2015,961,32.748650981118,-96.985899805724,Match,Exact
17606039679,"RANDALL'S BEVERAGE COMPANY, INC.",PO BOX 29096,PHOENIX,AZ,85038,0,CT,190,TOM THUMB 3570,7331 GASTON AVE # 130,DALLAS,TX,75214,57.0,445110.0,Y,09/09/2016,10/31/2016,962,32.811285037294,-96.729820958564,Match,Exact
32069316670,"AYS VENTURE, LLC",8405 ROYAL MONTREAL DR,ROWLETT,TX,75089,57,CL,1,ROYAL GROCERY,1546 ROWLETT RD STE 107,GARLAND,TX,75043,57.0,445110.0,Y,02/12/2019,02/01/2019,963,,,No_Match,
32091757974,"LOS MOLINA CARNICERIA, LLC",911 E DAVIS ST STE A,MESQUITE,TX,75149,57,CL,1,LOS MOLINA CARNICERIA,911 E DAVIS ST STE A,MESQUITE,TX,75149,57.0,445210.0,Y,10/18/2023,11/01/2023,964,32.765511473835,-96.588007224246,Match,Non_Exact
32098769915,CARLOS ALBERTO TORRES GONZALEZ,332 NORWICH LN,MESQUITE,TX,75149,57,IS,1,TORRES PRODUCE,9531 C F HAWN FWY,DALLAS,TX,75217,57.0,445230.0,Y,09/22/2025,02/17/2025,965,32.70213288435,-96.658320087087,Match,Exact
32050488827,"DALLAS SUPERSTORE, INC.",8450 GARVEY AVE STE 200,ROSEMEAD,CA,91770,0,CT,2,DALLAS SUPERSTORE,3212 N JUPITER RD STE 100,GARLAND,TX,75044,57.0,445110.0,Y,04/19/2013,05/01/2013,966,32.947134717315,-96.682596194558,Match,Exact
17508732769,RANDALL'S FOOD & DRUGS LP,PO BOX 29096 C/O MS 6531,PHOENIX,AZ,85038,0,PF,105,RANDALL'S FOOD AND DRUG #3637,1380 W CAMPBELL RD,RICHARDSON,TX,75080,57.0,445110.0,Y,05/16/2001,05/02/2001,967,32.97836804532,-96.765639919553,Match,Exact
32051944471,"SNAP KITCHEN DALLAS, LLC",PO BOX 340820,AUSTIN,TX,78734,227,CL,8,SNAP KITCHEN #20,7508 AMBASSADOR ROW STE 110,DALLAS,TX,75247,57.0,445299.0,Y,06/18/2015,06/29/2015,968,32.816262689951,-96.874258424146,Match,Exact
32006972205,CARLOS CANDELARIA,5211 GUS THOMASSON RD,MESQUITE,TX,75150,57,IS,2,CANDELARIA'S BAKERY,5211 GUS THOMASSON RD,MESQUITE,TX,75150,57.0,445000.0,Y,11/19/2002,11/01/2002,969,32.833510331182,-96.658135818706,Match,Exact
32057596341,SAI KESHAV LAKSHMAN INC,1902 LAUREL OAK CT,ARLINGTON,TX,76001,220,CT,2,TOBACCO ZONE,2017 W DAVIS ST,DALLAS,TX,75208,57.0,445120.0,Y,01/11/2017,01/15/2017,970,32.749615325945,-96.851650992912,Match,Exact
32092114712,"AAGM, LLC",301 KESWICK LN,MESQUITE,TX,75150,57,CL,1,"AAGM, LLC",2683 CEDAR CREST BLVD,DALLAS,TX,75203,57.0,445110.0,Y,11/07/2023,10/18/2023,971,32.739234037618,-96.789547765341,Match,Exact
32075652134,NVM DIGITAL RETAIL INC,4500 LAFITE LN,COLLEYVILLE,TX,76034,220,CT,1,STOP & SHOP,1313 N JIM MILLER RD,DALLAS,TX,75217,57.0,445120.0,Y,03/11/2021,04/01/2021,972,32.735501614927,-96.700332432358,Match,Exact
32073845482,"DOORDASH ESSENTIALS, LLC",303 2ND ST STE 800,SAN FRANCISCO,CA,94107,0,CI,1,"DOORDASH ESSENTIALS, LLC",2120 IRVING BLVD,DALLAS,TX,75207,57.0,445120.0,Y,03/31/2020,03/01/2020,973,32.795647250443,-96.831054460229,Match,Exact
17213392750,"SMOOTHIE KING CO., INC.",9797 ROMBAUER RD STE 150,COPPELL,TX,75019,57,CT,18,"SMOOTHIE KING CO., INC.",6501 HILLCREST AVE,DALLAS,TX,75205,57.0,445299.0,Y,03/27/2019,04/30/2019,974,32.845309044897,-96.787090572635,Match,Exact
30119094362,M & K FOOD SERVICE MANAGEMENT INC.,8160 WALNUT HILL LN STE 117,DALLAS,TX,75231,57,CT,1,FRENCH GARDEN,8160 WALNUT HILL LN STE PEROT,DALLAS,TX,75231,57.0,445000.0,Y,01/05/1998,01/02/1998,975,32.882735780208,-96.764425450776,Match,Non_Exact
13002189754,"M. CACERES ENTERPRISES, INC.",3720 WALNUT HILL LN STE 109,DALLAS,TX,75229,57,CT,1,TIENDA SANTA ROSA #1,521 W DAVIS ST,DALLAS,TX,75208,57.0,445120.0,Y,02/19/2004,01/01/2004,976,32.749503565683,-96.830627695613,Match,Exact
32069454232,"PRESSED JUICERY, INC.",8671 HAYDEN PL,CULVER CITY,CA,90232,0,CF,1,"PRESSED JUICERY, INC.",2222 MCKINNEY AVE STE 230,DALLAS,TX,75201,57.0,445299.0,Y,04/19/2019,07/01/2019,977,32.793119964126,-96.802714682322,Match,Exact
32084938409,WOHEMIYA ETHIOPIAN GROCERY LLC,5634 HIGHWAY 78 STE 114,SACHSE,TX,75048,57,CL,1,WOHEMIYA ETHIOPIAN GROCERY,5634 HIGHWAY 78 STE 114,SACHSE,TX,75048,57.0,445110.0,Y,10/04/2022,09/02/2022,978,32.974453614161,-96.598093757159,Match,Exact
32074198477,"KASTURI GROUP, LLC.",10217 FULGHAM DR,FORT WORTH,TX,76131,220,CL,1,ESTERS LIQUOR,1885 ESTERS RD STE 120,IRVING,TX,75061,57.0,445310.0,Y,05/12/2020,06/01/2020,979,32.832886150943,-97.009649613437,Match,Exact
32088033892,SS BEER & WINE LLC,2076 HIDALGO LN,FRISCO,TX,75034,61,CL,1,SS BEER & WINE,7932 GREAT TRINITY FOREST WAY STE 112,DALLAS,TX,75217,57.0,445120.0,Y,01/26/2023,02/01/2023,980,,,No_Match,
17508732769,RANDALL'S FOOD & DRUGS LP,PO BOX 29096 C/O MS 6531,PHOENIX,AZ,85038,0,PF,66,RANDALL'S FOOD & DRUG # 3560,8698 SKILLMAN ST,DALLAS,TX,75243,57.0,445110.0,Y,05/15/2001,05/02/2001,981,32.897640380611,-96.720564267289,Match,Exact
32075193105,"TEXAS LMAC INVESTMENTS, LLC",6309 HANCOCK RD,ROWLETT,TX,75089,57,CL,1,"TEXAS LMAC INVESTMENTS, LLC",6309 HANCOCK RD,ROWLETT,TX,75089,57.0,445299.0,Y,09/01/2020,10/01/2020,982,32.920938659377,-96.580342438975,Match,Exact
17106365988,QUALITY LICENSING CORP.,508 SW 8TH ST,BENTONVILLE,AR,72712,0,CT,413,QUALITY LICENSING CORP (STORE #2649),1635 MARKET PL,IRVING,TX,75063,57.0,445310.0,Y,11/04/2008,12/01/2008,983,32.919238398243,-96.967857517082,Match,Exact
32066459861,MSK PETRO INC,3025 WEBB CHAPEL EXT,DALLAS,TX,75220,57,CT,2,ALL N GO #2,3701 PIONEER RD STE 101,BALCH SPRINGS,TX,75180,57.0,445120.0,Y,02/14/2020,03/01/2020,984,32.719130694032,-96.605614796065,Match,Exact
32067309099,HOUSE OF KINDRED WINE & SPIRITS INC,3610 INWOOD RD,DALLAS,TX,75209,57,CT,2,KINDRED SPIRITS & WINE,3578 W AIRPORT FWY,IRVING,TX,75062,57.0,445310.0,Y,02/18/2022,05/01/2022,985,32.836601257838,-97.000093723281,Match,Exact
17106365988,QUALITY LICENSING CORP.,508 SW 8TH ST,BENTONVILLE,AR,72712,0,CT,452,QUALITY LINCENSING CORP STORE#5147,1521 N COCKRELL HILL RD,DALLAS,TX,75211,57.0,445310.0,Y,10/26/2010,11/01/2010,986,32.7627378563,-96.895138545193,Match,Exact
32070141638,BAMA FORTUNE INC,10045 N MACARTHUR BLVD,IRVING,TX,75063,57,CT,3,TAPS LIQUOR 3,10045 N MACARTHUR BLVD STE 101,IRVING,TX,75063,57.0,445310.0,Y,02/24/2021,03/01/2021,987,32.940460743644,-96.952214427152,Match,Exact
17106365988,QUALITY LICENSING CORP.,508 SW 8TH ST,BENTONVILLE,AR,72712,0,CT,432,QUALITY LICENSING CORP,951 W BELT LINE RD,DESOTO,TX,75115,57.0,445310.0,Y,10/29/2009,12/01/2009,988,32.589843598003,-96.879022638565,Match,Exact
32006107067,SUZANNE L MAXWELL,105 GREENWOOD DR,RED OAK,TX,75154,70,IS,3,THE LOVIN OVEN,181 TOWN SQUARE,LANCASTER,TX,75146,57.0,445291.0,Y,11/12/1993,10/01/1993,989,,,No_Match,
32091436819,CHANDIKALIKA LLC,2200 LACERTA DR,HASLET,TX,76052,220,CL,2,VAPE-O-VIBE SMOKE SHOP,702 MACARTHUR BLVD,GRAND PRAIRIE,TX,75050,57.0,445120.0,Y,04/22/2024,04/01/2024,990,32.756376225108,-96.959898024289,Match,Exact
32070759272,"TRUSTWORTHY ENTERPRISES, LLC",2810 N O CONNOR RD,IRVING,TX,75062,57,CL,1,PINE WINE SPIRITS BEER & MORE,2810 N O CONNOR RD,IRVING,TX,75062,57.0,445310.0,Y,05/20/2019,07/01/2019,991,32.844930653884,-96.951052566276,Match,Exact
32066422471,SERGIO SANCHEZ,125 ROMA DR,GARLAND,TX,75041,57,IS,1,LEMONADE FIX,125 ROMA DR,GARLAND,TX,75041,57.0,445120.0,Y,01/20/2022,03/17/2018,992,32.885124531434,-96.631335657232,Match,Exact
32020223395,ALDI (TEXAS) L.L.C.,2500 WESTCOURT RD,DENTON,TX,76207,61,CL,24,ALDI (TEXAS) L.L.C. #32,3500 LAKEVIEW PKWY,ROWLETT,TX,75088,57.0,445110.0,Y,01/08/2010,04/01/2010,993,32.907419933131,-96.569186279872,Match,Exact
32056814745,U.S. SUPERSTORES LLC,2745 W NORTHWEST HWY,DALLAS,TX,75220,57,CL,1,NORTHWEST HWY QUICK STOP,2745 W NORTHWEST HWY,DALLAS,TX,75220,57.0,445120.0,Y,06/15/2015,07/01/2015,994,32.858285079846,-96.874626095677,Match,Exact
17529256483,"VERONICA'S MEAT MARKET, LTD.",PO BOX 55009,HOUSTON,TX,77255,101,PL,2,LA MICHOACANA MEAT MARKET D#10,1630 E MAIN ST,GRAND PRAIRIE,TX,75050,57.0,445110.0,Y,06/28/2011,02/21/2011,995,32.748018519705,-96.982790550508,Match,Exact
17508732769,RANDALL'S FOOD & DRUGS LP,PO BOX 29096 C/O MS 6531,PHOENIX,AZ,85038,0,PF,247,TOM THUMB 3311,2727 LIVE OAK ST,DALLAS,TX,75204,57.0,445110.0,Y,02/12/2018,05/01/2018,996,32.788838263314,-96.789165987978,Match,Exact
17525149286,HOMEBREW HEADQUARTERS INCORPORATED,3410 COURTYARD CIR,DALLAS,TX,75234,57,CT,5,HOMEBREW HEADQUARTERS INC,300 N COIT RD STE 134,RICHARDSON,TX,75080,57.0,445310.0,Y,05/03/2003,04/01/2003,997,32.954017945716,-96.768777359585,Match,Exact
17106365988,QUALITY LICENSING CORP.,508 SW 8TH ST,BENTONVILLE,AR,72712,0,CT,252,QUALITY LICENSING CORP (STORE #3341),2305 NORTH CENTRAL EXPRESSWAY,DALLAS,TX,75204,57.0,445310.0,Y,09/01/2004,11/01/2004,998,32.799921779894,-96.793546592917,Match,Exact
32063480282,MEY PARK INC,8451 PARK LN,DALLAS,TX,75231,57,CT,2,CROWN SPIRITS & BEVERAGES,8451 PARK LN,DALLAS,TX,75231,57.0,445310.0,Y,10/17/2017,01/01/2018,999,32.871085293431,-96.759232453804,Match,Exact
32042373269,IVAN JURADO-VALDEZ,4516 E SIDE AVE,DALLAS,TX,75226,57,IS,3,IVAN'S ICE CREAM,4516 E SIDE AVE,DALLAS,TX,75226,57.0,445299.0,Y,07/21/2014,07/01/2014,1000,32.790844254106,-96.766325676468,Match,Exact
32020223395,ALDI (TEXAS) L.L.C.,2500 WESTCOURT RD,DENTON,TX,76207,61,CL,28,ALDI (TEXAS) L.L.C. # 20,2926 S BUCKNER BLVD,DALLAS,TX,75227,57.0,445110.0,Y,03/19/2010,05/10/2010,1001,32.761096032012,-96.682642198114,Match,Non_Exact
32089942331,SUBIDHA GLOBAL INC,3135 FLORENCE RD,SOUTHLAKE,TX,76092,220,CT,1,OK FOOD MART 9,2800 GLENWICK LN STE 110,IRVING,TX,75060,57.0,445120.0,Y,06/05/2023,08/01/2023,1002,32.783561047345,-96.973244021013,Match,Exact
32086821132,"LA PODEROSA FRUTERIA Y NEVERIA, LLC",6406 BIG SPRINGS DR,ARLINGTON,TX,76001,220,CL,1,"LA PODEROSA FRUTERIA Y NEVERIA, LLC",735 N WESTMORELAND RD,DALLAS,TX,75211,57.0,445230.0,Y,12/28/2022,01/01/2023,1003,32.749257113296,-96.8742380824,Match,Exact
32069454232,"PRESSED JUICERY, INC.",8671 HAYDEN PL,CULVER CITY,CA,90232,0,CF,7,PRESSED JUICERY,5290 BELT LINE RD STE 104,DALLAS,TX,75254,57.0,445299.0,Y,05/14/2021,06/01/2021,1004,32.953905567772,-96.815473487839,Match,Exact
10106415143,"SHELLIE CURTIS, INC.",217 N KAUFMAN ST,SEAGOVILLE,TX,75159,57,CT,4,MIGALITOS SUPERMERCADO #2,7007 LAKE JUNE RD,DALLAS,TX,75217,57.0,445110.0,Y,08/19/2022,08/26/2022,1005,32.734500562998,-96.701714742705,Match,Exact
17527804300,"V.S IMPORTS, INC.",3441 BEGONIA LN,IRVING,TX,75038,57,CT,5,"V.S IMPORTS, INC.",3441 BEGONIA LN,IRVING,TX,75038,57.0,445110.0,Y,02/13/2020,01/01/2020,1006,32.869336321778,-96.993479201063,Match,Exact
17106365988,QUALITY LICENSING CORP.,508 SW 8TH ST,BENTONVILLE,AR,72712,0,CT,450,QUALITY LICENSING CORP STORE#5021,2275 GUS THOMASSON RD,DALLAS,TX,75228,57.0,445310.0,Y,10/26/2010,11/01/2010,1007,,,No_Match,
32051187089,"FOODPLUS, INC",1346 N MASTERS DR STE 100,DALLAS,TX,75217,57,CT,1,"FOODPLUS, INC",1346 N MASTERS DR STE 100,DALLAS,TX,75217,57.0,445110.0,Y,07/31/2013,07/01/2013,1008,32.735890190068,-96.648168524161,Match,Exact
32056859567,SHREE AMMARESHOR INC,1949 E CENTERVILLE RD,GARLAND,TX,75041,57,CT,1,ONE STOP FOOD STORE,1949 E CENTERVILLE RD,GARLAND,TX,75041,57.0,445120.0,Y,04/15/2015,04/10/2015,1009,32.893150577417,-96.60362616031,Match,Exact
32078793448,"HIGH OCTANE JOE'S, LLC",8343 DOUGLAS AVE STE 350,DALLAS,TX,75225,57,CL,2,"HIGH OCTANE JOE'S, LLC #103",15707 COIT RD,DALLAS,TX,75248,57.0,445299.0,Y,12/10/2024,11/01/2024,1010,32.962382580725,-96.76901386378,Match,Non_Exact
17521592190,"CPI IMPORTERS, INC.",2324 SHORECREST DR,DALLAS,TX,75235,57,CT,8,GLOBEX AMERICA,2324 SHORECREST DR,DALLAS,TX,75235,57.0,445299.0,Y,02/20/2003,02/01/2003,1011,32.843716069045,-96.869552358969,Match,Exact
32049525234,U SAVE PLUS INC,3064 WEBB CHAPEL EXT,DALLAS,TX,75220,57,CT,1,MERCADO DURANGO,3064 WEBB CHAPEL EXT,DALLAS,TX,75220,57.0,445120.0,Y,12/04/2012,01/16/2013,1012,32.858441168081,-96.868541217491,Match,Exact
32099127667,HLDK2008 LLC,2701 OLD DENTON RD STE 270,CARROLLTON,TX,75007,57,CL,1,MIDWAY DONUTS & KOLACHE,13605 MIDWAY RD,FARMERS BRANCH,TX,75244,57.0,445291.0,Y,03/28/2025,04/01/2025,1013,32.934412894767,-96.839150730927,Match,Exact
32019089047,"SSS INTERNATIONAL, LLC",4150 KELLWAY CIR # A,ADDISON,TX,75001,57,CL,7,GROCERY SERVICES NORTH,6921 LAKE JUNE RD,DALLAS,TX,75217,57.0,445120.0,Y,04/16/2021,04/13/2021,1014,32.734504784332,-96.702838017472,Match,Exact
32041989651,"KUNWAR & MALLA INVESTMENTS, INC",2215 N STORY RD,IRVING,TX,75062,57,CT,1,IRVING BEER & WINE,2215 N STORY RD,IRVING,TX,75062,57.0,445120.0,Y,06/15/2010,07/15/2011,1015,,,No_Match,
30118615563,"LOH ENTERPRISES, INC.",9780 WALNUT ST STE 360,DALLAS,TX,75243,57,CT,1,HONG KONG MARKET PLACE,9780 WALNUT ST STE 360,DALLAS,TX,75243,57.0,445110.0,Y,07/07/1997,09/01/1997,1016,32.923096775526,-96.718619889808,Match,Exact
32052732867,"TATI'S STORE, LLC",2017 S BECKLEY AVE,DALLAS,TX,75224,57,CL,1,TATI'S STORE,2017 S BECKLEY AVE,DALLAS,TX,75224,57.0,445120.0,Y,12/11/2024,01/01/2014,1017,32.722733554244,-96.822881098183,Match,Exact
17528749462,"SUPERTARGET LIQUOR OF TEXAS, INC.",PO BOX 9471,MINNEAPOLIS,MN,55440,0,CT,126,"SUPERTARGET LIQUOR OF TEXAS, INC.",4701 LAKEVIEW PKWY,ROWLETT,TX,75088,57.0,445310.0,Y,04/02/2007,05/01/2007,1018,,,No_Match,
32019395154,LIDUVINA VELASQUEZ & NEISON ALVARADO,604 OHIO ST,IRVING,TX,75060,57,PI,3,EL NORTE CARNICERIA,228 W 6TH ST # 110,IRVING,TX,75060,57.0,445210.0,Y,03/11/2021,03/03/2021,1019,32.808536968204,-96.948501769793,Match,Exact
32042932031,AHZ ENTERPRISES INC,2412 W LEDBETTER DR,DALLAS,TX,75233,57,CT,1,ONE STOP LUCKY FOOD MART,2412 W LEDBETTER DR,DALLAS,TX,75233,57.0,445120.0,Y,11/10/2010,01/01/2011,1020,32.691178437626,-96.857391286881,Match,Exact
12039790964,"TEXAS MOON GROUP, INC",11445 EMERALD ST STE 112,DALLAS,TX,75229,57,CT,1,KOMART MARKET PLACE,2240 ROYAL LN STE 306,DALLAS,TX,75229,57.0,445110.0,Y,01/21/2006,01/01/2006,1021,32.895431978345,-96.903751983955,Match,Exact
32051944471,"SNAP KITCHEN DALLAS, LLC",PO BOX 340820,AUSTIN,TX,78734,227,CL,3,SNAP KITCHEN #17,2222 MCKINNEY AVE STE 110,DALLAS,TX,75201,57.0,445299.0,Y,06/11/2014,07/19/2014,1022,32.793119964126,-96.802714682322,Match,Exact
32050493603,HOMEFOODS II LLC,3000 WESLAYAN ST STE 370,HOUSTON,TX,77027,101,CL,1,SOUTHWEST FARMERS MARKET,4460 W WALNUT ST STE 126,GARLAND,TX,75042,57.0,445210.0,Y,04/24/2014,05/01/2014,1023,32.916497340274,-96.699744432793,Match,Exact
17419316645,GOOD SPIRITS LLC,PO BOX 29096,PHOENIX,AZ,85038,0,CL,336,GOOD SPIRITS LLC (STORE #36),2200 W SHADY GROVE RD,IRVING,TX,75060,57.0,445310.0,Y,01/20/2022,04/01/2022,1024,32.800434745511,-96.973986838574,Match,Exact
30113233016,"TODORA KIDS II, INC.",4724 GREENVILLE AVE STE A,DALLAS,TX,75206,57,CT,1,TODORA PARKIT MARKET,4724 GREENVILLE AVE,DALLAS,TX,75206,57.0,445110.0,Y,01/11/1989,01/01/1989,1025,32.844927277741,-96.769926780345,Match,Exact
32058589295,MAHEK & NIDA INC,808 BRIDLE DR,EULESS,TX,76039,220,CT,1,W & W GROCERY,300 N MAIN ST,HUTCHINS,TX,75141,57.0,445120.0,Y,12/29/2015,03/01/2016,1026,32.649553176568,-96.713066055423,Match,Exact
32090335152,PLUSONE LLC,9400 LAKEVIEW PKWY STE 101,ROWLETT,TX,75088,199,CL,1,7 MART,3425 FOREST LN STE A,GARLAND,TX,75042,57.0,445120.0,Y,07/26/2023,08/01/2023,1027,32.909355587086,-96.681472827275,Match,Non_Exact
17513185730,"GOODY GOODY LIQUOR, INC.",10370 OLYMPIC DR,DALLAS,TX,75220,57,CT,8,BUCKEYE LIQUOR,7610 GREENVILLE AVE,DALLAS,TX,75231,57.0,445310.0,Y,09/21/1993,10/20/1993,1028,32.886260680077,-96.757866365722,Match,Exact
32053577964,RBS RANA INC.,2449 CHESAPEAKE DR,GARLAND,TX,75043,57,CT,1,7-ELEVEN CONVENIENCE #35416A,750 N RIVERFRONT BLVD,DALLAS,TX,75207,57.0,445120.0,Y,07/08/2014,07/09/2014,1029,,,No_Match,
32050734170,PLATINUM LIQUOR LLC,2806 W NORTHWEST HWY,DALLAS,TX,75220,57,CL,1,LAKESIDE LIQUOR,2806 W NORTHWEST HWY,DALLAS,TX,75220,57.0,445310.0,Y,04/18/2013,05/01/2013,1030,32.857725546911,-96.873787561208,Match,Exact
17527776128,"O & J MEAT, LTD.",PO BOX 55009,HOUSTON,TX,77255,101,PL,1,LA MICHOACANA MEAT MARKET #7,833 N WESTMORELAND RD,DALLAS,TX,75211,57.0,445110.0,Y,08/24/1998,10/01/1998,1031,32.737526246627,-96.874378718575,Match,Non_Exact
32067096035,"SWEET TOOTH STATION, LLC",4425 SANDEROSA LN,RICHARDSON,TX,75082,43,CL,1,"SWEET TOOTH STATION, LLC",1625 FERRIS RD,GARLAND,TX,75044,57.0,445291.0,Y,09/25/2018,10/01/2018,1032,32.975243605436,-96.651297260894,Match,Exact
32030746708,"A&RM INVESTMENTS, INC.",2445 W NORTHWEST HWY STE 109,DALLAS,TX,75220,57,CT,1,GENE'S LIQUOR,2445 W NORTHWEST HWY STE 109,DALLAS,TX,75220,57.0,445310.0,Y,10/25/2010,11/01/2010,1033,32.858805226168,-96.881985738262,Match,Exact
32017886386,REYNA M FIGUEROA,12895 JOSEY LN STE 225,FARMERS BRNCH,TX,75234,57,IS,1,IZALCO RESTAURANT AND GROCERY,12895 JOSEY LN STE 225,FARMERS BRANCH,TX,75234,57.0,445110.0,Y,07/28/2005,08/01/2005,1034,32.924231729249,-96.881786143633,Match,Exact
32070408771,"VILLAGE MAIN STREET F&B MANAGEMENT, LLC",5670 VILLAGE GLEN DR STE 210,DALLAS,TX,75206,57,CI,5,MOGO,8324 SOUTHWESTERN BLVD,DALLAS,TX,75206,57.0,445110.0,Y,07/27/2019,10/20/2019,1035,,,No_Match,
32089054814,J&S ASIAN GROCERY LLC,1506 DOUGLAS DR,GARLAND,TX,75041,57,CL,1,J&S ASIAN GROCERY LLC,4301 SATURN RD,GARLAND,TX,75041,57.0,445120.0,Y,04/27/2023,07/01/2023,1036,32.865666015029,-96.648422777792,Match,Exact
32092904542,SWEETLICKINCAKES LLC,8035 E R L THORNTON FWY STE 512,DALLAS,TX,75228,57,CL,1,SWEETLICKINCAKES LLC,8035 E R L THORNTON FWY STE 432,DALLAS,TX,75228,57.0,445291.0,Y,01/02/2024,02/01/2024,1037,,,No_Match,
32092195646,BIG MELS MART LLC,3251 PALO ALTO DR,DALLAS,TX,75241,57,CL,1,BIG MEL'S MART,2949 E KIEST BLVD,DALLAS,TX,75216,57.0,445120.0,Y,03/26/2025,12/01/2023,1038,32.725936477466,-96.786011814382,Match,Exact
32068147084,INGRAM SOLUTIONS LLC,16315 FALLKIRK DR,DALLAS,TX,75248,57,CL,2,INGRAM SOLUTIONS LLC,16315 FALLKIRK DR,DALLAS,TX,75248,57.0,445299.0,Y,03/12/2021,01/01/2021,1039,32.975597655667,-96.770106553337,Match,Exact
32095031533,JHH GROUP INC,2600 SHERWOOD LN,COLLEYVILLE,TX,76034,220,CT,1,BIG STATE MART,114 E IRVING BLVD,IRVING,TX,75060,57.0,445120.0,Y,05/22/2024,07/05/2024,1040,32.813774967106,-96.94595216881,Match,Exact
32024711858,YVONNE D C EDWARDS,1753 BLUE STREAM DR,DESOTO,TX,75115,57,IS,2,YVONNE D C EDWARDS,1753 BLUE STREAM DR,DESOTO,TX,75115,57.0,445299.0,Y,03/24/2025,03/24/2025,1041,32.594797920095,-96.902965508175,Match,Exact
32097496106,WHEATLAND FOOD MART LLC,533 COYOTE RD,SOUTHLAKE,TX,76092,61,CL,1,EZSTOP1,615 S MAIN ST,DUNCANVILLE,TX,75116,57.0,445120.0,Y,11/14/2024,11/21/2024,1042,32.646735105229,-96.908472878575,Match,Exact
32097669066,SRP DIAMOND LLC,8117 CHARFORD DR,FORT WORTH,TX,76131,220,CL,1,STEP 1 LIQUOR AND SMOKE SHOP,5630 HIGHWAY 78,SACHSE,TX,75048,57.0,445310.0,Y,12/19/2024,12/19/2024,1043,32.974371534472,-96.598218930758,Match,Exact
17529359097,"HUA ENTERPRISE, INC.",4815 COLLINS AVE,DALLAS,TX,75210,57,CT,3,SOUTHSIDE GROCERY,4630 HATCHER ST,DALLAS,TX,75210,57.0,445110.0,Y,03/15/2010,03/31/2010,1044,,,No_Match,
32045237693,CHOKSHI TRADING LLC,515 W CAMPBELL RD STE 105,RICHARDSON,TX,75080,57,CL,1,RICHARDSON BEER & WINE,515 W CAMPBELL RD STE 105,RICHARDSON,TX,75080,57.0,445310.0,Y,11/23/2011,12/01/2011,1045,32.976016128393,-96.736547559317,Match,Exact
17513202006,"JERRY'S SUPERMARKETS, INC.",532 W JEFFERSON BLVD,DALLAS,TX,75208,57,CT,1,JERRYS SUPERMARKET,1719 SINGLETON BLVD,DALLAS,TX,75212,57.0,445110.0,Y,07/27/1970,04/01/1970,1046,32.778584472178,-96.846712995097,Match,Exact
10106415143,"SHELLIE CURTIS, INC.",217 N KAUFMAN ST,SEAGOVILLE,TX,75159,57,CT,5,MIGALITOS SUPERMERCADO #3,3939 S POLK ST STE 323,DALLAS,TX,75224,57.0,445110.0,Y,08/19/2022,08/26/2022,1047,32.695404882642,-96.840191053084,Match,Exact
17106365988,QUALITY LICENSING CORP.,508 SW 8TH ST,BENTONVILLE,AR,72712,0,CT,807,QUALITY LICENSING CORP STORE #3015,2827 S BUCKNER BLVD,DALLAS,TX,75227,57.0,445310.0,Y,05/22/2020,05/01/2020,1048,32.759489714806,-96.682961451142,Match,Non_Exact
32021683092,"Z B ENTERPRISES, INC.",3926 E OVERTON RD,DALLAS,TX,75216,57,CT,1,OVERTON TEXACO,3926 E OVERTON RD,DALLAS,TX,75216,57.0,445120.0,Y,02/01/2007,02/01/2007,1049,32.724200901079,-96.763646694452,Match,Non_Exact
32040923834,"SPRINKLES CUPCAKES, LLC",7710 RIALTO BLVD UNIT 150,AUSTIN,TX,78735,227,CI,2,SPRINKLES CUPCAKES,4020 VILLANOVA ST,DALLAS,TX,75225,57.0,445291.0,Y,10/13/2010,09/01/2010,1050,32.864454163803,-96.802017109166,Match,Exact
17520485032,"FIDAI CORPORATION, INC.",PO BOX 111121,CARROLLTON,TX,75011,57,CT,5,LAS COLINAS MARKET & CLEANERS,851 LAKE CAROLYN PKWY STE 150,IRVING,TX,75039,57.0,445120.0,Y,05/02/2008,05/15/2008,1051,32.867742874822,-96.932520620602,Match,Exact
32095912211,LEVELAIRE ENTERPRISES LLC,633 W DAVIS ST,DALLAS,TX,75208,57,CL,1,LEVELAIRE ENTERPRISES LLC,633 W DAVIS ST,DALLAS,TX,75208,57.0,445299.0,Y,11/13/2024,11/16/2024,1052,32.749509555324,-96.832397804249,Match,Exact
32088657914,"BAYSIDE LIQUOR, LLC",8601 SUNSET BLVD STE 100,ROWLETT,TX,75088,57,CL,1,BAYSIDE LIQUOR,8601 SUNSET BLVD STE A,ROWLETT,TX,75088,57.0,445310.0,Y,05/22/2024,07/01/2023,1053,32.878223948232,-96.521396735338,Match,Non_Exact
32058457675,AW  BUSINESS INC,2433 PARKCREST DR,GARLAND,TX,75041,57,CT,1,YOUR STOP,2433 PARKCREST DR,GARLAND,TX,75041,57.0,445120.0,Y,10/06/2015,10/05/2015,1054,32.891115350483,-96.665012933362,Match,Exact
32058564066,2NALY LLC,5322 GREYSON DR,GARLAND,TX,75043,57,CL,1,7-ELEVEN CONVENIENCE STORE #37187A,211 N ERVAY ST STE 120,DALLAS,TX,75201,57.0,445120.0,Y,05/23/2016,11/01/2015,1055,32.782024897741,-96.797456963883,Match,Exact
32020223395,ALDI (TEXAS) L.L.C.,2500 WESTCOURT RD,DENTON,TX,76207,61,CL,36,ALDI (TEXAS) L.L.C.,912 E IRVING BLVD,IRVING,TX,75060,57.0,445110.0,Y,02/23/2011,04/01/2011,1056,32.813398639951,-96.956821823604,Match,Non_Exact
32092042871,TKT EMPIRE LLC,3521 VISTA CIR,GRAND PRAIRIE,TX,75052,220,CL,1,LIQUOR EMPIRE 5,5630 E MOCKINGBIRD LN,DALLAS,TX,75206,57.0,445310.0,Y,02/09/2024,03/01/2024,1057,32.836454976098,-96.771398832798,Match,Non_Exact
12086993107,TANA GROUP LLC,2310 LADY RULE LN,LEWISVILLE,TX,75056,61,CL,1,7-ELEVEN CONVENIENCE STORE #27658A,100 W SANDY LAKE RD,COPPELL,TX,75019,57.0,445120.0,Y,04/02/2007,04/15/2007,1058,32.969404644595,-96.993817573301,Match,Exact
17523378218,"J. RIVAS ENTERPRISES, INC.",5507 LINDSLEY AVE,DALLAS,TX,75223,57,CT,1,PANADERIA DEL NORTE,5507 LINDSLEY AVE,DALLAS,TX,75223,57.0,445000.0,Y,12/21/1994,12/01/1994,1059,32.79605014685,-96.751423792766,Match,Exact
32092522120,ASMW INVESTMENT LLC,7902 ESTERS BLVD,IRVING,TX,75063,57,CL,1,SPEEDY B MART 2,7902 ESTERS BLVD,IRVING,TX,75063,57.0,445120.0,Y,11/29/2023,12/01/2023,1060,32.916634218491,-97.007850661077,Match,Exact
32050313439,"CARNITAS LA PRIMERA MEAT MARKET, INC",8721 LAKE JUNE RD,DALLAS,TX,75217,57,CT,1,CARNITAS LA PRIMERA MEAT MARKET,8721 LAKE JUNE RD,DALLAS,TX,75217,57.0,445110.0,Y,03/06/2013,04/01/2013,1061,32.734341055456,-96.670178105975,Match,Exact
32073799861,DESIGN'S BY CAKE DADDY LLC,3155 S LANCASTER RD STE 130,DALLAS,TX,75216,57,CL,1,DESIGN'S BY CAKE DADDY LLC,3155 S LANCASTER RD STE 130,DALLAS,TX,75216,57.0,445291.0,Y,09/02/2020,01/01/2021,1062,32.709027596911,-96.802621108929,Match,Exact
32098698932,MI BARRIO C-STORE LLC,509 N GILPIN AVE,DALLAS,TX,75211,57,CL,1,MI BARRIO C-STORE,509 N GILPIN AVE,DALLAS,TX,75211,57.0,445120.0,Y,03/29/2025,04/15/2025,1063,32.747793759333,-96.880695527683,Match,Exact
32066991939,A&T ICE CREAM CORPORATION,6484 NORTHERN DANCER DR,N RICHLND HLS,TX,76180,220,CT,2,BASKIN ROBBINS,2433 W KIEST BLVD,DALLAS,TX,75233,57.0,445299.0,Y,07/19/2024,06/04/2024,1064,32.705862457668,-96.857654464879,Match,Exact
32071190220,MEBRI GLOBAL INC.,1595 CROMWELL CT,ROCKWALL,TX,75032,199,CT,1,ICE BOX BEVERAGES,6410 SKILLMAN ST,DALLAS,TX,75231,57.0,445120.0,Y,07/11/2019,08/01/2019,1065,,,No_Match,
32091608250,SVN VS GROUP LLC,7279 MARQUIS LN,IRVING,TX,75063,57,CL,1,HAPPY MART,4302 W CAMP WISDOM RD,DALLAS,TX,75237,57.0,445120.0,Y,09/27/2023,11/01/2023,1066,32.661846479444,-96.889273876815,Match,Exact
32099878145,BHAMBA ENTERPRISES LLC,3501 N JUPITER RD APT 35A,RICHARDSON,TX,75082,43,CL,1,PALMS LIQUOR,1710 W MOCKINGBIRD LN UNIT B,DALLAS,TX,75235,57.0,445310.0,Y,06/24/2025,07/01/2025,1067,32.822156341792,-96.856934458527,Match,Non_Exact
32076908220,SAI SHERPA INC,1717 ARBOR CREEK DR,GARLAND,TX,75040,57,CT,1,SHERPA FOOD MART,2105 S GARLAND AVE,GARLAND,TX,75041,57.0,445120.0,Y,04/27/2023,01/01/2021,1068,32.892459315426,-96.650621355228,Match,Exact
17508732769,RANDALL'S FOOD & DRUGS LP,PO BOX 29096 C/O MS 6531,PHOENIX,AZ,85038,0,PF,205,TOM THUMB #1786 FS,4216 S CARRIER PKWY,GRAND PRAIRIE,TX,75052,57.0,445110.0,Y,11/14/2007,11/01/2007,1069,32.670634398072,-97.005207010677,Match,Exact
12080512689,"LMMM DALLAS #29, LTD.",PO BOX 55009,HOUSTON,TX,77255,101,PL,1,LA MICHOACANA MEAT MARKET DALLAS # 29,202 W PIONEER PKWY,GRAND PRAIRIE,TX,75051,57.0,445110.0,Y,09/18/2007,11/15/2007,1070,32.70963358072,-97.005362099077,Match,Exact
32063892338,NYAUPANE INC,1050 GALATYN PKWY APT 4048,RICHARDSON,TX,75082,57,CT,1,PRIMOS FOOD MART,207 CLARICE ST,GRAND PRAIRIE,TX,75051,57.0,445120.0,Y,06/02/2017,06/15/2017,1071,32.735827105552,-97.004955095555,Match,Exact
32078558627,SHANTANISE JACKSON,5908 PARK MANOR DR,DALLAS,TX,75241,57,IS,2,ASH LN QUICK STOP,3116 AL LIPSCOMB WAY,DALLAS,TX,75215,57.0,445120.0,Y,09/29/2025,03/25/2024,1072,,,No_Match,
10207206870,"TWT INTERESTS #1, LLC",1909 SKILLMAN ST,DALLAS,TX,75206,57,CL,2,THE WINE THERAPIST,5509 W LOVERS LN STE A,DALLAS,TX,75209,57.0,445310.0,Y,09/06/2006,09/09/2006,1073,,,No_Match,
17525746586,"E & S GROCERY & BAKERY, INC.",420 N PLANO RD,GARLAND,TX,75042,57,CT,1,E & S GROCERY & BAKERY INC,420 N PLANO RD,GARLAND,TX,75042,57.0,445110.0,Y,02/10/1995,02/10/1995,1074,32.91070912575,-96.700296482384,Match,Exact
32054855930,FAME MANAGEMENT INC,1012 E SEMINOLE TRL,CARROLLTON,TX,75007,61,CT,1,SUNNY'S MART,13900 JOSEY LN,FARMERS BRANCH,TX,75234,57.0,445120.0,Y,12/12/2014,01/01/2015,1075,32.933810835108,-96.888080384869,Match,Exact
32055532181,"DIPENDRA RAJANN, INC.",9770 FOREST LN,DALLAS,TX,75243,57,CT,1,AMERICAN DOLLAR +,9770 FOREST LN,DALLAS,TX,75243,57.0,445110.0,Y,10/29/2014,11/01/2014,1076,32.909392938875,-96.719119405145,Match,Exact
13002189754,"M. CACERES ENTERPRISES, INC.",3720 WALNUT HILL LN STE 109,DALLAS,TX,75229,57,CT,7,LATINA RESTAURANT,1103 S JOSEY LN STE 411,CARROLLTON,TX,75006,57.0,445120.0,Y,06/06/2019,06/06/2019,1077,32.951904779906,-96.890130959875,Match,Exact
32054197663,MAYA WEBB LLC,11411 HILLGUARD RD,DALLAS,TX,75243,57,CL,1,EL RIO GRANDE LATIN MARKET #8,10909 WEBB CHAPEL RD STE 131,DALLAS,TX,75229,57.0,445110.0,Y,09/11/2015,11/01/2015,1078,,,No_Match,
32043558975,"FOWLER'S TOFFEE, LLC",2033 W MCDERMOTT DR STE 320,ALLEN,TX,75013,43,CL,1,"FOWLER'S TOFFEE, LLC",6514 CHEVY CHASE AVE,DALLAS,TX,75225,57.0,445292.0,Y,10/21/2011,02/04/2011,1079,32.87149194961,-96.793178943444,Match,Exact
32044792565,"FINE WINES & SPIRITS OF NORTH TEXAS, LLC",6600 ROCKLEDGE DR STE 150,BETHESDA,MD,20817,0,CL,1,TOTAL WINE & MORE,9350 N CENTRAL EXPY,DALLAS,TX,75231,57.0,445310.0,Y,10/25/2011,01/16/2012,1080,32.874191504002,-96.769737647448,Match,Exact
32060356808,E SQUARE LLC,1712 WILDFLOWER TRL,GRAPEVINE,TX,76051,220,CL,2,C STORE,2014-2016 W BUCKINGHAM,GARLAND,TX,75042,57.0,445120.0,Y,03/01/2023,03/01/2023,1081,32.930432914496,-96.657528728332,Match,Non_Exact
32064951620,"FBM, LLC",1401 SAGEWOOD DR,DESOTO,TX,75115,57,CL,1,COX FARMS MARKET,13091 BEE ST,FARMERS BRANCH,TX,75234,57.0,445299.0,Y,01/24/2020,02/25/2020,1082,32.923697145235,-96.89601797127,Match,Exact
32085738865,GUANAMEX MEATS INC,13228 GLAD ACRES DR,FARMERS BRNCH,TX,75234,57,CT,1,GUANAMEX MEATS INC.,3435 JANE LN,DALLAS,TX,75247,57.0,445210.0,Y,06/19/2024,07/18/2024,1083,32.806707556734,-96.874025718176,Match,Exact
32093269051,PLEASANT HILL LLC,971 HERSCHELL ST,ALLEN,TX,75013,43,CL,1,S & K GROCERY,2801 S MARSALIS AVE,DALLAS,TX,75216,57.0,445120.0,Y,08/24/2024,09/13/2024,1084,32.713118980489,-96.814635571881,Match,Exact
32078590208,ANTOJITOS CUBANOS CORP,8812 HOLLIDAY LN,AUBREY,TX,76227,61,CT,2,ANTOJITOS CUBANOS,555 W AIRPORT FWY STE 148,IRVING,TX,75062,57.0,445120.0,Y,10/02/2025,10/01/2021,1085,32.837339475117,-96.952160089144,Match,Exact
17528749462,"SUPERTARGET LIQUOR OF TEXAS, INC.",PO BOX 9471,MINNEAPOLIS,MN,55440,0,CT,165,TARGET STORE T-1775,16731 COIT RD,DALLAS,TX,75248,57.0,445310.0,Y,11/15/2010,01/11/2011,1086,32.986281822065,-96.768319945477,Match,Exact
32098407177,K&J DISTRIBUTION LLC,636 SOTOGRANDE ST,GRAND PRAIRIE,TX,75051,57,CL,1,K&J DISTRIBUTION,1817 AVENUE F,GRAND PRAIRIE,TX,75051,57.0,445110.0,Y,04/03/2025,04/16/2025,1087,32.720062664842,-96.978602577375,Match,Exact
32040923834,"SPRINKLES CUPCAKES, LLC",7710 RIALTO BLVD UNIT 150,AUSTIN,TX,78735,227,CI,3,SPRINKLES ICE CREAM,8413 PRESTON CENTER PLZ,DALLAS,TX,75225,57.0,445291.0,Y,07/31/2013,08/01/2013,1088,32.864603954053,-96.802840433471,Match,Exact
14520435935,MANASLU INVESTMENTS INC,1413 W PIONEER DR,IRVING,TX,75061,57,CT,1,PIONEER FOOD MART,1413 W PIONEER DR,IRVING,TX,75061,57.0,445120.0,Y,12/02/2011,01/01/2012,1089,32.822433070212,-96.963582484017,Match,Exact
32059504277,SRI KUSH INC,4950 COLUMBIA AVE,DALLAS,TX,75214,57,CT,1,SHOP N GO,4950 COLUMBIA AVE,DALLAS,TX,75214,57.0,445120.0,Y,02/17/2016,03/01/2016,1090,32.796092278489,-96.762302597013,Match,Exact
32034079577,PAN WORTH INC,10956 ELAM RD,BALCH SPRINGS,TX,75180,57,CT,4,COUNTRY BOYS BEER & WINE,10956 ELAM RD,BALCH SPRINGS,TX,75180,57.0,445120.0,Y,03/17/2014,05/01/2014,1091,32.719292971741,-96.637516313771,Match,Exact
17528749462,"SUPERTARGET LIQUOR OF TEXAS, INC.",PO BOX 9471,MINNEAPOLIS,MN,55440,0,CT,164,TARGET STORE T-0013,13131 MONTFORT DR,DALLAS,TX,75240,57.0,445310.0,Y,11/15/2010,01/11/2011,1092,32.927460353124,-96.8114236198,Match,Exact
32016148002,WING STOP FOREST PRIVATE CLUB,13610 MIDWAY RD STE 241,DALLAS,TX,75244,57,CN,1,WING STOP FOREST PRIVATE CLUB,3128 FOREST LN STE 251,DALLAS,TX,75234,57.0,445310.0,Y,02/14/2005,01/01/2005,1093,32.909592262517,-96.871243752446,Match,Exact
10304249583,DOLANI & SONS INC.,1021 KYAN LN,CARROLLTON,TX,75006,57,CT,6,SNACKS 2 GO,2100 ROSS AVE STE 110,DALLAS,TX,75201,57.0,445120.0,Y,08/30/2011,09/10/2011,1094,32.787679410103,-96.798253100402,Match,Exact
32061305721,OLUREMI AYO MCDOWELL,2602 WHITE PLAINS DR,MIDLOTHIAN,TX,76065,70,IS,2,TRIPPLEG AFRICAN FOOD MART,108 W BELT LINE RD STE 1,CEDAR HILL,TX,75104,57.0,445110.0,Y,04/02/2025,06/30/2025,1095,32.589876173481,-96.944839497476,Match,Exact
32101026436,"PINK ROCOCO, LLC",1011 S PEARL EXPY APT 303,DALLAS,TX,75201,57,CI,2,PINKITZEL,417 N BISHOP AVE,DALLAS,TX,75208,57.0,445292.0,Y,09/30/2025,11/01/2025,1096,32.748223383948,-96.828374092954,Match,Exact
32071543527,GOODWILL GROUP LIMITED LIABILITY COMPANY,7575 MCCART AVE STE 102,FORT WORTH,TX,76123,220,CL,4,CORNER STORE,1028 W CAMP WISDOM RD STE 1028,DALLAS,TX,75232,57.0,445120.0,Y,02/04/2020,02/10/2020,1097,32.662020519391,-96.838727924817,Match,Exact
32044111410,CMDA INC.,3105 KENNISON CT,PLANO,TX,75093,43,CT,1,HANS TEXACO,12920 PRESTON RD,DALLAS,TX,75230,57.0,445120.0,Y,07/05/2012,07/01/2012,1098,,,No_Match,
32062879138,DESHI BAZZAR INC,2417 W AIRPORT FWY,IRVING,TX,75062,57,CT,1,DESHI BAZZAR INC,2417 W AIRPORT FWY,IRVING,TX,75062,57.0,445110.0,Y,02/23/2017,03/01/2017,1099,32.837433555394,-96.977260751482,Match,Exact
32090795397,"MEDITERRANEAN BAZAAR, LLC",1725 S INTERSTATE 35E STE 140,CARROLLTON,TX,75006,57,CL,1,"MEDITERRANEAN BAZAAR, LLC",1725 S INTERSTATE 35E STE 140,CARROLLTON,TX,75006,57.0,445110.0,Y,01/02/2024,01/01/2024,1100,32.941212952673,-96.902530137688,Match,Exact
32083164478,ASENNE BUSINESS LLC,2011 JACK COUNTY DR,FORNEY,TX,75126,129,CL,1,TJ FOOD MART,3802 N TOWN EAST BLVD,MESQUITE,TX,75150,57.0,445120.0,Y,01/24/2023,06/01/2022,1101,32.795960769492,-96.652946457278,Match,Exact
32017489140,NORTH TEXAS RETAILER INC.,PO BOX 111121,CARROLLTON,TX,75011,57,CT,1,ADDISON MARKET,5049 ADDISON CIR,ADDISON,TX,75001,57.0,445120.0,Y,08/02/2005,08/01/2005,1102,32.962152899325,-96.82409457588,Match,Exact
32073845482,"DOORDASH ESSENTIALS, LLC",303 2ND ST STE 800,SAN FRANCISCO,CA,94107,0,CI,17,DOORDASH ESSENTIALS,9155 STERLING ST STE 150,IRVING,TX,75063,57.0,445120.0,Y,12/09/2021,01/01/2022,1103,32.934103603284,-97.017130803569,Match,Exact
32096625283,BIANCA'S BAKESHOP LLC,5819 SWISS AVE,DALLAS,TX,75214,57,CL,1,BIANCA'S BAKESHOP LLC,5819 SWISS AVE,DALLAS,TX,75214,57.0,445291.0,Y,11/13/2024,11/12/2024,1104,32.810461412858,-96.760065331918,Match,Exact
32030551363,"SUNNY HOSPITALITY, LLC",3225 MCLEOD DR STE 100,LAS VEGAS,NV,89121,0,CL,2,LA QUINTA INN & SUITES,375 E INTERSTATE 30,GARLAND,TX,75043,57.0,445120.0,Y,12/16/2024,11/15/2013,1105,32.842060005405,-96.591761649244,Match,Non_Exact
15105040347,TRIGGER SYSTEMS LLC,3030 E MEADOWS BLVD,MESQUITE,TX,75150,57,CL,3,TRIGGER SYSTEMS LLC,2713 INDUSTRIAL LN,GARLAND,TX,75041,57.0,445292.0,Y,02/14/2022,01/01/2021,1106,32.884851293405,-96.675783729698,Match,Exact
32009069140,LEE JUNG SOO,2680 LEA CREST DR,DALLAS,TX,75216,57,IS,2,LUCKY ZONE MART,2680 LEA CREST DR,DALLAS,TX,75216,57.0,445120.0,Y,06/18/2020,06/18/2020,1107,32.712156773261,-96.785258718045,Match,Exact
32081728274,ARRIEA BERNIDETT LIGGINS,3723 HAMILTON AVE,DALLAS,TX,75210,57,IS,1,BOO'S CANDY HOUSE,3723 HAMILTON AVE,DALLAS,TX,75210,57.0,445292.0,Y,11/05/2021,11/03/2021,1108,32.772195116425,-96.754152266827,Match,Exact
32043855033,"ANN ARBOR RETAIL, CORP",717 E ANN ARBOR AVE,DALLAS,TX,75216,57,CT,1,SAM'S GROCERY STORE,717 E ANN ARBOR AVE,DALLAS,TX,75216,57.0,445110.0,Y,03/30/2011,04/01/2011,1109,32.69136908237,-96.814387774817,Match,Non_Exact
17508732769,RANDALL'S FOOD & DRUGS LP,PO BOX 29096 C/O MS 6531,PHOENIX,AZ,85038,0,PF,94,RANDALL'S FOOD AND DRUG #3623,210 E PLEASANT RUN RD,DESOTO,TX,75115,57.0,445110.0,Y,05/15/2001,05/02/2001,1110,32.604029028086,-96.85622816656,Match,Exact
17419316645,GOOD SPIRITS LLC,PO BOX 29096,PHOENIX,AZ,85038,0,CL,330,GOOD SPIRITS LLC #4129,2828 MOTLEY DR,MESQUITE,TX,75150,57.0,445310.0,Y,04/09/2013,05/15/2013,1111,,,No_Match,
17106365988,QUALITY LICENSING CORP.,508 SW 8TH ST,BENTONVILLE,AR,72712,0,CT,459,QUALITY LICENSING CORP. STORE 6376,4150 BELT LINE RD,ADDISON,TX,75001,57.0,445310.0,Y,01/06/2011,02/01/2011,1112,32.954239503068,-96.840440916209,Match,Exact
32097839701,PRNP PARTNERS LLC,2519 TURNBERRY CT,IRVING,TX,75063,57,CL,1,WEBB CHAPEL BEER & WINE,1004 WEBB CHAPEL RD,CARROLLTON,TX,75006,57.0,445310.0,Y,09/30/2025,11/01/2025,1113,32.953295022113,-96.870955673051,Match,Exact
32071865128,"PUREE EARTH, LLC.",6423 ABERDEEN AVE,DALLAS,TX,75230,57,CL,1,PUREE EARTH,6423 ABERDEEN AVE,DALLAS,TX,75230,57.0,445110.0,Y,09/19/2019,10/01/2019,1114,32.882307539072,-96.795677998028,Match,Exact
17427437011,SPEC'S FAMILY CORP.,2410 SMITH ST,HOUSTON,TX,77006,101,CT,170,SPEC'S LIQUOR NO 90,7777 HINES PL,DALLAS,TX,75235,57.0,445310.0,Y,01/27/2023,02/01/2023,1115,32.831404402015,-96.859885621919,Match,Exact
17106365988,QUALITY LICENSING CORP.,508 SW 8TH ST,BENTONVILLE,AR,72712,0,CT,294,QUALITY LICENSING CORP (STORE #1055),5302 N GADRLAND AVENUE,GARLAND,TX,75044,57.0,445310.0,Y,05/11/2005,05/15/2005,1116,32.961296152774,-96.647193582603,Match,Non_Exact
32063643277,"ABUGEDA GROCERY, LLC",12101 GREENVILLE AVE STE 107,DALLAS,TX,75243,57,CL,1,"ABUGEDA GROCERY, LLC",12101 GREENVILLE AVE STE 107,DALLAS,TX,75243,57.0,445110.0,Y,06/12/2017,06/19/2017,1117,32.913430280597,-96.74529447684,Match,Exact
32087945989,MEAT SURPLUS LLC,1208 HOLLYWOOD AVE,DALLAS,TX,75208,57,CL,1,MEAT SURPLUS LLC,2445 W NORTHWEST HWY STE 105,DALLAS,TX,75220,57.0,445210.0,Y,10/02/2025,10/01/2025,1118,32.858805226168,-96.881985738262,Match,Exact
17427437011,SPEC'S FAMILY CORP.,2410 SMITH ST,HOUSTON,TX,77006,101,CT,160,"SPEC'S WINES, SPIRITS & FINER FOODS #115",1613 W NORTHWEST HWY,DALLAS,TX,75220,57.0,445310.0,Y,01/27/2023,02/01/2023,1119,32.872131434863,-96.924150688642,Match,Exact
32089257656,ARDHIKA INC,387 LAS COLINAS BLVD E STE 106,IRVING,TX,75039,57,CT,1,URBAN CENTER MARKET,387 LAS COLINAS BLVD E STE 106,IRVING,TX,75039,57.0,445120.0,Y,04/26/2023,06/15/2023,1120,32.864927520081,-96.936488379471,Match,Exact
32053723154,BASILIO HERNANDEZ MALDONADO,2008 W CLARENDON DR,DALLAS,TX,75208,57,IS,1,PALETERIA DELICIAS,2008 W CLARENDON DR,DALLAS,TX,75208,57.0,445299.0,Y,01/18/2022,10/01/2015,1121,32.73492646587,-96.85179356526,Match,Exact
14709003710,BGC BEVERAGE COMPANY,PO BOX 1411,TYLER,TX,75710,212,CT,92,BROOKSHIRE FOOD STORE #106,125 HALL RD,SEAGOVILLE,TX,75159,57.0,445310.0,Y,11/09/2012,11/20/2012,1122,32.649132046895,-96.548471241168,Match,Exact
32018792211,ABELARDO GALINDO,5306 W DAVIS ST,DALLAS,TX,75211,57,IS,1,SUPER MERCADO MONTERREY 5,5306 W DAVIS ST,DALLAS,TX,75211,57.0,445110.0,Y,12/28/2005,01/09/2006,1123,,,No_Match,
32096988194,"R&AS BUSINESS, LLC.",2520 TRIANGLE LEAF DR,FORT WORTH,TX,76244,220,CL,1,MM FOOD MART,3626 SATURN RD,GARLAND,TX,75041,57.0,445120.0,Y,10/08/2024,10/08/2024,1124,32.873046084351,-96.64817115174,Match,Exact
32074035802,"AMOR Y QUESO, LLC",1500 BARCLAY DR,RICHARDSON,TX,75081,57,CL,1,AMOR Y QUESO,2932 MAIN ST,DALLAS,TX,75226,57.0,445299.0,Y,11/03/2020,11/14/2020,1125,32.784240405897,-96.781625206698,Match,Exact
32041556625,"CHARVEL ENTERPRISES, INC.",317 E PIONEER PKWY,GRAND PRAIRIE,TX,75051,57,CT,1,LA NUEVA PUNTADA #5,417 E CAMP WISDOM RD,DUNCANVILLE,TX,75116,57.0,445299.0,Y,05/07/2010,05/01/2010,1126,32.661904985259,-96.915521986844,Match,Non_Exact
32091286115,ROBINS RP LLC,3600 SARATOGA DOWNS WAY,FORT WORTH,TX,76244,220,CL,1,"GOOD LUCK CHICKEN, SEA FOOD AND HAMBURGER",2642 MALCOLM X BLVD,DALLAS,TX,75215,57.0,445120.0,Y,09/01/2023,09/01/2023,1127,,,No_Match,
17106365988,QUALITY LICENSING CORP.,508 SW 8TH ST,BENTONVILLE,AR,72712,0,CT,784,QUALITY LICENSING CORP STORE # 5824 FUEL CENTER,2001 MILITARY PKWY,MESQUITE,TX,75149,57.0,445310.0,Y,01/30/2017,04/30/2017,1128,32.768271497817,-96.630014966007,Match,Exact
17524505686,FIRST MINIT MARKIT INC.,5150 DUCK CREEK DR STE 107,GARLAND,TX,75043,57,CT,1,FIRST MINIT MARKIT,5150 DUCK CREEK DR # 107,GARLAND,TX,75043,57.0,445120.0,Y,11/20/1992,12/01/1992,1129,32.851696374759,-96.61045911272,Match,Exact
12637320990,AHVT CORPORATION,12000 JEREME TRL,FRISCO,TX,75035,43,CT,1,BENNY'S FOOD MART,5942 ABRAMS RD,DALLAS,TX,75231,57.0,445120.0,Y,11/18/2008,01/01/2009,1130,,,No_Match,
12717892611,"PROGRESO LMMM DALLAS #4, LLC",8845 LONG POINT RD STE A ATTN: CAROLINA,HOUSTON,TX,77055,101,CL,1,LA MICHOACANA MEAT MARKET DALLAS #4,6770 GREENVILLE AVE,DALLAS,TX,75231,57.0,445110.0,Y,02/05/2010,02/08/2010,1131,32.869720108439,-96.766016295526,Match,Exact
17606039679,"RANDALL'S BEVERAGE COMPANY, INC.",PO BOX 29096,PHOENIX,AZ,85038,0,CT,149,TOM THUMB #1781,106 N DENTON TAP RD,COPPELL,TX,75019,57.0,445110.0,Y,11/08/2006,01/01/2007,1132,32.971266481431,-96.993516326673,Match,Exact
32087536440,BLOOMS GOURMET GIFTS LLC,4621 MORNINGLORY PKWY,MIDLOTHIAN,TX,76065,70,CL,1,BLOOMS GOURMET GIFTS,305 W FM 1382 STE 302,CEDAR HILL,TX,75104,57.0,445299.0,Y,02/25/2023,05/10/2023,1133,32.5992478819,-96.942687710718,Match,Exact
17508732769,RANDALL'S FOOD & DRUGS LP,PO BOX 29096 C/O MS 6531,PHOENIX,AZ,85038,0,PF,127,RANDALL'S FOOD AND DRUG #1783,2645 ARAPAHO RD,GARLAND,TX,75044,57.0,445110.0,Y,05/16/2001,05/02/2001,1134,32.959649205707,-96.66480715366,Match,Exact
32087325364,MAPASS LLC,4411 SAMARTH ST,IRVING,TX,75061,57,CL,1,LONE STAR LIQUOR,3806 S STATE HIGHWAY 161 STE 500,GRAND PRAIRIE,TX,75052,57.0,445310.0,Y,01/06/2023,01/01/2023,1135,32.69158754223,-97.023760831056,Match,Non_Exact
32059664568,SAI JAMUNA INC,2221 LORETO DR,FORT WORTH,TX,76177,220,CT,2,1 SHOP C-STORE,910 S HAMPTON RD STE D,DALLAS,TX,75208,57.0,445120.0,Y,08/24/2016,09/01/2016,1136,32.736972506073,-96.856606834099,Match,Non_Exact
32001838484,EYOB HAILE AND YOUSEF KIDANE,205 N CARROLL AVE,DALLAS,TX,75246,57,PI,1,PAYLESS CONVENIENCE STORE,205 N CARROLL AVE,DALLAS,TX,75246,57.0,445310.0,Y,10/01/1999,11/25/1999,1137,32.792289980105,-96.768443557938,Match,Exact
19120524681,"COSTCO TEXAS BEVERAGES, INC.",PO BOX 35005,SEATTLE,WA,98124,0,CT,15,COSTCO TEXAS BEVERAGES INC #636,250 W HIGHWAY 67,DUNCANVILLE,TX,75137,57.0,445310.0,Y,05/02/2006,06/01/2006,1138,32.622714577175,-96.910067573456,Match,Exact
17606039679,"RANDALL'S BEVERAGE COMPANY, INC.",PO BOX 29096,PHOENIX,AZ,85038,0,CT,173,RANDALL'S #1973,7000 SNIDER PLZ,UNIVERSITY PARK,TX,75205,57.0,445110.0,Y,01/18/2011,01/17/2011,1139,32.850312780235,-96.787760553324,Match,Non_Exact
18414445173,"VITAMIN COTTAGE NATURAL FOOD MARKETS, INC",12612 W ALAMEDA PKWY ATTN:  TERRI CLARKE,LAKEWOOD,CO,80228,0,CF,13,NATURAL GROCERS BY VITAMIN COTTAGE,9440 GARLAND RD STE 150,DALLAS,TX,75218,57.0,445110.0,Y,01/04/2013,01/01/2013,1140,32.832806853632,-96.703209807516,Match,Exact
32040876727,GIFTY YEBOAH,10336 DEVIN LN,HURST,TX,76053,220,IS,1,MAMA GIFTY'S KENKEY,1102 W PIONEER PKWY STE 125,GRAND PRAIRIE,TX,75051,57.0,445299.0,Y,08/05/2016,01/15/2010,1141,32.70975058132,-97.019849017509,Match,Exact
32078134270,ABSWOT AFRICAN STORE CORP,10601 CLARENCE DR STE 250,FRISCO,TX,75033,43,CT,1,ABSWOT AFRICAN STORE,1426 S CLARK RD,DUNCANVILLE,TX,75137,57.0,445110.0,Y,03/19/2021,03/10/2021,1142,32.630564312252,-96.94314612838,Match,Exact
32060668624,RUBEN ARMIJO,2438 GIBBS WILLIAMS RD,DALLAS,TX,75233,57,IS,1,ARMIJO'S FRESH PRODUCE,2424 S CESAR CHAVEZ BLVD,DALLAS,TX,75215,57.0,445230.0,Y,06/06/2016,06/06/2016,1143,,,No_Match,
17106365988,QUALITY LICENSING CORP.,508 SW 8TH ST,BENTONVILLE,AR,72712,0,CT,772,QUALITY LICENSING CORP.-STORE #4503 FUEL CENTER,2640 S STATE HIGHWAY 161,GRAND PRAIRIE,TX,75052,57.0,445310.0,Y,10/27/2016,12/01/2016,1144,32.707764069436,-97.024091259481,Match,Non_Exact
32094092015,MIRNA ESTELA LLC,3011 PACIFICA ST,CARROLLTON,TX,75007,61,CL,1,PORTILLO'S BAKERY,580 W ARAPAHO RD STE 218,RICHARDSON,TX,75080,57.0,445291.0,Y,12/21/2024,04/01/2024,1145,32.963201908503,-96.73737329041,Match,Exact
32020223395,ALDI (TEXAS) L.L.C.,2500 WESTCOURT RD,DENTON,TX,76207,61,CL,29,ALDI (TEXAS) L.L.C. # 30,9779 FOREST LN STE 200C,DALLAS,TX,75243,57.0,445110.0,Y,03/19/2010,05/10/2010,1146,32.909618026626,-96.719254433936,Match,Exact
32046565779,BISHNU DEVI MAI INC.,3005 S CARRIER PKWY STE 101,GRAND PRAIRIE,TX,75052,57,CT,1,RNS FINAL STOP,3005 S CARRIER PKWY STE 101,GRAND PRAIRIE,TX,75052,57.0,445120.0,Y,01/18/2012,02/01/2012,1147,32.701561933281,-97.015350334911,Match,Exact
32085539008,SIDDHIPRIYA DEEP ELLUM LLC,813 PARK VISTA CIR,SOUTHLAKE,TX,76092,220,CL,1,FOSSIL CREEK LIQUOR,222 S HALL ST,DALLAS,TX,75226,57.0,445310.0,Y,10/15/2022,01/01/2023,1148,32.783897326073,-96.778522643942,Match,Exact
32006265329,SAVOEUN PRUM,608 HALL RD,SEAGOVILLE,TX,75159,57,IS,2,SAVOEUN PRUM,608 HALL RD,SEAGOVILLE,TX,75159,57.0,445291.0,Y,04/04/2025,04/01/2025,1149,32.652502727445,-96.542016152074,Match,Exact
17516652082,"MARLOW'S ENTERPRISES, INC.",PO BOX 360549,DALLAS,TX,75336,57,CT,4,MARLOW'S FUEL,11810 C F HAWN FWY,DALLAS,TX,75253,57.0,445110.0,Y,03/13/1987,03/01/1987,1150,32.695491662932,-96.639056335988,Match,Non_Exact
17106365988,QUALITY LICENSING CORP.,508 SW 8TH ST,BENTONVILLE,AR,72712,0,CT,453,QUALITY LICENSING CORP #6372,8282 PARK LN,DALLAS,TX,75231,57.0,445310.0,Y,10/27/2010,11/01/2010,1151,32.871340039515,-96.762961228446,Match,Exact
32064760120,VIAAN RETAIL LLC,610 E RED BIRD LN,DUNCANVILLE,TX,75116,57,CL,2,COOL BREEZE FOOD MART,610 E RED BIRD LN,DUNCANVILLE,TX,75116,57.0,445120.0,Y,02/10/2020,03/02/2020,1152,32.676427213775,-96.894523254753,Match,Exact
32076399503,SAI ARYA LAXMI INC,2413 TOP RAIL LN,SOUTHLAKE,TX,76092,220,CT,1,CORNER MART,1717 OATES DR,MESQUITE,TX,75150,57.0,445120.0,Y,11/05/2020,11/05/2020,1153,32.839018506573,-96.627982535628,Match,Exact
32073845482,"DOORDASH ESSENTIALS, LLC",303 2ND ST STE 800,SAN FRANCISCO,CA,94107,0,CI,10,DOORDASH ESSENTIALS,3015 ARAPAHO RD,GARLAND,TX,75044,57.0,445120.0,Y,08/06/2021,10/01/2021,1154,32.960760518989,-96.674150367563,Match,Exact
32073425301,FRUIT GUYS 1092 LLC,4773 PARKSIDE DR,FRISCO,TX,75034,61,CL,1,EDIBLE ARRANGEMENTS 1092,2654 N BELT LINE RD,IRVING,TX,75062,57.0,445299.0,Y,05/19/2020,06/01/2020,1155,32.842761869603,-96.992358744522,Match,Exact
32016103627,VP FUEL MART  INC,2052 FORT WORTH AVE,DALLAS,TX,75208,57,CT,2,PAUL'S EXXON,2052 FORT WORTH AVE,DALLAS,TX,75208,57.0,445120.0,Y,08/26/2013,09/15/2013,1156,,,No_Match,
32049449310,LOK BUSINESS INVESTMENTS INC,940 E BELT LINE RD STE 100,RICHARDSON,TX,75081,57,CT,1,ICE HOUSE BEVERAGE,940 E BELT LINE RD STE 100,RICHARDSON,TX,75081,57.0,445310.0,Y,06/26/2013,06/20/2013,1157,32.947509766667,-96.711852579138,Match,Exact
12055731843,KASUMBI & SAWANI INC,4050 GUS THOMASSON RD,MESQUITE,TX,75150,57,CT,2,ONE STAR FOOD MART #8,4050 GUS THOMASSON RD,MESQUITE,TX,75150,57.0,445120.0,Y,12/05/2007,01/01/2008,1158,32.819081118014,-96.640702861855,Match,Exact
32046716513,ABOYE LLC,2750 W NORTHWEST HWY STE 100,DALLAS,TX,75220,57,CL,1,7-ELEVEN CONVENIENE STORE #26721,2750 W NORTHWEST HWY STE 100,DALLAS,TX,75220,57.0,445120.0,Y,01/27/2012,03/01/2012,1159,32.858107988661,-96.874978395613,Match,Exact
32067071475,PRASIDDHA GROUP LLC,4634 W NORTHGATE DR APT 244,IRVING,TX,75062,57,CL,1,SHOP N GO,1885 ESTERS RD STE 110,IRVING,TX,75061,57.0,445110.0,Y,05/15/2018,06/01/2018,1160,32.832886150943,-97.009649613437,Match,Exact
32060048686,RICHARDSON CAKES LLC,3 BRIARWOOD CIR,RICHARDSON,TX,75080,57,CL,1,NOTHING BUNDT CAKES,324 W CAMPBELL RD,RICHARDSON,TX,75080,57.0,445291.0,Y,07/12/2016,09/15/2016,1161,32.975590602271,-96.722098193669,Match,Exact
17419316645,GOOD SPIRITS LLC,PO BOX 29096,PHOENIX,AZ,85038,0,CL,311,GOOD SPIRITS LLC #4260,2165 BUCKINGHAM RD,RICHARDSON,TX,75081,57.0,445310.0,Y,11/10/2006,12/01/2006,1162,32.931524892434,-96.686024230102,Match,Non_Exact
32008754080,RUBEN HERNANDEZ ACOSTA,6828 KENNISON DR,DALLAS,TX,75227,57,IS,4,M & D DISCOUNT,5501 LINDSLEY AVE,DALLAS,TX,75223,57.0,445120.0,Y,02/08/2007,03/01/2007,1163,32.796012257857,-96.751466539324,Match,Exact
32023467650,"SWADESHI PLAZA, INC.",7964 N MACARTHUR BLVD STE 100,IRVING,TX,75063,57,CT,2,SWADESHI PLAZA,7964 N MACARTHUR BLVD,IRVING,TX,75063,57.0,445120.0,Y,02/08/2007,01/20/2007,1164,32.918460092246,-96.958441051793,Match,Exact
17528749462,"SUPERTARGET LIQUOR OF TEXAS, INC.",PO BOX 9471,MINNEAPOLIS,MN,55440,0,CT,69,TARGET STORE T-1489,5301 N GARLAND AVE,GARLAND,TX,75040,57.0,445310.0,Y,04/27/2006,03/01/2006,1165,32.963725988307,-96.644706707216,Match,Exact
12612160676,SHRESTHA INVESTMENT INC.,210 JOSEPH DR,GLENN HEIGHTS,TX,75154,70,CT,1,GATEWAY 24,3915 LINFIELD RD,DALLAS,TX,75216,57.0,445120.0,Y,10/23/2007,11/15/2007,1166,,,No_Match,
17513185730,"GOODY GOODY LIQUOR, INC.",10370 OLYMPIC DR,DALLAS,TX,75220,57,CT,67,GOODY GOODY LIQUOR #27,3340 W ROYAL LN,IRVING,TX,75063,57.0,445310.0,Y,08/23/2019,11/01/2019,1167,32.9116039798,-96.992522063566,Match,Exact
12023032878,"CEDAR SPRINGS ALEXANDRE'S BAR, L.P.",4026 CEDAR SPRINGS RD,DALLAS,TX,75219,57,PL,1,"CEDAR SPRINGS ALEXANDRE'S BAR, L.P.",4026 CEDAR SPRINGS RD,DALLAS,TX,75219,57.0,445310.0,Y,02/10/2005,03/01/2005,1168,32.81127892159,-96.811419667649,Match,Exact
32076380719,"ASCENSION CC BEVERAGE HOLDING, LLC",16400 DALLAS PKWY STE 100,DALLAS,TX,75248,57,CL,1,ASCENSION CRESCENT COURT,200 CRESCENT CT STE 40,DALLAS,TX,75201,57.0,445299.0,Y,10/31/2020,11/01/2020,1169,32.794227352207,-96.803619761823,Match,Exact
32049232195,JOSE A GARCIA,1601 MILLERS FERRY RD TRLR 196,WILMER,TX,75172,57,IS,1,ARCO,1601 MILLER FERRY RD TRLR 196,WILMER,TX,75172,57.0,445120.0,Y,10/15/2012,10/15/2012,1170,32.602584389656,-96.693464124943,Match,Non_Exact
32049473005,"SFM, LLC",5455 E HIGH ST STE 111,PHOENIX,AZ,85054,0,CI,27,SPROUTS FARMERS MARKET,6465 E MOCKINGBIRD LN STE 322,DALLAS,TX,75214,57.0,445110.0,Y,04/25/2022,06/21/2022,1171,32.836626977249,-96.750804280479,Match,Exact
32059803331,LA POPULAR PANADERIA LLC,4892 J R CT,ROYSE CITY,TX,75189,116,CL,2,LA POPULAR PANADERIA #2,1512 S BELT LINE RD,DALLAS,TX,75253,57.0,445291.0,Y,06/24/2024,08/15/2020,1172,32.680560154906,-96.59688267638,Match,Exact
32057905559,SAI JBA INC,2413 TOP RAIL LN,SOUTHLAKE,TX,76092,220,CT,1,Y-SATURN CONVENIENCE STORE,5013 SATURN RD,GARLAND,TX,75041,57.0,445120.0,Y,07/31/2015,09/01/2015,1173,32.85748668021,-96.648414536792,Match,Exact
32095172238,FLAMINGO LIQUOR LLC,4340 HARRY HINES BLVD APT B,DALLAS,TX,75219,57,CL,1,FLAMINGO MARKET CENTER,4340 HARRY HINES BLVD STE B,DALLAS,TX,75219,57.0,445310.0,Y,06/18/2024,07/01/2024,1174,32.805249306406,-96.825687706733,Match,Non_Exact
32059465206,THREE PATELS LLC,6536 SKILLMAN ST,DALLAS,TX,75231,57,CL,1,CINDY DISCOUNT LIQUOR,6536 SKILLMAN ST,DALLAS,TX,75231,57.0,445310.0,Y,02/04/2016,01/01/2016,1175,32.865981490721,-96.741978111199,Match,Exact
32050524761,URSULA J ANDERSON,342 TRIBUTE RD,LANCASTER,TX,75146,57,IS,2,THE PRALINE PANTRY,342 TRIBUTE RD,LANCASTER,TX,75146,57.0,445292.0,Y,07/06/2016,08/01/2016,1176,32.590971172778,-96.792365778619,Match,Non_Exact
32050031437,PRASADHI LIMITED LIABILITY COMPANY,PO BOX 541895,GRAND PRAIRIE,TX,75054,57,CL,2,LOVELY MART,3249 FOREST LN,GARLAND,TX,75042,57.0,445120.0,Y,05/21/2013,06/10/2013,1177,32.90935252892,-96.679178316099,Match,Exact
17106365988,QUALITY LICENSING CORP.,508 SW 8TH ST,BENTONVILLE,AR,72712,0,CT,449,QUALITY LICENSING CORP STORE#3406,15220 MONTFORT RD,DALLAS,TX,75248,57.0,445310.0,Y,10/26/2010,11/01/2010,1178,,,No_Match,
17508732769,RANDALL'S FOOD & DRUGS LP,PO BOX 29096 C/O MS 6531,PHOENIX,AZ,85038,0,PF,93,RANDALL'S FOOD AND DRUG #2642,5809 E LOVERS LN,DALLAS,TX,75206,57.0,445110.0,Y,05/15/2001,05/02/2001,1179,32.851146855898,-96.76732667921,Match,Exact
32063330891,SRI ANILJI INC,2740 SANDY LN,FORT WORTH,TX,76112,220,CT,1,FRIENDLY FOOD MART DELI,2200 CEDAR CREST BLVD,DALLAS,TX,75203,57.0,445120.0,Y,04/04/2017,04/01/2017,1180,32.730964905475,-96.794672529741,Match,Exact
32093559220,BHBYOUNG CORPORATION,1710 RAINBOW DR,RICHARDSON,TX,75081,57,CT,1,DONUT KINGSLEY,9670 PLANO RD,DALLAS,TX,75238,57.0,445291.0,Y,02/07/2024,03/01/2024,1181,,,No_Match,
17508732769,RANDALL'S FOOD & DRUGS LP,PO BOX 29096 C/O MS 6531,PHOENIX,AZ,85038,0,PF,76,TOM THUMB #2534,6333 E MOCKINGBIRD LN # 301,DALLAS,TX,75214,57.0,445110.0,Y,05/15/2001,05/02/2001,1182,32.836588453824,-96.754546076198,Match,Exact
32063105673,ARSALAN VENTURE INC,4505 LASATER RD,MESQUITE,TX,75181,57,CT,1,AM FOOD MART,4505 LASATER RD,MESQUITE,TX,75181,57.0,445120.0,N,08/23/2022,05/01/2017,1183,32.709918608191,-96.58264803242,Match,Exact
32063146719,DGR BUSINESS LLC,12660 JUPITER RD APT 1721,DALLAS,TX,75238,57,CL,1,NEIGHBORHOOD CONVENIENCE STOP,3342 BROADWAY BLVD STE 118,GARLAND,TX,75043,57.0,445120.0,Y,03/23/2017,04/01/2017,1184,32.87478733271,-96.616528379283,Match,Exact
32073532320,NENIS LLC,705 STACY DR,SOUTHLAKE,TX,76092,220,CL,1,NENIS LLC,15201 DALLAS PKWY,ADDISON,TX,75001,57.0,445120.0,Y,04/25/2024,03/16/2020,1185,32.954230142869,-96.822335139829,Match,Exact
17606039679,"RANDALL'S BEVERAGE COMPANY, INC.",PO BOX 29096,PHOENIX,AZ,85038,0,CT,119,TOM THUMB #3563,633 W WHEATLAND RD,DUNCANVILLE,TX,75116,57.0,445110.0,Y,09/05/2003,10/01/2003,1186,32.647541167727,-96.922891037501,Match,Exact
18201844349,ALBERTSON'S LLC,PO BOX 29096,PHOENIX,AZ,85038,0,CI,165,ALBERTSON'S #4289,320 CASA LINDA PLAZA BUCKNER AT GARLAND,DALLAS,TX,75218,57.0,445110.0,Y,03/27/1992,06/24/1992,1187,32.833830248504,-96.702256496342,Match,Non_Exact
32063867520,"GRAPH COFFEE, LLC",1635 CHAMPAGNE DR,DALLAS,TX,75224,57,CL,2,GRAPH COFFEE,1805 S EDGEFIELD AVE,DALLAS,TX,75224,57.0,445299.0,Y,01/19/2022,10/12/2021,1188,32.727856040382,-96.844525947065,Match,Exact
17106365988,QUALITY LICENSING CORP.,508 SW 8TH ST,BENTONVILLE,AR,72712,0,CT,292,QUALITY LICENSING CORP (STORE# 3224),555 W I-30,GARLAND,TX,75043,57.0,445310.0,Y,05/11/2005,05/15/2005,1189,32.839515709512,-96.59811405591,Match,Exact
32095110550,AFRICAN FOOD MARKET LLC,6301 ABRAMS RD STE 127,DALLAS,TX,75231,57,CL,1,AFRICAN FOOD MARKET LLC,6301 ABRAMS RD STE 127,DALLAS,TX,75231,57.0,445110.0,Y,05/21/2024,05/18/2024,1190,32.859822266026,-96.746224638907,Match,Exact
17419316645,GOOD SPIRITS LLC,PO BOX 29096,PHOENIX,AZ,85038,0,CL,286,GOOD SPIRITS LLC,2150 N JOSIE LANE,CARROLLTON,TX,75006,57.0,445310.0,Y,09/20/2004,10/01/2004,1191,32.971809464011,-96.889789981301,Match,Non_Exact
32091761489,THOUSAND LIGHTS LLC,4208 NIA DR,IRVING,TX,75038,57,CL,1,LIQUOR ISLAND,2329 W SHADY GROVE RD,IRVING,TX,75060,57.0,445310.0,Y,10/03/2023,12/01/2023,1192,32.800482567921,-96.975884800992,Match,Exact
17527792349,"ROCKWALL BEVERAGE CENTER, L.P.",2907 HIGHWAY 121,BEDFORD,TX,76021,220,PL,3,LIQUOR DEPOT EXPRESS,7512 E NORTHWEST HWY,DALLAS,TX,75238,57.0,445310.0,Y,12/21/2012,01/01/2013,1193,32.855007808085,-96.732444558131,Match,Exact
32051556655,"PEYMON ENTERPRISES, CORP",1230 N SAINT AUGUSTINE DR,DALLAS,TX,75217,57,CT,1,ST AUGUSTINE FOOD MART,1230 N SAINT AUGUSTINE DR,DALLAS,TX,75217,57.0,445120.0,Y,01/23/2014,02/01/2014,1194,32.733102506562,-96.65685554841,Match,Exact
18201844349,ALBERTSON'S LLC,PO BOX 29096,PHOENIX,AZ,85038,0,CI,216,ALBERTSON'S #4187,1500 S BELT LINE RD,MESQUITE,TX,75149,57.0,445110.0,Y,03/25/1996,05/15/1996,1195,32.745776275042,-96.596916059237,Match,Exact
32066265680,"TEKA INVESTMENT, INC.",2730 OAK TREE DR APT 2208,CARROLLTON,TX,75006,57,CT,1,EZ FOOD MART BEER WINE,901 BELT LINE RD STE 100-101,GARLAND,TX,75040,57.0,445120.0,Y,06/20/2018,09/01/2018,1196,32.940669216147,-96.640258454005,Match,Non_Exact
17106365988,QUALITY LICENSING CORP.,508 SW 8TH ST,BENTONVILLE,AR,72712,0,CT,511,QUALITY LICENSING CORP. STORE #5889,9410 WEBB CHAPEL RD,DALLAS,TX,75220,57.0,445310.0,Y,07/11/2012,10/01/2012,1197,32.860659196563,-96.857456422475,Match,Exact
32039566313,"COOL'S LIQUOR, LLC",501 CORINTH ST,DALLAS,TX,75207,57,CL,1,COOL'S LIQUOR,501 CORINTH ST,DALLAS,TX,75207,57.0,445310.0,Y,03/29/2010,02/20/2010,1198,32.761408607736,-96.793133234748,Match,Exact
32017281356,"TEXAS ICE VENDING, LLC",4100 ELDORADO PKWY STE 100,MCKINNEY,TX,75070,43,CL,13,"TEXAS ICE VENDING, LLC",2372 OATES DR,DALLAS,TX,75228,57.0,445299.0,Y,02/22/2016,02/01/2016,1199,32.821449885048,-96.675365660993,Match,Exact
32041007645,"LA REGIONAL, INC.",300 E JEFFERSON BLVD,DALLAS,TX,75203,57,CT,1,SUPER MERCADO MONTERREY,1120 S WESTMORELAND RD,DALLAS,TX,75211,57.0,445110.0,Y,01/21/2010,02/20/2010,1200,32.733797941844,-96.874114034059,Match,Exact
32037222018,"CHIMP FEET INVESTMENTS, LLC",225 BEE CAVES RD,LUCAS,TX,75002,43,CL,1,7-ELEVEN STORE # 33690,7818 ROWLETT RD,ROWLETT,TX,75089,57.0,445120.0,Y,06/17/2008,07/16/2008,1201,32.927663221228,-96.58486962002,Match,Exact
32102466680,TROPPICUBA SUPERMARKET LLC,4200 GUS THOMASSON RD STE 103,MESQUITE,TX,75150,57,CL,1,TROPPICUBA SUPERMARKET LLC,4200 GUS THOMASSON RD STE 103,MESQUITE,TX,75150,57.0,445110.0,Y,10/10/2025,10/15/2025,1202,,,No_Match,
32062910222,NIGEL 2011 INC,3620 SHEPHERD LN STE A,BALCH SPRINGS,TX,75180,57,CT,1,HOWDY'S FOOD MART,3620 SHEPHERD LN STE A,BALCH SPRINGS,TX,75180,57.0,445120.0,Y,03/09/2017,03/15/2017,1203,32.720508612089,-96.613991557868,Match,Non_Exact
12034143292,"POKEY O'S COOKIES & ICE CREAM, LLC",2111 N COOPER ST,ARLINGTON,TX,76011,220,CL,1,POKEY O'S COOKIES & ICE CREAM,3034 MOCKINGBIRD LN,DALLAS,TX,75205,57.0,445299.0,Y,12/01/2005,12/15/2005,1204,32.831882116536,-96.839566293623,Match,Non_Exact
32038537802,"WESTERN SPIRITS BEVERAGE COMPANY, LLC",350 N SAINT PAUL ST,DALLAS,TX,75201,57,CI,1,WESTERN SPIRITS BEVERAGE COMPANY,350 N SAINT PAUL ST,DALLAS,TX,75201,57.0,445310.0,Y,03/31/2010,03/01/2010,1205,32.783405412934,-96.796822533693,Match,Exact
32072222261,YM  STARS LLC,407 N LAMAR ST STE 400,DALLAS,TX,75202,57,CL,1,CORNER CONVENIENCE SHOP,407 N LAMAR ST STE 400,DALLAS,TX,75202,57.0,445120.0,Y,11/02/2019,11/12/2019,1206,32.781516511416,-96.8049905928,Match,Exact
32061303445,EESHWOR MAHESH INC,2950 W CAMP WISDOM RD,DALLAS,TX,75237,57,CT,1,MS DISCOUNT EXPRESS,2950 W CAMP WISDOM RD,DALLAS,TX,75237,57.0,445120.0,Y,08/30/2016,09/01/2016,1207,32.662007992452,-96.867956022467,Match,Non_Exact
32052982710,"COCOMO, LLC",12121 ABRAMS RD,DALLAS,TX,75243,57,CL,1,ABRAMS FOOD & BEER WINE,12121 ABRAMS RD,DALLAS,TX,75243,57.0,445120.0,Y,03/06/2014,04/01/2014,1208,32.913028340865,-96.735603426233,Match,Exact
17508732769,RANDALL'S FOOD & DRUGS LP,PO BOX 29096 C/O MS 6531,PHOENIX,AZ,85038,0,PF,215,TOM THUMB #2990,7117 INWOOD RD,DALLAS,TX,75209,57.0,445110.0,Y,09/10/2010,09/01/2010,1209,32.844259981662,-96.82153160792,Match,Exact
32048525920,A J B PETRO LLC,1111 W MOCKINGBIRD LN STE 930,DALLAS,TX,75247,57,CL,4,509 STOP N SAVE LIQUORS,1907 S CESAR CHAVEZ BLVD,DALLAS,TX,75215,57.0,445120.0,Y,02/22/2018,02/26/2018,1210,,,No_Match,
32020223395,ALDI (TEXAS) L.L.C.,2500 WESTCOURT RD,DENTON,TX,76207,61,CL,43,ALDI (TEXAS) L.L.C. #43,3128 FOREST LN STE 245,DALLAS,TX,75234,57.0,445110.0,Y,03/15/2012,04/01/2012,1211,32.909592262517,-96.871243752446,Match,Exact
32092071656,BLOOMING BLUES LLC,447 TWIN PINE CT,COPPELL,TX,75019,61,CL,1,BUCKHORN DISCOUNT LIQUOR,14825 INWOOD RD # 200,ADDISON,TX,75001,57.0,445310.0,Y,11/14/2023,12/01/2023,1212,32.949691770927,-96.82917712799,Match,Exact
17106365988,QUALITY LICENSING CORP.,508 SW 8TH ST,BENTONVILLE,AR,72712,0,CT,469,SAM'S CLUB # 6372,6185 RETAIL RD STE 100,DALLAS,TX,75231,57.0,445310.0,Y,05/10/2011,08/10/2011,1213,32.861785800512,-96.753863190568,Match,Exact
32051944471,"SNAP KITCHEN DALLAS, LLC",PO BOX 340820,AUSTIN,TX,78734,227,CL,5,SNAP KITCHEN #21,4164 N CENTRAL EXPY,DALLAS,TX,75204,57.0,445299.0,Y,10/14/2014,11/08/2014,1214,32.814655551836,-96.789409462849,Match,Exact
12612160676,SHRESTHA INVESTMENT INC.,210 JOSEPH DR,GLENN HEIGHTS,TX,75154,70,CT,5,GATEWAY 30,3305 GRAND AVE,DALLAS,TX,75210,57.0,445120.0,Y,12/04/2012,01/01/2013,1215,32.777073751701,-96.765740071328,Match,Exact
32060226712,AN & LEE CORP,11445 EMERALD ST STE 112,DALLAS,TX,75229,57,CT,2,JOY DONUT #1,8188 SPRING VALLEY RD STE 110,DALLAS,TX,75240,57.0,445291.0,Y,05/28/2020,05/28/2020,1216,32.939782212902,-96.764434748753,Match,Exact
32091409725,JTC BLESS IMPORTS LLC,4155 NAPOLI WAY,IRVING,TX,75038,57,CL,1,JTC BLESS IMPORTS LLC,3435 N BELT LINE RD,IRVING,TX,75062,57.0,445110.0,Y,06/16/2025,07/01/2025,1217,32.852818930337,-96.992236338596,Match,Exact
32030256112,"BELAY, INC.",1023 S HAMPTON RD,DALLAS,TX,75208,57,CT,1,7-ELEVEN #18688A,1023 S HAMPTON RD,DALLAS,TX,75208,57.0,445120.0,Y,04/18/2007,06/15/2007,1218,32.735727984258,-96.85690843137,Match,Exact
32047668093,"MAHYAN, INC.",7801 HERITAGE PALMS TRL,MCKINNEY,TX,75070,43,CT,2,DISCOUNT TOBACCO & GROCERY,4864 S BUCKNER BLVD STE A,DALLAS,TX,75227,57.0,445120.0,Y,09/06/2013,09/03/2013,1219,32.782683466181,-96.682754103362,Match,Non_Exact
32032744289,EZRA DAWIT INC.,7510 HOLLY HILL DR APT 118,DALLAS,TX,75231,57,CT,1,7-ELEVEN CONVENIENCE STORE # 30424 A,1717 NORTHWEST HWY,GARLAND,TX,75041,57.0,445120.0,Y,05/29/2007,07/01/2007,1220,32.864219369228,-96.653914684043,Match,Exact
18201844349,ALBERTSON'S LLC,PO BOX 29096,PHOENIX,AZ,85038,0,CI,53,ALBERTSON'S #4265,5710 BROADWAY BLVD,GARLAND,TX,75043,57.0,445110.0,Y,12/21/1984,01/01/1985,1221,32.846076997341,-96.595460715075,Match,Exact
32085028879,LAUNDRY NEAR ME LLC,313 LAS COLINAS BLVD E,IRVING,TX,75039,57,CL,2,JUNO'S LIQUOR,313 LAS COLINAS BLVD E,IRVING,TX,75039,57.0,445310.0,Y,08/02/2024,08/05/2024,1222,32.866330839616,-96.937810474481,Match,Exact
18201844349,ALBERTSON'S LLC,PO BOX 29096,PHOENIX,AZ,85038,0,CI,421,ALBERTSONS #4231,215 N CARRIER PKWY,GRAND PRAIRIE,TX,75050,57.0,445110.0,Y,04/10/2001,06/19/2001,1223,32.74336792198,-97.016293217332,Match,Exact
17106365988,QUALITY LICENSING CORP.,508 SW 8TH ST,BENTONVILLE,AR,72712,0,CT,446,QUALITY LINCENSING CORP STORE #2427,9301 FOREST LN,DALLAS,TX,75243,57.0,445310.0,Y,10/26/2010,11/01/2010,1224,32.909307059031,-96.741346676355,Match,Exact
32066059422,BLUEBONNET SPIRITS LLC.,3393 VINEYARD TRL,HARKER HTS,TX,76548,14,CL,2,LIQUOR STOP,5477 N MACARTHUR BLVD,IRVING,TX,75038,57.0,445310.0,Y,09/30/2019,11/01/2019,1225,32.88426829889,-96.964266289284,Match,Exact
32042782188,EDWIN MALDONADO,3511 REGENT BLVD # 110,IRVING,TX,75063,57,IS,1,JUICE MARKET C ORGANIC,3511 REGENT BLVD # 110,IRVING,TX,75063,57.0,445120.0,Y,01/27/2022,02/01/2022,1226,,,No_Match,
32053200153,MIKAEEL1 INCORPORATED,504 W ARAPAHO RD,RICHARDSON,TX,75080,57,CT,1,EZ SHOP #8,504 W ARAPAHO RD,RICHARDSON,TX,75080,57.0,445120.0,Y,08/25/2014,09/15/2014,1227,32.96108151047,-96.735023696679,Match,Exact
17419316645,GOOD SPIRITS LLC,PO BOX 29096,PHOENIX,AZ,85038,0,CL,328,GOOD SPIRITS LLC,427 E FM 1382,CEDAR HILL,TX,75104,57.0,445310.0,Y,11/08/2012,12/15/2012,1228,32.593010142819,-96.93776563355,Match,Exact
32076526022,KRISHNA ILUM INC,9604 YERBA MANSA LN,FORT WORTH,TX,76177,220,CT,1,MY STORE,10810 FERGUSON RD,DALLAS,TX,75228,57.0,445120.0,Y,01/28/2022,12/01/2020,1229,,,No_Match,
32067791510,CHARISMA GROUP LLC,405 STATE HIGHWAY 121 BYP STE C140,LEWISVILLE,TX,75067,61,CL,2,ORALE LIQUOR STORE,9702 BROCKBANK DR STE 100,DALLAS,TX,75220,57.0,445310.0,Y,07/26/2018,08/01/2018,1230,32.869253112829,-96.875274426841,Match,Exact
32014355781,MAYA FOODS INC.,11411 HILLGUARD RD,DALLAS,TX,75243,57,CT,1,EL RIO GRANDE LATIN MARKET #1,5308 MAPLE AVE,DALLAS,TX,75235,57.0,445110.0,Y,12/21/2004,02/15/2005,1231,32.817405958402,-96.831595449476,Match,Exact
32057383351,"LP RETAILS, LLC.",6605 DALROCK RD,ROWLETT,TX,75089,57,CL,1,ROWLETT LIQUOR,6605 DALROCK RD,ROWLETT,TX,75089,57.0,445310.0,Y,06/02/2015,12/01/2015,1232,32.919006696144,-96.51792537059,Match,Exact
32085521527,"JAMI REDDY VENTURES, LLC",1701 S BELT LINE RD # 110,GRAND PRAIRIE,TX,75051,57,CL,1,MY LIQUOR STOP,1701 S BELT LINE RD # 110,GRAND PRAIRIE,TX,75051,57.0,445310.0,Y,08/11/2022,09/01/2022,1233,32.722614190137,-96.994163274459,Match,Exact
12032324597,EBENEZER ABOAH AND JACOB OPOKU,901 E PLANO PKWY STE 101,PLANO,TX,75074,43,PI,2,AFRIBBEAN MARKET,2717 E BELT LINE RD,CARROLLTON,TX,75006,57.0,445110.0,Y,01/27/2021,01/01/2021,1234,32.953338653597,-96.859781662918,Match,Non_Exact
17508732769,RANDALL'S FOOD & DRUGS LP,PO BOX 29096 C/O MS 6531,PHOENIX,AZ,85038,0,PF,230,TOM THUMB #3569,3878 OAK LAWN AVE,DALLAS,TX,75219,57.0,445110.0,Y,08/15/2016,10/31/2016,1235,32.81587243612,-96.802254104547,Match,Exact
32041274039,"ZAKTI, LLC",1300 S POLK ST STE 252,DALLAS,TX,75224,57,CL,3,"ZAKTI, LLC",1300 S POLK ST STE 252,DALLAS,TX,75224,57.0,445299.0,Y,04/01/2019,04/01/2019,1236,32.732724375254,-96.839970043475,Match,Exact
32053299056,GS DALLAS WEST LLC,3020 COMMUNICATIONS PKWY STE 100,PLANO,TX,75093,43,CL,1,SUBWAY 43100,12800 ABRAMS RD,DALLAS,TX,75243,57.0,445299.0,Y,04/15/2014,04/09/2014,1237,,,No_Match,
17419316645,GOOD SPIRITS LLC,PO BOX 29096,PHOENIX,AZ,85038,0,CL,325,GOOD SPIRITS LLC #4187,1500 S BELT LINE RD,MESQUITE,TX,75149,57.0,445310.0,Y,05/16/2011,06/15/2011,1238,32.745776275042,-96.596916059237,Match,Exact
32050488827,"DALLAS SUPERSTORE, INC.",8450 GARVEY AVE STE 200,ROSEMEAD,CA,91770,0,CT,1,SF SUPERMARKET,3212 N JUPITER RD STE 201,GARLAND,TX,75044,57.0,445110.0,Y,04/09/2013,05/01/2013,1239,32.947134717315,-96.682596194558,Match,Exact
32054695377,"ASCENSION CC, LLC",16400 DALLAS PKWY STE 100,DALLAS,TX,75248,57,CL,1,ASCENSION COFFEE,200 CRESCENT CT STE 40,DALLAS,TX,75201,57.0,445299.0,Y,10/07/2015,10/15/2015,1240,32.794227352207,-96.803619761823,Match,Exact
32054468312,"JAPAN INVESTMENT, INC.",616 PINE VLY,RICHARDSON,TX,75081,57,CT,1,CITY STAR 1,1036 N COUNTRY CLUB RD,GARLAND,TX,75040,57.0,445120.0,Y,08/11/2014,10/15/2014,1241,32.921629905429,-96.613668757534,Match,Exact
32053299056,GS DALLAS WEST LLC,3020 COMMUNICATIONS PKWY STE 100,PLANO,TX,75093,43,CL,19,SUBWAY #65474,4122 LYNDON B JOHNSON FWY,DALLAS,TX,75244,57.0,445299.0,Y,05/19/2015,06/20/2015,1242,,,No_Match,
17606039679,"RANDALL'S BEVERAGE COMPANY, INC.",PO BOX 29096,PHOENIX,AZ,85038,0,CT,178,TOM THUMB #1784,1501 PIONEER RD,MESQUITE,TX,75149,57.0,445110.0,Y,06/21/2011,06/13/2011,1243,32.747138831911,-96.583578496869,Match,Exact
32072615464,CFM2 INC,4460 W WALNUT ST STE 108,GARLAND,TX,75042,57,CT,1,CORNER FOOD MART,4460 W WALNUT ST STE 108,GARLAND,TX,75042,57.0,445120.0,Y,12/30/2020,01/01/2021,1244,32.916497340274,-96.699744432793,Match,Exact
32094921866,AMPARO MORALES,13627 GROVETREE LN,DALLAS,TX,75253,57,IS,1,LONE STAR DONUTS & TACOS,1727 N BECKLEY AVE,DALLAS,TX,75203,57.0,445291.0,Y,03/31/2025,03/18/2024,1245,32.765362170105,-96.822925712647,Match,Exact
32089735263,SUPER MERCADO NUEVO LEON LLC,4510 LAS HACIENDAS DR,DALLAS,TX,75211,57,CL,1,SUPER MERCADO NUEVO LEON,10828 DENNIS RD,DALLAS,TX,75229,57.0,445110.0,Y,01/27/2024,02/01/2024,1246,32.895722788524,-96.881334410942,Match,Exact
32072662243,STAR LIQUOR 2 INC,3637 CURBSTONE WAY,PLANO,TX,75074,43,CT,1,FLAMINGO LIQUORS,4125 FAIRMOUNT ST,DALLAS,TX,75219,57.0,445310.0,Y,01/10/2020,02/15/2020,1247,32.80746951628,-96.81616504141,Match,Exact
32061671833,"LE CAVEAU, LLC",4422 SYCAMORE ST APT 6,DALLAS,TX,75204,57,CL,2,"LE CAVEAU, LLC",718 N BUCKNER BLVD STE 332,DALLAS,TX,75218,57.0,445310.0,Y,12/01/2023,11/01/2023,1248,32.8450906024,-96.711518057485,Match,Non_Exact
32085657610,Y&L LLC,5535 S CENTRAL EXPY,DALLAS,TX,75215,57,CL,1,Y&L BEER WINE GROCERIES,5535 S CENTRAL EXPY,DALLAS,TX,75215,57.0,445120.0,Y,08/11/2022,08/11/2022,1249,32.744159012111,-96.758010800714,Match,Exact
32074728752,MISSY'S COTTAGE BAKERY LLC,212 CARRIAGE CT,COPPELL,TX,75019,57,CL,1,MISSY'S COTTAGE BAKERY LLC,212 CARRIAGE CT,COPPELL,TX,75019,57.0,445292.0,Y,11/05/2020,11/04/2020,1250,32.960626811061,-96.996608295576,Match,Exact
18201844349,ALBERTSON'S LLC,PO BOX 29096,PHOENIX,AZ,85038,0,CI,134,ALBERTSON'S #4129,2828 MOTLEY DR,MESQUITE,TX,75150,57.0,445110.0,Y,03/10/1992,04/13/1992,1251,,,No_Match,
17516996307,"MUSKET OF TEXAS, INC.",PO BOX 26210,OKLAHOMA CITY,OK,73126,0,CT,42,LOVE'S TRAVEL STOP # 294,8800 S POLK ST,DALLAS,TX,75232,57.0,445310.0,Y,07/21/2011,07/01/2011,1252,,,No_Match,
32069110040,MACARTHUR EXPRESS INC,8600 N MACARTHUR BLVD STE 160,IRVING,TX,75063,57,CT,1,MACARTHUR EXPRESS,8600 N MACARTHUR BLVD STE 160,IRVING,TX,75063,57.0,445310.0,Y,09/04/2019,10/01/2019,1253,32.923711064182,-96.95508450744,Match,Exact
32006736675,SAI SURYA SYNDICATE LLC,5330 N MACARTHUR BLVD STE 140,IRVING,TX,75038,57,CL,1,HOT BREADS,5330 N MACARTHUR BLVD STE 140,IRVING,TX,75038,57.0,445291.0,Y,08/23/2012,06/20/2003,1254,,,No_Match,
17508732769,RANDALL'S FOOD & DRUGS LP,PO BOX 29096 C/O MS 6531,PHOENIX,AZ,85038,0,PF,52,RANDALL'S FOOD AND DRUG #3522,522 PRESTON ROYAL,DALLAS,TX,75230,57.0,445110.0,Y,05/11/2001,05/02/2001,1255,32.89527176902,-96.805367779588,Match,Non_Exact
17523262743,"PO-GO'S LIQUORS, INC.",5360 W LOVERS LN STE 200,DALLAS,TX,75209,57,CT,1,"PO-GO'S LIQUORS, INC.",5360 W LOVERS LN STE 200,DALLAS,TX,75209,57.0,445310.0,Y,07/26/1990,08/15/1990,1256,,,No_Match,
12641788372,"WEBB CHAPEL INVESTMENTS, INC",1004 WEBB CHAPEL RD,CARROLLTON,TX,75006,57,CT,1,WEBB CHAPEL BEER & WINE,1004 WEBB CHAPEL RD,CARROLLTON,TX,75006,57.0,445310.0,Y,02/17/2009,03/01/2009,1257,32.953295022113,-96.870955673051,Match,Exact
32051784521,"HOODSONS ENTERPRISES, INC",8424 PRESTON RD,DALLAS,TX,75225,57,CT,1,PRESTON CHEVRON,8424 PRESTON RD,DALLAS,TX,75225,57.0,445120.0,Y,08/28/2013,09/15/2013,1258,32.864710709514,-96.802703521902,Match,Non_Exact
32077147828,STREGAWORKS LLC,2246 FOREST HOLLOW PARK,DALLAS,TX,75228,57,CL,1,ROYAL LIQUOR BEER & WINE,4034 CEDAR SPRINGS RD,DALLAS,TX,75219,57.0,445310.0,Y,02/26/2021,04/15/2021,1259,32.81133789777,-96.811494216179,Match,Exact
17419316645,GOOD SPIRITS LLC,PO BOX 29096,PHOENIX,AZ,85038,0,CL,288,GOOD SPIRITS LLC #4231,215 N CARRIER PKWY,GRAND PRAIRIE,TX,75050,57.0,445310.0,Y,09/20/2004,10/01/2004,1260,32.74336792198,-97.016293217332,Match,Exact
32065622527,S & F LEGACY INC,124 ANDREA CT,LEWISVILLE,TX,75067,61,CT,1,BEST FOR LESS,1066 PIONEER RD,MESQUITE,TX,75149,57.0,445120.0,Y,12/22/2017,02/01/2018,1261,32.754000981982,-96.583451402796,Match,Exact
32039889525,AMBSA INC.,9118 BARTON CREEK DR,ROWLETT,TX,75089,199,CT,2,VIVA FOODS,535 N PLANO RD,GARLAND,TX,75042,57.0,445120.0,Y,12/08/2016,02/01/2017,1262,32.917250921261,-96.700445984829,Match,Non_Exact
17427437011,SPEC'S FAMILY CORP.,2410 SMITH ST,HOUSTON,TX,77006,101,CT,225,"SPEC'S LIQUOR #191, SFP DISTRIBUTION",971 N HIGHWAY 67 STE 400,CEDAR HILL,TX,75104,57.0,445310.0,Y,01/27/2023,02/01/2023,1263,32.605769432095,-96.930548718213,Match,Exact
32010806399,BALDOMERA BALBUENA,3310 LOCHWOOD DR,MESQUITE,TX,75181,57,IS,1,AZTECA MEXICAN BAKERY,11555 FERGUSON RD # 500,DALLAS,TX,75228,57.0,445000.0,Y,12/01/2000,10/03/2000,1264,32.852153399652,-96.653421681067,Match,Exact
32058690903,JAVIER ALVARADO,2712 LOLITA DR,DALLAS,TX,75227,57,IS,1,GABINO'S PRODUCE,2424 S CESAR CHAVEZ BLVD,DALLAS,TX,75215,57.0,445230.0,Y,10/30/2015,10/30/2015,1265,,,No_Match,
32054198745,HAIMANOT TW LLC,PO BOX 139044,DALLAS,TX,75313,57,CL,2,7-ELEVEN CONVENIENCE STORE #25764B,10690 WALNUT HILL LN,DALLAS,TX,75238,57.0,445120.0,Y,07/18/2023,07/24/2023,1266,32.878808990776,-96.700772784093,Match,Exact
17606039679,"RANDALL'S BEVERAGE COMPANY, INC.",PO BOX 29096,PHOENIX,AZ,85038,0,CT,179,TOM THUMB #4606,1509 PIONEER RD,MESQUITE,TX,75149,57.0,445110.0,Y,06/21/2011,06/13/2011,1267,32.747014472024,-96.583578155229,Match,Exact
32102349605,SELIN ERYUREK,2401 BENNETT AVE APT 3311,DALLAS,TX,75206,57,IS,1,SELIN'S TABLE,2401 BENNETT AVE APT 3311,DALLAS,TX,75206,57.0,445299.0,Y,10/02/2025,10/04/2025,1268,32.812158824134,-96.781219885993,Match,Exact
32017417836,STEVE B THATCHER,4343 LOVERS LN,DALLAS,TX,75225,57,IS,2,DRIP COFFEE,4343 LOVERS LN,DALLAS,TX,75225,57.0,445299.0,Y,05/16/2005,06/15/2005,1269,32.851342461025,-96.835922921759,Match,Non_Exact
32055870730,BROADWAY GAS & MORE INC,2405 HOLLOW HILL LN,LEWISVILLE,TX,75056,61,CT,2,HAPPY'S MARKET #1,3036 BROADWAY BLVD,GARLAND,TX,75041,57.0,445120.0,Y,09/13/2017,09/25/2017,1270,,,No_Match,
18201844349,ALBERTSON'S LLC,PO BOX 29096,PHOENIX,AZ,85038,0,CI,331,ALBERTSON'S #4133,427 E FM 1382,CEDAR HILL,TX,75104,57.0,445110.0,Y,09/30/1999,10/15/1999,1271,32.593010142819,-96.93776563355,Match,Exact
18201844349,ALBERTSON'S LLC,PO BOX 29096,PHOENIX,AZ,85038,0,CI,49,ALBERTSON'S #4260,2165 E BUCKINGHAM DR,RICHARDSON,TX,75081,57.0,445110.0,Y,10/06/1984,11/28/1984,1272,32.931524892434,-96.686024230102,Match,Non_Exact
32096658300,"ABYSSINIA MARKET, IRVING LLC",8621 CAMPBELL DR,ROWLETT,TX,75089,57,CL,1,"ABYSSINIA MARKET, IRVING LLC",4010 N BELT LINE RD,IRVING,TX,75038,57.0,445110.0,Y,11/20/2024,12/01/2024,1273,32.861962558741,-96.991759863018,Match,Exact
14120386264,"NATASHA STORES, INC.",3941 CREEKSIDE LN,CARROLLTON,TX,75010,61,CT,3,SUNDRY SHOP,1910 PACIFIC AVE STE 2050,DALLAS,TX,75201,57.0,445120.0,Y,01/10/2013,01/15/2013,1274,32.782991370818,-96.795313262289,Match,Exact
17106365988,QUALITY LICENSING CORP.,508 SW 8TH ST,BENTONVILLE,AR,72712,0,CT,442,QUALITY LICENSING CORP STORE 8242,12000 MCCREE RD,DALLAS,TX,75238,57.0,445310.0,Y,10/26/2010,11/01/2010,1275,32.86807891571,-96.674385904718,Match,Exact
32091738180,KNSA FOODS & MORE INC,2830 N JOSEY LN,CARROLLTON,TX,75007,61,CT,1,INDIA CASH & CARRY,1900 MARKET PLACE BLVD,IRVING,TX,75063,57.0,445110.0,Y,04/05/2024,01/01/2025,1276,32.920012503268,-96.970784987733,Match,Exact
32051944471,"SNAP KITCHEN DALLAS, LLC",PO BOX 340820,AUSTIN,TX,78734,227,CL,4,SNAP KITCHEN #18,6025 ROYAL LN STE 314B,DALLAS,TX,75230,57.0,445299.0,Y,07/17/2014,09/06/2014,1277,32.894963589525,-96.803181595304,Match,Exact
32009359632,MARY T CARTER,4129 MATTHEW RD,GRAND PRAIRIE,TX,75052,57,IS,9,GRANNA'S HOUSE,4129 MATTHEW RD,GRAND PRAIRIE,TX,75052,57.0,445291.0,Y,07/10/2017,06/01/2017,1278,32.671809677033,-97.030851554351,Match,Exact
17106365988,QUALITY LICENSING CORP.,508 SW 8TH ST,BENTONVILLE,AR,72712,0,CT,296,QUALITY LICENSING CORP (STORE #4783),5150 N GARLAND AVE,GARLAND,TX,75040,57.0,445310.0,Y,05/11/2005,05/15/2005,1279,,,No_Match,
30114110569,"FM ADVISORS, INC.",2909 COLE AVE STE 100,DALLAS,TX,75204,57,CT,3,DREBELBIS ENGINEERING,2909 COLE AVE STE 100,DALLAS,TX,75204,57.0,445110.0,Y,01/03/2005,12/01/2004,1280,32.801948510488,-96.802407206048,Match,Exact
12636753654,SONERI LLC,4201 W WALNUT ST,GARLAND,TX,75042,57,CL,2,STAR FOOD MART,4201 W WALNUT ST,GARLAND,TX,75042,57.0,445120.0,Y,11/04/2010,11/15/2010,1281,32.916738223636,-96.696955467183,Match,Exact
17427437011,SPEC'S FAMILY CORP.,2410 SMITH ST,HOUSTON,TX,77006,101,CT,156,"SPEC'S LIQUOR #152, SPEC'S WINE & SPIRITS",8123 PRESTON RD,DALLAS,TX,75225,57.0,445310.0,Y,01/27/2023,02/01/2023,1282,32.861701765103,-96.804277559284,Match,Exact
17508732769,RANDALL'S FOOD & DRUGS LP,PO BOX 29096 C/O MS 6531,PHOENIX,AZ,85038,0,PF,111,RANDALL'S FOOD AND DRUG #3614,315 S HAMPTON RD,DALLAS,TX,75208,57.0,445110.0,Y,05/16/2001,05/02/2001,1283,,,No_Match,
32060014845,SHRI SAHARA INC,4814 GASTON AVE,DALLAS,TX,75246,57,CT,1,D & M FOOD MART,4814 GASTON AVE,DALLAS,TX,75246,57.0,445120.0,Y,04/07/2016,05/15/2016,1284,32.79963085704,-96.769815685322,Match,Exact
17108820147,"CAKE CAROUSEL, INC.",100 S CENTRAL EXPY STE 36,RICHARDSON,TX,75080,57,CT,3,"CAKE CAROUSEL, INC.",100 S CENTRAL EXPY STE 36,RICHARDSON,TX,75080,57.0,445292.0,Y,09/16/2019,10/15/2019,1285,32.950597905767,-96.735252205755,Match,Exact
32071103884,SAINATH RAGHU VENTURES LLC,1720 SCHUMAC LN,BEDFORD,TX,76022,220,CL,2,BERNAL FOOD MART,5547 BERNAL DR,DALLAS,TX,75212,57.0,445120.0,Y,10/07/2019,10/01/2019,1286,32.776623768285,-96.910970578452,Match,Exact
14605133587,"MAHAM INVESTMENTS, LLC",11812 INWOOD RD,DALLAS,TX,75244,57,CL,2,C STORE #15,11812 INWOOD RD,DALLAS,TX,75244,57.0,445120.0,Y,04/21/2006,05/22/2006,1287,32.909971710219,-96.818290913032,Match,Exact
32015745287,"PANTH, INC.",1621 N GARRETT AVE,DALLAS,TX,75206,57,CT,1,J'S FOOD MART,1621 N GARRETT AVE,DALLAS,TX,75206,57.0,445120.0,Y,09/07/2004,09/15/2004,1288,32.807313731709,-96.773131262941,Match,Exact
32051022690,ARP EASTERN CORP,126 LAKEVIEW DR,SUNNYVALE,TX,75182,57,CT,1,FINLEY FOOD MART,3329 N STORY RD,IRVING,TX,75062,57.0,445120.0,Y,04/03/2014,08/01/2013,1289,32.850248729012,-96.976489315002,Match,Exact
32051688359,LUCKY'S BEER & WINE INC.,PO BOX 541895,GRAND PRAIRIE,TX,75054,57,CT,1,LUCKY'S BEER & WINE INC.,6505 DUCK CREEK DR,GARLAND,TX,75043,57.0,445120.0,Y,08/14/2013,10/01/2013,1290,,,No_Match,
32053728526,PRODUCTS FOR YOUR TABLE INC,5656 ALPHA RD STE B,DALLAS,TX,75240,57,CT,3,PRODUCTS FOR YOUR TABLE,5656 ALPHA RD STE B,DALLAS,TX,75240,57.0,445110.0,Y,11/07/2022,02/26/2020,1291,32.932716460747,-96.809090536716,Match,Non_Exact
18201844349,ALBERTSON'S LLC,PO BOX 29096,PHOENIX,AZ,85038,0,CI,64,ALBERTSON'S #269,2149 N JOSEY LN,CARROLLTON,TX,75006,57.0,445110.0,Y,06/25/1986,08/13/1986,1292,32.973866167731,-96.8900373918,Match,Exact
32058744726,"MAHEL INVESTMENT, LLC",1609 WESTRIDGE ST,GRAND PRAIRIE,TX,75050,57,CL,2,RUBEN'S AUTO REPAIR,1609 DALWORTH ST,GRAND PRAIRIE,TX,75050,57.0,445120.0,Y,08/25/2016,09/01/2016,1293,32.744611230388,-97.025352424573,Match,Exact
32086149021,"SURIANA MEAT MARKET, LLC.",4202 PIONEER RD,BALCH SPRINGS,TX,75180,57,CL,1,SURIANA MEAT MARKET,4202 PIONEER RD,BALCH SPRINGS,TX,75180,57.0,445210.0,Y,09/08/2022,10/01/2022,1294,32.712966250668,-96.605339778331,Match,Exact
10304161226,"MARTINEZ SUPER MERCADO MEXICO, INC.",5535 COLUMBIA AVE,DALLAS,TX,75214,57,CT,3,SUPER MERCADO MEXICO,5535 COLUMBIA AVE,DALLAS,TX,75214,57.0,445110.0,Y,04/15/2002,04/01/2002,1295,32.800470713424,-96.75725351137,Match,Exact
32094421289,3 STAR DREAMS DENLEY LLC,3034 E ILLINOIS AVE,DALLAS,TX,75216,57,CL,1,DENLEY FOOD MART,900 S DENLEY DR,DALLAS,TX,75216,57.0,445120.0,Y,04/30/2024,06/01/2024,1296,32.739055425773,-96.805357252571,Match,Exact
32033817795,MAYA JEFFERSON INC,11411 HILLGUARD RD,DALLAS,TX,75243,57,CT,1,EL RIO GRANDE LATIN MARKET #3,2515 W JEFFERSON BLVD,DALLAS,TX,75211,57.0,445110.0,Y,10/23/2007,12/01/2007,1297,32.748204638179,-96.859119786023,Match,Exact
32085625575,"AIOG CAPITAL, LLC",1920 MCKINNEY AVE FL 7,DALLAS,TX,75201,57,CL,1,LA VERDE CONVENIENCE STORE,2002 HIGHWAY 66,GARLAND,TX,75040,57.0,445120.0,Y,12/03/2022,12/15/2022,1298,32.909942743933,-96.598624560077,Match,Exact
17527459808,"LOPEZ DE LIRA ENTERPRISES, INC.",7843 LAKE JUNE RD,DALLAS,TX,75217,57,CT,2,DEL NORTE BAKERY #4,3210 FALLS DR,DALLAS,TX,75211,57.0,445000.0,Y,04/25/2022,01/01/1998,1299,32.726335051955,-96.873195663187,Match,Exact
32072528196,"HAIM 2019, INC",2681 MACARTHUR BLVD STE 207,LEWISVILLE,TX,75067,61,CT,2,CAJUN DONUTS II,850 BELT LINE RD,GARLAND,TX,75040,57.0,445291.0,Y,05/03/2024,05/11/2024,1300,32.940064359314,-96.639434314468,Match,Exact
32075439573,"LMMM DALLAS #12, LTD.",PO BOX 55009,HOUSTON,TX,77255,101,PL,1,LA MICHOACANA SUPERMARKET #12,5200 GUS THOMASSON RD STE 100,MESQUITE,TX,75150,57.0,445110.0,Y,02/05/2021,03/04/2021,1301,,,No_Match,
18201844349,ALBERTSON'S LLC,PO BOX 29096,PHOENIX,AZ,85038,0,CI,169,ALBERTSON'S #4105,4625 FRANKFORD RD,DALLAS,TX,75287,57.0,445110.0,Y,02/26/1993,02/01/1993,1302,32.997851935082,-96.827314250317,Match,Exact
32084934812,MANGO TROPICAL LLC,2918 S JUPITER RD,GARLAND,TX,75041,57,CL,1,MANGO TROPICAL,2918 S JUPITER RD,GARLAND,TX,75041,57.0,445230.0,Y,01/24/2023,06/01/2022,1303,,,No_Match,
32043526469,"PAMPAS LEE, INC.",3044 OLD DENTON RD STE 300 ATTN: CHANG,CARROLLTON,TX,75007,61,CT,1,EL RANCHERO MEAT MARKET,1814 N STORY RD,IRVING,TX,75061,57.0,445110.0,Y,05/06/2014,02/15/2011,1304,32.833624678574,-96.976325065404,Match,Exact
17508732769,RANDALL'S FOOD & DRUGS LP,PO BOX 29096 C/O MS 6531,PHOENIX,AZ,85038,0,PF,122,RANDALL'S FOOD AND DRUG #1781,106 N DENTON TAPP RD,COPPELL,TX,75019,57.0,445110.0,Y,05/16/2001,05/02/2001,1305,32.971266481431,-96.993516326673,Match,Non_Exact
32083602204,BROTHERS' MART & BAKERY LLC,9205 SKILLMAN ST STE 123,DALLAS,TX,75243,57,CL,2,BROTHERS MART & BAKERY,9205 SKILLMAN ST STE 123,DALLAS,TX,75243,57.0,445110.0,Y,11/15/2023,04/01/2023,1306,,,No_Match,
32052007526,MOM ENERGY INC.,145 W ANN ARBOR AVE,DALLAS,TX,75224,57,CT,1,TIGER MART 68,145 W ANN ARBOR AVE,DALLAS,TX,75224,57.0,445120.0,Y,09/24/2013,10/01/2013,1307,32.691363576422,-96.824314926897,Match,Exact
32060340885,"ALMAMEX, INC.",2401 SALMON RUN LN,EULESS,TX,76039,220,CT,1,TIENDA SUPER SELECTOS,9508 WEBB CHAPEL RD,DALLAS,TX,75220,57.0,445120.0,Y,05/27/2016,06/15/2016,1308,32.863631364968,-96.860791591615,Match,Exact
32006000783,LINWOOD STARKS JR,559 N BLUEGROVE RD,LANCASTER,TX,75146,57,IS,2,LA-BD-VENDING SERVICES,1101 SOUTHRIDGE DR,LANCASTER,TX,75146,57.0,445110.0,Y,10/10/1990,11/15/1990,1309,32.598786527445,-96.779292520465,Match,Exact
32051401589,ROSA H CASTANEDA,1604 W 7TH ST,IRVING,TX,75060,57,IS,1,ELOTES EL NENE,2800 W IRVING BLVD # E144,IRVING,TX,75061,57.0,445292.0,Y,07/08/2013,05/01/2013,1310,32.830950519828,-96.983872872233,Match,Exact
17508732769,RANDALL'S FOOD & DRUGS LP,PO BOX 29096 C/O MS 6531,PHOENIX,AZ,85038,0,PF,126,RANDALL'S FOOD AND DRUG #4606,1509 PIONEER RD,MESQUITE,TX,75149,57.0,445110.0,Y,05/16/2001,05/02/2001,1311,32.747014472024,-96.583578155229,Match,Exact
32004534213,ALI S GANJI,2810 SAMUELL BLVD STE A,DALLAS,TX,75223,57,IS,2,BEVERAGE DEPOT,2377 STEMMONS TRL,DALLAS,TX,75220,57.0,445310.0,Y,08/15/2007,10/01/2007,1312,32.860363149801,-96.889410586174,Match,Exact
32084675811,"KNOX STREET GROCERY, LLC",3300 KNOX ST STE 200,DALLAS,TX,75205,57,CL,1,BERKLEY'S MARKET,3300 KNOX ST STE 200,DALLAS,TX,75205,57.0,445110.0,Y,10/10/2024,03/01/2023,1313,32.823773868417,-96.790344669721,Match,Exact
32062158145,MASHIMIZU INCORPORATED,2625 OLD DENTON RD STE 413,CARROLLTON,TX,75007,57,CT,1,CASITA GROCERY & DELI,2111 W NORTHWEST HWY,DALLAS,TX,75220,57.0,445120.0,Y,12/28/2016,01/10/2017,1314,,,No_Match,
32084355687,PRAKLAXMI INC,1720 SCHUMAC LN,BEDFORD,TX,76022,220,CT,1,YELLOW STORE,6323 S R L THORNTON FWY,DALLAS,TX,75232,57.0,445120.0,Y,06/07/2022,06/01/2022,1315,32.6710290234,-96.823008982155,Match,Exact
32049493557,KIMCHI CAJUN DONUTS INC,3044 OLD DENTON RD STE 300,CARROLLTON,TX,75007,61,CT,1,KISS DAYLIGHT DONUTS,4701 N GALLOWAY AVE STE 106,MESQUITE,TX,75150,57.0,445291.0,Y,12/13/2012,01/01/2013,1316,32.826987117384,-96.625992370913,Match,Exact
32061324771,CAPITAL J INVESTMENT INC,1802 SE 14TH ST,GRAND PRAIRIE,TX,75051,57,CT,1,SAVE WAY,1802 SE 14TH ST,GRAND PRAIRIE,TX,75051,57.0,445120.0,Y,08/30/2016,09/01/2016,1317,32.720427855655,-96.985773829002,Match,Exact
12030222025,"NAFAL ENTERPRISES, LLC",2501 E GUASTI RD,ONTARIO,CA,91761,0,CL,1,EL RANCHO CARNICERIA Y FRUTERIA #8,1515 S BUCKNER BLVD,DALLAS,TX,75217,57.0,445120.0,Y,11/18/2005,01/01/2006,1318,32.738167824631,-96.683040444657,Match,Non_Exact
18416920827,"SAVE WAY FOOD STORE, INC",1562 E ANN ARBOR AVE,DALLAS,TX,75216,57,CT,1,SAVE WAY FOOD STORE,1562 E ANN ARBOR AVE,DALLAS,TX,75216,57.0,445120.0,Y,10/17/2005,11/01/2005,1319,32.694386980884,-96.800309627711,Match,Non_Exact
17106365988,QUALITY LICENSING CORP.,508 SW 8TH ST,BENTONVILLE,AR,72712,0,CT,455,QUALITY LICENSING CORP #471,150 N INTERSTATE 35 E,LANCASTER,TX,75146,57.0,445310.0,Y,12/09/2010,01/01/2011,1320,,,No_Match,
32052886226,CLAUDIA J MONTES,5312 BROOKHOLLOW DR,SACHSE,TX,75048,57,IS,6,CREPES N GO,2063 TOWN EAST MALL STE 2228,MESQUITE,TX,75150,57.0,445230.0,Y,06/08/2022,06/01/2022,1321,32.811655283603,-96.631423015949,Match,Non_Exact
32054940500,TORTILLERIA LA NORTEQA LLC,10000 N CENTRAL EXPY STE 710,DALLAS,TX,75231,57,CL,1,TORTILLERIA LA NORTENA,3215 W DAVIS ST,DALLAS,TX,75211,57.0,445120.0,Y,11/19/2024,05/04/2015,1322,32.749611567476,-96.872867332864,Match,Exact
32091409725,JTC BLESS IMPORTS LLC,4155 NAPOLI WAY,IRVING,TX,75038,57,CL,3,JTC BLESS IMPORTS LLC,9220 SKILLMAN ST,DALLAS,TX,75243,57.0,445110.0,Y,10/07/2025,10/01/2025,1323,32.902762790318,-96.714508794008,Match,Exact
12039321455,"XDV & SONS, L.P.",3306 W WALNUT ST STE 101,GARLAND,TX,75042,57,PL,1,HIEP THAI FOOD STORE,3347 W WALNUT ST STE 101,GARLAND,TX,75042,57.0,445110.0,Y,12/19/2005,01/01/2006,1324,32.916774594605,-96.679687076929,Match,Exact
32076731150,ALCOHAUL BSW LLC,4835 N O CONNOR RD STE 112,IRVING,TX,75062,57,CL,3,ALCOHAUL BEER SPIRITS & WINE,5330 N MACARTHUR BLVD STE 112,IRVING,TX,75038,57.0,445310.0,Y,11/08/2022,11/08/2022,1325,,,No_Match,
32102203448,LILLYPOP MART LLC,2705 WEMBLEY DR,GARLAND,TX,75041,57,CL,1,LILLYPOP MART LLC,2918 S JUPITER RD STE K-2,GARLAND,TX,75041,57.0,445120.0,Y,10/07/2025,10/15/2025,1326,,,No_Match,
12705415367,"LMMM DALLAS #34, LTD.",8845 LONG POINT RD STE B,HOUSTON,TX,77055,101,PL,1,LA MICHOACANA MEAT MARKET,6535 DUCK CREEK DR,GARLAND,TX,75043,57.0,445210.0,Y,02/10/2010,02/10/2010,1327,,,No_Match,
17525060186,"DALLAS DEPOT, INC.",3107 S COCKRELL HILL RD,DALLAS,TX,75236,57,CT,2,DALLAS FOOD DEPOT,3107 S COCKRELL HILL RD,DALLAS,TX,75236,57.0,445110.0,Y,02/24/2006,05/01/2006,1328,32.707772764074,-96.891539561348,Match,Exact
32055646056,STOP FOOD MART INC,2925 W CAMP WISDOM RD,DALLAS,TX,75237,57,CT,1,STOP FOOD MART,2925 W CAMP WISDOM RD,DALLAS,TX,75237,57.0,445120.0,Y,11/17/2014,01/01/2015,1329,32.662226079702,-96.868320781085,Match,Exact
32084165961,DAEBAK NARA INC,11445 EMERALD ST STE 112,DALLAS,TX,75229,57,CT,1,SOMUNNAN BANCHANNARA,2640 OLD DENTON RD STE 148,CARROLLTON,TX,75007,57.0,445299.0,Y,04/27/2022,06/01/2022,1330,32.985272648791,-96.9097220536,Match,Exact
17525466631,"VISHALISHA, INC.",3250 SAMUELL BLVD,DALLAS,TX,75223,57,CT,1,BEER MART,3250 SAMUELL BLVD,DALLAS,TX,75223,57.0,445310.0,Y,09/09/1994,11/01/1994,1331,32.792919595656,-96.739761708244,Match,Exact
32064540118,ROYAL SMS CORPORATION,126 LAKEVIEW DR,SUNNYVALE,TX,75182,57,CT,1,MEGA LO LIQUOR,7735 GREENVILLE AVE,DALLAS,TX,75231,57.0,445310.0,Y,08/15/2017,09/01/2017,1332,32.887261029984,-96.757794206851,Match,Exact
32062928349,MMRA LLC,1590 BOYLE PKWY,ALLEN,TX,75013,43,CL,1,GOL SUPER MARKET,717 S 5TH ST,GARLAND,TX,75040,57.0,445120.0,Y,02/27/2017,04/01/2017,1333,32.906693714699,-96.636801991025,Match,Exact
32047466266,MTC FOOD MART LLC,3101 SATURN RD,GARLAND,TX,75041,57,CL,1,LUCKY STAR FOOD STORE,3101 SATURN RD,GARLAND,TX,75041,57.0,445120.0,Y,04/25/2012,06/01/2012,1334,32.878672756082,-96.648211410654,Match,Exact
32097607629,ZAV & ASH LIQUOR INC,3712 BARDOLINO,COLLEYVILLE,TX,76034,220,CT,1,PAYLESS LIQUOR,3745 N STORY RD,IRVING,TX,75062,57.0,445310.0,Y,11/20/2024,01/01/2025,1335,32.854849468743,-96.975213290908,Match,Exact
32008194378,TOM W CARTER,1401 TI BLVD STE H,RICHARDSON,TX,75081,57,IS,4,VICTORIA FABRICS,1401 TI BLVD STE H,RICHARDSON,TX,75081,57.0,445110.0,Y,06/16/2022,05/01/2018,1336,32.934273156008,-96.748290131878,Match,Non_Exact
17427437011,SPEC'S FAMILY CORP.,2410 SMITH ST,HOUSTON,TX,77006,101,CT,175,SPEC'S WINE SPIRITS & FINER FOOD #174,8505 LAKEVIEW PKWY STE 320,ROWLETT,TX,75088,57.0,445310.0,Y,01/27/2023,02/01/2023,1337,,,No_Match,
32079819333,POKHARA FEWA INC.,1721 BELT LINE RD,GARLAND,TX,75044,57,CT,1,WAGON BEER & WINE,1721 BELT LINE RD,GARLAND,TX,75044,57.0,445120.0,Y,06/26/2021,07/01/2021,1338,,,No_Match,
17427437011,SPEC'S FAMILY CORP.,2410 SMITH ST,HOUSTON,TX,77006,101,CT,158,"SPEC'S WINES & SPRITS & BEERS, #128, SPF DISTRIBU",15055 INWOOD RD,ADDISON,TX,75001,57.0,445310.0,Y,01/27/2023,02/01/2023,1339,32.952189384594,-96.830044888414,Match,Exact
32097653920,SERGIO LEONEL ALVAREZ HUZ,3316 LINDA DR APT 204,DALLAS,TX,75220,57,IS,1,CRAZY COCO,9625 WEBB CHAPEL RD,DALLAS,TX,75220,57.0,445120.0,Y,11/20/2024,11/01/2024,1340,,,No_Match,
17606039679,"RANDALL'S BEVERAGE COMPANY, INC.",PO BOX 29096,PHOENIX,AZ,85038,0,CT,138,TOM THUMB #2561,925 NORTHWEST HWY,GARLAND,TX,75041,57.0,445110.0,Y,05/10/2005,06/01/2005,1341,,,No_Match,
17606039679,"RANDALL'S BEVERAGE COMPANY, INC.",PO BOX 29096,PHOENIX,AZ,85038,0,CT,129,TOM THUMB #1786,4215 S CARRIER PKWY,GRAND PRAIRIE,TX,75052,57.0,445110.0,Y,09/14/2004,10/01/2004,1342,,,No_Match,
32072602835,SALAM CONVENIENCE LLC,900 N POLK ST STE 120,DESOTO,TX,75115,57,CL,1,SALAM CONVENIENCE LLC,900 N POLK ST STE 120,DESOTO,TX,75115,57.0,445120.0,Y,12/03/2019,12/02/2019,1343,32.610426432479,-96.839919595382,Match,Exact
32064610275,STEVEN CHOE,949 PARKER DR,COPPELL,TX,75019,57,IS,4,CHOES CONVENIENCE,6866 SHADYBROOK LN,DALLAS,TX,75231,57.0,445120.0,Y,04/04/2023,04/07/2023,1344,32.870434227002,-96.762697544201,Match,Exact
17419316645,GOOD SPIRITS LLC,PO BOX 29096,PHOENIX,AZ,85038,0,CL,303,GOOD SPIRITS LLC #4265,5710 BROADWAY BLVD,GARLAND,TX,75043,57.0,445310.0,Y,09/13/2005,08/01/2005,1345,32.846076997341,-96.595460715075,Match,Exact
32070270353,BLI 110 INC.,110 W AIRPORT FWY,IRVING,TX,75062,57,CT,1,BLI 110 INC.,110 W AIRPORT FWY,IRVING,TX,75062,57.0,445120.0,Y,04/09/2019,04/20/2019,1346,32.836691425315,-96.944625838159,Match,Exact
32044560350,"SANVI ENTERPRISES, INC.",8405 HARWOOD RD,N RICHLND HLS,TX,76180,220,CT,4,CHILLY MART,540 CENTENNIAL BLVD,RICHARDSON,TX,75081,57.0,445120.0,Y,06/28/2012,07/01/2012,1347,32.938153367008,-96.720536591045,Match,Exact
32065323738,MNG 2005 INC.,12400 OLIVE BLVD STE 100,SAINT LOUIS,MO,63141,0,CF,12,CBD KRATOM,1517 MAIN ST,DALLAS,TX,75201,57.0,445299.0,Y,07/13/2023,07/28/2023,1348,32.780670111942,-96.799298248491,Match,Exact
17525530899,"DUCK, DUCK, GOOSE ENTERTAINMENT, INC.",5926 PROSPECT AVE,DALLAS,TX,75206,57,CT,2,SCARDELLO,920 S HARWOOD ST STE 131,DALLAS,TX,75201,57.0,445299.0,Y,09/03/2015,09/15/2015,1349,32.777416132378,-96.790653625129,Match,Exact
17106365988,QUALITY LICENSING CORP.,508 SW 8TH ST,BENTONVILLE,AR,72712,0,CT,523,QUALITY LICENSING CORP. #3285,621 UPTOWN BLVD,CEDAR HILL,TX,75104,57.0,445310.0,Y,11/19/2012,12/19/2012,1350,32.59473763303,-96.946774773964,Match,Exact
32055905049,"AJ GLOBAL, INC.",616 PINE VLY,RICHARDSON,TX,75081,57,CT,1,DAILY STOP,9901 ROYAL LN STE 108,DALLAS,TX,75231,57.0,445120.0,Y,12/23/2014,02/01/2015,1351,32.894615476717,-96.716971794906,Match,Non_Exact
32063846375,DELIGHTFUL SWEETS LLC,1533 SUNNY MEADOW DR,LANCASTER,TX,75134,57,CL,2,DELIGHTFUL SWEETS,324 E BELT LINE RD,DESOTO,TX,75115,57.0,445291.0,Y,06/28/2018,07/16/2018,1352,32.589669263926,-96.852030260749,Match,Exact
17508732769,RANDALL'S FOOD & DRUGS LP,PO BOX 29096 C/O MS 6531,PHOENIX,AZ,85038,0,PF,119,RANDALL'S FOOD AND DRUG #2643,14280 MARSH LN,ADDISON,TX,75001,57.0,445110.0,Y,05/16/2001,05/02/2001,1353,32.938838033549,-96.855685547718,Match,Exact
17522449242,"TODORA KIDS I, INC.",4724 GREENVILLE AVE STE B %ANTHONY F TO,DALLAS,TX,75206,57,CT,1,PM DISCOUNT LIQUOR,4724 GREENVILLE AVE STE B,DALLAS,TX,75206,57.0,445310.0,Y,10/22/1988,09/01/1988,1354,32.844927277741,-96.769926780345,Match,Non_Exact
32082473151,MESFIN TESSEMA ASFAW,1904 TRANSCENDENCE DR,WYLIE,TX,75098,43,IS,1,GEBETA ETHIOPIAN GROCERY,520 N JUPITER RD STE A,GARLAND,TX,75042,57.0,445110.0,Y,01/28/2022,02/01/2022,1355,,,No_Match,
17524055666,"GRAND BEVERAGE, INC.",420 THROCKMORTON ST STE 710,FORT WORTH,TX,76102,220,CT,2,TRADERS VILLAGE BEER,2602 MAYFIELD RD,GRAND PRAIRIE,TX,75052,57.0,445310.0,Y,01/14/1992,01/01/1992,1356,32.691441459927,-97.044236726186,Match,Exact
17525530899,"DUCK, DUCK, GOOSE ENTERTAINMENT, INC.",5926 PROSPECT AVE,DALLAS,TX,75206,57,CT,1,SCARDELLO,3511 OAK LAWN AVE,DALLAS,TX,75219,57.0,445299.0,Y,05/12/2008,07/15/2008,1357,32.81284133035,-96.80465043292,Match,Exact
17106365988,QUALITY LICENSING CORP.,508 SW 8TH ST,BENTONVILLE,AR,72712,0,CT,656,QUALITY LICENSING CORP STORE #2105,4122 LYNDON B JOHNSON FWY,DALLAS,TX,75244,57.0,445310.0,Y,02/24/2015,07/01/2015,1358,,,No_Match,
32002496399,"MASSIMO'S DALLAS, INC.",7303 JOHN W CARPENTER FWY,DALLAS,TX,75247,57,CT,2,MASSIMO'S BAKERY,7303 JOHN W CARPENTER FWY,DALLAS,TX,75247,57.0,445291.0,Y,02/26/2009,01/01/2009,1359,32.816860308362,-96.870692322393,Match,Exact
32071550167,MY SPRING VALLEY LLC,1264 W SPRING VALLEY RD,RICHARDSON,TX,75080,57,CL,1,CERVECERIA EL RANCHO,1264 W SPRING VALLEY RD,RICHARDSON,TX,75080,57.0,445120.0,Y,08/23/2019,08/01/2019,1360,32.939897989559,-96.762257844647,Match,Non_Exact
32062609519,ZNS WIRELESS INC,11034 SHADY TRL STE 112,DALLAS,TX,75229,57,CT,8,CELLPHONE WORLD #1,1450 W PLEASANT RUN RD STE 108,LANCASTER,TX,75146,57.0,445120.0,Y,02/05/2024,02/01/2024,1361,32.604286265283,-96.783624019243,Match,Exact
17528793312,"PANDERIA GUATEMALTECA 'LE MEJOR', INC.",2717 E BELT LINE RD STE 105,CARROLLTON,TX,75006,57,CT,3,"PANDERIA GUATEMALTECA 'LE MEJOR', INC.",2717 E BELT LINE RD STE 105,CARROLLTON,TX,75006,57.0,445291.0,Y,02/24/2010,03/26/2010,1362,32.953338653597,-96.859781662918,Match,Non_Exact
32037314690,GEDLU INC.,8606 GOLD RD,ROWLETT,TX,75089,57,CT,1,7-ELEVEN CONVENIENCE STORE #24584,4201 TRAVIS ST,DALLAS,TX,75205,57.0,445120.0,Y,06/18/2008,06/20/2008,1363,,,No_Match,
32014888104,NEW TEXAS KING ZABIHA HALAL MEAT MARKET INC.,4550 W BUCKINGHAM RD STE A,GARLAND,TX,75042,57,CT,1,NEW TEXAS KING ZABIHA HALAL MEAT MARKET INC,4550 W BUCKINGHAM RD,GARLAND,TX,75042,57.0,445210.0,Y,05/26/2004,07/01/2004,1364,32.931179589724,-96.701686107563,Match,Exact
32047744662,MR SNS INC,1737 GREENVILLE AVE,DALLAS,TX,75206,57,CT,1,GREENVILLE STOP,1737 GREENVILLE AVE,DALLAS,TX,75206,57.0,445310.0,Y,03/01/2013,03/01/2013,1365,32.811539871255,-96.770260726147,Match,Exact
17106365988,QUALITY LICENSING CORP.,508 SW 8TH ST,BENTONVILLE,AR,72712,0,CT,336,QUALITY LICENSING CORP (STORE # 2974),1501 BUCKINGHAM RD,RICHARDSON,TX,75081,57.0,445310.0,Y,11/08/2006,01/20/2007,1366,,,No_Match,
32068248296,HIMALAYAN ENTERPRISE LLC,6916 PARKRIDGE BLVD APT 357,IRVING,TX,75063,57,CL,1,NEIGHBORHOOD FOOD MART,1802 S DENLEY DR,DALLAS,TX,75216,57.0,445120.0,Y,09/05/2018,11/01/2018,1367,32.725575051502,-96.805482832895,Match,Exact
32041014377,F S RAHMAN INVESTMENTS INC,1800 VALLEY VIEW LN STE 158,IRVING,TX,75061,57,CT,1,1ST STOP,1800 VALLEY VIEW LN STE 158,IRVING,TX,75061,57.0,445120.0,Y,04/28/2010,04/28/2010,1368,32.831630311876,-97.023179612693,Match,Exact
32087004191,DORCAS A OYEKOYA,2051 HENRIETTA DR,FORNEY,TX,75126,129,IS,1,PAYDAB AFRICAN MARKET,9450 SKILLMAN ST STE 106,DALLAS,TX,75243,57.0,445110.0,Y,11/04/2022,11/07/2022,1369,32.905265812702,-96.71166377891,Match,Exact
32037782524,MAYA MANAGEMENT GROUP LLC,11411 HILLGUARD RD,DALLAS,TX,75243,57,CL,1,MAYA MANAGEMENT GROUP LLC,2515 W JEFFERSON BLVD STE 300,DALLAS,TX,75211,57.0,445110.0,Y,05/28/2009,05/21/2009,1370,32.748204638179,-96.859119786023,Match,Exact
32054889665,"SUNSHINE FORTUNE, INC.",112 N COLLETT AVE STE 132,DALLAS,TX,75214,57,CT,2,DEES WAY GROCERY,112 N COLLETT AVE STE 132,DALLAS,TX,75214,57.0,445110.0,Y,09/21/2016,11/01/2016,1371,32.796746035784,-96.762034429646,Match,Exact
30118441069,"AIM TERMITE AND PEST CONTROL, INC.",9645 VISTA OAKS DR,DALLAS,TX,75243,57,CT,2,AIM TERMITE AND PEST CONTROL INC,9645 VISTA OAKS DR,DALLAS,TX,75243,57.0,445110.0,Y,01/20/2001,07/01/2000,1372,32.895626740722,-96.7334842887,Match,Exact
32091816101,MIS RAISES EL SALVADOR INC,1807 N GALLOWAY AVE,MESQUITE,TX,75149,57,CT,1,MIS RAICES EL SALVADOR INC,1807 N GALLOWAY AVE,MESQUITE,TX,75149,57.0,445110.0,Y,11/15/2023,12/01/2023,1373,32.786817137939,-96.606184233552,Match,Exact
32039888485,"E635, LLC",2311 TEXAS DR STE 102,IRVING,TX,75062,57,CL,1,ELEMENT DFW AIRPORT NORTH,3550 LYNDON B JOHNSON FWY,IRVING,TX,75063,57.0,445120.0,Y,09/21/2009,10/01/2009,1374,,,No_Match,
32063341427,"CONVENIENCE GROUP, INC.",201 E BELT LINE RD STE 101,DESOTO,TX,75115,57,CT,1,DESOTO GROCERY FOOD MART,201 E BELT LINE RD STE 101,DESOTO,TX,75115,57.0,445299.0,Y,04/18/2017,05/01/2017,1375,32.589771944696,-96.85578738439,Match,Exact
32069346008,SITALSABIN LLC,1614 GRACE DR,EULESS,TX,76039,220,CL,1,HUTCHINS LIQUOR,801 W PALESTINE ST STE 105,HUTCHINS,TX,75141,57.0,445310.0,Y,01/09/2019,03/01/2019,1376,32.648903065065,-96.708404384865,Match,Non_Exact
32063867520,"GRAPH COFFEE, LLC",1635 CHAMPAGNE DR,DALLAS,TX,75224,57,CL,1,"GRAPH COFFEE, LCC",1635 CHAMPAGNE DR,DALLAS,TX,75224,57.0,445299.0,Y,07/08/2017,07/01/2017,1377,32.704377094148,-96.847116195498,Match,Exact
32074565816,HAMPTON RADIL LLC,3118 W NORTHGATE DR APT 1053,IRVING,TX,75062,57,CL,1,6-12 FOOD STORE,1221 N HAMPTON RD,DALLAS,TX,75208,57.0,445120.0,Y,06/24/2020,07/15/2020,1378,32.760597846733,-96.856806022121,Match,Exact
32062906212,SANTOSHI  MAA    LLC,2916 N US HIGHWAY 75 STE 100,SHERMAN,TX,75090,91,CL,3,REGGIS LIQUOR #635,3341 REGENT BLVD STE 140,IRVING,TX,75063,57.0,445310.0,Y,06/11/2019,06/15/2019,1379,,,No_Match,
17528793312,"PANDERIA GUATEMALTECA 'LE MEJOR', INC.",2717 E BELT LINE RD STE 105,CARROLLTON,TX,75006,57,CT,1,"PANDERIA GUATEMALTECA 'LE MEJOR', INC.",1840 S 1ST ST,GARLAND,TX,75040,57.0,445291.0,Y,02/10/2000,02/01/2000,1380,,,No_Match,
32052297390,"BUDA JUICE, LLC",4030 BLACK GOLD DR,DALLAS,TX,75247,57,CL,27,"BUDA JUICE, LLC",3699 MCKINNEY AVE STE 318,DALLAS,TX,75204,57.0,445299.0,Y,01/26/2022,01/01/2021,1381,32.808387450624,-96.79639630436,Match,Exact
32018077738,FERNANDO F TABOADA & MIGUEL M TABOADA,2918 HARLANDALE AVE,DALLAS,TX,75216,57,PI,1,DULCERIA TRES HERMANOS,712 S WALTON WALKER BLVD,DALLAS,TX,75211,57.0,445292.0,Y,08/29/2005,08/29/2005,1382,32.750682145297,-96.920244386608,Match,Non_Exact
17106365988,QUALITY LICENSING CORP.,508 SW 8TH ST,BENTONVILLE,AR,72712,0,CT,291,QUALITY LICENSING CORP (STORE# 1800),1801 MARKETPLACE DR,GARLAND,TX,75041,57.0,445310.0,Y,05/11/2005,05/15/2005,1383,32.862553384524,-96.653481320358,Match,Exact
32055685856,JAI KHODAL MAA CORPORATION,1222 EASTWICK CIR,MURPHY,TX,75094,43,CT,1,MINI MART,937 BARNES BRIDGE RD,MESQUITE,TX,75150,57.0,445120.0,Y,07/05/2017,07/05/2017,1384,,,No_Match,
32058152599,MA GUADALUPE AGUILAR,259 E GRAUWYLER RD STE 170,IRVING,TX,75061,57,IS,1,LA REAL MICHOACANA #7,259 E GRAUWYLER RD # 170,IRVING,TX,75061,57.0,445299.0,Y,08/28/2015,08/29/2015,1385,32.829445832697,-96.942937585033,Match,Exact
32061726819,MAMIE BOBANGE BASENGA,3604 BLOCK DR APT 104,IRVING,TX,75038,57,IS,2,MAMIE BOBANGE BASENGA,3604 BLOCK DR APT 104,IRVING,TX,75038,57.0,445110.0,Y,11/13/2023,11/13/2023,1386,32.860211528363,-97.01094912063,Match,Exact
17427437011,SPEC'S FAMILY CORP.,2410 SMITH ST,HOUSTON,TX,77006,101,CT,254,"SPEC'S LIQUOR #150 SPEC'S WINE, SPIRITS & FINER",9500 N CENTRAL EXPY STE 200,DALLAS,TX,75231,57.0,445310.0,Y,01/27/2023,02/01/2023,1387,32.878179293202,-96.769598005766,Match,Exact
32020048826,PAT & TINA INC.,4818 S 2ND AVE,DALLAS,TX,75210,57,CT,1,K CONVENIENCE,4818 S 2ND AVE,DALLAS,TX,75210,57.0,445120.0,Y,08/09/2006,09/01/2006,1388,,,No_Match,
32064452496,SAI CYRAH INC,2413 TOP RAIL LN,SOUTHLAKE,TX,76092,220,CT,3,KIEST FOOD MART,2419 W KIEST BLVD,DALLAS,TX,75233,57.0,445120.0,Y,10/30/2018,11/01/2018,1389,32.705866008602,-96.857467148832,Match,Exact
32018077738,FERNANDO F TABOADA & MIGUEL M TABOADA,2918 HARLANDALE AVE,DALLAS,TX,75216,57,PI,2,FRUTERIA GUERRERO,712 S WALTON WALKER BLVD # 11H,DALLAS,TX,75211,57.0,445292.0,Y,06/28/2017,06/28/2017,1390,32.750682145297,-96.920244386608,Match,Non_Exact
32100556060,SAHI CAPITAL INC,1002 CREEK ROW DR APT 320,ARLINGTON,TX,76013,220,CT,1,SODA AND SNACK MART,4020 W CAMP WISDOM RD,DALLAS,TX,75237,57.0,445120.0,Y,07/09/2025,07/01/2025,1391,32.661895129927,-96.884495254758,Match,Exact
32063890696,ISD INVESTMENT LLC,4728 TAYLOR LN,GRAPEVINE,TX,76051,220,CL,2,FIRST STOP LIQUORS,4847 SCYENE RD STE B,DALLAS,TX,75210,57.0,445310.0,Y,06/13/2017,07/01/2017,1392,,,No_Match,
32055017324,"STOCKS & BONDY, LLC",9050 WESTBRIAR DR,DALLAS,TX,75228,57,CL,2,STOCKS & BONDY,4306 N CENTRAL EXPY,DALLAS,TX,75206,57.0,445299.0,Y,09/18/2020,09/01/2020,1393,32.817654134204,-96.787882883004,Match,Exact
32090967855,THE YUMMY HOPE CORPORATION,1770 FRONT ST,LYNDEN,WA,98264,0,CT,2,YUMMY HOPE FOODS,3600 W PIONEER DR STE 140,IRVING,TX,75061,57.0,445291.0,Y,01/03/2024,10/10/2023,1394,32.828746339604,-96.997590907168,Match,Exact
32060356808,E SQUARE LLC,1712 WILDFLOWER TRL,GRAPEVINE,TX,76051,220,CL,1,SAM HOUSTON FOOD MART,2006 W BUCKINGHAM RD,GARLAND,TX,75042,57.0,445120.0,Y,05/20/2016,05/15/2016,1395,32.930471568054,-96.657353579374,Match,Exact
32089259009,ZAINAB KASHAN LLC,2333 HARDWICK ST,DALLAS,TX,75208,57,CL,2,HARDWICK MART,2333 HARDWICK ST,DALLAS,TX,75208,57.0,445120.0,Y,02/07/2024,03/01/2024,1396,32.771672415513,-96.826730307792,Match,Exact
32086668228,BROOKS ROLLS & MORE LLC,239 WOODSON ST,IRVING,TX,75063,57,CL,1,BROOKS ROLLS & MORE LLC,8701 CYPRESS WATERS BLVD STE 110,IRVING,TX,75063,57.0,445291.0,Y,10/16/2025,07/01/2023,1397,32.924734577559,-96.990892810135,Match,Exact
32070347219,JOSE R CHAVEZ AND MARIA L TORRES,145 S MASTERS DR,DALLAS,TX,75217,57,PI,1,EL SEMBRADOR SCS,145 S MASTERS DR,DALLAS,TX,75217,57.0,445292.0,Y,04/10/2019,01/01/2019,1398,32.711292782575,-96.648662068012,Match,Exact
32042937683,AHAILE LLC,511 N AKARD ST STE 101,DALLAS,TX,75201,57,CL,1,7-ELEVEN CONVENIENCE STORE #34530A,511 N AKARD ST STE 101,DALLAS,TX,75201,57.0,445110.0,Y,11/02/2010,12/01/2010,1399,32.783784738082,-96.800555656786,Match,Exact
32056813457,ACLARK STORES LLC,1205 DOWDY FERRY RD,HUTCHINS,TX,75141,57,CL,1,LUCKY 777 C-STORE & GRILL,1205 DOWDY FERRY RD,HUTCHINS,TX,75141,57.0,445120.0,Y,09/28/2019,12/01/2015,1400,32.648705206326,-96.698440258049,Match,Exact
32063102373,WHITE RIBBON CORPORATION,4041 W WHEATLAND RD STE 216,DALLAS,TX,75237,57,CT,1,Q.MART,4041 W WHEATLAND RD STE 216,DALLAS,TX,75237,57.0,445120.0,Y,05/24/2017,06/20/2017,1401,32.647663427579,-96.883497981191,Match,Exact
32041024368,THEBES HOLDINGS LLC,2422 ALLEN ST,DALLAS,TX,75204,57,CL,1,KORNER THE MARKET,2422 ALLEN ST,DALLAS,TX,75204,57.0,445120.0,Y,12/23/2020,02/21/2021,1402,32.797535135044,-96.798180910305,Match,Exact
32069677261,"I & I BAKERY, LLC",2625 OLD DENTON RD STE 456,CARROLLTON,TX,75007,57,CL,1,"I & I BAKERY, LLC",2625 OLD DENTON RD STE 418,CARROLLTON,TX,75007,57.0,445291.0,Y,01/03/2020,01/01/2020,1403,32.990773181409,-96.910067244112,Match,Exact
32052398024,"DEVVU, LLC",5606 S R L THORNTON FWY,DALLAS,TX,75232,57,CL,2,LUXURY INN,5606 S R L THORNTON FWY,DALLAS,TX,75232,57.0,445292.0,Y,08/29/2017,09/01/2017,1404,32.677463422833,-96.822123754654,Match,Exact
32064576153,SANY RETAIL CORPORATION,1916 WALNUT PLZ STE 105,CARROLLTON,TX,75006,57,CT,1,LATINO MARKET,1916 WALNUT PLZ STE 105,CARROLLTON,TX,75006,57.0,445120.0,Y,08/19/2017,10/01/2017,1405,32.956025820804,-96.888632074138,Match,Exact
12708264622,PATEL BROS OF IRVING LLC,1009 W ROCHELLE RD,IRVING,TX,75062,57,CI,1,PATEL BROS OF IRVING LLC,1009 W ROCHELLE RD,IRVING,TX,75062,57.0,445110.0,Y,09/23/2009,08/27/2009,1406,32.844267264425,-96.95795300748,Match,Exact
32075317415,BHULLAR ENTERPRISES LLC,829 S CORINTH STREET RD,DALLAS,TX,75203,57,CL,1,A MOTION FOOD MART,829 S CORINTH STREET RD,DALLAS,TX,75203,57.0,445120.0,Y,08/27/2020,10/01/2020,1407,32.739732698681,-96.798557592572,Match,Non_Exact
32041024368,THEBES HOLDINGS LLC,2422 ALLEN ST,DALLAS,TX,75204,57,CL,3,K�RNER THE MARKET,2815 ALLEN ST STE 122,DALLAS,TX,75204,57.0,445120.0,Y,10/14/2024,01/01/2025,1408,32.800768771543,-96.801256276661,Match,Exact
32052297390,"BUDA JUICE, LLC",4030 BLACK GOLD DR,DALLAS,TX,75247,57,CL,25,BUDA JUICE,5307 E MOCKINGBIRD LN STE 107,DALLAS,TX,75206,57.0,445299.0,Y,01/26/2022,01/01/2021,1409,32.83664154691,-96.777380168382,Match,Non_Exact
17427437011,SPEC'S FAMILY CORP.,2410 SMITH ST,HOUSTON,TX,77006,101,CT,125,"SPEC'S LIQUOR #156, SFP DISTRIBUTION, SPEC'S WINE",9972 MARSH LN,DALLAS,TX,75220,57.0,445310.0,Y,01/27/2023,02/01/2023,1410,,,No_Match,
17430106587,"HEB BEVERAGE COMPANY, LLC",PO BOX 839999,SAN ANTONIO,TX,78283,15,CL,552,JOE V'S SMART SHOP #803,4101 W WHEATLAND RD,DALLAS,TX,75237,57.0,445310.0,Y,02/15/2024,05/06/2024,1411,,,No_Match,
17523262743,"PO-GO'S LIQUORS, INC.",5360 W LOVERS LN STE 200,DALLAS,TX,75209,57,CT,2,PO-GO'S,2034 IRVING BLVD,DALLAS,TX,75207,57.0,445310.0,Y,05/17/2021,07/10/2021,1412,32.79523540014,-96.828619450643,Match,Exact
32101659103,"MORMAX II, LLC",1225 NORTH LOOP W STE 640,HOUSTON,TX,77008,101,CL,2,BJ'S WHOLESALE CLUB #264,1021 IKEA WAY,GRAND PRAIRIE,TX,75052,57.0,445310.0,Y,10/16/2025,01/01/2026,1413,32.688280192687,-97.023057784164,Match,Non_Exact
32060701763,DESI DISTRICT LLC,7011 NUECES DR,IRVING,TX,75039,57,CL,2,PREMIER DESI DISTRICT,6421 RIVERSIDE DR STE 160,IRVING,TX,75039,57.0,445110.0,Y,01/15/2021,12/01/2020,1414,32.897319553596,-96.939050248351,Match,Exact
17508658428,BROOKSHIRE GROCERY COMPANY,PO BOX 1411 C/O COMPLIANCE,TYLER,TX,75710,212,CT,208,SUPER 1 FOODS # 649,125 HALL RD,SEAGOVILLE,TX,75159,57.0,445110.0,Y,09/16/2009,10/01/2009,1415,32.649132046895,-96.548471241168,Match,Exact
32095698778,JENNY VARGAS,3900 TELEPORT BLVD,IRVING,TX,75039,57,IS,1,JEZZY CRAVINS,555 PROMENADE PKWY APT 451,IRVING,TX,75039,57.0,445291.0,Y,06/28/2024,06/06/2024,1416,,,No_Match,
32053229715,INU USA INC,2405 HOLLOW HILL LN,LEWISVILLE,TX,75056,61,CT,2,MILLER GAS & MORE,2435 W MILLER RD,GARLAND,TX,75041,57.0,445120.0,Y,07/02/2014,07/01/2014,1417,32.894553410522,-96.664781455631,Match,Exact
32086096339,LABAF CORPORATION LLC,4020 ASH LEAF CT,DALLAS,TX,75212,57,CL,1,LABAF CORPORATION LLC,3341 COUNTRY CLUB DR W,IRVING,TX,75038,57.0,445299.0,Y,09/06/2022,09/15/2022,1418,32.860772836996,-96.991096460851,Match,Exact
32092988727,"WEST DALLAS MEAT MARKET, INC.",5417 BERNAL DR,DALLAS,TX,75212,57,CT,1,CARNICERIA MEXICO,5417 BERNAL DR,DALLAS,TX,75212,57.0,445210.0,Y,01/05/2024,01/05/2024,1419,32.777293014169,-96.909072755501,Match,Exact
32051120049,L KIDS INC,2037 PRIMROSE DR,IRVING,TX,75063,57,CT,1,DAILY STOP,2326 W SHADY GROVE RD,IRVING,TX,75060,57.0,445120.0,Y,06/04/2013,07/01/2013,1420,32.800369977737,-96.975845844546,Match,Exact
32076213373,"FRUTERIA CANO, LLC",2447 GUS THOMASSON RD,DALLAS,TX,75228,57,CL,14,FRUTERIA CANO,1229 ADMIRAL NIMITZ CIR,DALLAS,TX,75210,57.0,445230.0,Y,07/12/2023,09/01/2023,1421,,,No_Match,
17427437011,SPEC'S FAMILY CORP.,2410 SMITH ST,HOUSTON,TX,77006,101,CT,82,"SPEC'S WINES, SPIRITS & FINER FOODS, SPEC'S LIQUOR",1900 MARKET PLACE BLVD,IRVING,TX,75063,57.0,445310.0,Y,01/27/2023,02/01/2023,1422,32.920012503268,-96.970784987733,Match,Exact
32071973989,FIVESTAR MALHAN LLC,5530 BLUE POINT LN,GARLAND,TX,75043,57,CL,1,FIVESTAR MARKET,2020 HIGHWAY 66,GARLAND,TX,75040,57.0,445120.0,Y,09/26/2019,11/01/2019,1423,32.909936610392,-96.59855279769,Match,Exact
32041930077,"LH BEVERAGES, L.P.",2331 W NORTHWEST HWY STE 201,DALLAS,TX,75220,57,PL,1,HAMPTON BEVERAGES,1519 S HAMPTON RD,GLENN HEIGHTS,TX,75154,57.0,445310.0,Y,06/03/2010,06/30/2010,1424,32.565327601718,-96.856944457783,Match,Exact
32044533761,SAI BUSINESS  INVESTMENTS LLC,2131 N KIRBYWOOD TRL,GRAND PRAIRIE,TX,75052,220,CL,4,SEAGO PANTRY,15130 SEAGOVILLE RD,DALLAS,TX,75253,57.0,445120.0,Y,09/11/2014,09/01/2014,1425,,,No_Match,
32064553863,JAM B FOOD MART LLC,4210 PIONEER RD,BALCH SPRINGS,TX,75180,57,CL,1,PIONEER FOOD MART,4210 PIONEER RD,BALCH SPRINGS,TX,75180,57.0,445120.0,Y,08/30/2017,10/01/2017,1426,32.712896258071,-96.605340102374,Match,Exact
32059374465,J&G TRADING LLC,3044 OLD DENTON RD STE 300,CARROLLTON,TX,75007,61,CL,1,NINE RABBITS BAKERY BOBA HOUSE,2546 ROYAL LN,DALLAS,TX,75229,57.0,445291.0,Y,03/24/2016,04/01/2016,1427,32.895881949365,-96.893799612443,Match,Exact
32052052050,SHLOK KRISHNA RONAK LLC,1001 N HIGHWAY 175,SEAGOVILLE,TX,75159,57,CL,2,SEAGOVILLE CHEVRON,1001 N HIGHWAY 175,SEAGOVILLE,TX,75159,57.0,445120.0,Y,10/29/2014,12/01/2014,1428,32.649847634897,-96.546231141237,Match,Exact
32009840847,SUNILKUMAR C PATEL,5122 S 2ND AVE,DALLAS,TX,75210,57,IS,5,RED DOOR MOTEL,5122 S 2ND AVE,DALLAS,TX,75210,57.0,445120.0,Y,08/06/1993,09/01/1993,1429,,,No_Match,
32059291123,"SAHARA BROTHERS PETROLEUM, INC.",2050 N WESTMORELAND RD,DALLAS,TX,75212,57,CT,1,TIGER MART 81,2050 N WESTMORELAND RD STE 100,DALLAS,TX,75212,57.0,445120.0,Y,03/14/2016,05/01/2016,1430,32.77061265453,-96.873798659285,Match,Exact
32076213373,"FRUTERIA CANO, LLC",2447 GUS THOMASSON RD,DALLAS,TX,75228,57,CL,4,FRUTERIA CANO,13531 MONTFORT DR STE 125,DALLAS,TX,75240,57.0,445230.0,Y,01/04/2021,01/01/2021,1431,32.931655573729,-96.81234250894,Match,Exact
17427371640,"WHOLE FOODS MARKET ROCKY MOUNTAIN/SOUTHWEST, L.P.",550 BOWIE ST,AUSTIN,TX,78703,227,PL,25,WHOLE FOODS MARKET,2118 ABRAMS RD,DALLAS,TX,75214,57.0,445110.0,Y,12/30/2008,01/01/2009,1432,32.816351574148,-96.752866836506,Match,Exact
32061120757,RJ FOREST LN RESTAURANT LLC,1185 108TH ST,GRAND PRAIRIE,TX,75050,220,CL,1,RJ FOREST LN RESTAURANT LLC,3605 FOREST LN,DALLAS,TX,75234,57.0,445299.0,Y,07/06/2017,08/01/2017,1433,32.909746520324,-96.858774132502,Match,Exact
32058448153,JSC WORLD INC,2701 OLD DENTON RD STE 270,CARROLLTON,TX,75007,57,CT,2,ECCLESIA BAKERY & BRUNCH,804 S MACARTHUR BLVD,COPPELL,TX,75019,57.0,445291.0,Y,06/16/2022,07/01/2022,1434,32.951275691291,-96.957771982629,Match,Exact
32041559272,TRIPLE A LALANI INC,1114 TWILIGHT DR,LEWISVILLE,TX,75056,61,CT,2,AZ C-STORE,13021 COIT RD STE 106,DALLAS,TX,75240,57.0,445120.0,Y,08/17/2017,10/01/2017,1435,32.925339529482,-96.769329826082,Match,Exact
32044128638,"RPAA, INC.",204 S NURSERY RD STE 150,IRVING,TX,75060,57,CT,3,DOUG'S MARKET & DELI,2008 COMMERCE ST,DALLAS,TX,75201,57.0,445120.0,Y,10/17/2025,12/01/2025,1436,32.780966409814,-96.793762310986,Match,Exact
32097441458,SNACK HUB EXPRESS LLC,400 S HALL ST APT 248,DALLAS,TX,75226,57,CL,1,SNACK HUB EXPRESS LLC,400 S HALL ST APT 248,DALLAS,TX,75226,57.0,445110.0,Y,12/24/2024,12/23/2024,1437,32.781982157062,-96.778845468142,Match,Exact
32064568663,"A & S SUPERMARKETS, LLC",1201 W CAMP WISDOM RD,DALLAS,TX,75232,57,CL,2,CASH SAVER,2130 E LEDBETTER DR,DALLAS,TX,75216,57.0,445110.0,Y,08/26/2017,10/06/2017,1438,32.686296176505,-96.789048133336,Match,Exact
17527459808,"LOPEZ DE LIRA ENTERPRISES, INC.",7843 LAKE JUNE RD,DALLAS,TX,75217,57,CT,4,DEL NORTE BAKERY #6,7726 FERGURSON RD,DALLAS,TX,75228,57.0,445000.0,Y,04/25/2022,04/23/2003,1439,,,No_Match,
32060647123,HAMRO GROUP LLC,1007 CEDARDALE RD,LANCASTER,TX,75134,57,CL,1,CEDARDALE C STORE,1007 CEDARDALE RD,LANCASTER,TX,75134,57.0,445120.0,Y,06/04/2016,06/03/2016,1440,32.634253470612,-96.792475905004,Match,Exact
32082107502,CHEF CRAFTED KITCHENS LLC,8405 BLUE BONNET RD,DALLAS,TX,75209,57,CL,2,CHEF CRAFTED KITCHENS LLC,6211 OWENS ST STE 100,DALLAS,TX,75235,57.0,445310.0,Y,04/04/2023,04/01/2023,1441,32.827533012507,-96.839029163228,Match,Non_Exact
32090569966,DFM DESOTO LLC,900 N POLK ST STE 102,DESOTO,TX,75115,57,CL,1,DAILY FOOD MART,900 N POLK ST STE 102,DESOTO,TX,75115,57.0,445120.0,Y,07/08/2023,07/07/2023,1442,32.610426432479,-96.839919595382,Match,Exact
32080246419,"3 BAR BISON, LLC",209 E GREENBRIAR LN,DALLAS,TX,75203,57,CL,1,"3 BAR BISON, LLC",209 E GREENBRIAR LN,DALLAS,TX,75203,57.0,445210.0,Y,03/05/2022,03/15/2022,1443,32.764194160538,-96.821217777393,Match,Exact
32077828054,HRKM BEVERAGE LLC,350 WESTPARK WAY STE 205,EULESS,TX,76040,220,CL,1,THE BRASS TAP,5321 THE STATION BLVD STE B150,SACHSE,TX,75048,57.0,445310.0,Y,12/27/2021,02/01/2022,1444,,,No_Match,
32074680581,SPICEMART LLC,5331 HOLLAND AVE,DALLAS,TX,75209,57,CL,2,SPICEMART,5331 HOLLAND AVE,DALLAS,TX,75209,57.0,445110.0,Y,08/05/2021,07/01/2021,1445,32.827662321861,-96.820307196134,Match,Exact
32006387719,KOO YANG CHUNG,6102 SAMUELL BLVD STE 100,DALLAS,TX,75228,57,IS,1,YOUNG DONUTS,6102 SAMUELL BLVD STE 100,DALLAS,TX,75228,57.0,445000.0,Y,07/24/1984,07/16/1984,1446,32.791959797631,-96.69981253259,Match,Exact
32026821309,NATALIE BAKERY AND CAFETERIA CO.,2240 MARSH LN STE 120,CARROLLTON,TX,75006,57,CT,2,NATALIE'S PASTRY AND CAKES,2240 MARSH LN # 120,CARROLLTON,TX,75006,57.0,445291.0,Y,07/03/2024,07/01/2024,1447,32.970050785659,-96.854961805478,Match,Exact
32089016474,SHOP PARADISE LLC,501 DONALD LN,WYLIE,TX,75098,43,CL,1,SAM'S WHOLESALE PRICED LIQUOR 1,5119 ROWLETT RD,ROWLETT,TX,75088,57.0,445310.0,Y,04/07/2023,06/05/2023,1448,32.905976999403,-96.569509607542,Match,Exact
32009840847,SUNILKUMAR C PATEL,5122 S 2ND AVE,DALLAS,TX,75210,57,IS,12,SADLER'S FOOD MART #2,10300 SCYENE RD STE 100,DALLAS,TX,75227,57.0,445120.0,Y,01/23/2020,02/15/2020,1449,32.762186963982,-96.646442380555,Match,Exact
32097716800,"BODEGA FINE SPIRITS, LLC",10645 HARRY HINES BLVD,DALLAS,TX,75220,57,CL,1,"BODEGA FINE SPIRITS, LLC",10645 HARRY HINES BLVD,DALLAS,TX,75220,57.0,445310.0,Y,12/24/2024,01/01/2025,1450,32.870124112172,-96.882946897992,Match,Exact
32040604541,DIPDIYA ENTERPRISES INC.,4401 HUMMINGBIRD LN,GARLAND,TX,75043,57,CT,1,GRAB & GO,2031 N GALLOWAY AVE,MESQUITE,TX,75149,57.0,445120.0,Y,11/06/2009,11/15/2009,1451,32.791831480512,-96.612064778954,Match,Exact
32044532599,MICHAEL'S AT SHILOH LLC,11437 SHILOH RD,DALLAS,TX,75228,57,CL,1,7-ELEVEN CONVENIENCE STORE #21104,11437 SHILOH RD,DALLAS,TX,75228,57.0,445120.0,Y,06/28/2011,08/01/2011,1452,32.850119739405,-96.666014205379,Match,Exact
32093141680,TC'S PIECES OF LOVE LLC,2913 MONTICELLO LN,LANCASTER,TX,75134,57,CL,1,TC'S PIECES OF LOVE LLC,2913 MONTICELLO LN,LANCASTER,TX,75134,57.0,445299.0,Y,10/15/2025,07/01/2024,1453,32.623843474368,-96.802207507457,Match,Exact
32038068188,SABITA CORPORATION,966 ROCKPORT LN,ALLEN,TX,75013,43,CT,1,HILL TOWN LIQUOR,3610 W JEFFERSON BLVD STE 100,COCKRELL HILL,TX,75211,57.0,445310.0,Y,10/27/2008,11/01/2008,1454,32.740314781193,-96.878754057675,Match,Non_Exact
32064568663,"A & S SUPERMARKETS, LLC",1201 W CAMP WISDOM RD,DALLAS,TX,75232,57,CL,1,CASH SAVER,1201 W CAMP WISDOM RD,DALLAS,TX,75232,57.0,445110.0,Y,08/26/2017,10/06/2017,1455,32.662248769098,-96.841761307035,Match,Exact
32091304496,BOOZE BAGGERS LLC,16117 LONGVISTA DR,DALLAS,TX,75248,57,CL,1,BOOZE BAGGERS LLC,16117 LONGVISTA DR,DALLAS,TX,75248,57.0,445299.0,Y,08/31/2023,09/21/2023,1456,32.971408812695,-96.783345688237,Match,Exact
32071201787,"J.C.'S ONE STOP SHOP, LLC",331 DUBOIS AVE,DALLAS,TX,75203,57,CL,1,"J.C.'S ONE STOP SHOP, LLC",2743 CEDAR CREST BLVD,DALLAS,TX,75203,57.0,445120.0,Y,04/05/2023,05/01/2019,1457,32.739772296554,-96.789305540152,Match,Exact
32052052050,SHLOK KRISHNA RONAK LLC,1001 N HIGHWAY 175,SEAGOVILLE,TX,75159,57,CL,3,SAM'S TOBACCO TOWN,800 E ARAPAHO RD STE 104,RICHARDSON,TX,75081,57.0,445120.0,Y,08/02/2016,08/03/2016,1458,32.960573375769,-96.713699865114,Match,Exact
32098991741,SUPER SECRET SALSA COMPANY LLC,11124 MANORVIEW CIR,DALLAS,TX,75228,57,CL,1,SUPER SECRET SALSA COMPANY LLC,11124 MANORVIEW CIR,DALLAS,TX,75228,57.0,445230.0,Y,03/20/2025,03/23/2025,1459,32.842635342249,-96.653501592374,Match,Exact
32079903723,AMERICAN TROPICAL PRODUCTS LLC,1137 TAYLOR LN,LEWISVILLE,TX,75077,61,CL,1,ZION AFRICAN MARKET,3706 CHEYENNE ST,IRVING,TX,75038,57.0,445120.0,Y,04/26/2022,05/15/2022,1460,32.857143765295,-97.001523965312,Match,Exact
32102540294,PAR AL EAGLE INC,7150 CHAUCER PL STE 108,DALLAS,TX,75237,57,CT,1,AL FOOD MART,7150 CHAUCER PL STE 108,DALLAS,TX,75237,57.0,445120.0,Y,10/16/2025,11/01/2025,1461,32.661497188212,-96.867815601763,Match,Exact
32068284424,"CANDY ZONE, INC.",2506 LAVACA DR,EULESS,TX,76039,220,CT,1,"CANDY ZONE, INC.",3803 IRVING MALL,IRVING,TX,75062,57.0,445292.0,Y,10/11/2018,10/01/2018,1462,32.841102633578,-96.994304958083,Match,Exact
32062986727,DSJF ENTERPRISE LLC,3824 BALDOMERA ST,FLOWER MOUND,TX,75022,61,CL,3,JERSEY MIKES SUBS,7324 GASTON AVE STE 115,DALLAS,TX,75214,57.0,445210.0,Y,10/11/2018,11/01/2018,1463,32.811792586591,-96.730767611575,Match,Exact
32084136822,SRI SAI BABA LLC,132 MISCHIEF LN,ROCKWALL,TX,75032,199,CL,1,AMIGO DOLLAR PLUS,1401 NORTHWEST HWY STE 139,GARLAND,TX,75041,57.0,445120.0,Y,06/14/2022,06/15/2022,1464,32.864253251205,-96.648410558185,Match,Exact
32074700397,AKRAM ELHAYEK,4515 VILLAGE FAIR DR STE E10,DALLAS,TX,75224,57,IS,1,# 1 DALLAS  DISCOUNT TOBACCO,4515 VILLAGE FAIR DR STE E10,DALLAS,TX,75224,57.0,445310.0,Y,06/23/2020,07/01/2020,1465,32.690751889284,-96.829363599874,Match,Exact
32076213373,"FRUTERIA CANO, LLC",2447 GUS THOMASSON RD,DALLAS,TX,75228,57,CL,5,FRUTERIA CANO,2447 GUS THOMASSON RD STE 12,DALLAS,TX,75228,57.0,445230.0,Y,01/01/2021,01/01/2021,1466,,,Tie,
17427371640,"WHOLE FOODS MARKET ROCKY MOUNTAIN/SOUTHWEST, L.P.",550 BOWIE ST,AUSTIN,TX,78703,227,PL,36,WHOLE FOODS MARKET,5100 BELT LINE RD STE 1012,DALLAS,TX,75254,57.0,445110.0,Y,04/24/2013,08/16/2013,1467,32.953965297782,-96.821670972107,Match,Exact
32011449447,ANDY THYSAUN MAO,421 LAUREL HILL LN,MURPHY,TX,75094,43,IS,5,EMPIRE CENTRAL BEVERAGE,8300 HARRY HINES BLVD,DALLAS,TX,75235,57.0,445310.0,Y,01/16/2020,03/01/2020,1468,32.835315138174,-96.862853732225,Match,Exact
32079976562,JEN RETAIL LLC,506 DOMINION DR,EULESS,TX,76039,220,CL,1,BIG BOYZ BEER & WINE,3500 E ILLINOIS AVE,DALLAS,TX,75216,57.0,445120.0,Y,06/06/2023,06/10/2023,1469,32.714940695788,-96.764806352065,Match,Exact
32056687281,HAJAR CONVENIENCE LLC,2851 ENGLAND PKWY,GRAND PRAIRIE,TX,75054,220,CL,1,HAJAR CONVENIENCE LLC,2475 S COCKRELL HILL RD STE 100,DALLAS,TX,75211,57.0,445120.0,Y,04/08/2015,04/01/2015,1470,32.718646584655,-96.891592973989,Match,Exact
32085136839,GREAT MECCA LLC,2315 HIGH POINT DR,SACHSE,TX,75048,43,CL,1,GREAT MECCA LLC,6504 HIGHWAY 78,SACHSE,TX,75048,57.0,445120.0,Y,01/31/2023,08/23/2022,1471,32.980275865037,-96.588972374697,Match,Exact
32007549119,JULIA FIELDS PENDERY,100 MOLALA CV,GAINESVILLE,TX,76240,49,IS,2,JULIA BEAD JEWELRY,3030 LYNDON B JOHNSON FWY STE 1630,DALLAS,TX,75234,57.0,445299.0,Y,10/10/2012,01/01/2012,1472,32.914245831876,-96.86754019981,Match,Exact
32078097634,SAI D2A INC,2929 BELT LINE RD,GARLAND,TX,75044,57,CT,1,SAMS FOOD MART,2929 BELT LINE RD,GARLAND,TX,75044,57.0,445120.0,Y,10/12/2023,04/01/2021,1473,32.944910701605,-96.671461129836,Match,Exact
17427371640,"WHOLE FOODS MARKET ROCKY MOUNTAIN/SOUTHWEST, L.P.",550 BOWIE ST,AUSTIN,TX,78703,227,PL,23,WHOLE FOODS MARKET #23,11700 PRESTON RD # 714,DALLAS,TX,75230,57.0,445110.0,Y,10/20/2006,12/05/2006,1474,32.907973293727,-96.804073444098,Match,Exact
32094721027,RAGHU CEDAR INC,9104 CRANDALL DR,FORT WORTH,TX,76244,220,CT,1,CEDAR RIDGE FOOD MART,102 S CEDAR RIDGE DR,DUNCANVILLE,TX,75116,57.0,445120.0,Y,04/30/2024,05/01/2024,1475,32.651772127704,-96.925537249242,Match,Non_Exact
32064452496,SAI CYRAH INC,2413 TOP RAIL LN,SOUTHLAKE,TX,76092,220,CT,4,LINDAS LIQUOR BEER WINE,9740 WEBB CHAPEL RD,DALLAS,TX,75220,57.0,445120.0,Y,11/13/2021,11/01/2021,1476,32.868685233252,-96.864588243456,Match,Exact
32084109365,AGIEBABE'S GINGER BEER LLC,1400 HI LINE DR APT 718,DALLAS,TX,75207,57,CL,2,AGIEBABE'S GINGER BEER LLC,1400 HI LINE DR APT 718,DALLAS,TX,75207,57.0,445299.0,Y,10/21/2025,10/01/2025,1477,32.794472349033,-96.815459727912,Match,Exact
32066420541,JF AFRICAN & ASIAN MARKET INC,1819 N GALLOWAY AVE,MESQUITE,TX,75149,57,CT,2,JF AFRICAN & ASIAN MARKET,1819 N GALLOWAY AVE,MESQUITE,TX,75149,57.0,445120.0,Y,01/30/2023,01/01/2023,1478,32.78694823628,-96.606338888601,Match,Exact
32069136052,"LOS CANITO'S, LLC",2447 GUS THOMASSON RD C/O SUITE 126,DALLAS,TX,75228,57,CL,1,LOS CANITO'S,2447 GUS THOMASSON RD STE 126,DALLAS,TX,75228,57.0,445230.0,Y,03/26/2021,01/01/2021,1479,,,Tie,
32070418689,AMBAREEN KHAN,451 N HOLLAND RD,MANSFIELD,TX,76063,220,IS,1,JEFFERSON MART,1325 E JEFFERSON ST,GRAND PRAIRIE,TX,75051,57.0,445120.0,Y,04/17/2019,06/01/2019,1480,32.745004965674,-96.98853829626,Match,Exact
32070888188,GOURI ENTERPRISES LLC,7471 FALLEN TRL,FORT WORTH,TX,76123,220,CL,1,PAYLOW FOOD BEER & WINE,3701 W CLARENDON DR STE 100,COCKRELL HILL,TX,75211,57.0,445120.0,Y,06/18/2019,08/01/2019,1481,,,Tie,
32065133517,UNITED RADIL LLC,3118 W NORTHGATE DR APT 1053,IRVING,TX,75062,57,CL,1,AMIGO SUPERMART,3726 W DAVIS ST,DALLAS,TX,75211,57.0,445120.0,Y,09/18/2018,09/07/2018,1482,32.749502616917,-96.879492441259,Match,Exact
32072357828,ARMASOLI LLC,3613 HUDSON DR,SACHSE,TX,75048,57,CL,1,XPRESS FOOD MART,1225 BELT LINE RD STE 103,GARLAND,TX,75040,57.0,445120.0,Y,10/21/2025,02/01/2020,1483,32.944851215556,-96.645361902385,Match,Exact
13116785307,KROGER TEXAS L.P.,PO BOX 305103,NASHVILLE,TN,37230,0,PF,504,KROGER FUEL CENTER #529,4467 ROSS AVE,DALLAS,TX,75204,57.0,445110.0,Y,01/16/2025,01/20/2025,1484,32.802526841399,-96.780736967333,Match,Exact
32098019535,ZMA HOLDING LLC,2780 ROYAL LN STE A,DALLAS,TX,75229,57,CL,1,FUEGO SMOKE SHOP BEER AND WINE,2780 ROYAL LN STE A,DALLAS,TX,75229,57.0,445120.0,Y,12/21/2024,01/01/2025,1485,32.895026949095,-96.88384522872,Match,Non_Exact
32069346230,P3 MART LLC,11740 FERGUSON RD,DALLAS,TX,75228,57,CL,1,STORE T-24,11740 FERGUSON RD,DALLAS,TX,75228,57.0,445120.0,Y,01/28/2019,02/01/2019,1486,32.855021597161,-96.649578866484,Match,Exact
19434245650,RASIKMANI CORPORATION,2050 N STEMMONS FWY UNIT 199,DALLAS,TX,75207,57,CT,1,W T C SUNDRIES SHOP,2050 N STEMMONS FWY UNIT 103,DALLAS,TX,75207,57.0,445120.0,Y,02/28/2001,03/01/2001,1487,32.801838903015,-96.825002487163,Match,Exact
32062814556,"CHARMAC, LLC",9015 LEASIDE DR,DALLAS,TX,75238,57,CL,1,"CHARMAC, LLC",9015 LEASIDE DR,DALLAS,TX,75238,57.0,445110.0,Y,08/15/2017,08/25/2017,1488,32.869984163812,-96.702350971957,Match,Exact
32064895629,COWBOY'S BEER BARN LLC,210 W CANTY ST,DALLAS,TX,75208,57,CL,1,COWBOY'S BEER BARN,908 S RIVERFRONT BLVD,DALLAS,TX,75207,57.0,445310.0,Y,09/26/2017,10/01/2017,1489,,,No_Match,
32094038208,MANUEL DE JESUS VAZQUEZ,2424 ROCK ISLAND RD,IRVING,TX,75060,57,IS,1,VAZQUEZ FRESH FRUIT & PRODUCE,2424 ROCK ISLAND RD,IRVING,TX,75060,57.0,445230.0,Y,03/06/2024,03/20/2024,1490,32.815268968156,-96.976808283339,Match,Exact
32076213373,"FRUTERIA CANO, LLC",2447 GUS THOMASSON RD,DALLAS,TX,75228,57,CL,2,FRUTERIA CANO,1133 N ZANG BLVD,DALLAS,TX,75203,57.0,445230.0,Y,01/01/2021,01/01/2021,1491,32.756780719516,-96.822625357391,Match,Exact
32083257116,CLARK SAI INC,PO BOX 541895,GRAND PRAIRIE,TX,75054,57,CT,1,CIRCLE 'ON',207 S CLARK RD,CEDAR HILL,TX,75104,57.0,445120.0,Y,03/08/2022,04/01/2022,1492,32.586526900202,-96.942627138411,Match,Exact
32097713997,VELVET L ROBLES,9669 FOREST LN APT 2006,DALLAS,TX,75243,57,IS,1,LOLLI'S VELVET WHISK,9669 FOREST LN APT 2006,DALLAS,TX,75243,57.0,445291.0,Y,11/25/2024,12/07/2024,1493,32.909657695073,-96.722882757964,Match,Exact
32074840250,EDWARD REYES AND JUANA REYES,3439 MAYBETH ST,DALLAS,TX,75212,57,PI,1,R&J GROCERY STORE,3439 MAYBETH ST,DALLAS,TX,75212,57.0,445110.0,Y,07/03/2020,07/01/2020,1494,32.78434328439,-96.903587099366,Match,Exact
32012606615,MYRIAM VERNAZA,3617 RIDGEBRIAR DR,DALLAS,TX,75234,57,IS,4,LA LIMENA PERUVIAN PRODUCTS,3617 RIDGEBRIAR DR,DALLAS,TX,75234,57.0,445292.0,Y,10/04/2017,08/01/2011,1495,32.914914264299,-96.858039790675,Match,Exact
32059577414,CARLOS ALBERTO ALONZO,1445 W KINGSLEY RD,GARLAND,TX,75041,57,IS,2,DULCERIA EL LUCERO,1445 W KINGSLEY RD,GARLAND,TX,75041,57.0,445292.0,Y,10/05/2017,11/01/2017,1496,32.87895328236,-96.645159592937,Match,Exact
32041260608,254 GROUP LLC,PO BOX 29124,DALLAS,TX,75229,57,CL,2,254 GROUP LLC,4154 PREFERRED PL,DALLAS,TX,75237,57.0,445120.0,Y,11/23/2024,12/15/2024,1497,32.660563060322,-96.886079536712,Match,Exact
32072626214,AMERISTAR LLC,1727 BARNES BRIDGE RD,DALLAS,TX,75228,57,CL,1,SUPER SAVE STORE,1727 BARNES BRIDGE RD,DALLAS,TX,75228,57.0,445120.0,Y,01/14/2020,01/01/2020,1498,32.850744539989,-96.678783799175,Match,Exact
32038907245,"TAWA, INC. (RETAIL)",6338 REGIO AVE,BUENA PARK,CA,90620,0,CF,7,99 RANCH MARKET #105,2532 OLD DENTON RD STE 100,CARROLLTON,TX,75006,57.0,445310.0,Y,05/05/2015,10/01/2015,1499,32.979896718823,-96.909748442688,Match,Exact
17427371640,"WHOLE FOODS MARKET ROCKY MOUNTAIN/SOUTHWEST, L.P.",550 BOWIE ST,AUSTIN,TX,78703,227,PL,26,WHOLE FOODS MARKET,8190 PARK LN STE 351,DALLAS,TX,75231,57.0,445110.0,Y,12/18/2009,03/15/2010,1500,32.871714195414,-96.765165899361,Match,Exact
32072737599,N AND Z INVESTMENT INC,207 W 6TH ST,IRVING,TX,75060,57,CT,1,STOP AND SHOP #3,207 W 6TH ST,IRVING,TX,75060,57.0,445120.0,Y,01/17/2020,02/01/2020,1501,32.808651559545,-96.947689411203,Match,Exact
32102577916,PORT COFFEE TX LLC,15808 LONG FARM RD,BATON ROUGE,LA,70817,0,CL,1,PORT COFFEE TX LLC,801 S SHERMAN ST STE 101,RICHARDSON,TX,75081,57.0,445120.0,Y,10/23/2025,11/20/2025,1502,32.941325133604,-96.739756770817,Match,Non_Exact
32081212675,HOHO GROCERIES LLC,5620 LYNDON B JOHNSON FWY STE 300,DALLAS,TX,75240,57,CL,2,PAYLESS BEER WINE,5620 LYNDON B JOHNSON FWY STE 300,DALLAS,TX,75240,57.0,445110.0,Y,03/24/2022,03/01/2022,1503,32.92545733535,-96.810762580896,Match,Exact
32076267379,2827 BUSINESS LIVE OAK INC,109 SPRINGDALE CT,ALLEN,TX,75002,43,CT,1,LIVE OAK CORNER STORE,2827 LIVE OAK ST,DALLAS,TX,75204,57.0,445120.0,Y,10/17/2020,10/25/2020,1504,32.789594425066,-96.788270874774,Match,Exact
32056057402,JONONI ENTERPRISE LLC,1472 W SPRING VALLEY RD,RICHARDSON,TX,75080,57,CL,2,LOW PRIZE FOOD MART,1472 W SPRING VALLEY RD,RICHARDSON,TX,75080,57.0,445120.0,Y,10/24/2017,11/01/2017,1505,32.939954935601,-96.768152733767,Match,Non_Exact
32076213373,"FRUTERIA CANO, LLC",2447 GUS THOMASSON RD,DALLAS,TX,75228,57,CL,7,FRUTERIA CANO,506 S NURSERY RD STE 120,IRVING,TX,75060,57.0,445230.0,Y,01/01/2021,01/01/2021,1506,32.809435443064,-96.934466183669,Match,Exact
32063570306,"TAVERN JUNCTION, LLC",2584 W JEFFERSON ST,GRAND PRAIRIE,TX,75051,220,CL,1,ATMEX CONVENIENCE STORE,225 NE 10TH ST,GRAND PRAIRIE,TX,75050,57.0,445120.0,Y,05/05/2017,05/20/2017,1507,32.747694253235,-96.992399917453,Match,Exact
32083701527,GHANSHYAM KRUPA LLC,2666 N BELT LINE RD,IRVING,TX,75062,57,CL,1,BASKIN ROBBINS,2666 N BELT LINE RD,IRVING,TX,75062,57.0,445299.0,Y,06/08/2022,07/01/2022,1508,32.842920342393,-96.99234161232,Match,Exact
32096371136,TWO TOWER LIQUOR LLC,10940 LAKE JUNE RD,BALCH SPRINGS,TX,75180,57,CL,1,MY LIQUOR STOP,10940 LAKE JUNE RD,BALCH SPRINGS,TX,75180,57.0,445310.0,Y,10/09/2024,11/01/2024,1509,32.7339994003,-96.638017897003,Match,Exact
32070975464,SHREE MAHA LAXMI GLOBAL INC,12641 ROYAL OAKS LN,FARMERS BRNCH,TX,75234,57,CT,6,HAMPTON FOODMART,3900 N HAMPTON RD,DALLAS,TX,75212,57.0,445120.0,Y,09/12/2022,09/08/2022,1510,32.789580070632,-96.856393728512,Match,Exact
32093688524,DRY SIPS BOTTLE SHOP LLC,9420 LANSHIRE DR,DALLAS,TX,75238,57,CL,1,DRY SIPS BOTTLE SHOP,9219 GARLAND RD STE 1105,DALLAS,TX,75218,57.0,445120.0,Y,02/16/2024,04/01/2024,1511,32.83143866761,-96.705226972009,Match,Exact
32071956075,AMPM INVESTMENT LLC,335 THE FALLS DR,SUNNYVALE,TX,75182,57,CL,1,LBJ FOOD MART,13015 JUPITER RD STE 100,DALLAS,TX,75238,57.0,445120.0,Y,09/18/2019,09/20/2019,1512,32.872906816617,-96.683254339559,Match,Exact
32081315288,"MADRID GROUP, INC.",819 VERMONT AVE,DALLAS,TX,75216,57,CT,1,VERMONT GROCERY STORE,819 VERMONT AVE,DALLAS,TX,75216,57.0,445120.0,Y,11/17/2021,12/01/2021,1513,32.727217584813,-96.812898719093,Match,Exact
32064326617,"RAKKASAN TEA COMPANY, LLC",2528 ELM ST STE A,DALLAS,TX,75226,57,CL,1,RAKKASAN TEA COMPANY,2528 ELM ST STE A,DALLAS,TX,75226,57.0,445299.0,Y,11/17/2017,11/17/2017,1514,32.783678141556,-96.788305578593,Match,Non_Exact
32074832760,DUBAI 1 LLC,1237 SOUTHRIDGE CT STE 207,HURST,TX,76053,220,CL,1,DUBAI HOOKAH LOUNGE,4123 N STORY RD,IRVING,TX,75038,57.0,445299.0,Y,07/03/2020,07/20/2020,1515,,,No_Match,
32086583435,GRINGAS RIM DIPS LLC,1138 PLEASANT VALLEY RD SUITE F,GARLAND,TX,75040,57,CL,1,GRINGAS RIM DIPS LLC,1138 PLEASANT VALLEY RD STE F,GARLAND,TX,75040,57.0,445292.0,Y,05/04/2024,04/01/2024,1516,32.928480191963,-96.615924919482,Match,Non_Exact
17427371640,"WHOLE FOODS MARKET ROCKY MOUNTAIN/SOUTHWEST, L.P.",550 BOWIE ST,AUSTIN,TX,78703,227,PL,21,WHOLE FOODS MARKET,4100 LOMO ALTO DR,HIGHLAND PARK,TX,75219,57.0,445110.0,Y,05/03/2002,05/01/2002,1517,32.820505151982,-96.815425160355,Match,Non_Exact
32034653686,"MEDRANO & SONS PRODUCE, INC.",1735 LANSFORD AVE,DALLAS,TX,75224,57,CT,4,"MEDRANO & SONS PRODUCE, INC.",1735 LANSFORD AVE,DALLAS,TX,75224,57.0,445230.0,Y,03/09/2022,01/01/2022,1518,32.72915576453,-96.848566282813,Match,Exact
32063634490,EL MAYOREO MEAT MARKET LLC,1105 S WALTON WALKER BLVD,DALLAS,TX,75211,57,CL,1,EL MAYOREO MEAT MARKET,1105 S WALTON WALKER BLVD,DALLAS,TX,75211,57.0,445210.0,Y,11/28/2017,12/05/2017,1519,32.734188726016,-96.920474527441,Match,Exact
32085008103,TWO TARAS INC,1915 S STORY RD,IRVING,TX,75060,57,CT,1,STOP-N-GET,1915 S STORY RD,IRVING,TX,75060,57.0,445120.0,Y,02/22/2023,03/01/2023,1520,32.792180052838,-96.977214489236,Match,Exact
32065511175,SAI KALDEN INC,1902 LAUREL OAK CT,ARLINGTON,TX,76001,220,CT,1,BUY LOW FOOD MART & BEER,1401 E ARAPAHO RD STE A,RICHARDSON,TX,75081,57.0,445120.0,Y,12/05/2017,12/01/2017,1521,,,No_Match,
32069725862,"LAWAND ENTERPRISES, INC",1525 MARIPOSA DR STE 100,MESQUITE,TX,75150,57,CT,1,SKY HOOKAH LOUNGE,8405 LAKEVIEW PKWY STE 202,ROWLETT,TX,75088,57.0,445299.0,Y,02/20/2019,02/20/2019,1522,,,No_Match,
32094125138,ALMOSAWI LLC,4140 W CAMP WISDOM RD # F,DALLAS,TX,75237,57,CL,1,POPS C-STORE,4140 W CAMP WISDOM RD # F,DALLAS,TX,75237,57.0,445120.0,Y,05/02/2024,06/01/2024,1523,32.66187137878,-96.886482682034,Match,Non_Exact
32057931050,C & R SPIRITS INC,5901 BEGONIA DR,ROWLETT,TX,75089,57,CT,1,SAM'S WHOLESALE PRICED LIQUOR,5119 ROWLETT RD,ROWLETT,TX,75088,57.0,445310.0,Y,08/08/2015,09/01/2015,1524,32.905976999403,-96.569509607542,Match,Exact
32093093352,AKHP UNITED LLC,1208 RODEO DR,MURPHY,TX,75094,43,CL,1,MACARTHUR BEER-WINE & GAS,705 N MACARTHUR BLVD,IRVING,TX,75061,57.0,445120.0,Y,01/06/2024,01/05/2024,1525,32.827401460918,-96.957937990009,Match,Non_Exact
32100904161,ZERO COOL VENDING LLC,2811 LACOMPTE DR,DALLAS,TX,75227,57,CL,1,ZERO COOL VENDING LLC,2811 LACOMPTE DR,DALLAS,TX,75227,57.0,445120.0,Y,10/25/2025,09/02/2025,1526,32.788321005249,-96.714055589194,Match,Exact
32050586083,MAGH ONE INC,325 JERNIGAN DR,EULESS,TX,76040,220,CT,2,FOSSIL CREEK LIQUOR,4030 N MACARTHUR BLVD STE 116,IRVING,TX,75038,57.0,445310.0,Y,06/13/2022,06/15/2022,1527,,,No_Match,
32065103015,"HIEP PHONG BBQ FOOD STORE, INC.",10560 WALNUT ST STE 1100,DALLAS,TX,75243,57,CT,1,"HIEP PHONG BBQ FOOD STORE, INC.",10560 WALNUT ST STE 1100,DALLAS,TX,75243,57.0,445110.0,Y,12/09/2017,11/01/2017,1528,32.916507562239,-96.701475756746,Match,Exact
32073988373,"SAHIL INVESTMENTS, LLC",808 GAITED TRL,FRISCO,TX,75036,61,CL,2,BALCH SPRINGS BRUTON LIQUOR,2518 W BRUTON RD,BALCH SPRINGS,TX,75180,57.0,445310.0,Y,05/19/2020,06/01/2020,1529,32.748533966099,-96.635399586585,Match,Exact
17525277590,F.J.V INC.,6336 GREENVILLE AVE STE C,DALLAS,TX,75206,57,CT,3,QUIK WAY #10,8106 SOUTHWESTERN BLVD,DALLAS,TX,75206,57.0,445120.0,Y,11/07/2011,11/30/2011,1530,,,No_Match,
32057826318,THE VIRTUALISTA LLC,518 SOTOGRANDE DR,GARLAND,TX,75044,57,CL,1,SOUTHERN SPOON JAMS,518 SOTOGRANDE DR,GARLAND,TX,75044,57.0,445299.0,Y,12/28/2017,12/26/2017,1531,32.958823331687,-96.623686254577,Match,Exact
18611593460,RIDA & RAHIL COMPANY,5761 BERNAY LN,PLANO,TX,75024,43,CT,1,FLAMINGO BEER WINE BEVERAGES,2810 E TRINITY MILLS RD STE 219,CARROLLTON,TX,75006,57.0,445310.0,Y,02/21/2006,05/01/2006,1532,32.987002204366,-96.854402772954,Match,Non_Exact
32003339820,"AUJ, INC.",5761 BERNAY LN,PLANO,TX,75024,43,CT,2,FLAMINGO BEER WINE BEVERAGES,14444 DALLAS PKWY STE 115,DALLAS,TX,75254,57.0,445120.0,Y,10/02/2012,11/01/2012,1533,32.945060908232,-96.822571477489,Match,Exact
17430106587,"HEB BEVERAGE COMPANY, LLC",PO BOX 839999,SAN ANTONIO,TX,78283,15,CL,492,HEB CENTRAL MARKET # 747,4349 W NORTHWEST HWY,DALLAS,TX,75220,57.0,445310.0,Y,12/22/2017,03/20/2018,1534,32.863899816002,-96.835451872706,Match,Exact
32039861631,"ITAMP, INC.",2633 SWISS AVE,DALLAS,TX,75204,57,CT,1,"ITAMP, INC.",2633 SWISS AVE,DALLAS,TX,75204,57.0,445230.0,Y,04/11/2014,04/02/2014,1535,32.786720834372,-96.788530836769,Match,Exact
32073765821,SADLERSAI ENTERPRISE INC,10300 SCYENE RD # 100,DALLAS,TX,75227,57,CT,1,SADLER'S FOOD MART #2,10300 SCYENE RD STE 100,DALLAS,TX,75227,57.0,445120.0,Y,03/20/2020,04/01/2020,1536,32.762186963982,-96.646442380555,Match,Exact
32088365310,2 MS SPIRITS LLC,1111 W AIRPORT FWY,IRVING,TX,75062,57,CL,1,3 APPLES LIQUOR,1111 W AIRPORT FWY STE 121,IRVING,TX,75062,57.0,445310.0,Y,03/01/2023,05/01/2023,1537,32.837377749755,-96.959742855731,Match,Exact
32089015898,TAKSU ENTERPRISE LLC,305 JERNIGAN DR,EULESS,TX,76040,220,CL,1,FRESH FOOD STORE,4020 W NORTHGATE DR,IRVING,TX,75062,57.0,445120.0,Y,04/13/2023,04/13/2023,1538,32.856905050561,-97.00526750305,Match,Exact
32076213373,"FRUTERIA CANO, LLC",2447 GUS THOMASSON RD,DALLAS,TX,75228,57,CL,10,"FRUTERIA CANO,",3921 MARTIN LUTHER KING JR BLVD # TB23F,DALLAS,TX,75210,57.0,445230.0,Y,01/04/2021,01/01/2021,1539,32.777409323869,-96.759318288871,Match,Non_Exact
32065775838,KINGSLEY MART INC,1326 W KINGSLEY RD,GARLAND,TX,75041,57,CT,1,ROYAL MARKET,1326 W KINGSLEY RD,GARLAND,TX,75041,57.0,445120.0,Y,01/03/2018,02/01/2018,1540,32.878648407257,-96.646175995663,Match,Exact
32073988373,"SAHIL INVESTMENTS, LLC",808 GAITED TRL,FRISCO,TX,75036,61,CL,1,BALCH SPRINGS BRUTON BEER & WINE,2516 W BRUTON RD,BALCH SPRINGS,TX,75180,57.0,445310.0,Y,05/19/2020,06/01/2020,1541,32.748533966097,-96.635345703898,Match,Exact
32102528612,DALLAS SNACK & SMOKE LLC,5500 STATE HIGHWAY 121 APT 324,LEWISVILLE,TX,75056,61,CL,1,DALLAS SNACK & SMOKE,6155 SAMUELL BLVD STE 150,DALLAS,TX,75228,57.0,445120.0,Y,10/21/2025,11/01/2025,1542,32.792429086359,-96.696970236317,Match,Exact
17427371640,"WHOLE FOODS MARKET ROCKY MOUNTAIN/SOUTHWEST, L.P.",550 BOWIE ST,AUSTIN,TX,78703,227,PL,53,WHOLE FOODS MARKET,6741 N MACARTHUR BLVD,IRVING,TX,75039,57.0,445110.0,Y,08/29/2017,10/28/2017,1543,32.900653609227,-96.958961958326,Match,Exact
32065076922,MAS LATINA IRVING LLC,2809 N MACARTHUR BLVD,IRVING,TX,75062,57,CL,1,MAS LATINA IRVING LLC,2809 N MACARTHUR BLVD,IRVING,TX,75062,57.0,445120.0,Y,01/12/2018,01/01/2018,1544,32.844380154578,-96.959149377112,Match,Exact
32066470629,"CHIHUAHUA FOODS, LLC",2501 E GUASTI RD,ONTARIO,CA,91761,0,CL,1,EL RANCHO #37,3460 W WALNUT ST,GARLAND,TX,75042,57.0,445110.0,Y,12/18/2018,03/01/2019,1545,32.917042987271,-96.682008195885,Match,Exact
32080646154,"DREYES, LLC.",5618 CYPRESS DR,ROWLETT,TX,75089,57,CL,1,MY ANGEL,8010 N STEMMONS FWY STE 101,DALLAS,TX,75247,57.0,445120.0,Y,10/24/2025,03/10/2025,1546,32.824178152772,-96.870896067772,Match,Exact
32067891229,QUALITY BRAND GROUP TEXAS LLC,2001 W MAIN ST STE 250,STAMFORD,CT,06902,0,CL,14,DUNKIN DONUTS,1575 S BELT LINE RD STE 160,COPPELL,TX,75019,57.0,445291.0,Y,05/16/2019,07/15/2019,1547,32.939603772077,-96.993703902691,Match,Exact
32065399050,EDDIE'S EURO MART LLC,12243 E NORTHWEST HWY STE 200,DALLAS,TX,75228,57,CL,1,EDDIE'S EURO MART,12243 E NORTHWEST HWY STE 200,DALLAS,TX,75228,57.0,445299.0,Y,01/05/2018,12/01/2017,1548,,,No_Match,
32065410873,L.A.B PRODUCE LLC,639 RAYENELL AVE,DALLAS,TX,75217,57,CL,1,L.A.B PRODUCE LLC,1402 N KAUFMAN ST,SEAGOVILLE,TX,75159,57.0,445230.0,Y,11/29/2017,12/10/2017,1549,32.651842396974,-96.55282836697,Match,Exact
32093940537,DESI FROSTBITES LLC,11900 COMMERCE ST APT 2202,FARMERS BRNCH,TX,75234,57,CL,1,DESI FROSTBITES,949 W ROYAL LN,IRVING,TX,75039,57.0,445291.0,Y,03/11/2024,05/01/2024,1550,32.896021183966,-96.961509217278,Match,Exact
32076213373,"FRUTERIA CANO, LLC",2447 GUS THOMASSON RD,DALLAS,TX,75228,57,CL,9,FRUTERIA CANO,2447 GUS THOMASSON RD,DALLAS,TX,75228,57.0,445230.0,Y,01/01/2021,01/01/2021,1551,,,No_Match,
32072832804,AMIGO GP INC,1611 PARK GARDEN CT,CEDAR HILL,TX,75104,57,CT,1,AMIGO LIQUOR BEER & WINE,203 N BELT LINE RD STE 400,GRAND PRAIRIE,TX,75050,57.0,445310.0,Y,01/16/2020,04/01/2020,1552,32.747401259182,-96.994626095832,Match,Exact
32099754023,BRAYAN GALVAN,7014 N STEMMONS FWY,DALLAS,TX,75247,57,IS,1,SAZON,7014 N STEMMONS FWY,DALLAS,TX,75247,57.0,445120.0,Y,04/18/2025,04/17/2025,1553,32.815081088019,-96.866269293783,Match,Exact
32076213373,"FRUTERIA CANO, LLC",2447 GUS THOMASSON RD,DALLAS,TX,75228,57,CL,8,FRUTERIA CANO,3921 MARTIN LUTHER KING JR BLVD # G32F,DALLAS,TX,75210,57.0,445230.0,Y,01/04/2021,01/01/2021,1554,32.777409323869,-96.759318288871,Match,Exact
32087734334,KING BROTHERS CONVENIENCE STORE LLC,3916 STARLING DR,FRISCO,TX,75034,61,CL,2,ANDY'S FOOD MART,2403 N FITZHUGH AVE,DALLAS,TX,75204,57.0,445120.0,Y,06/12/2023,08/01/2023,1555,32.811259072087,-96.782282970177,Match,Exact
32031451670,"MUJIC, INC.",543 CURTISS DR,FATE,TX,75087,199,CT,1,7-11 CONVENIENCE STORE #26906A,225 E COLORADO BLVD,DALLAS,TX,75203,57.0,445120.0,Y,05/10/2007,06/26/2007,1556,32.75874261989,-96.821315630359,Match,Exact
32068611055,SAJEDA INC,1040 LOBLOLLY PINE DR,ARLINGTON,TX,76012,220,CT,1,MARIA'S GROCERY,8300 ELAM RD STE 130,DALLAS,TX,75217,57.0,445120.0,Y,10/25/2018,01/01/2019,1557,32.719508015712,-96.677673565492,Match,Exact
32010012949,DA SOURIYAVONG,1101 S WALTON WALKER BLVD,DALLAS,TX,75211,57,IS,9,OVERSEAS MARKET,1101 S WALTON WALKER BLVD,DALLAS,TX,75211,57.0,445120.0,Y,01/30/2018,01/01/2018,1558,32.734208230935,-96.920473633464,Match,Exact
32087206226,THE INNOCENT COUPLE LLC,750 N SAINT PAUL ST STE 250 PMB 171820,DALLAS,TX,75201,57,CL,1,THE INNOCENT COUPLE LLC,750 N SAINT PAUL ST STE 250,DALLAS,TX,75201,57.0,445299.0,Y,12/13/2022,01/28/2023,1559,32.785916837342,-96.799882425294,Match,Exact
32101928060,TURATH SWEETS LLC,8901 WESTMONT DR,IRVING,TX,75063,57,CL,1,TURATH SWEETS,8901 WESTMONT DR,IRVING,TX,75063,57.0,445291.0,Y,10/21/2025,10/20/2025,1560,32.927333314246,-96.964597576799,Match,Exact
32097359270,OCTAVIANO SALAS,2830 EL CAPITAN DR,DALLAS,TX,75228,57,IS,2,GORDO PRODUCE,2830 EL CAPITAN DR,DALLAS,TX,75228,57.0,445230.0,Y,10/24/2025,10/24/2025,1561,32.85493194729,-96.666981176099,Match,Exact
32055260031,"PIE TAP HENDERSON, LLC",6010 W SPRING CREEK PKWY,PLANO,TX,75024,43,CL,2,PIE TAP PIZZA WORKSHOP + BAR,2708 N HENDERSON AVE STE 200,DALLAS,TX,75206,57.0,445310.0,Y,03/02/2015,12/15/2014,1562,32.81773401551,-96.781715693039,Match,Exact
32078992511,KRISHNA SAMARTH LLC,9604 YERBA MANSA LN,FORT WORTH,TX,76177,220,CL,2,ILLINOIS FOOD MART,4404 W ILLINOIS AVE,DALLAS,TX,75211,57.0,445120.0,Y,05/05/2022,06/01/2022,1563,32.720279487453,-96.891711803339,Match,Exact
32066097927,HIMALAYAN NATIONAL INC,3707 WILLIAM DEHAES DR APT 2403,IRVING,TX,75038,57,CT,1,K&N CONVENIENT STORE,750 E 2ND ST STE 110,IRVING,TX,75060,57.0,445120.0,Y,02/02/2018,02/03/2018,1564,32.812664462343,-96.93703488365,Match,Exact
17529676011,"JIMMY'S LIQUOR OF TEXAS, INC.",2051 W NORTHWEST HWY STE 60,DALLAS,TX,75220,57,CT,1,JIMMY'S LIQUOR,2051 W NORTHWEST HWY STE 60,DALLAS,TX,75220,57.0,445310.0,Y,03/15/2002,01/01/2002,1565,32.86701732266,-96.907146521066,Match,Exact
32065907191,2AMA INC,12232 PRINCESS DR,FRISCO,TX,75035,43,CT,1,LUCKY CORNER STORE,3032 BROADWAY BLVD,GARLAND,TX,75041,57.0,445120.0,Y,02/07/2018,03/01/2018,1566,,,No_Match,
32060928713,"CARNICERIA LA ALTENA - IRVING, LLC",2306 TIMBERLAKE DR,IRVING,TX,75062,57,CL,1,"CARNICERIA LA ALTENA - IRVING, LLC",2316 TIMBERLAKE DR,IRVING,TX,75062,57.0,445110.0,Y,12/02/2016,12/01/2016,1567,32.854571388036,-96.981847809326,Match,Exact
32054118404,OM ESHWOOR INC,3933 S COCKRELL HILL RD,DALLAS,TX,75236,57,CT,4,CIRCLE M FOOD MART,3933 S COCKRELL HILL RD,DALLAS,TX,75236,57.0,445120.0,Y,11/19/2015,11/17/2015,1568,32.695235614866,-96.891538579909,Match,Exact
32081106000,SAI SRI BAL NARSINGH INC,6714 CHRISTINA LN,GARLAND,TX,75043,57,CT,1,NEO'S C-STORE,429 W INTERSTATE 30 STE 6,GARLAND,TX,75043,57.0,445120.0,Y,04/04/2024,04/01/2023,1569,32.841730897635,-96.592610207023,Match,Exact
32040805031,CATALINO ESPINOZA TORRES,2810 TISINGER AVE,DALLAS,TX,75228,57,IS,3,OSCAR'S PRODUCE,2810 TISINGER AVE,DALLAS,TX,75228,57.0,445230.0,Y,01/21/2020,01/01/2020,1570,32.84915593956,-96.667190392631,Match,Exact
32039902062,"D&S TRADING, INC",PO BOX 541895,GRAND PRAIRIE,TX,75054,220,CT,1,NEW RUSH HOUR FOOD MART,8912 LAKE JUNE RD,DALLAS,TX,75217,57.0,445120.0,Y,08/17/2009,09/01/2009,1571,32.733997870348,-96.666843817287,Match,Exact
13116785307,KROGER TEXAS L.P.,PO BOX 305103,NASHVILLE,TN,37230,0,PF,503,KROGER FUEL CENTER #518,5657 E MOCKINGBIRD LN,DALLAS,TX,75206,57.0,445110.0,Y,01/16/2025,01/20/2025,1572,,,No_Match,
32061722644,YARBEE INVESTMENT INC,11368 EMERALD ST,DALLAS,TX,75229,57,CT,1,COOL ZONE GARLAND,1012 S 1ST ST,GARLAND,TX,75040,57.0,445120.0,Y,03/22/2017,04/01/2017,1573,,,No_Match,
13118226185,"SULEMAN ENTERPRISES, INC.",3973 LEGACY TRL,CARROLLTON,TX,75010,61,CT,6,6-TWELVE GROCERY STORE,1910 S EDGEFIELD AVE,DALLAS,TX,75224,57.0,445120.0,Y,09/06/2023,10/01/2023,1574,32.726676782791,-96.844537660405,Match,Exact
17427371640,"WHOLE FOODS MARKET ROCKY MOUNTAIN/SOUTHWEST, L.P.",550 BOWIE ST,AUSTIN,TX,78703,227,PL,45,WHOLE FOODS MARKET,2510 MCKINNEY AVE,DALLAS,TX,75201,57.0,445110.0,Y,06/04/2015,08/12/2015,1575,32.795379067709,-96.801965900029,Match,Exact
32033711634,TADEGE 1 INTERNATIONAL INC.,2014 N JUPITER RD,GARLAND,TX,75044,57,CT,1,STAR FOOD MART,2014 N JUPITER RD STE A,GARLAND,TX,75044,57.0,445120.0,Y,11/23/2021,11/01/2007,1576,,,No_Match,
32064875209,"AMEER GROUP, INC.",3525 W LEDBETTER DR STE A,DALLAS,TX,75233,57,CT,1,1 QUICKSTOP,3525 W LEDBETTER DR,DALLAS,TX,75233,57.0,445120.0,Y,09/21/2017,10/01/2017,1577,32.691317470742,-96.877775260694,Match,Exact
32070500106,AGUSTIN CRUZ MIRANDA,311A W MARSHALL DR,GRAND PRAIRIE,TX,75051,57,IS,1,TIENDA HISPANA BELEN,311A W MARSHALL DR,GRAND PRAIRIE,TX,75051,57.0,445110.0,Y,04/25/2019,04/18/2019,1578,32.720335563667,-97.007372672496,Match,Non_Exact
32051913211,TEXAS GROWLER LLC,9420 LANSHIRE DR,DALLAS,TX,75238,57,CL,1,LAKEWOOD GROWLER,6448 E MOCKINGBIRD LN,DALLAS,TX,75214,57.0,445310.0,Y,09/19/2013,12/16/2013,1579,32.836346954458,-96.751634272028,Match,Non_Exact
32065913439,FUNK DA FRIED LLC,2540 MCGARITY LN,LUCAS,TX,75002,43,CL,4,SPRING CONVENIENCE STORE,2743 FOREMAN ST,DALLAS,TX,75210,57.0,445120.0,Y,03/23/2021,03/23/2021,1580,32.774320199376,-96.743974969621,Match,Exact
32016103627,VP FUEL MART  INC,2052 FORT WORTH AVE,DALLAS,TX,75208,57,CT,6,PAULS'S SHOP N GO,1909 S CESAR CHAVEZ BLVD,DALLAS,TX,75215,57.0,445120.0,Y,02/20/2018,03/01/2018,1581,,,No_Match,
32072015061,DOLMA LLC,2709 HEATHER HILL CT APT 803,ARLINGTON,TX,76006,220,CL,1,CHILL ZONE BEER & WINE,3115 S 1ST ST STE 200,GARLAND,TX,75041,57.0,445120.0,Y,10/08/2019,11/01/2019,1582,32.877792180114,-96.63098651782,Match,Exact
32055538683,"SHREENATHJI ENTERPRISERS, INC.",136 N MASTERS DR,DALLAS,TX,75217,57,CT,1,MINIT MART,136 N MASTERS DR,DALLAS,TX,75217,57.0,445120.0,Y,11/10/2014,12/15/2014,1583,32.712707305888,-96.648348603965,Match,Exact
32010010521,CHERYL HIBBLER PARKMAN,3201 GRANADA DR,MESQUITE,TX,75181,57,IS,4,GEORGAROSE,3201 GRANADA DR,MESQUITE,TX,75181,57.0,445299.0,Y,04/16/2025,04/11/2025,1584,32.754975552617,-96.54997045521,Match,Exact
32039924389,KOHLI  VENTURES LLC,PO BOX 219088 ATTN: LICENSING,DALLAS,TX,75221,57,CL,1,7-ELEVEN CONVENIENCE STORE #34117A,12103 WEBB CHAPEL RD,FARMERS BRANCH,TX,75234,57.0,445120.0,Y,07/21/2009,09/23/2009,1585,32.915109493227,-96.873349992999,Match,Exact
32088361350,BEYOND BOOZE BEVERAGE CO. LLC,600 NOTTINGHAM DR,RICHARDSON,TX,75080,57,CL,1,BEYOND BOOZE BEVERAGE COMPANY,101 S SHERMAN ST STE B,RICHARDSON,TX,75081,57.0,445299.0,Y,04/07/2023,01/14/2023,1586,32.949762251757,-96.733217228904,Match,Non_Exact
32073591276,KROGER FULFILLMENT NETWORK LLC,2620 ELM HILL PIKE STE 100,NASHVILLE,TN,37214,0,CI,1,KROGER FULFILLMENT NETWORK LLC,4221 TELEPHONE RD,DALLAS,TX,75241,57.0,445110.0,Y,12/17/2021,01/24/2022,1587,32.63608150601,-96.753595054471,Match,Exact
32071043106,NURSERY LIQUOR LLC.,906 E SHADY GROVE RD STE 2,IRVING,TX,75060,57,CL,1,G04 LIQUOR,902 E SHADY GROVE RD,IRVING,TX,75060,57.0,445310.0,Y,01/24/2020,09/24/2019,1588,32.800922969087,-96.935663914592,Match,Exact
32044122805,RAIED INCORPORATED,3287 S POLK ST,DALLAS,TX,75224,57,CT,1,FRIENDLY 2 MART,3287 S POLK ST,DALLAS,TX,75224,57.0,445120.0,Y,02/07/2023,06/01/2011,1589,32.705982945794,-96.840239736455,Match,Exact
32057596341,SAI KESHAV LAKSHMAN INC,1902 LAUREL OAK CT,ARLINGTON,TX,76001,220,CT,3,MERRY MART,5605 E GRAND AVE,DALLAS,TX,75223,57.0,445120.0,Y,03/12/2018,03/15/2018,1590,32.79383253236,-96.747347096589,Match,Exact
32076213373,"FRUTERIA CANO, LLC",2447 GUS THOMASSON RD,DALLAS,TX,75228,57,CL,3,FRUTERIA CANO,3921 MARTIN LUTHER KING JR BLVD,DALLAS,TX,75210,57.0,445230.0,Y,01/01/2021,01/01/2021,1591,32.777409323869,-96.759318288871,Match,Exact
32090557599,GOODSOURCE LLC,430 BUCKINGHAM RD APT 320,RICHARDSON,TX,75081,57,CL,1,GOODSOURCE LLC,13402 BAYARD CIR,DALLAS,TX,75243,57.0,445110.0,Y,10/05/2024,01/02/2025,1592,32.930144077332,-96.710071752951,Match,Exact
32102630822,MOUNT FISHTAIL LLC,1316 CARVER LN,IRVING,TX,75061,57,CL,1,MOUNT LIQUOR,535 W AIRPORT FWY STE 140,IRVING,TX,75062,57.0,445120.0,Y,10/30/2025,11/01/2025,1593,32.83733786201,-96.951966517273,Match,Exact
32051020322,NEU BEST FRIENDS LLC,635 E PLEASANT RUN RD,CEDAR HILL,TX,75104,57,CL,2,PLEASANT RUN FOOD MART,635 E PLEASANT RUN RD,CEDAR HILL,TX,75104,57.0,445120.0,Y,07/17/2013,07/22/2013,1594,32.60453159728,-96.927512439016,Match,Exact
32076213373,"FRUTERIA CANO, LLC",2447 GUS THOMASSON RD,DALLAS,TX,75228,57,CL,1,FRUTERIA CANO,11255 GARLAND RD STE 405,DALLAS,TX,75218,57.0,445230.0,Y,01/01/2021,01/01/2021,1595,32.848573419887,-96.684233625562,Match,Exact
32010621319,ADONIS NIEVES,1718 N MARKET ST,DALLAS,TX,75202,57,IS,5,KOKOPELLI SWEETS,1718 N MARKET ST,DALLAS,TX,75202,57.0,445292.0,Y,06/12/1992,07/01/1992,1596,32.781694145723,-96.806715958687,Match,Exact
32088117778,TU TIENDA HISPANA LA BENDICION LLC,2416 W LEDBETTER DR,DALLAS,TX,75233,57,CL,1,TU TIENDA HISPANA LA BENDICION,2416 W LEDBETTER DR,DALLAS,TX,75233,57.0,445110.0,Y,04/17/2025,01/01/2025,1597,32.691178861732,-96.85746539883,Match,Exact
32096682110,AWDAMET MARKET LLC,9751 WALNUT ST STE 102,DALLAS,TX,75243,57,CL,1,AWDAMET MARKET LLC,9751 WALNUT ST STE 102,DALLAS,TX,75243,57.0,445110.0,Y,09/20/2024,10/01/2024,1598,,,No_Match,
32068078073,FUEL CITY CEDAR HILL LLC,801 S RIVERFRONT BLVD,DALLAS,TX,75207,57,CL,1,FUEL CITY CEDAR HILL,1107 N HIGHWAY 67,CEDAR HILL,TX,75104,57.0,445120.0,Y,06/19/2019,06/18/2019,1599,32.610812675972,-96.925220315347,Match,Exact
32066575609,ESMERALDA NUNEZ AND SERGIO GARCIA,2253 PARTRIDGE DR,MESQUITE,TX,75181,57,PI,1,ANTOJITOS AZTECA,2838 W CLARENDON DR,DALLAS,TX,75211,57.0,445299.0,Y,03/21/2018,03/21/2018,1600,32.734486874421,-96.86743332588,Match,Exact
32056687216,DIANA CONVENIENCE LLC,PO BOX 200934,ARLINGTON,TX,76006,220,CL,1,DIANA CONVENIENCE LLC,2403 WESTERN PARK DR,DALLAS,TX,75211,57.0,445120.0,Y,04/09/2015,04/14/2015,1601,32.720254376993,-96.894621024747,Match,Exact
32076213373,"FRUTERIA CANO, LLC",2447 GUS THOMASSON RD,DALLAS,TX,75228,57,CL,11,FRUTERIA CANO,110 S CARROLL AVE,DALLAS,TX,75226,57.0,445230.0,Y,01/01/2021,01/01/2021,1602,32.791507368942,-96.767385149108,Match,Exact
32073097993,DULCERIA GLORIA LLC,2100 AUSTIN DR,CARROLLTON,TX,75006,57,CL,1,DULCERIA GLORIA #1,10788 HARRY HINES BLVD # E28,DALLAS,TX,75220,57.0,445292.0,Y,01/22/2020,01/16/2020,1603,32.873676154165,-96.883525911942,Match,Exact
32066242739,"RIVER OF LIVING WATER - CHO, LLC",4008 APPLETON LN,FLOWER MOUND,TX,75022,61,CL,1,COCOHODO BRANCH CARROLLTON,2625 OLD DENTON RD STE 340,CARROLLTON,TX,75007,57.0,445291.0,Y,03/08/2018,03/01/2018,1604,32.990773181409,-96.910067244112,Match,Exact
32061499060,KAYSON GLOBAL INC,610 OLYMPIC,RICHARDSON,TX,75081,57,CT,1,THREE AMIGOS FOOD MART & MORE,1927 E BELT LINE RD STE 136,CARROLLTON,TX,75006,57.0,445120.0,Y,03/26/2018,04/10/2018,1605,32.953745401562,-96.889431093399,Match,Exact
32063634490,EL MAYOREO MEAT MARKET LLC,1105 S WALTON WALKER BLVD,DALLAS,TX,75211,57,CL,2,CARNICERIA EL TORITO #2,1250 S BUCKNER BLVD,DALLAS,TX,75217,57.0,445210.0,Y,10/29/2025,10/01/2025,1606,32.733695924407,-96.682769478335,Match,Non_Exact
32059392780,"DJG BROTHERS, LLC",1529 W BUCKINGHAM RD STE 6,GARLAND,TX,75042,57,CL,1,BUCKINGHAM BEER & WINE,1529 W BUCKINGHAM RD STE 6,GARLAND,TX,75042,57.0,445120.0,Y,02/02/2016,03/01/2016,1607,32.931035783294,-96.649260160582,Match,Exact
32037420588,"ELAM MEAT MARKET, LLC",11501 ELAM RD,BALCH SPRINGS,TX,75180,57,CL,1,ELAM MEAT MARKET,11501 ELAM RD,BALCH SPRINGS,TX,75180,57.0,445110.0,Y,06/03/2009,06/01/2009,1608,32.719629284245,-96.630280717194,Match,Exact
32037464198,CIRCLE K MANAGEMENT LLC,1111 BELT LINE RD STE 100,GARLAND,TX,75040,57,CL,3,CK 103,10433 GARLAND RD,DALLAS,TX,75218,57.0,445120.0,Y,05/17/2016,05/01/2016,1609,32.842609210765,-96.691545410533,Match,Exact
12014692375,ANGIE AND CARO INVESTMENTS INC,2727 LYNDON B JOHNSON FWY STE 927,DALLAS,TX,75234,57,CT,1,LA AZTECA MEAT MARKET #6,2712 W IRVING BLVD,IRVING,TX,75061,57.0,445110.0,Y,03/28/2005,04/01/2005,1610,32.830196060658,-96.982194503485,Match,Exact
32057814686,SUNNYVALE FOOD MARKET INC,3530 SUNNYVALE ST,DALLAS,TX,75216,57,CT,1,SUNNYVALE FOOD MARKET,3530 SUNNYVALE ST,DALLAS,TX,75216,57.0,445120.0,Y,03/09/2018,03/01/2018,1611,32.712047721112,-96.784290876801,Match,Exact
12040286127,"CLJS, INC.",9531 C F HAWN FWY,DALLAS,TX,75217,57,CT,1,SPEEDMAX #6,9531 C F HAWN FWY,DALLAS,TX,75217,57.0,445120.0,Y,02/06/2006,03/01/2006,1612,32.70213288435,-96.658320087087,Match,Exact
32053549120,2WAY LLC,PO BOX 711,DALLAS,TX,75221,57,CL,1,7-ELEVEN CONVENIENCE STORE #37026A,1634 MARKET CENTER BLVD,DALLAS,TX,75207,57.0,445120.0,Y,07/02/2014,08/01/2014,1613,32.792887691702,-96.822063278386,Match,Exact
32037464198,CIRCLE K MANAGEMENT LLC,1111 BELT LINE RD STE 100,GARLAND,TX,75040,57,CL,1,CK 101,5526 E R L THORNTON FWY,DALLAS,TX,75223,57.0,445120.0,Y,12/29/2015,02/08/2016,1614,32.790846067715,-96.747117328062,Match,Exact
32052086199,VERONICA DUKU,401 CREPE MYRTLE LN,MURPHY,TX,75094,43,IS,2,ASVERO AFRICAN MARKET,5848 HIGHWAY 78 STE 118,SACHSE,TX,75048,57.0,445120.0,Y,04/02/2018,05/01/2018,1615,,,No_Match,
32047640571,"TJ'S FRESH SEAFOOD MARKET & CATERING II, LLC",6025 ROYAL LN STE 110,DALLAS,TX,75230,57,CL,1,"TJ'S FRESH SEAFOOD MARKET & CATERING II, LLC",4212 OAK LAWN AVE,DALLAS,TX,75219,57.0,445220.0,Y,07/13/2012,09/01/2012,1616,32.819942235022,-96.80230185769,Match,Exact
32098458501,MI PUEBLITO MEAT MARKET LLC DAL #2,1043 HAWKWOOD WAY,ALLEN,TX,75013,43,CL,1,MI PUEBLITO MEAT MARKET LLC DAL #2,2376 LAVON DR STE 110,GARLAND,TX,75040,57.0,445110.0,Y,01/24/2025,02/01/2025,1617,,,No_Match,
32060482877,GPS DFW LLC,401 N MICHIGAN AVE STE 2400,CHICAGO,IL,60611,0,CI,2,GPS DFW LLC (TERMINAL A),2440 N INTERNATIONAL PKWY,GRAPEVINE,TX,75261,57.0,445299.0,Y,04/06/2018,04/16/2018,1618,,,No_Match,
32090671267,SARAV GROUP LLC,6700 SLEEPY RIVER ST,MCKINNEY,TX,75070,43,CL,3,CREAMISTRY,13350 DALLAS PKWY STE 2655,DALLAS,TX,75240,57.0,445299.0,Y,10/27/2025,10/27/2025,1619,32.930508319415,-96.820997176582,Match,Exact
32093916891,THE DHABA LLC,1901 S HARWOOD ST APT 201,DALLAS,TX,75215,57,CL,1,THE DHABA,1901 S HARWOOD ST APT 201,DALLAS,TX,75215,57.0,445230.0,Y,03/02/2024,05/01/2024,1620,32.772478541013,-96.783845209296,Match,Exact
32080752820,"55 SEVENTY DALLAS BEVCO, LLC",7324 MEADOW OAKS DR,DALLAS,TX,75230,57,CL,4,55 SEVENTY DALLAS BEVCO,8306 KATE ST STE 9,DALLAS,TX,75225,57.0,445310.0,Y,09/08/2023,09/11/2023,1621,32.86371199132,-96.805200625221,Match,Exact
32102641506,ROYALS INTERNATIONAL LLC,17350 STATE HIGHWAY 249 STE 220,HOUSTON,TX,77064,101,CL,1,ROYALS INTERNATIONAL FOODS MARKET,901 BELT LINE RD STE 102,GARLAND,TX,75040,57.0,445110.0,Y,10/30/2025,11/01/2025,1622,32.940669216147,-96.640258454005,Match,Exact
32034553118,RISHA INC,1113 ELM BROOK CT,ALLEN,TX,75002,43,CT,1,PREMIER LIQUOR,6810 MURPHY RD STE 500,SACHSE,TX,75048,57.0,445310.0,Y,12/29/2017,02/01/2018,1623,32.982716655428,-96.613330394619,Match,Exact
32074710933,REDBIRD CSTORE LLC,533 COYOTE RD,SOUTHLAKE,TX,76092,61,CL,1,EZ STOP 6A,1155 E RED BIRD LN,DALLAS,TX,75241,57.0,445120.0,Y,07/09/2020,07/25/2020,1624,32.675046578772,-96.806929567877,Match,Exact
32058795264,"JOY MACARONS GREENVILLE, LLC",1110 N EDGEFIELD AVE,DALLAS,TX,75208,57,CL,1,JOY MACARONS,1927 GREENVILLE AVE,DALLAS,TX,75206,57.0,445291.0,Y,04/29/2016,05/10/2016,1625,32.813990279195,-96.770272461493,Match,Exact
32063419876,AMERICAN BUTCHERS LLC - DALLAS,2212 CITY MARKET LN,DALLAS,TX,75201,57,CL,2,AMERICAN BUTCHERS LLC,920 S HARWOOD ST STE 150,DALLAS,TX,75201,57.0,445210.0,Y,04/12/2017,05/16/2017,1626,32.777416132378,-96.790653625129,Match,Exact
32030746237,SQ IMPORTS INC,302 N MARSALIS AVE,DALLAS,TX,75203,57,CT,1,7 ELEVEN #12292A,302 N MARSALIS AVE,DALLAS,TX,75203,57.0,445120.0,Y,05/10/2007,05/03/2007,1627,32.751296862175,-96.815565596286,Match,Exact
32066859011,JAI SHAMBHO LLC,4306 SATURN RD,GARLAND,TX,75041,57,CL,1,NEW CIRCLE A BEER & WINE,4306 SATURN RD,GARLAND,TX,75041,57.0,445120.0,Y,04/27/2018,05/01/2018,1628,32.865221698639,-96.64829087891,Match,Exact
32030256195,"BITANIA, INC.",2226 ORCHARD TRL,GARLAND,TX,75040,57,CT,1,7 ELEVEN CONVENIENCE STORE #24625A,3230 W DAVIS ST,DALLAS,TX,75211,57.0,445120.0,Y,04/18/2007,06/04/2007,1629,32.749496976104,-96.872946475851,Match,Exact
32055950367,ALSHA CORPORATION,333 LA QUINTA CIR N,KELLER,TX,76248,220,CT,1,DAIRY MART #2,5112 W DAVIS ST,DALLAS,TX,75211,57.0,445120.0,Y,12/30/2014,01/01/2015,1630,,,No_Match,
32040241435,ABBAY LLC,PO BOX 219088 ATTN: 7-ELEVEN LICENSING,DALLAS,TX,75221,57,CL,1,7-ELEVEN CONVENIENCE STORE #21261A,230 W PIONEER PKWY,GRAND PRAIRIE,TX,75051,57.0,445120.0,Y,09/09/2009,10/15/2009,1631,32.709638115892,-97.006312584333,Match,Exact
32066858930,NEW BBC LLC,2603 HICKORY TREE RD,BALCH SPRINGS,TX,75180,57,CL,1,NEW BONITA BEVERAGE CORNER,2603 HICKORY TREE RD,BALCH SPRINGS,TX,75180,57.0,445120.0,Y,04/28/2018,05/01/2018,1632,32.733858201674,-96.62266404466,Match,Exact
32038292689,TOM TRINH & KIM NGUYEN LLC,2608 ELM ST,DALLAS,TX,75226,57,CL,1,7-ELEVEN CONVENIENCE STORE #33441A,2608 ELM ST,DALLAS,TX,75226,57.0,445120.0,Y,11/12/2008,11/15/2008,1633,32.784077238958,-96.786352600754,Match,Exact
32096116986,"CANDYWAREHOUSE.COM, INC",PO BOX 16187,SUGAR LAND,TX,77496,79,CF,1,"CANDYWAREHOUSE.COM, INC.",2661 MIDWAY RD STE 200,CARROLLTON,TX,75006,57.0,445292.0,Y,07/31/2024,08/15/2024,1634,32.986058024463,-96.842265538838,Match,Exact
17430106579,"H-E-B, LP",PO BOX 839999,SAN ANTONIO,TX,78283,15,PL,616,JOE V'S SMART SHOP (803),4101 W WHEATLAND RD,DALLAS,TX,75237,57.0,445110.0,Y,02/15/2024,05/06/2024,1635,,,No_Match,
32040241435,ABBAY LLC,PO BOX 219088 ATTN: 7-ELEVEN LICENSING,DALLAS,TX,75221,57,CL,2,7-ELEVEN CONVENIENCE STORE #22904A,1500 N HAMPTON RD,DESOTO,TX,75115,57.0,445120.0,Y,04/02/2012,04/30/2012,1636,32.618724027711,-96.856857282332,Match,Exact
32050494783,"THOMAS & TEFSEHET, LLC",PO BOX 219088 ATTNNITA ELLINGSON,DALLAS,TX,75221,57,CL,1,7-ELEVEN CONVENIENCE STORE #35531A,408 N HAMPTON RD,DALLAS,TX,75208,57.0,445120.0,Y,07/18/2013,08/01/2013,1637,32.747875557389,-96.856645155558,Match,Exact
32048297413,AVRS MANAGEMENT INC.,PO BOX 219088 ATTNLICENSING,DALLAS,TX,75221,57,CT,1,7-ELEVEN CONVENIENCE STORE #35391A,5401 N PRESIDENT GEORGE BUSH HWY,GARLAND,TX,75044,57.0,445120.0,Y,06/28/2012,08/01/2012,1638,32.965747305532,-96.642880903392,Match,Exact
32090131262,SNARKYGIRL AND CO LLC,5618 JESTER DR,GARLAND,TX,75044,57,CL,1,SNARKYGIRL AND CO,5618 JESTER DR,GARLAND,TX,75044,57.0,445291.0,Y,06/13/2023,06/06/2023,1639,32.967510510177,-96.677079078976,Match,Exact
32055669918,KSB INTERNATIONAL INC,2303 ROCKHOPPER TRL,MANSFIELD,TX,76063,126,CT,1,1-STOP SHOP,1512 S BELT LINE RD STE 2,DALLAS,TX,75253,57.0,445120.0,Y,11/21/2014,12/01/2014,1640,32.680560154906,-96.59688267638,Match,Exact
32099396395,GLOBAL MUNCHIES TX LLC,1910 PACIFIC AVE STE PMB 3368,DALLAS,TX,75201,57,CL,1,GLOBAL MUNCHIES TX,1910 PACIFIC AVE STE 20003368,DALLAS,TX,75201,57.0,445299.0,Y,04/19/2025,06/30/2025,1641,32.782991370818,-96.795313262289,Match,Non_Exact
32039372563,ATSEDE LLC,11836 LEISURE DR,DALLAS,TX,75243,57,CL,1,7-ELEVEN STORE #33505A,4024 ROSS AVE,DALLAS,TX,75204,57.0,445120.0,Y,06/18/2009,07/15/2009,1642,32.799460358661,-96.784219169088,Match,Exact
32066092795,SUPER SMASH ICE CREAM LLC,710 BRADFIELD DR,GARLAND,TX,75042,57,CL,1,SUPER SMASH ICE CREAM LLC,3845 N GARLAND AVE STE 300,GARLAND,TX,75040,57.0,445299.0,Y,04/28/2018,04/01/2018,1643,32.951706946291,-96.653996355234,Match,Exact
32083850720,DB RICHARDSON LLC,2105 SPLIT DIAMOND WAY,ROUND ROCK,TX,78664,227,CL,1,DB RICHARDSON LLC,100 S CENTRAL EXPY STE 26C,RICHARDSON,TX,75080,57.0,445110.0,Y,07/19/2023,03/25/2023,1644,32.950597905767,-96.735252205755,Match,Exact
32061230192,AASNA ENTERPRISES  INC,4523 MAPLE AVE,DALLAS,TX,75219,57,CT,1,FAMILIA FOOD MARKET,4523 MAPLE AVE,DALLAS,TX,75219,57.0,445120.0,Y,08/11/2016,08/15/2016,1645,32.811738900179,-96.823021950714,Match,Exact
32040494349,BADESHA INC.,2607 N STEMMONS FWY,DALLAS,TX,75207,57,CT,1,7-ELEVEN CONVENIENCE STORE #34103A,2607 N STEMMONS FWY,DALLAS,TX,75207,57.0,445120.0,Y,10/19/2009,11/01/2009,1646,32.806247854272,-96.840788663373,Match,Exact
32066844971,"DCCT 2, LP",4230 MERRITT RD,SACHSE,TX,75048,57,PL,1,DON CUCO MEAT MARKET,1701 S PEACHTREE RD,BALCH SPRINGS,TX,75180,57.0,445210.0,Y,04/30/2018,05/01/2018,1647,32.745710880578,-96.631252069209,Match,Exact
30119750823,"WANG & PHAN, INC.",5552 E GRAND AVE STE C,DALLAS,TX,75223,57,CT,1,3-GUYS,5552 E GRAND AVE STE C,DALLAS,TX,75223,57.0,445310.0,Y,04/25/1997,05/15/1997,1648,32.793367359956,-96.747686099799,Match,Non_Exact
32056044731,RAASH INC,9648 OVERLAKE DR,DALLAS,TX,75220,57,CT,2,SUPER MERCADO 5 ESTRELLAS,9648 OVERLAKE DR,DALLAS,TX,75220,57.0,445120.0,Y,03/12/2019,04/01/2019,1649,32.857839284037,-96.870573707958,Match,Exact
32066746994,KNHW INC,2701 OLD DENTON RD STE 260,CARROLLTON,TX,75007,57,CT,1,AMERICAN DONUTS,3480 S CARRIER PKWY STE 160,GRAND PRAIRIE,TX,75052,57.0,445291.0,Y,05/08/2018,04/27/2018,1650,32.685753634018,-97.012892473773,Match,Exact
32063155744,HINDI GROUP INC.,901 N POLK ST STE 303,DESOTO,TX,75115,57,CT,1,DESOTO FOOD MART,901 N POLK ST STE 303,DESOTO,TX,75115,57.0,445120.0,Y,03/27/2017,04/01/2017,1651,32.604324593631,-96.840829988818,Match,Exact
32054171312,HENNA INC,14714 WEBB CHAPEL RD,FARMERS BRNCH,TX,75234,57,CT,1,SHOP N GO,14714 WEBB CHAPEL RD,FARMERS BRANCH,TX,75234,57.0,445120.0,Y,07/16/2014,08/01/2014,1652,32.948638128363,-96.870876183698,Match,Exact
32001048886,"GRAND CITY ENTERPRIZES, INC.",11445 EMERALD ST STE 112,DALLAS,TX,75229,57,CT,1,GRAND CITY GROCERY,3026 AL LIPSCOMB WAY,DALLAS,TX,75215,57.0,445120.0,Y,09/30/2011,10/01/2011,1653,,,No_Match,
32061963529,SULTAN USA INVESTMENTS INC,3601 INTERSTATE 30,MESQUITE,TX,75150,57,CT,1,MOTLEY FOOD MART,3601 INTERSTATE 30,MESQUITE,TX,75150,57.0,445120.0,Y,02/07/2017,03/01/2017,1654,32.811505921123,-96.65260156936,Match,Exact
17606039679,"RANDALL'S BEVERAGE COMPANY, INC.",PO BOX 29096,PHOENIX,AZ,85038,0,CT,199,TOM THUMB #3296,2380 N FIELD ST,DALLAS,TX,75201,57.0,445110.0,Y,05/07/2018,05/31/2018,1655,32.788575237023,-96.806353486971,Match,Non_Exact
32043232092,"COMMUNITY MARKET, LLC",1401 SAGEWOOD DR,DESOTO,TX,75115,57,CL,2,"COMMUNITY MARKET, LLC",778 FORT WORTH AVE STE G100,DALLAS,TX,75208,57.0,445230.0,Y,07/02/2018,06/01/2018,1656,,,No_Match,
32088623627,GURU KRIPA TWO LLC,808 GAITED TRL,FRISCO,TX,75036,61,CL,1,G & K ONE STOP,2630 WALNUT HILL LN,DALLAS,TX,75229,57.0,445120.0,Y,03/09/2023,03/01/2023,1657,32.880977951993,-96.88959226674,Match,Exact
32067787922,MNS ENTERPRISES LLC,501 DONALD LN,WYLIE,TX,75098,43,CL,1,C'VILLE BEVERAGE CONVENIENCE,127 E CENTERVILLE RD,GARLAND,TX,75041,57.0,445120.0,Y,07/18/2018,08/05/2018,1658,32.87182119068,-96.630126362478,Match,Exact
32032978754,MONA ABAZA,1234 N 18TH ST,WACO,TX,76707,161,IS,6,CIRCLE M STORE 1,3401 SAINT FRANCIS AVE,DALLAS,TX,75228,57.0,445120.0,Y,09/19/2016,09/20/2016,1659,,,Tie,
32102398586,"BUBULA BAR, LLC",3605 6TH ST,SACHSE,TX,75048,57,CL,1,BUBULA BAR LLC,3605 6TH ST,SACHSE,TX,75048,57.0,445299.0,Y,10/30/2025,12/01/2025,1660,32.974350512745,-96.589497868781,Match,Exact
17523365223,DALLAS MISSION FOR LIFE,1100 CADIZ ST,DALLAS,TX,75215,57,CN,1,DALLAS LIFE,1100 CADIZ ST,DALLAS,TX,75215,57.0,445120.0,Y,06/19/2012,05/10/2010,1661,32.77172386165,-96.798685158453,Match,Exact
32042284326,MAVRICK DEVELOPMENT CORPORATION,1707 ROBERT B CULLUM BLVD,DALLAS,TX,75210,57,CT,3,FAIR GROUNDS FOOD MART,1707 ROBERT B CULLUM BLVD,DALLAS,TX,75210,57.0,445120.0,Y,06/27/2011,07/01/2011,1662,32.772973679374,-96.760613057842,Match,Exact
32066578116,GSPK LLC,7491 S WESTMORELAND RD,DALLAS,TX,75237,57,CL,1,DISCOUNT FOOD MART,7491 S WESTMORELAND RD,DALLAS,TX,75237,57.0,445120.0,Y,05/16/2018,06/01/2018,1663,32.65590275696,-96.885169000031,Match,Exact
32017281356,"TEXAS ICE VENDING, LLC",4100 ELDORADO PKWY STE 100,MCKINNEY,TX,75070,43,CL,17,TEXAS ICE VENDING,3021 N BUCKNER BLVD,DALLAS,TX,75228,57.0,445299.0,Y,05/21/2018,04/02/2018,1664,32.808860818806,-96.683631600663,Match,Non_Exact
32043127318,R.G.N. INVESTMENTS LLC,2101 S RIVERFRONT BLVD,DALLAS,TX,75207,57,CL,1,ELMER 117,2101 S RIVERFRONT BLVD,DALLAS,TX,75207,57.0,445120.0,Y,09/08/2011,09/30/2011,1665,,,No_Match,
32093111402,THOMASSON SPEEDY MART LLC,4645 GUS THOMASSON RD,MESQUITE,TX,75150,57,CL,1,AP DISCOUNT FOOD MART,4645 GUS THOMASSON RD,MESQUITE,TX,75150,57.0,445120.0,Y,01/25/2025,12/11/2024,1666,32.826048640395,-96.649353750891,Match,Exact
32072275681,RICARDO HERRERA PERDOMO,1810 PLEASANT DR,DALLAS,TX,75217,57,IS,1,TIENDA SALVADORENA LA TIENDONA,8424 LAKE JUNE RD,DALLAS,TX,75217,57.0,445120.0,Y,10/18/2019,10/01/2019,1667,32.734051745818,-96.675684884123,Match,Exact
32102654186,A & E SHOPS INC,1705 W CLARENDON DR,DALLAS,TX,75208,57,CT,1,A & E SHOPS INC,1705 W CLARENDON DR,DALLAS,TX,75208,57.0,445120.0,Y,10/25/2025,11/10/2025,1668,32.735056909386,-96.84809833809,Match,Exact
32065117171,EL ANTOJO PRODUCE LLC,335 W CENTER ST,DUNCANVILLE,TX,75116,57,CL,2,EL ANTOJO PRODUCE #2,6867 GREENVILLE AVE,DALLAS,TX,75231,57.0,445230.0,Y,05/22/2018,07/01/2018,1669,32.871158905004,-96.76558068227,Match,Exact
32065117171,EL ANTOJO PRODUCE LLC,335 W CENTER ST,DUNCANVILLE,TX,75116,57,CL,1,EL ANTOJO PRODUCE,210 N IRA AVE,DALLAS,TX,75211,57.0,445230.0,Y,05/22/2018,07/01/2018,1670,32.747022330031,-96.916565404978,Match,Exact
17106365988,QUALITY LICENSING CORP.,508 SW 8TH ST,BENTONVILLE,AR,72712,0,CT,803,QUALITY LICENSING CORP. (STORE #4925),2218 GREENVILLE AVE,DALLAS,TX,75206,57.0,445310.0,Y,05/23/2018,09/01/2018,1671,32.81652441344,-96.770113973639,Match,Exact
32064866430,"KDM, LLC",3708 SHEPHERD LN,BALCH SPRINGS,TX,75180,57,CL,1,ONE STOP FOOD MART,3708 SHEPHERD LN,BALCH SPRINGS,TX,75180,57.0,445120.0,Y,09/29/2017,10/01/2017,1672,32.719283715971,-96.61400527756,Match,Exact
32100385544,RODRIGUEZ MEAT MARKET COMPANY LLC,5528 ALPHA RD STE 108,DALLAS,TX,75240,57,CL,1,RODRIGUEZ MEAT MARKET COMPANY LLC,5528 ALPHA RD STE 108,DALLAS,TX,75240,57.0,445210.0,Y,06/06/2025,07/01/2025,1673,,,No_Match,
32053363084,SANJISH LLC.,7125 WINDING CREEK RD,DALLAS,TX,75252,43,CL,1,JBC MARKET,6411 BEXAR ST,DALLAS,TX,75215,57.0,445120.0,Y,05/31/2018,06/05/2018,1674,32.739170237363,-96.753521105772,Match,Exact
32074609739,NAR GROUP LLC,4814 PIER NINE DR,ARLINGTON,TX,76016,220,CL,1,SMOKIES PARADISE,309 W KIEST BLVD STE B,DALLAS,TX,75224,57.0,445120.0,Y,06/17/2020,06/20/2020,1675,,,No_Match,
32086986281,"CVM OPERATIONS, LLC",1701 LEGACY DR STE 2000,FRISCO,TX,75034,43,CL,1,CEDARS VILLAGE MARKET,2020 S HARWOOD ST,DALLAS,TX,75215,57.0,445120.0,Y,11/21/2022,02/01/2023,1676,32.771825226793,-96.783129592621,Match,Exact
32064537080,"PUEBLA FOODS, LLC",PO BOX 2069,ADDISON,TX,75001,57,CL,1,EL RANCHO #33,2506 S BELT LINE RD,GRAND PRAIRIE,TX,75052,57.0,445110.0,Y,06/12/2018,07/11/2018,1677,32.709148188405,-96.994112336099,Match,Exact
32017417836,STEVE B THATCHER,4343 LOVERS LN,DALLAS,TX,75225,57,IS,3,DRIP COFFEE COMPANY,3888 OAK LAWN AVE,DALLAS,TX,75219,57.0,445299.0,Y,06/08/2018,05/01/2018,1678,32.816021364013,-96.802258176785,Match,Exact
32058177679,OMAR A AVILA,654 PLEASANT MEADOWS LN,DALLAS,TX,75217,57,IS,4,OMART,2240 N PRAIRE CREEK RD # 300,DALLAS,TX,75217,57.0,445120.0,Y,10/16/2019,11/01/2019,1679,,,No_Match,
32071023975,SURENSAI VENTURES INC,2221 LORETO DR,FORT WORTH,TX,76177,220,CT,1,OK BEER & WINE,1101 S BEACON ST,DALLAS,TX,75223,57.0,445120.0,Y,06/18/2019,07/01/2019,1680,32.79450927267,-96.748339623603,Match,Exact
32076666216,LAXMI INC.,3022 S SHILOH RD STE A,GARLAND,TX,75041,57,CT,1,OK FOODS,4018 N JUPITER RD,GARLAND,TX,75044,57.0,445120.0,Y,01/21/2021,01/03/2021,1681,,,No_Match,
32066223176,RCS & R LLC,1940 POTRILLO LN,FORT WORTH,TX,76131,220,CL,1,SUPER B FOOD STORE,3501 S PEACHTREE RD,BALCH SPRINGS,TX,75180,57.0,445120.0,Y,02/26/2018,03/01/2018,1682,32.720246190822,-96.631259682917,Match,Exact
32096521615,RANDAL DALLAS LLC,1911 WANDA WAY,ARLINGTON,TX,76001,220,CL,1,DALLAS FINE WINE & SPIRITS SHOP,3518 OAK LAWN AVE,DALLAS,TX,75219,57.0,445310.0,Y,10/05/2024,10/07/2024,1683,32.812051385459,-96.805275860912,Match,Exact
32014442217,MARICRUZ CASTILLO,7210 BENNING AVE,DALLAS,TX,75227,57,IS,2,MARY PRODUCE,4008 URBAN AVE STE A,DALLAS,TX,75227,57.0,445230.0,Y,04/18/2020,04/17/2020,1684,32.772583323881,-96.696441859599,Match,Non_Exact
32102795104,RFDEVELOPMENT LLC,2272 STONEBROOK LN,MESQUITE,TX,75181,57,CI,1,RFDEVELOPMENT LLC,2272 STONEBROOK LN,MESQUITE,TX,75181,57.0,445292.0,Y,10/31/2025,10/30/2025,1685,32.72658170383,-96.533932783533,Match,Exact
32090147268,E V A BUSINESS INVESTMENTS LLC,2122 DENNIS ST,IRVING,TX,75062,57,CL,1,SOUTHWEST 3RD ST DELI AND GROCERY,2129 SW 3RD ST,GRAND PRAIRIE,TX,75051,57.0,445120.0,Y,06/16/2023,07/01/2023,1686,,,No_Match,
32075134869,QUICKWAY STORES INC,6751 E LANCASTER AVE STE 101,FORT WORTH,TX,76112,220,CT,1,EZ CONVENIENCE STORE,13010 SPRING OAK DR,BALCH SPRINGS,TX,75180,57.0,445120.0,Y,09/03/2022,10/07/2022,1687,32.712011971748,-96.605292809119,Match,Exact
32070888188,GOURI ENTERPRISES LLC,7471 FALLEN TRL,FORT WORTH,TX,76123,220,CL,2,PAYLOW LIQUOR BEER & WINE,3701 W CLARENDON DR STE 200,COCKRELL HILL,TX,75211,57.0,445310.0,Y,06/19/2019,08/01/2019,1688,,,Tie,
32077553561,LA NUEVA MICHOACANA LLC,1736 VICKY LN,GRAND PRAIRIE,TX,75052,57,CL,2,MICHOACANA,500 S MACARTHUR BLVD STE 500,IRVING,TX,75060,57.0,445299.0,Y,01/12/2022,06/01/2021,1689,32.80972190992,-96.95992938981,Match,Exact
32049492401,"SAN LUIS FOODS, LLC",2501 E GUASTI RD,ONTARIO,CA,91761,0,CL,1,EL RANCHO #25,4121 GASTON AVE,DALLAS,TX,75246,57.0,445110.0,Y,04/09/2013,06/26/2013,1690,32.794128120899,-96.776717754131,Match,Exact
32077553561,LA NUEVA MICHOACANA LLC,1736 VICKY LN,GRAND PRAIRIE,TX,75052,57,CL,1,MICHOACANA,2502 S BELT LINE RD STE 100,GRAND PRAIRIE,TX,75052,57.0,445299.0,Y,01/12/2022,06/01/2021,1691,32.709239388739,-96.994112336093,Match,Exact
12085813751,TK NGUYEN LLC,PO BOX 219088 ATTN: LICENSING,DALLAS,TX,75221,57,CL,2,7-ELEVEN CONVENIENCE STORE #34114A,11405 LYNDON B JOHNSON FWY,GARLAND,TX,75041,57.0,445120.0,Y,10/22/2008,11/01/2008,1692,32.875464016459,-96.6828848977,Match,Exact
32059065691,RAUL LANDA-HERNANDEZ,3813 RUTH RD,RICHLAND HLS,TX,76118,220,IS,3,LA OVEJA NEGRA SWEETS BAR,9575 SCYENE RD STE 102,DALLAS,TX,75227,57.0,445299.0,Y,11/14/2024,04/01/2021,1693,,,No_Match,
32067320013,SRIGANESH INVESTMENT LLC,2880 FOREST LN,DALLAS,TX,75234,57,CL,1,C STORE # 1,2880 FOREST LN,DALLAS,TX,75234,57.0,445120.0,Y,06/15/2018,09/01/2018,1694,32.909313913754,-96.880814034187,Match,Exact
12085813751,TK NGUYEN LLC,PO BOX 219088 ATTN: LICENSING,DALLAS,TX,75221,57,CL,1,7-ELEVEN CONVENIENCE STORE#26885A,6833 W NORTHWEST HWY,DALLAS,TX,75225,57.0,445120.0,Y,03/15/2007,04/15/2007,1695,32.8656891046,-96.787660489184,Match,Exact
32080281382,"URGENT RICHARDSON, LLC",888 S GREENVILLE AVE STE 100,RICHARDSON,TX,75081,57,CL,1,"URGENT RICHARDSON, LLC",888 S GREENVILLE AVE STE 100,RICHARDSON,TX,75081,57.0,445120.0,Y,08/11/2021,10/01/2021,1696,32.937663703155,-96.734345079122,Match,Exact
32096951507,AVASHREE LLC,8217 WHISTLING DUCK DR,FORT WORTH,TX,76118,220,CL,1,EAGLE LIQUOR,4703 MAPLE AVE,DALLAS,TX,75219,57.0,445310.0,Y,10/03/2024,10/01/2024,1697,32.813580253862,-96.825243590453,Match,Exact
32058899702,"HIGHLAND PURE WATER @@@ ICE, LLC",2445 SKY HARBOR DR,PLANO,TX,75025,43,CI,1,"HIGHLAND PURE WATER @@@ ICE, LLC",3015 ARAPAHO RD,GARLAND,TX,75044,57.0,445299.0,Y,06/12/2018,06/05/2018,1698,32.960760518989,-96.674150367563,Match,Exact
32077440298,"VCNFM OPERATING II, LLC",12612 W ALAMEDA PKWY ATTN: TAX/LICENSING,LAKEWOOD,CO,80228,0,CI,25,NATURAL GROCERS,11661 PRESTON RD STE 224,DALLAS,TX,75230,57.0,445110.0,Y,03/08/2024,03/01/2024,1699,32.907411093185,-96.804225634501,Match,Exact
32091218324,"4 STOP GROUP, INC",6236 LEONARD DR,ARLINGTON,TX,76001,220,CT,1,4 STOP FOOD MART,2919 E ILLINOIS AVE,DALLAS,TX,75216,57.0,445120.0,Y,09/01/2023,10/01/2023,1700,,,No_Match,
32050314494,"LTT, LLC",7726 FOREST LN,DALLAS,TX,75230,57,CL,1,FOREST DONUTS,7726 FOREST LN,DALLAS,TX,75230,57.0,445291.0,Y,06/24/2014,06/06/2014,1701,,,No_Match,
32061894864,FUJISAN FRANCHISING CORP.,14420 BLOOMFIELD AVE,SANTA FE SPGS,CA,90670,0,CF,35,FUJISAN SUSHI,4062 LYNDON B JOHNSON FWY,DALLAS,TX,75244,57.0,445110.0,Y,01/20/2020,01/01/2020,1702,32.922233130345,-96.845583947342,Match,Exact
32072949251,TIGIST GETACHEW BELAY,10560 WALNUT ST STE 500,DALLAS,TX,75243,57,IS,1,GEGOL CAFE & GROCERY,10560 WALNUT ST STE 500,DALLAS,TX,75243,57.0,445110.0,Y,01/03/2020,01/20/2020,1703,32.916507562239,-96.701475756746,Match,Exact
32085211830,KADOUR INVESTMENTS LLC,1428 N IRVING HEIGHTS DR,IRVING,TX,75061,57,CL,2,OH EIGHT BEVERAGES,1428 N IRVING HEIGHTS DR,IRVING,TX,75061,57.0,445310.0,Y,06/12/2023,07/01/2023,1704,32.829037932258,-96.926009254706,Match,Exact
32077440298,"VCNFM OPERATING II, LLC",12612 W ALAMEDA PKWY ATTN: TAX/LICENSING,LAKEWOOD,CO,80228,0,CI,24,NATURAL GROCERS,677 W CAMPBELL RD STE 100,RICHARDSON,TX,75080,57.0,445110.0,Y,03/08/2024,03/01/2024,1705,32.978025277693,-96.741812693048,Match,Exact
32007155974,"GRACE TRADING, INC.",4502 BOBTOWN RD,GARLAND,TX,75043,57,CT,2,OH MY CURRY,909 DAVIS DR STE A,MESQUITE,TX,75149,57.0,445110.0,Y,10/17/2024,02/01/2021,1706,32.765516437335,-96.588032956069,Match,Non_Exact
32090580021,FAIR PARK GROCERY LLC,2203 LAGOW ST,DALLAS,TX,75210,57,CL,1,FAIR PARK GROCERY LLC,2203 LAGOW ST,DALLAS,TX,75210,57.0,445120.0,Y,08/07/2023,08/01/2023,1707,32.775275237454,-96.75061469454,Match,Exact
32071235371,"MK CSTORE, INC",2045 N STATE HIGHWAY 360 STE 150B,GRAND PRAIRIE,TX,75050,220,CT,8,360 LIQUORS #5,2815 N MACARTHUR BLVD,IRVING,TX,75062,57.0,445310.0,Y,06/18/2024,07/01/2024,1708,32.844452487165,-96.959147619024,Match,Exact
17213392750,"SMOOTHIE KING CO., INC.",9797 ROMBAUER RD STE 150,COPPELL,TX,75019,57,CT,7,SMOOTHIE KING,2304 W MOCKINGBIRD LN,DALLAS,TX,75235,57.0,445299.0,Y,03/16/2017,04/30/2017,1709,32.825632053685,-96.847334489072,Match,Exact
32091066574,BHUMIYA3 LLC,7002 HARRY HINES BLVD,DALLAS,TX,75235,57,CL,2,COLE MANOR MOTEL,7002 HARRY HINES BLVD,DALLAS,TX,75235,57.0,445120.0,Y,04/02/2024,04/01/2024,1710,32.826247237986,-96.854926628173,Match,Exact
32083163975,K&K TRADERS LLC,9145 ROCK NETTLE DR,FORT WORTH,TX,76131,220,CL,1,1 STOP MEAT SHOP,3305 W ROCHELLE RD,IRVING,TX,75062,57.0,445210.0,Y,10/30/2025,10/01/2025,1711,32.847174587998,-96.990862485276,Match,Exact
32043330383,"HEY SUGAR! CANDY STORE, L.L.C.",1507 MEETING ST,SOUTHLAKE,TX,76092,220,CL,7,"HEY SUGAR! CANDY STORE, L.L.C.",409 W 8TH ST,DALLAS,TX,75208,57.0,445292.0,Y,02/07/2023,03/01/2023,1712,32.748125560746,-96.828518740543,Match,Exact
32077440298,"VCNFM OPERATING II, LLC",12612 W ALAMEDA PKWY ATTN: TAX/LICENSING,LAKEWOOD,CO,80228,0,CI,22,NATURAL GROCERS,9440 GARLAND RD STE 150,DALLAS,TX,75218,57.0,445110.0,Y,11/12/2022,01/01/2023,1713,32.832806853632,-96.703209807516,Match,Exact
32045086173,DDC 2515 LLC,1301 W DAVIS ST STE A,DALLAS,TX,75208,57,CL,1,NORTH OAK CLIFF BEER & WINE,1301 W DAVIS ST,DALLAS,TX,75208,57.0,445310.0,Y,10/24/2011,12/01/2011,1714,32.749557566198,-96.842873090296,Match,Exact
17213392750,"SMOOTHIE KING CO., INC.",9797 ROMBAUER RD STE 150,COPPELL,TX,75019,57,CT,8,SMOOTHIE KING COMPANY #1239,5235 W LOVERS LN,DALLAS,TX,75209,57.0,445299.0,Y,09/08/2017,10/31/2017,1715,,,No_Match,
17213392750,"SMOOTHIE KING CO., INC.",9797 ROMBAUER RD STE 150,COPPELL,TX,75019,57,CT,1,SMOOTHIE KING #250,5706 E MOCKINGBIRD LN STE 130,DALLAS,TX,75206,57.0,445299.0,Y,03/21/2013,03/01/2013,1716,32.836453991669,-96.769899540978,Match,Non_Exact
32067333784,"DORENI GROUP, INC.",3510 S BUCKNER BLVD STE A,DALLAS,TX,75227,57,CT,1,SAV MOR FOOD MART,3510 S BUCKNER BLVD STE A,DALLAS,TX,75227,57.0,445120.0,Y,07/04/2018,08/01/2018,1717,32.766916894146,-96.682622367656,Match,Non_Exact
17213392750,"SMOOTHIE KING CO., INC.",9797 ROMBAUER RD STE 150,COPPELL,TX,75019,57,CT,2,SMOOTHIE KING #1122,5000 BELT LINE RD STE 400,DALLAS,TX,75254,57.0,445299.0,Y,05/21/2013,06/17/2013,1718,32.953959940794,-96.824441974004,Match,Exact
17213392750,"SMOOTHIE KING CO., INC.",9797 ROMBAUER RD STE 150,COPPELL,TX,75019,57,CT,11,SMOOTHIE KING #1532,1325 E BELT LINE RD,RICHARDSON,TX,75081,57.0,445299.0,Y,05/29/2018,08/01/2018,1719,32.945464447374,-96.695826786764,Match,Exact
32092635120,BLISS AFRICAN STORE LLC,805 MILL BRANCH DR,GARLAND,TX,75040,57,CL,1,BLISS AFRICAN STORE,805 MILL BRANCH DR,GARLAND,TX,75040,57.0,445110.0,Y,12/15/2023,02/01/2024,1720,32.904775449517,-96.614547879615,Match,Exact
32062933794,MARTIN ESPINOZA,1540 DANUBE DR,DALLAS,TX,75216,57,IS,2,ESPINOZA PRODUCE,1540 DANUBE DR,DALLAS,TX,75216,57.0,445230.0,Y,07/02/2018,01/01/2018,1721,32.728856357956,-96.800818820362,Match,Exact
17213392750,"SMOOTHIE KING CO., INC.",9797 ROMBAUER RD STE 150,COPPELL,TX,75019,57,CT,6,SMOOTHIE KING #1128,3903 LEMMON AVE,DALLAS,TX,75219,57.0,445299.0,Y,01/30/2015,03/22/2015,1722,32.812815216773,-96.806830922612,Match,Exact
17213392750,"SMOOTHIE KING CO., INC.",9797 ROMBAUER RD STE 150,COPPELL,TX,75019,57,CT,10,SMOOTHIE KING #1536,3233 W WHEATLAND RD,DALLAS,TX,75237,57.0,445299.0,Y,05/29/2018,06/16/2018,1723,32.647625492978,-96.873226610817,Match,Exact
32100847998,KANDACE MAKAEL DUKE,6448 ROYAL CEDAR DR,DALLAS,TX,75236,57,IS,2,KANDACE'S SEASONAL NEIGHBORHOOD BAKERY,6448 ROYAL CEDAR DR,DALLAS,TX,75236,57.0,445291.0,Y,10/28/2025,10/01/2025,1724,32.662910692429,-96.93426896655,Match,Exact
32049899472,"HIDALGO FOODS, LLC",2501 E GUASTI RD,ONTARIO,CA,91761,0,CL,1,EL RANCHO #26,1540 S 1ST ST,GARLAND,TX,75040,57.0,445110.0,Y,11/05/2013,01/01/2014,1725,32.898685228472,-96.630819510594,Match,Exact
32044032319,88 VAPE 1 INC,503 N INTERURBAN ST,RICHARDSON,TX,75081,57,CT,2,VAPOR LAND,2810 E TRINITY MILLS RD STE 213,CARROLLTON,TX,75006,57.0,445120.0,Y,01/14/2016,01/01/2016,1726,32.987002204366,-96.854402772954,Match,Non_Exact
17419316645,GOOD SPIRITS LLC,PO BOX 29096,PHOENIX,AZ,85038,0,CL,340,GOOD SPIRITS LLC #4289,9540 GARLAND RD STE 320,DALLAS,TX,75218,57.0,445310.0,Y,10/28/2025,10/01/2025,1727,32.834411857007,-96.7012353429,Match,Exact
32034749856,MALITZIN J RAMIREZ,9840 MONROE DR STE 115,DALLAS,TX,75220,57,IS,4,NOOR BEVERAGE DISTRIBUTING,9840 MONROE DR STE 115,DALLAS,TX,75220,57.0,445110.0,Y,04/15/2015,01/01/2015,1728,32.875494737661,-96.877993336322,Match,Exact
32064568663,"A & S SUPERMARKETS, LLC",1201 W CAMP WISDOM RD,DALLAS,TX,75232,57,CL,4,CASH SAVER,2223 SINGLETON BLVD STE 116,DALLAS,TX,75212,57.0,445110.0,Y,10/02/2019,10/22/2019,1729,32.77877673268,-96.858288215043,Match,Exact
17528749462,"SUPERTARGET LIQUOR OF TEXAS, INC.",PO BOX 9471,MINNEAPOLIS,MN,55440,0,CT,180,TARGET STORE #3292,8335 WESTCHESTER DR STE 200,DALLAS,TX,75225,57.0,445310.0,Y,07/11/2018,10/01/2018,1730,32.864072325806,-96.80663430434,Match,Exact
32070841310,"BLUELAKE SPIRIT, LLC",2625 OLD DENTON RD STE 456,CARROLLTON,TX,75007,57,CL,1,GRAND LIQUOR,701 E IRVING BLVD,IRVING,TX,75060,57.0,445310.0,Y,05/29/2019,06/01/2019,1731,32.813242433556,-96.937600931682,Match,Exact
32076440448,"SAH BEVERAGE NO. 8, L.P.",2331 W NORTHWEST HWY STE 201,DALLAS,TX,75220,57,PL,1,LIQUOR DEPOT,910 E PIONEER PKWY,GRAND PRAIRIE,TX,75051,57.0,445310.0,Y,11/24/2020,12/01/2020,1732,32.709734735894,-97.0175239452,Match,Non_Exact
17430106579,"H-E-B, LP",PO BOX 839999,SAN ANTONIO,TX,78283,15,PL,459,HEB CENTRAL MARKET #653,10720 PRESTON RD STE 1018,DALLAS,TX,75230,57.0,445110.0,Y,07/25/2011,08/01/2011,1733,32.895193972207,-96.803845948723,Match,Exact
32048288164,AVERY'S SAVORY POPCORN LLC,4827 HOVENKAMP DR,DALLAS,TX,75227,57,CL,1,AVERY'S SAVORY POPCORN LLC,1001 ROSS AVE STE 102,DALLAS,TX,75202,57.0,445292.0,Y,07/17/2018,10/13/2018,1734,32.782382210477,-96.804766200106,Match,Exact
32061162627,"SAH BEVERAGE NO. 5, L.P.",2331 W NORTHWEST HWY STE 201,DALLAS,TX,75220,57,PL,3,LIQUOR DEPOT,610 PLYMOMOUTH PARK DR,IRVING,TX,75061,57.0,445310.0,Y,09/19/2019,11/01/2019,1735,32.830363658648,-96.976582424945,Match,Non_Exact
32061073931,LAXMI TRADERS DALLAS INC,1902 LAUREL OAK CT,ARLINGTON,TX,76001,220,CT,2,HAMPTON FOOD MART,1232 S HAMPTON RD,DALLAS,TX,75208,57.0,445120.0,Y,07/18/2018,07/15/2018,1736,32.732668930851,-96.856765014919,Match,Exact
17430106579,"H-E-B, LP",PO BOX 839999,SAN ANTONIO,TX,78283,15,PL,285,HEB CENTRAL MARKET #552,5750 E LOVERS LN,DALLAS,TX,75206,57.0,445110.0,Y,02/06/2002,05/01/2002,1737,32.850922205729,-96.768909835058,Match,Exact
32050369886,PAA ENTERPRISES INC,5455 N JIM MILLER RD,DALLAS,TX,75227,57,CT,1,B-Z MART,5455 N JIM MILLER RD,DALLAS,TX,75227,57.0,445120.0,Y,03/20/2013,04/01/2013,1738,32.790915976222,-96.700171645871,Match,Exact
32097005964,YADAV BROTHERS LLC,1420 W 6TH ST,IRVING,TX,75060,57,CL,1,DELIGHT LIQUOR,1420 W 6TH ST,IRVING,TX,75060,57.0,445120.0,Y,10/16/2024,11/01/2024,1739,32.808602324471,-96.962540601106,Match,Exact
32083624497,DHANABHAI PATEL,273 HICKERSON ST,CEDAR HILL,TX,75104,57,IS,1,DANNY FOOD MART,273 HICKERSON ST,CEDAR HILL,TX,75104,57.0,445120.0,Y,03/29/2022,04/01/2022,1740,32.586959847884,-96.950740176591,Match,Exact
32059462401,"ASAFO INTERNATIONAL MARKET, INC.",6311 WALNUT SPRINGS DR,ARLINGTON,TX,76001,220,CT,1,ASAFO INTERNATIONAL MARKET,2905 ARKANSAS LN STE 103,GRAND PRAIRIE,TX,75052,57.0,445110.0,Y,07/18/2018,07/01/2018,1741,,,No_Match,
17430106579,"H-E-B, LP",PO BOX 839999,SAN ANTONIO,TX,78283,15,PL,558,HEB CENTRAL MARKET #747,4349 W NORTHWEST HWY,DALLAS,TX,75220,57.0,445110.0,Y,12/22/2017,12/01/2017,1742,32.863899816002,-96.835451872706,Match,Exact
32066991020,SHVK LLC,4158 AUDUBON LN,IRVING,TX,75063,57,CL,1,AMIGO'S GROCERY-BEER-TACOS,2332 ROCK ISLAND RD,IRVING,TX,75060,57.0,445120.0,Y,07/18/2018,08/02/2018,1743,32.815253625568,-96.975461464605,Match,Exact
32063836921,AL CENTRO JO INVESTMENTS INC,2727 LYNDON B JOHNSON FWY STE 927,DALLAS,TX,75234,57,CT,1,LA AZTECA MEAT MARKET #11,4611 COLUMBIA AVE STE 103,DALLAS,TX,75226,57.0,445110.0,Y,08/19/2017,09/11/2017,1744,32.792823352517,-96.766643891447,Match,Exact
32066387435,"IB RICHARDSON, LLC",6217 MONTE CRISTO LN,PLANO,TX,75024,43,CL,1,INDIA BAZAAR,1425 E BELT LINE RD,RICHARDSON,TX,75081,57.0,445110.0,Y,07/26/2018,08/15/2018,1745,32.945466703961,-96.695962181618,Match,Exact
32056443131,GROCERY DELIVERY E-SERVICES USA INC.,28 LIBERTY ST FL 1OTH,NEW YORK,NY,10005,0,CF,2,GROCERY DELIVERY E-SERVICES USA INC.,2700 MARKET ST,IRVING,TX,75062,57.0,445110.0,Y,10/15/2024,10/01/2024,1746,,,No_Match,
32018895659,TWIN LIQUORS LP,5639 AIRPORT BLVD,AUSTIN,TX,78751,227,PL,121,SIGEL'S WINE & SPIRITS #93,506 S RIVERFRONT BLVD,DALLAS,TX,75207,57.0,445310.0,Y,05/01/2018,06/29/2018,1747,,,No_Match,
32063266079,STARSHINE FORTUNE INC,5309 HIDDEN CREEK RD,GARLAND,TX,75043,57,CT,2,DISCOUNT FOOD MART,3627 BONNIE VIEW RD STE B,DALLAS,TX,75216,57.0,445120.0,Y,03/04/2020,03/09/2020,1748,32.714883642401,-96.776180447147,Match,Non_Exact
32018895659,TWIN LIQUORS LP,5639 AIRPORT BLVD,AUSTIN,TX,78751,227,PL,124,SIGEL'S WINE & SPIRITS #97,2960 ANODE LN,DALLAS,TX,75220,57.0,445310.0,Y,05/02/2018,06/29/2018,1749,32.876671582816,-96.878901176412,Match,Exact
32018895659,TWIN LIQUORS LP,5639 AIRPORT BLVD,AUSTIN,TX,78751,227,PL,123,SIGEL'S WINE & SPIRITS #95,1441 W MOCKINGBIRD LN,DALLAS,TX,75247,57.0,445310.0,Y,05/01/2018,06/29/2018,1750,32.822332691821,-96.862972317714,Match,Exact
32018895659,TWIN LIQUORS LP,5639 AIRPORT BLVD,AUSTIN,TX,78751,227,PL,120,SIGEL'S WINE & SPITITS #92,2800 ROUTH ST STE 180,DALLAS,TX,75201,57.0,445310.0,Y,05/01/2018,06/29/2018,1751,32.798118151239,-96.803707873623,Match,Exact
17529676011,"JIMMY'S LIQUOR OF TEXAS, INC.",2051 W NORTHWEST HWY STE 60,DALLAS,TX,75220,57,CT,2,"JIMMY'S LIQUOR OF TEXAS, INC.",2051 W NORTHWEST HWY STE 60,DALLAS,TX,75220,57.0,445310.0,Y,10/24/2019,01/01/2020,1752,32.86701732266,-96.907146521066,Match,Exact
32092025801,COLD GAME INC,701 COMMERCE ST STE 530,DALLAS,TX,75202,57,CF,1,EDOM & CO. CPAS,701 COMMERCE ST # 530,DALLAS,TX,75202,57.0,445120.0,Y,10/18/2024,12/15/2023,1753,32.778506964494,-96.805815082114,Match,Exact
32042847262,HEAVEN 786 LLC,9798 FOREST LN,DALLAS,TX,75243,57,CL,6,$ TOBBACO PLUS,9111 FOREST LN # A,DALLAS,TX,75243,57.0,445120.0,Y,03/08/2023,03/22/2023,1754,32.909298531845,-96.746467683798,Match,Non_Exact
32018895659,TWIN LIQUORS LP,5639 AIRPORT BLVD,AUSTIN,TX,78751,227,PL,119,SIGEL'S WINE & SPIRITS #91,5757 GREENVILLE AVE,DALLAS,TX,75206,57.0,445310.0,Y,05/01/2018,06/29/2018,1755,32.8549023073,-96.769198610867,Match,Exact
32018895659,TWIN LIQUORS LP,5639 AIRPORT BLVD,AUSTIN,TX,78751,227,PL,122,SIGEL'S WINE & SPIRITS #94,3209 N FITZHUGH AVE,DALLAS,TX,75204,57.0,445310.0,Y,05/01/2018,06/29/2018,1756,32.816556714496,-96.792677732165,Match,Exact
32018895659,TWIN LIQUORS LP,5639 AIRPORT BLVD,AUSTIN,TX,78751,227,PL,125,SIGEL'S WINE & SPIRITS #88,538 CENTENNIAL BLVD,RICHARDSON,TX,75081,57.0,445310.0,Y,05/02/2018,06/29/2018,1757,32.938153874284,-96.720598985688,Match,Exact
32039186807,CTGTX  INC.,9975 N MACARTHUR BLVD,IRVING,TX,75063,57,CT,1,CTGTX  INC.,9975 N MACARTHUR BLVD,IRVING,TX,75063,57.0,445120.0,Y,04/23/2009,05/01/2009,1758,32.940129045238,-96.952222115583,Match,Exact
13116785307,KROGER TEXAS L.P.,PO BOX 305103,NASHVILLE,TN,37230,0,PF,496,KROGER #528 FUEL CENTER,4322 LEMMON AVE,DALLAS,TX,75219,57.0,445110.0,Y,01/08/2024,01/08/2024,1759,32.817183380195,-96.811488399779,Match,Exact
32077673070,KARKI BROTHERS INVESTMENTS LLC,4706 W NORTHGATE DR APT 220,IRVING,TX,75062,57,CL,1,GRAB & GO,601 PIONEER RD STE F,MESQUITE,TX,75149,57.0,445120.0,Y,03/10/2023,04/01/2023,1760,32.760520588997,-96.583666991557,Match,Non_Exact
32067641194,"LA BELLA, LLC",833 W JEFFERSON BLVD,DALLAS,TX,75208,57,CL,2,"LA BELLA, LLC",833 W JEFFERSON BLVD,DALLAS,TX,75208,57.0,445120.0,Y,07/17/2018,08/01/2018,1761,32.74320967302,-96.836387844456,Match,Exact
32053731470,AMAR WALIA INC,100 N CENTRAL EXPY STE 914,RICHARDSON,TX,75080,57,CT,1,SPEEDY BEER & WINE NO 2,3232 SYLVAN AVE STE 110,DALLAS,TX,75212,57.0,445120.0,Y,03/10/2020,04/15/2014,1762,32.780795197008,-96.835727385856,Match,Exact
32044674656,NASS LLC,1512 LLANO DR,EULESS,TX,76039,220,CL,2,DAILY STOP,2605 FORT WORTH AVE STE 100,DALLAS,TX,75211,57.0,445120.0,Y,04/12/2012,05/01/2012,1763,32.758465981375,-96.864436211656,Match,Exact
32075507783,SAI JIVANSH INC,644 JUTLAND DR,GRAND PRAIRIE,TX,75052,57,CT,1,DOLLAR & NOVELTY SHOP,5625 ALPHA RD,DALLAS,TX,75240,57.0,445120.0,Y,11/24/2020,12/01/2020,1764,32.932938641377,-96.810791757589,Match,Exact
32064910089,YUSUF CONVENIENCE INC,1132 E LEDBETTER DR,DALLAS,TX,75216,57,CT,1,LUCKY'S FOOD MART,1132 E LEDBETTER DR,DALLAS,TX,75216,57.0,445120.0,Y,04/29/2022,10/01/2017,1765,32.682218868867,-96.806786813286,Match,Exact
32076399172,SAI BMANJU ENTERPRISES INC,4005 ORLANDO SPRINGS DR,FORT WORTH,TX,76123,220,CT,1,GRAB N GO,2705 N DALLAS AVE,LANCASTER,TX,75134,57.0,445120.0,Y,11/24/2020,12/01/2020,1766,32.618684679591,-96.767611446984,Match,Exact
32066809909,"LUCKY MOUTH GROCERY, LLC",196 W DAVIS ST STE 120,DALLAS,TX,75208,57,CL,1,LUCKY MOUTH GROCERY,196 W DAVIS ST,DALLAS,TX,75208,57.0,445110.0,Y,05/07/2018,06/01/2018,1767,,,No_Match,
32090557458,"WORLDQ&G, LLC",10055 BANTRY LN,FORNEY,TX,75126,129,CL,1,TITO'S MEAT MARKET & TAQUERIA #2,1638 S 1ST ST STE B,GARLAND,TX,75040,57.0,445110.0,Y,07/18/2023,09/01/2023,1768,32.897640100042,-96.630817449458,Match,Non_Exact
32041631857,SAYA'S UNIVERSAL INC,300 BIRCHWOOD WAY,IRVING,TX,75063,57,CT,2,SUBWAY SANDWICHES & SALADS,3420 W ILLINOIS AVE STE 100A,DALLAS,TX,75211,57.0,445299.0,Y,06/25/2013,07/01/2013,1769,32.720236530856,-96.876228977157,Match,Exact
32087227339,ROBERTO CABA RODRIGUEZ AND DEURA LOPEZ RAMOS,2905 ROWLAND DR,SEAGOVILLE,TX,75159,57,PI,1,D&O FOOD MARKET,101 S INTERSTATE 45 SERVICE RD STE 11,HUTCHINS,TX,75141,57.0,445110.0,Y,11/29/2022,02/20/2023,1770,32.648849657838,-96.708136556458,Match,Exact
32016279062,SANDRA ANNETTE MORENO,9534 BECKLEY VIEW AVE,DALLAS,TX,75232,57,IS,4,R & S GRO - DELI,9534 BECKLEY VIEW AVE,DALLAS,TX,75232,57.0,445110.0,N,03/30/2022,10/01/2016,1771,32.632261346872,-96.832112295981,Match,Exact
32044792565,"FINE WINES & SPIRITS OF NORTH TEXAS, LLC",6600 ROCKLEDGE DR STE 150,BETHESDA,MD,20817,0,CL,38,"TOTAL WINE, SPIRITS, BEER & MORE",7730 N MACARTHUR BLVD STE A,IRVING,TX,75063,57.0,445310.0,Y,05/30/2019,07/01/2019,1772,32.913510793775,-96.958499158532,Match,Non_Exact
32092500084,JUANA FRANCISCA INC,11498 LUNA RD STE 103,FARMERS BRNCH,TX,75234,57,CT,1,TIENDA SALVADORENA 503,1610 S 1ST ST,GARLAND,TX,75040,57.0,445120.0,Y,12/12/2023,01/20/2024,1773,32.897904487508,-96.630826393598,Match,Exact
32047433233,"THE MARSHALL RETAIL GROUP, LLC",3755 W SUNSET RD STE A,LAS VEGAS,NV,89118,0,CI,1,LICK,3200 E AIRFIELD DR SPC 109C,DFW AIRPORT,TX,75261,57.0,445292.0,Y,03/31/2022,11/21/2014,1774,,,No_Match,
32084327405,"FIG & FAVOR, LLC",2501 N HARWOOD ST STE 1400,DALLAS,TX,75201,57,CL,1,FIG & FAVOR,2850 N HARWOOD ST STE 110,DALLAS,TX,75201,57.0,445299.0,Y,06/29/2022,09/01/2022,1775,32.794431607881,-96.808678355052,Match,Exact
32085678822,LASGO HOLDINGS LLC,1347 VALLEY VISTA DR,IRVING,TX,75063,57,CL,4,2MS FOOD MART,11361 MCCREE RD STE 110,DALLAS,TX,75238,57.0,445120.0,Y,02/24/2023,03/01/2023,1776,32.87158738224,-96.685498489451,Match,Exact
32086423731,"BIGDASH GARLAND, LLC",16775 ADDISON RD FL 2,ADDISON,TX,75001,57,CL,2,"BIGDASH GARLAND, LLC",4280 LAVON DR STE 242,GARLAND,TX,75040,57.0,445291.0,Y,03/07/2023,02/01/2023,1777,,,No_Match,
32076723298,WHEATLAND CONVENIENCE INC,1237 SOUTHRIDGE CT STE 207,HURST,TX,76053,220,CT,1,TEXAS FOOD MART,2984 W WHEATLAND RD STE E,DALLAS,TX,75237,57.0,445120.0,Y,11/24/2020,12/10/2020,1778,32.647382995267,-96.868975931949,Match,Non_Exact
32056444428,SAINI BROS INC.,1416 PREAKNESS DR,IRVING,TX,75060,57,CT,1,7 ELEVEN CONVENIENCE STORE #21446C,510 N NURSERY RD,IRVING,TX,75061,57.0,445120.0,Y,02/25/2015,03/01/2015,1779,32.817796427296,-96.934229181801,Match,Exact
32075594823,ZALUNOLA VENDING LLC,1504 OLD ORCHARD DR,IRVING,TX,75061,57,CL,1,ZALUNOLA VENDING LLC,1504 OLD ORCHARD DR,IRVING,TX,75061,57.0,445299.0,Y,09/29/2020,11/01/2020,1780,32.819030525925,-96.927687314454,Match,Exact
32059259773,"UPTOWN ENDEAVOURS, INC.",3128 MCKINNEY AVE STE D,DALLAS,TX,75204,57,CT,1,UPTOWN LIQUORS,3128 MCKINNEY AVE STE D,DALLAS,TX,75204,57.0,445310.0,Y,01/21/2016,02/01/2016,1781,32.802175670017,-96.800702781777,Match,Non_Exact
32080393906,"QUEEN LIQUOR, LLC",1205 ARKANSAS LN STE 100,GRAND PRAIRIE,TX,75052,220,CL,1,N. BEACH LIQUOR,1205 ARKANSAS LN STE 100,GRAND PRAIRIE,TX,75052,57.0,445310.0,Y,08/12/2021,08/01/2021,1782,32.705344481533,-97.02003993496,Match,Exact
32017826739,"SHIRIN INVESTMENT INC,",828 E IRVING BLVD STE 100,IRVING,TX,75060,57,CT,1,MAGIC DOLLAR/FURNITURE,828 E IRVING BLVD STE 100,IRVING,TX,75060,57.0,445120.0,Y,10/17/2006,11/01/2006,1783,32.813297967629,-96.955988964919,Match,Non_Exact
32017281356,"TEXAS ICE VENDING, LLC",4100 ELDORADO PKWY STE 100,MCKINNEY,TX,75070,43,CL,21,TEXAS ICE VENDING,6171 BONNIE VIEW RD,DALLAS,TX,75241,57.0,445299.0,Y,10/22/2018,10/01/2018,1784,32.671252789437,-96.762099269751,Match,Exact
32051295718,GUERRERO FOODS LLC,2501 E GUASTI RD,ONTARIO,CA,91761,0,CL,1,EL RANCHO #28,2770 VALWOOD PKWY,FARMERS BRANCH,TX,75234,57.0,445110.0,Y,11/05/2013,01/01/2014,1785,32.938146643934,-96.887238240813,Match,Exact
32051428699,LAURA JANE SPINDLER,7227 E MOCKINGBIRD LN,DALLAS,TX,75214,57,IS,1,MOM'S BUNS,6659 AINTREE CIR,DALLAS,TX,75214,57.0,445230.0,Y,03/14/2023,08/01/2013,1786,32.852746135088,-96.74503047723,Match,Exact
32082270201,SIDETH DEVELOPMENT INC,12480 ABRAMS RD APT 502,DALLAS,TX,75243,57,CT,1,TEXAS LIQUOR #3,3400 SAMUELL BLVD STE B,DALLAS,TX,75223,57.0,445310.0,Y,01/07/2022,03/01/2022,1787,32.79291296206,-96.737315332115,Match,Non_Exact
32056142667,MFP BUYER INC,2212 IRVING BLVD,DALLAS,TX,75207,57,CT,1,MFP BUYER,2212 IRVING BLVD,DALLAS,TX,75207,57.0,445230.0,Y,11/05/2019,06/30/2015,1788,32.796131382862,-96.834124908866,Match,Exact
32017281356,"TEXAS ICE VENDING, LLC",4100 ELDORADO PKWY STE 100,MCKINNEY,TX,75070,43,CL,22,TEXAS ICE VENDING,3221 FALLS DR,DALLAS,TX,75211,57.0,445299.0,Y,10/22/2018,10/01/2018,1789,32.726447975883,-96.873381479464,Match,Exact
32047433233,"THE MARSHALL RETAIL GROUP, LLC",3755 W SUNSET RD STE A,LAS VEGAS,NV,89118,0,CI,2,MARSHALL ROUSSO,3200 E AIRFIELD DR SPC 2046DA01,DALLAS,TX,75261,57.0,445292.0,Y,03/31/2022,04/09/2016,1790,,,No_Match,
32063465077,"C. NIX INVESTMENTS, LLC",1707 N HALL ST APT 225,DALLAS,TX,75204,57,CL,1,REVOLUTION ARTISAN POPS,1707 N HALL ST APT 216,DALLAS,TX,75204,57.0,445299.0,Y,02/16/2018,05/05/2017,1791,32.795469715513,-96.789277494258,Match,Non_Exact
32065139027,EMEBET SITOTAW,9191 FOREST LN STE 1A,DALLAS,TX,75243,57,IS,2,ABYSSINIA MARKET,9191 FOREST LN STE 1A,DALLAS,TX,75243,57.0,445210.0,Y,02/15/2024,01/01/2021,1792,32.909307531742,-96.744150733952,Match,Exact
32062914448,"CHOI DESIGN, LLC",4005 SILVER MEADOW LN,GRAND PRAIRIE,TX,75052,57,CL,1,THE CORNER DONUTS,2825 LIVE OAK ST,DALLAS,TX,75204,57.0,445291.0,Y,09/30/2020,10/01/2020,1793,32.789580645354,-96.788287361216,Match,Exact
32061739531,PHILLIP E GIPSON,1917 LANARK AVE,DALLAS,TX,75203,57,IS,2,GIPSON GROCERY,1701 SHAW ST,DALLAS,TX,75212,57.0,445120.0,Y,03/13/2024,10/05/2019,1794,32.78552155955,-96.846446114755,Match,Exact
32070104545,SOUTH TYLER INVESTMENTS INC,607 S TYLER ST,DALLAS,TX,75208,57,CT,1,SHOP N GO # 12,607 S TYLER ST,DALLAS,TX,75208,57.0,445120.0,Y,03/21/2019,04/01/2019,1795,32.740120210549,-96.837702078917,Match,Exact
32062489987,"HARAR SENGA MEART SEGA, LLC.",2014 N JUPITER RD STE A,GARLAND,TX,75044,57,CL,1,HARAR SENGA MEART SEGA,2014 N JUPITER RD,GARLAND,TX,75044,57.0,445210.0,Y,02/08/2017,01/07/2017,1796,,,No_Match,
32080001459,NARAYANI SAI VENTURES INC,12531 LAKE JUNE RD,BALCH SPRINGS,TX,75180,57,CT,1,FAST FOOD,12531 LAKE JUNE RD,BALCH SPRINGS,TX,75180,57.0,445120.0,Y,07/13/2021,08/01/2021,1797,32.734576727387,-96.613100786661,Match,Exact
32087319383,GREENZABIHA ENTERPRISES LLC,888 S GREENVILLE AVE STE 222,RICHARDSON,TX,75081,57,CL,1,GREENZABIHA ENTERPRISES LLC,888 S GREENVILLE AVE STE 222,RICHARDSON,TX,75081,57.0,445210.0,Y,01/04/2023,01/01/2023,1798,32.937663703155,-96.734345079122,Match,Exact
32098092326,RASAILI RAI LLC,1137 CHIMNEYROCK TRL,GARLAND,TX,75043,57,CL,1,RASAILI RAI LLC,3880 IRVING MALL,IRVING,TX,75062,57.0,445292.0,Y,01/28/2025,02/01/2025,1799,32.840997787856,-96.994366140852,Match,Exact
32068716144,"TEXAS SPICE & TRADING COMPANY, LLC",2112 ROSEBUD DR,IRVING,TX,75060,57,CL,1,"TEXAS SPICE & TRADING COMPANY, LLC",2112 ROSEBUD DR,IRVING,TX,75060,57.0,445299.0,Y,10/31/2018,11/01/2018,1800,32.804082007867,-96.910185550707,Match,Exact
32098416178,SHIN VALLEY 25 INC,2625 OLD DENTON RD STE 508,CARROLLTON,TX,75007,57,CT,1,SPRING VALLEY DONUTS,4388 SPRING VALLEY RD,FARMERS BRANCH,TX,75244,57.0,445291.0,Y,01/30/2025,02/03/2025,1801,32.939450587989,-96.833406037267,Match,Exact
32054799617,DEEP CUTS DALLAS LLC,7989 BELT LINE RD STE 146,DALLAS,TX,75248,57,CL,1,DEEP CUTS DALLAS,7989 BELT LINE RD STE 146,DALLAS,TX,75248,57.0,445210.0,Y,03/11/2024,09/01/2016,1802,32.9509896937,-96.769311958595,Match,Exact
32091302359,LAWSON MART INC,421 W LAWSON RD TRLR 40,DALLAS,TX,75253,57,CT,1,LAWSON CONVENIENCE STORE,421 W LAWSON RD TRLR 40,DALLAS,TX,75253,57.0,445120.0,Y,10/03/2023,10/03/2023,1803,32.695889820835,-96.578601259716,Match,Exact
32004049550,VAGHELA VAJUBHAI B ET AL,2605 SE 14TH ST,GRAND PRAIRIE,TX,75052,57,PI,2,KWIK LIQUOR,2607 SE 14TH ST,GRAND PRAIRIE,TX,75052,57.0,445310.0,Y,10/15/2020,01/01/2021,1804,32.705528124929,-96.985736399663,Match,Exact
32082380257,MATRU CHHAYA LLC,2910 FORT WORTH AVE STE 101,DALLAS,TX,75211,57,CL,1,LOCO FOOD MART,2910 FORT WORTH AVE STE 101,DALLAS,TX,75211,57.0,445120.0,Y,01/15/2022,02/01/2022,1805,,,No_Match,
32037907527,"DURANGO FOODS, LLC",2501 E GUASTI RD,ONTARIO,CA,91761,0,CL,1,EL RANCHO #16,4450 W JEFFERSON BLVD,DALLAS,TX,75211,57.0,445110.0,Y,03/20/2009,06/01/2009,1806,32.736898985934,-96.89243777814,Match,Exact
32005772226,JOSE HERNANDEZ,1431 SPRINGCREST DR,MESQUITE,TX,75149,57,IS,4,LAS MARIPOSAS TIENDA Y BOTANICA,4355 INTERSTATE 30 STE 102,MESQUITE,TX,75150,57.0,445110.0,Y,10/19/2016,10/01/2016,1807,32.80774506194,-96.66066769999,Match,Exact
32049218079,NNS INVESTMENTS INC,5626 ALPHA RD,DALLAS,TX,75240,57,CT,1,ALPHA FOOD MART,5626 ALPHA RD,DALLAS,TX,75240,57.0,445120.0,Y,10/23/2012,12/01/2012,1808,32.932727095573,-96.810243080586,Match,Exact
32091374754,RAGHU PEPES INC,9104 CRANDALL DR,FORT WORTH,TX,76244,220,CT,1,PEPE'S CORNER STORE,4819 BERNAL DR,DALLAS,TX,75212,57.0,445120.0,Y,09/12/2023,09/15/2023,1809,32.784949259951,-96.899376806781,Match,Exact
32084370074,"MECATO MARKET, LLC",10028 MONROE DR,DALLAS,TX,75229,57,CL,1,MECATO MARKET,10028 MONROE DR,DALLAS,TX,75229,57.0,445292.0,Y,05/06/2022,07/01/2022,1810,32.881635058866,-96.878198967734,Match,Exact
32064625869,EVEREST ALLIANCE INCORPORATED,1407 MEDINA TRL,EULESS,TX,76039,220,CT,1,NEW QUICK WAY MART NO 3,3322 SYLVAN AVE,DALLAS,TX,75212,57.0,445120.0,Y,08/30/2017,09/15/2017,1811,32.78203258922,-96.835738586139,Match,Exact
32044792565,"FINE WINES & SPIRITS OF NORTH TEXAS, LLC",6600 ROCKLEDGE DR STE 150,BETHESDA,MD,20817,0,CL,35,"TOTAL WINE, SPIRITS, BEER & MORE",3810 CONGRESS AVE,DALLAS,TX,75219,57.0,445310.0,Y,11/20/2018,11/19/2018,1812,32.807186476409,-96.810958385234,Match,Exact
32048901725,DORRAL D CHEW,2628 FIELDCREST LN,CRANDALL,TX,75114,129,IS,1,SMOKE STACC,2622 S ERVAY ST,DALLAS,TX,75215,57.0,445120.0,Y,09/04/2012,09/15/2012,1813,32.764872752972,-96.78080544414,Match,Exact
32085231879,RADHE-MOHAN VENTURE AND INVESTMENTS LLC,11820 TOPPELL TRL,HASLET,TX,76052,220,CL,1,LIQUOR ISLAND,504 S MACARTHUR BLVD,IRVING,TX,75060,57.0,445310.0,Y,10/04/2022,11/01/2022,1814,32.809680769873,-96.959929868185,Match,Exact
32077792870,FLAMINGO LOVE FIELD INC.,3637 CURBSTONE WAY,PLANO,TX,75074,43,CT,1,FLAMINGO LIQUOR,2427 W MOCKINGBIRD LN,DALLAS,TX,75235,57.0,445310.0,Y,02/18/2021,05/01/2021,1815,32.827161118121,-96.845798658252,Match,Exact
17508732769,RANDALL'S FOOD & DRUGS LP,PO BOX 29096 C/O MS 6531,PHOENIX,AZ,85038,0,PF,241,TOM THUMB 5803 FUEL STATION,2720 LIVE OAK ST,DALLAS,TX,75204,57.0,445110.0,Y,10/17/2017,10/30/2017,1816,32.788716308433,-96.789117835473,Match,Exact
32079521236,EVE B TEDESCHI,11036 ALADDIN DR,DALLAS,TX,75229,57,IS,2,SWEETE GIFTS,11036 ALADDIN DR,DALLAS,TX,75229,57.0,445292.0,Y,05/07/2024,01/01/2024,1817,32.898748800568,-96.843617085003,Match,Exact
32012113265,KRYSTAL V PHAM,1907 SANTA ANNA DR,ARLINGTON,TX,76001,220,IS,5,DE NHAT KHO BO,3212 N JUPITER RD,GARLAND,TX,75044,57.0,445110.0,Y,06/23/2008,06/16/2008,1818,32.947134717315,-96.682596194558,Match,Exact
17606039679,"RANDALL'S BEVERAGE COMPANY, INC.",PO BOX 29096,PHOENIX,AZ,85038,0,CT,195,TOM THUMB 5803 FUEL STATION,2720 LIVE OAK ST,DALLAS,TX,75204,57.0,445110.0,Y,07/27/2017,10/30/2017,1819,32.788716308433,-96.789117835473,Match,Exact
32068902629,"7 DAYS GROUP, INC.",2400 MESA GLEN DR,ARLINGTON,TX,76001,220,CT,1,LATINOS C STORE,4444 W ILLINOIS AVE STE 109,DALLAS,TX,75211,57.0,445120.0,Y,12/11/2018,01/01/2019,1820,32.720262272252,-96.892900713112,Match,Exact
32063622875,VARDUN PETROLEUM LLC,1237 SOUTHRIDGE CT STE 207,HURST,TX,76053,220,CL,2,BEAR CREEK BEVERAGE & SPIRITS,1350 E BEAR CREEK RD,GLENN HEIGHTS,TX,75154,57.0,445120.0,Y,08/08/2018,09/01/2018,1821,32.560550623242,-96.823963243094,Match,Exact
32094857540,LALIGURAS DALLAS INC,4035 N BELT LINE RD APT 1314,IRVING,TX,75038,57,CT,1,SAMS $ & MORE,3548 W WALNUT ST,GARLAND,TX,75042,57.0,445120.0,Y,05/09/2024,06/01/2024,1822,32.917085818278,-96.683925176608,Match,Exact
32055244969,HOMEFOODS III LLC,PO BOX 710590,HOUSTON,TX,77271,101,CL,2,HOMEFOODS III LLC,2301 W ROCHELLE RD,IRVING,TX,75062,57.0,445110.0,Y,03/25/2020,03/13/2020,1823,32.841861591184,-96.975180685478,Match,Exact
32094402560,AAAN LLC,4021 WOODBINE LN,PROSPER,TX,75078,61,CL,2,I-20 LIQUOR,13881 INTERSTATE 20,BALCH SPRINGS,TX,75181,57.0,445310.0,Y,07/02/2024,07/01/2024,1824,32.704873053865,-96.578713702507,Match,Non_Exact
32038515980,LOGWOOD ENTERPRISES INC.,1940 MILITARY PKWY,MESQUITE,TX,75149,57,CT,1,LOGWOOD ENTERPRISES INC,1940 MILITARY PKWY,MESQUITE,TX,75149,57.0,445120.0,Y,12/17/2008,01/01/2009,1825,32.767963320012,-96.629092058865,Match,Exact
32069079690,700 GATEWAY LLC,3609 NEIMAN RD,PLANO,TX,75025,43,CL,1,GATEWAY NEWSTANDS,700 N PEARL ST,DALLAS,TX,75201,57.0,445120.0,Y,12/19/2018,01/01/2019,1826,32.78675401249,-96.795841944864,Match,Exact
32073510417,MAIN STREET MARKET LLC,3225 TURTLE CREEK BLVD APT 2202,DALLAS,TX,75219,57,CL,1,MAIN STREET MARKET,3102 MAIN ST,DALLAS,TX,75226,57.0,445110.0,Y,03/12/2020,10/01/2020,1827,32.784805656599,-96.778807722622,Match,Exact
32094290726,NOQUENO LLC,163 TOWN PL UNIT 306,FAIRVIEW,TX,75069,43,CL,1,NOQUENO,514 LOCKWOOD DR,RICHARDSON,TX,75080,57.0,445299.0,Y,05/30/2024,05/29/2024,1828,32.951976523375,-96.73695070025,Match,Exact
32070774917,KMD TEXAS INC,634 N CARRIER PKWY STE 160,GRAND PRAIRIE,TX,75050,57,CT,1,SAVE NOW FOOD MART,634 N CARRIER PKWY # 160,GRAND PRAIRIE,TX,75050,57.0,445120.0,Y,06/04/2019,06/01/2019,1829,32.748151713702,-97.017038864807,Match,Exact
12021383448,"IT'SUGAR, LLC",PO BOX 8000,MONSEY,NY,10952,0,CI,12,"IT'SUGAR, LLC",8687 N CENTRAL EXPY STE 2E3-2340,DALLAS,TX,75225,57.0,445292.0,Y,02/05/2025,12/01/2023,1830,32.869463265005,-96.770779861721,Match,Non_Exact
32088703197,"BIGDASH IRVING, LLC",16775 ADDISON RD STE 200,ADDISON,TX,75001,57,CL,1,"BIGDASH IRVING, LLC",7300 N MACARTHUR BLVD STE 100,IRVING,TX,75063,57.0,445291.0,Y,03/14/2023,05/15/2023,1831,32.905221541815,-96.958571182875,Match,Exact
12038640772,"SUPREMO FOODS, LLC",2501 E GUASTI RD,ONTARIO,CA,91761,0,CL,1,EL RANCHO CARNICERIA Y FRUTERIA #10,655 W ILLINOIS AVE STE 900,DALLAS,TX,75224,57.0,445110.0,Y,12/28/2005,01/01/2006,1832,32.720496571302,-96.833630970911,Match,Exact
32062217958,SAI SRI DEVI INC,6714 CHRISTINA LN,GARLAND,TX,75043,57,CT,1,PEAK FOOD MART,5509 BROADWAY BLVD STE B,GARLAND,TX,75043,57.0,445120.0,Y,12/07/2016,12/15/2016,1833,32.848334708964,-96.597049048101,Match,Non_Exact
32070531804,KK RADIL INC,4606 COPPER MOUNTAIN TRL,ARLINGTON,TX,76005,220,CT,1,CLIFF BEER & WINE,2460 W ILLINOIS AVE,DALLAS,TX,75233,57.0,445120.0,Y,05/16/2019,08/01/2019,1834,32.720165981027,-96.858360318237,Match,Exact
32093148610,GOOD START COFFEE ROASTERS LLC,7906 ROUNDROCK RD,DALLAS,TX,75248,57,CL,1,GOOD START COFFEE ROASTERS LLC,7906 ROUNDROCK RD,DALLAS,TX,75248,57.0,445299.0,Y,01/12/2024,01/12/2024,1835,32.956063841906,-96.772250315296,Match,Exact
32073478359,L'S SHAMMAH INC,2701 OLD DENTON RD STE 270,CARROLLTON,TX,75007,57,CT,1,YUMMY DONUTS,4441 LAWNVIEW AVE STE C,DALLAS,TX,75227,57.0,445291.0,Y,03/10/2020,03/01/2020,1836,32.783195430883,-96.721504012518,Match,Non_Exact
17515697823,"ASSOCIATED DISTRIBUTORS, INC.",2653 AUSTIN HWY,SAN ANTONIO,TX,78218,15,CT,8,"ASSOCIATED DISTRIBUTORS, INC.",3170 IRVING BLVD,DALLAS,TX,75247,57.0,445110.0,Y,08/20/2012,08/01/2012,1837,32.80778096484,-96.867201740731,Match,Non_Exact
32039493005,GARLAND RANCH MARKET LLC,2501 E GUASTI RD,ONTARIO,CA,91761,0,CL,1,EL RANCHO #19,2550 GUS THOMASSON RD,DALLAS,TX,75228,57.0,445110.0,Y,08/05/2009,08/01/2009,1838,32.834701410032,-96.671855314668,Match,Exact
32087989664,"A&S LIQUOR BEER & WINE, INC.",3115 W PARKER RD STE 470,PLANO,TX,75023,43,CT,3,TOP END LIQUOR BEER AND WINE NO. 2,6780 ABRAMS RD STE 119,DALLAS,TX,75231,57.0,445310.0,Y,01/11/2024,03/01/2024,1839,32.867391366326,-96.742693352175,Match,Exact
32015883799,"AEB ENTERPRISES, INC.",2201 W NORTHWEST HWY,DALLAS,TX,75220,57,CT,1,FUEL TOWN #2,1525 INWOOD RD,DALLAS,TX,75247,57.0,445110.0,Y,11/12/2004,01/15/2005,1840,32.809491531813,-96.850668107022,Match,Exact
32057596333,SAI NARAYANI INC,2215 W WALNUT ST,GARLAND,TX,75042,57,CT,1,WALNUT BEVERAGE,2215 W WALNUT ST,GARLAND,TX,75042,57.0,445120.0,Y,07/06/2015,07/01/2015,1841,32.916381526757,-96.659911502085,Match,Exact
32044870502,MONICA NGUN,10826 WALLBROOK DR,DALLAS,TX,75238,57,IS,2,ZING ORIENTAL MARKET,9658 PLANO RD STE 100,DALLAS,TX,75238,57.0,445120.0,Y,03/26/2024,03/14/2014,1842,,,No_Match,
32070823557,RIVER MAGIC INC,923 RED MAPLE RD,EULESS,TX,76039,220,CT,1,QUALITY MART #1,1751 N COUNTRY CLUB RD,GARLAND,TX,75040,57.0,445120.0,Y,07/12/2019,07/20/2019,1843,32.92923811713,-96.614043500934,Match,Exact
32070975464,SHREE MAHA LAXMI GLOBAL INC,12641 ROYAL OAKS LN,FARMERS BRNCH,TX,75234,57,CT,7,TIME FOOD MART,4418 S MARSALIS AVE,DALLAS,TX,75216,57.0,445120.0,Y,05/03/2023,05/01/2023,1844,32.690922213506,-96.814585851873,Match,Exact
12028038821,"SFM BEVERAGES, INC.",5455 E HIGH ST STE 111,PHOENIX,AZ,85054,0,CT,9,SPROUTS FARMERS MARKET,110 W SANDY LAKE RD STE 180,COPPELL,TX,75019,57.0,445110.0,Y,01/30/2009,01/01/2009,1845,32.969397091067,-96.994210253415,Match,Exact
32068429300,A-MBK INTERNATIONAL MARKET LTD,203 E CAMP WISDOM RD STE A,DUNCANVILLE,TX,75116,57,CT,1,MBK AFRICAN MARKET,203 E CAMP WISDOM RD STE A,DUNCANVILLE,TX,75116,57.0,445110.0,Y,01/03/2019,10/20/2018,1846,32.662015069848,-96.90470418685,Match,Non_Exact
32074659866,OMS INVESTMENT LLC,5408 VERMILLION TRL,ARLINGTON,TX,76017,220,CL,3,PALMS # 2,1710 W MOCKINGBIRD LN STE B,DALLAS,TX,75235,57.0,445310.0,Y,10/12/2023,01/01/2024,1847,32.822156341792,-96.856934458527,Match,Non_Exact
32070494813,GRAND K LLC,3740 N JOSEY LN STE 152,CARROLLTON,TX,75007,61,CL,1,LAKE VIEW LIQUOR,7826 GARLAND RD,DALLAS,TX,75218,57.0,445310.0,Y,05/02/2019,06/01/2019,1848,32.812438838132,-96.727044442618,Match,Exact
32086099093,U MART LLC,2213 HARVEST RUN,GARLAND,TX,75040,57,CL,1,U MART,1805 W CAMPBELL RD # 105,GARLAND,TX,75044,57.0,445110.0,Y,03/07/2023,03/06/2023,1849,,,No_Match,
12028181506,"SPROUTS FARMERS MARKET TEXAS, LP",5455 E HIGH ST STE 111,PHOENIX,AZ,85054,0,PL,6,SPROUTS FARMER MARKET,1343 W CAMPBELL RD,RICHARDSON,TX,75080,57.0,445110.0,Y,03/11/2008,06/01/2008,1850,32.97807892827,-96.764901652428,Match,Exact
32078133835,"DCCT 3, LP",4230 MERRITT RD,SACHSE,TX,75048,57,PL,1,DCCT 3,1518 NORTHWEST HWY,GARLAND,TX,75041,57.0,445110.0,Y,04/09/2021,07/01/2021,1851,32.863964620121,-96.650556726408,Match,Exact
32069348129,HEMINIA S CHICAS,2306 W 11TH ST,IRVING,TX,75060,57,IS,1,ANTOJITOS TIPICOS SALVADORENOS LA NORTENA,2306 W 11TH ST,IRVING,TX,75060,57.0,445299.0,Y,01/07/2019,03/01/2019,1852,32.804763341395,-96.97538968455,Match,Exact
32075019086,SHREE KALIKA INC,106 SPRINGDALE CT,ALLEN,TX,75002,43,CT,1,FLAMINGO BEER AND WINE,1107 S JOSEY LN,CARROLLTON,TX,75006,57.0,445120.0,Y,07/31/2020,09/01/2020,1853,32.951776042432,-96.890129609347,Match,Exact
32042904345,AMT INVESTMENT LLC,PO BOX 219088 ATTN LICENSING,DALLAS,TX,75221,57,CL,1,7-ELEVEN CONVENIENCE STORE #34490A,9230 SKILLMAN ST,DALLAS,TX,75243,57.0,445120.0,Y,11/01/2010,12/01/2010,1854,32.902976570411,-96.714219827685,Match,Exact
32019721524,MANUELA AMADOR,3948 S LEDBETTER DR,DALLAS,TX,75236,57,IS,2,MERCADITO 99,4207 W JEFFERSON BLVD,DALLAS,TX,75211,57.0,445120.0,Y,10/26/2006,10/01/2006,1855,32.73813409162,-96.888751973647,Match,Exact
32063533080,TEAM BAILEY LLC,7720 WINDSOR DR,ALLENTOWN,PA,18106,0,CL,31,DOMINO'S #8154,5040 LEMMON AVE,DALLAS,TX,75209,57.0,445299.0,Y,01/19/2024,12/18/2023,1856,32.823742060709,-96.81919408346,Match,Exact
32051165432,"CHOCOLATE HOUSE INCUBATOR RETAIL, LLC",331 SINGLETON BLVD STE 200,DALLAS,TX,75212,57,CL,1,KATE WEISER CHOCOLATE,3011 GULDEN LN STE 115,DALLAS,TX,75212,57.0,445292.0,Y,08/16/2013,08/31/2013,1857,32.779507067053,-96.827775615014,Match,Exact
32051165432,"CHOCOLATE HOUSE INCUBATOR RETAIL, LLC",331 SINGLETON BLVD STE 200,DALLAS,TX,75212,57,CL,3,KATE WEISER CHOCOLATE,8687 N CENTRAL EXPY STE 400B,DALLAS,TX,75225,57.0,445292.0,Y,08/24/2016,09/19/2016,1858,32.869463265005,-96.770779861721,Match,Exact
17526175975,"ASSESS, INC.",1700 PACIFIC AVE STE 107,DALLAS,TX,75201,57,CT,1,RENAISSANCE CONVENIENCE CENTER,1201 ELM ST STE LL17,DALLAS,TX,75270,57.0,445120.0,Y,11/07/1995,11/13/1995,1859,32.780882759774,-96.80218546773,Match,Exact
32072115283,MARU GROCERY LLC,911 SAINT PAUL DR APT 126,RICHARDSON,TX,75080,57,CL,1,MARU GROCERY LLC,8353 PARK LN,DALLAS,TX,75231,57.0,445110.0,Y,10/08/2019,10/01/2019,1860,32.871179258476,-96.761261683853,Match,Exact
32075147119,KHKC LLC,1550 E IRVING BLVD,IRVING,TX,75060,57,CL,1,HEIGHTS LIQUOR,1550 E IRVING BLVD,IRVING,TX,75060,57.0,445310.0,Y,08/06/2020,10/01/2020,1861,32.807940208798,-96.926285386898,Match,Exact
32071389921,"RIM BROTHERS, L.L.C.",1712 WILDFLOWER TRL,GRAPEVINE,TX,76051,220,CL,1,RIMK FOOD MART,402 S FOREST CREST DR,GARLAND,TX,75042,57.0,445120.0,Y,07/27/2019,09/01/2019,1862,32.910232546444,-96.68680925987,Match,Exact
32078156364,ISLAND SPICE GROCERIES AND MORE LLC,4043 TRINITY MILLS RD STE 114,DALLAS,TX,75287,57,CL,1,ISLAND SPICE GROCERIES AND MORE,4043 TRINITY MILLS RD STE 114,DALLAS,TX,75287,57.0,445110.0,Y,03/30/2021,06/01/2021,1863,,,No_Match,
32073067384,THE JET'S LLC,6807 W NORTHWEST HWY,DALLAS,TX,75225,57,CL,1,MIMI'S PIZZERIA,6807 W NORTHWEST HWY,DALLAS,TX,75225,57.0,445291.0,Y,05/09/2022,01/27/2020,1864,32.865689703027,-96.788129260644,Match,Exact
32077968777,"FRESHAFRIK, LLC",4006 FALCON DR,MELISSA,TX,75454,43,CL,1,FRESHAFRIK,12516 AUDELIA RD,DALLAS,TX,75243,57.0,445110.0,Y,03/30/2021,04/19/2021,1865,32.923084999791,-96.717896305129,Match,Exact
17526175975,"ASSESS, INC.",1700 PACIFIC AVE STE 107,DALLAS,TX,75201,57,CT,2,PACIFIC GIFT & CONVENIENT CENTER,1700 PACIFIC AVE STE 107,DALLAS,TX,75201,57.0,445120.0,Y,03/04/1997,03/05/1997,1866,32.782532832249,-96.797475366795,Match,Exact
32062438554,4LKM,143 WATERS EDGE DR,SHREVEPORT,LA,71106,0,CI,2,ROCKET FIZZ SODA POP & CANDY SHOP,2701 MAIN ST STE 160,DALLAS,TX,75226,57.0,445292.0,Y,08/03/2020,08/13/2020,1867,32.783895202319,-96.784110335573,Match,Exact
32073845482,"DOORDASH ESSENTIALS, LLC",303 2ND ST STE 800,SAN FRANCISCO,CA,94107,0,CI,31,"DOORDASH ESSENTIALS, LLC",1344 N TOWN EAST BLVD,MESQUITE,TX,75150,57.0,445120.0,Y,10/01/2022,10/25/2022,1868,32.810705953456,-96.615587676899,Match,Exact
32091731466,PAGES' TEA STORE LLC,PO BOX 2327,COPPELL,TX,75019,57,CL,1,JO'S TEA COMPANY,400 FIELDCREST CIR,COPPELL,TX,75019,57.0,445299.0,Y,01/19/2024,02/15/2024,1869,32.967055528792,-96.999356838248,Match,Exact
14318569994,"KEEFE COMMISSARY NETWORK, L.L.C.",10880 LINPAGE PL,SAINT LOUIS,MO,63132,0,CI,21,KEEFE COMMISSARY NETWORK,3101 MARQUIS DR,GARLAND,TX,75042,57.0,445110.0,Y,11/12/2007,11/01/2007,1870,32.901116745907,-96.676517760651,Match,Exact
32049473005,"SFM, LLC",5455 E HIGH ST STE 111,PHOENIX,AZ,85054,0,CI,17,SPROUTS FARMERS MARKET #149,7110 SKILLMAN ST,DALLAS,TX,75231,57.0,445110.0,Y,04/07/2017,04/07/2017,1871,32.875992905358,-96.734693270401,Match,Exact
32080798849,LAGOW FOOD MART INC,2803 LAGOW ST,DALLAS,TX,75210,57,CT,2,BROTHERHOOD FOOD MART,2803 LAGOW ST,DALLAS,TX,75210,57.0,445120.0,Y,04/05/2023,03/01/2023,1872,32.771333857712,-96.746057622207,Match,Exact
32093100371,"I30 BEVERAGES, INC.",5626 E R L THORNTON FWY,DALLAS,TX,75223,57,CT,1,ARCADIA LIQUOR 2,5626 E R L THORNTON FWY,DALLAS,TX,75223,57.0,445310.0,Y,01/18/2024,04/15/2024,1873,32.791288364153,-96.743102553587,Match,Exact
32055840238,A & A SULTAN GROUP LLC,PO BOX 219088 ATTN: LICENSING,DALLAS,TX,75221,57,CL,1,7-ELEVEN CONVENIENCE  STORE #35382A,3710 BELT LINE RD,ADDISON,TX,75001,57.0,445120.0,Y,02/04/2015,03/31/2015,1874,32.953031936917,-96.855140883717,Match,Exact
32063827664,"OLIVE STREET GROCERY, LLC",3300 KNOX ST STE 200,DALLAS,TX,75205,57,CL,1,BERKLEY'S MARKET,2001 ROSS AVE STE 150,DALLAS,TX,75201,57.0,445110.0,Y,02/03/2025,09/01/2019,1875,32.787012289986,-96.799240342188,Match,Exact
32049473005,"SFM, LLC",5455 E HIGH ST STE 111,PHOENIX,AZ,85054,0,CI,24,SPROUTS FARMERS MARKET,7730 N MACARTHUR BLVD STE 150,IRVING,TX,75063,57.0,445110.0,Y,05/17/2021,07/01/2021,1876,32.913510793775,-96.958499158532,Match,Exact
32070562684,ELMM LLC,1712 WILDFLOWER TRL,GRAPEVINE,TX,76051,220,CL,2,80 FOOD MART,3527 US HIGHWAY 80 E,MESQUITE,TX,75150,57.0,445120.0,Y,08/20/2022,09/01/2022,1877,32.792988738084,-96.652753403922,Match,Exact
32060385971,MI CASA EL SUPER MEXICANO INC,1823 W PIONEER PKWY,ARLINGTON,TX,76013,220,CT,1,MI CASA EL SUPER MEXICANO INC,1105 W 6TH ST,IRVING,TX,75060,57.0,445120.0,Y,06/21/2016,05/01/2016,1878,32.808701421359,-96.959316503044,Match,Exact
32044792565,"FINE WINES & SPIRITS OF NORTH TEXAS, LLC",6600 ROCKLEDGE DR STE 150,BETHESDA,MD,20817,0,CL,36,"TOTAL WINE, SPIRITS, BEER & MORE",428 E FM 1382,CEDAR HILL,TX,75104,57.0,445310.0,Y,02/01/2019,05/01/2019,1879,32.592502081783,-96.937531868357,Match,Exact
32014442217,MARICRUZ CASTILLO,7210 BENNING AVE,DALLAS,TX,75227,57,IS,4,MI MERCADITO GARLAND,2130 W KINGSLEY RD,GARLAND,TX,75041,57.0,445230.0,Y,02/04/2025,02/07/2025,1880,32.878744633448,-96.65862193197,Match,Exact
32070067254,SAYEE INC,530 NICKENS RD,GARLAND,TX,75043,57,CT,1,STOP N SAK,530 NICKENS RD,GARLAND,TX,75043,57.0,445120.0,Y,03/19/2019,05/01/2019,1881,32.866525511767,-96.613375069194,Match,Exact
32075227929,ROSALBA E LEIVA,7617 TULANE DR,ROWLETT,TX,75088,57,IS,1,CAKES AND SWEETS BY LIZ,7617 TULANE DR,ROWLETT,TX,75088,57.0,445291.0,Y,08/01/2020,08/01/2020,1882,32.888403696139,-96.52890251728,Match,Exact
32094549089,CHITRE ENTERPRISES LLC,1411 ISLE COVE DR,ARLINGTON,TX,76005,220,CL,1,BRYAN CONVENIENCE STORE,4900 BRYAN ST,DALLAS,TX,75206,57.0,445120.0,Y,04/20/2024,06/01/2024,1883,32.803786398191,-96.773453603911,Match,Exact
32051934761,LANA BUSINESS INC,103 S INTERSTATE HWY 45,WILMER,TX,75172,199,CT,2,WILMER SHELL,103 S INTERSTATE HIGHWAY 45,WILMER,TX,75172,57.0,445120.0,Y,09/12/2013,09/15/2013,1884,32.590938832304,-96.679571877048,Match,Exact
32051159500,"TRACY'S CAKES INCUBATOR RETAIL, LLC",331 SINGLETON BLVD STE 200,DALLAS,TX,75212,57,CL,1,"TRACY'S CAKES INCUBATOR RETAIL, LLC",3011 GULDEN LN STE 111,DALLAS,TX,75212,57.0,445291.0,Y,08/29/2013,08/31/2013,1885,32.779507067053,-96.827775615014,Match,Exact
32089712213,PASA GROUP LLC,110 HENSLEY DR,GRAND PRAIRIE,TX,75050,57,CL,1,MY T QUICK,110 HENSLEY DR,GRAND PRAIRIE,TX,75050,57.0,445120.0,Y,05/11/2023,05/10/2023,1886,32.749450804379,-96.955294230916,Match,Exact
32073510417,MAIN STREET MARKET LLC,3225 TURTLE CREEK BLVD APT 2202,DALLAS,TX,75219,57,CL,2,MAIN STREET MARKET LLC,3102 MAIN ST,DALLAS,TX,75226,57.0,445110.0,Y,08/17/2021,01/01/2021,1887,32.784805656599,-96.778807722622,Match,Exact
32069535337,HYUN MYUNG INVESTMENT LLC,3609 BRAZOS ST,MELISSA,TX,75454,43,CL,1,DONUT PALACE,3350 BROADWAY BLVD,GARLAND,TX,75043,57.0,445291.0,Y,01/30/2019,02/01/2019,1888,32.874676265241,-96.616394833897,Match,Exact
32051058538,SURAJ LLC,13408 FLOYD CIR,DALLAS,TX,75243,57,CL,1,ROYAL SWEETS & FAST FOOD,524 W BELT LINE RD STE 4,RICHARDSON,TX,75080,57.0,445299.0,Y,01/30/2019,02/01/2019,1889,,,No_Match,
17606039679,"RANDALL'S BEVERAGE COMPANY, INC.",PO BOX 29096,PHOENIX,AZ,85038,0,CT,216,TOM THUMB #4788,3400 BELTLINE RD,SUNNYVALE,TX,75182,57.0,445110.0,Y,02/03/2025,05/01/2025,1890,,,No_Match,
32038250703,TOE FAMILY ENTERPRISE LLC,PO BOX 219088 ATTN:LICENSING,DALLAS,TX,75221,57,CL,1,7-ELEVEN CONVENIENCE STORE #25250A,5550 E GRAND AVE,DALLAS,TX,75223,57.0,445120.0,Y,11/03/2008,11/01/2008,1891,32.793355277637,-96.747699793095,Match,Exact
32051934761,LANA BUSINESS INC,103 S INTERSTATE HWY 45,WILMER,TX,75172,199,CT,1,WILMER EXXON,105 S INTERSTATE HIGHWAY 45,WILMER,TX,75172,57.0,445120.0,Y,09/12/2013,09/15/2013,1892,32.590935676585,-96.679569921875,Match,Exact
12023735371,"NISA, LLC",18123 FRANKFORD LAKES CIR,DALLAS,TX,75252,43,CL,3,WALNUT BEER & WINE,3246 W WALNUT ST,GARLAND,TX,75042,57.0,445120.0,Y,02/01/2019,03/01/2019,1893,32.916484126664,-96.677859859757,Match,Exact
32068200016,"ENO'S PIZZA TAVERN 3, LLC",407 N BISHOP AVE,DALLAS,TX,75208,57,CL,2,ENO'S SIDE DOUGH,3111 OLYMPUS BLVD STE 120,COPPELL,TX,75019,57.0,445310.0,Y,01/29/2019,03/28/2019,1894,,,No_Match,
32083773096,SHRI ASTAVINAYAK INC,1504 WHITE SQUALL TRL,ARLINGTON,TX,76005,220,CT,1,FAST MART,1921 N PLANO RD,GARLAND,TX,75042,57.0,445120.0,Y,05/17/2022,06/01/2022,1895,32.930627830075,-96.700253916986,Match,Non_Exact
17523277113,"LIM & DANG, INC.",5033 S 2ND AVE,DALLAS,TX,75210,57,CT,1,GOOD DISCOUNT LIQUOR BEER & WINE,5033 S 2ND AVE,DALLAS,TX,75210,57.0,445310.0,Y,05/23/1990,05/15/1990,1896,32.759641180833,-96.743185736257,Match,Exact
32017715270,HASSAN JABER ALKHEQANI,7460 S WESTMORELAND RD STE 100,DALLAS,TX,75237,57,IS,3,W WHIP IN,7460 S WESTMORELAND RD STE 100,DALLAS,TX,75237,57.0,445120.0,Y,02/04/2019,08/11/2015,1897,32.656219448355,-96.884648133416,Match,Exact
32065405642,ALBA IMPORT FOODS & CATERING LLC,315 MELSHIRE ST,SUNNYVALE,TX,75182,57,CL,1,ALBA IMPORT FOODS & CATERING LLC,1830 RANGE DR STE 106,MESQUITE,TX,75149,57.0,445110.0,Y,11/16/2017,12/01/2017,1898,32.787691793726,-96.59702005655,Match,Exact
32084212664,THE BOTANIST BREWER LLC,1315 S DANVILLE DR,ABILENE,TX,79605,221,CL,1,THE BOTANIST BREWER LLC,8550 PLANO RD STE 101,DALLAS,TX,75238,57.0,445299.0,Y,05/17/2022,07/01/2022,1899,32.864965739594,-96.700338238556,Match,Exact
32098680336,VAN THIO,2205 WALNUT CREEK TRL,GARLAND,TX,75040,57,IS,1,VAN'S SUSHI,2205 WALNUT CREEK TRL,GARLAND,TX,75040,57.0,445220.0,Y,02/07/2025,03/01/2025,1900,32.943358378569,-96.598690146607,Match,Exact
12028181506,"SPROUTS FARMERS MARKET TEXAS, LP",5455 E HIGH ST STE 111,PHOENIX,AZ,85054,0,PL,3,SPROUTS FARMERS MARKETS STORE #103,11732 MARSH LN,DALLAS,TX,75229,57.0,445110.0,Y,04/11/2006,04/28/2006,1901,32.908242589062,-96.855985483118,Match,Exact
32059681448,YRIS YOLANDA FUENTES,4120 W JEFFERSON BLVD,DALLAS,TX,75211,57,IS,2,TIENDA FUENTES,4120 W JEFFERSON BLVD,COCKRELL HILL,TX,75211,57.0,445120.0,Y,02/09/2021,01/01/2021,1902,,,No_Match,
32069703646,STEPHANIE M SHANKLE,609 HARVEST GLEN DR,CEDAR HILL,TX,75104,57,IS,1,EVERYTHING UNDER THE YUM,609 HARVEST GLEN DR,CEDAR HILL,TX,75104,57.0,445292.0,Y,02/11/2019,03/01/2019,1903,32.600279243452,-96.928848565839,Match,Exact
32094566257,JOSE MANCIA,2317 SHERIFF DR,GRAND PRAIRIE,TX,75051,57,IS,1,FRUTERIA MANGO LOCO,9721 RUSTOWN DR,DALLAS,TX,75228,57.0,445230.0,Y,04/10/2024,04/25/2024,1904,32.820468830244,-96.677677150376,Match,Exact
32068537706,"LMMM DALLAS #5, LTD.",150 W PARKER RD FL 3,HOUSTON,TX,77076,101,PL,1,LA MICHOACANA SUPERMARKET #3,934 E GRAUWYLER RD,IRVING,TX,75061,57.0,445110.0,Y,10/25/2018,11/01/2018,1905,32.829561647465,-96.934779953211,Match,Exact
32081189170,EZ STOP & SHOP LLC,12303 PLANO RD APT 217,DALLAS,TX,75243,57,CL,1,EZ STOP & SHOP LLC,1560 S 1ST ST STE C,GARLAND,TX,75040,57.0,445120.0,Y,10/06/2021,09/01/2021,1906,32.898487076356,-96.63082335822,Match,Non_Exact
17527255339,"ELI FOODS, INC.",409 N BRIERY RD,IRVING,TX,75061,57,CT,7,NY BAGLES & BAKERY,409 N BRIERY RD,IRVING,TX,75061,57.0,445291.0,Y,09/17/2019,09/17/2019,1907,32.819964589552,-96.989526153,Match,Exact
32066082705,8YS LLC,5910 DUCK CREEK DR APT 2,GARLAND,TX,75043,57,CL,2,8YS LLC,9858 PLANO RD STE 306,DALLAS,TX,75238,57.0,445110.0,Y,02/10/2025,05/25/2019,1908,32.88250197718,-96.700303950045,Match,Exact
32071545480,"MIRAMAR BRANDS 2, LLC",PO BOX 219088 ATTN: LICENSING,DALLAS,TX,75221,57,CI,2,7-ELEVEN CONVENIENCE STORE #33123C,502 CLAY MATHIS RD,MESQUITE,TX,75181,57.0,445120.0,Y,11/05/2020,11/20/2020,1909,32.760292862037,-96.561560750042,Match,Exact
32049473005,"SFM, LLC",5455 E HIGH ST STE 111,PHOENIX,AZ,85054,0,CI,26,SPROUTS FARMERS MARKET,2500 S CARRIER PKWY STE B,GRAND PRAIRIE,TX,75052,57.0,445110.0,Y,05/25/2021,07/01/2021,1910,,,No_Match,
32071623667,J&J SONNY DONUTS INC,5731 FM 3071 HORIZON RD,ROCKWALL,TX,75032,199,CT,2,DONUT PALACE,415 S CARROLL AVE STE 104,DALLAS,TX,75223,57.0,445291.0,Y,10/18/2023,10/18/2023,1911,32.789853779489,-96.76563555371,Match,Exact
32095252485,MICRO PANTRY LLC,4630 STIGALL DR,DALLAS,TX,75209,57,CL,1,MICRO PANTRY LLC,4630 STIGALL DR,DALLAS,TX,75209,57.0,445120.0,Y,02/13/2025,05/01/2025,1912,32.84848980345,-96.831265986329,Match,Exact
32083206733,ALTAF 786 INVESTMENT LLC,2315 HOLDER DR,EULESS,TX,76039,220,CL,1,WHISTLE FOOD MART,995 W BELT LINE RD,LANCASTER,TX,75146,57.0,445120.0,Y,05/10/2022,05/15/2022,1913,32.592213944339,-96.780591929401,Match,Exact
32067309099,HOUSE OF KINDRED WINE & SPIRITS INC,3610 INWOOD RD,DALLAS,TX,75209,57,CT,1,KINDRED SPIRITS & WINE,3610 INWOOD RD,DALLAS,TX,75209,57.0,445310.0,Y,06/05/2018,07/01/2018,1914,,,No_Match,
32091996770,CANELO ENTERPRISES LLC,9505 LARGA DR,DALLAS,TX,75220,57,CL,2,CANELO ENTERPRISES LLC,9505 LARGA DR,DALLAS,TX,75220,57.0,445120.0,Y,11/10/2023,10/01/2023,1915,32.865446861623,-96.862016911646,Match,Exact
32076701674,BJ KUNWAR LLC,13225 VISTA GLEN LN,EULESS,TX,76040,220,CL,1,DEEZ SMOKE 4 LESS,2915 ESTERS RD,IRVING,TX,75062,57.0,445120.0,Y,12/10/2020,01/01/2021,1916,32.846874734546,-97.008493641451,Match,Exact
32062420016,ABDIQADIR A MOHMMED,8001 CHARLESTOWN LN,FT WORTH,TX,76140,220,IS,5,BANAADIR SUPERMARKET,3008 N BELT LINE RD,IRVING,TX,75062,57.0,445110.0,Y,01/18/2023,01/01/2023,1917,32.847640557056,-96.992219978455,Match,Exact
32081230230,7777 FOREST & PARK LLC,3609 NEIMAN RD,PLANO,TX,75025,43,CL,1,PRECIOUS GIFTS & FLOWERS,7777 FOREST LN STE A098,DALLAS,TX,75230,57.0,445120.0,Y,04/13/2022,05/02/2022,1918,32.909515243151,-96.772150803179,Match,Exact
32076309106,TABA KETEMA LIMITED LIABILITY COMPANY,969 S LAMAR ST,DALLAS,TX,75202,57,CL,1,SCOTT LIQUOR DISCOUNT,969 S LAMAR ST,DALLAS,TX,75202,57.0,445310.0,Y,12/09/2020,01/04/2021,1919,32.77071422873,-96.799843782224,Match,Exact
32060105908,GB & SANDRA CORPORATION,2413 TOP RAIL LN,SOUTHLAKE,TX,76092,220,CT,5,KINGSLEY ONE STOP FOODMART,2518 W KINGSLEY RD STE 101,GARLAND,TX,75041,57.0,445120.0,Y,05/20/2022,06/01/2022,1920,32.878731246647,-96.665857559387,Match,Exact
32079543354,JOSE PEREZ,3114 IVANDELL AVE,DALLAS,TX,75211,57,IS,1,DULCERIA LA ESPERANZA,3114 IVANDELL AVE,DALLAS,TX,75211,57.0,445292.0,Y,06/09/2021,06/08/2021,1921,32.736191406104,-96.871832964857,Match,Exact
32055303807,JUSTIN G ALLEN,1332 TAPERWICKE DR,DALLAS,TX,75232,57,IS,1,ROYAL HEMPS,2007 W DAVIS ST,DALLAS,TX,75208,57.0,445120.0,Y,04/12/2024,06/01/2016,1922,32.749613741929,-96.851563872252,Match,Exact
32076731150,ALCOHAUL BSW LLC,4835 N O CONNOR RD STE 112,IRVING,TX,75062,57,CL,2,ALCOHAUL BEER SPIRITS & WINE,4835 N OCONNOR RD STE 112,IRVING,TX,75062,57.0,445310.0,Y,05/17/2021,04/01/2021,1923,32.864735383291,-96.949830662394,Match,Non_Exact
32071235371,"MK CSTORE, INC",2045 N STATE HIGHWAY 360 STE 150B,GRAND PRAIRIE,TX,75050,220,CT,5,360 LIQUORS #2,425 S BELT LINE RD STE A,GRAND PRAIRIE,TX,75051,57.0,445310.0,Y,05/16/2024,04/01/2024,1924,32.74198641628,-96.994615519037,Match,Non_Exact
32017281356,"TEXAS ICE VENDING, LLC",4100 ELDORADO PKWY STE 100,MCKINNEY,TX,75070,43,CL,35,TEXAS ICE VENDING,2004 N MASTERS DR,DALLAS,TX,75217,57.0,445299.0,Y,05/14/2022,05/01/2022,1925,32.747382429119,-96.648131759464,Match,Exact
12001850754,JMC RESTAURANT DISTRIBUTION LP,1080 W BETHEL RD,COPPELL,TX,75019,57,PF,1,JMC RESTAURANT DISTRIBUTION LP,1080 W BETHEL RD,COPPELL,TX,75019,57.0,445110.0,Y,10/16/2003,09/22/2003,1926,32.955027535392,-97.026244887554,Match,Exact
32091996770,CANELO ENTERPRISES LLC,9505 LARGA DR,DALLAS,TX,75220,57,CL,1,CANELO ENTERPRISES LLC,3983 N BELT LINE RD,IRVING,TX,75038,57.0,445120.0,Y,11/10/2023,10/01/2023,1927,32.858181666523,-96.99208186552,Match,Exact
32077003849,"AOU INVESTMENTS, LLC",602 HALL RD,SEAGOVILLE,TX,75159,57,CL,2,KINGS FOOD,602 N HALL ST,SEAGOVILLE,TX,75159,57.0,445120.0,Y,01/05/2021,01/01/2021,1928,32.652449291863,-96.542128805452,Match,Non_Exact
32087529403,JJJ LEE LLC,2701 OLD DENTON RD STE 270,CARROLLTON,TX,75007,57,CL,3,DELIGHTFUL DONUT,4950 W ILLINOIS AVE STE 103,DALLAS,TX,75211,57.0,445291.0,Y,06/26/2024,05/01/2024,1929,32.720327198392,-96.907835574016,Match,Exact
32017281356,"TEXAS ICE VENDING, LLC",4100 ELDORADO PKWY STE 100,MCKINNEY,TX,75070,43,CL,36,TEXAS ICE VENDING,1328 N JIM MILLER RD STE 113,DALLAS,TX,75217,57.0,445299.0,Y,05/18/2022,03/26/2022,1930,32.735492410785,-96.700010389112,Match,Exact
32083366727,LA TRADICION MEAT MARKET Y TAQUERIA INC,211 SHELBY LN,GRAND PRAIRIE,TX,75052,57,CT,1,LA TRADICION MEAT MARKET Y TAQUERIA,444 W INTERSTATE 20,GRAND PRAIRIE,TX,75052,57.0,445210.0,Y,05/17/2022,06/04/2022,1931,32.67610628689,-97.011720951133,Match,Non_Exact
32095729151,TIENDA CATRACHITO LLC,3034 WEBB CHAPEL EXT STE 100,DALLAS,TX,75220,57,CL,1,TIENDA CATRACHITO LLC,3034 WEBB CHAPEL EXT STE 100,DALLAS,TX,75220,57.0,445110.0,Y,02/13/2025,02/01/2025,1932,32.857945213887,-96.869163067773,Match,Exact
13837245227,KIMODALE INC.,PO BOX 170686,DALLAS,TX,75217,57,CT,1,HUNT FOOD STORES,7932 S LOOP 12,DALLAS,TX,75217,57.0,445110.0,Y,07/12/2005,08/01/2005,1933,,,No_Match,
32040768122,"RIE RIE, INC.",12092 FORESTGATE DR,DALLAS,TX,75243,57,CT,10,UNREFINED BAKERY PRESTON CENTER,6055 SHERRY LN,DALLAS,TX,75225,57.0,445291.0,Y,01/16/2024,01/01/2024,1934,32.862219543376,-96.807474071093,Match,Exact
32087031525,JAI GORAKHNATH LLC,1403 SEGUNDO DR,IRVING,TX,75060,57,CL,2,MONTFORT MART,13329 MONTFORT DR,DALLAS,TX,75240,57.0,445120.0,Y,04/12/2024,04/20/2024,1935,32.929567134271,-96.811415685743,Match,Exact
32093741349,BUSY BEE VENDING LLC,513 WALES CT,COPPELL,TX,75019,57,CL,1,BUSY BEE VENDING LLC,513 WALES CT,COPPELL,TX,75019,57.0,445299.0,Y,04/10/2024,05/01/2024,1936,32.958186195721,-96.995630848906,Match,Exact
32088473528,"LMMM DALLAS #45, LTD.",8830 LONG POINT RD STE 700,HOUSTON,TX,77055,101,PL,2,LA MICHOACANA SUPERMARKET #37,2806 N HIGHWAY 175,SEAGOVILLE,TX,75159,57.0,445110.0,Y,02/14/2025,05/01/2025,1937,32.667498331439,-96.582901866099,Match,Exact
32020223395,ALDI (TEXAS) L.L.C.,2500 WESTCOURT RD,DENTON,TX,76207,61,CL,27,ALDI (TEXAS) L.L.C. #29,1518 W BUCKINGHAM RD,GARLAND,TX,75042,57.0,445110.0,Y,03/08/2010,05/01/2010,1938,32.930540556895,-96.650113480498,Match,Exact
32055756608,CHEHAL BROS LLC,424 LACEBARK DR,IRVING,TX,75063,57,CL,1,7-ELEVEN CONVENIENCE STORE #35412A,2242 S ZANG BLVD,DALLAS,TX,75224,57.0,445120.0,Y,12/01/2014,01/01/2015,1939,,,No_Match,
32091309982,PUFF CITY LLC,17350 STATE HIGHWAY 249 STE 220,HOUSTON,TX,77064,101,CL,2,GLEN FOOD MART,2022 N GLENBROOK DR,GARLAND,TX,75040,57.0,445120.0,Y,04/09/2024,03/28/2024,1940,32.931364861581,-96.636515243214,Match,Non_Exact
32047958650,"SUNFLOWER FARMERS MARKETS, LLC",5455 E HIGH ST STE 111,PHOENIX,AZ,85054,0,CI,2,SPROUTS FARMERS MARKET,1800 N HENDERSON AVE,DALLAS,TX,75206,57.0,445110.0,Y,07/18/2012,05/29/2012,1941,32.810916284025,-96.773851183754,Match,Exact
32078562728,"SHUG'S LEMMON, LLC",4630 TRAVIS ST APT 424,DALLAS,TX,75205,57,CL,1,"SHUG'S LEMMON, LLC",4001 LEMMON AVE,DALLAS,TX,75219,57.0,445291.0,Y,07/09/2022,10/01/2022,1942,,,No_Match,
32094424051,"TEN TEX CONNECTION, LLC",1800 S AKARD ST,DALLAS,TX,75215,57,CL,1,BABY BACK SHAK,1800 S AKARD ST,DALLAS,TX,75215,57.0,445299.0,Y,06/05/2024,07/01/2024,1943,32.767846647202,-96.790049772494,Match,Exact
32055756608,CHEHAL BROS LLC,424 LACEBARK DR,IRVING,TX,75063,57,CL,2,7-ELEVEN CONVENIENCE STORE,1290 BOTHAM JEAN BLVD,DALLAS,TX,75215,57.0,445120.0,Y,04/13/2022,01/01/2022,1944,,,No_Match,
32098792644,OOEYGOOEY BANANA BREAD CO. LLC,7001 FAIRFIELD DR,ROWLETT,TX,75089,57,CL,1,OOEYGOOEY BANANA BREAD CO. LLC,7001 FAIRFIELD DR,ROWLETT,TX,75089,57.0,445291.0,Y,02/20/2025,02/28/2025,1945,32.927547225558,-96.53075438607,Match,Exact
32073605068,SOI SOI LLC,5748 LIVE OAK ST,DALLAS,TX,75206,57,CL,1,LAKEWOOD MEDALLION DISCOUNT LIQUOR,5748 LIVE OAK ST,DALLAS,TX,75206,57.0,445310.0,Y,12/11/2020,02/01/2021,1946,32.811204580011,-96.76242857361,Match,Exact
32085294752,MARIA L HUERTA,301 MODENE ST TRLR 29,SEAGOVILLE,TX,75159,57,IS,1,PALETERIA Y NEVERIA LA FLORECITA,301 MODENE ST TRLR 29,SEAGOVILLE,TX,75159,57.0,445299.0,Y,07/08/2022,07/01/2022,1947,32.666385285544,-96.570787018849,Match,Exact
32082940654,NAKHIPOT INCORPORATED,6840 WILDERNESS WAY DR,GRAND PRAIRIE,TX,75054,220,CT,1,URBAN MART,3322 SYLVAN AVE,DALLAS,TX,75212,57.0,445120.0,Y,07/07/2022,07/01/2022,1948,32.78203258922,-96.835738586139,Match,Exact
12028181506,"SPROUTS FARMERS MARKET TEXAS, LP",5455 E HIGH ST STE 111,PHOENIX,AZ,85054,0,PL,15,SPROUTS FARMERS MARKET,362 E FM 1382,CEDAR HILL,TX,75104,57.0,445110.0,Y,06/19/2009,08/15/2009,1949,32.593178578927,-96.938066039137,Match,Exact
32050165573,JOULE BEVERAGE LLC,1615 MAIN ST,DALLAS,TX,75201,57,CL,2,JOULE VINTAGE WINES & BEER,1530 MAIN ST STE B,DALLAS,TX,75201,57.0,445310.0,Y,02/21/2013,05/01/2013,1950,32.780772042693,-96.798293667031,Match,Non_Exact
32079510726,DAVIS A&A INVESTMENT LLC,9332 SALTBRUSH ST,FORT WORTH,TX,76177,220,CL,1,DAVIS FOOD MART,4919 W DAVIS ST STE 150,DALLAS,TX,75211,57.0,445120.0,Y,06/08/2021,07/01/2021,1951,32.74988156884,-96.905812806942,Match,Exact
12048863463,"LANG & SRENG, INC.",5608 BOTHAM JEAN BLVD,DALLAS,TX,75215,57,CT,1,K & P DISCOUNT LIQUOR,5608 BOTHAM JEAN BLVD,DALLAS,TX,75215,57.0,445310.0,Y,06/15/2006,08/01/2006,1952,,,No_Match,
32077939265,DAIQUIRIS TO GO LLC,12620 RIDGESIDE DR,MESQUITE,TX,75180,57,CL,1,DAIQUIRIS TO GO LLC,543 S RIVERFRONT BLVD,DALLAS,TX,75207,57.0,445310.0,Y,06/17/2021,07/01/2021,1953,,,No_Match,
32049473005,"SFM, LLC",5455 E HIGH ST STE 111,PHOENIX,AZ,85054,0,CI,21,SPROUTS FARMERS MARKET #155,1220 N TOWN EAST BLVD STE 650,MESQUITE,TX,75150,57.0,445110.0,Y,04/23/2019,07/15/2019,1954,32.810651953368,-96.613297567849,Match,Exact
32079397108,SAI SANGITA INC,13304 VISTA GLEN LN,EULESS,TX,76040,220,CT,1,A & M FOOD MART,314 S BARNES DR,GARLAND,TX,75042,57.0,445120.0,Y,06/05/2021,06/04/2021,1955,32.911109011537,-96.679915061996,Match,Exact
17213392750,"SMOOTHIE KING CO., INC.",9797 ROMBAUER RD STE 150,COPPELL,TX,75019,57,CT,20,SMOOTHIE KING #1650,9371 GARLAND RD STE B,DALLAS,TX,75218,57.0,445299.0,Y,06/24/2021,08/01/2021,1956,32.832446870845,-96.704046398499,Match,Non_Exact
12028038821,"SFM BEVERAGES, INC.",5455 E HIGH ST STE 111,PHOENIX,AZ,85054,0,CT,16,SPROUTS FARMERS MARKET,11722 MARSH LN STE 317,DALLAS,TX,75229,57.0,445110.0,Y,11/30/2010,02/28/2011,1957,32.908060396377,-96.855989106278,Match,Exact
12028181506,"SPROUTS FARMERS MARKET TEXAS, LP",5455 E HIGH ST STE 111,PHOENIX,AZ,85054,0,PL,35,SFM WAREHOUSE TEXAS,101 SUNRIDGE BLVD,WILMER,TX,75172,57.0,445110.0,Y,02/21/2014,03/14/2014,1958,,,No_Match,
32049473005,"SFM, LLC",5455 E HIGH ST STE 111,PHOENIX,AZ,85054,0,CI,10,SPROUTS FARMERS MARKET,3001 LAKEVIEW PKWY,ROWLETT,TX,75088,57.0,445110.0,Y,05/20/2015,08/01/2015,1959,,,No_Match,
12028181506,"SPROUTS FARMERS MARKET TEXAS, LP",5455 E HIGH ST STE 111,PHOENIX,AZ,85054,0,PL,10,SPROUTS FARMERS MARKET,110 W SANDY LAKE RD,COPPELL,TX,75019,57.0,445110.0,Y,03/05/2009,05/22/2009,1960,32.969397091067,-96.994210253415,Match,Exact
12028038821,"SFM BEVERAGES, INC.",5455 E HIGH ST STE 111,PHOENIX,AZ,85054,0,CT,19,SPROUTS FARMERS MARKET,362 E FM 1382,CEDAR HILL,TX,75104,57.0,445110.0,Y,11/30/2012,02/01/2013,1961,32.593178578927,-96.938066039137,Match,Exact
12028038821,"SFM BEVERAGES, INC.",5455 E HIGH ST STE 111,PHOENIX,AZ,85054,0,CT,7,SPROUTS FARMERS MARKET,1343 W CAMPBELL RD,RICHARDSON,TX,75080,57.0,445110.0,Y,04/08/2008,07/01/2008,1962,32.97807892827,-96.764901652428,Match,Exact
32040580980,"TEXAS HIGH RISING STAR, LLC",2401 SALMON RUN LN,EULESS,TX,76039,220,CL,1,SAM FOOD AND BEER,9530 OVERLAKE DR STE A,DALLAS,TX,75220,57.0,445120.0,Y,11/18/2009,12/01/2009,1963,32.856815863606,-96.868850147269,Match,Non_Exact
32081001078,"LMMM #33 DALLAS, LTD.",150 W PARKER RD FL 3,HOUSTON,TX,77076,101,PL,1,LA MICHOACANA MEAT MARKET D33,3301 GUS THOMASSON RD,MESQUITE,TX,75150,57.0,445110.0,Y,10/13/2021,01/01/2022,1964,32.808912875804,-96.634298133064,Match,Exact
32081320775,VAN LEEUWEN DALLAS MCKINNEY LLC,119 N 11TH ST APT 1A,BROOKLYN,NY,11249,0,CI,1,VAN LEEUWEN DALLAS MCKINNEY LLC,3699 MCKINNEY AVE STE 101,DALLAS,TX,75204,57.0,445299.0,Y,10/08/2021,10/01/2021,1965,32.808387450624,-96.79639630436,Match,Exact
32090750814,MAZUCH INVESTMENTS LLC,3920 BETTY ST,ROCKWALL,TX,75087,199,CL,7,TEXAS STYLE VENDING,10658 N CENTRAL EXPY,DALLAS,TX,75231,57.0,445120.0,Y,07/17/2024,07/25/2024,1966,32.891766946036,-96.768805034263,Match,Exact
17515721417,"G. E. FOODLAND, INC.",1105 E BELT LINE RD,CARROLLTON,TX,75006,57,CT,3,FOODLAND MARKETS #3,1314 S BUCKNER BLVD STE 200,DALLAS,TX,75217,57.0,445110.0,Y,06/16/1978,05/06/1978,1967,32.734650375842,-96.68274168422,Match,Non_Exact
32094761130,SAI A&D HUGOS INC,9332 SALTBRUSH ST,FORT WORTH,TX,76177,220,CT,1,HUGOS BEER & WINE,1823 S EDGEFIELD AVE,DALLAS,TX,75224,57.0,445120.0,Y,07/16/2024,08/01/2024,1968,32.727300285253,-96.844643823475,Match,Exact
32069881426,SBJ TRADING INC,12917 COAST WAY,FORT WORTH,TX,76244,220,CT,1,TX FOOD MART,13350 AUDELIA RD STE 110,DALLAS,TX,75243,57.0,445120.0,Y,07/16/2024,07/01/2019,1969,32.930323111956,-96.717922754025,Match,Exact
32097146156,"ADIMEX, LLC",4857 CALVERT ST,DALLAS,TX,75247,57,CL,1,"ADIMEX, LLC",4857 CALVERT ST,DALLAS,TX,75247,57.0,445299.0,Y,02/20/2025,01/31/2025,1970,32.807784515884,-96.869191005987,Match,Exact
32095822527,CARLOS OSORIO,4931 ASH LN,DALLAS,TX,75223,57,IS,1,GORDO MACHIN,1827 S HASKELL AVE,DALLAS,TX,75223,57.0,445110.0,Y,07/16/2024,07/13/2024,1971,32.783167870696,-96.749653225655,Match,Exact
32087936988,THE PRADHANS INC,1620 W NORTHGATE DR,IRVING,TX,75062,57,CT,1,THE PRADHANS INC,4020 W CAMP WISDOM RD,DALLAS,TX,75237,57.0,445110.0,Y,07/10/2024,03/01/2023,1972,32.661895129927,-96.884495254758,Match,Exact
17606039679,"RANDALL'S BEVERAGE COMPANY, INC.",PO BOX 29096,PHOENIX,AZ,85038,0,CT,189,TOM THUMB 3569,3878 OAK LAWN AVE STE 180,DALLAS,TX,75219,57.0,445110.0,Y,09/09/2016,10/31/2016,1973,32.81587243612,-96.802254104547,Match,Exact
32094854000,AB INDIAN GROCERY STORE INC,208 HARDWOOD TRL,ANNA,TX,75409,43,CT,1,AB INDIAN GROCERY STORE INC,4750 N JUPITER RD,GARLAND,TX,75044,57.0,445110.0,Y,07/25/2024,08/20/2024,1974,,,No_Match,
32088420016,"SIX PARTNERS GROUP, LLC",4857 CALVERT ST,DALLAS,TX,75247,57,CL,1,ADIMEX,4203 SOMERVILLE AVE,DALLAS,TX,75206,57.0,445299.0,Y,06/27/2024,09/01/2024,1975,32.836648457436,-96.762502000784,Match,Exact
32094952697,LJH ENTERPRISE LLC,5323 BIG THICKET LN,ROYSE CITY,TX,75189,43,CL,1,"LJH ENTERPRISE, LLC",1501 RANDOLPH ST,CARROLLTON,TX,75006,57.0,445292.0,Y,07/23/2024,08/01/2024,1976,32.944689572573,-96.901507000253,Match,Exact
32085595125,AZURE N ESTATES LLC,2002 HIGHWAY 66,GARLAND,TX,75040,57,CL,1,AZURE N ESTATES LLC,2002 HIGHWAY 66,GARLAND,TX,75040,57.0,445120.0,Y,01/30/2025,02/15/2025,1977,32.909942743933,-96.598624560077,Match,Exact
32091562929,FLAMENCO SERVICES MINI MARKET GAS STATION LLC,4955 HOLLOW RIDGE RD,DALLAS,TX,75227,57,CL,1,FLAMENCO SERVICES MINI MARKET GAS STATION,4707 S CENTRAL EXPY,DALLAS,TX,75215,57.0,445120.0,Y,01/22/2024,03/01/2024,1978,,,No_Match,
32096012987,SACHIN PURSWANI,219 CROWN POINT DR,COPPELL,TX,75019,57,IS,1,JUUS,219 CROWN POINT DR,COPPELL,TX,75019,57.0,445230.0,Y,07/25/2024,08/01/2024,1979,32.963057351501,-96.949442399183,Match,Exact
32015919395,NORMA CIENFUEGOS,335 W CENTER ST,DUNCANVILLE,TX,75116,57,IS,5,CHUY PRODUCE,6011 W DAVIS ST,DALLAS,TX,75211,57.0,445230.0,Y,07/26/2024,08/01/2024,1980,32.749825694199,-96.922935747117,Match,Exact
30117630571,"G & G FOOD MART, INC.",2837 CROSSLANDS DR,GARLAND,TX,75040,57,CT,3,"G & G FOOD MART, INC.",1456 BELT LINE RD STE 147,GARLAND,TX,75044,57.0,445110.0,Y,08/02/2024,08/12/2024,1981,32.9449782237,-96.648930516624,Match,Exact
32083942907,HOOVER PROVISIONS LLC,5444 WESTHEIMER RD STE 250 # 1000,HOUSTON,TX,77056,101,CL,1,DAYLIGHT,1806 WESTMINSTER DR,GRAND PRAIRIE,TX,75050,57.0,445299.0,Y,07/31/2024,08/01/2024,1982,32.766083674125,-97.015424546768,Match,Non_Exact
32092117616,NKSN MANAGEMENT LLC,501 LEGENDS DR,LEWISVILLE,TX,75057,61,CL,2,PICK N FUN,2155 MARSH LN STE 138,CARROLLTON,TX,75006,57.0,445120.0,Y,02/14/2025,02/15/2025,1983,32.969030655192,-96.85396606602,Match,Exact
32096151835,SAI PRATIBHA INC,805 BOULDER DR,SOUTHLAKE,TX,76092,220,CT,1,BROADWAY TOBACCO BEER & WINE,5335 BROADWAY BLVD STE 210,GARLAND,TX,75043,57.0,445120.0,Y,08/06/2024,09/01/2024,1984,32.85046570245,-96.598307036705,Match,Exact
32065008016,AISLE 5IVE GROCERY LLC,PO BOX 450933,GARLAND,TX,75045,57,CL,1,AISLE 5IVE GROCERY LLC,1311 GRINNELL DR,RICHARDSON,TX,75081,57.0,445110.0,Y,02/25/2025,06/10/2021,1985,32.93688829338,-96.703874869477,Match,Exact
32091472970,ALISHA'S MIX AND SIP LLC,300 TRAILHOUSE LN APT 1621,FORNEY,TX,75126,129,CL,1,ALISHA'S MIX AND SIP LLC,1472 N HAMPTON RD STE 100,DESOTO,TX,75115,57.0,445310.0,Y,09/21/2023,09/28/2023,1986,32.616972146663,-96.856876635874,Match,Exact
32090121255,PLN COPPELL LLC,6000 COLUMBUS AVE APT 2304,PLANO,TX,75024,43,CL,1,PLN COPPELL,230 N DENTON TAP RD STE 110,COPPELL,TX,75019,57.0,445299.0,Y,08/09/2024,08/17/2024,1987,32.976870919517,-96.99344035037,Match,Exact
32082042170,SRUTI ENTERPRISES INC,9104 CRANDALL DR,FORT WORTH,TX,76244,220,CT,1,JERRYS MARKET,3301 BERNAL DR,DALLAS,TX,75212,57.0,445120.0,Y,01/26/2022,02/01/2022,1988,32.786928168515,-96.873865449359,Match,Exact
32092531980,SDS EMPIRE LLC,3901 SILVER MEADOW LN,GRAND PRAIRIE,TX,75052,57,CL,1,1 STOP SHOP & TAQUERIA,3480 S CARRIER PKWY STE 200,GRAND PRAIRIE,TX,75052,57.0,445120.0,Y,08/13/2024,08/15/2024,1989,32.685753634018,-97.012892473773,Match,Exact
12701243508,WORLD GOURMET FOOD INC.,13434 FLOYD CIR,DALLAS,TX,75243,57,CT,1,WORLD FOOD WAREHOUSE,13434 FLOYD CIR,DALLAS,TX,75243,57.0,445110.0,Y,08/15/2024,06/03/2005,1990,32.930653540776,-96.745790496626,Match,Exact
32096239127,HALEX LLC,2050 N PLANO RD # 300E,RICHARDSON,TX,75082,57,CL,1,HALEX LLC,2050 N PLANO RD # 300-E,RICHARDSON,TX,75082,57.0,445299.0,Y,08/14/2024,08/13/2024,1991,32.97568155161,-96.699746898999,Match,Non_Exact
32091519259,POODLEBEEZ LLC,9630 INWOOD RD,DALLAS,TX,75220,57,CL,1,POODLEBEEZ LLC,9630 INWOOD RD,DALLAS,TX,75220,57.0,445299.0,Y,08/24/2024,11/01/2023,1992,32.874492951899,-96.821075976782,Match,Exact
32045980136,NIROJ CORPORATION,1901 E ARKANSAS LN STE 100,ARLINGTON,TX,76010,220,CT,13,WHIP IN,2910 RUDER ST # A,DALLAS,TX,75212,57.0,445120.0,Y,08/22/2024,12/07/2021,1993,32.777923745679,-96.918645496682,Match,Non_Exact
32040831102,"JK GOURMET FOODS, LLC",2636 FARRINGTON ST,DALLAS,TX,75207,57,CL,1,"JK GOURMET FOODS, LLC",4717 WILDWOOD RD,DALLAS,TX,75209,57.0,445299.0,Y,01/25/2011,11/01/2010,1994,32.86015995156,-96.832720269774,Match,Exact
32095785328,HAREG LLC,4865 SUNNYVALE ST STE C,DALLAS,TX,75216,57,CL,1,CT GROCERY,4865 SUNNYVALE ST STE C,DALLAS,TX,75216,57.0,445110.0,Y,07/23/2024,08/01/2024,1995,32.698206551984,-96.774817678343,Match,Non_Exact
32084985996,SHREE SKY CORPORATION,2711 COOMBS CREEK DR,DALLAS,TX,75211,57,CT,1,COOMBS CREEK FOOD MART,2711 COOMBS CREEK DR,DALLAS,TX,75211,57.0,445120.0,Y,05/31/2023,06/01/2023,1996,32.718873657053,-96.879779878969,Match,Exact
32095674027,S&N VENTURES LLC,515 WADE CT,EULESS,TX,76039,220,CL,1,STOP & SAVE FOOD MART,3033 S WESTMORELAND RD,DALLAS,TX,75233,57.0,445120.0,Y,08/22/2024,09/01/2024,1997,32.709109110026,-96.874301158633,Match,Exact
32045980136,NIROJ CORPORATION,1901 E ARKANSAS LN STE 100,ARLINGTON,TX,76010,220,CT,1,CIGARETTE MART,3502 S CARRIER PKWY STE D,GRAND PRAIRIE,TX,75052,57.0,445120.0,Y,08/22/2024,04/01/2012,1998,32.685393294279,-97.012220701822,Match,Non_Exact
32040831102,"JK GOURMET FOODS, LLC",2636 FARRINGTON ST,DALLAS,TX,75207,57,CL,2,MICROCHIP COOKIES,11700 PRESTON RD STE 630,DALLAS,TX,75230,57.0,445291.0,Y,08/19/2024,08/30/2024,1999,32.907973293727,-96.804073444098,Match,Exact
17560026225,TEXAS TECH UNIVERSITY,PO BOX 41092,LUBBOCK,TX,79409,152,AR,171,SIM LIFE CENTER - DALLAS,5920 FOREST PARK RD,DALLAS,TX,75235,57.0,445120.0,Y,08/20/2024,09/01/2024,2000,32.81995603101,-96.840702102986,Match,Exact
32096402709,AKSHAYAS INC,2404 BUSCH DR,ARLINGTON,TX,76014,220,CT,1,REDDYS LIQUOR,700 N MACARTHUR BLVD,IRVING,TX,75061,57.0,445310.0,Y,08/22/2024,09/01/2024,2001,32.821138355121,-96.959101251848,Match,Exact
32085678822,LASGO HOLDINGS LLC,1347 VALLEY VISTA DR,IRVING,TX,75063,57,CL,5,LA ROMA PIZZARIA,11361 MCCREE RD UNIT 160,DALLAS,TX,75238,57.0,445120.0,Y,08/27/2024,08/30/2024,2002,32.87158738224,-96.685498489451,Match,Exact
32075130149,BOXED BITES LLC,4200 SAN CARLOS ST,DALLAS,TX,75205,57,CL,2,BOXED BITES LLC,6030 LUTHER LN STE 160,DALLAS,TX,75225,57.0,445299.0,Y,08/27/2024,08/27/2024,2003,32.863535951748,-96.807886951743,Match,Exact
32075554009,KNUN LLC,1131 PEDERNALES TRL,IRVING,TX,75063,57,CL,1,DISCOUNT SMOKE & BEER,1335 N BELT LINE RD STE 13,IRVING,TX,75061,57.0,445310.0,Y,08/28/2020,09/01/2020,2004,32.827992262964,-96.993940822558,Match,Exact
13116785307,KROGER TEXAS L.P.,PO BOX 305103,NASHVILLE,TN,37230,0,PF,500,KROGER #448 FUEL CENTER,960 E SANDY LAKE RD,COPPELL,TX,75019,57.0,445110.0,Y,08/30/2024,11/20/2024,2005,32.973252616602,-97.023552826208,Match,Non_Exact
32090550099,DAVID CARDONA TOVILLA,2339 52ND ST,DALLAS,TX,75216,57,IS,1,DULCES Y PINATAS LA COSECHA,2233 N PRAIRIE CREEK RD STE C2-B,DALLAS,TX,75227,57.0,445292.0,Y,07/05/2023,08/01/2023,2006,32.750592964147,-96.665240874123,Match,Exact
32006759776,ABEBA BOGALE WUDU,3217 MALCOLM X BLVD,DALLAS,TX,75215,57,IS,2,DUB'S LIQUOR STORE,3217 MALCOLM X BLVD,DALLAS,TX,75215,57.0,445310.0,Y,04/21/2025,05/01/2004,2007,32.767466002543,-96.766639296826,Match,Exact
32094864199,FORTIUS ALTIUS OPERATING LLC,1500 WOODHAVEN DR,PROSPER,TX,75078,43,CL,1,FORTIUS ATHLETICS,1410 WOODED LAKE DR,MESQUITE,TX,75150,57.0,445120.0,Y,05/30/2024,06/01/2024,2008,32.837371103192,-96.628120408439,Match,Exact
32018062151,PATRICIA A ZEPEDA,528 SPRUCE TRL,FORNEY,TX,75126,129,IS,1,FRUTILANDIA/WATER INN,14215 COIT RD STE 104,DALLAS,TX,75254,57.0,445299.0,Y,04/24/2025,08/20/2005,2009,32.937847509251,-96.769077742173,Match,Exact
32096795201,FRUTA FRESCA LLC,1424 EDEN VALLEYWOOD PKWY,ARLINGTON,TX,76005,220,CL,1,DULCECITA ICE CREAM & MORE,4291 DFW TPKE,DALLAS,TX,75211,57.0,445299.0,Y,04/23/2025,05/01/2025,2010,,,No_Match,
32018062151,PATRICIA A ZEPEDA,528 SPRUCE TRL,FORNEY,TX,75126,129,IS,2,FRUTILANDIA WATER,1402 NORTHWEST HWY STE 100,GARLAND,TX,75041,57.0,445299.0,Y,04/24/2025,05/01/2008,2011,32.863984941546,-96.648445829102,Match,Exact
17528991429,"HACKNEY FOOD, INC.",4815 COLLINS AVE,DALLAS,TX,75210,57,CT,3,HACKNEY FOOD,4815 COLLINS AVE,DALLAS,TX,75210,57.0,445120.0,Y,04/22/2025,04/01/2025,2012,32.777776625102,-96.740881202618,Match,Exact
32088723344,WHAMMYS U BUY WE FRY FISH MARKET ON 4OS LLC,8501 OLD HICKORY TRL APT 1206,DALLAS,TX,75237,57,CL,1,WHAMMYS U BUY WE FRY FISH MARKET ON 4OS,8501 OLD HICKORY TRL APT 1206,DALLAS,TX,75237,57.0,445220.0,Y,04/23/2025,06/01/2025,2013,32.636031588673,-96.865638505308,Match,Exact
32090531776,"BISTADAHAL PASAL, LLC.",1721 BELT LINE RD,GARLAND,TX,75044,57,CL,1,WAGON BEER & WINE C-STORE,1721 BELT LINE RD,GARLAND,TX,75044,57.0,445120.0,Y,07/13/2023,07/13/2023,2014,,,No_Match,
32099777842,MATTHEW KOSS,3631 DELFORD CIR,DALLAS,TX,75228,57,IS,1,BEE NAUGHTY DALLAS SNACKS,3631 DELFORD CIR,DALLAS,TX,75228,57.0,445120.0,Y,04/19/2025,05/01/2025,2015,32.843441181498,-96.657650571089,Match,Exact
32099687991,LA CUBANA LATIN MARKET AND BAKERY  2 LLC,706 W DANIELDALE RD,DALLAS,TX,75232,57,CL,1,LA CUBANA LATIN MARKET AND BAKERY 2,658 W INTERSTATE 30 STE 11K,GARLAND,TX,75043,57.0,445110.0,Y,04/21/2025,04/11/2025,2016,32.838095505142,-96.599449621821,Match,Exact
32098276861,SUBHAMRETAIL LLC,13352 RIDGEPOINTE RD,FORT WORTH,TX,76244,220,CL,1,GOLD STAR FOOD MART,2837 E LEDBETTER DR,DALLAS,TX,75216,57.0,445120.0,Y,04/26/2025,04/26/2025,2017,32.693594962425,-96.774271621225,Match,Exact
32039568210,TIENDA MI MEXICO INC.,3019 ROCKFORD DR,DALLAS,TX,75211,57,CT,1,TIENDA MI MEXICO INC.,2739 W NORTHWEST HWY,DALLAS,TX,75220,57.0,445210.0,Y,04/22/2025,07/01/2009,2018,32.858308703897,-96.874719279408,Match,Exact
32098958534,AAQIB VENTURE LLC,636 MEMORIAL HILL WAY,MURPHY,TX,75094,43,CL,1,SOUTHWEST DISCOUNT CIGARETTE & CIGAR,4520 BOTHAM JEAN BLVD,DALLAS,TX,75215,57.0,445120.0,Y,04/23/2025,05/01/2025,2019,,,No_Match,
32094864199,FORTIUS ALTIUS OPERATING LLC,1500 WOODHAVEN DR,PROSPER,TX,75078,43,CL,2,FORTIUS ATHLETICS,11911 RYLIECREST DR,BALCH SPRINGS,TX,75180,57.0,445120.0,Y,05/30/2024,06/01/2024,2020,,,No_Match,
32099783246,ERICA CAMPBELL AND ERIC ALBERTY,1622 MORRELL AVE,DALLAS,TX,75203,57,PI,1,TANK SMOKE SHOP & MORE,1622 MORRELL AVE,DALLAS,TX,75203,57.0,445110.0,Y,04/28/2025,07/01/2025,2021,32.738974555239,-96.798227760757,Match,Exact
14708056693,"OS SALESCO, LLC",11030 O ST,OMAHA,NE,68137,0,CI,5,OMAHA STEAKS,10854 PRESTON RD,DALLAS,TX,75230,57.0,445299.0,Y,03/02/1998,01/04/1998,2022,32.896687877284,-96.803860424455,Match,Exact
32054386506,MELVIN BEASLEY ET AL,3225 W PLEASANT RUN RD STE 102A,LANCASTER,TX,75146,57,PI,3,STACKHOUSE TOBACCO,4448 S MARSALIS AVE,DALLAS,TX,75216,57.0,445120.0,Y,04/28/2025,11/25/2024,2023,32.69035666492,-96.814543283737,Match,Exact
32054386506,MELVIN BEASLEY ET AL,3225 W PLEASANT RUN RD STE 102A,LANCASTER,TX,75146,57,PI,2,STACKHOUSE TOBACCO,1314 N DALLAS AVE,LANCASTER,TX,75134,57.0,445120.0,Y,04/28/2025,11/11/2024,2024,32.604026266429,-96.758081172019,Match,Exact
32054386506,MELVIN BEASLEY ET AL,3225 W PLEASANT RUN RD STE 102A,LANCASTER,TX,75146,57,PI,1,STACKHOUSE TOBACCO,3225 W PLEASANT RUN RD STE 102A,LANCASTER,TX,75146,57.0,445120.0,Y,04/28/2025,07/04/2014,2025,32.604306592714,-96.819171104073,Match,Exact
32072583977,CREST FOODS VENTURES LLC,1050 NW 27TH CT,MIAMI,FL,33125,0,CL,1,CREST FOODS VENTURES LLC,13350 DALLAS PKWY STE 2655,DALLAS,TX,75240,57.0,445291.0,Y,01/16/2020,01/01/2020,2026,32.930508319415,-96.820997176582,Match,Exact
32084666877,"DOTFOT GROUP, LLC.",405 S BELT LINE RD,GRAND PRAIRIE,TX,75051,57,CL,2,DOTPUFF SMOKE & VAPOUR,405 S BELT LINE RD,GRAND PRAIRIE,TX,75051,57.0,445120.0,Y,09/27/2024,04/01/2023,2027,32.742216625947,-96.99460758076,Match,Exact
32098383113,ANTHONY BLACK SR,1805 SMOKEY MOUNTAIN TRL,MESQUITE,TX,75149,57,IS,1,EXOTIC WORLD,2120 N SAINT AUGUSTINE DR STE 130,DALLAS,TX,75227,57.0,445120.0,Y,01/21/2025,03/01/2025,2028,32.74904797766,-96.656836489591,Match,Exact
17430106587,"HEB BEVERAGE COMPANY, LLC",PO BOX 839999,SAN ANTONIO,TX,78283,15,CL,576,JOE V'S SMART SHOP #815,2407 W AIRPORT FWY,IRVING,TX,75062,57.0,445310.0,Y,05/13/2025,07/01/2025,2029,32.837433555385,-96.977041605818,Match,Exact
32092784522,LEGACY EMPIRE ENTERPRISE LLC,2828 FOREST LN STE 2420,DALLAS,TX,75234,57,CL,1,CIRCLE K #2654429,2680 OLD DENTON RD STE 172,CARROLLTON,TX,75007,57.0,445120.0,Y,12/19/2023,12/20/2023,2030,32.986735260547,-96.909719368361,Match,Exact
17430106579,"H-E-B, LP",PO BOX 839999,SAN ANTONIO,TX,78283,15,PL,637,JOE V'S SMART SHOP #815,2407 W AIRPORT FWY,IRVING,TX,75062,57.0,445110.0,Y,05/13/2025,07/01/2025,2031,32.837433555385,-96.977041605818,Match,Exact
32099797188,"LOU'S ROOTS, LLC",14311 SKYFROST DR TRLR 176,DALLAS,TX,75253,57,CL,1,"LOU'S ROOTS, LLC",14311 SKYFROST DR TRLR 176,DALLAS,TX,75253,57.0,445230.0,Y,05/10/2025,05/25/2025,2032,32.684047310115,-96.574462889246,Match,Exact
32093499088,LGM CONCEPTS LLC,5424 KLEBERG DR,GRAND PRAIRIE,TX,75052,57,CL,1,LGM CONCEPTS LLC,5424 KLEBERG DR,GRAND PRAIRIE,TX,75052,57.0,445299.0,Y,05/13/2025,07/01/2025,2033,32.641824433302,-97.033317159601,Match,Exact
32021608180,ESKINDER MEKURIA,1157 EASTON RD STE 108,DALLAS,TX,75218,57,IS,5,DALLAS NUTRITION CONVIENCE STORE,1157 EASTON RD STE 108,DALLAS,TX,75218,57.0,445120.0,Y,05/12/2025,05/15/2025,2034,32.843928224935,-96.692251720747,Match,Exact
32099945316,DALLAS OPERATIONS LLC,7009 SCHUBERT,COLLEYVILLE,TX,76034,220,CL,1,EZ STOP,4830 S LANCASTER RD,DALLAS,TX,75216,57.0,445120.0,Y,05/17/2025,06/01/2025,2035,32.690354945194,-96.791365010022,Match,Exact
32056076360,JOHN'S BAKERY USA CORPORATION,3166 S HIGHWAY 161,GRAND PRAIRIE,TX,75052,57,CT,3,BAKERS DOZEN DONUTS,8701 LIBERTY GROVE RD STE 600,ROWLETT,TX,75089,57.0,445291.0,Y,05/23/2025,06/01/2025,2036,32.937132513352,-96.534499860265,Match,Exact
32082323414,WARDAK LLC,800 N BELT LINE RD,IRVING,TX,75061,57,CL,3,WARDAK LLC,3620 W PIONEER DR STE 100,IRVING,TX,75061,57.0,445120.0,Y,05/21/2025,05/15/2025,2037,32.828772829814,-96.997714622049,Match,Exact
32065094263,"COSMIC RESEARCH, LLC",1904 MALONE CLIFF VW,DALLAS,TX,75208,57,CL,1,"COSMIC CULTURES, LLC",3699 MCKINNEY AVE STE 510,DALLAS,TX,75204,57.0,445299.0,Y,05/07/2025,10/03/2022,2038,32.808387450624,-96.79639630436,Match,Exact
32100087348,DFW 2025 LLC,3532 TREETOP DR,EULESS,TX,76040,220,CL,1,ATHEMY FOOD MART,3629 HOLMES ST,DALLAS,TX,75215,57.0,445120.0,Y,05/20/2025,06/01/2025,2039,32.756539104249,-96.773482768569,Match,Exact
32041864557,"R & A MART, INC",4819 SHAPIRO CT,MISSOURI CITY,TX,77459,79,CT,5,BUSY BEE CHECK CASHING,1005 S JOSEY LN,CARROLLTON,TX,75006,57.0,445120.0,Y,08/29/2024,08/28/2024,2040,32.952624800852,-96.890134709939,Match,Exact
32099518758,HOPE FOOD MART LLC,3802 N TOWN EAST BLVD,MESQUITE,TX,75150,57,CL,1,HOPE FOOD MART,3802 N TOWN EAST BLVD,MESQUITE,TX,75150,57.0,445120.0,Y,04/09/2025,04/01/2025,2041,32.795960769492,-96.652946457278,Match,Exact
32099307210,"TEXAS HARBOR TRADING, LLC",9761 WALNUT ST,DALLAS,TX,75243,57,CL,1,FM FOOD MART,9761 WALNUT ST,DALLAS,TX,75243,57.0,445120.0,Y,03/28/2025,05/01/2025,2042,,,No_Match,
32006101391,MARTINA E SCRUGGS,4512 BORDEAUX AVE,DALLAS,TX,75205,57,IS,5,TOOTSIE BAKES,4512 BORDEAUX AVE,DALLAS,TX,75205,57.0,445291.0,Y,03/05/2025,04/01/2025,2043,32.826781851057,-96.812202003595,Match,Exact
32100442832,"SOPHIA TRADING, INC.",1308 E BEAR CREEK RD STE 270,GLENN HEIGHTS,TX,75154,57,CT,1,TOBACCO HEIGHT,1308 E BEAR CREEK RD STE 270,GLENN HEIGHTS,TX,75154,57.0,445120.0,Y,06/06/2025,07/01/2025,2044,32.560299009916,-96.82486781351,Match,Exact
32018457419,YOUNG H KIM,3044 OLD DENTON RD STE 300,CARROLLTON,TX,75007,61,IS,2,SUN'S DONUT PALACE,6024 BROADWAY BLVD,GARLAND,TX,75043,57.0,445291.0,Y,06/04/2025,06/01/2025,2045,32.838558016396,-96.595473339435,Match,Exact
32039568210,TIENDA MI MEXICO INC.,3019 ROCKFORD DR,DALLAS,TX,75211,57,CT,2,TIENDA MI MEXICO 2,2412 W KIEST BLVD,DALLAS,TX,75233,57.0,445110.0,Y,06/05/2025,06/13/2025,2046,32.705367148897,-96.859161088065,Match,Exact
32009337422,RONALD J WILLIAMS,438 E WHEATLAND RD # 438,DUNCANVILLE,TX,75116,57,IS,4,TEXAS PREMIUM CANDY COMPANY,438 E WHEATLAND RD # 438,DUNCANVILLE,TX,75116,57.0,445292.0,Y,05/28/2025,04/04/2023,2047,32.647243475884,-96.901149213128,Match,Exact
32090592760,C&M CONNECTION LLC,3500 E PARK BLVD APT 2002A,PLANO,TX,75074,43,CL,3,C&M CONNECTION LLC,6155 SAMUELL BLVD STE 150,DALLAS,TX,75228,57.0,445120.0,Y,05/23/2025,06/01/2025,2048,32.792429086359,-96.696970236317,Match,Exact
32100182065,"FELIX'S RELIANT AUTOMATED SERVICES, LLC",5900 BALCONES DR STE 100,AUSTIN,TX,78731,227,CL,1,"FELIX'S RELIANT AUTOMATED SERVICES, LLC",4945 MORRIS AVE APT 4348,ADDISON,TX,75001,57.0,445120.0,Y,06/10/2025,06/07/2025,2049,32.962776525235,-96.826571252553,Match,Exact
32057103973,ERIC ALLEN,2016 UVALDE DR,FORNEY,TX,75126,129,IS,2,IMPRINT HAIR DESIGNS,909 E DAVIS ST STE C,MESQUITE,TX,75149,57.0,445120.0,Y,06/10/2025,08/01/2016,2050,32.765516437335,-96.588032956069,Match,Non_Exact
32098420022,"SOAP OPERA, LLC",2204 KELLY BLVD STE 101,CARROLLTON,TX,75006,57,CL,1,POPSTOP!,2204 KELLY BLVD STE 101,CARROLLTON,TX,75006,57.0,445120.0,Y,05/01/2025,05/20/2025,2051,32.971312696693,-96.877748098294,Match,Exact
32038438910,"LWIN FAMILY CO, LLC",1679 SW WILSHIRE BLVD,BURLESON,TX,76028,126,CI,40,HISSHO SUSHI @ UN TX SW MED CTR,6001 FOREST PARK RD,DALLAS,TX,75235,57.0,445299.0,Y,11/08/2022,05/17/2021,2052,32.821528419261,-96.84275327674,Match,Exact
32097042546,4 YOUR CONVENIENCE STORE LLC,4607 VILLAGE FAIR DR STE 317,DALLAS,TX,75224,57,CL,1,4 YOUR CONVENIENCE STORE LLC,4607 VILLAGE FAIR DR STE 317,DALLAS,TX,75224,57.0,445120.0,Y,06/09/2025,11/15/2024,2053,32.69016370106,-96.828789948869,Match,Exact
32094721035,KRISHNA PRATIKSHA INC,1007 JAMAL DR,EULESS,TX,76040,220,CT,2,HELLO FOOD MART,6411 GREAT TRINITY FOREST WAY,DALLAS,TX,75217,57.0,445120.0,Y,01/22/2025,02/01/2025,2054,,,No_Match,
32100665671,FRUXXI CONO INC,4107 W JEFFERSON BLVD,DALLAS,TX,75211,57,CT,1,FRUXXI CONO,4107 W JEFFERSON BLVD,DALLAS,TX,75211,57.0,445299.0,Y,06/18/2025,06/20/2025,2055,32.738405264557,-96.887360263309,Match,Exact
32100011793,CAKE COCOA LLC,6302 GLENMOOR DR,GARLAND,TX,75043,57,CL,1,CAKE COCOA LLC,6302 GLENMOOR DR,GARLAND,TX,75043,57.0,445299.0,Y,06/20/2025,07/01/2025,2056,32.8378430429,-96.592391207894,Match,Exact
32100377996,LANCASTER CSTORE LLC,1203 S PARKWAY DR,ALVARADO,TX,76009,126,CL,1,EZ STOP #12,4830 S LANCASTER RD,DALLAS,TX,75216,57.0,445120.0,Y,06/16/2025,06/01/2025,2057,32.690354945194,-96.791365010022,Match,Exact
32100675654,EMILY LLOYD,1009 VIA VALENCIA,MESQUITE,TX,75150,57,IS,1,FORTHOUSE INC.,1009 VIA VALENCIA,MESQUITE,TX,75150,57.0,445299.0,Y,06/17/2025,06/21/2025,2058,32.828829538133,-96.610576250183,Match,Exact
32096540946,NEXUS CONVENIENCE LLC,877 DUBLIN DR APT B,RICHARDSON,TX,75080,57,CL,2,EZ TRIP # 28,10020 ROYAL LN,DALLAS,TX,75238,57.0,445120.0,Y,06/20/2025,07/01/2025,2059,32.894387073557,-96.716181682759,Match,Exact
32100723082,COURTNEY DAVIS,2150 GUS THOMASSON RD APT 2215,MESQUITE,TX,75150,57,IS,1,COURTNEYS SNACK SHACK,2150 GUS THOMASSON RD APT 2215,MESQUITE,TX,75150,57.0,445120.0,Y,06/18/2025,07/10/2025,2060,32.794591467337,-96.633927921577,Match,Exact
32085777251,"HUEBNER MF, LP",17120 DALLAS PKWY STE 101,DALLAS,TX,75248,57,PL,1,HUEBNER MF LP,17120 DALLAS PKWY STE 101,DALLAS,TX,75248,57.0,445120.0,Y,06/26/2025,08/01/2025,2061,32.982692933848,-96.828375267261,Match,Exact
15224553816,"BATH & BODY WORKS, LLC",PO BOX 183181,COLUMBUS,OH,43218,0,CI,106,BATH & BODY WORKS #700,620 NORTHPARK CTR,DALLAS,TX,75225,57.0,445299.0,Y,08/08/2006,07/01/2006,2062,,,No_Match,
32099391289,CHIVO LIB LLC,1915 PETERS RD STE 213,IRVING,TX,75061,57,CL,1,CHIVO LIB LLC,1915 PETERS RD STE 213,IRVING,TX,75061,57.0,445310.0,Y,06/26/2025,09/01/2025,2063,32.834118578696,-96.911641722666,Match,Exact
15224553816,"BATH & BODY WORKS, LLC",PO BOX 183181,COLUMBUS,OH,43218,0,CI,70,BATH & BODY WORKS #1274,2630 N JOSEY LN,CARROLLTON,TX,75007,57.0,445299.0,Y,08/08/2006,07/01/2006,2064,32.986653905786,-96.890648386695,Match,Exact
32075915127,"SPEAK EASY WINE AND SPIRITS, LLC",300 N AKARD ST APT 810,DALLAS,TX,75201,57,CL,1,"SPEAK EASY WINE AND SPIRITS, LLC",211 N ERVAY ST STE 1423,DALLAS,TX,75201,57.0,445310.0,Y,06/26/2025,09/01/2021,2065,32.782024897741,-96.797456963883,Match,Exact
15224553816,"BATH & BODY WORKS, LLC",PO BOX 183181,COLUMBUS,OH,43218,0,CI,132,BATH & BODY WORKS #5068,305 W FM 1382 SPC 608,CEDAR HILL,TX,75104,57.0,445299.0,Y,02/07/2008,03/12/2008,2066,32.5992478819,-96.942687710718,Match,Exact
15224553816,"BATH & BODY WORKS, LLC",PO BOX 183181,COLUMBUS,OH,43218,0,CI,6,BATH & BODY WORKS #147,1044 TOWN EAST MALL,MESQUITE,TX,75150,57.0,445299.0,Y,08/08/2006,07/01/2006,2067,32.808711148829,-96.626772832975,Match,Exact
15224553816,"BATH & BODY WORKS, LLC",PO BOX 183181,COLUMBUS,OH,43218,0,CI,98,BATH & BODY WORKS #1557,5331 E MOCKINGBIRD LN,DALLAS,TX,75206,57.0,445299.0,Y,08/08/2006,07/01/2006,2068,32.8366415469,-96.777151655464,Match,Non_Exact
15224553816,"BATH & BODY WORKS, LLC",PO BOX 183181,COLUMBUS,OH,43218,0,CI,107,BATH & BODY WORKS #967,13350 DALLAS PKWY,DALLAS,TX,75240,57.0,445299.0,Y,08/08/2006,07/01/2006,2069,32.930508319415,-96.820997176582,Match,Exact
15224553816,"BATH & BODY WORKS, LLC",PO BOX 183181,COLUMBUS,OH,43218,0,CI,108,BATH & BODY WORKS #1228,7555 N MACARTHUR BLVD,IRVING,TX,75063,57.0,445299.0,Y,08/08/2006,07/01/2006,2070,32.909026222311,-96.958869575321,Match,Exact
32011912394,REYNA ISABEL MARTINEZ,10911 DENNIS RD STE 404,DALLAS,TX,75229,57,IS,2,POLLO COSTENO,10825 DENNIS RD STE 102,DALLAS,TX,75229,57.0,445292.0,Y,06/24/2025,08/01/2007,2071,32.895667408481,-96.881471292673,Match,Exact
15224553816,"BATH & BODY WORKS, LLC",PO BOX 183181,COLUMBUS,OH,43218,0,CI,187,"BATH & BODY WORKS, LLC 5576",1515 N TOWN EAST BLVD,MESQUITE,TX,75150,57.0,445299.0,Y,04/29/2022,04/29/2022,2072,32.810946544914,-96.61808014044,Match,Exact
15224553816,"BATH & BODY WORKS, LLC",PO BOX 183181,COLUMBUS,OH,43218,0,CI,99,BATH & BODY WORKS #1499,374 E FM 1382 STE E,CEDAR HILL,TX,75104,57.0,445299.0,Y,08/08/2006,07/01/2006,2073,32.5930578531,-96.937964842506,Match,Non_Exact
15224553816,"BATH & BODY WORKS, LLC",PO BOX 183181,COLUMBUS,OH,43218,0,CI,120,BATH & BODY WORKS #1618,355 CEDAR SAGE DR,GARLAND,TX,75040,57.0,445299.0,Y,08/08/2006,07/01/2006,2074,32.953182627458,-96.611384730976,Match,Exact
32048063575,"GFK, LLC",6 DORAL CIR,LUFKIN,TX,75901,3,CL,1,URBAN MARKET SOUTHSIDE,1409 S LAMAR ST APT 10,DALLAS,TX,75215,57.0,445120.0,Y,07/01/2025,07/01/2012,2075,32.76771576921,-96.795643699277,Match,Exact
32087967553,RUBBER DUCKY LLC,3720 W ALABAMA ST APT 1303,HOUSTON,TX,77027,101,CI,7,VIRAL TREATS,2063 TOWN EAST MALL # 5521,MESQUITE,TX,75150,57.0,445299.0,Y,06/30/2025,06/30/2025,2076,32.811655283603,-96.631423015949,Match,Non_Exact
32100250375,"LUCKY SEVEN FOOD MART, INC.",7410 HARRY HINES BLVD,DALLAS,TX,75235,57,CT,1,LUCKY 7 FOOD MART,7410 HARRY HINES BLVD,DALLAS,TX,75235,57.0,445120.0,Y,07/02/2025,07/15/2025,2077,32.82926849613,-96.857364770008,Match,Exact
32097642204,1 STOP AT SINGLETON LLC,1615 SINGLETON BLVD STE B,DALLAS,TX,75212,57,CL,1,1 STOP AT SINGLETON LLC,1615 SINGLETON BLVD STE B,DALLAS,TX,75212,57.0,445120.0,Y,07/02/2025,12/02/2024,2078,32.778582560833,-96.845781210959,Match,Non_Exact
32040639943,WINTERGREEN BUSINESS INC.,1501 N HAMPTON RD,DESOTO,TX,75115,57,CT,1,POWER MART #19,1501 N HAMPTON RD,DESOTO,TX,75115,57.0,445120.0,Y,07/02/2025,01/01/2010,2079,32.618724458131,-96.857237152838,Match,Exact
18411226824,SUNSHINE BEVERAGE CO.,PO BOX 52085 ATTN: TAX DEPARTMENT DC-59,PHOENIX,AZ,85072,0,CT,1,CIRCLE K #2744507,3980 S BELT LINE RD,GRAND PRAIRIE,TX,75052,57.0,445310.0,Y,10/21/2004,10/01/2004,2080,32.687867661584,-96.985002062878,Match,Non_Exact
32088620847,CEPILLADOS SHALOM LLC,10305 BOXWOOD WAY,AUBREY,TX,76227,61,CL,2,CEPILLADOS SHALOM LLC,2650 MIDWAY RD STE 122,CARROLLTON,TX,75006,57.0,445299.0,Y,07/08/2025,04/01/2025,2081,,,No_Match,
32100378481,VP SPIRITS LLC,701 E IRVING BLVD,IRVING,TX,75060,57,CL,1,LIQUOR ROYALE,701 E IRVING BLVD,IRVING,TX,75060,57.0,445310.0,Y,07/08/2025,07/01/2025,2082,32.813242433556,-96.937600931682,Match,Exact
32085322165,BOOMBOLT INC.,7986 WHITEHART ST,FRISCO,TX,75035,43,CT,8,TOWN EAST MALL SWEETSVILLE,2063 TOWN EAST MALL,MESQUITE,TX,75150,57.0,445292.0,Y,08/02/2024,08/01/2024,2083,32.811655283603,-96.631423015949,Match,Non_Exact
32082862684,RAYAN FOOD MART INC,1301 NORTHWEST HWY STE 207,GARLAND,TX,75041,57,CT,1,ONE STAR STOP,513 W JEFFERSON ST STE 105,GRAND PRAIRIE,TX,75051,57.0,445120.0,Y,04/15/2024,02/01/2022,2084,32.743784925066,-97.008891338042,Match,Exact
32080286753,AKRA VENTURES LLC,201 S BELT LINE RD STE 103,IRVING,TX,75060,57,CL,1,DISCOUNT LIQUOR,201 S BELT LINE RD STE 103,IRVING,TX,75060,57.0,445310.0,Y,07/07/2025,06/01/2022,2085,32.814134294958,-96.993941786028,Match,Exact
17229366954,"SNAGZ, INC.",9241 LYNDON B JOHNSON FWY STE 100,DALLAS,TX,75243,57,CT,4,HOWIES LIQUORS,3609 GREENVILLE AVE,DALLAS,TX,75206,57.0,445310.0,Y,07/08/2025,08/15/2025,2086,32.831171153371,-96.770229666116,Match,Exact
32098736864,NIRVANA BEVWORLD LLC,14273 FAA BLVD APT 5334,FORT WORTH,TX,76155,220,CL,1,ONE STOP LUCKY FOOD MART,2412 W LEDBETTER DR,DALLAS,TX,75233,57.0,445120.0,Y,07/09/2025,07/09/2025,2087,32.691178437626,-96.857391286881,Match,Exact
32100976854,BILLY WALKER,643 RICKEY CANYON AVE,DESOTO,TX,75115,57,IS,1,BW SMOKEHOUSE,643 RICKEY CANYON AVE,DESOTO,TX,75115,57.0,445299.0,Y,07/04/2025,07/04/2025,2088,32.599651063804,-96.848864806953,Match,Exact
32080020558,NF PRODUCTS LLC,3800 MAPLE AVE STE 425,DALLAS,TX,75219,57,CL,1,NF PRODUCTS LLC,4945 CROOKED LN,DALLAS,TX,75229,57.0,445299.0,Y,08/11/2021,10/01/2021,2089,32.90012753693,-96.823862164141,Match,Exact
32071839495,KENNY GEE'S LLC,1305 BROWN TRL STE E,BEDFORD,TX,76022,220,CL,3,STOP N SHOP 2,203 N BELTLINE RD,GRAND PRAIRIE,TX,75050,57.0,445120.0,Y,07/17/2025,07/15/2025,2090,32.747401259182,-96.994626095832,Match,Non_Exact
32101078882,VIVIANA RAMIREZ,3708 SAMUELL BLVD,DALLAS,TX,75228,57,IS,1,CHULA'S DRIVE THRU,3708 SAMUELL BLVD,DALLAS,TX,75228,57.0,445310.0,Y,07/12/2025,08/15/2025,2091,32.792896137603,-96.731227292072,Match,Exact
32100372732,JUBEL VENDING LLC,9015 GUNNISON DR,DALLAS,TX,75231,57,CL,1,JUBEL VENDING,9015 GUNNISON DR,DALLAS,TX,75231,57.0,445299.0,Y,07/15/2025,08/20/2025,2092,32.883033670257,-96.738692218774,Match,Exact
32077485608,TASTEFULLY OLIVE LLC,7755 JOHN Q HAMMONS DR APT 1102,FRISCO,TX,75034,43,CL,1,TASTEFULLY OLIVE,2701 E GRAUWYLER RD BLDG 1DPT,IRVING,TX,75061,57.0,445299.0,Y,07/15/2025,04/01/2021,2093,32.830761603387,-96.905500050606,Match,Exact
32101237017,RICARDO ESTRADA JR,1120 HAWLEY LN,DALLAS,TX,75217,57,IS,1,PRODUCTOS TIERRA CALIENTE EL GUERO,7932 LAKE JUNE RD,DALLAS,TX,75217,57.0,445299.0,Y,07/24/2025,07/23/2025,2094,32.734106970964,-96.685096503477,Match,Exact
32099776273,BISMILLAH STORE LLC,850 S GREENVILLE AVE STE 112,RICHARDSON,TX,75081,57,CL,1,BISMILLAH STORE LLC,1130 S BELT LINE RD STE 100,DALLAS,TX,75253,57.0,445110.0,Y,04/24/2025,05/01/2025,2095,32.685097426865,-96.591411701764,Match,Exact
17528749462,"SUPERTARGET LIQUOR OF TEXAS, INC.",PO BOX 9471,MINNEAPOLIS,MN,55440,0,CT,191,TARGET STORE T-2907 SUITE 300,655 W ILLINOIS AVE,DALLAS,TX,75224,57.0,445310.0,Y,07/24/2025,10/07/2025,2096,32.720496571302,-96.833630970911,Match,Exact
32062404036,PANCHAKANYA ENTERPRISES LLC,10148 LONGRANGER DR,HURST,TX,76053,220,CL,3,OG SMOKE,101 N HAMPTON RD STE 105,DESOTO,TX,75115,57.0,445120.0,Y,07/28/2025,04/01/2021,2097,32.589770463645,-96.857134793661,Match,Exact
32051402892,LEE MARVIN ADOLFO LUNA,1548 SERENADE LN,DALLAS,TX,75241,57,IS,4,DULCERIA LALA'S,2051 W NORTHWEST HWY STE 53,DALLAS,TX,75220,57.0,445292.0,Y,07/31/2025,08/01/2025,2098,32.86701732266,-96.907146521066,Match,Exact
32095449180,ASMARA CAFE AND GROCERY LLC,1633 COLBORNE DR,MESQUITE,TX,75149,57,CL,1,AC INJERA & GROCERY,3501 GUS THOMASSON RD STE 103,MESQUITE,TX,75150,57.0,445110.0,Y,07/26/2025,07/26/2025,2099,32.809156874536,-96.634339566794,Match,Exact
32100930190,DAILY-DASH MART LLC,1728 ENCHANTRESS LN,FLOWER MOUND,TX,75028,61,CL,1,DAILY-DASH MART LLC,9780 LYNDON B JOHNSON FWY,DALLAS,TX,75243,57.0,445120.0,Y,07/09/2025,10/01/2025,2100,32.90301652347,-96.722260561438,Match,Exact
32051402892,LEE MARVIN ADOLFO LUNA,1548 SERENADE LN,DALLAS,TX,75241,57,IS,5,TAQUERIA LOS CHATITOS,1141 E WALNUT ST,GARLAND,TX,75040,57.0,445292.0,Y,07/31/2025,08/01/2025,2101,32.914511112731,-96.615787080124,Match,Exact
32083018203,Z&Z VENTURES LLC,685 TOWN SQUARE BLVD,GARLAND,TX,75040,57,CL,1,ZEE'S STOP,685 TOWN SQUARE BLVD,GARLAND,TX,75040,57.0,445120.0,Y,02/15/2022,02/15/2022,2102,32.95441841433,-96.611559487751,Match,Exact
32099251269,DULCERIA JALISCO LLC,701 W JEFFERSON ST,GRAND PRAIRIE,TX,75051,57,CL,1,DULCERIA JALISCO LLC,701 W JEFFERSON ST,GRAND PRAIRIE,TX,75051,57.0,445292.0,Y,04/17/2025,04/01/2025,2103,32.742668229179,-97.012399806516,Match,Exact
32068338626,"A&G TODOS AMIGOS, LLC",2915 COMMUNITY DR STE 101,DALLAS,TX,75220,57,CL,1,TODOS AMIGOS,2915 COMMUNITY DR STE 101,DALLAS,TX,75220,57.0,445120.0,Y,10/15/2018,10/15/2018,2104,32.858735119353,-96.872876237846,Match,Exact
32074341044,TEXAN GOLDEN DEER INVESTMENT LLC,1720 W BRUTON RD STE 100,BALCH SPRINGS,TX,75180,57,CL,1,DONUT KING,1720 W BRUTON RD STE 100,BALCH SPRINGS,TX,75180,57.0,445291.0,Y,04/26/2024,05/01/2024,2105,32.748499288801,-96.622984289058,Match,Exact
32065073341,"JAAK, LLC",6106 SKILLMAN ST,DALLAS,TX,75231,57,CL,1,JUST LIQUOR,6106 SKILLMAN ST,DALLAS,TX,75231,57.0,445310.0,Y,10/26/2017,12/01/2017,2106,32.862902599546,-96.748903244034,Match,Exact
32101447954,SSK GLOBAL VENTURES LLC,323 N STORY RD,IRVING,TX,75061,57,CL,1,3S GROCERY BEER & WINE,323 N STORY RD,IRVING,TX,75061,57.0,445120.0,Y,08/07/2025,08/05/2025,2107,32.818219341902,-96.976453444861,Match,Exact
32086270645,LEON CHARLES SMITH LLC,1011 S MAIN ST APT 1504,CARROLLTON,TX,75006,57,CL,1,STREET CORNER URBAN MARKET,1105 S BROADWAY ST,CARROLLTON,TX,75006,57.0,445110.0,Y,07/16/2025,09/14/2025,2108,32.952419150465,-96.907876013073,Match,Exact
32097025392,EPIC PIZZA LLC,3115 BUNKER HILL RD STE 109,SACHSE,TX,75048,57,CL,1,EPIC PIZZA LLC,3115 BUNKER HILL RD STE 109,SACHSE,TX,75048,57.0,445291.0,Y,06/06/2025,05/15/2025,2109,,,No_Match,
32101190406,THE GARDEN YASMIN L.L.C.,3500 OAK LAWN AVE STE 460A PMB 1207,DALLAS,TX,75219,57,CL,1,THE GARDEN YASMIN,7310 MARVIN D LOVE FWY APT 125,DALLAS,TX,75237,57.0,445120.0,Y,08/06/2025,10/30/2025,2110,32.656847812294,-96.87363574092,Match,Exact
32068293250,MELISSA MICHELLE SMITH,1029 WHITEWATER TRL,DESOTO,TX,75115,57,IS,1,PLEASANT GROVE MEAT MARKET,6923 SCYENE RD,DALLAS,TX,75227,57.0,445210.0,Y,07/12/2023,10/28/2018,2111,,,No_Match,
32092068447,MOVEX LIMITED LIABILITY COMPANY,2050 N PLANO RD STE 300D,RICHARDSON,TX,75082,57,CL,1,MOVEX LIMITED LIABILITY COMPANY,2050 N PLANO RD # 300C,RICHARDSON,TX,75082,57.0,445292.0,Y,08/12/2025,08/01/2025,2112,32.97568155161,-96.699746898999,Match,Exact
32099422688,XPRESS MINI MARKET LLC,6633 JOHN HICKMAN PKWY APT 1201,FRISCO,TX,75034,43,CL,1,ROYAL MARKET,10110 ROYAL LN STE 180,DALLAS,TX,75238,57.0,445120.0,Y,05/06/2025,08/01/2025,2113,,,No_Match,
32018639214,ASHLEY SYRIH CARTER,1810 CURTIS DR,GARLAND,TX,75040,57,IS,3,ASH LN QUICK STOP BEER AND WINE,3116 AL LIPSCOMB WAY,DALLAS,TX,75215,57.0,445120.0,Y,08/14/2025,04/01/2024,2114,,,No_Match,
14120386264,"NATASHA STORES, INC.",3941 CREEKSIDE LN,CARROLLTON,TX,75010,61,CT,4,"NATASHA STORES, INC.",1700 PACIFIC AVE STE 108,DALLAS,TX,75201,57.0,445120.0,Y,08/11/2025,09/02/2025,2115,32.782532832249,-96.797475366795,Match,Exact
