"1462","3803 IRVING MALL, IRVING, TX, 75062","Match","Exact","3803 IRVING MALL, IRVING, TX, 75062","-96.994304958083,32.841102633578","102998758","R"
"1461","7150 CHAUCER PL STE 108, DALLAS, TX, 75237","Match","Exact","7150 CHAUCER PL, DALLAS, TX, 75237","-96.867815601763,32.661497188212","102952641","L"
"1460","3706 CHEYENNE ST, IRVING, TX, 75038","Match","Exact","3706 CHEYENNE ST, IRVING, TX, 75038","-97.001523965312,32.857143765295","103202990","L"
"1459","11124 MANORVIEW CIR, DALLAS, TX, 75228","Match","Exact","11124 MANORVIEW CIR, DALLAS, TX, 75228","-96.653501592374,32.842635342249","102930187","R"
"1458","800 E ARAPAHO RD STE 104, RICHARDSON, TX, 75081","Match","Exact","800 E ARAPAHO RD, RICHARDSON, TX, 75081","-96.713699865114,32.960573375769","102915385","R"
"1457","2743 CEDAR CREST BLVD, DALLAS, TX, 75203","Match","Exact","2743 CEDAR CREST BLVD, DALLAS, TX, 75203","-96.789305540152,32.739772296554","102950771","L"
"1456","16117 LONGVISTA DR, DALLAS, TX, 75248","Match","Exact","16117 LONGVISTA DR, DALLAS, TX, 75248","-96.783345688237,32.971408812695","102900332","L"
"1455","1201 W CAMP WISDOM RD, DALLAS, TX, 75232","Match","Exact","1201 W CAMP WISDOM RD, DALLAS, TX, 75232","-96.841761307035,32.662248769098","103219222","R"
"1454","3610 W JEFFERSON BLVD STE 100, COCKRELL HILL, TX, 75211","Match","Non_Exact","3610 W JEFFERSON BLVD, DALLAS, TX, 75211","-96.878754057675,32.740314781193","103266242","R"
"1453","2913 MONTICELLO LN, LANCASTER, TX, 75134","Match","Exact","2913 MONTICELLO LN, LANCASTER, TX, 75134","-96.802207507457,32.623843474368","627209842","L"
"1452","11437 SHILOH RD, DALLAS, TX, 75228","Match","Exact","11437 SHILOH RD, DALLAS, TX, 75228","-96.666014205379,32.850119739405","102929893","L"
"1473","2929 BELT LINE RD, GARLAND, TX, 75044","Match","Exact","2929 BELT LINE RD, GARLAND, TX, 75044","-96.671461129836,32.944910701605","103252269","L"
"1472","3030 LYNDON B JOHNSON FWY STE 1630, DALLAS, TX, 75234","Match","Exact","3030 LYNDON B JOHNSON FWY, DALLAS, TX, 75234","-96.86754019981,32.914245831876","103272086","L"
"1471","6504 HIGHWAY 78, SACHSE, TX, 75048","Match","Exact","6504 STATE HWY 78, SACHSE, TX, 75048","-96.588972374697,32.980275865037","103184164","R"
"1470","2475 S COCKRELL HILL RD STE 100, DALLAS, TX, 75211","Match","Exact","2475 S COCKRELL HILL RD, DALLAS, TX, 75211","-96.891592973989,32.718646584655","102940334","R"
"0","3046 FOREST LN STE B, DALLAS, TX, 75234","Match","Non_Exact","3046 FOREST LN, DALLAS, TX, 75234","-96.875249082081,32.909537128346","634282456","R"
"1","1122 W CENTERVILLE RD, GARLAND, TX, 75041","No_Match"
"1469","3500 E ILLINOIS AVE, DALLAS, TX, 75216","Match","Exact","3500 E ILLINOIS AVE, DALLAS, TX, 75216","-96.764806352065,32.714940695788","102956608","R"
"2","6421 RIVERSIDE DR STE 110, IRVING, TX, 75039","Match","Exact","6421 RIVERSIDE DR, IRVING, TX, 75039","-96.939050248351,32.897319553596","648195175","L"
"1468","8300 HARRY HINES BLVD, DALLAS, TX, 75235","Match","Exact","8300 HARRY HINES BLVD, DALLAS, TX, 75235","-96.862853732225,32.835315138174","102902973","R"
"3","1639 S BUCKNER BLVD, DALLAS, TX, 75217","Match","Non_Exact","1639 BUCKNER BLVD, DALLAS, TX, 75217","-96.683041428861,32.740362487008","642861678","L"
"1467","5100 BELT LINE RD STE 1012, DALLAS, TX, 75254","Match","Exact","5100 BELT LINE RD, DALLAS, TX, 75254","-96.821670972107,32.953965297782","103253331","R"
"4","5181 KELLER SPRINGS RD STE 103, DALLAS, TX, 75248","No_Match"
"1466","2447 GUS THOMASSON RD STE 12, DALLAS, TX, 75228","Tie"
"5","1900 S JOSEY LN, CARROLLTON, TX, 75006","Match","Non_Exact","1900 N JOSEY LN, CARROLLTON, TX, 75006","-96.889922895209,32.96467488744","103273808","L"
"1465","4515 VILLAGE FAIR DR STE E10, DALLAS, TX, 75224","Match","Exact","4515 VILLAGE FAIR DR, DALLAS, TX, 75224","-96.829363599874,32.690751889284","102948418","L"
"6","4601 N STATE HIGHWAY 161, IRVING, TX, 75038","No_Match"
"1464","1401 NORTHWEST HWY STE 139, GARLAND, TX, 75041","Match","Exact","1401 NORTHWEST HWY, GARLAND, TX, 75041","-96.648410558185,32.864253251205","103238122","L"
"7","1600 MARSH LN STE 100, CARROLLTON, TX, 75006","No_Match"
"1463","7324 GASTON AVE STE 115, DALLAS, TX, 75214","Match","Exact","7324 GASTON AVE, DALLAS, TX, 75214","-96.730767611575,32.811792586591","103200892","R"
"8","6906 SNIDER PLZ, DALLAS, TX, 75205","Match","Exact","6906 SNIDER PLZ, DALLAS, TX, 75205","-96.787728484408,32.849445592542","102907257","R"
"9","2615 OAK LAWN AVE STE 110, DALLAS, TX, 75219","Match","Exact","2615 OAK LAWN AVE, DALLAS, TX, 75219","-96.812826299989,32.805478942931","102908704","L"
"1000","4516 E SIDE AVE, DALLAS, TX, 75226","Match","Exact","4516 E SIDE AVE, DALLAS, TX, 75226","-96.766325676468,32.790844254106","102920333","R"
"1484","4467 ROSS AVE, DALLAS, TX, 75204","Match","Exact","4467 ROSS AVE, DALLAS, TX, 75204","-96.780736967333,32.802526841399","102911038","L"
"1483","1225 BELT LINE RD STE 103, GARLAND, TX, 75040","Match","Exact","1225 BELT LINE RD, GARLAND, TX, 75040","-96.645361902385,32.944851215556","103252600","L"
"1482","3726 W DAVIS ST, DALLAS, TX, 75211","Match","Exact","3726 W DAVIS ST, DALLAS, TX, 75211","-96.879492441259,32.749502616917","102940001","L"
"1481","3701 W CLARENDON DR STE 100, COCKRELL HILL, TX, 75211","Tie"
"1480","1325 E JEFFERSON ST, GRAND PRAIRIE, TX, 75051","Match","Exact","1325 E JEFFERSON ST, GRAND PRAIRIE, TX, 75051","-96.98853829626,32.745004965674","102936606","R"
"1479","2447 GUS THOMASSON RD STE 126, DALLAS, TX, 75228","Tie"
"1478","1819 N GALLOWAY AVE, MESQUITE, TX, 75149","Match","Exact","1819 N GALLOWAY AVE, MESQUITE, TX, 75149","-96.606338888601,32.78694823628","102933739","L"
"1477","1400 HI LINE DR APT 718, DALLAS, TX, 75207","Match","Exact","1400 HI LINE DR, DALLAS, TX, 75207","-96.815459727912,32.794472349033","102908644","R"
"1476","9740 WEBB CHAPEL RD, DALLAS, TX, 75220","Match","Exact","9740 WEBB CHAPEL RD, DALLAS, TX, 75220","-96.864588243456,32.868685233252","103237235","R"
"1475","102 S CEDAR RIDGE DR, DUNCANVILLE, TX, 75116","Match","Non_Exact","102 N CEDAR RIDGE DR, DUNCANVILLE, TX, 75116","-96.925537249242,32.651772127704","103218909","L"
"1474","11700 PRESTON RD # 714, DALLAS, TX, 75230","Match","Exact","11700 PRESTON RD, DALLAS, TX, 75230","-96.804073444098,32.907973293727","103206758","R"
"1011","2324 SHORECREST DR, DALLAS, TX, 75235","Match","Exact","2324 SHORECREST DR, DALLAS, TX, 75235","-96.869552358969,32.843716069045","102902889","R"
"1495","3617 RIDGEBRIAR DR, DALLAS, TX, 75234","Match","Exact","3617 RIDGEBRIAR DR, DALLAS, TX, 75234","-96.858039790675,32.914914264299","102898191","L"
"1010","15707 COIT RD, DALLAS, TX, 75248","Match","Non_Exact","15707 N COIT RD, DALLAS, TX, 75248","-96.76901386378,32.962382580725","103211475","L"
"1494","3439 MAYBETH ST, DALLAS, TX, 75212","Match","Exact","3439 MAYBETH ST, DALLAS, TX, 75212","-96.903587099366,32.78434328439","102894922","L"
"1493","9669 FOREST LN APT 2006, DALLAS, TX, 75243","Match","Exact","9669 FOREST LN, DALLAS, TX, 75243","-96.722882757964,32.909657695073","648226808","L"
"1492","207 S CLARK RD, CEDAR HILL, TX, 75104","Match","Exact","207 S CLARK RD, CEDAR HILL, TX, 75104","-96.942627138411,32.586526900202","103214312","R"
"1491","1133 N ZANG BLVD, DALLAS, TX, 75203","Match","Exact","1133 N ZANG BLVD, DALLAS, TX, 75203","-96.822625357391,32.756780719516","102946156","L"
"1490","2424 ROCK ISLAND RD, IRVING, TX, 75060","Match","Exact","2424 ROCK ISLAND RD, IRVING, TX, 75060","-96.976808283339,32.815268968156","103003797","L"
"1008","1346 N MASTERS DR STE 100, DALLAS, TX, 75217","Match","Exact","1346 N MASTERS DR, DALLAS, TX, 75217","-96.648168524161,32.735890190068","103195943","R"
"1007","2275 GUS THOMASSON RD, DALLAS, TX, 75228","No_Match"
"1006","3441 BEGONIA LN, IRVING, TX, 75038","Match","Exact","3441 BEGONIA LN, IRVING, TX, 75038","-96.993479201063,32.869336321778","650604789","R"
"1005","7007 LAKE JUNE RD, DALLAS, TX, 75217","Match","Exact","7007 LAKE JUNE RD, DALLAS, TX, 75217","-96.701714742705,32.734500562998","103195756","L"
"1489","908 S RIVERFRONT BLVD, DALLAS, TX, 75207","No_Match"
"1004","5290 BELT LINE RD STE 104, DALLAS, TX, 75254","Match","Exact","5290 BELT LINE RD, DALLAS, TX, 75254","-96.815473487839,32.953905567772","103211209","R"
"1488","9015 LEASIDE DR, DALLAS, TX, 75238","Match","Exact","9015 LEASIDE DR, DALLAS, TX, 75238","-96.702350971957,32.869984163812","102922162","L"
"1003","735 N WESTMORELAND RD, DALLAS, TX, 75211","Match","Exact","735 N WESTMORELAND RD, DALLAS, TX, 75211","-96.8742380824,32.749257113296","103266253","R"
"1487","2050 N STEMMONS FWY UNIT 103, DALLAS, TX, 75207","Match","Exact","2050 N STEMMONS FWY, DALLAS, TX, 75207","-96.825002487163,32.801838903015","103258271","R"
"1002","2800 GLENWICK LN STE 110, IRVING, TX, 75060","Match","Exact","2800 GLENWICK LN, IRVING, TX, 75060","-96.973244021013,32.783561047345","632900452","L"
"1486","11740 FERGUSON RD, DALLAS, TX, 75228","Match","Exact","11740 FERGUSON RD, DALLAS, TX, 75228","-96.649578866484,32.855021597161","103278899","R"
"1001","2926 S BUCKNER BLVD, DALLAS, TX, 75227","Match","Non_Exact","2926 BUCKNER BLVD, DALLAS, TX, 75227","-96.682642198114,32.761096032012","102957988","R"
"1485","2780 ROYAL LN STE A, DALLAS, TX, 75229","Match","Non_Exact","2780 ROYAL LN, DALLAS, TX, 75229","-96.88384522872,32.895026949095","103243597","L"
"1009","1949 E CENTERVILLE RD, GARLAND, TX, 75041","Match","Exact","1949 E CENTERVILLE RD, GARLAND, TX, 75041","-96.60362616031,32.893150577417","102929228","L"
"1022","2222 MCKINNEY AVE STE 110, DALLAS, TX, 75201","Match","Exact","2222 MCKINNEY AVE, DALLAS, TX, 75201","-96.802714682322,32.793119964126","102909146","R"
"1021","2240 ROYAL LN STE 306, DALLAS, TX, 75229","Match","Exact","2240 ROYAL LN, DALLAS, TX, 75229","-96.903751983955,32.895431978345","103271167","L"
"1020","2412 W LEDBETTER DR, DALLAS, TX, 75233","Match","Exact","2412 W LEDBETTER DR, DALLAS, TX, 75233","-96.857391286881,32.691178437626","103192042","L"
"1019","228 W 6TH ST # 110, IRVING, TX, 75060","Match","Exact","228 W SIXTH ST, IRVING, TX, 75060","-96.948501769793,32.808536968204","102892722","L"
"1018","4701 LAKEVIEW PKWY, ROWLETT, TX, 75088","No_Match"
"1017","2017 S BECKLEY AVE, DALLAS, TX, 75224","Match","Exact","2017 S BECKLEY AVE, DALLAS, TX, 75224","-96.822881098183,32.722733554244","102947098","R"
"1016","9780 WALNUT ST STE 360, DALLAS, TX, 75243","Match","Exact","9780 WALNUT ST, DALLAS, TX, 75243","-96.718619889808,32.923096775526","651504652","R"
"1015","2215 N STORY RD, IRVING, TX, 75062","No_Match"
"1499","2532 OLD DENTON RD STE 100, CARROLLTON, TX, 75006","Match","Exact","2532 OLD DENTON RD, CARROLLTON, TX, 75006","-96.909748442688,32.979896718823","638386405","R"
"1014","6921 LAKE JUNE RD, DALLAS, TX, 75217","Match","Exact","6921 LAKE JUNE RD, DALLAS, TX, 75217","-96.702838017472,32.734504784332","102957772","L"
"1498","1727 BARNES BRIDGE RD, DALLAS, TX, 75228","Match","Exact","1727 BARNES BRIDGE RD, DALLAS, TX, 75228","-96.678783799175,32.850744539989","103203996","L"
"1013","13605 MIDWAY RD, FARMERS BRANCH, TX, 75244","Match","Exact","13605 MIDWAY RD, FARMERS BRANCH, TX, 75244","-96.839150730927,32.934412894767","102897868","L"
"1497","4154 PREFERRED PL, DALLAS, TX, 75237","Match","Exact","4154 PREFERRED PL, DALLAS, TX, 75237","-96.886079536712,32.660563060322","102943699","R"
"1012","3064 WEBB CHAPEL EXT, DALLAS, TX, 75220","Match","Exact","3064 WEBB CHAPEL EXN, DALLAS, TX, 75220","-96.868541217491,32.858441168081","103203351","R"
"1496","1445 W KINGSLEY RD, GARLAND, TX, 75041","Match","Exact","1445 W KINGSLEY RD, GARLAND, TX, 75041","-96.645159592937,32.87895328236","642862312","L"
"1033","2445 W NORTHWEST HWY STE 109, DALLAS, TX, 75220","Match","Exact","2445 W NORTHWEST HWY, DALLAS, TX, 75220","-96.881985738262,32.858805226168","638404432","L"
"1032","1625 FERRIS RD, GARLAND, TX, 75044","Match","Exact","1625 FERRIS RD, GARLAND, TX, 75044","-96.651297260894,32.975243605436","103176396","R"
"1031","833 N WESTMORELAND RD, DALLAS, TX, 75211","Match","Non_Exact","833 S WESTMORELAND RD, DALLAS, TX, 75211","-96.874378718575,32.737526246627","103224578","L"
"1030","2806 W NORTHWEST HWY, DALLAS, TX, 75220","Match","Exact","2806 W NORTHWEST HWY, DALLAS, TX, 75220","-96.873787561208,32.857725546911","639641388","R"
"1029","750 N RIVERFRONT BLVD, DALLAS, TX, 75207","No_Match"
"1028","7610 GREENVILLE AVE, DALLAS, TX, 75231","Match","Exact","7610 GREENVILLE AVE, DALLAS, TX, 75231","-96.757866365722,32.886260680077","614285977","L"
"1027","3425 FOREST LN STE A, GARLAND, TX, 75042","Match","Non_Exact","3425 FOREST LN, GARLAND, TX, 75042","-96.681472827275,32.909355587086","103244875","R"
"1026","300 N MAIN ST, HUTCHINS, TX, 75141","Match","Exact","300 N MAIN ST, HUTCHINS, TX, 75141","-96.713066055423,32.649553176568","102960111","R"
"1025","4724 GREENVILLE AVE, DALLAS, TX, 75206","Match","Exact","4724 GREENVILLE AVE, DALLAS, TX, 75206","-96.769926780345,32.844927277741","103235474","L"
"600","3333 W AIRPORT FWY, IRVING, TX, 75062","Match","Exact","3333 W AIRPORT FWY, IRVING, TX, 75062","-96.992057539083,32.838596623252","649829042","R"
"1024","2200 W SHADY GROVE RD, IRVING, TX, 75060","Match","Exact","2200 W SHADY GROVE RD, IRVING, TX, 75060","-96.973986838574,32.800434745511","102887459","L"
"601","2839 S ERVAY ST, DALLAS, TX, 75215","Match","Exact","2839 S ERVAY ST, DALLAS, TX, 75215","-96.778983669002,32.762914022391","102950360","R"
"1023","4460 W WALNUT ST STE 126, GARLAND, TX, 75042","Match","Exact","4460 W WALNUT ST, GARLAND, TX, 75042","-96.699744432793,32.916497340274","103248013","L"
"602","4850 SAMUELL BLVD, MESQUITE, TX, 75149","Match","Exact","4850 SAMUELL BLVD, MESQUITE, TX, 75149","-96.671405163929,32.792183959365","103199963","L"
"603","1437 S MARLBOROUGH AVE, DALLAS, TX, 75208","Match","Exact","1437 S MARLBOROUGH AVE, DALLAS, TX, 75208","-96.851783262211,32.729545154398","102945376","R"
"604","1614 S 5TH ST, GARLAND, TX, 75040","Match","Exact","1614 S 5TH ST, GARLAND, TX, 75040","-96.63625853283,32.898721816803","102927830","L"
"605","8701 LAKEVIEW PKWY, ROWLETT, TX, 75088","No_Match"
"606","11925 ELAM RD, BALCH SPRINGS, TX, 75180","Match","Exact","11925 ELAM RD, BALCH SPRINGS, TX, 75180","-96.621959522701,32.719369625956","102962497","L"
"607","1815 S 1ST ST STE E, GARLAND, TX, 75040","Match","Non_Exact","1815 S 1ST ST, GARLAND, TX, 75040","-96.631106854451,32.895911608496","102927893","R"
"608","1629 N TOWN EAST BLVD, MESQUITE, TX, 75150","Match","Exact","1629 N TOWN EAST BLVD, MESQUITE, TX, 75150","-96.623128998523,32.810821298336","103233739","L"
"609","1818 METROPOLITAN AVE, DALLAS, TX, 75215","Match","Exact","1818 METROPOLITAN AVE, DALLAS, TX, 75215","-96.769436415859,32.757345591327","102950676","R"
"1044","4630 HATCHER ST, DALLAS, TX, 75210","No_Match"
"1043","5630 HIGHWAY 78, SACHSE, TX, 75048","Match","Exact","5630 STATE HWY 78, SACHSE, TX, 75048","-96.598218930758,32.974371534472","103257741","R"
"1042","615 S MAIN ST, DUNCANVILLE, TX, 75116","Match","Exact","615 S MAIN ST, DUNCANVILLE, TX, 75116","-96.908472878575,32.646735105229","102943238","R"
"1041","1753 BLUE STREAM DR, DESOTO, TX, 75115","Match","Exact","1753 BLUE STREAM DR, DESOTO, TX, 75115","-96.902965508175,32.594797920095","627912272","L"
"1040","114 E IRVING BLVD, IRVING, TX, 75060","Match","Exact","114 E IRVING BLVD, IRVING, TX, 75060","-96.94595216881,32.813774967106","102893022","R"
"1039","16315 FALLKIRK DR, DALLAS, TX, 75248","Match","Exact","16315 FALLKIRK DR, DALLAS, TX, 75248","-96.770106553337,32.975597655667","102896349","L"
"1038","2949 E KIEST BLVD, DALLAS, TX, 75216","Match","Exact","2949 E KIEST BLVD, DALLAS, TX, 75216","-96.786011814382,32.725936477466","636338061","L"
"1037","8035 E R L THORNTON FWY STE 432, DALLAS, TX, 75228","No_Match"
"610","950 E SANDY LAKE RD, COPPELL, TX, 75019","Match","Non_Exact","950 W SANDY LAKE RD, COPPELL, TX, 75019","-97.023249190889,32.973249133201","618492333","R"
"1036","4301 SATURN RD, GARLAND, TX, 75041","Match","Exact","4301 SATURN RD, GARLAND, TX, 75041","-96.648422777792,32.865666015029","103239474","R"
"611","5936 MILITARY PKWY, DALLAS, TX, 75227","Match","Exact","5936 MILITARY PKWY, DALLAS, TX, 75227","-96.716419172443,32.776597791606","103198625","R"
"1035","8324 SOUTHWESTERN BLVD, DALLAS, TX, 75206","No_Match"
"612","3600 W JEFFERSON BLVD, DALLAS, TX, 75211","Match","Exact","3600 W JEFFERSON BLVD, DALLAS, TX, 75211","-96.878641915861,32.740340243629","103266242","R"
"1034","12895 JOSEY LN STE 225, FARMERS BRANCH, TX, 75234","Match","Exact","12895 JOSEY LN, FARMERS BRANCH, TX, 75234","-96.881786143633,32.924231729249","103272060","L"
"613","1546 ROWLETT RD STE 103, GARLAND, TX, 75043","No_Match"
"614","3000 PIONEER RD STE 1, BALCH SPRINGS, TX, 75181","Match","Exact","3000 PIONEER RD, BALCH SPRINGS, TX, 75181","-96.601338585638,32.72779250392","655870482","L"
"615","1930 N COIT RD STE 151, RICHARDSON, TX, 75080","No_Match"
"616","2201 W GRAUWYLER RD, IRVING, TX, 75061","Match","Exact","2201 W GRAUWYLER RD, IRVING, TX, 75061","-96.974608561602,32.829027215194","102886875","R"
"617","1770 W IRVING BLVD STE 11, IRVING, TX, 75061","Match","Exact","1770 W IRVING BLVD, IRVING, TX, 75061","-96.967637988371,32.823753525223","638400333","L"
"618","3115 BUNKER HILL RD STE 103, SACHSE, TX, 75048","No_Match"
"619","440 S HAMPTON RD, DE SOTO, TX, 75115","Match","Non_Exact","440 S HAMPTON RD, DESOTO, TX, 75115","-96.856805865776,32.583482790977","103186201","L"
"1055","211 N ERVAY ST STE 120, DALLAS, TX, 75201","Match","Exact","211 N ERVAY ST, DALLAS, TX, 75201","-96.797456963883,32.782024897741","102909983","L"
"1054","2433 PARKCREST DR, GARLAND, TX, 75041","Match","Exact","2433 PARKCREST DR, GARLAND, TX, 75041","-96.665012933362,32.891115350483","103207254","R"
"1053","8601 SUNSET BLVD STE A, ROWLETT, TX, 75088","Match","Non_Exact","8601 SUNSET BLVD, ROWLETT, TX, 75088","-96.521396735338,32.878223948232","652524608","R"
"1052","633 W DAVIS ST, DALLAS, TX, 75208","Match","Exact","633 W DAVIS ST, DALLAS, TX, 75208","-96.832397804249,32.749509555324","647956470","R"
"1051","851 LAKE CAROLYN PKWY STE 150, IRVING, TX, 75039","Match","Exact","851 LAKE CAROLYN PKWY, IRVING, TX, 75039","-96.932520620602,32.867742874822","654552838","R"
"1050","4020 VILLANOVA ST, DALLAS, TX, 75225","Match","Exact","4020 VILLANOVA ST, DALLAS, TX, 75225","-96.802017109166,32.864454163803","102906158","R"
"1049","3926 E OVERTON RD, DALLAS, TX, 75216","Match","Non_Exact","3926 OVERTON RD, DALLAS, TX, 75216","-96.763646694452,32.724200901079","103193791","R"
"620","3701 NW HWY #203, DALLAS, TX, 75220","Tie"
"1048","2827 S BUCKNER BLVD, DALLAS, TX, 75227","Match","Non_Exact","2827 BUCKNER BLVD, DALLAS, TX, 75227","-96.682961451142,32.759489714806","103227438","L"
"621","7729 GARLAND RD, DALLAS, TX, 75218","Match","Exact","7729 GARLAND RD, DALLAS, TX, 75218","-96.728468847033,32.811842272028","102921422","L"
"1047","3939 S POLK ST STE 323, DALLAS, TX, 75224","Match","Exact","3939 S POLK ST, DALLAS, TX, 75224","-96.840191053084,32.695404882642","102947836","R"
"622","160 N COIT RD, RICHARDSON, TX, 75080","Match","Exact","160 N COIT RD, RICHARDSON, TX, 75080","-96.768762696356,32.952903180749","103273924","R"
"1046","1719 SINGLETON BLVD, DALLAS, TX, 75212","Match","Exact","1719 SINGLETON BLVD, DALLAS, TX, 75212","-96.846712995097,32.778584472178","102904706","R"
"623","751 FREEPORT PKWY, COPPELL, TX, 75019","Match","Exact","751 FREEPORT PKWY, COPPELL, TX, 75019","-97.010862228652,32.95243592161","103252792","R"
"1045","515 W CAMPBELL RD STE 105, RICHARDSON, TX, 75080","Match","Exact","515 W CAMPBELL RD, RICHARDSON, TX, 75080","-96.736547559317,32.976016128393","103212842","L"
"624","10455 N CENTRAL EXPY STE 119, DALLAS, TX, 75231","Match","Exact","10455 N CENTRAL EXPY, DALLAS, TX, 75231","-96.770191047127,32.888774334903","102902437","L"
"625","1506 W MILLER RD, GARLAND, TX, 75041","Match","Non_Exact","1506 E MILLER RD, GARLAND, TX, 75041","-96.609997155532,32.894117937413","102929179","R"
"626","6850 N SHILOH RD, GARLAND, TX, 75044","No_Match"
"627","2376 LAVON DR STE 110, GARLAND, TX, 75040","No_Match"
"628","2860 WALNUT HILL LN STE 106, DALLAS, TX, 75229","Match","Exact","2860 WALNUT HILL LN, DALLAS, TX, 75229","-96.881758079564,32.880842951679","103205190","R"
"629","400 N GREENVILLE AVE STE 1, RICHARDSON, TX, 75081","Match","Exact","400 N GREENVILLE AVE, RICHARDSON, TX, 75081","-96.728619871016,32.953691806911","103254217","R"
"1066","4302 W CAMP WISDOM RD, DALLAS, TX, 75237","Match","Exact","4302 W CAMP WISDOM RD, DALLAS, TX, 75237","-96.889273876815,32.661846479444","102943659","L"
"1065","6410 SKILLMAN ST, DALLAS, TX, 75231","No_Match"
"1064","2433 W KIEST BLVD, DALLAS, TX, 75233","Match","Exact","2433 W KIEST BLVD, DALLAS, TX, 75233","-96.857654464879,32.705862457668","103192031","R"
"1063","509 N GILPIN AVE, DALLAS, TX, 75211","Match","Exact","509 N GILPIN AVE, DALLAS, TX, 75211","-96.880695527683,32.747793759333","102940020","L"
"1062","3155 S LANCASTER RD STE 130, DALLAS, TX, 75216","Match","Exact","3155 S LANCASTER RD, DALLAS, TX, 75216","-96.802621108929,32.709027596911","102951309","R"
"1061","8721 LAKE JUNE RD, DALLAS, TX, 75217","Match","Exact","8721 LAKE JUNE RD, DALLAS, TX, 75217","-96.670178105975,32.734341055456","102958563","L"
"1060","7902 ESTERS BLVD, IRVING, TX, 75063","Match","Exact","7902 ESTERS BLVD, IRVING, TX, 75063","-97.007850661077,32.916634218491","103207598","R"
"630","5111 KIAMESHA WAY, MESQUITE, TX, 75150","Match","Exact","5111 KIAMESHA WAY, MESQUITE, TX, 75150","-96.655802275845,32.833700654053","102930218","L"
"631","2217 IVAN ST, DALLAS, TX, 75201","Match","Exact","2217 IVAN ST, DALLAS, TX, 75201","-96.809970766647,32.797763368008","102908788","L"
"1059","5507 LINDSLEY AVE, DALLAS, TX, 75223","Match","Exact","5507 LINDSLEY AVE, DALLAS, TX, 75223","-96.751423792766,32.79605014685","102920210","L"
"632","1023 E PIONEER DR APT 119, IRVING, TX, 75061","Match","Exact","1023 E PIONEER DR, IRVING, TX, 75061","-96.933836700473,32.817676357026","102893265","L"
"1058","100 W SANDY LAKE RD, COPPELL, TX, 75019","Match","Exact","100 W SANDY LAKE RD, COPPELL, TX, 75019","-96.993817573301,32.969404644595","627180614","R"
"633","1800 N GALLOWAY AVE STE 200, MESQUITE, TX, 75149","Match","Exact","1800 N GALLOWAY AVE, MESQUITE, TX, 75149","-96.605199011017,32.786328242621","103229979","L"
"1057","5630 E MOCKINGBIRD LN, DALLAS, TX, 75206","Match","Non_Exact","5630 MOCKINGBIRD LN, DALLAS, TX, 75206","-96.771398832798,32.836454976098","102908168","R"
"634","4010 N MACARTHUR BLVD # 100, IRVING, TX, 75038","No_Match"
"1056","912 E IRVING BLVD, IRVING, TX, 75060","Match","Non_Exact","912 W IRVING BLVD, IRVING, TX, 75060","-96.956821823604,32.813398639951","102892585","L"
"635","2810 SAMUELL BLVD STE A, DALLAS, TX, 75223","Match","Non_Exact","2810 SAMUELL BLVD, DALLAS, TX, 75223","-96.746156568656,32.792911811504","102920927","R"
"636","1102 E PIONEER DR STE H, IRVING, TX, 75061","Match","Non_Exact","1102 E PIONEER DR, IRVING, TX, 75061","-96.933327754637,32.817559340244","102893265","R"
"637","355 CONEFLOWER DR, GARLAND, TX, 75040","Match","Exact","355 CONEFLOWER DR, GARLAND, TX, 75040","-96.6129662595,32.95191492225","650203644","R"
"638","536 CENTENNIAL BLVD, RICHARDSON, TX, 75081","Match","Exact","536 CENTENNIAL BLVD, RICHARDSON, TX, 75081","-96.720661380331,32.93815438156","103251820","R"
"639","2963 BELLE STARR DR, DALLAS, TX, 75227","Match","Exact","2963 BELLE STARR DR, DALLAS, TX, 75227","-96.657994164714,32.762952319908","102961329","L"
"1077","1103 S JOSEY LN STE 411, CARROLLTON, TX, 75006","Match","Exact","1103 S JOSEY LN, CARROLLTON, TX, 75006","-96.890130959875,32.951904779906","103253675","L"
"1076","9770 FOREST LN, DALLAS, TX, 75243","Match","Exact","9770 FOREST LN, DALLAS, TX, 75243","-96.719119405145,32.909392938875","103244512","R"
"1075","13900 JOSEY LN, FARMERS BRANCH, TX, 75234","Match","Exact","13900 JOSEY LN, FARMERS BRANCH, TX, 75234","-96.888080384869,32.933810835108","103250346","L"
"1074","420 N PLANO RD, GARLAND, TX, 75042","Match","Exact","420 N PLANO RD, GARLAND, TX, 75042","-96.700296482384,32.91070912575","103271351","L"
"1073","5509 W LOVERS LN STE A, DALLAS, TX, 75209","No_Match"
"1072","3116 AL LIPSCOMB WAY, DALLAS, TX, 75215","No_Match"
"1071","207 CLARICE ST, GRAND PRAIRIE, TX, 75051","Match","Exact","207 CLARICE ST, GRAND PRAIRIE, TX, 75051","-97.004955095555,32.735827105552","102936207","L"
"1070","202 W PIONEER PKWY, GRAND PRAIRIE, TX, 75051","Match","Exact","202 W PIONEER PKWY, GRAND PRAIRIE, TX, 75051","-97.005362099077,32.70963358072","102999470","R"
"640","2927 LOMBARDY LN, DALLAS, TX, 75220","Match","Exact","2927 LOMBARDY LN, DALLAS, TX, 75220","-96.876458577318,32.866488121901","102894063","L"
"641","14825 INWOOD RD, ADDISON, TX, 75001","Match","Exact","14825 INWOOD RD, ADDISON, TX, 75001","-96.82917712799,32.949691770927","103209537","L"
"642","4100 W AIRPORT FWY, IRVING, TX, 75062","Match","Exact","4100 W AIRPORT FWY, IRVING, TX, 75062","-97.003497981098,32.836626226806","102966610","L"
"643","4436 LEMMON AVE, DALLAS, TX, 75219","Match","Exact","4436 LEMMON AVE, DALLAS, TX, 75219","-96.812913774638,32.818410352524","102908376","R"
"1069","4216 S CARRIER PKWY, GRAND PRAIRIE, TX, 75052","Match","Exact","4216 S CARRIER PKWY, GRAND PRAIRIE, TX, 75052","-97.005207010677,32.670634398072","103190110","R"
"644","1551 S BECKLEY RD STE A, GLENN HEIGHTS, TX, 75154","Match","Non_Exact","1551 S BECKLEY RD, GLENN HEIGHTS, TX, 75154","-96.822971367386,32.560228795773","103185096","R"
"1068","2105 S GARLAND AVE, GARLAND, TX, 75041","Match","Exact","2105 S GARLAND AVE, GARLAND, TX, 75041","-96.650621355228,32.892459315426","102927326","R"
"645","3626 W NORTHGATE DR, IRVING, TX, 75062","Match","Exact","3626 W NORTHGATE DR, IRVING, TX, 75062","-96.995113422957,32.856830961115","102980497","L"
"1067","1710 W MOCKINGBIRD LN UNIT B, DALLAS, TX, 75235","Match","Non_Exact","1710 W MOCKINGBIRD LN, DALLAS, TX, 75235","-96.856934458527,32.822156341792","102903045","R"
"646","9024 LAKE JUNE RD STE A, DALLAS, TX, 75217","Match","Non_Exact","9024 LAKE JUNE RD, DALLAS, TX, 75217","-96.664362449613,32.733980970101","103225783","L"
"647","6038 ORAM ST, DALLAS, TX, 75206","Match","Exact","6038 ORAM ST, DALLAS, TX, 75206","-96.762478215261,32.813801959189","102919667","R"
"648","1322 N HAMPTON RD, DALLAS, TX, 75208","Match","Exact","1322 N HAMPTON RD, DALLAS, TX, 75208","-96.856484263554,32.763352155747","102944773","R"
"649","2316 TIMBERLAKE DR, IRVING, TX, 75062","Match","Exact","2316 TIMBERLAKE DR, IRVING, TX, 75062","-96.981847809326,32.854571388036","102886359","L"
"1080","9350 N CENTRAL EXPY, DALLAS, TX, 75231","Match","Exact","9350 N CENTRAL EXPY, DALLAS, TX, 75231","-96.769737647448,32.874191504002","638424931","R"
"1088","8413 PRESTON CENTER PLZ, DALLAS, TX, 75225","Match","Exact","8413 PRESTON CENTER PLZ, DALLAS, TX, 75225","-96.802840433471,32.864603954053","102906156","L"
"1087","1817 AVENUE F, GRAND PRAIRIE, TX, 75051","Match","Exact","1817 AVE F, GRAND PRAIRIE, TX, 75051","-96.978602577375,32.720062664842","102937026","R"
"1086","16731 COIT RD, DALLAS, TX, 75248","Match","Exact","16731 COIT RD, DALLAS, TX, 75248","-96.768319945477,32.986281822065","650463208","R"
"1085","555 W AIRPORT FWY STE 148, IRVING, TX, 75062","Match","Exact","555 W AIRPORT FWY, IRVING, TX, 75062","-96.952160089144,32.837339475117","638382000","R"
"1084","2801 S MARSALIS AVE, DALLAS, TX, 75216","Match","Exact","2801 S MARSALIS AVE, DALLAS, TX, 75216","-96.814635571881,32.713118980489","102951003","R"
"1083","3435 JANE LN, DALLAS, TX, 75247","Match","Exact","3435 JANE LN, DALLAS, TX, 75247","-96.874025718176,32.806707556734","102895248","R"
"1082","13091 BEE ST, FARMERS BRANCH, TX, 75234","Match","Exact","13091 BEE ST, FARMERS BRANCH, TX, 75234","-96.89601797127,32.923697145235","627558222","L"
"1081","2014-2016 W BUCKINGHAM, GARLAND, TX, 75042","Match","Non_Exact","2016 W BUCKINGHAM RD, GARLAND, TX, 75042","-96.657528728332,32.930432914496","103210502","L"
"650","2543 S BUCKNER BLVD STE A, DALLAS, TX, 75227","Match","Non_Exact","2543 BUCKNER BLVD, DALLAS, TX, 75227","-96.682991839148,32.755570158087","103227622","L"
"651","2808 S MARSALIS AVE, DALLAS, TX, 75216","Match","Exact","2808 S MARSALIS AVE, DALLAS, TX, 75216","-96.814499378389,32.712980661439","102951003","L"
"652","333 S CEDAR RIDGE DR, DUNCANVILLE, TX, 75116","Match","Exact","333 S CEDAR RIDGE DR, DUNCANVILLE, TX, 75116","-96.925693645693,32.648711081941","102941911","R"
"653","609 DAIRY RD STE 100, GARLAND, TX, 75040","Match","Exact","609 DAIRY RD, GARLAND, TX, 75040","-96.621134503554,32.907834401373","102928004","R"
"654","4275 W NORTHWEST HWY, DALLAS, TX, 75220","Match","Exact","4275 W NORTHWEST HWY, DALLAS, TX, 75220","-96.837450788178,32.86410964168","103004668","L"
"655","2237 JOE FIELD RD STE 101, DALLAS, TX, 75229","Match","Exact","2237 JOE FIELD RD, DALLAS, TX, 75229","-96.903644369809,32.893004152729","102890008","L"
"1079","6514 CHEVY CHASE AVE, DALLAS, TX, 75225","Match","Exact","6514 CHEVY CHASE AVE, DALLAS, TX, 75225","-96.793178943444,32.87149194961","102902271","R"
"656","1800 MAIN ST STE 124, DALLAS, TX, 75201","Match","Exact","1800 MAIN ST, DALLAS, TX, 75201","-96.796373062657,32.781180157982","102910017","R"
"1078","10909 WEBB CHAPEL RD STE 131, DALLAS, TX, 75229","No_Match"
"657","14856 PRESTON RD STE 200, DALLAS, TX, 75254","Match","Exact","14856 PRESTON RD, DALLAS, TX, 75254","-96.803399482286,32.951465582093","103273879","R"
"658","12800 JUPITER RD APT 322, DALLAS, TX, 75238","Match","Exact","12800 JUPITER RD, DALLAS, TX, 75238","-96.682976960546,32.869463838398","103239429","L"
"659","332 W COMMERCE ST, DALLAS, TX, 75208","Match","Exact","332 W COMMERCE ST, DALLAS, TX, 75208","-96.828540656063,32.773627091637","102905717","L"
"1091","10956 ELAM RD, BALCH SPRINGS, TX, 75180","Match","Exact","10956 ELAM RD, BALCH SPRINGS, TX, 75180","-96.637516313771,32.719292971741","103223914","L"
"1090","4950 COLUMBIA AVE, DALLAS, TX, 75214","Match","Exact","4950 COLUMBIA AVE, DALLAS, TX, 75214","-96.762302597013,32.796092278489","103231429","L"
"1099","2417 W AIRPORT FWY, IRVING, TX, 75062","Match","Exact","2417 W AIRPORT FWY, IRVING, TX, 75062","-96.977260751482,32.837433555394","638383725","R"
"1098","12920 PRESTON RD, DALLAS, TX, 75230","No_Match"
"1097","1028 W CAMP WISDOM RD STE 1028, DALLAS, TX, 75232","Match","Exact","1028 W CAMP WISDOM RD, DALLAS, TX, 75232","-96.838727924817,32.662020519391","103190522","L"
"1096","417 N BISHOP AVE, DALLAS, TX, 75208","Match","Exact","417 N BISHOP AVE, DALLAS, TX, 75208","-96.828374092954,32.748223383948","102946212","L"
"1095","108 W BELT LINE RD STE 1, CEDAR HILL, TX, 75104","Match","Exact","108 W BELT LINE RD, CEDAR HILL, TX, 75104","-96.944839497476,32.589876173481","103185689","L"
"1094","2100 ROSS AVE STE 110, DALLAS, TX, 75201","Match","Exact","2100 ROSS AVE, DALLAS, TX, 75201","-96.798253100402,32.787679410103","102909896","R"
"1093","3128 FOREST LN STE 251, DALLAS, TX, 75234","Match","Exact","3128 FOREST LN, DALLAS, TX, 75234","-96.871243752446,32.909592262517","103243823","R"
"1092","13131 MONTFORT DR, DALLAS, TX, 75240","Match","Exact","13131 MONTFORT DR, DALLAS, TX, 75240","-96.8114236198,32.927460353124","103247384","L"
"660","2347 OATES DR, DALLAS, TX, 75228","Match","Exact","2347 OATES DR, DALLAS, TX, 75228","-96.676150654756,32.8215599285","102923642","L"
"661","1907 S CESAR CHAVEZ BLVD, DALLAS, TX, 75215","No_Match"
"662","1706 N HIGHWAY 175, SEAGOVILLE, TX, 75159","Match","Exact","1706 N HWY 175, SEAGOVILLE, TX, 75159","-96.557441444125,32.655180609356","102965497","R"
"663","3807 E KIEST BLVD, DALLAS, TX, 75203","Match","Exact","3807 E KIEST BLVD, DALLAS, TX, 75203","-96.788422024545,32.738484239688","103195580","L"
"664","430 N COIT RD, RICHARDSON, TX, 75080","No_Match"
"665","410 N O CONNOR RD, IRVING, TX, 75061","Match","Exact","410 N O'CONNOR RD, IRVING, TX, 75061","-96.949460181261,32.817300269664","102892666","R"
"666","4921 GUS THOMASSON RD, MESQUITE, TX, 75150","Match","Exact","4921 GUS THOMASSON RD, MESQUITE, TX, 75150","-96.655026438077,32.830841813225","102930204","L"
"667","8034 CHRYSALIS DR, DALLAS, TX, 75237","Match","Exact","8034 CHRYSALIS DR, DALLAS, TX, 75237","-96.858807378983,32.648434182547","102999654","R"
"1089","1413 W PIONEER DR, IRVING, TX, 75061","Match","Exact","1413 W PIONEER DR, IRVING, TX, 75061","-96.963582484017,32.822433070212","102891443","R"
"668","5123 W LOVERS LN, DALLAS, TX, 75209","No_Match"
"669","106 HALL RD, SEAGOVILLE, TX, 75159","Match","Exact","106 HALL RD, SEAGOVILLE, TX, 75159","-96.549033222357,32.648671326206","102965620","R"
"670","950 S CARRIER PKWY, GRAND PRAIRIE, TX, 75051","Match","Exact","950 S CARRIER PKWY, GRAND PRAIRIE, TX, 75051","-97.014721074953,32.734337976585","102936035","R"
"671","6038 ORAM ST, DALLAS, TX, 75206","Match","Exact","6038 ORAM ST, DALLAS, TX, 75206","-96.762478215261,32.813801959189","102919667","R"
"672","1380 W CAMPBELL RD, RICHARDSON, TX, 75080","Match","Exact","1380 W CAMPBELL RD, RICHARDSON, TX, 75080","-96.765639919553,32.97836804532","103255941","R"
"673","1007 W PLEASANT RUN RD, LANCASTER, TX, 75146","Match","Exact","1007 W PLEASANT RUN RD, LANCASTER, TX, 75146","-96.777784910995,32.605283214031","103187418","R"
"674","727 E ANN ARBOR AVE, DALLAS, TX, 75216","Match","Non_Exact","727 ANN ARBOR AVE, DALLAS, TX, 75216","-96.814248299993,32.691367412007","102951556","L"
"675","5050 LAKEVIEW PKWY, ROWLETT, TX, 75088","Match","Exact","5050 LAKEVIEW PKWY, ROWLETT, TX, 75088","-96.553659611584,32.907700371391","638371764","R"
"676","1933 NORTHWEST HWY STE A, GARLAND, TX, 75041","Match","Non_Exact","1933 NORTHWEST HWY, GARLAND, TX, 75041","-96.657065768494,32.864199536505","103238113","L"
"677","310 N BARNES DR STE A, GARLAND, TX, 75042","Match","Non_Exact","310 N BARNES DR, GARLAND, TX, 75042","-96.678622452513,32.916076985483","102917802","R"
"678","6025 ROYAL LN STE 105, DALLAS, TX, 75230","Match","Exact","6025 ROYAL LN, DALLAS, TX, 75230","-96.803181595304,32.894963589525","102901637","L"
"679","17194 PRESTON RD, DALLAS, TX, 75248","Match","Exact","17194 PRESTON RD, DALLAS, TX, 75248","-96.803990908943,32.984750186943","103255861","R"
"680","3803 S POLK ST, DALLAS, TX, 75224","Match","Exact","3803 S POLK ST, DALLAS, TX, 75224","-96.840208884885,32.69644477649","102947836","R"
"681","9751 WALNUT ST STE 112, DALLAS, TX, 75243","No_Match"
"682","8550 PLANO RD STE 102, DALLAS, TX, 75238","Match","Exact","8550 PLANO RD, DALLAS, TX, 75238","-96.700338238556,32.864965739594","103237923","R"
"683","515 S MACARTHUR BLVD, IRVING, TX, 75060","Match","Exact","515 S MACARTHUR BLVD, IRVING, TX, 75060","-96.960067400538,32.809579039591","102892600","R"
"200","4205 PRESIDENT GEORGE BUSH HWY, SACHSE, TX, 75048","No_Match"
"684","2800 GLENWICK LN STE 100, IRVING, TX, 75060","Match","Exact","2800 GLENWICK LN, IRVING, TX, 75060","-96.973244021013,32.783561047345","632900452","L"
"201","3021 LOMBARDY LN # 104, DALLAS, TX, 75220","Match","Exact","3021 LOMBARDY LN, DALLAS, TX, 75220","-96.875095884992,32.866494545494","102894066","L"
"685","119 W KINGSLEY RD STE 121, GARLAND, TX, 75041","No_Match"
"202","3839 DIXON AVE, DALLAS, TX, 75210","Match","Exact","3839 DIXON AVE, DALLAS, TX, 75210","-96.734000043606,32.765394179933","102956444","L"
"686","520 W 6TH ST, IRVING, TX, 75060","Match","Exact","520 W SIXTH ST, IRVING, TX, 75060","-96.952839425563,32.808545968389","650605039","L"
"203","6464 E NORTHWEST HWY STE 326, DALLAS, TX, 75214","Match","Exact","6464 E NORTHWEST HWY, DALLAS, TX, 75214","-96.750513202931,32.8570767754","103269903","L"
"687","3219 FOREST LN, GARLAND, TX, 75042","Match","Exact","3219 FOREST LN, GARLAND, TX, 75042","-96.678728843369,32.909351811202","103271364","R"
"204","611 S HAMPTON RD, DALLAS, TX, 75208","Match","Non_Exact","611 N HAMPTON RD, DALLAS, TX, 75208","-96.856912606334,32.751510235954","638380337","L"
"688","1227 MORRELL AVE, DALLAS, TX, 75203","Match","Exact","1227 MORRELL AVE, DALLAS, TX, 75203","-96.806177034893,32.739171566589","102949761","L"
"205","255 CEDAR SAGE DR, GARLAND, TX, 75040","Match","Exact","255 CEDAR SAGE DR, GARLAND, TX, 75040","-96.612441669108,32.953713617748","650213769","L"
"689","701 E CARTWRIGHT RD STE 123, MESQUITE, TX, 75149","Match","Non_Exact","701 W CARTWRIGHT RD, MESQUITE, TX, 75149","-96.60654752774,32.746749743351","103165370","L"
"206","2380 N FIELD ST, DALLAS, TX, 75201","Match","Non_Exact","2380 N FIELD BLVD, DALLAS, TX, 75201","-96.806353486971,32.788575237023","102909396","R"
"207","3230 E MAIN ST, GRAND PRAIRIE, TX, 75050","Match","Exact","3230 E MAIN ST, GRAND PRAIRIE, TX, 75050","-96.956596183115,32.749422127749","640541338","R"
"208","7047 TWIN HILLS AVE STE 125, DALLAS, TX, 75231","Match","Exact","7047 TWIN HILLS AVE, DALLAS, TX, 75231","-96.764579044926,32.874117514347","639486679","L"
"209","1213 MARKET PL, IRVING, TX, 75063","Match","Exact","1213 MARKET PL, IRVING, TX, 75063","-96.963175359904,32.91848856196","103005499","L"
"690","1415 N DALLAS AVE, LANCASTER, TX, 75134","Match","Exact","1415 N DALLAS AVE, LANCASTER, TX, 75134","-96.759330173084,32.605560952647","638655877","L"
"691","7939 WALNUT HILL LN, DALLAS, TX, 75230","Match","Exact","7939 WALNUT HILL LN, DALLAS, TX, 75230","-96.771570125095,32.880201538427","103240929","L"
"692","300 TERRACE DR STE 310A, RICHARDSON, TX, 75081","No_Match"
"693","4123 W CLARENDON DR, DALLAS, TX, 75211","Match","Exact","4123 W CLARENDON DR, DALLAS, TX, 75211","-96.887607764382,32.735041742948","102940258","R"
"210","3757 FOREST LN, DALLAS, TX, 75244","Match","Exact","3757 FOREST LN, DALLAS, TX, 75244","-96.853306872022,32.909710250613","103243848","L"
"694","5427 N MACARTHUR BLVD, IRVING, TX, 75038","Match","Exact","5427 N MACARTHUR BLVD, IRVING, TX, 75038","-96.964268353231,32.883748192234","103205026","L"
"211","1930 S BECKLEY AVE STE A, DALLAS, TX, 75224","Match","Non_Exact","1930 S BECKLEY AVE, DALLAS, TX, 75224","-96.822744829876,32.724684709107","102947065","L"
"695","4112 N JOSEY LANE, CARROLLTON, TX, 75007","Match","Exact","4112 N JOSEY LN, CARROLLTON, TX, 75007","-96.884753943599,33.023169049452","103444124","R"
"212","132 S CARROLL AVE, DALLAS, TX, 75226","Match","Exact","132 S CARROLL AVE, DALLAS, TX, 75226","-96.767023477045,32.791191115312","102920303","L"
"696","7505 N MACARTHUR BLVD, IRVING, TX, 75063","Match","Exact","7505 N MACARTHUR BLVD, IRVING, TX, 75063","-96.958877982148,32.908434316479","103206292","R"
"213","10455 N CENTRAL EXPY, DALLAS, TX, 75231","Match","Exact","10455 N CENTRAL EXPY, DALLAS, TX, 75231","-96.770191047127,32.888774334903","102902437","L"
"697","12405 JUPITER RD, DALLAS, TX, 75218","Match","Exact","12405 JUPITER RD, DALLAS, TX, 75218","-96.683298989969,32.863237064669","103203948","L"
"214","1246 E CLARENDON DR, DALLAS, TX, 75203","Match","Exact","1246 E CLARENDON DR, DALLAS, TX, 75203","-96.805341717978,32.746722851406","648039252","R"
"698","2240 ROYAL LN STE 303, DALLAS, TX, 75229","Match","Exact","2240 ROYAL LN, DALLAS, TX, 75229","-96.903751983955,32.895431978345","103271167","L"
"215","595 W PIONEER PKWY, GRAND PRAIRIE, TX, 75051","No_Match"
"699","3939 FRANKFORD RD, DALLAS, TX, 75287","Match","Exact","3939 FRANKFORD RD, DALLAS, TX, 75287","-96.846657835968,32.997093519648","103424172","L"
"216","1121 W PIONEER DR, IRVING, TX, 75061","Match","Exact","1121 W PIONEER DR, IRVING, TX, 75061","-96.959534169179,32.821362357986","103200435","R"
"217","5100 LEMMON AVE, DALLAS, TX, 75209","Match","Exact","5100 LEMMON AVE, DALLAS, TX, 75209","-96.819857062605,32.824317258736","102904027","R"
"218","7640 MILITARY PKWY, DALLAS, TX, 75227","Match","Exact","7640 MILITARY PKWY, DALLAS, TX, 75227","-96.688266063445,32.770409868167","619147335","R"
"219","840 E BELT LINE RD, CEDAR HILL, TX, 75104","Match","Exact","840 E BELT LINE RD, CEDAR HILL, TX, 75104","-96.924410827583,32.589835244171","102975867","R"
"220","2900 MILES RD, SACHSE, TX, 75048","No_Match"
"221","2650 S STATE HIGHWAY 161, GRAND PRAIRIE, TX, 75052","Match","Non_Exact","2650 STATE HWY 161, GRAND PRAIRIE, TX, 75052","-97.024092587071,32.707442423359","638374111","L"
"222","1422 W KINGSLEY RD STE 100, GARLAND, TX, 75041","Match","Exact","1422 W KINGSLEY RD, GARLAND, TX, 75041","-96.648428318639,32.878651525815","102927450","L"
"223","1016 W TRINITY MILLS RD STE 208, CARROLLTON, TX, 75006","Match","Exact","1016 W TRINITY MILLS RD, CARROLLTON, TX, 75006","-96.912167577667,32.982669479174","103255378","R"
"224","7700 SAMUELL BLVD, DALLAS, TX, 75227","No_Match"
"225","5550 W LOVERS LN STE 168, DALLAS, TX, 75209","No_Match"
"226","1207 S MACARTHUR BLVD, IRVING, TX, 75060","Match","Exact","1207 S MACARTHUR BLVD, IRVING, TX, 75060","-96.959277045209,32.802085846616","102892728","R"
"227","3343 COUNTRY CLUB DR W, IRVING, TX, 75038","Match","Exact","3343 COUNTRY CLUB DR W, IRVING, TX, 75038","-96.991121054618,32.86077396343","653855238","R"
"228","565 W OATES RD STE 115, GARLAND, TX, 75043","Match","Exact","565 W OATES RD, GARLAND, TX, 75043","-96.616822005716,32.848359596807","103202455","R"
"229","1300 E BELT LINE RD, CARROLLTON, TX, 75006","Match","Exact","1300 E BELT LINE RD, CARROLLTON, TX, 75006","-96.904607611055,32.953706559819","102888551","R"
"230","13100 JOSEY LN, FARMERS BRANCH, TX, 75234","Match","Exact","13100 JOSEY LN, FARMERS BRANCH, TX, 75234","-96.881499302801,32.923371709192","638716600","L"
"231","2824 N BUCKNER BLVD, DALLAS, TX, 75228","Match","Non_Exact","2824 BUCKNER BLVD, DALLAS, TX, 75228","-96.686288113076,32.812843394533","103233228","L"
"232","4460 W WALNUT ST STE 108, GARLAND, TX, 75042","Match","Exact","4460 W WALNUT ST, GARLAND, TX, 75042","-96.699744432793,32.916497340274","103248013","L"
"233","8600 N MACARTHUR BLVD # 100102, IRVING, TX, 75063","Match","Non_Exact","8600 N MACARTHUR BLVD, IRVING, TX, 75063","-96.95508450744,32.923711064182","647954891","L"
"234","915 N TOWN EAST BLVD, MESQUITE, TX, 75150","No_Match"
"235","8008 CEDAR SPRINGS RD, DALLAS, TX, 75235","Match","Exact","8008 CEDAR SPRINGS RD, DALLAS, TX, 75235","-96.846713166451,32.841676842607","102993241","L"
"236","12300 LAKE JUNE RD, BALCH SPRINGS, TX, 75180","Match","Exact","12300 LAKE JUNE RD, BALCH SPRINGS, TX, 75180","-96.615791285519,32.733850425159","103226189","L"
"237","213 LANE ST, MESQUITE, TX, 75149","Match","Non_Exact","213 N LANE ST, MESQUITE, TX, 75149","-96.600436404817,32.767979739914","102934012","L"
"238","6401 ABRAMS RD, DALLAS, TX, 75231","Match","Exact","6401 ABRAMS RD, DALLAS, TX, 75231","-96.745174384446,32.861130141848","640536464","L"
"239","2063 TOWN EAST MALL, MESQUITE, TX, 75150","Match","Non_Exact","2063 N TOWN EAST BLVD, MESQUITE, TX, 75150","-96.631423015949,32.811655283603","103268431","L"
"1909","502 CLAY MATHIS RD, MESQUITE, TX, 75181","Match","Exact","502 CLAY MATHIS RD, MESQUITE, TX, 75181","-96.561560750042,32.760292862037","103197589","L"
"1908","9858 PLANO RD STE 306, DALLAS, TX, 75238","Match","Exact","9858 PLANO RD, DALLAS, TX, 75238","-96.700303950045,32.88250197718","103241213","R"
"240","6246 BROADWAY BLVD STE C, GARLAND, TX, 75043","Match","Non_Exact","6246 BROADWAY BLVD, GARLAND, TX, 75043","-96.59549257612,32.837548093567","103236227","L"
"241","2600 S ZANG BLVD, DALLAS, TX, 75224","No_Match"
"242","8240 ABRAMS RD, DALLAS, TX, 75231","No_Match"
"243","975 E IRVING BLVD, IRVING, TX, 75060","Match","Exact","975 E IRVING BLVD, IRVING, TX, 75060","-96.935390121346,32.812228188082","102893130","L"
"244","10938 ELAM RD, BALCH SPRINGS, TX, 75180","Match","Exact","10938 ELAM RD, BALCH SPRINGS, TX, 75180","-96.637900566403,32.719292971758","619745887","L"
"245","10741 KING WILLIAM DR, DALLAS, TX, 75220","Match","Exact","10741 KING WILLIAM DR, DALLAS, TX, 75220","-96.90022184786,32.87248775394","102890066","L"
"246","9410 WALNUT ST, DALLAS, TX, 75243","Match","Exact","9410 WALNUT ST, DALLAS, TX, 75243","-96.736977667789,32.923353592746","102913965","R"
"247","8060 SPRING VALLEY RD, DALLAS, TX, 75240","Match","Exact","8060 SPRING VALLEY RD, DALLAS, TX, 75240","-96.767916594749,32.939817658108","103209921","R"
"248","11055 DENNIS RD STE 3, DALLAS, TX, 75229","Match","Exact","11055 DENNIS RD, DALLAS, TX, 75229","-96.881447629342,32.898892355787","102890422","L"
"249","510 S CARRIER PKWY STE 141, GRAND PRAIRIE, TX, 75051","Match","Exact","510 S CARRIER PKWY, GRAND PRAIRIE, TX, 75051","-97.014693068267,32.739781748566","103194327","R"
"1907","409 N BRIERY RD, IRVING, TX, 75061","Match","Exact","409 N BRIERY RD, IRVING, TX, 75061","-96.989526153,32.819964589552","102886673","L"
"1906","1560 S 1ST ST STE C, GARLAND, TX, 75040","Match","Non_Exact","1560 S 1ST ST, GARLAND, TX, 75040","-96.63082335822,32.898487076356","103245058","R"
"1905","934 E GRAUWYLER RD, IRVING, TX, 75061","Match","Exact","934 E GRAUWYLER RD, IRVING, TX, 75061","-96.934779953211,32.829561647465","102892185","R"
"1904","9721 RUSTOWN DR, DALLAS, TX, 75228","Match","Exact","9721 RUSTOWN DR, DALLAS, TX, 75228","-96.677677150376,32.820468830244","102923641","L"
"1903","609 HARVEST GLEN DR, CEDAR HILL, TX, 75104","Match","Exact","609 HARVEST GLEN DR, CEDAR HILL, TX, 75104","-96.928848565839,32.600279243452","103278361","R"
"1902","4120 W JEFFERSON BLVD, COCKRELL HILL, TX, 75211","No_Match"
"1901","11732 MARSH LN, DALLAS, TX, 75229","Match","Exact","11732 MARSH LN, DALLAS, TX, 75229","-96.855985483118,32.908242589062","103271137","R"
"1900","2205 WALNUT CREEK TRL, GARLAND, TX, 75040","Match","Exact","2205 WALNUT CREEK TRL, GARLAND, TX, 75040","-96.598690146607,32.943358378569","103171249","R"
"1919","969 S LAMAR ST, DALLAS, TX, 75202","Match","Exact","969 S LAMAR ST, DALLAS, TX, 75202","-96.799843782224,32.77071422873","641536106","R"
"250","1608 S 5TH ST, GARLAND, TX, 75040","Match","Exact","1608 S 5TH ST, GARLAND, TX, 75040","-96.636257332403,32.898769353591","102927830","L"
"251","3117 S 1ST ST, GARLAND, TX, 75041","Match","Exact","3117 S 1ST ST, GARLAND, TX, 75041","-96.63098659808,32.877775967676","102928297","R"
"252","1508 FALCON DR, DESOTO, TX, 75115","Match","Exact","1508 FALCON DR, DESOTO, TX, 75115","-96.851793524987,32.618980161594","102952854","R"
"253","108 W PARKERVILLE RD, DESOTO, TX, 75115","Match","Exact","108 W PARKERVILLE RD, DESOTO, TX, 75115","-96.865687922511,32.575221008814","102995204","L"
"1910","2500 S CARRIER PKWY STE B, GRAND PRAIRIE, TX, 75052","No_Match"
"254","3972 N CENTRAL EXPY, DALLAS, TX, 75204","Match","Exact","3972 N CENTRAL EXPY, DALLAS, TX, 75204","-96.7916764338,32.810370834827","102910408","R"
"255","5050 CROZIER ST, DALLAS, TX, 75215","Match","Exact","5050 CROZIER ST, DALLAS, TX, 75215","-96.754090514384,32.750885709667","102955961","L"
"256","9220 SKILLMAN ST STE 105, DALLAS, TX, 75243","Match","Exact","9220 SKILLMAN ST, DALLAS, TX, 75243","-96.714508794008,32.902762790318","103163982","R"
"257","2425 W WALNUT ST STE 200, GARLAND, TX, 75042","Match","Exact","2425 W WALNUT ST, GARLAND, TX, 75042","-96.664344229557,32.916418940705","103208762","R"
"258","1017 FORT WORTH ST STE 550, GRAND PRAIRIE, TX, 75050","Match","Exact","1017 FORT WORTH ST, GRAND PRAIRIE, TX, 75050","-97.017406098632,32.743191410931","102935771","L"
"259","125 SUMMER PLACE DR, COPPELL, TX, 75019","Match","Exact","125 SUMMER PLACE DR, COPPELL, TX, 75019","-97.00143559253,32.970085373216","102977171","L"
"1918","7777 FOREST LN STE A098, DALLAS, TX, 75230","Match","Exact","7777 FOREST LN, DALLAS, TX, 75230","-96.772150803179,32.909515243151","103206849","L"
"1917","3008 N BELT LINE RD, IRVING, TX, 75062","Match","Exact","3008 N BELT LINE RD, IRVING, TX, 75062","-96.992219978455,32.847640557056","102886196","R"
"1916","2915 ESTERS RD, IRVING, TX, 75062","Match","Exact","2915 ESTERS RD, IRVING, TX, 75062","-97.008493641451,32.846874734546","102885811","L"
"1915","9505 LARGA DR, DALLAS, TX, 75220","Match","Exact","9505 LARGA DR, DALLAS, TX, 75220","-96.862016911646,32.865446861623","102902668","L"
"1914","3610 INWOOD RD, DALLAS, TX, 75209","No_Match"
"1913","995 W BELT LINE RD, LANCASTER, TX, 75146","Match","Exact","995 W BELT LINE RD, LANCASTER, TX, 75146","-96.780591929401,32.592213944339","640541667","L"
"1912","4630 STIGALL DR, DALLAS, TX, 75209","Match","Exact","4630 STIGALL DR, DALLAS, TX, 75209","-96.831265986329,32.84848980345","102903425","R"
"1911","415 S CARROLL AVE STE 104, DALLAS, TX, 75223","Match","Exact","415 S CARROLL AVE, DALLAS, TX, 75223","-96.76563555371,32.789853779489","102920324","R"
"260","4919 MCKINNEY AVE, DALLAS, TX, 75205","Match","Exact","4919 MCKINNEY AVE, DALLAS, TX, 75205","-96.785015650736,32.827283148271","102907928","L"
"261","402 E WHEATLAND RD, DUNCANVILLE, TX, 75116","Match","Exact","402 E WHEATLAND RD, DUNCANVILLE, TX, 75116","-96.901793735219,32.647231798856","103264157","L"
"262","1308 E BEAR CREEK RD STE 130, GLENN HEIGHTS, TX, 75154","Match","Exact","1308 E BEAR CREEK RD, GLENN HEIGHTS, TX, 75154","-96.82486781351,32.560299009916","102961132","R"
"263","9730 ABRAMS RD STE 114, DALLAS, TX, 75243","No_Match"
"264","10190 FOREST LN STE 125, DALLAS, TX, 75243","Match","Exact","10190 FOREST LN, DALLAS, TX, 75243","-96.709829313982,32.908967938923","103244507","R"
"1921","3114 IVANDELL AVE, DALLAS, TX, 75211","Match","Exact","3114 IVANDELL AVE, DALLAS, TX, 75211","-96.871832964857,32.736191406104","102940554","L"
"265","901 MAIN ST STE C128, DALLAS, TX, 75202","Match","Exact","901 MAIN ST, DALLAS, TX, 75202","-96.804235790932,32.779629946101","102910076","L"
"1920","2518 W KINGSLEY RD STE 101, GARLAND, TX, 75041","Match","Exact","2518 W KINGSLEY RD, GARLAND, TX, 75041","-96.665857559387,32.878731246647","102918020","L"
"266","2419 W ILLINOIS AVE, DALLAS, TX, 75233","Match","Exact","2419 W ILLINOIS AVE, DALLAS, TX, 75233","-96.857513018757,32.720399408791","103222365","R"
"267","6887 SHADYBROOK LN, DALLAS, TX, 75231","Match","Exact","6887 SHADY BROOK LN, DALLAS, TX, 75231","-96.762671737424,32.871185346945","610050362","L"
"268","10045 N MACARTHUR BLVD STE 109, IRVING, TX, 75063","Match","Exact","10045 N MACARTHUR BLVD, IRVING, TX, 75063","-96.952214427152,32.940460743644","102985990","R"
"269","5011 MILITARY PKWY STE B, DALLAS, TX, 75227","Match","Non_Exact","5011 MILITARY PKWY, DALLAS, TX, 75227","-96.73266662144,32.783776269089","103229583","L"
"1929","4950 W ILLINOIS AVE STE 103, DALLAS, TX, 75211","Match","Exact","4950 W ILLINOIS AVE, DALLAS, TX, 75211","-96.907835574016,32.720327198392","103192998","L"
"1928","602 N HALL ST, SEAGOVILLE, TX, 75159","Match","Non_Exact","602 HALL RD, SEAGOVILLE, TX, 75159","-96.542128805452,32.652449291863","102965604","R"
"1927","3983 N BELT LINE RD, IRVING, TX, 75038","Match","Exact","3983 N BELT LINE RD, IRVING, TX, 75038","-96.99208186552,32.858181666523","634282353","L"
"1926","1080 W BETHEL RD, COPPELL, TX, 75019","Match","Exact","1080 W BETHEL RD, COPPELL, TX, 75019","-97.026244887554,32.955027535392","642781247","R"
"1925","2004 N MASTERS DR, DALLAS, TX, 75217","Match","Exact","2004 N MASTERS DR, DALLAS, TX, 75217","-96.648131759464,32.747382429119","102961556","R"
"1924","425 S BELT LINE RD STE A, GRAND PRAIRIE, TX, 75051","Match","Non_Exact","425 S BELT LINE RD, GRAND PRAIRIE, TX, 75051","-96.994615519037,32.74198641628","102936517","R"
"1923","4835 N OCONNOR RD STE 112, IRVING, TX, 75062","Match","Non_Exact","4835 N O CONNOR RD, IRVING, TX, 75062","-96.949830662394,32.864735383291","103269849","L"
"1922","2007 W DAVIS ST, DALLAS, TX, 75208","Match","Exact","2007 W DAVIS ST, DALLAS, TX, 75208","-96.851563872252,32.749613741929","102944906","R"
"270","106 S FITZHUGH AVE, DALLAS, TX, 75226","No_Match"
"271","1145 W AIRPORT FWY, IRVING, TX, 75062","Match","Exact","1145 W AIRPORT FWY, IRVING, TX, 75062","-96.96024625982,32.837373554743","638382131","R"
"272","1332 S PLANO RD, RICHARDSON, TX, 75081","Match","Exact","1332 S PLANO RD, RICHARDSON, TX, 75081","-96.700192905955,32.932891798917","633711743","R"
"273","401 TOM LANDRY HWY, DALLAS, TX, 75260","No_Match"
"274","5712 SKILLMAN ST, DALLAS, TX, 75206","No_Match"
"275","2722 S JUPITER RD, GARLAND, TX, 75041","No_Match"
"1932","3034 WEBB CHAPEL EXT STE 100, DALLAS, TX, 75220","Match","Exact","3034 WEBB CHAPEL EXN, DALLAS, TX, 75220","-96.869163067773,32.857945213887","103203351","R"
"276","633 W WHEATLAND RD, DUNCANVILLE, TX, 75116","Match","Exact","633 W WHEATLAND RD, DUNCANVILLE, TX, 75116","-96.922891037501,32.647541167727","103189236","R"
"1931","444 W INTERSTATE 20, GRAND PRAIRIE, TX, 75052","Match","Non_Exact","444 I- 20, GRAND PRAIRIE, TX, 75052","-97.011720951133,32.67610628689","641347435","R"
"277","410 N INTERSTATE 45 SERVICE RD STE A, HUTCHINS, TX, 75141","Match","Non_Exact","410 N INTERSTATE 45 SVC RD, HUTCHINS, TX, 75141","-96.709022046466,32.65178673523","639639497","R"
"1930","1328 N JIM MILLER RD STE 113, DALLAS, TX, 75217","Match","Exact","1328 N JIM MILLER RD, DALLAS, TX, 75217","-96.700010389112,32.735492410785","647917677","R"
"278","13307 MIDWAY RD, FARMERS BRANCH, TX, 75244","Match","Exact","13307 MIDWAY RD, FARMERS BRANCH, TX, 75244","-96.839074320695,32.925900884283","649819999","L"
"279","1609 W BUCKINGHAM RD, GARLAND, TX, 75042","Match","Exact","1609 W BUCKINGHAM RD, GARLAND, TX, 75042","-96.651599173376,32.930843398541","103252472","L"
"1939","2242 S ZANG BLVD, DALLAS, TX, 75224","No_Match"
"1938","1518 W BUCKINGHAM RD, GARLAND, TX, 75042","Match","Exact","1518 W BUCKINGHAM RD, GARLAND, TX, 75042","-96.650113480498,32.930540556895","102925879","L"
"1937","2806 N HIGHWAY 175, SEAGOVILLE, TX, 75159","Match","Exact","2806 N HWY 175, SEAGOVILLE, TX, 75159","-96.582901866099,32.667498331439","102982473","R"
"1936","513 WALES CT, COPPELL, TX, 75019","Match","Exact","513 WALES CT, COPPELL, TX, 75019","-96.995630848906,32.958186195721","102997666","R"
"1935","13329 MONTFORT DR, DALLAS, TX, 75240","Match","Exact","13329 MONTFORT DR, DALLAS, TX, 75240","-96.811415685743,32.929567134271","103003806","L"
"1934","6055 SHERRY LN, DALLAS, TX, 75225","Match","Exact","6055 SHERRY LN, DALLAS, TX, 75225","-96.807474071093,32.862219543376","102905948","L"
"1933","7932 S LOOP 12, DALLAS, TX, 75217","No_Match"
"280","10750 N STEMMONS FWY # 4, DALLAS, TX, 75220","Match","Exact","10750 N STEMMONS FWY, DALLAS, TX, 75220","-96.897398225225,32.873195578742","102999369","R"
"281","7700 SAMUELL BLVD, DALLAS, TX, 75227","No_Match"
"282","3009 N BELT LINE RD, IRVING, TX, 75062","Match","Exact","3009 N BELT LINE RD, IRVING, TX, 75062","-96.992356366747,32.84764201008","102886196","L"
"283","2932 N BUCKNER BLVD, DALLAS, TX, 75228","Match","Non_Exact","2932 BUCKNER BLVD, DALLAS, TX, 75227","-96.68263773858,32.761283331974","102957988","R"
"284","777 W LYNDON B JOHNSON FWY, IRVING, TX, 75063","No_Match"
"285","129 N COLLINS RD STE 2103, SUNNYVALE, TX, 75182","Match","Non_Exact","129 COLLINS RD, SUNNYVALE, TX, 75182","-96.561279798842,32.793839324786","102935040","L"
"286","3600 W DAVIS ST # 103, DALLAS, TX, 75211","Match","Exact","3600 W DAVIS ST, DALLAS, TX, 75211","-96.878364962357,32.749497298572","102940001","L"
"1943","1800 S AKARD ST, DALLAS, TX, 75215","Match","Exact","1800 S AKARD ST, DALLAS, TX, 75215","-96.790049772494,32.767846647202","102950131","L"
"287","591 W PIONEER PKWY, GRAND PRAIRIE, TX, 75051","No_Match"
"1942","4001 LEMMON AVE, DALLAS, TX, 75219","No_Match"
"288","8201 E R L THORNTON FWY, DALLAS, TX, 75228","No_Match"
"1941","1800 N HENDERSON AVE, DALLAS, TX, 75206","Match","Exact","1800 N HENDERSON AVE, DALLAS, TX, 75206","-96.773851183754,32.810916284025","102910983","R"
"289","4070 N BELT LINE RD STE 114, IRVING, TX, 75038","Match","Exact","4070 N BELT LINE RD, IRVING, TX, 75038","-96.991665696796,32.863719903781","102980460","R"
"1940","2022 N GLENBROOK DR, GARLAND, TX, 75040","Match","Non_Exact","2022 GLENBROOK MEADOWS DR, GARLAND, TX, 75040","-96.636515243214,32.931364861581","103210615","R"
"1949","362 E FM 1382, CEDAR HILL, TX, 75104","Match","Exact","362 E FM 1382, CEDAR HILL, TX, 75104","-96.938066039137,32.593178578927","646818742","R"
"1948","3322 SYLVAN AVE, DALLAS, TX, 75212","Match","Exact","3322 SYLVAN AVE, DALLAS, TX, 75212","-96.835738586139,32.78203258922","102905303","R"
"1947","301 MODENE ST TRLR 29, SEAGOVILLE, TX, 75159","Match","Exact","301 MODENE ST, SEAGOVILLE, TX, 75159","-96.570787018849,32.666385285544","102964790","R"
"1946","5748 LIVE OAK ST, DALLAS, TX, 75206","Match","Exact","5748 LIVE OAK ST, DALLAS, TX, 75206","-96.76242857361,32.811204580011","103200849","R"
"1945","7001 FAIRFIELD DR, ROWLETT, TX, 75089","Match","Exact","7001 FAIRFIELD DR, ROWLETT, TX, 75089","-96.53075438607,32.927547225558","103169384","R"
"1944","1290 BOTHAM JEAN BLVD, DALLAS, TX, 75215","No_Match"
"290","460 CEDAR SAGE DR, GARLAND, TX, 75040","Match","Exact","460 CEDAR SAGE DR, GARLAND, TX, 75040","-96.610367322118,32.952540851574","650210885","R"
"291","8687 N CENTRAL EXPY # C2-630, DALLAS, TX, 75225","Match","Non_Exact","8687 N CENTRAL EXPY, DALLAS, TX, 75225","-96.770779861721,32.869463265005","103240853","L"
"292","1050 S BELTLINE RD, DALLAS, TX, 75253","Match","Non_Exact","1050 S BELT LINE RD, DALLAS, TX, 75253","-96.590927864159,32.685501007032","103220654","L"
"293","39 ARAPAHO VILLAGE CTR, RICHARDSON, TX, 75080","Match","Exact","39 ARAPAHO VILLAGE CENTER, RICHARDSON, TX, 75080","-96.74931921595,32.962165043667","103005343","L"
"294","6440 N MACARTHUR BLVD, IRVING, TX, 75039","Match","Exact","6440 N MACARTHUR BLVD, IRVING, TX, 75039","-96.958650606905,32.89677132277","103270832","R"
"295","105 SUNVIEW ST, SUNNYVALE, TX, 75182","Match","Non_Exact","105 SUNVIEW DR, SUNNYVALE, TX, 75182","-96.595563019297,32.820987454954","103182532","L"
"296","8020 S POLK ST, DALLAS, TX, 75232","Match","Exact","8020 S POLK ST, DALLAS, TX, 75232","-96.839841660033,32.649207111206","103216967","L"
"297","7007 LAKE JUNE RD, DALLAS, TX, 75217","Match","Exact","7007 LAKE JUNE RD, DALLAS, TX, 75217","-96.701714742705,32.734500562998","103195756","L"
"1954","1220 N TOWN EAST BLVD STE 650, MESQUITE, TX, 75150","Match","Exact","1220 N TOWN EAST BLVD, MESQUITE, TX, 75150","-96.613297567849,32.810651953368","649816647","L"
"298","3109 MONTICELLO AVE, DALLAS, TX, 75205","Match","Exact","3109 MONTICELLO AVE, DALLAS, TX, 75205","-96.786525352753,32.827267008653","102907921","L"
"1953","543 S RIVERFRONT BLVD, DALLAS, TX, 75207","No_Match"
"299","2101 S RIVERFRONT BLVD, DALLAS, TX, 75207","No_Match"
"1952","5608 BOTHAM JEAN BLVD, DALLAS, TX, 75215","No_Match"
"1951","4919 W DAVIS ST STE 150, DALLAS, TX, 75211","Match","Exact","4919 W DAVIS ST, DALLAS, TX, 75211","-96.905812806942,32.74988156884","103177798","R"
"1950","1530 MAIN ST STE B, DALLAS, TX, 75201","Match","Non_Exact","1530 MAIN ST, DALLAS, TX, 75201","-96.798293667031,32.780772042693","102909988","R"
"1959","3001 LAKEVIEW PKWY, ROWLETT, TX, 75088","No_Match"
"1958","101 SUNRIDGE BLVD, WILMER, TX, 75172","No_Match"
"1957","11722 MARSH LN STE 317, DALLAS, TX, 75229","Match","Exact","11722 MARSH LN, DALLAS, TX, 75229","-96.855989106278,32.908060396377","103271137","R"
"1956","9371 GARLAND RD STE B, DALLAS, TX, 75218","Match","Non_Exact","9371 GARLAND RD, DALLAS, TX, 75218","-96.704046398499,32.832446870845","103175372","L"
"1955","314 S BARNES DR, GARLAND, TX, 75042","Match","Exact","314 S BARNES DR, GARLAND, TX, 75042","-96.679915061996,32.911109011537","614082858","L"
"1965","3699 MCKINNEY AVE STE 101, DALLAS, TX, 75204","Match","Exact","3699 MCKINNEY AVE, DALLAS, TX, 75204","-96.79639630436,32.808387450624","102909004","L"
"1964","3301 GUS THOMASSON RD, MESQUITE, TX, 75150","Match","Exact","3301 GUS THOMASSON RD, MESQUITE, TX, 75150","-96.634298133064,32.808912875804","102966808","L"
"1963","9530 OVERLAKE DR STE A, DALLAS, TX, 75220","Match","Non_Exact","9530 OVERLAKE DR, DALLAS, TX, 75220","-96.868850147269,32.856815863606","102902707","L"
"1962","1343 W CAMPBELL RD, RICHARDSON, TX, 75080","Match","Exact","1343 W CAMPBELL RD, RICHARDSON, TX, 75080","-96.764901652428,32.97807892827","103212820","L"
"1961","362 E FM 1382, CEDAR HILL, TX, 75104","Match","Exact","362 E FM 1382, CEDAR HILL, TX, 75104","-96.938066039137,32.593178578927","646818742","R"
"1960","110 W SANDY LAKE RD, COPPELL, TX, 75019","Match","Exact","110 W SANDY LAKE RD, COPPELL, TX, 75019","-96.994210253415,32.969397091067","627180614","R"
"1969","13350 AUDELIA RD STE 110, DALLAS, TX, 75243","Match","Exact","13350 AUDELIA RD, DALLAS, TX, 75243","-96.717922754025,32.930323111956","103272286","L"
"1968","1823 S EDGEFIELD AVE, DALLAS, TX, 75224","Match","Exact","1823 S EDGEFIELD AVE, DALLAS, TX, 75224","-96.844643823475,32.727300285253","103179490","R"
"1967","1314 S BUCKNER BLVD STE 200, DALLAS, TX, 75217","Match","Non_Exact","1314 BUCKNER BLVD, DALLAS, TX, 75217","-96.68274168422,32.734650375842","102958342","R"
"1966","10658 N CENTRAL EXPY, DALLAS, TX, 75231","Match","Exact","10658 N CENTRAL EXPY, DALLAS, TX, 75231","-96.768805034263,32.891766946036","649817195","R"
"1976","1501 RANDOLPH ST, CARROLLTON, TX, 75006","Match","Exact","1501 RANDOLPH ST, CARROLLTON, TX, 75006","-96.901507000253,32.944689572573","102888784","L"
"1975","4203 SOMERVILLE AVE, DALLAS, TX, 75206","Match","Exact","4203 SOMERVILLE AVE, DALLAS, TX, 75206","-96.762502000784,32.836648457436","103202015","L"
"1974","4750 N JUPITER RD, GARLAND, TX, 75044","No_Match"
"1973","3878 OAK LAWN AVE STE 180, DALLAS, TX, 75219","Match","Exact","3878 OAK LAWN AVE, DALLAS, TX, 75219","-96.802254104547,32.81587243612","102908845","R"
"1972","4020 W CAMP WISDOM RD, DALLAS, TX, 75237","Match","Exact","4020 W CAMP WISDOM RD, DALLAS, TX, 75237","-96.884495254758,32.661895129927","639255184","L"
"1971","1827 S HASKELL AVE, DALLAS, TX, 75223","Match","Exact","1827 S HASKELL AVE, DALLAS, TX, 75223","-96.749653225655,32.783167870696","103198514","R"
"1970","4857 CALVERT ST, DALLAS, TX, 75247","Match","Exact","4857 CALVERT ST, DALLAS, TX, 75247","-96.869191005987,32.807784515884","638398935","L"
"1979","219 CROWN POINT DR, COPPELL, TX, 75019","Match","Exact","219 CROWN POINT DR, COPPELL, TX, 75019","-96.949442399183,32.963057351501","102997490","R"
"1978","4707 S CENTRAL EXPY, DALLAS, TX, 75215","No_Match"
"1977","2002 HIGHWAY 66, GARLAND, TX, 75040","Match","Exact","2002 STATE HWY 66, GARLAND, TX, 75040","-96.598624560077,32.909942743933","103245151","R"
"1990","13434 FLOYD CIR, DALLAS, TX, 75243","Match","Exact","13434 FLOYD CIR, DALLAS, TX, 75243","-96.745790496626,32.930653540776","102913458","R"
"1503","5620 LYNDON B JOHNSON FWY STE 300, DALLAS, TX, 75240","Match","Exact","5620 LYNDON B JOHNSON FWY, DALLAS, TX, 75240","-96.810762580896,32.92545733535","103247466","R"
"1987","230 N DENTON TAP RD STE 110, COPPELL, TX, 75019","Match","Exact","230 N DENTON TAP RD, COPPELL, TX, 75019","-96.99344035037,32.976870919517","103274460","R"
"1502","801 S SHERMAN ST STE 101, RICHARDSON, TX, 75081","Match","Non_Exact","801 SHERMAN ST, RICHARDSON, TX, 75081","-96.739756770817,32.941325133604","103210110","L"
"1986","1472 N HAMPTON RD STE 100, DESOTO, TX, 75115","Match","Exact","1472 N HAMPTON RD, DESOTO, TX, 75115","-96.856876635874,32.616972146663","103188312","R"
"1501","207 W 6TH ST, IRVING, TX, 75060","Match","Exact","207 W SIXTH ST, IRVING, TX, 75060","-96.947689411203,32.808651559545","102892722","R"
"1985","1311 GRINNELL DR, RICHARDSON, TX, 75081","Match","Exact","1311 GRINNELL DR, RICHARDSON, TX, 75081","-96.703874869477,32.93688829338","102915884","L"
"1500","8190 PARK LN STE 351, DALLAS, TX, 75231","Match","Exact","8190 PARK LN, DALLAS, TX, 75231","-96.765165899361,32.871714195414","647948863","R"
"1984","5335 BROADWAY BLVD STE 210, GARLAND, TX, 75043","Match","Exact","5335 BROADWAY BLVD, GARLAND, TX, 75043","-96.598307036705,32.85046570245","102932867","R"
"1983","2155 MARSH LN STE 138, CARROLLTON, TX, 75006","Match","Exact","2155 MARSH LN, CARROLLTON, TX, 75006","-96.85396606602,32.969030655192","649820188","L"
"1982","1806 WESTMINSTER DR, GRAND PRAIRIE, TX, 75050","Match","Non_Exact","1806 WESTMINSTER ST, GRAND PRAIRIE, TX, 75050","-97.015424546768,32.766083674125","102935608","R"
"1981","1456 BELT LINE RD STE 147, GARLAND, TX, 75044","Match","Exact","1456 BELT LINE RD, GARLAND, TX, 75044","-96.648930516624,32.9449782237","102925765","L"
"1980","6011 W DAVIS ST, DALLAS, TX, 75211","Match","Exact","6011 W DAVIS ST, DALLAS, TX, 75211","-96.922935747117,32.749825694199","637599124","R"
"1509","10940 LAKE JUNE RD, BALCH SPRINGS, TX, 75180","Match","Exact","10940 LAKE JUNE RD, BALCH SPRINGS, TX, 75180","-96.638017897003,32.7339994003","103225874","R"
"1508","2666 N BELT LINE RD, IRVING, TX, 75062","Match","Exact","2666 N BELT LINE RD, IRVING, TX, 75062","-96.99234161232,32.842920342393","102998757","R"
"1507","225 NE 10TH ST, GRAND PRAIRIE, TX, 75050","Match","Exact","225 NE 10TH ST, GRAND PRAIRIE, TX, 75050","-96.992399917453,32.747694253235","103004947","L"
"1506","506 S NURSERY RD STE 120, IRVING, TX, 75060","Match","Exact","506 S NURSERY RD, IRVING, TX, 75060","-96.934466183669,32.809435443064","102893287","L"
"1505","1472 W SPRING VALLEY RD, RICHARDSON, TX, 75080","Match","Non_Exact","1472 SPRING VALLEY RD, RICHARDSON, TX, 75080","-96.768152733767,32.939954935601","103251523","R"
"1989","3480 S CARRIER PKWY STE 200, GRAND PRAIRIE, TX, 75052","Match","Exact","3480 S CARRIER PKWY, GRAND PRAIRIE, TX, 75052","-97.012892473773,32.685753634018","103174227","R"
"1504","2827 LIVE OAK ST, DALLAS, TX, 75204","Match","Exact","2827 LIVE OAK ST, DALLAS, TX, 75204","-96.788270874774,32.789594425066","102911302","L"
"1988","3301 BERNAL DR, DALLAS, TX, 75212","Match","Exact","3301 BERNAL DR, DALLAS, TX, 75212","-96.873865449359,32.786928168515","102895509","R"
"1514","2528 ELM ST STE A, DALLAS, TX, 75226","Match","Non_Exact","2528 ELM ST, DALLAS, TX, 75226","-96.788305578593,32.783678141556","103198226","R"
"1998","3502 S CARRIER PKWY STE D, GRAND PRAIRIE, TX, 75052","Match","Non_Exact","3502 S CARRIER PKWY, GRAND PRAIRIE, TX, 75052","-97.012220701822,32.685393294279","103174227","R"
"1513","819 VERMONT AVE, DALLAS, TX, 75216","Match","Exact","819 VERMONT AVE, DALLAS, TX, 75216","-96.812898719093,32.727217584813","102949618","L"
"1997","3033 S WESTMORELAND RD, DALLAS, TX, 75233","Match","Exact","3033 S WESTMORELAND RD, DALLAS, TX, 75233","-96.874301158633,32.709109110026","103220982","L"
"1512","13015 JUPITER RD STE 100, DALLAS, TX, 75238","Match","Exact","13015 JUPITER RD, DALLAS, TX, 75238","-96.683254339559,32.872906816617","102917950","L"
"1996","2711 COOMBS CREEK DR, DALLAS, TX, 75211","Match","Exact","2711 COOMBS CREEK DR, DALLAS, TX, 75211","-96.879779878969,32.718873657053","102940649","R"
"1511","9219 GARLAND RD STE 1105, DALLAS, TX, 75218","Match","Exact","9219 GARLAND RD, DALLAS, TX, 75218","-96.705226972009,32.83143866761","103175372","L"
"1995","4865 SUNNYVALE ST STE C, DALLAS, TX, 75216","Match","Non_Exact","4865 SUNNYVALE ST, DALLAS, TX, 75216","-96.774817678343,32.698206551984","103222701","L"
"1510","3900 N HAMPTON RD, DALLAS, TX, 75212","Match","Exact","3900 N HAMPTON RD, DALLAS, TX, 75212","-96.856393728512,32.789580070632","102904476","R"
"1994","4717 WILDWOOD RD, DALLAS, TX, 75209","Match","Exact","4717 WILDWOOD RD, DALLAS, TX, 75209","-96.832720269774,32.86015995156","102903383","L"
"1993","2910 RUDER ST # A, DALLAS, TX, 75212","Match","Non_Exact","2910 RUDER ST, DALLAS, TX, 75212","-96.918645496682,32.777923745679","102894756","R"
"1992","9630 INWOOD RD, DALLAS, TX, 75220","Match","Exact","9630 INWOOD RD, DALLAS, TX, 75220","-96.821075976782,32.874492951899","103270358","R"
"1991","2050 N PLANO RD # 300-E, RICHARDSON, TX, 75082","Match","Non_Exact","2050 N PLANO RD, RICHARDSON, TX, 75082","-96.699746898999,32.97568155161","103258726","R"
"1519","1105 S WALTON WALKER BLVD, DALLAS, TX, 75211","Match","Exact","1105 S WALTON WALKER BLVD, DALLAS, TX, 75211","-96.920474527441,32.734188726016","102939726","R"
"1518","1735 LANSFORD AVE, DALLAS, TX, 75224","Match","Exact","1735 LANSFORD AVE, DALLAS, TX, 75224","-96.848566282813,32.72915576453","102945454","R"
"1517","4100 LOMO ALTO DR, HIGHLAND PARK, TX, 75219","Match","Non_Exact","4100 LOMO ALTO DR, DALLAS, TX, 75219","-96.815425160355,32.820505151982","102906683","R"
"1516","1138 PLEASANT VALLEY RD STE F, GARLAND, TX, 75040","Match","Non_Exact","1138 PLEASANT VALLEY RD, GARLAND, TX, 75040","-96.615924919482,32.928480191963","102926515","R"
"1515","4123 N STORY RD, IRVING, TX, 75038","No_Match"
"1999","11700 PRESTON RD STE 630, DALLAS, TX, 75230","Match","Exact","11700 PRESTON RD, DALLAS, TX, 75230","-96.804073444098,32.907973293727","103206758","R"
"1525","705 N MACARTHUR BLVD, IRVING, TX, 75061","Match","Non_Exact","705 MAC ARTHUR CT, IRVING, TX, 75061","-96.957937990009,32.827401460918","102891608","L"
"1524","5119 ROWLETT RD, ROWLETT, TX, 75088","Match","Exact","5119 ROWLETT RD, ROWLETT, TX, 75088","-96.569509607542,32.905976999403","103207501","L"
"1523","4140 W CAMP WISDOM RD # F, DALLAS, TX, 75237","Match","Non_Exact","4140 W CAMP WISDOM RD, DALLAS, TX, 75237","-96.886482682034,32.66187137878","639255184","L"
"1522","8405 LAKEVIEW PKWY STE 202, ROWLETT, TX, 75088","No_Match"
"1521","1401 E ARAPAHO RD STE A, RICHARDSON, TX, 75081","No_Match"
"1520","1915 S STORY RD, IRVING, TX, 75060","Match","Exact","1915 S STORY RD, IRVING, TX, 75060","-96.977214489236,32.792180052838","102887530","R"
"1529","2518 W BRUTON RD, BALCH SPRINGS, TX, 75180","Match","Exact","2518 W BRUTON RD, BALCH SPRINGS, TX, 75180","-96.635399586585,32.748533966099","103164165","R"
"1528","10560 WALNUT ST STE 1100, DALLAS, TX, 75243","Match","Exact","10560 WALNUT ST, DALLAS, TX, 75243","-96.701475756746,32.916507562239","103208702","L"
"1527","4030 N MACARTHUR BLVD STE 116, IRVING, TX, 75038","No_Match"
"1526","2811 LACOMPTE DR, DALLAS, TX, 75227","Match","Exact","2811 LACOMPTE DR, DALLAS, TX, 75227","-96.714055589194,32.788321005249","619124880","L"
"1536","10300 SCYENE RD STE 100, DALLAS, TX, 75227","Match","Exact","10300 SCYENE RD, DALLAS, TX, 75227","-96.646442380555,32.762186963982","102961481","R"
"1535","2633 SWISS AVE, DALLAS, TX, 75204","Match","Exact","2633 SWISS AVE, DALLAS, TX, 75204","-96.788530836769,32.786720834372","103198211","L"
"1534","4349 W NORTHWEST HWY, DALLAS, TX, 75220","Match","Exact","4349 W NORTHWEST HWY, DALLAS, TX, 75220","-96.835451872706,32.863899816002","103203445","L"
"1533","14444 DALLAS PKWY STE 115, DALLAS, TX, 75254","Match","Exact","14444 DALLAS PKWY, DALLAS, TX, 75254","-96.822571477489,32.945060908232","648835224","L"
"1532","2810 E TRINITY MILLS RD STE 219, CARROLLTON, TX, 75006","Match","Non_Exact","2810 TRINITY MILLS RD, CARROLLTON, TX, 75006","-96.854402772954,32.987002204366","103212527","R"
"1531","518 SOTOGRANDE DR, GARLAND, TX, 75044","Match","Exact","518 SOTOGRANDE DR, GARLAND, TX, 75044","-96.623686254577,32.958823331687","103172533","R"
"1530","8106 SOUTHWESTERN BLVD, DALLAS, TX, 75206","No_Match"
"1539","3921 MARTIN LUTHER KING JR BLVD # TB23F, DALLAS, TX, 75210","Match","Non_Exact","3921 MARTIN LUTHER KING JR BLVD, DALLAS, TX, 75210","-96.759318288871,32.777409323869","103230086","L"
"1538","4020 W NORTHGATE DR, IRVING, TX, 75062","Match","Exact","4020 W NORTHGATE DR, IRVING, TX, 75062","-97.00526750305,32.856905050561","102885788","L"
"1537","1111 W AIRPORT FWY STE 121, IRVING, TX, 75062","Match","Exact","1111 W AIRPORT FWY, IRVING, TX, 75062","-96.959742855731,32.837377749755","638382131","R"
"1550","949 W ROYAL LN, IRVING, TX, 75039","Match","Exact","949 W ROYAL LN, IRVING, TX, 75039","-96.961509217278,32.896021183966","103005479","L"
"1547","1575 S BELT LINE RD STE 160, COPPELL, TX, 75019","Match","Exact","1575 S BELT LINE RD, COPPELL, TX, 75019","-96.993703902691,32.939603772077","103249470","L"
"1546","8010 N STEMMONS FWY STE 101, DALLAS, TX, 75247","Match","Exact","8010 N STEMMONS FWY, DALLAS, TX, 75247","-96.870896067772,32.824178152772","619144174","R"
"1545","3460 W WALNUT ST, GARLAND, TX, 75042","Match","Exact","3460 W WALNUT ST, GARLAND, TX, 75042","-96.682008195885,32.917042987271","103208746","L"
"1544","2809 N MACARTHUR BLVD, IRVING, TX, 75062","Match","Exact","2809 N MACARTHUR BLVD, IRVING, TX, 75062","-96.959149377112,32.844380154578","102891100","L"
"1543","6741 N MACARTHUR BLVD, IRVING, TX, 75039","Match","Exact","6741 N MACARTHUR BLVD, IRVING, TX, 75039","-96.958961958326,32.900653609227","103242574","L"
"1542","6155 SAMUELL BLVD STE 150, DALLAS, TX, 75228","Match","Exact","6155 SAMUELL BLVD, DALLAS, TX, 75228","-96.696970236317,32.792429086359","103199857","L"
"1541","2516 W BRUTON RD, BALCH SPRINGS, TX, 75180","Match","Exact","2516 W BRUTON RD, BALCH SPRINGS, TX, 75180","-96.635345703898,32.748533966097","103164165","R"
"1540","1326 W KINGSLEY RD, GARLAND, TX, 75041","Match","Exact","1326 W KINGSLEY RD, GARLAND, TX, 75041","-96.646175995663,32.878648407257","102927454","L"
"1549","1402 N KAUFMAN ST, SEAGOVILLE, TX, 75159","Match","Exact","1402 N KAUFMAN ST, SEAGOVILLE, TX, 75159","-96.55282836697,32.651842396974","102965537","R"
"1548","12243 E NORTHWEST HWY STE 200, DALLAS, TX, 75228","No_Match"
"1561","2830 EL CAPITAN DR, DALLAS, TX, 75228","Match","Exact","2830 EL CAPITAN DR, DALLAS, TX, 75228","-96.666981176099,32.85493194729","102929875","R"
"1560","8901 WESTMONT DR, IRVING, TX, 75063","Match","Exact","8901 WESTMONT DR, IRVING, TX, 75063","-96.964597576799,32.927333314246","617054458","R"
"1558","1101 S WALTON WALKER BLVD, DALLAS, TX, 75211","Match","Exact","1101 S WALTON WALKER BLVD, DALLAS, TX, 75211","-96.920473633464,32.734208230935","102939726","R"
"1557","8300 ELAM RD STE 130, DALLAS, TX, 75217","Match","Exact","8300 ELAM RD, DALLAS, TX, 75217","-96.677673565492,32.719508015712","637598877","L"
"1556","225 E COLORADO BLVD, DALLAS, TX, 75203","Match","Exact","225 E COLORADO BLVD, DALLAS, TX, 75203","-96.821315630359,32.75874261989","102946150","L"
"1555","2403 N FITZHUGH AVE, DALLAS, TX, 75204","Match","Exact","2403 N FITZHUGH AVE, DALLAS, TX, 75204","-96.782282970177,32.811259072087","102910512","L"
"1554","3921 MARTIN LUTHER KING JR BLVD # G32F, DALLAS, TX, 75210","Match","Exact","3921 MARTIN LUTHER KING JR BLVD, DALLAS, TX, 75210","-96.759318288871,32.777409323869","103230086","L"
"1553","7014 N STEMMONS FWY, DALLAS, TX, 75247","Match","Exact","7014 N STEMMONS FWY, DALLAS, TX, 75247","-96.866269293783,32.815081088019","102904073","R"
"1552","203 N BELT LINE RD STE 400, GRAND PRAIRIE, TX, 75050","Match","Exact","203 N BELT LINE RD, GRAND PRAIRIE, TX, 75050","-96.994626095832,32.747401259182","102936450","L"
"1551","2447 GUS THOMASSON RD, DALLAS, TX, 75228","No_Match"
"1559","750 N SAINT PAUL ST STE 250, DALLAS, TX, 75201","Match","Exact","750 N ST PAUL ST, DALLAS, TX, 75201","-96.799882425294,32.785916837342","102909830","R"
"1572","5657 E MOCKINGBIRD LN, DALLAS, TX, 75206","No_Match"
"1571","8912 LAKE JUNE RD, DALLAS, TX, 75217","Match","Exact","8912 LAKE JUNE RD, DALLAS, TX, 75217","-96.666843817287,32.733997870348","103225433","L"
"1570","2810 TISINGER AVE, DALLAS, TX, 75228","Match","Exact","2810 TISINGER AVE, DALLAS, TX, 75228","-96.667190392631,32.84915593956","102923211","R"
"1569","429 W INTERSTATE 30 STE 6, GARLAND, TX, 75043","Match","Exact","429 W I- 30, GARLAND, TX, 75043","-96.592610207023,32.841730897635","102971435","R"
"1568","3933 S COCKRELL HILL RD, DALLAS, TX, 75236","Match","Exact","3933 S COCKRELL HILL RD, DALLAS, TX, 75236","-96.891538579909,32.695235614866","103191950","R"
"1567","2316 TIMBERLAKE DR, IRVING, TX, 75062","Match","Exact","2316 TIMBERLAKE DR, IRVING, TX, 75062","-96.981847809326,32.854571388036","102886359","L"
"1566","3032 BROADWAY BLVD, GARLAND, TX, 75041","No_Match"
"1565","2051 W NORTHWEST HWY STE 60, DALLAS, TX, 75220","Match","Exact","2051 W NORTHWEST HWY, DALLAS, TX, 75220","-96.907146521066,32.86701732266","103237006","L"
"1564","750 E 2ND ST STE 110, IRVING, TX, 75060","Match","Exact","750 E 2ND ST, IRVING, TX, 75060","-96.93703488365,32.812664462343","638400110","R"
"1563","4404 W ILLINOIS AVE, DALLAS, TX, 75211","Match","Exact","4404 W ILLINOIS AVE, DALLAS, TX, 75211","-96.891711803339,32.720279487453","102940318","L"
"1562","2708 N HENDERSON AVE STE 200, DALLAS, TX, 75206","Match","Exact","2708 N HENDERSON AVE, DALLAS, TX, 75206","-96.781715693039,32.81773401551","102910477","R"
"1583","136 N MASTERS DR, DALLAS, TX, 75217","Match","Exact","136 N MASTERS DR, DALLAS, TX, 75217","-96.648348603965,32.712707305888","102962714","R"
"1582","3115 S 1ST ST STE 200, GARLAND, TX, 75041","Match","Exact","3115 S 1ST ST, GARLAND, TX, 75041","-96.63098651782,32.877792180114","102928297","R"
"1581","1909 S CESAR CHAVEZ BLVD, DALLAS, TX, 75215","No_Match"
"1580","2743 FOREMAN ST, DALLAS, TX, 75210","Match","Exact","2743 FOREMAN ST, DALLAS, TX, 75210","-96.743974969621,32.774320199376","102921138","R"
"1579","6448 E MOCKINGBIRD LN, DALLAS, TX, 75214","Match","Non_Exact","6448 MOCKINGBIRD LN, DALLAS, TX, 75214","-96.751634272028,32.836346954458","103202041","R"
"1578","311A W MARSHALL DR, GRAND PRAIRIE, TX, 75051","Match","Non_Exact","311A W MARSHALL DR, GRAND PRAIRIE, TX, 75051","-97.007372672496,32.720335563667","102936326","L"
"1577","3525 W LEDBETTER DR, DALLAS, TX, 75233","Match","Exact","3525 W LEDBETTER DR, DALLAS, TX, 75233","-96.877775260694,32.691317470742","102941282","R"
"1576","2014 N JUPITER RD STE A, GARLAND, TX, 75044","No_Match"
"1575","2510 MCKINNEY AVE, DALLAS, TX, 75201","Match","Exact","2510 MCKINNEY AVE, DALLAS, TX, 75201","-96.801965900029,32.795379067709","102909142","R"
"1574","1910 S EDGEFIELD AVE, DALLAS, TX, 75224","Match","Exact","1910 S EDGEFIELD AVE, DALLAS, TX, 75224","-96.844537660405,32.726676782791","102946578","L"
"1573","1012 S 1ST ST, GARLAND, TX, 75040","No_Match"
"1110","210 E PLEASANT RUN RD, DESOTO, TX, 75115","Match","Exact","210 E PLEASANT RUN RD, DESOTO, TX, 75115","-96.85622816656,32.604029028086","103215261","L"
"1594","635 E PLEASANT RUN RD, CEDAR HILL, TX, 75104","Match","Exact","635 E PLEASANT RUN RD, CEDAR HILL, TX, 75104","-96.927512439016,32.60453159728","103186925","L"
"1593","535 W AIRPORT FWY STE 140, IRVING, TX, 75062","Match","Exact","535 W AIRPORT FWY, IRVING, TX, 75062","-96.951966517273,32.83733786201","638382000","R"
"1592","13402 BAYARD CIR, DALLAS, TX, 75243","Match","Exact","13402 BAYARD CIR, DALLAS, TX, 75243","-96.710071752951,32.930144077332","102915805","R"
"1591","3921 MARTIN LUTHER KING JR BLVD, DALLAS, TX, 75210","Match","Exact","3921 MARTIN LUTHER KING JR BLVD, DALLAS, TX, 75210","-96.759318288871,32.777409323869","103230086","L"
"1590","5605 E GRAND AVE, DALLAS, TX, 75223","Match","Exact","5605 E GRAND AVE, DALLAS, TX, 75223","-96.747347096589,32.79383253236","102920283","L"
"1107","2680 LEA CREST DR, DALLAS, TX, 75216","Match","Exact","2680 LEA CREST DR, DALLAS, TX, 75216","-96.785258718045,32.712156773261","102951992","R"
"1106","2713 INDUSTRIAL LN, GARLAND, TX, 75041","Match","Exact","2713 INDUSTRIAL LN, GARLAND, TX, 75041","-96.675783729698,32.884851293405","103205776","R"
"1105","375 E INTERSTATE 30, GARLAND, TX, 75043","Match","Non_Exact","375 W I- 30, GARLAND, TX, 75043","-96.591761649244,32.842060005405","102971435","R"
"1589","3287 S POLK ST, DALLAS, TX, 75224","Match","Exact","3287 S POLK ST, DALLAS, TX, 75224","-96.840239736455,32.705982945794","102947744","R"
"1104","5819 SWISS AVE, DALLAS, TX, 75214","Match","Exact","5819 SWISS AVE, DALLAS, TX, 75214","-96.760065331918,32.810461412858","102919691","L"
"1588","902 E SHADY GROVE RD, IRVING, TX, 75060","Match","Exact","902 E SHADY GROVE RD, IRVING, TX, 75060","-96.935663914592,32.800922969087","102893237","R"
"1103","9155 STERLING ST STE 150, IRVING, TX, 75063","Match","Exact","9155 STERLING ST, IRVING, TX, 75063","-97.017130803569,32.934103603284","102884721","R"
"1587","4221 TELEPHONE RD, DALLAS, TX, 75241","Match","Exact","4221 TELEPHONE RD, DALLAS, TX, 75241","-96.753595054471,32.63608150601","102959247","L"
"1102","5049 ADDISON CIR, ADDISON, TX, 75001","Match","Exact","5049 ADDISON CIR, ADDISON, TX, 75001","-96.82409457588,32.962152899325","103001219","R"
"1586","101 S SHERMAN ST STE B, RICHARDSON, TX, 75081","Match","Non_Exact","101 SHERMAN ST, RICHARDSON, TX, 75081","-96.733217228904,32.949762251757","102913629","L"
"1101","3802 N TOWN EAST BLVD, MESQUITE, TX, 75150","Match","Exact","3802 N TOWN EAST BLVD, MESQUITE, TX, 75150","-96.652946457278,32.795960769492","102931522","L"
"1585","12103 WEBB CHAPEL RD, FARMERS BRANCH, TX, 75234","Match","Exact","12103 WEBB CHAPEL RD, FARMERS BRANCH, TX, 75234","-96.873349992999,32.915109493227","103272045","L"
"1100","1725 S INTERSTATE 35E STE 140, CARROLLTON, TX, 75006","Match","Exact","1725 S I- 35E, CARROLLTON, TX, 75006","-96.902530137688,32.941212952673","102888751","L"
"1584","3201 GRANADA DR, MESQUITE, TX, 75181","Match","Exact","3201 GRANADA DR, MESQUITE, TX, 75181","-96.54997045521,32.754975552617","103172257","L"
"1109","717 E ANN ARBOR AVE, DALLAS, TX, 75216","Match","Non_Exact","717 ANN ARBOR AVE, DALLAS, TX, 75216","-96.814387774817,32.69136908237","102951556","L"
"1108","3723 HAMILTON AVE, DALLAS, TX, 75210","Match","Exact","3723 HAMILTON AVE, DALLAS, TX, 75210","-96.754152266827,32.772195116425","102921051","L"
"1121","2008 W CLARENDON DR, DALLAS, TX, 75208","Match","Exact","2008 W CLARENDON DR, DALLAS, TX, 75208","-96.85179356526,32.73492646587","102945367","L"
"1120","387 LAS COLINAS BLVD E STE 106, IRVING, TX, 75039","Match","Exact","387 LAS COLINAS BLVD E, IRVING, TX, 75039","-96.936488379471,32.864927520081","647952520","L"
"1118","2445 W NORTHWEST HWY STE 105, DALLAS, TX, 75220","Match","Exact","2445 W NORTHWEST HWY, DALLAS, TX, 75220","-96.881985738262,32.858805226168","638404432","L"
"1117","12101 GREENVILLE AVE STE 107, DALLAS, TX, 75243","Match","Exact","12101 GREENVILLE AVE, DALLAS, TX, 75243","-96.74529447684,32.913430280597","103247827","L"
"1116","5302 N GADRLAND AVENUE, GARLAND, TX, 75044","Match","Non_Exact","5302 N GARLAND AVE, GARLAND, TX, 75040","-96.647193582603,32.961296152774","624059944","R"
"1115","7777 HINES PL, DALLAS, TX, 75235","Match","Exact","7777 HINES PL, DALLAS, TX, 75235","-96.859885621919,32.831404402015","102903026","L"
"1599","1107 N HIGHWAY 67, CEDAR HILL, TX, 75104","Match","Exact","1107 N HWY 67, CEDAR HILL, TX, 75104","-96.925220315347,32.610812675972","103188078","L"
"1114","6423 ABERDEEN AVE, DALLAS, TX, 75230","Match","Exact","6423 ABERDEEN AVE, DALLAS, TX, 75230","-96.795677998028,32.882307539072","102901746","L"
"1598","9751 WALNUT ST STE 102, DALLAS, TX, 75243","No_Match"
"1113","1004 WEBB CHAPEL RD, CARROLLTON, TX, 75006","Match","Exact","1004 WEBB CHAPEL RD, CARROLLTON, TX, 75006","-96.870955673051,32.953295022113","103253090","L"
"1597","2416 W LEDBETTER DR, DALLAS, TX, 75233","Match","Exact","2416 W LEDBETTER DR, DALLAS, TX, 75233","-96.85746539883,32.691178861732","103192042","L"
"1112","4150 BELT LINE RD, ADDISON, TX, 75001","Match","Exact","4150 BELT LINE RD, ADDISON, TX, 75001","-96.840440916209,32.954239503068","103211125","R"
"1596","1718 N MARKET ST, DALLAS, TX, 75202","Match","Exact","1718 N MARKET ST, DALLAS, TX, 75202","-96.806715958687,32.781694145723","102909475","R"
"1111","2828 MOTLEY DR, MESQUITE, TX, 75150","No_Match"
"1595","11255 GARLAND RD STE 405, DALLAS, TX, 75218","Match","Exact","11255 GARLAND RD, DALLAS, TX, 75218","-96.684233625562,32.848573419887","102923062","L"
"1119","1613 W NORTHWEST HWY, DALLAS, TX, 75220","Match","Exact","1613 W NORTHWEST HWY, DALLAS, TX, 75220","-96.924150688642,32.872131434863","639259898","L"
"1132","106 N DENTON TAP RD, COPPELL, TX, 75019","Match","Exact","106 N DENTON TAP RD, COPPELL, TX, 75019","-96.993516326673,32.971266481431","103274109","R"
"1131","6770 GREENVILLE AVE, DALLAS, TX, 75231","Match","Exact","6770 GREENVILLE AVE, DALLAS, TX, 75231","-96.766016295526,32.869720108439","103269911","L"
"1130","5942 ABRAMS RD, DALLAS, TX, 75231","No_Match"
"1129","5150 DUCK CREEK DR # 107, GARLAND, TX, 75043","Match","Exact","5150 DUCK CREEK DR, GARLAND, TX, 75043","-96.61045911272,32.851696374759","103204535","L"
"1128","2001 MILITARY PKWY, MESQUITE, TX, 75149","Match","Exact","2001 MILITARY PKWY, MESQUITE, TX, 75149","-96.630014966007,32.768271497817","103267039","L"
"1127","2642 MALCOLM X BLVD, DALLAS, TX, 75215","No_Match"
"1126","417 E CAMP WISDOM RD, DUNCANVILLE, TX, 75116","Match","Non_Exact","417 W CAMP WISDOM RD, DUNCANVILLE, TX, 75116","-96.915521986844,32.661904985259","103218929","L"
"1125","2932 MAIN ST, DALLAS, TX, 75226","Match","Exact","2932 MAIN ST, DALLAS, TX, 75226","-96.781625206698,32.784240405897","102912142","R"
"1124","3626 SATURN RD, GARLAND, TX, 75041","Match","Exact","3626 SATURN RD, GARLAND, TX, 75041","-96.64817115174,32.873046084351","103205881","L"
"1123","5306 W DAVIS ST, DALLAS, TX, 75211","No_Match"
"700","2015 N MASTERS DR STE 260, DALLAS, TX, 75217","Match","Exact","2015 N MASTERS DR, DALLAS, TX, 75217","-96.648437078709,32.747862209756","103225859","L"
"1122","125 HALL RD, SEAGOVILLE, TX, 75159","Match","Exact","125 HALL RD, SEAGOVILLE, TX, 75159","-96.548471241168,32.649132046895","102965620","L"
"701","1030 N HIGHWAY 67 STE A, CEDAR HILL, TX, 75104","Match","Non_Exact","1030 N HWY 67, CEDAR HILL, TX, 75104","-96.927173625468,32.607605340053","103186870","R"
"702","3250 W PLEASANT RUN RD STE 230, LANCASTER, TX, 75146","Match","Exact","3250 W PLEASANT RUN RD, LANCASTER, TX, 75146","-96.820930002139,32.604065178097","103264371","L"
"703","2780 ROYAL LN STE B, DALLAS, TX, 75229","Match","Non_Exact","2780 ROYAL LN, DALLAS, TX, 75229","-96.88384522872,32.895026949095","103243597","L"
"704","15050 PRESTON RD, DALLAS, TX, 75254","Match","Exact","15050 PRESTON RD, DALLAS, TX, 75254","-96.803738376524,32.953381117435","103273879","R"
"705","8361 PARK LN STE 100, DALLAS, TX, 75231","Match","Exact","8361 PARK LN, DALLAS, TX, 75231","-96.761072703395,32.871148586245","102914503","L"
"706","1007 W CAMP WISDOM RD, DALLAS, TX, 75232","Match","Exact","1007 W CAMP WISDOM RD, DALLAS, TX, 75232","-96.838408043308,32.662273792711","103219227","R"
"707","3434 WEBB CHAPEL EXT, DALLAS, TX, 75220","Match","Exact","3434 WEBB CHAPEL EXN, DALLAS, TX, 75220","-96.86475514005,32.865206491247","103203430","R"
"708","14821 INWOOD RD, ADDISON, TX, 75001","Match","Exact","14821 INWOOD RD, ADDISON, TX, 75001","-96.829162036505,32.949648334168","103209537","L"
"709","4425 W WALNUT ST STE 315, GARLAND, TX, 75042","Match","Exact","4425 W WALNUT ST, GARLAND, TX, 75042","-96.700618610669,32.916699334743","103248009","R"
"1143","2424 S CESAR CHAVEZ BLVD, DALLAS, TX, 75215","No_Match"
"1142","1426 S CLARK RD, DUNCANVILLE, TX, 75137","Match","Exact","1426 S CLARK RD, DUNCANVILLE, TX, 75137","-96.94314612838,32.630564312252","103187973","L"
"1141","1102 W PIONEER PKWY STE 125, GRAND PRAIRIE, TX, 75051","Match","Exact","1102 W PIONEER PKWY, GRAND PRAIRIE, TX, 75051","-97.019849017509,32.70975058132","103000067","R"
"1140","9440 GARLAND RD STE 150, DALLAS, TX, 75218","Match","Exact","9440 GARLAND RD, DALLAS, TX, 75218","-96.703209807516,32.832806853632","619144793","L"
"1139","7000 SNIDER PLZ, UNIVERSITY PARK, TX, 75205","Match","Non_Exact","7000 SNIDER PLZ, DALLAS, TX, 75205","-96.787760553324,32.850312780235","102907255","R"
"1138","250 W HIGHWAY 67, DUNCANVILLE, TX, 75137","Match","Exact","250 W HWY 67, DUNCANVILLE, TX, 75137","-96.910067573456,32.622714577175","103188100","L"
"1137","205 N CARROLL AVE, DALLAS, TX, 75246","Match","Exact","205 N CARROLL AVE, DALLAS, TX, 75246","-96.768443557938,32.792289980105","642149280","L"
"1136","910 S HAMPTON RD STE D, DALLAS, TX, 75208","Match","Non_Exact","910 S HAMPTON RD, DALLAS, TX, 75208","-96.856606834099,32.736972506073","102945315","L"
"1135","3806 S STATE HIGHWAY 161 STE 500, GRAND PRAIRIE, TX, 75052","Match","Non_Exact","3806 STATE HWY 161, GRAND PRAIRIE, TX, 75052","-97.023760831056,32.69158754223","641536041","R"
"710","126 E CENTERVILLE RD, GARLAND, TX, 75041","Match","Non_Exact","126 W CENTERVILLE RD, GARLAND, TX, 75041","-96.631770305246,32.870045043776","103270648","L"
"1134","2645 ARAPAHO RD, GARLAND, TX, 75044","Match","Exact","2645 ARAPAHO RD, GARLAND, TX, 75044","-96.66480715366,32.959649205707","103274025","L"
"711","3733 N TOWN EAST BLVD STE 100, MESQUITE, TX, 75150","Match","Exact","3733 N TOWN EAST BLVD, MESQUITE, TX, 75150","-96.651884796838,32.797215995848","103268043","R"
"1133","305 W FM 1382 STE 302, CEDAR HILL, TX, 75104","Match","Exact","305 W FM 1382, CEDAR HILL, TX, 75104","-96.942687710718,32.5992478819","103186856","R"
"712","3757 FOREST LN, DALLAS, TX, 75244","Match","Exact","3757 FOREST LN, DALLAS, TX, 75244","-96.853306872022,32.909710250613","103243848","L"
"713","1031 E PLEASANT RUN RD, DESOTO, TX, 75115","Match","Exact","1031 E PLEASANT RUN RD, DESOTO, TX, 75115","-96.832413738373,32.604405593258","103187241","L"
"714","2726 W IRVING BLVD, IRVING, TX, 75061","Match","Exact","2726 W IRVING BLVD, IRVING, TX, 75061","-96.982461516695,32.830316088253","102886654","L"
"715","5120 HIGHWAY 78 STE 500, SACHSE, TX, 75048","Match","Exact","5120 STATE HWY 78, SACHSE, TX, 75048","-96.605024750355,32.969910954624","103274061","R"
"716","1001 N INTERSTATE 35 E STE 500, DESOTO, TX, 75115","No_Match"
"717","3011 GULDEN LN STE 119, DALLAS, TX, 75212","Match","Exact","3011 GULDEN LN, DALLAS, TX, 75212","-96.827775615014,32.779507067053","102905671","L"
"718","2211 COYOTE TRL, GRAND PRAIRIE, TX, 75052","Match","Exact","2211 COYOTE TRL, GRAND PRAIRIE, TX, 75052","-97.035082450749,32.684699575183","617673040","L"
"719","2330 ROYAL LN STE 700, DALLAS, TX, 75229","No_Match"
"1154","3015 ARAPAHO RD, GARLAND, TX, 75044","Match","Exact","3015 ARAPAHO RD, GARLAND, TX, 75044","-96.674150367563,32.960760518989","103254467","L"
"2001","700 N MACARTHUR BLVD, IRVING, TX, 75061","Match","Exact","700 N MACARTHUR BLVD, IRVING, TX, 75061","-96.959101251848,32.821138355121","102891634","R"
"1153","1717 OATES DR, MESQUITE, TX, 75150","Match","Exact","1717 OATES DR, MESQUITE, TX, 75150","-96.627982535628,32.839018506573","103236029","R"
"2000","5920 FOREST PARK RD, DALLAS, TX, 75235","Match","Exact","5920 FOREST PARK RD, DALLAS, TX, 75235","-96.840702102986,32.81995603101","102903733","R"
"1152","610 E RED BIRD LN, DUNCANVILLE, TX, 75116","Match","Exact","610 E RED BIRD LN, DUNCANVILLE, TX, 75116","-96.894523254753,32.676427213775","103220294","L"
"1151","8282 PARK LN, DALLAS, TX, 75231","Match","Exact","8282 PARK LN, DALLAS, TX, 75231","-96.762961228446,32.871340039515","103205591","R"
"1150","11810 C F HAWN FWY, DALLAS, TX, 75253","Match","Non_Exact","11810 C F HAWN FWY, DALLAS, TX, 75217","-96.639056335988,32.695491662932","102963033","L"
"1149","608 HALL RD, SEAGOVILLE, TX, 75159","Match","Exact","608 HALL RD, SEAGOVILLE, TX, 75159","-96.542016152074,32.652502727445","102965604","R"
"1148","222 S HALL ST, DALLAS, TX, 75226","Match","Exact","222 S HALL ST, DALLAS, TX, 75226","-96.778522643942,32.783897326073","102912152","L"
"1147","3005 S CARRIER PKWY STE 101, GRAND PRAIRIE, TX, 75052","Match","Exact","3005 S CARRIER PKWY, GRAND PRAIRIE, TX, 75052","-97.015350334911,32.701561933281","103265229","L"
"720","5338 LINDSLEY AVE, DALLAS, TX, 75223","Match","Exact","5338 LINDSLEY AVE, DALLAS, TX, 75223","-96.753490387535,32.793996409038","102920198","R"
"1146","9779 FOREST LN STE 200C, DALLAS, TX, 75243","Match","Exact","9779 FOREST LN, DALLAS, TX, 75243","-96.719254433936,32.909618026626","648226811","L"
"721","4120 GASTON AVE, DALLAS, TX, 75246","Match","Exact","4120 GASTON AVE, DALLAS, TX, 75246","-96.776621574031,32.794046915288","102911115","R"
"1145","580 W ARAPAHO RD STE 218, RICHARDSON, TX, 75080","Match","Exact","580 W ARAPAHO RD, RICHARDSON, TX, 75080","-96.73737329041,32.963201908503","103274406","L"
"722","1821 W TARRANT RD, GRAND PRAIRIE, TX, 75050","Match","Exact","1821 W TARRANT RD, GRAND PRAIRIE, TX, 75050","-97.027141249536,32.757007107763","102935216","L"
"1144","2640 S STATE HIGHWAY 161, GRAND PRAIRIE, TX, 75052","Match","Non_Exact","2640 STATE HWY 161, GRAND PRAIRIE, TX, 75052","-97.024091259481,32.707764069436","638374111","L"
"723","1456 BELT LINE RD STE 127, GARLAND, TX, 75044","Match","Exact","1456 BELT LINE RD, GARLAND, TX, 75044","-96.648930516624,32.9449782237","102925765","L"
"724","2220 N TOWN EAST BLVD, MESQUITE, TX, 75150","Match","Exact","2220 N TOWN EAST BLVD, MESQUITE, TX, 75150","-96.635193846557,32.810757540711","102931976","L"
"725","2015 CORINTH ST, DALLAS, TX, 75215","Match","Exact","2015 CORINTH ST, DALLAS, TX, 75215","-96.782640756026,32.771467838909","102912047","L"
"726","1240 W BELT LINE RD STE D, DESOTO, TX, 75115","Match","Non_Exact","1240 W BELT LINE RD, DESOTO, TX, 75115","-96.889460383006,32.589729007071","102984825","L"
"727","2001 GREENVILLE AVE, DALLAS, TX, 75206","Match","Exact","2001 GREENVILLE AVE, DALLAS, TX, 75206","-96.770268072891,32.814215560062","102910970","L"
"728","3526 W WALNUT ST, GARLAND, TX, 75042","Match","Exact","3526 W WALNUT ST, GARLAND, TX, 75042","-96.683571785216,32.91710551695","102917732","L"
"729","1919 FAITHON LUCAS, MESQUITE, TX, 75181","Match","Non_Exact","1919 FAITHON P LUCAS SR BLVD, MESQUITE, TX, 75181","-96.552529848427,32.743808474595","103166445","R"
"1165","5301 N GARLAND AVE, GARLAND, TX, 75040","Match","Exact","5301 N GARLAND AVE, GARLAND, TX, 75040","-96.644706707216,32.963725988307","103254590","L"
"2012","4815 COLLINS AVE, DALLAS, TX, 75210","Match","Exact","4815 COLLINS AVE, DALLAS, TX, 75210","-96.740881202618,32.777776625102","102921630","L"
"1164","7964 N MACARTHUR BLVD, IRVING, TX, 75063","Match","Exact","7964 N MACARTHUR BLVD, IRVING, TX, 75063","-96.958441051793,32.918460092246","103271857","L"
"2011","1402 NORTHWEST HWY STE 100, GARLAND, TX, 75041","Match","Exact","1402 NORTHWEST HWY, GARLAND, TX, 75041","-96.648445829102,32.863984941546","103204062","L"
"1163","5501 LINDSLEY AVE, DALLAS, TX, 75223","Match","Exact","5501 LINDSLEY AVE, DALLAS, TX, 75223","-96.751466539324,32.796012257857","102920210","L"
"2010","4291 DFW TPKE, DALLAS, TX, 75211","No_Match"
"1162","2165 BUCKINGHAM RD, RICHARDSON, TX, 75081","Match","Non_Exact","2165 BUCKINGHAM PL, RICHARDSON, TX, 75081","-96.686024230102,32.931524892434","633710630","L"
"1161","324 W CAMPBELL RD, RICHARDSON, TX, 75080","Match","Exact","324 W CAMPBELL RD, RICHARDSON, TX, 75080","-96.722098193669,32.975590602271","103258683","L"
"1160","1885 ESTERS RD STE 110, IRVING, TX, 75061","Match","Exact","1885 ESTERS RD, IRVING, TX, 75061","-97.009649613437,32.832886150943","103279264","L"
"2009","14215 COIT RD STE 104, DALLAS, TX, 75254","Match","Exact","14215 COIT RD, DALLAS, TX, 75254","-96.769077742173,32.937847509251","103209923","L"
"2008","1410 WOODED LAKE DR, MESQUITE, TX, 75150","Match","Exact","1410 WOODED LAKE DR, MESQUITE, TX, 75150","-96.628120408439,32.837371103192","103262511","L"
"2007","3217 MALCOLM X BLVD, DALLAS, TX, 75215","Match","Exact","3217 MALCOLM X BLVD, DALLAS, TX, 75215","-96.766639296826,32.767466002543","102955304","R"
"1159","2750 W NORTHWEST HWY STE 100, DALLAS, TX, 75220","Match","Exact","2750 W NORTHWEST HWY, DALLAS, TX, 75220","-96.874978395613,32.858107988661","639641033","R"
"2006","2233 N PRAIRIE CREEK RD STE C2-B, DALLAS, TX, 75227","Match","Exact","2233 N PRAIRIE CREEK RD, DALLAS, TX, 75227","-96.665240874123,32.750592964147","103195855","L"
"730","6333 E MOCKINGBIRD LN STE 301, DALLAS, TX, 75214","Match","Exact","6333 E MOCKINGBIRD LN, DALLAS, TX, 75214","-96.754546076198,32.836588453824","103235514","L"
"1158","4050 GUS THOMASSON RD, MESQUITE, TX, 75150","Match","Exact","4050 GUS THOMASSON RD, MESQUITE, TX, 75150","-96.640702861855,32.819081118014","103268714","L"
"2005","960 E SANDY LAKE RD, COPPELL, TX, 75019","Match","Non_Exact","960 W SANDY LAKE RD, COPPELL, TX, 75019","-97.023552826208,32.973252616602","618492333","R"
"731","532 W I-30, GARLAND, TX, 75043","Match","Exact","532 W I- 30, GARLAND, TX, 75043","-96.596876670598,32.839059684319","103202607","L"
"1157","940 E BELT LINE RD STE 100, RICHARDSON, TX, 75081","Match","Exact","940 E BELT LINE RD, RICHARDSON, TX, 75081","-96.711852579138,32.947509766667","640537674","R"
"2004","1335 N BELT LINE RD STE 13, IRVING, TX, 75061","Match","Exact","1335 N BELT LINE RD, IRVING, TX, 75061","-96.993940822558,32.827992262964","640542743","L"
"732","200 US HIGHWAY 80 E, MESQUITE, TX, 75149","Match","Exact","200 US HWY 80 E, MESQUITE, TX, 75149","-96.599067507798,32.790659483928","103200229","L"
"1156","2052 FORT WORTH AVE, DALLAS, TX, 75208","No_Match"
"2003","6030 LUTHER LN STE 160, DALLAS, TX, 75225","Match","Exact","6030 LUTHER LN, DALLAS, TX, 75225","-96.807886951743,32.863535951748","103203537","R"
"733","9500 WEBB CHAPEL RD, DALLAS, TX, 75220","Match","Exact","9500 WEBB CHAPEL RD, DALLAS, TX, 75220","-96.860692526567,32.86354827814","103238828","R"
"1155","2654 N BELT LINE RD, IRVING, TX, 75062","Match","Exact","2654 N BELT LINE RD, IRVING, TX, 75062","-96.992358744522,32.842761869603","102998757","R"
"2002","11361 MCCREE RD UNIT 160, DALLAS, TX, 75238","Match","Exact","11361 MCCREE RD, DALLAS, TX, 75238","-96.685498489451,32.87158738224","102917930","L"
"734","317 E PIONEER PKWY, GRAND PRAIRIE, TX, 75051","No_Match"
"735","4151 N CENTRAL EXPY, DALLAS, TX, 75204","Match","Exact","4151 N CENTRAL EXPY, DALLAS, TX, 75204","-96.790167739145,32.815147281072","103262964","L"
"736","12789 MIDWAY RD, DALLAS, TX, 75244","Match","Exact","12789 MIDWAY RD, DALLAS, TX, 75244","-96.838316675643,32.921509729087","102897938","L"
"737","9606 C F HAWN FWY, DALLAS, TX, 75217","Match","Exact","9606 C F HAWN FWY, DALLAS, TX, 75217","-96.656177394021,32.702690511737","102962671","L"
"738","2938 STOREY LN, DALLAS, TX, 75220","Match","Exact","2938 STOREY LN, DALLAS, TX, 75220","-96.876086480473,32.861291711507","102894073","R"
"739","200 W CAMP WISDOM RD, DUNCANVILLE, TX, 75116","Match","Exact","200 W CAMP WISDOM RD, DUNCANVILLE, TX, 75116","-96.909930621344,32.661737620275","102942922","L"
"1176","342 TRIBUTE RD, LANCASTER, TX, 75146","Match","Non_Exact","342 TRIBUTE DR, LANCASTER, TX, 75146","-96.792365778619,32.590971172778","618943973","R"
"2023","4448 S MARSALIS AVE, DALLAS, TX, 75216","Match","Exact","4448 S MARSALIS AVE, DALLAS, TX, 75216","-96.814543283737,32.69035666492","102951555","L"
"1175","6536 SKILLMAN ST, DALLAS, TX, 75231","Match","Exact","6536 SKILLMAN ST, DALLAS, TX, 75231","-96.741978111199,32.865981490721","103269914","R"
"2022","10854 PRESTON RD, DALLAS, TX, 75230","Match","Exact","10854 PRESTON RD, DALLAS, TX, 75230","-96.803860424455,32.896687877284","102901429","R"
"1174","4340 HARRY HINES BLVD STE B, DALLAS, TX, 75219","Match","Non_Exact","4340 HARRY HINES BLVD, DALLAS, TX, 75219","-96.825687706733,32.805249306406","102905115","R"
"2021","1622 MORRELL AVE, DALLAS, TX, 75203","Match","Exact","1622 MORRELL AVE, DALLAS, TX, 75203","-96.798227760757,32.738974555239","103195517","R"
"1173","5013 SATURN RD, GARLAND, TX, 75041","Match","Exact","5013 SATURN RD, GARLAND, TX, 75041","-96.648414536792,32.85748668021","103204120","R"
"2020","11911 RYLIECREST DR, BALCH SPRINGS, TX, 75180","No_Match"
"1172","1512 S BELT LINE RD, DALLAS, TX, 75253","Match","Exact","1512 S BELT LINE RD, DALLAS, TX, 75253","-96.59688267638,32.680560154906","103265198","L"
"1171","6465 E MOCKINGBIRD LN STE 322, DALLAS, TX, 75214","Match","Exact","6465 E MOCKINGBIRD LN, DALLAS, TX, 75214","-96.750804280479,32.836626977249","103235552","L"
"1170","1601 MILLER FERRY RD TRLR 196, WILMER, TX, 75172","Match","Non_Exact","1601 MILLERS FERRY RD, WILMER, TX, 75172","-96.693464124943,32.602584389656","102960599","L"
"2019","4520 BOTHAM JEAN BLVD, DALLAS, TX, 75215","No_Match"
"2018","2739 W NORTHWEST HWY, DALLAS, TX, 75220","Match","Exact","2739 W NORTHWEST HWY, DALLAS, TX, 75220","-96.874719279408,32.858308703897","103237133","L"
"740","2460 LACY LN STE 110, CARROLLTON, TX, 75006","Match","Exact","2460 LACY LN, CARROLLTON, TX, 75006","-96.927072721492,32.920786824719","102887880","R"
"2017","2837 E LEDBETTER DR, DALLAS, TX, 75216","Match","Exact","2837 E LEDBETTER DR, DALLAS, TX, 75216","-96.774271621225,32.693594962425","103222694","L"
"741","3540 SIMPSON STUART RD, DALLAS, TX, 75241","Match","Exact","3540 SIMPSON STUART RD, DALLAS, TX, 75241","-96.762037081141,32.672984094862","102957031","R"
"1169","200 CRESCENT CT STE 40, DALLAS, TX, 75201","Match","Exact","200 CRESCENT CT, DALLAS, TX, 75201","-96.803619761823,32.794227352207","102909121","L"
"2016","658 W INTERSTATE 30 STE 11K, GARLAND, TX, 75043","Match","Exact","658 W I- 30, GARLAND, TX, 75043","-96.599449621821,32.838095505142","102933121","L"
"742","9256 MARKVILLE DR, DALLAS, TX, 75243","Match","Exact","9256 MARKVILLE DR, DALLAS, TX, 75243","-96.740728054331,32.913651835853","102914652","R"
"1168","4026 CEDAR SPRINGS RD, DALLAS, TX, 75219","Match","Exact","4026 CEDAR SPRINGS RD, DALLAS, TX, 75219","-96.811419667649,32.81127892159","102908503","R"
"2015","3631 DELFORD CIR, DALLAS, TX, 75228","Match","Exact","3631 DELFORD CIR, DALLAS, TX, 75228","-96.657650571089,32.843441181498","102930164","L"
"743","5006 PETERSBURG DR, ROWLETT, TX, 75088","Match","Exact","5006 PETERSBURG DR, ROWLETT, TX, 75088","-96.55404475043,32.884773028852","103171556","L"
"1167","3340 W ROYAL LN, IRVING, TX, 75063","Match","Exact","3340 W ROYAL LN, IRVING, TX, 75063","-96.992522063566,32.9116039798","103207613","R"
"2014","1721 BELT LINE RD, GARLAND, TX, 75044","No_Match"
"744","9811 WALNUT HILL LN, DALLAS, TX, 75238","No_Match"
"1166","3915 LINFIELD RD, DALLAS, TX, 75216","No_Match"
"2013","8501 OLD HICKORY TRL APT 1206, DALLAS, TX, 75237","Match","Exact","8501 OLD HICKORY TRL, DALLAS, TX, 75237","-96.865638505308,32.636031588673","638656286","R"
"745","7401 SAMUELL BLVD, DALLAS, TX, 75228","No_Match"
"746","3107 S COCKRELL HILL RD, DALLAS, TX, 75236","Match","Exact","3107 S COCKRELL HILL RD, DALLAS, TX, 75236","-96.891539561348,32.707772764074","103191899","R"
"747","4141 OFFICE PKWY, DALLAS, TX, 75204","Match","Exact","4141 OFFICE PKWY, DALLAS, TX, 75204","-96.788384183685,32.804518823885","103278410","L"
"748","3400 N BELT LINE RD, SUNNYVALE, TX, 75182","No_Match"
"749","2517 S BECKLEY AVE, DALLAS, TX, 75224","Match","Exact","2517 S BECKLEY AVE, DALLAS, TX, 75224","-96.822975982594,32.717429407958","102947113","R"
"1187","320 CASA LINDA PLAZA BUCKNER AT GARLAND, DALLAS, TX, 75218","Match","Non_Exact","BUCKNER BLVD & GARLAND RD, DALLAS, TX, 75218","-96.702256496342,32.833830248504","",""
"2034","1157 EASTON RD STE 108, DALLAS, TX, 75218","Match","Exact","1157 EASTON RD, DALLAS, TX, 75218","-96.692251720747,32.843928224935","102922686","R"
"1186","633 W WHEATLAND RD, DUNCANVILLE, TX, 75116","Match","Exact","633 W WHEATLAND RD, DUNCANVILLE, TX, 75116","-96.922891037501,32.647541167727","103189236","R"
"2033","5424 KLEBERG DR, GRAND PRAIRIE, TX, 75052","Match","Exact","5424 KLEBERG DR, GRAND PRAIRIE, TX, 75052","-97.033317159601,32.641824433302","103280760","L"
"1185","15201 DALLAS PKWY, ADDISON, TX, 75001","Match","Exact","15201 DALLAS PKWY, ADDISON, TX, 75001","-96.822335139829,32.954230142869","103211177","L"
"2032","14311 SKYFROST DR TRLR 176, DALLAS, TX, 75253","Match","Exact","14311 SKYFROST DR, DALLAS, TX, 75253","-96.574462889246,32.684047310115","103164183","L"
"1184","3342 BROADWAY BLVD STE 118, GARLAND, TX, 75043","Match","Exact","3342 BROADWAY BLVD, GARLAND, TX, 75043","-96.616528379283,32.87478733271","103242204","L"
"2031","2407 W AIRPORT FWY, IRVING, TX, 75062","Match","Exact","2407 W AIRPORT FWY, IRVING, TX, 75062","-96.977041605818,32.837433555385","638383725","R"
"1183","4505 LASATER RD, MESQUITE, TX, 75181","Match","Exact","4505 LASATER RD, MESQUITE, TX, 75181","-96.58264803242,32.709918608191","102964542","L"
"2030","2680 OLD DENTON RD STE 172, CARROLLTON, TX, 75007","Match","Exact","2680 OLD DENTON RD, CARROLLTON, TX, 75007","-96.909719368361,32.986735260547","103255502","R"
"1182","6333 E MOCKINGBIRD LN # 301, DALLAS, TX, 75214","Match","Exact","6333 E MOCKINGBIRD LN, DALLAS, TX, 75214","-96.754546076198,32.836588453824","103235514","L"
"1181","9670 PLANO RD, DALLAS, TX, 75238","No_Match"
"1180","2200 CEDAR CREST BLVD, DALLAS, TX, 75203","Match","Exact","2200 CEDAR CREST BLVD, DALLAS, TX, 75203","-96.794672529741,32.730964905475","102949914","R"
"750","1050 N WESTMORELAND RD STE 312, DALLAS, TX, 75211","Match","Exact","1050 N WESTMORELAND RD, DALLAS, TX, 75211","-96.873966828844,32.755021150879","103196525","R"
"2029","2407 W AIRPORT FWY, IRVING, TX, 75062","Match","Exact","2407 W AIRPORT FWY, IRVING, TX, 75062","-96.977041605818,32.837433555385","638383725","R"
"751","3426 GREENVILLE AVE, DALLAS, TX, 75206","Match","Exact","3426 GREENVILLE AVE, DALLAS, TX, 75206","-96.770113640651,32.829315110757","102908291","R"
"2028","2120 N SAINT AUGUSTINE DR STE 130, DALLAS, TX, 75227","Match","Exact","2120 N ST AUGUSTINE DR, DALLAS, TX, 75227","-96.656836489591,32.74904797766","103195879","R"
"752","525 N GALLOWAY AVE, MESQUITE, TX, 75149","Match","Exact","525 N GALLOWAY AVE, MESQUITE, TX, 75149","-96.599227443755,32.771036384068","103198899","L"
"2027","405 S BELT LINE RD, GRAND PRAIRIE, TX, 75051","Match","Exact","405 S BELT LINE RD, GRAND PRAIRIE, TX, 75051","-96.99460758076,32.742216625947","102936517","R"
"753","4600 MALCOLM X BLVD, DALLAS, TX, 75215","Match","Exact","4600 MALCOLM X BLVD, DALLAS, TX, 75215","-96.753563644816,32.756618286788","103197094","L"
"1179","5809 E LOVERS LN, DALLAS, TX, 75206","Match","Exact","5809 E LOVERS LN, DALLAS, TX, 75206","-96.76732667921,32.851146855898","103237623","R"
"2026","13350 DALLAS PKWY STE 2655, DALLAS, TX, 75240","Match","Exact","13350 DALLAS PKWY, DALLAS, TX, 75240","-96.820997176582,32.930508319415","103272392","R"
"754","6750 MURPHY RD, SACHSE, TX, 75048","Match","Exact","6750 MURPHY RD, SACHSE, TX, 75048","-96.613331516806,32.982621644074","102925152","R"
"1178","15220 MONTFORT RD, DALLAS, TX, 75248","No_Match"
"2025","3225 W PLEASANT RUN RD STE 102A, LANCASTER, TX, 75146","Match","Exact","3225 W PLEASANT RUN RD, LANCASTER, TX, 75146","-96.819171104073,32.604306592714","102954296","R"
"755","4410 W LOVERS LN, DALLAS, TX, 75209","Match","Exact","4410 W LOVERS LN, DALLAS, TX, 75209","-96.834608568858,32.85110695525","102903398","R"
"1177","3249 FOREST LN, GARLAND, TX, 75042","Match","Exact","3249 FOREST LN, GARLAND, TX, 75042","-96.679178316099,32.90935252892","103271364","R"
"2024","1314 N DALLAS AVE, LANCASTER, TX, 75134","Match","Exact","1314 N DALLAS AVE, LANCASTER, TX, 75134","-96.758081172019,32.604026266429","652307008","R"
"756","2145 CHENAULT DR STE 110, CARROLLTON, TX, 75006","Match","Exact","2145 CHENAULT DR, CARROLLTON, TX, 75006","-96.844979509536,32.966955158923","102991969","L"
"757","10677 E NORTHWEST HWY STE 300, DALLAS, TX, 75238","Match","Non_Exact","10677 NW HWY ANNEX, DALLAS, TX, 75238","-96.70098382187,32.863539624254","102922205","L"
"758","7205 FERGUSON RD, DALLAS, TX, 75228","Match","Exact","7205 FERGUSON RD, DALLAS, TX, 75228","-96.722222589056,32.795224055935","640542254","L"
"759","1432 W BUCKINGHAM RD, GARLAND, TX, 75042","Match","Exact","1432 W BUCKINGHAM RD, GARLAND, TX, 75042","-96.648856307951,32.93089523355","102925879","L"
"1190","6301 ABRAMS RD STE 127, DALLAS, TX, 75231","Match","Exact","6301 ABRAMS RD, DALLAS, TX, 75231","-96.746224638907,32.859822266026","640536464","L"
"1198","501 CORINTH ST, DALLAS, TX, 75207","Match","Exact","501 CORINTH ST, DALLAS, TX, 75207","-96.793133234748,32.761408607736","102950116","L"
"2045","6024 BROADWAY BLVD, GARLAND, TX, 75043","Match","Exact","6024 BROADWAY BLVD, GARLAND, TX, 75043","-96.595473339435,32.838558016396","103236227","L"
"1197","9410 WEBB CHAPEL RD, DALLAS, TX, 75220","Match","Exact","9410 WEBB CHAPEL RD, DALLAS, TX, 75220","-96.857456422475,32.860659196563","103238820","R"
"2044","1308 E BEAR CREEK RD STE 270, GLENN HEIGHTS, TX, 75154","Match","Exact","1308 E BEAR CREEK RD, GLENN HEIGHTS, TX, 75154","-96.82486781351,32.560299009916","102961132","R"
"1196","901 BELT LINE RD STE 100-101, GARLAND, TX, 75040","Match","Non_Exact","901 BELT LINE RD, GARLAND, TX, 75040","-96.640258454005,32.940669216147","103255995","L"
"2043","4512 BORDEAUX AVE, DALLAS, TX, 75205","Match","Exact","4512 BORDEAUX AVE, DALLAS, TX, 75205","-96.812202003595,32.826781851057","102906653","R"
"1195","1500 S BELT LINE RD, MESQUITE, TX, 75149","Match","Exact","1500 S BELT LINE RD, MESQUITE, TX, 75149","-96.596916059237,32.745776275042","102963751","L"
"2042","9761 WALNUT ST, DALLAS, TX, 75243","No_Match"
"1194","1230 N SAINT AUGUSTINE DR, DALLAS, TX, 75217","Match","Exact","1230 N ST AUGUSTINE DR, DALLAS, TX, 75217","-96.65685554841,32.733102506562","103195914","R"
"2041","3802 N TOWN EAST BLVD, MESQUITE, TX, 75150","Match","Exact","3802 N TOWN EAST BLVD, MESQUITE, TX, 75150","-96.652946457278,32.795960769492","102931522","L"
"1193","7512 E NORTHWEST HWY, DALLAS, TX, 75238","Match","Exact","7512 E NORTHWEST HWY, DALLAS, TX, 75238","-96.732444558131,32.855007808085","639256472","R"
"2040","1005 S JOSEY LN, CARROLLTON, TX, 75006","Match","Exact","1005 S JOSEY LN, CARROLLTON, TX, 75006","-96.890134709939,32.952624800852","103253675","L"
"1192","2329 W SHADY GROVE RD, IRVING, TX, 75060","Match","Exact","2329 W SHADY GROVE RD, IRVING, TX, 75060","-96.975884800992,32.800482567921","102887459","R"
"1191","2150 N JOSIE LANE, CARROLLTON, TX, 75006","Match","Non_Exact","2150 N JOSEY LN, CARROLLTON, TX, 75006","-96.889789981301,32.971809464011","103255463","L"
"760","9225 GARLAND RD STE 2120, DALLAS, TX, 75218","Match","Exact","9225 GARLAND RD, DALLAS, TX, 75218","-96.705180370423,32.831478465107","103175372","L"
"761","6204 BEXAR ST, DALLAS, TX, 75215","Match","Exact","6204 BEXAR ST, DALLAS, TX, 75215","-96.753362370927,32.740944486527","102956271","L"
"762","4411 W KIEST BLVD, DALLAS, TX, 75236","Match","Exact","4411 W KIEST BLVD, DALLAS, TX, 75236","-96.891698519284,32.705878928223","648841666","R"
"2039","3629 HOLMES ST, DALLAS, TX, 75215","Match","Exact","3629 HOLMES ST, DALLAS, TX, 75215","-96.773482768569,32.756539104249","102950622","R"
"763","828 S GALLOWAY AVE, MESQUITE, TX, 75149","Match","Exact","828 S GALLOWAY AVE, MESQUITE, TX, 75149","-96.598540836064,32.758275976592","102963645","L"
"2038","3699 MCKINNEY AVE STE 510, DALLAS, TX, 75204","Match","Exact","3699 MCKINNEY AVE, DALLAS, TX, 75204","-96.79639630436,32.808387450624","102909004","L"
"764","3937 S COCKRELL HILL RD, DALLAS, TX, 75236","Match","Exact","3937 S COCKRELL HILL RD, DALLAS, TX, 75236","-96.891538838896,32.695204018762","103191950","R"
"2037","3620 W PIONEER DR STE 100, IRVING, TX, 75061","Match","Exact","3620 W PIONEER DR, IRVING, TX, 75061","-96.997714622049,32.828772829814","102978425","L"
"765","1323 W CLARENDON DR, DALLAS, TX, 75208","Match","Exact","1323 W CLARENDON DR, DALLAS, TX, 75208","-96.843124806206,32.735268458205","102946437","R"
"1189","555 W I-30, GARLAND, TX, 75043","Match","Exact","555 W I- 30, GARLAND, TX, 75043","-96.59811405591,32.839515709512","624737515","R"
"2036","8701 LIBERTY GROVE RD STE 600, ROWLETT, TX, 75089","Match","Exact","8701 LIBERTY GROVE RD, ROWLETT, TX, 75089","-96.534499860265,32.937132513352","103172853","L"
"766","6501 DALROCK RD STE 102, ROWLETT, TX, 75089","Match","Exact","6501 DALROCK RD, ROWLETT, TX, 75089","-96.517947078297,32.91822906379","638716528","L"
"1188","1805 S EDGEFIELD AVE, DALLAS, TX, 75224","Match","Exact","1805 S EDGEFIELD AVE, DALLAS, TX, 75224","-96.844525947065,32.727856040382","102946574","R"
"2035","4830 S LANCASTER RD, DALLAS, TX, 75216","Match","Exact","4830 S LANCASTER RD, DALLAS, TX, 75216","-96.791365010022,32.690354945194","639484996","L"
"767","1501 N PLANO RD STE 200, RICHARDSON, TX, 75081","Match","Exact","1501 N PLANO RD, RICHARDSON, TX, 75081","-96.699997975998,32.965998772898","102915496","L"
"768","2500 S INTERSTATE 45 SERVICE RD, HUTCHINS, TX, 75141","Match","Exact","2500 S INTERSTATE 45 SVC RD, HUTCHINS, TX, 75141","-96.694616623658,32.623892286716","102960450","L"
"769","2830 S HIGHWAY 161, GRAND PRAIRIE, TX, 75052","Match","Non_Exact","2830 STATE HWY 161, GRAND PRAIRIE, TX, 75052","-97.02408939836,32.704078997631","641516590","R"
"2056","6302 GLENMOOR DR, GARLAND, TX, 75043","Match","Exact","6302 GLENMOOR DR, GARLAND, TX, 75043","-96.592391207894,32.8378430429","102933153","L"
"2055","4107 W JEFFERSON BLVD, DALLAS, TX, 75211","Match","Exact","4107 W JEFFERSON BLVD, DALLAS, TX, 75211","-96.887360263309,32.738405264557","102940224","R"
"2054","6411 GREAT TRINITY FOREST WAY, DALLAS, TX, 75217","No_Match"
"2053","4607 VILLAGE FAIR DR STE 317, DALLAS, TX, 75224","Match","Exact","4607 VILLAGE FAIR DR, DALLAS, TX, 75224","-96.828789948869,32.69016370106","102948418","L"
"2052","6001 FOREST PARK RD, DALLAS, TX, 75235","Match","Exact","6001 FOREST PARK RD, DALLAS, TX, 75235","-96.84275327674,32.821528419261","102903727","L"
"2051","2204 KELLY BLVD STE 101, CARROLLTON, TX, 75006","Match","Exact","2204 KELLY BLVD, CARROLLTON, TX, 75006","-96.877748098294,32.971312696693","103212490","R"
"2050","909 E DAVIS ST STE C, MESQUITE, TX, 75149","Match","Non_Exact","909 E DAVIS ST, MESQUITE, TX, 75149","-96.588032956069,32.765516437335","102963957","L"
"770","714 N GALLOWAY AVE, MESQUITE, TX, 75149","Match","Exact","714 N GALLOWAY AVE, MESQUITE, TX, 75149","-96.598988400502,32.773136377698","103229952","L"
"771","374 E FM 1382, CEDAR HILL, TX, 75104","Match","Exact","374 E FM 1382, CEDAR HILL, TX, 75104","-96.937964842506,32.5930578531","646818742","R"
"772","3772 BELT LINE RD, ADDISON, TX, 75001","Match","Exact","3772 BELT LINE RD, ADDISON, TX, 75001","-96.852588374529,32.953031936806","103211105","R"
"773","4901 BRYAN ST, DALLAS, TX, 75206","Match","Exact","4901 BRYAN ST, DALLAS, TX, 75206","-96.773547768294,32.80386926439","102911126","L"
"774","4328 S MARSALIS AVE, DALLAS, TX, 75216","Match","Exact","4328 S MARSALIS AVE, DALLAS, TX, 75216","-96.814620949635,32.69168405853","102951182","L"
"2049","4945 MORRIS AVE APT 4348, ADDISON, TX, 75001","Match","Exact","4945 MORRIS AVE, ADDISON, TX, 75001","-96.826571252553,32.962776525235","102999232","R"
"775","7995 LYNDON B JOHNSON FWY STE 110, DALLAS, TX, 75251","Match","Exact","7995 LYNDON B JOHNSON FWY, DALLAS, TX, 75251","-96.76984406287,32.924950646884","638366669","L"
"2048","6155 SAMUELL BLVD STE 150, DALLAS, TX, 75228","Match","Exact","6155 SAMUELL BLVD, DALLAS, TX, 75228","-96.696970236317,32.792429086359","103199857","L"
"776","1610 S WESTMORELAND RD, DALLAS, TX, 75211","Match","Exact","1610 S WESTMORELAND RD, DALLAS, TX, 75211","-96.874159915506,32.728142975421","102940664","L"
"2047","438 E WHEATLAND RD # 438, DUNCANVILLE, TX, 75116","Match","Exact","438 E WHEATLAND RD, DUNCANVILLE, TX, 75116","-96.901149213128,32.647243475884","103264157","L"
"777","14054 N STEMMONS FWY, FARMERS BRANCH, TX, 75234","Match","Exact","14054 N STEMMONS FWY, FARMERS BRANCH, TX, 75234","-96.901880339631,32.937071512829","103209328","R"
"1199","2372 OATES DR, DALLAS, TX, 75228","Match","Exact","2372 OATES DR, DALLAS, TX, 75228","-96.675365660993,32.821449885048","102923642","R"
"2046","2412 W KIEST BLVD, DALLAS, TX, 75233","Match","Exact","2412 W KIEST BLVD, DALLAS, TX, 75233","-96.859161088065,32.705367148897","103265377","L"
"778","1600 S INTERSTATE 35E, CARROLLTON, TX, 75006","Match","Exact","1600 S I- 35E, CARROLLTON, TX, 75006","-96.906424046327,32.946755995423","102888744","R"
"779","1205 W TRINITY MILLS RD STE 112, CARROLLTON, TX, 75006","Match","Exact","1205 W TRINITY MILLS RD, CARROLLTON, TX, 75006","-96.915557184984,32.982722604005","638386668","L"
"2067","1044 TOWN EAST MALL, MESQUITE, TX, 75150","Match","Exact","1044 TOWN EAST MALL, MESQUITE, TX, 75150","-96.626772832975,32.808711148829","103232337","L"
"2066","305 W FM 1382 SPC 608, CEDAR HILL, TX, 75104","Match","Exact","305 W FM 1382, CEDAR HILL, TX, 75104","-96.942687710718,32.5992478819","103186856","R"
"2065","211 N ERVAY ST STE 1423, DALLAS, TX, 75201","Match","Exact","211 N ERVAY ST, DALLAS, TX, 75201","-96.797456963883,32.782024897741","102909983","L"
"2064","2630 N JOSEY LN, CARROLLTON, TX, 75007","Match","Exact","2630 N JOSEY LN, CARROLLTON, TX, 75007","-96.890648386695,32.986653905786","103274496","L"
"2063","1915 PETERS RD STE 213, IRVING, TX, 75061","Match","Exact","1915 PETERS RD, IRVING, TX, 75061","-96.911641722666,32.834118578696","102893701","L"
"2062","620 NORTHPARK CTR, DALLAS, TX, 75225","No_Match"
"2061","17120 DALLAS PKWY STE 101, DALLAS, TX, 75248","Match","Exact","17120 DALLAS PKWY, DALLAS, TX, 75248","-96.828375267261,32.982692933848","103274520","L"
"780","2851 DAIRY RD STE B, GARLAND, TX, 75041","Match","Non_Exact","2851 DAIRY RD, GARLAND, TX, 75041","-96.622251740346,32.882179071754","103206048","R"
"2060","2150 GUS THOMASSON RD APT 2215, MESQUITE, TX, 75150","Match","Exact","2150 GUS THOMASSON RD, MESQUITE, TX, 75150","-96.633927921577,32.794591467337","103268073","L"
"781","4941 BELT LINE RD, DALLAS, TX, 75254","No_Match"
"782","3770 BELT LINE RD, ADDISON, TX, 75001","Match","Exact","3770 BELT LINE RD, ADDISON, TX, 75001","-96.852670731628,32.95303193681","103211105","R"
"783","7510 E GRAND AVE APT 3214, DALLAS, TX, 75214","Match","Exact","7510 E GRAND AVE, DALLAS, TX, 75214","-96.730797394808,32.809640733922","103232260","L"
"300","6465 SHADY BROOK LN, DALLAS, TX, 75206","Match","Exact","6465 SHADY BROOK LN, DALLAS, TX, 75206","-96.764291973614,32.863146427345","648834810","L"
"784","2817 N HIGHWAY 175, SEAGOVILLE, TX, 75159","Match","Exact","2817 N HWY 175, SEAGOVILLE, TX, 75159","-96.584106464139,32.667176822525","102964649","L"
"301","5520 LYONS RD, GARLAND, TX, 75043","Match","Exact","5520 LYONS RD, GARLAND, TX, 75043","-96.569442053676,32.84825743302","635763000","L"
"785","3105 LOMITA DR STE 107B, LANCASTER, TX, 75146","Match","Exact","3105 LOMITA DR, LANCASTER, TX, 75146","-96.821975521454,32.567884175363","102954493","L"
"302","214 E PLEASANT RUN RD, DE SOTO, TX, 75115","Match","Non_Exact","214 E PLEASANT RUN RD, DESOTO, TX, 75115","-96.855925343931,32.604024063767","103215261","L"
"786","13050 BEE ST STE 100, FARMERS BRANCH, TX, 75234","Match","Exact","13050 BEE ST, FARMERS BRANCH, TX, 75234","-96.895707207338,32.923134073251","627558222","R"
"2059","10020 ROYAL LN, DALLAS, TX, 75238","Match","Exact","10020 ROYAL LN, DALLAS, TX, 75238","-96.716181682759,32.894387073557","103244422","R"
"303","5530 COLUMBIA AVE, DALLAS, TX, 75214","Match","Exact","5530 COLUMBIA AVE, DALLAS, TX, 75214","-96.757117241417,32.800281215211","103231394","L"
"787","800 W JEFFERSON BLVD, DALLAS, TX, 75208","Match","Exact","800 W JEFFERSON BLVD, DALLAS, TX, 75208","-96.835835878867,32.743089649063","102945988","L"
"2058","1009 VIA VALENCIA, MESQUITE, TX, 75150","Match","Exact","1009 VIA VALENCIA, MESQUITE, TX, 75150","-96.610576250183,32.828829538133","102933077","R"
"304","1135 E IRVING BLVD, IRVING, TX, 75060","Match","Exact","1135 E IRVING BLVD, IRVING, TX, 75060","-96.932765370566,32.810930321779","102893282","L"
"788","254 S RIVERFRONT BLVD, DALLAS, TX, 75207","No_Match"
"2057","4830 S LANCASTER RD, DALLAS, TX, 75216","Match","Exact","4830 S LANCASTER RD, DALLAS, TX, 75216","-96.791365010022,32.690354945194","639484996","L"
"305","1050 N WESTMORELAND RD STE 110, DALLAS, TX, 75211","Match","Exact","1050 N WESTMORELAND RD, DALLAS, TX, 75211","-96.873966828844,32.755021150879","103196525","R"
"789","6575 E NORTHWEST HWY, DALLAS, TX, 75231","Match","Non_Exact","6575 E NORTHWEST PKWY N, DALLAS, TX, 75225","-96.792595340686,32.865792542058","647949751","L"
"306","8411 LAKE JUNE RD, DALLAS, TX, 75217","Match","Exact","8411 LAKE JUNE RD, DALLAS, TX, 75217","-96.675544790432,32.734363062166","103195835","L"
"307","7845 N MACARTHUR BLVD, IRVING, TX, 75063","Match","Exact","7845 N MACARTHUR BLVD, IRVING, TX, 75063","-96.958837762476,32.91323005904","103207757","R"
"308","1422 ACTON AVE, DUNCANVILLE, TX, 75137","Match","Exact","1422 ACTON AVE, DUNCANVILLE, TX, 75137","-96.900766961069,32.635079440853","102943535","L"
"309","501 N GALLOWAY AVE, MESQUITE, TX, 75149","Match","Non_Exact","501 S GALLOWAY AVE, MESQUITE, TX, 75149","-96.598824480118,32.762870809544","102963589","R"
"2070","7555 N MACARTHUR BLVD, IRVING, TX, 75063","Match","Exact","7555 N MACARTHUR BLVD, IRVING, TX, 75063","-96.958869575321,32.909026222311","103206292","R"
"2078","1615 SINGLETON BLVD STE B, DALLAS, TX, 75212","Match","Non_Exact","1615 SINGLETON BLVD, DALLAS, TX, 75212","-96.845781210959,32.778582560833","102904718","R"
"2077","7410 HARRY HINES BLVD, DALLAS, TX, 75235","Match","Exact","7410 HARRY HINES BLVD, DALLAS, TX, 75235","-96.857364770008,32.82926849613","615066434","R"
"2076","2063 TOWN EAST MALL # 5521, MESQUITE, TX, 75150","Match","Non_Exact","2063 N TOWN EAST BLVD, MESQUITE, TX, 75150","-96.631423015949,32.811655283603","103268431","L"
"2075","1409 S LAMAR ST APT 10, DALLAS, TX, 75215","Match","Exact","1409 S LAMAR ST, DALLAS, TX, 75215","-96.795643699277,32.76771576921","103196860","R"
"2074","355 CEDAR SAGE DR, GARLAND, TX, 75040","Match","Exact","355 CEDAR SAGE DR, GARLAND, TX, 75040","-96.611384730976,32.953182627458","650210884","L"
"2073","374 E FM 1382 STE E, CEDAR HILL, TX, 75104","Match","Non_Exact","374 E FM 1382, CEDAR HILL, TX, 75104","-96.937964842506,32.5930578531","646818742","R"
"790","4855 N CENTRAL EXPY, DALLAS, TX, 75205","Match","Exact","4855 N CENTRAL EXPY, DALLAS, TX, 75205","-96.784589689012,32.825954726336","648834522","L"
"2072","1515 N TOWN EAST BLVD, MESQUITE, TX, 75150","Match","Exact","1515 N TOWN EAST BLVD, MESQUITE, TX, 75150","-96.61808014044,32.810946544914","103233746","L"
"791","200 SHORT BLVD, DALLAS, TX, 75232","Match","Exact","200 SHORT BLVD, DALLAS, TX, 75232","-96.824396463864,32.685776771644","103263116","L"
"2071","10825 DENNIS RD STE 102, DALLAS, TX, 75229","Match","Exact","10825 DENNIS RD, DALLAS, TX, 75229","-96.881471292673,32.895667408481","102890422","L"
"792","14500 JOSEY LN STE 105, FARMERS BRANCH, TX, 75234","Match","Exact","14500 JOSEY LN, FARMERS BRANCH, TX, 75234","-96.890229007546,32.944190972977","103250318","L"
"793","225 GOLD ST, GARLAND, TX, 75042","Match","Exact","225 GOLD ST, GARLAND, TX, 75042","-96.659671129297,32.911924865222","102926590","L"
"310","3317 N STORY RD, IRVING, TX, 75062","Match","Exact","3317 N STORY RD, IRVING, TX, 75062","-96.97649459308,32.850000123206","102886421","L"
"794","5665 E MOCKINGBIRD LN, DALLAS, TX, 75206","No_Match"
"311","3022 S SHILOH RD STE A, GARLAND, TX, 75041","Match","Non_Exact","3022 S SHILOH RD, GARLAND, TX, 75041","-96.665400778262,32.879735207672","103270632","L"
"795","9255 S CENTRAL EXPY, DALLAS, TX, 75241","Match","Non_Exact","9255 CENTRAL EXPY, DALLAS, TX, 75241","-96.737066341172,32.686753209431","619131826","R"
"312","5601 W LOVERS LN STE 120, DALLAS, TX, 75209","No_Match"
"796","338 AVENUE G, DALLAS, TX, 75203","Match","Exact","338 AVE G, DALLAS, TX, 75203","-96.793083367597,32.745733437526","102950282","L"
"313","435 E DANIELDALE RD, DUNCANVILLE, TX, 75137","Match","Exact","435 E DANIELDALE RD, DUNCANVILLE, TX, 75137","-96.902155461042,32.632954041083","102943545","L"
"797","510 N PLANO RD, GARLAND, TX, 75042","No_Match"
"314","8008 CEDAR SPRINGS RD, DALLAS, TX, 75235","Match","Exact","8008 CEDAR SPRINGS RD, DALLAS, TX, 75235","-96.846713166451,32.841676842607","102993241","L"
"798","752 WYNNEWOOD VILLAGE SC, DALLAS, TX, 75224","Tie"
"2069","13350 DALLAS PKWY, DALLAS, TX, 75240","Match","Exact","13350 DALLAS PKWY, DALLAS, TX, 75240","-96.820997176582,32.930508319415","103272392","R"
"315","2524 S LANCASTER RD, DALLAS, TX, 75216","Match","Exact","2524 S LANCASTER RD, DALLAS, TX, 75216","-96.804460807808,32.719522700661","103223082","R"
"799","3308 FORT WORTH AVE, DALLAS, TX, 75211","No_Match"
"2068","5331 E MOCKINGBIRD LN, DALLAS, TX, 75206","Match","Non_Exact","5331 MOCKINGBIRD LN, DALLAS, TX, 75206","-96.777151655464,32.8366415469","102908105","L"
"316","1640 S COCKRELL HILL RD, GLENN HEIGHTS, TX, 75154","No_Match"
"317","101 W BUCKINGHAM RD, GARLAND, TX, 75040","No_Match"
"318","8008 S POLK ST STE 101, DALLAS, TX, 75232","Match","Exact","8008 S POLK ST, DALLAS, TX, 75232","-96.839840584803,32.64957478941","103216968","L"
"319","2004 E BELT LINE RD, CARROLLTON, TX, 75006","Match","Exact","2004 E BELT LINE RD, CARROLLTON, TX, 75006","-96.886377660972,32.95354493818","640537968","R"
"2081","2650 MIDWAY RD STE 122, CARROLLTON, TX, 75006","No_Match"
"2080","3980 S BELT LINE RD, GRAND PRAIRIE, TX, 75052","Match","Non_Exact","3980 BELT LINE RD, GRAND PRAIRIE, TX, 75052","-96.985002062878,32.687867661584","647940991","L"
"2089","4945 CROOKED LN, DALLAS, TX, 75229","Match","Exact","4945 CROOKED LN, DALLAS, TX, 75229","-96.823862164141,32.90012753693","102899420","L"
"2088","643 RICKEY CANYON AVE, DESOTO, TX, 75115","Match","Exact","643 RICKEY CANYON AVE, DESOTO, TX, 75115","-96.848864806953,32.599651063804","102953831","L"
"2087","2412 W LEDBETTER DR, DALLAS, TX, 75233","Match","Exact","2412 W LEDBETTER DR, DALLAS, TX, 75233","-96.857391286881,32.691178437626","103192042","L"
"2086","3609 GREENVILLE AVE, DALLAS, TX, 75206","Match","Exact","3609 GREENVILLE AVE, DALLAS, TX, 75206","-96.770229666116,32.831171153371","102908287","L"
"2085","201 S BELT LINE RD STE 103, IRVING, TX, 75060","Match","Exact","201 S BELT LINE RD, IRVING, TX, 75060","-96.993941786028,32.814134294958","640538879","R"
"2084","513 W JEFFERSON ST STE 105, GRAND PRAIRIE, TX, 75051","Match","Exact","513 W JEFFERSON ST, GRAND PRAIRIE, TX, 75051","-97.008891338042,32.743784925066","103224110","L"
"2083","2063 TOWN EAST MALL, MESQUITE, TX, 75150","Match","Non_Exact","2063 N TOWN EAST BLVD, MESQUITE, TX, 75150","-96.631423015949,32.811655283603","103268431","L"
"2082","701 E IRVING BLVD, IRVING, TX, 75060","Match","Exact","701 E IRVING BLVD, IRVING, TX, 75060","-96.937600931682,32.813242433556","102893097","L"
"320","3021 MARTIN LUTHER KING JR BLVD, DALLAS, TX, 75215","Match","Exact","3021 MARTIN LUTHER KING JR BLVD, DALLAS, TX, 75215","-96.765841021804,32.771445612207","102920629","L"
"321","4202 PIONEER RD, BALCH SPRINGS, TX, 75180","Match","Exact","4202 PIONEER RD, BALCH SPRINGS, TX, 75180","-96.605339778331,32.712966250668","102964254","L"
"322","1150 W KIEST BLVD STE 201, DALLAS, TX, 75224","Match","Exact","1150 W KIEST BLVD, DALLAS, TX, 75224","-96.841727619896,32.705729983048","103221381","L"
"323","3160 SATURN RD STE 202, GARLAND, TX, 75041","Match","Exact","3160 SATURN RD, GARLAND, TX, 75041","-96.648134156335,32.877742130748","102927453","L"
"324","3725 S CARRIER PKWY STE 115, GRAND PRAIRIE, TX, 75052","Match","Exact","3725 S CARRIER PKWY, GRAND PRAIRIE, TX, 75052","-97.008575827194,32.683880194625","103219827","L"
"325","4142 LYNDON B JOHNSON FWY, DALLAS, TX, 75244","No_Match"
"326","940 E BELT LINE RD STE 122, RICHARDSON, TX, 75081","Match","Exact","940 E BELT LINE RD, RICHARDSON, TX, 75081","-96.711852579138,32.947509766667","640537674","R"
"2079","1501 N HAMPTON RD, DESOTO, TX, 75115","Match","Exact","1501 N HAMPTON RD, DESOTO, TX, 75115","-96.857237152838,32.618724458131","103216094","L"
"327","3000 W PIONEER DR, IRVING, TX, 75061","Match","Exact","3000 W PIONEER DR, IRVING, TX, 75061","-96.986731943475,32.828339450776","643181555","L"
"328","2302 W WALNUT HILL LN, IRVING, TX, 75038","No_Match"
"329","4070 N BELT LINE RD STE 113, IRVING, TX, 75038","Match","Exact","4070 N BELT LINE RD, IRVING, TX, 75038","-96.991665696796,32.863719903781","102980460","R"
"2092","9015 GUNNISON DR, DALLAS, TX, 75231","Match","Exact","9015 GUNNISON DR, DALLAS, TX, 75231","-96.738692218774,32.883033670257","102915083","L"
"2091","3708 SAMUELL BLVD, DALLAS, TX, 75228","Match","Exact","3708 SAMUELL BLVD, DALLAS, TX, 75228","-96.731227292072,32.792896137603","102921773","R"
"2090","203 N BELTLINE RD, GRAND PRAIRIE, TX, 75050","Match","Non_Exact","203 N BELT LINE RD, GRAND PRAIRIE, TX, 75050","-96.994626095832,32.747401259182","102936450","L"
"2099","3501 GUS THOMASSON RD STE 103, MESQUITE, TX, 75150","Match","Exact","3501 GUS THOMASSON RD, MESQUITE, TX, 75150","-96.634339566794,32.809156874536","102966808","L"
"2098","2051 W NORTHWEST HWY STE 53, DALLAS, TX, 75220","Match","Exact","2051 W NORTHWEST HWY, DALLAS, TX, 75220","-96.907146521066,32.86701732266","103237006","L"
"2097","101 N HAMPTON RD STE 105, DESOTO, TX, 75115","Match","Exact","101 N HAMPTON RD, DESOTO, TX, 75115","-96.857134793661,32.589770463645","103214741","L"
"2096","655 W ILLINOIS AVE, DALLAS, TX, 75224","Match","Exact","655 W ILLINOIS AVE, DALLAS, TX, 75224","-96.833630970911,32.720496571302","103265715","R"
"2095","1130 S BELT LINE RD STE 100, DALLAS, TX, 75253","Match","Exact","1130 S BELT LINE RD, DALLAS, TX, 75253","-96.591411701764,32.685097426865","103220654","L"
"2094","7932 LAKE JUNE RD, DALLAS, TX, 75217","Match","Exact","7932 LAKE JUNE RD, DALLAS, TX, 75217","-96.685096503477,32.734106970964","103225378","L"
"2093","2701 E GRAUWYLER RD BLDG 1DPT, IRVING, TX, 75061","Match","Exact","2701 E GRAUWYLER RD, IRVING, TX, 75061","-96.905500050606,32.830761603387","102893886","L"
"330","5828 ABRAMS RD, DALLAS, TX, 75214","Match","Exact","5828 ABRAMS RD, DALLAS, TX, 75214","-96.750521679376,32.855866334958","652309543","L"
"331","920 S BELT LINE RD STE 100, COPPELL, TX, 75019","Match","Exact","920 S BELT LINE RD, COPPELL, TX, 75019","-96.993373175787,32.946977271077","103249456","L"
"332","1810 W KINGSLEY RD STE 101, GARLAND, TX, 75041","Match","Exact","1810 W KINGSLEY RD, GARLAND, TX, 75041","-96.653895093243,32.878655942236","647955923","L"
"333","2951 S BUCKNER BLVD, DALLAS, TX, 75227","No_Match"
"334","2777 N STEMMONS FWY STE 108, DALLAS, TX, 75207","Match","Exact","2777 N STEMMONS FWY, DALLAS, TX, 75207","-96.848382737355,32.81002879241","650587536","L"
"335","350 N BLUEGROVE RD, LANCASTER, TX, 75146","Match","Exact","350 N BLUEGROVE RD, LANCASTER, TX, 75146","-96.787340715019,32.59076402333","102989927","R"
"336","920 S BELT LINE RD STE 110, COPPELL, TX, 75019","Match","Exact","920 S BELT LINE RD, COPPELL, TX, 75019","-96.993373175787,32.946977271077","103249456","L"
"337","1433 W KINGSLEY RD STE 101, GARLAND, TX, 75041","Match","Exact","1433 W KINGSLEY RD, GARLAND, TX, 75041","-96.64498868457,32.878952006917","642862312","L"
"338","7834 LAKE JUNE RD, DALLAS, TX, 75217","Match","Exact","7834 LAKE JUNE RD, DALLAS, TX, 75217","-96.687722705569,32.734121752519","103225376","L"
"339","1820 W MOCKINGBIRD LN STE 150, DALLAS, TX, 75235","Match","Exact","1820 W MOCKINGBIRD LN, DALLAS, TX, 75235","-96.854919541534,32.822105298144","102988893","R"
"340","220 N HIGHWAY 175, SEAGOVILLE, TX, 75159","Match","Exact","220 N HWY 175, SEAGOVILLE, TX, 75159","-96.535158800154,32.647745277458","102965816","R"
"341","5803 FOXGLOVE LN, DALLAS, TX, 75249","Match","Exact","5803 FOXGLOVE LN, DALLAS, TX, 75249","-96.970515492159,32.655729402032","619140546","R"
"342","2200 ROSS AVE STE 200, DALLAS, TX, 75201","Match","Exact","2200 ROSS AVE, DALLAS, TX, 75201","-96.797618590338,32.788218371801","103197995","R"
"343","619 W DAVIS ST, DALLAS, TX, 75208","Match","Exact","619 W DAVIS ST, DALLAS, TX, 75208","-96.832088124476,32.749507163961","647956470","R"
"344","15203 KNOLL TRAIL DR STE 115, DALLAS, TX, 75248","Match","Exact","15203 KNOLL TRAIL DR, DALLAS, TX, 75248","-96.818996734734,32.96238833638","648244430","R"
"345","3322 N BUCKNER BLVD STE 120, DALLAS, TX, 75228","Match","Exact","3322 N BUCKNER BLVD, DALLAS, TX, 75228","-96.682057518469,32.801648291063","103231747","R"
"346","3217 W DAVIS ST, DALLAS, TX, 75211","Match","Exact","3217 W DAVIS ST, DALLAS, TX, 75211","-96.872877225737,32.749611567476","103194748","R"
"347","3020 N HAMPTON RD, DALLAS, TX, 75212","Match","Exact","3020 N HAMPTON RD, DALLAS, TX, 75212","-96.856452813683,32.77899521305","102904620","R"
"348","1551 CENTERVILLE RD, DALLAS, TX, 75228","No_Match"
"349","2537 VALLEY VIEW LN, FARMERS BRANCH, TX, 75234","Match","Exact","2537 VALLEY VIEW LN, FARMERS BRANCH, TX, 75234","-96.895430032839,32.924030636563","102889379","L"
"350","3249 DAWES DR, DALLAS, TX, 75211","Match","Exact","3249 DAWES DR, DALLAS, TX, 75211","-96.873352453341,32.727202832284","102940680","R"
"351","2106 N GALLOWAY AVE, MESQUITE, TX, 75150","Match","Exact","2106 N GALLOWAY AVE, MESQUITE, TX, 75150","-96.612025689389,32.793115114056","103232242","L"
"352","8702 SPRING VALLEY RD STE D, DALLAS, TX, 75240","Match","Non_Exact","8702 SPRING VALLEY RD, DALLAS, TX, 75240","-96.752407996669,32.939909934926","639615736","R"
"353","2535 NORTHEAST PKWY, GARLAND, TX, 75040","No_Match"
"354","3716 MAPLE AVE, DALLAS, TX, 75219","Match","Exact","3716 MAPLE AVE, DALLAS, TX, 75219","-96.813716093189,32.803690760855","102908600","R"
"355","2727 LIVE OAK ST, DALLAS, TX, 75204","Match","Exact","2727 LIVE OAK ST, DALLAS, TX, 75204","-96.789165987978,32.788838263314","102911300","L"
"356","401 W ROCHELLE RD, IRVING, TX, 75062","Match","Exact","401 W ROCHELLE RD, IRVING, TX, 75062","-96.949802130205,32.844399552893","102891524","R"
"357","3500 BELTLINE RD, SUNNYVALE, TX, 75182","No_Match"
"358","7034 MILITARY PKWY, DALLAS, TX, 75227","Match","Exact","7034 MILITARY PKWY, DALLAS, TX, 75227","-96.698459060534,32.77228206973","640541986","R"
"359","3950 S CARRIER PKWY STE 170, GRAND PRAIRIE, TX, 75052","Match","Exact","3950 S CARRIER PKWY, GRAND PRAIRIE, TX, 75052","-97.007045159346,32.678114095763","640542663","R"
"10","5334 ROSS AVE, DALLAS, TX, 75206","Match","Exact","5334 ROSS AVE, DALLAS, TX, 75206","-96.771919018348,32.809707500376","103199566","R"
"11","2233 N PRAIRIE CREEK RD, DALLAS, TX, 75227","Match","Exact","2233 N PRAIRIE CREEK RD, DALLAS, TX, 75227","-96.665240874123,32.750592964147","103195855","L"
"12","4136 S CARRIER PKWY STE 350, GRAND PRAIRIE, TX, 75052","Match","Exact","4136 S CARRIER PKWY, GRAND PRAIRIE, TX, 75052","-97.00577681277,32.671294448561","649824665","R"
"13","757 LAKE CAROLYN PKWY APT 1235, IRVING, TX, 75039","Match","Exact","757 LAKE CAROLYN PKWY, IRVING, TX, 75039","-96.92903041087,32.864310710255","645481250","R"
"14","2645 ARAPAHO ROAD, GARLAND, TX, 75044","Match","Exact","2645 ARAPAHO RD, GARLAND, TX, 75044","-96.66480715366,32.959649205707","103274025","L"
"15","4928 COLUMBIA AVE, DALLAS, TX, 75214","Match","Exact","4928 COLUMBIA AVE, DALLAS, TX, 75214","-96.76286026737,32.795636755487","103231365","L"
"16","3901 W NORTHGATE DR, IRVING, TX, 75062","Match","Exact","3901 W NORTHGATE DR, IRVING, TX, 75062","-97.001659392401,32.857144162513","103236628","L"
"17","4880 SUNNYVALE ST, DALLAS, TX, 75216","Match","Exact","4880 SUNNYVALE ST, DALLAS, TX, 75216","-96.772808533826,32.695852867056","648460001","L"
"18","10909 WEBB CHAPEL RD STE 118, DALLAS, TX, 75229","No_Match"
"19","222 N STORY RD STE 118, IRVING, TX, 75061","Match","Exact","222 N STORY RD, IRVING, TX, 75061","-96.97632744756,32.816543194923","102887314","R"
"360","4163 W NORTHGATE DR, IRVING, TX, 75062","Match","Exact","4163 W NORTHGATE DR, IRVING, TX, 75062","-97.007282077856,32.85715813396","103236624","L"
"361","11661 PRESTON RD STE 224, DALLAS, TX, 75230","Match","Exact","11661 PRESTON RD, DALLAS, TX, 75230","-96.804225634501,32.907411093185","103206758","L"
"362","1229 ADMIRAL NIMITZ CIRCLE EMBARCADERO B, DALLAS, TX, 75210","No_Match"
"363","24315 LYNDON B JOHNSON FWY # 635, MESQUITE, TX, 75180","No_Match"
"364","2225 W LEDBETTER DR, DALLAS, TX, 75224","Match","Exact","2225 W LEDBETTER DR, DALLAS, TX, 75224","-96.854886993414,32.691265324675","102947509","R"
"365","8122 FOREST LN STE A, DALLAS, TX, 75243","Match","Non_Exact","8122 FOREST LN, DALLAS, TX, 75243","-96.766582903694,32.909129941351","103271272","L"
"366","10350 N CENTRAL EXPY, DALLAS, TX, 75231","Match","Exact","10350 N CENTRAL EXPY, DALLAS, TX, 75231","-96.76953128428,32.886723058608","102902472","R"
"367","3733 PINEBROOK DR, DALLAS, TX, 75241","Match","Exact","3733 PINEBROOK DR, DALLAS, TX, 75241","-96.762671062035,32.668312999262","103190632","L"
"368","2650 HICKORY TREE RD # 103, BALCH SPRINGS, TX, 75180","Match","Exact","2650 HICKORY TREE RD, BALCH SPRINGS, TX, 75180","-96.622517027144,32.733312341356","103196001","L"
"369","910 E GRAUWYLER RD, IRVING, TX, 75061","Match","Exact","910 E GRAUWYLER RD, IRVING, TX, 75061","-96.935195091672,32.829555527505","102892185","R"
"20","9410 WALNUT ST STE 102, DALLAS, TX, 75243","Match","Exact","9410 WALNUT ST, DALLAS, TX, 75243","-96.736977667789,32.923353592746","102913965","R"
"21","2220 MARSH LN STE 100, CARROLLTON, TX, 75006","Match","Exact","2220 MARSH LN, CARROLLTON, TX, 75006","-96.854551845869,32.969806885481","623584911","L"
"22","1437 S JUPITER RD, GARLAND, TX, 75042","Match","Exact","1437 S JUPITER RD, GARLAND, TX, 75042","-96.683132833685,32.89974727066","102979580","R"
"23","1303 W BUCKINGHAM RD STE 101, GARLAND, TX, 75040","Match","Exact","1303 W BUCKINGHAM RD, GARLAND, TX, 75040","-96.646442579235,32.931223191595","103253509","L"
"24","1150 W KIEST BLVD STE 201, DALLAS, TX, 75224","Match","Exact","1150 W KIEST BLVD, DALLAS, TX, 75224","-96.841727619896,32.705729983048","103221381","L"
"25","11206 LAKE JUNE RD STE E, BALCH SPRINGS, TX, 75180","Match","Non_Exact","11206 LAKE JUNE RD, BALCH SPRINGS, TX, 75180","-96.63490845274,32.733993720857","103266488","L"
"26","3925 BROADWAY BLVD, GARLAND, TX, 75043","Match","Exact","3925 BROADWAY BLVD, GARLAND, TX, 75043","-96.607047882609,32.866023234539","102932672","R"
"27","10020 MARSH LN, DALLAS, TX, 75229","Match","Exact","10020 MARSH LN, DALLAS, TX, 75229","-96.856051562125,32.881246807063","103241739","R"
"28","1235 S JOSEY LN, CARROLLTON, TX, 75006","Match","Exact","1235 S JOSEY LN, CARROLLTON, TX, 75006","-96.890122945445,32.950704227597","103250746","L"
"29","801 W PALESTINE ST # 106, HUTCHINS, TX, 75141","Match","Non_Exact","801 E PALESTINE ST, HUTCHINS, TX, 75141","-96.708404384865,32.648903065065","102960181","L"
"370","150 HACKBERRY RD, COPPELL, TX, 75019","No_Match"
"371","2417 N HASKELL AVE, DALLAS, TX, 75204","No_Match"
"372","3230 MARTIN LUTHER KING JR BLVD, DALLAS, TX, 75210","Match","Exact","3230 MARTIN LUTHER KING JR BLVD, DALLAS, TX, 75210","-96.763694517647,32.773171700087","102920643","R"
"373","4001 VILLANOVA ST, DALLAS, TX, 75225","Match","Exact","4001 VILLANOVA ST, DALLAS, TX, 75225","-96.801895134454,32.864299520573","102906158","L"
"374","1026 S MAIN ST, DUNCANVILLE, TX, 75137","Match","Exact","1026 S MAIN ST, DUNCANVILLE, TX, 75137","-96.90835009461,32.641147130912","103004527","L"
"375","2111 S CESAR CHAVEZ BLVD, DALLAS, TX, 75215","No_Match"
"376","4517 SATURN RD, GARLAND, TX, 75041","Match","Exact","4517 SATURN RD, GARLAND, TX, 75041","-96.648432239095,32.862684722082","647932897","R"
"377","2769 W CLARENDON DR, DALLAS, TX, 75211","Match","Exact","2769 W CLARENDON DR, DALLAS, TX, 75211","-96.865599978412,32.734840884593","102945148","R"
"378","7107 S R L THORNTON FWY, DALLAS, TX, 75232","Match","Exact","7107 S R L THORNTON FWY, DALLAS, TX, 75232","-96.823538301559,32.662096302374","102953128","R"
"379","10967 N STEMMONS FWY, DALLAS, TX, 75220","Match","Exact","10967 N STEMMONS FWY, DALLAS, TX, 75220","-96.898185746433,32.87738222065","103240534","L"
"30","1055 W PLEASANT RUN RD, LANCASTER, TX, 75146","Match","Exact","1055 W PLEASANT RUN RD, LANCASTER, TX, 75146","-96.778390892493,32.605209630585","103187418","R"
"31","6214 SAMUELL BLVD, DALLAS, TX, 75228","Match","Exact","6214 SAMUELL BLVD, DALLAS, TX, 75228","-96.698767667295,32.792075828527","103199857","R"
"32","13260 JOSEY LN STE 117, FARMERS BRANCH, TX, 75234","Match","Exact","13260 JOSEY LN, FARMERS BRANCH, TX, 75234","-96.881465520127,32.925111713213","103246996","L"
"33","2314 W ILLINOIS AVE, DALLAS, TX, 75224","Match","Exact","2314 W ILLINOIS AVE, DALLAS, TX, 75224","-96.856342553572,32.72015806774","647954653","L"
"34","5100 BELT LINE RD STE 610, DALLAS, TX, 75254","Match","Exact","5100 BELT LINE RD, DALLAS, TX, 75254","-96.821670972107,32.953965297782","103253331","R"
"35","1515 N TOWN EAST BLVD STE 121, MESQUITE, TX, 75150","Match","Exact","1515 N TOWN EAST BLVD, MESQUITE, TX, 75150","-96.61808014044,32.810946544914","103233746","L"
"36","3195 GREAT TRINITY FOREST WAY # A1, DALLAS, TX, 75216","No_Match"
"37","3300 SHEPHERD LN STE A, BALCH SPRINGS, TX, 75180","Match","Non_Exact","3300 SHEPHERD LN, BALCH SPRINGS, TX, 75180","-96.613992735194,32.724621125423","102963848","L"
"38","4702 E GRAND AVE, DALLAS, TX, 75223","Match","Exact","4702 E GRAND AVE, DALLAS, TX, 75223","-96.756310312053,32.785527888134","102920535","R"
"39","1405 MARTIN LUTHER KING JR BLVD, DALLAS, TX, 75215","Match","Exact","1405 MARTIN LUTHER KING JR BLVD, DALLAS, TX, 75215","-96.779758275348,32.759588899155","102950436","L"
"380","104 S INTERSTATE HIGHWAY 45, WILMER, TX, 75172","No_Match"
"381","3367 CONFLANS RD STE 100, IRVING, TX, 75061","Match","Exact","3367 CONFLANS RD, IRVING, TX, 75061","-96.992859342932,32.821849396571","103200366","R"
"382","2121 W ROCHELLE RD STE 103, IRVING, TX, 75062","Match","Exact","2121 W ROCHELLE RD, IRVING, TX, 75062","-96.972933879706,32.842266752805","102891175","R"
"383","504 N O CONNOR RD, IRVING, TX, 75061","Match","Exact","504 N O'CONNOR RD, IRVING, TX, 75061","-96.949456332992,32.818922250785","103279473","R"
"384","1213 E TRINITY MILLS RD, CARROLLTON, TX, 75006","Match","Non_Exact","1213 W TRINITY MILLS RD, CARROLLTON, TX, 75006","-96.915746410979,32.982722220577","638386668","L"
"385","6465 E MOCKINGBIRD LN STE 354, DALLAS, TX, 75214","Match","Exact","6465 E MOCKINGBIRD LN, DALLAS, TX, 75214","-96.750804280479,32.836626977249","103235552","L"
"386","630 W PLEASANT RUN RD STE 148, LANCASTER, TX, 75146","Match","Exact","630 W PLEASANT RUN RD, LANCASTER, TX, 75146","-96.765423196867,32.604845189193","103264379","L"
"387","3330 N GALLOWAY AVE STE 150, MESQUITE, TX, 75150","Match","Exact","3330 N GALLOWAY AVE, MESQUITE, TX, 75150","-96.611056599389,32.810403103973","103232349","L"
"388","4616 NORTHWEST HWY, GARLAND, TX, 75043","Match","Exact","4616 NORTHWEST HWY, GARLAND, TX, 75043","-96.642305248741,32.860864714948","647933626","R"
"389","2940 S 1ST ST, GARLAND, TX, 75041","No_Match"
"40","518 W ARAPAHO RD STE B103, RICHARDSON, TX, 75080","Match","Exact","518 W ARAPAHO RD, RICHARDSON, TX, 75080","-96.735408594202,32.961510474216","103274406","L"
"41","5250 N OCONNOR BLVD STE 140, IRVING, TX, 75039","Match","Non_Exact","5250 N O CONNOR BLVD, IRVING, TX, 75039","-96.937950307763,32.869935863141","103001756","R"
"42","11306 LYNDON B JOHNSON FWY STE 100, DALLAS, TX, 75238","Match","Exact","11306 LYNDON B JOHNSON FWY, DALLAS, TX, 75238","-96.689439911806,32.878564489602","650068076","R"
"43","8151 WALTON BLVD, IRVING, TX, 75063","No_Match"
"44","712 S WALTON WALKER BLVD STE 1-D, DALLAS, TX, 75211","Match","Non_Exact","712 N WALTON WALKER BLVD, DALLAS, TX, 75211","-96.920244386608,32.750682145297","102995580","L"
"45","1820 W BRUTON RD, BALCH SPRINGS, TX, 75180","Match","Exact","1820 W BRUTON RD, BALCH SPRINGS, TX, 75180","-96.626565578631,32.748513209009","103170062","R"
"46","2441 W WALNUT ST STE 225, GARLAND, TX, 75042","Match","Exact","2441 W WALNUT ST, GARLAND, TX, 75042","-96.664518027445,32.916420451999","103208762","R"
"47","2450 WALNUT HILL LN, DALLAS, TX, 75229","Match","Exact","2450 WALNUT HILL LN, DALLAS, TX, 75229","-96.896482669308,32.880930878726","103205159","R"
"48","117 S CARROLL AVE, DALLAS, TX, 75226","Match","Exact","117 S CARROLL AVE, DALLAS, TX, 75226","-96.767095747407,32.791088263127","102920303","R"
"49","1900 N HALL ST, DALLAS, TX, 75204","Match","Non_Exact","1900 HALL ST, DALLAS, TX, 75204","-96.790966785408,32.797083256121","103163942","R"
"390","2259 ANSON RD, DALLAS, TX, 75235","Match","Exact","2259 ANSON RD, DALLAS, TX, 75235","-96.854403843007,32.832903092836","102903110","L"
"391","3959 BROADWAY BLVD, GARLAND, TX, 75043","Match","Exact","3959 BROADWAY BLVD, GARLAND, TX, 75043","-96.606477039229,32.86551966218","102932672","R"
"392","7606 GREENVILLE AVE, DALLAS, TX, 75231","Match","Exact","7606 GREENVILLE AVE, DALLAS, TX, 75231","-96.757884730336,32.886212197502","614285977","L"
"393","1502 ELM ST, DALLAS, TX, 75201","Match","Exact","1502 ELM ST, DALLAS, TX, 75201","-96.799625590647,32.781303544892","102909976","R"
"394","150 W MAIN ST APT 222, RICHARDSON, TX, 75081","Match","Exact","150 W MAIN ST, RICHARDSON, TX, 75081","-96.732771249138,32.949691742807","102913630","R"
"395","215 W CAMP WISDOM RD STE #12/15, DUNCANVILLE, TX, 75116","Match","Non_Exact","215 W CAMP WISDOM RD, DUNCANVILLE, TX, 75116","-96.908909328756,32.661980580212","103218932","L"
"396","8008 CEDAR SPRINGS RD, DALLAS, TX, 75235","Match","Exact","8008 CEDAR SPRINGS RD, DALLAS, TX, 75235","-96.846713166451,32.841676842607","102993241","L"
"397","1201 MAIN ST STE P250, DALLAS, TX, 75202","Match","Exact","1201 MAIN ST, DALLAS, TX, 75202","-96.801289261722,32.780250444073","103198011","L"
"398","1608 S 5TH ST, GARLAND, TX, 75040","Match","Exact","1608 S 5TH ST, GARLAND, TX, 75040","-96.636257332403,32.898769353591","102927830","L"
"399","2950 W COMMERCE ST, DALLAS, TX, 75212","Match","Exact","2950 W COMMERCE ST, DALLAS, TX, 75212","-96.871009864054,32.774607140331","102904414","L"
"50","797 N GROVE RD STE 105, RICHARDSON, TX, 75081","Match","Exact","797 N GROVE RD, RICHARDSON, TX, 75081","-96.718650768463,32.956780939776","102913746","L"
"51","2501 LAKEVIEW PKWY, ROWLETT, TX, 75088","No_Match"
"52","2611 S LANCASTER RD, DALLAS, TX, 75216","Match","Exact","2611 S LANCASTER RD, DALLAS, TX, 75216","-96.804624746015,32.716732080961","639628022","R"
"53","3150 E LEDBETTER DR, DALLAS, TX, 75216","Match","Exact","3150 E LEDBETTER DR, DALLAS, TX, 75216","-96.768467835446,32.695740426264","640542690","R"
"54","460 N LAMAR ST # 300, DALLAS, TX, 75202","Match","Exact","460 N LAMAR ST, DALLAS, TX, 75202","-96.804964493548,32.781703622844","102909800","R"
"55","6451 RIVERSIDE DR, IRVING, TX, 75039","Match","Exact","6451 RIVERSIDE DR, IRVING, TX, 75039","-96.939132144645,32.897511645472","648195175","L"
"56","2215 S MARSALIS AVE, DALLAS, TX, 75216","Match","Exact","2215 S MARSALIS AVE, DALLAS, TX, 75216","-96.814617577707,32.721236634864","103193578","R"
"57","5460 LEMMON AVE, DALLAS, TX, 75209","Match","Exact","5460 LEMMON AVE, DALLAS, TX, 75209","-96.823988815824,32.827962271432","102903977","R"
"58","1506 S BUCKNER BLVD, DALLAS, TX, 75217","Match","Non_Exact","1506 BUCKNER BLVD, DALLAS, TX, 75217","-96.682764891368,32.738017552344","640542924","R"
"59","1202 E INTERSTATE 30, GARLAND, TX, 75043","No_Match"
"60","1133 N ZANG BLVD STE 105, DALLAS, TX, 75203","Match","Exact","1133 N ZANG BLVD, DALLAS, TX, 75203","-96.822625357391,32.756780719516","102946156","L"
"61","2601 ARAPAHO RD, GARLAND, TX, 75044","Match","Exact","2601 ARAPAHO RD, GARLAND, TX, 75044","-96.664481787932,32.95964620693","103274025","L"
"62","1308 E BEAR CREEK RD STE 270, GLENN HEIGHTS, TX, 75154","Match","Exact","1308 E BEAR CREEK RD, GLENN HEIGHTS, TX, 75154","-96.82486781351,32.560299009916","102961132","R"
"63","1551 E SPRING VALLEY RD STE 135, RICHARDSON, TX, 75081","Match","Exact","1551 E SPRING VALLEY RD, RICHARDSON, TX, 75081","-96.697557322302,32.938633778081","103252141","L"
"64","7124 GREENVILLE AVE, DALLAS, TX, 75231","Match","Exact","7124 GREENVILLE AVE, DALLAS, TX, 75231","-96.762488758261,32.87421670817","103270404","R"
"65","1109 E HIGHWAY 67, DUNCANVILLE, TX, 75137","Match","Exact","1109 E HWY 67, DUNCANVILLE, TX, 75137","-96.888203992125,32.644787598042","102943760","L"
"66","1803 N GALLOWAY AVE, MESQUITE, TX, 75149","Match","Exact","1803 N GALLOWAY AVE, MESQUITE, TX, 75149","-96.606132681869,32.786773438492","102933739","L"
"67","3724 SAMUELL BLVD, DALLAS, TX, 75228","Match","Exact","3724 SAMUELL BLVD, DALLAS, TX, 75228","-96.730868977126,32.792897839796","102921773","R"
"68","4218 W LOVERS LN, DALLAS, TX, 75209","Match","Exact","4218 W LOVERS LN, DALLAS, TX, 75209","-96.838229194859,32.851105400586","103203465","R"
"69","11520 JUPITER RD, DALLAS, TX, 75218","No_Match"
"70","940 N RIVERFRONT BLVD, DALLAS, TX, 75207","No_Match"
"71","501 W DAVIS ST, DALLAS, TX, 75208","Match","Exact","501 W DAVIS ST, DALLAS, TX, 75208","-96.83039009342,32.749503565673","640543877","R"
"72","509 N HAMPTON RD, DALLAS, TX, 75208","Match","Exact","509 N HAMPTON RD, DALLAS, TX, 75208","-96.856911579143,32.750167352412","638380337","L"
"73","1445 ROSS AVE STE B101, DALLAS, TX, 75202","Match","Exact","1445 ROSS AVE, DALLAS, TX, 75202","-96.802355001156,32.78440136339","102909831","L"
"74","117 S CENTRAL EXPY, RICHARDSON, TX, 75080","Match","Exact","117 S CENTRAL EXPY, RICHARDSON, TX, 75080","-96.734466887018,32.950103539838","102913625","L"
"75","606 VALENCIA ST, DALLAS, TX, 75223","Match","Exact","606 VALENCIA ST, DALLAS, TX, 75223","-96.74518467348,32.803976531457","102920246","L"
"76","5431 BOTHAM JEAN BLVD, DALLAS, TX, 75215","No_Match"
"77","4903 S LANCASTER RD, DALLAS, TX, 75216","Match","Exact","4903 S LANCASTER RD, DALLAS, TX, 75216","-96.790968191499,32.688706820506","103191324","R"
"78","1701 S BECKLEY RD, GLENN HEIGHTS, TX, 75154","Match","Exact","1701 S BECKLEY RD, GLENN HEIGHTS, TX, 75154","-96.822909038438,32.558402063171","103185096","R"
"79","532 W JEFFERSON BLVD, DALLAS, TX, 75208","Match","Exact","532 W JEFFERSON BLVD, DALLAS, TX, 75208","-96.830842374376,32.743088975509","102946240","L"
"1602","110 S CARROLL AVE, DALLAS, TX, 75226","Match","Exact","110 S CARROLL AVE, DALLAS, TX, 75226","-96.767385149108,32.791507368942","103199665","L"
"1601","2403 WESTERN PARK DR, DALLAS, TX, 75211","Match","Exact","2403 WESTERN PARK DR, DALLAS, TX, 75211","-96.894621024747,32.720254376993","102940317","R"
"1600","2838 W CLARENDON DR, DALLAS, TX, 75211","Match","Exact","2838 W CLARENDON DR, DALLAS, TX, 75211","-96.86743332588,32.734486874421","102945093","L"
"80","500 W KIEST BLVD, DALLAS, TX, 75224","No_Match"
"81","6045 SHERRY LN, DALLAS, TX, 75225","Match","Exact","6045 SHERRY LN, DALLAS, TX, 75225","-96.807665864733,32.862219543384","102905948","L"
"1609","10433 GARLAND RD, DALLAS, TX, 75218","Match","Exact","10433 GARLAND RD, DALLAS, TX, 75218","-96.691545410533,32.842609210765","102923223","L"
"82","11422 HARRY HINES BLVD STE 210, DALLAS, TX, 75229","Match","Exact","11422 HARRY HINES BLVD, DALLAS, TX, 75229","-96.891490994987,32.896695547128","103206498","R"
"1608","11501 ELAM RD, BALCH SPRINGS, TX, 75180","Match","Exact","11501 ELAM RD, BALCH SPRINGS, TX, 75180","-96.630280717194,32.719629284245","102962471","L"
"83","6909 ROWLETT RD STE 104, ROWLETT, TX, 75089","Match","Exact","6909 ROWLETT RD, ROWLETT, TX, 75089","-96.578259143687,32.92157909213","649823352","L"
"1607","1529 W BUCKINGHAM RD STE 6, GARLAND, TX, 75042","Match","Exact","1529 W BUCKINGHAM RD, GARLAND, TX, 75042","-96.649260160582,32.931035783294","103252473","L"
"84","2434 BELT LINE RD, GARLAND, TX, 75044","Match","Exact","2434 BELT LINE RD, GARLAND, TX, 75044","-96.663906558426,32.944697339322","103210492","L"
"1606","1250 S BUCKNER BLVD, DALLAS, TX, 75217","Match","Non_Exact","1250 BUCKNER BLVD, DALLAS, TX, 75217","-96.682769478335,32.733695924407","103195824","R"
"85","10788 HARRY HINES BLVD STE A12, DALLAS, TX, 75220","Match","Exact","10788 HARRY HINES BLVD, DALLAS, TX, 75220","-96.883525911942,32.873676154165","102890639","R"
"1605","1927 E BELT LINE RD STE 136, CARROLLTON, TX, 75006","Match","Exact","1927 E BELT LINE RD, CARROLLTON, TX, 75006","-96.889431093399,32.953745401562","103211017","L"
"86","13410 PRESTON RD STE A, DALLAS, TX, 75240","Match","Non_Exact","13410 PRESTON RD, DALLAS, TX, 75240","-96.803491755052,32.93107011079","102900201","R"
"1604","2625 OLD DENTON RD STE 340, CARROLLTON, TX, 75007","Match","Exact","2625 OLD DENTON RD, CARROLLTON, TX, 75007","-96.910067244112,32.990773181409","103423041","L"
"87","7170 SKILLMAN ST STE 140, DALLAS, TX, 75231","Match","Exact","7170 SKILLMAN ST, DALLAS, TX, 75231","-96.73474772176,32.877134197939","646894602","R"
"1603","10788 HARRY HINES BLVD # E28, DALLAS, TX, 75220","Match","Exact","10788 HARRY HINES BLVD, DALLAS, TX, 75220","-96.883525911942,32.873676154165","102890639","R"
"88","2505 FORT WORTH AVE, DALLAS, TX, 75211","Match","Exact","2505 FORT WORTH AVE, DALLAS, TX, 75211","-96.862692805017,32.759326255066","653853991","R"
"89","1919 BRYAN ST STE 102, DALLAS, TX, 75201","Match","Exact","1919 BRYAN ST, DALLAS, TX, 75201","-96.797382914347,32.784066504639","102909994","L"
"1613","1634 MARKET CENTER BLVD, DALLAS, TX, 75207","Match","Exact","1634 MARKET CENTER BLVD, DALLAS, TX, 75207","-96.822063278386,32.792887691702","102905598","R"
"1612","9531 C F HAWN FWY, DALLAS, TX, 75217","Match","Exact","9531 C F HAWN FWY, DALLAS, TX, 75217","-96.658320087087,32.70213288435","102962669","R"
"1611","3530 SUNNYVALE ST, DALLAS, TX, 75216","Match","Exact","3530 SUNNYVALE ST, DALLAS, TX, 75216","-96.784290876801,32.712047721112","102951993","L"
"1610","2712 W IRVING BLVD, IRVING, TX, 75061","Match","Exact","2712 W IRVING BLVD, IRVING, TX, 75061","-96.982194503485,32.830196060658","102886654","L"
"90","4550 GUS THOMASSON RD STE 62, MESQUITE, TX, 75150","Match","Exact","4550 GUS THOMASSON RD, MESQUITE, TX, 75150","-96.648141225005,32.825407635351","103233678","L"
"91","5923 GREENVILLE AVE, DALLAS, TX, 75206","Match","Exact","5923 GREENVILLE AVE, DALLAS, TX, 75206","-96.768686644534,32.857407745991","103203700","L"
"92","842 BELT LINE RD, GARLAND, TX, 75040","Match","Exact","842 BELT LINE RD, GARLAND, TX, 75040","-96.639299731678,32.940047709889","103210552","L"
"93","3316 OAK LAWN AVE, DALLAS, TX, 75219","Match","Exact","3316 OAK LAWN AVE, DALLAS, TX, 75219","-96.807465831827,32.810211726245","102908541","R"
"1619","13350 DALLAS PKWY STE 2655, DALLAS, TX, 75240","Match","Exact","13350 DALLAS PKWY, DALLAS, TX, 75240","-96.820997176582,32.930508319415","103272392","R"
"94","1951 MILITARY PKWY, MESQUITE, TX, 75149","Match","Exact","1951 MILITARY PKWY, MESQUITE, TX, 75149","-96.62843898066,32.768200575686","103267051","R"
"1618","2440 N INTERNATIONAL PKWY, GRAPEVINE, TX, 75261","No_Match"
"95","3305 W WALNUT HILL LN, IRVING, TX, 75038","Match","Exact","3305 W WALNUT HILL LN, IRVING, TX, 75038","-96.989109407916,32.865491592641","102886128","L"
"1617","2376 LAVON DR STE 110, GARLAND, TX, 75040","No_Match"
"96","1630 VALWOOD PKWY STE 114, CARROLLTON, TX, 75006","Match","Exact","1630 VALWOOD PKWY, CARROLLTON, TX, 75006","-96.922079025423,32.938106118964","647121451","L"
"1616","4212 OAK LAWN AVE, DALLAS, TX, 75219","Match","Exact","4212 OAK LAWN AVE, DALLAS, TX, 75219","-96.80230185769,32.819942235022","102906976","R"
"97","327 S CADIZ, DALLAS, TX, 75207","Match","Non_Exact","327 CADIZ ST, DALLAS, TX, 75207","-96.802784275707,32.767270466218","103196828","L"
"1615","5848 HIGHWAY 78 STE 118, SACHSE, TX, 75048","No_Match"
"98","14999 PRESTON RD, DALLAS, TX, 75254","Match","Exact","14999 PRESTON RD, DALLAS, TX, 75254","-96.804171271215,32.95362439182","610116340","L"
"1614","5526 E R L THORNTON FWY, DALLAS, TX, 75223","Match","Exact","5526 E R L THORNTON FWY, DALLAS, TX, 75223","-96.747117328062,32.790846067715","102920914","R"
"99","2439 VALWOOD PKWY, FARMERS BRANCH, TX, 75234","Match","Exact","2439 VALWOOD PKWY, FARMERS BRANCH, TX, 75234","-96.89900965015,32.93876453291","102888828","L"
"1624","1155 E RED BIRD LN, DALLAS, TX, 75241","Match","Exact","1155 E RED BIRD LN, DALLAS, TX, 75241","-96.806929567877,32.675046578772","102951692","L"
"1623","6810 MURPHY RD STE 500, SACHSE, TX, 75048","Match","Exact","6810 MURPHY RD, SACHSE, TX, 75048","-96.613330394619,32.982716655428","102925152","R"
"1622","901 BELT LINE RD STE 102, GARLAND, TX, 75040","Match","Exact","901 BELT LINE RD, GARLAND, TX, 75040","-96.640258454005,32.940669216147","103255995","L"
"1621","8306 KATE ST STE 9, DALLAS, TX, 75225","Match","Exact","8306 KATE ST, DALLAS, TX, 75225","-96.805200625221,32.86371199132","102906142","R"
"1620","1901 S HARWOOD ST APT 201, DALLAS, TX, 75215","Match","Exact","1901 S HARWOOD ST, DALLAS, TX, 75215","-96.783845209296,32.772478541013","102912033","R"
"1629","3230 W DAVIS ST, DALLAS, TX, 75211","Match","Exact","3230 W DAVIS ST, DALLAS, TX, 75211","-96.872946475851,32.749496976104","103194748","L"
"1628","4306 SATURN RD, GARLAND, TX, 75041","Match","Exact","4306 SATURN RD, GARLAND, TX, 75041","-96.64829087891,32.865221698639","103239474","L"
"1627","302 N MARSALIS AVE, DALLAS, TX, 75203","Match","Exact","302 N MARSALIS AVE, DALLAS, TX, 75203","-96.815565596286,32.751296862175","102948795","R"
"1626","920 S HARWOOD ST STE 150, DALLAS, TX, 75201","Match","Exact","920 S HARWOOD ST, DALLAS, TX, 75201","-96.790653625129,32.777416132378","102911681","L"
"1625","1927 GREENVILLE AVE, DALLAS, TX, 75206","Match","Exact","1927 GREENVILLE AVE, DALLAS, TX, 75206","-96.770272461493,32.813990279195","102910970","L"
"1635","4101 W WHEATLAND RD, DALLAS, TX, 75237","No_Match"
"1634","2661 MIDWAY RD STE 200, CARROLLTON, TX, 75006","Match","Exact","2661 MIDWAY RD, CARROLLTON, TX, 75006","-96.842265538838,32.986058024463","647933275","R"
"1633","2608 ELM ST, DALLAS, TX, 75226","Match","Exact","2608 ELM ST, DALLAS, TX, 75226","-96.786352600754,32.784077238958","638656237","R"
"1632","2603 HICKORY TREE RD, BALCH SPRINGS, TX, 75180","Match","Exact","2603 HICKORY TREE RD, BALCH SPRINGS, TX, 75180","-96.62266404466,32.733858201674","103196001","R"
"1631","230 W PIONEER PKWY, GRAND PRAIRIE, TX, 75051","Match","Exact","230 W PIONEER PKWY, GRAND PRAIRIE, TX, 75051","-97.006312584333,32.709638115892","102937180","R"
"1630","5112 W DAVIS ST, DALLAS, TX, 75211","No_Match"
"1639","5618 JESTER DR, GARLAND, TX, 75044","Match","Exact","5618 JESTER DR, GARLAND, TX, 75044","-96.677079078976,32.967510510177","102916307","R"
"1638","5401 N PRESIDENT GEORGE BUSH HWY, GARLAND, TX, 75044","Match","Exact","5401 N PRESIDENT GEORGE BUSH HWY, GARLAND, TX, 75044","-96.642880903392,32.965747305532","103254621","R"
"1637","408 N HAMPTON RD, DALLAS, TX, 75208","Match","Exact","408 N HAMPTON RD, DALLAS, TX, 75208","-96.856645155558,32.747875557389","103195060","R"
"1636","1500 N HAMPTON RD, DESOTO, TX, 75115","Match","Exact","1500 N HAMPTON RD, DESOTO, TX, 75115","-96.856857282332,32.618724027711","103263082","R"
"1646","2607 N STEMMONS FWY, DALLAS, TX, 75207","Match","Exact","2607 N STEMMONS FWY, DALLAS, TX, 75207","-96.840788663373,32.806247854272","102904869","L"
"1645","4523 MAPLE AVE, DALLAS, TX, 75219","Match","Exact","4523 MAPLE AVE, DALLAS, TX, 75219","-96.823021950714,32.811738900179","102905058","L"
"1644","100 S CENTRAL EXPY STE 26C, RICHARDSON, TX, 75080","Match","Exact","100 S CENTRAL EXPY, RICHARDSON, TX, 75080","-96.735252205755,32.950597905767","102913604","R"
"1643","3845 N GARLAND AVE STE 300, GARLAND, TX, 75040","Match","Exact","3845 N GARLAND AVE, GARLAND, TX, 75040","-96.653996355234,32.951706946291","634282502","L"
"1642","4024 ROSS AVE, DALLAS, TX, 75204","Match","Exact","4024 ROSS AVE, DALLAS, TX, 75204","-96.784219169088,32.799460358661","102910784","R"
"1641","1910 PACIFIC AVE STE 20003368, DALLAS, TX, 75201","Match","Non_Exact","1910 PACIFIC AVE, DALLAS, TX, 75201","-96.795313262289,32.782991370818","102910019","R"
"1640","1512 S BELT LINE RD STE 2, DALLAS, TX, 75253","Match","Exact","1512 S BELT LINE RD, DALLAS, TX, 75253","-96.59688267638,32.680560154906","103265198","L"
"1649","9648 OVERLAKE DR, DALLAS, TX, 75220","Match","Exact","9648 OVERLAKE DR, DALLAS, TX, 75220","-96.870573707958,32.857839284037","103203339","L"
"1648","5552 E GRAND AVE STE C, DALLAS, TX, 75223","Match","Non_Exact","5552 E GRAND AVE, DALLAS, TX, 75223","-96.747686099799,32.793367359956","102920277","R"
"1647","1701 S PEACHTREE RD, BALCH SPRINGS, TX, 75180","Match","Exact","1701 S PEACHTREE RD, BALCH SPRINGS, TX, 75180","-96.631252069209,32.745710880578","102991753","R"
"1660","3605 6TH ST, SACHSE, TX, 75048","Match","Exact","3605 6TH ST, SACHSE, TX, 75048","-96.589497868781,32.974350512745","102977715","L"
"1657","2630 WALNUT HILL LN, DALLAS, TX, 75229","Match","Exact","2630 WALNUT HILL LN, DALLAS, TX, 75229","-96.88959226674,32.880977951993","103205164","R"
"1656","778 FORT WORTH AVE STE G100, DALLAS, TX, 75208","No_Match"
"1655","2380 N FIELD ST, DALLAS, TX, 75201","Match","Non_Exact","2380 N FIELD BLVD, DALLAS, TX, 75201","-96.806353486971,32.788575237023","102909396","R"
"1654","3601 INTERSTATE 30, MESQUITE, TX, 75150","Match","Exact","3601 I- 30, MESQUITE, TX, 75150","-96.65260156936,32.811505921123","103201098","R"
"1653","3026 AL LIPSCOMB WAY, DALLAS, TX, 75215","No_Match"
"1652","14714 WEBB CHAPEL RD, FARMERS BRANCH, TX, 75234","Match","Exact","14714 WEBB CHAPEL RD, FARMERS BRANCH, TX, 75234","-96.870876183698,32.948638128363","103209380","L"
"1651","901 N POLK ST STE 303, DESOTO, TX, 75115","Match","Exact","901 N POLK ST, DESOTO, TX, 75115","-96.840829988818,32.604324593631","103264602","L"
"1650","3480 S CARRIER PKWY STE 160, GRAND PRAIRIE, TX, 75052","Match","Exact","3480 S CARRIER PKWY, GRAND PRAIRIE, TX, 75052","-97.012892473773,32.685753634018","103174227","R"
"1659","3401 SAINT FRANCIS AVE, DALLAS, TX, 75228","Tie"
"1658","127 E CENTERVILLE RD, GARLAND, TX, 75041","Match","Exact","127 E CENTERVILLE RD, GARLAND, TX, 75041","-96.630126362478,32.87182119068","102928325","L"
"1671","2218 GREENVILLE AVE, DALLAS, TX, 75206","Match","Exact","2218 GREENVILLE AVE, DALLAS, TX, 75206","-96.770113973639,32.81652441344","102910961","R"
"1670","210 N IRA AVE, DALLAS, TX, 75211","Match","Exact","210 N IRA AVE, DALLAS, TX, 75211","-96.916565404978,32.747022330031","103194550","R"
"1668","1705 W CLARENDON DR, DALLAS, TX, 75208","Match","Exact","1705 W CLARENDON DR, DALLAS, TX, 75208","-96.84809833809,32.735056909386","102945429","R"
"1667","8424 LAKE JUNE RD, DALLAS, TX, 75217","Match","Exact","8424 LAKE JUNE RD, DALLAS, TX, 75217","-96.675684884123,32.734051745818","103225385","L"
"1666","4645 GUS THOMASSON RD, MESQUITE, TX, 75150","Match","Exact","4645 GUS THOMASSON RD, MESQUITE, TX, 75150","-96.649353750891,32.826048640395","102930439","L"
"1665","2101 S RIVERFRONT BLVD, DALLAS, TX, 75207","No_Match"
"1664","3021 N BUCKNER BLVD, DALLAS, TX, 75228","Match","Non_Exact","3021 BUCKNER BLVD, DALLAS, TX, 75228","-96.683631600663,32.808860818806","103199870","R"
"1663","7491 S WESTMORELAND RD, DALLAS, TX, 75237","Match","Exact","7491 S WESTMORELAND RD, DALLAS, TX, 75237","-96.885169000031,32.65590275696","103264776","R"
"1662","1707 ROBERT B CULLUM BLVD, DALLAS, TX, 75210","Match","Exact","1707 ROBERT B CULLUM BLVD, DALLAS, TX, 75210","-96.760613057842,32.772973679374","102920715","R"
"1661","1100 CADIZ ST, DALLAS, TX, 75215","Match","Exact","1100 CADIZ ST, DALLAS, TX, 75215","-96.798685158453,32.77172386165","102910309","R"
"1669","6867 GREENVILLE AVE, DALLAS, TX, 75231","Match","Exact","6867 GREENVILLE AVE, DALLAS, TX, 75231","-96.76558068227,32.871158905004","102914495","L"
"1682","3501 S PEACHTREE RD, BALCH SPRINGS, TX, 75180","Match","Exact","3501 S PEACHTREE RD, BALCH SPRINGS, TX, 75180","-96.631259682917,32.720246190822","102962367","R"
"1681","4018 N JUPITER RD, GARLAND, TX, 75044","No_Match"
"1680","1101 S BEACON ST, DALLAS, TX, 75223","Match","Exact","1101 S BEACON ST, DALLAS, TX, 75223","-96.748339623603,32.79450927267","102920276","R"
"1679","2240 N PRAIRE CREEK RD # 300, DALLAS, TX, 75217","No_Match"
"1678","3888 OAK LAWN AVE, DALLAS, TX, 75219","Match","Exact","3888 OAK LAWN AVE, DALLAS, TX, 75219","-96.802258176785,32.816021364013","102908845","R"
"1677","2506 S BELT LINE RD, GRAND PRAIRIE, TX, 75052","Match","Exact","2506 S BELT LINE RD, GRAND PRAIRIE, TX, 75052","-96.994112336099,32.709148188405","103191767","L"
"1676","2020 S HARWOOD ST, DALLAS, TX, 75215","Match","Exact","2020 S HARWOOD ST, DALLAS, TX, 75215","-96.783129592621,32.771825226793","102912034","L"
"1675","309 W KIEST BLVD STE B, DALLAS, TX, 75224","No_Match"
"1674","6411 BEXAR ST, DALLAS, TX, 75215","Match","Exact","6411 BEXAR ST, DALLAS, TX, 75215","-96.753521105772,32.739170237363","102956277","R"
"1673","5528 ALPHA RD STE 108, DALLAS, TX, 75240","No_Match"
"1672","3708 SHEPHERD LN, BALCH SPRINGS, TX, 75180","Match","Exact","3708 SHEPHERD LN, BALCH SPRINGS, TX, 75180","-96.61400527756,32.719283715971","103176189","L"
"1693","9575 SCYENE RD STE 102, DALLAS, TX, 75227","No_Match"
"1692","11405 LYNDON B JOHNSON FWY, GARLAND, TX, 75041","Match","Exact","11405 LYNDON B JOHNSON FWY, GARLAND, TX, 75041","-96.6828848977,32.875464016459","103205791","L"
"1691","2502 S BELT LINE RD STE 100, GRAND PRAIRIE, TX, 75052","Match","Exact","2502 S BELT LINE RD, GRAND PRAIRIE, TX, 75052","-96.994112336093,32.709239388739","103191767","L"
"1690","4121 GASTON AVE, DALLAS, TX, 75246","Match","Exact","4121 GASTON AVE, DALLAS, TX, 75246","-96.776717754131,32.794128120899","102911115","L"
"1206","407 N LAMAR ST STE 400, DALLAS, TX, 75202","Match","Exact","407 N LAMAR ST, DALLAS, TX, 75202","-96.8049905928,32.781516511416","102909800","L"
"1205","350 N SAINT PAUL ST, DALLAS, TX, 75201","Match","Exact","350 N ST PAUL ST, DALLAS, TX, 75201","-96.796822533693,32.783405412934","102909981","R"
"1689","500 S MACARTHUR BLVD STE 500, IRVING, TX, 75060","Match","Exact","500 S MACARTHUR BLVD, IRVING, TX, 75060","-96.95992938981,32.80972190992","102892600","L"
"1204","3034 MOCKINGBIRD LN, DALLAS, TX, 75205","Match","Non_Exact","3034 W MOCKINGBIRD LN, DALLAS, TX, 75235","-96.839566293623,32.831882116536","102903639","R"
"1688","3701 W CLARENDON DR STE 200, COCKRELL HILL, TX, 75211","Tie"
"1203","3620 SHEPHERD LN STE A, BALCH SPRINGS, TX, 75180","Match","Non_Exact","3620 SHEPHERD LN, BALCH SPRINGS, TX, 75180","-96.613991557868,32.720508612089","102963848","L"
"1687","13010 SPRING OAK DR, BALCH SPRINGS, TX, 75180","Match","Exact","13010 SPRING OAK DR, BALCH SPRINGS, TX, 75180","-96.605292809119,32.712011971748","102964256","R"
"1202","4200 GUS THOMASSON RD STE 103, MESQUITE, TX, 75150","No_Match"
"1686","2129 SW 3RD ST, GRAND PRAIRIE, TX, 75051","No_Match"
"1201","7818 ROWLETT RD, ROWLETT, TX, 75089","Match","Exact","7818 ROWLETT RD, ROWLETT, TX, 75089","-96.58486962002,32.927663221228","103248996","L"
"1685","2272 STONEBROOK LN, MESQUITE, TX, 75181","Match","Exact","2272 STONEBROOK LN, MESQUITE, TX, 75181","-96.533932783533,32.72658170383","103178873","L"
"1200","1120 S WESTMORELAND RD, DALLAS, TX, 75211","Match","Exact","1120 S WESTMORELAND RD, DALLAS, TX, 75211","-96.874114034059,32.733797941844","102940578","L"
"1684","4008 URBAN AVE STE A, DALLAS, TX, 75227","Match","Non_Exact","4008 URBAN AVE, DALLAS, TX, 75227","-96.696441859599,32.772583323881","103229683","R"
"1683","3518 OAK LAWN AVE, DALLAS, TX, 75219","Match","Exact","3518 OAK LAWN AVE, DALLAS, TX, 75219","-96.805275860912,32.812051385459","102908859","R"
"1209","7117 INWOOD RD, DALLAS, TX, 75209","Match","Exact","7117 INWOOD RD, DALLAS, TX, 75209","-96.82153160792,32.844259981662","102903877","L"
"1208","12121 ABRAMS RD, DALLAS, TX, 75243","Match","Exact","12121 ABRAMS RD, DALLAS, TX, 75243","-96.735603426233,32.913028340865","103208617","L"
"1207","2950 W CAMP WISDOM RD, DALLAS, TX, 75237","Match","Non_Exact","2950 W CAMP WISDOM RD, DALLAS, TX, 75232","-96.867956022467,32.662007992452","102952640","L"
"1220","1717 NORTHWEST HWY, GARLAND, TX, 75041","Match","Exact","1717 NORTHWEST HWY, GARLAND, TX, 75041","-96.653914684043,32.864219369228","103238116","L"
"1217","3435 N BELT LINE RD, IRVING, TX, 75062","Match","Exact","3435 N BELT LINE RD, IRVING, TX, 75062","-96.992236338596,32.852818930337","653854347","L"
"1216","8188 SPRING VALLEY RD STE 110, DALLAS, TX, 75240","Match","Exact","8188 SPRING VALLEY RD, DALLAS, TX, 75240","-96.764434748753,32.939782212902","102971961","R"
"1215","3305 GRAND AVE, DALLAS, TX, 75210","Match","Exact","3305 GRAND AVE, DALLAS, TX, 75210","-96.765740071328,32.777073751701","102920585","L"
"1699","11661 PRESTON RD STE 224, DALLAS, TX, 75230","Match","Exact","11661 PRESTON RD, DALLAS, TX, 75230","-96.804225634501,32.907411093185","103206758","L"
"1214","4164 N CENTRAL EXPY, DALLAS, TX, 75204","Match","Exact","4164 N CENTRAL EXPY, DALLAS, TX, 75204","-96.789409462849,32.814655551836","103262379","R"
"1698","3015 ARAPAHO RD, GARLAND, TX, 75044","Match","Exact","3015 ARAPAHO RD, GARLAND, TX, 75044","-96.674150367563,32.960760518989","103254467","L"
"1213","6185 RETAIL RD STE 100, DALLAS, TX, 75231","Match","Exact","6185 RETAIL RD, DALLAS, TX, 75231","-96.753863190568,32.861785800512","652044739","L"
"1697","4703 MAPLE AVE, DALLAS, TX, 75219","Match","Exact","4703 MAPLE AVE, DALLAS, TX, 75219","-96.825243590453,32.813580253862","103179809","L"
"1212","14825 INWOOD RD # 200, ADDISON, TX, 75001","Match","Exact","14825 INWOOD RD, ADDISON, TX, 75001","-96.82917712799,32.949691770927","103209537","L"
"1696","888 S GREENVILLE AVE STE 100, RICHARDSON, TX, 75081","Match","Exact","888 S GREENVILLE AVE, RICHARDSON, TX, 75081","-96.734345079122,32.937663703155","653239252","R"
"1211","3128 FOREST LN STE 245, DALLAS, TX, 75234","Match","Exact","3128 FOREST LN, DALLAS, TX, 75234","-96.871243752446,32.909592262517","103243823","R"
"1695","6833 W NORTHWEST HWY, DALLAS, TX, 75225","Match","Exact","6833 W NORTHWEST HWY, DALLAS, TX, 75225","-96.787660489184,32.8656891046","103203596","L"
"1210","1907 S CESAR CHAVEZ BLVD, DALLAS, TX, 75215","No_Match"
"1694","2880 FOREST LN, DALLAS, TX, 75234","Match","Exact","2880 FOREST LN, DALLAS, TX, 75234","-96.880814034187,32.909313913754","103243644","R"
"1219","4864 S BUCKNER BLVD STE A, DALLAS, TX, 75227","Match","Non_Exact","4864 S BUCKNER BLVD, DALLAS, TX, 75227","-96.682754103362,32.782683466181","103229758","R"
"1218","1023 S HAMPTON RD, DALLAS, TX, 75208","Match","Exact","1023 S HAMPTON RD, DALLAS, TX, 75208","-96.85690843137,32.735727984258","103224887","R"
"1231","5308 MAPLE AVE, DALLAS, TX, 75235","Match","Exact","5308 MAPLE AVE, DALLAS, TX, 75235","-96.831595449476,32.817405958402","102904835","R"
"1230","9702 BROCKBANK DR STE 100, DALLAS, TX, 75220","Match","Exact","9702 BROCKBANK DR, DALLAS, TX, 75220","-96.875274426841,32.869253112829","102890832","R"
"1228","427 E FM 1382, CEDAR HILL, TX, 75104","Match","Exact","427 E FM 1382, CEDAR HILL, TX, 75104","-96.93776563355,32.593010142819","646818742","L"
"1227","504 W ARAPAHO RD, RICHARDSON, TX, 75080","Match","Exact","504 W ARAPAHO RD, RICHARDSON, TX, 75080","-96.735023696679,32.96108151047","103274406","L"
"1226","3511 REGENT BLVD # 110, IRVING, TX, 75063","No_Match"
"1225","5477 N MACARTHUR BLVD, IRVING, TX, 75038","Match","Exact","5477 N MACARTHUR BLVD, IRVING, TX, 75038","-96.964266289284,32.88426829889","103205026","L"
"1224","9301 FOREST LN, DALLAS, TX, 75243","Match","Exact","9301 FOREST LN, DALLAS, TX, 75243","-96.741346676355,32.909307059031","103206961","L"
"1223","215 N CARRIER PKWY, GRAND PRAIRIE, TX, 75050","Match","Exact","215 N CARRIER PKWY, GRAND PRAIRIE, TX, 75050","-97.016293217332,32.74336792198","102935770","L"
"1222","313 LAS COLINAS BLVD E, IRVING, TX, 75039","Match","Exact","313 LAS COLINAS BLVD E, IRVING, TX, 75039","-96.937810474481,32.866330839616","656176478","L"
"1221","5710 BROADWAY BLVD, GARLAND, TX, 75043","Match","Exact","5710 BROADWAY BLVD, GARLAND, TX, 75043","-96.595460715075,32.846076997341","103269156","L"
"800","2402 N FITZHUGH AVE, DALLAS, TX, 75204","Match","Exact","2402 N FITZHUGH AVE, DALLAS, TX, 75204","-96.782184258979,32.811338118995","102910512","R"
"801","3032 AL LIPSCOMB WAY, DALLAS, TX, 75215","No_Match"
"802","501 WARREN DR, GARLAND, TX, 75042","Match","Exact","501 WARREN DR, GARLAND, TX, 75042","-96.677800012646,32.916597306437","102917801","L"
"803","2802 ROYAL LN STE 101, DALLAS, TX, 75229","Match","Exact","2802 ROYAL LN, DALLAS, TX, 75229","-96.882729889521,32.895017949048","103243599","L"
"804","210 E PLEASANT RUN RD, DESOTO, TX, 75115","Match","Exact","210 E PLEASANT RUN RD, DESOTO, TX, 75115","-96.85622816656,32.604029028086","103215261","L"
"805","3005 APOLLO RD, GARLAND, TX, 75044","Match","Non_Exact","3005 W APOLLO RD, GARLAND, TX, 75044","-96.674144996328,32.951517520734","102916523","R"
"806","4112 N JOSEY, CARROLLTON, TX, 75007","Match","Non_Exact","4112 N JOSEY LN, CARROLLTON, TX, 75007","-96.884753943599,33.023169049452","103444124","R"
"807","2202 HEADS LN STE 100, CARROLLTON, TX, 75006","Match","Exact","2202 HEADS LN, CARROLLTON, TX, 75006","-96.873157920216,32.971975887614","102995491","R"
"1229","10810 FERGUSON RD, DALLAS, TX, 75228","No_Match"
"808","1012 RIDGEVIEW ST STE 107, MESQUITE, TX, 75149","Match","Exact","1012 RIDGEVIEW ST, MESQUITE, TX, 75149","-96.623008952566,32.780458032348","103198807","R"
"809","7002 WAX BERRY DR, DALLAS, TX, 75249","Match","Exact","7002 WAX BERRY DR, DALLAS, TX, 75249","-96.943764080873,32.6350170008","619123769","L"
"1242","4122 LYNDON B JOHNSON FWY, DALLAS, TX, 75244","No_Match"
"1241","1036 N COUNTRY CLUB RD, GARLAND, TX, 75040","Match","Exact","1036 N COUNTRY CLUB RD, GARLAND, TX, 75040","-96.613668757534,32.921629905429","102928697","R"
"1240","200 CRESCENT CT STE 40, DALLAS, TX, 75201","Match","Exact","200 CRESCENT CT, DALLAS, TX, 75201","-96.803619761823,32.794227352207","102909121","L"
"1239","3212 N JUPITER RD STE 201, GARLAND, TX, 75044","Match","Exact","3212 N JUPITER RD, GARLAND, TX, 75044","-96.682596194558,32.947134717315","103273447","L"
"1238","1500 S BELT LINE RD, MESQUITE, TX, 75149","Match","Exact","1500 S BELT LINE RD, MESQUITE, TX, 75149","-96.596916059237,32.745776275042","102963751","L"
"1237","12800 ABRAMS RD, DALLAS, TX, 75243","No_Match"
"1236","1300 S POLK ST STE 252, DALLAS, TX, 75224","Match","Exact","1300 S POLK ST, DALLAS, TX, 75224","-96.839970043475,32.732724375254","102946470","L"
"1235","3878 OAK LAWN AVE, DALLAS, TX, 75219","Match","Exact","3878 OAK LAWN AVE, DALLAS, TX, 75219","-96.802254104547,32.81587243612","102908845","R"
"1234","2717 E BELT LINE RD, CARROLLTON, TX, 75006","Match","Non_Exact","2717 BELT LINE RD, CARROLLTON, TX, 75006","-96.859781662918,32.953338653597","103253145","L"
"1233","1701 S BELT LINE RD # 110, GRAND PRAIRIE, TX, 75051","Match","Exact","1701 S BELT LINE RD, GRAND PRAIRIE, TX, 75051","-96.994163274459,32.722614190137","102936888","R"
"810","211 W GRUBB DR, MESQUITE, TX, 75149","Match","Exact","211 W GRUBB DR, MESQUITE, TX, 75149","-96.600528881384,32.775414550901","102933980","R"
"1232","6605 DALROCK RD, ROWLETT, TX, 75089","Match","Exact","6605 DALROCK RD, ROWLETT, TX, 75089","-96.51792537059,32.919006696144","638716528","L"
"811","14999 PRESTON RD, DALLAS, TX, 75240","Match","Non_Exact","14999 PRESTON RD, DALLAS, TX, 75254","-96.804171271215,32.95362439182","610116340","L"
"812","901 RODEO CENTER BLVD, MESQUITE, TX, 75149","Match","Exact","901 RODEO CENTER BLVD, MESQUITE, TX, 75149","-96.622602375367,32.75684073279","102962149","R"
"813","6501 DALROCK RD STE 104, ROWLETT, TX, 75089","Match","Exact","6501 DALROCK RD, ROWLETT, TX, 75089","-96.517947078297,32.91822906379","638716528","L"
"814","1016 MURDOCK RD, DALLAS, TX, 75217","Match","Exact","1016 MURDOCK RD, DALLAS, TX, 75217","-96.682821451498,32.701091766327","103222746","L"
"815","101 S WALTON ST STE 215, DALLAS, TX, 75226","Match","Exact","101 S WALTON ST, DALLAS, TX, 75226","-96.780609757078,32.784424738339","102912143","R"
"816","1919 W SCYENE RD, MESQUITE, TX, 75149","No_Match"
"817","13015 COIT RD STE C, DALLAS, TX, 75240","Match","Non_Exact","13015 COIT RD, DALLAS, TX, 75240","-96.769339834512,32.925229150861","103177572","L"
"818","10370 OLYMPIC DR STE A, DALLAS, TX, 75220","Match","Non_Exact","10370 OLYMPIC DR, DALLAS, TX, 75220","-96.886445391509,32.864513825003","102893932","L"
"819","2425 SOUTHWELL RD, DALLAS, TX, 75229","Match","Exact","2425 SOUTHWELL RD, DALLAS, TX, 75229","-96.896569679564,32.886345100355","102890537","L"
"1253","8600 N MACARTHUR BLVD STE 160, IRVING, TX, 75063","Match","Exact","8600 N MACARTHUR BLVD, IRVING, TX, 75063","-96.95508450744,32.923711064182","647954891","L"
"2100","9780 LYNDON B JOHNSON FWY, DALLAS, TX, 75243","Match","Exact","9780 LYNDON B JOHNSON FWY, DALLAS, TX, 75243","-96.722260561438,32.90301652347","102966539","R"
"1252","8800 S POLK ST, DALLAS, TX, 75232","No_Match"
"1251","2828 MOTLEY DR, MESQUITE, TX, 75150","No_Match"
"1250","212 CARRIAGE CT, COPPELL, TX, 75019","Match","Exact","212 CARRIAGE CT, COPPELL, TX, 75019","-96.996608295576,32.960626811061","102979937","R"
"1249","5535 S CENTRAL EXPY, DALLAS, TX, 75215","Match","Exact","5535 S CENTRAL EXPY, DALLAS, TX, 75215","-96.758010800714,32.744159012111","102955703","R"
"1248","718 N BUCKNER BLVD STE 332, DALLAS, TX, 75218","Match","Non_Exact","718 BUCKNER BLVD, DALLAS, TX, 75218","-96.711518057485,32.8450906024","103235593","L"
"1247","4125 FAIRMOUNT ST, DALLAS, TX, 75219","Match","Exact","4125 FAIRMOUNT ST, DALLAS, TX, 75219","-96.81616504141,32.80746951628","102908426","L"
"1246","10828 DENNIS RD, DALLAS, TX, 75229","Match","Exact","10828 DENNIS RD, DALLAS, TX, 75229","-96.881334410942,32.895722788524","102890422","R"
"1245","1727 N BECKLEY AVE, DALLAS, TX, 75203","Match","Exact","1727 N BECKLEY AVE, DALLAS, TX, 75203","-96.822925712647,32.765362170105","102946084","L"
"820","3880 IRVING MALL # 3851, IRVING, TX, 75062","Match","Exact","3880 IRVING MALL, IRVING, TX, 75062","-96.994366140852,32.840997787856","102998758","L"
"1244","4460 W WALNUT ST STE 108, GARLAND, TX, 75042","Match","Exact","4460 W WALNUT ST, GARLAND, TX, 75042","-96.699744432793,32.916497340274","103248013","L"
"821","2660 N BELT LINE RD, IRVING, TX, 75062","Match","Exact","2660 N BELT LINE RD, IRVING, TX, 75062","-96.992350178421,32.842841105998","102998757","R"
"1243","1501 PIONEER RD, MESQUITE, TX, 75149","Match","Exact","1501 PIONEER RD, MESQUITE, TX, 75149","-96.583578496869,32.747138831911","102964110","R"
"822","10720 PRESTON RD STE 1018, DALLAS, TX, 75230","Match","Exact","10720 PRESTON RD, DALLAS, TX, 75230","-96.803845948723,32.895193972207","102901429","R"
"823","6434 E MOCKINGBIRD LN STE 109, DALLAS, TX, 75214","Match","Non_Exact","6434 MOCKINGBIRD LN, DALLAS, TX, 75214","-96.752178096403,32.836356119451","103202041","R"
"824","2114 W KINGSLEY RD, GARLAND, TX, 75041","Match","Exact","2114 W KINGSLEY RD, GARLAND, TX, 75041","-96.658428238015,32.878749272816","102927247","L"
"825","3805 W WALNUT ST, GARLAND, TX, 75042","Match","Exact","3805 W WALNUT ST, GARLAND, TX, 75042","-96.68914568013,32.916859534223","103248018","R"
"826","2309 GUS THOMASSON RD, DALLAS, TX, 75228","No_Match"
"827","910 S HAMPTON RD STE D, DALLAS, TX, 75208","Match","Non_Exact","910 S HAMPTON RD, DALLAS, TX, 75208","-96.856606834099,32.736972506073","102945315","L"
"828","14211 COIT RD, DALLAS, TX, 75254","Match","Exact","14211 COIT RD, DALLAS, TX, 75254","-96.769077742173,32.937843369539","103209923","L"
"829","4001 VILLANOVA ST, DALLAS, TX, 75225","Match","Exact","4001 VILLANOVA ST, DALLAS, TX, 75225","-96.801895134454,32.864299520573","102906158","L"
"1264","11555 FERGUSON RD # 500, DALLAS, TX, 75228","Match","Exact","11555 FERGUSON RD, DALLAS, TX, 75228","-96.653421681067,32.852153399652","102969567","L"
"2111","6923 SCYENE RD, DALLAS, TX, 75227","No_Match"
"1263","971 N HIGHWAY 67 STE 400, CEDAR HILL, TX, 75104","Match","Exact","971 N HWY 67, CEDAR HILL, TX, 75104","-96.930548718213,32.605769432095","102942659","L"
"2110","7310 MARVIN D LOVE FWY APT 125, DALLAS, TX, 75237","Match","Exact","7310 MARVIN D LOVE FWY, DALLAS, TX, 75237","-96.87363574092,32.656847812294","624596621","L"
"1262","535 N PLANO RD, GARLAND, TX, 75042","Match","Non_Exact","535 PLANO RD, GARLAND, TX, 75042","-96.700445984829,32.917250921261","103208707","L"
"1261","1066 PIONEER RD, MESQUITE, TX, 75149","Match","Exact","1066 PIONEER RD, MESQUITE, TX, 75149","-96.583451402796,32.754000981982","102964088","L"
"1260","215 N CARRIER PKWY, GRAND PRAIRIE, TX, 75050","Match","Exact","215 N CARRIER PKWY, GRAND PRAIRIE, TX, 75050","-97.016293217332,32.74336792198","102935770","L"
"2108","1105 S BROADWAY ST, CARROLLTON, TX, 75006","Match","Exact","1105 S BROADWAY ST, CARROLLTON, TX, 75006","-96.907876013073,32.952419150465","102888562","L"
"2107","323 N STORY RD, IRVING, TX, 75061","Match","Exact","323 N STORY RD, IRVING, TX, 75061","-96.976453444861,32.818219341902","102887309","L"
"1259","4034 CEDAR SPRINGS RD, DALLAS, TX, 75219","Match","Exact","4034 CEDAR SPRINGS RD, DALLAS, TX, 75219","-96.811494216179,32.81133789777","102908503","R"
"2106","6106 SKILLMAN ST, DALLAS, TX, 75231","Match","Exact","6106 SKILLMAN ST, DALLAS, TX, 75231","-96.748903244034,32.862902599546","103269571","R"
"1258","8424 PRESTON RD, DALLAS, TX, 75225","Match","Non_Exact","8424 PRESTON CENTER PLZ, DALLAS, TX, 75225","-96.802703521902,32.864710709514","102906156","R"
"2105","1720 W BRUTON RD STE 100, BALCH SPRINGS, TX, 75180","Match","Exact","1720 W BRUTON RD, BALCH SPRINGS, TX, 75180","-96.622984289058,32.748499288801","103170063","R"
"1257","1004 WEBB CHAPEL RD, CARROLLTON, TX, 75006","Match","Exact","1004 WEBB CHAPEL RD, CARROLLTON, TX, 75006","-96.870955673051,32.953295022113","103253090","L"
"2104","2915 COMMUNITY DR STE 101, DALLAS, TX, 75220","Match","Exact","2915 COMMUNITY DR, DALLAS, TX, 75220","-96.872876237846,32.858735119353","103203337","L"
"830","7700 W NORTHWEST HWY STE 100, DALLAS, TX, 75225","Match","Exact","7700 W NORTHWEST HWY, DALLAS, TX, 75225","-96.77425777642,32.865343307094","623585225","L"
"1256","5360 W LOVERS LN STE 200, DALLAS, TX, 75209","No_Match"
"2103","701 W JEFFERSON ST, GRAND PRAIRIE, TX, 75051","Match","Exact","701 W JEFFERSON ST, GRAND PRAIRIE, TX, 75051","-97.012399806516,32.742668229179","103224107","L"
"831","919 LUCILLE ST, IRVING, TX, 75060","Match","Exact","919 LUCILLE ST, IRVING, TX, 75060","-96.94041613794,32.804817742109","102893200","R"
"1255","522 PRESTON ROYAL, DALLAS, TX, 75230","Match","Non_Exact","522 PRESTON ROYAL SHOPPING CENTER, DALLAS, TX, 75230","-96.805367779588,32.89527176902","103244009","R"
"2102","685 TOWN SQUARE BLVD, GARLAND, TX, 75040","Match","Exact","685 TOWN SQUARE BLVD, GARLAND, TX, 75040","-96.611559487751,32.95441841433","650212342","R"
"832","9140 FOREST LN, DALLAS, TX, 75243","Match","Exact","9140 FOREST LN, DALLAS, TX, 75243","-96.743360994655,32.909039940362","103244795","R"
"1254","5330 N MACARTHUR BLVD STE 140, IRVING, TX, 75038","No_Match"
"2101","1141 E WALNUT ST, GARLAND, TX, 75040","Match","Exact","1141 E WALNUT ST, GARLAND, TX, 75040","-96.615787080124,32.914511112731","102928992","L"
"833","4142 CEDAR SPRINGS RD, DALLAS, TX, 75219","Match","Exact","4142 CEDAR SPRINGS RD, DALLAS, TX, 75219","-96.812726494962,32.81227315672","102908441","R"
"834","723 S BEACON ST, DALLAS, TX, 75223","Match","Exact","723 S BEACON ST, DALLAS, TX, 75223","-96.751365498037,32.797141347515","102920187","R"
"835","2410 DUNCANVILLE RD STE 110, DALLAS, TX, 75211","Match","Exact","2410 DUNCANVILLE RD, DALLAS, TX, 75211","-96.908450350169,32.718525567208","103222190","L"
"836","2520 W IRVING BLVD STE 120, IRVING, TX, 75061","Match","Exact","2520 W IRVING BLVD, IRVING, TX, 75061","-96.977536559599,32.828468919999","102886872","L"
"837","300 E JEFFERSON, DALLAS, TX, 75203","Match","Non_Exact","300 E JEFFERSON BLVD, DALLAS, TX, 75203","-96.820359617067,32.744702992482","102948817","R"
"838","2220 N TOWN EAST BLVD, MESQUITE, TX, 75150","Match","Exact","2220 N TOWN EAST BLVD, MESQUITE, TX, 75150","-96.635193846557,32.810757540711","102931976","L"
"839","311 E CAMP WISDOM RD, DUNCANVILLE, TX, 75116","Match","Exact","311 E CAMP WISDOM RD, DUNCANVILLE, TX, 75116","-96.902620885626,32.662024550084","103219057","L"
"2109","3115 BUNKER HILL RD STE 109, SACHSE, TX, 75048","No_Match"
"1275","12000 MCCREE RD, DALLAS, TX, 75238","Match","Exact","12000 MCCREE RD, DALLAS, TX, 75238","-96.674385904718,32.86807891571","627896529","L"
"1274","1910 PACIFIC AVE STE 2050, DALLAS, TX, 75201","Match","Exact","1910 PACIFIC AVE, DALLAS, TX, 75201","-96.795313262289,32.782991370818","102910019","R"
"1273","4010 N BELT LINE RD, IRVING, TX, 75038","Match","Exact","4010 N BELT LINE RD, IRVING, TX, 75038","-96.991759863018,32.861962558741","103003159","R"
"1272","2165 E BUCKINGHAM DR, RICHARDSON, TX, 75081","Match","Non_Exact","2165 BUCKINGHAM PL, RICHARDSON, TX, 75081","-96.686024230102,32.931524892434","633710630","L"
"1271","427 E FM 1382, CEDAR HILL, TX, 75104","Match","Exact","427 E FM 1382, CEDAR HILL, TX, 75104","-96.93776563355,32.593010142819","646818742","L"
"1270","3036 BROADWAY BLVD, GARLAND, TX, 75041","No_Match"
"1269","4343 LOVERS LN, DALLAS, TX, 75225","Match","Non_Exact","4343 W LOVERS LN, DALLAS, TX, 75209","-96.835922921759,32.851342461025","103237261","L"
"840","4241 CAPITOL AVE, DALLAS, TX, 75204","Match","Exact","4241 CAPITOL AVE, DALLAS, TX, 75204","-96.788482290708,32.80619909738","102910603","L"
"1268","2401 BENNETT AVE APT 3311, DALLAS, TX, 75206","Match","Exact","2401 BENNETT AVE, DALLAS, TX, 75206","-96.781219885993,32.812158824134","102910488","L"
"2115","1700 PACIFIC AVE STE 108, DALLAS, TX, 75201","Match","Exact","1700 PACIFIC AVE, DALLAS, TX, 75201","-96.797475366795,32.782532832249","102910009","R"
"841","5190 HIGHWAY 78, SACHSE, TX, 75048","Match","Exact","5190 STATE HWY 78, SACHSE, TX, 75048","-96.604063955657,32.970526697698","103274587","R"
"1267","1509 PIONEER RD, MESQUITE, TX, 75149","Match","Exact","1509 PIONEER RD, MESQUITE, TX, 75149","-96.583578155229,32.747014472024","102964110","R"
"2114","3116 AL LIPSCOMB WAY, DALLAS, TX, 75215","No_Match"
"842","2218 S JUPITER RD STE 106, GARLAND, TX, 75041","No_Match"
"1266","10690 WALNUT HILL LN, DALLAS, TX, 75238","Match","Exact","10690 WALNUT HILL LN, DALLAS, TX, 75238","-96.700772784093,32.878808990776","102917587","R"
"2113","10110 ROYAL LN STE 180, DALLAS, TX, 75238","No_Match"
"843","3000 BLACKBURN ST STE 160, DALLAS, TX, 75204","Match","Exact","3000 BLACKBURN ST, DALLAS, TX, 75204","-96.794821472392,32.808021747518","648443516","R"
"1265","2424 S CESAR CHAVEZ BLVD, DALLAS, TX, 75215","No_Match"
"2112","2050 N PLANO RD # 300C, RICHARDSON, TX, 75082","Match","Exact","2050 N PLANO RD, RICHARDSON, TX, 75082","-96.699746898999,32.97568155161","103258726","R"
"844","10332 FERGUSON RD, DALLAS, TX, 75228","Match","Exact","10332 FERGUSON RD, DALLAS, TX, 75228","-96.670988709378,32.836956086555","103235710","R"
"845","4150 KELLWAY CIR, ADDISON, TX, 75001","Match","Exact","4150 KELLWAY CIR, ADDISON, TX, 75001","-96.841204039834,32.972242129071","635139019","L"
"846","7075 W WHEATLAND RD, DALLAS, TX, 75249","Match","Exact","7075 W WHEATLAND RD, DALLAS, TX, 75249","-96.946057358498,32.647251507892","102941698","R"
"847","210 SW 2ND ST STE 250, GRAND PRAIRIE, TX, 75051","Match","Exact","210 SW 2ND ST, GRAND PRAIRIE, TX, 75051","-97.004948356773,32.744219911408","103194362","L"
"848","235 E FM 1382, CEDAR HILL, TX, 75104","Match","Exact","235 E FM 1382, CEDAR HILL, TX, 75104","-96.941764302825,32.59811379735","103186890","L"
"849","313 W PIONEER PKWY, GRAND PRAIRIE, TX, 75051","No_Match"
"1286","5547 BERNAL DR, DALLAS, TX, 75212","Match","Exact","5547 BERNAL DR, DALLAS, TX, 75212","-96.910970578452,32.776623768285","102894843","R"
"1285","100 S CENTRAL EXPY STE 36, RICHARDSON, TX, 75080","Match","Exact","100 S CENTRAL EXPY, RICHARDSON, TX, 75080","-96.735252205755,32.950597905767","102913604","R"
"1284","4814 GASTON AVE, DALLAS, TX, 75246","Match","Exact","4814 GASTON AVE, DALLAS, TX, 75246","-96.769815685322,32.79963085704","652307774","R"
"1283","315 S HAMPTON RD, DALLAS, TX, 75208","No_Match"
"1282","8123 PRESTON RD, DALLAS, TX, 75225","Match","Exact","8123 PRESTON RD, DALLAS, TX, 75225","-96.804277559284,32.861701765103","102979749","L"
"1281","4201 W WALNUT ST, GARLAND, TX, 75042","Match","Exact","4201 W WALNUT ST, GARLAND, TX, 75042","-96.696955467183,32.916738223636","103248620","R"
"1280","2909 COLE AVE STE 100, DALLAS, TX, 75204","Match","Exact","2909 COLE AVE, DALLAS, TX, 75204","-96.802407206048,32.801948510488","102909068","L"
"850","4726 CORNELL DR, GARLAND, TX, 75042","Match","Exact","4726 CORNELL DR, GARLAND, TX, 75042","-96.703955616551,32.921537469264","102917196","L"
"851","9281 S CENTRAL EXPY, DALLAS, TX, 75241","Match","Non_Exact","9281 CENTRAL EXPY, DALLAS, TX, 75241","-96.736814116839,32.686351683464","619131826","R"
"1279","5150 N GARLAND AVE, GARLAND, TX, 75040","No_Match"
"852","17227 MARIANNE CIR, DALLAS, TX, 75252","Match","Exact","17227 MARIANNE CIR, DALLAS, TX, 75252","-96.800053947698,32.985617175415","103212655","L"
"1278","4129 MATTHEW RD, GRAND PRAIRIE, TX, 75052","Match","Exact","4129 MATTHEW RD, GRAND PRAIRIE, TX, 75052","-97.030851554351,32.671809677033","102935520","L"
"853","1406 W WALNUT ST, GARLAND, TX, 75042","Match","Exact","1406 W WALNUT ST, GARLAND, TX, 75042","-96.648583214052,32.916187330075","102926764","L"
"1277","6025 ROYAL LN STE 314B, DALLAS, TX, 75230","Match","Exact","6025 ROYAL LN, DALLAS, TX, 75230","-96.803181595304,32.894963589525","102901637","L"
"854","5909 S HAMPTON RD, DALLAS, TX, 75232","No_Match"
"1276","1900 MARKET PLACE BLVD, IRVING, TX, 75063","Match","Exact","1900 MARKETPLACE BLVD, IRVING, TX, 75063","-96.970784987733,32.920012503268","617719525","L"
"855","7501 LAKE RIDGE PKWY, GRAND PRAIRIE, TX, 75054","No_Match"
"856","1420 W 6TH ST, IRVING, TX, 75060","Match","Exact","1420 W SIXTH ST, IRVING, TX, 75060","-96.962540601106,32.808602324471","640539784","L"
"857","203 W CAMP WISDOM RD, DUNCANVILLE, TX, 75116","Match","Exact","203 W CAMP WISDOM RD, DUNCANVILLE, TX, 75116","-96.90857968972,32.661985675083","103218932","L"
"858","4323 W ILLINOIS AVE STE 104, DALLAS, TX, 75211","Match","Exact","4323 W ILLINOIS AVE, DALLAS, TX, 75211","-96.89068439855,32.720496073165","103222207","L"
"859","12400 COIT RD STE 130, DALLAS, TX, 75251","Match","Exact","12400 COIT RD, DALLAS, TX, 75251","-96.769235856675,32.913591972519","103272404","L"
"1297","2515 W JEFFERSON BLVD, DALLAS, TX, 75211","Match","Exact","2515 W JEFFERSON BLVD, DALLAS, TX, 75211","-96.859119786023,32.748204638179","102944742","R"
"1296","900 S DENLEY DR, DALLAS, TX, 75216","Match","Exact","900 S DENLEY DR, DALLAS, TX, 75216","-96.805357252571,32.739055425773","652299709","L"
"1295","5535 COLUMBIA AVE, DALLAS, TX, 75214","Match","Exact","5535 COLUMBIA AVE, DALLAS, TX, 75214","-96.75725351137,32.800470713424","102919899","L"
"1294","4202 PIONEER RD, BALCH SPRINGS, TX, 75180","Match","Exact","4202 PIONEER RD, BALCH SPRINGS, TX, 75180","-96.605339778331,32.712966250668","102964254","L"
"1293","1609 DALWORTH ST, GRAND PRAIRIE, TX, 75050","Match","Exact","1609 DALWORTH ST, GRAND PRAIRIE, TX, 75050","-97.025352424573,32.744611230388","102935321","L"
"1292","2149 N JOSEY LN, CARROLLTON, TX, 75006","Match","Exact","2149 N JOSEY LN, CARROLLTON, TX, 75006","-96.8900373918,32.973866167731","102966330","L"
"1291","5656 ALPHA RD STE B, DALLAS, TX, 75240","Match","Non_Exact","5656 ALPHA RD, DALLAS, TX, 75240","-96.809090536716,32.932716460747","103250593","L"
"1290","6505 DUCK CREEK DR, GARLAND, TX, 75043","No_Match"
"860","7777 FOREST LN # C-A92, DALLAS, TX, 75230","Match","Non_Exact","7777 FOREST LN, DALLAS, TX, 75230","-96.772150803179,32.909515243151","103206849","L"
"861","2505 FARRINGTON ST, DALLAS, TX, 75207","Match","Exact","2505 FARRINGTON ST, DALLAS, TX, 75207","-96.838931495776,32.799665363053","649822838","L"
"862","8704 CYPRESS WATERS BLVD STE 100, IRVING, TX, 75063","Match","Exact","8704 CYPRESS WATERS BLVD, IRVING, TX, 75063","-96.991212277996,32.923831488647","643191295","R"
"863","4901 MAPLE AVE, DALLAS, TX, 75235","Match","Exact","4901 MAPLE AVE, DALLAS, TX, 75235","-96.828218070404,32.814914422685","102904947","L"
"1289","3329 N STORY RD, IRVING, TX, 75062","Match","Exact","3329 N STORY RD, IRVING, TX, 75062","-96.976489315002,32.850248729012","102886420","L"
"864","9761 WALNUT ST, DALLAS, TX, 75243","No_Match"
"1288","1621 N GARRETT AVE, DALLAS, TX, 75206","Match","Exact","1621 N GARRETT AVE, DALLAS, TX, 75206","-96.773131262941,32.807313731709","102910993","L"
"865","3500 N BELT LINE RD STE 110, IRVING, TX, 75062","Match","Exact","3500 N BELT LINE RD, IRVING, TX, 75062","-96.992078610306,32.853536324404","653854347","R"
"1287","11812 INWOOD RD, DALLAS, TX, 75244","Match","Exact","11812 INWOOD RD, DALLAS, TX, 75244","-96.818290913032,32.909971710219","103206720","R"
"866","828 S CARRIER PKWY STE 101, GRAND PRAIRIE, TX, 75051","Match","Exact","828 S CARRIER PKWY, GRAND PRAIRIE, TX, 75051","-97.014482523691,32.737250843432","102936035","R"
"867","9334 CLEARHURST DR, DALLAS, TX, 75238","Match","Exact","9334 CLEARHURST DR, DALLAS, TX, 75238","-96.726831281308,32.872334224002","102915296","R"
"868","5627 W LOVERS LN, DALLAS, TX, 75209","Match","Exact","5627 W LOVERS LN, DALLAS, TX, 75209","-96.815427669057,32.851221545797","103177706","L"
"869","2445 GOLDFINCH LN, GARLAND, TX, 75042","Match","Exact","2445 GOLDFINCH LN, GARLAND, TX, 75042","-96.664656951095,32.901956627722","103207234","R"
"870","2605 LYNDON B JOHNSON FWY, DALLAS, TX, 75234","Match","Exact","2605 LYNDON B JOHNSON FWY, DALLAS, TX, 75234","-96.888004483573,32.910145255148","102890320","R"
"871","702 E WARRIOR TRL, GRAND PRAIRIE, TX, 75052","Match","Exact","702 E WARRIOR TRL, GRAND PRAIRIE, TX, 75052","-96.99764938894,32.69891332818","102937718","L"
"872","3320 SAMUELL BLVD, DALLAS, TX, 75223","Match","Exact","3320 SAMUELL BLVD, DALLAS, TX, 75223","-96.738669218826,32.792916548218","102921515","R"
"873","9910 MONROE DR STE A8, DALLAS, TX, 75220","Match","Exact","9910 MONROE DR, DALLAS, TX, 75220","-96.877960773209,32.878185886719","102890768","R"
"874","1917 FOX MEADOW TRL, GRAND PRAIRIE, TX, 75052","Match","Exact","1917 FOX MEADOW TRL, GRAND PRAIRIE, TX, 75052","-97.029526679714,32.696369992865","103003688","L"
"875","4444 W JEFFERSON BLVD STE 622, DALLAS, TX, 75211","Match","Exact","4444 W JEFFERSON BLVD, DALLAS, TX, 75211","-96.892319305997,32.736918656776","103266215","R"
"1299","3210 FALLS DR, DALLAS, TX, 75211","Match","Exact","3210 FALLS DR, DALLAS, TX, 75211","-96.873195663187,32.726335051955","102940693","L"
"876","1713 S BELT LINE RD, GRAND PRAIRIE, TX, 75051","Match","Exact","1713 S BELT LINE RD, GRAND PRAIRIE, TX, 75051","-96.99416431731,32.722367038021","102936888","R"
"1298","2002 HIGHWAY 66, GARLAND, TX, 75040","Match","Exact","2002 STATE HWY 66, GARLAND, TX, 75040","-96.598624560077,32.909942743933","103245151","R"
"877","950 E MALLOY BRG, SEAGOVILLE, TX, 75159","Match","Non_Exact","950 E MALLOY BRIDGE RD, SEAGOVILLE, TX, 75159","-96.52886113668,32.651506086059","638431337","R"
"878","1201 MAIN ST STE P290, DALLAS, TX, 75202","Match","Exact","1201 MAIN ST, DALLAS, TX, 75202","-96.801289261722,32.780250444073","103198011","L"
"879","10818 DENNIS RD STE 103, DALLAS, TX, 75229","Match","Exact","10818 DENNIS RD, DALLAS, TX, 75229","-96.881335439783,32.895582573424","102890422","R"
"880","4343 W CAMP WISDOM RD STE 124, DALLAS, TX, 75237","Match","Exact","4343 W CAMP WISDOM RD, DALLAS, TX, 75237","-96.890013253049,32.662095584774","103219024","L"
"881","424 E PIONEER PKWY, GRAND PRAIRIE, TX, 75051","Match","Exact","424 E PIONEER PKWY, GRAND PRAIRIE, TX, 75051","-96.999455442473,32.709608357039","103002648","L"
"882","2300 ROWLETT RD STE 120, ROWLETT, TX, 75088","No_Match"
"883","925 NORTHWEST HWY, GARLAND, TX, 75041","No_Match"
"400","15757 COIT RD, DALLAS, TX, 75248","Match","Non_Exact","15757 N COIT RD, DALLAS, TX, 75248","-96.769032538594,32.963159455","103211475","L"
"884","607 TENISON MEMORIAL DR, DALLAS, TX, 75223","Match","Exact","607 TENISON MEMORIAL DR, DALLAS, TX, 75223","-96.740116265445,32.808605715309","102921277","R"
"401","3733 N TOWN EAST BLVD, MESQUITE, TX, 75150","Match","Exact","3733 N TOWN EAST BLVD, MESQUITE, TX, 75150","-96.651884796838,32.797215995848","103268043","R"
"885","4062 LYNDON B JOHNSON FWY, DALLAS, TX, 75244","Match","Exact","4062 LYNDON B JOHNSON FWY, DALLAS, TX, 75244","-96.845583947342,32.922233130345","103247148","L"
"402","5609 ALPHA RD, DALLAS, TX, 75240","Match","Exact","5609 ALPHA RD, DALLAS, TX, 75240","-96.811097087501,32.932940316726","103209648","L"
"886","3901 W JEFFERSON BLVD, COCKRELL HILL, TX, 75211","Match","Non_Exact","3901 W JEFFERSON BLVD, DALLAS, TX, 75211","-96.884329376324,32.739137431427","102940245","R"
"403","10304 FOREST LN, DALLAS, TX, 75243","Match","Exact","10304 FOREST LN, DALLAS, TX, 75243","-96.705667298059,32.90869582739","648835034","R"
"887","1322 MCHAM ST, IRVING, TX, 75062","Match","Exact","1322 MCHAM ST, IRVING, TX, 75062","-96.961595753061,32.848731415404","102890998","L"
"404","2214 INWOOD RD, DALLAS, TX, 75235","Match","Exact","2214 INWOOD RD, DALLAS, TX, 75235","-96.840154419538,32.817955337303","103232887","R"
"888","1718 DALWORTH ST STE A, GRAND PRAIRIE, TX, 75050","Match","Non_Exact","1718 DALWORTH ST, GRAND PRAIRIE, TX, 75050","-97.027364040225,32.74472457504","102935298","R"
"405","4029 W JEFFERSON BLVD, COCKRELL HILL, TX, 75211","Match","Non_Exact","4029 W JEFFERSON BLVD, DALLAS, TX, 75211","-96.886117780874,32.738702123681","102940244","R"
"889","3629 HOLMES ST, DALLAS, TX, 75215","Match","Exact","3629 HOLMES ST, DALLAS, TX, 75215","-96.773482768569,32.756539104249","102950622","R"
"406","750 S SHERMAN ST, RICHARDSON, TX, 75081","Match","Non_Exact","750 SHERMAN ST, RICHARDSON, TX, 75081","-96.739028708676,32.942621920169","103210110","R"
"407","4919 MCKINNEY AVE, DALLAS, TX, 75205","Match","Exact","4919 MCKINNEY AVE, DALLAS, TX, 75205","-96.785015650736,32.827283148271","102907928","L"
"408","11918 SEAGOVILLE RD, BALCH SPRINGS, TX, 75180","Match","Exact","11918 SEAGOVILLE RD, BALCH SPRINGS, TX, 75180","-96.622299763325,32.704662448815","103221759","L"
"409","800 S COCKRELL HILL RD, DUNCANVILLE, TX, 75137","Match","Exact","800 S COCKRELL HILL RD, DUNCANVILLE, TX, 75137","-96.891207336802,32.646176229809","103264152","L"
"890","303 E CAMP WISDOM RD, DUNCANVILLE, TX, 75116","Match","Exact","303 E CAMP WISDOM RD, DUNCANVILLE, TX, 75116","-96.902775204236,32.662023847844","103219057","L"
"891","2550 W RED BIRD LN STE 500, DALLAS, TX, 75237","Match","Exact","2550 W RED BIRD LN, DALLAS, TX, 75237","-96.860768191676,32.670998148917","103264993","R"
"892","4215 S CARRIER PKWY, GRAND PRAIRIE, TX, 75052","No_Match"
"893","5139 VETERANS DR, DALLAS, TX, 75241","Match","Exact","5139 VETERANS DR, DALLAS, TX, 75241","-96.777614472019,32.686602895588","102952480","R"
"410","2500 LAWRENCE ST, DALLAS, TX, 75215","No_Match"
"894","4911 S CENTRAL EXPY, DALLAS, TX, 75215","No_Match"
"411","3223 N WESTMORELAND RD STE 3652, DALLAS, TX, 75212","Match","Exact","3223 N WESTMORELAND RD, DALLAS, TX, 75212","-96.873884795003,32.780912518887","102895523","L"
"895","2400 W LEDBETTER DR, DALLAS, TX, 75233","Tie"
"412","3917 W CAMP WISDOM RD STE 110, DALLAS, TX, 75237","Match","Exact","3917 W CAMP WISDOM RD, DALLAS, TX, 75237","-96.882135887757,32.662131584431","103219132","L"
"896","1401 E GRAUWYLER RD, IRVING, TX, 75061","Match","Exact","1401 E GRAUWYLER RD, IRVING, TX, 75061","-96.928914095118,32.829684554766","653854854","L"
"413","4525 COLE AVE STE 100, DALLAS, TX, 75205","Match","Exact","4525 COLE AVE, DALLAS, TX, 75205","-96.789632447482,32.822005487146","102907885","L"
"897","11403 LAKE JUNE RD, BALCH SPRINGS, TX, 75180","Match","Exact","11403 LAKE JUNE RD, BALCH SPRINGS, TX, 75180","-96.629673308852,32.734216510046","102962306","L"
"414","1909 S CESAR CHAVEZ BLVD, DALLAS, TX, 75215","No_Match"
"898","112 S CARROLL AVE, DALLAS, TX, 75226","Match","Exact","112 S CARROLL AVE, DALLAS, TX, 75226","-96.767343423991,32.791473007075","103199665","L"
"415","3002 E MAIN ST, GRAND PRAIRIE, TX, 75050","Match","Exact","3002 E MAIN ST, GRAND PRAIRIE, TX, 75050","-96.960315829693,32.749457596289","102938766","L"
"899","118 GLENFIELD DR, GARLAND, TX, 75040","Match","Exact","118 GLENFIELD DR, GARLAND, TX, 75040","-96.630585830204,32.896016937943","103207337","R"
"416","7117 INWOOD RD, DALLAS, TX, 75209","Match","Exact","7117 INWOOD RD, DALLAS, TX, 75209","-96.82153160792,32.844259981662","102903877","L"
"417","12004 ELAM RD, BALCH SPRINGS, TX, 75180","No_Match"
"418","8405 PARK LN, DALLAS, TX, 75231","Match","Exact","8405 PARK LN, DALLAS, TX, 75231","-96.760004646428,32.871224231779","102914519","L"
"419","700 N DENTON TAP ROAD, COPPELL, TX, 75019","Match","Exact","700 N DENTON TAP RD, COPPELL, TX, 75019","-96.993126528345,32.988894593757","103255110","L"
"420","7700 W NORTHWEST HWY, DALLAS, TX, 75225","Match","Exact","7700 W NORTHWEST HWY, DALLAS, TX, 75225","-96.77425777642,32.865343307094","623585225","L"
"421","13548 PRESTON RD, DALLAS, TX, 75240","Match","Exact","13548 PRESTON RD, DALLAS, TX, 75240","-96.803524369232,32.932349818617","102900201","R"
"422","13350 DALLAS PKWY, DALLAS, TX, 75240","Match","Exact","13350 DALLAS PKWY, DALLAS, TX, 75240","-96.820997176582,32.930508319415","103272392","R"
"423","209 S ROGERS RD, IRVING, TX, 75060","Match","Exact","209 S ROGERS RD, IRVING, TX, 75060","-96.963534893106,32.814029071228","102892396","R"
"424","1307 1/2 W DAVIS ST, DALLAS, TX, 75208","Match","Non_Exact","1307 1/2 W DAVIS ST, DALLAS, TX, 75208","-96.842940513807,32.749557566201","102945811","R"
"425","522 PRESTON ROYAL SHOPPING CTR, DALLAS, TX, 75230","Match","Exact","522 PRESTON ROYAL SHOPPING CENTER, DALLAS, TX, 75230","-96.805367779588,32.89527176902","103244009","R"
"426","925 W JOHN CARPENTER FWY STE 104, IRVING, TX, 75039","Match","Exact","925 W JOHN CARPENTER FWY, IRVING, TX, 75039","-96.959114200621,32.888945517716","102991347","L"
"427","735 N WESTMORELAND RD, DALLAS, TX, 75211","Match","Exact","735 N WESTMORELAND RD, DALLAS, TX, 75211","-96.8742380824,32.749257113296","103266253","R"
"428","5328 LEMMON AVE, DALLAS, TX, 75209","Match","Exact","5328 LEMMON AVE, DALLAS, TX, 75209","-96.821823758694,32.826069127227","102904000","R"
"429","5555 S BUCKNER BLVD, DALLAS, TX, 75228","Match","Exact","5555 S BUCKNER BLVD, DALLAS, TX, 75228","-96.684115804443,32.795574531303","103199930","L"
"430","10121 LAKE JUNE RD STE 200, DALLAS, TX, 75217","Match","Exact","10121 LAKE JUNE RD, DALLAS, TX, 75217","-96.649993026153,32.734261389989","102961806","L"
"431","2938 ANODE LN, DALLAS, TX, 75220","Match","Exact","2938 ANODE LN, DALLAS, TX, 75220","-96.879354819351,32.876674048286","102890782","R"
"432","716 GROSS RD, MESQUITE, TX, 75149","Match","Non_Exact","716 W GROSS ST, MESQUITE, TX, 75149","-96.606510503395,32.764067961914","102963437","L"
"433","611 W JEFFERSON BLVD, DALLAS, TX, 75208","Match","Exact","611 W JEFFERSON BLVD, DALLAS, TX, 75208","-96.832362675371,32.743204750763","102946000","R"
"434","7011 MILITARY PKWY STE A, DALLAS, TX, 75227","No_Match"
"435","2315 W LEDBETTER DR, DALLAS, TX, 75224","Match","Exact","2315 W LEDBETTER DR, DALLAS, TX, 75224","-96.855931844083,32.691272665591","102947509","R"
"436","241 E FM 1382 STE 310, CEDAR HILL, TX, 75104","Match","Exact","241 E FM 1382, CEDAR HILL, TX, 75104","-96.941720324526,32.598057725008","103186890","L"
"437","1340 ELISE, CEDAR HILL, TX, 75104","Match","Non_Exact","1340 ELISE ST, CEDAR HILL, TX, 75104","-96.919997559959,32.617520593163","636473735","R"
"438","150 HACKBERRY RD, COPPELL, TX, 75019","No_Match"
"439","2620 N JOSEY LN, CARROLLTON, TX, 75007","Match","Exact","2620 N JOSEY LN, CARROLLTON, TX, 75007","-96.890626696961,32.986463740335","103274496","L"
"440","10850 HARRY HINES BLVD STE 170, DALLAS, TX, 75220","Match","Exact","10850 HARRY HINES BLVD, DALLAS, TX, 75220","-96.884210789102,32.876401442359","102890625","R"
"441","333 S SAINT AUGUSTINE DR STE 129, DALLAS, TX, 75217","Match","Exact","333 S SAINT AUGUSTINE DR, DALLAS, TX, 75217","-96.657106795006,32.707796466042","102962598","R"
"442","1417 N DUNCANVILLE RD, DUNCANVILLE, TX, 75116","Match","Exact","1417 N DUNCANVILLE RD, DUNCANVILLE, TX, 75116","-96.908699835195,32.675553684693","640542784","R"
"443","2617 FREEWOOD DR, DALLAS, TX, 75220","Match","Exact","2617 FREEWOOD DR, DALLAS, TX, 75220","-96.889183542316,32.87055990429","103205194","L"
"444","901 SW 3RD ST, GRAND PRAIRIE, TX, 75051","Match","Exact","901 SW 3RD ST, GRAND PRAIRIE, TX, 75051","-97.005771811797,32.735195984513","102936209","L"
"445","103 W OHIO AVE, DALLAS, TX, 75224","Match","Exact","103 W OHIO AVE, DALLAS, TX, 75224","-96.822984178326,32.719543676472","102947104","R"
"446","13612 MIDWAY RD # 333-1, FARMERS BRANCH, TX, 75244","Match","Non_Exact","13612 MIDWAY RD, FARMERS BRANCH, TX, 75244","-96.838864833423,32.93336216999","103273044","R"
"447","3106 DAWES DR, DALLAS, TX, 75211","Match","Exact","3106 DAWES DR, DALLAS, TX, 75211","-96.872123214111,32.727088387117","102940682","L"
"448","8140 N MACARTHUR BLVD STE 110, IRVING, TX, 75063","Match","Exact","8140 N MACARTHUR BLVD, IRVING, TX, 75063","-96.958397818706,32.92042439348","103271907","L"
"449","2140 W GRAUWYLER RD, IRVING, TX, 75061","Match","Exact","2140 W GRAUWYLER RD, IRVING, TX, 75061","-96.974074566825,32.828902798386","102886875","L"
"450","2315 LAKELAND DR, DALLAS, TX, 75228","No_Match"
"451","12835 PRESTON RD, DALLAS, TX, 75230","Match","Exact","12835 PRESTON RD, DALLAS, TX, 75230","-96.803628974027,32.923407985441","614290417","L"
"452","1815 W TARRANT RD STE 215, GRAND PRAIRIE, TX, 75050","Match","Exact","1815 W TARRANT RD, GRAND PRAIRIE, TX, 75050","-97.027050407644,32.757006098405","102935216","L"
"453","750 N DENTON TAP RD, COPPELL, TX, 75019","Match","Exact","750 N DENTON TAP RD, COPPELL, TX, 75019","-96.993142745462,32.987780056309","639648067","R"
"454","12925 ELAM RD STE 101, BALCH SPRINGS, TX, 75180","Match","Exact","12925 ELAM RD, BALCH SPRINGS, TX, 75180","-96.606319218558,32.719405064121","103194126","L"
"455","13340 AUDELIA RD STE 136, DALLAS, TX, 75243","Match","Exact","13340 AUDELIA RD, DALLAS, TX, 75243","-96.717928218129,32.930135511454","103272286","L"
"456","3030 S LANCASTER RD, DALLAS, TX, 75216","No_Match"
"457","3400 SAMUELL BLVD STE A, DALLAS, TX, 75223","Match","Non_Exact","3400 SAMUELL BLVD, DALLAS, TX, 75223","-96.737315332115,32.79291296206","103199750","R"
"458","1906 S DENLEY DR, DALLAS, TX, 75216","Match","Exact","1906 S DENLEY DR, DALLAS, TX, 75216","-96.805511990901,32.724415811994","102949935","L"
"459","4203 DALTON DR, DALLAS, TX, 75216","Match","Exact","4203 DALTON DR, DALLAS, TX, 75216","-96.78494030714,32.702193543222","102952082","R"
"460","8701 LIBERTY GROVE RD STE 800, ROWLETT, TX, 75089","Match","Exact","8701 LIBERTY GROVE RD, ROWLETT, TX, 75089","-96.534499860265,32.937132513352","103172853","L"
"461","5374 S 2ND AVE, DALLAS, TX, 75210","Match","Exact","5374 S 2ND AVE, DALLAS, TX, 75210","-96.727871680779,32.747021109203","103195697","L"
"462","2242 WALNUT GROVE LN, GARLAND, TX, 75044","Match","Exact","2242 WALNUT GROVE LN, GARLAND, TX, 75044","-96.661915785061,32.959847035239","102971569","R"
"463","3520 W KINGSLEY RD, GARLAND, TX, 75041","Match","Exact","3520 W KINGSLEY RD, GARLAND, TX, 75041","-96.683504346278,32.878732256882","103205761","R"
"464","5321 THE STATION BLVD STE B150, SACHSE, TX, 75048","No_Match"
"465","1016 W TRINITY MILLS RD STE 128, CARROLLTON, TX, 75006","Match","Exact","1016 W TRINITY MILLS RD, CARROLLTON, TX, 75006","-96.912167577667,32.982669479174","103255378","R"
"466","2835 N HENDERSON AVE, DALLAS, TX, 75206","Match","Exact","2835 N HENDERSON AVE, DALLAS, TX, 75206","-96.783780427793,32.819355736828","102908017","L"
"467","739 N HIGHWAY 67, CEDAR HILL, TX, 75104","Match","Exact","739 N HWY 67, CEDAR HILL, TX, 75104","-96.934889720501,32.601421451629","103186889","L"
"468","9461 WEBB CHAPEL RD, DALLAS, TX, 75220","No_Match"
"469","105 E SANER AVE, DALLAS, TX, 75216","Match","Exact","105 E SANER AVE, DALLAS, TX, 75216","-96.822848210702,32.713215572219","102948033","L"
"470","11617 N CENTRAL EXPY STE 135, DALLAS, TX, 75243","Match","Exact","11617 N CENTRAL EXPY, DALLAS, TX, 75243","-96.769483026758,32.904693415698","102902094","L"
"471","5750 E LOVERS LN STE A, DALLAS, TX, 75206","Match","Non_Exact","5750 E LOVERS LN, DALLAS, TX, 75206","-96.768909835058,32.850922205729","103237612","R"
"472","2620 N JOSEY LN, CARROLLTON, TX, 75007","Match","Exact","2620 N JOSEY LN, CARROLLTON, TX, 75007","-96.890626696961,32.986463740335","103274496","L"
"473","1422 W KINGSLEY RD STE 100, GARLAND, TX, 75041","Match","Exact","1422 W KINGSLEY RD, GARLAND, TX, 75041","-96.648428318639,32.878651525815","102927450","L"
"474","4946 MILITARY PKWY, DALLAS, TX, 75227","Match","Exact","4946 MILITARY PKWY, DALLAS, TX, 75227","-96.732175853145,32.783545090925","102921795","R"
"475","1010 E 8TH ST # 150, DALLAS, TX, 75203","Match","Exact","1010 E 8TH ST, DALLAS, TX, 75203","-96.808396023672,32.751177885055","102948941","R"
"476","9440 MARSH LN, DALLAS, TX, 75220","No_Match"
"477","8282 SPRING VALLEY RD, DALLAS, TX, 75240","Match","Exact","8282 SPRING VALLEY RD, DALLAS, TX, 75240","-96.761664327706,32.939794611079","102913130","R"
"478","315 S HAMPTON RD, DALLAS, TX, 75208","No_Match"
"479","9009 BRUTON RD, DALLAS, TX, 75217","Match","Exact","9009 BRUTON RD, DALLAS, TX, 75217","-96.66471695783,32.748818203246","103225475","L"
"480","10222 N STEMMONS FWY, DALLAS, TX, 75220","No_Match"
"481","4218 W LOVERS LN, DALLAS, TX, 75209","Match","Exact","4218 W LOVERS LN, DALLAS, TX, 75209","-96.838229194859,32.851105400586","103203465","R"
"482","677 W CAMPBELL RD STE 100, RICHARDSON, TX, 75080","Match","Exact","677 W CAMPBELL RD, RICHARDSON, TX, 75080","-96.741812693048,32.978025277693","103212838","L"
"483","3733 N TOWN EAST BLVD, MESQUITE, TX, 75150","Match","Exact","3733 N TOWN EAST BLVD, MESQUITE, TX, 75150","-96.651884796838,32.797215995848","103268043","R"
"484","16210 MIDWAY RD, ADDISON, TX, 75001","Match","Exact","16210 MIDWAY RD, ADDISON, TX, 75001","-96.842828021112,32.979755454882","103274222","L"
"485","3505 N BELT LINE RD, IRVING, TX, 75062","Match","Exact","3505 N BELT LINE RD, IRVING, TX, 75062","-96.992210659243,32.853876951235","653854347","L"
"486","836 OVER RIDGE DR, GRAND PRAIRIE, TX, 75052","Match","Exact","836 OVER RIDGE DR, GRAND PRAIRIE, TX, 75052","-97.016732117518,32.690947918032","102984497","L"
"487","201 S ROGERS RD, IRVING, TX, 75060","Match","Exact","201 S ROGERS RD, IRVING, TX, 75060","-96.963534662949,32.814102259971","102892396","R"
"488","2548 DICKERSON PKWY STE 112, CARROLLTON, TX, 75006","Match","Exact","2548 DICKERSON PKWY, CARROLLTON, TX, 75006","-96.920728682143,32.980483723164","103212422","R"
"489","1821 S SAINT AUGUSTINE DR, DALLAS, TX, 75217","Match","Exact","1821 S SAINT AUGUSTINE DR, DALLAS, TX, 75217","-96.657281812403,32.680718125867","102962886","R"
"490","2420 N FITZHUGH AVE, DALLAS, TX, 75204","Match","Exact","2420 N FITZHUGH AVE, DALLAS, TX, 75204","-96.782356259589,32.811489840082","102910512","R"
"491","8707 E R L THORNTON FWY, DALLAS, TX, 75228","No_Match"
"492","515 W CAMPBELL RD STE 101, RICHARDSON, TX, 75080","Match","Exact","515 W CAMPBELL RD, RICHARDSON, TX, 75080","-96.736547559317,32.976016128393","103212842","L"
"493","3500 LAKEVIEW PKWY STE 100, ROWLETT, TX, 75088","Match","Exact","3500 LAKEVIEW PKWY, ROWLETT, TX, 75088","-96.569186279872,32.907419933131","103245210","R"
"494","2809 MOTLEY DR, MESQUITE, TX, 75150","Match","Exact","2809 MOTLEY DR, MESQUITE, TX, 75150","-96.646062514748,32.80228534882","103200091","L"
"495","12835 PRESTON RD STE 302, DALLAS, TX, 75230","Match","Exact","12835 PRESTON RD, DALLAS, TX, 75230","-96.803628974027,32.923407985441","614290417","L"
"496","8351 CLARK RD STE 103 104, DALLAS, TX, 75236","No_Match"
"497","120 S DENTON TAP RD, COPPELL, TX, 75019","Match","Exact","120 S DENTON TAP RD, COPPELL, TX, 75019","-96.993633598665,32.968642504873","653240533","L"
"498","11709 SEAGOVILLE RD, BALCH SPRINGS, TX, 75180","Match","Exact","11709 SEAGOVILLE RD, BALCH SPRINGS, TX, 75180","-96.626452432501,32.705013110291","647943448","L"
"499","14851 INWOOD RD, ADDISON, TX, 75001","Match","Exact","14851 INWOOD RD, ADDISON, TX, 75001","-96.829275222647,32.949974109864","103209537","L"
"1701","7726 FOREST LN, DALLAS, TX, 75230","No_Match"
"1700","2919 E ILLINOIS AVE, DALLAS, TX, 75216","No_Match"
"1709","2304 W MOCKINGBIRD LN, DALLAS, TX, 75235","Match","Exact","2304 W MOCKINGBIRD LN, DALLAS, TX, 75235","-96.847334489072,32.825632053685","102903230","R"
"1708","2815 N MACARTHUR BLVD, IRVING, TX, 75062","Match","Exact","2815 N MACARTHUR BLVD, IRVING, TX, 75062","-96.959147619024,32.844452487165","102891100","L"
"1707","2203 LAGOW ST, DALLAS, TX, 75210","Match","Exact","2203 LAGOW ST, DALLAS, TX, 75210","-96.75061469454,32.775275237454","102921039","R"
"1706","909 DAVIS DR STE A, MESQUITE, TX, 75149","Match","Non_Exact","909 E DAVIS ST, MESQUITE, TX, 75149","-96.588032956069,32.765516437335","102963957","L"
"1705","677 W CAMPBELL RD STE 100, RICHARDSON, TX, 75080","Match","Exact","677 W CAMPBELL RD, RICHARDSON, TX, 75080","-96.741812693048,32.978025277693","103212838","L"
"1704","1428 N IRVING HEIGHTS DR, IRVING, TX, 75061","Match","Exact","1428 N IRVING HEIGHTS DR, IRVING, TX, 75061","-96.926009254706,32.829037932258","102892243","R"
"1703","10560 WALNUT ST STE 500, DALLAS, TX, 75243","Match","Exact","10560 WALNUT ST, DALLAS, TX, 75243","-96.701475756746,32.916507562239","103208702","L"
"1702","4062 LYNDON B JOHNSON FWY, DALLAS, TX, 75244","Match","Exact","4062 LYNDON B JOHNSON FWY, DALLAS, TX, 75244","-96.845583947342,32.922233130345","103247148","L"
"1712","409 W 8TH ST, DALLAS, TX, 75208","Match","Exact","409 W 8TH ST, DALLAS, TX, 75208","-96.828518740543,32.748125560746","102946230","R"
"1711","3305 W ROCHELLE RD, IRVING, TX, 75062","Match","Exact","3305 W ROCHELLE RD, IRVING, TX, 75062","-96.990862485276,32.847174587998","102988578","R"
"1710","7002 HARRY HINES BLVD, DALLAS, TX, 75235","Match","Exact","7002 HARRY HINES BLVD, DALLAS, TX, 75235","-96.854926628173,32.826247237986","102903167","R"
"1719","1325 E BELT LINE RD, RICHARDSON, TX, 75081","Match","Exact","1325 E BELT LINE RD, RICHARDSON, TX, 75081","-96.695826786764,32.945464447374","103252157","L"
"1718","5000 BELT LINE RD STE 400, DALLAS, TX, 75254","Match","Exact","5000 BELT LINE RD, DALLAS, TX, 75254","-96.824441974004,32.953959940794","103253343","R"
"1717","3510 S BUCKNER BLVD STE A, DALLAS, TX, 75227","Match","Non_Exact","3510 BUCKNER BLVD, DALLAS, TX, 75227","-96.682622367656,32.766916894146","102957982","R"
"1716","5706 E MOCKINGBIRD LN STE 130, DALLAS, TX, 75206","Match","Non_Exact","5706 MOCKINGBIRD LN, DALLAS, TX, 75206","-96.769899540978,32.836453991669","103171484","R"
"1715","5235 W LOVERS LN, DALLAS, TX, 75209","No_Match"
"1714","1301 W DAVIS ST, DALLAS, TX, 75208","Match","Exact","1301 W DAVIS ST, DALLAS, TX, 75208","-96.842873090296,32.749557566198","102945811","R"
"1713","9440 GARLAND RD STE 150, DALLAS, TX, 75218","Match","Exact","9440 GARLAND RD, DALLAS, TX, 75218","-96.703209807516,32.832806853632","619144793","L"
"1723","3233 W WHEATLAND RD, DALLAS, TX, 75237","Match","Exact","3233 W WHEATLAND RD, DALLAS, TX, 75237","-96.873226610817,32.647625492978","103189454","R"
"1722","3903 LEMMON AVE, DALLAS, TX, 75219","Match","Exact","3903 LEMMON AVE, DALLAS, TX, 75219","-96.806830922612,32.812815216773","103232958","L"
"1721","1540 DANUBE DR, DALLAS, TX, 75216","Match","Exact","1540 DANUBE DR, DALLAS, TX, 75216","-96.800818820362,32.728856357956","102949834","L"
"1720","805 MILL BRANCH DR, GARLAND, TX, 75040","Match","Exact","805 MILL BRANCH DR, GARLAND, TX, 75040","-96.614547879615,32.904775449517","103173955","L"
"1729","2223 SINGLETON BLVD STE 116, DALLAS, TX, 75212","Match","Exact","2223 SINGLETON BLVD, DALLAS, TX, 75212","-96.858288215043,32.77877673268","102904446","R"
"1728","9840 MONROE DR STE 115, DALLAS, TX, 75220","Match","Exact","9840 MONROE DR, DALLAS, TX, 75220","-96.877993336322,32.875494737661","102890783","R"
"1727","9540 GARLAND RD STE 320, DALLAS, TX, 75218","Match","Exact","9540 GARLAND RD, DALLAS, TX, 75218","-96.7012353429,32.834411857007","103269054","L"
"1726","2810 E TRINITY MILLS RD STE 213, CARROLLTON, TX, 75006","Match","Non_Exact","2810 TRINITY MILLS RD, CARROLLTON, TX, 75006","-96.854402772954,32.987002204366","103212527","R"
"1725","1540 S 1ST ST, GARLAND, TX, 75040","Match","Exact","1540 S 1ST ST, GARLAND, TX, 75040","-96.630819510594,32.898685228472","103245058","R"
"1724","6448 ROYAL CEDAR DR, DALLAS, TX, 75236","Match","Exact","6448 ROYAL CEDAR DR, DALLAS, TX, 75236","-96.93426896655,32.662910692429","102981461","L"
"1734","1001 ROSS AVE STE 102, DALLAS, TX, 75202","Match","Exact","1001 ROSS AVE, DALLAS, TX, 75202","-96.804766200106,32.782382210477","647934417","L"
"1733","10720 PRESTON RD STE 1018, DALLAS, TX, 75230","Match","Exact","10720 PRESTON RD, DALLAS, TX, 75230","-96.803845948723,32.895193972207","102901429","R"
"1732","910 E PIONEER PKWY, GRAND PRAIRIE, TX, 75051","Match","Non_Exact","910 W PIONEER PKWY, GRAND PRAIRIE, TX, 75051","-97.0175239452,32.709734735894","103191706","R"
"1731","701 E IRVING BLVD, IRVING, TX, 75060","Match","Exact","701 E IRVING BLVD, IRVING, TX, 75060","-96.937600931682,32.813242433556","102893097","L"
"1730","8335 WESTCHESTER DR STE 200, DALLAS, TX, 75225","Match","Exact","8335 WESTCHESTER DR, DALLAS, TX, 75225","-96.80663430434,32.864072325806","102905915","L"
"1739","1420 W 6TH ST, IRVING, TX, 75060","Match","Exact","1420 W SIXTH ST, IRVING, TX, 75060","-96.962540601106,32.808602324471","640539784","L"
"1738","5455 N JIM MILLER RD, DALLAS, TX, 75227","Match","Exact","5455 N JIM MILLER RD, DALLAS, TX, 75227","-96.700171645871,32.790915976222","103198633","L"
"1737","5750 E LOVERS LN, DALLAS, TX, 75206","Match","Exact","5750 E LOVERS LN, DALLAS, TX, 75206","-96.768909835058,32.850922205729","103237612","R"
"1736","1232 S HAMPTON RD, DALLAS, TX, 75208","Match","Exact","1232 S HAMPTON RD, DALLAS, TX, 75208","-96.856765014919,32.732668930851","102945344","L"
"1735","610 PLYMOMOUTH PARK DR, IRVING, TX, 75061","Match","Non_Exact","610 PLYMOUTH PARK, IRVING, TX, 75061","-96.976582424945,32.830363658648","103182325","L"
"1745","1425 E BELT LINE RD, RICHARDSON, TX, 75081","Match","Exact","1425 E BELT LINE RD, RICHARDSON, TX, 75081","-96.695962181618,32.945466703961","103252157","L"
"1744","4611 COLUMBIA AVE STE 103, DALLAS, TX, 75226","Match","Exact","4611 COLUMBIA AVE, DALLAS, TX, 75226","-96.766643891447,32.792823352517","102919825","L"
"1743","2332 ROCK ISLAND RD, IRVING, TX, 75060","Match","Exact","2332 ROCK ISLAND RD, IRVING, TX, 75060","-96.975461464605,32.815253625568","102887330","L"
"1742","4349 W NORTHWEST HWY, DALLAS, TX, 75220","Match","Exact","4349 W NORTHWEST HWY, DALLAS, TX, 75220","-96.835451872706,32.863899816002","103203445","L"
"1741","2905 ARKANSAS LN STE 103, GRAND PRAIRIE, TX, 75052","No_Match"
"1740","273 HICKERSON ST, CEDAR HILL, TX, 75104","Match","Exact","273 HICKERSON ST, CEDAR HILL, TX, 75104","-96.950740176591,32.586959847884","102942509","R"
"1749","2960 ANODE LN, DALLAS, TX, 75220","Match","Exact","2960 ANODE LN, DALLAS, TX, 75220","-96.878901176412,32.876671582816","102890782","R"
"1748","3627 BONNIE VIEW RD STE B, DALLAS, TX, 75216","Match","Non_Exact","3627 BONNIE VIEW RD, DALLAS, TX, 75216","-96.776180447147,32.714883642401","102952149","R"
"1747","506 S RIVERFRONT BLVD, DALLAS, TX, 75207","No_Match"
"1746","2700 MARKET ST, IRVING, TX, 75062","No_Match"
"1756","3209 N FITZHUGH AVE, DALLAS, TX, 75204","Match","Exact","3209 N FITZHUGH AVE, DALLAS, TX, 75204","-96.792677732165,32.816556714496","102908950","L"
"1755","5757 GREENVILLE AVE, DALLAS, TX, 75206","Match","Exact","5757 GREENVILLE AVE, DALLAS, TX, 75206","-96.769198610867,32.8549023073","640544003","L"
"1754","9111 FOREST LN # A, DALLAS, TX, 75243","Match","Non_Exact","9111 FOREST LN, DALLAS, TX, 75243","-96.746467683798,32.909298531845","103244371","L"
"1753","701 COMMERCE ST # 530, DALLAS, TX, 75202","Match","Exact","701 COMMERCE ST, DALLAS, TX, 75202","-96.805815082114,32.778506964494","102910043","L"
"1752","2051 W NORTHWEST HWY STE 60, DALLAS, TX, 75220","Match","Exact","2051 W NORTHWEST HWY, DALLAS, TX, 75220","-96.907146521066,32.86701732266","103237006","L"
"1751","2800 ROUTH ST STE 180, DALLAS, TX, 75201","Match","Exact","2800 ROUTH ST, DALLAS, TX, 75201","-96.803707873623,32.798118151239","102909097","R"
"1750","1441 W MOCKINGBIRD LN, DALLAS, TX, 75247","Match","Exact","1441 W MOCKINGBIRD LN, DALLAS, TX, 75247","-96.862972317714,32.822332691821","102903038","L"
"1759","4322 LEMMON AVE, DALLAS, TX, 75219","Match","Exact","4322 LEMMON AVE, DALLAS, TX, 75219","-96.811488399779,32.817183380195","102908457","R"
"1758","9975 N MACARTHUR BLVD, IRVING, TX, 75063","Match","Exact","9975 N MACARTHUR BLVD, IRVING, TX, 75063","-96.952222115583,32.940129045238","102887750","R"
"1757","538 CENTENNIAL BLVD, RICHARDSON, TX, 75081","Match","Exact","538 CENTENNIAL BLVD, RICHARDSON, TX, 75081","-96.720598985688,32.938153874284","103251820","R"
"1770","101 S INTERSTATE 45 SERVICE RD STE 11, HUTCHINS, TX, 75141","Match","Exact","101 S INTERSTATE 45 SVC RD, HUTCHINS, TX, 75141","-96.708136556458,32.648849657838","102960182","R"
"1767","196 W DAVIS ST, DALLAS, TX, 75208","No_Match"
"1766","2705 N DALLAS AVE, LANCASTER, TX, 75134","Match","Exact","2705 N DALLAS AVE, LANCASTER, TX, 75134","-96.767611446984,32.618684679591","103188634","L"
"1765","1132 E LEDBETTER DR, DALLAS, TX, 75216","Match","Exact","1132 E LEDBETTER DR, DALLAS, TX, 75216","-96.806786813286,32.682218868867","103191267","R"
"1764","5625 ALPHA RD, DALLAS, TX, 75240","Match","Exact","5625 ALPHA RD, DALLAS, TX, 75240","-96.810791757589,32.932938641377","103209648","L"
"1763","2605 FORT WORTH AVE STE 100, DALLAS, TX, 75211","Match","Exact","2605 FORT WORTH AVE, DALLAS, TX, 75211","-96.864436211656,32.758465981375","102944568","R"
"1762","3232 SYLVAN AVE STE 110, DALLAS, TX, 75212","Match","Exact","3232 SYLVAN AVE, DALLAS, TX, 75212","-96.835727385856,32.780795197008","102905305","R"
"1761","833 W JEFFERSON BLVD, DALLAS, TX, 75208","Match","Exact","833 W JEFFERSON BLVD, DALLAS, TX, 75208","-96.836387844456,32.74320967302","102945988","R"
"1760","601 PIONEER RD STE F, MESQUITE, TX, 75149","Match","Non_Exact","601 PIONEER RD, MESQUITE, TX, 75149","-96.583666991557,32.760520588997","102964013","R"
"1769","3420 W ILLINOIS AVE STE 100A, DALLAS, TX, 75211","Match","Exact","3420 W ILLINOIS AVE, DALLAS, TX, 75211","-96.876228977157,32.720236530856","103193263","L"
"1768","1638 S 1ST ST STE B, GARLAND, TX, 75040","Match","Non_Exact","1638 S 1ST ST, GARLAND, TX, 75040","-96.630817449458,32.897640100042","103271463","R"
"1781","3128 MCKINNEY AVE STE D, DALLAS, TX, 75204","Match","Non_Exact","3128 MCKINNEY AVE, DALLAS, TX, 75204","-96.800702781777,32.802175670017","102909075","R"
"1780","1504 OLD ORCHARD DR, IRVING, TX, 75061","Match","Exact","1504 OLD ORCHARD DR, IRVING, TX, 75061","-96.927687314454,32.819030525925","102979739","L"
"1778","2984 W WHEATLAND RD STE E, DALLAS, TX, 75237","Match","Non_Exact","2984 W WHEATLAND RD, DALLAS, TX, 75237","-96.868975931949,32.647382995267","103216894","R"
"1777","4280 LAVON DR STE 242, GARLAND, TX, 75040","No_Match"
"1776","11361 MCCREE RD STE 110, DALLAS, TX, 75238","Match","Exact","11361 MCCREE RD, DALLAS, TX, 75238","-96.685498489451,32.87158738224","102917930","L"
"1775","2850 N HARWOOD ST STE 110, DALLAS, TX, 75201","Match","Exact","2850 N HARWOOD ST, DALLAS, TX, 75201","-96.808678355052,32.794431607881","102908805","R"
"1774","3200 E AIRFIELD DR SPC 109C, DFW AIRPORT, TX, 75261","No_Match"
"1773","1610 S 1ST ST, GARLAND, TX, 75040","Match","Exact","1610 S 1ST ST, GARLAND, TX, 75040","-96.630826393598,32.897904487508","103271463","R"
"1772","7730 N MACARTHUR BLVD STE A, IRVING, TX, 75063","Match","Non_Exact","7730 N MACARTHUR BLVD, IRVING, TX, 75063","-96.958499158532,32.913510793775","103246115","L"
"1771","9534 BECKLEY VIEW AVE, DALLAS, TX, 75232","Match","Exact","9534 BECKLEY VIEW AVE, DALLAS, TX, 75232","-96.832112295981,32.632261346872","655879566","L"
"1779","510 N NURSERY RD, IRVING, TX, 75061","Match","Exact","510 N NURSERY RD, IRVING, TX, 75061","-96.934229181801,32.817796427296","102892226","R"
"1792","9191 FOREST LN STE 1A, DALLAS, TX, 75243","Match","Exact","9191 FOREST LN, DALLAS, TX, 75243","-96.744150733952,32.909307531742","103244372","L"
"1791","1707 N HALL ST APT 216, DALLAS, TX, 75204","Match","Non_Exact","1707 HALL ST, DALLAS, TX, 75204","-96.789277494258,32.795469715513","102910714","L"
"1790","3200 E AIRFIELD DR SPC 2046DA01, DALLAS, TX, 75261","No_Match"
"1305","106 N DENTON TAPP RD, COPPELL, TX, 75019","Match","Non_Exact","106 N DENTON TAP RD, COPPELL, TX, 75019","-96.993516326673,32.971266481431","103274109","R"
"1789","3221 FALLS DR, DALLAS, TX, 75211","Match","Exact","3221 FALLS DR, DALLAS, TX, 75211","-96.873381479464,32.726447975883","102940693","R"
"1304","1814 N STORY RD, IRVING, TX, 75061","Match","Exact","1814 N STORY RD, IRVING, TX, 75061","-96.976325065404,32.833624678574","102886785","R"
"1788","2212 IRVING BLVD, DALLAS, TX, 75207","Match","Exact","2212 IRVING BLVD, DALLAS, TX, 75207","-96.834124908866,32.796131382862","103230593","R"
"1303","2918 S JUPITER RD, GARLAND, TX, 75041","No_Match"
"1787","3400 SAMUELL BLVD STE B, DALLAS, TX, 75223","Match","Non_Exact","3400 SAMUELL BLVD, DALLAS, TX, 75223","-96.737315332115,32.79291296206","103199750","R"
"1302","4625 FRANKFORD RD, DALLAS, TX, 75287","Match","Exact","4625 FRANKFORD RD, DALLAS, TX, 75287","-96.827314250317,32.997851935082","210478384","L"
"1786","6659 AINTREE CIR, DALLAS, TX, 75214","Match","Exact","6659 AINTREE CIR, DALLAS, TX, 75214","-96.74503047723,32.852746135088","103171483","L"
"1301","5200 GUS THOMASSON RD STE 100, MESQUITE, TX, 75150","No_Match"
"1785","2770 VALWOOD PKWY, FARMERS BRANCH, TX, 75234","Match","Exact","2770 VALWOOD PKWY, FARMERS BRANCH, TX, 75234","-96.887238240813,32.938146643934","103250751","L"
"1300","850 BELT LINE RD, GARLAND, TX, 75040","Match","Exact","850 BELT LINE RD, GARLAND, TX, 75040","-96.639434314468,32.940064359314","103210552","L"
"1784","6171 BONNIE VIEW RD, DALLAS, TX, 75241","Match","Exact","6171 BONNIE VIEW RD, DALLAS, TX, 75241","-96.762099269751,32.671252789437","103220476","L"
"1783","828 E IRVING BLVD STE 100, IRVING, TX, 75060","Match","Non_Exact","828 W IRVING BLVD, IRVING, TX, 75060","-96.955988964919,32.813297967629","102892585","L"
"1782","1205 ARKANSAS LN STE 100, GRAND PRAIRIE, TX, 75052","Match","Exact","1205 ARKANSAS LN, GRAND PRAIRIE, TX, 75052","-97.02003993496,32.705344481533","617666719","L"
"1309","1101 SOUTHRIDGE DR, LANCASTER, TX, 75146","Match","Exact","1101 SOUTHRIDGE DR, LANCASTER, TX, 75146","-96.779292520465,32.598786527445","102955178","L"
"1308","9508 WEBB CHAPEL RD, DALLAS, TX, 75220","Match","Exact","9508 WEBB CHAPEL RD, DALLAS, TX, 75220","-96.860791591615,32.863631364968","103238828","R"
"1307","145 W ANN ARBOR AVE, DALLAS, TX, 75224","Match","Exact","145 W ANN ARBOR AVE, DALLAS, TX, 75224","-96.824314926897,32.691363576422","102948461","R"
"1306","9205 SKILLMAN ST STE 123, DALLAS, TX, 75243","No_Match"
"1316","4701 N GALLOWAY AVE STE 106, MESQUITE, TX, 75150","Match","Exact","4701 N GALLOWAY AVE, MESQUITE, TX, 75150","-96.625992370913,32.826987117384","102977793","L"
"1315","6323 S R L THORNTON FWY, DALLAS, TX, 75232","Match","Exact","6323 S R L THORNTON FWY, DALLAS, TX, 75232","-96.823008982155,32.6710290234","102948597","R"
"1799","3880 IRVING MALL, IRVING, TX, 75062","Match","Exact","3880 IRVING MALL, IRVING, TX, 75062","-96.994366140852,32.840997787856","102998758","L"
"1314","2111 W NORTHWEST HWY, DALLAS, TX, 75220","No_Match"
"1798","888 S GREENVILLE AVE STE 222, RICHARDSON, TX, 75081","Match","Exact","888 S GREENVILLE AVE, RICHARDSON, TX, 75081","-96.734345079122,32.937663703155","653239252","R"
"1313","3300 KNOX ST STE 200, DALLAS, TX, 75205","Match","Exact","3300 KNOX ST, DALLAS, TX, 75205","-96.790344669721,32.823773868417","102907858","R"
"1797","12531 LAKE JUNE RD, BALCH SPRINGS, TX, 75180","Match","Exact","12531 LAKE JUNE RD, BALCH SPRINGS, TX, 75180","-96.613100786661,32.734576727387","102963812","L"
"1312","2377 STEMMONS TRL, DALLAS, TX, 75220","Match","Exact","2377 STEMMONS TRL, DALLAS, TX, 75220","-96.889410586174,32.860363149801","102977377","L"
"1796","2014 N JUPITER RD, GARLAND, TX, 75044","No_Match"
"1311","1509 PIONEER RD, MESQUITE, TX, 75149","Match","Exact","1509 PIONEER RD, MESQUITE, TX, 75149","-96.583578155229,32.747014472024","102964110","R"
"1795","607 S TYLER ST, DALLAS, TX, 75208","Match","Exact","607 S TYLER ST, DALLAS, TX, 75208","-96.837702078917,32.740120210549","102946485","R"
"1310","2800 W IRVING BLVD # E144, IRVING, TX, 75061","Match","Exact","2800 W IRVING BLVD, IRVING, TX, 75061","-96.983872872233,32.830950519828","102886654","L"
"1794","1701 SHAW ST, DALLAS, TX, 75212","Match","Exact","1701 SHAW ST, DALLAS, TX, 75212","-96.846446114755,32.78552155955","102904563","R"
"1793","2825 LIVE OAK ST, DALLAS, TX, 75204","Match","Exact","2825 LIVE OAK ST, DALLAS, TX, 75204","-96.788287361216,32.789580645354","102911302","L"
"1319","1562 E ANN ARBOR AVE, DALLAS, TX, 75216","Match","Non_Exact","1562 ANN ARBOR AVE, DALLAS, TX, 75216","-96.800309627711,32.694386980884","102951519","R"
"1318","1515 S BUCKNER BLVD, DALLAS, TX, 75217","Match","Non_Exact","1515 BUCKNER BLVD, DALLAS, TX, 75217","-96.683040444657,32.738167824631","642861678","L"
"1317","1802 SE 14TH ST, GRAND PRAIRIE, TX, 75051","Match","Exact","1802 SE 14TH ST, GRAND PRAIRIE, TX, 75051","-96.985773829002,32.720427855655","102936916","L"
"1330","2640 OLD DENTON RD STE 148, CARROLLTON, TX, 75007","Match","Exact","2640 OLD DENTON RD, CARROLLTON, TX, 75007","-96.9097220536,32.985272648791","103255502","R"
"1327","6535 DUCK CREEK DR, GARLAND, TX, 75043","No_Match"
"1326","2918 S JUPITER RD STE K-2, GARLAND, TX, 75041","No_Match"
"1325","5330 N MACARTHUR BLVD STE 112, IRVING, TX, 75038","No_Match"
"1324","3347 W WALNUT ST STE 101, GARLAND, TX, 75042","Match","Exact","3347 W WALNUT ST, GARLAND, TX, 75042","-96.679687076929,32.916774594605","103248065","R"
"1323","9220 SKILLMAN ST, DALLAS, TX, 75243","Match","Exact","9220 SKILLMAN ST, DALLAS, TX, 75243","-96.714508794008,32.902762790318","103163982","R"
"1322","3215 W DAVIS ST, DALLAS, TX, 75211","Match","Exact","3215 W DAVIS ST, DALLAS, TX, 75211","-96.872867332864,32.749611567476","103194748","R"
"1321","2063 TOWN EAST MALL STE 2228, MESQUITE, TX, 75150","Match","Non_Exact","2063 N TOWN EAST BLVD, MESQUITE, TX, 75150","-96.631423015949,32.811655283603","103268431","L"
"1320","150 N INTERSTATE 35 E, LANCASTER, TX, 75146","No_Match"
"900","1914 E BELT LINE RD STE 104, CARROLLTON, TX, 75006","Match","Exact","1914 E BELT LINE RD, CARROLLTON, TX, 75006","-96.886834202926,32.953591633274","102889070","R"
"901","104 W SHADY GROVE RD, GRAND PRAIRIE, TX, 75050","Match","Exact","104 W SHADY GROVE RD, GRAND PRAIRIE, TX, 75050","-97.004959869223,32.805146108983","102887054","L"
"902","14280 MARSH LN, ADDISON, TX, 75001","Match","Exact","14280 MARSH LN, ADDISON, TX, 75001","-96.855685547718,32.938838033549","103250433","L"
"903","2402 GUS THOMASSON RD, DALLAS, TX, 75228","Match","Exact","2402 GUS THOMASSON RD, DALLAS, TX, 75228","-96.674439463365,32.834701556625","102923552","R"
"904","1203 E RED BIRD LN, DALLAS, TX, 75241","Match","Exact","1203 E RED BIRD LN, DALLAS, TX, 75241","-96.805650630239,32.675035735515","103191305","L"
"905","323 W MARSHALL DR, GRAND PRAIRIE, TX, 75051","Match","Exact","323 W MARSHALL DR, GRAND PRAIRIE, TX, 75051","-97.007473362748,32.720334618223","102936326","L"
"1329","2925 W CAMP WISDOM RD, DALLAS, TX, 75237","Match","Exact","2925 W CAMP WISDOM RD, DALLAS, TX, 75237","-96.868320781085,32.662226079702","103219447","L"
"906","2580 WALNUT HILL LN, DALLAS, TX, 75229","Match","Exact","2580 WALNUT HILL LN, DALLAS, TX, 75229","-96.891430034052,32.880950952078","103205163","R"
"1328","3107 S COCKRELL HILL RD, DALLAS, TX, 75236","Match","Exact","3107 S COCKRELL HILL RD, DALLAS, TX, 75236","-96.891539561348,32.707772764074","103191899","R"
"907","9658 PLANO RD STE 100, DALLAS, TX, 75238","No_Match"
"908","323 N STORY RD, IRVING, TX, 75061","Match","Exact","323 N STORY RD, IRVING, TX, 75061","-96.976453444861,32.818219341902","102887309","L"
"909","3009 N BELT LINE RD, IRVING, TX, 75062","Match","Exact","3009 N BELT LINE RD, IRVING, TX, 75062","-96.992356366747,32.84764201008","102886196","L"
"1341","925 NORTHWEST HWY, GARLAND, TX, 75041","No_Match"
"1340","9625 WEBB CHAPEL RD, DALLAS, TX, 75220","No_Match"
"1338","1721 BELT LINE RD, GARLAND, TX, 75044","No_Match"
"1337","8505 LAKEVIEW PKWY STE 320, ROWLETT, TX, 75088","No_Match"
"1336","1401 TI BLVD STE H, RICHARDSON, TX, 75081","Match","Non_Exact","1401 TI BLVD, RICHARDSON, TX, 75081","-96.748290131878,32.934273156008","633712563","R"
"1335","3745 N STORY RD, IRVING, TX, 75062","Match","Exact","3745 N STORY RD, IRVING, TX, 75062","-96.975213290908,32.854849468743","102886413","L"
"1334","3101 SATURN RD, GARLAND, TX, 75041","Match","Exact","3101 SATURN RD, GARLAND, TX, 75041","-96.648211410654,32.878672756082","102927453","R"
"1333","717 S 5TH ST, GARLAND, TX, 75040","Match","Exact","717 S 5TH ST, GARLAND, TX, 75040","-96.636801991025,32.906693714699","102927773","R"
"1332","7735 GREENVILLE AVE, DALLAS, TX, 75231","Match","Exact","7735 GREENVILLE AVE, DALLAS, TX, 75231","-96.757794206851,32.887261029984","102914472","L"
"1331","3250 SAMUELL BLVD, DALLAS, TX, 75223","Match","Exact","3250 SAMUELL BLVD, DALLAS, TX, 75223","-96.739761708244,32.792919595656","102921515","R"
"910","6012 ABRAMS RD STE 100, DALLAS, TX, 75231","No_Match"
"911","420 N COIT RD STE 2023, RICHARDSON, TX, 75080","No_Match"
"912","7601 N MACARTHUR BLVD, IRVING, TX, 75063","Match","Exact","7601 N MACARTHUR BLVD, IRVING, TX, 75063","-96.95886669172,32.909571216701","103206292","R"
"913","8032 BRUTON RD, DALLAS, TX, 75227","Match","Non_Exact","8032 BRUTON RD, DALLAS, TX, 75217","-96.683971377122,32.748680637448","103195798","R"
"914","3705 N BELT LINE RD STE 1010, SUNNYVALE, TX, 75182","Match","Exact","3705 N BELT LINE RD, SUNNYVALE, TX, 75182","-96.59608808251,32.81529519901","103201323","L"
"915","9535 BRUTON RD, DALLAS, TX, 75217","No_Match"
"916","2418 S JUPITER RD, GARLAND, TX, 75041","No_Match"
"917","4070 N BELT LINE RD STE 128, IRVING, TX, 75038","Match","Exact","4070 N BELT LINE RD, IRVING, TX, 75038","-96.991665696796,32.863719903781","102980460","R"
"1339","15055 INWOOD RD, ADDISON, TX, 75001","Match","Exact","15055 INWOOD RD, ADDISON, TX, 75001","-96.830044888414,32.952189384594","103209537","L"
"918","6760 SHADYBROOK LN, DALLAS, TX, 75231","Match","Exact","6760 SHADY BROOK LN, DALLAS, TX, 75231","-96.763067163198,32.868589026393","636339288","R"
"919","2440 W ILLINOIS AVE, DALLAS, TX, 75233","Match","Exact","2440 W ILLINOIS AVE, DALLAS, TX, 75233","-96.857957400849,32.72016598101","103193435","L"
"1352","324 E BELT LINE RD, DESOTO, TX, 75115","Match","Exact","324 E BELT LINE RD, DESOTO, TX, 75115","-96.852030260749,32.589669263926","102953853","R"
"1351","9901 ROYAL LN STE 108, DALLAS, TX, 75231","Match","Non_Exact","9901 ROYAL LN, DALLAS, TX, 75238","-96.716971794906,32.894615476717","103207069","L"
"1350","621 UPTOWN BLVD, CEDAR HILL, TX, 75104","Match","Exact","621 UPTOWN BLVD, CEDAR HILL, TX, 75104","-96.946774773964,32.59473763303","627902588","L"
"1349","920 S HARWOOD ST STE 131, DALLAS, TX, 75201","Match","Exact","920 S HARWOOD ST, DALLAS, TX, 75201","-96.790653625129,32.777416132378","102911681","L"
"1348","1517 MAIN ST, DALLAS, TX, 75201","Match","Exact","1517 MAIN ST, DALLAS, TX, 75201","-96.799298248491,32.780670111942","102909984","L"
"1347","540 CENTENNIAL BLVD, RICHARDSON, TX, 75081","Match","Exact","540 CENTENNIAL BLVD, RICHARDSON, TX, 75081","-96.720536591045,32.938153367008","103251820","R"
"1346","110 W AIRPORT FWY, IRVING, TX, 75062","Match","Exact","110 W AIRPORT FWY, IRVING, TX, 75062","-96.944625838159,32.836691425315","102891954","L"
"1345","5710 BROADWAY BLVD, GARLAND, TX, 75043","Match","Exact","5710 BROADWAY BLVD, GARLAND, TX, 75043","-96.595460715075,32.846076997341","103269156","L"
"1344","6866 SHADYBROOK LN, DALLAS, TX, 75231","Match","Exact","6866 SHADY BROOK LN, DALLAS, TX, 75231","-96.762697544201,32.870434227002","610050362","R"
"1343","900 N POLK ST STE 120, DESOTO, TX, 75115","Match","Exact","900 N POLK ST, DESOTO, TX, 75115","-96.839919595382,32.610426432479","103187268","L"
"920","2431 W WALNUT ST STE 100, GARLAND, TX, 75042","Match","Exact","2431 W WALNUT ST, GARLAND, TX, 75042","-96.664409403765,32.91641950744","103208762","R"
"1342","4215 S CARRIER PKWY, GRAND PRAIRIE, TX, 75052","No_Match"
"921","3310 LAVON DR, GARLAND, TX, 75040","No_Match"
"922","3845 N GARLAND AVE STE 100, GARLAND, TX, 75040","Match","Exact","3845 N GARLAND AVE, GARLAND, TX, 75040","-96.653996355234,32.951706946291","634282502","L"
"923","11632 LANEWOOD CIR, DALLAS, TX, 75218","Match","Exact","11632 LANEWOOD CIR, DALLAS, TX, 75218","-96.680287320607,32.857511535516","102922983","R"
"924","1144 N PLANO RD STE 107, RICHARDSON, TX, 75081","Match","Exact","1144 N PLANO RD, RICHARDSON, TX, 75081","-96.699737297573,32.961741602822","103254380","L"
"925","11200 HARRY HINES BLVD, DALLAS, TX, 75229","Match","Exact","11200 HARRY HINES BLVD, DALLAS, TX, 75229","-96.888665241299,32.889168715938","103240626","R"
"926","208 W 8TH ST, DALLAS, TX, 75208","Match","Exact","208 W 8TH ST, DALLAS, TX, 75208","-96.824865215761,32.747957974331","102946254","L"
"927","970 N COIT RD STE 3025, RICHARDSON, TX, 75080","Match","Exact","970 N COIT RD, RICHARDSON, TX, 75080","-96.768738684989,32.961621100511","103254090","R"
"928","3314 ROSS AVE STE 100, DALLAS, TX, 75204","Match","Exact","3314 ROSS AVE, DALLAS, TX, 75204","-96.78897709186,32.79547741742","102910723","R"
"929","1601 BRYAN ST STE 100, DALLAS, TX, 75201","Match","Exact","1601 BRYAN ST, DALLAS, TX, 75201","-96.799050069863,32.782692282236","102909978","L"
"1363","4201 TRAVIS ST, DALLAS, TX, 75205","No_Match"
"1362","2717 E BELT LINE RD STE 105, CARROLLTON, TX, 75006","Match","Non_Exact","2717 BELT LINE RD, CARROLLTON, TX, 75006","-96.859781662918,32.953338653597","103253145","L"
"1361","1450 W PLEASANT RUN RD STE 108, LANCASTER, TX, 75146","Match","Exact","1450 W PLEASANT RUN RD, LANCASTER, TX, 75146","-96.783624019243,32.604286265283","103215461","L"
"1360","1264 W SPRING VALLEY RD, RICHARDSON, TX, 75080","Match","Non_Exact","1264 SPRING VALLEY RD, RICHARDSON, TX, 75080","-96.762257844647,32.939897989559","103251999","R"
"1359","7303 JOHN W CARPENTER FWY, DALLAS, TX, 75247","Match","Exact","7303 JOHN W CARPENTER FWY, DALLAS, TX, 75247","-96.870692322393,32.816860308362","102895235","L"
"1358","4122 LYNDON B JOHNSON FWY, DALLAS, TX, 75244","No_Match"
"1357","3511 OAK LAWN AVE, DALLAS, TX, 75219","Match","Exact","3511 OAK LAWN AVE, DALLAS, TX, 75219","-96.80465043292,32.81284133035","103232957","L"
"1356","2602 MAYFIELD RD, GRAND PRAIRIE, TX, 75052","Match","Exact","2602 MAYFIELD RD, GRAND PRAIRIE, TX, 75052","-97.044236726186,32.691441459927","655887878","R"
"1355","520 N JUPITER RD STE A, GARLAND, TX, 75042","No_Match"
"930","3200 S LANCASTER RD STE 528, DALLAS, TX, 75216","Match","Exact","3200 S LANCASTER RD, DALLAS, TX, 75216","-96.801775218258,32.70844008509","623585687","L"
"1354","4724 GREENVILLE AVE STE B, DALLAS, TX, 75206","Match","Non_Exact","4724 GREENVILLE AVE, DALLAS, TX, 75206","-96.769926780345,32.844927277741","103235474","L"
"931","333 S SAINT AUGUSTINE DR, DALLAS, TX, 75217","Match","Exact","333 S SAINT AUGUSTINE DR, DALLAS, TX, 75217","-96.657106795006,32.707796466042","102962598","R"
"1353","14280 MARSH LN, ADDISON, TX, 75001","Match","Exact","14280 MARSH LN, ADDISON, TX, 75001","-96.855685547718,32.938838033549","103250433","L"
"932","8202 SPRING VALLEY RD STE 300, DALLAS, TX, 75240","Match","Exact","8202 SPRING VALLEY RD, DALLAS, TX, 75240","-96.763856133486,32.939774927147","102913130","R"
"933","13325 BEE ST APT 402, FARMERS BRANCH, TX, 75234","Match","Exact","13325 BEE ST, FARMERS BRANCH, TX, 75234","-96.896083075017,32.925479799754","102889363","L"
"934","1639 S BUCKNER BLVD, DALLAS, TX, 75217","Match","Non_Exact","1639 BUCKNER BLVD, DALLAS, TX, 75217","-96.683041428861,32.740362487008","642861678","L"
"935","10788 HARRY HINES BLVD STE B-21, DALLAS, TX, 75220","Match","Exact","10788 HARRY HINES BLVD, DALLAS, TX, 75220","-96.883525911942,32.873676154165","102890639","R"
"936","727 ORIOLE BLVD, DUNCANVILLE, TX, 75116","Match","Exact","727 ORIOLE BLVD, DUNCANVILLE, TX, 75116","-96.900976911416,32.661160802334","103177815","L"
"937","2501 S CARRIER PKWY, GRAND PRAIRIE, TX, 75052","No_Match"
"938","7150 CHAUCER PL STE 108, DALLAS, TX, 75237","Match","Exact","7150 CHAUCER PL, DALLAS, TX, 75237","-96.867815601763,32.661497188212","102952641","L"
"939","2315 TRELLIS PL, RICHARDSON, TX, 75081","Match","Exact","2315 TRELLIS PL, RICHARDSON, TX, 75081","-96.683202720053,32.942985522739","102989035","L"
"1374","3550 LYNDON B JOHNSON FWY, IRVING, TX, 75063","No_Match"
"1373","1807 N GALLOWAY AVE, MESQUITE, TX, 75149","Match","Exact","1807 N GALLOWAY AVE, MESQUITE, TX, 75149","-96.606184233552,32.786817137939","102933739","L"
"1372","9645 VISTA OAKS DR, DALLAS, TX, 75243","Match","Exact","9645 VISTA OAKS DR, DALLAS, TX, 75243","-96.7334842887,32.895626740722","102914811","L"
"1371","112 N COLLETT AVE STE 132, DALLAS, TX, 75214","Match","Exact","112 N COLLETT AVE, DALLAS, TX, 75214","-96.762034429646,32.796746035784","102919836","R"
"1370","2515 W JEFFERSON BLVD STE 300, DALLAS, TX, 75211","Match","Exact","2515 W JEFFERSON BLVD, DALLAS, TX, 75211","-96.859119786023,32.748204638179","102944742","R"
"1369","9450 SKILLMAN ST STE 106, DALLAS, TX, 75243","Match","Exact","9450 SKILLMAN ST, DALLAS, TX, 75243","-96.71166377891,32.905265812702","102917170","R"
"1368","1800 VALLEY VIEW LN STE 158, IRVING, TX, 75061","Match","Exact","1800 VALLEY VIEW LN, IRVING, TX, 75061","-97.023179612693,32.831630311876","103201399","R"
"1367","1802 S DENLEY DR, DALLAS, TX, 75216","Match","Exact","1802 S DENLEY DR, DALLAS, TX, 75216","-96.805482832895,32.725575051502","102949933","L"
"940","5335 BROADWAY BLVD STE 210, GARLAND, TX, 75043","Match","Exact","5335 BROADWAY BLVD, GARLAND, TX, 75043","-96.598307036705,32.85046570245","102932867","R"
"1366","1501 BUCKINGHAM RD, RICHARDSON, TX, 75081","No_Match"
"941","1519 MLK JR BLVD, DALLAS, TX, 75215","Match","Exact","1519 MARTIN LUTHER KING JR BLVD, DALLAS, TX, 75215","-96.778886327293,32.760273330408","102950443","L"
"1365","1737 GREENVILLE AVE, DALLAS, TX, 75206","Match","Exact","1737 GREENVILLE AVE, DALLAS, TX, 75206","-96.770260726147,32.811539871255","102911002","L"
"942","601 S PLANO RD, RICHARDSON, TX, 75081","Match","Exact","601 S PLANO RD, RICHARDSON, TX, 75081","-96.699785486374,32.940898679793","103252406","L"
"1364","4550 W BUCKINGHAM RD, GARLAND, TX, 75042","Match","Exact","4550 W BUCKINGHAM RD, GARLAND, TX, 75042","-96.701686107563,32.931179589724","102915924","L"
"943","2854 W DAVIS ST, DALLAS, TX, 75211","Match","Exact","2854 W DAVIS ST, DALLAS, TX, 75211","-96.868226501913,32.749470643769","102944623","L"
"944","1210 S HAMPTON RD, DALLAS, TX, 75208","Match","Exact","1210 S HAMPTON RD, DALLAS, TX, 75208","-96.85674127844,32.732855431686","102945344","L"
"945","6411 GREAT TRINITY FOREST WAY, DALLAS, TX, 75217","No_Match"
"946","10942 ELAM RD, BALCH SPRINGS, TX, 75180","Match","Exact","10942 ELAM RD, BALCH SPRINGS, TX, 75180","-96.63784458203,32.719292971755","619745887","L"
"947","3007 S CARRIER PKWY STE 205, GRAND PRAIRIE, TX, 75052","Match","Exact","3007 S CARRIER PKWY, GRAND PRAIRIE, TX, 75052","-97.0153512279,32.701489700757","103265229","L"
"948","3310 ELSIE FAYE HEGGINS ST, DALLAS, TX, 75215","Match","Exact","3310 ELSIE FAYE HEGGINS ST, DALLAS, TX, 75215","-96.74747966473,32.760388243354","102955908","R"
"949","6464 E NORTHWEST HWY STE 335, DALLAS, TX, 75214","Match","Exact","6464 E NORTHWEST HWY, DALLAS, TX, 75214","-96.750513202931,32.8570767754","103269903","L"
"1385","259 E GRAUWYLER RD # 170, IRVING, TX, 75061","Match","Exact","259 E GRAUWYLER RD, IRVING, TX, 75061","-96.942937585033,32.829445832697","649817499","L"
"1384","937 BARNES BRIDGE RD, MESQUITE, TX, 75150","No_Match"
"1383","1801 MARKETPLACE DR, GARLAND, TX, 75041","Match","Exact","1801 MARKETPLACE DR, GARLAND, TX, 75041","-96.653481320358,32.862553384524","103238081","R"
"1382","712 S WALTON WALKER BLVD, DALLAS, TX, 75211","Match","Non_Exact","712 N WALTON WALKER BLVD, DALLAS, TX, 75211","-96.920244386608,32.750682145297","102995580","L"
"1381","3699 MCKINNEY AVE STE 318, DALLAS, TX, 75204","Match","Exact","3699 MCKINNEY AVE, DALLAS, TX, 75204","-96.79639630436,32.808387450624","102909004","L"
"1380","1840 S 1ST ST, GARLAND, TX, 75040","No_Match"
"1379","3341 REGENT BLVD STE 140, IRVING, TX, 75063","No_Match"
"950","8003 FERGUSON RD, DALLAS, TX, 75228","Match","Exact","8003 FERGUSON RD, DALLAS, TX, 75228","-96.711910914571,32.803631365677","102923805","L"
"1378","1221 N HAMPTON RD, DALLAS, TX, 75208","Match","Exact","1221 N HAMPTON RD, DALLAS, TX, 75208","-96.856806022121,32.760597846733","103266717","L"
"951","1463 W PLEASANT RUN RD, LANCASTER, TX, 75146","Match","Exact","1463 W PLEASANT RUN RD, LANCASTER, TX, 75146","-96.788605360362,32.60435741918","103187380","R"
"1377","1635 CHAMPAGNE DR, DALLAS, TX, 75224","Match","Exact","1635 CHAMPAGNE DR, DALLAS, TX, 75224","-96.847116195498,32.704377094148","102947326","R"
"952","3324 SAMUELL BLVD, DALLAS, TX, 75223","Match","Exact","3324 SAMUELL BLVD, DALLAS, TX, 75223","-96.738606790859,32.792916374079","102921515","R"
"1376","801 W PALESTINE ST STE 105, HUTCHINS, TX, 75141","Match","Non_Exact","801 E PALESTINE ST, HUTCHINS, TX, 75141","-96.708404384865,32.648903065065","102960181","L"
"953","13101 PRESTON RD STE 110534, DALLAS, TX, 75240","Match","Non_Exact","13101 PRESTON RD, DALLAS, TX, 75240","-96.803628682361,32.926680968893","103208298","L"
"1375","201 E BELT LINE RD STE 101, DESOTO, TX, 75115","Match","Exact","201 E BELT LINE RD, DESOTO, TX, 75115","-96.85578738439,32.589771944696","102953809","L"
"954","1544 EDISON ST, DALLAS, TX, 75207","Match","Exact","1544 EDISON ST, DALLAS, TX, 75207","-96.817129222661,32.793348250652","102909284","R"
"955","3921 MARTIN LUTHER KING JR BLVD, DALLAS, TX, 75210","Match","Exact","3921 MARTIN LUTHER KING JR BLVD, DALLAS, TX, 75210","-96.759318288871,32.777409323869","103230086","L"
"956","5926 ALPHA RD, DALLAS, TX, 75240","Match","Exact","5926 ALPHA RD, DALLAS, TX, 75240","-96.803069924488,32.933012952129","102900203","R"
"957","1549 E BELT LINE RD, RICHARDSON, TX, 75081","Match","Exact","1549 E BELT LINE RD, RICHARDSON, TX, 75081","-96.696787436925,32.945474029566","103252156","R"
"958","513 W JEFFERSON ST STE 150, GRAND PRAIRIE, TX, 75051","Match","Exact","513 W JEFFERSON ST, GRAND PRAIRIE, TX, 75051","-97.008891338042,32.743784925066","103224110","L"
"959","700 CUSTER RD, RICHARDSON, TX, 75080","Match","Exact","700 CUSTER RD, RICHARDSON, TX, 75080","-96.735128250703,32.957510965905","102913578","R"
"1396","2333 HARDWICK ST, DALLAS, TX, 75208","Match","Exact","2333 HARDWICK ST, DALLAS, TX, 75208","-96.826730307792,32.771672415513","102905735","L"
"1395","2006 W BUCKINGHAM RD, GARLAND, TX, 75042","Match","Exact","2006 W BUCKINGHAM RD, GARLAND, TX, 75042","-96.657353579374,32.930471568054","103210502","L"
"1394","3600 W PIONEER DR STE 140, IRVING, TX, 75061","Match","Exact","3600 W PIONEER DR, IRVING, TX, 75061","-96.997590907168,32.828746339604","102978425","L"
"1393","4306 N CENTRAL EXPY, DALLAS, TX, 75206","Match","Exact","4306 N CENTRAL EXPY, DALLAS, TX, 75206","-96.787882883004,32.817654134204","638423052","R"
"1392","4847 SCYENE RD STE B, DALLAS, TX, 75210","No_Match"
"1391","4020 W CAMP WISDOM RD, DALLAS, TX, 75237","Match","Exact","4020 W CAMP WISDOM RD, DALLAS, TX, 75237","-96.884495254758,32.661895129927","639255184","L"
"1390","712 S WALTON WALKER BLVD # 11H, DALLAS, TX, 75211","Match","Non_Exact","712 N WALTON WALKER BLVD, DALLAS, TX, 75211","-96.920244386608,32.750682145297","102995580","L"
"960","437 W PIONEER PKWY, GRAND PRAIRIE, TX, 75051","No_Match"
"961","1501 SMALL ST, GRAND PRAIRIE, TX, 75050","Match","Exact","1501 SMALL ST, GRAND PRAIRIE, TX, 75050","-96.985899805724,32.748650981118","647929071","R"
"1389","2419 W KIEST BLVD, DALLAS, TX, 75233","Match","Exact","2419 W KIEST BLVD, DALLAS, TX, 75233","-96.857467148832,32.705866008602","103192031","R"
"962","7331 GASTON AVE # 130, DALLAS, TX, 75214","Match","Exact","7331 GASTON AVE, DALLAS, TX, 75214","-96.729820958564,32.811285037294","103200893","L"
"1388","4818 S 2ND AVE, DALLAS, TX, 75210","No_Match"
"963","1546 ROWLETT RD STE 107, GARLAND, TX, 75043","No_Match"
"1387","9500 N CENTRAL EXPY STE 200, DALLAS, TX, 75231","Match","Exact","9500 N CENTRAL EXPY, DALLAS, TX, 75231","-96.769598005766,32.878179293202","103241002","R"
"964","911 E DAVIS ST STE A, MESQUITE, TX, 75149","Match","Non_Exact","911 E DAVIS ST, MESQUITE, TX, 75149","-96.588007224246,32.765511473835","102963957","L"
"1386","3604 BLOCK DR APT 104, IRVING, TX, 75038","Match","Exact","3604 BLOCK DR, IRVING, TX, 75038","-97.01094912063,32.860211528363","102993994","L"
"965","9531 C F HAWN FWY, DALLAS, TX, 75217","Match","Exact","9531 C F HAWN FWY, DALLAS, TX, 75217","-96.658320087087,32.70213288435","102962669","R"
"966","3212 N JUPITER RD STE 100, GARLAND, TX, 75044","Match","Exact","3212 N JUPITER RD, GARLAND, TX, 75044","-96.682596194558,32.947134717315","103273447","L"
"967","1380 W CAMPBELL RD, RICHARDSON, TX, 75080","Match","Exact","1380 W CAMPBELL RD, RICHARDSON, TX, 75080","-96.765639919553,32.97836804532","103255941","R"
"968","7508 AMBASSADOR ROW STE 110, DALLAS, TX, 75247","Match","Exact","7508 AMBASSADOR ROW, DALLAS, TX, 75247","-96.874258424146,32.816262689951","102968464","R"
"969","5211 GUS THOMASSON RD, MESQUITE, TX, 75150","Match","Exact","5211 GUS THOMASSON RD, MESQUITE, TX, 75150","-96.658135818706,32.833510331182","650491927","L"
"970","2017 W DAVIS ST, DALLAS, TX, 75208","Match","Exact","2017 W DAVIS ST, DALLAS, TX, 75208","-96.851650992912,32.749615325945","102944906","R"
"971","2683 CEDAR CREST BLVD, DALLAS, TX, 75203","Match","Exact","2683 CEDAR CREST BLVD, DALLAS, TX, 75203","-96.789547765341,32.739234037618","103195541","L"
"972","1313 N JIM MILLER RD, DALLAS, TX, 75217","Match","Exact","1313 N JIM MILLER RD, DALLAS, TX, 75217","-96.700332432358,32.735501614927","103225341","L"
"973","2120 IRVING BLVD, DALLAS, TX, 75207","Match","Exact","2120 IRVING BLVD, DALLAS, TX, 75207","-96.831054460229,32.795647250443","103230590","R"
"1399","511 N AKARD ST STE 101, DALLAS, TX, 75201","Match","Exact","511 N AKARD ST, DALLAS, TX, 75201","-96.800555656786,32.783784738082","102909837","L"
"974","6501 HILLCREST AVE, DALLAS, TX, 75205","Match","Exact","6501 HILLCREST AVE, DALLAS, TX, 75205","-96.787090572635,32.845309044897","102907323","L"
"1398","145 S MASTERS DR, DALLAS, TX, 75217","Match","Exact","145 S MASTERS DR, DALLAS, TX, 75217","-96.648662068012,32.711292782575","103221727","L"
"975","8160 WALNUT HILL LN STE PEROT, DALLAS, TX, 75231","Match","Non_Exact","8160 WALNUT HILL LN, DALLAS, TX, 75231","-96.764425450776,32.882735780208","103205579","R"
"1397","8701 CYPRESS WATERS BLVD STE 110, IRVING, TX, 75063","Match","Exact","8701 CYPRESS WATERS BLVD, IRVING, TX, 75063","-96.990892810135,32.924734577559","643191295","L"
"976","521 W DAVIS ST, DALLAS, TX, 75208","Match","Exact","521 W DAVIS ST, DALLAS, TX, 75208","-96.830627695613,32.749503565683","640543877","R"
"977","2222 MCKINNEY AVE STE 230, DALLAS, TX, 75201","Match","Exact","2222 MCKINNEY AVE, DALLAS, TX, 75201","-96.802714682322,32.793119964126","102909146","R"
"978","5634 HIGHWAY 78 STE 114, SACHSE, TX, 75048","Match","Exact","5634 STATE HWY 78, SACHSE, TX, 75048","-96.598093757159,32.974453614161","103257742","R"
"979","1885 ESTERS RD STE 120, IRVING, TX, 75061","Match","Exact","1885 ESTERS RD, IRVING, TX, 75061","-97.009649613437,32.832886150943","103279264","L"
"980","7932 GREAT TRINITY FOREST WAY STE 112, DALLAS, TX, 75217","No_Match"
"981","8698 SKILLMAN ST, DALLAS, TX, 75243","Match","Exact","8698 SKILLMAN ST, DALLAS, TX, 75243","-96.720564267289,32.897640380611","103271412","L"
"982","6309 HANCOCK RD, ROWLETT, TX, 75089","Match","Exact","6309 HANCOCK RD, ROWLETT, TX, 75089","-96.580342438975,32.920938659377","102980873","R"
"983","1635 MARKET PL, IRVING, TX, 75063","Match","Exact","1635 MARKET PL, IRVING, TX, 75063","-96.967857517082,32.919238398243","103005491","R"
"500","1800 N GALLOWAY AVE STE 200, MESQUITE, TX, 75149","Match","Exact","1800 N GALLOWAY AVE, MESQUITE, TX, 75149","-96.605199011017,32.786328242621","103229979","L"
"984","3701 PIONEER RD STE 101, BALCH SPRINGS, TX, 75180","Match","Exact","3701 PIONEER RD, BALCH SPRINGS, TX, 75180","-96.605614796065,32.719130694032","103224335","L"
"501","501 S ROSEMONT AVE, DALLAS, TX, 75208","Match","Exact","501 S ROSEMONT AVE, DALLAS, TX, 75208","-96.847959627515,32.741236305662","102945390","R"
"985","3578 W AIRPORT FWY, IRVING, TX, 75062","Match","Exact","3578 W AIRPORT FWY, IRVING, TX, 75062","-97.000093723281,32.836601257838","102966610","L"
"502","3202 SAMUELL BLVD, DALLAS, TX, 75223","Match","Exact","3202 SAMUELL BLVD, DALLAS, TX, 75223","-96.740510843845,32.792921685327","102921515","R"
"986","1521 N COCKRELL HILL RD, DALLAS, TX, 75211","Match","Exact","1521 N COCKRELL HILL RD, DALLAS, TX, 75211","-96.895138545193,32.7627378563","619133211","L"
"503","1005 S ZANG BLVD, DALLAS, TX, 75208","Match","Exact","1005 S ZANG BLVD, DALLAS, TX, 75208","-96.824657085576,32.736103743752","102946844","R"
"987","10045 N MACARTHUR BLVD STE 101, IRVING, TX, 75063","Match","Exact","10045 N MACARTHUR BLVD, IRVING, TX, 75063","-96.952214427152,32.940460743644","102985990","R"
"504","8698 SKILLMAN ST, DALLAS, TX, 75243","Match","Exact","8698 SKILLMAN ST, DALLAS, TX, 75243","-96.720564267289,32.897640380611","103271412","L"
"988","951 W BELT LINE RD, DESOTO, TX, 75115","Match","Exact","951 W BELT LINE RD, DESOTO, TX, 75115","-96.879022638565,32.589843598003","648843805","R"
"505","10909 WEBB CHAPEL RD STE 131, DALLAS, TX, 75229","No_Match"
"989","181 TOWN SQUARE, LANCASTER, TX, 75146","No_Match"
"506","6185 RETAIL RD STE 200, DALLAS, TX, 75231","Match","Exact","6185 RETAIL RD, DALLAS, TX, 75231","-96.753863190568,32.861785800512","652044739","L"
"507","1005 S RIVERFRONT BLVD, DALLAS, TX, 75207","No_Match"
"508","1909 SKILLMAN ST, DALLAS, TX, 75206","Match","Exact","1909 SKILLMAN ST, DALLAS, TX, 75206","-96.761905402727,32.812859846126","102919668","L"
"509","3621 N BELT LINE RD, IRVING, TX, 75062","Match","Exact","3621 N BELT LINE RD, IRVING, TX, 75062","-96.992175572923,32.855633396324","653854347","L"
"990","702 MACARTHUR BLVD, GRAND PRAIRIE, TX, 75050","Match","Exact","702 MACARTHUR BLVD, GRAND PRAIRIE, TX, 75050","-96.959898024289,32.756376225108","102938738","R"
"991","2810 N O CONNOR RD, IRVING, TX, 75062","Match","Exact","2810 N O CONNOR RD, IRVING, TX, 75062","-96.951052566276,32.844930653884","649817471","R"
"992","125 ROMA DR, GARLAND, TX, 75041","Match","Exact","125 ROMA DR, GARLAND, TX, 75041","-96.631335657232,32.885124531434","102928220","R"
"993","3500 LAKEVIEW PKWY, ROWLETT, TX, 75088","Match","Exact","3500 LAKEVIEW PKWY, ROWLETT, TX, 75088","-96.569186279872,32.907419933131","103245210","R"
"510","7517 MILITARY PKWY, DALLAS, TX, 75227","Match","Exact","7517 MILITARY PKWY, DALLAS, TX, 75227","-96.693876374097,32.771802245702","103267509","R"
"994","2745 W NORTHWEST HWY, DALLAS, TX, 75220","Match","Exact","2745 W NORTHWEST HWY, DALLAS, TX, 75220","-96.874626095677,32.858285079846","103237133","L"
"511","6402 E MOCKINGBIRD LN STE B, DALLAS, TX, 75214","No_Match"
"995","1630 E MAIN ST, GRAND PRAIRIE, TX, 75050","Match","Exact","1630 E MAIN ST, GRAND PRAIRIE, TX, 75050","-96.982790550508,32.748018519705","102936705","L"
"512","10325 LAKE JUNE RD STE 550, DALLAS, TX, 75217","Match","Exact","10325 LAKE JUNE RD, DALLAS, TX, 75217","-96.646586816656,32.734237880848","102961849","L"
"996","2727 LIVE OAK ST, DALLAS, TX, 75204","Match","Exact","2727 LIVE OAK ST, DALLAS, TX, 75204","-96.789165987978,32.788838263314","102911300","L"
"513","2917 LOMBARDY LN, DALLAS, TX, 75220","Match","Exact","2917 LOMBARDY LN, DALLAS, TX, 75220","-96.876599401261,32.866487286156","102894063","L"
"997","300 N COIT RD STE 134, RICHARDSON, TX, 75080","Match","Exact","300 N COIT RD, RICHARDSON, TX, 75080","-96.768777359585,32.954017945716","103254145","R"
"514","5727 CARUTH HAVEN LN APT 114, DALLAS, TX, 75206","Match","Exact","5727 CARUTH HAVEN LN, DALLAS, TX, 75206","-96.767523242454,32.8608988044","103203703","L"
"998","2305 NORTH CENTRAL EXPRESSWAY, DALLAS, TX, 75204","Match","Exact","2305 N CENTRAL EXPY, DALLAS, TX, 75204","-96.793546592917,32.799921779894","102910582","L"
"515","215 S CENTER ST, GRAND PRAIRIE, TX, 75051","Match","Exact","215 S CENTER ST, GRAND PRAIRIE, TX, 75051","-97.003505928425,32.743962078312","103002641","R"
"999","8451 PARK LN, DALLAS, TX, 75231","Match","Exact","8451 PARK LN, DALLAS, TX, 75231","-96.759232453804,32.871085293431","102914519","L"
"516","8702 SPRING VALLEY RD, DALLAS, TX, 75240","Match","Exact","8702 SPRING VALLEY RD, DALLAS, TX, 75240","-96.752407996669,32.939909934926","639615736","R"
"517","2200 W SHADY GROVE RD, IRVING, TX, 75060","Match","Exact","2200 W SHADY GROVE RD, IRVING, TX, 75060","-96.973986838574,32.800434745511","102887459","L"
"518","3635 GUS THOMASSON RD STE A, MESQUITE, TX, 75150","Match","Non_Exact","3635 GUS THOMASSON RD, MESQUITE, TX, 75150","-96.635488083708,32.814244770502","103233354","L"
"519","2901 N AIRFIELD DR, DALLAS, TX, 75261","No_Match"
"520","2215 OATES DR, DALLAS, TX, 75228","Match","Exact","2215 OATES DR, DALLAS, TX, 75228","-96.678374397473,32.8215476525","103201003","L"
"521","3115 BUNKER HILL RD STE 107, SACHSE, TX, 75048","No_Match"
"522","3939 S POLK ST STE 323, DALLAS, TX, 75224","Match","Exact","3939 S POLK ST, DALLAS, TX, 75224","-96.840191053084,32.695404882642","102947836","R"
"523","1710 W IRVING BLVD, IRVING, TX, 75061","Match","Exact","1710 W IRVING BLVD, IRVING, TX, 75061","-96.967087933822,32.822609909572","638400333","L"
"524","9810 WALNUT HILL LN, DALLAS, TX, 75238","Match","Exact","9810 WALNUT HILL LN, DALLAS, TX, 75238","-96.717487207005,32.878799944956","103205695","R"
"525","2114 W KINGSLEY RD, GARLAND, TX, 75041","Match","Exact","2114 W KINGSLEY RD, GARLAND, TX, 75041","-96.658428238015,32.878749272816","102927247","L"
"526","2750 E TRINITY MILLS RD, CARROLLTON, TX, 75006","Match","Non_Exact","2750 TRINITY MILLS RD, CARROLLTON, TX, 75006","-96.858415493613,32.986632823892","102895710","R"
"527","2535 NORTHEAST PARKWAY, GARLAND, TX, 75040","No_Match"
"528","3535 N BELT LINE RD, IRVING, TX, 75062","Match","Exact","3535 N BELT LINE RD, IRVING, TX, 75062","-96.992203968113,32.854331210664","653854347","L"
"529","251 E GRAUWYLER RD, IRVING, TX, 75061","Match","Exact","251 E GRAUWYLER RD, IRVING, TX, 75061","-96.9430576006,32.829444542212","649817499","L"
"530","5614 E R L THORNTON FWY, DALLAS, TX, 75223","Match","Exact","5614 E R L THORNTON FWY, DALLAS, TX, 75223","-96.743134517396,32.79128734943","649825767","R"
"531","625 W WHEATLAND RD, DUNCANVILLE, TX, 75116","Match","Exact","625 W WHEATLAND RD, DUNCANVILLE, TX, 75116","-96.922770154576,32.647543448532","103189236","R"
"532","1501 PIONEER RD, MESQUITE, TX, 75149","Match","Exact","1501 PIONEER RD, MESQUITE, TX, 75149","-96.583578496869,32.747138831911","102964110","R"
"533","11920 PRESTON RD, DALLAS, TX, 75230","Match","Exact","11920 PRESTON RD, DALLAS, TX, 75230","-96.803725671079,32.911511642081","102901329","R"
"534","7015 HOLLY HILL DR, DALLAS, TX, 75231","Match","Exact","7015 HOLLY HILL DR, DALLAS, TX, 75231","-96.761017803452,32.873951780899","611393072","L"
"535","1294 E LEDBETTER DR, DALLAS, TX, 75216","Match","Exact","1294 E LEDBETTER DR, DALLAS, TX, 75216","-96.803121660704,32.682590273204","103191277","R"
"536","39739 LYNDON B JOHNSON FWY, DALLAS, TX, 75237","No_Match"
"537","7331 GASTON AVE, DALLAS, TX, 75214","Match","Exact","7331 GASTON AVE, DALLAS, TX, 75214","-96.729820958564,32.811285037294","103200893","L"
"538","5809 E LOVERS LN, DALLAS, TX, 75206","Match","Exact","5809 E LOVERS LN, DALLAS, TX, 75206","-96.76732667921,32.851146855898","103237623","R"
"539","4115 SKILLMAN ST, DALLAS, TX, 75206","Match","Exact","4115 SKILLMAN ST, DALLAS, TX, 75206","-96.7615473895,32.835841468356","102918436","L"
"540","1229 ADMIRAL NIMITZ CIR, DALLAS, TX, 75210","No_Match"
"541","7015 TWIN HILLS AVE, DALLAS, TX, 75231","Match","Exact","7015 TWIN HILLS AVE, DALLAS, TX, 75231","-96.764703477867,32.873541748496","639486679","L"
"542","4101 HERALD DR, GARLAND, TX, 75044","Match","Exact","4101 HERALD DR, GARLAND, TX, 75044","-96.662317914505,32.954425832831","102971369","R"
"543","820 E BELT LINE RD, CEDAR HILL, TX, 75104","Match","Exact","820 E BELT LINE RD, CEDAR HILL, TX, 75104","-96.924882072306,32.589840266337","102975867","R"
"544","2819 S GARLAND AVE, GARLAND, TX, 75041","Match","Exact","2819 S GARLAND AVE, GARLAND, TX, 75041","-96.657975920963,32.882188666944","102927272","R"
"545","3620 W WALNUT ST, GARLAND, TX, 75042","Match","Exact","3620 W WALNUT ST, GARLAND, TX, 75042","-96.685091061561,32.916962952702","102917732","L"
"546","4202 S WESTMORELAND RD, DALLAS, TX, 75233","Match","Exact","4202 S WESTMORELAND RD, DALLAS, TX, 75233","-96.880055588969,32.692351363416","102941278","L"
"547","1855 S GARLAND AVE, GARLAND, TX, 75040","Match","Exact","1855 S GARLAND AVE, GARLAND, TX, 75040","-96.648889281457,32.896321836485","103169139","R"
"548","3318 E JEFFERSON ST, GRAND PRAIRIE, TX, 75051","No_Match"
"549","5002 S 2ND AVE, DALLAS, TX, 75210","No_Match"
"550","6440 E MOCKINGBIRD LN, DALLAS, TX, 75214","Match","Non_Exact","6440 MOCKINGBIRD LN, DALLAS, TX, 75214","-96.751945931383,32.836350315315","103202041","R"
"551","4334 SATURN RD, GARLAND, TX, 75041","Match","Exact","4334 SATURN RD, GARLAND, TX, 75041","-96.648286661165,32.864865745841","103239475","L"
"552","13739 N CENTRAL EXPY, DALLAS, TX, 75243","Match","Exact","13739 N CENTRAL EXPY, DALLAS, TX, 75243","-96.751862116782,32.9358439401","103251490","L"
"553","180 W SANDY LAKE RD, COPPELL, TX, 75019","Match","Exact","180 W SANDY LAKE RD, COPPELL, TX, 75019","-96.996411348255,32.969427838165","627180615","R"
"554","7828 LAKE JUNE RD, DALLAS, TX, 75217","Match","Exact","7828 LAKE JUNE RD, DALLAS, TX, 75217","-96.687832834712,32.734122264752","103225376","L"
"555","1423B N BELT LINE RD, IRVING, TX, 75061","Match","Non_Exact","1423B N BELT LINE RD, IRVING, TX, 75061","-96.993837221996,32.829686847928","103200357","L"
"556","10290 FERGUSON RD, DALLAS, TX, 75228","No_Match"
"557","5225 BELT LINE RD STE 208, DALLAS, TX, 75254","No_Match"
"558","8055 CHURCHILL WAY, DALLAS, TX, 75251","Match","Exact","8055 CHURCHILL WAY, DALLAS, TX, 75251","-96.767904692033,32.9180923578","103247663","L"
"559","1827 S HASKELL AVE, DALLAS, TX, 75223","Match","Exact","1827 S HASKELL AVE, DALLAS, TX, 75223","-96.749653225655,32.783167870696","103198514","R"
"560","3034 E ILLINOIS AVE, DALLAS, TX, 75216","Match","Exact","3034 E ILLINOIS AVE, DALLAS, TX, 75216","-96.775751271427,32.716252306703","103262566","R"
"561","4340 GUS THOMASSON RD STE D, MESQUITE, TX, 75150","Match","Non_Exact","4340 GUS THOMASSON RD, MESQUITE, TX, 75150","-96.642511751861,32.820635923981","103233666","L"
"562","3701 ESTERS RD STE 109, IRVING, TX, 75038","No_Match"
"563","3308 W KIEST BLVD, DALLAS, TX, 75233","Match","Non_Exact","3308 KIESTHILL DR, DALLAS, TX, 75233","-96.8798714506,32.704281153514","102941197","L"
"564","1139 MONTERREY TRL, MESQUITE, TX, 75149","Match","Exact","1139 MONTERREY TRL, MESQUITE, TX, 75149","-96.58429963397,32.758611553395","102964016","L"
"565","3502 S LANCASTER RD, DALLAS, TX, 75216","No_Match"
"566","1303 N DALLAS AVE, LANCASTER, TX, 75134","Match","Exact","1303 N DALLAS AVE, LANCASTER, TX, 75134","-96.758180863002,32.603940649528","652307008","L"
"567","1402 N CARROLL AVE, DALLAS, TX, 75204","Match","Exact","1402 N CARROLL AVE, DALLAS, TX, 75204","-96.777711374635,32.800435441102","102911053","R"
"568","12933 ELAM RD, BALCH SPRINGS, TX, 75180","Match","Exact","12933 ELAM RD, BALCH SPRINGS, TX, 75180","-96.606242540718,32.719404422462","103194126","L"
"569","2907 IRVING BLVD, DALLAS, TX, 75247","No_Match"
"570","4550 W BUCKINGHAM RD, GARLAND, TX, 75042","Match","Exact","4550 W BUCKINGHAM RD, GARLAND, TX, 75042","-96.701686107563,32.931179589724","102915924","L"
"571","6401 RIVERSIDE DR, IRVING, TX, 75039","Match","Exact","6401 RIVERSIDE DR, IRVING, TX, 75039","-96.938995650821,32.897191492345","648195175","L"
"572","6451 RIVERSIDE DR, IRVING, TX, 75039","Match","Exact","6451 RIVERSIDE DR, IRVING, TX, 75039","-96.939132144645,32.897511645472","648195175","L"
"573","9353 GARLAND RD, DALLAS, TX, 75218","Match","Exact","9353 GARLAND RD, DALLAS, TX, 75218","-96.704186203257,32.832327478357","103175372","L"
"574","4735 S LANCASTER RD, DALLAS, TX, 75216","Match","Exact","4735 S LANCASTER RD, DALLAS, TX, 75216","-96.792094336436,32.691262769637","102952070","R"
"575","5433 BOTHAM JEAN BLVD, DALLAS, TX, 75215","No_Match"
"576","4104 GASTON AVE, DALLAS, TX, 75246","Match","Exact","4104 GASTON AVE, DALLAS, TX, 75246","-96.776747585998,32.793941448754","102911115","R"
"577","2543 N FITZHUGH AVE, DALLAS, TX, 75204","Match","Exact","2543 N FITZHUGH AVE, DALLAS, TX, 75204","-96.783513879759,32.812338758303","102910509","L"
"578","9632 OVERLAKE DR, DALLAS, TX, 75220","Match","Exact","9632 OVERLAKE DR, DALLAS, TX, 75220","-96.870421601864,32.857705857617","103203339","L"
"579","3035 N BUCKNER BLVD, DALLAS, TX, 75228","Match","Non_Exact","3035 BUCKNER BLVD, DALLAS, TX, 75228","-96.683472004379,32.808613281666","103199870","R"
"580","3612 N BELT LINE RD, IRVING, TX, 75062","Match","Exact","3612 N BELT LINE RD, IRVING, TX, 75062","-96.992044755914,32.855388992699","653854347","R"
"581","4938 MILITARY PKWY, DALLAS, TX, 75227","Match","Exact","4938 MILITARY PKWY, DALLAS, TX, 75227","-96.732335051982,32.78354782396","102921795","R"
"582","3035 BROADWAY BLVD STE D, GARLAND, TX, 75041","Match","Non_Exact","3035 BROADWAY BLVD, GARLAND, TX, 75041","-96.622637015215,32.879680024765","102928469","R"
"583","102 W PLEASANT RUN RD, DESOTO, TX, 75115","Match","Exact","102 W PLEASANT RUN RD, DESOTO, TX, 75115","-96.857314893014,32.604030527529","103215259","L"
"100","1045 MAJORS DR, MESQUITE, TX, 75149","Match","Exact","1045 MAJORS DR, MESQUITE, TX, 75149","-96.604397254654,32.75499759264","102963525","R"
"584","1331 E AIRPORT FWY, IRVING, TX, 75062","Match","Exact","1331 E AIRPORT FWY, IRVING, TX, 75062","-96.928381813857,32.837281660876","102892151","L"
"101","1601 NORTHWEST HWY, GARLAND, TX, 75041","Match","Exact","1601 NORTHWEST HWY, GARLAND, TX, 75041","-96.652023043847,32.864227158633","103238122","L"
"585","2203 GREENVILLE AVE, DALLAS, TX, 75206","Match","Exact","2203 GREENVILLE AVE, DALLAS, TX, 75206","-96.770247655653,32.816088538419","102910964","L"
"102","406 N CARRIER PKWY, GRAND PRAIRIE, TX, 75050","Match","Exact","406 N CARRIER PKWY, GRAND PRAIRIE, TX, 75050","-97.016564573145,32.744707019627","103224112","L"
"586","3600 GUS THOMASSON, MESQUITE, TX, 75150","Match","Non_Exact","3600 GUS THOMASSON RD, MESQUITE, TX, 75150","-96.634655876695,32.812575665351","103268713","L"
"103","11453 HARRY HINES BLVD STE 100, DALLAS, TX, 75229","Match","Exact","11453 HARRY HINES BLVD, DALLAS, TX, 75229","-96.892327471455,32.898214746349","103243806","L"
"587","105 HALL RD STE 129B, SEAGOVILLE, TX, 75159","Match","Exact","105 HALL RD, SEAGOVILLE, TX, 75159","-96.549092567012,32.648779166962","102965620","L"
"104","2121 W ROCHELLE RD STE 105, IRVING, TX, 75062","Match","Exact","2121 W ROCHELLE RD, IRVING, TX, 75062","-96.972933879706,32.842266752805","102891175","R"
"588","2302 S 2ND AVE, DALLAS, TX, 75210","Match","Exact","2302 S 2ND AVE, DALLAS, TX, 75210","-96.754999418381,32.770110743663","102921058","L"
"105","2627 W JEFFERSON BLVD, DALLAS, TX, 75211","Match","Exact","2627 W JEFFERSON BLVD, DALLAS, TX, 75211","-96.86161522658,32.748121791893","103195027","R"
"589","212 MEDALLION SHP CTR, DALLAS, TX, 75214","No_Match"
"106","906 E SHADY GROVE RD, IRVING, TX, 75060","Match","Exact","906 E SHADY GROVE RD, IRVING, TX, 75060","-96.935623193291,32.800922969085","102893237","R"
"107","906 HIGHWAY 66, GARLAND, TX, 75040","Match","Exact","906 STATE HWY 66, GARLAND, TX, 75040","-96.620887375769,32.907907206089","102928005","R"
"108","9501 FOREST LN, DALLAS, TX, 75243","Match","Exact","9501 FOREST LN, DALLAS, TX, 75243","-96.731185344996,32.909288772172","102914835","L"
"109","495 W ILLINOIS AVE, DALLAS, TX, 75224","Match","Exact","495 W ILLINOIS AVE, DALLAS, TX, 75224","-96.828532889654,32.720526635615","103222500","R"
"590","9353 GARLAND RD, DALLAS, TX, 75218","Match","Exact","9353 GARLAND RD, DALLAS, TX, 75218","-96.704186203257,32.832327478357","103175372","L"
"591","10325 LAKE JUNE RD, DALLAS, TX, 75217","Match","Exact","10325 LAKE JUNE RD, DALLAS, TX, 75217","-96.646586816656,32.734237880848","102961849","L"
"592","8006 FORNEY RD STE 140, DALLAS, TX, 75227","Match","Exact","8006 FORNEY RD, DALLAS, TX, 75227","-96.683863126733,32.777961045578","103198666","R"
"593","2404 VICTORY PARK LN, DALLAS, TX, 75219","Match","Exact","2404 VICTORY PARK LN, DALLAS, TX, 75219","-96.809384764814,32.788111642938","629578881","R"
"110","3405 HIGH PRAIRIE RD, GRAND PRAIRIE, TX, 75050","Match","Exact","3405 HIGH PRAIRIE RD, GRAND PRAIRIE, TX, 75050","-97.026627490333,32.809425171427","102993132","R"
"594","825 S CARROLL AVE, DALLAS, TX, 75223","Match","Exact","825 S CARROLL AVE, DALLAS, TX, 75223","-96.762622738319,32.787256538857","102920363","R"
"111","1423B N BELT LINE RD, IRVING, TX, 75061","Match","Non_Exact","1423B N BELT LINE RD, IRVING, TX, 75061","-96.993837221996,32.829686847928","103200357","L"
"595","4639 SINGLETON BLVD, DALLAS, TX, 75212","Match","Exact","4639 SINGLETON BLVD, DALLAS, TX, 75212","-96.896022989964,32.778530252722","102895101","R"
"112","4010 N MACARTHUR BLVD, IRVING, TX, 75038","No_Match"
"596","13350 DALLAS PKWY # 3285, DALLAS, TX, 75240","Match","Exact","13350 DALLAS PKWY, DALLAS, TX, 75240","-96.820997176582,32.930508319415","103272392","R"
"113","635 W CAMPBELL RD STE 200, RICHARDSON, TX, 75080","Match","Exact","635 W CAMPBELL RD, RICHARDSON, TX, 75080","-96.741045232297,32.978015281625","102896558","L"
"597","4823 BRYAN ST, DALLAS, TX, 75204","Match","Exact","4823 BRYAN ST, DALLAS, TX, 75204","-96.774119529075,32.803390440251","102911124","L"
"114","9508 WEBB CHAPEL RD STE 100, DALLAS, TX, 75220","Match","Exact","9508 WEBB CHAPEL RD, DALLAS, TX, 75220","-96.860791591615,32.863631364968","103238828","R"
"598","460 CONEFLOWER DR, GARLAND, TX, 75040","Match","Exact","460 CONEFLOWER DR, GARLAND, TX, 75040","-96.612122985019,32.952882675473","650203641","L"
"115","2506 S BELT LINE RD, GRAND PRAIRIE, TX, 75052","Match","Exact","2506 S BELT LINE RD, GRAND PRAIRIE, TX, 75052","-96.994112336099,32.709148188405","103191767","L"
"599","801 N O CONNOR RD # 1007, IRVING, TX, 75061","Match","Exact","801 N O'CONNOR RD, IRVING, TX, 75061","-96.949676113858,32.821242557255","103279452","L"
"116","447 E HIGHWAY 67, DUNCANVILLE, TX, 75137","Match","Exact","447 E HWY 67, DUNCANVILLE, TX, 75137","-96.902293425456,32.63160662568","103189380","L"
"117","2926 N BELT LINE RD, IRVING, TX, 75062","Match","Exact","2926 N BELT LINE RD, IRVING, TX, 75062","-96.992261144452,32.845475033243","102886201","R"
"118","489 E FM 1382, CEDAR HILL, TX, 75104","Match","Exact","489 E FM 1382, CEDAR HILL, TX, 75104","-96.936964469228,32.592021437709","646818742","L"
"119","2210 W MAIN ST STE 102, GRAND PRAIRIE, TX, 75050","Match","Exact","2210 W MAIN ST, GRAND PRAIRIE, TX, 75050","-97.03465663418,32.739957972127","651496948","R"
"120","2042 TOWN EAST MALL, MESQUITE, TX, 75150","Match","Non_Exact","2042 N TOWN EAST BLVD, MESQUITE, TX, 75150","-96.63281217626,32.81134561862","103201171","L"
"121","210 N KAUFMAN ST STE C, SEAGOVILLE, TX, 75159","Match","Non_Exact","210 N KAUFMAN ST, SEAGOVILLE, TX, 75159","-96.539478112792,32.640134069827","102965709","R"
"122","3434 W ILLINOIS AVE, DALLAS, TX, 75211","Match","Exact","3434 W ILLINOIS AVE, DALLAS, TX, 75211","-96.876437597095,32.720237573964","103193263","L"
"123","3380 LOMBARDY LN, DALLAS, TX, 75220","Match","Exact","3380 LOMBARDY LN, DALLAS, TX, 75220","-96.867488069348,32.866416312998","637598771","R"
"124","12209 LAKE JUNE RD, MESQUITE, TX, 75180","Match","Exact","12209 LAKE JUNE RD, MESQUITE, TX, 75180","-96.617059343302,32.734166998828","102963809","L"
"125","2534 ROYAL LN, DALLAS, TX, 75229","Match","Exact","2534 ROYAL LN, DALLAS, TX, 75229","-96.894347555519,32.895881949389","652066962","L"
"126","9850 WALNUT HILL LN STE 224, DALLAS, TX, 75238","Match","Exact","9850 WALNUT HILL LN, DALLAS, TX, 75238","-96.716348198079,32.878803820681","103205695","R"
"127","7771 GREAT TRINITY FOREST WAY, DALLAS, TX, 75217","Match","Exact","7771 GREAT TRINITY FOREST WAY, DALLAS, TX, 75217","-96.689246468751,32.712582663953","615063692","L"
"128","5329 ROSS AVE, DALLAS, TX, 75206","Match","Exact","5329 ROSS AVE, DALLAS, TX, 75206","-96.772065940771,32.809746352485","103199566","L"
"129","3415 MALCOLM X BLVD, DALLAS, TX, 75215","Match","Exact","3415 MALCOLM X BLVD, DALLAS, TX, 75215","-96.764771003851,32.765907236908","102955344","R"
"130","2314 W ILLINOIS AVE, DALLAS, TX, 75224","Match","Exact","2314 W ILLINOIS AVE, DALLAS, TX, 75224","-96.856342553572,32.72015806774","647954653","L"
"131","3555 W WALNUT ST STE 203, GARLAND, TX, 75042","Match","Exact","3555 W WALNUT ST, GARLAND, TX, 75042","-96.685246674536,32.917152138693","103248066","R"
"132","4203 LINDBERGH DR, ADDISON, TX, 75001","Match","Exact","4203 LINDBERGH DR, ADDISON, TX, 75001","-96.838368186153,32.95815209997","635140369","R"
"133","327 W MOCKINGBIRD LN, DALLAS, TX, 75247","Match","Exact","327 W MOCKINGBIRD LN, DALLAS, TX, 75247","-96.873767697769,32.804121601027","102895260","L"
"134","1000 S ROYAL LANE, COPPELL, TX, 75019","Match","Non_Exact","1000 ROYAL LN, COPPELL, TX, 75019","-97.022233171288,32.944629476738","103178407","R"
"135","1100 E PLEASANT RUN RD STE 133, DESOTO, TX, 75115","Match","Exact","1100 E PLEASANT RUN RD, DESOTO, TX, 75115","-96.828498964341,32.604093001754","632262222","L"
"136","195 HISTORIC TOWN SQ, LANCASTER, TX, 75146","Match","Exact","195 HST TOWN SQ, LANCASTER, TX, 75146","-96.755618823096,32.59231118219","102959854","L"
"137","8101 S POLK ST, DALLAS, TX, 75232","Match","Exact","8101 S POLK ST, DALLAS, TX, 75232","-96.840146486074,32.64931838829","102952983","R"
"138","4407 W MOCKINGBIRD LN, DALLAS, TX, 75209","Match","Exact","4407 W MOCKINGBIRD LN, DALLAS, TX, 75209","-96.831092607575,32.836710759199","102903830","L"
"139","2000 OLD DENTON RD STE 104, CARROLLTON, TX, 75006","Match","Exact","2000 OLD DENTON RD, CARROLLTON, TX, 75006","-96.911633975077,32.968624650175","102888244","R"
"1809","4819 BERNAL DR, DALLAS, TX, 75212","Match","Exact","4819 BERNAL DR, DALLAS, TX, 75212","-96.899376806781,32.784949259951","103267138","L"
"140","1505 S EWING AVE, DALLAS, TX, 75216","Match","Exact","1505 S EWING AVE, DALLAS, TX, 75216","-96.811500412092,32.729399384254","102949616","R"
"141","7000 SNIDER PLZ, UNIVERSITY PARK, TX, 75205","Match","Non_Exact","7000 SNIDER PLZ, DALLAS, TX, 75205","-96.787760553324,32.850312780235","102907255","R"
"142","9430 LARGA DR STE 101, DALLAS, TX, 75220","Match","Exact","9430 LARGA DR, DALLAS, TX, 75220","-96.862674741485,32.864284295224","103203377","R"
"143","8698 SKILLMAN ST, DALLAS, TX, 75243","Match","Exact","8698 SKILLMAN ST, DALLAS, TX, 75243","-96.720564267289,32.897640380611","103271412","L"
"1800","2112 ROSEBUD DR, IRVING, TX, 75060","Match","Exact","2112 ROSEBUD DR, IRVING, TX, 75060","-96.910185550707,32.804082007867","102894608","L"
"144","500 MAIN ST STE 2, GARLAND, TX, 75040","Match","Exact","500 MAIN ST, GARLAND, TX, 75040","-96.636566844617,32.912613431739","102927614","L"
"145","11920 PRESTON RD, DALLAS, TX, 75230","Match","Exact","11920 PRESTON RD, DALLAS, TX, 75230","-96.803725671079,32.911511642081","102901329","R"
"146","6037 CAMPBELL RD, DALLAS, TX, 75248","No_Match"
"147","1927 E BELT LINE RD STE 136, CARROLLTON, TX, 75006","Match","Exact","1927 E BELT LINE RD, CARROLLTON, TX, 75006","-96.889431093399,32.953745401562","103211017","L"
"148","3460 WEBB CHAPEL EXT, DALLAS, TX, 75220","Match","Exact","3460 WEBB CHAPEL EXN, DALLAS, TX, 75220","-96.864776766333,32.865036184341","103203430","R"
"149","317 WESTCHASE DR, GRAND PRAIRIE, TX, 75052","Match","Exact","317 WESTCHASE DR, GRAND PRAIRIE, TX, 75052","-97.005225849167,32.673302996183","640537175","R"
"1808","5626 ALPHA RD, DALLAS, TX, 75240","Match","Exact","5626 ALPHA RD, DALLAS, TX, 75240","-96.810243080586,32.932727095573","103250593","L"
"1807","4355 INTERSTATE 30 STE 102, MESQUITE, TX, 75150","Match","Exact","4355 I- 30, MESQUITE, TX, 75150","-96.66066769999,32.80774506194","103200010","R"
"1806","4450 W JEFFERSON BLVD, DALLAS, TX, 75211","Match","Exact","4450 W JEFFERSON BLVD, DALLAS, TX, 75211","-96.89243777814,32.736898985934","103266215","R"
"1805","2910 FORT WORTH AVE STE 101, DALLAS, TX, 75211","No_Match"
"1804","2607 SE 14TH ST, GRAND PRAIRIE, TX, 75052","Match","Exact","2607 SE 14TH ST, GRAND PRAIRIE, TX, 75052","-96.985736399663,32.705528124929","102937864","R"
"1803","421 W LAWSON RD TRLR 40, DALLAS, TX, 75253","Match","Exact","421 W LAWSON RD, DALLAS, TX, 75253","-96.578601259716,32.695889820835","639259792","R"
"1802","7989 BELT LINE RD STE 146, DALLAS, TX, 75248","Match","Exact","7989 BELT LINE RD, DALLAS, TX, 75248","-96.769311958595,32.9509896937","103273899","L"
"1801","4388 SPRING VALLEY RD, FARMERS BRANCH, TX, 75244","Match","Exact","4388 SPRING VALLEY RD, FARMERS BRANCH, TX, 75244","-96.833406037267,32.939450587989","103004673","R"
"150","5520 S HAMPTON RD, DALLAS, TX, 75232","Match","Exact","5520 S HAMPTON RD, DALLAS, TX, 75232","-96.856875763781,32.679433976123","103279579","L"
"151","424 S R L THORNTON FWY, DALLAS, TX, 75203","Match","Exact","424 S R L THORNTON FWY, DALLAS, TX, 75203","-96.808839835497,32.752614133746","103196872","L"
"152","2900 W WHEATLAND RD, DALLAS, TX, 75237","Match","Exact","2900 W WHEATLAND RD, DALLAS, TX, 75237","-96.865598012803,32.647382995122","103216894","R"
"153","4781 N BELT LINE RD, MESQUITE, TX, 75150","Match","Non_Exact","4781 BELT LINE RD, MESQUITE, TX, 75150","-96.595929212837,32.831494011566","103201301","L"
"154","6521 JEANE ST, DALLAS, TX, 75217","Match","Exact","6521 JEANE ST, DALLAS, TX, 75217","-96.708359568701,32.727120564683","102957690","L"
"1811","3322 SYLVAN AVE, DALLAS, TX, 75212","Match","Exact","3322 SYLVAN AVE, DALLAS, TX, 75212","-96.835738586139,32.78203258922","102905303","R"
"155","6500 SKILLMAN ST, DALLAS, TX, 75231","No_Match"
"1810","10028 MONROE DR, DALLAS, TX, 75229","Match","Exact","10028 MONROE DR, DALLAS, TX, 75229","-96.878198967734,32.881635058866","103205205","R"
"156","2642 MAIN ST STE 150, DALLAS, TX, 75226","Match","Exact","2642 MAIN ST, DALLAS, TX, 75226","-96.785394577171,32.783515546984","102911627","R"
"157","12175 GARLAND RD, DALLAS, TX, 75218","Match","Exact","12175 GARLAND RD, DALLAS, TX, 75218","-96.670012875355,32.865421008929","103238002","L"
"158","3225 FOREST LN, GARLAND, TX, 75042","Match","Exact","3225 FOREST LN, GARLAND, TX, 75042","-96.678818663672,32.909352216715","103271364","R"
"159","2702 S BUCKNER BLVD STE 130, DALLAS, TX, 75227","Match","Non_Exact","2702 BUCKNER BLVD, DALLAS, TX, 75227","-96.682698875498,32.757803966367","102957998","R"
"1819","2720 LIVE OAK ST, DALLAS, TX, 75204","Match","Exact","2720 LIVE OAK ST, DALLAS, TX, 75204","-96.789117835473,32.788716308433","102911300","R"
"1818","3212 N JUPITER RD, GARLAND, TX, 75044","Match","Exact","3212 N JUPITER RD, GARLAND, TX, 75044","-96.682596194558,32.947134717315","103273447","L"
"1817","11036 ALADDIN DR, DALLAS, TX, 75229","Match","Exact","11036 ALADDIN DR, DALLAS, TX, 75229","-96.843617085003,32.898748800568","102899202","R"
"1816","2720 LIVE OAK ST, DALLAS, TX, 75204","Match","Exact","2720 LIVE OAK ST, DALLAS, TX, 75204","-96.789117835473,32.788716308433","102911300","R"
"1815","2427 W MOCKINGBIRD LN, DALLAS, TX, 75235","Match","Exact","2427 W MOCKINGBIRD LN, DALLAS, TX, 75235","-96.845798658252,32.827161118121","103268322","R"
"1814","504 S MACARTHUR BLVD, IRVING, TX, 75060","Match","Exact","504 S MACARTHUR BLVD, IRVING, TX, 75060","-96.959929868185,32.809680769873","102892600","L"
"1813","2622 S ERVAY ST, DALLAS, TX, 75215","Match","Exact","2622 S ERVAY ST, DALLAS, TX, 75215","-96.78080544414,32.764872752972","102950236","L"
"1812","3810 CONGRESS AVE, DALLAS, TX, 75219","Match","Exact","3810 CONGRESS AVE, DALLAS, TX, 75219","-96.810958385234,32.807186476409","102908521","R"
"160","10560 NEW CHURCH RD, DALLAS, TX, 75238","Match","Exact","10560 NEW CHURCH RD, DALLAS, TX, 75238","-96.703094575635,32.885588401269","102917543","R"
"161","10880 FERGUSON RD, DALLAS, TX, 75228","No_Match"
"162","4215 BOTHAM JEAN BLVD, DALLAS, TX, 75215","No_Match"
"163","5450 W LOVERS LN STE 130, DALLAS, TX, 75209","No_Match"
"164","3347 W WALNUT ST # 268, GARLAND, TX, 75042","Match","Exact","3347 W WALNUT ST, GARLAND, TX, 75042","-96.679687076929,32.916774594605","103248065","R"
"165","2411 N GALLOWAY AVE STE 125, MESQUITE, TX, 75150","Match","Exact","2411 N GALLOWAY AVE, MESQUITE, TX, 75150","-96.611942806088,32.797519841302","102933570","R"
"1822","3548 W WALNUT ST, GARLAND, TX, 75042","Match","Exact","3548 W WALNUT ST, GARLAND, TX, 75042","-96.683925176608,32.917085818278","102917732","L"
"166","2521 W AIRPORT FWY, IRVING, TX, 75062","Match","Exact","2521 W AIRPORT FWY, IRVING, TX, 75062","-96.979539761292,32.837399567115","638383725","R"
"1821","1350 E BEAR CREEK RD, GLENN HEIGHTS, TX, 75154","Match","Exact","1350 E BEAR CREEK RD, GLENN HEIGHTS, TX, 75154","-96.823963243094,32.560550623242","102961132","R"
"167","3404 S LANCASTER RD, DALLAS, TX, 75216","No_Match"
"1820","4444 W ILLINOIS AVE STE 109, DALLAS, TX, 75211","Match","Exact","4444 W ILLINOIS AVE, DALLAS, TX, 75211","-96.892900713112,32.720262272252","102940318","L"
"168","2150 N JOSEY LN STE 324, CARROLLTON, TX, 75006","Match","Exact","2150 N JOSEY LN, CARROLLTON, TX, 75006","-96.889789981301,32.971809464011","103255463","L"
"169","11445 GARLAND RD, DALLAS, TX, 75218","Match","Exact","11445 GARLAND RD, DALLAS, TX, 75218","-96.682697817528,32.849840580874","103202185","L"
"1829","634 N CARRIER PKWY # 160, GRAND PRAIRIE, TX, 75050","Match","Exact","634 N CARRIER PKWY, GRAND PRAIRIE, TX, 75050","-97.017038864807,32.748151713702","103266136","L"
"1828","514 LOCKWOOD DR, RICHARDSON, TX, 75080","Match","Exact","514 LOCKWOOD DR, RICHARDSON, TX, 75080","-96.73695070025,32.951976523375","102913569","R"
"1827","3102 MAIN ST, DALLAS, TX, 75226","Match","Exact","3102 MAIN ST, DALLAS, TX, 75226","-96.778807722622,32.784805656599","102912153","R"
"1826","700 N PEARL ST, DALLAS, TX, 75201","Match","Exact","700 N PEARL ST, DALLAS, TX, 75201","-96.795841944864,32.78675401249","103228584","L"
"1825","1940 MILITARY PKWY, MESQUITE, TX, 75149","Match","Exact","1940 MILITARY PKWY, MESQUITE, TX, 75149","-96.629092058865,32.767963320012","102983942","L"
"1824","13881 INTERSTATE 20, BALCH SPRINGS, TX, 75181","Match","Non_Exact","13881 I-20 SVC RD, BALCH SPRINGS, TX, 75181","-96.578713702507,32.704873053865","103262689","L"
"1823","2301 W ROCHELLE RD, IRVING, TX, 75062","Match","Exact","2301 W ROCHELLE RD, IRVING, TX, 75062","-96.975180685478,32.841861591184","102891175","R"
"170","4515 ELECTRA ST, DALLAS, TX, 75215","Match","Exact","4515 ELECTRA ST, DALLAS, TX, 75215","-96.750551822992,32.760795300971","102955795","R"
"171","2534 ROYAL LN, DALLAS, TX, 75229","Match","Exact","2534 ROYAL LN, DALLAS, TX, 75229","-96.894347555519,32.895881949389","652066962","L"
"172","505 AIRLINE DR, COPPELL, TX, 75019","Match","Exact","505 AIRLINE DR, COPPELL, TX, 75019","-97.003482662467,32.943626945146","103209109","R"
"173","7272 GASTON AVE, DALLAS, TX, 75214","Match","Exact","7272 GASTON AVE, DALLAS, TX, 75214","-96.731656184753,32.812447444163","102921323","R"
"174","13111 N CENTRAL EXPY, DALLAS, TX, 75243","No_Match"
"175","700 N PEARL ST STE H204, DALLAS, TX, 75201","Match","Exact","700 N PEARL ST, DALLAS, TX, 75201","-96.795841944864,32.78675401249","103228584","L"
"176","39 ARAPAHO VILLAGE, RICHARDSON, TX, 75080","Match","Non_Exact","39 ARAPAHO VILLAGE CENTER, RICHARDSON, TX, 75080","-96.74931921595,32.962165043667","103005343","L"
"1833","5509 BROADWAY BLVD STE B, GARLAND, TX, 75043","Match","Non_Exact","5509 BROADWAY BLVD, GARLAND, TX, 75043","-96.597049048101,32.848334708964","102932869","R"
"177","1906 S HASKELL AVE, DALLAS, TX, 75223","Match","Exact","1906 S HASKELL AVE, DALLAS, TX, 75223","-96.747853962069,32.783245938423","103258256","L"
"1832","655 W ILLINOIS AVE STE 900, DALLAS, TX, 75224","Match","Exact","655 W ILLINOIS AVE, DALLAS, TX, 75224","-96.833630970911,32.720496571302","103265715","R"
"178","10301 HARRY HINES BLVD, DALLAS, TX, 75220","Match","Exact","10301 HARRY HINES BLVD, DALLAS, TX, 75220","-96.881728766212,32.86537905055","642861353","L"
"1831","7300 N MACARTHUR BLVD STE 100, IRVING, TX, 75063","Match","Exact","7300 N MACARTHUR BLVD, IRVING, TX, 75063","-96.958571182875,32.905221541815","103270846","L"
"179","1613 SKYLINE DR, GARLAND, TX, 75043","Match","Non_Exact","1613 SKYLINE, GARLAND, TX, 75043","-96.595092744358,32.87198749985","103281113","L"
"1830","8687 N CENTRAL EXPY STE 2E3-2340, DALLAS, TX, 75225","Match","Non_Exact","8687 N CENTRAL EXPY, DALLAS, TX, 75225","-96.770779861721,32.869463265005","103240853","L"
"1839","6780 ABRAMS RD STE 119, DALLAS, TX, 75231","Match","Exact","6780 ABRAMS RD, DALLAS, TX, 75231","-96.742693352175,32.867391366326","103237775","L"
"1838","2550 GUS THOMASSON RD, DALLAS, TX, 75228","Match","Exact","2550 GUS THOMASSON RD, DALLAS, TX, 75228","-96.671855314668,32.834701410032","103202235","R"
"1837","3170 IRVING BLVD, DALLAS, TX, 75247","Match","Non_Exact","3170 IRVING BLVD, DALLAS, TX, 75207","-96.867201740731,32.80778096484","638398907","L"
"1836","4441 LAWNVIEW AVE STE C, DALLAS, TX, 75227","Match","Non_Exact","4441 LAWNVIEW AVE, DALLAS, TX, 75227","-96.721504012518,32.783195430883","102921824","L"
"1835","7906 ROUNDROCK RD, DALLAS, TX, 75248","Match","Exact","7906 ROUNDROCK RD, DALLAS, TX, 75248","-96.772250315296,32.956063841906","102988872","R"
"1834","2460 W ILLINOIS AVE, DALLAS, TX, 75233","Match","Exact","2460 W ILLINOIS AVE, DALLAS, TX, 75233","-96.858360318237,32.720165981027","103193435","L"
"180","1017 FORT WORTH ST STE 600, GRAND PRAIRIE, TX, 75050","Match","Exact","1017 FORT WORTH ST, GRAND PRAIRIE, TX, 75050","-97.017406098632,32.743191410931","102935771","L"
"181","4216 ABRAMS RD, DALLAS, TX, 75214","Match","Exact","4216 ABRAMS RD, DALLAS, TX, 75214","-96.75279431905,32.836711585328","103235521","L"
"182","1340 CENTERVILLE RD, DALLAS, TX, 75218","Match","Exact","1340 CENTERVILLE RD, DALLAS, TX, 75218","-96.687179666008,32.843105307084","103202189","L"
"183","9727 WEBB CHAPEL RD, DALLAS, TX, 75220","No_Match"
"184","1827 N GALLOWAY AVE, MESQUITE, TX, 75149","Match","Exact","1827 N GALLOWAY AVE, MESQUITE, TX, 75149","-96.606441991967,32.787035635174","102933739","L"
"185","10911 DENNIS RD STE 407, DALLAS, TX, 75229","Match","Exact","10911 DENNIS RD, DALLAS, TX, 75229","-96.881462444645,32.896873258343","102890422","L"
"186","6419 SKILLMAN ST # T1784, DALLAS, TX, 75231","Match","Non_Exact","6419 SKILLMAN ST, DALLAS, TX, 75231","-96.745478302612,32.86426940661","102918194","L"
"187","2301 DOTY LN, BALCH SPRINGS, TX, 75180","Match","Exact","2301 DOTY LN, BALCH SPRINGS, TX, 75180","-96.636096121636,32.735797804723","102962251","R"
"1844","4418 S MARSALIS AVE, DALLAS, TX, 75216","Match","Exact","4418 S MARSALIS AVE, DALLAS, TX, 75216","-96.814585851873,32.690922213506","102951555","L"
"188","2240 IRVING BLVD, DALLAS, TX, 75207","Match","Exact","2240 IRVING BLVD, DALLAS, TX, 75207","-96.834605700012,32.796211677552","103230593","R"
"1843","1751 N COUNTRY CLUB RD, GARLAND, TX, 75040","Match","Exact","1751 N COUNTRY CLUB RD, GARLAND, TX, 75040","-96.614043500934,32.92923811713","102928667","L"
"189","805 E BELTLINE RD, CEDAR HILL, TX, 75104","Match","Non_Exact","805 E BELT LINE RD, CEDAR HILL, TX, 75104","-96.925288975069,32.589959203321","102975867","L"
"1842","9658 PLANO RD STE 100, DALLAS, TX, 75238","No_Match"
"1841","2215 W WALNUT ST, GARLAND, TX, 75042","Match","Exact","2215 W WALNUT ST, GARLAND, TX, 75042","-96.659911502085,32.916381526757","639538702","R"
"1840","1525 INWOOD RD, DALLAS, TX, 75247","Match","Exact","1525 INWOOD RD, DALLAS, TX, 75247","-96.850668107022,32.809491531813","650587510","L"
"1849","1805 W CAMPBELL RD # 105, GARLAND, TX, 75044","No_Match"
"1848","7826 GARLAND RD, DALLAS, TX, 75218","Match","Exact","7826 GARLAND RD, DALLAS, TX, 75218","-96.727044442618,32.812438838132","103268490","R"
"1847","1710 W MOCKINGBIRD LN STE B, DALLAS, TX, 75235","Match","Non_Exact","1710 W MOCKINGBIRD LN, DALLAS, TX, 75235","-96.856934458527,32.822156341792","102903045","R"
"1846","203 E CAMP WISDOM RD STE A, DUNCANVILLE, TX, 75116","Match","Non_Exact","203 E CAMP WISDOM RD, DUNCANVILLE, TX, 75116","-96.90470418685,32.662015069848","103219057","L"
"1845","110 W SANDY LAKE RD STE 180, COPPELL, TX, 75019","Match","Exact","110 W SANDY LAKE RD, COPPELL, TX, 75019","-96.994210253415,32.969397091067","627180614","R"
"190","2007 SATURN RD, GARLAND, TX, 75041","Match","Exact","2007 SATURN RD, GARLAND, TX, 75041","-96.648312096953,32.8942323287","103207309","R"
"191","10190 FOREST LN STE 175, DALLAS, TX, 75243","Match","Exact","10190 FOREST LN, DALLAS, TX, 75243","-96.709829313982,32.908967938923","103244507","R"
"192","3503 ROWLETT RD STE J104J106, ROWLETT, TX, 75088","Match","Non_Exact","3503 ROWLETT RD, ROWLETT, TX, 75088","-96.569684733921,32.893018747588","102929696","L"
"193","2025 FORT WORTH AVE, DALLAS, TX, 75208","Match","Exact","2025 FORT WORTH AVE, DALLAS, TX, 75208","-96.85420457663,32.763399715647","639629283","R"
"194","9791 FOREST LN, DALLAS, TX, 75243","Match","Exact","9791 FOREST LN, DALLAS, TX, 75243","-96.718475929747,32.909610331327","648226811","L"
"195","1231 E PLEASANT RUN RD STE 114, DESOTO, TX, 75115","Match","Exact","1231 E PLEASANT RUN RD, DESOTO, TX, 75115","-96.827447736012,32.604357719792","103187352","L"
"196","3730 BELT LINE RD, ADDISON, TX, 75001","Match","Exact","3730 BELT LINE RD, ADDISON, TX, 75001","-96.854319924288,32.95302328792","103211105","R"
"197","14949 PRESTON RD, DALLAS, TX, 75254","Match","Exact","14949 PRESTON RD, DALLAS, TX, 75254","-96.803851602602,32.952438608084","610116340","L"
"198","1450 W PLEASANT RUN RD STE 200, LANCASTER, TX, 75146","Match","Exact","1450 W PLEASANT RUN RD, LANCASTER, TX, 75146","-96.783624019243,32.604286265283","103215461","L"
"1855","4207 W JEFFERSON BLVD, DALLAS, TX, 75211","Match","Exact","4207 W JEFFERSON BLVD, DALLAS, TX, 75211","-96.888751973647,32.73813409162","102940220","R"
"199","2001 W NORTHWEST HWY STE 120, DALLAS, TX, 75220","Match","Exact","2001 W NORTHWEST HWY, DALLAS, TX, 75220","-96.90776833183,32.867225286171","103237006","L"
"1854","9230 SKILLMAN ST, DALLAS, TX, 75243","Match","Exact","9230 SKILLMAN ST, DALLAS, TX, 75243","-96.714219827685,32.902976570411","103163982","R"
"1853","1107 S JOSEY LN, CARROLLTON, TX, 75006","Match","Exact","1107 S JOSEY LN, CARROLLTON, TX, 75006","-96.890129609347,32.951776042432","103253050","L"
"1852","2306 W 11TH ST, IRVING, TX, 75060","Match","Exact","2306 W 11TH ST, IRVING, TX, 75060","-96.97538968455,32.804763341395","102887434","L"
"1851","1518 NORTHWEST HWY, GARLAND, TX, 75041","Match","Exact","1518 NORTHWEST HWY, GARLAND, TX, 75041","-96.650556726408,32.863964620121","103204062","L"
"1850","1343 W CAMPBELL RD, RICHARDSON, TX, 75080","Match","Exact","1343 W CAMPBELL RD, RICHARDSON, TX, 75080","-96.764901652428,32.97807892827","103212820","L"
"1859","1201 ELM ST STE LL17, DALLAS, TX, 75270","Match","Exact","1201 ELM ST, DALLAS, TX, 75270","-96.80218546773,32.780882759774","102909855","L"
"1858","8687 N CENTRAL EXPY STE 400B, DALLAS, TX, 75225","Match","Exact","8687 N CENTRAL EXPY, DALLAS, TX, 75225","-96.770779861721,32.869463265005","103240853","L"
"1857","3011 GULDEN LN STE 115, DALLAS, TX, 75212","Match","Exact","3011 GULDEN LN, DALLAS, TX, 75212","-96.827775615014,32.779507067053","102905671","L"
"1856","5040 LEMMON AVE, DALLAS, TX, 75209","Match","Exact","5040 LEMMON AVE, DALLAS, TX, 75209","-96.81919408346,32.823742060709","102973333","R"
"1866","1700 PACIFIC AVE STE 107, DALLAS, TX, 75201","Match","Exact","1700 PACIFIC AVE, DALLAS, TX, 75201","-96.797475366795,32.782532832249","102910009","R"
"1865","12516 AUDELIA RD, DALLAS, TX, 75243","Match","Exact","12516 AUDELIA RD, DALLAS, TX, 75243","-96.717896305129,32.923084999791","103247958","R"
"1864","6807 W NORTHWEST HWY, DALLAS, TX, 75225","Match","Exact","6807 W NORTHWEST HWY, DALLAS, TX, 75225","-96.788129260644,32.865689703027","639626345","L"
"1863","4043 TRINITY MILLS RD STE 114, DALLAS, TX, 75287","No_Match"
"1862","402 S FOREST CREST DR, GARLAND, TX, 75042","Match","Exact","402 S FOREST CREST DR, GARLAND, TX, 75042","-96.68680925987,32.910232546444","103207166","L"
"1861","1550 E IRVING BLVD, IRVING, TX, 75060","Match","Exact","1550 E IRVING BLVD, IRVING, TX, 75060","-96.926285386898,32.807940208798","102893343","R"
"1860","8353 PARK LN, DALLAS, TX, 75231","Match","Exact","8353 PARK LN, DALLAS, TX, 75231","-96.761261683853,32.871179258476","102914503","L"
"1869","400 FIELDCREST CIR, COPPELL, TX, 75019","Match","Exact","400 FIELDCREST CIR, COPPELL, TX, 75019","-96.999356838248,32.967055528792","102884630","L"
"1868","1344 N TOWN EAST BLVD, MESQUITE, TX, 75150","Match","Exact","1344 N TOWN EAST BLVD, MESQUITE, TX, 75150","-96.615587676899,32.810705953456","103201285","L"
"1867","2701 MAIN ST STE 160, DALLAS, TX, 75226","Match","Exact","2701 MAIN ST, DALLAS, TX, 75226","-96.784110335573,32.783895202319","102911629","L"
"1880","2130 W KINGSLEY RD, GARLAND, TX, 75041","Match","Exact","2130 W KINGSLEY RD, GARLAND, TX, 75041","-96.65862193197,32.878744633448","102927247","L"
"1877","3527 US HIGHWAY 80 E, MESQUITE, TX, 75150","Match","Exact","3527 US HWY 80 E, MESQUITE, TX, 75150","-96.652753403922,32.792988738084","102931747","R"
"1876","7730 N MACARTHUR BLVD STE 150, IRVING, TX, 75063","Match","Exact","7730 N MACARTHUR BLVD, IRVING, TX, 75063","-96.958499158532,32.913510793775","103246115","L"
"1875","2001 ROSS AVE STE 150, DALLAS, TX, 75201","Match","Exact","2001 ROSS AVE, DALLAS, TX, 75201","-96.799240342188,32.787012289986","102909898","L"
"1874","3710 BELT LINE RD, ADDISON, TX, 75001","Match","Exact","3710 BELT LINE RD, ADDISON, TX, 75001","-96.855140883717,32.953031936917","103211105","R"
"1873","5626 E R L THORNTON FWY, DALLAS, TX, 75223","Match","Exact","5626 E R L THORNTON FWY, DALLAS, TX, 75223","-96.743102553587,32.791288364153","649825767","R"
"1872","2803 LAGOW ST, DALLAS, TX, 75210","Match","Exact","2803 LAGOW ST, DALLAS, TX, 75210","-96.746057622207,32.771333857712","102921170","R"
"1871","7110 SKILLMAN ST, DALLAS, TX, 75231","Match","Exact","7110 SKILLMAN ST, DALLAS, TX, 75231","-96.734693270401,32.875992905358","646894602","R"
"1870","3101 MARQUIS DR, GARLAND, TX, 75042","Match","Exact","3101 MARQUIS DR, GARLAND, TX, 75042","-96.676517760651,32.901116745907","102989046","L"
"1879","428 E FM 1382, CEDAR HILL, TX, 75104","Match","Exact","428 E FM 1382, CEDAR HILL, TX, 75104","-96.937531868357,32.592502081783","646818742","R"
"1878","1105 W 6TH ST, IRVING, TX, 75060","Match","Exact","1105 W SIXTH ST, IRVING, TX, 75060","-96.959316503044,32.808701421359","102892604","R"
"1891","5550 E GRAND AVE, DALLAS, TX, 75223","Match","Exact","5550 E GRAND AVE, DALLAS, TX, 75223","-96.747699793095,32.793355277637","102920277","R"
"1890","3400 BELTLINE RD, SUNNYVALE, TX, 75182","No_Match"
"1404","5606 S R L THORNTON FWY, DALLAS, TX, 75232","Match","Exact","5606 S R L THORNTON FWY, DALLAS, TX, 75232","-96.822123754654,32.677463422833","103164111","L"
"1888","3350 BROADWAY BLVD, GARLAND, TX, 75043","Match","Exact","3350 BROADWAY BLVD, GARLAND, TX, 75043","-96.616394833897,32.874676265241","103242204","L"
"1403","2625 OLD DENTON RD STE 418, CARROLLTON, TX, 75007","Match","Exact","2625 OLD DENTON RD, CARROLLTON, TX, 75007","-96.910067244112,32.990773181409","103423041","L"
"1887","3102 MAIN ST, DALLAS, TX, 75226","Match","Exact","3102 MAIN ST, DALLAS, TX, 75226","-96.778807722622,32.784805656599","102912153","R"
"1402","2422 ALLEN ST, DALLAS, TX, 75204","Match","Exact","2422 ALLEN ST, DALLAS, TX, 75204","-96.798180910305,32.797535135044","648834457","R"
"1886","110 HENSLEY DR, GRAND PRAIRIE, TX, 75050","Match","Exact","110 HENSLEY DR, GRAND PRAIRIE, TX, 75050","-96.955294230916,32.749450804379","102938776","R"
"1401","4041 W WHEATLAND RD STE 216, DALLAS, TX, 75237","Match","Exact","4041 W WHEATLAND RD, DALLAS, TX, 75237","-96.883497981191,32.647663427579","103189403","R"
"1885","3011 GULDEN LN STE 111, DALLAS, TX, 75212","Match","Exact","3011 GULDEN LN, DALLAS, TX, 75212","-96.827775615014,32.779507067053","102905671","L"
"1400","1205 DOWDY FERRY RD, HUTCHINS, TX, 75141","Match","Exact","1205 DOWDY FERRY RD, HUTCHINS, TX, 75141","-96.698440258049,32.648705206326","102960257","L"
"1884","103 S INTERSTATE HIGHWAY 45, WILMER, TX, 75172","Match","Exact","103 S I- 45, WILMER, TX, 75172","-96.679571877048,32.590938832304","103187563","R"
"1883","4900 BRYAN ST, DALLAS, TX, 75206","Match","Exact","4900 BRYAN ST, DALLAS, TX, 75206","-96.773453603911,32.803786398191","102911126","R"
"1882","7617 TULANE DR, ROWLETT, TX, 75088","Match","Exact","7617 TULANE DR, ROWLETT, TX, 75088","-96.52890251728,32.888403696139","102934740","R"
"1881","530 NICKENS RD, GARLAND, TX, 75043","Match","Exact","530 NICKENS RD, GARLAND, TX, 75043","-96.613375069194,32.866525511767","103204468","R"
"1409","5307 E MOCKINGBIRD LN STE 107, DALLAS, TX, 75206","Match","Non_Exact","5307 MOCKINGBIRD LN, DALLAS, TX, 75206","-96.777380168382,32.83664154691","103201957","L"
"1408","2815 ALLEN ST STE 122, DALLAS, TX, 75204","Match","Exact","2815 ALLEN ST, DALLAS, TX, 75204","-96.801256276661,32.800768771543","102909078","L"
"1407","829 S CORINTH STREET RD, DALLAS, TX, 75203","Match","Non_Exact","829 S CORINTH ST, DALLAS, TX, 75203","-96.798557592572,32.739732698681","102949849","R"
"1406","1009 W ROCHELLE RD, IRVING, TX, 75062","Match","Exact","1009 W ROCHELLE RD, IRVING, TX, 75062","-96.95795300748,32.844267264425","635379678","R"
"1405","1916 WALNUT PLZ STE 105, CARROLLTON, TX, 75006","Match","Exact","1916 WALNUT PLZ, CARROLLTON, TX, 75006","-96.888632074138,32.956025820804","648221770","R"
"1889","524 W BELT LINE RD STE 4, RICHARDSON, TX, 75080","No_Match"
"1415","125 HALL RD, SEAGOVILLE, TX, 75159","Match","Exact","125 HALL RD, SEAGOVILLE, TX, 75159","-96.548471241168,32.649132046895","102965620","L"
"1899","8550 PLANO RD STE 101, DALLAS, TX, 75238","Match","Exact","8550 PLANO RD, DALLAS, TX, 75238","-96.700338238556,32.864965739594","103237923","R"
"1414","6421 RIVERSIDE DR STE 160, IRVING, TX, 75039","Match","Exact","6421 RIVERSIDE DR, IRVING, TX, 75039","-96.939050248351,32.897319553596","648195175","L"
"1898","1830 RANGE DR STE 106, MESQUITE, TX, 75149","Match","Exact","1830 RANGE DR, MESQUITE, TX, 75149","-96.59702005655,32.787691793726","103198930","R"
"1413","1021 IKEA WAY, GRAND PRAIRIE, TX, 75052","Match","Non_Exact","1021 IKEA PL, GRAND PRAIRIE, TX, 75052","-97.023057784164,32.688280192687","650215115","R"
"1897","7460 S WESTMORELAND RD STE 100, DALLAS, TX, 75237","Match","Exact","7460 S WESTMORELAND RD, DALLAS, TX, 75237","-96.884648133416,32.656219448355","102943704","L"
"1412","2034 IRVING BLVD, DALLAS, TX, 75207","Match","Exact","2034 IRVING BLVD, DALLAS, TX, 75207","-96.828619450643,32.79523540014","103230589","R"
"1896","5033 S 2ND AVE, DALLAS, TX, 75210","Match","Exact","5033 S 2ND AVE, DALLAS, TX, 75210","-96.743185736257,32.759641180833","639612013","R"
"1411","4101 W WHEATLAND RD, DALLAS, TX, 75237","No_Match"
"1895","1921 N PLANO RD, GARLAND, TX, 75042","Match","Non_Exact","1921 PLANO RD, GARLAND, TX, 75042","-96.700253916986,32.930627830075","102915934","L"
"1410","9972 MARSH LN, DALLAS, TX, 75220","No_Match"
"1894","3111 OLYMPUS BLVD STE 120, COPPELL, TX, 75019","No_Match"
"1893","3246 W WALNUT ST, GARLAND, TX, 75042","Match","Exact","3246 W WALNUT ST, GARLAND, TX, 75042","-96.677859859757,32.916484126664","102917803","L"
"1892","105 S INTERSTATE HIGHWAY 45, WILMER, TX, 75172","Match","Exact","105 S I- 45, WILMER, TX, 75172","-96.679569921875,32.590935676585","103187563","R"
"1419","5417 BERNAL DR, DALLAS, TX, 75212","Match","Exact","5417 BERNAL DR, DALLAS, TX, 75212","-96.909072755501,32.777293014169","102895005","R"
"1418","3341 COUNTRY CLUB DR W, IRVING, TX, 75038","Match","Exact","3341 COUNTRY CLUB DR W, IRVING, TX, 75038","-96.991096460851,32.860772836996","653855238","R"
"1417","2435 W MILLER RD, GARLAND, TX, 75041","Match","Exact","2435 W MILLER RD, GARLAND, TX, 75041","-96.664781455631,32.894553410522","103207244","R"
"1416","555 PROMENADE PKWY APT 451, IRVING, TX, 75039","No_Match"
"1426","4210 PIONEER RD, BALCH SPRINGS, TX, 75180","Match","Exact","4210 PIONEER RD, BALCH SPRINGS, TX, 75180","-96.605340102374,32.712896258071","102964254","L"
"1425","15130 SEAGOVILLE RD, DALLAS, TX, 75253","No_Match"
"1424","1519 S HAMPTON RD, GLENN HEIGHTS, TX, 75154","Match","Exact","1519 S HAMPTON RD, GLENN HEIGHTS, TX, 75154","-96.856944457783,32.565327601718","103184982","R"
"1423","2020 HIGHWAY 66, GARLAND, TX, 75040","Match","Exact","2020 STATE HWY 66, GARLAND, TX, 75040","-96.59855279769,32.909936610392","103245151","R"
"1422","1900 MARKET PLACE BLVD, IRVING, TX, 75063","Match","Exact","1900 MARKETPLACE BLVD, IRVING, TX, 75063","-96.970784987733,32.920012503268","617719525","L"
"1421","1229 ADMIRAL NIMITZ CIR, DALLAS, TX, 75210","No_Match"
"1420","2326 W SHADY GROVE RD, IRVING, TX, 75060","Match","Exact","2326 W SHADY GROVE RD, IRVING, TX, 75060","-96.975845844546,32.800369977737","102887459","L"
"1429","5122 S 2ND AVE, DALLAS, TX, 75210","No_Match"
"1428","1001 N HIGHWAY 175, SEAGOVILLE, TX, 75159","Match","Exact","1001 N HWY 175, SEAGOVILLE, TX, 75159","-96.546231141237,32.649847634897","102965614","L"
"1427","2546 ROYAL LN, DALLAS, TX, 75229","Match","Exact","2546 ROYAL LN, DALLAS, TX, 75229","-96.893799612443,32.895881949365","652066962","L"
"1440","1007 CEDARDALE RD, LANCASTER, TX, 75134","Match","Exact","1007 CEDARDALE RD, LANCASTER, TX, 75134","-96.792475905004,32.634253470612","619526852","R"
"1437","400 S HALL ST APT 248, DALLAS, TX, 75226","Match","Exact","400 S HALL ST, DALLAS, TX, 75226","-96.778845468142,32.781982157062","103179686","R"
"1436","2008 COMMERCE ST, DALLAS, TX, 75201","Match","Exact","2008 COMMERCE ST, DALLAS, TX, 75201","-96.793762310986,32.780966409814","102911356","R"
"1435","13021 COIT RD STE 106, DALLAS, TX, 75240","Match","Exact","13021 COIT RD, DALLAS, TX, 75240","-96.769329826082,32.925339529482","103177572","L"
"1434","804 S MACARTHUR BLVD, COPPELL, TX, 75019","Match","Exact","804 S MACARTHUR BLVD, COPPELL, TX, 75019","-96.957771982629,32.951275691291","103252889","L"
"1433","3605 FOREST LN, DALLAS, TX, 75234","Match","Exact","3605 FOREST LN, DALLAS, TX, 75234","-96.858774132502,32.909746520324","103243714","L"
"1432","2118 ABRAMS RD, DALLAS, TX, 75214","Match","Exact","2118 ABRAMS RD, DALLAS, TX, 75214","-96.752866836506,32.816351574148","102919980","R"
"1431","13531 MONTFORT DR STE 125, DALLAS, TX, 75240","Match","Exact","13531 MONTFORT DR, DALLAS, TX, 75240","-96.81234250894,32.931655573729","103209636","L"
"1430","2050 N WESTMORELAND RD STE 100, DALLAS, TX, 75212","Match","Exact","2050 N WESTMORELAND RD, DALLAS, TX, 75212","-96.873798659285,32.77061265453","103196511","R"
"1439","7726 FERGURSON RD, DALLAS, TX, 75228","No_Match"
"1438","2130 E LEDBETTER DR, DALLAS, TX, 75216","Match","Exact","2130 E LEDBETTER DR, DALLAS, TX, 75216","-96.789048133336,32.686296176505","103191335","R"
"1451","2031 N GALLOWAY AVE, MESQUITE, TX, 75149","Match","Exact","2031 N GALLOWAY AVE, MESQUITE, TX, 75149","-96.612064778954,32.791831480512","103200201","L"
"1450","10645 HARRY HINES BLVD, DALLAS, TX, 75220","Match","Exact","10645 HARRY HINES BLVD, DALLAS, TX, 75220","-96.882946897992,32.870124112172","103237152","L"
"1448","5119 ROWLETT RD, ROWLETT, TX, 75088","Match","Exact","5119 ROWLETT RD, ROWLETT, TX, 75088","-96.569509607542,32.905976999403","103207501","L"
"1447","2240 MARSH LN # 120, CARROLLTON, TX, 75006","Match","Exact","2240 MARSH LN, CARROLLTON, TX, 75006","-96.854961805478,32.970050785659","623584911","L"
"1446","6102 SAMUELL BLVD STE 100, DALLAS, TX, 75228","Match","Exact","6102 SAMUELL BLVD, DALLAS, TX, 75228","-96.69981253259,32.791959797631","103199857","R"
"1445","5331 HOLLAND AVE, DALLAS, TX, 75209","Match","Exact","5331 HOLLAND AVE, DALLAS, TX, 75209","-96.820307196134,32.827662321861","102904006","L"
"1444","5321 THE STATION BLVD STE B150, SACHSE, TX, 75048","No_Match"
"1443","209 E GREENBRIAR LN, DALLAS, TX, 75203","Match","Exact","209 E GREENBRIAR LN, DALLAS, TX, 75203","-96.821217777393,32.764194160538","102946113","L"
"1442","900 N POLK ST STE 102, DESOTO, TX, 75115","Match","Exact","900 N POLK ST, DESOTO, TX, 75115","-96.839919595382,32.610426432479","103187268","L"
"1441","6211 OWENS ST STE 100, DALLAS, TX, 75235","Match","Non_Exact","6211 OWENS, DALLAS, TX, 75235","-96.839029163228,32.827533012507","102903719","L"
"1449","10300 SCYENE RD STE 100, DALLAS, TX, 75227","Match","Exact","10300 SCYENE RD, DALLAS, TX, 75227","-96.646442380555,32.762186963982","102961481","R"
