ADDITONAL_ADDRESS,STATE,COUNTY,LONGITUDE,STORE_NAME,STORE_TYPE,ZIP4,Ï»¿X,GRANTEE_NAME,RECORD_ID,INCENTIVE_PROGRAM,Y,OBJECTID,STORE_STREET_ADDRESS,LATITUDE,ZIP_CODE,CITY,CUISINE_TYPE,CATEGORY,SUBCATEGORY,SUB_SUBCATEGORY
,TX,DALLAS,-96.594841,7-eleven Convenience Store 32914B,Convenience Store,5826,-10752888.5133772,,1397961.0,,3874255.17341825,33.0,6122 BROADWAY BLVD,32.841278,75043,GARLAND,General Retail/Food/Other,,,
,TX,DALLAS,-96.885239,Grand Trip,Convenience Store,3306,-10785215.4708646,,1627853.0,,3849506.5302583,217.0,7500 S WESTMORELAND RD,32.654293,75237,DALLAS,General Retail/Food/Other,,,
,TX,DALLAS,-96.856522,Corner Market,Convenience Store,5621,-10782018.7090475,,1618795.0,,3860978.93663868,218.0,500 S HAMPTON RD,32.74102,75208,DALLAS,General Retail/Food/Other,,,
,TX,DALLAS,-96.68573,Joe V's Smart Shop 805,Supermarket,    ,-10763006.2305759,,1634103.0,,3867771.30925812,279.0,7700 SAMUELL BLVD,32.792328,75227,DALLAS,General Retail/Food/Other,,,
,TX,DALLAS,-96.67308,WB Ferguson Shell,Convenience Store,3013,-10761598.0390174,,1618256.0,,3873356.62377886,280.0,10290 FERGUSON RD,32.834496,75228,DALLAS,General Retail/Food/Other,,,
,TX,DALLAS,-96.891655,7-Eleven 27334,Convenience Store,3406,-10785929.6967175,,928284.0,,3847603.14655666,282.0,826 E HIGHWAY 67,32.639896,75137,DUNCANVILLE,General Retail/Food/Other,,,
,TX,DALLAS,-96.823151,Seaneen Mart,Convenience Store,2879,-10778303.8663202,,1628829.0,,3860141.47996937,363.0,1041 S BECKLEY AVE,32.734692,75203,DALLAS,General Retail/Food/Other,,,
,TX,DALLAS,-96.768806,Emily Grocery,Convenience Store,3657,-10772254.2085931,,453956.0,,3863163.24737286,364.0,1818 METROPOLITAN AVE,32.757523,75215,DALLAS,General Retail/Food/Other,,,
,TX,DALLAS,-96.753204,Jjmg Food Mart 24/7,Convenience Store,4733,-10770517.4018977,,1631293.0,,3863038.95197298,365.0,4600 MALCOLM X BLVD,32.756584,75215,DALLAS,General Retail/Food/Other,,,
,TX,DALLAS,-96.884811,7-Eleven Store 22889,Convenience Store,1316,-10785167.8261225,,1422850.0,,3879481.02672337,367.0,10998 HARRY HINES BLVD,32.880711,75220,DALLAS,General Retail/Food/Other,,,
,TX,DALLAS,-96.874123,Regal Row Chevron,Convenience Store,3621,-10783978.043405,,1628630.0,,3873586.48802408,368.0,1607 REGAL ROW,32.836231,75247,DALLAS,General Retail/Food/Other,,,
,TX,DALLAS,-96.993927,7-Eleven 27644,Convenience Store,6317,-10797314.5636799,,945902.0,,3871758.16472083,634.0,801 N BELT LINE RD,32.82243,75061,IRVING,General Retail/Food/Other,,,
,TX,DALLAS,-96.631264,Big Five,Convenience Store,1101,-10756943.1031904,,1397596.0,,3861935.70573169,870.0,1499 S PEACHTREE RD,32.748249,75180,BALCH SPRINGS,General Retail/Food/Other,,,
,TX,DALLAS,-96.649765,Store T-24,Convenience Store,8202,-10759002.6250896,,1628627.0,,3876008.6160788,947.0,11740 FERGUSON RD,32.854511,75228,DALLAS,General Retail/Food/Other,,,
,TX,DALLAS,-96.770088,7-Eleven 12137,Convenience Store,5312,-10772396.9201803,,939647.0,,3873089.66892408,970.0,3702 GREENVILLE AVE,32.832481,75206,DALLAS,General Retail/Food/Other,,,
Ste 100,TX,DALLAS,-96.881393,Pay Low Food Beer & Wine,Convenience Store,4937,-10784787.336103,,1635014.0,,3860217.70618223,1148.0,3701 W CLARENDON DR,32.735268,75211,DALLAS,General Retail/Food/Other,,,
Ste 1,TX,DALLAS,-96.743774,Abyssinia Market No,Other,8933,-10769467.6590995,,1627006.0,,3883312.47203319,1149.0,9191 FOREST LN,32.909611,75243,DALLAS,African,Africa,Multiple African Regions,Multiple African
Ste 100,TX,DALLAS,-96.68792,Cherry Grocery Store,Grocery Store,6258,-10763250.0202608,,1397707.0,,3884269.99831126,1151.0,3801 W WALNUT ST,32.916832,75042,GARLAND,General Retail/Food/Other,,,
,TX,DALLAS,-96.710464,Ez Trip Food Store #22,Convenience Store,4340,-10765759.6068612,,1421329.0,,3888090.40545324,1152.0,1031 FRANCES WAY,32.945637,75081,RICHARDSON,General Retail/Food/Other,,,
,TX,DALLAS,-96.981628,Abyssinia Market Irving ,Grocery Store,    ,-10795945.4452627,,1627332.0,,3877699.23382367,1468.0,4010 N BELT LN RD,32.867268,75038,IRVING,African,Africa,Multiple African Regions,Multiple African
,TX,DALLAS,-96.770149,Highland Food Store,Convenience Store,7703,-10772403.7106692,,948561.0,,3869805.75863185,1597.0,1406 GREENVILLE AVE,32.80769,75206,DALLAS,General Retail/Food/Other,,,
Unit 162,TX,DALLAS,-96.790024,Kelley Produce Dfm,Other,    ,-10774616.1855487,,1627921.0,,3865819.56411032,1878.0,920 S HARWOOD,32.777588,75201,DALLAS,Uncategorized,,,
,TX,DALLAS,-96.66172,Dearl's Grocery ,Convenience Store,4152,-10760333.449602,,1320891.0,,3858242.99742815,1880.0,9223 ELAM RD,32.720345,75217,DALLAS,General Retail/Food/Other,,,
Ste 200,TX,DALLAS,-96.630981,Chill Zone Beer & Wine,Convenience Store,3424,-10756911.5997745,,1395157.0,,3879072.36879751,1997.0,3115 S 1ST ST,32.877628,75041,GARLAND,General Retail/Food/Other,,,
Ste 300,TX,DALLAS,-96.701599,KROGER 511,Super Store,4899,-10764772.7595753,,255060.0,,3877472.73498549,2496.0,10677 E NORTHWEST HWY,32.865559,75238,DALLAS,Uncategorized,,,
,TX,DALLAS,-96.599113,Walmart Supercenter 789,Super Store,1656,-10753364.0702419,,250180.0,,3867301.48378806,2647.0,200 US HIGHWAY 80 E,32.78878,75149,MESQUITE,Uncategorized,,,
Ste 105,TX,DALLAS,-96.736603,DOLLAR GENERAL 3560,Discount Retail,4344,-10768669.3870311,,250604.0,,3890369.71408364,2692.0,531 W ARAPAHO RD,32.962818,75080,RICHARDSON,Uncategorized,,,
Ste 221,TX,DALLAS,-96.684555,NEW TRUONG NGUYEN MARKET,Super Store,4016,-10762875.4301743,,244478.0,,3884489.99772677,2928.0,3555 W WALNUT ST,32.918491,75042,GARLAND,Vietnamese,Asia,South Eastern Asia,Vietnam
,TX,DALLAS,-97.016747,DOLLAR GENERAL 4515,Discount Retail,5428,-10799854.8744598,,244599.0,,3861697.86281094,2939.0,508 N CARRIER PKWY,32.746452,75050,GRAND PRAIRIE,Uncategorized,,,
,TX,DALLAS,-96.934326,Target T 1836,Super Store,2142,-10790679.8107092,,245243.0,,3842590.66299662,2992.0,739 N HIGHWAY 67,32.601971,75104,CEDAR HILL,Uncategorized,,,
,TX,DALLAS,-96.942078,DOLLAR GENERAL 8497,Discount Retail,3602,-10791542.7594018,,248319.0,,3846443.44504903,3058.0,1546 S CLARK RD,32.631123,75137,DUNCANVILLE,Uncategorized,,,
,TX,DALLAS,-96.963562,WALGREENS  3847,Pharmacy,3101,-10793934.347342,,269550.0,,3879529.01149278,3260.0,5310 N MACARTHUR BLVD,32.881073,75038,IRVING,Uncategorized,,,
,TX,DALLAS,-96.646782,Target 1489,Super Store,2716,-10758670.5590485,,267426.0,,3890774.12173825,3541.0,5301 N GARLAND AVE,32.965866,75040,GARLAND,Uncategorized,,,
,TX,DALLAS,-96.957474,TOM THUMB  3621,Supermarket,6413,-10793256.6342821,,236670.0,,3876745.68862872,3863.0,4010 N MACARTHUR BLVD,32.860073,75038,IRVING,General Retail/Food/Other,,,
,TX,DALLAS,-96.891541,Walmart SUPERCENTER 5147,Super Store,    ,-10785917.0062956,,287398.0,,3859345.89827388,4084.0,1521 S COCKRELL HILL RD,32.72868,75211,DALLAS,Uncategorized,,,
,TX,DALLAS,-96.75666,SUPER MERCADO MEXICO # 4,Supermarket,5123,-10770902.1220579,,239168.0,,3868917.48131535,4265.0,5535 COLUMBIA AVE,32.800983,75214,DALLAS,Mexican,Americas,Latin America - Central America,Mexico
,TX,DALLAS,-96.63002,Fiesta Mart 54,Super Store,3437,-10756804.6217438,,284355.0,,3879474.39900819,4517.0,2940 S 1ST ST,32.880661,75041,GARLAND,Mexican,Americas,Latin America - Central America,Mexico
,TX,DALLAS,-96.826492,CVS/PHARMACY 7742,Pharmacy,6225,-10778675.784739,,226361.0,,3872642.94710497,4740.0,5659 LEMMON AVE,32.829109,75209,DALLAS,Uncategorized,,,
,TX,DALLAS,-96.960983,KROGER 448,Super Store,3109,-10793647.2543753,,286040.0,,3891422.55643974,4858.0,950 E SANDY LAKE RD,32.970753,75019,COPPELL,Uncategorized,,,
,TX,DALLAS,-96.621956,Walgreens 4340,Pharmacy,8762,-10755906.9413701,,258650.0,,3887285.7684564,5154.0,2614 LAVON DR,32.939571,75040,GARLAND,Uncategorized,,,
,TX,DALLAS,-96.586266,TOM THUMB  1784,Supermarket,6032,-10751933.9487437,,231026.0,,3861649.42126825,5456.0,1501 PIONEER RD,32.746086,75149,MESQUITE,General Retail/Food/Other,,,
,TX,DALLAS,-96.687202,SUPER MERCADO MEXICO # 3,Supermarket,1601,-10763170.0928664,,228350.0,,3860075.31178121,5809.0,7828 LAKE JUNE RD,32.734192,75217,DALLAS,Mexican,Americas,Latin America - Central America,Mexico
,TX,DALLAS,-96.789238,KIEST MARKET,Grocery Store,4122,-10774528.688429,,308464.0,,3860655.88412424,6095.0,3807 E KIEST BLVD,32.738579,75203,DALLAS,General Retail/Food/Other,,,
,TX,DALLAS,-96.831673,JERRYS SUPERMARKET #3,Supermarket,4722,-10779252.5310208,,278236.0,,3861258.71970745,6152.0,532 W JEFFERSON BLVD,32.743134,75208,DALLAS,General Retail/Food/Other,,,
,TX,DALLAS,-96.787849,TOM THUMB 1973,Supermarket,1335,-10774374.0656563,,309801.0,,3875481.48250046,6244.0,7000 SNIDER PLZ,32.850533,75205,DALLAS,General Retail/Food/Other,,,
,TX,DALLAS,-96.634842,SWIFT T # 11,Convenience Store,1149,-10757341.4043284,,276041.0,,3873278.19274144,6392.0,2333 OATES DR,32.833904,75150,MESQUITE,General Retail/Food/Other,,,
,TX,DALLAS,-96.7705,Fiesta Mart 40,Super Store,7453,-10772442.7838105,,280346.0,,3870044.16264033,6564.0,5334 ROSS AVE,32.80949,75206,DALLAS,Mexican,Americas,Latin America - Central America,Mexico
,TX,DALLAS,-96.682999,Walgreens 04267,Pharmacy,4744,-10762702.2170466,,277000.0,,3886050.79915829,6576.0,1902 N JUPITER RD,32.93026,75042,GARLAND,Uncategorized,,,
,TX,DALLAS,-96.578308,Walmart 3225,Super Store,    ,-10751048.0682359,,309499.0,,3883152.0300409,6755.0,2501 LAKEVIEW PKWY,32.908401,75088,ROWLETT,Uncategorized,,,
,TX,DALLAS,-96.699249,CVS/ PHARMACY 6966,Pharmacy,7115,-10764511.158772,,293198.0,,3867733.9661873,7234.0,6004 SAMUELL BLVD,32.792046,75228,DALLAS,Uncategorized,,,
,TX,DALLAS,-96.874168,WALGREENS  3956,Pharmacy,5651,-10783983.052782,,312681.0,,3860051.09431714,7280.0,1104 S WESTMORELAND RD,32.734009,75211,DALLAS,Uncategorized,,,
Ste 1,TX,DALLAS,-96.875298,STOP N BUY,Convenience Store,2998,-10784108.8438066,,232663.0,,3878092.07188439,7295.0,9750 BROCKBANK DR,32.870232,75220,DALLAS,General Retail/Food/Other,,,
,TX,DALLAS,-96.887741,Albertsons 0269,Supermarket,2991,-10785493.9922306,,312393.0,,3891940.32154944,7326.0,2150 N JOSEY LN,32.974655,75006,CARROLLTON,General Retail/Food/Other,,,
,TX,DALLAS,-96.815041,Whole Foods Market 10140,Super Store,1535,-10777401.0652499,,315515.0,,3871558.00832788,7485.0,4100 LOMO ALTO DR,32.820919,75219,DALLAS,Uncategorized,,,
,TX,DALLAS,-96.606361,Walmart SUPERCENTER 2975,Super Store,2586,-10754170.9139112,,291608.0,,3877467.16865589,7578.0,3959 BROADWAY BLVD,32.865517,75043,GARLAND,Uncategorized,,,
,TX,DALLAS,-97.006607,Walmart SUPERCENTER 880,Super Store,5913,-10798726.0948232,,233120.0,,3873639.61578842,7720.0,4100 W AIRPORT FWY,32.836632,75062,IRVING,Uncategorized,,,
,TX,DALLAS,-96.866028,Fiesta Mart 32,Super Store,3555,-10783076.912127,,380409.0,,3877686.51054326,7933.0,9727 WEBB CHAPEL RD,32.867172,75220,DALLAS,Mexican,Americas,Latin America - Central America,Mexico
,TX,DALLAS,-96.934486,DOLLAR GENERAL 7170,Discount Retail,3124,-10790697.6218277,,380478.0,,3870156.8764387,7940.0,400 S NURSERY RD,32.810341,75060,IRVING,Uncategorized,,,
,TX,DALLAS,-96.683952,Albertsons 4260,Supermarket,5477,-10762808.3045213,,380578.0,,3886185.81578491,7950.0,2165 BUCKINGHAM RD,32.931278,75081,RICHARDSON,General Retail/Food/Other,,,
,TX,DALLAS,-96.720451,TOM THUMB  3560,Supermarket,8265,-10766871.3546158,,296764.0,,3881525.98797633,8109.0,8698 SKILLMAN ST,32.896137,75243,DALLAS,General Retail/Food/Other,,,
,TX,DALLAS,-96.65007,KROGER 559,Super Store,5841,-10759036.5775342,,332357.0,,3884020.16672407,8174.0,1406 W WALNUT ST,32.914948,75042,GARLAND,Uncategorized,,,
,TX,DALLAS,-97.016342,CVS/ PHARMACY INC 7421,Pharmacy,4708,-10799809.7900661,,272719.0,,3856834.31888332,8300.0,810 W PIONEER PKWY,32.709698,75051,GRAND PRAIRIE,Uncategorized,,,
,TX,DALLAS,-96.738815,Walmart Supercenter 2427,Super Store,    ,-10768915.6257447,,297044.0,,3883479.41359099,8499.0,9301 FOREST LANE,32.91087,75243,DALLAS,Uncategorized,,,
Ste C,TX,DALLAS,-96.752419,La Michoacana Meat Market 02,Supermarket,4232,-10770430.0160974,,297107.0,,3887292.40058322,8638.0,8702 SPRING VALLEY RD,32.939621,75240,DALLAS,Mexican,Americas,Latin America - Central America,Mexico
,TX,DALLAS,-96.875183,La Michoacana Meat Market 07,Super Store,2524,-10784096.0420652,,274004.0,,3862321.00291502,8787.0,833 N WESTMORELAND RD,32.75116,75211,DALLAS,Mexican,Americas,Latin America - Central America,Mexico
,TX,DALLAS,-97.003349,TOM THUMB  1786,Supermarket,3203,-10798363.4159222,,297668.0,,3851748.22797765,8874.0,4215 S CARRIER PKWY,32.671246,75052,GRAND PRAIRIE,General Retail/Food/Other,,,
,TX,DALLAS,-96.855812,TOM THUMB  3623,Supermarket,3938,-10781939.672209,,381996.0,,3842761.52167972,8958.0,210 E PLEASANT RUN RD,32.603264,75115,DESOTO,General Retail/Food/Other,,,
Ste 124,TX,DALLAS,-96.610352,DOLLAR GENERAL 8993,Discount Retail,5738,-10754615.1899989,,383772.0,,3868039.07048987,9048.0,2110 N GALLOWAY AVE,32.79435,75150,MESQUITE,Uncategorized,,,
,TX,DALLAS,-96.856514,CVS/ PHARMACY INC 6781,Pharmacy,1637,-10782017.8184916,,355882.0,,3858248.55467848,9073.0,2323 W ILLINOIS AVE,32.720387,75224,DALLAS,Uncategorized,,,
Ste 412,TX,DALLAS,-96.890175,DOLLAR GENERAL 2939,Discount Retail,7664,-10785764.9438712,,355326.0,,3889005.33922027,9262.0,1103 S JOSEY LN,32.952534,75006,CARROLLTON,Uncategorized,,,
,TX,DALLAS,-96.739517,SARAS MEDITERRANEAN FOOD,Super Store,4028,-10768993.7720272,,290356.0,,3887621.35877912,9429.0,750 S SHERMAN ST,32.942101,75081,RICHARDSON,Middle Eastern,Asia,Western Asia,Multiple Western Asian
,TX,DALLAS,-96.908379,COX FARMS MARKET,Supermarket,2320,-10787791.4038816,,349235.0,,3847763.5017876,9885.0,1026 S MAIN ST,32.641109,75137,DUNCANVILLE,General Retail/Food/Other,,,
,TX,DALLAS,-96.922798,TOM THUMB  3563,Supermarket,4517,-10789396.5196193,,351871.0,,3848721.71257771,10687.0,633 W WHEATLAND RD,32.648357,75116,DUNCANVILLE,General Retail/Food/Other,,,
,TX,DALLAS,-96.749229,TOM THUMB  2526,Supermarket,    ,-10770074.9069218,,437147.0,,3890313.06097585,10823.0,39 ARAPAHO VILLAGE,32.962391,75080,RICHARDSON,General Retail/Food/Other,,,
,TX,DALLAS,-96.681343,DOLLAR GENERAL 1220,Discount Retail,5466,-10762517.8719698,,452230.0,,3890267.95096871,10892.0,5112 N JUPITER RD,32.962051,75044,GARLAND,Uncategorized,,,
,TX,DALLAS,-96.57177,QuikTrip 1922,Convenience Store,    ,-10750320.2614051,,1594593.0,,3855766.44433536,10999.0,5065 LAWSON RD,32.701626,75181,MESQUITE,General Retail/Food/Other,,,
,TX,DALLAS,-96.802399,TOM THUMB  3597,Supermarket,2711,-10775993.7642473,,317988.0,,3883482.3307799,11049.0,11920 PRESTON RD,32.910892,75230,DALLAS,General Retail/Food/Other,,,
,TX,DALLAS,-97.035652,Walmart STORE 896,Super Store,3926,-10801959.3694333,,342686.0,,3852307.6278072,11302.0,2225 W INTERSTATE 20,32.675476,75052,GRAND PRAIRIE,Uncategorized,,,
,TX,DALLAS,-96.992004,TOM THUMB  1781,Supermarket,2138,-10797100.4962992,,339842.0,,3891398.27432187,11480.0,106 N DENTON TAP RD,32.97057,75019,COPPELL,General Retail/Food/Other,,,
,TX,DALLAS,-96.76696,TOM THUMB  2642,Supermarket,4324,-10772048.7128131,,342875.0,,3875559.26568238,11564.0,5809 E LOVERS LN,32.85112,75206,DALLAS,General Retail/Food/Other,,,
,TX,DALLAS,-96.583542,TOM THUMB  4606,Supermarket,    ,-10751630.7144508,,256065.0,,3861630.23000173,11783.0,1509 PIONEER RD,32.745941,75149,MESQUITE,General Retail/Food/Other,,,
,TX,DALLAS,-96.936859,ALBERTSONS 4133,Supermarket,6027,-10790961.7829794,,339383.0,,3841271.57954567,12693.0,427 E FM 1382,32.591988,75104,CEDAR HILL,General Retail/Food/Other,,,
,TX,DALLAS,-96.641983,E Z SHOP #7,Convenience Store,4911,-10758136.3368122,,396087.0,,3876822.02240745,12892.0,4616 NORTHWEST HWY,32.860649,75043,GARLAND,General Retail/Food/Other,,,
,TX,DALLAS,-96.596413,DOLLAR GENERAL 13077,Discount Retail,    ,-10753063.5076168,,396155.0,,3862162.96469081,12912.0,1300 BELTLINE RD,32.749966,75149,MESQUITE,Uncategorized,,,
,TX,DALLAS,-96.646049,Walgreens 03824,Pharmacy,2231,-10758588.9618618,,397337.0,,3871869.30531317,12952.0,4435 GUS THOMASSON RD,32.823269,75150,MESQUITE,Uncategorized,,,
,TX,DALLAS,-96.646255,Albertsons 4129,Supermarket,3425,-10758611.8936769,,265405.0,,3869141.29916275,13202.0,2828 MOTLEY DR,32.802673,75150,MESQUITE,General Retail/Food/Other,,,
,TX,DALLAS,-96.656494,Pak Bros Llc,Convenience Store,4918,-10759751.6939431,,1605306.0,,3863804.46831889,13474.0,9602 SCYENE RD,32.762367,75227,DALLAS,General Retail/Food/Other,,,
,TX,DALLAS,-96.681915,Raceway 6980,Convenience Store,5608,-10762581.5467186,,1578256.0,,3869309.62887974,13479.0,3516 N BUCKNER BLVD,32.803944,75228,DALLAS,General Retail/Food/Other,,,
,TX,DALLAS,-96.89151,Walgreens 04459,Pharmacy,9668,-10785913.5553914,,456546.0,,3852487.752255,13504.0,8120 S COCKRELL HILL RD,32.676838,75236,DALLAS,Uncategorized,,,
,TX,DALLAS,-96.735741,CVS/ PHARMACY 6965,Pharmacy,4901,-10768573.42963,,454785.0,,3879265.09768628,13934.0,7203 SKILLMAN ST,32.879082,75231,DALLAS,Uncategorized,,,
,TX,DALLAS,-96.642502,Walmart 1055,Super Store,    ,-10758194.1116279,,457504.0,,3890314.52042015,13957.0,5302 N GARLAND AVE,32.962402,75040,GARLAND,Uncategorized,,,
,TX,DALLAS,-96.857635,WALGREENS 6197,Pharmacy,4015,-10782142.6076408,,320484.0,,3854407.00199351,14061.0,2401 W LEDBETTER DR,32.691349,75233,DALLAS,Uncategorized,,,
,TX,DALLAS,-96.737846,DOLLAR GENERAL 4203,Discount Retail,3399,-10768807.7571581,,320911.0,,3892249.63806954,14099.0,521 W CAMPBELL RD,32.976986,75080,RICHARDSON,Uncategorized,,,
,TX,DALLAS,-96.857101,DOLLAR GENERAL 9628,Discount Retail,5745,-10782083.1630327,,321045.0,,3840358.7588835,14136.0,327 S HAMPTON RD,32.585079,75115,DESOTO,Uncategorized,,,
,TX,DALLAS,-96.993652,WALGREENS 7354,Pharmacy,4016,-10797283.95082,,371349.0,,3872517.09437632,14357.0,1330 N BELT LINE RD,32.828159,75061,IRVING,Uncategorized,,,
,TX,DALLAS,-96.803238,TOM THUMB  3522,Supermarket,    ,-10776087.1613001,,372399.0,,3881369.68023785,14361.0,522 PRESTON ROYAL,32.894958,75230,DALLAS,General Retail/Food/Other,,,
Ste 56,TX,DALLAS,-96.647247,DOLLAR GENERAL 1801,Discount Retail,1753,-10758722.3226117,,371425.0,,3872233.06958669,14491.0,4550 GUS THOMASSON RD,32.826015,75150,MESQUITE,Uncategorized,,,
,TX,DALLAS,-96.604256,TOM THUMB  2578,Supermarket,2862,-10753936.586383,,457677.0,,3887134.55698238,14498.0,2535 FIREWHEEL PKWY,32.938431,75040,GARLAND,General Retail/Food/Other,,,
,TX,DALLAS,-96.960091,KROGER 495,Super Store,2730,-10793547.9573895,,360677.0,,3870018.8650971,15023.0,515 S MACARTHUR BLVD,32.809299,75060,IRVING,Uncategorized,,,
,TX,DALLAS,-96.84816,SUPER MERCADO MEXICO # 1,Grocery Store,5841,-10781087.8554655,,441834.0,,3860986.48037134,15109.0,501 S ROSEMONT AVE,32.741077,75208,DALLAS,Mexican,Americas,Latin America - Central America,Mexico
Ste 200,TX,DALLAS,-96.687164,DOLLAR GENERAL 9369,Discount Retail,2518,-10763165.8627257,,442683.0,,3875454.18562843,15363.0,11255 GARLAND RD,32.850327,75218,DALLAS,Uncategorized,,,
,TX,DALLAS,-96.684319,Fiesta Mart 57,Super Store,6908,-10762849.1587744,,361068.0,,3863703.99394601,15504.0,2951 S BUCKNER BLVD,32.761608,75227,DALLAS,Mexican,Americas,Latin America - Central America,Mexico
,TX,DALLAS,-96.784325,STOP AND SAVE FOOD STORE,Convenience Store,4750,-10773981.7757707,,413662.0,,3857126.04323834,15594.0,3525 SUNNYVALE ST,32.711903,75216,DALLAS,General Retail/Food/Other,,,
,TX,DALLAS,-96.801857,Whole Foods Market 10227,Super Store,6112,-10775933.4290833,,437977.0,,3883169.26750519,15617.0,11700 PRESTON RD,32.908531,75230,DALLAS,Uncategorized,,,
,TX,DALLAS,-96.863052,WALGREENS  4746,Pharmacy,2420,-10782745.6253224,,361314.0,,3889083.2120428,15792.0,3400 BELT LINE RD,32.953121,75234,DALLAS,Uncategorized,,,
,TX,DALLAS,-96.598312,KROGER 403,Super Store,5700,-10753274.9033298,,437418.0,,3873888.69678613,15972.0,532 W INTERSTATE 30,32.838512,75043,GARLAND,Uncategorized,,,
,TX,DALLAS,-96.832298,KROGER 213,Super Store,1831,-10779322.1057025,,417613.0,,3858631.61431284,16313.0,752 WYNNEWOOD VILLAGE SHP CTR,32.723282,75224,DALLAS,Uncategorized,,,
,TX,DALLAS,-96.855804,Walgreens 3879,Pharmacy,4953,-10781938.7816531,,376935.0,,3876774.57878529,16360.0,3732 W NORTHWEST HWY,32.860291,75220,DALLAS,Uncategorized,,,
,TX,DALLAS,-96.768723,Tonys Neighborhood Food Store,Convenience Store,1003,-10772244.9690753,,474793.0,,3868795.77386943,16705.0,820 N FITZHUGH AVE,32.800064,75246,DALLAS,General Retail/Food/Other,,,
,TX,DALLAS,-96.935005,Fiesta Mart 53,Super Store,3151,-10790755.3966434,,330068.0,,3870502.97149779,17087.0,975 E IRVING BLVD,32.812954,75060,IRVING,Mexican,Americas,Latin America - Central America,Mexico
Ste 200,TX,DALLAS,-97.026535,DOLLAR GENERAL 1604,Discount Retail,1818,-10800944.4696357,,403906.0,,3850173.85137263,17168.0,1690 W POLO RD,32.65934,75052,GRAND PRAIRIE,Uncategorized,,,
,TX,DALLAS,-96.947861,SAVERS COST PLUS # 525,Super Store,8421,-10792186.5200171,,404012.0,,3871256.78665926,17183.0,504 N O CONNOR RD,32.818645,75061,IRVING,Uncategorized,,,
,TX,DALLAS,-96.570061,WALGREENS 07737,Pharmacy,3368,-10750130.0163954,,503300.0,,3883061.60006603,17400.0,3435 LAKEVIEW PKWY,32.907719,75088,ROWLETT,Uncategorized,,,
,TX,DALLAS,-96.55265,KROGER 893,Super Store,    ,-10748191.8327412,,503883.0,,3861330.8502882,17465.0,1919 FAITHON LUCAS,32.743679,75181,MESQUITE,Uncategorized,,,
,TX,DALLAS,-96.520172,DOLLAR GENERAL  8785,Discount Retail,9302,-10744576.3983192,,504011.0,,3884096.54779145,17481.0,8400 LAKEVIEW PKWY,32.915524,75088,ROWLETT,Uncategorized,,,
Ste 112,TX,DALLAS,-96.583626,DOLLAR GENERAL 3163,Discount Retail,5286,-10751640.065288,,476463.0,,3863423.75572182,18064.0,625 PIONEER RD,32.759491,75149,MESQUITE,Uncategorized,,,
,TX,DALLAS,-96.768814,Target Store 1775,Super Store,    ,-10772255.099149,,475130.0,,3892020.33700924,18114.0,16371 COIT RD,32.975258,75248,DALLAS,Uncategorized,,,
,TX,DALLAS,-96.956619,Cedar Hill Farmers Market ,Farmers and Markets,2678,-10793161.4561174,,1594446.0,,3840718.11829609,18252.0,300 HOUSTON ST,32.587799,75104,CEDAR HILL,General Retail/Food/Other,,,
,TX,DALLAS,-97.004517,Flowers Bakery Outlet 550,Convenience Store,    ,-10798493.4370875,,477875.0,,3856897.42598975,18303.0,180 W PIONEER PKWY,32.710175,75051,GRAND PRAIRIE,General Retail/Food/Other,,,
,TX,DALLAS,-96.756241,Mr K Convenience Store,Convenience Store,4307,-10770855.4791913,,1598815.0,,3863367.23233385,18397.0,4302 MALCOLM X BLVD,32.759064,75215,DALLAS,General Retail/Food/Other,,,
,TX,DALLAS,-96.750488,Fair Park Grocery,Convenience Store,1122,-10770215.0581607,,477437.0,,3865504.45511862,18920.0,2203 LAGOW ST,32.775208,75210,DALLAS,General Retail/Food/Other,,,
,TX,DALLAS,-97.004639,WALGREENS 03886,Pharmacy,3213,-10798507.0180653,,482508.0,,3851590.33125854,19112.0,4202 S CARRIER PKWY,32.670052,75052,GRAND PRAIRIE,Uncategorized,,,
,TX,DALLAS,-96.821503,TOM THUMB 2990,Supermarket,4898,-10778120.4117994,,540797.0,,3874675.721412,19130.0,7117 INWOOD RD,32.844452,75209,DALLAS,General Retail/Food/Other,,,
,TX,DALLAS,-96.770271,KROGER 518,Super Store,5380,-10772417.2916471,,481365.0,,3873643.06048965,19370.0,5665 E MOCKINGBIRD LN,32.836658,75206,DALLAS,Uncategorized,,,
,TX,DALLAS,-96.634895,KROGER 450,Super Store,6200,-10757347.3042615,,480897.0,,3870591.84791408,19843.0,3600 GUS THOMASSON RD,32.813625,75150,MESQUITE,Uncategorized,,,
,TX,DALLAS,-97.018181,Albertsons 4231,Supermarket,5425,-10800014.5066096,,540698.0,,3861366.18781631,19932.0,215 N CARRIER PKWY,32.743946,75050,GRAND PRAIRIE,General Retail/Food/Other,,,
,TX,DALLAS,-96.982925,La Michoacana Meat Market 10,Supermarket,6032,-10796089.8266422,,388521.0,,3861899.83707082,20175.0,1630 E MAIN ST,32.747978,75050,GRAND PRAIRIE,Mexican,Americas,Latin America - Central America,Mexico
,TX,DALLAS,-96.837303,QuikTrip 936,Convenience Store,5904,-10779879.2597539,,429089.0,,3873269.58125736,20742.0,3230 W MOCKINGBIRD LN,32.833839,75235,DALLAS,General Retail/Food/Other,,,
,TX,DALLAS,-96.642097,TOM THUMB 2561,Supermarket,5827,-10758149.0272342,,428155.0,,3877110.13387888,20839.0,925 NORTHWEST HWY,32.862823,75041,GARLAND,General Retail/Food/Other,,,
,TX,DALLAS,-96.909241,KROGER  527,Super Store,3329,-10787887.3612826,,428179.0,,3850349.84425752,20872.0,200 W CAMP WISDOM RD,32.660671,75116,DUNCANVILLE,Uncategorized,,,
,TX,DALLAS,-96.681625,Foodland Markets #3,Super Store,1742,-10762549.2640662,,432879.0,,3860179.85768858,20938.0,1314 S BUCKNER BLVD,32.734982,75217,DALLAS,Uncategorized,,,
,TX,DALLAS,-96.857513,CVS/ PHARMACY 7456,Pharmacy,2625,-10782129.0266629,,629475.0,,3861898.38114962,21038.0,2427 W JEFFERSON BLVD,32.747967,75211,DALLAS,Uncategorized,,,
,TX,DALLAS,-96.908272,La Potosina Carniceria,Grocery Store,3243,-10787779.4926961,,400454.0,,3865883.24892612,21336.0,5302 SINGLETON BLVD,32.778069,75212,DALLAS,Mexican,Americas,Latin America - Central America,Mexico
,TX,DALLAS,-96.739014,Walgreens 05162,Pharmacy,7604,-10768937.7783234,,628259.0,,3881134.62595225,21448.0,8310 ABRAMS RD,32.893185,75243,DALLAS,Uncategorized,,,
,TX,DALLAS,-96.59774,Walmart SUPERCENTER 3224,Super Store,5702,-10753211.228581,,403290.0,,3874399.19682561,21461.0,555 W I 30,32.842365,75043,GARLAND,Uncategorized,,,
,TX,DALLAS,-96.773659,Gold Star Food Mart,Convenience Store,7515,-10772794.4420819,,1656344.0,,3854848.53572495,21783.0,2837 E LEDBETTER DR,32.694687,75216,DALLAS,General Retail/Food/Other,,,
,TX,DALLAS,-96.805229,TOM THUMB  3650,Supermarket,9116,-10776308.7984062,,406601.0,,3888998.7061247,21955.0,14999 PRESTON RD,32.952484,75254,DALLAS,General Retail/Food/Other,,,
,TX,DALLAS,-96.82196,Walmart Supercenter 471,Super Store,1844,-10778171.2848067,,507656.0,,3841182.79146802,22084.0,150 N INTERSTATE 35 E,32.591316,75146,LANCASTER,Uncategorized,,,
,TX,DALLAS,-96.891533,QuikTrip 925,Convenience Store,2623,-10785916.1157397,,567235.0,,3847942.10279497,22184.0,925 S COCKRELL HILL RD,32.64246,75137,DUNCANVILLE,General Retail/Food/Other,,,
,TX,DALLAS,-96.975128,KROGER 429,Super Store,4345,-10795221.8685725,,566515.0,,3872628.37461484,22292.0,2201 W GRAUWYLER RD,32.828999,75061,IRVING,Uncategorized,,,
,TX,DALLAS,-96.665894,CVS/ PHARMACY 6847,Pharmacy,6439,-10760798.0971566,,407404.0,,3884203.6942931,22759.0,2510 W WALNUT ST,32.916332,75042,GARLAND,Uncategorized,,,
,TX,DALLAS,-96.597557,DOLLAR GENERAL  3277,Discount Retail,3644,-10753190.8571142,,409972.0,,3874932.50952898,22819.0,6551 DUCK CREEK DR,32.84639,75043,GARLAND,Uncategorized,,,
,TX,DALLAS,-96.702156,Albertsons 4289,Supermarket,3414,-10764834.7645317,,563877.0,,3873408.55813197,22840.0,320 CASA LINDA PLZ,32.834888,75218,DALLAS,General Retail/Food/Other,,,
Ste 500,TX,DALLAS,-96.823433,KROGER 545,Super Store,    ,-10778335.2584166,,407622.0,,3843078.00657514,22868.0,1001 N BECKLEY,32.605659,75115,DESOTO,Uncategorized,,,
,TX,DALLAS,-96.766922,Fiesta Mart 58,Super Store,3827,-10772044.4826724,,411039.0,,3887192.65379181,22952.0,8060 SPRING VALLEY RD,32.938869,75240,DALLAS,Mexican,Americas,Latin America - Central America,Mexico
,TX,DALLAS,-96.829659,WALGREENS 4203,Pharmacy,2204,-10779028.3335663,,411139.0,,3858237.44018044,22985.0,438 W ILLINOIS AVE,32.720303,75224,DALLAS,Uncategorized,,,
,TX,DALLAS,-97.014565,Walgreens 3885,Pharmacy,1511,-10799611.9753309,,304147.0,,3861021.41982764,23006.0,507 S CARRIER PKWY,32.741341,75051,GRAND PRAIRIE,Uncategorized,,,
,TX,DALLAS,-96.91877,KWIK PIK FOOD STORE # 8,Convenience Store,3100,-10788948.1247104,,303512.0,,3872801.65593901,23468.0,1914 E GRAUWYLER RD,32.830307,75061,IRVING,General Retail/Food/Other,,,
,TX,DALLAS,-96.745049,KROGER 588,Super Store,4202,-10769609.5914503,,306778.0,,3883113.70992252,23671.0,9140 FOREST LN,32.908112,75243,DALLAS,Uncategorized,,,
Ste 110,TX,DALLAS,-97.012115,DOLLAR GENERAL 3247,Discount Retail,6466,-10799339.2425785,,303667.0,,3853616.8327434,23682.0,3480 S CARRIER PKWY,32.685375,75052,GRAND PRAIRIE,Uncategorized,,,
,TX,DALLAS,-96.820168,Super Mercado Monterrey,Super Store,2632,-10777971.8002792,,306851.0,,3861485.30385969,23689.0,300 E JEFFERSON BLVD,32.744846,75203,DALLAS,Mexican,Americas,Latin America - Central America,Mexico
,TX,DALLAS,-96.924149,DOLLAR GENERAL 3896,Discount Retail,4521,-10789546.9122514,,367311.0,,3848482.68142456,24127.0,728 W WHEATLAND RD,32.646549,75116,DUNCANVILLE,Uncategorized,,,
,TX,DALLAS,-96.802139,TOM THUMB  2503,Supermarket,5317,-10775964.8211797,,596612.0,,3877299.78240446,24293.0,4001 VILLANOVA ST,32.864254,75225,DALLAS,General Retail/Food/Other,,,
Ste 102,TX,DALLAS,-96.73645,Richland Market Grocery Inc.,Other,2111,-10768652.355149,,443887.0,,3885168.45468417,24510.0,9410 WALNUT ST,32.923607,75243,DALLAS,Uncategorized,,,
,TX,DALLAS,-96.836021,La Michoacana Meat Market 13,Supermarket,4923,-10779736.5481667,,597503.0,,3861258.71970745,24534.0,800 W JEFFERSON BLVD,32.743134,75208,DALLAS,Mexican,Americas,Latin America - Central America,Mexico
,TX,DALLAS,-96.840179,Malone's Cost Plus 3,Super Store,4423,-10780199.4146095,,444807.0,,3855045.76298682,25116.0,323 GOLDEN TRIANGLE SHP CTR,32.696178,75224,DALLAS,Uncategorized,,,
,TX,DALLAS,-96.762871,Walgreens 04624,Pharmacy,2404,-10771593.5274152,,446279.0,,3865520.60755948,25519.0,1461 ROBERT B CULLUM BLVD,32.77533,75210,DALLAS,Uncategorized,,,
Ste E,TX,DALLAS,-96.86953,Texas Food Mart,Convenience Store,3575,-10783466.7529837,,1632720.0,,3848437.86362134,25709.0,2984 W WHEATLAND RD,32.64621,75237,DALLAS,General Retail/Food/Other,,,
,TX,DALLAS,-96.621971,WALGREENS 4662,Pharmacy,3733,-10755908.6111624,,420013.0,,3879279.28074864,26169.0,3045 BROADWAY BLVD,32.879189,75041,GARLAND,Uncategorized,,,
,TX,DALLAS,-96.768822,HEB Central Market 552,Supermarket,2921,-10772255.9897049,,370981.0,,3875538.59412216,26339.0,5750 E LOVERS LN,32.850964,75206,DALLAS,General Retail/Food/Other,,,
,TX,DALLAS,-96.744537,TARGET STORE T 1784,Super Store,7109,-10769552.595871,,420449.0,,3877359.42093802,26669.0,6419 SKILLMAN ST,32.864704,75231,DALLAS,Uncategorized,,,
,TX,DALLAS,-96.856956,TOM THUMB  3614,Supermarket,5618,-10782067.0217065,,716935.0,,3861132.45916581,26672.0,315 S HAMPTON RD,32.74218,75208,DALLAS,General Retail/Food/Other,,,
Ste 101,TX,DALLAS,-97.014503,Rns Final Stop n/a,Convenience Store,5645,-10799605.0735225,,1073429.0,,3855463.1125548,26973.0,3005 S CARRIER PKWY,32.699333,75052,GRAND PRAIRIE,General Retail/Food/Other,,,
,TX,DALLAS,-96.773636,Jimmy's Food Store,Super Store,7613,-10772791.8817336,,420861.0,,3869334.39513877,27349.0,4901 BRYAN ST,32.804131,75206,DALLAS,Uncategorized,,,
Ste 107,TX,DALLAS,-96.61039,MINIT MARKIT,Convenience Store,3459,-10754619.4201396,,421921.0,,3875628.56867829,27553.0,5150 DUCK CREEK DR,32.851643,75043,GARLAND,General Retail/Food/Other,,,
,TX,DALLAS,-96.609375,Walmart SUPERCENTER  2976,Super Store,4743,-10754506.4308564,,486383.0,,3870410.51954442,27603.0,915 N TOWN EAST BLVD,32.812256,75150,MESQUITE,Uncategorized,,,
,TX,DALLAS,-96.674706,Walmart NEIGHBORHOOD MKT  5021,Super Store,3002,-10761779.0445094,,722326.0,,3873558.66559983,28091.0,2275 GUS THOMASSON RD,32.836021,75228,DALLAS,Uncategorized,,,
,TX,DALLAS,-96.595329,Albertsons 4187,Supermarket,5943,-10752942.8372887,,512741.0,,3861549.49467089,28149.0,1500 S BELT LINE RD,32.745331,75149,MESQUITE,General Retail/Food/Other,,,
Ste 203,TX,DALLAS,-96.857307,LA AZTECA MEAT MARKET,Supermarket,4961,-10782106.0948478,,511100.0,,3877057.12295842,28439.0,3701 W NORTHWEST HWY,32.862423,75220,DALLAS,Mexican,Americas,Latin America - Central America,Mexico
,TX,DALLAS,-96.750969,Joppy Momma Farm,Farmers and Markets,4113,-10770268.6028358,,1583989.0,,3857781.09322281,28576.0,7728 CARBONDALE ST,32.716854,75216,DALLAS,General Retail/Food/Other,,,
,TX,DALLAS,-96.932892,Walgreens 05210,Pharmacy,2210,-10790520.1785594,,509834.0,,3841018.95807239,28674.0,501 E BELT LINE RD,32.590076,75104,CEDAR HILL,Uncategorized,,,
,TX,DALLAS,-96.959961,EAGLE FOOD MART,Convenience Store,4757,-10793533.4858557,,719789.0,,3862091.75552999,28886.0,3002 E MAIN ST,32.749428,75050,GRAND PRAIRIE,General Retail/Food/Other,,,
,TX,DALLAS,-96.672073,CVS/PHARMACY 7739,Pharmacy,3015,-10761485.9402902,,718891.0,,3873459.16784972,28962.0,10306 FERGUSON RD,32.83527,75228,DALLAS,Uncategorized,,,
,TX,DALLAS,-96.833054,Fiesta Mart 29,Super Store,    ,-10779406.2632376,,492732.0,,3861265.73422162,29184.0,611 W JEFFERSON BLVD,32.743187,75208,DALLAS,Mexican,Americas,Latin America - Central America,Mexico
,TX,DALLAS,-96.65728,Shell/Kwik Mart/Popeyes 4586,Convenience Store,2637,-10759839.1910629,,689280.0,,3860018.27510092,29288.0,9540 LAKE JUNE RD,32.733761,75217,DALLAS,General Retail/Food/Other,,,
,TX,DALLAS,-96.967888,Walmart SUPERCENTER  2649,Super Store,7239,-10794415.9154592,,686314.0,,3884589.72154468,29374.0,1635 MARKET PL,32.919243,75063,IRVING,Uncategorized,,,
,TX,DALLAS,-96.689323,Walmart  2667,Super Store,6166,-10763406.2015064,,691140.0,,3868015.23393157,29496.0,7401 SAMUELL BLVD,32.79417,75228,DALLAS,Uncategorized,,,
,TX,DALLAS,-96.604645,KROGER 461,Super Store,4202,-10753979.889665,,425067.0,,3891351.16981044,29508.0,5190 HIGHWAY 78,32.970215,75048,SACHSE,Uncategorized,,,
,TX,DALLAS,-96.767601,KROGER 517,Super Store,    ,-10772120.0686067,,425493.0,,3889055.35288163,29723.0,160 NORTH COIT RD,32.952911,75080,RICHARDSON,Uncategorized,,,
,TX,DALLAS,-96.812172,KROGER 528,Super Store,3522,-10777081.6896308,,462252.0,,3870554.49589582,30215.0,4142 CEDAR SPRINGS RD,32.813343,75219,DALLAS,Uncategorized,,,
,TX,DALLAS,-96.840607,DOLLAR GENERAL 8278,Discount Retail,4012,-10780247.0593515,,494444.0,,3843263.54069462,30320.0,1010 N POLK ST,32.607063,75115,DESOTO,Uncategorized,,,
,TX,DALLAS,-97.017479,Family Dollar 7830,Discount Retail,3301,-10799936.3603271,,836948.0,,3862926.30626239,30326.0,1054 N CARRIER PKWY,32.755733,75050,GRAND PRAIRIE,Uncategorized,,,
Ste A,TX,DALLAS,-96.941719,DOLLAR GENERAL 3351,Discount Retail,2274,-10791502.7957046,,461640.0,,3841112.76562638,30512.0,103 E BELT LINE RD,32.590786,75104,CEDAR HILL,Uncategorized,,,
,TX,DALLAS,-96.952248,Walgreens 3921,Pharmacy,5002,-10792674.8786232,,461096.0,,3887454.35828397,30950.0,10001 N MACARTHUR BLVD,32.940842,75063,IRVING,Uncategorized,,,
,TX,DALLAS,-96.770508,El Rancho 1614,Super Store,2862,-10772443.6743664,,838402.0,,3887688.08005474,31108.0,14211 COIT RD,32.942604,75254,DALLAS,Mexican,Americas,Latin America - Central America,Mexico
Ste 105,TX,DALLAS,-96.943726,DOLLAR GENERAL 0743,Discount Retail,2639,-10791726.2139226,,570002.0,,3872840.60484483,31744.0,245 E GRAUWYLER RD,32.830601,75061,IRVING,Uncategorized,,,
,TX,DALLAS,-96.593925,Albertsons 4265,Supermarket,5818,-10752786.5447237,,570481.0,,3874892.49367444,31939.0,5710 BROADWAY BLVD,32.846088,75043,GARLAND,General Retail/Food/Other,,,
,TX,DALLAS,-96.697342,Walmart NEIGHBORHOOD MARKET  2974,Super Store,5304,-10764298.872503,,555829.0,,3886204.51663861,32008.0,1501 BUCKINGHAM RD,32.931419,75081,RICHARDSON,Uncategorized,,,
,TX,DALLAS,-96.803268,Fiesta Mart 34,Super Store,4455,-10776090.5008848,,472437.0,,3856931.16263159,32159.0,3030 S LANCASTER RD,32.71043,75216,DALLAS,Mexican,Americas,Latin America - Central America,Mexico
,TX,DALLAS,-96.934578,CVS/PHARMACY 7679,Pharmacy,3150,-10790707.8632209,,489379.0,,3870320.5848883,32254.0,934 E IRVING BLVD,32.811577,75060,IRVING,Uncategorized,,,
,TX,DALLAS,-96.56942,DOLLAR GENERAL 4540,Discount Retail,3402,-10750058.6606018,,572752.0,,3883438.44042329,33020.0,5610 ROWLETT RD,32.910561,75089,ROWLETT,Uncategorized,,,
,TX,DALLAS,-96.855698,TOM THUMB 2643,Supermarket,3857,-10781926.9817871,,571438.0,,3887193.71492342,33111.0,14280 MARSH LN,32.938877,75001,ADDISON,General Retail/Food/Other,,,
,TX,DALLAS,-96.698738,DOLLAR GENERAL 1896,Discount Retail,4201,-10764454.2745122,,499116.0,,3886175.7359045,33144.0,1464 W BUCKINGHAM RD,32.931202,75042,GARLAND,Uncategorized,,,
,TX,DALLAS,-96.789764,Walgreens 03957,Pharmacy,1328,-10774587.2424811,,495510.0,,3853660.74434416,33236.0,5101 S LANCASTER RD,32.685707,75241,DALLAS,Uncategorized,,,
,TX,DALLAS,-96.94194,KROGER 436,Super Store,2146,-10791527.3973121,,496172.0,,3842105.18936929,33327.0,235 E FM 1382,32.598297,75104,CEDAR HILL,Uncategorized,,,
,TX,DALLAS,-96.54068,DOLLAR GENERAL 4497,Discount Retail,1832,-10746859.3384364,,490855.0,,3848673.32424397,33367.0,607 N HIGHWAY 175,32.647991,75159,SEAGOVILLE,Uncategorized,,,
Ste 104,TX,DALLAS,-96.91124,Apna Bazaar Grocery,Grocery Store,3181,-10788109.8889447,,494900.0,,3891181.06439053,33874.0,2000 OLD DENTON RD,32.968933,75006,CARROLLTON,General Retail/Food/Other,,,
,TX,DALLAS,-96.96096,KROGER 577,Super Store,7511,-10793644.694027,,466187.0,,3883234.50490686,34012.0,7505 N MACARTHUR BLVD,32.909023,75063,IRVING,Uncategorized,,,
Ste 360,TX,DALLAS,-96.719048,Hong Kong Market Place,Super Store,2356,-10766715.1733702,,466803.0,,3884948.84039843,34079.0,9780 WALNUT ST,32.921951,75243,DALLAS,Chinese,Asia,Eastern Asia,China
,TX,DALLAS,-96.752258,TARGET STORE T 55,Super Store,    ,-10770412.0936594,,799092.0,,3876325.59666827,34577.0,212 MEDALLION SHOPPING CTR,32.856903,75214,DALLAS,Uncategorized,,,
,TX,DALLAS,-96.75412,TOM THUMB  2534,Supermarket,2692,-10770619.3705513,,534052.0,,3873750.77415642,35141.0,6333 E MOCKINGBIRD LN,32.837471,75214,DALLAS,General Retail/Food/Other,,,
,TX,DALLAS,-96.716904,Meez Food Mart,Convenience Store,1204,-10766476.5043819,,534782.0,,3881258.44978931,35238.0,10020 ROYAL LN,32.894119,75238,DALLAS,General Retail/Food/Other,,,
,TX,DALLAS,-96.631447,Dollar Tree 6547,Discount Retail,7941,-10756963.4746572,,841909.0,,3881970.13073377,35703.0,1501 S 1ST ST,32.899487,75040,GARLAND,Uncategorized,,,
,TX,DALLAS,-96.649017,Dollar Tree 8042,Discount Retail,6800,-10758919.3581104,,841911.0,,3887906.68442786,35709.0,1446 BELT LINE RD,32.944252,75044,GARLAND,Uncategorized,,,
,TX,DALLAS,-96.915558,DOLLAR GENERAL 1826,Discount Retail,2628,-10788590.566506,,606392.0,,3850431.56085307,35902.0,422 W CAMP WISDOM RD,32.661289,75116,DUNCANVILLE,Uncategorized,,,
Ste 200,TX,DALLAS,-96.698334,DOLLAR GENERAL 0584,Discount Retail,    ,-10764409.3014379,,700352.0,,3886204.11874779,36067.0,1455 BUCKINHAM RD,32.931416,75081,RICHARDSON,Uncategorized,,,
,TX,DALLAS,-96.890022,Walgreens 03803,Pharmacy,2903,-10785747.9119891,,473690.0,,3891722.17272283,36768.0,2141 N JOSEY LN,32.973011,75006,CARROLLTON,Uncategorized,,,
,TX,DALLAS,-96.599655,Walgreens 03822,Pharmacy,4327,-10753424.4054059,,524945.0,,3864851.35898844,36961.0,401 N GALLOWAY AVE,32.770275,75149,MESQUITE,Uncategorized,,,
,TX,DALLAS,-96.701683,Malone's Cost Plus 2,Super Store,1327,-10764782.1104126,,560727.0,,3860106.54311977,36975.0,7007 LAKE JUNE RD,32.734428,75217,DALLAS,Uncategorized,,,
,TX,DALLAS,-96.852676,KROGER  870,Super Store,4301,-10781590.5742859,,575323.0,,3888805.95000644,37002.0,3770 BELT LINE RD,32.951031,75001,ADDISON,Uncategorized,,,
,TX,DALLAS,-96.853104,TOM THUMB  1540,Supermarket,7127,-10781638.219028,,528247.0,,3883321.48867304,37062.0,3757 FOREST LN,32.909679,75244,DALLAS,General Retail/Food/Other,,,
,TX,DALLAS,-96.620216,KROGER 492,Super Store,2820,-10755713.2454561,,574999.0,,3858124.84032032,37673.0,11925 ELAM RD,32.719452,75180,BALCH SPRINGS,Uncategorized,,,
,TX,DALLAS,-96.841415,Walgreens 04293,Pharmacy,4006,-10780337.0055001,,620387.0,,3842813.98226521,37845.0,734 E PLEASANT RUN RD,32.603661,75115,DESOTO,Uncategorized,,,
,TX,DALLAS,-96.683441,CVS PHARMACY INC 5259,Pharmacy,3931,-10762751.4202615,,804195.0,,3888119.19088551,38364.0,2129 E BELT LINE RD,32.945854,75081,RICHARDSON,Uncategorized,,,
,TX,DALLAS,-96.992401,CVS PHARMACY INC 5260,Pharmacy,4102,-10797144.690137,,804274.0,,3877443.31298746,38390.0,3401 W WALNUT HILL LN,32.865337,75038,IRVING,Uncategorized,,,
Ste 140,TX,DALLAS,-96.807564,CVS PHARMACY INC 4985,Pharmacy,5717,-10776568.7294172,,804430.0,,3877304.81853559,38470.0,8335 WESTCHESTER DR,32.864292,75225,DALLAS,Uncategorized,,,
,TX,DALLAS,-96.818733,CVS PHARMACY INC 3900,Pharmacy,7310,-10777812.0568099,,804434.0,,3887206.31586869,38478.0,14041 NOEL RD,32.938972,75240,DALLAS,Uncategorized,,,
,TX,DALLAS,-96.760788,CVS PHARMACY INC 2979,Pharmacy,2601,-10771361.6489159,,804438.0,,3873615.76788447,38489.0,6120 E MOCKINGBIRD LN,32.836452,75214,DALLAS,Uncategorized,,,
,TX,DALLAS,-96.803612,7-Eleven Convenience Store 35421B,Convenience Store,3809,-10776128.7947896,,1633545.0,,3881396.59312683,39017.0,10804 PRESTON RD,32.895161,75230,DALLAS,General Retail/Food/Other,,,
,TX,DALLAS,-96.839355,Walmart Supercenter 2105,Super Store,5121,-10780107.6873491,,536218.0,,3885250.94372043,39072.0,4122 LBJ FREEWAY,32.924229,75244,DALLAS,Uncategorized,,,
,TX,DALLAS,-96.744247,K Convenience,Convenience Store,2803,-10769520.3132187,,1641369.0,,3863643.36555565,39867.0,4818 S 2ND AVE,32.76115,75210,DALLAS,General Retail/Food/Other,,,
,TX,DALLAS,-96.823822,Chevron Food Mart # 201 201,Convenience Store,4035,-10778378.5616986,,956751.0,,3850515.79036246,39965.0,7107 S R L THORNTON FWY,32.661926,75232,DALLAS,General Retail/Food/Other,,,
Ste 200,TX,DALLAS,-96.910042,Super H Mart,Super Store,5111,-10787976.5281948,,845954.0,,3893294.42128629,40084.0,2625 OLD DENTON RD,32.984859,75007,CARROLLTON,Korean,Asia,Eastern Asia,Korea
,TX,DALLAS,-96.752769,J DAVIS FISH MARKET,Other,2000,-10770468.9779192,,701576.0,,3864569.10768354,40322.0,2536 S 2ND AVE,32.768143,75210,DALLAS,Uncategorized,,,
,TX,DALLAS,-96.588974,DOLLAR GENERAL 7105,Discount Retail,3202,-10752235.4019247,,701645.0,,3892623.72159476,40432.0,6502 HIGHWAY 78,32.979805,75048,SACHSE,Uncategorized,,,
,TX,DALLAS,-96.746986,Family Dollar 7822,Discount Retail,4437,-10769825.217304,,845019.0,,3863594.91601811,40459.0,3324 ELSIE FAYE HEGGINS ST,32.760784,75215,DALLAS,Uncategorized,,,
Ste 100,TX,DALLAS,-96.654831,S & T Food Mart,Convenience Store,8500,-10759566.5696299,,845489.0,,3888932.90601994,40523.0,3845 N GARLAND AVE,32.951988,75040,GARLAND,General Retail/Food/Other,,,
,TX,DALLAS,-96.533981,Walmart Supercenter 5288,Super Store,1841,-10746113.6091675,,538392.0,,3848908.921767,40545.0,220 N HIGHWAY 175,32.649773,75159,SEAGOVILLE,Uncategorized,,,
,TX,DALLAS,-96.862343,Target T 2334,Super Store,3560,-10782666.6998034,,844255.0,,3848953.21251026,40599.0,39739 LYNDON B JOHNSON FWY,32.650108,75237,DALLAS,Uncategorized,,,
,TX,DALLAS,-96.84343,DOLLAR GENERAL 11115,Discount Retail,8301,-10780561.314274,,844552.0,,3837137.29805273,40651.0,604 E BEAR CREEK RD,32.560692,75154,GLENN HEIGHTS,Uncategorized,,,
,TX,DALLAS,-96.612434,DOLLAR GENERAL 10974,Discount Retail,4825,-10754846.9571787,,844555.0,,3886090.72041557,40653.0,1290 PLEASANT VALLEY RD,32.930561,75040,GARLAND,Uncategorized,,,
,TX,DALLAS,-96.615707,Walmart  1118,Super Store,1636,-10755211.3058721,,588011.0,,3860038.91943595,40816.0,12300 LAKE JUNE RD,32.733917,75180,BALCH SPRINGS,Uncategorized,,,
,TX,DALLAS,-96.766632,La Michoacana Meat Market 04,Supermarket,6402,-10772012.2000201,,704764.0,,3877779.54984916,41601.0,6770 GREENVILLE AVE,32.867874,75231,DALLAS,Mexican,Americas,Latin America - Central America,Mexico
,TX,DALLAS,-96.947006,Walmart 3285,Super Store,    ,-10792091.3418524,,614621.0,,3841990.76108695,41786.0,621 UPTOWN BLVD,32.597431,75104,CEDAR HILL,Uncategorized,,,
,TX,DALLAS,-96.553604,E-Z  Mart 4344,Convenience Store,1512,-10748298.0315354,,706868.0,,3861285.45429326,41789.0,1946 CLAY MATHIS RD,32.743336,75181,MESQUITE,General Retail/Food/Other,,,
,TX,DALLAS,-96.78894,Walgreens 04012,Pharmacy,4201,-10774495.5152207,,529305.0,,3877481.74714376,42011.0,6707 W NORTHWEST HWY,32.865627,75225,DALLAS,Uncategorized,,,
,TX,DALLAS,-96.682343,La Michoacana Meat Market 9,Supermarket,1705,-10762629.1914606,,624731.0,,3860588.654316,42202.0,1506 S BUCKNER BLVD,32.738071,75217,DALLAS,Mexican,Americas,Latin America - Central America,Mexico
Ste 101,TX,DALLAS,-96.748184,DOLLAR GENERAL 0852,Discount Retail,4160,-10769958.5780539,,621726.0,,3883340.71535467,42582.0,9035 FOREST LN,32.909824,75243,DALLAS,Uncategorized,,,
,TX,DALLAS,-96.990852,KROGER 402,Super Store,7805,-10796972.2562458,,621772.0,,3876087.06532851,42655.0,3612 N BELT LINE RD,32.855103,75062,IRVING,Uncategorized,,,
,TX,DALLAS,-96.595398,Walgreens 07586,Pharmacy,5822,-10752950.5183336,,581399.0,,3874540.30702638,42864.0,5950 BROADWAY BLVD,32.84343,75043,GARLAND,Uncategorized,,,
,TX,DALLAS,-96.988258,STOP N BUY,Convenience Store,1724,-10796683.4934866,,623154.0,,3873160.4146827,42927.0,2924 W IRVING BLVD,32.833015,75061,IRVING,General Retail/Food/Other,,,
,TX,DALLAS,-96.652061,Walmart SUPERCENTER 1800,Super Store,5605,-10759258.2146404,,711106.0,,3877140.08515464,43225.0,1801 MARKETPLACE DR,32.863049,75041,GARLAND,Uncategorized,,,
,TX,DALLAS,-96.958534,WALGREENS 4054,Pharmacy,5867,-10793374.6329423,,711671.0,,3868868.08303817,43280.0,1050 W SHADY GROVE RD,32.80061,75060,IRVING,Uncategorized,,,
,TX,DALLAS,-96.997787,DOLLAR GENERAL 0600,Discount Retail,4956,-10797744.2569144,,710853.0,,3856818.57523431,43422.0,604 E PIONEER PKWY,32.709579,75051,GRAND PRAIRIE,Uncategorized,,,
,TX,DALLAS,-96.900681,DOLLAR GENERAL 7294,Discount Retail,4829,-10786934.4664414,,710972.0,,3848490.74600306,43438.0,418 E WHEATLAND RD,32.64661,75116,DUNCANVILLE,Uncategorized,,,
,TX,DALLAS,-96.774239,TOM THUMB 3608,Supermarket,2288,-10772859.0073866,,714056.0,,3877447.95158586,43529.0,7700 W NORTHWEST HWY,32.865372,75225,DALLAS,General Retail/Food/Other,,,
Ste D,TX,DALLAS,-96.610725,La Michoacana Meat Market Dallas 18,Supermarket,1500,-10754656.712169,,585111.0,,3867594.52661834,43620.0,2002 N GALLOWAY AVE,32.790993,75149,MESQUITE,Mexican,Americas,Latin America - Central America,Mexico
,TX,DALLAS,-96.78315,CVS Pharmacy 4272,Pharmacy,5116,-10773850.975369,,585403.0,,3868838.68255335,43650.0,4202 ROSS AVE,32.800388,75204,DALLAS,Uncategorized,,,
,TX,DALLAS,-96.614128,DOLLAR GENERAL 13151,Discount Retail,2327,-10755035.5323962,,585567.0,,3858305.9797518,43666.0,3617 SHEPHERD LN,32.720821,75180,BALCH SPRINGS,Uncategorized,,,
,TX,DALLAS,-96.995399,CVS/PHARMACY 6775,Pharmacy,5867,-10797478.4259704,,643955.0,,3861626.656459,43992.0,701 E MAIN ST,32.745914,75050,GRAND PRAIRIE,Uncategorized,,,
,TX,DALLAS,-97.005638,KROGER 191,Super Store,    ,-10798618.2262366,,661353.0,,3856788.41099066,44368.0,313 W PIONEER PKWY,32.709351,75051,GRAND PRAIRIE,Uncategorized,,,
,TX,DALLAS,-96.54863,Super 1 Foods 649,Supermarket,2915,-10747744.3283882,,665845.0,,3848916.98663626,44382.0,125 HALL RD,32.649834,75159,SEAGOVILLE,General Retail/Food/Other,,,
Ste 101,TX,DALLAS,-96.685417,Hunt Food Store,Supermarket,6609,-10762971.3875753,,765476.0,,3857066.37476781,45566.0,7932 GREAT TRINITY FOREST WAY,32.711452,75217,DALLAS,General Retail/Food/Other,,,
,TX,DALLAS,-96.599243,KROGER 209,Super Store,    ,-10753378.5417757,,641296.0,,3865035.6467906,45646.0,525 N GALLOWAY,32.771667,75149,MESQUITE,Uncategorized,,,
,TX,DALLAS,-97.005478,Super Trac,Convenience Store,1775,-10798600.4151181,,1355305.0,,3861361.68790048,45935.0,201 W JEFFERSON ST,32.743912,75051,GRAND PRAIRIE,General Retail/Food/Other,,,
,TX,DALLAS,-96.856506,Sprouts Farmers Market 164,Supermarket,1306,-10782016.9279356,,1653522.0,,3863867.61273065,46049.0,1322 N HAMPTON RD,32.762844,75208,DALLAS,General Retail/Food/Other,,,
Ste 600,TX,DALLAS,-96.771912,CVS/ PHARMACY INC 7740,Pharmacy,    ,-10772599.9669315,,727946.0,,3880559.53834723,46890.0,10455 N CENTRAL EXPWY,32.888847,75231,DALLAS,Uncategorized,,,
,TX,DALLAS,-96.88607,La Michoacana Meat Market 27,Supermarket,5738,-10785307.9773615,,805380.0,,3889077.64020527,46899.0,2004 E BELT LINE RD,32.953079,75006,CARROLLTON,Mexican,Americas,Latin America - Central America,Mexico
,TX,DALLAS,-96.644867,DOLLAR GENERAL 3369,Discount Retail,5804,-10758457.3822236,,666160.0,,3876828.11852921,46972.0,839 W CENTERVILLE RD,32.860695,75041,GARLAND,Uncategorized,,,
,TX,DALLAS,-96.683502,CVS PHARMACY INC 7664,Pharmacy,4306,-10762758.2107504,,731502.0,,3860020.78947312,47112.0,1235 S BUCKNER BLVD,32.73378,75217,DALLAS,Uncategorized,,,
Ste 112,TX,DALLAS,-96.71611,Cynjoe International Market Inc 2,Grocery Store,7300,-10766388.1167062,,806891.0,,3882428.74233185,47276.0,9203 SKILLMAN ST,32.902946,75243,DALLAS,General Retail/Food/Other,,,
,TX,DALLAS,-96.619789,Dollar Tree 1120,Discount Retail,4105,-10755665.7120335,,806348.0,,3870372.63829475,47344.0,1601 N TOWN EAST BLVD,32.81197,75150,MESQUITE,Uncategorized,,,
,TX,DALLAS,-96.686958,Dollar Tree 1280,Discount Retail,6104,-10763142.9309106,,806352.0,,3868138.52242872,47368.0,9208 E R L THORNTON FWY,32.795101,75228,DALLAS,Uncategorized,,,
,TX,DALLAS,-96.701637,Walgreens 07783,Pharmacy,5353,-10764776.989716,,730821.0,,3870257.40587218,47542.0,2301 LAKELAND DR,32.8111,75228,DALLAS,Uncategorized,,,
,TX,DALLAS,-96.612862,DOLLAR GENERAL 10329,Discount Retail,2036,-10754894.6019208,,805913.0,,3881283.24122832,47571.0,1303 E MILLER RD,32.894306,75041,GARLAND,Uncategorized,,,
,TX,DALLAS,-96.64521,DOLLAR GENERAL 10350,Discount Retail,3534,-10758495.564809,,805934.0,,3864510.99017256,47647.0,3000 MILITARY PKWY,32.767704,75149,MESQUITE,Uncategorized,,,
,TX,DALLAS,-96.569283,DOLLARTREE 10023,Discount Retail,1202,-10750043.4098315,,1591682.0,,3865641.22197778,47876.0,403 S COLLINS RD,32.776241,75182,SUNNYVALE,Uncategorized,,,
,TX,DALLAS,-96.81353,TARGET STORE T 13,Super Store,5112,-10777232.8614993,,807510.0,,3885753.71499861,47888.0,13131 MONTFORT DR,32.92802,75240,DALLAS,Uncategorized,,,
,TX,DALLAS,-96.791115,AUTRYS GROCERY STORE,Convenience Store,7401,-10774737.6351132,,729977.0,,3854033.6027378,47913.0,4903 S LANCASTER RD,32.688526,75216,DALLAS,General Retail/Food/Other,,,
,TX,DALLAS,-96.791542,TARGET STORE T 875,Super Store,3707,-10774785.1685358,,807520.0,,3869281.8165654,47931.0,2417 N HASKELL AVE,32.803734,75204,DALLAS,Uncategorized,,,
Ste A,TX,DALLAS,-96.701843,TEXAS KING ZABIHA MEAT,Specialty Store,4575,-10764799.9215311,,731438.0,,3886032.49643459,47943.0,4550 W BUCKINGHAM RD,32.930122,75042,GARLAND,Middle Eastern,Asia,Western Asia,Multiple Western Asian
,TX,DALLAS,-96.873459,WALGREENS 10193,Pharmacy,4955,-10783904.1272631,,807535.0,,3841068.90059314,47961.0,731 W BELT LINE RD,32.590454,75115,DESOTO,Uncategorized,,,
Ste 200,TX,DALLAS,-96.692162,Dollar Tree 1137,Discount Retail,4631,-10763722.2375407,,808053.0,,3887905.62323174,47988.0,1750 E BELT LINE RD,32.944244,75081,RICHARDSON,Uncategorized,,,
,TX,DALLAS,-96.99752,Dollar Tree 1869,Discount Retail,5922,-10797714.5346104,,808087.0,,3873400.47649563,47996.0,3542 W AIRPORT FWY,32.834827,75062,IRVING,Uncategorized,,,
,TX,DALLAS,-96.749863,Dollar Tree 2131,Discount Retail,2406,-10770145.483479,,808089.0,,3873609.27596343,47998.0,6464 E MOCKINGBIRD LN,32.836403,75214,DALLAS,Uncategorized,,,
Ste 307,TX,DALLAS,-96.853828,Dollar Tree 2636,Discount Retail,2682,-10781718.8143393,,808114.0,,3883182.3945142,48478.0,11722 MARSH LN,32.90863,75229,DALLAS,Uncategorized,,,
Ste B,TX,DALLAS,-96.791283,TEXAS SEAFOOD FISH MARKET,Other,7112,-10774756.3367876,,808338.0,,3854156.74514789,48647.0,4831 S LANCASTER RD,32.689457,75216,DALLAS,Uncategorized,,,
,TX,DALLAS,-96.762131,LA MICHOACANA MEAT MARKET DALLAS 24,Supermarket,3843,-10771511.150992,,770855.0,,3887317.73534218,48815.0,8282 SPRING VALLEY RD,32.939812,75240,DALLAS,Mexican,Americas,Latin America - Central America,Mexico
,TX,DALLAS,-96.800194,SAVE WAY FOOD STORE,Convenience Store,6384,-10775748.3047701,,771171.0,,3854820.22839366,48978.0,1562 E ANN ARBOR AVE,32.694473,75216,DALLAS,General Retail/Food/Other,,,
,TX,DALLAS,-96.975182,DOLLAR GENERAL 7193,Discount Retail,7050,-10795227.879825,,593240.0,,3874443.7159174,49006.0,2309 W ROCHELLE RD,32.842701,75062,IRVING,Uncategorized,,,
,TX,DALLAS,-96.681923,WALGREENS 4705,Pharmacy,1823,-10762582.4372745,,593843.0,,3861941.7941499,49069.0,2060 S BUCKNER BLVD,32.748295,75217,DALLAS,Uncategorized,,,
,TX,DALLAS,-96.621964,DOLLAR GENERAL 1221,Discount Retail,1374,-10755907.831926,,593907.0,,3860065.6512568,49074.0,11903 LAKE JUNE RD STE A,32.734119,75180,BALCH SPRINGS,Uncategorized,,,
Ste 101,TX,DALLAS,-96.681709,HIEP THAI FOOD STORE,Super Store,7157,-10762558.6149035,,591691.0,,3884309.51568423,49611.0,3347 W WALNUT ST,32.91713,75042,GARLAND,Thai,Asia,South Eastern Asia,Thailand
,TX,DALLAS,-96.720604,KROGER 526,Super Store,5147,-10766888.3864979,,593053.0,,3886919.54823399,49984.0,536 CENTENNIAL BLVD,32.93681,75081,RICHARDSON,Uncategorized,,,
,TX,DALLAS,-96.683449,WALGREENS 03802,Pharmacy,2027,-10762752.3108174,,642917.0,,3891679.71113625,50075.0,2140 E CAMPBELL RD,32.972691,75081,RICHARDSON,Uncategorized,,,
,TX,DALLAS,-96.624634,CVS/ PHARMACY INC 5869,Pharmacy,1345,-10756205.0549664,,782282.0,,3874394.6919269,50224.0,1413 OATES DR,32.842331,75150,MESQUITE,Uncategorized,,,
,TX,DALLAS,-96.69561,CVS/ PHARMACY INC 7413,Pharmacy,2917,-10764106.067145,,782321.0,,3873834.64046189,50378.0,10014 GARLAND RD,32.838104,75218,DALLAS,Uncategorized,,,
,TX,DALLAS,-96.623543,CVS 7417,Pharmacy,    ,-10756083.605402,,782323.0,,3858068.73926344,50393.0,11820 ELAM RD,32.719028,75180,BALCH SPRINGS,Uncategorized,,,
,TX,DALLAS,-96.701721,CVS/ PHARMACY INC 7430,Pharmacy,5343,-10764786.3405532,,782325.0,,3870350.91623456,50395.0,8555 FERGUSON RD,32.811806,75228,DALLAS,Uncategorized,,,
,TX,DALLAS,-96.596016,CVS/ PHARMACY INC 7458,Pharmacy,9235,-10753019.3137789,,782326.0,,3870683.37410531,50403.0,3601 N BELT LINE RD,32.814316,75182,SUNNYVALE,Uncategorized,,,
Ste 2,TX,DALLAS,-96.597588,CVS/ PHARMACY INC 7645,Pharmacy,4338,-10753194.3080184,,782330.0,,3865047.29726577,50492.0,500 N GALLOWAY AVE,32.771755,75149,MESQUITE,Uncategorized,,,
,TX,DALLAS,-96.86364,ALDI 75050 75050,Supermarket,1745,-10782811.081183,,993693.0,,3863409.59175606,50510.0,2505 FORT WORTH AVE,32.759384,75211,DALLAS,General Retail/Food/Other,,,
,TX,DALLAS,-96.935722,ALDI 75066 75066,Supermarket,3150,-10790835.2127183,,993704.0,,3870311.97556845,50530.0,912 E IRVING BLVD,32.811512,75060,IRVING,General Retail/Food/Other,,,
,TX,DALLAS,-96.866585,La Michoacana Meat Market 30,Supermarket,3341,-10783138.9170834,,782409.0,,3877592.54424258,50644.0,3380 LOMBARDY LN,32.866463,75220,DALLAS,Mexican,Americas,Latin America - Central America,Mexico
,TX,DALLAS,-96.802544,KROGER 689,Super Store,    ,-10776009.9055735,,677513.0,,3893324.41389868,51216.0,17194 PRESTON RD,32.985085,75248,DALLAS,Uncategorized,,,
,TX,DALLAS,-96.767181,PACKING HOUSE MARKET,Supermarket,2428,-10772073.3144205,,693935.0,,3864510.99017256,51276.0,3117 MALCOLM X BLVD,32.767704,75215,DALLAS,General Retail/Food/Other,,,
,TX,DALLAS,-96.993523,WALGREENS 07592,Pharmacy,5348,-10797269.5906057,,692875.0,,3856813.15095674,51401.0,802 E PIONEER PKWY,32.709538,75051,GRAND PRAIRIE,Uncategorized,,,
,TX,DALLAS,-96.696724,TARGET STORE 1430,Super Store,4512,-10764230.0770577,,681246.0,,3887338.42764664,51414.0,601 S PLANO RD,32.939968,75081,RICHARDSON,Uncategorized,,,
,TX,DALLAS,-96.809135,WALGREENS 07839,Pharmacy,4136,-10776743.6123373,,692921.0,,3870036.61310603,51503.0,3802 CEDAR SPRINGS RD,32.809433,75219,DALLAS,Uncategorized,,,
,TX,DALLAS,-96.798172,WALGREENS 5092,Pharmacy,2304,-10775523.2167597,,693214.0,,3869456.63791848,51787.0,3418 MCKINNEY AVE,32.805054,75204,DALLAS,Uncategorized,,,
Ste 253,TX,DALLAS,-96.684135,Family Dollar 1580,Discount Retail,1732,-10762828.6759881,,826100.0,,3860618.03422442,52048.0,1515 S BUCKNER BLVD,32.738293,75217,DALLAS,Uncategorized,,,
Ste 138,TX,DALLAS,-96.888084,Family Dollar 3252,Discount Retail,3562,-10785532.1748159,,826105.0,,3886987.85718713,52052.0,2740 VALWOOD PKWY,32.937325,75234,FARMERS BRANCH,Uncategorized,,,
,TX,DALLAS,-96.61364,Family Dollar 5667,Discount Retail,5361,-10754981.2084846,,826107.0,,3885186.09296633,52053.0,1130 N COUNTRY CLUB RD,32.92374,75040,GARLAND,Uncategorized,,,
,TX,DALLAS,-96.683479,Family Dollar 6402,Discount Retail,6641,-10762755.6504022,,826108.0,,3857259.27304069,52054.0,8025 S LOOP 12,32.71291,75217,DALLAS,Uncategorized,,,
,TX,DALLAS,-96.858192,Family Dollar 3805,Discount Retail,1106,-10782204.6125971,,826119.0,,3858113.72593881,52062.0,2454 W ILLINOIS AVE,32.719368,75233,DALLAS,Uncategorized,,,
,TX,DALLAS,-96.816124,Walmart SUPERCENTER 3406,Super Store,6401,-10777521.6242584,,773725.0,,3889839.28188678,52307.0,15220 MONTFORT RD,32.95882,75248,DALLAS,Uncategorized,,,
,TX,DALLAS,-96.919418,CARROLLTON INDO PAK SUPER MARKET,Grocery Store,1387,-10789020.2597404,,774101.0,,3892923.899417,52660.0,2548 DICKERSON PKWY,32.982067,75006,CARROLLTON,General Retail/Food/Other,,,
Ste 110,TX,DALLAS,-96.622925,La Zacatecana Meat Market,Grocery Store,9001,-10756014.8099567,,1396114.0,,3886781.33987936,52670.0,2376 LAVON DR,32.935768,75040,GARLAND,Mexican,Americas,Latin America - Central America,Mexico
,TX,DALLAS,-97.002594,ZAM ZAM SUPERMARKET,Grocery Store,1954,-10798279.3697067,,776038.0,,3876352.89556356,52790.0,3901 W NORTHGATE DR,32.857109,75062,IRVING,General Retail/Food/Other,,,
Ste 301,TX,DALLAS,-96.684135,El Rancho 1608,Super Store,1769,-10762828.6759881,,776057.0,,3860618.03422442,52807.0,1515 S BUCKNER BLVD,32.738293,75217,DALLAS,Mexican,Americas,Latin America - Central America,Mexico
,TX,DALLAS,-96.558647,TARGET STORE T 2234,Super Store,4037,-10748859.4157275,,825729.0,,3883208.78117267,52833.0,4701 LAKEVIEW PKWY,32.908829,75088,ROWLETT,Uncategorized,,,
,TX,DALLAS,-96.831894,El Rancho 1610,Super Store,1814,-10779277.1326282,,774507.0,,3858514.51186131,52911.0,655 W ILLINOIS AVE,32.722397,75224,DALLAS,Mexican,Americas,Latin America - Central America,Mexico
,TX,DALLAS,-96.913368,SUPER MERCADO MONTERREY 5,Supermarket,1113,-10788346.7768211,,776376.0,,3862108.43272983,53000.0,5306 W DAVIS ST,32.749554,75211,DALLAS,Mexican,Americas,Latin America - Central America,Mexico
,TX,DALLAS,-96.991608,Market Street 564,Supermarket,4507,-10797056.4137808,,874377.0,,3893806.82774979,53499.0,700 N DENTON TAP RD,32.98872,75019,COPPELL,General Retail/Food/Other,,,
,TX,DALLAS,-96.934471,Family Dollar Store 1479,Discount Retail,2802,-10790695.9520353,,874783.0,,3872619.76360643,53602.0,928 E GRAUWYLER RD,32.828934,75061,IRVING,Uncategorized,,,
,TX,DALLAS,-96.699951,WALGREENS 09015,Pharmacy,2801,-10764589.3050545,,777565.0,,3865949.3173213,53982.0,4702 N JIM MILLER RD,32.778568,75227,DALLAS,Uncategorized,,,
,TX,DALLAS,-96.667015,TOM THUMB  1783,Supermarket,7941,-10760922.8863057,,656472.0,,3890109.13858962,54271.0,2645 ARAPAHO RD,32.960854,75044,GARLAND,General Retail/Food/Other,,,
,TX,DALLAS,-96.905563,Walmart Supercenter 1216,Super Store,1446,-10787477.9281955,,656965.0,,3893190.64213147,54314.0,1213 E TRINITY MILLS RD,32.984077,75006,CARROLLTON,Uncategorized,,,
Ste 224,TX,DALLAS,-96.716293,La Michoacana Meat Market 25,Grocery Store,    ,-10766408.488173,,785396.0,,3879036.0502275,54367.0,9850 WALNUT HILL LN,32.877354,75238,DALLAS,Mexican,Americas,Latin America - Central America,Mexico
,TX,DALLAS,-96.855949,SPROUTS FARMERS MARKET 103,Supermarket,    ,-10781954.9229793,,784986.0,,3883190.48288059,54452.0,11732 MARSH LANE,32.908691,75229,DALLAS,General Retail/Food/Other,,,
,TX,DALLAS,-96.926254,Gateway 28 Gateway 28,Convenience Store,2527,-10789781.2397795,,1584689.0,,3850664.68104219,54846.0,7025 CEDAR RIDGE DR,32.663052,75236,DALLAS,General Retail/Food/Other,,,
,TX,DALLAS,-96.764709,Big Boyz Beer & Wine,Convenience Store,3960,-10771798.1326393,,1647922.0,,3857489.8819037,54864.0,3500 E ILLINOIS AVE,32.714653,75216,DALLAS,General Retail/Food/Other,,,
,TX,DALLAS,-96.771912,TOM THUMB  2544,Supermarket,2213,-10772599.9669315,,700028.0,,3880559.53834723,55096.0,10455 N CENTRAL EXPY,32.888847,75231,DALLAS,General Retail/Food/Other,,,
,TX,DALLAS,-96.822861,WALGREENS 5093,Pharmacy,1206,-10778271.5836679,,682912.0,,3863411.57735771,55483.0,1306 N BECKLEY AVE,32.759399,75203,DALLAS,Uncategorized,,,
,TX,DALLAS,-96.702209,Natural Grocers By Vitamin Cottage U045,Supermarket,3406,-10764840.6644647,,1000836.0,,3873080.66013143,55705.0,9400 GARLAND RD,32.832413,75218,DALLAS,General Retail/Food/Other,,,
,TX,DALLAS,-97.020241,QUIKTRIP 853,Convenience Store,4706,-10800243.8247607,,683428.0,,3856802.9639056,55881.0,1005 W PIONEER PKWY,32.709461,75051,GRAND PRAIRIE,General Retail/Food/Other,,,
,TX,DALLAS,-96.767586,Family Dollar 1574,Discount Retail,1714,-10772118.3988143,,829750.0,,3865532.65570602,56163.0,3129 GRAND AVE,32.775421,75215,DALLAS,Uncategorized,,,
Ste 119,TX,DALLAS,-96.658043,Family Dollar 1309,Discount Retail,7492,-10759924.1278343,,829795.0,,3856605.1780968,56438.0,333 S SAINT AUGUSTINE DR,32.707966,75217,DALLAS,Uncategorized,,,
,TX,DALLAS,-96.642601,Family Dollar 1408,Discount Retail,1811,-10758205.1322575,,829797.0,,3881490.05955035,56444.0,885 W MILLER RD,32.895866,75041,GARLAND,Uncategorized,,,
,TX,DALLAS,-96.71225,Family Dollar 1560,Discount Retail,5848,-10765958.4234718,,829799.0,,3869018.52991133,56451.0,8032 FERGUSON RD,32.801746,75228,DALLAS,Uncategorized,,,
Ste 229,TX,DALLAS,-96.681313,Family Dollar 1569,Discount Retail,7140,-10762514.5323851,,829805.0,,3884527.92450448,56464.0,3465 W WALNUT ST,32.918777,75042,GARLAND,Uncategorized,,,
Ste 216,TX,DALLAS,-96.841263,Family Dollar 1606,Discount Retail,4422,-10780320.0849375,,829810.0,,3855055.41940281,56471.0,3939 S POLK ST,32.696251,75224,DALLAS,Uncategorized,,,
,TX,DALLAS,-96.770157,Family Dollar 2872,Discount Retail,7714,-10772404.6012251,,829813.0,,3869747.61527549,56486.0,1300 GREENVILLE AVE,32.807251,75206,DALLAS,Uncategorized,,,
,TX,DALLAS,-96.840935,Family Dollar 1457,Discount Retail,3403,-10780283.5721445,,829818.0,,3850653.57367984,56500.0,1153 W CAMP WISDOM RD,32.662968,75232,DALLAS,Uncategorized,,,
,TX,DALLAS,-96.800262,Family Dollar 1476,Discount Retail,8822,-10775755.8744955,,829820.0,,3856689.45164489,56507.0,3200 S LANCASTER RD STE 750,32.708603,75216,DALLAS,Uncategorized,,,
,TX,DALLAS,-96.54863,Family Dollar 1866,Discount Retail,2915,-10747744.3283882,,829822.0,,3848916.98663626,56513.0,127 HALL RD,32.649834,75159,SEAGOVILLE,Uncategorized,,,
,TX,DALLAS,-96.675171,Family Dollar 1991,Discount Retail,3006,-10761830.8080726,,829824.0,,3873521.30416223,56520.0,2417 GUS THOMASSON RD,32.835739,75228,DALLAS,Uncategorized,,,
,TX,DALLAS,-96.99984,Family Dollar 2768,Discount Retail,4944,-10797972.795829,,829825.0,,3856780.34074556,56527.0,415 E HIGHWAY 303,32.70929,75051,GRAND PRAIRIE,Uncategorized,,,
Ste 103,TX,DALLAS,-96.714844,Family Dollar 5190,Discount Retail,9020,-10766247.1862309,,829829.0,,3882544.09412206,56534.0,9243 SKILLMAN ST,32.903816,75243,DALLAS,Uncategorized,,,
Ste 254,TX,DALLAS,-96.631958,Family Dollar Store 2853,Discount Retail,3431,-10757020.358917,,829845.0,,3879474.39900819,56547.0,149 W KINGSLEY RD,32.880661,75041,GARLAND,Uncategorized,,,
,TX,DALLAS,-96.648384,Family Dollar 3419,Discount Retail,3188,-10758848.8928728,,829848.0,,3861771.58433841,56561.0,2015 N MASTERS DR STE 207,32.747009,75217,DALLAS,Uncategorized,,,
Ste 222,TX,DALLAS,-96.682327,Family Dollar 3735,Discount Retail,5697,-10762627.4103488,,829852.0,,3869404.58856241,56575.0,3402 N BUCKNER BLVD,32.804661,75228,DALLAS,Uncategorized,,,
,TX,DALLAS,-96.840233,Family Dollar 3797,Discount Retail,3809,-10780205.425862,,829854.0,,3856113.17546752,56655.0,3289 S POLK ST,32.704247,75224,DALLAS,Uncategorized,,,
,TX,DALLAS,-96.698372,Family Dollar 4342,Discount Retail,7117,-10764413.5315785,,829855.0,,3867627.89662132,56660.0,6110 SAMUELL BLVD,32.791245,75228,DALLAS,Uncategorized,,,
,TX,DALLAS,-96.747452,Family Dollar 5130,Discount Retail,1703,-10769877.0921867,,829856.0,,3867812.22786532,56666.0,2720 SAMUELL BLVD,32.792637,75223,DALLAS,Uncategorized,,,
,TX,DALLAS,-96.716904,Family Dollar 6417,Discount Retail,1203,-10766476.5043819,,829948.0,,3881324.7371765,56775.0,10025 ROYAL LN,32.894619,75238,DALLAS,Uncategorized,,,
Ste 147,TX,DALLAS,-96.746513,Family Dollar 6768,Discount Retail,0238,-10769772.5631848,,829950.0,,3877143.00076963,56781.0,6300 SKILLMAN ST,32.863071,75231,DALLAS,Uncategorized,,,
,TX,DALLAS,-96.864235,Family Dollar 5206,Discount Retail,    ,-10782877.31628,,829510.0,,3876248.73604141,56798.0,3323 W NORTHWEST HWY,32.856323,75220,DALLAS,Uncategorized,,,
,TX,DALLAS,-96.968979,Family Dollar 3279,Discount Retail,6880,-10794537.3650236,,829515.0,,3871908.25113264,56800.0,1800 W IRVING BLVD,32.823563,75061,IRVING,Uncategorized,,,
Ste 400,TX,DALLAS,-96.650116,Family Dollar 2141,Discount Retail,5349,-10759041.6982308,,829966.0,,3860216.11813111,56872.0,10121 LAKE JUNE RD,32.735256,75217,DALLAS,Uncategorized,,,
,TX,DALLAS,-96.992607,Family Dollar 2818,Discount Retail,5837,-10797167.6219521,,829967.0,,3861685.28916735,56877.0,926 E MAIN ST,32.746357,75050,GRAND PRAIRIE,Uncategorized,,,
,TX,DALLAS,-96.90918,Family Dollar 3215,Discount Retail,    ,-10787880.5707937,,829970.0,,3850495.69158669,56896.0,210 W CAMP WISDOM RD,32.661774,75116,DUNCANVILLE,Uncategorized,,,
,TX,DALLAS,-96.644394,Family Dollar 3652,Discount Retail,2232,-10758404.7281045,,829971.0,,3871919.37853331,56897.0,4420 GUS THOMASSON RD,32.823647,75150,MESQUITE,Uncategorized,,,
,TX,DALLAS,-96.993912,Family Dollar 4307,Discount Retail,2105,-10797312.8938876,,829976.0,,3870433.69869088,56900.0,305 S BELT LINE RD,32.812431,75060,IRVING,Uncategorized,,,
,TX,DALLAS,-96.858284,Family Dollar 5246,Discount Retail,4016,-10782214.8539903,,829978.0,,3854339.9400459,56901.0,2426 W LEDBETTER DR,32.690842,75233,DALLAS,Uncategorized,,,
,TX,DALLAS,-96.657845,Family Dollar 5507,Discount Retail,    ,-10759902.0865752,,829981.0,,3863902.95786353,56902.0,9548 SCYENE RD,32.763111,75227,DALLAS,Uncategorized,,,
,TX,DALLAS,-96.960083,Family Dollar 5662,Discount Retail,2730,-10793547.0668335,,829983.0,,3870118.46620991,56903.0,503 S MACARTHUR BLVD,32.810051,75060,IRVING,Uncategorized,,,
,TX,DALLAS,-96.76297,Family Dollar 6050,Discount Retail,5149,-10771604.5480448,,829985.0,,3851773.88308774,56905.0,6171 BONNIE VIEW RD,32.67144,75241,DALLAS,Uncategorized,,,
,TX,DALLAS,-96.873138,Family Dollar 1336,Discount Retail,8827,-10783868.3937065,,828932.0,,3859006.08532034,56917.0,3230 FALLS DR,32.726112,75211,DALLAS,Uncategorized,,,
Ste 310,TX,DALLAS,-96.860619,Family Dollar 2340,Discount Retail,2684,-10782474.7850013,,828936.0,,3861872.04224261,56918.0,2600 W JEFFERSON BLVD,32.747768,75211,DALLAS,Uncategorized,,,
Ste 160,TX,DALLAS,-96.785904,Family Dollar 2476,Discount Retail,1392,-10774157.5492467,,828937.0,,3842752.40386868,56919.0,1450 W PLEASANT RUN RD,32.603195,75146,LANCASTER,Uncategorized,,,
Ste 2,TX,DALLAS,-96.944305,Family Dollar 3194,Discount Retail,2095,-10791790.6679078,,828939.0,,3840828.96702141,56920.0,128 W BELT LINE RD,32.588638,75104,CEDAR HILL,Uncategorized,,,
,TX,DALLAS,-96.891922,Family Dollar 3653,Discount Retail,7865,-10785959.4190216,,828940.0,,3858233.86766543,56921.0,216 WESTERN PARK SHOPPING VLG,32.720276,75211,DALLAS,Uncategorized,,,
,TX,DALLAS,-96.827881,Family Dollar 4350,Discount Retail,4602,-10778830.4075117,,828945.0,,3861304.11559947,56922.0,383 W JEFFERSON BLVD,32.743477,75208,DALLAS,Uncategorized,,,
,TX,DALLAS,-96.873055,Family Dollar 4893,Discount Retail,2605,-10783859.1541888,,828947.0,,3850698.39988469,56923.0,3249 W CAMP WISDOM RD,32.663307,75237,DALLAS,Uncategorized,,,
,TX,DALLAS,-96.837181,DOLLARTREE 6996,Discount Retail,1709,-10779865.6787761,,828948.0,,3864676.60597631,56924.0,904 FORT WORTH AVE,32.768955,75208,DALLAS,Uncategorized,,,
,TX,DALLAS,-96.804253,DOLLAR GENERAL 6565,Discount Retail,2022,-10776200.1505832,,778193.0,,3841431.84899635,57119.0,2253 W BELT LINE RD,32.593201,75146,LANCASTER,Uncategorized,,,
,TX,DALLAS,-96.873749,7-Eleven 24625,Convenience Store,2922,-10783936.4099154,,876008.0,,3862104.32960705,57375.0,3230 W DAVIS ST,32.749523,75211,DALLAS,General Retail/Food/Other,,,
Ste 400,TX,DALLAS,-96.613029,Family Dollar 3938,Discount Retail,4684,-10754913.1922758,,830155.0,,3870022.97097739,57401.0,1220 N TOWN EAST BLVD,32.80933,75150,MESQUITE,Uncategorized,,,
,TX,DALLAS,-96.681984,Family Dollar 5369,Discount Retail,1325,-10762589.2277634,,830162.0,,3841091.62583104,57441.0,341 E BELT LINE RD,32.590626,75172,WILMER,Uncategorized,,,
,TX,DALLAS,-96.871635,Family Dollar 5556,Discount Retail,2418,-10783701.0805119,,830169.0,,3862782.42311888,57483.0,3108 FORT WORTH AVE,32.754646,75211,DALLAS,Uncategorized,,,
,TX,DALLAS,-96.813667,Family Dollar 6711,Discount Retail,    ,-10777248.1122696,,830177.0,,3854294.43866517,57497.0,4422 S MARSALIS AVE,32.690498,75216,DALLAS,Uncategorized,,,
,TX,DALLAS,-96.871925,Family Dollar 6957,Discount Retail,3739,-10783733.3631642,,830181.0,,3881617.5993312,57503.0,10909 WEBBS CHAPEL RD,32.896828,75229,DALLAS,Uncategorized,,,
,TX,DALLAS,-96.893585,Family Dollar 5177,Discount Retail,3530,-10786144.5433348,,830194.0,,3860527.11555582,57522.0,4519 W JEFFERSON BLVD,32.737606,75211,DALLAS,Uncategorized,,,
,TX,DALLAS,-96.903198,Family Dollar 5209,Discount Retail,3338,-10787214.6575998,,830195.0,,3866046.8979735,57529.0,4947 SINGLETON BLVD,32.779305,75212,DALLAS,Uncategorized,,,
,TX,DALLAS,-96.58683,Family Dollar 5741,Discount Retail,5106,-10751996.7329365,,830200.0,,3853730.44773245,57536.0,15329 SEAGOVILLE RD,32.686234,75253,DALLAS,Uncategorized,,,
,TX,DALLAS,-96.766922,Family Dollar 5937,Discount Retail,3829,-10772044.4826724,,830204.0,,3887192.65379181,57538.0,8152 SPRING VALLEY RD,32.938869,75240,DALLAS,Uncategorized,,,
,TX,DALLAS,-96.935623,Family Dollar 6323,Discount Retail,6121,-10790824.1920887,,830208.0,,3868913.5082559,57540.0,900 E SHADY GROVE RD,32.800953,75060,IRVING,Uncategorized,,,
,TX,DALLAS,-96.708145,Valero Corner Store 274730,Convenience Store,1305,-10765501.4569621,,846996.0,,3860084.83997743,57597.0,6506 LAKE JUNE RD,32.734264,75217,DALLAS,General Retail/Food/Other,,,
,TX,DALLAS,-97.06179,Circle K 2742176,Convenience Store,2436,-10804869.0382837,,876689.0,,3865247.343017,57640.0,1622 N STATE HIGHWAY 360,32.773266,75050,GRAND PRAIRIE,General Retail/Food/Other,,,
,TX,DALLAS,-96.76693,TOM THUMB 3637,Supermarket,2814,-10772045.3732283,,667751.0,,3892674.28151166,58043.0,1380 W CAMPBELL RD,32.980186,75080,RICHARDSON,General Retail/Food/Other,,,
,TX,DALLAS,-96.991135,La Michoacana Meat Market 26,Super Store,7803,-10797003.7596617,,789363.0,,3875941.96113101,58431.0,3500 N BELT LINE RD STE 110,32.854008,75062,IRVING,Mexican,Americas,Latin America - Central America,Mexico
,TX,DALLAS,-96.879791,Walmart SUPERCENTER 3432,Super Store,3741,-10784609.0022788,,787964.0,,3841381.90494474,58681.0,951 W BELT LINE RD,32.592823,75115,DESOTO,Uncategorized,,,
,TX,DALLAS,-96.847191,JERRYS SUPERMARKET #1,Supermarket,3856,-10780979.9868789,,669581.0,,3865970.50165472,58999.0,1719 SINGLETON BLVD,32.778728,75212,DALLAS,General Retail/Food/Other,,,
,TX,DALLAS,-96.682831,Kwik Mart Valero,Convenience Store,4325,-10762683.5153721,,789647.0,,3859572.04868991,59001.0,1044 S BUCKNER BLVD,32.730389,75217,DALLAS,General Retail/Food/Other,,,
,TX,DALLAS,-96.769783,CVS PHARMACY 5894,Pharmacy,5723,-10772362.9677356,,812428.0,,3885553.98318053,59115.0,13033 COIT RD,32.926514,75240,DALLAS,Uncategorized,,,
,TX,DALLAS,-96.685127,7-Eleven 33275,Convenience Store,6101,-10762939.104923,,816403.0,,3867844.53909896,59277.0,5501 S BUCKNER BLVD,32.792881,75228,DALLAS,General Retail/Food/Other,,,
Ste 100,TX,DALLAS,-97.02066,Stopover,Convenience Store,2408,-10800290.4676273,,1648159.0,,3876406.03582797,59310.0,5075 W NORTHGATE DR,32.85751,75062,IRVING,General Retail/Food/Other,,,
,TX,DALLAS,-96.804405,CVS PHARMACY  INC 5963,Pharmacy,4832,-10776217.0711458,,812653.0,,3889303.83240439,59418.0,15105 PRESTON RD,32.954784,75248,DALLAS,Uncategorized,,,
Ste 102,TX,DALLAS,-96.648178,DOLLAR GENERAL 10967,Discount Retail,3182,-10758825.9610577,,815197.0,,3861799.37892982,59470.0,2020 N MASTERS DR,32.747219,75217,DALLAS,Uncategorized,,,
,TX,DALLAS,-97.059959,TARGET STORE T 2243,Super Store,8307,-10804665.212296,,813639.0,,3848026.31456847,59672.0,5270 S STATE HIGHWAY 360,32.643097,75052,GRAND PRAIRIE,Uncategorized,,,
Ste 202,TX,DALLAS,-96.616577,Dollar General 10910,Discount Retail,1574,-10755308.1538291,,812876.0,,3878694.21050202,59822.0,3338 BROADWAY BLVD,32.874775,75043,GARLAND,Uncategorized,,,
,TX,DALLAS,-96.992775,Dollar Tree 3015,Discount Retail,5342,-10797186.3236266,,815975.0,,3856636.92944145,59916.0,2506 S BELT LINE RD,32.708206,75052,GRAND PRAIRIE,Uncategorized,,,
,TX,DALLAS,-96.793503,Walmart NEIGHBORHOOD MARKET #3341 3341,Super Store,3800,-10775003.4660572,,736759.0,,3868898.8079476,60085.0,2305 N CENTRAL EXPY,32.800842,75204,DALLAS,Uncategorized,,,
,TX,DALLAS,-96.767685,CVS PHARMACY INC 6824,Pharmacy,4314,-10772129.4194439,,736844.0,,3879434.89790328,60102.0,8024 WALNUT HILL LN,32.880363,75231,DALLAS,Uncategorized,,,
,TX,DALLAS,-96.83786,Midway Chevron,Convenience Store,5801,-10779941.2647103,,1586870.0,,3885288.87295743,60116.0,4210 LYNDON B JOHNSON FWY,32.924515,75244,DALLAS,General Retail/Food/Other,,,
,TX,DALLAS,-96.58873,Main St Munchies,Convenience Store,4428,-10752208.239969,,1038157.0,,3864277.19916293,60648.0,818 E MAIN ST,32.765938,75149,MESQUITE,General Retail/Food/Other,,,
STE 186,TX,DALLAS,-96.699158,Dollar General 12856,Discount Retail,    ,-10764501.0286983,,1005503.0,,3870362.43951759,60855.0,8686 FERGUSON RD,32.811893,75228,DALLAS,Uncategorized,,,
,TX,DALLAS,-96.718262,WALNUT FOOD MART,Convenience Store,2322,-10766627.6762504,,792669.0,,3885085.96622775,61252.0,9790 WALNUT ST,32.922985,75243,DALLAS,General Retail/Food/Other,,,
,TX,DALLAS,-96.856773,Family Dollar Store 8354,Discount Retail,8530,-10782046.6502397,,1008369.0,,3837042.59742482,61301.0,1710 S HAMPTON RD,32.559975,75154,GLENN HEIGHTS,Uncategorized,,,
,TX,DALLAS,-96.91407,A & K Mart,Convenience Store,3128,-10788424.9231037,,1010196.0,,3865946.80168424,61670.0,5723 SINGLETON BLVD,32.778549,75212,DALLAS,General Retail/Food/Other,,,
,TX,DALLAS,-96.665909,7-Eleven Convenience Store 35393B,Convenience Store,7000,-10760799.7669489,,1643134.0,,3887895.5418734,61771.0,2510 BELT LINE RD,32.944168,75044,GARLAND,General Retail/Food/Other,,,
,TX,DALLAS,-96.810394,CVS PHARMACY INC 6777,Pharmacy,2704,-10776883.7635762,,818456.0,,3870895.56925764,62179.0,4207 LEMMON AVE,32.815918,75219,DALLAS,Uncategorized,,,
,TX,DALLAS,-96.780525,CVS PHARMACY INC 6779,Pharmacy,2323,-10773558.7617057,,818457.0,,3873722.95134358,62187.0,3012 MOCKINGBIRD LN,32.837261,75205,DALLAS,Uncategorized,,,
,TX,DALLAS,-96.976387,CVS PHARMACY INC 6803,Pharmacy,7064,-10795362.0198114,,818461.0,,3873838.21771096,62199.0,2222 N STORY RD,32.838131,75062,IRVING,Uncategorized,,,
,TX,DALLAS,-96.889122,G & K One Stop Food ,Convenience Store,5614,-10785647.7244474,,1585874.0,,3879488.58232323,62202.0,2630 WALNUT HILL LN,32.880768,75229,DALLAS,General Retail/Food/Other,,,
,TX,DALLAS,-96.90609,Quiktrip 924,Convenience Store,2702,-10787536.5935671,,816529.0,,3850474.0061038,62457.0,102 E CAMP WISDOM RD,32.66161,75116,DUNCANVILLE,General Retail/Food/Other,,,
,TX,DALLAS,-96.889778,CVS PHARMACY INC 6960,Pharmacy,2904,-10785720.7500333,,818518.0,,3891719.12079116,62628.0,2142 N JOSEY LN,32.972988,75006,CARROLLTON,Uncategorized,,,
,TX,DALLAS,-96.785141,CVS PHARMACY INC 6963,Pharmacy,1503,-10774072.6124752,,818521.0,,3892534.67828206,62645.0,7102 CAMPBELL RD,32.979134,75248,DALLAS,Uncategorized,,,
,TX,DALLAS,-96.698929,CVS PHARMACY INC 6967,Pharmacy,5324,-10764475.5365349,,818523.0,,3886260.75200946,62655.0,1425 BUCKINGHAM RD,32.931843,75081,RICHARDSON,Uncategorized,,,
Ste 301,TX,DALLAS,-96.664268,Family Dollar 5994,Discount Retail,6686,-10760617.0916645,,830389.0,,3884277.02655914,63343.0,2425 W WALNUT ST,32.916885,75042,GARLAND,Uncategorized,,,
,TX,DALLAS,-96.844414,Family Dollar 6145,Discount Retail,5346,-10780670.852653,,830390.0,,3862100.35884442,63344.0,1400 W DAVIS ST,32.749493,75208,DALLAS,Uncategorized,,,
,TX,DALLAS,-96.778221,Family Dollar 6984,Discount Retail,6757,-10773302.2815989,,830391.0,,3868598.3164784,63345.0,4311 LIVE OAK ST,32.798573,75204,DALLAS,Uncategorized,,,
,TX,DALLAS,-96.908379,Family Dollar 7043,Discount Retail,2320,-10787791.4038816,,830392.0,,3847870.97934668,63346.0,1006 S MAIN ST,32.641922,75137,DUNCANVILLE,Uncategorized,,,
Ste 200,TX,DALLAS,-96.764053,Family Dollar 7060,Discount Retail,1009,-10771725.1070533,,830393.0,,3868085.02221342,63347.0,4800 COLUMBIA AVE,32.794697,75226,DALLAS,Uncategorized,,,
Ste 205,TX,DALLAS,-96.857231,Family Dollar 7374,Discount Retail,4528,-10782097.6345665,,830396.0,,3842683.42587356,63350.0,719 N HAMPTON RD,32.602673,75115,DESOTO,Uncategorized,,,
,TX,DALLAS,-96.893562,DOLLARTREE 8069,Discount Retail,1115,-10786141.9829865,,830406.0,,3856326.03453459,63354.0,4421 W KIEST BLVD,32.705856,75236,DALLAS,Uncategorized,,,
,TX,DALLAS,-96.859505,Family Dollar 7148,Discount Retail,2312,-10782350.7750885,,830414.0,,3851741.08687445,63359.0,2550 W RED BIRD LN,32.671192,75237,DALLAS,Uncategorized,,,
Ste 100,TX,DALLAS,-96.826973,Family Dollar 7620,Discount Retail,    ,-10778729.329414,,830416.0,,3870696.48717798,63360.0,4807 MAPLE AVE,32.814415,75219,DALLAS,Uncategorized,,,
,TX,DALLAS,-97.014641,Family Dollar 5670,Discount Retail,    ,-10799620.4356122,,830419.0,,3856831.80519006,63361.0,726 W PIONEER PKWY,32.709679,75051,GRAND PRAIRIE,Uncategorized,,,
,TX,DALLAS,-97.059311,Family Dollar 6962,Discount Retail,7252,-10804593.077266,,830420.0,,3854442.84788501,63362.0,2910 MAYFIELD RD,32.69162,75052,GRAND PRAIRIE,Uncategorized,,,
,TX,DALLAS,-96.811569,Family Dollar 6817,Discount Retail,1532,-10777014.5639779,,830212.0,,3859139.86565372,63512.0,900 VERMONT AVE,32.727123,75216,DALLAS,Uncategorized,,,
,TX,DALLAS,-96.716743,Family Dollar 6837,Discount Retail,3517,-10766458.5819439,,830213.0,,3865844.85263422,63513.0,5911 LOVETT AVE,32.777779,75227,DALLAS,Uncategorized,,,
,TX,DALLAS,-97.010391,Family Dollar 7096,Discount Retail,8007,-10799147.3277764,,830214.0,,3873042.24035785,63514.0,1875 ESTERS RD,32.832123,75061,IRVING,Uncategorized,,,
,TX,DALLAS,-96.677193,Family Dollar 7426,Discount Retail,    ,-10762055.896083,,830215.0,,3871835.92328479,63515.0,9840 FERGUSON RD,32.823017,75228,DALLAS,Uncategorized,,,
Suite 103A,TX,DALLAS,-97.04895,ASAFO Market,Grocery Store,7620,-10803439.6960219,,832356.0,,3856339.26393828,63811.0,2905 ARKANSAS LN,32.705956,75052,GRAND PRAIRIE,General Retail/Food/Other,,,
,TX,DALLAS,-96.621307,Target Store 2572,Super Store,4193,-10755834.6950206,,916992.0,,3870635.29296387,64129.0,1629 N TOWN EAST BLVD,32.813953,75150,MESQUITE,Uncategorized,,,
,TX,DALLAS,-96.756531,Diamond Shamrock Corner Store 274768,Convenience Store,1615,-10770887.7618436,,917075.0,,3842355.19126587,64381.0,903 N DALLAS AVE,32.600189,75146,LANCASTER,General Retail/Food/Other,,,
,TX,DALLAS,-96.72773,QuikTrip 972,Convenience Store,4413,-10767681.6491893,,916131.0,,3870375.68468445,64476.0,7818 GARLAND RD,32.811993,75218,DALLAS,General Retail/Food/Other,,,
,TX,DALLAS,-96.957993,Patel Brothers,Super Store,5436,-10793314.4090978,,916592.0,,3874770.72441168,64874.0,1009 W ROCHELLE RD,32.845169,75062,IRVING,Indian/South Asian,Asia,South Central Asia,Multiple South Central Asian
,TX,DALLAS,-96.725113,Walgreens 10819,Pharmacy,    ,-10767390.3260818,,851602.0,,3887105.64132603,65004.0,500 CENTENNIAL BLVD,32.938213,75081,RICHARDSON,Uncategorized,,,
,TX,DALLAS,-96.648682,7-eleven Convenience 24466,Convenience Store,2890,-10758882.066081,,1012579.0,,3861990.76632378,65249.0,10100 BRUTON RD,32.748665,75217,DALLAS,General Retail/Food/Other,,,
,TX,DALLAS,-96.823524,7 Eleven 29380,Convenience Store,2600,-10778345.3884903,,1014548.0,,3844877.30804402,65266.0,1501 N INTERSTATE 35 E,32.619274,75115,DESOTO,General Retail/Food/Other,,,
,TX,DALLAS,-96.856071,El Rancho 1615,Super Store,6081,-10781968.5039572,,853054.0,,3879569.44080146,65329.0,10020 MARSH LN,32.881378,75229,DALLAS,Mexican,Americas,Latin America - Central America,Mexico
,TX,DALLAS,-96.891861,Family Dollar 8746,Discount Retail,4931,-10785952.6285326,,1015317.0,,3848583.55515479,65494.0,780 E WHEATLAND RD,32.647312,75116,DUNCANVILLE,Uncategorized,,,
,TX,DALLAS,-96.595222,Allsups 316,Convenience Store,3130,-10752930.9261032,,1015409.0,,3892155.42239176,65509.0,5920 HIGHWAY 78,32.976276,75048,SACHSE,General Retail/Food/Other,,,
,TX,DALLAS,-96.943039,Circle K 2742108,Convenience Store,3602,-10791649.7374325,,851846.0,,3846611.84785375,65534.0,1502 S CLARK RD,32.632397,75137,DUNCANVILLE,General Retail/Food/Other,,,
,TX,DALLAS,-96.866112,Octo Fuel #1,Convenience Store,5110,-10783086.2629642,,1657976.0,,3870825.36694231,65606.0,7014 N STEMMONS FWY,32.815388,75247,DALLAS,General Retail/Food/Other,,,
,TX,DALLAS,-96.804253,7-Eleven 26151,Convenience Store,2125,-10776200.1505832,,1013291.0,,3858200.52424422,65801.0,1410 E ILLINOIS AVE,32.720024,75216,DALLAS,General Retail/Food/Other,,,
,TX,DALLAS,-96.763206,EL CENTRO SUPERMARKET,Grocery Store,6022,-10771630.8194446,,852732.0,,3878311.42543526,65901.0,8231 PARK LN,32.871887,75231,DALLAS,Mexican,Americas,Latin America - Central America,Mexico
,TX,DALLAS,-96.782822,La Michoacana Meat Market 28,Other,    ,-10773814.462576,,833399.0,,3870362.04216282,66104.0,2432 N FITZHUGH,32.81189,75204,DALLAS,Mexican,Americas,Latin America - Central America,Mexico
,TX,DALLAS,-96.531944,Walgreens 09323,Pharmacy,3540,-10745886.8513648,,833639.0,,3848705.18648518,66157.0,610 E MALLOY BRIDGE RD,32.648232,75159,SEAGOVILLE,Uncategorized,,,
,TX,DALLAS,-96.741081,CVS PHARMACY INC 7156,Pharmacy,3302,-10769167.8757108,,821363.0,,3892324.61305861,66197.0,605 W CAMPBELL RD,32.977551,75080,RICHARDSON,Uncategorized,,,
,TX,DALLAS,-96.890182,CVS PHARMACY INC 7196,Pharmacy,    ,-10785765.7231076,,821369.0,,3890167.25013789,66212.0,4100 STATE HWY 212,32.961292,75006,CARROLLTON,Uncategorized,,,
,TX,DALLAS,-96.700577,Family Dollar 5441,Discount Retail,2372,-10764658.9910557,,836003.0,,3879320.63706564,66298.0,9711 PLANO RD,32.879501,75238,DALLAS,Uncategorized,,,
,TX,DALLAS,-96.897942,Dollar Tree 3183,Discount Retail,1379,-10786629.5623562,,820214.0,,3864264.49038478,66368.0,4430 DFW TPKE,32.765842,75211,DALLAS,Uncategorized,,,
,TX,DALLAS,-97.005432,LA MICHOACANA MEAT MARKET,Supermarket,4945,-10798595.2944215,,834503.0,,3856823.73491529,66382.0,202 W PIONEER PKWY,32.709618,75051,GRAND PRAIRIE,Mexican,Americas,Latin America - Central America,Mexico
SUITE 218,TX,DALLAS,-96.805611,CVS PHARMACY INC 7288,Pharmacy,    ,-10776351.3224517,,821536.0,,3883157.59906506,66485.0,11661 PRESTON ROAD,32.908443,75230,DALLAS,Uncategorized,,,
Ste 310,TX,DALLAS,-96.818962,CVS PHARMACY INC 7412,Pharmacy,4383,-10777837.5489733,,821598.0,,3875465.71391131,66660.0,5370 W LOVERS LN,32.850414,75209,DALLAS,Uncategorized,,,
,TX,DALLAS,-96.993744,WALGREENS 04418,Pharmacy,2914,-10797294.1922131,,822717.0,,3892261.31555842,66878.0,313 N DENTON TAP RD,32.977074,75019,COPPELL,Uncategorized,,,
,TX,DALLAS,-96.93795,Sprouts Farmers Market 113,Supermarket,6024,-10791083.2325438,,917801.0,,3841391.94658899,67347.0,362 E FM 1382,32.592899,75104,CEDAR HILL,General Retail/Food/Other,,,
,TX,DALLAS,-96.892029,CVS/ PHARMACY INC 8342,Pharmacy,3627,-10785971.3302071,,749033.0,,3840997.81844451,67496.0,1305 W BELT LINE RD,32.589916,75115,DESOTO,Uncategorized,,,
,TX,DALLAS,-96.769875,Walgreens 05826,Pharmacy,8130,-10772373.2091287,,750497.0,,3888762.43770786,67560.0,7930 BELT LINE RD,32.950703,75254,DALLAS,Uncategorized,,,
,TX,DALLAS,-96.864632,Walgreens 09126,Pharmacy,1746,-10782921.5101178,,750502.0,,3863244.52324186,67581.0,2602 FORT WORTH AVE,32.758137,75211,DALLAS,Uncategorized,,,
,TX,DALLAS,-96.658691,LA MICHOACANA MEAT MARKET 23,Supermarket,4133,-10759996.2628644,,749838.0,,3879101.79487451,67593.0,2114 W KINGSLEY RD,32.87785,75041,GARLAND,Mexican,Americas,Latin America - Central America,Mexico
,TX,DALLAS,-96.697021,Walgreens 06120,Pharmacy,3259,-10764263.1389465,,750507.0,,3873829.07585438,67595.0,9937 GARLAND RD,32.838062,75218,DALLAS,Uncategorized,,,
,TX,DALLAS,-96.768539,Walgreens 06660,Pharmacy,5422,-10772224.486289,,750511.0,,3873565.28998059,67609.0,5742 E MOCKINGBIRD LN,32.836071,75206,DALLAS,Uncategorized,,,
,TX,DALLAS,-96.775192,Walgreens 07334,Pharmacy,7706,-10772965.0948613,,750517.0,,3869807.74531197,67636.0,5001 ROSS AVE,32.807705,75206,DALLAS,Uncategorized,,,
,TX,DALLAS,-96.610397,Walgreens 06390,Pharmacy,4601,-10754620.199376,,750520.0,,3870399.39357033,67643.0,1015 N TOWN EAST BLVD,32.812172,75150,MESQUITE,Uncategorized,,,
,TX,DALLAS,-96.583481,Walgreens 05959,Pharmacy,6033,-10751623.9239618,,750521.0,,3861656.56836859,67650.0,1520 PIONEER RD,32.74614,75149,MESQUITE,Uncategorized,,,
,TX,DALLAS,-96.682266,Walgreens 06891,Pharmacy,1403,-10762620.6198598,,750522.0,,3877314.89080434,67656.0,11403 E NORTHWEST HWY,32.864368,75218,DALLAS,Uncategorized,,,
,TX,DALLAS,-96.788513,Walgreens 05558,Pharmacy,1213,-10774447.9817981,,750524.0,,3842909.65405752,67663.0,1507 W PLEASANT RUN RD,32.604385,75146,LANCASTER,Uncategorized,,,
,TX,DALLAS,-96.613518,Valero Corner Store 2744517,Convenience Store,6901,-10754967.6275068,,917498.0,,3873236.32773958,67764.0,1145 INTERSTATE 30,32.833588,75150,MESQUITE,General Retail/Food/Other,,,
,TX,DALLAS,-96.812668,Valero Corner Store 2742003,Convenience Store,4508,-10777136.9040982,,917504.0,,3886386.75205009,67771.0,5518 ALPHA RD,32.932793,75240,DALLAS,General Retail/Food/Other,,,
,TX,DALLAS,-96.597961,BRAUM'S 55,Other,3638,-10753235.8301885,,750669.0,,3875287.35806442,67845.0,5435 BROADWAY BLVD,32.849068,75043,GARLAND,Uncategorized,,,
,TX,DALLAS,-96.723419,BRAUM'S 57,Other,5147,-10767201.7508644,,750671.0,,3887105.64132603,67851.0,518 CENTENNIAL BLVD,32.938213,75081,RICHARDSON,Uncategorized,,,
,TX,DALLAS,-96.889816,BRAUM'S 58,Other,2904,-10785724.980174,,750672.0,,3891570.77133189,67857.0,2134 N JOSEY LN,32.97187,75006,CARROLLTON,Uncategorized,,,
,TX,DALLAS,-96.977074,BRAUM'S 59,Other,5004,-10795438.4963016,,750674.0,,3868723.9948774,67863.0,1413 S STORY RD,32.799522,75060,IRVING,Uncategorized,,,
,TX,DALLAS,-96.655785,BRAUM'S 61,Other,4833,-10759672.7684241,,750677.0,,3877336.62572946,67879.0,1815 NORTHWEST HWY,32.864532,75041,GARLAND,Uncategorized,,,
,TX,DALLAS,-96.622299,BRAUM'S 62,Other,8766,-10755945.1239554,,750679.0,,3887501.8450772,67885.0,2802 LAVON DR,32.9412,75040,GARLAND,Uncategorized,,,
,TX,DALLAS,-96.975204,BRAUM'S 67,Other,3439,-10795230.3288538,,750684.0,,3875964.62112056,67897.0,3601 N STORY RD,32.854179,75062,IRVING,Uncategorized,,,
,TX,DALLAS,-96.58918,Wrights Family Food,Other,5001,-10752258.3337398,,673886.0,,3853831.23400425,67906.0,1050 S BELT LINE RD,32.686996,75253,DALLAS,Uncategorized,,,
,TX,DALLAS,-96.891266,Valero Corner Store 274796,Convenience Store,3504,-10785886.3934356,,917081.0,,3847671.75664901,67914.0,1102 S COCKRELL HILL RD,32.640415,75137,DUNCANVILLE,General Retail/Food/Other,,,
,TX,DALLAS,-96.937469,Corner Store 2741742,Convenience Store,6027,-10791029.6878687,,917095.0,,3841377.41263297,67938.0,401 E FM 1382,32.592789,75104,CEDAR HILL,General Retail/Food/Other,,,
,TX,DALLAS,-96.663826,KROGER 557,Super Store,    ,-10760567.8884496,,673987.0,,3892293.16331452,67953.0,6850 N SHILOH ROAD,32.977314,75044,GARLAND,Uncategorized,,,
,TX,DALLAS,-96.818939,Walgreens 09647,Pharmacy,7505,-10777834.988625,,919184.0,,3889224.89680111,68009.0,5201 BELT LINE RD,32.954189,75254,DALLAS,Uncategorized,,,
,TX,DALLAS,-96.992432,7-Eleven 24409,Convenience Store,6878,-10797148.1410412,,880442.0,,3875121.062888,68080.0,3001 N BELT LINE RD,32.847813,75062,IRVING,General Retail/Food/Other,,,
Ste 103,TX,DALLAS,-96.993599,Texas King Irving zabiha halal meat,Supermarket,7823,-10797278.050887,,918646.0,,3875932.28758152,68145.0,3455 N BELT LINE RD,32.853935,75062,IRVING,Indian/South Asian,Asia,South Central Asia,Multiple South Central Asian
,TX,DALLAS,-96.600227,Walgreens 09909,Pharmacy,3740,-10753488.0801546,,918757.0,,3891652.37657129,68671.0,5434 HIGHWAY 78,32.972485,75048,SACHSE,Uncategorized,,,
,TX,DALLAS,-96.628494,Walmart 5824,Super Store,    ,-10756634.7482009,,1286442.0,,3864711.0268192,68846.0,1951 MILITARY PKWY,32.769215,75149,MESQUITE,Uncategorized,,,
,TX,DALLAS,-96.993713,RaceTrac 2429,Convenience Store,    ,-10797290.7413089,,1287700.0,,3879120.48444818,69206.0,3510 CARBON RD,32.877991,75038,IRVING,General Retail/Food/Other,,,
,TX,DALLAS,-96.934227,Nursery Food Mart,Convenience Store,6148,-10790668.7900796,,856007.0,,3868950.32532481,69361.0,1140 S NURSERY RD,32.801231,75060,IRVING,General Retail/Food/Other,,,
,TX,DALLAS,-96.936546,Dollar Tree 2095,Discount Retail,6027,-10790926.9399787,,856687.0,,3841225.20354706,69601.0,435 E FM 1382,32.591637,75104,CEDAR HILL,Uncategorized,,,
,TX,DALLAS,-96.649231,WALGREENS 11645,Pharmacy,3042,-10758943.1804815,,901072.0,,3860001.07151599,70951.0,10152 LAKE JUNE RD,32.733631,75217,DALLAS,Uncategorized,,,
,TX,DALLAS,-96.601509,7-Eleven Inc 27206,Convenience Store,5402,-10753630.7917418,,931038.0,,3852417.6594489,71312.0,13601 C F HAWN FWY,32.676308,75253,DALLAS,General Retail/Food/Other,,,
,TX,DALLAS,-96.606232,7-Eleven 27441,Convenience Store,2257,-10754156.5536969,,930175.0,,3867053.46905063,71830.0,1803 N GALLOWAY AVE,32.786907,75149,MESQUITE,General Retail/Food/Other,,,
,TX,DALLAS,-96.610741,BRAUM'S 71,Other,4369,-10754658.4932808,,752025.0,,3870503.5013105,72105.0,3506 N GALLOWAY AVE,32.812958,75150,MESQUITE,Uncategorized,,,
,TX,DALLAS,-96.998398,BRAUM'S 73,Other,4954,-10797812.2731233,,750717.0,,3856818.57523431,72255.0,500 E PIONEER PKWY,32.709579,75051,GRAND PRAIRIE,Uncategorized,,,
,TX,DALLAS,-96.842033,BRAUM'S 79,Other,4006,-10780405.8009454,,750724.0,,3842819.53226518,72270.0,720 E PLEASANT RUN RD,32.603703,75115,DESOTO,Uncategorized,,,
,TX,DALLAS,-96.982956,LA AZTECA MEAT MARKET 6,Other,4235,-10796093.2775465,,752667.0,,3872684.94247295,72488.0,2712 W IRVING BLVD,32.829426,75061,IRVING,Mexican,Americas,Latin America - Central America,Mexico
,TX,DALLAS,-96.882179,BRAUM'S 91,Other,2300,-10784874.8332228,,750803.0,,3893469.20232439,72650.0,3400 E TRINITY MILLS RD,32.986176,75006,CARROLLTON,Uncategorized,,,
,TX,DALLAS,-96.573181,BRAUM'S 179,Other,3365,-10750477.3332066,,751402.0,,3883029.24698908,72653.0,3312 LAKEVIEW PKWY,32.907475,75088,ROWLETT,Uncategorized,,,
,TX,DALLAS,-96.890068,BRAUM'S 185,Other,8460,-10785753.0326857,,751408.0,,3858324.76866136,72686.0,4303 W ILLINOIS AVE,32.720963,75211,DALLAS,Uncategorized,,,
Ste 100,TX,DALLAS,-96.881493,WALGREENS 05509,Pharmacy,4979,-10784798.4680521,,752344.0,,3885420.43265966,72701.0,13260 JOSEY LN,32.925507,75234,DALLAS,Uncategorized,,,
,TX,DALLAS,-96.76268,BRAUM'S 120,Other,2945,-10771572.2653925,,750837.0,,3892492.61185553,72711.0,1260 W CAMPBELL RD,32.978817,75080,RICHARDSON,Uncategorized,,,
,TX,DALLAS,-96.891533,BRAUM'S 201,Other,2623,-10785916.1157397,,751421.0,,3848047.99556172,72738.0,907 S COCKRELL HILL RD,32.643261,75137,DUNCANVILLE,Uncategorized,,,
,TX,DALLAS,-96.923668,BRAUM'S 255,Other,6316,-10789493.3675763,,751450.0,,3869016.54336438,72793.0,1701 E SHADY GROVE RD,32.801731,75060,IRVING,Uncategorized,,,
,TX,DALLAS,-96.862564,BRAUM'S 256,Other,7713,-10782691.3014109,,751452.0,,3883329.57713527,72801.0,3441 FOREST LN,32.90974,75234,DALLAS,Uncategorized,,,
,TX,DALLAS,-96.747505,BRAUM'S 257,Other,4120,-10769882.9921197,,751485.0,,3883083.34562688,72813.0,9755 GREENVILLE AVE,32.907883,75243,DALLAS,Uncategorized,,,
,TX,DALLAS,-96.82531,BRAUM'S 258,Other,5828,-10778544.2051009,,751488.0,,3872884.98555797,72819.0,3602 INWOOD RD,32.830936,75209,DALLAS,Uncategorized,,,
,TX,DALLAS,-96.840942,7-Eleven 34103,Convenience Store,2101,-10780284.3513809,,947039.0,,3869626.29657741,73453.0,2607 N STEMMONS FWY,32.806335,75207,DALLAS,General Retail/Food/Other,,,
,TX,DALLAS,-96.860458,Family Dollar Store 1411,Discount Retail,3783,-10782456.8625633,,882932.0,,3865986.78713693,73489.0,2223 SINGLETON BLVD,32.778851,75212,DALLAS,Uncategorized,,,
,TX,DALLAS,-96.758698,Family Dollar Store 7950,Discount Retail,3201,-10771128.9911801,,882934.0,,3842941.50077871,73497.0,1327 N DALLAS AVE,32.604626,75134,LANCASTER,Uncategorized,,,
,TX,DALLAS,-96.83226,Dollar Tree 2639,Discount Retail,    ,-10779317.8755619,,902930.0,,3858637.70102571,74143.0,742 WYNNEWOOD VILLAGE,32.723328,75224,DALLAS,Uncategorized,,,
,TX,DALLAS,-96.749985,CVS Pharmacy 10909,Pharmacy,1594,-10770159.0644569,,1290842.0,,3876314.99517262,74322.0,6474 E NORTHWEST HWY,32.856823,75214,DALLAS,Uncategorized,,,
,TX,DALLAS,-96.771652,Family Dollar 11538,Discount Retail,3708,-10772571.0238639,,1292320.0,,3845838.85379268,74633.0,3163 N DALLAS AVE,32.626549,75134,LANCASTER,Uncategorized,,,
Ste 408,TX,DALLAS,-96.709366,Dollar Tree 2350,Discount Retail,4498,-10765637.3780603,,902925.0,,3877366.04746043,74995.0,10233 E NORTHWEST HWY,32.864754,75238,DALLAS,Uncategorized,,,
,TX,DALLAS,-96.909515,Costco Wholesale 0636,Super Store,4415,-10787917.8628231,,923743.0,,3845170.71990506,75346.0,250 W HIGHWAY 67,32.621494,75137,DUNCANVILLE,Uncategorized,,,
,TX,DALLAS,-96.85511,7-eleven Convenience Store 36368C,Convenience Store,2601,-10781861.5259265,,1583436.0,,3891478.68415063,75554.0,2230 MARSH LN,32.971176,75006,CARROLLTON,General Retail/Food/Other,,,
,TX,DALLAS,-96.960037,Circle K 2740946,Convenience Store,2752,-10793541.946137,,887165.0,,3870709.07044326,75734.0,101 S MACARTHUR BLVD,32.81451,75060,IRVING,General Retail/Food/Other,,,
,TX,DALLAS,-96.891891,Circle K 2742406,Convenience Store,4623,-10785955.9681174,,888789.0,,3860410.5236455,75790.0,4402 W JEFFERSON BLVD,32.736725,75211,DALLAS,General Retail/Food/Other,,,
,TX,DALLAS,-96.534966,Circle K 2744529,Convenience Store,3117,-10746223.258866,,888898.0,,3848462.98272316,75802.0,531 E MALLOY BRIDGE RD,32.6464,75159,SEAGOVILLE,General Retail/Food/Other,,,
,TX,DALLAS,-96.761757,QuikTrip 933,Convenience Store,5127,-10771469.5175025,,887775.0,,3878753.3259279,75881.0,7104 GREENVILLE AVE,32.875221,75231,DALLAS,General Retail/Food/Other,,,
,TX,DALLAS,-96.656586,Afayi Fuel Station,Convenience Store,1105,-10759761.9353363,,1588505.0,,3867810.24152188,76151.0,3828 US HIGHWAY 80 E,32.792622,75149,MESQUITE,General Retail/Food/Other,,,
,TX,DALLAS,-96.749771,Bonnieview Dallas,Convenience Store,7400,-10770135.2420858,,1652973.0,,3849788.95044705,76407.0,7410 BONNIE VIEW RD,32.656429,75241,DALLAS,General Retail/Food/Other,,,
,TX,DALLAS,-96.626945,7-eleven Convenience Store 35399B,Convenience Store,1322,-10756462.3143097,,1588598.0,,3866469.13890368,76447.0,1325 GROSS RD,32.782494,75149,MESQUITE,General Retail/Food/Other,,,
,TX,DALLAS,-96.683365,Adis Chevron,Convenience Store,8753,-10762742.9599802,,948640.0,,3862525.50275639,77155.0,2313 S BUCKNER BLVD,32.752705,75227,DALLAS,General Retail/Food/Other,,,
,TX,DALLAS,-96.718063,EZ TRIP FOOD STORE 9,Convenience Store,5702,-10766605.5236718,,948908.0,,3883285.15696062,77177.0,9798 FOREST LN,32.909405,75243,DALLAS,General Retail/Food/Other,,,
,TX,DALLAS,-96.718559,7-Eleven 24092,Convenience Store,2551,-10766660.7381392,,884276.0,,3879130.55827326,77299.0,9750 WALNUT HILL LN,32.878067,75238,DALLAS,General Retail/Food/Other,,,
,TX,DALLAS,-96.700096,Family Dollar Store 7627,Discount Retail,4848,-10764605.4463807,,883300.0,,3858500.35379056,77454.0,620 N JIM MILLER RD,32.72229,75217,DALLAS,Uncategorized,,,
Ste A,TX,DALLAS,-96.518349,Lakeview Food Mart 1,Convenience Store,4399,-10744373.4628875,,1574062.0,,3884217.35289021,77502.0,8600 LAKEVIEW PKWY,32.916435,75088,ROWLETT,General Retail/Food/Other,,,
,TX,DALLAS,-96.681297,Dollar General 10133,Discount Retail,1324,-10762512.7512732,,758209.0,,3841090.04034791,77520.0,406 E BELT LINE RD,32.590614,75172,WILMER,Uncategorized,,,
,TX,DALLAS,-96.717651,GET N GO,Convenience Store,7309,-10766559.6600415,,757134.0,,3882677.08155789,77573.0,11424 AUDELIA RD,32.904819,75243,DALLAS,General Retail/Food/Other,,,
,TX,DALLAS,-96.825844,7-Eleven Inc. 32924,Convenience Store,6225,-10778603.6497089,,884828.0,,3872665.20330655,77936.0,5601 LEMMON AVE,32.829277,75209,DALLAS,General Retail/Food/Other,,,
Ste 351,TX,DALLAS,-96.768326,Whole Foods Market 10239,Super Store,5908,-10772200.7752375,,938751.0,,3877950.91904544,78030.0,8190 PARK LN,32.869167,75231,DALLAS,Uncategorized,,,
Ste 100,TX,DALLAS,-97.038574,Dollar Tree 2187,Discount Retail,    ,-10802284.6449854,,939373.0,,3852060.98608352,78103.0,2307 I-20,32.673611,75052,GRAND PRAIRIE,Uncategorized,,,
Ste 108,TX,DALLAS,-96.61702,Dollar Tree 3729,Discount Retail,    ,-10755357.4683635,,939385.0,,3859814.34806597,78130.0,12250 LAKE JUNE RD,32.73222,75180,BALCH SPRINGS,Uncategorized,,,
,TX,DALLAS,-97.006973,QuikTrip 921,Convenience Store,6670,-10798766.8377568,,938011.0,,3853030.12593331,78323.0,3768 S CARRIER PKWY,32.680939,75052,GRAND PRAIRIE,General Retail/Food/Other,,,
,TX,DALLAS,-96.976288,7 Eleven 26376,Convenience Store,3440,-10795350.9991818,,938025.0,,3875584.57514214,78325.0,3401 N STORY RD,32.851311,75062,IRVING,General Retail/Food/Other,,,
,TX,DALLAS,-97.007149,7 Eleven 21261,Convenience Store,4945,-10798786.4299872,,938027.0,,3856826.24860683,78327.0,230 W PIONEER PKWY,32.709637,75051,GRAND PRAIRIE,General Retail/Food/Other,,,
,TX,DALLAS,-96.689674,Dollar Tree 2637,Discount Retail,2639,-10763445.2746476,,939830.0,,3874585.22414976,78870.0,10606 GARLAND RD,32.843769,75218,DALLAS,Uncategorized,,,
,TX,DALLAS,-96.682602,Aldi 20,Supermarket,6907,-10762658.0232087,,951142.0,,3863773.75669373,78917.0,2926 S BUCKNER BLVD,32.762135,75227,DALLAS,General Retail/Food/Other,,,
,TX,DALLAS,-96.920448,Oversea Market #1,Grocery Store,4242,-10789134.9188159,,950454.0,,3860146.50876684,78922.0,1101 S WALTON WALKER BLVD,32.73473,75211,DALLAS,General Retail/Food/Other,,,
,TX,DALLAS,-96.697456,Aldi 29,Supermarket,4203,-10764311.562925,,951145.0,,3886179.31691365,78926.0,1518 BUCKINGHAM RD,32.931229,75042,GARLAND,General Retail/Food/Other,,,
Ste 200C,TX,DALLAS,-96.71859,Aldi 30,Supermarket,5701,-10766664.1890434,,951151.0,,3883310.88086217,78931.0,9779 FOREST LN,32.909599,75243,DALLAS,General Retail/Food/Other,,,
,TX,DALLAS,-96.858192,Aldi 56,Supermarket,1106,-10782204.6125971,,951152.0,,3858113.72593881,78936.0,2440 W ILLINOIS AVE,32.719368,75233,DALLAS,General Retail/Food/Other,,,
,TX,DALLAS,-96.91806,Express Food 1,Convenience Store,3140,-10788869.0878719,,905547.0,,3872853.1904032,79087.0,1951 E GRAUWYLER RD,32.830696,75061,IRVING,General Retail/Food/Other,,,
,TX,DALLAS,-96.769455,Sam's Club 4925,Super Store,7122,-10772326.4549426,,1656789.0,,3870978.48800346,79188.0,2218 GREENVILLE AVE,32.816544,75206,DALLAS,Uncategorized,,,
,TX,DALLAS,-96.636688,Aldi 16,Supermarket,3630,-10757546.9001085,,941188.0,,3870554.49589582,79754.0,3635 GUS THOMASSON RD,32.813343,75150,MESQUITE,General Retail/Food/Other,,,
,TX,DALLAS,-96.645218,Dollar General 3541,Discount Retail,3812,-10758496.4553649,,940719.0,,3868933.63843758,79781.0,2711 MOTLEY DR,32.801105,75150,MESQUITE,Uncategorized,,,
,TX,DALLAS,-97.022552,Valleyview Conoco,Convenience Store,5801,-10800501.0841039,,941230.0,,3873530.44577961,79821.0,4900 W AIRPORT FWY,32.835808,75062,IRVING,General Retail/Food/Other,,,
,TX,DALLAS,-96.652092,Aldi 54,Supermarket,5232,-10759261.6655446,,941384.0,,3877291.6980932,79912.0,1601 W NORTHWEST HWY,32.864193,75041,GARLAND,General Retail/Food/Other,,,
,TX,DALLAS,-96.858665,Aldi 72,Supermarket,3613,-10782257.2667163,,941431.0,,3848843.34532947,79971.0,8034 CHRYSALIS DR,32.649277,75237,DALLAS,General Retail/Food/Other,,,
,TX,DALLAS,-96.838814,Love's Travel Stops & Country Stores Inc 294,Convenience Store,5128,-10780047.4635045,,953630.0,,3847734.8148306,80429.0,8800 S POLK ST,32.640892,75232,DALLAS,General Retail/Food/Other,,,
,TX,DALLAS,-96.995049,Dollar General 10090,Discount Retail,3304,-10797439.4641486,,763142.0,,3858654.77030247,80458.0,1511 S BELT LINE RD,32.723457,75051,GRAND PRAIRIE,Uncategorized,,,
,TX,DALLAS,-96.693596,Love's Travel Stops & Country Stores Inc 331,Convenience Store,4256,-10763881.8696905,,953650.0,,3845561.02182457,80587.0,2500 S INTERSTATE 45 SERVICE RD,32.624447,75141,HUTCHINS,General Retail/Food/Other,,,
,TX,DALLAS,-96.714493,Race Trac 2435,Convenience Store,2213,-10766208.1130896,,1293672.0,,3890073.71456795,81073.0,720 E ARAPAHO RD,32.960587,75081,RICHARDSON,General Retail/Food/Other,,,
Ste 175,TX,DALLAS,-96.709953,Eli Food Mart,Convenience Store,5035,-10765702.7226014,,1294522.0,,3883231.45518285,81134.0,10190 FOREST LN,32.909,75243,DALLAS,General Retail/Food/Other,,,
,TX,DALLAS,-96.532104,Racetrac 144,Convenience Store,9311,-10745904.6624833,,1038423.0,,3883500.6295269,81149.0,7401 LAKEVIEW PKWY,32.91103,75088,ROWLETT,General Retail/Food/Other,,,
,TX,DALLAS,-96.596146,Racetrac 173,Convenience Store,5944,-10753033.7853127,,1038426.0,,3873584.50070587,81157.0,6421 BROADWAY BLVD,32.836216,75043,GARLAND,General Retail/Food/Other,,,
,TX,DALLAS,-96.61319,Racetrac 183,Convenience Store,6730,-10754931.1147138,,1038428.0,,3883563.34936167,81159.0,1355 HIGHWAY 66,32.911503,75040,GARLAND,General Retail/Food/Other,,,
,TX,DALLAS,-96.622559,Racetrac 582,Convenience Store,8762,-10755974.067023,,1038435.0,,3887197.29624333,81178.0,2602 LAVON DR,32.938904,75040,GARLAND,General Retail/Food/Other,,,
,TX,DALLAS,-96.664009,Racetrac 697,Convenience Store,4968,-10760588.2599164,,1038445.0,,3886100.40233565,81187.0,2434 W BUCKINGHAM RD,32.930634,75042,GARLAND,General Retail/Food/Other,,,
,TX,DALLAS,-96.992172,Race Trac 2308,Convenience Store,    ,-10797119.1979736,,1294682.0,,3876375.68886451,81636.0,714 N BELTLINE RD,32.857281,75038,IRVING,General Retail/Food/Other,,,
,TX,DALLAS,-96.648499,7-eleven Convenience Store 35761B,Convenience Store,6800,-10758861.6946142,,1294184.0,,3888007.36584635,81651.0,1426 BELT LINE RD,32.945011,75044,GARLAND,General Retail/Food/Other,,,
Ste 120,TX,DALLAS,-96.56942,Mr. H Food Store,Convenience Store,6477,-10750058.6606018,,1294813.0,,3879851.65450681,81905.0,2300 ROWLETT RD,32.883507,75088,ROWLETT,General Retail/Food/Other,,,
,TX,DALLAS,-96.840164,Pick Quick Deli Mart 2,Convenience Store,4713,-10780197.7448171,,1040492.0,,3848835.80935087,82012.0,8101 S POLK ST,32.64922,75232,DALLAS,General Retail/Food/Other,,,
,TX,DALLAS,-96.821136,RaceTrac 569,Convenience Store,6422,-10778079.5575463,,1040962.0,,3872054.76275097,82058.0,5151 LEMMON AVE,32.824669,75209,DALLAS,General Retail/Food/Other,,,
,TX,DALLAS,-96.699829,RaceTrac 613,Convenience Store,1303,-10764575.7240766,,1040963.0,,3881323.27884995,82059.0,10707 MILLER RD,32.894608,75238,DALLAS,General Retail/Food/Other,,,
,TX,DALLAS,-96.853729,RaceTrac 64,Convenience Store,8047,-10781707.7937097,,1040965.0,,3889560.94062523,82060.0,15196 MARSH LN,32.956722,75001,ADDISON,General Retail/Food/Other,,,
,TX,DALLAS,-96.665627,QuikTrip 907,Convenience Store,8011,-10760768.3748525,,907990.0,,3888041.32446437,82189.0,3011 N SHILOH RD,32.945267,75044,GARLAND,General Retail/Food/Other,,,
,TX,DALLAS,-96.692627,RaceTrac 423,Convenience Store,6819,-10763774.0011039,,1040059.0,,3883153.62119039,82633.0,4214 FOREST LN,32.908413,75042,GARLAND,General Retail/Food/Other,,,
,TX,DALLAS,-96.80349,Aldi 23,Supermarket,5212,-10776115.2138117,,944728.0,,3886340.72872049,82716.0,13548 PRESTON RD,32.932446,75240,DALLAS,General Retail/Food/Other,,,
,TX,DALLAS,-96.749344,Aldi 35,Supermarket,1698,-10770087.7086633,,944729.0,,3876203.28249336,82724.0,5828 ABRAMS RD,32.85598,75214,DALLAS,General Retail/Food/Other,,,
,TX,DALLAS,-96.775429,Aldi 42,Supermarket,1409,-10772991.4775806,,944731.0,,3868039.46776625,82741.0,4120 GASTON AVE,32.794353,75246,DALLAS,General Retail/Food/Other,,,
,TX,DALLAS,-96.992188,Aldi 58,Supermarket,5247,-10797120.9790855,,944733.0,,3874954.24005009,82757.0,2926 BELT LINE RD,32.846554,75062,IRVING,General Retail/Food/Other,,,
,TX,DALLAS,-96.999352,Aldi 70,Supermarket,4943,-10797918.4719175,,944734.0,,3856818.57523431,82764.0,424 E PIONEER PKWY,32.709579,75051,GRAND PRAIRIE,General Retail/Food/Other,,,
,TX,DALLAS,-96.568649,Aldi 32,Supermarket,4005,-10749972.8332744,,944738.0,,3882912.29931518,82792.0,3500 LAKEVIEW PKWY,32.906593,75088,ROWLETT,General Retail/Food/Other,,,
,TX,DALLAS,-96.696663,Aldi 34,Supermarket,4630,-10764223.2865688,,944740.0,,3888064.00781478,82807.0,1549 E BELT LINE RD,32.945438,75081,RICHARDSON,General Retail/Food/Other,,,
,TX,DALLAS,-97.00898,7-Eleven 25274,Convenience Store,5913,-10798990.2559749,,945075.0,,3873566.74734485,82914.0,4118 W AIRPORT FWY,32.836082,75062,IRVING,General Retail/Food/Other,,,
,TX,DALLAS,-96.671883,El Rancho 1619,Super Store,3017,-10761464.7895869,,910135.0,,3873386.83046655,83056.0,2550 GUS THOMASSON RD,32.834724,75228,DALLAS,Mexican,Americas,Latin America - Central America,Mexico
,TX,DALLAS,-96.855225,Target Store 947,Super Store,4924,-10781874.3276679,,763337.0,,3876971.64335274,83071.0,9440 MARSH LN,32.861778,75220,DALLAS,Uncategorized,,,
,TX,DALLAS,-97.010071,TARGET STORE T 1116,Super Store,6932,-10799111.7055393,,763350.0,,3852687.58516067,83073.0,554 W INTERSTATE 20,32.678349,75052,GRAND PRAIRIE,Uncategorized,,,
,TX,DALLAS,-96.962479,Target Store 1032,Super Store,7516,-10793813.7883335,,763351.0,,3883828.42060956,83074.0,7845 N MACARTHUR BLVD,32.913502,75063,IRVING,Uncategorized,,,
,TX,DALLAS,-96.925552,CVS/ PHARMACY INC 7702,Pharmacy,2201,-10789703.093497,,859940.0,,3848534.10973257,83102.0,603 S CEDAR RIDGE DR,32.646938,75137,DUNCANVILLE,Uncategorized,,,
Ste A,TX,DALLAS,-96.890251,Dollar Tree 2076,Discount Retail,2483,-10785773.4041525,,861359.0,,3850651.06130171,83165.0,4241 W CAMP WISDOM RD,32.662949,75237,DALLAS,Uncategorized,,,
,TX,DALLAS,-97.059113,Dollar Tree 3641,Discount Retail,8307,-10804571.0360068,,861454.0,,3848429.79907891,83180.0,5216 S STATE HIGHWAY 360,32.646149,75052,GRAND PRAIRIE,Uncategorized,,,
,TX,DALLAS,-96.64695,CVS/ PHARMACY INC 7481,Pharmacy,3266,-10758689.260723,,860030.0,,3887942.10190341,83309.0,1372 BELT LINE RD,32.944519,75040,GARLAND,Uncategorized,,,
,TX,DALLAS,-96.935013,Gopher Mart,Convenience Store,6121,-10790756.2871994,,861845.0,,3868911.9190325,83343.0,906 E SHADY GROVE RD,32.800941,75060,IRVING,General Retail/Food/Other,,,
,TX,DALLAS,-96.632675,QUIKTRIP #901 901,Convenience Store,5161,-10757100.1749919,,955666.0,,3877977.29395416,83390.0,220 W CENTERVILLE RD,32.869366,75041,GARLAND,General Retail/Food/Other,,,
,TX,DALLAS,-96.671982,QUIKTRIP #902 902,Convenience Store,1414,-10761475.8102165,,955700.0,,3877248.2284493,83395.0,12100 E NORTHWEST HWY,32.863865,75218,DALLAS,General Retail/Food/Other,,,
,TX,DALLAS,-96.87796,QUIKTRIP #903 903,Convenience Store,7504,-10784405.1762911,,955704.0,,3883209.31155837,83397.0,2968 FOREST LN,32.908833,75234,DALLAS,General Retail/Food/Other,,,
,TX,DALLAS,-96.596169,QUIKTRIP #909 909,Convenience Store,5821,-10753036.345661,,955711.0,,3874670.15640653,83398.0,5825 BROADWAY BLVD,32.84441,75043,GARLAND,General Retail/Food/Other,,,
,TX,DALLAS,-96.584076,QUIKTRIP #931 931,Convenience Store,3838,-10751690.1590588,,955819.0,,3883068.09721109,83412.0,1900 LAKEVIEW PKWY,32.907768,75088,ROWLETT,General Retail/Food/Other,,,
,TX,DALLAS,-96.607361,CVS/ PHARMACY INC 7824,Pharmacy,3126,-10754282.233402,,860134.0,,3891115.25203552,83477.0,5702 LAVON DR,32.968437,75040,GARLAND,Uncategorized,,,
,TX,DALLAS,-97.004784,CVS/ PHARMACY INC 7809,Pharmacy,3203,-10798523.1593915,,860138.0,,3851777.45364871,83478.0,4203 S CARRIER PKWY,32.671467,75052,GRAND PRAIRIE,Uncategorized,,,
,TX,DALLAS,-96.977798,CVS/ PHARMACY INC 7741,Pharmacy,5002,-10795519.0916129,,860140.0,,3868892.84836838,83479.0,1333 S STORY RD,32.800797,75060,IRVING,Uncategorized,,,
,TX,DALLAS,-96.788437,CVS/ PHARMACY INC 7640,Pharmacy,1211,-10774439.5215168,,860430.0,,3842812.3965514,83513.0,1225 N BLUEGROVE RD,32.603649,75146,LANCASTER,Uncategorized,,,
,TX,DALLAS,-96.570259,CVS/ PHARMACY INC 7431,Pharmacy,3367,-10750152.0576545,,860528.0,,3883023.67802581,83546.0,3430 LAKEVIEW PKWY,32.907433,75088,ROWLETT,Uncategorized,,,
,TX,DALLAS,-96.936775,CVS/ PHARMACY INC 7491,Pharmacy,2206,-10790952.4321421,,859854.0,,3841093.60768525,83865.0,385 E BELT LINE RD,32.590641,75104,CEDAR HILL,Uncategorized,,,
,TX,DALLAS,-96.799767,CVS/ PHARMACY INC 5314,Pharmacy,    ,-10775700.7713475,,859878.0,,3866217.56675604,83867.0,1411 MAIN STREET,32.780594,75202,DALLAS,Uncategorized,,,
,TX,DALLAS,-96.78775,CVS/ PHARMACY INC 7643,Pharmacy,1331,-10774363.0450267,,859886.0,,3875288.8156421,83869.0,6832 SNIDER PLZ,32.849079,75205,DALLAS,Uncategorized,,,
,TX,DALLAS,-96.851898,CVS/ PHARMACY INC 7672,Pharmacy,7126,-10781503.9677221,,859890.0,,3883294.17357949,83870.0,3798 FOREST LN,32.909473,75244,DALLAS,Uncategorized,,,
,TX,DALLAS,-96.804474,CVS/ PHARMACY INC 7747,Pharmacy,1134,-10776224.7521907,,859894.0,,3875134.18090811,83871.0,6709 PRESTON RD,32.847912,75205,DALLAS,Uncategorized,,,
,TX,DALLAS,-96.856316,CVS/ PHARMACY INC 7748,Pharmacy,6058,-10781995.7772324,,859896.0,,3879528.48127326,83872.0,10003 MARSH LN,32.881069,75229,DALLAS,Uncategorized,,,
,TX,DALLAS,-96.99469,Quiktrip 994,Convenience Store,3502,-10797399.5004514,,1040985.0,,3877907.44696328,84114.0,4301 N BELT LINE RD,32.868839,75038,IRVING,General Retail/Food/Other,,,
Ste 110,TX,DALLAS,-96.859512,Afribbean Market 2,Other,5437,-10782351.554325,,1041160.0,,3889108.02001823,84272.0,2717 E BELT LINE RD,32.953308,75006,CARROLLTON,Caribbean,Americas,Latin America - Caribbean,Multiple Caribbean
,TX,DALLAS,-96.839424,Tiger Mart 46,Convenience Store,5112,-10780115.3683939,,1041336.0,,3848114.09639623,84294.0,8702 S POLK ST,32.643761,75232,DALLAS,General Retail/Food/Other,,,
,TX,DALLAS,-96.658653,RaceTrac 437,Convenience Store,4836,-10759992.0327237,,1041711.0,,3877263.86690023,84339.0,2018 NORTHWEST HWY,32.863983,75041,GARLAND,General Retail/Food/Other,,,
,TX,DALLAS,-96.743782,RaceTrac 514,Convenience Store,0599,-10769468.5496555,,1041715.0,,3883947.76429616,84340.0,12250 GREENVILLE AVE,32.914402,75243,DALLAS,General Retail/Food/Other,,,
Ste 1018,TX,DALLAS,-96.802803,HEB Central Market 653,Supermarket,8818,-10776038.7373216,,1042149.0,,3881235.77958875,84395.0,10720 PRESTON RD,32.893948,75230,DALLAS,General Retail/Food/Other,,,
,TX,DALLAS,-96.736656,First Stop Beer & Wine,Convenience Store,2223,-10768675.2869641,,1297286.0,,3864357.95317759,85011.0,4847 SCYENE RD,32.766548,75210,DALLAS,General Retail/Food/Other,,,
Ste 102,TX,DALLAS,-96.613251,INDIAN SUPERSTORE 1,Other,5216,-10754937.9052027,,864314.0,,3895280.20416184,85413.0,3555 MURPHY RD,32.999821,75082,RICHARDSON,Indian/South Asian,Asia,South Central Asia,Multiple South Central Asian
,TX,DALLAS,-96.621223,Dollar General 19327,Discount Retail,2820,-10755825.3441833,,1295462.0,,3858124.31106382,85534.0,11921 ELAM RD,32.719448,75180,BALCH SPRINGS,Uncategorized,,,
114,TX,DALLAS,-96.839973,DOLLAR GENERAL 11346,Discount Retail,    ,-10780176.4827944,,863588.0,,3855099.33635327,85672.0,3936 POLK ST,32.696583,75224,DALLAS,Uncategorized,,,
,TX,DALLAS,-96.603882,7-eleven Convenience Store 35398B,Convenience Store,3959,-10753894.9528935,,1600213.0,,3887031.36290249,85806.0,2509 FIREWHEEL PKWY,32.937653,75040,GARLAND,General Retail/Food/Other,,,
Ste 103,TX,DALLAS,-96.76635,La Azteca Meat Market 11,Grocery Store,2304,-10771980.8079237,,1297150.0,,3867865.19714726,85913.0,4611 COLUMBIA AVE,32.793037,75226,DALLAS,Mexican,Americas,Latin America - Central America,Mexico
,TX,DALLAS,-96.963295,CVS/ PHARMACY INC 15,Pharmacy,2603,-10793904.625038,,890371.0,,3880127.24690849,86307.0,5500 N MACARTHUR BLVD,32.885586,75038,IRVING,Uncategorized,,,
,TX,DALLAS,-96.959435,CVS/ PHARMACY INC 3187,Pharmacy,3111,-10793474.9318035,,890381.0,,3891257.49210527,86310.0,1000 E SANDY LAKE RD,32.969509,75019,COPPELL,Uncategorized,,,
,TX,DALLAS,-96.9935,CVS/ PHARMACY INC 7469,Pharmacy,2903,-10797267.0302574,,890390.0,,3892138.83520297,86314.0,290 N DENTON TAP RD,32.976151,75019,COPPELL,Uncategorized,,,
,TX,DALLAS,-96.950768,CVS/ PHARMACY INC 7715,Pharmacy,5616,-10792510.1257768,,890396.0,,3874593.30660021,86317.0,410 W ROCHELLE RD,32.84383,75062,IRVING,Uncategorized,,,
,TX,DALLAS,-96.822342,Stop & Shop 2,Convenience Store,6384,-10778213.8088522,,1097037.0,,3872340.24044857,86337.0,5328 LEMMON AVE,32.826824,75209,DALLAS,General Retail/Food/Other,,,
Ste 500,TX,DALLAS,-96.701653,Chuchu Grocery & Catering,Other,5363,-10764778.7708278,,1094647.0,,3884161.79034679,86360.0,10560 WALNUT ST,32.916016,75243,DALLAS,Uncategorized,,,
Ste 105,TX,DALLAS,-96.702423,Mame Injera,Convenience Store,5358,-10764864.4868357,,1297932.0,,3884227.96152029,86861.0,10544 WALNUT ST,32.916515,75243,DALLAS,African,Africa,Multiple African Regions,Multiple African
,TX,DALLAS,-96.585396,7-Eleven Store 33690,Convenience Store,2858,-10751837.1007867,,1116319.0,,3885832.22936665,86866.0,7818 ROWLETT RD,32.928612,75089,ROWLETT,General Retail/Food/Other,,,
,TX,DALLAS,-96.724152,Valero Corner Store 2741199,Convenience Store,2717,-10767283.3480512,,925215.0,,3890081.27699055,87017.0,102 E ARAPAHO RD,32.960644,75081,RICHARDSON,General Retail/Food/Other,,,
,TX,DALLAS,-96.98513,Valero Corner Store 2744507,Convenience Store,7117,-10796335.2861194,,925241.0,,3852046.30676526,87018.0,3980 S BELT LINE RD,32.6735,75052,GRAND PRAIRIE,General Retail/Food/Other,,,
,TX,DALLAS,-96.899376,Panther Market,Convenience Store,4157,-10786789.194506,,925411.0,,3846613.83063261,87056.0,454 E HIGHWAY 67,32.632412,75137,DUNCANVILLE,General Retail/Food/Other,,,
,TX,DALLAS,-96.647141,Valero Corner Store 274759,Convenience Store,3834,-10758710.5227457,,912002.0,,3868938.80342396,87152.0,3341 N TOWN EAST BLVD,32.801144,75150,MESQUITE,General Retail/Food/Other,,,
,TX,DALLAS,-96.605011,Valero Corner Store 2744488,Convenience Store,4037,-10754020.6325986,,912015.0,,3856004.56458217,87154.0,13105 SEAGOVILLE RD,32.703426,75180,MESQUITE,General Retail/Food/Other,,,
,TX,DALLAS,-96.596954,Valero Corner Store 274793,Convenience Store,    ,-10753123.7314613,,912020.0,,3861661.59781217,87160.0,1505 BELTLINE RD,32.746178,75149,MESQUITE,General Retail/Food/Other,,,
,TX,DALLAS,-96.569656,Corner Store 2742248,Convenience Store,5080,-10750084.9320016,,924575.0,,3881269.05574612,87646.0,3601 ROWLETT RD,32.894199,75088,ROWLETT,General Retail/Food/Other,,,
,TX,DALLAS,-96.804092,Kiddist Inc. 23989,Convenience Store,2708,-10776182.2281452,,911457.0,,3883344.82589069,87804.0,11803 PRESTON RD,32.909855,75230,DALLAS,General Retail/Food/Other,,,
,TX,DALLAS,-96.682632,Hilda's Grocery,Convenience Store,6854,-10762661.3627935,,910301.0,,3855550.42051101,87892.0,1016 MURDOCK RD,32.699993,75217,DALLAS,General Retail/Food/Other,,,
,TX,DALLAS,-96.646179,Circle K 2740792,Convenience Store,3534,-10758603.4333956,,891417.0,,3864586.18554876,87901.0,3030 MILITARY PKWY,32.768272,75149,MESQUITE,General Retail/Food/Other,,,
,TX,DALLAS,-96.783836,7-Eleven store#33505,Convenience Store,5251,-10773927.3405397,,911710.0,,3868691.68123047,87919.0,4024 ROSS AVE,32.799278,75204,DALLAS,General Retail/Food/Other,,,
,TX,DALLAS,-96.742973,Vitamin Cottage Natural Food Market U028,Supermarket,3302,-10769378.4921874,,912839.0,,3892392.42270965,87933.0,677 W CAMPBELL RD,32.978062,75080,RICHARDSON,General Retail/Food/Other,,,
,TX,DALLAS,-96.762985,Viva Food Market,Grocery Store,6508,-10771606.2178372,,910404.0,,3877811.88846986,87941.0,6760 SHADYBROOK LN,32.868118,75231,DALLAS,General Retail/Food/Other,,,
,TX,DALLAS,-96.926315,Aldi 64,Supermarket,4526,-10789788.0302684,,960093.0,,3848670.28345366,88147.0,333 S CEDAR RIDGE DR,32.647968,75116,DUNCANVILLE,General Retail/Food/Other,,,
,TX,DALLAS,-96.829575,Family Dollar 8391,Discount Retail,5202,-10779018.9827291,,959897.0,,3873630.47408619,88229.0,4550 W MOCKINGBIRD LN,32.836563,75209,DALLAS,Uncategorized,,,
,TX,DALLAS,-96.839272,Family Dollar 8276,Discount Retail,5108,-10780098.4478313,,960302.0,,3848377.84240466,88445.0,8550 S POLK ST,32.645756,75232,DALLAS,Uncategorized,,,
,TX,DALLAS,-96.687057,Sam's Club 6482,Super Store,6193,-10763153.9515402,,864993.0,,3867970.87157653,88650.0,5555 S BUCKNER BLVD,32.793835,75228,DALLAS,Uncategorized,,,
,TX,DALLAS,-96.997231,One Stop Food Store,Convenience Store,5930,-10797682.3632775,,1597035.0,,3855450.01641705,88734.0,702 E WARRIOR TRL,32.699234,75052,GRAND PRAIRIE,General Retail/Food/Other,,,
,TX,DALLAS,-96.675491,Sam's Club 8242,Super Store,5299,-10761866.4303097,,865038.0,,3877778.62210316,88741.0,12000 MCCREE RD,32.867867,75238,DALLAS,Uncategorized,,,
,TX,DALLAS,-96.86084,Sam's Club 8248,Super Store,    ,-10782499.3866087,,865068.0,,3877037.37645166,88853.0,9461 WEBB CHAPEL RD,32.862274,75220,DALLAS,Uncategorized,,,
Ste 100,TX,DALLAS,-96.926315,Dollar Tree 2002,Discount Retail,    ,-10789788.0302684,,865618.0,,3848670.28345366,89116.0,335 S CEDAR RIDGE DR,32.647968,75116,DUNCANVILLE,Uncategorized,,,
Ste 80,TX,DALLAS,-96.76754,Dollar Tree 3939,Discount Retail,5746,-10772113.2781177,,865622.0,,3888555.35852387,89119.0,101 S COIT RD,32.949142,75080,RICHARDSON,Uncategorized,,,
,TX,DALLAS,-96.644211,Sam's Club 4783,Super Store,2711,-10758384.3566377,,865135.0,,3890132.35663942,89253.0,5150 N GARLAND AVE,32.961029,75040,GARLAND,Uncategorized,,,
Ste C,TX,DALLAS,-96.59552,Tajmahal Asian Groceries 2,Grocery Store,5900,-10752964.0993115,,1097965.0,,3873839.27763682,89353.0,6246 BROADWAY BLVD,32.838139,75043,GARLAND,Asian (General),Asia,General,
,TX,DALLAS,-96.776222,El Rancho 1625,Super Store,1410,-10773079.7539368,,1098039.0,,3868055.22640682,89370.0,4121 GASTON AVE,32.794472,75246,DALLAS,Mexican,Americas,Latin America - Central America,Mexico
Ste 100,TX,DALLAS,-96.87487,7-eleven Convenience Store 26721,Convenience Store,4781,-10784061.1990646,,1048800.0,,3876488.86090856,89511.0,2750 W NORTHWEST HWY,32.858135,75220,DALLAS,General Retail/Food/Other,,,
,TX,DALLAS,-97.036896,Sam's Club 8269,Super Store,3927,-10802097.8508798,,865171.0,,3852305.64407307,89514.0,2325 W INTERSTATE 20,32.675461,75052,GRAND PRAIRIE,Uncategorized,,,
,TX,DALLAS,-96.88031,Walmart 5624,Super Store,6351,-10784666.7770945,,1049231.0,,3885153.2035593,89595.0,13100 JOSEY LN,32.923492,75234,DALLAS,Uncategorized,,,
,TX,DALLAS,-96.804695,Family Dollar 9092,Discount Retail,    ,-10776249.3537982,,1047111.0,,3886531.45481881,89609.0,5955 ALPHA ROAD,32.933884,75240,DALLAS,Uncategorized,,,
,TX,DALLAS,-96.754166,Sam's Club 6372,Super Store,7807,-10770624.4912479,,865188.0,,3876968.59525425,89645.0,6185 RETAIL RD,32.861755,75231,DALLAS,Uncategorized,,,
,TX,DALLAS,-96.866882,Sam's Club 8282,Super Store,3535,-10783171.9789721,,865198.0,,3848604.70833976,89693.0,2900 W WHEATLAND RD,32.647472,75237,DALLAS,Uncategorized,,,
,TX,DALLAS,-96.962311,Sam's Club 6265,Super Store,    ,-10793795.086659,,865202.0,,3884689.3135968,89703.0,1213 MARKET PLACE BLVD,32.919994,75063,IRVING,Uncategorized,,,
,TX,DALLAS,-96.84655,Gipson Grocery,Grocery Store,2618,-10780908.6310853,,1379203.0,,3866883.71504392,90107.0,1701 SHAW ST,32.785625,75212,DALLAS,General Retail/Food/Other,,,
,TX,DALLAS,-96.944511,Family Dollar 10178,Discount Retail,1356,-10791813.5997229,,1101655.0,,3846580.5199919,90123.0,7570 MOUNTAIN CREEK PKWY,32.63216,75249,DALLAS,Uncategorized,,,
,TX,DALLAS,-96.839897,Family Dollar 11677,Discount Retail,    ,-10780168.0225131,,1299040.0,,3845013.9683389,90235.0,1500 N POLK STREET,32.620308,75115,DESOTO,Uncategorized,,,
Ste 254,TX,DALLAS,-96.833878,Dollar General 19292,Discount Retail,1814,-10779497.990498,,1298693.0,,3858257.02287449,90580.0,655 W ILLINOIS AVE,32.720451,75224,DALLAS,Uncategorized,,,
Ste 202,TX,DALLAS,-96.648178,Migalitos 5,Grocery Store,4317,-10758825.9610577,,1298703.0,,3879080.05668439,90592.0,3160 SATURN RD,32.877686,75041,GARLAND,General Retail/Food/Other,,,
,TX,DALLAS,-96.959,Whole Foods Market 10627,Super Store,    ,-10793426.507825,,1298823.0,,3881602.88313195,90653.0,6471 N MACARTHUR,32.896717,75039,IRVING,Uncategorized,,,
,TX,DALLAS,-96.835472,Urban Mart,Convenience Store,2837,-10779675.4337663,,1298194.0,,3866434.18329441,90710.0,3322 SYLVAN AVE,32.78223,75212,DALLAS,General Retail/Food/Other,,,
Ste A,TX,DALLAS,-96.701843,Nanak Subzi Mandi,Grocery Store,4575,-10764799.9215311,,1098822.0,,3886032.49643459,90725.0,4550 W BUCKINGHAM RD,32.930122,75042,GARLAND,General Retail/Food/Other,,,
,TX,DALLAS,-96.89566,Cockrell Hill Shell,Convenience Store,1312,-10786375.5312782,,1100402.0,,3864454.9911108,90980.0,4291 DFW TPKE,32.767281,75211,DALLAS,General Retail/Food/Other,,,
,TX,DALLAS,-96.889771,Valero Corner Store 2741740,Convenience Store,2969,-10785719.9707969,,914437.0,,3891832.57356794,91139.0,2146 N JOSEY LN,32.973843,75006,CARROLLTON,General Retail/Food/Other,,,
,TX,DALLAS,-97.021111,Corner Store 2742055,Convenience Store,2467,-10800340.6727177,,913940.0,,3876291.67191584,91161.0,3950 VALLEY VIEW LN,32.856647,75062,IRVING,General Retail/Food/Other,,,
,TX,DALLAS,-96.964264,Corner Store 2742419,Convenience Store,3104,-10794012.4936245,,914369.0,,3879878.96159426,91241.0,5401 N MACARTHUR BLVD,32.883713,75038,IRVING,General Retail/Food/Other,,,
,TX,DALLAS,-96.599953,Dollar General 13350,Discount Retail,4905,-10753457.5786142,,1061833.0,,3852545.81057345,91579.0,1780 S BELT LINE RD,32.677277,75253,DALLAS,Uncategorized,,,
,TX,DALLAS,-96.786217,7-Eleven 33441,Convenience Store,1422,-10774192.3922473,,929322.0,,3866684.70078639,92157.0,2608 ELM ST,32.784122,75226,DALLAS,General Retail/Food/Other,,,
,TX,DALLAS,-96.747604,7-eleven 25250,Convenience Store,1620,-10769894.0127493,,929370.0,,3867889.03340187,92165.0,5550 E GRAND AVE,32.793217,75223,DALLAS,General Retail/Food/Other,,,
,TX,DALLAS,-96.762978,Overton Texaco,Convenience Store,2803,-10771605.4386007,,538224.0,,3858687.58572561,92389.0,3926 E OVERTON RD,32.723705,75216,DALLAS,General Retail/Food/Other,,,
,TX,DALLAS,-96.713264,QuikTrip 979,Convenience Store,1228,-10766071.3014354,,1112002.0,,3881325.79777774,92420.0,10101 ROYAL LN,32.894627,75238,DALLAS,General Retail/Food/Other,,,
,TX,DALLAS,-96.689781,QuikTrip 973,Convenience Store,    ,-10763457.1858331,,1112004.0,,3847233.00263602,92422.0,401 E WINTERGREEN RD,32.637096,75141,HUTCHINS,General Retail/Food/Other,,,
Ste 125,TX,DALLAS,-96.611862,Altaqwa Market and Bakery,Convenience Store,7681,-10754783.28243,,927425.0,,3868483.10142186,92620.0,2411 N GALLOWAY AVE,32.797703,75150,MESQUITE,General Retail/Food/Other,,,
,TX,DALLAS,-96.610374,QuikTrip 982,Convenience Store,1801,-10754617.6390277,,928641.0,,3860399.40711038,92640.0,12631 LAKE JUNE RD,32.736641,75180,BALCH SPRINGS,General Retail/Food/Other,,,
,TX,DALLAS,-96.993416,Quiktrip 969,Convenience Store,4906,-10797257.6794202,,1062464.0,,3886832.0072445,92653.0,1484 S BELT LINE RD,32.93615,75019,COPPELL,General Retail/Food/Other,,,
,TX,DALLAS,-96.994774,Circle K 2706114,Convenience Store,4958,-10797408.8512887,,928648.0,,3856816.0615444,92654.0,726 E PIONEER PKWY,32.70956,75051,GRAND PRAIRIE,General Retail/Food/Other,,,
,TX,DALLAS,-96.776909,Family Dollar Store 7379,Discount Retail,    ,-10773156.230427,,868753.0,,3857871.99073087,93438.0,3428 BONNIE VIEW RD,32.717541,75216,DALLAS,Uncategorized,,,
,TX,DALLAS,-96.55632,Dollar Tree 3893,Discount Retail,3603,-10748600.3752724,,867412.0,,3883472.78361888,93689.0,5707 LIBERTY GROVE RD,32.91082,75089,ROWLETT,Uncategorized,,,
,TX,DALLAS,-96.972672,Payless Beer & Wine,Convenience Store,4346,-10794948.4679031,,1106930.0,,3872617.24654363,94009.0,2016 W GRAUWYLER RD,32.828915,75061,IRVING,General Retail/Food/Other,,,
Ste 1012,TX,DALLAS,-96.822639,Whole Foods Market 10473,Super Store,    ,-10778246.870741,,1107005.0,,3889188.01614676,94023.0,5100 BELT LINE RD,32.953911,75254,ADDISON,Uncategorized,,,
,TX,DALLAS,-96.828667,Kroger 509,Super Store,8210,-10778917.9046315,,1051838.0,,3870774.23872715,94154.0,4901 MAPLE AVE,32.815002,75235,DALLAS,Uncategorized,,,
Ste B,TX,DALLAS,-96.646622,Dollar Tree 5210,Discount Retail,5920,-10758652.74793,,1106181.0,,3876417.56504423,94254.0,1202 W CENTERVILLE RD,32.857597,75041,GARLAND,Uncategorized,,,
Ste 135,TX,DALLAS,-96.695885,AZ Food Grocery,Other,5364,-10764136.6800049,,1103711.0,,3887163.34006889,94292.0,1551 E SPRING VALLEY RD,32.938648,75081,RICHARDSON,Uncategorized,,,
Ste 110,TX,DALLAS,-96.882843,Dollar Tree 5252,Discount Retail,8300,-10784948.7493647,,1103867.0,,3885032.38882712,94317.0,12895 JOSEY LN,32.922581,75234,DALLAS,Uncategorized,,,
,TX,DALLAS,-96.861313,Dollar General 13707,Discount Retail,5953,-10782552.0407279,,1051396.0,,3876560.1572053,94454.0,3515 W NORTHWEST HWY,32.858673,75220,DALLAS,Uncategorized,,,
Ste 100,TX,DALLAS,-96.681335,Dallas Superstore,Super Store,6581,-10762516.9814139,,1106209.0,,3888314.05818144,94468.0,3212 N JUPITER RD,32.947323,75044,GARLAND,Uncategorized,,,
Ste 210,TX,DALLAS,-96.86071,Dollar Tree 4305,Discount Retail,3502,-10782484.9150749,,1053278.0,,3848817.56436996,94476.0,2525 W WHEATLAND RD,32.649082,75237,DALLAS,Uncategorized,,,
Ste 105,TX,DALLAS,-96.714417,Beer & Wine Convenience Store Inc.,Convenience Store,7395,-10766199.6528083,,1105035.0,,3882415.61616547,94478.0,9220 SKILLMAN ST,32.902847,75243,DALLAS,General Retail/Food/Other,,,
,TX,DALLAS,-96.909012,Red Bird Mart,Convenience Store,2209,-10787861.8691192,,1442906.0,,3852241.10677088,95058.0,1411 N DUNCANVILLE RD,32.674973,75116,DUNCANVILLE,General Retail/Food/Other,,,
,TX,DALLAS,-96.641518,1 St Stop,Convenience Store,2226,-10758084.573249,,1442210.0,,3871448.85763283,95206.0,4100 GUS THOMASSON RD,32.820095,75150,MESQUITE,General Retail/Food/Other,,,
,TX,DALLAS,-96.665527,QuikTrip 908,Convenience Store,1336,-10760757.2429034,,897507.0,,3881217.48437108,95712.0,2010 S SHILOH RD,32.89381,75041,GARLAND,General Retail/Food/Other,,,
,TX,DALLAS,-96.736549,Quiktrip 960,Convenience Store,6306,-10768663.3757786,,1055031.0,,3888855.5648366,96005.0,522 W BELT LINE RD,32.951405,75080,RICHARDSON,General Retail/Food/Other,,,
,TX,DALLAS,-96.854347,Amigo's Grocery,Convenience Store,3502,-10781776.589155,,1055246.0,,3873148.35872746,96039.0,2259 ANSON RD,32.832924,75235,DALLAS,General Retail/Food/Other,,,
,TX,DALLAS,-96.856972,7-eleven Convenience Store 22904,Convenience Store,2302,-10782068.8028184,,1058518.0,,3844835.94020022,96171.0,1500 N HAMPTON RD,32.618961,75115,DESOTO,General Retail/Food/Other,,,
,TX,DALLAS,-96.729324,Quiktrip 900,Convenience Store,5935,-10767859.0924576,,1054514.0,,3883241.1347444,96334.0,9500 FOREST LN,32.909073,75243,DALLAS,General Retail/Food/Other,,,
,TX,DALLAS,-96.625069,Discount Tobacco And Beverage Corner ,Convenience Store,1345,-10756253.4789449,,1059602.0,,3874276.9026878,96449.0,1431 OATES DR,32.841442,75150,MESQUITE,General Retail/Food/Other,,,
,TX,DALLAS,-96.793968,7-Eleven 24584A,Convenience Store,4449,-10775055.2296204,,1055826.0,,3871112.80171631,96475.0,4201 TRAVIS ST,32.817558,75205,DALLAS,General Retail/Food/Other,,,
,TX,DALLAS,-96.993187,A Taste of Market 564,Convenience Store,2162,-10797232.1872568,,1134041.0,,3893705.03478285,96726.0,750 N DENTON TAP RD,32.987953,75019,COPPELL,General Retail/Food/Other,,,
,TX,DALLAS,-96.945534,Walmart Supercenter 5810,Super Store,1067,-10791927.479562,,1134811.0,,3848579.98555856,96837.0,7075 W WHEATLAND RD,32.647285,75249,DALLAS,Uncategorized,,,
Ste 245,TX,DALLAS,-96.870644,ALDI 75043,Supermarket,7005,-10783590.7628965,,1058021.0,,3883205.2010698,96847.0,3128 FOREST LN,32.908802,75234,DALLAS,General Retail/Food/Other,,,
,TX,DALLAS,-96.924713,ALDI 75063,Supermarket,    ,-10789609.6964442,,1058023.0,,3841010.50221671,96853.0,805 E BELTLINE RD,32.590012,75234,CEDAR HILL,General Retail/Food/Other,,,
,TX,DALLAS,-96.752495,7-Eleven,Convenience Store,2341,-10770438.4763787,,1058096.0,,3873674.99026833,96868.0,4200 ABRAMS RD,32.836899,75214,DALLAS,General Retail/Food/Other,,,
,TX,DALLAS,-97.014465,Family Dollar Store 2337,Discount Retail,    ,-10799600.8433819,,1136178.0,,3860724.9671217,96999.0,610 S CARRIER PKWY,32.739101,75051,GRAND PRAIRIE,Uncategorized,,,
,TX,DALLAS,-96.881401,Fuel City Friendly's 0,Convenience Store,4405,-10784788.2266589,,1444303.0,,3876614.7561487,97166.0,10025 HARRY HINES BLVD,32.859085,75220,DALLAS,General Retail/Food/Other,,,
,TX,DALLAS,-96.684471,Walmart Neighborhood Market 3015,Super Store,6906,-10762866.079337,,1109094.0,,3863481.86787165,97378.0,2827 S BUCKNER BLVD,32.75993,75227,DALLAS,Uncategorized,,,
,TX,DALLAS,-96.887543,Quick Stop,Convenience Store,4497,-10785471.9509714,,1443520.0,,3872428.73331757,97564.0,1055 REGAL ROW,32.827492,75247,DALLAS,General Retail/Food/Other,,,
Ste H,TX,DALLAS,-96.933403,Zara Food Mart ,Convenience Store,7862,-10790577.0628192,,1443631.0,,3871055.71157808,97770.0,1102 E PIONEER DR,32.817127,75061,IRVING,General Retail/Food/Other,,,
,TX,DALLAS,-96.656517,Family Dollar Store 10418,Discount Retail,8205,-10759754.2542914,,1136928.0,,3853659.28943911,98142.0,9636 BRIERWOOD LN,32.685696,75217,DALLAS,Uncategorized,,,
,TX,DALLAS,-96.80127,7-eleven Convenience Store 34120B,Convenience Store,4323,-10775868.0845422,,1645355.0,,3866114.55613222,98155.0,1295 COMMERCE ST,32.779816,75202,DALLAS,General Retail/Food/Other,,,
,TX,DALLAS,-96.888084,El Rancho 1628,Super Store,3530,-10785532.1748159,,1137421.0,,3886987.85718713,98201.0,2770 VALWOOD PKWY,32.937325,75234,DALLAS,Mexican,Americas,Latin America - Central America,Mexico
Ste 100,TX,DALLAS,-96.712021,Ice House Beverage,Convenience Store,3714,-10765932.9313084,,1641640.0,,3888269.48647893,98227.0,940 E BELT LINE RD,32.946987,75081,RICHARDSON,General Retail/Food/Other,,,
,TX,DALLAS,-96.876892,Circle K 2741192,Convenience Store,3005,-10784286.287075,,1137588.0,,3862111.47698314,98231.0,3511 W DAVIS ST,32.749577,75211,DALLAS,General Retail/Food/Other,,,
,TX,DALLAS,-97.027283,Circle K 2742206,Convenience Store,1805,-10801027.7366148,,897761.0,,3849983.18435266,98281.0,1729 W POLO RD,32.657898,75052,GRAND PRAIRIE,General Retail/Food/Other,,,
,TX,DALLAS,-96.717491,WALGREENS 11514,Pharmacy,2095,-10766541.848923,,898277.0,,3879257.01202287,98282.0,9807 WALNUT HILL LN,32.879021,75238,DALLAS,Uncategorized,,,
,TX,DALLAS,-96.892212,El Rancho 1616,Super Store,4623,-10785991.7016739,,897957.0,,3860359.57294556,98455.0,4450 W JEFFERSON BLVD,32.73634,75211,DALLAS,Mexican,Americas,Latin America - Central America,Mexico
,TX,DALLAS,-96.991112,Target Store 255,Super Store,5992,-10797001.1993134,,898197.0,,3873852.39422726,98480.0,3333 W AIRPORT FWY,32.838238,75062,IRVING,Uncategorized,,,
,TX,DALLAS,-96.854233,Target Store 1850,Super Store,4301,-10781763.8987331,,898228.0,,3888825.71631736,98494.0,3730 BELT LINE RD,32.95118,75001,ADDISON,Uncategorized,,,
Ste 101,TX,DALLAS,-96.71476,Jtc Bless Import,Super Store,7325,-10766237.8353937,,1179253.0,,3882392.94373083,98501.0,9220 SKILLMAN ST,32.902676,75243,DALLAS,Uncategorized,,,
,TX,DALLAS,-96.787872,HMS Mart,Convenience Store,1328,-10774376.6260045,,1444851.0,,3842848.73587934,98703.0,1458 W PLEASANT RUN RD,32.603924,75146,LANCASTER,General Retail/Food/Other,,,
,TX,DALLAS,-96.946503,7-Eleven 19091,Convenience Store,6011,-10792035.3481486,,898838.0,,3868944.36571951,98750.0,100 E SHADY GROVE RD,32.801186,75060,IRVING,General Retail/Food/Other,,,
,TX,DALLAS,-96.770515,Trader Joe's 403,Supermarket,7123,-10772444.4536028,,1110794.0,,3870748.54224691,99032.0,2001 GREENVILLE AVE,32.814808,75206,DALLAS,General Retail/Food/Other,,,
,TX,DALLAS,-96.80381,7-eleven Convenience Store 35415,Convenience Store,9167,-10776150.8360488,,1064991.0,,3889131.76673906,99593.0,15050 PRESTON RD,32.953487,75254,DALLAS,General Retail/Food/Other,,,
,TX,DALLAS,-96.828781,CVS PHARMACY 10670,Pharmacy,8297,-10778930.5950534,,1232561.0,,3870786.95453193,99629.0,4930 MAPLE AVE,32.815098,75235,DALLAS,Uncategorized,,,
,TX,DALLAS,-96.675323,Martsmart,Convenience Store,3832,-10761847.7286352,,1111484.0,,3871674.18075026,99740.0,2347 OATES DR,32.821796,75228,DALLAS,General Retail/Food/Other,,,
,TX,DALLAS,-96.731834,Lion Beverage Mart,Convenience Store,4124,-10768138.5043795,,1067203.0,,3870402.96977514,99773.0,7272 GASTON AVE,32.812199,75214,DALLAS,General Retail/Food/Other,,,
,TX,DALLAS,-96.682983,Family Dollar 10734,Discount Retail,8646,-10762700.4359347,,1111578.0,,3862361.37315286,99853.0,2223 S BUCKNER BLVD,32.751465,75227,DALLAS,Uncategorized,,,
,TX,DALLAS,-96.922157,One Stop Mart,Convenience Store,3351,-10789325.1638257,,1066747.0,,3870013.83208452,99945.0,501 S LOOP 12,32.809261,75060,IRVING,General Retail/Food/Other,,,
,TX,DALLAS,-96.993896,Circle K 2742413,Convenience Store,1518,-10797311.1127757,,900663.0,,3872623.20800904,100171.0,1401 N BELT LINE RD,32.82896,75061,IRVING,General Retail/Food/Other,,,
,TX,DALLAS,-96.754166,Walmart Supercenter 5823,Super Store,7807,-10770624.4912479,,1016239.0,,3876968.59525425,100396.0,6185 RETAIL RD,32.861755,75231,DALLAS,Uncategorized,,,
#100,TX,DALLAS,-96.936043,Magic Dollar,Convenience Store,    ,-10790870.9462749,,1235175.0,,3870417.00970083,100591.0,828 E IRVING BLVD,32.812305,75060,IRVING,General Retail/Food/Other,,,
,TX,DALLAS,-96.752571,TA Dallas South 150,Convenience Store,7418,-10770446.93666,,1017123.0,,3849341.12718539,100765.0,7751 BONNIE VIEW RD,32.653042,75241,DALLAS,General Retail/Food/Other,,,
,TX,DALLAS,-96.603264,Homeboys Shell,Convenience Store,3958,-10753826.1574482,,1233357.0,,3887050.06510412,100787.0,2510 FIREWHEEL PKWY,32.937794,75040,GARLAND,General Retail/Food/Other,,,
,TX,DALLAS,-96.787498,7-ELEVEN 26885,Convenience Store,4202,-10774334.992515,,899871.0,,3877481.74714376,100809.0,6833 W NORTHWEST HWY,32.865627,75225,DALLAS,General Retail/Food/Other,,,
,TX,DALLAS,-96.835503,Star Medical Specialties,Other,5611,-10779678.8846705,,1447047.0,,3892239.95107055,101209.0,4386 SUNBELT DR,32.976913,75001,ADDISON,Uncategorized,,,
,TX,DALLAS,-96.653214,Scki Food Mart,Convenience Store,1131,-10759386.5660133,,1446612.0,,3867281.7536471,101596.0,1700 S TOWN EAST BLVD,32.788631,75149,MESQUITE,General Retail/Food/Other,,,
,TX,DALLAS,-96.773384,Sprouts Farmers Market 126,Supermarket,7525,-10772763.8292219,,1079419.0,,3870171.57831806,102114.0,1800 N HENDERSON AVE,32.810452,75206,DALLAS,General Retail/Food/Other,,,
,TX,DALLAS,-97.008446,Family Dollar Store 10822,Discount Retail,6659,-10798930.8113668,,1153761.0,,3853395.4255324,102157.0,3709 S CARRIER PKWY,32.683701,75052,GRAND PRAIRIE,Uncategorized,,,
,TX,DALLAS,-96.891296,WinCo Foods 124,Supermarket,2622,-10785889.7330203,,1153959.0,,3848255.28901639,102177.0,800 S COCKRELL HILL RD,32.644829,75137,DUNCANVILLE,General Retail/Food/Other,,,
,TX,DALLAS,-96.753403,Big Daddy's Supermarket,Convenience Store,5303,-10770539.5544764,,1149684.0,,3860935.52718312,102404.0,6204 BEXAR ST,32.740692,75215,DALLAS,General Retail/Food/Other,,,
,TX,DALLAS,-96.568863,Walmart Supercenter 5673,Super Store,    ,-10749996.6556454,,1152356.0,,3891895.73605763,102416.0,8015 WOODBRIDGE PARKWAY,32.974319,75048,SACHSE,Uncategorized,,,
,TX,DALLAS,-96.915886,7-eleven Convenience Store 35384,Convenience Store,3131,-10788627.079299,,1081031.0,,3865931.70787314,102502.0,5910 SINGLETON BLVD,32.778435,75212,DALLAS,General Retail/Food/Other,,,
,TX,DALLAS,-96.803978,Westend Tobacco And Food Mart,Convenience Store,3100,-10776169.5377233,,1151602.0,,3866196.77919257,102521.0,909 ELM ST,32.780437,75202,DALLAS,General Retail/Food/Other,,,
,TX,DALLAS,-96.713417,Highland Mart,Convenience Store,5848,-10766088.3333175,,1150886.0,,3869026.21122932,102529.0,8002 FERGUSON RD,32.801804,75228,DALLAS,General Retail/Food/Other,,,
,TX,DALLAS,-96.66555,RaceTrac 2336,Convenience Store,2613,-10760759.8032517,,1151263.0,,3874327.91363078,102576.0,10707 FERGUSON RD,32.841827,75228,DALLAS,General Retail/Food/Other,,,
,TX,DALLAS,-96.873627,RaceTrac 2337,Convenience Store,6215,-10783922.8289375,,1151264.0,,3876455.46576586,102577.0,2807 W NORTHWEST HWY,32.857883,75220,DALLAS,General Retail/Food/Other,,,
Ste 168,TX,DALLAS,-96.818413,Trader Joe's 405,Supermarket,4268,-10777776.4345729,,1151501.0,,3875564.83110865,102597.0,5550 W LOVERS LN,32.851162,75209,DALLAS,General Retail/Food/Other,,,
,TX,DALLAS,-96.857628,ALDI 75074,Supermarket,3910,-10782141.8284043,,1153192.0,,3842870.93596002,102664.0,102 W PLEASANT RUN RD,32.604092,75115,DESOTO,General Retail/Food/Other,,,
,TX,DALLAS,-96.977081,Family Dollar 8762,Discount Retail,3302,-10795439.275538,,1080732.0,,3875525.34314113,102842.0,2401 FINLEY RD,32.850864,75062,IRVING,Uncategorized,,,
,TX,DALLAS,-96.799438,7-eleven Convenience Store 37014A,Convenience Store,3509,-10775664.1472351,,1153484.0,,3866318.06256429,102845.0,1502 ELM ST,32.781353,75201,DALLAS,General Retail/Food/Other,,,
,TX,DALLAS,-96.636604,Country Boys Beer & Wine,Convenience Store,2604,-10757537.5492712,,1152086.0,,3858107.63949623,102923.0,10956 ELAM RD,32.719322,75180,BALCH SPRINGS,General Retail/Food/Other,,,
,TX,DALLAS,-96.998344,DOLLAR TREE 6362,Discount Retail,5727,-10797806.2618708,,1237709.0,,3861604.55345952,103156.0,430 E MAIN ST,32.745747,75050,GRAND PRAIRIE,Uncategorized,,,
,TX,DALLAS,-96.643471,7-eleven Convenience Store 35391,Convenience Store,4801,-10758301.9802145,,1070657.0,,3890715.87450012,103217.0,5401 N PRESIDENT GEORGE BUSH HWY,32.965427,75044,GARLAND,General Retail/Food/Other,,,
Ste 129,TX,DALLAS,-96.621811,Dollar Tree 6230,Discount Retail,8795,-10755890.8000439,,1236322.0,,3887706.25271446,103266.0,3046 LAVON DR,32.942741,75040,GARLAND,Uncategorized,,,
,TX,DALLAS,-96.813416,7-eleven Convenience Store 35405,Convenience Store,3910,-10777220.1710774,,1071494.0,,3869322.74042215,103652.0,3716 MAPLE AVE,32.804043,75219,DALLAS,General Retail/Food/Other,,,
,TX,DALLAS,-96.824509,Quiktrip 974,Convenience Store,5285,-10778455.0381887,,1071535.0,,3841160.59455264,103660.0,1235 E BELT LINE RD,32.591148,75115,DESOTO,General Retail/Food/Other,,,
,TX,DALLAS,-96.756195,Dollar Stuff & More,Convenience Store,2908,-10770850.3584947,,1071011.0,,3866888.3494812,103825.0,4702 E GRAND AVE,32.78566,75223,DALLAS,General Retail/Food/Other,,,
,TX,DALLAS,-96.800545,7-Eleven 34530,Convenience Store,    ,-10775787.3779114,,1018789.0,,3866647.89079985,104183.0,511 N AKARD,32.783844,75203,DALLAS,General Retail/Food/Other,,,
Unit 150,TX,DALLAS,-96.95195,Irving Subzi Mandi Inc,Grocery Store,5001,-10792641.7054149,,1238904.0,,3887478.10165655,104355.0,10010 N MACARTHUR BLVD,32.941021,75063,IRVING,General Retail/Food/Other,,,
Ste 100,TX,DALLAS,-96.626648,Galloway Beer & Wine,Convenience Store,7533,-10756429.2524209,,1649007.0,,3872373.09401088,104567.0,4701 N GALLOWAY AVE,32.827072,75150,MESQUITE,General Retail/Food/Other,,,
,TX,DALLAS,-96.823097,7-Eleven 12205,Convenience Store,3331,-10778297.8550677,,1020224.0,,3875620.48551624,104848.0,5123 W LOVERS LN,32.851582,75209,DALLAS,General Retail/Food/Other,,,
Ste 113,TX,DALLAS,-96.887192,Dollar Tree 5353,Discount Retail,5874,-10785432.8778301,,1116239.0,,3889354.51066846,105080.0,1927 E BELT LINE RD,32.955166,75006,CARROLLTON,Uncategorized,,,
,TX,DALLAS,-96.682671,Discount Tobacco And Grocery,Convenience Store,2303,-10762665.7042536,,1117715.0,,3866449.93978727,105201.0,4864 S BUCKNER BLVD,32.782349,75227,DALLAS,General Retail/Food/Other,,,
,TX,DALLAS,-96.880142,V Mart,Convenience Store,3723,-10784648.07542,,1604144.0,,3854446.81607157,105349.0,3633 W LEDBETTER DR,32.69165,75233,DALLAS,General Retail/Food/Other,,,
,TX,DALLAS,-96.727234,7-eleven 27693,Convenience Store,4414,-10767626.4347218,,1115397.0,,3870448.40091601,105370.0,7815 GARLAND RD,32.812542,75218,DALLAS,General Retail/Food/Other,,,
,TX,DALLAS,-96.596451,7-eleven Convenience Store 35389,Convenience Store,5823,-10753067.7377574,,1115726.0,,3867596.51292539,105398.0,105 US HIGHWAY 80 E,32.791008,75150,MESQUITE,General Retail/Food/Other,,,
,TX,DALLAS,-96.517639,CVS/ PHARMACY 10068,Pharmacy,9306,-10744294.426049,,1083386.0,,3884339.35271506,105439.0,8626 LAKEVIEW PKWY,32.917355,75088,ROWLETT,Uncategorized,,,
,TX,DALLAS,-96.87365,7-Eleven Convenience 34117,Convenience Store,7857,-10783925.3892858,,1020663.0,,3883883.05334661,105536.0,12103 WEBB CHAPEL RD,32.913914,75234,DALLAS,General Retail/Food/Other,,,
,TX,DALLAS,-96.787292,7-eleven Store 25170A,Convenience Store,    ,-10774312.0606999,,1082876.0,,3874439.21100163,105761.0,6229 HILLCREST ROAD,32.842667,75205,UNIVERSITY PARK,General Retail/Food/Other,,,
,TX,DALLAS,-96.857307,Walmart Supercenter 5889,Super Store,4936,-10782106.0948478,,1084753.0,,3877057.12295842,105841.0,9410 WEBB CHAPEL RD,32.862423,75220,DALLAS,Uncategorized,,,
,TX,DALLAS,-96.818565,Family Dollar 8874,Discount Retail,1014,-10777793.3551355,,1084754.0,,3842936.87573089,105846.0,3155 W PLEASANT RUN RD,32.604591,75146,LANCASTER,Uncategorized,,,
,TX,DALLAS,-96.892014,RaceTrac 634,Convenience Store,4937,-10785969.6604147,,1085162.0,,3848677.95153509,106402.0,519 S COCKRELL HILL RD,32.648026,75116,DUNCANVILLE,General Retail/Food/Other,,,
,TX,DALLAS,-96.952637,Chilly Mart,Convenience Store,4706,-10792718.1819051,,1447920.0,,3886445.90622016,106500.0,9401 N MACARTHUR BLVD,32.933239,75063,IRVING,General Retail/Food/Other,,,
Ste 100,TX,DALLAS,-96.789413,DALLAS (KNOX & COLE) 400,Supermarket,4277,-10774548.1693399,,1239406.0,,3871752.07122646,106514.0,4525 COLE AVE,32.822384,75205,DALLAS,General Retail/Food/Other,,,
,TX,DALLAS,-96.765594,Jeremy's Grocery,Convenience Store,3958,-10771896.6503886,,1447690.0,,3857520.18024758,106639.0,3444 E ILLINOIS AVE,32.714882,75216,DALLAS,General Retail/Food/Other,,,
,TX,DALLAS,-96.645828,DOLLARTREE 6254,Discount Retail,3377,-10758564.3602543,,1239158.0,,3860051.62366009,106679.0,10304 LAKE JUNE RD,32.734013,75217,DALLAS,Uncategorized,,,
,TX,DALLAS,-96.76413,Park Lane Mart,Convenience Store,6022,-10771733.6786541,,1448096.0,,3878303.87059231,106955.0,8209 PARK LN,32.87183,75231,DALLAS,General Retail/Food/Other,,,
,TX,DALLAS,-96.862427,Lindas Liquor Beer Wine,Convenience Store,3556,-10782676.0506406,,1656414.0,,3877445.8310835,107186.0,9740 WEBB CHAPEL RD,32.865356,75220,DALLAS,Liquor Store,,,
Ste 224,TX,DALLAS,-96.805611,Vitamin Cottage Natural Food Markets Inc U039,Supermarket,6173,-10776351.3224517,,964690.0,,3883157.59906506,107264.0,11661 PRESTON RD,32.908443,75230,DALLAS,General Retail/Food/Other,,,
,TX,DALLAS,-96.979576,India Import Supermarket,Supermarket,6018,-10795717.0176676,,964736.0,,3873907.51056511,107269.0,2521 W AIRPORT FWY,32.838654,75062,IRVING,Indian/South Asian,Asia,South Central Asia,Multiple South Central Asian
,TX,DALLAS,-96.858276,CVS/ PHARMACY INC 296,Pharmacy,3609,-10782213.9634344,,965542.0,,3848566.36821988,107656.0,2420 W WHEATLAND RD,32.647182,75237,DALLAS,Uncategorized,,,
,TX,DALLAS,-96.749542,Quiktrip 904,Convenience Store,7721,-10770109.7499224,,965921.0,,3877029.29232088,107854.0,6060 SKILLMAN ST,32.862213,75231,DALLAS,General Retail/Food/Other,,,
,TX,DALLAS,-96.76786,7-Eleven Convenience Store 18765A,Convenience Store,1010,-10772148.9003548,,1156152.0,,3867703.64158215,108263.0,111 N CARROLL AVE,32.791817,75226,DALLAS,General Retail/Food/Other,,,
,TX,DALLAS,-96.776581,7-Eleven Convenience Store 17718A,Convenience Store,1409,-10773119.717634,,1156154.0,,3868004.11022088,108264.0,4104 GASTON AVE,32.794086,75246,DALLAS,General Retail/Food/Other,,,
,TX,DALLAS,-96.627991,SIA Food Mart,Convenience Store,3641,-10756578.754497,,1245703.0,,3864460.02174849,108659.0,1919 W SCYENE RD,32.767319,75149,MESQUITE,General Retail/Food/Other,,,
,TX,DALLAS,-96.665977,7-Eleven 21104,Convenience Store,2150,-10760807.3366743,,1023679.0,,3875460.14853196,109241.0,11437 SHILOH RD,32.850372,75228,DALLAS,General Retail/Food/Other,,,
,TX,DALLAS,-96.830177,Ann's Health Food Center & Market,Grocery Store,2816,-10779085.9970626,,1025752.0,,3857608.4295789,109351.0,2634 S ZANG BLVD,32.715549,75224,DALLAS,General Retail/Food/Other,,,
,TX,DALLAS,-96.835953,Racetrac 498,Convenience Store,7422,-10779728.9784414,,1025887.0,,3871652.05888929,109379.0,2506 INWOOD RD,32.821629,75235,DALLAS,General Retail/Food/Other,,,
,TX,DALLAS,-96.994316,Racetrac 516,Convenience Store,5862,-10797357.8669619,,1025890.0,,3862873.35917923,109381.0,702 N BELT LINE RD,32.755333,75050,GRAND PRAIRIE,General Retail/Food/Other,,,
,TX,DALLAS,-96.789436,CVS Pharmacy 10056,Pharmacy,    ,-10774550.7296881,,1119964.0,,3853804.51629986,109471.0,5050 S LANCASTER RD,32.686794,75216,DALLAS,Uncategorized,,,
,TX,DALLAS,-96.825348,Walmart Supercenter 3014,Super Store,1300,-10778548.4352415,,1118472.0,,3853403.49346424,109511.0,200 SHORT BLVD,32.683762,75232,DALLAS,Uncategorized,,,
Ste 700,TX,DALLAS,-96.7705,Dollar Tree 5319,Discount Retail,7463,-10772442.7838105,,1119472.0,,3870044.16264033,109799.0,5334 ROSS AVE,32.80949,75206,DALLAS,Uncategorized,,,
,TX,DALLAS,-96.622978,Jaxx Fuel #10,Convenience Store,5627,-10756020.7098897,,1521192.0,,3862035.63560219,110024.0,1701 W BRUTON RD,32.749004,75149,MESQUITE,General Retail/Food/Other,,,
,TX,DALLAS,-96.877869,Racetrac 504,Convenience Store,5706,-10784395.0462175,,1025894.0,,3875561.78337489,110168.0,9620 HARRY HINES BLVD,32.851139,75220,DALLAS,General Retail/Food/Other,,,
,TX,DALLAS,-96.856232,QuikTrip 923,Convenience Store,5124,-10781986.4263952,,1074377.0,,3848195.26872652,110775.0,8414 S HAMPTON RD,32.644375,75232,DALLAS,General Retail/Food/Other,,,
Ste 114,TX,DALLAS,-96.597633,Wohemiya Ethiopian Grocery ,Other,3773,-10753199.3173955,,1521080.0,,3891904.36121395,110778.0,5634 HIGHWAY 78,32.974384,75048,SACHSE,African,Africa,Multiple African Regions,Multiple African
,TX,DALLAS,-96.700211,1 Star Beverage,Other,5908,-10764618.2481221,,1087515.0,,3884325.16353983,111044.0,510 N PLANO RD,32.917248,75042,GARLAND,Uncategorized,,,
,TX,DALLAS,-96.92646,Doc 's Mart 1,Convenience Store,4700,-10789804.1715946,,1090130.0,,3843425.42291113,111340.0,1030 N HIGHWAY 67,32.608288,75104,CEDAR HILL,General Retail/Food/Other,,,
,TX,DALLAS,-96.62999,Quiktrip #938 938,Convenience Store,6519,-10756801.2821591,,968653.0,,3883732.81393157,111895.0,131 LAVON DR,32.912781,75040,GARLAND,General Retail/Food/Other,,,
,TX,DALLAS,-96.86795,Mercado Durango,Convenience Store,6206,-10783290.8681883,,1090868.0,,3876599.11856133,111896.0,3064 WEBB CHAPEL EXT,32.858967,75220,DALLAS,Mexican,Americas,Latin America - Central America,Mexico
,TX,DALLAS,-96.60556,Family Dollar 8159,Discount Retail,3012,-10754081.746999,,967225.0,,3857531.29407008,111941.0,4025 PIONEER RD,32.714966,75180,BALCH SPRINGS,Uncategorized,,,
,TX,DALLAS,-96.631721,Walmart Neighborhood Market 2433,Super Store,4646,-10756993.9761977,,1125308.0,,3886274.94352536,112021.0,101 W BUCKINGHAM RD,32.93195,75040,GARLAND,Uncategorized,,,
,TX,DALLAS,-96.702873,Grocery Services North 3,Grocery Store,1325,-10764914.5806066,,1124481.0,,3860107.0724652,112616.0,6921 LAKE JUNE RD,32.734432,75217,DALLAS,General Retail/Food/Other,,,
Ste 312,TX,DALLAS,-96.873985,Grocery Services North 4,Grocery Store,2411,-10783962.6813152,,1124484.0,,3862903.67135524,112617.0,1050 N WESTMORELAND RD,32.755562,75211,DALLAS,General Retail/Food/Other,,,
,TX,DALLAS,-96.623543,QuikTrip 980,Convenience Store,4220,-10756083.605402,,1124569.0,,3872004.15907439,112625.0,4451 N GALLOWAY AVE,32.824287,75150,MESQUITE,General Retail/Food/Other,,,
,TX,DALLAS,-96.926285,QuikTrip 998,Convenience Store,3209,-10789784.6906837,,1124570.0,,3869943.10524051,112626.0,1501 E STATE HIGHWAY 356,32.808727,75060,IRVING,General Retail/Food/Other,,,
,TX,DALLAS,-96.73748,DOLLARTREE 6928,Discount Retail,    ,-10768767.0142245,,1075799.0,,3888796.26585285,112830.0,524 W BELT LINE RD,32.950958,75080,RICHARDSON,Uncategorized,,,
,TX,DALLAS,-96.756287,Allens Grocery,Convenience Store,4637,-10770860.5998878,,824557.0,,3862439.59915471,112954.0,2500 LAWRENCE ST,32.752056,75215,DALLAS,General Retail/Food/Other,,,
,TX,DALLAS,-96.78891,Kroger 529,Super Store,    ,-10774492.175636,,1077073.0,,3869656.22880377,113151.0,4241 CAPITOL AVE,32.806561,75204,DALLAS,Uncategorized,,,
,TX,DALLAS,-96.622536,Family Stop Food Store 2,Convenience Store,3917,-10755971.5066747,,1093090.0,,3863042.52594381,113314.0,901 RODEO CENTER BLVD,32.756611,75149,MESQUITE,General Retail/Food/Other,,,
,TX,DALLAS,-96.646561,WinCo Foods 131,Supermarket,5998,-10758645.9574411,,1208585.0,,3876424.1910357,113602.0,1122 W CENTERVILLE RD,32.857647,75041,GARLAND,General Retail/Food/Other,,,
,TX,DALLAS,-96.61145,7-eleven Convenience Store 22557,Convenience Store,4613,-10754737.4187998,,1076801.0,,3870266.54495416,113724.0,1041 N TOWN EAST BLVD,32.811169,75150,MESQUITE,General Retail/Food/Other,,,
,TX,DALLAS,-96.649544,Kingsley Grocery And Check Cashing,Convenience Store,4225,-10758978.0234821,,1214629.0,,3879235.27354556,114107.0,1433 W KINGSLEY RD,32.878857,75041,GARLAND,General Retail/Food/Other,,,
Ste 200,TX,DALLAS,-96.803429,DALLAS (FAR NORTH) 407,Supermarket,6846,-10776108.4233228,,1215803.0,,3888742.1408677,114110.0,14856 PRESTON RD,32.95055,75254,DALLAS,General Retail/Food/Other,,,
,TX,DALLAS,-96.745796,World Food Warehouse,Supermarket,1504,-10769692.7471099,,1216467.0,,3886105.97275904,114183.0,13434 FLOYD CIR,32.930676,75243,DALLAS,General Retail/Food/Other,,,
,TX,DALLAS,-96.76899,Walmart Supercenter 8930,Super Store,    ,-10772274.6913794,,1218121.0,,3890453.69917113,114381.0,15757 COIT RD,32.963451,75248,DALLAS,Uncategorized,,,
Ste 150,TX,DALLAS,-96.825615,Dollar Tree 5444,Discount Retail,    ,-10778578.1575456,,1191782.0,,3853933.21154047,115436.0,4777 VISTAWOOD BLVD,32.687767,75224,DALLAS,Uncategorized,,,
,TX,DALLAS,-96.710892,Family Dollar 11392,Discount Retail,    ,-10765807.2516033,,1192147.0,,3848676.89386839,115461.0,103 E PALESTINE ST,32.648018,75141,HUTCHINS,Uncategorized,,,
,TX,DALLAS,-96.908272,Superconvenience Stop,Convenience Store,7301,-10787779.4926961,,1602809.0,,3856907.48082194,115530.0,3006 DUNCANVILLE RD,32.710251,75211,DALLAS,General Retail/Food/Other,,,
,TX,DALLAS,-96.700935,My Beer Store 10,Convenience Store,5353,-10764698.8434334,,1522079.0,,3870346.81023988,115566.0,2315 LAKELAND DR,32.811775,75228,DALLAS,General Retail/Food/Other,,,
,TX,DALLAS,-96.856102,Hampton Foodmart,Convenience Store,1637,-10781971.9548614,,1522088.0,,3867431.78299851,115569.0,3900 N HAMPTON RD,32.789764,75212,DALLAS,General Retail/Food/Other,,,
,TX,DALLAS,-96.83046,7-Eleven Convenience Store 37279B,Convenience Store,5203,-10779117.5004784,,1583815.0,,3873715.92940598,115685.0,4415 W MOCKINGBIRD LN,32.837208,75209,DALLAS,General Retail/Food/Other,,,
,TX,DALLAS,-97.027992,Fina Mart,Convenience Store,3157,-10801106.6621338,,1190447.0,,3863101.03332411,115920.0,1821 W TARRANT RD,32.757053,75050,GRAND PRAIRIE,General Retail/Food/Other,,,
Forth,TX,DALLAS,-96.869347,Loco Food Mart,Convenience Store,2405,-10783446.3815169,,1522594.0,,3862893.61141046,115978.0,2910 FORT WORTH AVE,32.755486,75211,DALLAS,General Retail/Food/Other,,,
,TX,DALLAS,-96.650116,Walmart Neighborhood Market 4046,Super Store,7648,-10759041.6982308,,1126763.0,,3881530.09787709,116027.0,1855 S GARLAND AVE,32.896168,75040,GARLAND,Uncategorized,,,
,TX,DALLAS,-96.920784,Fuel Stop,Convenience Store,6958,-10789172.3221649,,1126973.0,,3860354.4117181,116049.0,5816 KEENELAND PKWY,32.736301,75211,DALLAS,General Retail/Food/Other,,,
,TX,DALLAS,-96.921532,QuikTrip 970,Convenience Store,    ,-10789255.589144,,1127719.0,,3862279.57392942,116101.0,5909 W DAVIS ST,32.750847,75211,DALLAS,General Retail/Food/Other,,,
,TX,DALLAS,-96.909798,99 Ranch Market 105,Super Store,1347,-10787949.366239,,1220898.0,,3892694.58516173,116289.0,2532 OLD DENTON RD,32.980339,75006,CARROLLTON,Asian (General),Asia,General,
,TX,DALLAS,-96.752289,CVS Pharmacy 10324,Pharmacy,4022,-10770415.5445636,,1219683.0,,3870675.29434054,116377.0,6420 GASTON AVE,32.814255,75214,DALLAS,Uncategorized,,,
,TX,DALLAS,-96.632622,Family Dollar 11509,Discount Retail,3123,-10757094.2750589,,1223293.0,,3856219.53837488,116417.0,11327 SEAGOVILLE RD,32.705051,75180,BALCH SPRINGS,Uncategorized,,,
,TX,DALLAS,-96.910118,7-eleven Convenience Store 35402B,Convenience Store,7412,-10787984.9884761,,1129221.0,,3857233.47370633,116687.0,2821 S WALTON WALKER BLVD,32.712715,75211,DALLAS,General Retail/Food/Other,,,
,TX,DALLAS,-96.663826,7-Eleven Convenience Store 36371A,Convenience Store,2979,-10760567.8884496,,1220502.0,,3892619.60780534,116932.0,7235 N GEORGE BUSH HWY,32.979774,75044,GARLAND,General Retail/Food/Other,,,
,TX,DALLAS,-96.693207,La Michoacana Meat Market 37,Super Store,7113,-10763838.5664086,,1027448.0,,3868237.57792442,117046.0,8707 E R L THORNTON FWY,32.795849,75228,DALLAS,Mexican,Americas,Latin America - Central America,Mexico
Ste 103,TX,DALLAS,-96.763702,Shop N Go 3,Convenience Store,3866,-10771686.0339121,,1028636.0,,3887317.73534218,117222.0,8220 SPRING VALLEY RD,32.939812,75240,DALLAS,General Retail/Food/Other,,,
,TX,DALLAS,-96.653053,Hms Mart Mesquite,Convenience Store,3759,-10759368.6435753,,1421701.0,,3868344.18269765,117501.0,3733 N TOWN EAST BLVD,32.796654,75150,MESQUITE,General Retail/Food/Other,,,
,TX,DALLAS,-96.824677,QuikTrip 975,Convenience Store,6628,-10778473.7398632,,1159882.0,,3860969.93710427,117514.0,511 S ZANG BLVD,32.740952,75208,DALLAS,General Retail/Food/Other,,,
,TX,DALLAS,-96.996071,Racetrac 73,Convenience Store,9708,-10797553.2326682,,1029060.0,,3863693.40381168,117650.0,1525 N BELT LINE RD,32.761528,75050,GRAND PRAIRIE,General Retail/Food/Other,,,
,TX,DALLAS,-96.925247,Racetrac 143,Convenience Store,6502,-10789669.1410523,,1029063.0,,3884495.16955288,117719.0,2460 LUNA RD,32.91853,75006,CARROLLTON,General Retail/Food/Other,,,
,TX,DALLAS,-96.993111,Racetrac 174,Convenience Store,6050,-10797223.7269755,,1029065.0,,3884847.25691974,117724.0,8400 N BELT LINE RD,32.921185,75063,IRVING,General Retail/Food/Other,,,
,TX,DALLAS,-96.959732,Racetrac 231,Convenience Store,3816,-10793507.9936923,,1029069.0,,3881574.11367857,117730.0,801 W ROYAL LN,32.8965,75039,IRVING,General Retail/Food/Other,,,
,TX,DALLAS,-96.717812,Circle K 2706136,Convenience Store,2632,-10766577.5824796,,1162842.0,,3879031.41100219,117920.0,9616 AUDELIA RD,32.877319,75238,DALLAS,General Retail/Food/Other,,,
,TX,DALLAS,-96.700554,7-Eleven Convenience Store 32917B,Convenience Store,5928,-10764656.4307075,,1649814.0,,3886230.91009278,118202.0,1360 S PLANO RD,32.931618,75081,RICHARDSON,General Retail/Food/Other,,,
,TX,DALLAS,-96.663925,RaceTrac 630,Convenience Store,4099,-10760578.9090792,,1246642.0,,3878572.79948375,118266.0,3401 S GARLAND AVE,32.873859,75041,GARLAND,General Retail/Food/Other,,,
,TX,DALLAS,-97.023682,QuikTrip 946,Convenience Store,1102,-10800626.8751285,,1246687.0,,3852238.06506247,118275.0,4005 LAKE RIDGE PKWY,32.67495,75052,GRAND PRAIRIE,General Retail/Food/Other,,,
Unit 700,TX,DALLAS,-96.694092,CVS 10665,Pharmacy,    ,-10763937.0841579,,1247904.0,,3894949.03999596,118527.0,1555 E RENNER RD,32.997326,75082,RICHARDSON,Uncategorized,,,
,TX,DALLAS,-96.992012,Family Dollar 6955,Discount Retail,7805,-10797101.3868551,,1247934.0,,3876115.82135013,118589.0,3620 N BELT LINE RD,32.85532,75062,IRVING,Uncategorized,,,
,TX,DALLAS,-96.782043,7-eleven Convenience Store 37329A,Convenience Store,5001,-10773727.7446927,,1245996.0,,3868971.6474929,118736.0,4301 ROSS AVE,32.801392,75204,DALLAS,General Retail/Food/Other,,,
,TX,DALLAS,-96.788559,Dollar General 12629,Discount Retail,4011,-10774453.1024947,,971416.0,,3861061.25622799,118939.0,2919 CEDAR CREST BLVD,32.741642,75203,DALLAS,Uncategorized,,,
Ste. 201,TX,DALLAS,-96.891998,Dollar Tree 5915,Discount Retail,    ,-10785967.8793029,,1195058.0,,3860266.14184429,119131.0,1005 S COCKRELL HILL,32.735634,75211,DALLAS,Uncategorized,,,
,TX,DALLAS,-96.824234,Dollar Tree 5511,Discount Retail,5211,-10778424.4253288,,1195626.0,,3840962.01328589,119321.0,1398 E BELT LINE RD,32.589645,75115,DESOTO,Uncategorized,,,
Ste 575,TX,DALLAS,-96.841042,Nutritional Products of Texas 10,Grocery Store,4960,-10780295.48333,,1195125.0,,3854405.54699652,119344.0,1111 W LEDBETTER DR,32.691338,75224,DALLAS,General Retail/Food/Other,,,
Ste 205,TX,DALLAS,-96.682335,Nutritional Products of Texas 18,Grocery Store,5650,-10762628.3009047,,1195132.0,,3869502.5951748,119439.0,3312 N BUCKNER BLVD,32.805401,75228,DALLAS,General Retail/Food/Other,,,
,TX,DALLAS,-96.873116,Payless Food & Beer & Wine,Convenience Store,5760,-10783865.9446777,,1643132.0,,3859173.74103324,119620.0,3249 DAWES DR,32.727379,75211,DALLAS,General Retail/Food/Other,,,
,TX,DALLAS,-96.667969,B-z Shop Food Store #1,Convenience Store,2412,-10761029.0851,,723036.0,,3869701.12728601,119704.0,3020 BIG TOWN BLVD,32.8069,75150,MESQUITE,General Retail/Food/Other,,,
,TX,DALLAS,-96.994827,Quik Trip 953,Convenience Store,    ,-10797414.7512217,,1192733.0,,3863538.39180935,119813.0,1110 N BELTLINE RD,32.760357,75050,GRAND PRAIRIE,General Retail/Food/Other,,,
Ste 118,TX,DALLAS,-96.905052,A To Z Beer And Wine,Convenience Store,6280,-10787421.0439357,,1192809.0,,3889151.00294482,119907.0,1208 E BELT LINE RD,32.953632,75006,CARROLLTON,General Retail/Food/Other,,,
Ste 322,TX,DALLAS,-96.751335,Sprouts Farmers Market 160,Supermarket,2473,-10770309.3457694,,1523774.0,,3873752.23154367,120057.0,6465 E MOCKINGBIRD LN,32.837482,75214,DALLAS,General Retail/Food/Other,,,
,TX,DALLAS,-96.758522,7-eleven Convenience Store 35474A,Convenience Store,3801,-10771109.3989498,,1224056.0,,3880098.87875333,120263.0,7567 GREENVILLE AVE,32.885372,75231,DALLAS,General Retail/Food/Other,,,
,TX,DALLAS,-96.92469,Walmart Neighborhood Market 3204,Super Store,2215,-10789607.1360959,,1224164.0,,3840977.20734367,120276.0,820 E BELT LINE RD,32.58976,75104,CEDAR HILL,Uncategorized,,,
,TX,DALLAS,-96.581268,Dollar General Store 15981,Discount Retail,6221,-10751377.5739287,,1229570.0,,3854703.69285201,120544.0,580 W LAWSON RD,32.693592,75253,DALLAS,Uncategorized,,,
,TX,DALLAS,-96.781693,CVS 10634,Pharmacy,    ,-10773688.7828709,,1229699.0,,3870233.69727229,120713.0,2350 N FITZHUGH AVE,32.810921,75204,DALLAS,Uncategorized,,,
,TX,DALLAS,-96.57357,Sprouts Farmers Market 145,Supermarket,    ,-10750520.6364886,,1229243.0,,3883060.539308,120811.0,3001 LAKEVIEW PKWY,32.907711,75088,ROWLETT,General Retail/Food/Other,,,
,TX,DALLAS,-96.692619,Texas' Mini Mart,Convenience Store,3950,-10763773.110548,,1524106.0,,3865043.85507872,120851.0,7517 MILITARY PKWY,32.771729,75227,DALLAS,General Retail/Food/Other,,,
Ste 400,TX,DALLAS,-96.78643,Dollar Tree 6466,Discount Retail,1327,-10774216.1032988,,1271095.0,,3842920.75414978,121143.0,1445 W PLEASANT RUN RD,32.604469,75146,LANCASTER,Uncategorized,,,
,TX,DALLAS,-96.594032,Kea Import Foods,Grocery Store,5804,-10752798.4559092,,1031912.0,,3874780.3970056,121257.0,580 CASTLEGLEN DR,32.845242,75043,GARLAND,General Retail/Food/Other,,,
,TX,DALLAS,-96.683746,New Dairy Way,Convenience Store,3310,-10762785.3727062,,1032615.0,,3874492.21011986,121365.0,1551 CENTERVILLE,32.843067,75228,DALLAS,General Retail/Food/Other,,,
Ste 703,TX,DALLAS,-96.801857,WALGREENS 13930,Pharmacy,6117,-10775933.4290833,,1032919.0,,3883169.26750519,121385.0,11700 PRESTON RD,32.908531,75230,DALLAS,Uncategorized,,,
,TX,DALLAS,-96.623405,Family Dollar 8709,Discount Retail,6863,-10756068.2433122,,1034711.0,,3874423.44381006,121845.0,1300 OATES DR,32.842548,75150,MESQUITE,Uncategorized,,,
,TX,DALLAS,-96.630829,El Rancho 1626,Super Store,7942,-10756894.6792119,,1133420.0,,3881856.77329911,121846.0,1540 S 1ST ST,32.898632,75040,GARLAND,Mexican,Americas,Latin America - Central America,Mexico
,TX,DALLAS,-96.955978,CVS Pharmacy 10880,Pharmacy,4111,-10793090.1003238,,1274546.0,,3885103.73700376,122015.0,8580 N MACARTHUR BLVD,32.923119,75063,IRVING,Uncategorized,,,
,TX,DALLAS,-96.673935,Buy And Ride Store,Convenience Store,2324,-10761693.217182,,1274006.0,,3860086.95735541,122380.0,8505 LAKE JUNE RD,32.73428,75217,DALLAS,General Retail/Food/Other,,,
,TX,DALLAS,-96.821205,Family Dollar 11581,Discount Retail,    ,-10778087.2385912,,1272519.0,,3850551.62444879,122650.0,200 E CAMP WISDOM RD,32.662197,75241,DALLAS,Uncategorized,,,
,TX,DALLAS,-96.887199,Lmmm Dallas 42 Ltd. 42,Supermarket,2701,-10785433.6570666,,1276704.0,,3848376.78476481,123013.0,1109 E HIGHWAY 67,32.645748,75137,DUNCANVILLE,General Retail/Food/Other,,,
Ste 128,TX,DALLAS,-96.911377,Wooltari Mall,Grocery Store,1336,-10788125.139715,,1627116.0,,3893176.97307857,123178.0,1016 W TRINITY MILLS RD,32.983974,75006,CARROLLTON,General Retail/Food/Other,,,
,TX,DALLAS,-96.824745,Tiger Mart 68,Convenience Store,    ,-10778481.3095886,,1165703.0,,3854407.00199351,123202.0,145 W ANN ARBOR AVE,32.691349,75224,DALLAS,General Retail/Food/Other,,,
,TX,DALLAS,-96.857513,7-eleven Convenience Store 37015A,Convenience Store,4016,-10782129.0266629,,1276337.0,,3854384.78024087,123452.0,2400 W LEDBETTER DR,32.691181,75233,DALLAS,General Retail/Food/Other,,,
,TX,DALLAS,-96.919502,QuikTrip 0999,Convenience Store,6033,-10789029.6105777,,1275284.0,,3882908.32152363,123483.0,1600 LBJ FREEWAY,32.906563,75234,FARMERS BRANCH,General Retail/Food/Other,,,
,TX,DALLAS,-96.815308,7-Eleven Convenience Store 35416A,Convenience Store,4312,-10777430.7875539,,1165970.0,,3866597.8399955,123550.0,750 N RIVERFRONT BLVD,32.783466,75207,DALLAS,General Retail/Food/Other,,,
,TX,DALLAS,-97.044518,ALDI 75086 75086,Supermarket,    ,-10802946.3280387,,1250321.0,,3851881.39711888,124101.0,2601 W BARDIN RD,32.672253,75052,GRAND PRAIRIE,General Retail/Food/Other,,,
100,TX,DALLAS,-96.806602,Dollar Tree 5799,Discount Retail,    ,-10776461.6400671,,1171889.0,,3889213.75299404,124189.0,5909 BELT LINE RD,32.954105,75254,DALLAS,Uncategorized,,,
Suite B,TX,DALLAS,-96.622261,Grocery Services North 9,Grocery Store,    ,-10755940.8938148,,1312430.0,,3879714.58979378,124351.0,2851 DAIRY RD.,32.882473,75041,GARLAND,General Retail/Food/Other,,,
,TX,DALLAS,-97.025795,7-eleven Convenience Store 38262A,Convenience Store,    ,-10800862.0932126,,1312492.0,,3856852.44395063,124360.0,1401 W. PIONEER PKWY.,32.709835,75051,GRAND PRAIRIE,General Retail/Food/Other,,,
,TX,DALLAS,-96.809662,Dollar General 15118,Discount Retail,1834,-10776802.2777089,,1170135.0,,3844809.77147914,124422.0,2600 W WINTERGREEN RD,32.618763,75134,LANCASTER,Uncategorized,,,
Ste 101,TX,DALLAS,-97.015541,Grocery Services North 8,Grocery Store,    ,-10799720.623154,,1170550.0,,3860281.22840261,124476.0,828 S CARRIER PKWY,32.735748,75051,GRAND PRAIRIE,General Retail/Food/Other,,,
,TX,DALLAS,-96.85051,Scottie's Drive-in,Convenience Store,6222,-10781349.4562688,,1277660.0,,3871120.88178145,124536.0,1919 RECORD CROSSING RD,32.817619,75235,DALLAS,General Retail/Food/Other,,,
,TX,DALLAS,-96.925072,Walgreens 15967,Pharmacy,4521,-10789649.6601414,,1172681.0,,3848586.06709353,124851.0,750 W WHEATLAND RD,32.647331,75116,DUNCANVILLE,Uncategorized,,,
,TX,DALLAS,-96.61335,Walmart Neighborhood Market 6851,Super Store,    ,-10754948.9258323,,1172796.0,,3893068.15206125,124984.0,6750 MURPHY RD,32.983154,75048,SACHSE,Uncategorized,,,
,TX,DALLAS,-96.798035,CVS 10351,Pharmacy,    ,-10775507.9659895,,1173453.0,,3869747.0854968,125153.0,3133 LEMMON AVE E,32.807247,75204,DALLAS,Uncategorized,,,
,TX,DALLAS,-96.613022,Dollar General 19473,Discount Retail,4602,-10754912.4130393,,1343779.0,,3851199.83026066,125724.0,2511 S BELT LINE RD,32.667099,75253,DALLAS,Uncategorized,,,
,TX,DALLAS,-96.802719,QuikTrip 1900,Convenience Store,3530,-10776029.3864843,,1280023.0,,3886440.86616714,126001.0,6055 ALPHA RD,32.933201,75240,DALLAS,General Retail/Food/Other,,,
,TX,DALLAS,-96.89975,7-eleven Convenience Store 36365A,Convenience Store,3311,-10786830.8279955,,1280352.0,,3881467.38890269,126083.0,2358 ROYAL LN,32.895695,75229,DALLAS,General Retail/Food/Other,,,
,TX,DALLAS,-96.646805,Family Dollar 10199,Discount Retail,    ,-10758673.1193968,,1198792.0,,3864586.18554876,126220.0,3200 MILITARY PKWY,32.768272,75149,MESQUITE,Uncategorized,,,
Ste 100,TX,DALLAS,-96.686546,The Corner Spot,Convenience Store,3154,-10763097.0672804,,1279437.0,,3878908.14082923,126301.0,11306 LYNDON B JOHNSON FWY,32.876389,75238,DALLAS,General Retail/Food/Other,,,
,TX,DALLAS,-96.784348,7-eleven Convenience Store 37923A,Convenience Store,6470,-10773984.336119,,1278160.0,,3871421.57011726,126933.0,2831 N HENDERSON AVE,32.819889,75206,DALLAS,General Retail/Food/Other,,,
,TX,DALLAS,-96.685165,QuikTrip 0987,Convenience Store,    ,-10762943.3350636,,1278766.0,,3867282.81298269,126975.0,5500 S BUCKNER BLVD,32.788639,75149,MESQUITE,General Retail/Food/Other,,,
,TX,DALLAS,-96.804276,Family Dollar 12016,Discount Retail,3113,-10776202.7109315,,1315204.0,,3857769.97916506,127179.0,2606 S LANCASTER RD,32.71677,75216,DALLAS,Uncategorized,,,
,TX,DALLAS,-96.823387,CVS Pharmacy 10948,Pharmacy,4444,-10778330.1377201,,1315255.0,,3862087.65241301,127194.0,108 W DAVIS ST,32.749397,75208,DALLAS,Uncategorized,,,
,TX,DALLAS,-96.622757,2ama Inc,Convenience Store,3732,-10755996.1082822,,1314677.0,,3879403.61524329,127390.0,3032 BROADWAY BLVD,32.880127,75041,GARLAND,General Retail/Food/Other,,,
Ste 125,TX,DALLAS,-96.709991,Sheger Grocery,Grocery Store,5033,-10765706.9527421,,1582353.0,,3883184.91384083,127446.0,10190 FOREST LN,32.908649,75243,DALLAS,General Retail/Food/Other,,,
,TX,DALLAS,-96.890694,WinCo Foods 146,Supermarket,5599,-10785822.7186869,,1315493.0,,3893602.31370244,127508.0,2620 N JOSEY LN,32.987179,75007,CARROLLTON,General Retail/Food/Other,,,
,TX,DALLAS,-96.988335,7 Eleven 37126H,Convenience Store,0131,-10796692.0650874,,1231165.0,,3885449.21154114,127547.0,3200 HACKBERRY RD,32.925724,75063,IRVING,General Retail/Food/Other,,,
,TX,DALLAS,-96.555443,QuikTrip 990,Convenience Store,    ,-10748502.7480789,,1231398.0,,3883090.90354465,127591.0,4901 LAKEVIEW PKWY,32.90794,75089,ROWLETT,General Retail/Food/Other,,,
,TX,DALLAS,-96.951363,QuikTrip 992,Convenience Store,5606,-10792576.3608738,,1231401.0,,3873901.41595736,127592.0,2215 N O'CONNER RD,32.838608,75062,IRVING,General Retail/Food/Other,,,
,TX,DALLAS,-96.886406,Racetrac Petroleum Inc. 2428,Convenience Store,4717,-10785345.3807104,,1314357.0,,3881412.76740505,127802.0,2707 ROYAL LN,32.895283,75229,DALLAS,General Retail/Food/Other,,,
Suite 200,TX,DALLAS,-96.668465,Eddie Euro Mart Llc,Convenience Store,8001,-10761084.2995674,,1314607.0,,3877288.64991171,127992.0,12243 E NW HWY,32.86417,75228,DALLAS,General Retail/Food/Other,,,
Ste 101,TX,DALLAS,-96.872353,Todos Amigos,Convenience Store,    ,-10783781.0079062,,1345216.0,,3876622.30990598,128029.0,2915 COMMUNITY DR,32.859142,75220,DALLAS,Mexican,Americas,Latin America - Central America,Mexico
,TX,DALLAS,-97.009514,Family Dollar 12108,Discount Retail,2458,-10799049.7005829,,1317838.0,,3876364.5572469,128142.0,4303 W NORTHGATE DR,32.857197,75062,IRVING,Uncategorized,,,
Ste G100,TX,DALLAS,-96.835129,Cox Farms Market,Supermarket,1805,-10779637.251181,,1577819.0,,3864711.42398335,128252.0,778 FORT WORTH AVE,32.769218,75208,DALLAS,General Retail/Food/Other,,,
,TX,DALLAS,-96.740479,7-eleven Convenience Store 35425B,Convenience Store,7604,-10769100.8613774,,1344748.0,,3881175.06078761,128362.0,8302 ABRAMS RD,32.89349,75243,DALLAS,General Retail/Food/Other,,,
,TX,DALLAS,-96.836433,7-eleven Convenience Store 12300B,Convenience Store,4904,-10779782.411797,,1344789.0,,3861698.9216447,128388.0,835 W 9TH ST,32.74646,75208,DALLAS,General Retail/Food/Other,,,
,TX,DALLAS,-96.768555,7-eleven Convenience Store 35410A,Convenience Store,1704,-10772226.2674009,,1344797.0,,3892406.0908473,128390.0,7650 CAMPBELL RD,32.978165,75248,DALLAS,General Retail/Food/Other,,,
Ste 108,TX,DALLAS,-96.867851,Al Food Mart Inc,Convenience Store,3154,-10783279.8475587,,1318556.0,,3850434.07318453,128514.0,7150 CHAUCER PL,32.661308,75237,DALLAS,General Retail/Food/Other,,,
,TX,DALLAS,-96.653282,Stop In Food Store,Convenience Store,7909,-10759394.1357387,,1174047.0,,3883225.48833382,128612.0,1702 FOREST LN,32.908955,75042,GARLAND,General Retail/Food/Other,,,
,TX,DALLAS,-96.934494,Lmmm Dallas 5 Ltd,Supermarket,2802,-10790698.5123836,,1345640.0,,3872709.71583602,128805.0,934 E GRAUWYLER RD,32.829613,75061,IRVING,General Retail/Food/Other,,,
,TX,DALLAS,-97.007523,7-Eleven Convenience Store 24634A,Convenience Store,1902,-10798828.0634768,,1174742.0,,3876357.93128904,128943.0,4163 W NORTHGATE DR,32.857147,75062,IRVING,General Retail/Food/Other,,,
,TX,DALLAS,-96.805595,QuikTrip 922,Convenience Store,1322,-10776349.5413399,,1174850.0,,3847489.72265271,128989.0,3900 N HOUSTON SCHOOL RD,32.639038,75134,LANCASTER,General Retail/Food/Other,,,
,TX,DALLAS,-97.021698,Walmart 4503,Super Store,    ,-10800406.0172588,,1282744.0,,3856504.23584766,129013.0,2650 S STATE HIGHWAY 161,32.707203,75052,GRAND PRAIRIE,Uncategorized,,,
,TX,DALLAS,-96.636757,Gol Super Market,Convenience Store,7108,-10757554.5811533,,1280902.0,,3882918.92897076,129169.0,717 S 5TH ST,32.906643,75040,GARLAND,General Retail/Food/Other,,,
,TX,DALLAS,-96.750534,Pilot Travel Center 726,Convenience Store,7401,-10770220.1788573,,1282178.0,,3849831.39339011,129581.0,7425 BONNIE VIEW RD,32.65675,75241,DALLAS,General Retail/Food/Other,,,
,TX,DALLAS,-96.821236,QuikTrip 1976,Convenience Store,1023,-10778090.6894954,,1282191.0,,3842901.59328275,129592.0,3311 W PLEASANT RUN RD,32.604324,75146,LANCASTER,General Retail/Food/Other,,,
,TX,DALLAS,-96.784454,Sunnyvale Food Market 4,Convenience Store,4751,-10773996.135985,,1175253.0,,3857168.90946546,129662.0,3530 SUNNYVALE ST,32.712227,75216,DALLAS,General Retail/Food/Other,,,
,TX,DALLAS,-96.822258,7-Eleven Convenience Store 37026A,Convenience Store,3916,-10778204.458015,,1176044.0,,3867879.89616523,129791.0,1634 MARKET CENTER BLVD,32.793148,75207,DALLAS,General Retail/Food/Other,,,
Ste 201,TX,DALLAS,-96.842232,Dollar Tree 5795,Discount Retail,2368,-10780427.9535241,,1179407.0,,3893395.67983877,129935.0,2661 MIDWAY RD,32.985622,75006,CARROLLTON,Uncategorized,,,
,TX,DALLAS,-96.769753,Costco 1266,Super Store,    ,-10772359.6281509,,1282590.0,,3884475.41053721,129974.0,8055 CHURCHILL WAY,32.918381,75251,DALLAS,Uncategorized,,,
,TX,DALLAS,-96.820709,Walgreens 15966,Pharmacy,4221,-10778032.0241237,,1525209.0,,3875615.31759587,130003.0,5301 W LOVERS LN,32.851543,75209,DALLAS,Uncategorized,,,
Ste 139,TX,DALLAS,-96.959717,Nutritional Products of Texas 22,Grocery Store,6204,-10793506.3238999,,1203561.0,,3873736.59776261,130200.0,1111 W AIRPORT FWY,32.837364,75062,IRVING,General Retail/Food/Other,,,
,TX,DALLAS,-96.619164,Family Dollar 10932,Discount Retail,2170,-10755596.1373518,,1200633.0,,3865692.32791055,130832.0,801 GROSS RD,32.776627,75149,MESQUITE,Uncategorized,,,
Ste 150,TX,DALLAS,-96.682991,Dollar Tree 6096,Discount Retail,1708,-10762701.3264907,,1205310.0,,3861002.62662237,130846.0,1639 S BUCKNER BLVD,32.741199,75217,DALLAS,Uncategorized,,,
,TX,DALLAS,-96.620979,DOLLAR TREE 1184,Discount Retail,1528,-10755798.1822276,,981486.0,,3879094.63717332,131038.0,3141 BROADWAY BLVD,32.877796,75043,GARLAND,Uncategorized,,,
Ste 105,TX,DALLAS,-96.535873,DOLLAR TREE 3272,Discount Retail,1865,-10746324.2256441,,981926.0,,3849058.18884504,131786.0,410 N HIGHWAY 175,32.650902,75159,SEAGOVILLE,Uncategorized,,,
,TX,DALLAS,-96.606071,Jf African & Asian Market,Other,2256,-10754138.6312588,,1316119.0,,3867027.78068971,131850.0,1741 N GALLOWAY AVE,32.786713,75149,MESQUITE,Asian (General),Asia,General,
,TX,DALLAS,-96.796761,7-eleven Convenience Store 38069A,Convenience Store,1037,-10775366.1449582,,1316186.0,,3864634.77154877,131938.0,1290 S LAMAR ST,32.768639,75215,DALLAS,General Retail/Food/Other,,,
,TX,DALLAS,-96.985191,7-eleven Convenience Store 34101A,Convenience Store,7118,-10796342.0766084,,1316220.0,,3852048.81944006,131969.0,3985 S BELT LINE RD,32.673519,75052,GRAND PRAIRIE,General Retail/Food/Other,,,
,TX,DALLAS,-96.791992,7-eleven Convenience Store 35386B,Convenience Store,3719,-10774835.2623066,,1346209.0,,3869161.56217199,132015.0,2503 LEMMON AVE,32.802826,75204,DALLAS,General Retail/Food/Other,,,
,TX,DALLAS,-96.750702,7-eleven Convenience Store 23195B,Convenience Store,1603,-10770238.8805318,,1346212.0,,3876181.54966368,132016.0,5804 ABRAMS RD,32.855816,75214,DALLAS,General Retail/Food/Other,,,
,TX,DALLAS,-96.814606,Food-rite Market,Supermarket,2312,-10777352.6412714,,1346258.0,,3858310.08155345,132029.0,2215 S MARSALIS AVE,32.720852,75216,DALLAS,General Retail/Food/Other,,,
,TX,DALLAS,-96.864845,Chilly Mart 11,Convenience Store,3555,-10782945.2211694,,1346451.0,,3877929.71313162,132084.0,9763 WEBB CHAPEL RD,32.869007,75220,DALLAS,General Retail/Food/Other,,,
,TX,DALLAS,-96.66861,7-eleven Convenience Store 38255A,Convenience Store,4895,-10761100.4408936,,1320237.0,,3869734.50325987,132178.0,2691 JOHN WEST RD,32.807152,75228,DALLAS,General Retail/Food/Other,,,
,TX,DALLAS,-96.704453,White Rock Farmers Market,Farmers and Markets,4137,-10765090.4654021,,1319502.0,,3872052.7756915,132312.0,9044 SANTA CLARA DR,32.824654,75218,DALLAS,General Retail/Food/Other,,,
,TX,DALLAS,-96.842758,Racetrac 2420,Convenience Store,2357,-10780486.5075762,,1319241.0,,3892994.7647995,132764.0,2550 MIDWAY RD,32.982601,75006,CARROLLTON,General Retail/Food/Other,,,
,TX,DALLAS,-96.678406,7-eleven Convenience Store 24499B,Convenience Store,3820,-10762190.9266254,,1321072.0,,3871655.50300862,132958.0,9804 FERGUSON RD,32.821655,75228,DALLAS,General Retail/Food/Other,,,
,TX,DALLAS,-96.824165,Quik Trip 971,Convenience Store,    ,-10778416.7442839,,1183406.0,,3853609.82277405,133150.0,4767 S RL THORNTON,32.685322,75232,DALLAS,General Retail/Food/Other,,,
,TX,DALLAS,-96.787392,Walmart Neighborhood Market 7224,Super Store,    ,-10774323.192649,,1181286.0,,3841102.72421889,133191.0,350 N BLUEGROVE RD,32.59071,75146,LANCASTER,Uncategorized,,,
,TX,DALLAS,-96.857178,Walmart Neighborhood Market 7232,Super Store,8074,-10782091.7346335,,1181288.0,,3839059.6070305,133192.0,108 W PARKERVILLE RD,32.575245,75115,DESOTO,Uncategorized,,,
,TX,DALLAS,-96.857437,7-eleven Convenience Store 42111A,Convenience Store,1623,-10782120.5663816,,1583427.0,,3858290.36645535,133417.0,2523 S HAMPTON RD,32.720703,75224,DALLAS,General Retail/Food/Other,,,
,TX,DALLAS,-96.663246,Family Dollar 11572,Discount Retail,    ,-10760503.3231449,,1283336.0,,3858156.59575376,133451.0,9165 ELAM RD,32.719692,75217,DALLAS,Uncategorized,,,
,TX,DALLAS,-96.77932,Pilot Travel Center 433,Convenience Store,6314,-10773424.6217193,,1285397.0,,3847867.9387627,133537.0,8787 S LANCASTER RD,32.641899,75241,DALLAS,General Retail/Food/Other,,,
,TX,DALLAS,-96.571625,Seagoville Mini Mart,Convenience Store,2705,-10750304.120079,,1284468.0,,3850324.58891915,133562.0,101 W SIMONDS RD,32.66048,75159,SEAGOVILLE,General Retail/Food/Other,,,
Ste 101,TX,DALLAS,-96.661789,Dollar Tree 5746,Discount Retail,    ,-10760341.1306469,,1182736.0,,3886060.34841678,133566.0,2334 W BUCKINGHAM RD,32.930332,75042,GARLAND,Uncategorized,,,
,TX,DALLAS,-96.700714,Raceway #967,Convenience Store,7004,-10764674.241826,,1180161.0,,3867874.33437249,133631.0,8130 E R L THORNTON FWY,32.793106,75228,DALLAS,General Retail/Food/Other,,,
,TX,DALLAS,-96.734711,Sprouts Farmers Market 149,Supermarket,5652,-10768458.7705545,,1283878.0,,3878864.53265836,133666.0,7110 SKILLMAN ST,32.87606,75231,DALLAS,General Retail/Food/Other,,,
,TX,DALLAS,-96.938759,7-Eleven Convenience Store 35972B,Convenience Store,3501,-10791173.2900119,,1182855.0,,3881591.21624835,133713.0,6401 RIVERSIDE DR,32.896629,75039,IRVING,General Retail/Food/Other,,,
,TX,DALLAS,-96.653313,7-eleven Convenience Store 21444B,Convenience Store,3750,-10759397.5866429,,1283605.0,,3868257.70695055,133865.0,3801 N TOWN EAST BLVD,32.796001,75150,MESQUITE,General Retail/Food/Other,,,
,TX,DALLAS,-96.642258,Valaro Food Mart,Convenience Store,1811,-10758166.9496722,,1525846.0,,3881352.57799069,134081.0,829 W MILLER RD,32.894829,75041,GARLAND,General Retail/Food/Other,,,
,TX,DALLAS,-96.682327,Ez Trip Food Store #18,Convenience Store,5265,-10762627.4103488,,1526747.0,,3869767.34954876,134168.0,3130 N BUCKNER BLVD,32.8074,75228,DALLAS,General Retail/Food/Other,,,
,TX,DALLAS,-96.702927,One Stop Food & Beverages,Convenience Store,2268,-10764920.5918591,,1205421.0,,3880064.54542354,134212.0,10560 CHURCH RD,32.885113,75238,DALLAS,General Retail/Food/Other,,,
Ste 211,TX,DALLAS,-96.843925,Palms African Foodmart,Grocery Store,2368,-10780616.417422,,1525572.0,,3893542.99069808,134344.0,2661 MIDWAY RD,32.986732,75006,CARROLLTON,African,Africa,Multiple African Regions,Multiple African
,TX,DALLAS,-96.839737,Sam's Club 6376,Super Store,    ,-10780150.2113945,,1207130.0,,3885233.17272149,134435.0,4062 LBJ FREEWAY,32.924095,75244,DALLAS,Uncategorized,,,
,TX,DALLAS,-96.647888,Family Dollar 11006,Discount Retail,3836,-10758793.6784053,,1206254.0,,3868856.42878315,134531.0,3451 N TOWN EAST BLVD,32.800522,75150,MESQUITE,Uncategorized,,,
,TX,DALLAS,-96.761284,Food Basket 25,Supermarket,4251,-10771416.8633833,,1526516.0,,3851953.47041814,134679.0,3540 SIMPSON STUART RD,32.672798,75241,DALLAS,General Retail/Food/Other,,,
,TX,DALLAS,-96.995003,Chevron,Convenience Store,1924,-10797434.343452,,1573260.0,,3861432.36324741,134725.0,717 E JEFFERSON ST,32.744446,75051,GRAND PRAIRIE,General Retail/Food/Other,,,
,TX,DALLAS,-96.678162,Walnut Beer & Wine,Convenience Store,6307,-10762163.7646696,,1375055.0,,3884227.96152029,135132.0,3246 W WALNUT ST,32.916515,75042,GARLAND,General Retail/Food/Other,,,
,TX,DALLAS,-96.702667,Dollar General 12836,Discount Retail,1325,-10764891.6487915,,985863.0,,3860106.54311977,135145.0,6919 LAKE JUNE RD,32.734428,75217,DALLAS,Uncategorized,,,
,TX,DALLAS,-96.993576,Quiktrip 995,Convenience Store,1508,-10797275.4905387,,985349.0,,3873102.91716111,135211.0,1718 N BELT LINE RD,32.832581,75061,IRVING,General Retail/Food/Other,,,
,TX,DALLAS,-96.899979,Dollar General 12342,Discount Retail,1168,-10786856.3201589,,985865.0,,3856325.10847688,135244.0,4601 W KIEST BLVD,32.705849,75236,DALLAS,Uncategorized,,,
,TX,DALLAS,-96.58326,7-eleven Convenience Store 38466A,Convenience Store,    ,-10751599.3223543,,1375714.0,,3891739.95355791,135387.0,2900 MILES RD.,32.973145,75048,SACHSE,General Retail/Food/Other,,,
,TX,DALLAS,-96.80201,Whole Foods Market 10505,Super Store,1909,-10775950.4609654,,1208080.0,,3868171.89397323,135510.0,2510 MCKINNEY AVE,32.795353,75201,DALLAS,Uncategorized,,,
,TX,DALLAS,-96.994095,Family Dollar 12107,Discount Retail,    ,-10797333.2653544,,1322420.0,,3858183.3233098,136126.0,2010 S BELT LINE RD,32.719894,75051,GRAND PRAIRE,Uncategorized,,,
,TX,DALLAS,-96.682617,7-eleven Convenience Store 38264A,Convenience Store,2301,-10762659.6930011,,1348515.0,,3865926.67660708,136391.0,4710 S BUCKNER BLVD,32.778397,75227,DALLAS,General Retail/Food/Other,,,
,TX,DALLAS,-96.764709,Neighborhood Store,Convenience Store,2908,-10771798.1326393,,1321429.0,,3864278.65537796,136683.0,3415 MALCOLM X BLVD,32.765949,75215,DALLAS,General Retail/Food/Other,,,
Bldg A,TX,DALLAS,-96.771767,Trader Joe's 401,Supermarket,    ,-10772583.8256053,,1185510.0,,3879407.59184799,137130.0,7939 WALNUT HILL LN,32.880157,75230,DALLAS,General Retail/Food/Other,,,
,TX,DALLAS,-96.583481,Dollar General 15500,Discount Retail,6027,-10751623.9239618,,1183588.0,,3862384.13938073,137138.0,1220 PIONEER RD,32.751637,75149,MESQUITE,Uncategorized,,,
,TX,DALLAS,-96.59449,Meez Food Mart,Convenience Store,5945,-10752849.440236,,1348773.0,,3873666.37849376,137245.0,2315 GUTHRIE RD,32.836834,75043,GARLAND,General Retail/Food/Other,,,
,TX,DALLAS,-97.021217,Quik Trip 964,Convenience Store,5606,-10800352.4725837,,1186622.0,,3861055.16826441,137332.0,1206 W MAIN ST,32.741596,75050,GRAND PRAIRIE,General Retail/Food/Other,,,
,TX,DALLAS,-96.890358,Speedy Shop,Convenience Store,2036,-10785785.315338,,1349110.0,,3887561.13751628,137391.0,14300 JOSEY LN,32.941647,75234,DALLAS,General Retail/Food/Other,,,
,TX,DALLAS,-96.806854,Tom Thumb 3296,Supermarket,    ,-10776489.6925788,,1349134.0,,3867339.35515794,137403.0,2380 N FIELD ST,32.789066,75201,DALLAS,General Retail/Food/Other,,,
,TX,DALLAS,-96.628052,La Carreta Meat Market 1,Super Store,2707,-10756585.544986,,1588910.0,,3858190.99756975,137414.0,11501 ELAM RD,32.719952,75180,BALCH SPRINGS,Mexican,Americas,Latin America - Central America,Mexico
,TX,DALLAS,-96.656898,St Augustine Food Mart 1,Convenience Store,4033,-10759796.6670174,,1366635.0,,3859958.19499813,137803.0,1230 N SAINT AUGUSTINE DR,32.733307,75217,DALLAS,General Retail/Food/Other,,,
,TX,DALLAS,-96.822441,Cost Plus 1,Convenience Store,1849,-10778224.8294818,,1184766.0,,3870286.67744965,137905.0,4438 MAPLE AVE,32.811321,75219,DALLAS,General Retail/Food/Other,,,
,TX,DALLAS,-96.99057,Labaf African Market,Other,5745,-10796940.8641494,,1527784.0,,3876897.29648023,138092.0,3341 COUNTRY CLUB DR W,32.861217,75038,IRVING,African,Africa,Multiple African Regions,Multiple African
,TX,DALLAS,-96.674469,La Super Economica 6,Grocery Store,3007,-10761752.6617901,,1367374.0,,3873382.32595557,138190.0,2402 GUS THOMASSON RD,32.83469,75228,DALLAS,Mexican,Americas,Latin America - Central America,Mexico
,TX,DALLAS,-96.826408,Park And Gas,Convenience Store,5285,-10778666.4339018,,1527193.0,,3841007.46339505,138345.0,1221 E BELT LINE RD,32.589989,75115,DESOTO,General Retail/Food/Other,,,
,TX,DALLAS,-96.880875,Antojitos Cafe And Mini Store ,Convenience Store,3121,-10784729.6726068,,1528008.0,,3862029.15006172,138578.0,509 N GILPIN AVE,32.748955,75211,DALLAS,General Retail/Food/Other,,,
,TX,DALLAS,-96.761543,C Store 11,Convenience Store,5919,-10771445.6951314,,1366995.0,,3885800.79703125,138661.0,13207 ESPERANZA RD,32.928375,75240,DALLAS,General Retail/Food/Other,,,
Ste B,TX,DALLAS,-96.598907,Himalayan Valley Foods Llc,Grocery Store,7024,-10753341.1384268,,1569432.0,,3875556.21795007,138768.0,5249 BROADWAY BLVD,32.851097,75043,GARLAND,General Retail/Food/Other,,,
,TX,DALLAS,-96.856125,Kings Mart,Convenience Store,1650,-10781974.5152097,,1571757.0,,3867349.02164598,138795.0,3818 N HAMPTON RD,32.789139,75212,DALLAS,General Retail/Food/Other,,,
,TX,DALLAS,-96.873718,7-Eleven Store 38555A,Convenience Store,    ,-10783932.9590112,,1394798.0,,3865881.66011156,139129.0,2920 N. WESTMORELAND RD.,32.778057,75212,DALLAS,General Retail/Food/Other,,,
,TX,DALLAS,-96.789169,Tom Thumb 5803,Supermarket,5729,-10774521.0073841,,1323668.0,,3867344.91669804,139263.0,2713 LIVE OAK ST,32.789108,75204,DALLAS,General Retail/Food/Other,,,
,TX,DALLAS,-96.85582,7-eleven Convenience Store 24579B,Convenience Store,4925,-10781940.562765,,1323680.0,,3876862.44240421,139267.0,3733 W NORTHWEST HWY,32.860954,75220,DALLAS,General Retail/Food/Other,,,
,TX,DALLAS,-96.849205,7-eleven Convenience Store 35409B,Convenience Store,6101,-10781204.1843334,,1323689.0,,3870366.54551772,139269.0,1607 INWOOD RD,32.811924,75247,DALLAS,General Retail/Food/Other,,,
,TX,DALLAS,-96.708176,C&p Grocery,Convenience Store,5039,-10765504.9078663,,1324499.0,,3859132.8524037,139413.0,6521 JEANE ST,32.72707,75217,DALLAS,General Retail/Food/Other,,,
,TX,DALLAS,-96.777695,4 Stop Food Mart,Convenience Store,3423,-10773243.7275467,,1567909.0,,3857797.76432906,139432.0,2919 E ILLINOIS AVE,32.71698,75216,DALLAS,General Retail/Food/Other,,,
,TX,DALLAS,-96.775215,Quick Check Grocery,Convenience Store,3503,-10772967.6552096,,1569570.0,,3857665.58691923,139452.0,3034 E ILLINOIS AVE,32.715981,75216,DALLAS,General Retail/Food/Other,,,
Ste 306b,TX,DALLAS,-96.903389,Komart Market Place,Super Store,7817,-10787235.9196225,,1324785.0,,3881439.01751056,139470.0,2240 ROYAL LN,32.895481,75229,DALLAS,Uncategorized,,,
,TX,DALLAS,-96.61937,Family Dollar 12115,Discount Retail,    ,-10755619.0691669,,1325229.0,,3861959.39763764,139562.0,1510 W BURTON RD,32.748428,75149,MESQUITE,Uncategorized,,,
,TX,DALLAS,-96.820618,Mujic Store 26906,Convenience Store,1211,-10778021.8940501,,1324027.0,,3863311.1063339,139729.0,225 E COLORADO BLVD,32.75864,75203,DALLAS,General Retail/Food/Other,,,
,TX,DALLAS,-96.769005,St. George & Ava Tigi Inc,Convenience Store,1310,-10772276.3611717,,1324270.0,,3885109.70480771,139799.0,12950 COIT RD,32.923164,75251,DALLAS,General Retail/Food/Other,,,
,TX,DALLAS,-96.779808,Big D Cutrate Beer & Wine,Convenience Store,3206,-10773478.9456308,,1395152.0,,3863481.86787165,140050.0,1405 MARTIN LUTHER KING JR BLVD,32.75993,75215,DALLAS,General Retail/Food/Other,,,
,TX,DALLAS,-96.814682,Family C Store,Convenience Store,4307,-10777361.1015527,,1395158.0,,3857220.90482028,140052.0,2811 S MARSALIS AVE,32.71262,75216,DALLAS,General Retail/Food/Other,,,
,TX,DALLAS,-97.038933,Mini Food Mart,Convenience Store,1162,-10802324.6086826,,1395163.0,,3860217.70618223,140054.0,2402 W E ROBERTS DR,32.735268,75051,GRAND PRAIRIE,General Retail/Food/Other,,,
Ste 225,TX,DALLAS,-96.664894,La Michoacana Meat Market,Super Store,6668,-10760686.7776658,,1395270.0,,3884215.89420432,140098.0,2441 W WALNUT ST,32.916424,75042,GARLAND,Mexican,Americas,Latin America - Central America,Mexico
,TX,DALLAS,-96.959084,Dollar Tree 7837,Discount Retail,3877,-10793435.8586622,,1367527.0,,3869937.54247305,140311.0,1121 W 6TH ST,32.808685,75060,IRVING,Uncategorized,,,
Ste 101,TX,DALLAS,-96.65406,Dairy Way 9,Convenience Store,4279,-10759480.7423025,,1368687.0,,3879220.0301251,140397.0,1810 W KINGSLEY RD,32.878742,75041,GARLAND,General Retail/Food/Other,,,
,TX,DALLAS,-96.647606,Royal Market,Convenience Store,4368,-10758762.2863089,,1571193.0,,3879166.47948303,140484.0,1326 W KINGSLEY RD,32.878338,75041,GARLAND,General Retail/Food/Other,,,
,TX,DALLAS,-96.976097,H & H Food Store,Convenience Store,4347,-10795329.7371591,,1570028.0,,3872665.73321663,140623.0,2317 W GRAUWYLER RD,32.829281,75061,IRVING,General Retail/Food/Other,,,
,TX,DALLAS,-96.837685,Shop N Go 12,Convenience Store,6277,-10779921.7837994,,1395402.0,,3860810.85823268,140872.0,607 S TYLER ST,32.73975,75208,DALLAS,General Retail/Food/Other,,,
,TX,DALLAS,-96.993942,QuikTrip 997,Convenience Store,    ,-10797316.2334723,,1395461.0,,3883438.44042329,140894.0,7575 N BELTLINE RD,32.910561,75063,IRVING,General Retail/Food/Other,,,
,TX,DALLAS,-96.901947,7-eleven Convenience Store 38249A,Convenience Store,3461,-10787075.3969168,,1326928.0,,3887217.98833533,141103.0,14054 N STEMMONS FWY,32.93906,75234,DALLAS,General Retail/Food/Other,,,
,TX,DALLAS,-96.711082,7-eleven Convenience Store 21972B,Convenience Store,3917,-10765828.4023065,,1300203.0,,3872258.37189003,141161.0,8902 GARLAND RD,32.826206,75218,DALLAS,General Retail/Food/Other,,,
,TX,DALLAS,-96.830177,Lmmm Dallas 41 Ltd. 41,Supermarket,2816,-10779085.9970626,,1300980.0,,3857714.54134284,141187.0,2600 S ZANG BLVD,32.716351,75224,DALLAS,General Retail/Food/Other,,,
,TX,DALLAS,-97.028397,Grand Prairie Valero,Convenience Store,2865,-10801151.7465276,,1194743.0,,3864031.23378676,141290.0,1610 N STATE HIGHWAY 161,32.76408,75050,GRAND PRAIRIE,General Retail/Food/Other,,,
,TX,DALLAS,-96.950836,RMKK Investments LLC,Convenience Store,2432,-10792517.6955022,,1577022.0,,3873595.09974015,141392.0,2112 N O CONNOR RD,32.836296,75061,IRVING,General Retail/Food/Other,,,
,TX,DALLAS,-96.753464,Jbc Market,Convenience Store,5308,-10770546.3449653,,1325922.0,,3860696.77803363,141471.0,6411 BEXAR ST,32.738888,75215,DALLAS,General Retail/Food/Other,,,
,TX,DALLAS,-96.675392,Foodland Markets 51,Super Store,2138,-10761855.4096801,,867442.0,,3860188.85662012,141674.0,8411 LAKE JUNE RD,32.73505,75217,DALLAS,Uncategorized,,,
Ste 300,TX,DALLAS,-96.763474,Grocery Services North 7,Grocery Store,4004,-10771660.6530682,,1325425.0,,3887225.54891651,141791.0,8202 SPRING VALLEY RD,32.939117,75240,DALLAS,General Retail/Food/Other,,,
,TX,DALLAS,-96.806877,Industrial Gold Rush Ltd,Convenience Store,4510,-10776492.2529271,,1326607.0,,3864486.23405334,141808.0,801 S RIVERFRONT BLVD,32.767517,75207,DALLAS,General Retail/Food/Other,,,
,TX,DALLAS,-96.890556,Posco Beer & Wine,Convenience Store,7530,-10785807.3565972,,1283644.0,,3887493.7537385,142034.0,1900 S JOSEY LN,32.941139,75006,CARROLLTON,General Retail/Food/Other,,,
,TX,DALLAS,-96.866325,Super Seals Grocery,Convenience Store,5237,-10783109.9740157,,1229357.0,,3860168.21202265,142324.0,2769 W CLARENDON DR,32.734894,75211,DALLAS,General Retail/Food/Other,,,
,TX,DALLAS,-96.895828,Cox Farms Market 3,Grocery Store,    ,-10786394.2329526,,1396765.0,,3885102.14558989,142348.0,13091 BEE STREET,32.923107,75234,FARMERS BRANCH,General Retail/Food/Other,,,
,TX,DALLAS,-96.815002,7-eleven Convenience Store 22788B,Convenience Store,3097,-10777396.7237898,,1301775.0,,3887286.82959644,142365.0,5365 SPRING VALLEY RD,32.939579,75254,DALLAS,General Retail/Food/Other,,,
,TX,DALLAS,-96.822021,7-eleven Convenience Store 36449B,Convenience Store,    ,-10778178.0752956,,1301606.0,,3852287.92272957,142458.0,5950 S RL THORNTON FWY,32.675327,75232,DALLAS,General Retail/Food/Other,,,
Ste 650,TX,DALLAS,-96.61367,Sprouts Farmers Market 155,Supermarket,7665,-10754984.5480694,,1396877.0,,3870002.70648538,142514.0,1220 N TOWN EAST BLVD,32.809177,75150,MESQUITE,General Retail/Food/Other,,,
,TX,DALLAS,-96.963493,El Ahorro Supermarket 12,Super Store,2608,-10793926.6662971,,864658.0,,3870665.62512114,142546.0,201 S ROGERS RD,32.814182,75060,IRVING,Mexican,Americas,Latin America - Central America,Mexico
,TX,DALLAS,-96.889137,DOLLARTREE 11004,Discount Retail,1667,-10785649.3942397,,1661626.0,,3893206.9653903,142563.0,2540 N JOSEY LN,32.9842,75006,CARROLLTON,Uncategorized,,,
,TX,DALLAS,-96.992287,El Rancho 1640,Super Store,7804,-10797131.999715,,1371256.0,,3876112.24340813,143036.0,3535 N BELT LINE RD,32.855293,75062,IRVING,Mexican,Americas,Latin America - Central America,Mexico
,TX,DALLAS,-96.888329,Dollar General 20133,Discount Retail,    ,-10785559.4480912,,1370254.0,,3852495.81956692,143111.0,5775 BLUE BIRD AVE.,32.676899,75237,DALLAS,Uncategorized,,,
,TX,DALLAS,-96.551529,QuikTrip 991,Convenience Store,    ,-10748067.043592,,1370950.0,,3866503.96220849,143222.0,470 US HIGHWAY 80,32.782757,75182,SUNNYVALE,General Retail/Food/Other,,,
,TX,DALLAS,-96.975716,Amigos Grocery Beer Tacos,Convenience Store,2409,-10795287.3244331,,1371095.0,,3870803.11422033,143316.0,2332 ROCK ISLAND RD,32.81522,75060,IRVING,Mexican,Americas,Latin America - Central America,Mexico
,TX,DALLAS,-96.745705,El Centro Meat Market,Grocery Store,1908,-10769682.6170363,,1370755.0,,3867588.43527879,143326.0,5614 E R L THORNTON FWY,32.790947,75223,DALLAS,Mexican,Americas,Latin America - Central America,Mexico
,TX,DALLAS,-96.58297,CVS/ PHARMACY INC 5990,Pharmacy,6623,-10751567.039702,,989446.0,,3861505.02429852,143773.0,904 E CARTWRIGHT RD,32.744995,75149,MESQUITE,Uncategorized,,,
Ste. 300,TX,DALLAS,-96.519585,Dollar Tree 7844,Discount Retail,    ,-10744511.0537781,,1368820.0,,3884399.02700428,143859.0,8505 LAKEVIEW PKWY,32.917805,75088,ROWLETT,Uncategorized,,,
,TX,DALLAS,-96.856346,Dollar General 12498,Discount Retail,2302,-10781999.1168171,,988059.0,,3844985.68455066,143939.0,1530 N HAMPTON RD,32.620094,75115,DESOTO,Uncategorized,,,
,TX,DALLAS,-96.873711,Corner Store 1592,Convenience Store,3647,-10783932.1797747,,1303083.0,,3866000.42459058,144177.0,3010 N WESTMORELAND RD,32.778954,75212,DALLAS,General Retail/Food/Other,,,
,TX,DALLAS,-96.68187,Quiktrip 906,Convenience Store,5464,-10762576.5373415,,990746.0,,3890152.12518663,144512.0,4906 N JUPITER RD,32.961178,75044,GARLAND,General Retail/Food/Other,,,
,TX,DALLAS,-96.974785,Family Dollar 8605,Discount Retail,5056,-10795183.6859872,,990970.0,,3868772.59794779,144530.0,2216 W SHADY GROVE RD,32.799889,75060,IRVING,Uncategorized,,,
,TX,DALLAS,-96.689842,Kijan Market  Llc,Convenience Store,3952,-10763463.9763221,,1328137.0,,3864890.28160312,144614.0,7640 MILITARY PKWY,32.770569,75227,DALLAS,General Retail/Food/Other,,,
,TX,DALLAS,-96.959702,7-eleven Convenience Store 34236B,Convenience Store,6220,-10793504.6541075,,1327624.0,,3873734.61041905,144652.0,1101 W AIRPORT FWY,32.837349,75062,IRVING,General Retail/Food/Other,,,
,TX,DALLAS,-96.805771,Ok Food Mart 6,Convenience Store,3360,-10776369.1335702,,990098.0,,3860733.56943899,144792.0,1227 MORRELL AVE,32.739166,75203,DALLAS,General Retail/Food/Other,,,
,TX,DALLAS,-96.712311,W & W Grocery,Convenience Store,3067,-10765965.2139607,,1253528.0,,3848762.16854973,145068.0,300 N MAIN ST,32.648663,75141,HUTCHINS,General Retail/Food/Other,,,
Ste 106,TX,DALLAS,-96.737671,Dollar Tree 6240,Discount Retail,    ,-10768788.2762472,,1254623.0,,3883238.6154057,145334.0,9310 FOREST LN,32.909054,75243,DALLAS,Uncategorized,,,
,TX,DALLAS,-96.770149,7-Eleven Convenience Store 21368C,Convenience Store,7126,-10772403.7106692,,1252673.0,,3870844.57319452,145695.0,2120 GREENVILLE AVE,32.815533,75206,DALLAS,General Retail/Food/Other,,,
,TX,DALLAS,-97.03241,Pilot Travel Center 1108,Convenience Store,6700,-10801598.4716441,,1305789.0,,3869098.91912544,145831.0,3206 W TRINITY BLVD,32.802353,75050,GRAND PRAIRIE,General Retail/Food/Other,,,
,TX,DALLAS,-96.700401,Viva Foods,Grocery Store,5909,-10764639.3988254,,1359826.0,,3884386.29646379,146036.0,535 N PLANO RD,32.917709,75042,GARLAND,General Retail/Food/Other,,,
Ste A,TX,DALLAS,-96.734444,Parkway Food Mart,Convenience Store,3129,-10768429.0482504,,1576810.0,,3866534.8133592,146038.0,4848 MILITARY PKWY,32.78299,75223,DALLAS,General Retail/Food/Other,,,
,TX,DALLAS,-96.890816,Family Dollar 12081,Discount Retail,9669,-10785836.2996648,,1397641.0,,3851583.19025077,146115.0,6404 S COCKRELL HILL RD,32.669998,75236,DALLAS,Uncategorized,,,
,TX,DALLAS,-96.994156,El Rancho 1633,Super Store,5342,-10797340.0558433,,1329196.0,,3856668.81316931,146272.0,2506 S BELT LINE RD,32.708447,75052,GRAND PRAIRIE,Mexican,Americas,Latin America - Central America,Mexico
Ste 104,TX,DALLAS,-96.890938,Ms Food Mart,Convenience Store,8460,-10785849.8806426,,1656424.0,,3858335.35397569,146283.0,4323 W ILLINOIS AVE,32.721043,75211,DALLAS,General Retail/Food/Other,,,
,TX,DALLAS,-96.699783,7-eleven Convenience Store 35424A,Convenience Store,7103,-10764570.6033801,,1359388.0,,3868059.72887943,146285.0,8201 E R L THORNTON FWY,32.794506,75228,DALLAS,General Retail/Food/Other,,,
,TX,DALLAS,-96.683891,Ez Trip Food Store #2,Convenience Store,4852,-10762801.5140324,,1599653.0,,3870085.08914737,146394.0,2944 N BUCKNER BLVD,32.809799,75228,DALLAS,General Retail/Food/Other,,,
,TX,DALLAS,-96.642715,7-eleven Convenience Store 38550A,Convenience Store,5803,-10758217.8226795,,1359204.0,,3876856.87636362,146497.0,806 W CENTERVILLE RD,32.860912,75041,GARLAND,General Retail/Food/Other,,,
,TX,DALLAS,-96.621407,Raceway #725,Convenience Store,2166,-10755845.8269696,,1661364.0,,3865859.94633404,146629.0,1015 GROSS RD,32.777893,75149,MESQUITE,General Retail/Food/Other,,,
,TX,DALLAS,-96.993401,7-eleven Convenience Store 38671A,Convenience Store,4509,-10797256.0096278,,1397692.0,,3888452.68256515,146631.0,890 S DENTON TAP RD,32.948368,75019,COPPELL,General Retail/Food/Other,,,
,TX,DALLAS,-97.001564,Quick Way Corner Store,Convenience Store,6601,-10798164.7106311,,1360258.0,,3876410.54149734,146854.0,3700 CHEYENNE ST,32.857544,75038,IRVING,General Retail/Food/Other,,,
,TX,DALLAS,-96.774994,7-Eleven Convenience Store 38519A,Convenience Store,1635,-10772943.0536021,,1398090.0,,3866828.76399805,146976.0,3435 COMMERCE ST,32.78521,75226,DALLAS,General Retail/Food/Other,,,
,TX,DALLAS,-97.026611,Fast Trac Food Mart,Convenience Store,5210,-10800952.929917,,1567910.0,,3861011.75852823,147035.0,1702 W MAIN ST,32.741268,75050,GRAND PRAIRIE,General Retail/Food/Other,,,
,TX,DALLAS,-96.863663,CARNIVAL 77,Super Store,6751,-10782813.6415313,,865646.0,,3877287.19208606,147120.0,3460 WEBB CHAPEL EXT,32.864159,75220,DALLAS,Uncategorized,,,
Ste 1,TX,DALLAS,-96.60202,Tito's Meat Market,Convenience Store,2151,-10753687.6760016,,1323569.0,,3859159.58217137,147456.0,3000 PIONEER RD,32.727272,75181,BALCH SPRINGS,General Retail/Food/Other,,,
,TX,DALLAS,-96.699593,Super Amigos,Convenience Store,3803,-10764549.4526768,,1371877.0,,3865126.07066713,147569.0,7002 MILITARY PKWY,32.77235,75227,DALLAS,Mexican,Americas,Latin America - Central America,Mexico
Ste 101,TX,DALLAS,-96.62944,Starmart Shell,Convenience Store,1300,-10756740.0564392,,1371879.0,,3874976.50062555,147570.0,6500 NORTHWEST DR,32.846722,75150,MESQUITE,General Retail/Food/Other,,,
,TX,DALLAS,-96.762932,Costco Wholesale 655,Super Store,6099,-10771600.3179042,,1371333.0,,3878243.16694285,147618.0,8282 PARK LN,32.871372,75231,DALLAS,Uncategorized,,,
,TX,DALLAS,-96.872551,Racetrac 2499,Convenience Store,5117,-10783803.0491654,,1372262.0,,3870910.27205974,147810.0,1015 W MOCKINGBIRD LN,32.816029,75247,DALLAS,General Retail/Food/Other,,,
,TX,DALLAS,-96.699928,Swift T #8,Convenience Store,2923,-10764586.7447062,,910953.0,,3879170.05835496,147876.0,9666 PLANO RD,32.878365,75238,DALLAS,General Retail/Food/Other,,,
Ste 158,TX,DALLAS,-97.021912,1st Stop,Convenience Store,3550,-10800429.8396298,,1393481.0,,3873110.99859302,148012.0,1800 VALLEY VIEW LN,32.832642,75061,IRVING,General Retail/Food/Other,,,
,TX,DALLAS,-96.679565,Lovely Mart,Convenience Store,7102,-10762319.9459152,,1636301.0,,3883274.94697408,148026.0,3249 FOREST LN,32.909328,75042,GARLAND,General Retail/Food/Other,,,
,TX,DALLAS,-96.993942,Triveni Indian Supermarket,Grocery Store,6317,-10797316.2334723,,1390463.0,,3871884.40673807,148030.0,839 N BELT LINE RD,32.823383,75061,IRVING,Indian/South Asian,Asia,South Central Asia,Multiple South Central Asian
,TX,DALLAS,-96.814232,Ok Food Mart 8,Convenience Store,6158,-10777311.0077819,,1378844.0,,3854440.33470088,148181.0,4328 S MARSALIS AVE,32.691601,75216,DALLAS,General Retail/Food/Other,,,
,TX,DALLAS,-96.67411,Corner Stop 2,Convenience Store,6115,-10761712.6980929,,1244626.0,,3888869.22885076,148714.0,3005 APOLLO RD,32.951508,75044,GARLAND,General Retail/Food/Other,,,
,TX,DALLAS,-96.664833,Food Mart One,Convenience Store,6623,-10760679.9871768,,1099129.0,,3884148.52963544,148747.0,2430 W WALNUT ST,32.915916,75042,GARLAND,General Retail/Food/Other,,,
Ste 131,TX,DALLAS,-96.871063,EL RIO GRANDE LATIN MARKET 8,Super Store,3739,-10783637.4057631,,1238915.0,,3881667.18377794,148789.0,10909 WEBB CHAPEL RD,32.897202,75229,DALLAS,Mexican,Americas,Latin America - Central America,Mexico
,TX,DALLAS,-96.868279,7-Eleven Convenience Store 38412A,Convenience Store,2821,-10783327.4923008,,1377647.0,,3850604.11959801,148846.0,2935 W CAMP WISDOM RD,32.662594,75237,DALLAS,General Retail/Food/Other,,,
,TX,DALLAS,-96.795753,7-eleven Convenience Store 33624A,Convenience Store,2535,-10775253.9349115,,1307036.0,,3867656.63197743,149001.0,1722 ROUTH ST,32.791462,75201,DALLAS,General Retail/Food/Other,,,
,TX,DALLAS,-96.775017,7-eleven Convenience Store 37535A,Convenience Store,7707,-10772945.6139504,,1255878.0,,3869737.94681812,149384.0,5000 ROSS AVE,32.807178,75206,DALLAS,General Retail/Food/Other,,,
Ste 200,TX,DALLAS,-96.650131,Fiesta Mart 210,Super Store,5347,-10759043.3680232,,1255901.0,,3860074.78243721,149386.0,10121 LAKE JUNE RD,32.734188,75217,DALLAS,Mexican,Americas,Latin America - Central America,Mexico
,TX,DALLAS,-96.763161,Fiesta Mart 212,Super Store,2417,-10771625.8100675,,1255904.0,,3865308.37684429,149387.0,3230 MARTIN LUTHER KING JR BLVD,32.773727,75210,DALLAS,Mexican,Americas,Latin America - Central America,Mexico
Ste 200,TX,DALLAS,-96.785904,Fiesta Mart 213,Super Store,1392,-10774157.5492467,,1255906.0,,3842895.11823815,149388.0,1450 W PLEASANT RUN RD,32.604275,75146,LANCASTER,Mexican,Americas,Latin America - Central America,Mexico
,TX,DALLAS,-96.807877,CVS 10758,Pharmacy,1662,-10776603.5724179,,1255225.0,,3867520.23897506,149437.0,2501 N FIELD ST,32.790432,75201,DALLAS,Uncategorized,,,
,TX,DALLAS,-96.87249,Bng C-store 100,Convenience Store,6037,-10783796.2586765,,1398569.0,,3869805.22885054,149792.0,3260 IRVING BLVD,32.807686,75247,DALLAS,General Retail/Food/Other,,,
Ste 128,TX,DALLAS,-96.991615,Ayo Farmers Market,Farmers and Markets,5009,-10797057.1930172,,1361870.0,,3877245.18027908,150015.0,4070 N BELT LINE RD,32.863842,75038,IRVING,General Retail/Food/Other,,,
,TX,DALLAS,-96.682045,Yasmine Chevron,Convenience Store,2066,-10762596.0182524,,1399771.0,,3891805.63672736,150073.0,6418 N JUPITER RD,32.97364,75044,GARLAND,General Retail/Food/Other,,,
,TX,DALLAS,-96.805023,Corner Convenience Shop,Convenience Store,1754,-10776285.8665911,,1399818.0,,3866351.95857702,150096.0,407 N LAMAR ST,32.781609,75202,DALLAS,General Retail/Food/Other,,,
,TX,DALLAS,-96.683212,US One Stop Food Mart,Convenience Store,3226,-10762725.9280981,,1398713.0,,3878315.00404677,150127.0,12909 JUPITER RD,32.871914,75238,DALLAS,General Retail/Food/Other,,,
Ste 120,TX,DALLAS,-96.99398,Jtc Bless Imports,Super Store,7826,-10797320.463613,,1390256.0,,3875908.03748559,150210.0,3435 N BELT LINE RD,32.853752,75062,IRVING,Uncategorized,,,
,TX,DALLAS,-96.951035,7-eleven Convenience Store 26589C,Convenience Store,4416,-10792539.8480808,,1361146.0,,3874761.58183022,150406.0,2800 N O CONNOR RD,32.8451,75062,IRVING,General Retail/Food/Other,,,
Ste 107,TX,DALLAS,-96.580254,AYS Venture LLC,Grocery Store,1978,-10751264.695965,,1361312.0,,3876484.35520917,150590.0,1546 ROWLETT RD,32.858101,75043,GARLAND,General Retail/Food/Other,,,
,TX,DALLAS,-96.613731,Sayee Inc,Convenience Store,2410,-10754991.3385583,,1361025.0,,3877564.18220634,150918.0,530 NICKENS RD,32.866249,75043,GARLAND,General Retail/Food/Other,,,
,TX,DALLAS,-96.885918,QuikTrip 1935,Convenience Store,4517,-10785291.0567989,,1351358.0,,3872344.87703447,151163.0,9235 JOHN W CARPENTER FWY,32.826859,75247,DALLAS,General Retail/Food/Other,,,
Ste A,TX,DALLAS,-96.678665,Grocery Services North 5,Grocery Store,7124,-10762219.7583735,,1351445.0,,3884098.53688839,151201.0,310 N BARNES DR,32.915539,75042,GARLAND,General Retail/Food/Other,,,
,TX,DALLAS,-96.875374,A1 Food Store,Convenience Store,4516,-10784117.3040879,,1374270.0,,3876979.72744387,151528.0,2938 STOREY LN,32.861839,75220,DALLAS,General Retail/Food/Other,,,
,TX,DALLAS,-96.769897,CVS Pharmacy 10977,Pharmacy,8129,-10772375.6581575,,1378973.0,,3888787.24500464,151585.0,7979 BELT LINE RD,32.95089,75254,DALLAS,Uncategorized,,,
Ste 300,TX,DALLAS,-96.880264,Dollar Tree 6919,Discount Retail,    ,-10784661.6563979,,1309328.0,,3879504.75397435,152205.0,2900 WALNUT HILL LN,32.88089,75229,DALLAS,Uncategorized,,,
Ste 106,TX,DALLAS,-96.682205,El Rancho 1637,Super Store,7118,-10762613.8293709,,1379389.0,,3884309.91351081,152326.0,3460 W WALNUT ST,32.917133,75042,GARLAND,Mexican,Americas,Latin America - Central America,Mexico
,TX,DALLAS,-96.89563,Murphy USA 7721,Convenience Store,1315,-10786372.1916934,,1379910.0,,3864040.89756095,152535.0,1545 N COCKRELL HILL RD,32.764153,75211,DALLAS,General Retail/Food/Other,,,
,TX,DALLAS,-96.86412,7-eleven Convenience Store 38111A,Convenience Store,3555,-10782864.5145385,,1309564.0,,3877569.74858188,152779.0,9707 WEBB CHAPEL RD,32.866291,75220,DALLAS,General Retail/Food/Other,,,
,TX,DALLAS,-96.568863,Murphy Express 8745,Convenience Store,6696,-10749996.6556454,,1309601.0,,3891895.73605763,152786.0,8020 WOODBRIDGE PKWY,32.974319,75048,SACHSE,General Retail/Food/Other,,,
Ste 100,TX,DALLAS,-96.748016,Grocery Services North 10,Grocery Store,8001,-10769939.8763795,,1310640.0,,3876474.68121337,152845.0,6012 ABRAMS RD,32.858028,75231,DALLAS,General Retail/Food/Other,,,
,TX,DALLAS,-96.605621,DOLLAR GENERAL 18546,Discount Retail,4034,-10754088.537488,,1310297.0,,3856098.49111157,152881.0,12918 SEAGOVILLE RD,32.704136,75180,BALCH SPRINGS,Uncategorized,,,
,TX,DALLAS,-96.836868,CVS Pharmacy 11065,Pharmacy,3846,-10779830.8357754,,1310323.0,,3877340.73416494,152893.0,9215 MIDWAY RD,32.864563,75220,DALLAS,Uncategorized,,,
,TX,DALLAS,-96.868256,QuikTrip 0929,Convenience Store,4902,-10783324.9319525,,1310705.0,,3871359.44489307,152947.0,1220 W MOCKINGBIRD LN,32.81942,75247,DALLAS,General Retail/Food/Other,,,
,TX,DALLAS,-97.036888,Corner Store 2741593,Convenience Store,    ,-10802096.9603239,,1259842.0,,3848405.60548464,153007.0,2390 W. CAMP WISDOM RD,32.645966,75052,GRAND PRAIRIE,General Retail/Food/Other,,,
,TX,DALLAS,-96.620361,QuikTrip 985,Convenience Store,    ,-10755729.3867823,,1257966.0,,3864753.92062566,153168.0,1610 W SCYENE RD,32.769539,75149,MESQUITE,General Retail/Food/Other,,,
,TX,DALLAS,-96.569687,Progreso Farms,Specialty Store,5117,-10750088.3829058,,1458418.0,,3842865.38593595,153322.0,2320 W MALLOY BRIDGE RD,32.60405,75159,SEAGOVILLE,Uncategorized,,,
,TX,DALLAS,-96.546654,Seagoville Chevron,Convenience Store,2305,-10747524.3610744,,1410507.0,,3848912.88809546,153511.0,1001 N HIGHWAY 175,32.649803,75159,SEAGOVILLE,General Retail/Food/Other,,,
,TX,DALLAS,-96.918625,Family Dollar 12503,Discount Retail,4295,-10788931.9833842,,1400191.0,,3860533.20324682,153550.0,712 S WALTON WALKER BLVD,32.737652,75211,DALLAS,Uncategorized,,,
,TX,DALLAS,-96.992432,African Food Store,Grocery Store,6878,-10797148.1410412,,1258942.0,,3875126.62810686,153598.0,3009 N BELT LINE RD,32.847855,75062,IRVING,African,Africa,Multiple African Regions,Multiple African
,TX,DALLAS,-96.655975,Fuel City Mesquite,Convenience Store,1162,-10759693.9191274,,1258964.0,,3867697.55018617,153602.0,2175 S TOWN EAST BLVD,32.791771,75149,MESQUITE,General Retail/Food/Other,,,
,TX,DALLAS,-96.735565,Abrams Food Beer And Wine 1,Convenience Store,4507,-10768553.8373996,,1362671.0,,3883821.26002695,154278.0,12121 ABRAMS RD,32.913448,75243,DALLAS,General Retail/Food/Other,,,
Ste 114,TX,DALLAS,-96.735374,Abrams Food Mart,Convenience Store,8409,-10768532.5753769,,1384177.0,,3883185.44422546,154455.0,9730 ABRAMS RD,32.908653,75243,DALLAS,General Retail/Food/Other,,,
,TX,DALLAS,-96.87381,7-eleven Convenience Store 38438A,Convenience Store,6615,-10783943.2004043,,1364059.0,,3869777.94514537,154718.0,555 W MOCKINGBIRD LN,32.80748,75247,DALLAS,General Retail/Food/Other,,,
,TX,DALLAS,-96.891197,CVS Pharmacy 10946,Pharmacy,4622,-10785878.7123908,,1383734.0,,3860525.65980409,154870.0,4333 W JEFFERSON BLVD,32.737595,75211,DALLAS,Uncategorized,,,
,TX,DALLAS,-96.760719,Maru Grocery,Grocery Store,6607,-10771353.967871,,1385565.0,,3878209.7668153,155184.0,8353 PARK LN,32.87112,75231,DALLAS,General Retail/Food/Other,,,
,TX,DALLAS,-96.813789,Sam's Grocery Store,Convenience Store,6702,-10777261.6932474,,1262326.0,,3854407.00199351,155455.0,717 E ANN ARBOR AVE,32.691349,75216,DALLAS,General Retail/Food/Other,,,
,TX,DALLAS,-96.853737,One Stop Food Store,Convenience Store,5236,-10781708.6842656,,1385834.0,,3889710.72401961,155571.0,1600 MARSH LN,32.957851,75006,CARROLLTON,General Retail/Food/Other,,,
,TX,DALLAS,-96.994659,Beltline Beer/wine Food Mart Coin Laundry,Convenience Store,2040,-10797396.0495472,,1385840.0,,3860623.59259371,155575.0,710 S BELT LINE RD,32.738335,75051,GRAND PRAIRIE,General Retail/Food/Other,,,
,TX,DALLAS,-96.773865,Dollar General Store 16913,Discount Retail,7520,-10772817.373897,,1262747.0,,3855146.69276603,155706.0,4807 SUNNYVALE ST,32.696941,75216,DALLAS,Uncategorized,,,
,TX,DALLAS,-96.823441,Familia Food Market,Convenience Store,1830,-10778336.1489726,,1262903.0,,3870387.73779924,155741.0,4523 MAPLE AVE,32.812084,75219,DALLAS,General Retail/Food/Other,,,
,TX,DALLAS,-96.692757,Circle M Store 1,Convenience Store,6114,-10763788.4726377,,1261745.0,,3868696.3163793,155958.0,3401 SAINT FRANCIS AVE,32.799313,75228,DALLAS,General Retail/Food/Other,,,
Ste 3025,TX,DALLAS,-96.768753,Shahrzad Mediterranean Market and Grill,Supermarket,6264,-10772248.3086601,,1387848.0,,3890115.63963893,156004.0,970 N COIT RD,32.960903,75080,RICHARDSON,Middle Eastern,Asia,Western Asia,Multiple Western Asian
,TX,DALLAS,-96.835686,CVS Pharmacy 10910,Pharmacy,4025,-10779699.2561373,,1265974.0,,3866005.45588814,156115.0,3030 SYLVAN AVE,32.778992,75212,DALLAS,Uncategorized,,,
,TX,DALLAS,-96.993324,Dollar General Store 17248,Discount Retail,    ,-10797247.438027,,1264679.0,,3869719.80192639,156208.0,3424 S BRIERY RD,32.807041,75060,IRVING,Uncategorized,,,
,TX,DALLAS,-96.54512,Sunny's Mart 1 1,Convenience Store,4504,-10747353.5969755,,1387407.0,,3877145.12121735,156707.0,1502 E I 30,32.863087,75043,GARLAND,General Retail/Food/Other,,,
,TX,DALLAS,-96.802338,Tom Thumb 3569,Supermarket,    ,-10775986.9737584,,1266918.0,,3870879.4094423,156722.0,3878 OAK LAWN AVE,32.815796,75219,DALLAS,General Retail/Food/Other,,,
,TX,DALLAS,-96.730263,Tom Thumb 3570,Supermarket,4131,-10767963.6214594,,1266919.0,,3870316.08155098,156723.0,7331 GASTON AVE,32.811543,75214,DALLAS,General Retail/Food/Other,,,
Ste 104,TX,DALLAS,-96.874542,7-abc Beer To Go,Convenience Store,2972,-10784024.6862716,,1264143.0,,3877593.07437475,156840.0,3021 LOMBARDY LN,32.866467,75220,DALLAS,General Retail/Food/Other,,,
,TX,DALLAS,-96.843925,7-eleven Convenience Store 41609A,Convenience Store,5629,-10780616.417422,,1460864.0,,3872489.8043833,157061.0,2500 W MOCKINGBIRD LN,32.827953,75235,DALLAS,General Retail/Food/Other,,,
Ste 102,TX,DALLAS,-96.714844,Dukem Ethiopian Grocery And Restaurant,Other,9019,-10766247.1862309,,1460951.0,,3882544.09412206,157078.0,9241 SKILLMAN ST,32.903816,75243,DALLAS,African,Africa,Multiple African Regions,Multiple African
,TX,DALLAS,-96.473351,Murphy Express 8915,Convenience Store,    ,-10739364.3084407,,1428372.0,,3855172.48754004,157196.0,1101 US 80 FRONTAGE ROAD,32.697136,75150,MESQUITE,General Retail/Food/Other,,,
,TX,DALLAS,-96.778809,Southpoint Community Market,Grocery Store,3110,-10773367.7374595,,1460426.0,Waiver,3863796.39327176,157335.0,2839 S ERVAY ST,32.762306,75215,DALLAS,General Retail/Food/Other,,,
,TX,DALLAS,-97.00676,Sunny Food Store,Convenience Store,4300,-10798743.1267053,,1427519.0,,3858204.09674913,157371.0,301 W MARSHALL DR,32.720051,75051,GRAND PRAIRIE,General Retail/Food/Other,,,
,TX,DALLAS,-96.762787,Desi Grocery,Grocery Store,6605,-10771584.176578,,1427699.0,,3878152.24459595,157425.0,6875 SHADYBROOK LN,32.870686,75231,DALLAS,Indian/South Asian,Asia,South Central Asia,Multiple South Central Asian
,TX,DALLAS,-96.729607,Albaghdady Bakery,Convenience Store,6011,-10767890.5958735,,1459905.0,,3888923.88506661,157556.0,327 N GREENVILLE AVE,32.95192,75081,RICHARDSON,General Retail/Food/Other,,,
,TX,DALLAS,-96.738297,Tm Grocery Beer Wine,Convenience Store,1522,-10768857.9622485,,1427867.0,,3865063.97864799,157728.0,4537 ELSIE FAYE HEGGINS ST,32.771881,75210,DALLAS,General Retail/Food/Other,,,
,TX,DALLAS,-96.958565,Macarthur Shell Food Mart,Convenience Store,4445,-10793378.0838465,,1604002.0,,3874702.48647512,157952.0,2800 N MACARTHUR BLVD,32.844654,75062,IRVING,General Retail/Food/Other,,,
,TX,DALLAS,-96.945618,Magnuson Airport Hotel,Convenience Store,6320,-10791936.8303992,,1603508.0,,3873478.90834839,157984.0,110 W AIRPORT FWY,32.835419,75062,IRVING,General Retail/Food/Other,,,
,TX,DALLAS,-96.899643,Pepe's Corner Store,Convenience Store,3302,-10786818.91681,,1602871.0,,3866793.41008719,158009.0,4819 BERNAL DR,32.784943,75212,DALLAS,General Retail/Food/Other,,,
,TX,DALLAS,-96.628494,One Stop Food Store,Convenience Store,3630,-10756634.7482009,,1353165.0,,3864543.29235284,158036.0,1940 MILITARY PKWY,32.767948,75149,MESQUITE,General Retail/Food/Other,,,
,TX,DALLAS,-96.835808,7 Eleven 38432H,Convenience Store,2039,-10779712.8371152,,1352415.0,,3864557.45768115,158150.0,1805 SYLVAN AVE,32.768055,75208,DALLAS,General Retail/Food/Other,,,
,TX,DALLAS,-96.739899,Al Nimer Roastery Inc,Grocery Store,4031,-10769036.2960727,,1353687.0,,3887441.09385094,158263.0,815 S SHERMAN ST,32.940742,75081,RICHARDSON,General Retail/Food/Other,,,
,TX,DALLAS,-96.698502,Ib Richardson Llc,Supermarket,4617,-10764428.0031123,,1352738.0,,3888065.59963049,158401.0,1425 E BELT LINE RD,32.94545,75081,RICHARDSON,General Retail/Food/Other,,,
,TX,DALLAS,-96.74778,Spring Valley Mart,Convenience Store,7256,-10769913.6049797,,1352513.0,,3887370.7926063,158415.0,710 W SPRING VALLEY RD,32.940212,75080,RICHARDSON,General Retail/Food/Other,,,
Ste B,TX,DALLAS,-96.890633,Om Saam Llc,Convenience Store,8701,-10785815.9281979,,1352219.0,,3840964.12724058,158494.0,1240 W BELT LINE RD,32.589661,75115,DESOTO,General Retail/Food/Other,,,
,TX,DALLAS,-96.780441,Speed Max,Convenience Store,6309,-10773549.4108685,,1267849.0,,3848280.53993424,158715.0,8445 S LANCASTER RD,32.64502,75241,DALLAS,General Retail/Food/Other,,,
,TX,DALLAS,-96.851204,QuikTrip 976,Convenience Store,6807,-10781426.7119955,,1365110.0,,3869917.4105747,158940.0,1449 INWOOD RD,32.808533,75247,DALLAS,General Retail/Food/Other,,,
,TX,DALLAS,-96.674858,7-Eleven  Store 38461A,Convenience Store,3007,-10761795.965072,,1388229.0,,3873278.72267913,159094.0,2450 GUS THOMASSON RD,32.833908,75228,DALLAS,General Retail/Food/Other,,,
,TX,DALLAS,-96.856079,7-eleven Convenience Store 36002C,Convenience Store,1710,-10781969.3945131,,1269512.0,,3879391.02267062,159282.0,9998 MARSH LN,32.880032,75220,DALLAS,General Retail/Food/Other,,,
,TX,DALLAS,-96.788635,Dallas Farmers Market,Farmers and Markets,6022,-10774461.562776,,1461297.0,,3865832.14216516,159536.0,1010 S PEARL EXPY,32.777683,75201,DALLAS,General Retail/Food/Other,,,
,TX,DALLAS,-96.612587,Track9,Convenience Store,5723,-10754863.9890608,,1390390.0,,3861961.51535222,159670.0,1028 W CARTWRIGHT RD,32.748444,75149,MESQUITE,General Retail/Food/Other,,,
,TX,DALLAS,-96.942245,Sai Mart 3,Convenience Store,2900,-10791561.3497568,,1461404.0,,3850492.12141299,159762.0,700 N CLARK RD,32.661747,75116,DUNCANVILLE,General Retail/Food/Other,,,
,TX,DALLAS,-96.612129,Family Dollar 12237,Discount Retail,4713,-10754813.0047341,,1390127.0,,3851331.53860295,159766.0,2415 S BELT LINE RD,32.668095,75253,DALLAS,Uncategorized,,,
,TX,DALLAS,-96.558296,Family Dollar 12427,Discount Retail,4122,-10748820.3425862,,1390224.0,,3876002.12283665,159795.0,918 E INTERSTATE 30,32.854462,75043,GARLAND,Uncategorized,,,
,TX,DALLAS,-96.881058,Super Mercado Nuevo Leon,Convenience Store,3643,-10784750.0440736,,1591352.0,,3881558.86722263,159960.0,10828 DENNIS RD,32.896385,75229,DALLAS,Mexican,Americas,Latin America - Central America,Mexico
,TX,DALLAS,-96.87532,Orale Food Mart,Convenience Store,2999,-10784111.2928354,,1331314.0,,3877654.17226755,160227.0,9702 BROCKBANK DR,32.866928,75220,DALLAS,General Retail/Food/Other,,,
,TX,DALLAS,-96.768684,Lancaster Food Marts,Convenience Store,1444,-10772240.6276152,,1461722.0,,3842953.52591148,160404.0,710 W PLEASANT RUN RD,32.604717,75146,LANCASTER,General Retail/Food/Other,,,
,TX,DALLAS,-96.890022,CVS Pharmacy 11162,Pharmacy,3530,-10785747.9119891,,1329869.0,,3887101.13155119,160612.0,2702 VALWOOD PKWY,32.938179,75234,DALLAS,Uncategorized,,,
,TX,DALLAS,-96.835594,Central Market 747,Supermarket,3854,-10779689.0147442,,1329963.0,,3877255.78261368,160638.0,4349 W NORTHWEST HWY,32.863922,75220,DALLAS,General Retail/Food/Other,,,
,TX,DALLAS,-96.754761,Tma Grocery Beer & Wine,Convenience Store,1948,-10770690.7263449,,1330948.0,,3864850.82942994,160833.0,2302 S 2ND AVE,32.770271,75210,DALLAS,General Retail/Food/Other,,,
,TX,DALLAS,-96.86869,MSK Petro Inc,Grocery Store,6205,-10783373.2446115,,1331043.0,,3876553.13357323,160875.0,3025 WEBB CHAPEL EXT,32.85862,75220,DALLAS,General Retail/Food/Other,,,
,TX,DALLAS,-96.782196,7-Eleven Convenience Store 38627A,Convenience Store,6139,-10773744.7765748,,1428838.0,,3868018.80941224,161148.0,3712 LIVE OAK ST,32.794197,75204,DALLAS,General Retail/Food/Other,,,
,TX,DALLAS,-96.864807,Fiesta Mart Fuel Station 177,Super Store,6751,-10782940.9910287,,1549615.0,,3877214.83114917,161277.0,3434 WEBB CHAPEL EXT,32.863613,75220,DALLAS,Mexican,Americas,Latin America - Central America,Mexico
,TX,DALLAS,-96.701508,Pleasant Grove Meat Market,Other,6539,-10764762.6295017,,1429156.0,,3863964.64662655,161281.0,6923 SCYENE RD,32.763577,75227,DALLAS,Uncategorized,,,
,TX,DALLAS,-96.94519,7-eleven Convenience Store 36349A,Convenience Store,2704,-10791889.1856572,,1356610.0,,3877686.51054326,161351.0,5003 N O CONNOR RD,32.867172,75062,IRVING,General Retail/Food/Other,,,
Ste 130,TX,DALLAS,-97.023964,Dollar Tree 7645,Discount Retail,    ,-10800658.2672249,,1353887.0,,3855040.20724421,161453.0,3166 SOUTH HIGHWAY 161,32.696136,75052,GRAND PRAIRIE,Uncategorized,,,
,TX,DALLAS,-96.657043,Dollar General 19624,Discount Retail,    ,-10759812.8083435,,1355413.0,,3856497.62105151,161634.0,342 S SAINT AUGUSTINE DR,32.707153,75217,DALLAS,Uncategorized,,,
,TX,DALLAS,-97.014961,Elite Mart,Convenience Store,2813,-10799656.0578493,,1380444.0,,3858283.35371029,161728.0,1746 S CARRIER PKWY,32.72065,75051,GRAND PRAIRIE,General Retail/Food/Other,,,
,TX,DALLAS,-96.624146,7-eleven Convenience Store 30421B,Convenience Store,1344,-10756150.7310549,,1380477.0,,3874343.15070861,161797.0,1428 OATES DR,32.841942,75150,MESQUITE,General Retail/Food/Other,,,
,TX,DALLAS,-96.900108,Fsk Food Mart,Convenience Store,1221,-10786870.6803732,,1380551.0,,3878561.26815314,161889.0,10969 N STEMMONS FWY,32.873772,75220,DALLAS,General Retail/Food/Other,,,
,TX,DALLAS,-96.765465,Smart-Mart C-Store,Convenience Store,7728,-10771882.2901743,,1575314.0,,3855207.27750398,162019.0,3150 E LEDBETTER DR,32.697399,75216,DALLAS,General Retail/Food/Other,,,
,TX,DALLAS,-96.769775,7-eleven Convenience Store 38635A,Convenience Store,    ,-10772362.0771797,,1392147.0,,3876342.82411908,162061.0,8010 SOUTHWESTERN BLVD.,32.857033,75206,DALLAS,General Retail/Food/Other,,,
,TX,DALLAS,-96.633286,Dollar Plus Store,Convenience Store,3300,-10757168.1912008,,1390707.0,,3879427.34233794,162179.0,2901 S 5TH ST,32.880306,75041,GARLAND,General Retail/Food/Other,,,
,TX,DALLAS,-96.700386,D-town Fuel & Food,Convenience Store,5868,-10764637.729033,,1636009.0,,3857217.86182882,162181.0,7036 GREAT TRINITY FOREST WAY,32.712597,75217,DALLAS,General Retail/Food/Other,,,
,TX,DALLAS,-96.902763,Cash Saver 97,Supermarket,2705,-10787166.2336213,,1391840.0,,3850656.6149804,162209.0,303 E CAMP WISDOM RD,32.662991,75116,DUNCANVILLE,General Retail/Food/Other,,,
,TX,DALLAS,-96.893745,Express Mart #2,Convenience Store,1612,-10786162.3544533,,1635639.0,,3854899.99174861,162256.0,4010 S WALTON WALKER BLVD,32.695076,75236,DALLAS,General Retail/Food/Other,,,
Ste 100,TX,DALLAS,-96.683197,Lbj Foodmart 1,Convenience Store,    ,-10762724.2583058,,1381570.0,,3878561.66578504,162269.0,13015 JUPITER RD,32.873775,75238,DALLAS,General Retail/Food/Other,,,
,TX,DALLAS,-96.682571,Buckner Shell,Convenience Store,8607,-10762654.5723045,,1419454.0,,3862798.57182946,162354.0,2438 S BUCKNER BLVD,32.754768,75227,DALLAS,General Retail/Food/Other,,,
,TX,DALLAS,-96.873619,7-eleven Convenience Store 36496B,Convenience Store,4956,-10783921.9383816,,1417350.0,,3840927.26520963,162450.0,730 W BELT LINE RD,32.589382,75115,DESOTO,General Retail/Food/Other,,,
,TX,DALLAS,-96.643402,Murphy Express 8863,Convenience Store,2715,-10758294.2991696,,1417561.0,,3890580.27498955,162490.0,5362 N GARLAND AVE,32.964405,75040,GARLAND,General Retail/Food/Other,,,
,TX,DALLAS,-96.893013,Murphy Express 8917,Convenience Store,4304,-10786080.868586,,1417563.0,,3877105.62794134,162492.0,2275 W NORTHWEST HWY,32.862789,75220,DALLAS,General Retail/Food/Other,,,
,TX,DALLAS,-96.860458,Cash Saver 74,Super Store,3783,-10782456.8625633,,1381409.0,,3865986.78713693,162649.0,2223 SINGLETON BLVD,32.778851,75212,DALLAS,Uncategorized,,,
,TX,DALLAS,-96.869461,Kelly Fuel Station,Convenience Store,1929,-10783459.0719389,,1433534.0,,3893288.98015687,163166.0,2414 E TRINITY MILLS RD,32.984818,75006,CARROLLTON,General Retail/Food/Other,,,
,TX,DALLAS,-96.737915,Arapaho Food Mart,Convenience Store,4340,-10768815.438203,,1433544.0,,3890360.55934744,163167.0,555 W ARAPAHO RD,32.962749,75080,RICHARDSON,General Retail/Food/Other,,,
Ste 101,TX,DALLAS,-96.893822,Ruby's Deli & Grocery,Convenience Store,1317,-10786170.9260541,,1463376.0,,3863444.40602015,163394.0,1417 N COCKRELL HILL RD,32.759647,75211,DALLAS,General Retail/Food/Other,,,
,TX,DALLAS,-96.921677,El Mayoreo Meat Market,Other,4242,-10789271.7304701,,1463424.0,,3860206.58982884,163407.0,1105 S WALTON WALKER BLVD,32.735184,75211,DALLAS,Mexican,Americas,Latin America - Central America,Mexico
Ste 104,TX,DALLAS,-96.714844,Jolly Jolly Bakery ,Specialty Store,9019,-10766247.1862309,,1463506.0,,3882544.09412206,163427.0,9241 SKILLMAN ST,32.903816,75243,DALLAS,Uncategorized,,,
,TX,DALLAS,-96.631287,Don Cuco Meat Market,Grocery Store,1109,-10756945.6635387,,1331897.0,,3861562.59758045,163488.0,1701 S PEACHTREE RD,32.74543,75180,BALCH SPRINGS,General Retail/Food/Other,,,
Ste 110,TX,DALLAS,-97.009705,Shop N Go,Convenience Store,8014,-10799070.9626057,,1332252.0,,3873111.92597081,163695.0,1885 ESTERS RD,32.832649,75061,IRVING,General Retail/Food/Other,,,
,TX,DALLAS,-96.82251,Candy Girl Chicks & Livestock,Farmers and Markets,5337,-10778232.5105266,,1463642.0,,3849229.14096713,163740.0,7811 KANSAS AVE,32.652195,75241,DALLAS,General Retail/Food/Other,,,
,TX,DALLAS,-96.598373,Fivestar Market 1,Convenience Store,6000,-10753281.6938187,,1463702.0,,3883294.70396905,163820.0,2020 HIGHWAY 66,32.909477,75040,GARLAND,General Retail/Food/Other,,,
,TX,DALLAS,-96.696297,Mary Produce,Grocery Store,3841,-10764182.5436351,,1463877.0,,3865146.85634152,163995.0,4008 URBAN AVE,32.772507,75227,DALLAS,General Retail/Food/Other,,,
,TX,DALLAS,-96.875679,Toni Demissie Inc. 21764A,Convenience Store,2648,-10784151.2565326,,1356785.0,,3877585.91759247,164075.0,2990 LOMBARDY LN,32.866413,75220,DALLAS,General Retail/Food/Other,,,
,TX,DALLAS,-96.736015,Dgc Realty Solutions 35475A,Convenience Store,5043,-10768603.9311705,,1356821.0,,3887348.50852614,164090.0,170 E SPRING VALLEY RD,32.940044,75081,RICHARDSON,General Retail/Food/Other,,,
,TX,DALLAS,-96.977722,Speedy B Mart,Convenience Store,5204,-10795510.6313316,,1356924.0,,3877560.20622542,164251.0,2302 W WALNUT HILL LN,32.866219,75038,IRVING,General Retail/Food/Other,,,
,TX,DALLAS,-96.62989,C'ville Beverage Convenience,Convenience Store,4633,-10756790.15021,,1336327.0,,3878321.631108,164470.0,127 E CENTERVILLE RD,32.871964,75041,GARLAND,General Retail/Food/Other,,,
,TX,DALLAS,-96.908859,Rossi Mart,Convenience Store,4401,-10787844.8372371,,1430975.0,,3846028.92528238,164500.0,1703 S MAIN ST,32.627987,75137,DUNCANVILLE,General Retail/Food/Other,,,
,TX,DALLAS,-96.647797,MM Food Mart,Convenience Store,5005,-10758783.5483317,,1619723.0,,3878397.97512291,164518.0,3626 SATURN RD,32.87254,75041,GARLAND,General Retail/Food/Other,,,
,TX,DALLAS,-96.811455,7-eleven Convenience Store 35419C,Convenience Store,2704,-10777001.8735559,,1431263.0,,3870927.35912309,164602.0,4239 LEMMON AVE,32.816158,75219,DALLAS,General Retail/Food/Other,,,
Suite A,TX,DALLAS,-96.682655,Star Food Mart,Other,7700,-10762663.9231417,,1337434.0,,3886283.96244159,164678.0,2014 N JUPITER RD,32.932018,75044,GARLAND,Uncategorized,,,
,TX,DALLAS,-96.754105,T C Grocery,Convenience Store,4608,-10770617.7007589,,1357452.0,,3862287.11849423,164815.0,5050 CROZIER ST,32.750904,75215,DALLAS,General Retail/Food/Other,,,
,TX,DALLAS,-96.61367,One Stop Food Mart,Convenience Store,2330,-10754984.5480694,,1430798.0,,3858023.35582061,164836.0,3708 SHEPHERD LN,32.718685,75180,BALCH SPRINGS,General Retail/Food/Other,,,
,TX,DALLAS,-96.74353,7-Eleven 41155H,Convenience Store,0224,-10769440.4971438,,1430827.0,,3877765.8987368,164891.0,6769 ABRAMS RD,32.867771,75231,DALLAS,General Retail/Food/Other,,,
,TX,DALLAS,-96.983322,7-Eleven 41523H,Convenience Store,4518,-10796134.0204801,,1430828.0,,3886772.18794406,164896.0,3121 OLYMPUS BLVD,32.935699,75019,COPPELL,General Retail/Food/Other,,,
,TX,DALLAS,-96.713722,Hippo Food Mart KG,Convenience Store,5847,-10766122.2857622,,1382089.0,,3869065.01520544,165093.0,8003 FERGUSON RD,32.802097,75228,DALLAS,General Retail/Food/Other,,,
,TX,DALLAS,-96.68412,Ck 108,Convenience Store,6534,-10762827.0061958,,1382212.0,,3857311.26879362,165118.0,8015 C F HAWN FWY,32.713303,75217,DALLAS,General Retail/Food/Other,,,
,TX,DALLAS,-96.595284,7-eleven Convenience Store 34115B,Convenience Store,1657,-10752937.8279116,,1449385.0,,3867396.03002286,165313.0,106 US HIGHWAY 80 E,32.789494,75149,MESQUITE,General Retail/Food/Other,,,
,TX,DALLAS,-97.005928,Westchester Food Mart,Convenience Store,3215,-10798650.508889,,1357831.0,,3851840.00476229,165388.0,4155 S CARRIER PKWY,32.67194,75052,GRAND PRAIRIE,General Retail/Food/Other,,,
,TX,DALLAS,-96.988029,Jefferson Mart,Convenience Store,2264,-10796658.0013233,,1449418.0,,3861462.67171885,165453.0,1325 E JEFFERSON ST,32.744675,75051,GRAND PRAIRIE,General Retail/Food/Other,,,
,TX,DALLAS,-96.839134,7-eleven Convenience Store 26776C,Convenience Store,5105,-10780083.0857416,,1449548.0,,3841027.01756545,165506.0,757 E BELT LINE RD,32.590137,75115,DESOTO,General Retail/Food/Other,,,
Ste D,TX,DALLAS,-96.644081,Dairyway Corner Stop,Convenience Store,2292,-10758369.8851039,,1449882.0,,3871740.41411558,165616.0,4340 GUS THOMASSON RD,32.822296,75150,MESQUITE,General Retail/Food/Other,,,
,TX,DALLAS,-96.925415,7 Eleven 25758,Convenience Store,4508,-10789687.8427267,,1357987.0,,3869813.83779976,165716.0,1600 E IRVING BLVD,32.807751,75060,IRVING,General Retail/Food/Other,,,
,TX,DALLAS,-96.63356,Murphy Express 8920,Convenience Store,    ,-10757198.6927412,,1464793.0,,3870246.80984398,166043.0,2110 N. TOWN EAST BLVD,32.81102,75150,MESQUITE,General Retail/Food/Other,,,
,TX,DALLAS,-96.729355,Indopak Supermarket Richardson,Supermarket,4139,-10767862.5433618,,1435253.0,,3888384.36508035,166304.0,323 E POLK ST,32.947853,75081,RICHARDSON,General Retail/Food/Other,,,
,TX,DALLAS,-96.68248,7-Eleven 41933H,Convenience Store,2213,-10762644.4422309,,1435293.0,,3880007.41180373,166321.0,2646 S JUPITER RD,32.884682,75041,GARLAND,General Retail/Food/Other,,,
,TX,DALLAS,-96.615761,Whip In,Convenience Store,1619,-10755217.3171246,,1598465.0,,3878508.11814339,166535.0,3405 BROADWAY BLVD,32.873371,75043,GARLAND,General Retail/Food/Other,,,
,TX,DALLAS,-96.69976,Step In Drive In,Convenience Store,3804,-10764568.0430318,,1421955.0,,3865231.72052635,166658.0,7003 MILITARY PKWY,32.773148,75227,DALLAS,General Retail/Food/Other,,,
,TX,DALLAS,-96.746895,CK 101,Convenience Store,1938,-10769815.0872303,,1434394.0,,3867556.65442792,166667.0,5526 E R L THORNTON FWY,32.790707,75223,DALLAS,General Retail/Food/Other,,,
,TX,DALLAS,-96.555168,CK 128,Convenience Store,4142,-10748472.135219,,1434396.0,,3883008.96006417,166674.0,4902 LAKEVIEW PKWY,32.907322,75088,ROWLETT,General Retail/Food/Other,,,
,TX,DALLAS,-96.632271,Kannala Country Corner,Convenience Store,1222,-10757055.2019176,,1434101.0,,3860023.30384586,166725.0,11302 LAKE JUNE RD,32.733799,75180,BALCH SPRINGS,General Retail/Food/Other,,,
,TX,DALLAS,-96.620621,Mr J Food Store,Convenience Store,7269,-10755758.3298499,,1434107.0,,3883015.05939738,166739.0,906 HIGHWAY 66,32.907368,75040,GARLAND,General Retail/Food/Other,,,
,TX,DALLAS,-96.634705,Motley Mart,Convenience Store,5303,-10757326.1535582,,1422054.0,,3868109.78589672,166826.0,2101 MOTLEY DR,32.794884,75150,MESQUITE,General Retail/Food/Other,,,
,TX,DALLAS,-96.664963,Murphy Express 8835,Convenience Store,8007,-10760694.4587106,,1341344.0,,3877286.13184933,167305.0,12505 E NORTHWEST HWY,32.864151,75228,DALLAS,General Retail/Food/Other,,,
Ste 200,TX,DALLAS,-96.806618,Target T3292,Super Store,    ,-10776463.421179,,1341358.0,,3877273.93913389,167315.0,8335 WESTCHSTER DR,32.864059,75225,DALLAS,Uncategorized,,,
,TX,DALLAS,-96.818459,Konnect General Stores,Convenience Store,1020,-10777781.5552694,,1431646.0,,3842837.63585461,167382.0,3160 W PLEASANT RUN RD,32.60384,75146,LANCASTER,General Retail/Food/Other,,,
,TX,DALLAS,-96.921051,7-eleven Convenience Store 38787A,Convenience Store,3328,-10789202.0444689,,1431891.0,,3870086.1487352,167436.0,1901 E STATE HIGHWAY 356,32.809807,75060,IRVING,General Retail/Food/Other,,,
,TX,DALLAS,-96.822929,Family Dollar 12052,Discount Retail,4604,-10778279.1533933,,1337728.0,,3855750.83439804,167550.0,3510 S BECKLEY AVE,32.701508,75224,DALLAS,Uncategorized,,,
Ste 110,TX,DALLAS,-96.745163,Dollar Tree 7672,Discount Retail,    ,-10769622.2818723,,1338230.0,,3876868.53854693,167696.0,6301 ABRAMS RD,32.861,75231,DALLAS,Uncategorized,,,
,TX,DALLAS,-96.900543,My-t-quick Food Store,Convenience Store,3339,-10786919.1043517,,1402851.0,,3846815.54707208,168084.0,1422 ACTON AVE,32.633938,75137,DUNCANVILLE,General Retail/Food/Other,,,
,TX,DALLAS,-96.786789,365 Food & Fuel #7,Convenience Store,3138,-10774256.066996,,1432913.0,,3870749.60189448,168205.0,2801 N FITZHUGH AVE,32.814816,75204,DALLAS,General Retail/Food/Other,,,
Ste 200,TX,DALLAS,-96.605827,New Dairy Way 2,Convenience Store,2772,-10754111.4693031,,1432934.0,,3867110.01012488,168233.0,1800 N GALLOWAY AVE,32.787334,75149,MESQUITE,General Retail/Food/Other,,,
,TX,DALLAS,-96.824326,7-eleven Convenience Store 41275A,Convenience Store,4441,-10778434.6667219,,1452429.0,,3861975.14814894,168379.0,456 N ZANG BLVD,32.748547,75208,DALLAS,General Retail/Food/Other,,,
,TX,DALLAS,-96.909019,Duncanville Mart,Convenience Store,1882,-10787862.6483557,,1452483.0,,3854072.48967595,168390.0,4307 DUNCANVILLE RD,32.68882,75236,DALLAS,General Retail/Food/Other,,,
,TX,DALLAS,-96.621719,Stop N Go,Convenience Store,7445,-10755880.5586508,,1402180.0,,3883056.56146622,168428.0,609 DAIRY RD,32.907681,75040,GARLAND,General Retail/Food/Other,,,
,TX,DALLAS,-96.639656,Beltline Swift Food Mart,Convenience Store,3633,-10757877.2963571,,1400701.0,,3887355.67126157,168486.0,862 BELT LINE RD,32.940098,75040,GARLAND,General Retail/Food/Other,,,
,TX,DALLAS,-96.97538,Homefoods I I I Llc,Grocery Store,7050,-10795249.9210842,,1402621.0,,3874335.99590439,168850.0,2301 W ROCHELLE RD,32.841888,75062,IRVING,General Retail/Food/Other,,,
,TX,DALLAS,-96.630669,Ck Food Mart,Convenience Store,5702,-10756876.8680934,,1402664.0,,3884341.34185315,168925.0,506 N 1ST ST,32.91737,75040,GARLAND,General Retail/Food/Other,,,
Ste 148,TX,DALLAS,-96.954041,El Cubano Latin Market 1,Grocery Store,    ,-10792874.4744702,,1476044.0,,3874015.09416097,169030.0,555 W AIRPORT FREEWAY,32.839466,75060,IRVING,Mexican,Americas,Latin America - Central America,Mexico
Ste 110,TX,DALLAS,-96.770065,Ak C-store,Convenience Store,1220,-10772394.359832,,1476078.0,,3885405.1812073,169049.0,7995 LYNDON B JOHNSON FWY,32.925392,75251,DALLAS,General Retail/Food/Other,,,
,TX,DALLAS,-96.612572,Dipdiya Enterprises Inc 1,Convenience Store,1552,-10754862.3192685,,1409229.0,,3867692.51816577,169150.0,2031 N GALLOWAY AVE,32.791733,75149,MESQUITE,General Retail/Food/Other,,,
,TX,DALLAS,-96.597816,Murphy USA 7622,Convenience Store,5702,-10753219.6888623,,1341515.0,,3874043.44763703,169215.0,525 W INTERSTATE 30,32.83968,75043,GARLAND,General Retail/Food/Other,,,
,TX,DALLAS,-96.889053,Northwest Hwy Food Mart,Convenience Store,4416,-10785640.0434025,,1408968.0,,3876761.85650576,169293.0,2332 W NORTHWEST HWY,32.860195,75220,DALLAS,General Retail/Food/Other,,,
No Ste,TX,DALLAS,-96.682343,Dollar Tree 8429,Discount Retail,    ,-10762629.1914606,,1409009.0,,3857479.82657533,169303.0,140 S BUCKNER BLVD,32.714577,75217,DALLAS,Uncategorized,,,
,TX,DALLAS,-96.991302,Murphy Express 8916,Convenience Store,2807,-10797022.3500166,,1409100.0,,3879445.63476764,169346.0,5140 N BELT LINE RD,32.880444,75038,IRVING,General Retail/Food/Other,,,
,TX,DALLAS,-96.822052,Murphy USA 7654,Convenience Store,1844,-10778181.5261999,,1341665.0,,3841391.55020814,169592.0,170 N BECKLEY ST,32.592896,75146,LANCASTER,General Retail/Food/Other,,,
Ste 100,TX,DALLAS,-96.749329,7-Eleven Convenience Store 38342A,Convenience Store,1567,-10770086.0388709,,1433420.0,,3894427.55837461,169654.0,3000 NORTHSIDE BLVD,32.993397,75080,RICHARDSON,General Retail/Food/Other,,,
,TX,DALLAS,-96.944069,Murphy USA 7667,Convenience Store,1067,-10791764.396508,,1341683.0,,3848579.98555856,169659.0,7035 W WHEATLAND RD,32.647285,75249,DALLAS,General Retail/Food/Other,,,
,TX,DALLAS,-96.94574,Murphy USA 7674,Convenience Store,3508,-10791950.4113771,,1341688.0,,3841763.49341321,169691.0,605 UPTOWN BLVD,32.595711,75104,CEDAR HILL,General Retail/Food/Other,,,
,TX,DALLAS,-96.878952,1 Quickstop,Convenience Store,3809,-10784515.605226,,1408751.0,,3854454.4879027,169715.0,3525 W LEDBETTER DR,32.691708,75233,DALLAS,General Retail/Food/Other,,,
,TX,DALLAS,-96.597473,Murphy USA 7680,Convenience Store,1667,-10753181.506277,,1341694.0,,3867120.73574571,169720.0,1807 RANGE DR,32.787415,75149,MESQUITE,General Retail/Food/Other,,,
,TX,DALLAS,-96.56102,7-eleven Convenience Store 33123C,Convenience Store,1142,-10749123.5768791,,1433448.0,,3863489.9427033,169777.0,502 CLAY MATHIS RD,32.759991,75181,MESQUITE,General Retail/Food/Other,,,
,TX,DALLAS,-96.913895,Sho N Go,Convenience Store,2628,-10788405.4421928,,1475831.0,,3850444.65142816,169835.0,406 W CAMP WISDOM RD,32.661388,75116,DUNCANVILLE,General Retail/Food/Other,,,
,TX,DALLAS,-96.742752,Buy N Save Discount Beer N Wine,Convenience Store,2903,-10769353.8905799,,1410604.0,,3863474.19016801,170128.0,5002 S 2ND AVE,32.759872,75210,DALLAS,General Retail/Food/Other,,,
,TX,DALLAS,-96.657974,C F Hawn Fwy Sunoco,Convenience Store,7521,-10759916.4467895,,1409301.0,,3855966.20044005,170430.0,9512 C F HAWN FWY,32.703136,75217,DALLAS,General Retail/Food/Other,,,
Ste 101,TX,DALLAS,-96.682602,7-Eleven Convenience Store 39412B,Convenience Store,6508,-10762658.0232087,,1410429.0,,3858102.08231226,170746.0,440 S BUCKNER BLVD,32.71928,75217,DALLAS,General Retail/Food/Other,,,
,TX,DALLAS,-96.778473,My Beer Store,Convenience Store,1348,-10773330.3341106,,1410450.0,,3843021.58046454,170763.0,1007 W PLEASANT RUN RD,32.605232,75146,LANCASTER,General Retail/Food/Other,,,
Ste 320,TX,DALLAS,-96.825172,The Provision House,Farmers and Markets,4630,-10778528.8430111,,1436402.0,,3886675.62882996,170774.0,13619 INWOOD RD,32.934971,75244,DALLAS,General Retail/Food/Other,,,
,TX,DALLAS,-97.060631,Tiger Mart 47,Convenience Store,7330,-10804740.0189938,,1453719.0,,3854435.30833422,171310.0,3051 E MAYFIELD RD,32.691563,75052,GRAND PRAIRIE,General Retail/Food/Other,,,
Ste 550,TX,DALLAS,-97.017738,El Potosino Meat Market ,Grocery Store,5435,-10799965.1920752,,1453110.0,,3861240.45552031,171316.0,1017 FORT WORTH ST,32.742996,75050,GRAND PRAIRIE,Mexican,Americas,Latin America - Central America,Mexico
Ste 100,TX,DALLAS,-96.657875,La Michoacana Supermarket #12,Supermarket,1094,-10759905.4261599,,1453823.0,,3873357.55117601,171505.0,5200 GUS THOMASSON RD,32.834503,75150,MESQUITE,Mexican,Americas,Latin America - Central America,Mexico
,TX,DALLAS,-96.883835,Kpp Food Mart,Convenience Store,2038,-10785059.1782995,,1453878.0,,3852387.3741953,171518.0,3924 W RED BIRD LN,32.676079,75237,DALLAS,General Retail/Food/Other,,,
,TX,DALLAS,-96.546074,Hall Store,Convenience Store,5902,-10747459.7957697,,1453915.0,,3848868.06866139,171534.0,212 HALL RD,32.649464,75159,SEAGOVILLE,General Retail/Food/Other,,,
,TX,DALLAS,-96.958046,7-Eleven Inc. 36364J,Convenience Store,3713,-10793320.3090308,,1086958.0,,3883874.43408722,171823.0,770 W LYNDON B JOHNSON FWY,32.913849,75063,IRVING,General Retail/Food/Other,,,
,TX,DALLAS,-96.881523,7-eleven Convenience Store 27372D,Convenience Store,4422,-10784801.8076368,,1604640.0,,3876976.281765,171990.0,2635 WILLOWBROOK RD,32.861813,75220,DALLAS,General Retail/Food/Other,,,
Ste 107,TX,DALLAS,-96.622292,Ridgeview Food Mart 01,Convenience Store,2037,-10755944.344719,,1410836.0,,3866234.77941598,172103.0,1012 RIDGEVIEW ST,32.780724,75149,MESQUITE,General Retail/Food/Other,,,
,TX,DALLAS,-96.992004,Lucky Food Store,Convenience Store,5286,-10797100.4962992,,1477754.0,,3874704.07648079,172284.0,2810 N BELT LINE RD,32.844666,75062,IRVING,General Retail/Food/Other,,,
,TX,DALLAS,-96.602646,Tiger Mart 48,Convenience Store,4701,-10753757.3620029,,1477777.0,,3852276.81384123,172292.0,1920 S BELT LINE RD,32.675243,75253,DALLAS,General Retail/Food/Other,,,
,TX,DALLAS,-96.942429,Abswot African Store,Grocery Store,2811,-10791581.8325431,,1476687.0,,3846716.14247275,172706.0,1426 S CLARK RD,32.633186,75137,DUNCANVILLE,African,Africa,Multiple African Regions,Multiple African
Ste 103,TX,DALLAS,-96.973709,Xpress Mart,Convenience Store,7047,-10795063.9062151,,1476717.0,,3874410.32658276,172714.0,2121 W ROCHELLE RD,32.842449,75062,IRVING,General Retail/Food/Other,,,
,TX,DALLAS,-96.701607,Vecta Food Store,Convenience Store,6552,-10764773.6501313,,1476907.0,,3864007.53771645,172800.0,6935 SCYENE RD,32.763901,75227,DALLAS,General Retail/Food/Other,,,
,TX,DALLAS,-96.654495,7-eleven Convenience Store 20947,Convenience Store,1061,-10759529.166281,,930115.0,,3872794.10463545,172807.0,4901 GUS THOMASSON RD,32.83025,75150,MESQUITE,General Retail/Food/Other,,,
#160,TX,DALLAS,-97.016785,Save Now Food Mart 1,Convenience Store,5452,-10799859.1046005,,1477587.0,,3861969.58914255,172885.0,634 N CARRIER PKWY,32.748505,75050,GRAND PRAIRIE,General Retail/Food/Other,,,
Ste 100,TX,DALLAS,-97.018791,Sn Food Store,Convenience Store,3302,-10800082.411499,,1477018.0,,3862853.63645155,172971.0,1009 N CARRIER PKWY,32.755184,75050,GRAND PRAIRIE,General Retail/Food/Other,,,
,TX,DALLAS,-96.873093,Quik Trip 977,Convenience Store,    ,-10783863.3843294,,1423730.0,,3864165.0711454,173077.0,1500 N WESTMORELAND RD,32.765091,75211,DALLAS,General Retail/Food/Other,,,
Ste 147,TX,DALLAS,-96.649887,G & G Food Mart,Grocery Store,8213,-10759016.2060674,,1633148.0,,3887897.13366625,173261.0,1456 BELT LINE RD,32.94418,75044,GARLAND,General Retail/Food/Other,,,
,TX,DALLAS,-96.766708,Kwik Stop Beer & Wine 0,Convenience Store,1000,-10772020.6603014,,1404667.0,,3867579.82795654,173604.0,132 S CARROLL AVE,32.790882,75226,DALLAS,General Retail/Food/Other,,,
,TX,DALLAS,-96.813309,7-Eleven Convenience Store 12202B,Convenience Store,2142,-10777208.2598918,,1404686.0,,3871327.1240106,173634.0,4438 LEMMON AVE,32.819176,75219,DALLAS,General Retail/Food/Other,,,
,TX,DALLAS,-96.994614,Chilly Mart 41,Convenience Store,2002,-10797391.0401701,,1404487.0,,3861112.20995945,173930.0,401 S BELT LINE RD,32.742027,75051,GRAND PRAIRIE,General Retail/Food/Other,,,
,TX,DALLAS,-96.823471,Bear Creek Shell,Convenience Store,8656,-10778339.4885573,,1367052.0,,3837079.8436066,174010.0,1701 S BECKLEY RD,32.560257,75154,GLENN HEIGHTS,General Retail/Food/Other,,,
,TX,DALLAS,-97.008446,Chilly Mart,Convenience Store,6659,-10798930.8113668,,1454786.0,,3853493.29917596,174242.0,3705 S CARRIER PKWY,32.684441,75052,GRAND PRAIRIE,General Retail/Food/Other,,,
,TX,DALLAS,-97.010231,7-eleven Convenience Store 38151B,Convenience Store,2908,-10799129.5166578,,1466167.0,,3884567.97319299,174594.0,8235 ESTERS BLVD,32.919079,75063,IRVING,General Retail/Food/Other,,,
,TX,DALLAS,-96.935097,Dollar General 24469,Discount Retail,2142,-10790765.6380366,,1512129.0,,3842488.25468182,174646.0,727 N HIGHWAY 67,32.601196,75104,CEDAR HILL,Uncategorized,,,
,TX,DALLAS,-97.020966,7-Eleven Store 38416A,Convenience Store,    ,-10800324.5313915,,1413192.0,,3854479.61979821,175145.0,1040 MAYFIELD RD.,32.691898,75052,GRAND PRAIRIE,General Retail/Food/Other,,,
,TX,DALLAS,-96.683098,Hiwot Injera,Other,7716,-10762713.2376762,,1412694.0,,3881934.20094889,175596.0,1437 S JUPITER RD,32.899216,75042,GARLAND,African,Africa,Multiple African Regions,Multiple African
,TX,DALLAS,-96.769859,Central Gas & More,Convenience Store,2426,-10772371.4280169,,1455031.0,,3883217.79773288,175857.0,7950 FOREST LN,32.908897,75230,DALLAS,General Retail/Food/Other,,,
,TX,DALLAS,-96.73587,LBJ Gas & More,Convenience Store,3403,-10768587.7898443,,1455037.0,,3883724.1947825,175878.0,9351 LBJ FWY,32.912716,75243,DALLAS,General Retail/Food/Other,,,
,TX,DALLAS,-96.764008,Stop N Shop Food Mart Beer & Wine,Convenience Store,7729,-10771720.0976763,,1582099.0,,3855233.60153722,175946.0,3195 GREAT TRINITY FOREST WAY,32.697598,75216,DALLAS,General Retail/Food/Other,,,
,TX,DALLAS,-96.786491,7-eleven Store 35414B,Convenience Store,4160,-10774222.8937878,,1302458.0,,3890333.22785871,176008.0,15707 HILLCREST RD,32.962543,75248,DALLAS,General Retail/Food/Other,,,
,TX,DALLAS,-96.822021,Shell Food Mart,Convenience Store,3102,-10778178.0752956,,1437099.0,,3868723.06784531,176387.0,1959 N STEMMONS FWY,32.799515,75207,DALLAS,General Retail/Food/Other,,,
,TX,DALLAS,-96.992661,H&m Food Mart,Convenience Store,7806,-10797173.6332046,,1437124.0,,3876288.22643865,176503.0,3635 N BELT LINE RD,32.856621,75062,IRVING,General Retail/Food/Other,,,
Ste B,TX,DALLAS,-96.714806,Sai Tobacco Store 1,Convenience Store,6240,-10766242.9560902,,1437877.0,,3869057.46629904,176899.0,2210 HIGHLAND RD,32.80204,75228,DALLAS,General Retail/Food/Other,,,
,TX,DALLAS,-96.665184,Dash In Grocery,Convenience Store,8022,-10760719.0603181,,1588817.0,,3882321.61202903,176969.0,2445 GOLDFINCH LN,32.902138,75042,GARLAND,General Retail/Food/Other,,,
,TX,DALLAS,-96.754539,Lakewood Tower Farmers Market- Good Local Markets,Farmers and Markets,3922,-10770666.0134179,,1650164.0,,3870506.01792122,176982.0,6301 GASTON AVE,32.812977,75214,DALLAS,General Retail/Food/Other,,,
,TX,DALLAS,-96.904755,A-mbk International Market ,Convenience Store,2703,-10787387.9820469,,1405785.0,,3850521.87289344,176997.0,203 E CAMP WISDOM RD,32.661972,75116,DUNCANVILLE,General Retail/Food/Other,,,
,TX,DALLAS,-96.68335,Miller Corner Store,Convenience Store,7721,-10762741.2901878,,1424897.0,,3881370.74084314,177169.0,1935 S JUPITER RD,32.894966,75042,GARLAND,General Retail/Food/Other,,,
,TX,DALLAS,-96.880913,C Store #1,Convenience Store,7502,-10784733.9027474,,1438211.0,,3883233.57672991,177369.0,2880 FOREST LN,32.909016,75234,DALLAS,General Retail/Food/Other,,,
,TX,DALLAS,-96.829636,365 Food & Fuel #3,Convenience Store,4102,-10779025.773218,,1425586.0,,3865983.21227306,177766.0,353 SINGLETON BLVD,32.778824,75212,DALLAS,General Retail/Food/Other,,,
,TX,DALLAS,-96.602165,QuikTrip 1942,Convenience Store,4725,-10753703.8173278,,1438510.0,,3852494.36480535,177805.0,13525 C F HAWN FWY,32.676888,75253,DALLAS,General Retail/Food/Other,,,
,TX,DALLAS,-97.014153,La Tapatia Bakery & Mexican Products,Specialty Store,4802,-10799566.1117007,,1426254.0,,3856951.40466298,177897.0,688 W PIONEER PKWY,32.710583,75051,GRAND PRAIRIE,Mexican,Americas,Latin America - Central America,Mexico
,TX,DALLAS,-96.806274,Ezstop #6a 1,Convenience Store,2512,-10776425.1272741,,1513162.0,,3852276.41709541,177935.0,1155 E RED BIRD LN,32.67524,75241,DALLAS,General Retail/Food/Other,,,
Ste 105,TX,DALLAS,-96.613937,Classic Meat,Specialty Store,5216,-10755014.2703734,,1513888.0,,3895275.16030873,178204.0,3555 MURPHY RD,32.999783,75082,RICHARDSON,Uncategorized,,,
,TX,DALLAS,-96.987022,Dairy Mart #6,Convenience Store,4166,-10796545.902596,,1413588.0,,3872496.95806467,178410.0,3000 W PIONEER DR,32.828007,75061,IRVING,General Retail/Food/Other,,,
,TX,DALLAS,-96.709045,Top Fuel,Convenience Store,3141,-10765601.6445038,,1457060.0,,3848785.83403545,178484.0,401 E PALESTINE ST,32.648842,75141,HUTCHINS,General Retail/Food/Other,,,
,TX,DALLAS,-96.578308,Murphy USA 7807,Convenience Store,3350,-10751048.0682359,,1480479.0,,3883152.0300409,179026.0,2505 LAKEVIEW PKWY,32.908401,75088,ROWLETT,General Retail/Food/Other,,,
,TX,DALLAS,-96.83065,Murphy Express 8929,Convenience Store,    ,-10779138.6511817,,1415444.0,,3873597.6170122,179145.0,6410 LEMMON AVE,32.836315,75209,DALLAS,General Retail/Food/Other,,,
,TX,DALLAS,-96.614594,Quality Mart,Convenience Store,5326,-10755087.4072789,,1479870.0,,3885905.57181007,179162.0,1751 N COUNTRY CLUB RD,32.929165,75040,GARLAND,General Retail/Food/Other,,,
,TX,DALLAS,-96.990921,Flavor Spice,Other,7805,-10796979.9372906,,1479873.0,,3876228.59333954,179171.0,3622 N BELT LINE RD,32.856171,75062,IRVING,Uncategorized,,,
,TX,DALLAS,-96.758652,24 Hour Store,Convenience Store,6307,-10771123.8704836,,1479773.0,,3878231.10577473,179238.0,8455 PARK LN,32.871281,75231,DALLAS,General Retail/Food/Other,,,
,TX,DALLAS,-96.878601,7-eleven Convenience Store 22890B,Convenience Store,5712,-10784476.5320847,,1479430.0,,3879469.36194715,179461.0,2986 WALNUT HILL LN,32.880623,75229,DALLAS,General Retail/Food/Other,,,
,TX,DALLAS,-96.976662,Irving Beer and Wine,Convenience Store,7065,-10795392.6326714,,1407073.0,,3873913.07520972,179659.0,2215 N STORY RD,32.838696,75062,IRVING,General Retail/Food/Other,,,
Ste 1,TX,DALLAS,-96.944305,Trippleg African Food Mart Llc,Other,2059,-10791790.6679078,,1657462.0,,3840828.96702141,179723.0,108 W BELT LINE RD,32.588638,75104,CEDAR HILL,African,Africa,Multiple African Regions,Multiple African
,TX,DALLAS,-96.75576,7-Eleven Convenience Store 33321A,Convenience Store,2802,-10770801.9345162,,1480058.0,,3876340.30625931,179808.0,5712 SKILLMAN ST,32.857014,75206,DALLAS,General Retail/Food/Other,,,
,TX,DALLAS,-96.867493,MS Discount Express,Convenience Store,2822,-10783239.995181,,1416026.0,,3850491.59249846,179877.0,2950 W CAMP WISDOM RD,32.661743,75237,DALLAS,General Retail/Food/Other,,,
,TX,DALLAS,-96.991135,CVS Pharmacy CVS11389,Pharmacy,    ,-10797003.7596617,,1439019.0,,3880546.41426994,180398.0,8700 NORTH BELT LINE ROAD,32.888748,75019,IRVING,Uncategorized,,,
,TX,DALLAS,-97.019737,7-eleven Convenience Store 38589A,Convenience Store,6769,-10800187.7197373,,1426466.0,,3868568.38694153,180460.0,3011 HARDROCK RD,32.798347,75050,GRAND PRAIRIE,General Retail/Food/Other,,,
,TX,DALLAS,-96.727989,Good Fortune Supermarket Of Dallas Inc,Super Store,6202,-10767710.4809374,,1490867.0,,3889103.50947334,180568.0,400 N GREENVILLE AVE,32.953274,75081,RICHARDSON,Chinese,Asia,Eastern Asia,China
Ste 103,TX,DALLAS,-96.644943,Xpress Food Mart,Convenience Store,3294,-10758465.8425049,,1438690.0,,3888081.25249649,180751.0,1225 BELT LINE RD,32.945568,75040,GARLAND,General Retail/Food/Other,,,
,TX,DALLAS,-96.647926,Food Plus,Convenience Store,3307,-10758797.908546,,1408006.0,,3860323.17972322,180893.0,1346 N MASTERS DR,32.736065,75217,DALLAS,General Retail/Food/Other,,,
,TX,DALLAS,-96.811714,For Oak Cliff Farmers Market NAFMNP,Farmers and Markets,6859,-10777030.705304,,1491235.0,,3853506.92219335,180964.0,907 E LEDBETTER DR,32.684544,75216,DALLAS,General Retail/Food/Other,,,
,TX,DALLAS,-96.677963,Eagle Oates Food Mart,Convenience Store,3831,-10762141.6120909,,1491249.0,,3871596.42325511,180967.0,2222 OATES DR,32.821209,75228,DALLAS,General Retail/Food/Other,,,
,TX,DALLAS,-96.770508,Chevron Food Mart,Convenience Store,2862,-10772443.6743664,,1516401.0,,3887688.08005474,181017.0,14225 COIT RD,32.942604,75254,DALLAS,General Retail/Food/Other,,,
,TX,DALLAS,-96.664764,Ferguson Food Mart,Convenience Store,2614,-10760672.306132,,1516402.0,,3874346.72811235,181018.0,10750 FERGUSON RD,32.841969,75228,DALLAS,General Retail/Food/Other,,,
Ste B,TX,DALLAS,-96.776276,Discount Food Mart,Convenience Store,4758,-10773085.7651893,,1515083.0,,3857393.95971224,181154.0,3627 BONNIE VIEW RD,32.713928,75216,DALLAS,General Retail/Food/Other,,,
Ste 107,TX,DALLAS,-96.839737,Latin Cuba,Grocery Store,5812,-10780150.2113945,,1457530.0,,3889307.94503022,181263.0,4151 BELT LINE RD,32.954815,75001,ADDISON,General Retail/Food/Other,,,
Ste B,TX,DALLAS,-96.810211,Products For Your Table Inc 1,Grocery Store,2507,-10776863.3921094,,1491791.0,,3886343.24872522,181557.0,5656 ALPHA RD,32.932465,75240,DALLAS,General Retail/Food/Other,,,
,TX,DALLAS,-96.751465,Lakewood Village Farmers Market 2,Farmers and Markets,2494,-10770323.8173032,,1491488.0,,3873474.27131553,181572.0,6434 E MOCKINGBIRD LN,32.835384,75214,DALLAS,General Retail/Food/Other,,,
,TX,DALLAS,-96.856636,Desoto Food Mart,Convenience Store,4912,-10782031.3994694,,1515296.0,,3841018.03321288,181688.0,100 N HAMPTON RD,32.590069,75115,DESOTO,General Retail/Food/Other,,,
,TX,DALLAS,-96.942429,Duncanville Cigarette Mart,Convenience Store,2811,-10791581.8325431,,1457735.0,,3846716.14247275,181899.0,1430 S CLARK RD,32.633186,75137,DUNCANVILLE,General Retail/Food/Other,,,
,TX,DALLAS,-96.816071,24 Seven Mart # 3,Convenience Store,2741,-10777515.7243254,,1514522.0,,3861439.90727014,181936.0,309 S MARSALIS AVE,32.744503,75203,DALLAS,General Retail/Food/Other,,,
,TX,DALLAS,-96.803719,Murphy Express 8970,Convenience Store,1257,-10776140.7059751,,1514822.0,,3893160.38444356,181983.0,6021 CAMPBELL RD,32.983849,75248,DALLAS,General Retail/Food/Other,,,
,TX,DALLAS,-96.683327,7-eleven Convenience Store 38523A,Convenience Store,1824,-10762738.7298396,,1514258.0,,3861969.0597135,181988.0,2075 S BUCKNER BLVD,32.748501,75217,DALLAS,General Retail/Food/Other,,,
,TX,DALLAS,-96.711868,Ezstop #3,Convenience Store,5848,-10765915.8994263,,1416439.0,,3869195.46637003,182058.0,8092 FERGUSON RD,32.803082,75228,DALLAS,General Retail/Food/Other,,,
,TX,DALLAS,-96.679665,A&m Food Mart,Convenience Store,7303,-10762331.0778643,,1481171.0,,3883497.04933502,182312.0,314 S BARNES DR,32.911003,75042,GARLAND,General Retail/Food/Other,,,
Ste 125,TX,DALLAS,-96.956993,Dollar Tree 8507,Discount Retail,4215,-10793203.089607,,1416808.0,,3888828.23685605,182501.0,820 S MACARTHUR BLVD,32.951199,75019,COPPELL,Uncategorized,,,
Ste 222,TX,DALLAS,-96.734825,Green Valley Meat Market & Grill Bbq King Express,Specialty Store,5044,-10768471.4609764,,1572972.0,,3887123.94572406,182696.0,888 S GREENVILLE AVE,32.938351,75081,RICHARDSON,Korean,Asia,Eastern Asia,Korea
,TX,DALLAS,-96.630852,Carniceria El Becerro Tarasco ,Convenience Store,3430,-10756897.2395602,,1517691.0,,3879155.34522176,183187.0,3116 S 1ST ST,32.878254,75041,GARLAND,Mexican,Americas,Latin America - Central America,Mexico
,TX,DALLAS,-96.913109,7-eleven Convenience Store 35427B,Convenience Store,4413,-10788317.945073,,1481615.0,,3844875.3255562,183308.0,310 W HIGHWAY 67,32.619259,75137,DUNCANVILLE,General Retail/Food/Other,,,
,TX,DALLAS,-96.740738,Jasmine Market,Grocery Store,4030,-10769129.6931255,,1481667.0,,3887471.46942473,183320.0,820 S SHERMAN ST,32.940971,75081,RICHARDSON,General Retail/Food/Other,,,
Ste 110,TX,DALLAS,-96.682373,Dollar General 22927,Discount Retail,1709,-10762632.5310453,,1481760.0,,3861125.31238313,183369.0,1710 S BUCKNER BLVD,32.742126,75217,DALLAS,Uncategorized,,,
,TX,DALLAS,-96.992653,Dollar General 23032,Discount Retail,1512,-10797172.7426487,,1481761.0,,3873361.65822142,183370.0,1950 N BELT LINE RD,32.834534,75061,IRVING,Uncategorized,,,
Ste 139,TX,DALLAS,-96.648933,Amigo Dollar Plus,Convenience Store,5264,-10758910.0072732,,1517515.0,,3877369.49325355,183519.0,1401 NORTHWEST HWY,32.86478,75041,GARLAND,General Retail/Food/Other,,,
,TX,DALLAS,-96.691101,7-eleven Store 24415,Convenience Store,2925,-10763604.127561,,922565.0,,3874435.63356976,183611.0,10468 GARLAND RD,32.84264,75218,DALLAS,General Retail/Food/Other,,,
Ste 100,TX,DALLAS,-96.716721,Afghan Asian Halal Market,Other,1863,-10766456.1329151,,1517658.0,,3891384.60735962,183994.0,1750 ALMA RD,32.970467,75081,RICHARDSON,Indian/South Asian,Asia,South Central Asia,Multiple South Central Asian
,TX,DALLAS,-96.683411,S Buckner Mart,Convenience Store,4512,-10762748.0806768,,1499606.0,,3858238.89564982,184240.0,521 S BUCKNER BLVD,32.720314,75217,DALLAS,General Retail/Food/Other,,,
,TX,DALLAS,-96.857567,Cliff Stop 00002,Convenience Store,5347,-10782135.0379154,,1499364.0,,3860131.81939076,184444.0,2418 W CLARENDON DR,32.734619,75211,DALLAS,General Retail/Food/Other,,,
,TX,DALLAS,-96.742424,Diabetes Health And Wellness Center Farm Stand,Specialty Store,1350,-10769317.377787,,1492752.0,,3865404.36343786,184594.0,4500 SPRING AVE,32.774452,75210,DALLAS,Uncategorized,,,
,TX,DALLAS,-96.959511,Rochelle Food Mart,Convenience Store,6605,-10793483.3920848,,1575704.0,,3874689.89893785,184676.0,1101 W ROCHELLE RD,32.844559,75062,IRVING,General Retail/Food/Other,,,
,TX,DALLAS,-96.812286,Vermont Grocery Store,Convenience Store,1529,-10777094.3800528,,1484420.0,,3859172.68242616,184887.0,819 VERMONT AVE,32.727371,75216,DALLAS,General Retail/Food/Other,,,
,TX,DALLAS,-96.83065,Seven Mart Food Store,Convenience Store,4706,-10779138.6511817,,1518695.0,,3862119.55087616,185166.0,501 W DAVIS ST,32.749638,75208,DALLAS,General Retail/Food/Other,,,
,TX,DALLAS,-96.614098,Home Boys Dallas 1,Convenience Store,5362,-10755032.1928114,,1518738.0,,3885011.17012222,185181.0,1101 N COUNTRY CLUB RD,32.922421,75040,GARLAND,General Retail/Food/Other,,,
,TX,DALLAS,-96.761581,Kwick Save Mart 00001,Convenience Store,5124,-10771449.9252721,,1518464.0,,3878565.77464881,185382.0,7015 HOLLY HILL DR,32.873806,75231,DALLAS,General Retail/Food/Other,,,
,TX,DALLAS,-97.008102,La Tradicion Meat Market Y Taqueria,Convenience Store,6933,-10798892.5174619,,1518071.0,,3852518.56677118,185544.0,444 W I 20,32.677071,75052,GRAND PRAIRIE,Mexican,Americas,Latin America - Central America,Mexico
,TX,DALLAS,-96.874672,5 Star Chevron,Convenience Store,    ,-10784039.1578054,,1493138.0,,3862640.52720326,185951.0,3301 FT WORTH AVENUE,32.753574,75211,DALLAS,General Retail/Food/Other,,,
,TX,DALLAS,-96.908974,Hill Town Beverage #3 01,Convenience Store,2605,-10787857.6389786,,1536085.0,,3850775.09408082,186031.0,867 N DUNCANVILLE RD,32.663887,75116,DUNCANVILLE,General Retail/Food/Other,,,
,TX,DALLAS,-97.019844,QuikTrip 1964,Convenience Store,    ,-10800199.6309228,,1408438.0,,3892488.10000802,186085.0,455 N FREEPORT PKWY,32.978783,75019,COPPELL,General Retail/Food/Other,,,
Trl 40,TX,DALLAS,-96.578827,Lawson Convenience Store,Convenience Store,    ,-10751105.8430517,,1107424.0,,3855237.04086248,186223.0,421 W LAWSON RD,32.697624,75253,DALLAS,General Retail/Food/Other,,,
,TX,DALLAS,-96.62233,Hickory Tree Mart Inc,Convenience Store,2821,-10755948.5748596,,1440440.0,,3858044.12897832,186228.0,11900 ELAM RD,32.718842,75180,BALCH SPRINGS,General Retail/Food/Other,,,
,TX,DALLAS,-96.700752,Stop & Shop,Grocery Store,1366,-10764678.4719666,,1468441.0,,3860155.50767294,186276.0,1313 N JIM MILLER RD,32.734798,75217,DALLAS,General Retail/Food/Other,,,
,TX,DALLAS,-96.783112,Shop N Go Grocery & Deli,Convenience Store,1302,-10773846.7452284,,1440276.0,,3865183.66163835,186308.0,1909 S CESAR CHAVEZ BLVD,32.772785,75215,DALLAS,General Retail/Food/Other,,,
,TX,DALLAS,-96.686035,Paul's Food & Fuel Mart,Convenience Store,2511,-10763040.1830206,,1440403.0,,3875094.6943868,186342.0,11115 GARLAND RD,32.847614,75218,DALLAS,General Retail/Food/Other,,,
Ste A,TX,DALLAS,-96.764618,1st Choice Grocery,Convenience Store,3949,-10771788.0025656,,1467104.0,,3883222.96899847,186425.0,8122 FOREST LN,32.908936,75243,DALLAS,General Retail/Food/Other,,,
,TX,DALLAS,-96.682259,Ok Foods,Convenience Store,6150,-10762619.8406234,,1468198.0,,3889216.80427349,186606.0,4018 N JUPITER RD,32.954128,75044,GARLAND,General Retail/Food/Other,,,
,TX,DALLAS,-96.981354,Rock Island Fuels & Food Mart,Convenience Store,2220,-10795914.9437222,,1466788.0,,3870786.95453193,186751.0,2630 ROCK ISLAND RD,32.815098,75060,IRVING,General Retail/Food/Other,,,
,TX,DALLAS,-96.994263,7-Eleven 35378J,Convenience Store,6005,-10797351.9670289,,1600698.0,,3884692.89415236,186940.0,8375 N BELT LINE RD,32.920021,75063,IRVING,General Retail/Food/Other,,,
Ste 100,TX,DALLAS,-96.648895,One Stop Beer And Wine,Convenience Store,4208,-10758905.7771326,,1647687.0,,3879185.16915959,187053.0,1422 W KINGSLEY RD,32.878479,75041,GARLAND,General Retail/Food/Other,,,
Ste 102,TX,DALLAS,-96.683678,Sami Tailoring & Grocery Store,Other,7793,-10762777.8029808,,1657510.0,,3881761.71299575,187082.0,1621 S JUPITER RD,32.897915,75042,GARLAND,Uncategorized,,,
,TX,DALLAS,-96.623245,Circle K Management Ck 134,Convenience Store,2015,-10756050.4321937,,1499762.0,,3866098.40287702,187083.0,1135 GROSS RD,32.779694,75149,MESQUITE,General Retail/Food/Other,,,
1382,TX,DALLAS,-96.946365,Circle K Management Ck 135,Convenience Store,    ,-10792019.9860588,,1499768.0,,3840333.5248639,187087.0,210 E FM,32.584888,75104,CEDAR HILL,General Retail/Food/Other,,,
,TX,DALLAS,-96.838554,Midway Exxon,Convenience Store,5802,-10780018.5204369,,1314299.0,,3885508.89147423,187105.0,4205 LYNDON B JOHNSON FWY,32.926174,75244,DALLAS,General Retail/Food/Other,,,
,TX,DALLAS,-96.631828,Grand Trip #3,Convenience Store,1222,-10757005.8873832,,1500790.0,,3860046.46256738,187223.0,11316 LAKE JUNE RD,32.733974,75180,BALCH SPRINGS,General Retail/Food/Other,,,
,TX,DALLAS,-96.76799,7-eleven Convenience Store 24463A,Convenience Store,1572,-10772163.3718886,,1504979.0,,3842944.93652968,187752.0,640 W PLEASANT RUN RD,32.604652,75146,LANCASTER,General Retail/Food/Other,,,
,TX,DALLAS,-97.001076,Zion African Market NO,Other,6601,-10798110.3867196,,1505380.0,,3876410.54149734,187851.0,3706 CHEYENNE ST,32.857544,75038,IRVING,African,Africa,Multiple African Regions,Multiple African
,TX,DALLAS,-96.701012,Murphy Express 8962,Convenience Store,5408,-10764707.4150342,,1505087.0,,3883360.47246033,187943.0,11939 PLANO RD,32.909973,75243,DALLAS,General Retail/Food/Other,,,
,TX,DALLAS,-96.664963,Murphy Express 8930,Convenience Store,    ,-10760694.4587106,,1505090.0,,3889912.64939224,187949.0,2476 ARAPAHO RD,32.959373,75044,GARLAND,General Retail/Food/Other,,,
,TX,DALLAS,-96.892326,Dallas Food Depot,Supermarket,1105,-10786004.3920959,,1501699.0,,3856472.88174676,188239.0,3107 S COCKRELL HILL RD,32.706966,75236,DALLAS,General Retail/Food/Other,,,
,TX,DALLAS,-96.780846,Ultimate Stop,Convenience Store,6304,-10773594.4952622,,1493814.0,,3848733.34696071,188393.0,8210 S LANCASTER RD,32.648445,75241,DALLAS,General Retail/Food/Other,,,
,TX,DALLAS,-96.900513,S&A Food Mart #2,Convenience Store,2753,-10786915.764767,,1485633.0,,3850474.40278911,188419.0,502 E CAMP WISDOM RD,32.661613,75116,DUNCANVILLE,General Retail/Food/Other,,,
,TX,DALLAS,-96.752594,Murphy USA 6548,Convenience Store,1003,-10770449.4970083,,1494051.0,,3886755.07782332,188423.0,13729 N CENTRAL EXPY,32.93557,75243,DALLAS,General Retail/Food/Other,,,
,TX,DALLAS,-96.699562,Bk Food Mart,Convenience Store,7104,-10764546.0017726,,1493825.0,,3867893.53581093,188524.0,8200 E R L THORNTON FWY,32.793251,75228,DALLAS,General Retail/Food/Other,,,
,TX,DALLAS,-96.803932,7-Eleven 38277H,Convenience Store,4707,-10776164.4170267,,1501741.0,,3886581.98847016,188544.0,13635 PRESTON RD,32.934265,75240,DALLAS,General Retail/Food/Other,,,
,TX,DALLAS,-96.737114,Restorative Farms Market At Hatcher Station,Farmers and Markets,1464,-10768726.2712909,,1502127.0,,3865242.84161927,188793.0,4716 ELSIE FAYE HEGGINS ST,32.773232,75210,DALLAS,General Retail/Food/Other,,,
,TX,DALLAS,-96.596428,Oasis Mart Mesquite,Convenience Store,3191,-10753065.1774091,,1501673.0,,3872655.66492929,188910.0,4751 N BELT LINE RD,32.829205,75150,MESQUITE,General Retail/Food/Other,,,
Ste B,TX,DALLAS,-97.01622,Sprouts Farmers Market 159,Supermarket,5096,-10799796.2090882,,1494268.0,,3856592.47758286,188971.0,2500 S CARRIER PKWY,32.70787,75052,GRAND PRAIRIE,General Retail/Food/Other,,,
,TX,DALLAS,-96.929924,Fina Mart,Convenience Store,5121,-10790189.7823107,,1536224.0,,3872746.01486865,189065.0,1303 E GRAUWYLER RD,32.829887,75061,IRVING,General Retail/Food/Other,,,
,TX,DALLAS,-96.771729,Whistle Food Mart,Convenience Store,3026,-10772579.5954647,,1536406.0,,3840983.28497224,189326.0,995 W BELT LINE RD,32.589806,75146,LANCASTER,General Retail/Food/Other,,,
,TX,DALLAS,-96.871323,Gateway #26,Convenience Store,2604,-10783666.3488307,,1537146.0,,3850507.19548706,189574.0,3102 W CAMP WISDOM RD,32.661861,75237,DALLAS,General Retail/Food/Other,,,
,TX,DALLAS,-96.890892,Tigermart #35,Convenience Store,9655,-10785844.7599461,,1537147.0,,3850469.37810956,189580.0,7110 S COCKRELL HILL RD,32.661575,75236,DALLAS,General Retail/Food/Other,,,
,TX,DALLAS,-96.868187,Dairy Way,Convenience Store,2823,-10783317.2509076,,1494670.0,,3862051.38621534,189628.0,2854 W DAVIS ST,32.749123,75211,DALLAS,General Retail/Food/Other,,,
,TX,DALLAS,-96.570595,Judy Ethiopian Grocery,Other,3369,-10750189.4610035,,1578983.0,,3882961.88922965,189635.0,3374 LAKEVIEW PKWY,32.906967,75088,ROWLETT,African,Africa,Multiple African Regions,Multiple African
,TX,DALLAS,-96.649185,Quik Mart #3 Taqueria,Convenience Store,    ,-10758938.0597849,,1468967.0,,3864543.29235284,189937.0,3228 MILITARY PKWY,32.767948,75149,MESQUITE,Mexican,Americas,Latin America - Central America,Mexico
Ste 1,TX,DALLAS,-96.535721,Murphy USA 7832,Convenience Store,    ,-10746307.3050815,,1486216.0,,3848703.59998151,190012.0,200 N HIGHWAY 175,32.64822,75159,SEAGOVILLE,General Retail/Food/Other,,,
,TX,DALLAS,-96.889702,Rapido Mart,Convenience Store,6109,-10785712.289752,,1469458.0,,3889434.50847874,190366.0,1112 N JOSEY LN,32.955769,75006,CARROLLTON,General Retail/Food/Other,,,
,TX,DALLAS,-96.668777,Kwik Fuel & Food,Convenience Store,2411,-10761119.0312485,,1506872.0,,3869662.7185443,190401.0,3021 BIG TOWN BLVD,32.80661,75150,MESQUITE,General Retail/Food/Other,,,
Ste 207,TX,DALLAS,-96.859329,Ann's Health Food Center & Market ,Convenience Store,2390,-10782331.1828582,,1506369.0,,3851626.03636216,190515.0,2550 W RED BIRD LN,32.670322,75237,DALLAS,General Retail/Food/Other,,,
,TX,DALLAS,-96.806,Wawa Market Inc,Convenience Store,5430,-10776394.6257336,,1506136.0,,3855792.10817548,190536.0,3522 RAMONA AVE,32.70182,75216,DALLAS,General Retail/Food/Other,,,
,TX,DALLAS,-96.615395,Murphy USA 7350,Convenience Store,1636,-10755176.574191,,1486147.0,,3859762.34128122,190712.0,12330 LAKE JUNE RD,32.731827,75180,BALCH SPRINGS,General Retail/Food/Other,,,
,TX,DALLAS,-96.956573,Sprouts Farmers Market 158,Supermarket,7514,-10793156.3354209,,1486607.0,,3883656.43523103,191064.0,7750 N MACARTHUR BLVD,32.912205,75063,IRVING,General Retail/Food/Other,,,
,TX,DALLAS,-96.985809,Raceway 6981,Convenience Store,7138,-10796410.8720537,,1520347.0,,3851634.63205137,191249.0,4010 S BELT LINE RD,32.670387,75052,GRAND PRAIRIE,General Retail/Food/Other,,,
,TX,DALLAS,-96.850655,Crooked Fork Land & Cattle,Farmers and Markets,4517,-10781365.597595,,1470181.0,,3848483.73907389,191362.0,2020 W WHEATLAND RD,32.646557,75232,DALLAS,General Retail/Food/Other,,,
,TX,DALLAS,-96.582603,Onestop Shoppe 00001,Convenience Store,4874,-10751526.1854489,,1519347.0,,3863991.91686934,191513.0,1220 E DAVIS ST,32.763783,75149,MESQUITE,General Retail/Food/Other,,,
,TX,DALLAS,-96.871376,Murphy USA 7053,Convenience Store,    ,-10783672.2487637,,1486450.0,,3848659.17796524,191695.0,3102 WEST WHEATLAND ROAD,32.647884,75237,DALLAS,General Retail/Food/Other,,,
,TX,DALLAS,-96.759552,Todays Discount Food Mart,Convenience Store,6307,-10771224.0580253,,1519181.0,,3878243.69710437,191710.0,8405 PARK LN,32.871376,75231,DALLAS,General Retail/Food/Other,,,
,TX,DALLAS,-96.879532,Murphy USA 7326,Convenience Store,    ,-10784580.1705307,,1486456.0,,3841051.32820071,191735.0,941 W BELTLINE RD,32.590321,75115,DESOTO,General Retail/Food/Other,,,
Ste 705a,TX,DALLAS,-96.736298,Ramallah Bakery Inc,Specialty Store,    ,-10768635.4345864,,1471108.0,,3887915.83724837,192043.0,605 S SHERMAN,32.944321,75081,RICHARDSON,Uncategorized,,,
,TX,DALLAS,-96.560951,I-30 Truck Stop,Convenience Store,4121,-10749115.8958342,,1470976.0,,3876043.46762342,192066.0,801 E INTERSTATE 30,32.854774,75043,GARLAND,General Retail/Food/Other,,,
Ste 260,TX,DALLAS,-96.649261,Bruto Food Mart,Convenience Store,3167,-10758946.5200662,,1502884.0,,3861760.4665202,192256.0,2015 N MASTERS DR,32.746925,75217,DALLAS,General Retail/Food/Other,,,
Ste 112,TX,DALLAS,-96.916161,Al Markaz,Other,1349,-10788657.6921589,,1471237.0,,3892901.07395434,192316.0,1205 W TRINITY MILLS RD,32.981895,75006,CARROLLTON,Middle Eastern,Asia,Western Asia,Multiple Western Asian
Ste 160,TX,DALLAS,-96.953491,Macarthur Express,Convenience Store,3170,-10792813.2487502,,1496262.0,,3885157.31473014,193299.0,8600 N MACARTHUR BLVD,32.923523,75063,IRVING,General Retail/Food/Other,,,
Ste 100,TX,DALLAS,-96.762192,Mushi's #1,Convenience Store,4420,-10771517.941481,,1537729.0,,3851923.71533305,193459.0,3502 SIMPSON STUART RD,32.672573,75241,DALLAS,General Retail/Food/Other,,,
,TX,DALLAS,-96.874092,Jerrys Market,Convenience Store,1399,-10783974.5925007,,1496096.0,,3867090.41271947,193633.0,3301 BERNAL DR,32.787186,75212,DALLAS,General Retail/Food/Other,,,
,TX,DALLAS,-96.823219,Speedmax,Convenience Store,2624,-10778311.4360456,,1507455.0,,3852262.26650324,193875.0,5931 S R L THORNTON FWY,32.675133,75232,DALLAS,General Retail/Food/Other,,,
,TX,DALLAS,-97.003189,Dollar General 24749,Discount Retail,5900,-10798345.6048037,,1520492.0,,3873896.77875792,194001.0,3921 W AIRPORT FWY,32.838573,75062,IRVING,Uncategorized,,,
,TX,DALLAS,-96.699081,Tiger Mart 86,Convenience Store,5201,-10764492.4570975,,1520542.0,,3857379.80298586,194019.0,116 N JIM MILLER RD,32.713821,75217,DALLAS,General Retail/Food/Other,,,
,TX,DALLAS,-96.692818,Fresh Stop Farm Stands,Farmers and Markets,5451,-10763795.2631267,,1487493.0,,3869851.71725114,194150.0,1451 JOHN WEST RD,32.808037,75228,DALLAS,General Retail/Food/Other,,,
,TX,DALLAS,-96.840401,Meo Food Mart,Convenience Store,4407,-10780224.1275364,,1487576.0,,3855175.53000428,194457.0,3803 S POLK ST,32.697159,75224,DALLAS,General Retail/Food/Other,,,
Ste 100A,TX,DALLAS,-96.759201,Bonito Food Store,Grocery Store,6003,-10771184.984884,,1487579.0,,3878254.83050181,194485.0,7020 FAIR OAKS AVE,32.87146,75231,DALLAS,General Retail/Food/Other,,,
,TX,DALLAS,-96.920547,Super Save Grocery,Convenience Store,6423,-10789145.9394455,,1299068.0,,3868958.93364889,195081.0,1801 E SHADY GROVE RD,32.801296,75060,IRVING,General Retail/Food/Other,,,
,TX,DALLAS,-96.949181,Kwik Pik Food Mart,Convenience Store,7528,-10792333.4617449,,1472623.0,,3871386.73226458,195421.0,520 N O CONNOR RD,32.819626,75061,IRVING,General Retail/Food/Other,,,
,TX,DALLAS,-96.935097,Shs Nursery,Convenience Store,2802,-10790765.6380366,,1472646.0,,3872667.72037962,195562.0,900 E GRAUWYLER RD,32.829296,75061,IRVING,General Retail/Food/Other,,,
Ste 180,TX,DALLAS,-96.808777,7-eleven Convenience Store 38039A,Convenience Store,7654,-10776703.7599596,,1496948.0,,3867358.55572415,196448.0,2990 OLIVE ST,32.789211,75219,DALLAS,General Retail/Food/Other,,,
,TX,DALLAS,-96.886719,Joe V's Smart Shop #803 803,Supermarket,4070,-10785380.223711,,1599333.0,,3848754.50041369,196680.0,4101 W WHEATLAND RD,32.648605,75237,DALLAS,General Retail/Food/Other,,,
,TX,DALLAS,-96.58564,Texas Best 6,Convenience Store,3146,-10751864.2627424,,1543260.0,,3856302.88311379,196740.0,4295 S BELT LINE RD,32.705681,75180,BALCH SPRINGS,General Retail/Food/Other,,,
,TX,DALLAS,-96.733879,Unclelee Grocery 3839,Convenience Store,3122,-10768366.1527381,,1496578.0,,3864267.13804577,196791.0,3839 DIXON AVE,32.765862,75210,DALLAS,General Retail/Food/Other,,,
Ste A,TX,DALLAS,-96.682495,Gebeta Ethiopain Grocery,Grocery Store,5477,-10762646.1120232,,1496596.0,,3884397.43568596,196799.0,520 N JUPITER RD,32.917793,75042,GARLAND,General Retail/Food/Other,,,
,TX,DALLAS,-96.679077,Maria's Grocery,Convenience Store,4418,-10762265.6220037,,1496598.0,,3858106.18404303,196800.0,8300 ELAM RD,32.719311,75217,DALLAS,General Retail/Food/Other,,,
,TX,DALLAS,-96.77597,Kwik Stop,Convenience Store,1412,-10773051.7014251,,1543555.0,,3868194.14172212,196903.0,4219 GASTON AVE,32.795521,75246,DALLAS,General Retail/Food/Other,,,
,TX,DALLAS,-96.856934,Trinity Beer & Wine,Convenience Store,    ,-10782064.5726777,,1539372.0,,3893463.0975517,197051.0,2760 E TRINITY MILLS RD,32.98613,75006,CARROLLTON,General Retail/Food/Other,,,
,TX,DALLAS,-96.857552,Karby's Gateway Inc 29,Convenience Store,5123,-10782133.368123,,1539446.0,,3848557.3781408,197094.0,8207 S HAMPTON RD,32.647114,75232,DALLAS,General Retail/Food/Other,,,
,TX,DALLAS,-96.740593,Ez Trip #25,Convenience Store,1402,-10769113.5517993,,1539233.0,,3881034.40119003,197421.0,8240 ABRAMS RD,32.892429,75231,DALLAS,General Retail/Food/Other,,,
,TX,DALLAS,-96.814026,7-eleven Convenience Store 22598B,Convenience Store,8406,-10777288.0759667,,1539307.0,,3887806.5344672,197446.0,14300 MONTFORT DR,32.943497,75254,DALLAS,General Retail/Food/Other,,,
Ste A,TX,DALLAS,-96.650208,Don Cuco Meat Market Don Cuco#3,Other,5287,-10759051.939624,,1509429.0,,3877150.68739444,197777.0,1518 NORTHWEST HWY,32.863129,75041,GARLAND,Uncategorized,,,
,TX,DALLAS,-96.917519,BNG C-Store,Convenience Store,3300,-10788808.8640274,,1544132.0,,3870135.68457284,197994.0,2029 E STATE HIGHWAY 356,32.810181,75060,IRVING,General Retail/Food/Other,,,
,TX,DALLAS,-96.806129,Lucky's Food Mart,Convenience Store,6864,-10776408.985948,,1652983.0,,3853155.7707916,198124.0,1132 E LEDBETTER DR,32.681889,75216,DALLAS,General Retail/Food/Other,,,
Ste 123,TX,DALLAS,-96.716133,Brothers Mart And Bakery 1,Grocery Store,7324,-10766390.6770545,,1544218.0,,3882578.0369336,198471.0,9205 SKILLMAN ST,32.904072,75243,DALLAS,General Retail/Food/Other,,,
Ste 310,TX,DALLAS,-96.992355,Dollar General 25589,Discount Retail,2138,-10797139.5694404,,1544502.0,,3891385.00542626,198844.0,106 N DENTON TAP RD,32.97047,75019,COPPELL,Uncategorized,,,
,TX,DALLAS,-96.995712,Karby's Gateway Inc 57,Convenience Store,5891,-10797513.268971,,1544514.0,,3863192.5013263,198884.0,925 N BELT LINE RD,32.757744,75050,GRAND PRAIRIE,General Retail/Food/Other,,,
,TX,DALLAS,-96.648155,Kwik Mart,Convenience Store,8079,-10758823.4007094,,1546672.0,,3855636.67082292,199123.0,10201 C F HAWN FWY,32.700645,75217,DALLAS,General Retail/Food/Other,,,
,TX,DALLAS,-96.610199,Mini Mart,Convenience Store,3046,-10754598.1581168,,1298809.0,,3872049.72886764,199269.0,937 BARNES BRIDGE RD,32.824631,75150,MESQUITE,General Retail/Food/Other,,,
,TX,DALLAS,-96.684616,2MS Food Mart,Convenience Store,3202,-10762882.2206632,,1547203.0,,3878306.38887276,199363.0,11361 MCCREE RD,32.871849,75238,DALLAS,General Retail/Food/Other,,,
,TX,DALLAS,-97.005219,Fresh Food Store 1,Convenience Store,1924,-10798571.58337,,848756.0,,3876284.64844417,199631.0,4020 W NORTHGATE DR,32.856594,75062,IRVING,General Retail/Food/Other,,,
,TX,DALLAS,-96.735298,Dixon Grocery,Convenience Store,3200,-10768524.1150956,,1546214.0,,3863981.72361586,199796.0,3752 DIXON AVE,32.763706,75210,DALLAS,General Retail/Food/Other,,,
,TX,DALLAS,-96.626289,Zee Stop Town East Mall 04,Convenience Store,4197,-10756389.2887237,,1488443.0,,3869915.82121577,199912.0,2063 TOWN EAST MALL,32.808521,75150,MESQUITE,General Retail/Food/Other,,,
,TX,DALLAS,-96.623734,Murphy Express 8990,Convenience Store,3638,-10756104.8674247,,1546516.0,,3864589.23044206,199933.0,1712 W SCYENE RD,32.768295,75149,MESQUITE,General Retail/Food/Other,,,
Ste 6,TX,DALLAS,-96.944374,Speedy B Market,Convenience Store,2064,-10791798.3489527,,1539980.0,,3841058.3307299,200147.0,100 N HIGHWAY 67,32.590374,75104,CEDAR HILL,General Retail/Food/Other,,,
,TX,DALLAS,-96.990891,Banaadir Supermarket,Grocery Store,6877,-10796976.5977059,,1539946.0,,3875139.74613318,200281.0,3008 N BELT LINE RD,32.847954,75062,IRVING,General Retail/Food/Other,,,
,TX,DALLAS,-96.67205,Encanto Market & Cocina,Convenience Store,7144,-10761483.3799419,,1489366.0,,3855244.18407968,200450.0,8560 FIRESIDE DR,32.697678,75217,DALLAS,General Retail/Food/Other,,,
,TX,DALLAS,-96.683861,Kings Beer & Wine,Convenience Store,2216,-10762798.1744476,,1510776.0,,3879170.98621083,200620.0,3520 W KINGSLEY RD,32.878372,75041,GARLAND,General Retail/Food/Other,,,
,TX,DALLAS,-96.823265,Yellow Store,Convenience Store,3247,-10778316.5567422,,1510783.0,,3851658.8322561,200649.0,6323 S R L THORNTON FWY,32.67057,75232,DALLAS,General Retail/Food/Other,,,
,TX,DALLAS,-96.738068,Brother's Food Mart,Convenience Store,3130,-10768832.4700851,,1540464.0,,3866492.83992504,201098.0,3333 S HASKELL AVE,32.782673,75223,DALLAS,General Retail/Food/Other,,,
,TX,DALLAS,-96.974785,Albertson's 36,Supermarket,5056,-10795183.6859872,,1540267.0,,3868772.59794779,201274.0,2200 W SHADY GROVE RD,32.799889,75060,IRVING,General Retail/Food/Other,,,
STE 500,TX,DALLAS,-97.023949,Dollar General 24919,Discount Retail,7685,-10800656.5974325,,1540301.0,,3854977.63918054,201644.0,3182 STATE HWY 161,32.695663,75052,GRAND PRAIRIE,Uncategorized,,,
,TX,DALLAS,-96.646843,Fastway Mesquite,Convenience Store,1728,-10758677.3495375,,1547614.0,,3871910.2381677,201944.0,4503 GUS THOMASSON RD,32.823578,75150,MESQUITE,General Retail/Food/Other,,,
,TX,DALLAS,-96.813667,Time Food Mart 4,Convenience Store,6738,-10777248.1122696,,1551140.0,,3854294.43866517,202255.0,4418 S MARSALIS AVE,32.690498,75216,DALLAS,General Retail/Food/Other,,,
,TX,DALLAS,-96.602516,Bizone ,Convenience Store,3084,-10753742.8904691,,1551154.0,,3859030.8299363,202260.0,3000 S BELT LINE RD,32.726299,75181,BALCH SPRINGS,General Retail/Food/Other,,,
,TX,DALLAS,-96.912361,Raceway #6978,Convenience Store,2314,-10788234.6780939,,1548076.0,,3877819.57553213,202599.0,1930 W NORTHWEST HWY,32.868176,75220,DALLAS,General Retail/Food/Other,,,
,TX,DALLAS,-96.754059,Bonton Farms NAFMNP,Farmers and Markets,5410,-10770612.5800623,,1548688.0,,3860122.29115659,202739.0,6907 BEXAR ST,32.734547,75215,DALLAS,General Retail/Food/Other,,,
,TX,DALLAS,-96.652771,80 Food Mart,Convenience Store,3785,-10759337.2514789,,1548754.0,,3867886.91462173,202836.0,3527 US HIGHWAY 80 E,32.793201,75150,MESQUITE,General Retail/Food/Other,,,
,TX,DALLAS,-96.891792,7-eleven Convenience Store 35486B,Convenience Store,4624,-10785944.9474878,,1550733.0,,3860555.83360395,202845.0,4411 W JEFFERSON BLVD,32.737823,75211,DALLAS,General Retail/Food/Other,,,
,TX,DALLAS,-96.569603,QuikTrip 962,Convenience Store,    ,-10750079.0320686,,1511832.0,,3875322.73750097,203421.0,4054 BOBTOWN RD,32.849335,75043,GARLAND,General Retail/Food/Other,,,
Ste 101,TX,DALLAS,-96.863258,Ice House Beverage #2,Convenience Store,7212,-10782768.5571375,,1641609.0,,3877120.86861938,203477.0,9430 LARGA DR,32.862904,75220,DALLAS,General Retail/Food/Other,,,
,TX,DALLAS,-96.746063,Lagow Food Mart,Convenience Store,1614,-10769722.469414,,1541227.0,,3864954.88813172,203602.0,2803 LAGOW ST,32.771057,75210,DALLAS,General Retail/Food/Other,,,
,TX,DALLAS,-96.925995,Breaktime,Convenience Store,4530,-10789752.4080314,,1541353.0,,3849127.73287485,203716.0,103 S CEDAR RIDGE DR,32.651428,75116,DUNCANVILLE,General Retail/Food/Other,,,
Ste E,TX,DALLAS,-96.631523,Shop N Go # 8,Convenience Store,8441,-10756971.9349385,,1548918.0,,3881490.05955035,203895.0,1815 S 1ST ST,32.895866,75040,GARLAND,General Retail/Food/Other,,,
,TX,DALLAS,-96.647957,Shop N Go # 14,Convenience Store,5331,-10758801.3594502,,1548948.0,,3877337.68597074,203950.0,4334 SATURN RD,32.86454,75041,GARLAND,General Retail/Food/Other,,,
,TX,DALLAS,-96.711342,7-Eleven Convenience Store 35422A,Convenience Store,4406,-10765857.3453741,,1157061.0,,3877287.19208606,204212.0,10120 E NORTHWEST HWY,32.864159,75238,DALLAS,General Retail/Food/Other,,,
,TX,DALLAS,-96.768196,Grab N Go,Convenience Store,2507,-10772186.3037037,,1550012.0,,3844839.50866667,204501.0,2705 N DALLAS AVE,32.618988,75134,LANCASTER,General Retail/Food/Other,,,
Ste 122,TX,DALLAS,-96.854935,Chilly Mart,Convenience Store,2613,-10781842.0450156,,1265908.0,,3891323.305259,204665.0,2220 MARSH LN,32.970005,75006,CARROLLTON,General Retail/Food/Other,,,
,TX,DALLAS,-96.581245,Am Food Mart,Convenience Store,3467,-10751375.0135804,,1283837.0,,3856774.78418657,204744.0,4505 LASATER RD,32.709248,75181,MESQUITE,General Retail/Food/Other,,,
,TX,DALLAS,-96.832436,7-eleven Convenience Store 38559A,Convenience Store,7717,-10779337.4677923,,1473036.0,,3869968.93240957,205104.0,4840 HARRY HINES BLVD,32.808922,75235,DALLAS,General Retail/Food/Other,,,
,TX,DALLAS,-96.813667,Ubuntu Farmers Market,Farmers and Markets,6738,-10777248.1122696,,1552260.0,,3854294.43866517,206041.0,4466 S MARSALIS AVE,32.690498,75216,DALLAS,General Retail/Food/Other,,,
,TX,DALLAS,-96.763069,365 Food & Fuel #13,Convenience Store,5116,-10771615.5686744,,1552576.0,,3878812.04401081,206293.0,7057 GREENVILLE AVE,32.875664,75231,DALLAS,General Retail/Food/Other,,,
,TX,DALLAS,-96.841095,La Michoacana Supermarket #28,Other,3231,-10780301.383263,,1551700.0,,3856278.6733909,206618.0,1150 W KIEST BLVD,32.705498,75224,DALLAS,Mexican,Americas,Latin America - Central America,Mexico
,TX,DALLAS,-96.684364,El Rio Grande Latin Market #10,Super Store,5262,-10762854.1681515,,1559616.0,,3869839.5322395,206806.0,3035 N BUCKNER BLVD,32.807945,75228,DALLAS,Mexican,Americas,Latin America - Central America,Mexico
,TX,DALLAS,-96.977669,Stop N Get,Convenience Store,6557,-10795504.7313986,,1543148.0,,3867825.86743264,207051.0,1915 S STORY RD,32.79274,75060,IRVING,General Retail/Food/Other,,,
Suite B,TX,DALLAS,-96.874939,La Azteca Meat Market 2,Super Store,7706,-10784068.8801094,,828420.0,,3883307.4333257,207134.0,3046 FOREST LN,32.909573,75234,DALLAS,Mexican,Americas,Latin America - Central America,Mexico
,TX,DALLAS,-96.810837,Shop N Go #4 ,Convenience Store,4501,-10776933.0781106,,1225983.0,,3886439.2745719,207216.0,5609 ALPHA RD,32.933189,75240,DALLAS,General Retail/Food/Other,,,
,TX,DALLAS,-96.85688,Farmer's Delite 001,Other,5728,-10782058.5614252,,1163191.0,,3840079.07382778,207417.0,440 S HAMPTON RD,32.582962,75115,DESOTO,Uncategorized,,,
,TX,DALLAS,-96.928497,Raceway 6979,Convenience Store,2523,-10790030.9293973,,1550305.0,,3851286.04880873,207634.0,6675 CEDAR RIDGE DR,32.667751,75236,DALLAS,General Retail/Food/Other,,,
,TX,DALLAS,-96.805069,Ez Stop,Convenience Store,4417,-10776290.9872877,,1550418.0,,3857223.41859642,207702.0,2809 S LANCASTER RD,32.712639,75216,DALLAS,General Retail/Food/Other,,,
,TX,DALLAS,-96.976158,B-Hat's Mart,Convenience Store,4221,-10795336.527648,,1550247.0,,3874350.70300668,207995.0,2604 N STORY RD,32.841999,75062,IRVING,General Retail/Food/Other,,,
,TX,DALLAS,-96.740623,Quickspot no,Convenience Store,7113,-10769116.891384,,1145690.0,,3877593.47197389,208217.0,6666 SKILLMAN ST,32.86647,75231,DALLAS,General Retail/Food/Other,,,
,TX,DALLAS,-96.628143,Dollar General 24500,Discount Retail,6416,-10756595.6750596,,1528678.0,,3868209.2384328,208359.0,19153 LYNDON B JOHNSON FWY,32.795635,75150,MESQUITE,Uncategorized,,,
,TX,DALLAS,-96.993408,Kwik Pik Food Store,Convenience Store,3201,-10797256.7888642,,1226042.0,,3890075.70467869,208503.0,400 S DENTON TAP RD,32.960602,75019,COPPELL,General Retail/Food/Other,,,
,TX,DALLAS,-96.888649,Fiesta Mart 70,Super Store,    ,-10785595.0703282,,865645.0,,3888751.29434029,208531.0,1235 S. JOSEY LN,32.950619,75006,CARROLLTON,Mexican,Americas,Latin America - Central America,Mexico
,TX,DALLAS,-96.803162,7-Eleven 39787A,Convenience Store,4606,-10776078.7010188,,1204401.0,,3864229.14416764,208881.0,1005 S RIVERFRONT BLVD,32.765575,75207,DALLAS,General Retail/Food/Other,,,
,TX,DALLAS,-96.839073,7-eleven Convenience Store 36348A,Convenience Store,4318,-10780076.2952526,,1128198.0,,3887276.74876995,208890.0,13995 MIDWAY RD,32.939503,75244,DALLAS,General Retail/Food/Other,,,
,TX,DALLAS,-97.005341,K Corner Food Mart,Convenience Store,6906,-10798585.1643479,,1186505.0,,3869469.21985842,209000.0,104 W SHADY GROVE RD,32.805149,75050,GRAND PRAIRIE,General Retail/Food/Other,,,
Ste 211,TX,DALLAS,-96.88887,Dollar General 25659,Discount Retail,5506,-10785619.6719357,,1561538.0,,3893792.6271133,209321.0,2662 N JOSEY LN,32.988613,75007,CARROLLTON,Uncategorized,,,
,TX,DALLAS,-96.596458,White Star Mart,Convenience Store,1657,-10753068.5169938,,1529314.0,,3867450.9837154,209530.0,108 US HIGHWAY 80 E,32.789909,75149,MESQUITE,General Retail/Food/Other,,,
Ste 309,TX,DALLAS,-96.72773,Golden Star Halal Market Afghan Bakery And Cafe,Grocery Store,6062,-10767681.6491893,,1528797.0,,3888900.53674906,209659.0,300 TERRACE DR,32.951744,75081,RICHARDSON,Indian/South Asian,Asia,South Central Asia,Multiple South Central Asian
,TX,DALLAS,-96.613823,Sid Food Mart,Convenience Store,4751,-10755001.5799515,,1528913.0,,3851543.38582353,209971.0,13317 KLEBERG RD,32.669697,75253,DALLAS,General Retail/Food/Other,,,
,TX,DALLAS,-96.57338,Dollar General 24176,Discount Retail,    ,-10750499.4857853,,1552897.0,,3875565.36114939,209995.0,3785 BOBTOWN RD,32.851166,75043,GARLAND,Uncategorized,,,
,TX,DALLAS,-96.740738,Dollar General 25807,Discount Retail,4037,-10769129.6931255,,1552901.0,,3887280.72804253,209998.0,325 W SPRING VALLEY RD,32.939533,75081,RICHARDSON,Uncategorized,,,
,TX,DALLAS,-96.856216,7-Eleven 34102J,Convenience Store,1305,-10781984.6452833,,1659064.0,,3863858.47861242,210052.0,2061 FORT WORTH AVE,32.762775,75208,DALLAS,General Retail/Food/Other,,,
Ste 105,TX,DALLAS,-96.888542,Latino Market,Convenience Store,5861,-10785583.1591427,,1300058.0,,3889470.85923955,210055.0,1916 WALNUT PLZ,32.956043,75006,CARROLLTON,Latino/Hispanic (General),Americas,Latin America - General,
,TX,DALLAS,-96.803978,7-Eleven 34997J,Convenience Store,    ,-10776169.5377233,,1553455.0,,3866437.22866534,210291.0,1010 ROSS AVE.,32.782253,75202,DALLAS,General Retail/Food/Other,,,
,TX,DALLAS,-96.993919,La Azteca Meat Market 12,Grocery Store,1517,-10797313.673124,,1553500.0,,3872740.98068956,210309.0,1423B N BELT LINE RD,32.829849,75061,IRVING,Mexican,Americas,Latin America - Central America,Mexico
,TX,DALLAS,-97.028847,Racetrac2606 2618,Convenience Store,8901,-10801201.8402984,,1553579.0,,3868900.92690983,210341.0,1851 W TRINITY BLVD,32.800858,75050,GRAND PRAIRIE,General Retail/Food/Other,,,
,TX,DALLAS,-96.701035,B-Z Mart,Convenience Store,1522,-10764709.9753825,,1103153.0,,3867562.21607063,210466.0,5455 N JIM MILLER RD,32.790749,75227,DALLAS,General Retail/Food/Other,,,
,TX,DALLAS,-96.699326,Richardson Square Mart,Convenience Store,4617,-10764519.7303728,,1552988.0,,3888101.94614801,210523.0,1401 E BELT LINE RD,32.945724,75081,RICHARDSON,General Retail/Food/Other,,,
,TX,DALLAS,-96.892319,7-eleven Convenience Store 36382B,Convenience Store,2828,-10786003.6128594,,1255978.0,,3850511.82349612,210699.0,822 E CAMP WISDOM RD,32.661896,75116,DUNCANVILLE,General Retail/Food/Other,,,
,TX,DALLAS,-96.682755,Harar Senga Meart Sega,Specialty Store,7700,-10762675.0550908,,1278528.0,,3886186.34630517,210840.0,2014 N JUPITER RD,32.931282,75044,GARLAND,African,Africa,Multiple African Regions,Multiple African
,TX,DALLAS,-96.606934,Express Way,Convenience Store,2586,-10754234.6999794,,1174380.0,,3877533.83225271,211301.0,3925 BROADWAY BLVD,32.86602,75043,GARLAND,General Retail/Food/Other,,,
,TX,DALLAS,-96.632286,La Michoacana Meat Market Dallas 39,Supermarket,1709,-10757056.87171,,1078369.0,,3854465.06974693,211342.0,24315 LYNDON B JOHNSON FWY,32.691788,75180,BALCH SPRINGS,Mexican,Americas,Latin America - Central America,Mexico
Ste 136,TX,DALLAS,-96.717941,World Of Spices,Grocery Store,2472,-10766591.9426939,,1208173.0,,3886106.37064652,211737.0,13340 AUDELIA RD,32.930679,75243,DALLAS,General Retail/Food/Other,,,
,TX,DALLAS,-96.765999,SPROUTS FARMERS MARKET 106,Supermarket,2815,-10771941.7347824,,856269.0,,3892258.26348634,211808.0,1343 W CAMPBELL RD,32.977051,75080,RICHARDSON,General Retail/Food/Other,,,
,TX,DALLAS,-96.7136,7- Eleven 34490,Convenience Store,7327,-10766108.7047843,,981340.0,,3882432.32219795,212369.0,9230 SKILLMAN ST,32.902973,75243,DALLAS,General Retail/Food/Other,,,
,TX,DALLAS,-96.597557,LA MICHOACANA MEAT MARKET D#34 34,Grocery Store,3644,-10753190.8571142,,939462.0,,3874932.50952898,212810.0,6535 DUCK CREEK DR,32.84639,75043,GARLAND,Mexican,Americas,Latin America - Central America,Mexico
,TX,DALLAS,-96.831612,EL RIO GRANDE LATIN MARKET 1,Super Store,8142,-10779245.7405318,,738950.0,,3871153.73193946,212813.0,5308 MAPLE AVE,32.817867,75235,DALLAS,Mexican,Americas,Latin America - Central America,Mexico
,TX,DALLAS,-96.653954,7 Eleven 30424,Convenience Store,5234,-10759468.9424365,,1001676.0,,3877291.16797462,213253.0,1717 NORTHWEST HWY,32.864189,75041,GARLAND,General Retail/Food/Other,,,
,TX,DALLAS,-96.737587,Southside Grocery,Convenience Store,1417,-10768778.92541,,1574060.0,,3865205.37416954,213621.0,4630 ELSIE FAYE HEGGINS ST,32.772949,75210,DALLAS,General Retail/Food/Other,,,
,TX,DALLAS,-96.647308,Express 24/7,Convenience Store,8850,-10758729.1131007,,1580919.0,,3868844.77453967,213693.0,3460 N TOWN E BLVD,32.800434,75150,MESQUITE,General Retail/Food/Other,,,
,TX,DALLAS,-96.708519,D&o Food Market,Grocery Store,4186,-10765543.0904516,,1554877.0,,3848689.98250045,213719.0,101 S INTERSTATE 45 SERVICE RD,32.648117,75141,HUTCHINS,General Retail/Food/Other,,,
,TX,DALLAS,-96.873184,7-eleven Convenience Store 35395B,Convenience Store,8940,-10783873.5144031,,1210142.0,,3858228.31042202,213945.0,3200 W ILLINOIS AVE,32.720234,75211,DALLAS,General Retail/Food/Other,,,
,TX,DALLAS,-96.567734,7-eleven Convenience Store 37328A,Convenience Store,    ,-10749870.9759403,,1262034.0,,3894480.11693613,214034.0,7810 HWY. 78,32.993793,75048,SACHSE,General Retail/Food/Other,,,
,TX,DALLAS,-96.858887,EL RIO GRANDE LATIN MARKET 3,Super Store,2629,-10782281.9796432,,853555.0,,3861925.11718576,214213.0,2515 W JEFFERSON BLVD,32.748169,75211,DALLAS,Mexican,Americas,Latin America - Central America,Mexico
,TX,DALLAS,-96.856438,7-eleven Convenience Store 35648,Convenience Store,3702,-10782009.3582103,,1122187.0,,3866013.00283852,214317.0,3020 N HAMPTON RD,32.779049,75212,DALLAS,General Retail/Food/Other,,,
,TX,DALLAS,-96.623863,Towne Centre Mart,Convenience Store,4162,-10756119.227639,,1256618.0,,3869147.39130565,214868.0,2604 TOWNE CENTRE DR,32.802719,75150,MESQUITE,General Retail/Food/Other,,,
,TX,DALLAS,-96.605057,Pioneer Food Mart,Convenience Store,3537,-10754025.7532952,,1343050.0,,3857177.50919027,214893.0,4210 PIONEER RD,32.712292,75180,BALCH SPRINGS,General Retail/Food/Other,,,
,TX,DALLAS,-96.682976,Jupiter Rd Exxon Llc,Convenience Store,2212,-10762699.6566983,,1230779.0,,3879289.88491861,215476.0,3080 S JUPITER RD,32.879269,75041,GARLAND,General Retail/Food/Other,,,
Ste 122,TX,DALLAS,-96.711662,Uac International Food,Other,3714,-10765892.9676112,,1067559.0,,3888326.66033043,215622.0,940 E BELT LINE RD,32.947418,75081,RICHARDSON,Uncategorized,,,
,TX,DALLAS,-96.657974,Daily Mart,Convenience Store,7302,-10759916.4467895,,1232605.0,,3863881.77724683,215840.0,2963 BELLE STARR DR,32.762951,75227,DALLAS,General Retail/Food/Other,,,
,TX,DALLAS,-96.797493,7-eleven Convenience Store 37187A,Convenience Store,3613,-10775447.6308255,,1229431.0,,3866428.62218432,216356.0,211 N ERVAY ST,32.782188,75201,DALLAS,General Retail/Food/Other,,,
Ste 100,TX,DALLAS,-96.652603,Big D Food Store 1,Convenience Store,1966,-10759318.5498044,,1009999.0,,3875782.14981325,216439.0,11555 FERGUSON RD,32.852802,75228,DALLAS,General Retail/Food/Other,,,
,TX,DALLAS,-96.533066,Malloy Shell,Convenience Store,1818,-10746011.7518335,,1259867.0,,3848679.40582695,216525.0,600 E MALLOY BRIDGE RD,32.648037,75159,SEAGOVILLE,General Retail/Food/Other,,,
,TX,DALLAS,-96.822891,7-eleven 18717,Convenience Store,2213,-10778274.9232526,,1012605.0,,3858289.83719143,216726.0,2223 S BECKLEY AVE,32.720699,75224,DALLAS,General Retail/Food/Other,,,
Ste 26c,TX,DALLAS,-96.737511,Desi Brothers,Grocery Store,6321,-10768770.4651287,,1556977.0,,3888602.45180308,217089.0,100 S CENTRAL EXPY,32.949497,75080,RICHARDSON,Indian/South Asian,Asia,South Central Asia,Multiple South Central Asian
,TX,DALLAS,-96.874413,Northwest Hwy Quick Stop,Convenience Store,4744,-10784010.3260573,,1205453.0,,3876496.01702292,217228.0,2745 W NORTHWEST HWY,32.858189,75220,DALLAS,General Retail/Food/Other,,,
#105,TX,DALLAS,-96.654434,U Mart,Grocery Store,2401,-10759522.3757921,,1555532.0,,3892116.94014971,217325.0,1805 W CAMPBELL RD,32.975986,75044,GARLAND,General Retail/Food/Other,,,
,TX,DALLAS,-96.959999,Handy Stop,Convenience Store,4444,-10793537.7159963,,1250004.0,,3862998.57941475,217365.0,701 MACARTHUR BLVD,32.756279,75050,GRAND PRAIRIE,General Retail/Food/Other,,,
,TX,DALLAS,-96.813492,7-Eleven 12200,Convenience Store,4019,-10777228.6313587,,889989.0,,3869437.96369555,217583.0,2529 OAK LAWN AVE,32.804913,75219,DALLAS,General Retail/Food/Other,,,
Ste D,TX,DALLAS,-97.011444,Cigarette Mart 00001,Convenience Store,6448,-10799264.5472002,,1261214.0,,3853574.50846344,217677.0,3502 S CARRIER PKWY,32.685055,75052,GRAND PRAIRIE,General Retail/Food/Other,,,
,TX,DALLAS,-96.770668,Food Mart 4626,Convenience Store,2208,-10772461.4854849,,1556225.0,,3880471.64707903,217826.0,10405 N CENTRAL EXPY,32.888184,75231,DALLAS,General Retail/Food/Other,,,
,TX,DALLAS,-96.855263,7-eleven Convenience Store 19358B,Convenience Store,5557,-10781878.5578086,,1557196.0,,3887384.45489067,218777.0,14400 MARSH LN,32.940315,75001,ADDISON,General Retail/Food/Other,,,
Ste 112,TX,DALLAS,-96.805023,A & I Food Store,Convenience Store,1269,-10776285.8665911,,1233474.0,,3842873.97526002,219268.0,2286 W PLEASANT RUN RD,32.604115,75146,LANCASTER,General Retail/Food/Other,,,
,TX,DALLAS,-96.715744,Good Time Food Mart,Convenience Store,6371,-10766347.3737726,,884801.0,,3868763.98975994,219437.0,7730 FERGUSON RD,32.799824,75228,DALLAS,General Retail/Food/Other,,,
,TX,DALLAS,-96.518166,7-eleven 32804,Convenience Store,9305,-10744353.0914207,,1096269.0,,3884335.77226736,219774.0,8509 LAKEVIEW PKWY,32.917328,75088,ROWLETT,General Retail/Food/Other,,,
,TX,DALLAS,-96.976402,El Ranchero Meat Market,Convenience Store,1946,-10795363.6896038,,1122950.0,,3873366.69266614,219912.0,1814 N STORY RD,32.834572,75061,IRVING,Mexican,Americas,Latin America - Central America,Mexico
,TX,DALLAS,-96.698822,Top Mart,Convenience Store,1241,-10764463.6253494,,1027589.0,,3862038.67983671,219982.0,7047 BRUTON RD,32.749027,75217,DALLAS,General Retail/Food/Other,,,
,TX,DALLAS,-96.655495,7-eleven Convenience Store 36375A,Convenience Store,2612,-10759640.4857718,,1167767.0,,3870024.95769416,220181.0,3700 INTERSTATE 30,32.809345,75150,MESQUITE,General Retail/Food/Other,,,
,TX,DALLAS,-96.648201,Lucky Star Food Store,Convenience Store,4320,-10758828.521406,,1142103.0,,3879180.66242635,220303.0,3101 SATURN RD,32.878445,75041,GARLAND,General Retail/Food/Other,,,
,TX,DALLAS,-96.857178,Power Mart 19,Convenience Store,2301,-10782091.7346335,,1128962.0,,3844827.87811331,220391.0,1501 N HAMPTON RD,32.6189,75115,DESOTO,General Retail/Food/Other,,,
,TX,DALLAS,-96.665924,Bruton Store,Convenience Store,    ,-10760801.4367413,,1214356.0,,3862007.44338077,220878.0,9199 BURTON RD,32.748791,75217,DALLAS,General Retail/Food/Other,,,
,TX,DALLAS,-96.78688,7-eleven Convenience Store 12179,Convenience Store,3139,-10774266.1970697,,1119075.0,,3870800.06772,221016.0,2802 N FITZHUGH AVE,32.815197,75204,DALLAS,General Retail/Food/Other,,,
,TX,DALLAS,-96.977264,Deshi Bazzar Inc,Other,6016,-10795459.6470049,,1278464.0,,3873745.73954732,221160.0,2417 W AIRPORT FWY,32.837433,75062,IRVING,Indian/South Asian,Asia,South Central Asia,Multiple South Central Asian
#100,TX,DALLAS,-97.045059,Hong Kong Market Place,Super Store,3536,-10803006.5518832,,835742.0,,3857108.84386999,221731.0,2615 W PIONEER PKWY,32.711773,75051,GRAND PRAIRIE,Chinese,Asia,Eastern Asia,China
,TX,DALLAS,-97.010086,One Stop Mart,Convenience Store,8009,-10799113.3753317,,1582088.0,,3873255.00799099,221732.0,1901 ESTERS RD,32.833729,75061,IRVING,General Retail/Food/Other,,,
,TX,DALLAS,-96.785072,Cedardale C Store,Convenience Store,1752,-10774064.9314303,,1254239.0,,3847329.37113416,221865.0,1007 CEDARDALE RD,32.637825,75134,LANCASTER,General Retail/Food/Other,,,
,TX,DALLAS,-96.876991,Fiesta Mart 71,Super Store,8709,-10784297.3077045,,867079.0,,3858231.88293534,221915.0,3434 W ILLINOIS AVE,32.720261,75211,DALLAS,Mexican,Americas,Latin America - Central America,Mexico
,TX,DALLAS,-96.990517,7- Eleven Convenience Store 22654A,Convenience Store,5007,-10796934.9642163,,1205678.0,,3877445.43348935,221965.0,3321 W WALNUT HILL LN,32.865353,75038,IRVING,General Retail/Food/Other,,,
,TX,DALLAS,-96.870514,Super Mercado 5 Estrellas,Grocery Store,6210,-10783576.2913627,,1189937.0,,3876458.11617054,222264.0,9648 OVERLAKE DR,32.857903,75220,DALLAS,Mexican,Americas,Latin America - Central America,Mexico
Ste 62,TX,DALLAS,-96.647247,Savannah Fresh Meat African Market Llc,Grocery Store,1752,-10758722.3226117,,1530043.0,,3872233.06958669,222760.0,4550 GUS THOMASSON RD,32.826015,75150,MESQUITE,African,Africa,Multiple African Regions,Multiple African
,TX,DALLAS,-96.976768,Mary Food Mart,Convenience Store,2359,-10795404.4325374,,1529833.0,,3870776.35802699,222904.0,2400 ROCK ISLAND RD,32.815018,75060,IRVING,General Retail/Food/Other,,,
,TX,DALLAS,-96.991684,Shell Food Mart,Convenience Store,6877,-10797064.8740621,,1095738.0,,3875128.08566462,223008.0,3000 N BELT LINE RD,32.847866,75062,IRVING,General Retail/Food/Other,,,
,TX,DALLAS,-96.623024,7-eleven Convenience Store 36489B,Convenience Store,1119,-10756025.8305863,,1307921.0,,3861980.70715795,223066.0,1700 W BRUTON RD,32.748589,75180,BALCH SPRINGS,General Retail/Food/Other,,,
,TX,DALLAS,-97.028358,Texaco At Grand Prairie 1,Convenience Store,2802,-10801147.4050675,,1169209.0,,3863163.24737286,223121.0,1402 N STATE HIGHWAY 161,32.757523,75050,GRAND PRAIRIE,General Retail/Food/Other,,,
,TX,DALLAS,-96.746155,Baja Food Mart,Convenience Store,1908,-10769732.7108071,,1055042.0,,3867593.46725471,223135.0,5606 E R L THORNTON FWY,32.790985,75223,DALLAS,General Retail/Food/Other,,,
,TX,DALLAS,-96.63903,Corner Stop,Convenience Store,4640,-10757807.6103559,,1286608.0,,3886173.74645544,223183.0,775 W BUCKINGHAM RD,32.931187,75040,GARLAND,General Retail/Food/Other,,,
,TX,DALLAS,-96.889839,Shin Chon Meat Wholesale Market,Grocery Store,2130,-10785727.5405223,,1634507.0,,3881699.53310204,223214.0,11422 HARRY HINES BLVD,32.897446,75229,DALLAS,General Retail/Food/Other,,,
,TX,DALLAS,-96.648438,Y-saturn Convenience Store,Convenience Store,5953,-10758854.9041253,,1214758.0,,3876371.58076631,223274.0,5013 SATURN RD,32.85725,75041,GARLAND,General Retail/Food/Other,,,
,TX,DALLAS,-96.959183,Carniceria La Altena,Grocery Store,4446,-10793446.8792918,,1278600.0,,3874725.80657978,223330.0,2803 N MACARTHUR BLVD,32.84483,75062,IRVING,Mexican,Americas,Latin America - Central America,Mexico
Ste 109,TX,DALLAS,-97.008057,Arhamna Food Mart,Convenience Store,4698,-10798887.5080849,,1228996.0,,3876435.32270978,223344.0,3701 ESTERS RD,32.857731,75038,IRVING,General Retail/Food/Other,,,
,TX,DALLAS,-96.631561,Fuel Zone 1,Convenience Store,1221,-10756976.1650792,,1259297.0,,3860076.3704693,223403.0,11331 LAKE JUNE RD,32.7342,75180,BALCH SPRINGS,General Retail/Food/Other,,,
,TX,DALLAS,-96.647705,Miller Fina,Convenience Store,1741,-10758773.3069385,,1029539.0,,3881241.74542676,223436.0,1330 W MILLER RD,32.893993,75041,GARLAND,General Retail/Food/Other,,,
Ste 400,TX,DALLAS,-96.645782,EL RIO GRANDE LATIN MARKET 7,Super Store,5333,-10758559.2395577,,930410.0,,3860291.4184573,223439.0,10325 LAKE JUNE RD,32.735825,75217,DALLAS,Mexican,Americas,Latin America - Central America,Mexico
,TX,DALLAS,-96.856155,Renko Sausage Company,Specialty Store,5043,-10781977.8547944,,1563740.0,,3841061.36956462,224042.0,109 N LYNDALYN AVE,32.590397,75115,DESOTO,Uncategorized,,,
,TX,DALLAS,-96.608025,K P Food Mart,Convenience Store,2258,-10754356.1495438,,1129953.0,,3867329.82109531,224263.0,1816 N GALLOWAY AVE,32.788994,75149,MESQUITE,General Retail/Food/Other,,,
,TX,DALLAS,-96.71714,EZ Trip Food Store 13,Convenience Store,2059,-10766502.7757818,,985134.0,,3879297.44039555,224473.0,9811 WALNUT HILL LN,32.879326,75238,DALLAS,General Retail/Food/Other,,,
,TX,DALLAS,-96.613495,7-eleven Convenience Store 37212A,Convenience Store,    ,-10754965.0671585,,1237640.0,,3893382.01054664,224490.0,7051 MURPHY RD,32.985519,75048,GARLAND,General Retail/Food/Other,,,
110-b,TX,DALLAS,-96.95269,India Bazaar,Grocery Store,    ,-10792724.0818381,,1094827.0,,3874010.58940939,224560.0,535 W. AIRPORT FREEWAY,32.839432,75062,IRVING,Indian/South Asian,Asia,South Central Asia,Multiple South Central Asian
,TX,DALLAS,-97.007118,Coppell Farmers Market,Farmers and Markets,4417,-10798782.979083,,1001061.0,,3888989.15447368,224964.0,768 W MAIN ST,32.952412,75019,COPPELL,General Retail/Food/Other,,,
Ste 106,TX,DALLAS,-96.667183,Tienda Honduras Maya,Convenience Store,6483,-10760941.5879802,,1262876.0,,3884210.32467806,224997.0,2602 W WALNUT ST,32.916382,75042,GARLAND,General Retail/Food/Other,,,
,TX,DALLAS,-96.762688,Myanmar Store 1,Grocery Store,6605,-10771573.1559484,,1230542.0,,3878184.58424222,225304.0,6887 SHADYBROOK LN,32.87093,75231,DALLAS,General Retail/Food/Other,,,
,TX,DALLAS,-96.73111,7-Eleven Convenience Store 35394A,Convenience Store,5901,-10768057.9090681,,1191694.0,,3883264.33920526,225372.0,9501 FOREST LN,32.909248,75243,DALLAS,General Retail/Food/Other,,,
,TX,DALLAS,-96.856277,Salim & Shamsah Inc.,Convenience Store,1638,-10781991.4357723,,1531960.0,,3858096.52513092,225472.0,2310 W ILLINOIS AVE,32.719238,75224,DALLAS,General Retail/Food/Other,,,
,TX,DALLAS,-96.798622,QuikTrip 1903,Convenience Store,1411,-10775573.3105306,,1532072.0,,3869805.75863185,225802.0,3181 E LEMMON AVE,32.80769,75204,DALLAS,General Retail/Food/Other,,,
,TX,DALLAS,-96.634804,La Michoacana Meat Market D33 ,Grocery Store,4005,-10757337.1741878,,1531162.0,,3870036.61310603,225883.0,3301 GUS THOMASSON RD,32.809433,75150,MESQUITE,Mexican,Americas,Latin America - Central America,Mexico
,TX,DALLAS,-96.874184,Savers Cost Plus 5250,Super Store,5767,-10783984.8338939,,1263768.0,,3859239.90416439,226057.0,1610 S WESTMORELAND RD,32.727879,75211,DALLAS,Uncategorized,,,
,TX,DALLAS,-96.762657,Ingrams Diamond Shamrock,Convenience Store,4252,-10771569.7050442,,889810.0,,3851971.58799554,226240.0,3501 SIMPSON STUART RD,32.672935,75241,DALLAS,General Retail/Food/Other,,,
,TX,DALLAS,-96.752792,Whole Foods Market 10283,Super Store,3918,-10770471.5382675,,881235.0,,3870822.85026331,226388.0,2118 ABRAMS RD,32.815369,75214,DALLAS,Uncategorized,,,
Ste 108,TX,DALLAS,-96.734367,Bilad Bakery And Grocery,Convenience Store,5046,-10768420.4766496,,1155073.0,,3887261.49490423,226471.0,850 S GREENVILLE AVE,32.939388,75081,RICHARDSON,General Retail/Food/Other,,,
Ste 129,TX,DALLAS,-96.658043,Malone's Cost Plus 7,Super Store,7494,-10759924.1278343,,865665.0,,3856605.1780968,226847.0,333 S SAINT AUGUSTINE DR,32.707966,75217,DALLAS,Uncategorized,,,
,TX,DALLAS,-96.96402,7-eleven Convenience Store 35379B,Convenience Store,3103,-10793985.3316688,,1212661.0,,3879972.41594183,227384.0,5420 N MACARTHUR BLVD,32.884418,75038,IRVING,General Retail/Food/Other,,,
,TX,DALLAS,-96.85672,7-eleven Convenience Store 35531,Convenience Store,5515,-10782040.7503067,,1122175.0,,3861921.01412678,227489.0,408 N HAMPTON RD,32.748138,75208,DALLAS,General Retail/Food/Other,,,
Ste B,TX,DALLAS,-96.630356,Tito's Meat Market & Taqueria #2,Convenience Store,8403,-10756842.0250927,,1585642.0,,3881638.28158835,227696.0,1638 S 1ST ST,32.896984,75040,GARLAND,Mexican,Americas,Latin America - Central America,Mexico
Ste 110,TX,DALLAS,-96.719643,Salam Supermarkets,Grocery Store,6845,-10766781.4084672,,1532627.0,,3882116.23748597,227909.0,9780 LYNDON B JOHNSON FWY,32.900589,75243,DALLAS,General Retail/Food/Other,,,
,TX,DALLAS,-96.682449,Murphy USA 8991,Convenience Store,4511,-10762640.9913266,,1577509.0,,3858219.18067067,227926.0,500 S BUCKNER BLVD,32.720165,75217,DALLAS,General Retail/Food/Other,,,
Ste 102,TX,DALLAS,-96.797409,7-eleven Convenience Store 36104A,Convenience Store,3174,-10775438.2799882,,1125886.0,,3866681.78776168,228127.0,1919 BRYAN ST,32.7841,75201,DALLAS,General Retail/Food/Other,,,
,TX,DALLAS,-96.856926,7-ELEVEN 18688,Convenience Store,7826,-10782063.6821218,,876805.0,,3860212.54501686,228143.0,1023 S HAMPTON RD,32.735229,75208,DALLAS,General Retail/Food/Other,,,
,TX,DALLAS,-96.805756,1 Stop,Convenience Store,5402,-10776367.4637779,,1647337.0,,3855730.5944253,228686.0,1406 E OVERTON RD,32.701355,75216,DALLAS,General Retail/Food/Other,,,
,TX,DALLAS,-96.717522,7-eleven Convenience Store 25511B,Convenience Store,2829,-10766545.2998272,,1533095.0,,3885011.17012222,228733.0,9820 WALNUT ST,32.922421,75243,DALLAS,General Retail/Food/Other,,,
,TX,DALLAS,-96.822556,La Azteca Meat Market 8,Supermarket,2604,-10778237.6312232,,979705.0,,3843349.83355162,228815.0,1550 N INTERSTATE 35 E,32.607716,75134,LANCASTER,Mexican,Americas,Latin America - Central America,Mexico
,TX,DALLAS,-96.63517,7-eleven Convenience Store 25842B,Convenience Store,3660,-10757377.9171214,,1533456.0,,3870739.40279067,228885.0,3640 GUS THOMASSON RD,32.814739,75150,MESQUITE,General Retail/Food/Other,,,
,TX,DALLAS,-96.682579,Circle K Management Ck131,Convenience Store,1701,-10762655.4628604,,1533176.0,,3860129.30499488,228921.0,1310 S BUCKNER BLVD,32.7346,75217,DALLAS,General Retail/Food/Other,,,
,TX,DALLAS,-96.730362,Main Street Texaco,Convenience Store,6053,-10767974.642089,,1533180.0,,3888445.65181533,228940.0,100 S GREENVILLE AVE,32.948315,75081,RICHARDSON,General Retail/Food/Other,,,
,TX,DALLAS,-97.007706,Handy Food Mart,Convenience Store,4019,-10798848.4349436,,1651001.0,,3857354.1356935,229054.0,2128 SW 3RD ST,32.713627,75051,GRAND PRAIRIE,General Retail/Food/Other,,,
,TX,DALLAS,-96.874649,Kiest Food Mart,Convenience Store,2102,-10784036.5974571,,990181.0,,3856223.63945145,229462.0,3308 W KIEST BLVD,32.705082,75233,DALLAS,General Retail/Food/Other,,,
,TX,DALLAS,-96.588608,Phillips Mart,Convenience Store,3112,-10752194.6589911,,946508.0,,3853994.71592769,229484.0,951 S BELT LINE RD,32.688232,75253,DALLAS,General Retail/Food/Other,,,
,TX,DALLAS,-96.701614,Ez Trip 20,Convenience Store,5346,-10764774.4293677,,1091390.0,,3884229.02238383,229540.0,10550 WALNUT ST,32.916523,75243,DALLAS,General Retail/Food/Other,,,
Ste 170,TX,DALLAS,-96.970009,Shantaba LLC,Super Store,    ,-10794652.0240992,,1633748.0,,3885128.00609209,230014.0,2506 W PARMER LN,32.923302,75063,IRVING,Uncategorized,,,
,TX,DALLAS,-96.873421,Super Mercado Monterrey,Super Store,5651,-10783899.8971224,,935686.0,,3859978.83922801,230388.0,1120 S WESTMORELAND RD,32.733463,75211,DALLAS,Mexican,Americas,Latin America - Central America,Mexico
,TX,DALLAS,-96.900284,Shell At Farmers Branch 1,Convenience Store,5717,-10786890.2726036,,1249929.0,,3884987.29912505,230638.0,13115 N STEMMONS FWY,32.922241,75234,DALLAS,General Retail/Food/Other,,,
,TX,DALLAS,-96.95739,Maple Mart,Convenience Store,4206,-10793247.2834448,,1455438.0,,3888978.01089066,230872.0,1301 E BELT LINE RD,32.952328,75019,COPPELL,General Retail/Food/Other,,,
,TX,DALLAS,-96.873138,DOLLARTREE 9823,Discount Retail,8827,-10783868.3937065,,1573452.0,,3859006.08532034,231034.0,3214 FALLS DR,32.726112,75211,DALLAS,Uncategorized,,,
#f,TX,DALLAS,-96.887596,Pops C-store,Convenience Store,    ,-10785477.8509044,,1601741.0,,3850464.88234546,231359.0,4140 W CAMP WISDOM RD,32.661541,75237,DALLAS,General Retail/Food/Other,,,
,TX,DALLAS,-96.863861,7-eleven 21445,Convenience Store,3006,-10782835.6827904,,975642.0,,3873562.77271546,231407.0,8402 HARRY HINES BLVD,32.836052,75235,DALLAS,General Retail/Food/Other,,,
,TX,DALLAS,-96.811714,Mundo Latino Grocery,Convenience Store,5152,-10777030.705304,,987562.0,,3886278.92245814,231819.0,13523 MONTFORT PL,32.93198,75240,DALLAS,Latino/Hispanic (General),Americas,Latin America - General,
,TX,DALLAS,-96.683411,7-eleven Convenience Store 37692A,Convenience Store,5268,-10762748.0806768,,1269646.0,,3869735.43037161,231990.0,1885 JOHN WEST RD,32.807159,75228,DALLAS,General Retail/Food/Other,,,
Ste 6,TX,DALLAS,-96.593185,Neo's C-store,Convenience Store,5912,-10752704.1683005,,1649245.0,,3874284.05745607,232074.0,429 W INTERSTATE 30,32.841496,75043,GARLAND,General Retail/Food/Other,,,
,TX,DALLAS,-96.963661,Pioneer Food Mart,Convenience Store,7113,-10793945.3679716,,1154986.0,,3871755.11797325,232146.0,1413 W PIONEER DR,32.822407,75061,IRVING,General Retail/Food/Other,,,
,TX,DALLAS,-96.97641,One Stop Food Store,Convenience Store,6733,-10795364.5801597,,1014789.0,,3871722.79600401,232219.0,640 N STORY RD,32.822163,75061,IRVING,General Retail/Food/Other,,,
,TX,DALLAS,-96.788643,Cash Saver 19,Super Store,7435,-10774462.4533319,,1297569.0,,3853762.72040829,232559.0,2130 E LEDBETTER DR,32.686478,75216,DALLAS,Uncategorized,,,
,TX,DALLAS,-98.564827,DOLLARTREE 10681,Discount Retail,    ,-10972186.3517671,,1668398.0,,3449186.98350029,232716.0,4100 DEZAVALA RD.,29.576178,75249,SAN ANTONIO,Uncategorized,,,
,TX,DALLAS,-96.901573,Supermercado Monterrey 13,Super Store,4007,-10787033.7634272,,1289901.0,,3846684.94652073,232748.0,435 E DANIELDALE RD,32.63295,75137,DUNCANVILLE,Mexican,Americas,Latin America - Central America,Mexico
,TX,DALLAS,-96.682068,Fiesta Mart 74,Super Store,2598,-10762598.5786006,,868512.0,,3875607.23444292,232840.0,11445 GARLAND RD,32.851482,75218,DALLAS,Mexican,Americas,Latin America - Central America,Mexico
,TX,DALLAS,-97.007378,Speedy B Mart 2,Convenience Store,2901,-10798811.9221506,,1579643.0,,3884329.67224786,232948.0,7902 ESTERS BLVD,32.917282,75063,IRVING,General Retail/Food/Other,,,
,TX,DALLAS,-96.855103,7-Eleven Convenience Store 35382A,Convenience Store,4301,-10781860.7466901,,1191816.0,,3889074.58896203,233290.0,3710 BELT LINE RD,32.953056,75001,ADDISON,General Retail/Food/Other,,,
,TX,DALLAS,-96.8228,Hiho Grocery,Convenience Store,2932,-10778264.793179,,1209595.0,,3857296.0537277,233370.0,105 E SANER AVE,32.713188,75216,DALLAS,General Retail/Food/Other,,,
,TX,DALLAS,-96.873871,Mr Food Mart,Convenience Store,1355,-10783949.9908933,,1129741.0,,3867776.87100221,233546.0,4131 N WESTMORELAND RD,32.79237,75212,DALLAS,General Retail/Food/Other,,,
,TX,DALLAS,-96.872948,Empire Central Exxon,Convenience Store,3907,-10783847.2430033,,1215847.0,,3872347.394039,233610.0,8405 N STEMMONS FWY,32.826878,75247,DALLAS,General Retail/Food/Other,,,
,TX,DALLAS,-96.770523,7-eleven Convience Store 35403B,Convenience Store,5380,-10772445.3441588,,1268094.0,,3873643.06048965,233651.0,5671 E MOCKINGBIRD LN,32.836658,75206,DALLAS,General Retail/Food/Other,,,
,TX,DALLAS,-96.871178,Sunny Food Mart #12,Convenience Store,4108,-10783650.2075046,,1534993.0,,3872277.58048126,233806.0,8390 N STEMMONS FWY,32.826351,75247,DALLAS,General Retail/Food/Other,,,
,TX,DALLAS,-96.99041,Fina Food Mart,Convenience Store,2269,-10796923.0530308,,1535055.0,,3861449.56892033,233893.0,1129 E JEFFERSON ST,32.744576,75051,GRAND PRAIRIE,General Retail/Food/Other,,,
Ste 128,TX,DALLAS,-96.584671,Papa Murphy's Pizza TX134,Specialty Store,6063,-10751756.3941559,,1346368.0,,3861559.02405822,233916.0,820 E CARTWRIGHT RD,32.745403,75149,MESQUITE,Italian,Europe,Southern Europe,Italy
,TX,DALLAS,-96.706841,Good Local Markets - Tyler Street 4,Farmers and Markets,3998,-10765356.2963461,,1270961.0,,3872603.60142305,234013.0,9150 GARLAND RD,32.828812,75218,DALLAS,General Retail/Food/Other,,,
,TX,DALLAS,-96.991753,Corner Food 9,Convenience Store,5043,-10797072.555107,,1178918.0,,3876855.94869044,234160.0,4002 N BELT LINE RD,32.860905,75038,IRVING,General Retail/Food/Other,,,
,TX,DALLAS,-96.810944,Alfa Food Mart,Convenience Store,4502,-10776944.9892961,,1079718.0,,3886334.09713168,234500.0,5626 ALPHA RD,32.932396,75240,DALLAS,General Retail/Food/Other,,,
,TX,DALLAS,-96.756348,Columbia Food Mart,Convenience Store,5122,-10770867.3903768,,875327.0,,3868865.03703858,234637.0,5530 COLUMBIA AVE,32.800587,75214,DALLAS,General Retail/Food/Other,,,
,TX,DALLAS,-96.766495,Big Daddy Convenience 1,Convenience Store,4059,-10771996.9492499,,985848.0,,3862484.99959348,234639.0,4121 COLONIAL AVE,32.752399,75215,DALLAS,General Retail/Food/Other,,,
Ste 132,TX,DALLAS,-96.762314,Dees Way Grocery,Convenience Store,    ,-10771531.5224588,,1263529.0,,3868380.07098131,234740.0,112 N. COLLETT AVE,32.796925,75214,DALLAS,General Retail/Food/Other,,,
,TX,DALLAS,-96.864883,Daily Stop 1,Convenience Store,1863,-10782949.45131,,1068315.0,,3863252.59791092,234768.0,2605 FORT WORTH AVE,32.758198,75211,DALLAS,General Retail/Food/Other,,,
Ste 102,TX,DALLAS,-96.954422,India Bazaar,Other,6900,-10792916.8871962,,1017597.0,,3885241.26250125,234787.0,8600 N MACARTHUR BLVD,32.924156,75063,IRVING,Indian/South Asian,Asia,South Central Asia,Multiple South Central Asian
,TX,DALLAS,-96.830193,7-Eleven Convenience Store 35412A,Convenience Store,1938,-10779087.7781744,,1187079.0,,3858321.72538525,234972.0,2242 S ZANG BLVD,32.72094,75224,DALLAS,General Retail/Food/Other,,,
Ste 126,TX,DALLAS,-96.699814,Southwest Farmers Market 2,Grocery Store,4102,-10764574.0542843,,1130097.0,,3884227.96152029,235056.0,4460 W WALNUT ST,32.916515,75042,GARLAND,General Retail/Food/Other,,,
,TX,DALLAS,-96.70089,7-11 Convenient Store 25764,Convenience Store,2844,-10764693.8340564,,1011566.0,,3879236.20140657,235633.0,10690 WALNUT HILL LN,32.878864,75238,DALLAS,General Retail/Food/Other,,,
,TX,DALLAS,-96.642601,El Rio Grande Supermercado 4,Super Store,1854,-10758205.1322575,,868011.0,,3881490.05955035,235696.0,901 W MILLER RD,32.895866,75041,GARLAND,Mexican,Americas,Latin America - Central America,Mexico
,TX,DALLAS,-96.612007,El Rio Grande Latin Market 9,Super Store,5730,-10754799.4237562,,1262543.0,,3867954.18607729,235893.0,2106 N GALLOWAY AVE,32.793709,75150,MESQUITE,Mexican,Americas,Latin America - Central America,Mexico
,TX,DALLAS,-96.994141,Savers Cost Plus 5253,Super Store,3308,-10797338.386051,,867690.0,,3858409.05448998,235919.0,1713 S BELT LINE RD,32.7216,75051,GRAND PRAIRIE,Uncategorized,,,
Ste 600,TX,DALLAS,-96.702248,Fiesta Mart 75,Super Store,5955,-10764845.0059249,,911827.0,,3886374.54988171,236020.0,1332 S PLANO RD,32.932701,75081,RICHARDSON,Mexican,Americas,Latin America - Central America,Mexico
,TX,DALLAS,-96.700523,7-Eleven Convenience Store 23379B,Convenience Store,1327,-10764652.9798032,,1248507.0,,3860106.54311977,236065.0,7037 LAKE JUNE RD,32.734428,75217,DALLAS,General Retail/Food/Other,,,
,TX,DALLAS,-96.880745,Dairy Mart,Convenience Store,4708,-10784715.201073,,1103764.0,,3860827.53362104,236475.0,3622 W JEFFERSON BLVD,32.739876,75211,DALLAS,General Retail/Food/Other,,,
,TX,DALLAS,-96.744843,Fiesta Mart 68,Super Store,7804,-10769586.6596352,,867603.0,,3876994.43785347,236679.0,6401 ABRAMS RD,32.86195,75231,DALLAS,Mexican,Americas,Latin America - Central America,Mexico
,TX,DALLAS,-96.584984,Seagoville Food Mart 6,Convenience Store,2414,-10751791.2371565,,1220763.0,,3851272.03164,236701.0,2817 N HIGHWAY 175,32.667645,75159,SEAGOVILLE,General Retail/Food/Other,,,
,TX,DALLAS,-96.855453,Fiesta Mart 65,Super Store,4713,-10781899.7085118,,814168.0,,3854581.07383596,236811.0,2225 W LEDBETTER DR,32.692665,75224,DALLAS,Mexican,Americas,Latin America - Central America,Mexico
Frnt,TX,DALLAS,-96.842911,Cash Saver 46,Super Store,3446,-10780503.5394583,,1297577.0,,3850558.76483322,236959.0,1201 W CAMP WISDOM RD,32.662251,75232,DALLAS,Uncategorized,,,
,TX,DALLAS,-96.901459,7-eleven Convenience Store 35404A,Convenience Store,4156,-10787021.0730053,,1253772.0,,3846610.2616309,237020.0,447 E HIGHWAY 67,32.632385,75137,DUNCANVILLE,General Retail/Food/Other,,,
,TX,DALLAS,-96.69973,7-eleven 21287,Convenience Store,1912,-10764564.703447,,1046954.0,,3891081.41719844,237049.0,1602 N PLANO RD,32.968182,75081,RICHARDSON,General Retail/Food/Other,,,
Ste 124,TX,DALLAS,-96.889809,Ok Food Mart,Convenience Store,2471,-10785724.2009375,,1080790.0,,3850536.02140154,237402.0,4343 W CAMP WISDOM RD,32.662079,75237,DALLAS,General Retail/Food/Other,,,
,TX,DALLAS,-96.96138,Fiesta Mart 73,Super Store,6220,-10793691.4482131,,867089.0,,3873734.61041905,237697.0,1145 W AIRPORT FWY,32.837349,75062,IRVING,Mexican,Americas,Latin America - Central America,Mexico
,TX,DALLAS,-96.965401,Mac Arthur Irving Grocery,Other,8040,-10794139.0638856,,1216616.0,,3884702.04446598,237767.0,8151 WALTON BLVD,32.92009,75063,IRVING,Uncategorized,,,
,TX,DALLAS,-96.752983,7-Eleven Convenience Store 12132B,Convenience Store,3919,-10770492.8002903,,1224401.0,,3870828.41344919,237910.0,2129 ABRAMS RD,32.815411,75214,DALLAS,General Retail/Food/Other,,,
Suite 180,TX,DALLAS,-96.995277,Sprouts Farmers Market 108,Supermarket,    ,-10797464.8449925,,894470.0,,3891405.30684263,238268.0,110 W SANDY LAKE RD,32.970623,75019,COPPELL,General Retail/Food/Other,,,
,TX,DALLAS,-96.8396,Dan Food Store,Convenience Store,5029,-10780134.9606243,,1030503.0,,3862096.25572445,238424.0,1008 W DAVIS ST,32.749462,75208,DALLAS,General Retail/Food/Other,,,
,TX,DALLAS,-96.893829,Expressway Food Store,Convenience Store,6189,-10786171.7052905,,1585051.0,,3885272.69333784,238490.0,2537 VALLEY VIEW LN,32.924393,75234,DALLAS,General Retail/Food/Other,,,
,TX,DALLAS,-96.882103,Taqueria Y Carniceria,Super Store,5710,-10784866.3729415,,1098629.0,,3879435.42811857,238687.0,2820 WALNUT HILL LN,32.880367,75229,DALLAS,Mexican,Americas,Latin America - Central America,Mexico
,TX,DALLAS,-97.003433,EL RIO GRANDE LATIN MARKET 2,Super Store,1724,-10798372.7667594,,838895.0,,3861324.23278534,239094.0,215 S CENTER ST,32.743629,75051,GRAND PRAIRIE,Mexican,Americas,Latin America - Central America,Mexico
,TX,DALLAS,-96.943016,Clark Gas & Convenience Store,Convenience Store,2923,-10791647.1770842,,1053690.0,,3850361.4802431,239264.0,626 N CLARK RD,32.660759,75116,DUNCANVILLE,General Retail/Food/Other,,,
,TX,DALLAS,-96.663338,Super Mercado El Cerrito,Super Store,2616,-10760513.5645381,,975704.0,,3874465.4455353,239402.0,10880 FERGUSON RD,32.842865,75228,DALLAS,Mexican,Americas,Latin America - Central America,Mexico
,TX,DALLAS,-96.665085,Your Stop,Convenience Store,1333,-10760708.0396885,,1223655.0,,3880855.43052758,239626.0,2433 PARKCREST DR,32.891079,75041,GARLAND,General Retail/Food/Other,,,
Ste 136,TX,DALLAS,-96.597588,DOLLARTREE 8156,Discount Retail,    ,-10753194.3080184,,1654779.0,,3865047.29726577,239948.0,500 N. GALLOWAY ST.,32.771755,75149,MESQUITE,Uncategorized,,,
,TX,DALLAS,-96.541527,Beverage City 7,Convenience Store,4833,-10746953.6260451,,1244002.0,,3877333.17994597,239972.0,4400 BASS PRO DR,32.864506,75043,GARLAND,General Retail/Food/Other,,,
,TX,DALLAS,-96.899078,Sunny's Mart,Convenience Store,2765,-10786756.0212977,,1562748.0,,3850560.74827411,240082.0,607 E CAMP WISDOM RD,32.662266,75116,DUNCANVILLE,General Retail/Food/Other,,,
,TX,DALLAS,-96.91024,7-eleven Convenience Store 35027A,Convenience Store,2313,-10787998.5694539,,1562626.0,,3877852.84201475,240597.0,1985 W NORTHWEST HWY,32.868427,75220,DALLAS,General Retail/Food/Other,,,
Ste 1,TX,DALLAS,-96.740051,One Stop Food Store,Convenience Store,3303,-10769053.2166353,,1561313.0,,3863222.28483765,240760.0,5314 S 2ND AVE,32.757969,75210,DALLAS,General Retail/Food/Other,,,
,TX,DALLAS,-96.598145,South Galloway Food Mart,Convenience Store,5045,-10753256.3129748,,1561978.0,,3863243.99375556,240985.0,828 S GALLOWAY AVE,32.758133,75149,MESQUITE,General Retail/Food/Other,,,
,TX,DALLAS,-96.856277,El Rancho 1643,Super Store,1638,-10781991.4357723,,1566463.0,,3858096.52513092,241229.0,2314 W ILLINOIS AVE,32.719238,75224,DALLAS,Mexican,Americas,Latin America - Central America,Mexico
,TX,DALLAS,-96.831383,Gateway 27,Convenience Store,3404,-10779220.2483684,,1561312.0,,3856166.09221707,241230.0,440 W KIEST BLVD,32.704647,75224,DALLAS,General Retail/Food/Other,,,
,TX,DALLAS,-96.665215,7-Eleven 41997H,Convenience Store,    ,-10760722.5112223,,1566284.0,,3863956.4390901,241231.0,9211 SCYENE RD.,32.763515,75227,DALLAS,General Retail/Food/Other,,,
Unit 200,TX,DALLAS,-96.723129,7-eleven Convenience Store 33671C,Convenience Store,3695,-10767169.4682121,,1560983.0,,3891987.42842895,241292.0,377 W CAMPBELL RD,32.97501,75080,RICHARDSON,General Retail/Food/Other,,,
,TX,DALLAS,-96.649216,Ferguson Food Mart,Convenience Store,8202,-10758941.5106891,,1562317.0,,3876072.35605431,241293.0,11770 FERGUSON RD,32.854992,75228,DALLAS,General Retail/Food/Other,,,
Ste 101,TX,DALLAS,-96.855179,Desoto Grocery Food Mart,Convenience Store,5700,-10781869.2069714,,1561311.0,,3841066.91874306,241572.0,201 E BELT LINE RD,32.590439,75115,DESOTO,General Retail/Food/Other,,,
,TX,DALLAS,-96.85759,Eagle Express,Convenience Store,5132,-10782137.5982637,,1563094.0,,3847984.93571,241574.0,8661 S HAMPTON RD,32.642784,75232,DALLAS,General Retail/Food/Other,,,
,TX,DALLAS,-96.604858,EZ Convenience Store,Convenience Store,3530,-10754003.6007165,,1546725.0,,3857108.31465905,241575.0,13010 SPRING OAK DR,32.711769,75180,BALCH SPRINGS,General Retail/Food/Other,,,
Ste 110,TX,DALLAS,-96.597145,Beltline Mart,Convenience Store,5993,-10753144.993484,,1565316.0,,3861798.84950842,241674.0,1433 S BELT LINE RD,32.747215,75149,MESQUITE,General Retail/Food/Other,,,
,TX,DALLAS,-96.993996,Quick Way,Convenience Store,2115,-10797322.2447248,,1564671.0,,3869513.19053312,242240.0,820 S BELT LINE RD,32.805481,75060,IRVING,General Retail/Food/Other,,,
,TX,DALLAS,-96.87429,New Season 24,Other,1355,-10783996.6337599,,1565171.0,,3867757.66975399,242404.0,4125 N WESTMORELAND RD,32.792225,75212,DALLAS,Uncategorized,,,
,TX,DALLAS,-96.865044,Rosy's Deli Beer & Wine,Convenience Store,4074,-10782967.373748,,1565457.0,,3848457.03345738,242407.0,8438 OLD HICKORY TRL,32.646355,75237,DALLAS,General Retail/Food/Other,,,
,TX,DALLAS,-96.710434,Hello Food Mart,Convenience Store,5511,-10765756.2672765,,1566268.0,,3857244.05804181,242872.0,6411 GREAT TRINITY FOREST WAY,32.712795,75217,DALLAS,General Retail/Food/Other,,,
,TX,DALLAS,-96.604469,La Michoacana Supermarket # 30,Grocery Store,3537,-10753960.2974346,,1565731.0,,3857255.17160428,242925.0,4202 PIONEER RD,32.712879,75180,BALCH SPRINGS,Mexican,Americas,Latin America - Central America,Mexico
,TX,DALLAS,-96.565842,CASEY'S 4499,Convenience Store,4625,-10749660.3594637,,1568001.0,,3865958.45306042,242928.0,224 S COLLINS RD,32.778637,75182,SUNNYVALE,General Retail/Food/Other,,,
,TX,DALLAS,-96.665207,Dallas Bruton Fuel Mart,Convenience Store,2502,-10760721.6206664,,1569355.0,,3862029.15006172,243180.0,9203 BRUTON RD,32.748955,75217,DALLAS,General Retail/Food/Other,,,
,TX,DALLAS,-96.68335,21 Mph LLC,Convenience Store,6924,-10762741.2901878,,1566765.0,,3883305.3117653,243538.0,3501 FOREST LN,32.909557,75042,GARLAND,General Retail/Food/Other,,,
Ste A,TX,DALLAS,-96.682404,7 Mart,Convenience Store,7174,-10762635.9819496,,1567901.0,,3883318.96931709,243549.0,3425 FOREST LN,32.90966,75042,GARLAND,General Retail/Food/Other,,,
,TX,DALLAS,-96.703407,White Rock Farmers Market- Good Local Markets,Farmers and Markets,4196,-10764974.0252147,,1650163.0,,3872088.14540021,244603.0,1450 OLD GATE LN,32.824921,75218,DALLAS,General Retail/Food/Other,,,
,TX,DALLAS,-96.750565,Racetrac 2626,Convenience Store,    ,-10770223.6297615,,1571313.0,,3849305.29676874,244822.0,7750 BONNIE VIEW RD,32.652771,75241,DALLAS,General Retail/Food/Other,,,
,TX,DALLAS,-96.953346,Mr. K Food Mart,Convenience Store,4046,-10792797.1074241,,1569189.0,,3869877.41177356,244836.0,520 W 6TH ST,32.808231,75060,IRVING,General Retail/Food/Other,,,
,TX,DALLAS,-96.647728,7-Eleven 35400K,Convenience Store,3375,-10758775.8672868,,1431701.0,,3860014.7020466,244962.0,10208 LAKE JUNE RD,32.733734,75217,DALLAS,General Retail/Food/Other,,,
,TX,DALLAS,-96.678093,Wilmer Chevron,Convenience Store,    ,-10762156.0836247,,1586429.0,,3841156.63082212,245101.0,104 S INTERSTATE HIGHWAY 45,32.591118,75172,WILMER,General Retail/Food/Other,,,
,TX,DALLAS,-96.782661,Payless Fuel Travel Center,Convenience Store,6303,-10773796.540138,,1588221.0,,3848746.43565528,245294.0,8181 S LANCASTER RD,32.648544,75241,DALLAS,General Retail/Food/Other,,,
,TX,DALLAS,-96.583076,Best For Less,Convenience Store,5263,-10751578.839568,,1585096.0,,3862683.01637945,245320.0,1066 PIONEER RD,32.753895,75149,MESQUITE,General Retail/Food/Other,,,
,TX,DALLAS,-96.684113,Supreme Beer & Wine,Convenience Store,4852,-10762826.2269593,,1571025.0,,3870151.31357022,245487.0,2932 N BUCKNER BLVD,32.810299,75228,DALLAS,General Retail/Food/Other,,,
,TX,DALLAS,-96.818344,QuikTrip 1907,Convenience Store,3481,-10777768.753528,,1590662.0,,3890103.56626451,245603.0,5403 ARAPAHO RD,32.960812,75248,DALLAS,General Retail/Food/Other,,,
Ste 216,TX,DALLAS,-96.885422,Q Mart,Convenience Store,4061,-10785235.8423314,,1584733.0,,3848760.05320136,245604.0,4041 W WHEATLAND RD,32.648647,75237,DALLAS,General Retail/Food/Other,,,
,TX,DALLAS,-96.831619,Desoto Beer & Wine 119,Convenience Store,4735,-10779246.5197683,,943774.0,,3842907.1433238,245660.0,1031 E PLEASANT RUN RD,32.604366,75115,DE SOTO,General Retail/Food/Other,,,
,TX,DALLAS,-96.811989,C Store # 12,Convenience Store,3520,-10777061.318164,,880778.0,,3870382.17482165,245692.0,4040 CEDAR SPRINGS RD,32.812042,75219,DALLAS,General Retail/Food/Other,,,
Ste 130,TX,DALLAS,-96.716133,Caribbean Mart,Convenience Store,9094,-10766390.6770545,,1589903.0,,3882578.0369336,245965.0,9205 SKILLMAN ST,32.904072,75243,DALLAS,Caribbean,Americas,Latin America - Caribbean,Multiple Caribbean
,TX,DALLAS,-97.0056,Shop & Fun Food Mart 0,Convenience Store,3032,-10798613.996096,,1595903.0,,3860083.91362468,246411.0,917 SW 3RD ST,32.734257,75051,GRAND PRAIRIE,General Retail/Food/Other,,,
Ste 230,TX,DALLAS,-96.888069,Ez Quick Mart,Convenience Store,    ,-10785530.5050236,,1642929.0,,3850452.71734528,246740.0,4210 W CAMP WISDOM RD,32.661449,75237,DALLAS,General Retail/Food/Other,,,
,TX,DALLAS,-96.799332,Dream Food Market,Convenience Store,5627,-10775652.347369,,1595056.0,,3856260.41691139,247427.0,3502 S LANCASTER RD,32.70536,75216,DALLAS,General Retail/Food/Other,,,
Ste 222,TX,DALLAS,-96.681885,Kayan Spice Asian Market,Convenience Store,1424,-10762578.2071338,,1600146.0,,3877472.20485874,247485.0,11411 E NORTHWEST HWY,32.865555,75218,DALLAS,Asian (General),Asia,General,
,TX,DALLAS,-96.857193,QuikTrip 1912,Convenience Store,7921,-10782093.4044258,,1600636.0,,3883322.01906384,247496.0,3645 FOREST LN,32.909683,75234,DALLAS,General Retail/Food/Other,,,
,TX,DALLAS,-96.767403,Ash Lane Quick Stop,Convenience Store,1713,-10772098.0273475,,1594926.0,,3865490.28865183,247760.0,3116 AL LIPSCOMB WAY,32.775101,75215,DALLAS,General Retail/Food/Other,,,
,TX,DALLAS,-96.87088,7-Eleven Convenience Store 35981B,Convenience Store,3737,-10783617.0342963,,1597248.0,,3881450.68424295,247761.0,10811 WEBB CHAPEL RD,32.895569,75229,DALLAS,General Retail/Food/Other,,,
,TX,DALLAS,-96.857246,M&W Market,Convenience Store,8223,-10782099.3043588,,1588287.0,,3837194.22445682,247921.0,1643 S HAMPTON RD,32.561123,75154,GLENN HEIGHTS,General Retail/Food/Other,,,
Ste A,TX,DALLAS,-96.586929,Los Molina Carniceria,Grocery Store,4779,-10752007.7535661,,1603107.0,,3864232.18896869,248083.0,911 E DAVIS ST,32.765598,75149,MESQUITE,Mexican,Americas,Latin America - Central America,Mexico
,TX,DALLAS,-96.750748,Amigo Food Mart,Convenience Store,1610,-10770244.0012283,,1606045.0,,3868389.07617666,248184.0,722 S BEACON ST,32.796993,75223,DALLAS,General Retail/Food/Other,,,
,TX,DALLAS,-96.898651,BH Supermercado,Convenience Store,2103,-10786708.4878751,,1601725.0,,3866783.21440977,248230.0,4754 BERNAL DR,32.784866,75212,DALLAS,General Retail/Food/Other,,,
,TX,DALLAS,-96.691399,Q Mart,Convenience Store,2926,-10763637.3007692,,1603547.0,,3874484.65773092,248415.0,10433 GARLAND RD,32.84301,75218,DALLAS,General Retail/Food/Other,,,
,TX,DALLAS,-96.896828,Foodland Super Market,Convenience Store,3496,-10786505.5524434,,1604889.0,,3865990.22959947,248870.0,4639 SINGLETON BLVD,32.778877,75212,DALLAS,General Retail/Food/Other,,,
,TX,DALLAS,-96.760864,Shine Grocery Store ,Grocery Store,6607,-10771370.1091972,,1595585.0,,3878249.26380177,248879.0,8361 PARK LN,32.871418,75231,DALLAS,General Retail/Food/Other,,,
,TX,DALLAS,-96.609695,DOLLARTREE 10434,Discount Retail,    ,-10754542.0530935,,1607640.0,,3870199.26028489,248942.0,3330 N. GALLOWAY AVE.,32.810661,75150,MESQUITE,Uncategorized,,,
,TX,DALLAS,-96.635078,80 Food Mart,Convenience Store,4029,-10757367.6757283,,1603542.0,,3870163.36645525,248947.0,2220 N TOWN EAST BLVD,32.81039,75150,MESQUITE,General Retail/Food/Other,,,
,TX,DALLAS,-96.88031,Amigo Supermart,Convenience Store,3146,-10784666.7770945,,1345472.0,,3862036.69446628,248962.0,3726 W DAVIS ST,32.749012,75211,DALLAS,General Retail/Food/Other,,,
,TX,DALLAS,-96.681618,Thakurs Truck Stop,Convenience Store,7705,-10762548.4848298,,1609760.0,,3881414.2257427,250181.0,1910 S JUPITER RD,32.895294,75042,GARLAND,General Retail/Food/Other,,,
,TX,DALLAS,-96.874191,M & M Food Mart,Convenience Store,3652,-10783985.6131303,,1609443.0,,3866336.73184048,250301.0,3223 N WESTMORELAND RD,32.781494,75212,DALLAS,General Retail/Food/Other,,,
Ste 21,TX,DALLAS,-96.746574,Ez Trip # 27,Convenience Store,7322,-10769779.3536738,,1606957.0,,3887455.81737252,250566.0,818 S CENTRAL EXPY,32.940853,75080,RICHARDSON,General Retail/Food/Other,,,
Ste 150,TX,DALLAS,-96.908501,Davis Food Mart,Convenience Store,1217,-10787804.9848594,,1611279.0,,3862150.7876291,250576.0,4919 W DAVIS ST,32.749874,75211,DALLAS,General Retail/Food/Other,,,
,TX,DALLAS,-96.68354,7-eleven Convenience Sore 34113B,Convenience Store,3828,-10762762.4408911,,1648020.0,,3877336.62572946,250588.0,11363 E NORTHWEST HWY,32.864532,75238,DALLAS,General Retail/Food/Other,,,
Ste 114,TX,DALLAS,-96.991692,DOLLARTREE 9631,Discount Retail,5931,-10797065.764618,,1614628.0,,3874077.23341037,250658.0,3401 W AIRPORT FWY,32.839935,75062,IRVING,Uncategorized,,,
,TX,DALLAS,-96.811768,Montfort Mart N/A,Convenience Store,5116,-10777036.7165565,,1611266.0,,3885989.52493462,250719.0,13329 MONTFORT DR,32.929798,75240,DALLAS,General Retail/Food/Other,,,
,TX,DALLAS,-96.889511,Happy Mart,Convenience Store,2417,-10785691.0277293,,1607712.0,,3850464.88234546,250853.0,4302 W CAMP WISDOM RD,32.661541,75237,DALLAS,General Retail/Food/Other,,,
Ste 127,TX,DALLAS,-96.745796,African Food Market,Grocery Store,7857,-10769692.7471099,,1614231.0,,3876890.27264671,251092.0,6301 ABRAMS RD,32.861164,75231,DALLAS,African,Africa,Multiple African Regions,Multiple African
,TX,DALLAS,-96.787453,Big M Express,Convenience Store,7407,-10774329.9831379,,1371429.0,,3853898.95439701,251140.0,2207 E LEDBETTER DR,32.687508,75216,DALLAS,General Retail/Food/Other,,,
,TX,DALLAS,-96.956619,Sims Drive-in Grocery 01,Convenience Store,2676,-10793161.4561174,,1607370.0,,3840768.05954808,251148.0,216 HOUSTON ST,32.588177,75104,CEDAR HILL,General Retail/Food/Other,,,
Ste D,TX,DALLAS,-96.752419,New Valley Mart,Convenience Store,4233,-10770430.0160974,,1611180.0,,3887292.40058322,251533.0,8702 SPRING VALLEY RD,32.939621,75240,DALLAS,General Retail/Food/Other,,,
Ste 800,TX,DALLAS,-96.681061,Pic-n-go,Convenience Store,8101,-10762486.4798734,,1611278.0,,3891837.61593907,251656.0,3443 W CAMPBELL RD,32.973881,75044,GARLAND,General Retail/Food/Other,,,
,TX,DALLAS,-96.990425,DOLLARTREE 10116,Discount Retail,5028,-10796924.7228232,,1616678.0,,3877271.95119235,251965.0,4070 N BELT LINE RD,32.864044,75038,IRVING,Uncategorized,,,
,TX,DALLAS,-96.911362,Bernal Food Mart,Convenience Store,4408,-10788123.4699226,,1409803.0,,3865612.49153779,252139.0,5547 BERNAL DR,32.776024,75212,DALLAS,General Retail/Food/Other,,,
,TX,DALLAS,-96.585648,Gateway 01,Convenience Store,6000,-10751865.1532984,,1607459.0,,3855945.56322896,252168.0,102 S BELT LINE RD,32.70298,75253,DALLAS,General Retail/Food/Other,,,
,TX,DALLAS,-96.722107,Sure Fuel And Groceries,Convenience Store,6671,-10767055.6996925,,1611286.0,,3868204.73590303,252184.0,7205 FERGUSON RD,32.795601,75228,DALLAS,General Retail/Food/Other,,,
A,TX,DALLAS,-96.825394,Star Mart,Convenience Store,    ,-10778553.5559381,,1610280.0,,3869521.26950024,252657.0,4340 HARRY HINES BLVD,32.805542,75219,DALLAS,General Retail/Food/Other,,,
,TX,DALLAS,-96.992432,TRADER JOE'S COPPELL 456,Supermarket,3297,-10797148.1410412,,1615055.0,,3891101.58540329,252702.0,120 S DENTON TAP RD,32.968334,75019,COPPELL,General Retail/Food/Other,,,
,TX,DALLAS,-96.752724,Asmara Grocery,Convenience Store,1830,-10770463.9685421,,1611277.0,,3868052.1806175,252737.0,5338 LINDSLEY AVE,32.794449,75223,DALLAS,General Retail/Food/Other,,,
,TX,DALLAS,-96.925308,Cedar Ridge Food Mart,Convenience Store,4531,-10789675.9315412,,1611282.0,,3849121.65106124,252758.0,102 S CEDAR RIDGE DR,32.651382,75116,DUNCANVILLE,General Retail/Food/Other,,,
,TX,DALLAS,-96.879875,Discount Corner Store,Convenience Store,3720,-10784618.353116,,1611280.0,,3854504.35492654,252763.0,4202 S WESTMORELAND RD,32.692085,75233,DALLAS,General Retail/Food/Other,,,
Suite A,TX,DALLAS,-97.01812,Kwik Vape And Grocerries,Convenience Store,    ,-10800007.7161207,,1614161.0,,3861984.67788028,252795.0,1003 HILL ST,32.748619,75050,GRAND PRAIRIE,General Retail/Food/Other,,,
Ste 102,TX,DALLAS,-96.64003,Royal Indo Pak International Foods,Grocery Store,3654,-10757918.9298467,,1615649.0,,3887473.98967238,252945.0,901 BELT LINE RD,32.94099,75040,GARLAND,General Retail/Food/Other,,,
,TX,DALLAS,-96.790649,4848 Lancaster Llc 001,Convenience Store,7193,-10774685.7602305,,1614517.0,,3854156.21606927,253109.0,4830 S LANCASTER RD,32.689453,75216,DALLAS,General Retail/Food/Other,,,
Ste 125,TX,DALLAS,-96.827362,7-11 34676B,Convenience Store,7580,-10778772.632696,,1647260.0,,3889124.20492888,253330.0,4900 BELT LINE RD,32.95343,75254,ADDISON,General Retail/Food/Other,,,
,TX,DALLAS,-96.789513,Tom Thumb 3311,Supermarket,5729,-10774559.3012889,,1424613.0,,3867370.7381686,253452.0,2727 LIVE OAK ST,32.789303,75204,DALLAS,General Retail/Food/Other,,,
,TX,DALLAS,-96.770432,7-eleven Convenience Store 34112C,Convenience Store,4117,-10772435.2140851,,1607168.0,,3874784.37204651,253453.0,4747 GREENVILLE AVE,32.845272,75206,DALLAS,General Retail/Food/Other,,,
,TX,DALLAS,-96.649124,J&S Asian Grocery,Grocery Store,    ,-10758931.269296,,1613664.0,,3877453.51790636,253455.0,4301 SATURN RD,32.865414,75041,GARLAND,Asian (General),Asia,General,
Ste C,TX,DALLAS,-96.773392,CT Grocery,Convenience Store,7949,-10772764.7197779,,1614356.0,,3854931.34167244,253472.0,4865 SUNNYVALE ST,32.695313,75216,DALLAS,General Retail/Food/Other,,,
Ste 110,TX,DALLAS,-96.973328,OK Food Mart 9,Convenience Store,    ,-10795021.4934891,,1614259.0,,3866551.36443903,253653.0,2800 GLENWICK LANE,32.783115,75060,IRVING,General Retail/Food/Other,,,
Ste F,TX,DALLAS,-96.584038,Grab & Go,Convenience Store,5285,-10751685.9289182,,1614577.0,,3863526.21332679,253655.0,601 PIONEER RD,32.760265,75149,MESQUITE,General Retail/Food/Other,,,
Ste 130,TX,DALLAS,-96.667526,Prada Kwik Mart,Convenience Store,8707,-10760979.7705655,,1614237.0,,3869803.63950676,253780.0,8300 LA PRADA DR,32.807674,75228,DALLAS,General Retail/Food/Other,,,
Ste 107,TX,DALLAS,-96.74559,Abugeda Grocery Llc,Grocery Store,9329,-10769669.8152948,,1345798.0,,3883720.61452244,253785.0,12101 GREENVILLE AVE,32.912689,75243,DALLAS,General Retail/Food/Other,,,
,TX,DALLAS,-96.994431,Circle A,Convenience Store,3308,-10797370.6687033,,1431703.0,,3858512.52708402,253849.0,1701 S BELT LINE RD,32.722382,75051,GRAND PRAIRIE,General Retail/Food/Other,,,
,TX,DALLAS,-96.953293,7-Eleven Inc. 42324H,Convenience Store,    ,-10792791.2074911,,1620141.0,,3883175.89730588,253869.0,STATE HWY 161 & LAS COLINAS BLVD,32.908581,75039,IRVING,General Retail/Food/Other,,,
,TX,DALLAS,-96.820068,Rush 24/7 #3 3,Convenience Store,6751,-10777960.6683301,,1399352.0,,3853688.51983858,254548.0,303 E LEDBETTER DR,32.685917,75216,DALLAS,General Retail/Food/Other,,,
,TX,DALLAS,-96.802505,DOLLARTREE 10465,Discount Retail,4528,-10776005.5641133,,1620418.0,,3856556.22827447,254570.0,3211 S LANCASTER RD,32.707596,75216,DALLAS,Uncategorized,,,
Ste 100,TX,DALLAS,-96.890602,7-eleven Convenience Store 27528B,Convenience Store,2954,-10785812.4772937,,1623641.0,,3891883.13007137,254580.0,2145 N JOSEY LN,32.974224,75006,CARROLLTON,General Retail/Food/Other,,,
Ste A,TX,DALLAS,-96.890846,My-t-quick ,Convenience Store,4244,-10785839.6392495,,781202.0,,3849769.77845109,254664.0,4330 GANNON LN,32.656284,75237,DALLAS,General Retail/Food/Other,,,
Ste 110,TX,DALLAS,-96.957031,Indian Super Market,Convenience Store,4312,-10793207.3197476,,1610702.0,,3884688.38530479,256038.0,8140 N MACARTHUR BLVD,32.919987,75063,IRVING,Indian/South Asian,Asia,South Central Asia,Multiple South Central Asian
Ste 101,TX,DALLAS,-96.602165,Grab N Go,Convenience Store,4726,-10753703.8173278,,1083996.0,,3870657.0155489,256040.0,427 N TOWN EAST BLVD,32.814117,75150,MESQUITE,General Retail/Food/Other,,,
,TX,DALLAS,-96.942039,24 Seven Food Mart,Convenience Store,7651,-10791538.4179417,,1618641.0,,3871173.46857043,256310.0,401 E PIONEER DR,32.818016,75061,IRVING,General Retail/Food/Other,,,
,TX,DALLAS,-96.627251,7-eleven Convenience Store 42030B,Convenience Store,3623,-10756496.3780738,,1617654.0,,3864391.84355187,256460.0,1900 W SCYENE RD,32.766804,75149,MESQUITE,General Retail/Food/Other,,,
,TX,DALLAS,-96.880508,Coombs Creek Food Mart,Convenience Store,8304,-10784688.8183537,,1618643.0,,3857975.45861544,257031.0,2711 COOMBS CREEK DR,32.718323,75211,DALLAS,General Retail/Food/Other,,,
Ste 210,TX,DALLAS,-96.598457,Broadway Tobacco Beer And Wine,Convenience Store,7027,-10753291.0446559,,1645243.0,,3875418.27576224,257462.0,5335 BROADWAY BLVD,32.850056,75043,GARLAND,General Retail/Food/Other,,,
Ste 110,TX,DALLAS,-96.717529,Tx Food Mart,Convenience Store,2443,-10766546.0790637,,1646044.0,,3886152.92357555,257763.0,13350 AUDELIA RD,32.93103,75243,DALLAS,General Retail/Food/Other,,,
Ste 100,TX,DALLAS,-96.885223,W Whipin,Convenience Store,4073,-10785213.6897528,,1237750.0,,3849652.36718175,258203.0,7460 S WESTMORELAND RD,32.655396,75237,DALLAS,General Retail/Food/Other,,,
Ste 126,TX,DALLAS,-96.681976,AB Indian Grocery Store,Grocery Store,5860,-10762588.3372075,,1620098.0,,3889961.34019634,258379.0,4750 N JUPITER RD,32.95974,75044,GARLAND,Indian/South Asian,Asia,South Central Asia,Multiple South Central Asian
,TX,DALLAS,-96.952705,7-eleven Convenience Store 39047D,Convenience Store,5002,-10792725.7516305,,1618217.0,,3887645.10248976,258380.0,10025 N MACARTHUR BLVD,32.94228,75063,IRVING,General Retail/Food/Other,,,
,TX,DALLAS,-96.67659,Tres Amigos,Convenience Store,3833,-10761988.7704301,,1626508.0,,3871550.45782245,258421.0,2308 OATES DR,32.820862,75228,DALLAS,Mexican,Americas,Latin America - Central America,Mexico
,TX,DALLAS,-96.985214,QuikTrip 1929,Convenience Store,    ,-10796344.6369567,,1625585.0,,3852171.94116013,258596.0,4005 S BELT LINE RD,32.67445,75052,GRAND PRAIRIE,General Retail/Food/Other,,,
,TX,DALLAS,-96.798836,BZ Mart,Convenience Store,5629,-10775597.1329016,,1622630.0,,3856154.97967999,258646.0,3602 S LANCASTER RD,32.704563,75216,DALLAS,General Retail/Food/Other,,,
,TX,DALLAS,-96.891876,Circle M Food Mart,Convenience Store,1501,-10785954.298325,,1622414.0,,3854912.16132941,258729.0,3933 S COCKRELL HILL RD,32.695168,75236,DALLAS,General Retail/Food/Other,,,
Ste 100,TX,DALLAS,-96.699738,Zing Oriental Market,Grocery Store,2923,-10764565.594003,,1626857.0,,3879158.39388749,258730.0,9658 PLANO RD,32.878277,75238,DALLAS,General Retail/Food/Other,,,
,TX,DALLAS,-96.76339,Cerveceria El Rancho,Convenience Store,6720,-10771651.3022309,,1395153.0,,3887340.41729322,258751.0,1264 W SPRING VALLEY RD,32.939983,75080,RICHARDSON,Mexican,Americas,Latin America - Central America,Mexico
,TX,DALLAS,-96.789986,Simply Grace Gardens NAFMNP,Farmers and Markets,4142,-10774611.9554081,,1624179.0,,3844106.93828792,258950.0,1839 KINGS CROSS DR,32.613445,75134,LANCASTER,General Retail/Food/Other,,,
,TX,DALLAS,-97.008926,Brake Time 103034,Convenience Store,5914,-10798984.2447224,,1630571.0,,3873838.74767388,258988.0,4125 W AIRPORT FWY,32.838135,75062,IRVING,General Retail/Food/Other,,,
,TX,DALLAS,-96.94236,Clark Loan Stop,Convenience Store,2057,-10791574.1514982,,1642939.0,,3848517.05507607,259091.0,602 S CLARK RD,32.646809,75137,DUNCANVILLE,General Retail/Food/Other,,,
,TX,DALLAS,-96.587395,Miracle Mart,Convenience Store,3147,-10752059.6284488,,1647081.0,,3856294.2840262,259092.0,4290 S BELT LINE RD,32.705616,75180,BALCH SPRINGS,General Retail/Food/Other,,,
,TX,DALLAS,-96.803665,Addison 9068,Specialty Store,4852,-10776134.6947226,,1650424.0,,3889244.13315966,259160.0,15114 PRESTON RD,32.954334,75248,DALLAS,Uncategorized,,,
,TX,DALLAS,-97.005516,Star Mart,Convenience Store,3034,-10798604.6452588,,1642995.0,,3859800.18843519,259185.0,1033 SW 3RD ST,32.732113,75051,GRAND PRAIRIE,General Retail/Food/Other,,,
,TX,DALLAS,-96.958145,Las Colinas 9073,Specialty Store,2805,-10793331.3296604,,1650423.0,,3882809.67272432,259353.0,7201 STATE HIGHWAY 161,32.905819,75039,IRVING,Mexican,Americas,Latin America - Central America,Mexico
Ste 115,TX,DALLAS,-96.822517,Flamingo Beer Wine Beverages,Convenience Store,8362,-10778233.2897631,,1267991.0,,3887983.62140231,259881.0,14444 DALLAS PKWY,32.944832,75254,DALLAS,General Retail/Food/Other,,,
,TX,DALLAS,-96.568962,EZ Fuel Stop,Convenience Store,4004,-10750007.676275,,1643113.0,,3883098.46146729,259906.0,3501 LAKEVIEW PKWY,32.907997,75088,ROWLETT,General Retail/Food/Other,,,
,TX,DALLAS,-96.814987,S & K Grocery,Convenience Store,4307,-10777395.0539974,,1621615.0,,3857262.31604282,259907.0,2801 S MARSALIS AVE,32.712933,75216,DALLAS,General Retail/Food/Other,,,
,TX,DALLAS,-96.858315,1 Stop Mart,Convenience Store,3135,-10782218.3048945,,1366471.0,,3874315.85647884,259910.0,8460 DENTON DR,32.841736,75235,DALLAS,General Retail/Food/Other,,,
,TX,DALLAS,-96.759315,Myrtle Management Group LLC,Convenience Store,3819,-10771197.675306,,1631786.0,,3863454.06931321,260002.0,3945 MYRTLE ST,32.75972,75215,DALLAS,General Retail/Food/Other,,,
Ste 101,TX,DALLAS,-96.719643,Aso Rock Market Inc,Grocery Store,0621,-10766781.4084672,,1413573.0,,3882063.07138842,260278.0,10061 WHITEHURST DR,32.900188,75243,DALLAS,General Retail/Food/Other,,,
,TX,DALLAS,-96.972183,India Cash & Carry,Super Store,3901,-10794894.0326721,,1634192.0,,3884785.45852345,260872.0,1900 MARKET PLACE BLVD,32.920719,75063,IRVING,Indian/South Asian,Asia,South Central Asia,Multiple South Central Asian
Ste 100,TX,DALLAS,-96.824776,Bag's African And Caribbean Food Market Llc,Grocery Store,1001,-10778484.7604928,,1626627.0,,3870608.53715204,261011.0,4636 MAPLE AVE,32.813751,75219,DALLAS,Caribbean,Americas,Latin America - Caribbean,Multiple Caribbean
,TX,DALLAS,-96.801598,Seven Eleven 35832,Convenience Store,8629,-10775904.5973352,,1157354.0,,3868569.44639286,261221.0,2711 MCKINNEY AVE,32.798355,75204,DALLAS,General Retail/Food/Other,,,
,TX,DALLAS,-96.781937,South Central 1st Gas Beer & Wine,Convenience Store,1306,-10773715.9448267,,1625230.0,,3865006.38826172,261261.0,2111 S CESAR CHAVEZ BLVD,32.771446,75215,DALLAS,General Retail/Food/Other,,,
,TX,DALLAS,-96.663429,Ak Conoco,Convenience Store,4003,-10760523.6946118,,1479763.0,,3878758.36268197,261311.0,3321 S GARLAND AVE,32.875259,75041,GARLAND,General Retail/Food/Other,,,
,TX,DALLAS,-96.611244,Raceway6828,Convenience Store,4853,-10754714.4869847,,879588.0,,3868520.44686842,261347.0,2400 N GALLOWAY AVE,32.797985,75150,MESQUITE,General Retail/Food/Other,,,
,TX,DALLAS,-96.569237,7-Eleven Inc. 39444K,Convenience Store,4011,-10750038.289135,,1162984.0,,3875622.47317852,261351.0,501 E INTERSTATE 30,32.851597,75043,GARLAND,General Retail/Food/Other,,,
,TX,DALLAS,-96.856308,La Guadalupana,Grocery Store,7823,-10781994.8866765,,1412963.0,,3860442.81459266,261452.0,902 S HAMPTON RD,32.736969,75208,DALLAS,Mexican,Americas,Latin America - Central America,Mexico
,TX,DALLAS,-96.577774,7-Eleven Convenience Store 42293A,Convenience Store,    ,-10750988.6236279,,1627118.0,,3888814.57288966,261523.0,5550 N PRESIDENT GEORGE BUSH HWY,32.951096,75048,SACHSE,General Retail/Food/Other,,,
,TX,DALLAS,-96.875627017026,LA AZTECA MEAT MARKET #2,Meat Market,,,,1.0322912340599654e+19,,,,3046 FOREST LN STE B,32.909523384707,75234,DALLAS,Mexican,Americas,Latin America - Central America,Mexico
,TX,DALLAS,-96.939050248351,DONUT HOUSE,Bakery,,,,4.2441812413866496e+18,,,,6421 RIVERSIDE DR STE 110,32.897319553596,75039,IRVING,Uncategorized,,,
,TX,DALLAS,-96.787728484408,MARIA ANDREE BOUTIQUE BAKERY,Bakery,,,,7.193466258928717e+18,,,,6906 SNIDER PLZ,32.849445592542,75205,DALLAS,Uncategorized,,,
,TX,DALLAS,-96.812826299989,DOMINO'S #6971,Specialty Food,,,,7.199533688297427e+17,,,,2615 OAK LAWN AVE STE 110,32.805478942931,75219,DALLAS,Italian,Europe,Southern Europe,Italy
,TX,DALLAS,-96.665240874123,SAVE-A-LOT #757,Supermarket,,,,1.486768448312461e+18,,,,2233 N PRAIRIE CREEK RD,32.750592964147,75227,DALLAS,General Retail/Food/Other,,,
,TX,DALLAS,-97.005781666182,"SPEC'S WINES, SPIRITS & FINER FOODS, #218, SFP DIS",Liquor Store,,,,1.4080401281180844e+19,,,,4136 S CARRIER PKWY STE 350,32.671300056949,75052,GRAND PRAIRIE,Liquor Store,,,
,TX,DALLAS,-96.92903041087,ONHAND VENDING LLC,Convenience Store,,,,9.367878070999631e+17,,,,757 LAKE CAROLYN PKWY APT 1235,32.864310710255,75039,IRVING,General Retail/Food/Other,,,
,TX,DALLAS,-96.66480715366,TOM THUMB #1783,Supermarket,,,,2.0100225837794104e+18,,,,2645 ARAPAHO ROAD,32.959649205707,75044,GARLAND,General Retail/Food/Other,,,
,TX,DALLAS,-96.763188753689,JOHNNYS LIQUOR #3,Liquor Store,,,,8689146396033878.0,,,,4928 COLUMBIA AVE,32.795368553184,75214,DALLAS,Liquor Store,,,
,TX,DALLAS,-96.828846329583,MAMA TECHNOLOGIES INC,Specialty Food,,,,1.6436888755446628e+19,,,,4653 NALL RD STE F2,32.935700293658,75244,FARMERS BRANCH,Uncategorized,,,
,TX,DALLAS,-96.772638065062,DOMINO'S #6564,Specialty Food,,,,4.574775119780922e+18,,,,4880 SUNNYVALE ST,32.695615378493,75216,DALLAS,Italian,Europe,Southern Europe,Italy
,TX,DALLAS,-96.97632744756,DOMINO'S #6975,Specialty Food,,,,1.6173864264014514e+19,,,,222 N STORY RD STE 118,32.816543194923,75061,IRVING,Italian,Europe,Southern Europe,Italy
,TX,DALLAS,-96.736977667789,RICHLAND MARKET GROCERY INC,Convenience Store,,,,1.809935621536267e+19,,,,9410 WALNUT ST STE 102,32.923353592746,75243,DALLAS,General Retail/Food/Other,,,
,TX,DALLAS,-96.854551845869,DOMINO'S #6983,Specialty Food,,,,1.7723175324913123e+19,,,,2220 MARSH LN STE 100,32.969806885481,75006,CARROLLTON,Italian,Europe,Southern Europe,Italy
,TX,DALLAS,-96.842446436719,SAVE-A-LOT #738,Supermarket,,,,4.7892720287903136e+17,,,,1150 W KIEST BLVD STE 201,32.705729983079,75224,DALLAS,General Retail/Food/Other,,,
,TX,DALLAS,-96.635485380804,MI RINCON LATINO,Convenience Store,,,,1.7950943078466271e+19,,,,11206 LAKE JUNE RD STE E,32.733989968864,75180,BALCH SPRINGS,Mexican,Americas,Latin America - Central America,Mexico
,TX,DALLAS,-96.890122945445,FIESTA MART # 70,Supermarket,,,,1.2253033883226775e+18,,,,1235 S JOSEY LN,32.950704227597,75006,CARROLLTON,Mexican,Americas,Latin America - Central America,Mexico
,TX,DALLAS,-96.708404384865,LA PLAZA FOOD MARKETS,Liquor Store,,,,1.0622320331564532e+19,,,,801 W PALESTINE ST # 106,32.648903065065,75141,HUTCHINS,Mexican,Americas,Latin America - Central America,Mexico
,TX,DALLAS,-96.779838354163,SAVE-A-LOT #755,Supermarket,,,,1.625864220150154e+18,,,,1055 W PLEASANT RUN RD,32.605050573064,75146,LANCASTER,General Retail/Food/Other,,,
,TX,DALLAS,-96.698767667295,FOOD PLUS,Convenience Store,,,,1.6447410838437183e+19,,,,6214 SAMUELL BLVD,32.792075828527,75228,DALLAS,General Retail/Food/Other,,,
,TX,DALLAS,-96.881432977965,DOMINO'S #6927,Specialty Food,,,,4.5940769230170537e+18,,,,13260 JOSEY LN STE 117,32.926386327561,75234,FARMERS BRANCH,Italian,Europe,Southern Europe,Italy
,TX,DALLAS,-96.620719920038,SWEET FROG,Specialty Food,,,,3.545514168791748e+18,,,,1515 N TOWN EAST BLVD STE 121,32.81094264592,75150,MESQUITE,Uncategorized,,,
,TX,DALLAS,-96.613992735194,RARA FOOD MART,Convenience Store,,,,1.7599908572063484e+19,,,,3300 SHEPHERD LN STE A,32.724621125423,75180,BALCH SPRINGS,General Retail/Food/Other,,,
,TX,DALLAS,-96.735408594202,DOMINO'S #6934,Specialty Food,,,,2.797273529455956e+18,,,,518 W ARAPAHO RD STE B103,32.961510474216,75080,RICHARDSON,Italian,Europe,Southern Europe,Italy
,TX,DALLAS,-96.938674074844,CREAMISTRY,Specialty Food,,,,1.7345619293906029e+19,,,,5250 N OCONNOR BLVD STE 140,32.869881996127,75039,IRVING,Uncategorized,,,
,TX,DALLAS,-96.689439911806,THE CORNER SPOT,Convenience Store,,,,3.697266013987342e+17,,,,11306 LYNDON B JOHNSON FWY STE 100,32.878564489602,75238,DALLAS,General Retail/Food/Other,,,
,TX,DALLAS,-96.920244386608,LA CAMPESINA,Confectionery,,,,1.588934089791244e+19,,,,712 S WALTON WALKER BLVD STE 1-D,32.750682145297,75211,DALLAS,Mexican,Americas,Latin America - Central America,Mexico
,TX,DALLAS,-96.626565578631,BALCH SPRINGS LIQUOR ZONE,Liquor Store,,,,1.2817580105597403e+19,,,,1820 W BRUTON RD,32.748513209009,75180,BALCH SPRINGS,Liquor Store,,,
,TX,DALLAS,-96.664518027445,LA MICHOACANA MEAT MARKET,Supermarket,,,,7.037825451956454e+18,,,,2441 W WALNUT ST STE 225,32.916420451999,75042,GARLAND,Mexican,Americas,Latin America - Central America,Mexico
,TX,DALLAS,-96.896482669308,SONNY'S LIQUOR,Liquor Store,,,,1.5769249059208972e+19,,,,2450 WALNUT HILL LN,32.880930878726,75229,DALLAS,Liquor Store,,,
,TX,DALLAS,-96.767095747407,BIG JIM DISCOUNT LIQUOR,Liquor Store,,,,1.1583393449138868e+19,,,,117 S CARROLL AVE,32.791088263127,75226,DALLAS,Liquor Store,,,
,TX,DALLAS,-96.790966785408,SHOP AND GO,Convenience Store,,,,9.079024857743316e+18,,,,1900 N HALL ST,32.797083256121,75204,DALLAS,General Retail/Food/Other,,,
,TX,DALLAS,-96.718623185212,ORCHARD AT THE OFFICE,Specialty Food,,,,7.846640348698264e+18,,,,797 N GROVE RD STE 105,32.959279244649,75081,RICHARDSON,Uncategorized,,,
,TX,DALLAS,-96.804624746015,SAVE-A-LOT #752,Supermarket,,,,1.3634041600269107e+19,,,,2611 S LANCASTER RD,32.716732080961,75216,DALLAS,General Retail/Food/Other,,,
,TX,DALLAS,-96.700561996682,LYAN ASIAN MARKET & RESTAURANT,Supermarket,,,,5.831863354960288e+17,,,,4413 W WALNUT ST STE 309,32.916698644326,75042,GARLAND,Asian (General),Asia,General,
,TX,DALLAS,-96.804964493548,STAR LIQUOR BEER & WINE,Liquor Store,,,,8.611891341759807e+17,,,,460 N LAMAR ST # 300,32.781703622844,75202,DALLAS,Liquor Store,,,
,TX,DALLAS,-96.939132144645,DOMINO'S #6930,Specialty Food,,,,4.049864719391081e+18,,,,6451 RIVERSIDE DR,32.897511645472,75039,IRVING,Italian,Europe,Southern Europe,Italy
,TX,DALLAS,-96.823988815824,"CHEERS LIQUOR, BEER & WINE",Liquor Store,,,,1.6921125994912893e+19,,,,5460 LEMMON AVE,32.827962271432,75209,DALLAS,Liquor Store,,,
,TX,DALLAS,-96.822625357391,DOMINO'S #9288,Specialty Food,,,,4.69581930536929e+18,,,,1133 N ZANG BLVD STE 105,32.756780719516,75203,DALLAS,Italian,Europe,Southern Europe,Italy
,TX,DALLAS,-96.664481787932,TOM THUMB #1783 FUEL STATION,Supermarket,,,,9.386656482590922e+17,,,,2601 ARAPAHO RD,32.95964620693,75044,GARLAND,General Retail/Food/Other,,,
,TX,DALLAS,-96.82486781351,TOBACCO HEIGHT,Convenience Store,,,,1.8297898559353016e+19,,,,1308 E BEAR CREEK RD STE 270,32.560299009916,75154,GLENN HEIGHTS,General Retail/Food/Other,,,
,TX,DALLAS,-96.697557322302,A - Z GROCERY,Convenience Store,,,,7.646454108719192e+17,,,,1551 E SPRING VALLEY RD STE 135,32.938633778081,75081,RICHARDSON,General Retail/Food/Other,,,
,TX,DALLAS,-96.762488758261,GOODY GOODY LIQUOR INC,Liquor Store,,,,3.216877444249897e+18,,,,7124 GREENVILLE AVE,32.87421670817,75231,DALLAS,Liquor Store,,,
,TX,DALLAS,-96.730868977126,JOHN'S BEST BUY LIQUOR,Liquor Store,,,,8.237261147465467e+18,,,,3724 SAMUELL BLVD,32.792897839796,75228,DALLAS,Liquor Store,,,
,TX,DALLAS,-96.838229194859,RED BEER AND WINE,Convenience Store,,,,1.648113329229022e+18,,,,4218 W LOVERS LN,32.851105400586,75209,DALLAS,General Retail/Food/Other,,,
,TX,DALLAS,-96.856911579143,HAMPTON SHELL,Convenience Store,,,,2.748988585794817e+18,,,,509 N HAMPTON RD,32.750167352412,75208,DALLAS,General Retail/Food/Other,,,
,TX,DALLAS,-96.802355001156,FOUNTAIN PLACE SUNDRY SHOP,Convenience Store,,,,3.606623584566986e+18,,,,1445 ROSS AVE STE B101,32.78440136339,75202,DALLAS,General Retail/Food/Other,,,
,TX,DALLAS,-96.734466887018,MARIA'S BAKERY,Food Store,,,,1.577054507890313e+19,,,,117 S CENTRAL EXPY,32.950103539838,75080,RICHARDSON,Uncategorized,,,
,TX,DALLAS,-96.74518467348,CLOUD-BOYETTE PRINTING INC,Supermarket,,,,4.289211463294995e+18,,,,606 VALENCIA ST,32.803976531457,75223,DALLAS,General Retail/Food/Other,,,
,TX,DALLAS,-96.822892451616,AMAR WALIA INVESTMENT INC,Convenience Store,,,,1.097035505974872e+19,,,,2800 S BECKLEY AVE,32.713100500812,75224,DALLAS,General Retail/Food/Other,,,
,TX,DALLAS,-96.807665864733,DOMINO'S #6911,Specialty Food,,,,1.270189845184304e+19,,,,6045 SHERRY LN,32.862219543384,75225,DALLAS,Italian,Europe,Southern Europe,Italy
,TX,DALLAS,-96.891490994987,SHIN CHON MARKET & FOODCOURT,Supermarket,,,,8.213590101269237e+18,,,,11422 HARRY HINES BLVD STE 210,32.896695547128,75229,DALLAS,General Retail/Food/Other,,,
,TX,DALLAS,-96.578259143687,SUPREME DONUTS,Specialty Food,,,,1.7018708008095402e+19,,,,6909 ROWLETT RD STE 104,32.92157909213,75089,ROWLETT,Uncategorized,,,
,TX,DALLAS,-96.663906558426,CORNER STORE,Supermarket,,,,1.598574973873049e+18,,,,2434 BELT LINE RD,32.944697339322,75044,GARLAND,General Retail/Food/Other,,,
,TX,DALLAS,-96.883525911942,THE CANDY SHACK,Confectionery,,,,1.0572353491545377e+19,,,,10788 HARRY HINES BLVD STE A12,32.873676154165,75220,DALLAS,Uncategorized,,,
,TX,DALLAS,-96.803491755052,DOMINO'S #6823,Specialty Food,,,,4.334762670637008e+18,,,,13410 PRESTON RD STE A,32.93107011079,75240,DALLAS,Italian,Europe,Southern Europe,Italy
,TX,DALLAS,-96.73474772176,JERSEY MIKES SUBS,Meat Market,,,,1.034970314700836e+18,,,,7170 SKILLMAN ST STE 140,32.877134197939,75231,DALLAS,General Retail/Food/Other,,,
,TX,DALLAS,-96.797382914347,7-ELEVEN CONVENIENCE STORE #36104A,Convenience Store,,,,7.429275408497068e+18,,,,1919 BRYAN ST STE 102,32.784066504639,75201,DALLAS,General Retail/Food/Other,,,
,TX,DALLAS,-96.648141225005,SAVANNAH FRESH MEAT AFRICAN MARKET,Supermarket,,,,1.1010766044955034e+19,,,,4550 GUS THOMASSON RD STE 62,32.825407635351,75150,MESQUITE,African,Africa,Multiple African Regions,Multiple African
,TX,DALLAS,-96.768686644534,JAMBA JUICE,Specialty Food,,,,4.513769621529773e+18,,,,5923 GREENVILLE AVE,32.857407745991,75206,DALLAS,Uncategorized,,,
,TX,DALLAS,-96.639299731678,WATER PROVISIONS 2 GO,Convenience Store,,,,1.718108026363185e+19,,,,842 BELT LINE RD,32.940047709889,75040,GARLAND,General Retail/Food/Other,,,
,TX,DALLAS,-96.807465831827,GOODY GOODY LIQUOR INC,Liquor Store,,,,4.717548256001214e+18,,,,3316 OAK LAWN AVE,32.810211726245,75219,DALLAS,Liquor Store,,,
,TX,DALLAS,-96.989109407916,DOMINO'S #6976,Specialty Food,,,,6.661883417324702e+18,,,,3305 W WALNUT HILL LN,32.865491592641,75038,IRVING,Italian,Europe,Southern Europe,Italy
,TX,DALLAS,-96.802784275707,RIVER CUT RATE LIQUORS,Liquor Store,,,,1.0343651407271051e+19,,,,327 S CADIZ,32.767270466218,75207,DALLAS,Liquor Store,,,
,TX,DALLAS,-96.963534893106,LA MICHOACANA SUPERMARKET #18,Supermarket,,,,5.366091224271635e+18,,,,209 S ROGERS RD,32.814029071228,75060,IRVING,Mexican,Americas,Latin America - Central America,Mexico
,TX,DALLAS,-96.89900965015,TIENDA SANTA ROSA #2,Convenience Store,,,,1.4511737273410472e+19,,,,2439 VALWOOD PKWY,32.93876453291,75234,FARMERS BRANCH,General Retail/Food/Other,,,
,TX,DALLAS,-96.604397254654,CAKES BY MEL,Bakery,,,,1.4123994546202364e+19,,,,1045 MAJORS DR,32.75499759264,75149,MESQUITE,Uncategorized,,,
,TX,DALLAS,-97.016564573145,"LEANING SIGN LIQUOR, LLC",Liquor Store,,,,1.668173277745475e+19,,,,406 N CARRIER PKWY,32.744707019627,75050,GRAND PRAIRIE,Liquor Store,,,
,TX,DALLAS,-96.892327471455,TACON GANAS,Convenience Store,,,,4.217952903271304e+18,,,,11453 HARRY HINES BLVD STE 100,32.898214746349,75229,DALLAS,General Retail/Food/Other,,,
,TX,DALLAS,-96.972933879706,XPRESS LIQUOR,Liquor Store,,,,4.784535709673866e+18,,,,2121 W ROCHELLE RD STE 105,32.842266752805,75062,IRVING,Liquor Store,,,
,TX,DALLAS,-96.861068262088,SAVE-A-LOT #753,Supermarket,,,,3.735927319152709e+18,,,,2627 W JEFFERSON BLVD,32.748184708976,75211,DALLAS,General Retail/Food/Other,,,
,TX,DALLAS,-96.828532889654,DOMINO'S 6919,Specialty Food,,,,3.058999581505504e+18,,,,495 W ILLINOIS AVE,32.720526635615,75224,DALLAS,Italian,Europe,Southern Europe,Italy
,TX,DALLAS,-97.026627490333,SPARKLETTS,Specialty Food,,,,6.3143090062312e+16,,,,3405 HIGH PRAIRIE RD,32.809425171427,75050,GRAND PRAIRIE,Uncategorized,,,
,TX,DALLAS,-96.741045232297,DOC'S FOOD STORES,Convenience Store,,,,5.428078825387344e+18,,,,635 W CAMPBELL RD STE 200,32.978015281625,75080,RICHARDSON,General Retail/Food/Other,,,
,TX,DALLAS,-96.992261144452,ALDI (TEXAS) L.L.C. #58,Supermarket,,,,2.470466713157259e+18,,,,2926 N BELT LINE RD,32.845475033243,75062,IRVING,General Retail/Food/Other,,,
,TX,DALLAS,-96.936964469228,SUNNY FOOD MART #3,Convenience Store,,,,3.000724531064229e+18,,,,489 E FM 1382,32.592021437709,75104,CEDAR HILL,General Retail/Food/Other,,,
,TX,DALLAS,-97.03465663418,LIQUOR PLUS,Liquor Store,,,,4.4868007475265736e+18,,,,2210 W MAIN ST STE 102,32.739957972127,75050,GRAND PRAIRIE,Liquor Store,,,
,TX,DALLAS,-96.632164913631,BOOM BOOM CANDY STORE,Convenience Store,,,,8.217929079268329e+18,,,,2042 TOWN EAST MALL,32.811444062972,75150,MESQUITE,General Retail/Food/Other,,,
,TX,DALLAS,-96.541515523592,LA CHAPALITA,Specialty Food,,,,9.37055952774609e+18,,,,210 N KAUFMAN ST STE C,32.641628032977,75159,SEAGOVILLE,Mexican,Americas,Latin America - Central America,Mexico
,TX,DALLAS,-96.617059343302,LA CHAPALITA,Specialty Food,,,,8.117621038547358e+18,,,,12209 LAKE JUNE RD,32.734166998828,75180,MESQUITE,Mexican,Americas,Latin America - Central America,Mexico
,TX,DALLAS,-96.894347555519,"H MART HARRY HINES, LLC",Supermarket,,,,1.5265261726803446e+19,,,,2534 ROYAL LN,32.895881949389,75229,DALLAS,Korean,Asia,Eastern Asia,Korea
,TX,DALLAS,-96.716348198079,LA MICHOACANA #25 DALLAS,Supermarket,,,,1.425851249338806e+19,,,,9850 WALNUT HILL LN STE 224,32.878803820681,75238,DALLAS,Mexican,Americas,Latin America - Central America,Mexico
,TX,DALLAS,-96.689246468751,STOP N SHOP #2,Convenience Store,,,,6.135285278568237e+18,,,,7771 GREAT TRINITY FOREST WAY,32.712582663953,75217,DALLAS,General Retail/Food/Other,,,
,TX,DALLAS,-96.772065940771,QUICK MART 108,Convenience Store,,,,9.662950278513314e+18,,,,5329 ROSS AVE,32.809746352485,75206,DALLAS,General Retail/Food/Other,,,
,TX,DALLAS,-96.838368186153,LA SPIGAS VILLAGE BAKERY,Specialty Food,,,,6.902561931836475e+18,,,,4203 LINDBERGH DR,32.95815209997,75001,ADDISON,Mexican,Americas,Latin America - Central America,Mexico
,TX,DALLAS,-96.873767697769,PALETERIA MEXICO,Specialty Food,,,,7.665403093328415e+18,,,,327 W MOCKINGBIRD LN,32.804121601027,75247,DALLAS,Mexican,Americas,Latin America - Central America,Mexico
,TX,DALLAS,-97.022233171288,GATEWAY #17,Convenience Store,,,,3.1640553442185247e+18,,,,1000 S ROYAL LANE,32.944629476738,75019,COPPELL,General Retail/Food/Other,,,
,TX,DALLAS,-96.828498964341,HAPPY MART,Convenience Store,,,,2.9684528481458785e+18,,,,1100 E PLEASANT RUN RD STE 133,32.604093001754,75115,DESOTO,General Retail/Food/Other,,,
,TX,DALLAS,-96.755618823096,CHACHA&CHOPEES LLC,Confectionery,,,,1.0800063927682685e+19,,,,195 HISTORIC TOWN SQ,32.59231118219,75146,LANCASTER,Uncategorized,,,
,TX,DALLAS,-96.831092607575,ZION FOOD MART,Convenience Store,,,,1.3099369037715382e+18,,,,4407 W MOCKINGBIRD LN,32.836710759199,75209,DALLAS,General Retail/Food/Other,,,
,TX,DALLAS,-96.911633975077,APNA BAZAAR GROCERY & GRILL,Supermarket,,,,1.2559606135214655e+19,,,,2000 OLD DENTON RD STE 104,32.968624650175,75006,CARROLLTON,General Retail/Food/Other,,,
,TX,DALLAS,-96.811499985927,TAYLOR'S NECESSITIES AND MORE,Convenience Store,,,,1.074475555142037e+19,,,,1505 S EWING AVE,32.72944114821,75216,DALLAS,General Retail/Food/Other,,,
,TX,DALLAS,-96.787760553324,TOM THUMB #1973,Supermarket,,,,2.579407488467799e+17,,,,7000 SNIDER PLZ,32.850312780235,75205,UNIVERSITY PARK,General Retail/Food/Other,,,
,TX,DALLAS,-96.862674741485,ICE HOUSE BEVERAGE #2,Convenience Store,,,,4.402604519178193e+18,,,,9430 LARGA DR STE 101,32.864284295224,75220,DALLAS,General Retail/Food/Other,,,
,TX,DALLAS,-96.636566844617,STATE & MAIN MERCHANT,Liquor Store,,,,9.664346807459922e+18,,,,500 MAIN ST STE 2,32.912613431739,75040,GARLAND,Liquor Store,,,
,TX,DALLAS,-96.805089310144,UPTOWN SUNDRY & GIFTS,Convenience Store,,,,9.433177074948133e+18,,,,2101 CEDAR SPRINGS RD STE 160,32.791429374561,75201,DALLAS,General Retail/Food/Other,,,
,TX,DALLAS,-96.889431093399,THREE AMIGOS,Convenience Store,,,,9.042136354478706e+18,,,,1927 E BELT LINE RD STE 136,32.953745401562,75006,CARROLLTON,Mexican,Americas,Latin America - Central America,Mexico
,TX,DALLAS,-97.005225849167,"ANDY'S FROZEN CUSTARD STORES, LLC",Specialty Food,,,,1.1580065659678771e+19,,,,317 WESTCHASE DR,32.673302996183,75052,GRAND PRAIRIE,Uncategorized,,,
,TX,DALLAS,-96.856875763781,ONE STOP FOOD STORE,Convenience Store,,,,6.273981498423661e+18,,,,5520 S HAMPTON RD,32.679433976123,75232,DALLAS,General Retail/Food/Other,,,
,TX,DALLAS,-96.808839835497,GATEWAY #25,Convenience Store,,,,3.3908213333313623e+18,,,,424 S R L THORNTON FWY,32.752614133746,75203,DALLAS,General Retail/Food/Other,,,
,TX,DALLAS,-96.595929212837,"HERBMART, INC.",Supermarket,,,,1.611848394615189e+19,,,,4781 N BELT LINE RD,32.831494011566,75150,MESQUITE,General Retail/Food/Other,,,
,TX,DALLAS,-96.785394577171,EIGHTEEN NINETY MARKETPLACE,Specialty Food,,,,1.5927034780116206e+19,,,,2642 MAIN ST STE 150,32.783515546984,75226,DALLAS,Uncategorized,,,
,TX,DALLAS,-96.670012875355,TEXAS ICE VENDING,Specialty Food,,,,2.22088915842225e+18,,,,12175 GARLAND RD,32.865421008929,75218,DALLAS,Uncategorized,,,
,TX,DALLAS,-96.678818663672,FATHER & SON TOBACCO STORE,Convenience Store,,,,1.158428120546799e+19,,,,3225 FOREST LN,32.909352216715,75042,GARLAND,General Retail/Food/Other,,,
,TX,DALLAS,-96.682698875498,LA CHAPALITA,Specialty Food,,,,1.634618803622932e+19,,,,2702 S BUCKNER BLVD STE 130,32.757803966367,75227,DALLAS,Mexican,Americas,Latin America - Central America,Mexico
,TX,DALLAS,-96.703094575635,ONE STOP FOOD & BEVERAGES,Convenience Store,,,,1.7109924806121898e+19,,,,10560 NEW CHURCH RD,32.885588401269,75238,DALLAS,General Retail/Food/Other,,,
,TX,DALLAS,-96.680624664156,DUC HUONG GIO CHA,Specialty Food,,,,1.7774870990096497e+18,,,,3347 W WALNUT ST # 268,32.916986822144,75042,GARLAND,Vietnamese,Asia,South Eastern Asia,Vietnam
,TX,DALLAS,-96.611942806088,ALTAQWA BAKERY,Bakery,,,,1.5595286043072285e+19,,,,2411 N GALLOWAY AVE STE 125,32.797519841302,75150,MESQUITE,Uncategorized,,,
,TX,DALLAS,-96.889789981301,AQUA BELLA,Specialty Food,,,,5.739990783508892e+18,,,,2150 N JOSEY LN STE 324,32.971809464011,75006,CARROLLTON,Uncategorized,,,
,TX,DALLAS,-96.750551822992,ELIZABETH CRUZ,Produce Market,,,,1.5358886251129358e+19,,,,4515 ELECTRA ST,32.760795300971,75215,DALLAS,General Retail/Food/Other,,,
,TX,DALLAS,-96.894347555519,H MART,Supermarket,,,,1.6770291180838212e+19,,,,2534 ROYAL LN,32.895881949389,75229,DALLAS,Korean,Asia,Eastern Asia,Korea
,TX,DALLAS,-97.003482662467,THE DEAN'S LIST,Liquor Store,,,,1.3596587789538906e+19,,,,505 AIRLINE DR,32.943626945146,75019,COPPELL,Liquor Store,,,
,TX,DALLAS,-96.795841944864,BLISS IN A BOTTLE,Liquor Store,,,,6.421167348553041e+18,,,,700 N PEARL ST STE H204,32.78675401249,75201,DALLAS,Liquor Store,,,
,TX,DALLAS,-96.748017620241,SMALL BEER WORKS,Liquor Store,,,,1.5113997058599895e+19,,,,1906 S HASKELL AVE,32.783261631681,75223,DALLAS,Liquor Store,,,
,TX,DALLAS,-96.881728766212,GOODY GOODY LIQUOR INC,Liquor Store,,,,5.332305505853198e+18,,,,10301 HARRY HINES BLVD,32.86537905055,75220,DALLAS,Liquor Store,,,
,TX,DALLAS,-96.595092744358,WISEBOX,Convenience Store,,,,1.8238660596478724e+19,,,,1613 SKYLINE DR,32.87198749985,75043,GARLAND,General Retail/Food/Other,,,
,TX,DALLAS,-97.017406098632,LIQUOR ISLAND BEER & WINE,Liquor Store,,,,1.2353524592125565e+19,,,,1017 FORT WORTH ST STE 600,32.743191410931,75050,GRAND PRAIRIE,Liquor Store,,,
,TX,DALLAS,-96.75279431905,"WRC EXPRESS, INC.",Specialty Food,,,,9.515270025540598e+17,,,,4216 ABRAMS RD,32.836711585328,75214,DALLAS,Uncategorized,,,
,TX,DALLAS,-96.687179666008,SPARKLETTS,Specialty Food,,,,2.501480583698008e+18,,,,1340 CENTERVILLE RD,32.843105307084,75218,DALLAS,Uncategorized,,,
,TX,DALLAS,-96.606441991967,GLENNY STEPHENS BAKERY,Bakery,,,,1.6211183895293282e+19,,,,1827 N GALLOWAY AVE,32.787035635174,75149,MESQUITE,Uncategorized,,,
,TX,DALLAS,-96.881462444645,NEW EZ FOOD MART,Convenience Store,,,,8.736643466168977e+18,,,,10911 DENNIS RD STE 407,32.896873258343,75229,DALLAS,General Retail/Food/Other,,,
,TX,DALLAS,-96.745478302612,TARGET STORE,Liquor Store,,,,6.471832896059884e+18,,,,6419 SKILLMAN ST # T1784,32.86426940661,75231,DALLAS,Liquor Store,,,
,TX,DALLAS,-96.636096121636,SAVING LIVES AND SECURING BAGS,Convenience Store,,,,1.6023439716006838e+19,,,,2301 DOTY LN,32.735797804723,75180,BALCH SPRINGS,General Retail/Food/Other,,,
,TX,DALLAS,-96.834605700012,BIG C FOOD MART,Convenience Store,,,,8.251890126123454e+18,,,,2240 IRVING BLVD,32.796211677552,75207,DALLAS,General Retail/Food/Other,,,
,TX,DALLAS,-96.648312096953,CREPES N GO,Produce Market,,,,3.1632876898023706e+18,,,,2007 SATURN RD,32.8942323287,75041,GARLAND,General Retail/Food/Other,,,
,TX,DALLAS,-96.709829313982,ELI FOOD MART,Convenience Store,,,,8.485988441155585e+18,,,,10190 FOREST LN STE 175,32.908967938923,75243,DALLAS,General Retail/Food/Other,,,
,TX,DALLAS,-96.85420457663,ELROD'S COST PLUS #2,Supermarket,,,,1.5776732550323e+19,,,,2025 FORT WORTH AVE,32.763399715647,75208,DALLAS,General Retail/Food/Other,,,
,TX,DALLAS,-96.71899493254,FOREST LANE MART,Convenience Store,,,,7.839503008797509e+18,,,,9791 FOREST LN,32.909615461526,75243,DALLAS,General Retail/Food/Other,,,
,TX,DALLAS,-96.827482297382,FAMILY MART,Convenience Store,,,,9.154484714308912e+18,,,,1231 E PLEASANT RUN RD STE 114,32.604358493556,75115,DESOTO,General Retail/Food/Other,,,
,TX,DALLAS,-96.803851602602,RANDALL'S #3650 FUEL STATION,Supermarket,,,,1.6522616098137328e+19,,,,14949 PRESTON RD,32.952438608084,75254,DALLAS,General Retail/Food/Other,,,
,TX,DALLAS,-96.783624019243,FIESTA MARK # 213,Supermarket,,,,7.227267523183412e+17,,,,1450 W PLEASANT RUN RD STE 200,32.604286265283,75146,LANCASTER,Mexican,Americas,Latin America - Central America,Mexico
,TX,DALLAS,-96.90776833183,DANNY'S LIQUOR,Liquor Store,,,,6.513765389659424e+18,,,,2001 W NORTHWEST HWY STE 120,32.867225286171,75220,DALLAS,Liquor Store,,,
,TX,DALLAS,-96.875095884992,7 - ABC BEER TO GO,Convenience Store,,,,1.2285395001855922e+19,,,,3021 LOMBARDY LN # 104,32.866494545494,75220,DALLAS,General Retail/Food/Other,,,
,TX,DALLAS,-96.750513202931,UNREFINED BAKERY,Bakery,,,,1.113656926888377e+19,,,,6464 E NORTHWEST HWY STE 326,32.8570767754,75214,DALLAS,Uncategorized,,,
,TX,DALLAS,-96.856912606334,TIENDA SANTA ROSA #3,Convenience Store,,,,5.791739759488355e+18,,,,611 S HAMPTON RD,32.751510235954,75208,DALLAS,General Retail/Food/Other,,,
,TX,DALLAS,-96.956596183115,PRINCE MOTOR CARS,Liquor Store,,,,5.244875202205928e+18,,,,3230 E MAIN ST,32.749422127749,75050,GRAND PRAIRIE,Liquor Store,,,
,TX,DALLAS,-96.764579044926,GALLY'S WINE AND SPIRITS,Liquor Store,,,,8.953541652775256e+18,,,,7047 TWIN HILLS AVE STE 125,32.874117514347,75231,DALLAS,Liquor Store,,,
,TX,DALLAS,-96.963685955028,QUALITY LICENSING CORP (STORE #6265),Liquor Store,,,,3.194226584018504e+18,,,,1213 MARKET PL,32.91851840984,75063,IRVING,Liquor Store,,,
,TX,DALLAS,-96.822744829876,TIENDA MARTINEZ,Convenience Store,,,,3.5077823472997663e+18,,,,1930 S BECKLEY AVE STE A,32.724684709107,75224,DALLAS,General Retail/Food/Other,,,
,TX,DALLAS,-96.805341717978,CARSON ONE STOP GROUP,Convenience Store,,,,6.745115721089844e+17,,,,1246 E CLARENDON DR,32.746722851406,75203,DALLAS,General Retail/Food/Other,,,
,TX,DALLAS,-96.96050629878,FRUTERIA SONRISAS,Convenience Store,,,,1.3779012748209572e+19,,,,1121 W PIONEER DR,32.821854642677,75061,IRVING,Mexican,Americas,Latin America - Central America,Mexico
,TX,DALLAS,-96.819857062605,HEAVEN AND 73RD,Liquor Store,,,,1.252132476316872e+19,,,,5100 LEMMON AVE,32.824317258736,75209,DALLAS,Liquor Store,,,
,TX,DALLAS,-96.959742855731,3 APPLES LIQUOR,Liquor Store,,,,1.547738416427252e+19,,,,1111 W AIRPORT FWY STE 121,32.837377749755,75062,IRVING,Liquor Store,,,
,TX,DALLAS,-96.924410827583,QUALITY LICENSING CORP. STORE #3204 FUEL CENTER,Liquor Store,,,,8.57046831188281e+18,,,,840 E BELT LINE RD,32.589835244171,75104,CEDAR HILL,Liquor Store,,,
,TX,DALLAS,-96.648428318639,ONE STOP BEER AND WINE,Convenience Store,,,,1.5710476668617249e+19,,,,1422 W KINGSLEY RD STE 100,32.878651525815,75041,GARLAND,General Retail/Food/Other,,,
,TX,DALLAS,-96.912167577667,SALADMASTER,Specialty Food,,,,1.2918230201476729e+19,,,,1016 W TRINITY MILLS RD STE 208,32.982669479174,75006,CARROLLTON,Uncategorized,,,
,TX,DALLAS,-96.959277045209,FRUTERIA Y NEVERIA TROPICAL,Produce Market,,,,6.096649290984801e+18,,,,1207 S MACARTHUR BLVD,32.802085846616,75060,IRVING,Mexican,Americas,Latin America - Central America,Mexico
,TX,DALLAS,-96.991121054618,CASA HIMALAYA,Convenience Store,,,,6.75330179419061e+18,,,,3343 COUNTRY CLUB DR W,32.86077396343,75038,IRVING,General Retail/Food/Other,,,
,TX,DALLAS,-96.616822005716,AD BEER & WINE,Liquor Store,,,,1.3138119699471553e+19,,,,565 W OATES RD STE 115,32.848359596807,75043,GARLAND,Liquor Store,,,
,TX,DALLAS,-96.904607611055,"HOR & LAY, LLC",Bakery,,,,1.0117862185764016e+19,,,,1300 E BELT LINE RD,32.953706559819,75006,CARROLLTON,Uncategorized,,,
,TX,DALLAS,-96.881499302801,QUALITY LICENSING CORP. STORE #5624,Liquor Store,,,,6.835975226594184e+18,,,,13100 JOSEY LN,32.923371709192,75234,FARMERS BRANCH,Liquor Store,,,
,TX,DALLAS,-96.686288113076,ALTA FOOD MART,Convenience Store,,,,5.50480055492374e+18,,,,2824 N BUCKNER BLVD,32.812843394533,75228,DALLAS,General Retail/Food/Other,,,
,TX,DALLAS,-96.699744432793,GUAPITO'S,Convenience Store,,,,8.64027643456147e+17,,,,4460 W WALNUT ST STE 108,32.916497340274,75042,GARLAND,General Retail/Food/Other,,,
,TX,DALLAS,-96.95508450744,INDIA BAZAAR,Supermarket,,,,7.746485010112205e+18,,,,8600 N MACARTHUR BLVD # 100102,32.923711064182,75063,IRVING,Indian/South Asian,Asia,South Central Asia,Multiple South Central Asian
,TX,DALLAS,-96.600436404817,STEVEN BAIR,Specialty Food,,,,1.4039193512553892e+19,,,,213 LANE ST,32.767979739914,75149,MESQUITE,Uncategorized,,,
,TX,DALLAS,-96.638150211006,BEVERAGE 4 U,Convenience Store,,,,1.1219982890297084e+19,,,,10938 ELAM RD,32.719292971768,75180,BALCH SPRINGS,General Retail/Food/Other,,,
,TX,DALLAS,-96.90022184786,BUCKEYE LIQOUR-WHOLESALE,Liquor Store,,,,1.063384995808977e+19,,,,10741 KING WILLIAM DR,32.87248775394,75220,DALLAS,Liquor Store,,,
,TX,DALLAS,-96.881447629342,DENNIS WATER & BEER WINE,Convenience Store,,,,1.481273953094417e+19,,,,11055 DENNIS RD STE 3,32.898892355787,75229,DALLAS,General Retail/Food/Other,,,
,TX,DALLAS,-97.014693068267,DOMINO'S #6820,Specialty Food,,,,1.0390380817593094e+19,,,,510 S CARRIER PKWY STE 141,32.739781748566,75051,GRAND PRAIRIE,Italian,Europe,Southern Europe,Italy
,TX,DALLAS,-96.636257332403,STOP & BUY,Convenience Store,,,,1.5748174272114936e+19,,,,1608 S 5TH ST,32.898769353591,75040,GARLAND,General Retail/Food/Other,,,
,TX,DALLAS,-96.630986235409,T C SHAVED ICE,Specialty Food,,,,1.5278998354918195e+19,,,,3117 S 1ST ST,32.877987800392,75041,GARLAND,Uncategorized,,,
,TX,DALLAS,-96.851793524987,"ASSOCIATED DISTRIBUTORS, INC.",Supermarket,,,,1.0075084377148178e+19,,,,1508 FALCON DR,32.618980161594,75115,DESOTO,General Retail/Food/Other,,,
,TX,DALLAS,-96.7916764338,QUALITY LICENSING CORP. #6182,Liquor Store,,,,1.7281574319437468e+19,,,,3972 N CENTRAL EXPY,32.810370834827,75204,DALLAS,Liquor Store,,,
,TX,DALLAS,-96.714508794008,BEER & WINE CONVENIENCE STORE INC,Convenience Store,,,,1.138634538613344e+19,,,,9220 SKILLMAN ST STE 105,32.902762790318,75243,DALLAS,General Retail/Food/Other,,,
,TX,DALLAS,-96.664344229557,SURMA GROCERY AND ETHIOPIAN CUISINE,Specialty Food,,,,1.6945934491757988e+19,,,,2425 W WALNUT ST STE 200,32.916418940705,75042,GARLAND,African,Africa,Multiple African Regions,Multiple African
,TX,DALLAS,-97.017406098632,EL POTOSINO MEAT MARKET,Meat Market,,,,3.5761685594082683e+18,,,,1017 FORT WORTH ST STE 550,32.743191410931,75050,GRAND PRAIRIE,Mexican,Americas,Latin America - Central America,Mexico
,TX,DALLAS,-97.00143559253,CARLOS V VITELA,Produce Market,,,,1.4985477255973454e+19,,,,125 SUMMER PLACE DR,32.970085373216,75019,COPPELL,General Retail/Food/Other,,,
,TX,DALLAS,-96.785015650736,THE COTTAGE GROCERY,Supermarket,,,,5.062104878874247e+18,,,,4919 MCKINNEY AVE,32.827283148271,75205,DALLAS,General Retail/Food/Other,,,
,TX,DALLAS,-96.901793735219,DOMINO'S #6973,Specialty Food,,,,2.404239913489157e+18,,,,402 E WHEATLAND RD,32.647231798856,75116,DUNCANVILLE,Italian,Europe,Southern Europe,Italy
,TX,DALLAS,-96.82486781351,LIQUOR DEPOT,Liquor Store,,,,1.4151729233473847e+19,,,,1308 E BEAR CREEK RD STE 130,32.560299009916,75154,GLENN HEIGHTS,Liquor Store,,,
,TX,DALLAS,-96.804235790932,PLAZA SUNDRY & GIFTS,Convenience Store,,,,1.2375000935172557e+19,,,,901 MAIN ST STE C128,32.779629946101,75202,DALLAS,General Retail/Food/Other,,,
,TX,DALLAS,-96.857513018757,DOMINO'S #6929,Specialty Food,,,,9.483245196435671e+18,,,,2419 W ILLINOIS AVE,32.720399408791,75233,DALLAS,Italian,Europe,Southern Europe,Italy
,TX,DALLAS,-96.952214427152,DOMINO'S #6824,Specialty Food,,,,2.975722346163161e+18,,,,10045 N MACARTHUR BLVD STE 109,32.940460743644,75063,IRVING,Italian,Europe,Southern Europe,Italy
,TX,DALLAS,-96.73266662144,BEST BUY BEVERAGE,Liquor Store,,,,9.339705735258984e+18,,,,5011 MILITARY PKWY STE B,32.783776269089,75227,DALLAS,Liquor Store,,,
,TX,DALLAS,-96.710298512836,I-45 BEVERAGE DEPOT LIQUOR BEER WINE,Liquor Store,,,,8.767440165992743e+18,,,,410 N INTERSTATE 45 SERVICE RD STE A,32.652871703628,75141,HUTCHINS,Liquor Store,,,
,TX,DALLAS,-96.839074320695,QUALITY LICENSING CORP STORE #2105,Liquor Store,,,,6.177120166792679e+18,,,,13307 MIDWAY RD,32.925900884283,75244,FARMERS BRANCH,Liquor Store,,,
,TX,DALLAS,-96.897398225225,"TEQUILA FOR YOU, LLC",Liquor Store,,,,9.54857687849817e+18,,,,10750 N STEMMONS FWY # 4,32.873195578742,75220,DALLAS,Liquor Store,,,
,TX,DALLAS,-96.878364962357,KRAMER SMOKE AND CONVENIENCE STORE,Convenience Store,,,,1.7008940433196498e+18,,,,3600 W DAVIS ST # 103,32.749497298572,75211,DALLAS,General Retail/Food/Other,,,
,TX,DALLAS,-96.991716298938,THE LIQUOR OUTPOST,Liquor Store,,,,1.8254415835131435e+19,,,,4070 N BELT LINE RD STE 114,32.862877325634,75038,IRVING,Liquor Store,,,
,TX,DALLAS,-96.610367322118,CANDY WORLD,Specialty Food,,,,1.1257313819525665e+19,,,,460 CEDAR SAGE DR,32.952540851574,75040,GARLAND,Uncategorized,,,
,TX,DALLAS,-96.770779861721,LADERACH NORTH TX LLC,Confectionery,,,,1.2761995215703329e+19,,,,8687 N CENTRAL EXPY # C2-630,32.869463265005,75225,DALLAS,Uncategorized,,,
,TX,DALLAS,-96.590927864159,MIGALITOS SUPERMERCADO #1,Supermarket,,,,1.1838138997518383e+19,,,,1050 S BELTLINE RD,32.685501007032,75253,DALLAS,General Retail/Food/Other,,,
,TX,DALLAS,-96.74931921595,TOM THUMB #2526,Supermarket,,,,1.542998193767824e+19,,,,39 ARAPAHO VILLAGE CTR,32.962165043667,75080,RICHARDSON,General Retail/Food/Other,,,
,TX,DALLAS,-96.958650606905,JAMBA JUICE,Specialty Food,,,,1.3699557770485842e+19,,,,6440 N MACARTHUR BLVD,32.89677132277,75039,IRVING,Uncategorized,,,
,TX,DALLAS,-96.595563019297,MUD PUDDLE CO.,Bakery,,,,1.8520717248440105e+18,,,,105 SUNVIEW ST,32.820987454954,75182,SUNNYVALE,Uncategorized,,,
,TX,DALLAS,-96.786525352753,BRIAN'S WINE & MORE,Liquor Store,,,,4.140251058660724e+18,,,,3109 MONTICELLO AVE,32.827267008653,75205,DALLAS,Liquor Store,,,
,TX,DALLAS,-96.569442053676,E-Z MART #5486,Convenience Store,,,,8.062561940440437e+18,,,,5520 LYONS RD,32.84825743302,75043,GARLAND,General Retail/Food/Other,,,
,TX,DALLAS,-96.855925343931,TOM THUMB #3623 FUEL STATION,Supermarket,,,,4.43309244365218e+18,,,,214 E PLEASANT RUN RD,32.604024063767,75115,DE SOTO,General Retail/Food/Other,,,
,TX,DALLAS,-96.932765370566,DOMINO'S #6805,Specialty Food,,,,1.5725709020504934e+19,,,,1135 E IRVING BLVD,32.810930321779,75060,IRVING,Italian,Europe,Southern Europe,Italy
,TX,DALLAS,-96.873966828844,DOMINO'S #6915,Specialty Food,,,,1.5114546830267337e+19,,,,1050 N WESTMORELAND RD STE 110,32.755021150879,75211,DALLAS,Italian,Europe,Southern Europe,Italy
,TX,DALLAS,-96.598824480118,QUICK TRACK #8,Convenience Store,,,,7.118543790326499e+18,,,,501 N GALLOWAY AVE,32.762870809544,75149,MESQUITE,General Retail/Food/Other,,,
,TX,DALLAS,-96.976492504644,FRUTERIA SONRISAS #2,Produce Market,,,,1.4389299284808583e+19,,,,3317 N STORY RD,32.849824693677,75062,IRVING,Mexican,Americas,Latin America - Central America,Mexico
,TX,DALLAS,-96.665400778262,OK MINI MART,Convenience Store,,,,1.5767888997920752e+19,,,,3022 S SHILOH RD STE A,32.879735207672,75041,GARLAND,General Retail/Food/Other,,,
,TX,DALLAS,-96.804460807808,313 SHOP,Convenience Store,,,,4.527522725171776e+18,,,,2524 S LANCASTER RD,32.719522700661,75216,DALLAS,General Retail/Food/Other,,,
,TX,DALLAS,-96.765841021804,SAVE A LOT #725,Supermarket,,,,7.524881934597246e+18,,,,3021 MARTIN LUTHER KING JR BLVD,32.771445612207,75215,DALLAS,General Retail/Food/Other,,,
,TX,DALLAS,-96.842446436719,LA MICHOACANA SUPERMARKET #28,Supermarket,,,,1.5401345713353697e+18,,,,1150 W KIEST BLVD STE 201,32.705729983079,75224,DALLAS,Mexican,Americas,Latin America - Central America,Mexico
,TX,DALLAS,-96.648134156335,MIGALITOS SUPERMERCADO #5,Supermarket,,,,2.6453088767111526e+18,,,,3160 SATURN RD STE 202,32.877742130748,75041,GARLAND,General Retail/Food/Other,,,
,TX,DALLAS,-97.008575827194,DOMINO'S #6835,Specialty Food,,,,2.3470336508430423e+18,,,,3725 S CARRIER PKWY STE 115,32.683880194625,75052,GRAND PRAIRIE,Italian,Europe,Southern Europe,Italy
,TX,DALLAS,-96.712340039606,UAC INTERNATIONAL FOOD,Supermarket,,,,1.803893546690696e+19,,,,940 E BELT LINE RD STE 122,32.947843888232,75081,RICHARDSON,General Retail/Food/Other,,,
,TX,DALLAS,-96.991716298938,FRUTERIA SONRISAS #3,Produce Market,,,,6.922879807781555e+18,,,,4070 N BELT LINE RD STE 113,32.862877325634,75038,IRVING,Mexican,Americas,Latin America - Central America,Mexico
,TX,DALLAS,-96.993373175787,DOMINO'S #9291,Specialty Food,,,,1.213681306381204e+19,,,,920 S BELT LINE RD STE 100,32.946977271077,75019,COPPELL,Italian,Europe,Southern Europe,Italy
,TX,DALLAS,-96.653895093243,DAIRY WAY# 9,Convenience Store,,,,1.261310467551994e+19,,,,1810 W KINGSLEY RD STE 101,32.878655942236,75041,GARLAND,General Retail/Food/Other,,,
,TX,DALLAS,-96.847026112345,HEB DALLAS #552,Liquor Store,,,,1.5745037273717428e+19,,,,2777 N STEMMONS FWY STE 108,32.809399409927,75207,DALLAS,Liquor Store,,,
,TX,DALLAS,-96.993373175787,ZAYN GLOBAL MARKET,Supermarket,,,,1.8979007556142556e+18,,,,920 S BELT LINE RD STE 110,32.946977271077,75019,COPPELL,General Retail/Food/Other,,,
,TX,DALLAS,-96.64498868457,KINGSLEY GROCERY AND CHECK CASHING STORE,Convenience Store,,,,1.641085924809653e+19,,,,1433 W KINGSLEY RD STE 101,32.878952006917,75041,GARLAND,General Retail/Food/Other,,,
,TX,DALLAS,-96.687722705569,TEXAS ICE VENDING,Specialty Food,,,,8.453288930518715e+18,,,,7834 LAKE JUNE RD,32.734121752519,75217,DALLAS,Uncategorized,,,
,TX,DALLAS,-96.854919541534,DOMINO'S #6924,Specialty Food,,,,1.0740455476563954e+19,,,,1820 W MOCKINGBIRD LN STE 150,32.822105298144,75235,DALLAS,Italian,Europe,Southern Europe,Italy
,TX,DALLAS,-96.970515492159,CAN2FIRECRACKERS,Confectionery,,,,1.3489785536881445e+19,,,,5803 FOXGLOVE LN,32.655729402032,75249,DALLAS,Uncategorized,,,
,TX,DALLAS,-96.832088124476,WEST DAVIS FOOD MART,Convenience Store,,,,6.21967501271743e+18,,,,619 W DAVIS ST,32.749507163961,75208,DALLAS,General Retail/Food/Other,,,
,TX,DALLAS,-96.818996734734,DOMINO'S #6968,Specialty Food,,,,2.992266772813766e+17,,,,15203 KNOLL TRAIL DR STE 115,32.96238833638,75248,DALLAS,Italian,Europe,Southern Europe,Italy
,TX,DALLAS,-96.682057518469,SAVE-A-LOT #120,Supermarket,,,,8.788126768171929e+18,,,,3322 N BUCKNER BLVD STE 120,32.801648291063,75228,DALLAS,General Retail/Food/Other,,,
,TX,DALLAS,-96.872877225737,RESTAURANT SANTA ROSA,Convenience Store,,,,1.5505181017184868e+18,,,,3217 W DAVIS ST,32.749611567476,75211,DALLAS,General Retail/Food/Other,,,
,TX,DALLAS,-96.895430032839,EXPRESSWAY FOOD STORE LLC,Convenience Store,,,,1.1352688995685038e+18,,,,2537 VALLEY VIEW LN,32.924030636563,75234,FARMERS BRANCH,General Retail/Food/Other,,,
,TX,DALLAS,-96.752407996669,NEW VALLEY MART,Convenience Store,,,,6.281204959103043e+18,,,,8702 SPRING VALLEY RD STE D,32.939909934926,75240,DALLAS,General Retail/Food/Other,,,
,TX,DALLAS,-96.949802130205,DOMINO'S #9221,Specialty Food,,,,3.491756357353033e+18,,,,401 W ROCHELLE RD,32.844399552893,75062,IRVING,Italian,Europe,Southern Europe,Italy
,TX,DALLAS,-96.698459060534,PANADERIA LA NUEVA LLC,Bakery,,,,1.3828356670044589e+17,,,,7034 MILITARY PKWY,32.77228206973,75227,DALLAS,Mexican,Americas,Latin America - Central America,Mexico
,TX,DALLAS,-97.007045159346,LIQUOR DEN,Liquor Store,,,,1.2188781259020978e+19,,,,3950 S CARRIER PKWY STE 170,32.678114095763,75052,GRAND PRAIRIE,Liquor Store,,,
,TX,DALLAS,-96.804225634501,NATURAL GROCERS BY VITAMIN COTTAGE,Supermarket,,,,9.115338511529296e+18,,,,11661 PRESTON RD STE 224,32.907411093185,75230,DALLAS,General Retail/Food/Other,,,
,TX,DALLAS,-96.766582903694,1ST CHOICE GROCERY,Supermarket,,,,1.0884055834597974e+18,,,,8122 FOREST LN STE A,32.909129941351,75243,DALLAS,General Retail/Food/Other,,,
,TX,DALLAS,-96.76953128428,HILTON GARDEN INN,Convenience Store,,,,1.4765232165639506e+19,,,,10350 N CENTRAL EXPY,32.886723058608,75231,DALLAS,General Retail/Food/Other,,,
,TX,DALLAS,-96.762671062035,N & M ENTERPRISE,Confectionery,,,,1.324617873041282e+19,,,,3733 PINEBROOK DR,32.668312999262,75241,DALLAS,Uncategorized,,,
,TX,DALLAS,-96.622517027144,LA CHAPALITA #3,Specialty Food,,,,9.744252042658204e+18,,,,2650 HICKORY TREE RD # 103,32.733312341356,75180,BALCH SPRINGS,Mexican,Americas,Latin America - Central America,Mexico
,TX,DALLAS,-96.935195091672,DONUT HUT,Bakery,,,,1.8289022949585996e+19,,,,910 E GRAUWYLER RD,32.829555527505,75061,IRVING,Uncategorized,,,
,TX,DALLAS,-96.648432239095,1 STOP FOOD STORE,Convenience Store,,,,1.8179712714371584e+19,,,,4517 SATURN RD,32.862684722082,75041,GARLAND,General Retail/Food/Other,,,
,TX,DALLAS,-96.898185746433,LEGACY LIQUOR & WINE,Liquor Store,,,,1.7571132897974309e+19,,,,10967 N STEMMONS FWY,32.87738222065,75220,DALLAS,Liquor Store,,,
,TX,DALLAS,-96.992859342932,COWBOYS LIQUOR NO1,Liquor Store,,,,1.151856003109849e+19,,,,3367 CONFLANS RD STE 100,32.821849396571,75061,IRVING,Liquor Store,,,
,TX,DALLAS,-96.920728682143,CARROLLTON INDOPAK SUPERMARKET,Supermarket,,,,3.3129727671185766e+18,,,,2548 DICKERSON PARKWAY,32.980483723164,75006,CARROLLTON,General Retail/Food/Other,,,
,TX,DALLAS,-96.972933879706,XPRESS MART,Convenience Store,,,,9.801021954585348e+18,,,,2121 W ROCHELLE RD STE 103,32.842266752805,75062,IRVING,General Retail/Food/Other,,,
,TX,DALLAS,-96.59549257612,TAJMAHAL ASIAN GROCERIES,Supermarket,,,,3.293363109709172e+18,,,,6246 BROADWAY BLVD STE C,32.837548093567,75043,GARLAND,Asian (General),Asia,General,
,TX,DALLAS,-96.765423196867,LANCASTER DOUNTS,Bakery,,,,1.4891158026933324e+19,,,,630 W PLEASANT RUN RD STE 148,32.604845189193,75146,LANCASTER,Uncategorized,,,
,TX,DALLAS,-96.611056599389,HERBMART,Supermarket,,,,1.2968142215111e+19,,,,3330 N GALLOWAY AVE STE 150,32.810403103973,75150,MESQUITE,General Retail/Food/Other,,,
,TX,DALLAS,-96.757884730336,TOP END LIQUOR BEER & WINE,Liquor Store,,,,1.2786251615438785e+19,,,,7606 GREENVILLE AVE,32.886212197502,75231,DALLAS,Liquor Store,,,
,TX,DALLAS,-96.908909328756,DOORDASH ESSENTIALS,Convenience Store,,,,1.0513088147846023e+19,,,,215 W CAMP WISDOM RD STE #12/15,32.661980580212,75116,DUNCANVILLE,General Retail/Food/Other,,,
,TX,DALLAS,-96.801289261722,POP'S CORN SHOPPE,Confectionery,,,,7.00822280948012e+18,,,,1201 MAIN ST STE P250,32.780250444073,75202,DALLAS,Uncategorized,,,
,TX,DALLAS,-96.636257332403,STOP & BUY,Convenience Store,,,,1.4128287089257173e+19,,,,1608 S 5TH ST,32.898769353591,75040,GARLAND,General Retail/Food/Other,,,
,TX,DALLAS,-96.871009864054,G FOODS INTERNATIONAL OF DALLAS,Supermarket,,,,9.42523766883656e+18,,,,2950 W COMMERCE ST,32.774607140331,75212,DALLAS,General Retail/Food/Other,,,
,TX,DALLAS,-96.705667298059,CORNER STORE,Convenience Store,,,,1.3606768377201773e+19,,,,10304 FOREST LN,32.90869582739,75243,DALLAS,General Retail/Food/Other,,,
,TX,DALLAS,-96.886117780874,DIAZ GROCERY,Supermarket,,,,6.163567997959818e+18,,,,4029 W JEFFERSON BLVD,32.738702123681,75211,COCKRELL HILL,General Retail/Food/Other,,,
,TX,DALLAS,-96.785015650736,THE COTTAGE GROCERY,Supermarket,,,,1.0113247570267355e+19,,,,4919 MCKINNEY AVE,32.827283148271,75205,DALLAS,General Retail/Food/Other,,,
,TX,DALLAS,-96.622299763325,CHILL ZONE BEER & WINE,Convenience Store,,,,2.867820568138435e+18,,,,11918 SEAGOVILLE RD,32.704662448815,75180,BALCH SPRINGS,General Retail/Food/Other,,,
,TX,DALLAS,-96.873884795003,M & M FOOD MART,Convenience Store,,,,1.426993669541313e+19,,,,3223 N WESTMORELAND RD STE 3652,32.780912518887,75212,DALLAS,General Retail/Food/Other,,,
,TX,DALLAS,-96.882135887757,WISDOM FOOD MART,Convenience Store,,,,6.674524094517494e+18,,,,3917 W CAMP WISDOM RD STE 110,32.662131584431,75237,DALLAS,General Retail/Food/Other,,,
,TX,DALLAS,-96.789632447482,TRADER JOE'S 400,Supermarket,,,,1.2362337029242175e+19,,,,4525 COLE AVE STE 100,32.822005487146,75205,DALLAS,General Retail/Food/Other,,,
,TX,DALLAS,-96.993126528345,MARKET STREET #564,Supermarket,,,,1.6744941672655503e+19,,,,700 N DENTON TAP ROAD,32.988894593757,75019,COPPELL,General Retail/Food/Other,,,
,TX,DALLAS,-96.820997176582,JAMBA JUICE,Specialty Food,,,,6.432592398678051e+18,,,,13350 DALLAS PKWY,32.930508319415,75240,DALLAS,Uncategorized,,,
,TX,DALLAS,-96.842940513807,ARI'S PANTRY LLC,Supermarket,,,,6.192926288138883e+18,,,,1307 1/2 W DAVIS ST,32.749557566201,75208,DALLAS,General Retail/Food/Other,,,
,TX,DALLAS,-96.805367779588,RANDALL'S #3522,Supermarket,,,,1.0367749946311395e+19,,,,522 PRESTON ROYAL SHOPPING CTR,32.89527176902,75230,DALLAS,General Retail/Food/Other,,,
,TX,DALLAS,-96.959114200621,THE IRVING BAKERY,Bakery,,,,2.0520916302284265e+18,,,,925 W JOHN CARPENTER FWY STE 104,32.888945517716,75039,IRVING,Uncategorized,,,
,TX,DALLAS,-96.8742380824,DULCERIA ESTRELLITA,Convenience Store,,,,7.983656397186025e+18,,,,735 N WESTMORELAND RD,32.749257113296,75211,DALLAS,Mexican,Americas,Latin America - Central America,Mexico
,TX,DALLAS,-96.649993026153,FISTA MART # 210,Supermarket,,,,7.133081298212834e+18,,,,10121 LAKE JUNE RD STE 200,32.734261389989,75217,DALLAS,General Retail/Food/Other,,,
,TX,DALLAS,-96.879354819351,SOLEIL INC.,Liquor Store,,,,1.55867990082183e+19,,,,2938 ANODE LN,32.876674048286,75220,DALLAS,Liquor Store,,,
,TX,DALLAS,-96.606510503395,DONUT HOLE,Bakery,,,,3.1017330282832384e+18,,,,716 GROSS RD,32.764067961914,75149,MESQUITE,Uncategorized,,,
,TX,DALLAS,-96.710649468346,HYPNOTIC DOUGHNUTS,Bakery,,,,1.7222970851447554e+19,,,,9007 GARLAND RD,32.826864195644,75218,DALLAS,Uncategorized,,,
,TX,DALLAS,-96.855931844083,FIESTA MART # 65,Supermarket,,,,1.7493151700575734e+19,,,,2315 W LEDBETTER DR,32.691272665591,75224,DALLAS,Mexican,Americas,Latin America - Central America,Mexico
,TX,DALLAS,-96.919997559959,TERRIE'S LUXE CHARCUTERIE LLC,Specialty Food,,,,1.6861939527556337e+18,,,,1340 ELISE,32.617520593163,75104,CEDAR HILL,Uncategorized,,,
,TX,DALLAS,-96.884210789102,PRODUCTS FOR YOUR TABLE INC,Supermarket,,,,9.98454078480812e+18,,,,10850 HARRY HINES BLVD STE 170,32.876401442359,75220,DALLAS,General Retail/Food/Other,,,
,TX,DALLAS,-96.657106795006,MALONE'S COST PLUS #7,Supermarket,,,,1.0706572499591252e+19,,,,333 S SAINT AUGUSTINE DR STE 129,32.707796466042,75217,DALLAS,General Retail/Food/Other,,,
,TX,DALLAS,-96.908697135218,BEER & WINE STOP,Convenience Store,,,,9.700273253721725e+18,,,,1417 N DUNCANVILLE RD,32.675786044217,75116,DUNCANVILLE,General Retail/Food/Other,,,
,TX,DALLAS,-96.890242628049,DALLAS WHOLESALE LIQUOR,Liquor Store,,,,1.4982062680697293e+19,,,,2617 FREEWOOD DR,32.870583230124,75220,DALLAS,Liquor Store,,,
,TX,DALLAS,-97.005771811797,BONITA FOOD MART,Convenience Store,,,,1.897676456281852e+18,,,,901 SW 3RD ST,32.735195984513,75051,GRAND PRAIRIE,General Retail/Food/Other,,,
,TX,DALLAS,-96.822984178326,TEXAS ICE VENDING,Specialty Food,,,,4.4670320167946353e+18,,,,103 W OHIO AVE,32.719543676472,75224,DALLAS,Uncategorized,,,
,TX,DALLAS,-96.838864833423,CORDON WINES,Liquor Store,,,,6.414122249740962e+18,,,,13612 MIDWAY RD # 333-1,32.93336216999,75244,FARMERS BRANCH,Liquor Store,,,
,TX,DALLAS,-96.872123214111,TIENDA ANA SALVADORENA,Supermarket,,,,1.028066437539714e+19,,,,3106 DAWES DR,32.727088387117,75211,DALLAS,General Retail/Food/Other,,,
,TX,DALLAS,-96.958397818706,INDIAN SUPER MARKET,Supermarket,,,,4.757134537537794e+17,,,,8140 N MACARTHUR BLVD STE 110,32.92042439348,75063,IRVING,Indian/South Asian,Asia,South Central Asia,Multiple South Central Asian
,TX,DALLAS,-96.974074566825,RON'S TIENDITA,Convenience Store,,,,9.04585168910826e+18,,,,2140 W GRAUWYLER RD,32.828902798386,75061,IRVING,General Retail/Food/Other,,,
,TX,DALLAS,-96.803628974027,PENZEYS SPICES,Specialty Food,,,,5.297601672669578e+18,,,,12835 PRESTON RD,32.923407985441,75230,DALLAS,Uncategorized,,,
,TX,DALLAS,-97.027050407644,LIQUOR DEPOT,Liquor Store,,,,1.1681834805939948e+19,,,,1815 W TARRANT RD STE 215,32.757006098405,75050,GRAND PRAIRIE,Liquor Store,,,
,TX,DALLAS,-96.606319218558,PIONEERS BEER AND WINE,Convenience Store,,,,3.95860532399763e+18,,,,12925 ELAM RD STE 101,32.719405064121,75180,BALCH SPRINGS,General Retail/Food/Other,,,
,TX,DALLAS,-96.717928218129,WORLD OF SPICES,Supermarket,,,,1.3198656334100382e+19,,,,13340 AUDELIA RD STE 136,32.930135511454,75243,DALLAS,General Retail/Food/Other,,,
,TX,DALLAS,-96.737315332115,TEXAS MART,Convenience Store,,,,1.199312404006786e+19,,,,3400 SAMUELL BLVD STE A,32.79291296206,75223,DALLAS,General Retail/Food/Other,,,
,TX,DALLAS,-96.805511990901,A SMOKERS DELIGHT,Convenience Store,,,,2.300401511574571e+17,,,,1906 S DENLEY DR,32.724415811994,75216,DALLAS,General Retail/Food/Other,,,
,TX,DALLAS,-96.78494030714,P & S CORNER STORE,Convenience Store,,,,1.525192013094193e+19,,,,4203 DALTON DR,32.702193543222,75216,DALLAS,General Retail/Food/Other,,,
,TX,DALLAS,-96.534499860265,ROWLETT COUNTRY MART,Convenience Store,,,,7.610805830000788e+18,,,,8701 LIBERTY GROVE RD STE 800,32.937132513352,75089,ROWLETT,General Retail/Food/Other,,,
,TX,DALLAS,-96.661915785061,DOVECOURT MARKET,Supermarket,,,,5.576182277667963e+18,,,,2242 WALNUT GROVE LN,32.959847035239,75044,GARLAND,General Retail/Food/Other,,,
,TX,DALLAS,-96.912167577667,WOOLTARI,Supermarket,,,,1.0878611500210342e+19,,,,1016 W TRINITY MILLS RD STE 128,32.982669479174,75006,CARROLLTON,General Retail/Food/Other,,,
,TX,DALLAS,-96.783780427793,LUCKY LIQUOR,Liquor Store,,,,1.334256740362389e+19,,,,2835 N HENDERSON AVE,32.819355736828,75206,DALLAS,Liquor Store,,,
,TX,DALLAS,-96.769476621653,NIKKY FEEDING SOULS,Specialty Food,,,,3.518891136708596e+18,,,,11617 N CENTRAL EXPY STE 135,32.904892685287,75243,DALLAS,Uncategorized,,,
,TX,DALLAS,-96.768909835058,HEB CENTRAL MARKET #552,Liquor Store,,,,1.2619450535012092e+19,,,,5750 E LOVERS LN STE A,32.850922205729,75206,DALLAS,Liquor Store,,,
,TX,DALLAS,-96.648428318639,ONE STOP BEER & WINE,Convenience Store,,,,2.112222829973948e+18,,,,1422 W KINGSLEY RD STE 100,32.878651525815,75041,GARLAND,General Retail/Food/Other,,,
,TX,DALLAS,-96.732175853145,FAMILY BEER & WINE,Liquor Store,,,,1.675329189868007e+19,,,,4946 MILITARY PKWY,32.783545090925,75227,DALLAS,Liquor Store,,,
,TX,DALLAS,-96.808396023672,SNACKATERIA,Convenience Store,,,,2.9405730483072056e+18,,,,1010 E 8TH ST # 150,32.751177885055,75203,DALLAS,General Retail/Food/Other,,,
,TX,DALLAS,-96.66471695783,TEXAS ICE VENDING,Specialty Food,,,,7.167628219724615e+18,,,,9009 BRUTON RD,32.748818203246,75217,DALLAS,Uncategorized,,,
,TX,DALLAS,-96.838229194859,RED BEER AND WINE,Convenience Store,,,,7.231576221167731e+18,,,,4218 W LOVERS LN,32.851105400586,75209,DALLAS,General Retail/Food/Other,,,
,TX,DALLAS,-96.741812693048,"VITAMIN COTTAGE NATURAL FOOD MARKETS, INC",Supermarket,,,,5.80341171366162e+18,,,,677 W CAMPBELL RD STE 100,32.978025277693,75080,RICHARDSON,General Retail/Food/Other,,,
,TX,DALLAS,-96.842828021112,"BIG YUMMY BAKERY, INC.",Specialty Food,,,,5.2430275762141786e+17,,,,16210 MIDWAY RD,32.979755454882,75001,ADDISON,Uncategorized,,,
,TX,DALLAS,-96.992210659243,LIQUOR DEPOT,Liquor Store,,,,5.889263727030717e+18,,,,3505 N BELT LINE RD,32.853876951235,75062,IRVING,Liquor Store,,,
,TX,DALLAS,-97.016732117518,DISTRIBUIDORA VELOZ LLC,Supermarket,,,,3.355202428407165e+17,,,,836 OVER RIDGE DR,32.690947918032,75052,GRAND PRAIRIE,General Retail/Food/Other,,,
,TX,DALLAS,-96.657301247272,SNAPPY FOODS,Convenience Store,,,,1.074783250101471e+19,,,,1821 S SAINT AUGUSTINE DR,32.679571840984,75217,DALLAS,General Retail/Food/Other,,,
,TX,DALLAS,-96.782356259589,LA MICHOACANA MEAT MARKET DALLAS #28,Convenience Store,,,,1.400887869340328e+19,,,,2420 N FITZHUGH AVE,32.811489840082,75204,DALLAS,Mexican,Americas,Latin America - Central America,Mexico
,TX,DALLAS,-96.569186279872,GOODY GOODY LIQUOR #4,Liquor Store,,,,1.3214203217186191e+18,,,,3500 LAKEVIEW PKWY STE 100,32.907419933131,75088,ROWLETT,Liquor Store,,,
,TX,DALLAS,-96.646062514748,TEXAS ICE VENDING,Specialty Food,,,,1.6567657790001269e+19,,,,2809 MOTLEY DR,32.80228534882,75150,MESQUITE,Uncategorized,,,
,TX,DALLAS,-96.803628974027,INFUSED OILS & VINEGARS,Specialty Food,,,,6.606857250059537e+18,,,,12835 PRESTON RD STE 302,32.923407985441,75230,DALLAS,Uncategorized,,,
,TX,DALLAS,-96.626452432501,LIQUOR DEPOT,Liquor Store,,,,6.416055579370409e+18,,,,11709 SEAGOVILLE RD,32.705013110291,75180,BALCH SPRINGS,Liquor Store,,,
,TX,DALLAS,-96.829275222647,GOODY GOODY LIQUOR STORE,Liquor Store,,,,1.3303762205018444e+19,,,,14851 INWOOD RD,32.949974109864,75001,ADDISON,Liquor Store,,,
,TX,DALLAS,-96.605199011017,NEW DAIRY WAY 2,Convenience Store,,,,1.7392524744975923e+19,,,,1800 N GALLOWAY AVE STE 200,32.786328242621,75149,MESQUITE,General Retail/Food/Other,,,
,TX,DALLAS,-96.740510843845,JOHNNY'S PAYLESS LIQUOR,Liquor Store,,,,2.6126103075339146e+18,,,,3202 SAMUELL BLVD,32.792921685327,75223,DALLAS,Liquor Store,,,
,TX,DALLAS,-96.824657085576,ZANG FOOD MART,Supermarket,,,,8.358633623957846e+17,,,,1005 S ZANG BLVD,32.736103743752,75208,DALLAS,General Retail/Food/Other,,,
,TX,DALLAS,-96.753863190568,WAL-MART # 5823,Liquor Store,,,,1.3818810779866843e+19,,,,6185 RETAIL RD STE 200,32.861785800512,75231,DALLAS,Liquor Store,,,
,TX,DALLAS,-96.761905402727,"TWT INTERESTS #1, LLC",Liquor Store,,,,4.774079742825809e+18,,,,1909 SKILLMAN ST,32.812859846126,75206,DALLAS,Liquor Store,,,
,TX,DALLAS,-96.992175572923,SOL DIAS,Specialty Food,,,,9.385749833478455e+18,,,,3621 N BELT LINE RD,32.855633396324,75062,IRVING,Uncategorized,,,
,TX,DALLAS,-96.648019929306,FRUTI PALETERIA LLC,Specialty Food,,,,1.6345286853855187e+17,,,,10325 LAKE JUNE RD STE 550,32.73422387655,75217,DALLAS,Mexican,Americas,Latin America - Central America,Mexico
,TX,DALLAS,-96.876599401261,T G'S MINI MART,Convenience Store,,,,5.377207952844933e+18,,,,2917 LOMBARDY LN,32.866487286156,75220,DALLAS,General Retail/Food/Other,,,
,TX,DALLAS,-96.767523242454,AMARANTHINE SYRUPS LLC,Specialty Food,,,,4.958074383204565e+18,,,,5727 CARUTH HAVEN LN APT 114,32.8608988044,75206,DALLAS,Uncategorized,,,
,TX,DALLAS,-96.635527123238,ALDI (TEXAS) L.L.C. #16,Supermarket,,,,1.277993635452612e+19,,,,3635 GUS THOMASSON RD STE A,32.8142883146,75150,MESQUITE,General Retail/Food/Other,,,
,TX,DALLAS,-96.840191053084,MALONE'S COST PLUS,Supermarket,,,,1.5648254444674306e+19,,,,3939 S POLK ST STE 323,32.695404882642,75224,DALLAS,General Retail/Food/Other,,,
,TX,DALLAS,-96.967043081558,GRAND TRIP # 2,Convenience Store,,,,7.801575136955023e+18,,,,1710 W IRVING BLVD,32.822508110028,75061,IRVING,General Retail/Food/Other,,,
,TX,DALLAS,-96.717487207005,"RAPIDO ICE, LLC",Specialty Food,,,,4.672283643080753e+18,,,,9810 WALNUT HILL LN,32.878799944956,75238,DALLAS,Uncategorized,,,
,TX,DALLAS,-96.859321009581,AJOWA LLC,Specialty Food,,,,1.3539538660098853e+19,,,,2750 E TRINITY MILLS RD,32.9864033117,75006,CARROLLTON,Uncategorized,,,
,TX,DALLAS,-96.942793076492,TEXAS ICE VENDING,Specialty Food,,,,7.327440098565981e+17,,,,251 E GRAUWYLER RD,32.829447386546,75061,IRVING,Uncategorized,,,
,TX,DALLAS,-96.922770154576,TOM THUMB #3563 FUEL STATION,Supermarket,,,,1.3993536449657848e+19,,,,625 W WHEATLAND RD,32.647543448532,75116,DUNCANVILLE,General Retail/Food/Other,,,
,TX,DALLAS,-96.727871680779,BRO'S LIQUOR,Liquor Store,,,,1.0023731535172289e+19,,,,5374 S 2ND AVE,32.747021109203,75210,DALLAS,Liquor Store,,,
,TX,DALLAS,-96.595953017065,ACHAYAN'S TAKEOUT AND GROCERS,Supermarket,,,,1.5959447421414429e+19,,,,4361 N BELT LINE RD,32.823987188304,75150,MESQUITE,General Retail/Food/Other,,,
,TX,DALLAS,-96.803121660704,KINGS ZONE,Convenience Store,,,,3.4602206949913574e+18,,,,1294 E LEDBETTER DR,32.682590273204,75216,DALLAS,General Retail/Food/Other,,,
,TX,DALLAS,-96.7615473895,SNAP KITCHEN #24,Specialty Food,,,,1.7550601301865157e+19,,,,4115 SKILLMAN ST,32.835841468356,75206,DALLAS,Uncategorized,,,
,TX,DALLAS,-96.764703477867,"55 SEVENTY DALLAS BEVCO, LLC",Liquor Store,,,,7.433991175279494e+18,,,,7015 TWIN HILLS AVE,32.873541748496,75231,DALLAS,Liquor Store,,,
,TX,DALLAS,-96.662317914505,JEFF LIU PRODUCE,Supermarket,,,,1.4181335606855158e+19,,,,4101 HERALD DR,32.954425832831,75044,GARLAND,General Retail/Food/Other,,,
,TX,DALLAS,-96.657975920963,1 STOP FOOD MART,Convenience Store,,,,3.4856322543895373e+18,,,,2819 S GARLAND AVE,32.882188666944,75041,GARLAND,General Retail/Food/Other,,,
,TX,DALLAS,-96.685091061561,WALNUT DOLLARS PLUS BEER AND WINE,Convenience Store,,,,1.6853674137743086e+19,,,,3620 W WALNUT ST,32.916962952702,75042,GARLAND,General Retail/Food/Other,,,
,TX,DALLAS,-96.751945931383,FOSSIL CREEK LIQUOR,Liquor Store,,,,1.3128366187838392e+19,,,,6440 E MOCKINGBIRD LN,32.836350315315,75214,DALLAS,Liquor Store,,,
,TX,DALLAS,-96.751862116782,QUALITY LICENSING CORP. STORE #5931,Liquor Store,,,,5.227326373613227e+18,,,,13739 N CENTRAL EXPY,32.9358439401,75243,DALLAS,Liquor Store,,,
,TX,DALLAS,-96.995045058634,"ANDY'S FROZEN CUSTARD STORES, LLC",Specialty Food,,,,1.817169197903009e+19,,,,180 W SANDY LAKE RD,32.96940053133,75019,COPPELL,Uncategorized,,,
,TX,DALLAS,-96.595953017065,SM GROUP CORPORATE LLC,Supermarket,,,,2.8611652856423567e+18,,,,4361 N BELT LINE RD STE 1000,32.823987188304,75150,MESQUITE,General Retail/Food/Other,,,
,TX,DALLAS,-96.749653225655,SANDRA GROCERY,Convenience Store,,,,9.4608628033044e+18,,,,1827 S HASKELL AVE,32.783167870696,75223,DALLAS,General Retail/Food/Other,,,
,TX,DALLAS,-96.642511751861,DAIRYWAY CORNER STOP,Convenience Store,,,,3.5197054190005955e+18,,,,4340 GUS THOMASSON RD STE D,32.820635923981,75150,MESQUITE,General Retail/Food/Other,,,
,TX,DALLAS,-96.58429963397,TYRA'S SWEET TREATS,Bakery,,,,2.8812265182937267e+18,,,,1139 MONTERREY TRL,32.758611553395,75149,MESQUITE,Uncategorized,,,
,TX,DALLAS,-96.759153553399,DUTCH MAID DONUT LLC,Bakery,,,,3.6742164847252777e+18,,,,1303 N DALLAS AVE,32.605324510058,75134,LANCASTER,Uncategorized,,,
,TX,DALLAS,-96.777711374635,QUICK WAY FOOD MART,Convenience Store,,,,3.506909057534021e+18,,,,1402 N CARROLL AVE,32.800435441102,75204,DALLAS,General Retail/Food/Other,,,
,TX,DALLAS,-96.606242540718,"ABUELITO PANADERIA, LLC",Bakery,,,,8.404773782312799e+18,,,,12933 ELAM RD,32.719404422462,75180,BALCH SPRINGS,Mexican,Americas,Latin America - Central America,Mexico
,TX,DALLAS,-96.939132144645,DESI DISTRICT LLC,Supermarket,,,,1.7619300379750257e+19,,,,6451 RIVERSIDE DR,32.897511645472,75039,IRVING,Indian/South Asian,Asia,South Central Asia,Multiple South Central Asian
,TX,DALLAS,-96.705092160278,ASCENSION COFFEE,Specialty Food,,,,6.877214486929032e+18,,,,9353 GARLAND RD,32.831553796081,75218,DALLAS,Uncategorized,,,
,TX,DALLAS,-96.792094336436,YOUN'S MARKET,Convenience Store,,,,1.7272367072348357e+19,,,,4735 S LANCASTER RD,32.691262769637,75216,DALLAS,General Retail/Food/Other,,,
,TX,DALLAS,-96.783513879759,SUPER SAVE LIQUOR,Liquor Store,,,,5.986618132811501e+18,,,,2543 N FITZHUGH AVE,32.812338758303,75204,DALLAS,Liquor Store,,,
,TX,DALLAS,-96.870421601864,FRUTERIA GTO,Produce Market,,,,3.28731373630202e+18,,,,9632 OVERLAKE DR,32.857705857617,75220,DALLAS,Mexican,Americas,Latin America - Central America,Mexico
,TX,DALLAS,-96.732335051982,COWBOYS DISCOUNT LIQUOR,Liquor Store,,,,1.3409339859421252e+19,,,,4938 MILITARY PKWY,32.78354782396,75227,DALLAS,Liquor Store,,,
,TX,DALLAS,-96.622637015215,HI FOOD MART,Convenience Store,,,,4.85075526766561e+18,,,,3035 BROADWAY BLVD STE D,32.879680024765,75041,GARLAND,General Retail/Food/Other,,,
,TX,DALLAS,-96.928381813857,KROGER TEXAS L.P./ AMERICA'S BEV,Supermarket,,,,1.4813720063978656e+19,,,,1331 E AIRPORT FWY,32.837281660876,75062,IRVING,General Retail/Food/Other,,,
,TX,DALLAS,-96.770247655653,CORNER STOP,Liquor Store,,,,3.9495449316794464e+17,,,,2203 GREENVILLE AVE,32.816088538419,75206,DALLAS,Liquor Store,,,
,TX,DALLAS,-96.634655876695,KROGER TEXAS L.P. #450,Supermarket,,,,1.6129181454077415e+19,,,,3600 GUS THOMASSON,32.812575665351,75150,MESQUITE,General Retail/Food/Other,,,
,TX,DALLAS,-96.549092567012,LA CHAPALITA ICE CREAM,Specialty Food,,,,3.650477869655738e+18,,,,105 HALL RD STE 129B,32.648779166962,75159,SEAGOVILLE,Mexican,Americas,Latin America - Central America,Mexico
,TX,DALLAS,-96.705092160278,ASCENSION COFFEE,Specialty Food,,,,5.085085885113977e+18,,,,9353 GARLAND RD,32.831553796081,75218,DALLAS,Uncategorized,,,
,TX,DALLAS,-96.809384764814,BIAGIO WINE & SPIRIT,Liquor Store,,,,1.476516877273106e+19,,,,2404 VICTORY PARK LN,32.788111642938,75219,DALLAS,Liquor Store,,,
,TX,DALLAS,-96.762622738319,DON'S FOOD STORE,Supermarket,,,,8.590025958150721e+18,,,,825 S CARROLL AVE,32.787256538857,75223,DALLAS,General Retail/Food/Other,,,
,TX,DALLAS,-96.820997176582,CANDY LAND,Confectionery,,,,7.677052694751104e+18,,,,13350 DALLAS PKWY # 3285,32.930508319415,75240,DALLAS,Uncategorized,,,
,TX,DALLAS,-96.774119529075,LA RANCHERA INTERNATIONAL FOODS LLC,Supermarket,,,,4.819447431752404e+18,,,,4823 BRYAN ST,32.803390440251,75204,DALLAS,Mexican,Americas,Latin America - Central America,Mexico
,TX,DALLAS,-96.612122985019,CRAFTED,Liquor Store,,,,4.82037543243175e+18,,,,460 CONEFLOWER DR,32.952882675473,75040,GARLAND,Liquor Store,,,
,TX,DALLAS,-96.670238794219,MALONE'S COST PLUS,Supermarket,,,,1.7403681699390615e+18,,,,4850 SAMUELL BLVD,32.792174959317,75149,MESQUITE,General Retail/Food/Other,,,
,TX,DALLAS,-96.851783262211,LONE STAR PRODUCE,Produce Market,,,,1.2430006816585894e+19,,,,1437 S MARLBOROUGH AVE,32.729545154398,75208,DALLAS,General Retail/Food/Other,,,
,TX,DALLAS,-96.63625853283,THRIFT FOOD MART,Convenience Store,,,,2.221912041033584e+18,,,,1614 S 5TH ST,32.898721816803,75040,GARLAND,General Retail/Food/Other,,,
,TX,DALLAS,-96.631106854451,SHOP N GO # 8,Convenience Store,,,,1.5698877827111471e+19,,,,1815 S 1ST ST STE E,32.895911608496,75040,GARLAND,General Retail/Food/Other,,,
,TX,DALLAS,-96.716419172443,MILITARY QUICK STOP,Convenience Store,,,,1.069611154664091e+19,,,,5936 MILITARY PKWY,32.776597791606,75227,DALLAS,General Retail/Food/Other,,,
,TX,DALLAS,-96.878641915861,CITY LINE BEER & WINE,Liquor Store,,,,1.938758628158424e+18,,,,3600 W JEFFERSON BLVD,32.740340243629,75211,DALLAS,Liquor Store,,,
,TX,DALLAS,-96.601338585638,TITO'S MEAT MARKET,Supermarket,,,,5.419119341072369e+18,,,,3000 PIONEER RD STE 1,32.72779250392,75181,BALCH SPRINGS,General Retail/Food/Other,,,
,TX,DALLAS,-96.745876976678,E-Z SHOP #2,Convenience Store,,,,1.6730387391869831e+19,,,,818 S CENTRAL EXPY STE 21,32.940617897556,75080,RICHARDSON,General Retail/Food/Other,,,
,TX,DALLAS,-96.967286318837,TIENDA VARIEDADES,Supermarket,,,,9.578558774430616e+18,,,,1770 W IRVING BLVD STE 11,32.823060176784,75061,IRVING,General Retail/Food/Other,,,
,TX,DALLAS,-96.856805865776,FARMERS DELITE,Produce Market,,,,1.7438768092199338e+19,,,,440 S HAMPTON RD,32.583482790977,75115,DE SOTO,General Retail/Food/Other,,,
,TX,DALLAS,-96.728468847033,GOODY GOODY #6,Liquor Store,,,,4.2839637567312543e+18,,,,7729 GARLAND RD,32.811842272028,75218,DALLAS,Liquor Store,,,
,TX,DALLAS,-96.768762696356,KROGER TEXAS L.P. #517,Supermarket,,,,1.1494196706640087e+19,,,,160 N COIT RD,32.952903180749,75080,RICHARDSON,General Retail/Food/Other,,,
,TX,DALLAS,-97.010862228652,KROGER TEXAS L.P./DALLAS OFFICE,Supermarket,,,,1.3968664812751831e+19,,,,751 FREEPORT PKWY,32.95243592161,75019,COPPELL,General Retail/Food/Other,,,
,TX,DALLAS,-96.770191047127,RANDALL'S FOOD AND DRUG # 2544,Supermarket,,,,1.048158563069128e+19,,,,10455 N CENTRAL EXPY STE 119,32.888774334903,75231,DALLAS,General Retail/Food/Other,,,
,TX,DALLAS,-96.609997155532,MILLER MART,Convenience Store,,,,2.671695453887939e+18,,,,1506 W MILLER RD,32.894117937413,75041,GARLAND,General Retail/Food/Other,,,
,TX,DALLAS,-96.881758079564,AZTECA MEXICAN CANDY IMP,Confectionery,,,,1.7562787419333808e+19,,,,2860 WALNUT HILL LN STE 106,32.880842951679,75229,DALLAS,Mexican,Americas,Latin America - Central America,Mexico
,TX,DALLAS,-96.728619871016,"GOOD FORTUNE SUPERMARKET OF DALLAS, INC.",Supermarket,,,,1.4852771974500534e+19,,,,400 N GREENVILLE AVE STE 1,32.953691806911,75081,RICHARDSON,Chinese,Asia,Eastern Asia,China
,TX,DALLAS,-96.655802275845,FRANKIE & VINCIE'S,Specialty Food,,,,1.0567620397571654e+19,,,,5111 KIAMESHA WAY,32.833700654053,75150,MESQUITE,Uncategorized,,,
,TX,DALLAS,-96.809970766647,THE SHOPPE OF WINDSOR AT TURTLE CREEK,Convenience Store,,,,3.063698190500643e+18,,,,2217 IVAN ST,32.797763368008,75201,DALLAS,General Retail/Food/Other,,,
,TX,DALLAS,-96.933836700473,VILLESCAS IMPORTS,Produce Market,,,,1.3579606400624118e+19,,,,1023 E PIONEER DR APT 119,32.817676357026,75061,IRVING,General Retail/Food/Other,,,
,TX,DALLAS,-96.605199011017,NEW DAIRY WAY #2,Convenience Store,,,,2.5798382592955694e+18,,,,1800 N GALLOWAY AVE STE 200,32.786328242621,75149,MESQUITE,General Retail/Food/Other,,,
,TX,DALLAS,-96.746156568656,BEVERAGE DEPOT,Liquor Store,,,,8.619493041128231e+18,,,,2810 SAMUELL BLVD STE A,32.792911811504,75223,DALLAS,Liquor Store,,,
,TX,DALLAS,-96.933327754637,ZARA FOOD MART,Convenience Store,,,,4.722567228464974e+18,,,,1102 E PIONEER DR STE H,32.817559340244,75061,IRVING,General Retail/Food/Other,,,
,TX,DALLAS,-96.876458577318,TACO GRANDE,Convenience Store,,,,3.892484583215943e+18,,,,2927 LOMBARDY LN,32.866488121901,75220,DALLAS,Mexican,Americas,Latin America - Central America,Mexico
,TX,DALLAS,-96.82917712799,BUCKHORN DISCOUNT LIQOURS,Liquor Store,,,,1.000573531386677e+19,,,,14825 INWOOD RD,32.949691770927,75001,ADDISON,Liquor Store,,,
,TX,DALLAS,-96.812913774638,SNAP KITCHEN #19,Specialty Food,,,,1.7139767840456526e+19,,,,4436 LEMMON AVE,32.818410352524,75219,DALLAS,Uncategorized,,,
,TX,DALLAS,-96.822971367386,SPIRITS DEPOT,Liquor Store,,,,7.757315823241976e+17,,,,1551 S BECKLEY RD STE A,32.560228795773,75154,GLENN HEIGHTS,Liquor Store,,,
,TX,DALLAS,-96.995113422957,EL RANCHO EXPRESS #4611 FUEL STATION,Supermarket,,,,1.541282898476291e+19,,,,3626 W NORTHGATE DR,32.856830961115,75062,IRVING,Mexican,Americas,Latin America - Central America,Mexico
,TX,DALLAS,-96.664362449613,TEXAS ICE VENDING,Specialty Food,,,,9.124991678162684e+18,,,,9024 LAKE JUNE RD STE A,32.733980970101,75217,DALLAS,Uncategorized,,,
,TX,DALLAS,-96.762478215261,STONEY'S,Liquor Store,,,,2.310568990739285e+18,,,,6038 ORAM ST,32.813801959189,75206,DALLAS,Liquor Store,,,
,TX,DALLAS,-96.981847809326,CARNICERIA LA ALTENA - FORT WORTH LLC.,Supermarket,,,,7.026235832905844e+18,,,,2316 TIMBERLAKE DR,32.854571388036,75062,IRVING,Mexican,Americas,Latin America - Central America,Mexico
,TX,DALLAS,-96.682991839148,MI CASITA SONSONATECA,Supermarket,,,,5.919234198407955e+18,,,,2543 S BUCKNER BLVD STE A,32.755570158087,75227,DALLAS,Mexican,Americas,Latin America - Central America,Mexico
,TX,DALLAS,-96.814499378389,SANER FOOD MART,Convenience Store,,,,8.375051248270592e+18,,,,2808 S MARSALIS AVE,32.712980661439,75216,DALLAS,General Retail/Food/Other,,,
,TX,DALLAS,-96.621134503554,STOP N GO,Convenience Store,,,,1.4717950992517515e+19,,,,609 DAIRY RD STE 100,32.907834401373,75040,GARLAND,General Retail/Food/Other,,,
,TX,DALLAS,-96.837450788178,COOL ZONE,Convenience Store,,,,9.92993506854976e+18,,,,4275 W NORTHWEST HWY,32.86410964168,75220,DALLAS,General Retail/Food/Other,,,
,TX,DALLAS,-96.903644369809,"YI GROUP, INC.",Supermarket,,,,1.8489076292979464e+18,,,,2237 JOE FIELD RD STE 101,32.893004152729,75229,DALLAS,General Retail/Food/Other,,,
,TX,DALLAS,-96.803399482286,TRADER JOE'S #407,Supermarket,,,,1.0604591031997649e+19,,,,14856 PRESTON RD STE 200,32.951465582093,75254,DALLAS,General Retail/Food/Other,,,
,TX,DALLAS,-96.682976960546,BE A BOSS LLC,Specialty Food,,,,4.806278309010492e+18,,,,12800 JUPITER RD APT 322,32.869463838398,75238,DALLAS,Uncategorized,,,
,TX,DALLAS,-96.828540656063,GOOD LUCK,Convenience Store,,,,2.0728824084672845e+18,,,,332 W COMMERCE ST,32.773627091637,75208,DALLAS,General Retail/Food/Other,,,
,TX,DALLAS,-96.557441444125,JONNIS,Confectionery,,,,1.1547559858777571e+19,,,,1706 N HIGHWAY 175,32.655180609356,75159,SEAGOVILLE,Uncategorized,,,
,TX,DALLAS,-96.949459815016,EL CUSCATLECO,Convenience Store,,,,2.862033328528247e+18,,,,410 N O CONNOR RD,32.817314626437,75061,IRVING,Mexican,Americas,Latin America - Central America,Mexico
,TX,DALLAS,-96.655026438077,KWIK STOP DRIVE THRU,Convenience Store,,,,7.378695164258636e+18,,,,4921 GUS THOMASSON RD,32.830841813225,75150,MESQUITE,General Retail/Food/Other,,,
,TX,DALLAS,-96.549033222357,"POPULAR DONUT, INC.",Specialty Food,,,,5.165693217188367e+18,,,,106 HALL RD,32.648671326206,75159,SEAGOVILLE,Uncategorized,,,
,TX,DALLAS,-97.014721074953,CASA SAN MIGUEL DE ALLENDE,Specialty Food,,,,4.25877671522641e+16,,,,950 S CARRIER PKWY,32.734337976585,75051,GRAND PRAIRIE,Mexican,Americas,Latin America - Central America,Mexico
,TX,DALLAS,-96.762478215261,GRAILEY'S,Liquor Store,,,,4.433167979302047e+18,,,,6038 ORAM ST,32.813801959189,75206,DALLAS,Liquor Store,,,
,TX,DALLAS,-96.814248299993,GOOD LUCK,Convenience Store,,,,9.829574209430243e+18,,,,727 E ANN ARBOR AVE,32.691367412007,75216,DALLAS,General Retail/Food/Other,,,
,TX,DALLAS,-96.554177739682,BEVERAGE DEPOT #4,Liquor Store,,,,6.982623086786596e+18,,,,5050 LAKEVIEW PKWY,32.907684775253,75088,ROWLETT,Liquor Store,,,
,TX,DALLAS,-96.657065768494,"SCROOGE AND MARLEY, INC.",Convenience Store,,,,1.5419982290056989e+19,,,,1933 NORTHWEST HWY STE A,32.864199536505,75041,GARLAND,General Retail/Food/Other,,,
,TX,DALLAS,-96.678622452513,GROCERY SERVICES NORTH,Convenience Store,,,,1.7015822773139034e+19,,,,310 N BARNES DR STE A,32.916076985483,75042,GARLAND,General Retail/Food/Other,,,
,TX,DALLAS,-96.803181595304,PRESSED JUICERY,Specialty Food,,,,1.1362054142137944e+19,,,,6025 ROYAL LN STE 105,32.894963589525,75230,DALLAS,Uncategorized,,,
,TX,DALLAS,-96.700338238556,BUY LOW BEER & WINE,Convenience Store,,,,1.058093257712378e+19,,,,8550 PLANO RD STE 102,32.864965739594,75238,DALLAS,General Retail/Food/Other,,,
,TX,DALLAS,-96.973244021013,LONE STAR LIQUOR 1,Liquor Store,,,,9.32727819550545e+18,,,,2800 GLENWICK LN STE 100,32.783561047345,75060,IRVING,Liquor Store,,,
,TX,DALLAS,-96.678728843369,FRUTERIA MARANATHA,Confectionery,,,,6.453255871841386e+18,,,,3219 FOREST LN,32.909351811202,75042,GARLAND,Mexican,Americas,Latin America - Central America,Mexico
,TX,DALLAS,-96.60654752774,MORNING TREAT DONUT,Bakery,,,,3.471106174946857e+18,,,,701 E CARTWRIGHT RD STE 123,32.746749743351,75149,MESQUITE,Uncategorized,,,
,TX,DALLAS,-96.759153553399,WE THE BEST FOODMART,Convenience Store,,,,3.200505751388507e+18,,,,1415 N DALLAS AVE,32.605324510058,75134,LANCASTER,General Retail/Food/Other,,,
,TX,DALLAS,-96.887607764382,FRIENDLY FOOD STORE,Convenience Store,,,,6.574728266479715e+18,,,,4123 W CLARENDON DR,32.735041742948,75211,DALLAS,General Retail/Food/Other,,,
,TX,DALLAS,-96.964268353231,SARIGAMA INDIAN CAFE AND SUPERMARKET,Supermarket,,,,1.506522939716287e+19,,,,5427 N MACARTHUR BLVD,32.883748192234,75038,IRVING,Indian/South Asian,Asia,South Central Asia,Multiple South Central Asian
,TX,DALLAS,-96.884741133058,TOM THUMB #2590,Supermarket,,,,1.252116426519218e+19,,,,4112 N JOSEY LANE,33.02150848055,75007,CARROLLTON,General Retail/Food/Other,,,
,TX,DALLAS,-96.683298989969,KWIK WAY GROCERY,Convenience Store,,,,8.895681486405126e+18,,,,12405 JUPITER RD,32.863237064669,75218,DALLAS,General Retail/Food/Other,,,
,TX,DALLAS,-96.846657835968,KROGER TEXAS L.P. #587 & FUEL CENTER,Supermarket,,,,7.864103911652217e+18,,,,3939 FRANKFORD RD,32.997093519648,75287,DALLAS,General Retail/Food/Other,,,
,TX,DALLAS,-96.648437078709,BRUTON FOOD MART,Convenience Store,,,,1.3458455380385284e+19,,,,2015 N MASTERS DR STE 260,32.747862209756,75217,DALLAS,General Retail/Food/Other,,,
,TX,DALLAS,-96.927173625468,DOC'S MART,Convenience Store,,,,7.261152187167883e+18,,,,1030 N HIGHWAY 67 STE A,32.607605340053,75104,CEDAR HILL,General Retail/Food/Other,,,
,TX,DALLAS,-96.819902205329,GREAT DISCOUNT,Convenience Store,,,,1.6796534064917135e+19,,,,3250 W PLEASANT RUN RD STE 230,32.604048112537,75146,LANCASTER,General Retail/Food/Other,,,
,TX,DALLAS,-96.761072703395,SHINE GROCERY STORE LLC,Supermarket,,,,5.858183650015398e+18,,,,8361 PARK LN STE 100,32.871148586245,75231,DALLAS,General Retail/Food/Other,,,
,TX,DALLAS,-96.838408043308,KING MARKET #2 FOOD STORE,Convenience Store,,,,2.728947401382316e+18,,,,1007 W CAMP WISDOM RD,32.662273792711,75232,DALLAS,General Retail/Food/Other,,,
,TX,DALLAS,-96.829162036505,AMERICAN SPIRITS BEVERAGE CO,Liquor Store,,,,1.769415423915375e+19,,,,14821 INWOOD RD,32.949648334168,75001,ADDISON,Liquor Store,,,
,TX,DALLAS,-96.651884796838,HMS MART,Convenience Store,,,,1.185065627818723e+19,,,,3733 N TOWN EAST BLVD STE 100,32.797215995848,75150,MESQUITE,General Retail/Food/Other,,,
,TX,DALLAS,-96.832413738373,DESOTO BEER & WINE,Liquor Store,,,,8.208861876524371e+18,,,,1031 E PLEASANT RUN RD,32.604405593258,75115,DESOTO,Liquor Store,,,
,TX,DALLAS,-96.604681845654,SIMPLY LIQUOR,Liquor Store,,,,1.2496113394404968e+19,,,,5120 HIGHWAY 78 STE 500,32.970130493442,75048,SACHSE,Liquor Store,,,
,TX,DALLAS,-96.827775615014,ARI'S PANTRY,Supermarket,,,,8.913324535829907e+18,,,,3011 GULDEN LN STE 119,32.779507067053,75212,DALLAS,General Retail/Food/Other,,,
,TX,DALLAS,-97.035082450749,AJ SNACKS,Specialty Food,,,,1.6585466796998218e+19,,,,2211 COYOTE TRL,32.684699575183,75052,GRAND PRAIRIE,Uncategorized,,,
,TX,DALLAS,-96.648930516624,GLEN BROS LLC,Convenience Store,,,,1.3883290363612776e+19,,,,1456 BELT LINE RD STE 127,32.9449782237,75044,GARLAND,General Retail/Food/Other,,,
,TX,DALLAS,-96.782640756026,JOSE DALLAS PRODUCE,Produce Market,,,,1.2595936417026951e+19,,,,2015 CORINTH ST,32.771467838909,75215,DALLAS,General Retail/Food/Other,,,
,TX,DALLAS,-96.8893813079,DESOTO DONUT & CAFE,Bakery,,,,1.454406684182356e+19,,,,1240 W BELT LINE RD STE D,32.589729007068,75115,DESOTO,Uncategorized,,,
,TX,DALLAS,-96.683571785216,BALE CHANH GOC BAKERY,Bakery,,,,2.6857818710130217e+18,,,,3526 W WALNUT ST,32.91710551695,75042,GARLAND,Uncategorized,,,
,TX,DALLAS,-96.753966999856,TOM THUMB #2534,Supermarket,,,,1.05863713575713e+19,,,,6333 E MOCKINGBIRD LN STE 301,32.836584463144,75214,DALLAS,General Retail/Food/Other,,,
,TX,DALLAS,-96.596746463118,KROGER TEXAS L.P. #403,Supermarket,,,,7.992790086631246e+18,,,,532 W I-30,32.839106121948,75043,GARLAND,General Retail/Food/Other,,,
,TX,DALLAS,-96.790167739145,FITZHUGH CHEVRON,Convenience Store,,,,1.0905225220021567e+19,,,,4151 N CENTRAL EXPY,32.815147281072,75204,DALLAS,General Retail/Food/Other,,,
,TX,DALLAS,-96.838316675643,QUALITY LICENSING CORP STORE#5042,Liquor Store,,,,7.24780654816561e+18,,,,12789 MIDWAY RD,32.921509729087,75244,DALLAS,Liquor Store,,,
,TX,DALLAS,-96.656177394021,S & B STORE,Convenience Store,,,,1.6132811829978749e+19,,,,9606 C F HAWN FWY,32.702690511737,75217,DALLAS,General Retail/Food/Other,,,
,TX,DALLAS,-96.883832041504,PINNACLE PATHWAYS LLC,Convenience Store,,,,2.1414366891100923e+18,,,,1116 ASHFORD DR,32.590293334066,75115,DESOTO,General Retail/Food/Other,,,
,TX,DALLAS,-96.927072721492,STOP-N-GO GYROS,Specialty Food,,,,1.2301692994358364e+19,,,,2460 LACY LN STE 110,32.920786824719,75006,CARROLLTON,Uncategorized,,,
,TX,DALLAS,-96.740728054331,KAZY'S GOURMET SHOP,Specialty Food,,,,7.24330160561778e+18,,,,9256 MARKVILLE DR,32.913651835853,75243,DALLAS,Uncategorized,,,
,TX,DALLAS,-96.55404475043,"CAKES & COOKIES BY DONNA, LLC",Bakery,,,,1.0952054409124923e+19,,,,5006 PETERSBURG DR,32.884773028852,75088,ROWLETT,Uncategorized,,,
,TX,DALLAS,-96.788384183685,UNCLE KEV'S,Confectionery,,,,6.096775413495845e+18,,,,4141 OFFICE PKWY,32.804518823885,75204,DALLAS,Uncategorized,,,
,TX,DALLAS,-96.822975982594,RUBEN'S,Convenience Store,,,,1.088811746159816e+19,,,,2517 S BECKLEY AVE,32.717429407958,75224,DALLAS,General Retail/Food/Other,,,
,TX,DALLAS,-96.873966828844,GROCERY SERVICES NORTH,Convenience Store,,,,1.7108147707961033e+19,,,,1050 N WESTMORELAND RD STE 312,32.755021150879,75211,DALLAS,General Retail/Food/Other,,,
,TX,DALLAS,-96.770113640651,THE CORNER MARKET,Supermarket,,,,9.230371928628218e+18,,,,3426 GREENVILLE AVE,32.829315110757,75206,DALLAS,General Retail/Food/Other,,,
,TX,DALLAS,-96.599227443755,KROGER TEXAS L.P. #209,Supermarket,,,,1.0924489501248344e+19,,,,525 N GALLOWAY AVE,32.771036384068,75149,MESQUITE,General Retail/Food/Other,,,
,TX,DALLAS,-96.834608568858,THE MEAT SHOP,Supermarket,,,,7.772564468696828e+18,,,,4410 W LOVERS LN,32.85110695525,75209,DALLAS,General Retail/Food/Other,,,
,TX,DALLAS,-96.84497924374,"SSS INTERNATIONAL, LLC",Convenience Store,,,,3.669609150570185e+18,,,,2145 CHENAULT DR STE 110,32.968174519239,75006,CARROLLTON,General Retail/Food/Other,,,
,TX,DALLAS,-96.70098382187,KROGER TEXAS L.P. #511,Supermarket,,,,7.215686452065157e+18,,,,10677 E NORTHWEST HWY STE 300,32.863539624254,75238,DALLAS,General Retail/Food/Other,,,
,TX,DALLAS,-96.648856307951,"G & G FOOD MART, INC.",Supermarket,,,,1.7333565819271006e+19,,,,1432 W BUCKINGHAM RD,32.93089523355,75042,GARLAND,General Retail/Food/Other,,,
,TX,DALLAS,-96.707576418785,TERROIR - A PLACE FOR WINE,Liquor Store,,,,5.964729814477652e+18,,,,9225 GARLAND RD STE 2120,32.829453356599,75218,DALLAS,Liquor Store,,,
,TX,DALLAS,-96.891698519284,KIEST SHELL,Convenience Store,,,,5.401106616695931e+18,,,,4411 W KIEST BLVD,32.705878928223,75236,DALLAS,General Retail/Food/Other,,,
,TX,DALLAS,-96.843124806206,CLARENDON FOOD MART,Convenience Store,,,,1.5429050501103632e+19,,,,1323 W CLARENDON DR,32.735268458205,75208,DALLAS,General Retail/Food/Other,,,
,TX,DALLAS,-96.699997975998,RHOMBUS WINES,Liquor Store,,,,1.3813502120605469e+19,,,,1501 N PLANO RD STE 200,32.965998772898,75081,RICHARDSON,Liquor Store,,,
,TX,DALLAS,-96.598988400502,MESQUITE VAPES,Convenience Store,,,,7.560351541426867e+18,,,,714 N GALLOWAY AVE,32.773136377698,75149,MESQUITE,General Retail/Food/Other,,,
,TX,DALLAS,-96.938906867879,MARBLE SLAB CREAMERY #133,Specialty Food,,,,2.2240443500955727e+18,,,,374 E FM 1382,32.59419691115,75104,CEDAR HILL,Uncategorized,,,
,TX,DALLAS,-96.853049731369,KROGER # 870 FUEL CENTER,Supermarket,,,,7.746721947723581e+18,,,,3772 BELT LINE RD,32.95303453226,75001,ADDISON,General Retail/Food/Other,,,
,TX,DALLAS,-96.76984406287,AK C-STORE,Convenience Store,,,,1.5891736079613645e+19,,,,7995 LYNDON B JOHNSON FWY STE 110,32.924950646884,75251,DALLAS,General Retail/Food/Other,,,
,TX,DALLAS,-96.901880339631,7-ELEVEN CONVENIENCE STORE #38249A,Supermarket,,,,1.7976017014897656e+19,,,,14054 N STEMMONS FWY,32.937071512829,75234,FARMERS BRANCH,General Retail/Food/Other,,,
,TX,DALLAS,-96.906424046327,PADDY'S SHELL,Convenience Store,,,,7.306184884050519e+17,,,,1600 S INTERSTATE 35E,32.946755995423,75006,CARROLLTON,General Retail/Food/Other,,,
,TX,DALLAS,-96.915557184984,AL MARKAZ,Supermarket,,,,7.188681100054384e+18,,,,1205 W TRINITY MILLS RD STE 112,32.982722604005,75006,CARROLLTON,Middle Eastern,Asia,Western Asia,Multiple Western Asian
,TX,DALLAS,-96.622251740346,GROCERY SERVICES NORTH #9,Convenience Store,,,,6.140393969101326e+18,,,,2851 DAIRY RD STE B,32.882179071754,75041,GARLAND,General Retail/Food/Other,,,
,TX,DALLAS,-96.730797394808,JC PRODUCE,Produce Market,,,,2.539839697617568e+18,,,,7510 E GRAND AVE APT 3214,32.809640733922,75214,DALLAS,General Retail/Food/Other,,,
,TX,DALLAS,-96.821975521454,BORRACHO MICHE MIX,Specialty Food,,,,1.1368147225698714e+19,,,,3105 LOMITA DR STE 107B,32.567884175363,75146,LANCASTER,Uncategorized,,,
,TX,DALLAS,-96.895707207338,LOCALS CRAFT BEER AND FINE WINE,Liquor Store,,,,7.207042391129804e+18,,,,13050 BEE ST STE 100,32.923134073251,75234,FARMERS BRANCH,Liquor Store,,,
,TX,DALLAS,-96.792595340686,BEVERAGE DEPOT,Liquor Store,,,,1.7842239823407825e+19,,,,6575 E NORTHWEST HWY,32.865792542058,75231,DALLAS,Liquor Store,,,
,TX,DALLAS,-96.784589689012,MONTICELLO BEER WINE AND SPIRIT,Liquor Store,,,,4.586628221060141e+18,,,,4855 N CENTRAL EXPY,32.825954726336,75205,DALLAS,Liquor Store,,,
,TX,DALLAS,-96.890229007546,"RAPIDO ICE, LLC",Specialty Food,,,,2.68122618398476e+18,,,,14500 JOSEY LN STE 105,32.944190972977,75234,FARMERS BRANCH,Uncategorized,,,
,TX,DALLAS,-96.659671129297,SHORT BIT & TOOL COMPANY,Supermarket,,,,1.0171390772322456e+19,,,,225 GOLD ST,32.911924865222,75042,GARLAND,General Retail/Food/Other,,,
,TX,DALLAS,-96.793083367597,DELANEYS STORE,Confectionery,,,,5.940313769832827e+18,,,,338 AVENUE G,32.745733437526,75203,DALLAS,Uncategorized,,,
,TX,DALLAS,-96.782184258979,S & S FOOD,Convenience Store,,,,1.436509682131175e+19,,,,2402 N FITZHUGH AVE,32.811338118995,75204,DALLAS,General Retail/Food/Other,,,
,TX,DALLAS,-96.882729889521,SAM FOOD AND BEER,Convenience Store,,,,6.462932307441241e+18,,,,2802 ROYAL LN STE 101,32.895017949048,75229,DALLAS,General Retail/Food/Other,,,
,TX,DALLAS,-96.884741133058,RANDALL'S FOOD AND DRUGS #2590,Supermarket,,,,2.949552796890645e+18,,,,4112 N JOSEY,33.02150848055,75007,CARROLLTON,General Retail/Food/Other,,,
,TX,DALLAS,-96.873103725511,A K C MART,Convenience Store,,,,9.578389469237823e+18,,,,2202 HEADS LN STE 100,32.972159351351,75006,CARROLLTON,General Retail/Food/Other,,,
,TX,DALLAS,-96.623008952566,RIDGEVIEW FOOD MART,Convenience Store,,,,1.127832355064488e+19,,,,1012 RIDGEVIEW ST STE 107,32.780458032348,75149,MESQUITE,General Retail/Food/Other,,,
,TX,DALLAS,-96.943764080873,JEGRAKY LLC,Specialty Food,,,,1.4557169673585777e+19,,,,7002 WAX BERRY DR,32.6350170008,75249,DALLAS,Uncategorized,,,
,TX,DALLAS,-96.600676977249,DAIRY MART,Convenience Store,,,,1.1836459067922663e+19,,,,211 W GRUBB DR,32.775414550907,75149,MESQUITE,General Retail/Food/Other,,,
,TX,DALLAS,-96.517947078297,DRIP N ROLL LLC,Specialty Food,,,,8.043022275521889e+18,,,,6501 DALROCK RD STE 104,32.91822906379,75089,ROWLETT,Uncategorized,,,
,TX,DALLAS,-96.769339834512,COIT DONUT,Bakery,,,,1.3523735613645015e+19,,,,13015 COIT RD STE C,32.925229150861,75240,DALLAS,Uncategorized,,,
,TX,DALLAS,-96.886445391509,GOODY GOODY LIQUOR,Liquor Store,,,,7.208528224378441e+18,,,,10370 OLYMPIC DR STE A,32.864513825003,75220,DALLAS,Liquor Store,,,
,TX,DALLAS,-96.896569679564,HOPE & FAITH INTERNATIONAL MARKET,Specialty Food,,,,5.430684381436596e+18,,,,2425 SOUTHWELL RD,32.886345100355,75229,DALLAS,Uncategorized,,,
,TX,DALLAS,-96.992350178421,LIQUORLAND,Liquor Store,,,,2.5004614216034744e+18,,,,2660 N BELT LINE RD,32.842841105998,75062,IRVING,Liquor Store,,,
,TX,DALLAS,-96.803845948723,HEB CENTRAL MARKET #653,Liquor Store,,,,7.344089018592152e+18,,,,10720 PRESTON RD STE 1018,32.895193972207,75230,DALLAS,Liquor Store,,,
,TX,DALLAS,-96.752178096403,BODEGA WINE BAR,Liquor Store,,,,1.2464514601025882e+19,,,,6434 E MOCKINGBIRD LN STE 109,32.836356119451,75214,DALLAS,Mexican,Americas,Latin America - Central America,Mexico
,TX,DALLAS,-96.690028306105,1 STOP FOOD STORE,Convenience Store,,,,1.3760548374233275e+18,,,,3805 W WALNUT ST,32.916869690764,75042,GARLAND,General Retail/Food/Other,,,
,TX,DALLAS,-96.856606834099,ONE STOP C STORE,Convenience Store,,,,7.663518988684035e+17,,,,910 S HAMPTON RD STE D,32.736972506073,75208,DALLAS,General Retail/Food/Other,,,
,TX,DALLAS,-96.776354170346,SIMON DAVID #3608,Supermarket,,,,1.291955004736473e+19,,,,7700 W NORTHWEST HWY STE 100,32.865379791187,75225,DALLAS,General Retail/Food/Other,,,
,TX,DALLAS,-96.94041613794,MUNDOS ICE LLC,Specialty Food,,,,2.446089167941749e+18,,,,919 LUCILLE ST,32.804817742109,75060,IRVING,Uncategorized,,,
,TX,DALLAS,-96.751365498037,FRUTERIA CANO,Produce Market,,,,9.076165693152972e+18,,,,723 S BEACON ST,32.797141347515,75223,DALLAS,Mexican,Americas,Latin America - Central America,Mexico
,TX,DALLAS,-96.908450350169,FRUTERIA Y PALETERIA LAS PINAS LOCAS,Produce Market,,,,2.8986969699882926e+18,,,,2410 DUNCANVILLE RD STE 110,32.718525567208,75211,DALLAS,Mexican,Americas,Latin America - Central America,Mexico
,TX,DALLAS,-96.977536559599,AMIGOS FOOD MART,Convenience Store,,,,3.257092816942943e+18,,,,2520 W IRVING BLVD STE 120,32.828468919999,75061,IRVING,Mexican,Americas,Latin America - Central America,Mexico
,TX,DALLAS,-96.820359617067,MONTERREY INC,Supermarket,,,,4.153050974313204e+18,,,,300 E JEFFERSON,32.744702992482,75203,DALLAS,Mexican,Americas,Latin America - Central America,Mexico
,TX,DALLAS,-96.911545762211,O DONUTS,Bakery,,,,2.811855117568591e+18,,,,311 E CAMP WISDOM RD,32.661941379408,75116,DUNCANVILLE,Uncategorized,,,
,TX,DALLAS,-96.794821472392,YUMILICIOUS,Specialty Food,,,,7.19891602664183e+18,,,,3000 BLACKBURN ST STE 160,32.808021747518,75204,DALLAS,Uncategorized,,,
,TX,DALLAS,-96.670988709378,SHIPLEY DONUTS JKW,Food Store,,,,1.7447322160169157e+18,,,,10332 FERGUSON RD,32.836956086555,75228,DALLAS,Uncategorized,,,
,TX,DALLAS,-96.842722212213,"SSS INTERNATIONAL, LLC",Convenience Store,,,,5.036926754923824e+18,,,,4150 KELLWAY CIR,32.971880372038,75001,ADDISON,General Retail/Food/Other,,,
,TX,DALLAS,-97.004948356773,FRIENDS LIQUOR,Liquor Store,,,,9.3549857176114e+17,,,,210 SW 2ND ST STE 250,32.744219911408,75051,GRAND PRAIRIE,Liquor Store,,,
,TX,DALLAS,-96.703955616551,1358 BAKERY,Bakery,,,,1.3944102154596071e+19,,,,4726 CORNELL DR,32.921537469264,75042,GARLAND,Uncategorized,,,
,TX,DALLAS,-96.800053947698,SWEET PEA SPICE,Specialty Food,,,,4.229711157702116e+18,,,,17227 MARIANNE CIR,32.985617175415,75252,DALLAS,Uncategorized,,,
,TX,DALLAS,-96.962540601106,DELIGHT FOOD MART,Convenience Store,,,,1.7278103032032088e+19,,,,1420 W 6TH ST,32.808602324471,75060,IRVING,General Retail/Food/Other,,,
,TX,DALLAS,-96.90857968972,KROGER FUEL CENTER #527,Supermarket,,,,7.057750417214816e+18,,,,203 W CAMP WISDOM RD,32.661985675083,75116,DUNCANVILLE,General Retail/Food/Other,,,
,TX,DALLAS,-96.89068439855,MS FOOD MART,Convenience Store,,,,2.260559736682138e+18,,,,4323 W ILLINOIS AVE STE 104,32.720496073165,75211,DALLAS,General Retail/Food/Other,,,
,TX,DALLAS,-96.769235856675,WINSTON SUNDRY SHOP/MEHDI MOHAMMED,Convenience Store,,,,1.7503039484668314e+18,,,,12400 COIT RD STE 130,32.913591972519,75251,DALLAS,General Retail/Food/Other,,,
,TX,DALLAS,-96.771272590544,ANNA'S DELI,Specialty Food,,,,1.0780419706963642e+19,,,,7777 FOREST LN # C-A92,32.909429835703,75230,DALLAS,Uncategorized,,,
,TX,DALLAS,-96.838931495776,PERFECT POUR WINE COMPANY,Liquor Store,,,,5.106197686545434e+18,,,,2505 FARRINGTON ST,32.799665363053,75207,DALLAS,Liquor Store,,,
,TX,DALLAS,-97.014482523691,GROCERY SERVICES NORTH #8,Convenience Store,,,,8.667469128522549e+18,,,,828 S CARRIER PKWY STE 101,32.737250843432,75051,GRAND PRAIRIE,General Retail/Food/Other,,,
,TX,DALLAS,-96.726831281308,HAS TO BE HASTER'S,Confectionery,,,,1.272916982522867e+19,,,,9334 CLEARHURST DR,32.872334224002,75238,DALLAS,Uncategorized,,,
,TX,DALLAS,-96.815427669057,SNAP KITCHEN #31,Specialty Food,,,,1.5425518292625478e+19,,,,5627 W LOVERS LN,32.851221545797,75209,DALLAS,Uncategorized,,,
,TX,DALLAS,-96.888004483573,BLUE LINE DISTRIBUTING DIV,Grocery Store,,,,7.192979434014658e+18,,,,2605 LYNDON B JOHNSON FWY,32.910145255148,75234,DALLAS,General Retail/Food/Other,,,
,TX,DALLAS,-96.738669218826,TRISTAR LIQUOR,Liquor Store,,,,1.5714828132167928e+19,,,,3320 SAMUELL BLVD,32.792916548218,75223,DALLAS,Liquor Store,,,
,TX,DALLAS,-96.877960523368,TEQUILA FOR YOU,Liquor Store,,,,2.1535076777648632e+18,,,,9910 MONROE DR STE A8,32.878218615714,75220,DALLAS,Liquor Store,,,
,TX,DALLAS,-97.029526679714,THIS GIRL WORKS VENDING,Specialty Food,,,,1.4306965617707074e+19,,,,1917 FOX MEADOW TRL,32.696369992865,75052,GRAND PRAIRIE,Uncategorized,,,
,TX,DALLAS,-96.892319305997,AMIGOS LIQUOR BEER & WINE,Liquor Store,,,,1.7133654560441453e+19,,,,4444 W JEFFERSON BLVD STE 622,32.736918656776,75211,DALLAS,Mexican,Americas,Latin America - Central America,Mexico
,TX,DALLAS,-96.52886113668,SEAGOVILLE PHILLY STEAK,Convenience Store,,,,1.7472264679979962e+19,,,,950 E MALLOY BRG,32.651506086059,75159,SEAGOVILLE,General Retail/Food/Other,,,
,TX,DALLAS,-96.801289261722,ONE MAIN SUNDRY,Convenience Store,,,,1.201627746723229e+19,,,,1201 MAIN ST STE P290,32.780250444073,75202,DALLAS,General Retail/Food/Other,,,
,TX,DALLAS,-96.740116265445,"HOWELL EXTRACTS, LLC",Specialty Food,,,,1.0876240735246436e+19,,,,607 TENISON MEMORIAL DR,32.808605715309,75223,DALLAS,Uncategorized,,,
,TX,DALLAS,-96.845583947342,QUALITY LICENSING CORP STORE (STORE # 6376),Liquor Store,,,,7.941739715914975e+18,,,,4062 LYNDON B JOHNSON FWY,32.922233130345,75244,DALLAS,Liquor Store,,,
,TX,DALLAS,-96.884329376324,PRIMOS LIQUOR,Liquor Store,,,,1.5838416356903965e+19,,,,3901 W JEFFERSON BLVD,32.739137431427,75211,COCKRELL HILL,Liquor Store,,,
,TX,DALLAS,-97.027364040225,SUPREME DALWORTH FOODS LLC,Convenience Store,,,,1.8100312643335377e+19,,,,1718 DALWORTH ST STE A,32.74472457504,75050,GRAND PRAIRIE,General Retail/Food/Other,,,
,TX,DALLAS,-96.773482768569,ATHEMY CONVENIENCE STORE,Convenience Store,,,,4.787144363030761e+18,,,,3629 HOLMES ST,32.756539104249,75215,DALLAS,General Retail/Food/Other,,,
,TX,DALLAS,-96.860768191676,"MEAT BY THE CASE MEAT MARKET, LLC",Meat Market,,,,1.148233247046889e+19,,,,2550 W RED BIRD LN STE 500,32.670998148917,75237,DALLAS,General Retail/Food/Other,,,
,TX,DALLAS,-96.777614472019,LIBRERIA CATOLICA SAN JUDAS TADEO,Specialty Food,,,,1.5357481633177553e+19,,,,5139 VETERANS DR,32.686602895588,75241,DALLAS,Uncategorized,,,
,TX,DALLAS,-96.537680415267,NOTCHO SNACKS,Confectionery,,,,7.800789483037739e+18,,,,2036 PINENUT DR,32.733175082127,75181,MESQUITE,Uncategorized,,,
,TX,DALLAS,-96.928914095118,LA NUEVA PUNTADA #3,Specialty Food,,,,1.335097239714446e+19,,,,1401 E GRAUWYLER RD,32.829684554766,75061,IRVING,Mexican,Americas,Latin America - Central America,Mexico
,TX,DALLAS,-96.629673308852,SAM JORDAN FOOD MART,Convenience Store,,,,3.7037586823817e+18,,,,11403 LAKE JUNE RD,32.734216510046,75180,BALCH SPRINGS,General Retail/Food/Other,,,
,TX,DALLAS,-96.767343423991,GRACIELAS BAKERY,Food Store,,,,8.718573830719228e+18,,,,112 S CARROLL AVE,32.791473007075,75226,DALLAS,Uncategorized,,,
,TX,DALLAS,-96.796373062657,ARI'S PANTRY,Supermarket,,,,1.1740839592662991e+18,,,,1800 MAIN ST STE 124,32.781180157982,75201,DALLAS,General Retail/Food/Other,,,
,TX,DALLAS,-96.630585830204,H & B EASY WAY GROCERY,Convenience Store,,,,2.840711320412507e+18,,,,118 GLENFIELD DR,32.896016937943,75040,GARLAND,General Retail/Food/Other,,,
,TX,DALLAS,-96.886834202926,CIGARETTE FOR LESS,Convenience Store,,,,4.4254648989983247e+18,,,,1914 E BELT LINE RD STE 104,32.953591633274,75006,CARROLLTON,General Retail/Food/Other,,,
,TX,DALLAS,-96.805650630239,YELLOW STAR,Convenience Store,,,,2.0674249524124257e+18,,,,1203 E RED BIRD LN,32.675035735515,75241,DALLAS,General Retail/Food/Other,,,
,TX,DALLAS,-96.891430034052,BUCKEYE LIQUOR,Liquor Store,,,,1.1002791790839222e+19,,,,2580 WALNUT HILL LN,32.880950952078,75229,DALLAS,Liquor Store,,,
,TX,DALLAS,-96.976457839638,LUCKY MINI STORE,Liquor Store,,,,1.4518799520893258e+19,,,,323 N STORY RD,32.818650032687,75061,IRVING,Liquor Store,,,
,TX,DALLAS,-96.95886669172,RINE BROTHERS INC,Specialty Food,,,,9.070349707024288e+18,,,,7601 N MACARTHUR BLVD,32.909571216701,75063,IRVING,Uncategorized,,,
,TX,DALLAS,-96.683971377122,TEXAS ICE VENDING,Specialty Food,,,,1.164245826073194e+19,,,,8032 BRUTON RD,32.748680637448,75227,DALLAS,Uncategorized,,,
,TX,DALLAS,-96.59608808251,SUNNYVALE DONUT,Bakery,,,,1.7800025563217938e+19,,,,3705 N BELT LINE RD STE 1010,32.81529519901,75182,SUNNYVALE,Uncategorized,,,
,TX,DALLAS,-96.664409403765,CORNER FOOD MART,Convenience Store,,,,1.2210311636617875e+19,,,,2431 W WALNUT ST STE 100,32.91641950744,75042,GARLAND,General Retail/Food/Other,,,
,TX,DALLAS,-96.653996355234,S & T FOOD STORE,Convenience Store,,,,8.355047045188177e+18,,,,3845 N GARLAND AVE STE 100,32.951706946291,75040,GARLAND,General Retail/Food/Other,,,
,TX,DALLAS,-96.680076492009,FROSTY FUSIONS,Confectionery,,,,3.68704842465911e+18,,,,11632 LANEWOOD CIR,32.857808124884,75218,DALLAS,Uncategorized,,,
,TX,DALLAS,-96.699737297573,ANATOLIA MART,Specialty Food,,,,1.6559844480710754e+19,,,,1144 N PLANO RD STE 107,32.961741602822,75081,RICHARDSON,Middle Eastern,Asia,Western Asia,Multiple Western Asian
,TX,DALLAS,-96.888665241299,MANGO LOCOMANIA,Produce Market,,,,1.6226639354018154e+19,,,,11200 HARRY HINES BLVD,32.889168715938,75229,DALLAS,General Retail/Food/Other,,,
,TX,DALLAS,-96.824865215761,LA BODEGA ROTISSERIE & GOODS,Supermarket,,,,2.28985810231704e+18,,,,208 W 8TH ST,32.747957974331,75208,DALLAS,Mexican,Americas,Latin America - Central America,Mexico
,TX,DALLAS,-96.768738684989,SHAHRZAD MEDITERANEAN MARKET,Supermarket,,,,1.49995699204667e+19,,,,970 N COIT RD STE 3025,32.961621100511,75080,RICHARDSON,General Retail/Food/Other,,,
,TX,DALLAS,-96.78897709186,BURGUNDYS LOCAL GRASS FED MEAT MARKET,Meat Market,,,,7.026796914258757e+18,,,,3314 ROSS AVE STE 100,32.79547741742,75204,DALLAS,General Retail/Food/Other,,,
,TX,DALLAS,-96.799050069863,"AROMA COFFEE AND VENDING, INC.",Convenience Store,,,,1.3687240650215344e+19,,,,1601 BRYAN ST STE 100,32.782692282236,75201,DALLAS,General Retail/Food/Other,,,
,TX,DALLAS,-96.991212277996,APPLEJACKS LIQUOR,Liquor Store,,,,1.745571490377743e+19,,,,8704 CYPRESS WATERS BLVD STE 100,32.923831488647,75063,IRVING,Liquor Store,,,
,TX,DALLAS,-96.763856133486,GROCERY SERVICES NORTH #7,Convenience Store,,,,1.026449734699511e+19,,,,8202 SPRING VALLEY RD STE 300,32.939774927147,75240,DALLAS,General Retail/Food/Other,,,
,TX,DALLAS,-96.883525911942,THE CANDY SHACK #2,Confectionery,,,,3.738189095569277e+18,,,,10788 HARRY HINES BLVD STE B-21,32.873676154165,75220,DALLAS,Uncategorized,,,
,TX,DALLAS,-96.900976911416,KORNER SHOP,Convenience Store,,,,6.946612560847521e+18,,,,727 ORIOLE BLVD,32.661160802334,75116,DUNCANVILLE,General Retail/Food/Other,,,
,TX,DALLAS,-96.867815601763,AL FOOD MART,Convenience Store,,,,1.3979842995125965e+19,,,,7150 CHAUCER PL STE 108,32.661497188212,75237,DALLAS,General Retail/Food/Other,,,
,TX,DALLAS,-96.683202720053,AG ICE CREAM / ONE WORLD FOOD,Specialty Food,,,,1.5347566253481478e+19,,,,2315 TRELLIS PL,32.942985522739,75081,RICHARDSON,Uncategorized,,,
,TX,DALLAS,-96.778886327293,GOOD PRICE LIQUOR,Liquor Store,,,,1.3975750135320363e+19,,,,1519 MLK JR BLVD,32.760273330408,75215,DALLAS,Liquor Store,,,
,TX,DALLAS,-96.85674127844,CROWN GROCERY & DELI,Supermarket,,,,5.241555750293032e+18,,,,1210 S HAMPTON RD,32.732855431686,75208,DALLAS,General Retail/Food/Other,,,
,TX,DALLAS,-96.638120505012,LIQUOR 4 U,Convenience Store,,,,7.835748518755781e+18,,,,10942 ELAM RD,32.719292971767,75180,BALCH SPRINGS,Liquor Store,,,
,TX,DALLAS,-97.0153512279,CARRIER DONUTS,Food Store,,,,1.61586411117716e+19,,,,3007 S CARRIER PKWY STE 205,32.701489700757,75052,GRAND PRAIRIE,Uncategorized,,,
,TX,DALLAS,-96.747197013582,RS DOLLAR PLUS,Convenience Store,,,,7.985982069377485e+18,,,,3310 ELSIE FAYE HEGGINS ST,32.760614364265,75215,DALLAS,General Retail/Food/Other,,,
,TX,DALLAS,-96.750513202931,HERBMART,Supermarket,,,,1.409758984656606e+19,,,,6464 E NORTHWEST HWY STE 335,32.8570767754,75214,DALLAS,General Retail/Food/Other,,,
,TX,DALLAS,-96.788605360362,24 SEVEN MART,Convenience Store,,,,1.2468581711799434e+18,,,,1463 W PLEASANT RUN RD,32.60435741918,75146,LANCASTER,General Retail/Food/Other,,,
,TX,DALLAS,-96.736814116839,"WHITES ONE STOP CONVENIENCE STORE, AUTO SALES & MA",Convenience Store,,,,1.83847113060343e+19,,,,9281 S CENTRAL EXPY,32.686351683464,75241,DALLAS,General Retail/Food/Other,,,
,TX,DALLAS,-96.817129222661,GRAILEY'S,Liquor Store,,,,1.0575331172292835e+19,,,,1544 EDISON ST,32.793348250652,75207,DALLAS,Liquor Store,,,
,TX,DALLAS,-96.759318288871,HILL COUNTRY HOMESTYLE CANNING INC,Specialty Food,,,,5.027580098747845e+18,,,,3921 MARTIN LUTHER KING JR BLVD,32.777409323869,75210,DALLAS,Uncategorized,,,
,TX,DALLAS,-96.803069924488,ALFA FOOD MART,Specialty Food,,,,7.96666803480594e+18,,,,5926 ALPHA RD,32.933012952129,75240,DALLAS,Uncategorized,,,
,TX,DALLAS,-97.008891338042,DISCOUNT LIQUOR,Liquor Store,,,,4.595811201736328e+18,,,,513 W JEFFERSON ST STE 150,32.743784925066,75051,GRAND PRAIRIE,Liquor Store,,,
,TX,DALLAS,-96.985899805724,TEX-MEX VIDEO AND GROCERIES,Convenience Store,,,,1.173803141076014e+19,,,,1501 SMALL ST,32.748650981118,75050,GRAND PRAIRIE,General Retail/Food/Other,,,
,TX,DALLAS,-96.729820958564,TOM THUMB 3570,Supermarket,,,,1.528215978638359e+19,,,,7331 GASTON AVE # 130,32.811285037294,75214,DALLAS,General Retail/Food/Other,,,
,TX,DALLAS,-96.58802952516,LOS MOLINA CARNICERIA,Meat Market,,,,1.167093144453725e+19,,,,911 E DAVIS ST STE A,32.765515775535,75149,MESQUITE,Mexican,Americas,Latin America - Central America,Mexico
,TX,DALLAS,-96.682596194558,DALLAS SUPERSTORE,Supermarket,,,,1.0570817098600565e+19,,,,3212 N JUPITER RD STE 100,32.947134717315,75044,GARLAND,General Retail/Food/Other,,,
,TX,DALLAS,-96.874258424146,SNAP KITCHEN #20,Specialty Food,,,,1.2287168072296251e+19,,,,7508 AMBASSADOR ROW STE 110,32.816262689951,75247,DALLAS,Uncategorized,,,
,TX,DALLAS,-96.657574689939,CANDELARIA'S BAKERY,Food Store,,,,9.174730071286108e+18,,,,5211 GUS THOMASSON RD,32.833024258426,75150,MESQUITE,Uncategorized,,,
,TX,DALLAS,-96.851650992912,TOBACCO ZONE,Convenience Store,,,,1.34256380580605e+19,,,,2017 W DAVIS ST,32.749615325945,75208,DALLAS,General Retail/Food/Other,,,
,TX,DALLAS,-96.789547765341,"AAGM, LLC",Supermarket,,,,1.43817887411831e+19,,,,2683 CEDAR CREST BLVD,32.739234037618,75203,DALLAS,General Retail/Food/Other,,,
,TX,DALLAS,-96.829254962756,"DOORDASH ESSENTIALS, LLC",Convenience Store,,,,3.649445367557083e+18,,,,2120 IRVING BLVD,32.795366829197,75207,DALLAS,General Retail/Food/Other,,,
,TX,DALLAS,-96.787090572635,"SMOOTHIE KING CO., INC.",Specialty Food,,,,1.2533681899916116e+19,,,,6501 HILLCREST AVE,32.845309044897,75205,DALLAS,Uncategorized,,,
,TX,DALLAS,-96.764176362091,FRENCH GARDEN,Food Store,,,,8.982287501966395e+18,,,,8160 WALNUT HILL LN STE PEROT,32.882849217494,75231,DALLAS,Uncategorized,,,
,TX,DALLAS,-96.830627695613,TIENDA SANTA ROSA #1,Convenience Store,,,,6.226756681085925e+17,,,,521 W DAVIS ST,32.749503565683,75208,DALLAS,General Retail/Food/Other,,,
,TX,DALLAS,-96.598640472735,WOHEMIYA ETHIOPIAN GROCERY,Supermarket,,,,7.318300073807901e+17,,,,5634 HIGHWAY 78 STE 114,32.974091164643,75048,SACHSE,African,Africa,Multiple African Regions,Multiple African
,TX,DALLAS,-97.009647954587,ESTERS LIQUOR,Liquor Store,,,,1.624340907015414e+19,,,,1885 ESTERS RD STE 120,32.832906388892,75061,IRVING,Liquor Store,,,
,TX,DALLAS,-96.580342438975,"TEXAS LMAC INVESTMENTS, LLC",Specialty Food,,,,8.229763085638868e+17,,,,6309 HANCOCK RD,32.920938659377,75089,ROWLETT,Uncategorized,,,
,TX,DALLAS,-97.000093723281,KINDRED SPIRITS & WINE,Liquor Store,,,,1.372263544135767e+19,,,,3578 W AIRPORT FWY,32.836601257838,75062,IRVING,Liquor Store,,,
,TX,DALLAS,-96.895138545193,QUALITY LINCENSING CORP STORE#5147,Liquor Store,,,,1.0660534908569731e+19,,,,1521 N COCKRELL HILL RD,32.7627378563,75211,DALLAS,Liquor Store,,,
,TX,DALLAS,-96.952214427152,TAPS LIQUOR 3,Liquor Store,,,,1.1821948707305837e+19,,,,10045 N MACARTHUR BLVD STE 101,32.940460743644,75063,IRVING,Liquor Store,,,
,TX,DALLAS,-96.951155921174,PINE WINE SPIRITS BEER & MORE,Liquor Store,,,,1.3185262015485594e+19,,,,2810 N O CONNOR RD,32.844464502641,75062,IRVING,Liquor Store,,,
,TX,DALLAS,-96.631335657232,LEMONADE FIX,Convenience Store,,,,3.642264228243718e+18,,,,125 ROMA DR,32.885124531434,75041,GARLAND,General Retail/Food/Other,,,
,TX,DALLAS,-96.768777359585,HOMEBREW HEADQUARTERS INC,Liquor Store,,,,9.952630265395104e+18,,,,300 N COIT RD STE 134,32.954017945716,75080,RICHARDSON,Liquor Store,,,
,TX,DALLAS,-96.793546592917,QUALITY LICENSING CORP (STORE #3341),Liquor Store,,,,9.29426366408545e+18,,,,2305 NORTH CENTRAL EXPRESSWAY,32.799921779894,75204,DALLAS,Liquor Store,,,
,TX,DALLAS,-96.759232453804,CROWN SPIRITS & BEVERAGES,Liquor Store,,,,1.4798622833817506e+19,,,,8451 PARK LN,32.871085293431,75231,DALLAS,Liquor Store,,,
,TX,DALLAS,-96.766325676468,IVAN'S ICE CREAM,Specialty Food,,,,1.0861960738024083e+19,,,,4516 E SIDE AVE,32.790844254106,75226,DALLAS,Uncategorized,,,
,TX,DALLAS,-96.973244021013,OK FOOD MART 9,Convenience Store,,,,9.977828087606366e+18,,,,2800 GLENWICK LN STE 110,32.783561047345,75060,IRVING,General Retail/Food/Other,,,
,TX,DALLAS,-96.8742380824,"LA PODEROSA FRUTERIA Y NEVERIA, LLC",Produce Market,,,,1.5321692763956134e+19,,,,735 N WESTMORELAND RD,32.749257113296,75211,DALLAS,Mexican,Americas,Latin America - Central America,Mexico
,TX,DALLAS,-96.814622343709,PRESSED JUICERY,Specialty Food,,,,1.0534609810811275e+19,,,,5290 BELT LINE RD STE 104,32.953897446897,75254,DALLAS,Uncategorized,,,
,TX,DALLAS,-96.993479201063,"V.S IMPORTS, INC.",Supermarket,,,,1.3994910844235893e+19,,,,3441 BEGONIA LN,32.869336321778,75038,IRVING,General Retail/Food/Other,,,
,TX,DALLAS,-96.648168524161,"FOODPLUS, INC",Supermarket,,,,1.3693236841751855e+19,,,,1346 N MASTERS DR STE 100,32.735890190068,75217,DALLAS,General Retail/Food/Other,,,
,TX,DALLAS,-96.60362616031,ONE STOP FOOD STORE,Convenience Store,,,,1.3807349063790316e+19,,,,1949 E CENTERVILLE RD,32.893150577417,75041,GARLAND,General Retail/Food/Other,,,
,TX,DALLAS,-96.869552358969,GLOBEX AMERICA,Specialty Food,,,,3.560040000550029e+18,,,,2324 SHORECREST DR,32.843716069045,75235,DALLAS,Uncategorized,,,
,TX,DALLAS,-96.839150730927,MIDWAY DONUTS & KOLACHE,Bakery,,,,1.627141174496122e+19,,,,13605 MIDWAY RD,32.934412894767,75244,FARMERS BRANCH,Uncategorized,,,
,TX,DALLAS,-96.718602095011,HONG KONG MARKET PLACE,Supermarket,,,,2.2448917159176604e+18,,,,9780 WALNUT ST STE 360,32.923089053254,75243,DALLAS,Chinese,Asia,Eastern Asia,China
,TX,DALLAS,-96.822880792981,TATI'S STORE,Convenience Store,,,,1.661604986128645e+19,,,,2017 S BECKLEY AVE,32.72275003511,75224,DALLAS,General Retail/Food/Other,,,
,TX,DALLAS,-96.948501769793,EL NORTE CARNICERIA,Meat Market,,,,2.101907453782544e+18,,,,228 W 6TH ST # 110,32.808536968204,75060,IRVING,Mexican,Americas,Latin America - Central America,Mexico
,TX,DALLAS,-96.857391286881,ONE STOP LUCKY FOOD MART,Convenience Store,,,,1.2461278215025e+18,,,,2412 W LEDBETTER DR,32.691178437626,75233,DALLAS,General Retail/Food/Other,,,
,TX,DALLAS,-96.699744432793,SOUTHWEST FARMERS MARKET,Meat Market,,,,1.4456110457343787e+19,,,,4460 W WALNUT ST STE 126,32.916497340274,75042,GARLAND,General Retail/Food/Other,,,
,TX,DALLAS,-96.769926780345,TODORA PARKIT MARKET,Supermarket,,,,2.34926999423656e+18,,,,4724 GREENVILLE AVE,32.844927277741,75206,DALLAS,General Retail/Food/Other,,,
,TX,DALLAS,-96.681472827275,7 MART,Convenience Store,,,,3.884516926117053e+16,,,,3425 FOREST LN STE A,32.909355587086,75042,GARLAND,General Retail/Food/Other,,,
,TX,DALLAS,-96.757866365722,BUCKEYE LIQUOR,Liquor Store,,,,9.70100701542556e+18,,,,7610 GREENVILLE AVE,32.886260680077,75231,DALLAS,Liquor Store,,,
,TX,DALLAS,-96.873787561208,LAKESIDE LIQUOR,Liquor Store,,,,2.821010696663681e+18,,,,2806 W NORTHWEST HWY,32.857725546911,75220,DALLAS,Liquor Store,,,
,TX,DALLAS,-96.651297260894,"SWEET TOOTH STATION, LLC",Bakery,,,,1.3652130718038645e+19,,,,1625 FERRIS RD,32.975243605436,75044,GARLAND,Uncategorized,,,
,TX,DALLAS,-96.881985738262,GENE'S LIQUOR,Liquor Store,,,,1.3013962992390195e+19,,,,2445 W NORTHWEST HWY STE 109,32.858805226168,75220,DALLAS,Liquor Store,,,
,TX,DALLAS,-96.881785893012,IZALCO RESTAURANT AND GROCERY,Supermarket,,,,4.49229016237646e+18,,,,12895 JOSEY LN STE 225,32.924260550503,75234,FARMERS BRANCH,General Retail/Food/Other,,,
,TX,DALLAS,-96.786011814382,BIG MEL'S MART,Convenience Store,,,,8.627957587701745e+18,,,,2949 E KIEST BLVD,32.725936477466,75216,DALLAS,General Retail/Food/Other,,,
,TX,DALLAS,-96.770106553337,INGRAM SOLUTIONS LLC,Specialty Food,,,,4.66638171164556e+18,,,,16315 FALLKIRK DR,32.975597655667,75248,DALLAS,Uncategorized,,,
,TX,DALLAS,-96.94595216881,BIG STATE MART,Convenience Store,,,,1.4554195001413616e+19,,,,114 E IRVING BLVD,32.813774967106,75060,IRVING,General Retail/Food/Other,,,
,TX,DALLAS,-96.902965508175,YVONNE D C EDWARDS,Specialty Food,,,,1.332919991371696e+19,,,,1753 BLUE STREAM DR,32.594797920095,75115,DESOTO,Uncategorized,,,
,TX,DALLAS,-96.908472878575,EZSTOP1,Convenience Store,,,,1.789803746460731e+19,,,,615 S MAIN ST,32.646735105229,75116,DUNCANVILLE,General Retail/Food/Other,,,
,TX,DALLAS,-96.598667964604,STEP 1 LIQUOR AND SMOKE SHOP,Liquor Store,,,,8.818434896736438e+18,,,,5630 HIGHWAY 78,32.974072879655,75048,SACHSE,Liquor Store,,,
,TX,DALLAS,-96.736547559317,RICHARDSON BEER & WINE,Liquor Store,,,,1.984587093218576e+18,,,,515 W CAMPBELL RD STE 105,32.976016128393,75080,RICHARDSON,Liquor Store,,,
,TX,DALLAS,-96.840191053084,MIGALITOS SUPERMERCADO #3,Supermarket,,,,1.7114214091617292e+19,,,,3939 S POLK ST STE 323,32.695404882642,75224,DALLAS,General Retail/Food/Other,,,
,TX,DALLAS,-96.802017109166,SPRINKLES CUPCAKES,Bakery,,,,7.976791717237967e+18,,,,4020 VILLANOVA ST,32.864454163803,75225,DALLAS,Uncategorized,,,
,TX,DALLAS,-96.932520620602,LAS COLINAS MARKET & CLEANERS,Convenience Store,,,,1.0160322437082335e+19,,,,851 LAKE CAROLYN PKWY STE 150,32.867742874822,75039,IRVING,Mexican,Americas,Latin America - Central America,Mexico
,TX,DALLAS,-96.832397804249,LEVELAIRE ENTERPRISES LLC,Specialty Food,,,,1.2014533385902506e+19,,,,633 W DAVIS ST,32.749509555324,75208,DALLAS,Uncategorized,,,
,TX,DALLAS,-96.797456963883,7-ELEVEN CONVENIENCE STORE #37187A,Convenience Store,,,,1.058064165226973e+19,,,,211 N ERVAY ST STE 120,32.782024897741,75201,DALLAS,General Retail/Food/Other,,,
,TX,DALLAS,-96.771398832798,LIQUOR EMPIRE 5,Liquor Store,,,,5.428067853180749e+18,,,,5630 E MOCKINGBIRD LN,32.836454976098,75206,DALLAS,Liquor Store,,,
,TX,DALLAS,-96.993817573301,7-ELEVEN CONVENIENCE STORE #27658A,Convenience Store,,,,3.7814787329796536e+18,,,,100 W SANDY LAKE RD,32.969404644595,75019,COPPELL,General Retail/Food/Other,,,
,TX,DALLAS,-96.751423792766,PANADERIA DEL NORTE,Food Store,,,,8.196569472468668e+18,,,,5507 LINDSLEY AVE,32.79605014685,75223,DALLAS,Mexican,Americas,Latin America - Central America,Mexico
,TX,DALLAS,-97.014721074953,AMIGOS C-STORE,Convenience Store,,,,6.878719787245324e+18,,,,950 S CARRIER PKWY STE 110,32.734337976585,75051,GRAND PRAIRIE,Mexican,Americas,Latin America - Central America,Mexico
,TX,DALLAS,-96.670320804893,CARNITAS LA PRIMERA MEAT MARKET,Supermarket,,,,7.60786375781006e+18,,,,8721 LAKE JUNE RD,32.734343276457,75217,DALLAS,Mexican,Americas,Latin America - Central America,Mexico
,TX,DALLAS,-96.802621108929,DESIGN'S BY CAKE DADDY LLC,Bakery,,,,1.0240514064571612e+18,,,,3155 S LANCASTER RD STE 130,32.709027596911,75216,DALLAS,Uncategorized,,,
,TX,DALLAS,-96.858707756322,BASKIN ROBBINS,Specialty Food,,,,1.660007564752462e+19,,,,2433 W KIEST BLVD,32.705827844302,75233,DALLAS,Uncategorized,,,
,TX,DALLAS,-96.650621355228,SHERPA FOOD MART,Convenience Store,,,,9.443630951481166e+18,,,,2105 S GARLAND AVE,32.892459315426,75041,GARLAND,General Retail/Food/Other,,,
,TX,DALLAS,-97.005250586321,TOM THUMB #1786 FS,Supermarket,,,,9.325577440691376e+18,,,,4216 S CARRIER PKWY,32.670686247582,75052,GRAND PRAIRIE,General Retail/Food/Other,,,
,TX,DALLAS,-97.004955095555,PRIMOS FOOD MART,Convenience Store,,,,5.161613338161922e+18,,,,207 CLARICE ST,32.735827105552,75051,GRAND PRAIRIE,General Retail/Food/Other,,,
,TX,DALLAS,-96.816379780993,THE WINE THERAPIST,Liquor Store,,,,1.1343318892704732e+18,,,,5509 W LOVERS LN STE A,32.851106954463,75209,DALLAS,Liquor Store,,,
,TX,DALLAS,-96.700296482384,E & S GROCERY & BAKERY INC,Supermarket,,,,6.113586912780242e+18,,,,420 N PLANO RD,32.91070912575,75042,GARLAND,General Retail/Food/Other,,,
,TX,DALLAS,-96.888080384869,SUNNY'S MART,Convenience Store,,,,1.13668401520479e+19,,,,13900 JOSEY LN,32.933810835108,75234,FARMERS BRANCH,General Retail/Food/Other,,,
,TX,DALLAS,-96.719119405145,AMERICAN DOLLAR +,Supermarket,,,,9.50996696057612e+18,,,,9770 FOREST LN,32.909392938875,75243,DALLAS,General Retail/Food/Other,,,
,TX,DALLAS,-96.890132852301,LATINA RESTAURANT,Convenience Store,,,,1.7864769609628862e+19,,,,1103 S JOSEY LN STE 411,32.952268129994,75006,CARROLLTON,General Retail/Food/Other,,,
,TX,DALLAS,-96.793178943444,"FOWLER'S TOFFEE, LLC",Confectionery,,,,1.4616760032189678e+18,,,,6514 CHEVY CHASE AVE,32.87149194961,75225,DALLAS,Uncategorized,,,
,TX,DALLAS,-96.769724564899,TOTAL WINE & MORE,Liquor Store,,,,5.159782193037264e+18,,,,9350 N CENTRAL EXPY,32.874871794425,75231,DALLAS,Liquor Store,,,
,TX,DALLAS,-96.657528728332,C STORE,Convenience Store,,,,1.6081360897917107e+18,,,,2014-2016 W BUCKINGHAM,32.930432914496,75042,GARLAND,General Retail/Food/Other,,,
,TX,DALLAS,-96.874025718176,GUANAMEX MEATS INC.,Meat Market,,,,8.726898744109911e+18,,,,3435 JANE LN,32.806707556734,75247,DALLAS,General Retail/Food/Other,,,
,TX,DALLAS,-96.768319945477,TARGET STORE T-1775,Liquor Store,,,,2.543171073441222e+18,,,,16731 COIT RD,32.986281822065,75248,DALLAS,Liquor Store,,,
,TX,DALLAS,-96.978602577375,K&J DISTRIBUTION,Supermarket,,,,6.568198063337981e+18,,,,1817 AVENUE F,32.720062664842,75051,GRAND PRAIRIE,General Retail/Food/Other,,,
,TX,DALLAS,-96.802840433471,SPRINKLES ICE CREAM,Bakery,,,,1.6131748118370245e+18,,,,8413 PRESTON CENTER PLZ,32.864603954053,75225,DALLAS,Uncategorized,,,
,TX,DALLAS,-96.762940981151,SHOP N GO,Convenience Store,,,,1.4831098315048372e+19,,,,4950 COLUMBIA AVE,32.79557085435,75214,DALLAS,General Retail/Food/Other,,,
,TX,DALLAS,-96.871243752446,WING STOP FOREST PRIVATE CLUB,Liquor Store,,,,1.6937978303637047e+19,,,,3128 FOREST LN STE 251,32.909592262517,75234,DALLAS,Liquor Store,,,
,TX,DALLAS,-96.59688267638,1-STOP SHOP,Convenience Store,,,,1.7190206630629558e+19,,,,1512 S BELT LINE RD STE 2,32.680560154906,75253,DALLAS,General Retail/Food/Other,,,
,TX,DALLAS,-96.798253100402,SNACKS 2 GO,Convenience Store,,,,1.439116764532004e+19,,,,2100 ROSS AVE STE 110,32.787679410103,75201,DALLAS,General Retail/Food/Other,,,
,TX,DALLAS,-96.944839497476,TRIPPLEG AFRICAN FOOD MART,Supermarket,,,,6.324723420636727e+18,,,,108 W BELT LINE RD STE 1,32.589876173481,75104,CEDAR HILL,African,Africa,Multiple African Regions,Multiple African
,TX,DALLAS,-96.838727924817,CORNER STORE,Convenience Store,,,,2.613440263108212e+17,,,,1028 W CAMP WISDOM RD STE 1028,32.662020519391,75232,DALLAS,General Retail/Food/Other,,,
,TX,DALLAS,-96.902548913563,"MEDITERRANEAN BAZAAR, LLC",Supermarket,,,,4.786921945806031e+18,,,,1725 S INTERSTATE 35E STE 140,32.941289702746,75006,CARROLLTON,Middle Eastern,Asia,Western Asia,Multiple Western Asian
,TX,DALLAS,-96.652946457278,TJ FOOD MART,Convenience Store,,,,3.4632430767747425e+18,,,,3802 N TOWN EAST BLVD,32.795960769492,75150,MESQUITE,General Retail/Food/Other,,,
,TX,DALLAS,-96.82409457588,ADDISON MARKET,Convenience Store,,,,4.533949859192129e+18,,,,5049 ADDISON CIR,32.962152899325,75001,ADDISON,General Retail/Food/Other,,,
,TX,DALLAS,-97.017130803569,DOORDASH ESSENTIALS,Convenience Store,,,,1.1810574328938015e+18,,,,9155 STERLING ST STE 150,32.934103603284,75063,IRVING,General Retail/Food/Other,,,
,TX,DALLAS,-96.760065331918,BIANCA'S BAKESHOP LLC,Bakery,,,,1.62043983993249e+19,,,,5819 SWISS AVE,32.810461412858,75214,DALLAS,Uncategorized,,,
,TX,DALLAS,-96.591840378136,LA QUINTA INN & SUITES,Convenience Store,,,,1.4304448734615392e+19,,,,375 E INTERSTATE 30,32.842029470901,75043,GARLAND,Mexican,Americas,Latin America - Central America,Mexico
,TX,DALLAS,-96.675783729698,TRIGGER SYSTEMS LLC,Confectionery,,,,6.642285289766211e+18,,,,2713 INDUSTRIAL LN,32.884851293405,75041,GARLAND,Uncategorized,,,
,TX,DALLAS,-96.785258718045,LUCKY ZONE MART,Convenience Store,,,,6.669183154974511e+18,,,,2680 LEA CREST DR,32.712156773261,75216,DALLAS,General Retail/Food/Other,,,
,TX,DALLAS,-96.754152266827,BOO'S CANDY HOUSE,Confectionery,,,,3.427164980044779e+18,,,,3723 HAMILTON AVE,32.772195116425,75210,DALLAS,Uncategorized,,,
,TX,DALLAS,-96.840440916209,QUALITY LICENSING CORP. STORE 6376,Liquor Store,,,,6.849923991390408e+18,,,,4150 BELT LINE RD,32.954239503068,75001,ADDISON,Liquor Store,,,
,TX,DALLAS,-96.795677998028,PUREE EARTH,Supermarket,,,,4.303205363340758e+18,,,,6423 ABERDEEN AVE,32.882307539072,75230,DALLAS,General Retail/Food/Other,,,
,TX,DALLAS,-96.859885621919,SPEC'S LIQUOR NO 90,Liquor Store,,,,3.926071666152458e+18,,,,7777 HINES PL,32.831404402015,75235,DALLAS,Liquor Store,,,
,TX,DALLAS,-96.647193582603,QUALITY LICENSING CORP (STORE #1055),Liquor Store,,,,6.315284390605508e+18,,,,5302 N GADRLAND AVENUE,32.961296152774,75044,GARLAND,Liquor Store,,,
,TX,DALLAS,-96.745341668192,"ABUGEDA GROCERY, LLC",Supermarket,,,,9.900870284703844e+18,,,,12101 GREENVILLE AVE STE 107,32.913335897901,75243,DALLAS,General Retail/Food/Other,,,
,TX,DALLAS,-96.924150688642,"SPEC'S WINES, SPIRITS & FINER FOODS #115",Liquor Store,,,,1.032366244382797e+19,,,,1613 W NORTHWEST HWY,32.872131434863,75220,DALLAS,Liquor Store,,,
,TX,DALLAS,-96.936488379471,URBAN CENTER MARKET,Convenience Store,,,,6.130381387347153e+18,,,,387 LAS COLINAS BLVD E STE 106,32.864927520081,75039,IRVING,General Retail/Food/Other,,,
,TX,DALLAS,-96.85179356526,PALETERIA DELICIAS,Specialty Food,,,,1.6910870422093447e+19,,,,2008 W CLARENDON DR,32.73492646587,75208,DALLAS,Mexican,Americas,Latin America - Central America,Mexico
,TX,DALLAS,-96.781625206698,AMOR Y QUESO,Specialty Food,,,,1.6642554646999683e+19,,,,2932 MAIN ST,32.784240405897,75226,DALLAS,Uncategorized,,,
,TX,DALLAS,-96.915521986844,LA NUEVA PUNTADA #5,Specialty Food,,,,1.6512016997360292e+19,,,,417 E CAMP WISDOM RD,32.661904985259,75116,DUNCANVILLE,Mexican,Americas,Latin America - Central America,Mexico
,TX,DALLAS,-96.773367864884,"GOOD LUCK CHICKEN, SEA FOOD AND HAMBURGER",Convenience Store,,,,5.58560852510181e+18,,,,2642 MALCOLM X BLVD,32.773367610472,75215,DALLAS,General Retail/Food/Other,,,
,TX,DALLAS,-96.630014966007,QUALITY LICENSING CORP STORE # 5824 FUEL CENTER,Liquor Store,,,,1.3432739298053016e+19,,,,2001 MILITARY PKWY,32.768271497817,75149,MESQUITE,Liquor Store,,,
,TX,DALLAS,-96.61045911272,FIRST MINIT MARKIT,Convenience Store,,,,1.664143687372972e+19,,,,5150 DUCK CREEK DR # 107,32.851696374759,75043,GARLAND,General Retail/Food/Other,,,
,TX,DALLAS,-96.942687710718,BLOOMS GOURMET GIFTS,Specialty Food,,,,1.6540845254637166e+18,,,,305 W FM 1382 STE 302,32.5992478819,75104,CEDAR HILL,Uncategorized,,,
,TX,DALLAS,-96.856606834099,1 SHOP C-STORE,Convenience Store,,,,1.5551628036437197e+19,,,,910 S HAMPTON RD STE D,32.736972506073,75208,DALLAS,General Retail/Food/Other,,,
,TX,DALLAS,-96.768443557938,PAYLESS CONVENIENCE STORE,Liquor Store,,,,5.558398445728321e+18,,,,205 N CARROLL AVE,32.792289980105,75246,DALLAS,Liquor Store,,,
,TX,DALLAS,-96.787760553324,RANDALL'S #1973,Supermarket,,,,7.609783199906346e+16,,,,7000 SNIDER PLZ,32.850312780235,75205,UNIVERSITY PARK,General Retail/Food/Other,,,
,TX,DALLAS,-96.703209807516,NATURAL GROCERS BY VITAMIN COTTAGE,Supermarket,,,,3.4356751081821075e+17,,,,9440 GARLAND RD STE 150,32.832806853632,75218,DALLAS,General Retail/Food/Other,,,
,TX,DALLAS,-97.019849017509,MAMA GIFTY'S KENKEY,Specialty Food,,,,1.7228900487382122e+19,,,,1102 W PIONEER PKWY STE 125,32.70975058132,75051,GRAND PRAIRIE,African,Africa,Multiple African Regions,Multiple African
,TX,DALLAS,-97.024091259481,QUALITY LICENSING CORP.-STORE #4503 FUEL CENTER,Liquor Store,,,,1.625348725689007e+19,,,,2640 S STATE HIGHWAY 161,32.707764069436,75052,GRAND PRAIRIE,Liquor Store,,,
,TX,DALLAS,-96.73737329041,PORTILLO'S BAKERY,Bakery,,,,2.41472943043178e+18,,,,580 W ARAPAHO RD STE 218,32.963201908503,75080,RICHARDSON,Uncategorized,,,
,TX,DALLAS,-96.720551940916,ALDI (TEXAS) L.L.C. # 30,Supermarket,,,,1.866677373054439e+18,,,,9779 FOREST LN STE 200C,32.909630852122,75243,DALLAS,General Retail/Food/Other,,,
,TX,DALLAS,-97.015350334911,RNS FINAL STOP,Convenience Store,,,,5.221109930395125e+18,,,,3005 S CARRIER PKWY STE 101,32.701561933281,75052,GRAND PRAIRIE,General Retail/Food/Other,,,
,TX,DALLAS,-96.778522643942,FOSSIL CREEK LIQUOR,Liquor Store,,,,7.440770162677025e+17,,,,222 S HALL ST,32.783897326073,75226,DALLAS,Liquor Store,,,
,TX,DALLAS,-96.542016152074,SAVOEUN PRUM,Bakery,,,,1.1708367847524614e+19,,,,608 HALL RD,32.652502727445,75159,SEAGOVILLE,Uncategorized,,,
,TX,DALLAS,-96.639056335988,MARLOW'S FUEL,Supermarket,,,,9.216807898893064e+17,,,,11810 C F HAWN FWY,32.695491662932,75253,DALLAS,General Retail/Food/Other,,,
,TX,DALLAS,-96.894580515056,COOL BREEZE FOOD MART,Convenience Store,,,,6.250182636116528e+18,,,,610 E RED BIRD LN,32.676426843161,75116,DUNCANVILLE,General Retail/Food/Other,,,
,TX,DALLAS,-96.627982535628,CORNER MART,Convenience Store,,,,1.832058220662268e+19,,,,1717 OATES DR,32.839018506573,75150,MESQUITE,General Retail/Food/Other,,,
,TX,DALLAS,-96.674150367563,DOORDASH ESSENTIALS,Convenience Store,,,,1.7934376117902002e+19,,,,3015 ARAPAHO RD,32.960760518989,75044,GARLAND,General Retail/Food/Other,,,
,TX,DALLAS,-96.992358744522,EDIBLE ARRANGEMENTS 1092,Specialty Food,,,,8.729277543347407e+18,,,,2654 N BELT LINE RD,32.842761869603,75062,IRVING,Uncategorized,,,
,TX,DALLAS,-96.712340039606,ICE HOUSE BEVERAGE,Liquor Store,,,,8.834107067401695e+17,,,,940 E BELT LINE RD STE 100,32.947843888232,75081,RICHARDSON,Liquor Store,,,
,TX,DALLAS,-96.640702861855,ONE STAR FOOD MART #8,Convenience Store,,,,7.502916033559809e+18,,,,4050 GUS THOMASSON RD,32.819081118014,75150,MESQUITE,General Retail/Food/Other,,,
,TX,DALLAS,-96.991890037396,GATEWAY #16,Supermarket,,,,1.4306764949082687e+19,,,,3997 N BELT LINE RD,32.862212491267,75038,IRVING,General Retail/Food/Other,,,
,TX,DALLAS,-96.874978395613,7-ELEVEN CONVENIENE STORE #26721,Convenience Store,,,,1.3773829426036623e+19,,,,2750 W NORTHWEST HWY STE 100,32.858107988661,75220,DALLAS,General Retail/Food/Other,,,
,TX,DALLAS,-97.009647954587,SHOP N GO,Supermarket,,,,8.28041678356259e+18,,,,1885 ESTERS RD STE 110,32.832906388892,75061,IRVING,General Retail/Food/Other,,,
,TX,DALLAS,-96.722098193669,NOTHING BUNDT CAKES,Bakery,,,,2.2932434576938304e+18,,,,324 W CAMPBELL RD,32.975590602271,75080,RICHARDSON,Uncategorized,,,
,TX,DALLAS,-96.751466539324,M & D DISCOUNT,Convenience Store,,,,5.061540282234456e+18,,,,5501 LINDSLEY AVE,32.796012257857,75223,DALLAS,General Retail/Food/Other,,,
,TX,DALLAS,-96.958441051793,SWADESHI PLAZA,Convenience Store,,,,4.877764156057209e+18,,,,7964 N MACARTHUR BLVD,32.918460092246,75063,IRVING,General Retail/Food/Other,,,
,TX,DALLAS,-96.992522063566,GOODY GOODY LIQUOR #27,Liquor Store,,,,1.2970123918216935e+19,,,,3340 W ROYAL LN,32.9116039798,75063,IRVING,Liquor Store,,,
,TX,DALLAS,-96.811419667649,"CEDAR SPRINGS ALEXANDRE'S BAR, L.P.",Liquor Store,,,,5.589288817632102e+18,,,,4026 CEDAR SPRINGS RD,32.81127892159,75219,DALLAS,Liquor Store,,,
,TX,DALLAS,-96.803619761823,ASCENSION CRESCENT COURT,Specialty Food,,,,9.036101253241852e+18,,,,200 CRESCENT CT STE 40,32.794227352207,75201,DALLAS,Uncategorized,,,
,TX,DALLAS,-96.693464124943,ARCO,Convenience Store,,,,1.8667065605949555e+18,,,,1601 MILLER FERRY RD TRLR 196,32.602584389656,75172,WILMER,General Retail/Food/Other,,,
,TX,DALLAS,-96.59688267638,LA POPULAR PANADERIA #2,Bakery,,,,7.628159325263831e+17,,,,1512 S BELT LINE RD,32.680560154906,75253,DALLAS,Mexican,Americas,Latin America - Central America,Mexico
,TX,DALLAS,-96.825695256363,FLAMINGO MARKET CENTER,Liquor Store,,,,7.414352018827006e+18,,,,4340 HARRY HINES BLVD STE B,32.805250418984,75219,DALLAS,Liquor Store,,,
,TX,DALLAS,-96.741978111199,CINDY DISCOUNT LIQUOR,Liquor Store,,,,1.3008883278128302e+19,,,,6536 SKILLMAN ST,32.865981490721,75231,DALLAS,Liquor Store,,,
,TX,DALLAS,-96.792365778619,THE PRALINE PANTRY,Confectionery,,,,1.1421368683745004e+19,,,,342 TRIBUTE RD,32.590971172778,75146,LANCASTER,Uncategorized,,,
,TX,DALLAS,-96.794309893323,FRIENDLY FOOD MART DELI,Convenience Store,,,,7.355135283451744e+18,,,,2200 CEDAR CREST BLVD,32.731467102457,75203,DALLAS,General Retail/Food/Other,,,
,TX,DALLAS,-96.753966999856,TOM THUMB #2534,Supermarket,,,,5.835335618472462e+18,,,,6333 E MOCKINGBIRD LN # 301,32.836584463144,75214,DALLAS,General Retail/Food/Other,,,
,TX,DALLAS,-96.616184976861,NEIGHBORHOOD CONVENIENCE STOP,Convenience Store,,,,1.7533839889412606e+19,,,,3342 BROADWAY BLVD STE 118,32.874501730648,75043,GARLAND,General Retail/Food/Other,,,
,TX,DALLAS,-96.821771677742,NENIS LLC,Convenience Store,,,,1.41841953581106e+19,,,,15201 DALLAS PKWY,32.957623842727,75001,ADDISON,General Retail/Food/Other,,,
,TX,DALLAS,-96.702256496342,ALBERTSON'S #4289,Supermarket,,,,5.114352936049787e+18,,,,320 CASA LINDA PLAZA BUCKNER AT GARLAND,32.833830248504,75218,DALLAS,General Retail/Food/Other,,,
,TX,DALLAS,-96.844525947065,GRAPH COFFEE,Specialty Food,,,,4.332870820580315e+18,,,,1805 S EDGEFIELD AVE,32.727856040382,75224,DALLAS,Uncategorized,,,
,TX,DALLAS,-96.59811405591,QUALITY LICENSING CORP (STORE# 3224),Liquor Store,,,,3.3372878699683026e+18,,,,555 W I-30,32.839515709512,75043,GARLAND,Liquor Store,,,
,TX,DALLAS,-96.746224638907,AFRICAN FOOD MARKET LLC,Supermarket,,,,5.129933113508122e+18,,,,6301 ABRAMS RD STE 127,32.859822266026,75231,DALLAS,African,Africa,Multiple African Regions,Multiple African
,TX,DALLAS,-96.889789981301,GOOD SPIRITS LLC,Liquor Store,,,,5.434059545337416e+18,,,,2150 N JOSIE LANE,32.971809464011,75006,CARROLLTON,Liquor Store,,,
,TX,DALLAS,-96.975884800992,LIQUOR ISLAND,Liquor Store,,,,5.69701556932492e+18,,,,2329 W SHADY GROVE RD,32.800482567921,75060,IRVING,Liquor Store,,,
,TX,DALLAS,-96.732444558131,LIQUOR DEPOT EXPRESS,Liquor Store,,,,9.64220545716914e+18,,,,7512 E NORTHWEST HWY,32.855007808085,75238,DALLAS,Liquor Store,,,
,TX,DALLAS,-96.640258454005,EZ FOOD MART BEER WINE,Convenience Store,,,,4.09416035143931e+18,,,,901 BELT LINE RD STE 100-101,32.940669216147,75040,GARLAND,General Retail/Food/Other,,,
,TX,DALLAS,-96.793133234748,COOL'S LIQUOR,Liquor Store,,,,1.619169142484306e+19,,,,501 CORINTH ST,32.761408607736,75207,DALLAS,Liquor Store,,,
,TX,DALLAS,-96.675365660993,"TEXAS ICE VENDING, LLC",Specialty Food,,,,3.920183618496187e+18,,,,2372 OATES DR,32.821449885048,75228,DALLAS,Uncategorized,,,
,TX,DALLAS,-96.613991557868,HOWDY'S FOOD MART,Convenience Store,,,,1.2154084313702156e+19,,,,3620 SHEPHERD LN STE A,32.720508612089,75180,BALCH SPRINGS,General Retail/Food/Other,,,
,TX,DALLAS,-96.839566293623,POKEY O'S COOKIES & ICE CREAM,Specialty Food,,,,6.437159027954175e+18,,,,3034 MOCKINGBIRD LN,32.831882116536,75205,DALLAS,Uncategorized,,,
,TX,DALLAS,-96.796822533693,WESTERN SPIRITS BEVERAGE COMPANY,Liquor Store,,,,3.3124970630606074e+17,,,,350 N SAINT PAUL ST,32.783405412934,75201,DALLAS,Liquor Store,,,
,TX,DALLAS,-96.8049905928,CORNER CONVENIENCE SHOP,Convenience Store,,,,6.57588417858557e+18,,,,407 N LAMAR ST STE 400,32.781516511416,75202,DALLAS,General Retail/Food/Other,,,
,TX,DALLAS,-96.871243752446,ALDI (TEXAS) L.L.C. #43,Supermarket,,,,1.2565536120045062e+19,,,,3128 FOREST LN STE 245,32.909592262517,75234,DALLAS,General Retail/Food/Other,,,
,TX,DALLAS,-96.713283887896,"KOTUNHOUSEENTERPRISE, LLC",Supermarket,,,,6.094490356061192e+18,,,,10000 WALNUT ST APT 1002,32.920339269526,75243,DALLAS,General Retail/Food/Other,,,
,TX,DALLAS,-96.82917712799,BUCKHORN DISCOUNT LIQUOR,Liquor Store,,,,1.271458804577018e+19,,,,14825 INWOOD RD # 200,32.949691770927,75001,ADDISON,Liquor Store,,,
,TX,DALLAS,-96.753863190568,SAM'S CLUB # 6372,Liquor Store,,,,1.1406088835943582e+19,,,,6185 RETAIL RD STE 100,32.861785800512,75231,DALLAS,Liquor Store,,,
,TX,DALLAS,-96.789409462849,SNAP KITCHEN #21,Specialty Food,,,,6.197637252807572e+17,,,,4164 N CENTRAL EXPY,32.814655551836,75204,DALLAS,Uncategorized,,,
,TX,DALLAS,-96.765740071328,GATEWAY 30,Convenience Store,,,,1.3733633176681337e+19,,,,3305 GRAND AVE,32.777073751701,75210,DALLAS,General Retail/Food/Other,,,
,TX,DALLAS,-96.764434748753,JOY DONUT #1,Bakery,,,,1.2648647814548638e+19,,,,8188 SPRING VALLEY RD STE 110,32.939782212902,75240,DALLAS,Uncategorized,,,
,TX,DALLAS,-96.682754103362,DISCOUNT TOBACCO & GROCERY,Convenience Store,,,,1.5675586963588557e+18,,,,4864 S BUCKNER BLVD STE A,32.782683466181,75227,DALLAS,General Retail/Food/Other,,,
,TX,DALLAS,-96.940308098834,JUNO'S LIQUOR,Liquor Store,,,,9.968482728010926e+18,,,,313 LAS COLINAS BLVD E,32.868541857708,75039,IRVING,Liquor Store,,,
,TX,DALLAS,-96.741346676355,QUALITY LINCENSING CORP STORE #2427,Liquor Store,,,,5.014480292270983e+18,,,,9301 FOREST LN,32.909307059031,75243,DALLAS,Liquor Store,,,
,TX,DALLAS,-96.964266289284,LIQUOR STOP,Liquor Store,,,,1.1350530530294385e+19,,,,5477 N MACARTHUR BLVD,32.88426829889,75038,IRVING,Liquor Store,,,
,TX,DALLAS,-96.735023696679,EZ SHOP #8,Convenience Store,,,,1.6089075561305952e+19,,,,504 W ARAPAHO RD,32.96108151047,75080,RICHARDSON,General Retail/Food/Other,,,
,TX,DALLAS,-96.875274644409,ORALE LIQUOR STORE,Liquor Store,,,,1.647604604430112e+19,,,,9702 BROCKBANK DR STE 100,32.869234718567,75220,DALLAS,Liquor Store,,,
,TX,DALLAS,-96.51792537059,ROWLETT LIQUOR,Liquor Store,,,,7.879617339473875e+18,,,,6605 DALROCK RD,32.919006696144,75089,ROWLETT,Liquor Store,,,
,TX,DALLAS,-96.994163274459,MY LIQUOR STOP,Liquor Store,,,,3.2552393216574945e+18,,,,1701 S BELT LINE RD # 110,32.722614190137,75051,GRAND PRAIRIE,Liquor Store,,,
,TX,DALLAS,-96.839970043475,"ZAKTI, LLC",Specialty Food,,,,1.7210485224597438e+19,,,,1300 S POLK ST STE 252,32.732724375254,75224,DALLAS,Uncategorized,,,
,TX,DALLAS,-96.682596194558,SF SUPERMARKET,Supermarket,,,,6.063439765580042e+18,,,,3212 N JUPITER RD STE 201,32.947134717315,75044,GARLAND,General Retail/Food/Other,,,
,TX,DALLAS,-96.803619761823,ASCENSION COFFEE,Specialty Food,,,,1.8211969926744525e+19,,,,200 CRESCENT CT STE 40,32.794227352207,75201,DALLAS,Uncategorized,,,
,TX,DALLAS,-96.613668757534,CITY STAR 1,Convenience Store,,,,1.015694738144751e+19,,,,1036 N COUNTRY CLUB RD,32.921629905429,75040,GARLAND,General Retail/Food/Other,,,
,TX,DALLAS,-96.699744432793,CORNER FOOD MART,Convenience Store,,,,3.967704095739169e+18,,,,4460 W WALNUT ST STE 108,32.916497340274,75042,GARLAND,General Retail/Food/Other,,,
,TX,DALLAS,-96.82292513563,LONE STAR DONUTS & TACOS,Bakery,,,,4.525115988116129e+18,,,,1727 N BECKLEY AVE,32.765402561122,75203,DALLAS,Uncategorized,,,
,TX,DALLAS,-96.81616504141,FLAMINGO LIQUORS,Liquor Store,,,,1.6548094239041602e+19,,,,4125 FAIRMOUNT ST,32.80746951628,75219,DALLAS,Liquor Store,,,
,TX,DALLAS,-96.711518057485,"LE CAVEAU, LLC",Liquor Store,,,,3.728859813381034e+18,,,,718 N BUCKNER BLVD STE 332,32.8450906024,75218,DALLAS,Liquor Store,,,
,TX,DALLAS,-96.758010800714,Y&L BEER WINE GROCERIES,Convenience Store,,,,1.2903889101108363e+19,,,,5535 S CENTRAL EXPY,32.744159012111,75215,DALLAS,General Retail/Food/Other,,,
,TX,DALLAS,-96.996608295576,MISSY'S COTTAGE BAKERY LLC,Confectionery,,,,1.169331916561267e+19,,,,212 CARRIAGE CT,32.960626811061,75019,COPPELL,Uncategorized,,,
,TX,DALLAS,-96.95508450744,MACARTHUR EXPRESS,Liquor Store,,,,1.6130580937799647e+19,,,,8600 N MACARTHUR BLVD STE 160,32.923711064182,75063,IRVING,Liquor Store,,,
,TX,DALLAS,-96.870955673051,WEBB CHAPEL BEER & WINE,Liquor Store,,,,1.6284709134555038e+19,,,,1004 WEBB CHAPEL RD,32.953295022113,75006,CARROLLTON,Liquor Store,,,
,TX,DALLAS,-96.802703521902,PRESTON CHEVRON,Convenience Store,,,,1.0341628824079124e+19,,,,8424 PRESTON RD,32.864710709514,75225,DALLAS,General Retail/Food/Other,,,
,TX,DALLAS,-96.811494216179,ROYAL LIQUOR BEER & WINE,Liquor Store,,,,1.2780770544885453e+19,,,,4034 CEDAR SPRINGS RD,32.81133789777,75219,DALLAS,Liquor Store,,,
,TX,DALLAS,-96.930548718213,"SPEC'S LIQUOR #191, SFP DISTRIBUTION",Liquor Store,,,,1.4567116559307327e+19,,,,971 N HIGHWAY 67 STE 400,32.605769432095,75104,CEDAR HILL,Liquor Store,,,
,TX,DALLAS,-96.653421681067,AZTECA MEXICAN BAKERY,Food Store,,,,1.488967847554864e+19,,,,11555 FERGUSON RD # 500,32.852153399652,75228,DALLAS,Mexican,Americas,Latin America - Central America,Mexico
,TX,DALLAS,-96.835922921759,DRIP COFFEE,Specialty Food,,,,2.039490091311386e+18,,,,4343 LOVERS LN,32.851342461025,75225,DALLAS,Uncategorized,,,
,TX,DALLAS,-96.686024230102,ALBERTSON'S #4260,Supermarket,,,,1.7943204667991343e+19,,,,2165 E BUCKINGHAM DR,32.931524892434,75081,RICHARDSON,General Retail/Food/Other,,,
,TX,DALLAS,-96.991759116952,"ABYSSINIA MARKET, IRVING LLC",Supermarket,,,,7.477531640736401e+18,,,,4010 N BELT LINE RD,32.86199240133,75038,IRVING,African,Africa,Multiple African Regions,Multiple African
,TX,DALLAS,-96.795313262289,SUNDRY SHOP,Convenience Store,,,,1.2123955136316e+19,,,,1910 PACIFIC AVE STE 2050,32.782991370818,75201,DALLAS,General Retail/Food/Other,,,
,TX,DALLAS,-96.737066341172,BLUE DRAGON EVENT CENTER,Convenience Store,,,,1.336877938089586e+19,,,,9255 S CENTRAL EXPY,32.686753209431,75241,DALLAS,General Retail/Food/Other,,,
,TX,DALLAS,-96.803181595304,SNAP KITCHEN #18,Specialty Food,,,,1.476679542380241e+19,,,,6025 ROYAL LN STE 314B,32.894963589525,75230,DALLAS,Uncategorized,,,
,TX,DALLAS,-97.030851554351,GRANNA'S HOUSE,Bakery,,,,4.18810188387798e+17,,,,4129 MATTHEW RD,32.671809677033,75052,GRAND PRAIRIE,Uncategorized,,,
,TX,DALLAS,-96.802407206048,DREBELBIS ENGINEERING,Supermarket,,,,5.0085129828383206e+17,,,,2909 COLE AVE STE 100,32.801948510488,75204,DALLAS,General Retail/Food/Other,,,
,TX,DALLAS,-96.696955467183,STAR FOOD MART,Convenience Store,,,,1.1181874159523742e+19,,,,4201 W WALNUT ST,32.916738223636,75042,GARLAND,General Retail/Food/Other,,,
,TX,DALLAS,-96.804277559284,"SPEC'S LIQUOR #152, SPEC'S WINE & SPIRITS",Liquor Store,,,,5.005586926581664e+18,,,,8123 PRESTON RD,32.861701765103,75225,DALLAS,Liquor Store,,,
,TX,DALLAS,-96.769815685322,D & M FOOD MART,Convenience Store,,,,1.6295338003991644e+19,,,,4814 GASTON AVE,32.79963085704,75246,DALLAS,General Retail/Food/Other,,,
,TX,DALLAS,-96.735252205755,"CAKE CAROUSEL, INC.",Confectionery,,,,5.101192475159383e+18,,,,100 S CENTRAL EXPY STE 36,32.950597905767,75080,RICHARDSON,Uncategorized,,,
,TX,DALLAS,-96.81829479696,C STORE #15,Convenience Store,,,,3.2723050072438405e+18,,,,11812 INWOOD RD,32.909754210983,75244,DALLAS,General Retail/Food/Other,,,
,TX,DALLAS,-96.773131262941,J'S FOOD MART,Convenience Store,,,,8.098247807807998e+18,,,,1621 N GARRETT AVE,32.807313731709,75206,DALLAS,General Retail/Food/Other,,,
,TX,DALLAS,-96.976492745941,FINLEY FOOD MART,Convenience Store,,,,5.683612360873888e+18,,,,3329 N STORY RD,32.850189259468,75062,IRVING,General Retail/Food/Other,,,
,TX,DALLAS,-96.809090536716,PRODUCTS FOR YOUR TABLE,Supermarket,,,,1.589095357256619e+19,,,,5656 ALPHA RD STE B,32.932716460747,75240,DALLAS,General Retail/Food/Other,,,
,TX,DALLAS,-96.8900373918,ALBERTSON'S #269,Supermarket,,,,1.4912436242578426e+19,,,,2149 N JOSEY LN,32.973866167731,75006,CARROLLTON,General Retail/Food/Other,,,
,TX,DALLAS,-97.025352424573,RUBEN'S AUTO REPAIR,Convenience Store,,,,1.4748432529049604e+19,,,,1609 DALWORTH ST,32.744611230388,75050,GRAND PRAIRIE,General Retail/Food/Other,,,
,TX,DALLAS,-96.682779442425,GOOD SPIRITS LLC #4289,Liquor Store,,,,2.2168462976182065e+18,,,,1200 N BUCKNER BLVD,32.732835178718,75218,DALLAS,Liquor Store,,,
,TX,DALLAS,-96.805357252571,DENLEY FOOD MART,Convenience Store,,,,1.1565566059987026e+19,,,,900 S DENLEY DR,32.739055425773,75216,DALLAS,General Retail/Food/Other,,,
,TX,DALLAS,-96.598624560077,LA VERDE CONVENIENCE STORE,Convenience Store,,,,7.190920196579807e+18,,,,2002 HIGHWAY 66,32.909942743933,75040,GARLAND,Mexican,Americas,Latin America - Central America,Mexico
,TX,DALLAS,-96.873195663187,DEL NORTE BAKERY #4,Food Store,,,,4.919370500415442e+18,,,,3210 FALLS DR,32.726335051955,75211,DALLAS,Uncategorized,,,
,TX,DALLAS,-96.639434314468,CAJUN DONUTS II,Bakery,,,,1.3316376059463094e+19,,,,850 BELT LINE RD,32.940064359314,75040,GARLAND,Uncategorized,,,
,TX,DALLAS,-96.827314250317,ALBERTSON'S #4105,Supermarket,,,,5.043998678110849e+18,,,,4625 FRANKFORD RD,32.997851935082,75287,DALLAS,General Retail/Food/Other,,,
,TX,DALLAS,-96.993664193191,RANDALL'S FOOD AND DRUG #1781,Supermarket,,,,3.347713478051449e+18,,,,106 N DENTON TAPP RD,32.969101423211,75019,COPPELL,General Retail/Food/Other,,,
,TX,DALLAS,-96.779292520465,LA-BD-VENDING SERVICES,Supermarket,,,,6.431943497178106e+18,,,,1101 SOUTHRIDGE DR,32.598786527445,75146,LANCASTER,Mexican,Americas,Latin America - Central America,Mexico
,TX,DALLAS,-96.982118213996,ELOTES EL NENE,Confectionery,,,,7.468634525860053e+18,,,,2800 W IRVING BLVD # E144,32.830161767059,75061,IRVING,Mexican,Americas,Latin America - Central America,Mexico
,TX,DALLAS,-96.889410586174,BEVERAGE DEPOT,Liquor Store,,,,7.631938731088826e+18,,,,2377 STEMMONS TRL,32.860363149801,75220,DALLAS,Liquor Store,,,
,TX,DALLAS,-96.790344669721,BERKLEY'S MARKET,Supermarket,,,,4.382427540810058e+18,,,,3300 KNOX ST STE 200,32.823773868417,75205,DALLAS,General Retail/Food/Other,,,
,TX,DALLAS,-96.625992370913,KISS DAYLIGHT DONUTS,Bakery,,,,9.814460248349755e+18,,,,4701 N GALLOWAY AVE STE 106,32.826987117384,75150,MESQUITE,Uncategorized,,,
,TX,DALLAS,-96.985773829002,SAVE WAY,Convenience Store,,,,6.939993516338006e+18,,,,1802 SE 14TH ST,32.720427855655,75051,GRAND PRAIRIE,General Retail/Food/Other,,,
,TX,DALLAS,-96.631423015949,CREPES N GO,Produce Market,,,,1.8073388177789368e+19,,,,2063 TOWN EAST MALL STE 2228,32.811655283603,75150,MESQUITE,General Retail/Food/Other,,,
,TX,DALLAS,-96.872867332864,TORTILLERIA LA NORTENA,Convenience Store,,,,1.7253132773960598e+19,,,,3215 W DAVIS ST,32.749611567476,75211,DALLAS,Mexican,Americas,Latin America - Central America,Mexico
,TX,DALLAS,-96.680624664156,HIEP THAI FOOD STORE,Supermarket,,,,1.321007279652178e+19,,,,3347 W WALNUT ST STE 101,32.916986822144,75042,GARLAND,Thai,Asia,South Eastern Asia,Thailand
,TX,DALLAS,-96.868320781085,STOP FOOD MART,Convenience Store,,,,1.5569152812431002e+19,,,,2925 W CAMP WISDOM RD,32.662226079702,75237,DALLAS,General Retail/Food/Other,,,
,TX,DALLAS,-96.9097220536,SOMUNNAN BANCHANNARA,Specialty Food,,,,1.42509012506539e+19,,,,2640 OLD DENTON RD STE 148,32.985272648791,75007,CARROLLTON,Korean,Asia,Eastern Asia,Korea
,TX,DALLAS,-96.739761708244,BEER MART,Liquor Store,,,,8.795544748091159e+17,,,,3250 SAMUELL BLVD,32.792919595656,75223,DALLAS,Liquor Store,,,
,TX,DALLAS,-96.757794206851,MEGA LO LIQUOR,Liquor Store,,,,1.3381791767938157e+19,,,,7735 GREENVILLE AVE,32.887261029984,75231,DALLAS,Liquor Store,,,
,TX,DALLAS,-96.975213290908,PAYLESS LIQUOR,Liquor Store,,,,1.745659312701763e+19,,,,3745 N STORY RD,32.854849468743,75062,IRVING,Liquor Store,,,
,TX,DALLAS,-96.830044888414,"SPEC'S WINES & SPRITS & BEERS, #128, SPF DISTRIBU",Liquor Store,,,,1.8302987778809612e+19,,,,15055 INWOOD RD,32.952189384594,75001,ADDISON,Liquor Store,,,
,TX,DALLAS,-96.861859706997,CRAZY COCO,Convenience Store,,,,1.7931872356469068e+19,,,,9625 WEBB CHAPEL RD,32.864300922569,75220,DALLAS,General Retail/Food/Other,,,
,TX,DALLAS,-96.839919595382,SALAM CONVENIENCE LLC,Convenience Store,,,,2.595733258870869e+18,,,,900 N POLK ST STE 120,32.610426432479,75115,DESOTO,General Retail/Food/Other,,,
,TX,DALLAS,-96.762697544201,CHOES CONVENIENCE,Convenience Store,,,,1.0619842615757654e+19,,,,6866 SHADYBROOK LN,32.870434227002,75231,DALLAS,General Retail/Food/Other,,,
,TX,DALLAS,-96.720536591045,CHILLY MART,Convenience Store,,,,3.22027701426037e+18,,,,540 CENTENNIAL BLVD,32.938153367008,75081,RICHARDSON,General Retail/Food/Other,,,
,TX,DALLAS,-96.790653625129,SCARDELLO,Specialty Food,,,,9.416907611335969e+18,,,,920 S HARWOOD ST STE 131,32.777416132378,75201,DALLAS,Uncategorized,,,
,TX,DALLAS,-96.716371048033,DAILY STOP,Convenience Store,,,,5.930390685189609e+17,,,,9901 ROYAL LN STE 108,32.894612380057,75231,DALLAS,General Retail/Food/Other,,,
,TX,DALLAS,-96.769926780345,PM DISCOUNT LIQUOR,Liquor Store,,,,2.528926419571852e+18,,,,4724 GREENVILLE AVE STE B,32.844927277741,75206,DALLAS,Liquor Store,,,
,TX,DALLAS,-97.044171118998,TRADERS VILLAGE BEER,Liquor Store,,,,2.885853473023807e+18,,,,2602 MAYFIELD RD,32.691438697517,75052,GRAND PRAIRIE,Liquor Store,,,
,TX,DALLAS,-96.80465043292,SCARDELLO,Specialty Food,,,,7.128775799762865e+18,,,,3511 OAK LAWN AVE,32.81284133035,75219,DALLAS,Uncategorized,,,
,TX,DALLAS,-96.870692322393,MASSIMO'S BAKERY,Bakery,,,,7.445729713355e+17,,,,7303 JOHN W CARPENTER FWY,32.816860308362,75247,DALLAS,Uncategorized,,,
,TX,DALLAS,-96.783624019243,CELLPHONE WORLD #1,Convenience Store,,,,1.3781734698225912e+19,,,,1450 W PLEASANT RUN RD STE 108,32.604286265283,75146,LANCASTER,General Retail/Food/Other,,,
,TX,DALLAS,-96.859781662918,"PANDERIA GUATEMALTECA 'LE MEJOR', INC.",Bakery,,,,1.497945716483636e+19,,,,2717 E BELT LINE RD STE 105,32.953338653597,75006,CARROLLTON,Central American,Americas,Latin America - Central America,Other Central America
,TX,DALLAS,-96.770260726147,GREENVILLE STOP,Liquor Store,,,,1.4436373210461323e+19,,,,1737 GREENVILLE AVE,32.811539871255,75206,DALLAS,Liquor Store,,,
,TX,DALLAS,-96.805482832895,NEIGHBORHOOD FOOD MART,Convenience Store,,,,4.978620925522493e+18,,,,1802 S DENLEY DR,32.725575051502,75216,DALLAS,General Retail/Food/Other,,,
,TX,DALLAS,-97.023179612693,1ST STOP,Convenience Store,,,,1.6487394145137412e+19,,,,1800 VALLEY VIEW LN STE 158,32.831630311876,75061,IRVING,General Retail/Food/Other,,,
,TX,DALLAS,-96.71166377891,PAYDAB AFRICAN MARKET,Supermarket,,,,1.1677865590330706e+19,,,,9450 SKILLMAN ST STE 106,32.905265812702,75243,DALLAS,African,Africa,Multiple African Regions,Multiple African
,TX,DALLAS,-96.859119786023,MAYA MANAGEMENT GROUP LLC,Supermarket,,,,1.7228600449241534e+19,,,,2515 W JEFFERSON BLVD STE 300,32.748204638179,75211,DALLAS,General Retail/Food/Other,,,
,TX,DALLAS,-96.771813202088,7-ELEVEN CONVENIENCE STORE #12301C,Convenience Store,,,,1.9670726770371003e+18,,,,2911 E LEDBETTER DR,32.694833833771,75216,DALLAS,General Retail/Food/Other,,,
,TX,DALLAS,-96.762034429646,DEES WAY GROCERY,Supermarket,,,,5.500421372389118e+18,,,,112 N COLLETT AVE STE 132,32.796746035784,75214,DALLAS,General Retail/Food/Other,,,
,TX,DALLAS,-96.7334842887,AIM TERMITE AND PEST CONTROL INC,Supermarket,,,,1.4470181065818587e+19,,,,9645 VISTA OAKS DR,32.895626740722,75243,DALLAS,General Retail/Food/Other,,,
,TX,DALLAS,-96.606184233552,MIS RAICES EL SALVADOR INC,Supermarket,,,,8.05034000858181e+18,,,,1807 N GALLOWAY AVE,32.786817137939,75149,MESQUITE,Mexican,Americas,Latin America - Central America,Mexico
,TX,DALLAS,-96.85578738439,DESOTO GROCERY FOOD MART,Specialty Food,,,,5.551292963791129e+18,,,,201 E BELT LINE RD STE 101,32.589771944696,75115,DESOTO,Uncategorized,,,
,TX,DALLAS,-96.708404384865,HUTCHINS LIQUOR,Liquor Store,,,,5.178286184282213e+18,,,,801 W PALESTINE ST STE 105,32.648903065065,75141,HUTCHINS,Liquor Store,,,
,TX,DALLAS,-96.847116195498,"GRAPH COFFEE, LCC",Specialty Food,,,,7.143124727072247e+18,,,,1635 CHAMPAGNE DR,32.704377094148,75224,DALLAS,Uncategorized,,,
,TX,DALLAS,-96.856806022121,6-12 FOOD STORE,Convenience Store,,,,6.401122212245555e+18,,,,1221 N HAMPTON RD,32.760597846733,75208,DALLAS,General Retail/Food/Other,,,
,TX,DALLAS,-96.79639630436,"BUDA JUICE, LLC",Specialty Food,,,,8.655774724040249e+18,,,,3699 MCKINNEY AVE STE 318,32.808387450624,75204,DALLAS,Uncategorized,,,
,TX,DALLAS,-96.942717148276,LA REAL MICHOACANA #7,Specialty Food,,,,8.31476847900356e+18,,,,259 E GRAUWYLER RD # 170,32.829448202976,75061,IRVING,Mexican,Americas,Latin America - Central America,Mexico
,TX,DALLAS,-97.010928203883,MAMIE BOBANGE BASENGA,Supermarket,,,,7.776936079116423e+18,,,,3604 BLOCK DR APT 104,32.860196376072,75038,IRVING,General Retail/Food/Other,,,
,TX,DALLAS,-96.769589586959,"SPEC'S LIQUOR #150 SPEC'S WINE, SPIRITS & FINER",Liquor Store,,,,5.504161826167866e+18,,,,9500 N CENTRAL EXPY STE 200,32.879943632566,75231,DALLAS,Liquor Store,,,
,TX,DALLAS,-96.858045313917,KIEST FOOD MART,Convenience Store,,,,9.060649423701756e+18,,,,2419 W KIEST BLVD,32.705858821879,75233,DALLAS,General Retail/Food/Other,,,
,TX,DALLAS,-96.920244386608,FRUTERIA GUERRERO,Confectionery,,,,3.191350271684788e+18,,,,712 S WALTON WALKER BLVD # 11H,32.750682145297,75211,DALLAS,Mexican,Americas,Latin America - Central America,Mexico
,TX,DALLAS,-96.787880461612,STOCKS & BONDY,Specialty Food,,,,1.478265877160888e+19,,,,4306 N CENTRAL EXPY,32.817659101161,75206,DALLAS,Uncategorized,,,
,TX,DALLAS,-96.997590907168,YUMMY HOPE FOODS,Bakery,,,,8.199166972983656e+18,,,,3600 W PIONEER DR STE 140,32.828746339604,75061,IRVING,Uncategorized,,,
,TX,DALLAS,-96.657353579374,SAM HOUSTON FOOD MART,Convenience Store,,,,8.157965626146375e+18,,,,2006 W BUCKINGHAM RD,32.930471568054,75042,GARLAND,General Retail/Food/Other,,,
,TX,DALLAS,-96.826730307792,HARDWICK MART,Convenience Store,,,,2.985204643952477e+18,,,,2333 HARDWICK ST,32.771672415513,75208,DALLAS,General Retail/Food/Other,,,
,TX,DALLAS,-96.648662068012,EL SEMBRADOR SCS,Confectionery,,,,1.2583879307281897e+18,,,,145 S MASTERS DR,32.711292782575,75217,DALLAS,Mexican,Americas,Latin America - Central America,Mexico
,TX,DALLAS,-96.800555656786,7-ELEVEN CONVENIENCE STORE #34530A,Supermarket,,,,5.372427908510466e+18,,,,511 N AKARD ST STE 101,32.783784738082,75201,DALLAS,General Retail/Food/Other,,,
,TX,DALLAS,-96.698440258049,LUCKY 777 C-STORE & GRILL,Convenience Store,,,,8.464755730375162e+17,,,,1205 DOWDY FERRY RD,32.648705206326,75141,HUTCHINS,General Retail/Food/Other,,,
,TX,DALLAS,-96.883497981191,Q.MART,Convenience Store,,,,1.5763069402126109e+19,,,,4041 W WHEATLAND RD STE 216,32.647663427579,75237,DALLAS,General Retail/Food/Other,,,
,TX,DALLAS,-96.798180910305,KORNER THE MARKET,Convenience Store,,,,7.650461584011706e+18,,,,2422 ALLEN ST,32.797535135044,75204,DALLAS,General Retail/Food/Other,,,
,TX,DALLAS,-96.910067244112,"I & I BAKERY, LLC",Bakery,,,,2.8081955943149266e+18,,,,2625 OLD DENTON RD STE 418,32.990773181409,75007,CARROLLTON,Uncategorized,,,
,TX,DALLAS,-96.822123754654,LUXURY INN,Confectionery,,,,1.4065346565421615e+19,,,,5606 S R L THORNTON FWY,32.677463422833,75232,DALLAS,Uncategorized,,,
,TX,DALLAS,-96.888632074138,LATINO MARKET,Convenience Store,,,,9.378402819181203e+18,,,,1916 WALNUT PLZ STE 105,32.956025820804,75006,CARROLLTON,Latino/Hispanic (General),Americas,Latin America - General,
,TX,DALLAS,-96.798557592572,A MOTION FOOD MART,Convenience Store,,,,1.835376596328699e+19,,,,829 S CORINTH STREET RD,32.739732698681,75203,DALLAS,General Retail/Food/Other,,,
,TX,DALLAS,-96.801256276661,K�RNER THE MARKET,Convenience Store,,,,1.0093222678946925e+19,,,,2815 ALLEN ST STE 122,32.800768771543,75204,DALLAS,General Retail/Food/Other,,,
,TX,DALLAS,-96.82820783938,PO-GO'S,Liquor Store,,,,5.381684799722507e+18,,,,2034 IRVING BLVD,32.795107758986,75207,DALLAS,Liquor Store,,,
,TX,DALLAS,-96.939050248351,PREMIER DESI DISTRICT,Supermarket,,,,1.3839832191667816e+19,,,,6421 RIVERSIDE DR STE 160,32.897319553596,75039,IRVING,Indian/South Asian,Asia,South Central Asia,Multiple South Central Asian
,TX,DALLAS,-96.664781455631,MILLER GAS & MORE,Convenience Store,,,,5.704084428191843e+18,,,,2435 W MILLER RD,32.894553410522,75041,GARLAND,General Retail/Food/Other,,,
,TX,DALLAS,-96.909072755501,CARNICERIA MEXICO,Meat Market,,,,9.980394879069934e+18,,,,5417 BERNAL DR,32.777293014169,75212,DALLAS,Mexican,Americas,Latin America - Central America,Mexico
,TX,DALLAS,-96.975845844546,DAILY STOP,Convenience Store,,,,9.714597234504649e+18,,,,2326 W SHADY GROVE RD,32.800369977737,75060,IRVING,General Retail/Food/Other,,,
,TX,DALLAS,-96.856948284871,HAMPTON BEVERAGES,Liquor Store,,,,1.483015443328233e+19,,,,1519 S HAMPTON RD,32.564682566109,75154,GLENN HEIGHTS,Liquor Store,,,
,TX,DALLAS,-96.893799612443,NINE RABBITS BAKERY BOBA HOUSE,Bakery,,,,2.939052836695656e+18,,,,2546 ROYAL LN,32.895881949365,75229,DALLAS,Uncategorized,,,
,TX,DALLAS,-96.873798659285,TIGER MART 81,Convenience Store,,,,6.515484466402596e+17,,,,2050 N WESTMORELAND RD STE 100,32.77061265453,75212,DALLAS,General Retail/Food/Other,,,
,TX,DALLAS,-96.81304988766,FRUTERIA CANO,Produce Market,,,,1.844079252017842e+19,,,,13531 MONTFORT DR STE 125,32.932072508873,75240,DALLAS,Mexican,Americas,Latin America - Central America,Mexico
,TX,DALLAS,-96.858774132502,RJ FOREST LN RESTAURANT LLC,Specialty Food,,,,1.5523101163994892e+19,,,,3605 FOREST LN,32.909746520324,75234,DALLAS,Uncategorized,,,
,TX,DALLAS,-96.769329826082,AZ C-STORE,Convenience Store,,,,4.720535076217967e+18,,,,13021 COIT RD STE 106,32.925339529482,75240,DALLAS,General Retail/Food/Other,,,
,TX,DALLAS,-96.778845468142,SNACK HUB EXPRESS LLC,Supermarket,,,,6.942360758381791e+18,,,,400 S HALL ST APT 248,32.781982157062,75226,DALLAS,General Retail/Food/Other,,,
,TX,DALLAS,-96.883354343675,EASY MART,Convenience Store,,,,1.529998975282363e+19,,,,3744 W LEDBETTER DR STE 106,32.691204683993,75233,DALLAS,General Retail/Food/Other,,,
,TX,DALLAS,-97.03451787574,LA PITAYA LLC,Produce Market,,,,1.2243376555367025e+19,,,,2225 SPIKES ST,32.734027363342,75051,GRAND PRAIRIE,Mexican,Americas,Latin America - Central America,Mexico
,TX,DALLAS,-96.839919595382,DAILY FOOD MART,Convenience Store,,,,1.3355823496120189e+19,,,,900 N POLK ST STE 102,32.610426432479,75115,DESOTO,General Retail/Food/Other,,,
,TX,DALLAS,-96.821217777393,"3 BAR BISON, LLC",Meat Market,,,,1.1324752057256054e+18,,,,209 E GREENBRIAR LN,32.764194160538,75203,DALLAS,General Retail/Food/Other,,,
,TX,DALLAS,-96.820307196134,SPICEMART,Supermarket,,,,7.220713386805709e+18,,,,5331 HOLLAND AVE,32.827662321861,75209,DALLAS,General Retail/Food/Other,,,
,TX,DALLAS,-96.69981253259,YOUNG DONUTS,Food Store,,,,2.2046421800144911e+18,,,,6102 SAMUELL BLVD STE 100,32.791959797631,75228,DALLAS,Uncategorized,,,
,TX,DALLAS,-96.854961805478,NATALIE'S PASTRY AND CAKES,Bakery,,,,1.3985429073011034e+19,,,,2240 MARSH LN # 120,32.970050785659,75006,CARROLLTON,Uncategorized,,,
,TX,DALLAS,-96.569510473009,SAM'S WHOLESALE PRICED LIQUOR 1,Liquor Store,,,,2.3700322786801275e+18,,,,5119 ROWLETT RD,32.905932860726,75088,ROWLETT,Liquor Store,,,
,TX,DALLAS,-96.646442380555,SADLER'S FOOD MART #2,Convenience Store,,,,1.2686196796314175e+19,,,,10300 SCYENE RD STE 100,32.762186963982,75227,DALLAS,General Retail/Food/Other,,,
,TX,DALLAS,-96.882946897992,"BODEGA FINE SPIRITS, LLC",Liquor Store,,,,1.513401487339961e+19,,,,10645 HARRY HINES BLVD,32.870124112172,75220,DALLAS,Mexican,Americas,Latin America - Central America,Mexico
,TX,DALLAS,-96.878754057675,HILL TOWN LIQUOR,Liquor Store,,,,7.109833657707876e+18,,,,3610 W JEFFERSON BLVD STE 100,32.740314781193,75211,COCKRELL HILL,Liquor Store,,,
,TX,DALLAS,-96.783345688237,BOOZE BAGGERS LLC,Specialty Food,,,,1.1494360090265537e+19,,,,16117 LONGVISTA DR,32.971408812695,75248,DALLAS,Uncategorized,,,
,TX,DALLAS,-96.799387745293,CBD KRATOM,Specialty Food,,,,8.138886517090961e+18,,,,1517 MAIN ST,32.780651270513,75201,DALLAS,Uncategorized,,,
,TX,DALLAS,-96.789305540152,"J.C.'S ONE STOP SHOP, LLC",Convenience Store,,,,1.351333434254461e+19,,,,2743 CEDAR CREST BLVD,32.739772296554,75203,DALLAS,General Retail/Food/Other,,,
,TX,DALLAS,-96.713699865114,SAM'S TOBACCO TOWN,Convenience Store,,,,9.076189861504502e+18,,,,800 E ARAPAHO RD STE 104,32.960573375769,75081,RICHARDSON,General Retail/Food/Other,,,
,TX,DALLAS,-96.653501592374,SUPER SECRET SALSA COMPANY LLC,Produce Market,,,,1.7303539021692617e+19,,,,11124 MANORVIEW CIR,32.842635342249,75228,DALLAS,General Retail/Food/Other,,,
,TX,DALLAS,-96.994304958083,"CANDY ZONE, INC.",Confectionery,,,,1.8387864711573488e+19,,,,3803 IRVING MALL,32.841102633578,75062,IRVING,Uncategorized,,,
,TX,DALLAS,-96.730767611575,JERSEY MIKES SUBS,Meat Market,,,,2.6087042885484093e+18,,,,7324 GASTON AVE STE 115,32.811792586591,75214,DALLAS,General Retail/Food/Other,,,
,TX,DALLAS,-96.648410558185,AMIGO DOLLAR PLUS,Convenience Store,,,,1.5601489662429315e+19,,,,1401 NORTHWEST HWY STE 139,32.864253251205,75041,GARLAND,General Retail/Food/Other,,,
,TX,DALLAS,-96.829363599874,# 1 DALLAS  DISCOUNT TOBACCO,Liquor Store,,,,1.0510055761906518e+19,,,,4515 VILLAGE FAIR DR STE E10,32.690751889284,75224,DALLAS,Liquor Store,,,
,TX,DALLAS,-96.974754731189,FRUTIHIELO #2,Specialty Food,,,,1.422032315646166e+18,,,,2216 W GRAUWYLER RD,32.828915278496,75061,IRVING,Uncategorized,,,
,TX,DALLAS,-96.862853732225,EMPIRE CENTRAL BEVERAGE,Liquor Store,,,,6.327523833426428e+18,,,,8300 HARRY HINES BLVD,32.835315138174,75235,DALLAS,Liquor Store,,,
,TX,DALLAS,-96.891592973989,HAJAR CONVENIENCE LLC,Convenience Store,,,,2.013781238236398e+18,,,,2475 S COCKRELL HILL RD STE 100,32.718646584655,75211,DALLAS,General Retail/Food/Other,,,
,TX,DALLAS,-96.588930384309,GREAT MECCA LLC,Convenience Store,,,,1.6304983456445188e+19,,,,6504 HIGHWAY 78,32.980302357394,75048,SACHSE,General Retail/Food/Other,,,
,TX,DALLAS,-96.86754019981,JULIA BEAD JEWELRY,Specialty Food,,,,1.3519065542229314e+19,,,,3030 LYNDON B JOHNSON FWY STE 1630,32.914245831876,75234,DALLAS,Uncategorized,,,
,TX,DALLAS,-96.671461129836,SAMS FOOD MART,Convenience Store,,,,9.412011092678693e+18,,,,2929 BELT LINE RD,32.944910701605,75044,GARLAND,General Retail/Food/Other,,,
,TX,DALLAS,-96.804073444098,WHOLE FOODS MARKET #23,Supermarket,,,,8.466419610277072e+18,,,,11700 PRESTON RD # 714,32.907973293727,75230,DALLAS,General Retail/Food/Other,,,
,TX,DALLAS,-96.606338888601,JF AFRICAN & ASIAN MARKET,Convenience Store,,,,1.4582705560242934e+18,,,,1819 N GALLOWAY AVE,32.78694823628,75149,MESQUITE,Asian (General),Asia,General,
,TX,DALLAS,-96.780736967333,KROGER FUEL CENTER #529,Supermarket,,,,4.243665478452792e+18,,,,4467 ROSS AVE,32.802526841399,75204,DALLAS,General Retail/Food/Other,,,
,TX,DALLAS,-96.88384522872,FUEGO SMOKE SHOP BEER AND WINE,Convenience Store,,,,8.138333046987703e+18,,,,2780 ROYAL LN STE A,32.895026949095,75229,DALLAS,General Retail/Food/Other,,,
,TX,DALLAS,-96.825002487163,W T C SUNDRIES SHOP,Convenience Store,,,,2.3482683312788127e+18,,,,2050 N STEMMONS FWY UNIT 103,32.801838903015,75207,DALLAS,General Retail/Food/Other,,,
,TX,DALLAS,-96.800055181287,DALLAS VENDING SERVICES,Specialty Food,,,,1.36444078298597e+18,,,,3227 MCKINNEY AVE APT 9J,32.803384063986,75204,DALLAS,Uncategorized,,,
,TX,DALLAS,-96.702350971957,"CHARMAC, LLC",Supermarket,,,,1.7760837280754452e+19,,,,9015 LEASIDE DR,32.869984163812,75238,DALLAS,General Retail/Food/Other,,,
,TX,DALLAS,-96.976808283339,VAZQUEZ FRESH FRUIT & PRODUCE,Produce Market,,,,1.8704745004993915e+18,,,,2424 ROCK ISLAND RD,32.815268968156,75060,IRVING,General Retail/Food/Other,,,
,TX,DALLAS,-96.822625357391,FRUTERIA CANO,Produce Market,,,,1.3375017609791554e+19,,,,1133 N ZANG BLVD,32.756780719516,75203,DALLAS,Mexican,Americas,Latin America - Central America,Mexico
,TX,DALLAS,-96.942627138411,CIRCLE 'ON',Convenience Store,,,,5.810300191928568e+18,,,,207 S CLARK RD,32.586526900202,75104,CEDAR HILL,General Retail/Food/Other,,,
,TX,DALLAS,-96.722882757964,LOLLI'S VELVET WHISK,Bakery,,,,3.0350371666598467e+18,,,,9669 FOREST LN APT 2006,32.909657695073,75243,DALLAS,Uncategorized,,,
,TX,DALLAS,-96.903587099366,R&J GROCERY STORE,Supermarket,,,,1.1395558296029843e+19,,,,3439 MAYBETH ST,32.78434328439,75212,DALLAS,General Retail/Food/Other,,,
,TX,DALLAS,-96.858039790675,LA LIMENA PERUVIAN PRODUCTS,Confectionery,,,,1.5051805288522009e+19,,,,3617 RIDGEBRIAR DR,32.914914264299,75234,DALLAS,Mexican,Americas,Latin America - Central America,Mexico
,TX,DALLAS,-96.645159592937,DULCERIA EL LUCERO,Confectionery,,,,1.3691270151065518e+19,,,,1445 W KINGSLEY RD,32.87895328236,75041,GARLAND,Mexican,Americas,Latin America - Central America,Mexico
,TX,DALLAS,-96.886079536712,254 GROUP LLC,Convenience Store,,,,2.1994729263134984e+18,,,,4154 PREFERRED PL,32.660563060322,75237,DALLAS,General Retail/Food/Other,,,
,TX,DALLAS,-96.678783799175,SUPER SAVE STORE,Convenience Store,,,,6.605793624458413e+18,,,,1727 BARNES BRIDGE RD,32.850744539989,75228,DALLAS,General Retail/Food/Other,,,
,TX,DALLAS,-96.90974922484,99 RANCH MARKET #105,Liquor Store,,,,1.0055212781982405e+19,,,,2532 OLD DENTON RD STE 100,32.979730904837,75006,CARROLLTON,Asian (General),Asia,General,
,TX,DALLAS,-96.76507746928,WHOLE FOODS MARKET,Supermarket,,,,5.285407720737359e+18,,,,8190 PARK LN STE 351,32.871700232765,75231,DALLAS,General Retail/Food/Other,,,
,TX,DALLAS,-96.947689411203,STOP AND SHOP #3,Convenience Store,,,,8.029453331418794e+18,,,,207 W 6TH ST,32.808651559545,75060,IRVING,General Retail/Food/Other,,,
,TX,DALLAS,-96.810914150331,PAYLESS BEER WINE,Supermarket,,,,5.660393113786861e+18,,,,5620 LYNDON B JOHNSON FWY STE 300,32.925453538297,75240,DALLAS,General Retail/Food/Other,,,
,TX,DALLAS,-96.788270874774,LIVE OAK CORNER STORE,Convenience Store,,,,5.393567042884749e+18,,,,2827 LIVE OAK ST,32.789594425066,75204,DALLAS,General Retail/Food/Other,,,
,TX,DALLAS,-96.768152733767,LOW PRIZE FOOD MART,Convenience Store,,,,1.6562197273087005e+19,,,,1472 W SPRING VALLEY RD,32.939954935601,75080,RICHARDSON,General Retail/Food/Other,,,
,TX,DALLAS,-96.934466183669,FRUTERIA CANO,Produce Market,,,,7.515227218649827e+18,,,,506 S NURSERY RD STE 120,32.809435443064,75060,IRVING,Mexican,Americas,Latin America - Central America,Mexico
,TX,DALLAS,-96.992399917453,ATMEX CONVENIENCE STORE,Convenience Store,,,,2.960234963806341e+18,,,,225 NE 10TH ST,32.747694253235,75050,GRAND PRAIRIE,General Retail/Food/Other,,,
,TX,DALLAS,-96.99234161232,BASKIN ROBBINS,Specialty Food,,,,7.665319615849516e+18,,,,2666 N BELT LINE RD,32.842920342393,75062,IRVING,Uncategorized,,,
,TX,DALLAS,-96.707626688679,DRY SIPS BOTTLE SHOP,Convenience Store,,,,1.196344962686405e+18,,,,9219 GARLAND RD STE 1105,32.829410820537,75218,DALLAS,General Retail/Food/Other,,,
,TX,DALLAS,-96.683254339559,LBJ FOOD MART,Convenience Store,,,,1.24186084740879e+19,,,,13015 JUPITER RD STE 100,32.872906816617,75238,DALLAS,General Retail/Food/Other,,,
,TX,DALLAS,-96.788305578593,RAKKASAN TEA COMPANY,Specialty Food,,,,1.4846180684431835e+19,,,,2528 ELM ST STE A,32.783678141556,75226,DALLAS,Uncategorized,,,
,TX,DALLAS,-96.815425160355,WHOLE FOODS MARKET,Supermarket,,,,3.812155615253776e+18,,,,4100 LOMO ALTO DR,32.820505151982,75219,HIGHLAND PARK,General Retail/Food/Other,,,
,TX,DALLAS,-96.848546228816,"MEDRANO & SONS PRODUCE, INC.",Produce Market,,,,3.124777464926324e+18,,,,1735 LANSFORD AVE,32.729164238049,75224,DALLAS,General Retail/Food/Other,,,
,TX,DALLAS,-96.886482682034,POPS C-STORE,Convenience Store,,,,2.3182299095159635e+17,,,,4140 W CAMP WISDOM RD # F,32.66187137878,75237,DALLAS,General Retail/Food/Other,,,
,TX,DALLAS,-96.569510473009,SAM'S WHOLESALE PRICED LIQUOR,Liquor Store,,,,5.136608509212708e+18,,,,5119 ROWLETT RD,32.905932860726,75088,ROWLETT,Liquor Store,,,
,TX,DALLAS,-96.957937990009,MACARTHUR BEER-WINE & GAS,Convenience Store,,,,1.7503148323854436e+19,,,,705 N MACARTHUR BLVD,32.827401460918,75061,IRVING,General Retail/Food/Other,,,
,TX,DALLAS,-96.701475756746,"HIEP PHONG BBQ FOOD STORE, INC.",Supermarket,,,,1.5366560331920392e+19,,,,10560 WALNUT ST STE 1100,32.916507562239,75243,DALLAS,Korean,Asia,Eastern Asia,Korea
,TX,DALLAS,-96.635399586585,BALCH SPRINGS BRUTON LIQUOR,Liquor Store,,,,8.731638808002842e+18,,,,2518 W BRUTON RD,32.748533966099,75180,BALCH SPRINGS,Liquor Store,,,
,TX,DALLAS,-96.623686254577,SOUTHERN SPOON JAMS,Specialty Food,,,,1.716671968983589e+19,,,,518 SOTOGRANDE DR,32.958823331687,75044,GARLAND,Uncategorized,,,
,TX,DALLAS,-96.854402772954,FLAMINGO BEER WINE BEVERAGES,Liquor Store,,,,5.311275349170604e+18,,,,2810 E TRINITY MILLS RD STE 219,32.987002204366,75006,CARROLLTON,Liquor Store,,,
,TX,DALLAS,-96.822571477489,FLAMINGO BEER WINE BEVERAGES,Convenience Store,,,,8.598818592792662e+18,,,,14444 DALLAS PKWY STE 115,32.945060908232,75254,DALLAS,General Retail/Food/Other,,,
,TX,DALLAS,-96.788530836769,"ITAMP, INC.",Produce Market,,,,1.1145053165058673e+19,,,,2633 SWISS AVE,32.786720834372,75204,DALLAS,General Retail/Food/Other,,,
,TX,DALLAS,-96.646442380555,SADLER'S FOOD MART #2,Convenience Store,,,,2.6956546168797626e+17,,,,10300 SCYENE RD STE 100,32.762186963982,75227,DALLAS,General Retail/Food/Other,,,
,TX,DALLAS,-96.759318288871,"FRUTERIA CANO,",Produce Market,,,,1.2199632618277126e+19,,,,3921 MARTIN LUTHER KING JR BLVD # TB23F,32.777409323869,75210,DALLAS,Mexican,Americas,Latin America - Central America,Mexico
,TX,DALLAS,-96.635345703898,BALCH SPRINGS BRUTON BEER & WINE,Liquor Store,,,,2.0035797420648876e+18,,,,2516 W BRUTON RD,32.748533966097,75180,BALCH SPRINGS,Liquor Store,,,
,TX,DALLAS,-96.958961958326,WHOLE FOODS MARKET,Supermarket,,,,1.3385735569209117e+19,,,,6741 N MACARTHUR BLVD,32.900653609227,75039,IRVING,General Retail/Food/Other,,,
,TX,DALLAS,-96.959149377112,MAS LATINA IRVING LLC,Convenience Store,,,,1.82787118629319e+19,,,,2809 N MACARTHUR BLVD,32.844380154578,75062,IRVING,General Retail/Food/Other,,,
,TX,DALLAS,-96.993703902691,DUNKIN DONUTS,Bakery,,,,1.391429741892438e+19,,,,1575 S BELT LINE RD STE 160,32.939603772077,75019,COPPELL,Uncategorized,,,
,TX,DALLAS,-96.55282836697,L.A.B PRODUCE LLC,Produce Market,,,,1.7931700278608284e+19,,,,1402 N KAUFMAN ST,32.651842396974,75159,SEAGOVILLE,General Retail/Food/Other,,,
,TX,DALLAS,-96.961509217278,DESI FROSTBITES,Bakery,,,,1.6910976980284295e+19,,,,949 W ROYAL LN,32.896021183966,75039,IRVING,Indian/South Asian,Asia,South Central Asia,Multiple South Central Asian
,TX,DALLAS,-96.994626095832,AMIGO LIQUOR BEER & WINE,Liquor Store,,,,4.306934755996156e+18,,,,203 N BELT LINE RD STE 400,32.747401259182,75050,GRAND PRAIRIE,Liquor Store,,,
,TX,DALLAS,-96.759318288871,FRUTERIA CANO,Produce Market,,,,5.655502228768246e+18,,,,3921 MARTIN LUTHER KING JR BLVD # G32F,32.777409323869,75210,DALLAS,Mexican,Americas,Latin America - Central America,Mexico
,TX,DALLAS,-96.782282970177,ANDY'S FOOD MART,Convenience Store,,,,4.924667486697247e+18,,,,2403 N FITZHUGH AVE,32.811259072087,75204,DALLAS,General Retail/Food/Other,,,
,TX,DALLAS,-96.677673565492,MARIA'S GROCERY,Convenience Store,,,,2.585195734371224e+18,,,,8300 ELAM RD STE 130,32.719508015712,75217,DALLAS,General Retail/Food/Other,,,
,TX,DALLAS,-96.799882425294,THE INNOCENT COUPLE LLC,Specialty Food,,,,1.2047505369541526e+19,,,,750 N SAINT PAUL ST STE 250,32.785916837342,75201,DALLAS,Uncategorized,,,
,TX,DALLAS,-96.782221109533,PIE TAP PIZZA WORKSHOP + BAR,Liquor Store,,,,8.938499256862655e+18,,,,2708 N HENDERSON AVE STE 200,32.818155387316,75206,DALLAS,Italian,Europe,Southern Europe,Italy
,TX,DALLAS,-96.891711803339,ILLINOIS FOOD MART,Convenience Store,,,,2.8214769616540984e+18,,,,4404 W ILLINOIS AVE,32.720279487453,75211,DALLAS,General Retail/Food/Other,,,
,TX,DALLAS,-96.93703488365,K&N CONVENIENT STORE,Convenience Store,,,,1.7257671998425483e+19,,,,750 E 2ND ST STE 110,32.812664462343,75060,IRVING,General Retail/Food/Other,,,
,TX,DALLAS,-96.907146521066,JIMMY'S LIQUOR,Liquor Store,,,,7.414878806684221e+18,,,,2051 W NORTHWEST HWY STE 60,32.86701732266,75220,DALLAS,Liquor Store,,,
,TX,DALLAS,-96.981847809326,"CARNICERIA LA ALTENA - IRVING, LLC",Supermarket,,,,1.2171113118092695e+18,,,,2316 TIMBERLAKE DR,32.854571388036,75062,IRVING,Mexican,Americas,Latin America - Central America,Mexico
,TX,DALLAS,-96.592654650753,NEO'S C-STORE,Convenience Store,,,,6.210276908836604e+18,,,,429 W INTERSTATE 30 STE 6,32.841713660415,75043,GARLAND,General Retail/Food/Other,,,
,TX,DALLAS,-96.667190392631,OSCAR'S PRODUCE,Produce Market,,,,1.5949047702123334e+19,,,,2810 TISINGER AVE,32.84915593956,75228,DALLAS,General Retail/Food/Other,,,
,TX,DALLAS,-96.666843817287,NEW RUSH HOUR FOOD MART,Convenience Store,,,,1.3948865542388404e+19,,,,8912 LAKE JUNE RD,32.733997870348,75217,DALLAS,General Retail/Food/Other,,,
,TX,DALLAS,-96.844537660405,6-TWELVE GROCERY STORE,Convenience Store,,,,1.630074752002466e+19,,,,1910 S EDGEFIELD AVE,32.726676782791,75224,DALLAS,General Retail/Food/Other,,,
,TX,DALLAS,-97.007372672496,TIENDA HISPANA BELEN,Supermarket,,,,1.610349473707454e+19,,,,311A W MARSHALL DR,32.720335563667,75051,GRAND PRAIRIE,Latino/Hispanic (General),Americas,Latin America - General,
,TX,DALLAS,-96.751634272028,LAKEWOOD GROWLER,Liquor Store,,,,1.2431001617162127e+19,,,,6448 E MOCKINGBIRD LN,32.836346954458,75214,DALLAS,Liquor Store,,,
,TX,DALLAS,-96.743974969621,SPRING CONVENIENCE STORE,Convenience Store,,,,1.1788479540263143e+19,,,,2743 FOREMAN ST,32.774320199376,75210,DALLAS,General Retail/Food/Other,,,
,TX,DALLAS,-96.630986235404,CHILL ZONE BEER & WINE,Convenience Store,,,,1.416387975969186e+19,,,,3115 S 1ST ST STE 200,32.878069067999,75041,GARLAND,General Retail/Food/Other,,,
,TX,DALLAS,-96.648348603965,MINIT MART,Convenience Store,,,,9.539180537875354e+18,,,,136 N MASTERS DR,32.712707305888,75217,DALLAS,General Retail/Food/Other,,,
,TX,DALLAS,-96.54997045521,GEORGAROSE,Specialty Food,,,,1.4009460861377923e+19,,,,3201 GRANADA DR,32.754975552617,75181,MESQUITE,Uncategorized,,,
,TX,DALLAS,-96.873349992999,7-ELEVEN CONVENIENCE STORE #34117A,Convenience Store,,,,1.0858087166050912e+19,,,,12103 WEBB CHAPEL RD,32.915109493227,75234,FARMERS BRANCH,General Retail/Food/Other,,,
,TX,DALLAS,-96.733217228904,BEYOND BOOZE BEVERAGE COMPANY,Specialty Food,,,,1.634187572513055e+19,,,,101 S SHERMAN ST STE B,32.949762251757,75081,RICHARDSON,Uncategorized,,,
,TX,DALLAS,-96.753595054471,KROGER FULFILLMENT NETWORK LLC,Supermarket,,,,7.278002381493521e+18,,,,4221 TELEPHONE RD,32.63608150601,75241,DALLAS,General Retail/Food/Other,,,
,TX,DALLAS,-96.935663914592,G04 LIQUOR,Liquor Store,,,,6.687587824196196e+17,,,,902 E SHADY GROVE RD,32.800922969087,75060,IRVING,Liquor Store,,,
,TX,DALLAS,-96.840239736455,FRIENDLY 2 MART,Convenience Store,,,,1.637928272721958e+19,,,,3287 S POLK ST,32.705982945794,75224,DALLAS,General Retail/Food/Other,,,
,TX,DALLAS,-96.747347096589,MERRY MART,Convenience Store,,,,1.914056711866958e+18,,,,5605 E GRAND AVE,32.79383253236,75223,DALLAS,General Retail/Food/Other,,,
,TX,DALLAS,-96.759318288871,FRUTERIA CANO,Produce Market,,,,1.807377557674035e+19,,,,3921 MARTIN LUTHER KING JR BLVD,32.777409323869,75210,DALLAS,Mexican,Americas,Latin America - Central America,Mexico
,TX,DALLAS,-96.710071752951,GOODSOURCE LLC,Supermarket,,,,2.759870473116274e+18,,,,13402 BAYARD CIR,32.930144077332,75243,DALLAS,General Retail/Food/Other,,,
,TX,DALLAS,-96.929329275676,PLEASANT RUN FOOD MART,Convenience Store,,,,1.6031497013184977e+19,,,,635 E PLEASANT RUN RD,32.604505183527,75104,CEDAR HILL,General Retail/Food/Other,,,
,TX,DALLAS,-96.684233625562,FRUTERIA CANO,Produce Market,,,,1.0797473523667325e+19,,,,11255 GARLAND RD STE 405,32.848573419887,75218,DALLAS,Mexican,Americas,Latin America - Central America,Mexico
,TX,DALLAS,-96.806715958687,KOKOPELLI SWEETS,Confectionery,,,,5.757712850212309e+18,,,,1718 N MARKET ST,32.781694145723,75202,DALLAS,Uncategorized,,,
,TX,DALLAS,-96.85746539883,TU TIENDA HISPANA LA BENDICION,Supermarket,,,,3.4902793367713403e+18,,,,2416 W LEDBETTER DR,32.691178861732,75233,DALLAS,Mexican,Americas,Latin America - Central America,Mexico
,TX,DALLAS,-96.925314027078,FUEL CITY CEDAR HILL,Convenience Store,,,,1.2625143998654007e+19,,,,1107 N HIGHWAY 67,32.610723426708,75104,CEDAR HILL,General Retail/Food/Other,,,
,TX,DALLAS,-96.86743332588,ANTOJITOS AZTECA,Specialty Food,,,,1.334517200671685e+19,,,,2838 W CLARENDON DR,32.734486874421,75211,DALLAS,Mexican,Americas,Latin America - Central America,Mexico
,TX,DALLAS,-96.894621024747,DIANA CONVENIENCE LLC,Convenience Store,,,,9.862919623302269e+18,,,,2403 WESTERN PARK DR,32.720254376993,75211,DALLAS,General Retail/Food/Other,,,
,TX,DALLAS,-96.767385149108,FRUTERIA CANO,Produce Market,,,,1.756540285808124e+19,,,,110 S CARROLL AVE,32.791507368942,75226,DALLAS,Mexican,Americas,Latin America - Central America,Mexico
,TX,DALLAS,-96.883525911942,DULCERIA GLORIA #1,Confectionery,,,,1.2119846455683074e+19,,,,10788 HARRY HINES BLVD # E28,32.873676154165,75220,DALLAS,Mexican,Americas,Latin America - Central America,Mexico
,TX,DALLAS,-96.737315332115,DALLAS AA GRACE LIQUOR LLC,Liquor Store,,,,3.7294612923672346e+18,,,,3400 SAMUELL BLVD STE B,32.79291296206,75223,DALLAS,Liquor Store,,,
,TX,DALLAS,-96.910067244112,COCOHODO BRANCH CARROLLTON,Bakery,,,,8.588959778604794e+18,,,,2625 OLD DENTON RD STE 340,32.990773181409,75007,CARROLLTON,Asian (General),Asia,General,
,TX,DALLAS,-96.889431093399,THREE AMIGOS FOOD MART & MORE,Convenience Store,,,,8.174822829320064e+18,,,,1927 E BELT LINE RD STE 136,32.953745401562,75006,CARROLLTON,Mexican,Americas,Latin America - Central America,Mexico
,TX,DALLAS,-96.649260160582,BUCKINGHAM BEER & WINE,Convenience Store,,,,3.70891419901613e+18,,,,1529 W BUCKINGHAM RD STE 6,32.931035783294,75042,GARLAND,General Retail/Food/Other,,,
,TX,DALLAS,-96.658320087087,SPEEDMAX #6,Convenience Store,,,,8.614128752405663e+18,,,,9531 C F HAWN FWY,32.70213288435,75217,DALLAS,General Retail/Food/Other,,,
,TX,DALLAS,-96.802304650868,"TJ'S FRESH SEAFOOD MARKET & CATERING II, LLC",Seafood Market,,,,4.2299480398136136e+18,,,,4212 OAK LAWN AVE,32.819845199466,75219,DALLAS,General Retail/Food/Other,,,
,TX,DALLAS,-96.783845209296,THE DHABA,Produce Market,,,,1.7943588751573991e+19,,,,1901 S HARWOOD ST APT 201,32.772478541013,75215,DALLAS,General Retail/Food/Other,,,
,TX,DALLAS,-96.805200625221,55 SEVENTY DALLAS BEVCO,Liquor Store,,,,1.5602451299852374e+19,,,,8306 KATE ST STE 9,32.86371199132,75225,DALLAS,Liquor Store,,,
,TX,DALLAS,-96.613330394619,PREMIER LIQUOR,Liquor Store,,,,5.907926505778889e+17,,,,6810 MURPHY RD STE 500,32.982716655428,75048,SACHSE,Liquor Store,,,
,TX,DALLAS,-96.770272461493,JOY MACARONS,Bakery,,,,1.1727521328724462e+19,,,,1927 GREENVILLE AVE,32.813990279195,75206,DALLAS,Uncategorized,,,
,TX,DALLAS,-96.790653625129,AMERICAN BUTCHERS LLC,Meat Market,,,,1.3757953262082413e+19,,,,920 S HARWOOD ST STE 150,32.777416132378,75201,DALLAS,General Retail/Food/Other,,,
,TX,DALLAS,-96.815565596286,7 ELEVEN #12292A,Convenience Store,,,,6.764091312543058e+18,,,,302 N MARSALIS AVE,32.751296862175,75203,DALLAS,General Retail/Food/Other,,,
,TX,DALLAS,-96.64829087891,NEW CIRCLE A BEER & WINE,Convenience Store,,,,6.035531560122992e+18,,,,4306 SATURN RD,32.865221698639,75041,GARLAND,General Retail/Food/Other,,,
,TX,DALLAS,-96.62266404466,NEW BONITA BEVERAGE CORNER,Convenience Store,,,,1.9506226738205368e+18,,,,2603 HICKORY TREE RD,32.733858201674,75180,BALCH SPRINGS,General Retail/Food/Other,,,
,TX,DALLAS,-96.842265099857,"CANDYWAREHOUSE.COM, INC.",Confectionery,,,,1.8437471273709949e+19,,,,2661 MIDWAY RD STE 200,32.986115091638,75006,CARROLLTON,Uncategorized,,,
,TX,DALLAS,-96.677079078976,SNARKYGIRL AND CO,Bakery,,,,1.763588875385571e+19,,,,5618 JESTER DR,32.967510510177,75044,GARLAND,Uncategorized,,,
,TX,DALLAS,-96.795313262289,GLOBAL MUNCHIES TX,Specialty Food,,,,3.2783711058377235e+17,,,,1910 PACIFIC AVE STE 20003368,32.782991370818,75201,DALLAS,Uncategorized,,,
,TX,DALLAS,-96.653996355234,SUPER SMASH ICE CREAM LLC,Specialty Food,,,,1.4915463472110522e+19,,,,3845 N GARLAND AVE STE 300,32.951706946291,75040,GARLAND,Uncategorized,,,
,TX,DALLAS,-96.735252205755,DB RICHARDSON LLC,Supermarket,,,,1.1622798968693475e+19,,,,100 S CENTRAL EXPY STE 26C,32.950597905767,75080,RICHARDSON,General Retail/Food/Other,,,
,TX,DALLAS,-96.747686099799,3-GUYS,Liquor Store,,,,2.8468304925424543e+18,,,,5552 E GRAND AVE STE C,32.793367359956,75223,DALLAS,Liquor Store,,,
,TX,DALLAS,-97.012892473773,AMERICAN DONUTS,Bakery,,,,1.594155316635627e+19,,,,3480 S CARRIER PKWY STE 160,32.685753634018,75052,GRAND PRAIRIE,Uncategorized,,,
,TX,DALLAS,-96.840829988818,DESOTO FOOD MART,Convenience Store,,,,7.941679239003852e+18,,,,901 N POLK ST STE 303,32.604324593631,75115,DESOTO,General Retail/Food/Other,,,
,TX,DALLAS,-96.870876183698,SHOP N GO,Convenience Store,,,,1.63828196162996e+18,,,,14714 WEBB CHAPEL RD,32.948638128363,75234,FARMERS BRANCH,General Retail/Food/Other,,,
,TX,DALLAS,-96.65260156936,MOTLEY FOOD MART,Convenience Store,,,,6.206308794202396e+17,,,,3601 INTERSTATE 30,32.811505921123,75150,MESQUITE,General Retail/Food/Other,,,
,TX,DALLAS,-96.798685158453,DALLAS LIFE,Convenience Store,,,,1.4507913359527205e+19,,,,1100 CADIZ ST,32.77172386165,75215,DALLAS,General Retail/Food/Other,,,
,TX,DALLAS,-96.760613057842,FAIR GROUNDS FOOD MART,Convenience Store,,,,1.0713638803081808e+19,,,,1707 ROBERT B CULLUM BLVD,32.772973679374,75210,DALLAS,General Retail/Food/Other,,,
,TX,DALLAS,-96.885169000031,DISCOUNT FOOD MART,Convenience Store,,,,7.239878764970068e+18,,,,7491 S WESTMORELAND RD,32.65590275696,75237,DALLAS,General Retail/Food/Other,,,
,TX,DALLAS,-96.683631600663,TEXAS ICE VENDING,Specialty Food,,,,4.913250641226583e+18,,,,3021 N BUCKNER BLVD,32.808860818806,75228,DALLAS,Uncategorized,,,
,TX,DALLAS,-96.649353750891,AP DISCOUNT FOOD MART,Convenience Store,,,,1.0433920481430817e+19,,,,4645 GUS THOMASSON RD,32.826048640395,75150,MESQUITE,General Retail/Food/Other,,,
,TX,DALLAS,-96.67601102599,TIENDA SALVADORENA LA TIENDONA,Convenience Store,,,,1.507085699868107e+19,,,,8424 LAKE JUNE RD,32.734057407542,75217,DALLAS,Mexican,Americas,Latin America - Central America,Mexico
,TX,DALLAS,-96.76558068227,EL ANTOJO PRODUCE #2,Produce Market,,,,1.2996476126096435e+18,,,,6867 GREENVILLE AVE,32.871158905004,75231,DALLAS,Mexican,Americas,Latin America - Central America,Mexico
,TX,DALLAS,-96.916565404978,EL ANTOJO PRODUCE,Produce Market,,,,5.551799539580553e+18,,,,210 N IRA AVE,32.747022330031,75211,DALLAS,Mexican,Americas,Latin America - Central America,Mexico
,TX,DALLAS,-96.783129592621,CEDARS VILLAGE MARKET,Convenience Store,,,,1.7071498307197882e+19,,,,2020 S HARWOOD ST,32.771825226793,75215,DALLAS,General Retail/Food/Other,,,
,TX,DALLAS,-96.802258176785,DRIP COFFEE COMPANY,Specialty Food,,,,1.940879714203552e+18,,,,3888 OAK LAWN AVE,32.816021364013,75219,DALLAS,Uncategorized,,,
,TX,DALLAS,-96.748339623603,OK BEER & WINE,Convenience Store,,,,2.4264818053894976e+17,,,,1101 S BEACON ST,32.79450927267,75223,DALLAS,General Retail/Food/Other,,,
,TX,DALLAS,-96.631259682917,SUPER B FOOD STORE,Convenience Store,,,,1.4631110763107537e+19,,,,3501 S PEACHTREE RD,32.720246190822,75180,BALCH SPRINGS,General Retail/Food/Other,,,
,TX,DALLAS,-96.805275860912,DALLAS FINE WINE & SPIRITS SHOP,Liquor Store,,,,4.747923056791668e+18,,,,3518 OAK LAWN AVE,32.812051385459,75219,DALLAS,Liquor Store,,,
,TX,DALLAS,-96.696441859599,MARY PRODUCE,Produce Market,,,,1.2686274505249149e+19,,,,4008 URBAN AVE STE A,32.772583323881,75227,DALLAS,General Retail/Food/Other,,,
,TX,DALLAS,-96.95992938981,MICHOACANA,Specialty Food,,,,7.715282322751636e+18,,,,500 S MACARTHUR BLVD STE 500,32.80972190992,75060,IRVING,Mexican,Americas,Latin America - Central America,Mexico
,TX,DALLAS,-96.994112336093,MICHOACANA,Specialty Food,,,,9.182378937810488e+17,,,,2502 S BELT LINE RD STE 100,32.709239388739,75052,GRAND PRAIRIE,Mexican,Americas,Latin America - Central America,Mexico
,TX,DALLAS,-96.6828848977,7-ELEVEN CONVENIENCE STORE #34114A,Convenience Store,,,,7.883516900524902e+18,,,,11405 LYNDON B JOHNSON FWY,32.875464016459,75041,GARLAND,General Retail/Food/Other,,,
,TX,DALLAS,-96.734345079122,"URGENT RICHARDSON, LLC",Convenience Store,,,,1.2018237707397714e+19,,,,888 S GREENVILLE AVE STE 100,32.937663703155,75081,RICHARDSON,General Retail/Food/Other,,,
,TX,DALLAS,-96.825243590453,EAGLE LIQUOR,Liquor Store,,,,1.5622276394346498e+19,,,,4703 MAPLE AVE,32.813580253862,75219,DALLAS,Liquor Store,,,
,TX,DALLAS,-96.674150367563,"HIGHLAND PURE WATER @@@ ICE, LLC",Specialty Food,,,,1.5866455601228877e+18,,,,3015 ARAPAHO RD,32.960760518989,75044,GARLAND,Uncategorized,,,
,TX,DALLAS,-96.804225634501,NATURAL GROCERS,Supermarket,,,,1.057761110637683e+19,,,,11661 PRESTON RD STE 224,32.907411093185,75230,DALLAS,General Retail/Food/Other,,,
,TX,DALLAS,-96.845583947342,FUJISAN SUSHI,Supermarket,,,,4.688889114475708e+18,,,,4062 LYNDON B JOHNSON FWY,32.922233130345,75244,DALLAS,Japanese,Asia,Eastern Asia,Japan
,TX,DALLAS,-96.701475756746,GEGOL CAFE & GROCERY,Supermarket,,,,1.3477828847860009e+19,,,,10560 WALNUT ST STE 500,32.916507562239,75243,DALLAS,General Retail/Food/Other,,,
,TX,DALLAS,-96.926009254706,OH EIGHT BEVERAGES,Liquor Store,,,,1.3036500903379814e+19,,,,1428 N IRVING HEIGHTS DR,32.829037932258,75061,IRVING,Liquor Store,,,
,TX,DALLAS,-96.741812693048,NATURAL GROCERS,Supermarket,,,,3.644320189184942e+17,,,,677 W CAMPBELL RD STE 100,32.978025277693,75080,RICHARDSON,General Retail/Food/Other,,,
,TX,DALLAS,-96.851346339112,DELIGHTFUL SWEETS,Bakery,,,,8.457439501182585e+18,,,,324 E BELT LINE RD,32.589658965479,75115,DESOTO,Uncategorized,,,
,TX,DALLAS,-96.5880507968,OH MY CURRY,Supermarket,,,,3.774465604307078e+18,,,,909 DAVIS DR STE A,32.765519878695,75149,MESQUITE,Indian/South Asian,Asia,South Central Asia,Multiple South Central Asian
,TX,DALLAS,-96.959147619024,360 LIQUORS #5,Liquor Store,,,,7.947854960225895e+18,,,,2815 N MACARTHUR BLVD,32.844452487165,75062,IRVING,Liquor Store,,,
,TX,DALLAS,-96.847334489072,SMOOTHIE KING,Specialty Food,,,,1.6969365746645422e+19,,,,2304 W MOCKINGBIRD LN,32.825632053685,75235,DALLAS,Uncategorized,,,
,TX,DALLAS,-96.854926628173,COLE MANOR MOTEL,Convenience Store,,,,1.3746061597803694e+19,,,,7002 HARRY HINES BLVD,32.826247237986,75235,DALLAS,General Retail/Food/Other,,,
,TX,DALLAS,-96.828518740543,"HEY SUGAR! CANDY STORE, L.L.C.",Confectionery,,,,1.1052354836524192e+19,,,,409 W 8TH ST,32.748125560746,75208,DALLAS,Uncategorized,,,
,TX,DALLAS,-96.703209807516,NATURAL GROCERS,Supermarket,,,,1.7162918314503522e+19,,,,9440 GARLAND RD STE 150,32.832806853632,75218,DALLAS,General Retail/Food/Other,,,
,TX,DALLAS,-96.842873090296,NORTH OAK CLIFF BEER & WINE,Liquor Store,,,,1.403202268529022e+19,,,,1301 W DAVIS ST,32.749557566198,75208,DALLAS,Liquor Store,,,
,TX,DALLAS,-96.769899540978,SMOOTHIE KING #250,Specialty Food,,,,2.0518022153827948e+18,,,,5706 E MOCKINGBIRD LN STE 130,32.836453991669,75206,DALLAS,Uncategorized,,,
,TX,DALLAS,-96.682622367656,SAV MOR FOOD MART,Convenience Store,,,,5.893526603936779e+18,,,,3510 S BUCKNER BLVD STE A,32.766916894146,75227,DALLAS,General Retail/Food/Other,,,
,TX,DALLAS,-96.824441974004,SMOOTHIE KING #1122,Specialty Food,,,,8.571624982141356e+18,,,,5000 BELT LINE RD STE 400,32.953959940794,75254,DALLAS,Uncategorized,,,
,TX,DALLAS,-96.695826786764,SMOOTHIE KING #1532,Specialty Food,,,,8.249494188567973e+18,,,,1325 E BELT LINE RD,32.945464447374,75081,RICHARDSON,Uncategorized,,,
,TX,DALLAS,-96.614547879615,BLISS AFRICAN STORE,Supermarket,,,,3.724691105786315e+18,,,,805 MILL BRANCH DR,32.904775449517,75040,GARLAND,African,Africa,Multiple African Regions,Multiple African
,TX,DALLAS,-96.800818820362,ESPINOZA PRODUCE,Produce Market,,,,1.4236273586516152e+19,,,,1540 DANUBE DR,32.728856357956,75216,DALLAS,General Retail/Food/Other,,,
,TX,DALLAS,-96.806830922612,SMOOTHIE KING #1128,Specialty Food,,,,6.415427774386095e+18,,,,3903 LEMMON AVE,32.812815216773,75219,DALLAS,Uncategorized,,,
,TX,DALLAS,-96.873226610817,SMOOTHIE KING #1536,Specialty Food,,,,1.629909914062896e+19,,,,3233 W WHEATLAND RD,32.647625492978,75237,DALLAS,Uncategorized,,,
,TX,DALLAS,-96.854402772954,VAPOR LAND,Convenience Store,,,,1.4490303981376127e+19,,,,2810 E TRINITY MILLS RD STE 213,32.987002204366,75006,CARROLLTON,General Retail/Food/Other,,,
,TX,DALLAS,-96.858288215043,CASH SAVER,Supermarket,,,,1.6051766829970903e+19,,,,2223 SINGLETON BLVD STE 116,32.77877673268,75212,DALLAS,General Retail/Food/Other,,,
,TX,DALLAS,-96.80663430434,TARGET STORE #3292,Liquor Store,,,,1.4522526147496528e+19,,,,8335 WESTCHESTER DR STE 200,32.864072325806,75225,DALLAS,Liquor Store,,,
,TX,DALLAS,-96.937600931682,GRAND LIQUOR,Liquor Store,,,,9.833086008890771e+18,,,,701 E IRVING BLVD,32.813242433556,75060,IRVING,Liquor Store,,,
,TX,DALLAS,-97.017433174659,LIQUOR DEPOT,Liquor Store,,,,3.493385076935512e+18,,,,910 E PIONEER PKWY,32.709734092127,75051,GRAND PRAIRIE,Liquor Store,,,
,TX,DALLAS,-96.803845948723,HEB CENTRAL MARKET #653,Supermarket,,,,5.876478482806426e+18,,,,10720 PRESTON RD STE 1018,32.895193972207,75230,DALLAS,General Retail/Food/Other,,,
,TX,DALLAS,-96.804766200106,AVERY'S SAVORY POPCORN LLC,Confectionery,,,,7.651373730911569e+18,,,,1001 ROSS AVE STE 102,32.782382210477,75202,DALLAS,Uncategorized,,,
,TX,DALLAS,-96.976582424945,LIQUOR DEPOT,Liquor Store,,,,1.352178270425503e+19,,,,610 PLYMOMOUTH PARK DR,32.830363658648,75061,IRVING,Liquor Store,,,
,TX,DALLAS,-96.797475366795,MOODEE'S LLC,Convenience Store,,,,7.726204462560397e+18,,,,1700 PACIFIC AVE # 108,32.782532832249,75201,DALLAS,General Retail/Food/Other,,,
,TX,DALLAS,-96.856765014919,HAMPTON FOOD MART,Convenience Store,,,,1.2490990522308835e+19,,,,1232 S HAMPTON RD,32.732668930851,75208,DALLAS,General Retail/Food/Other,,,
,TX,DALLAS,-96.962540601106,DELIGHT LIQUOR,Convenience Store,,,,1.4012006539301372e+19,,,,1420 W 6TH ST,32.808602324471,75060,IRVING,Liquor Store,,,
,TX,DALLAS,-96.950740176591,DANNY FOOD MART,Convenience Store,,,,4.084341957963565e+18,,,,273 HICKERSON ST,32.586959847884,75104,CEDAR HILL,General Retail/Food/Other,,,
,TX,DALLAS,-97.044322707396,ASAFO INTERNATIONAL MARKET,Supermarket,,,,1.0633932257810729e+19,,,,2905 ARKANSAS LN STE 103,32.705949798517,75052,GRAND PRAIRIE,General Retail/Food/Other,,,
,TX,DALLAS,-96.766643891447,LA AZTECA MEAT MARKET #11,Supermarket,,,,2.804193050148029e+18,,,,4611 COLUMBIA AVE STE 103,32.792823352517,75226,DALLAS,Mexican,Americas,Latin America - Central America,Mexico
,TX,DALLAS,-96.776180447147,DISCOUNT FOOD MART,Convenience Store,,,,6.574654834488069e+18,,,,3627 BONNIE VIEW RD STE B,32.714883642401,75216,DALLAS,General Retail/Food/Other,,,
,TX,DALLAS,-96.878901176412,SIGEL'S WINE & SPIRITS #97,Liquor Store,,,,9.599548722459263e+18,,,,2960 ANODE LN,32.876671582816,75220,DALLAS,Liquor Store,,,
,TX,DALLAS,-96.862972317714,SIGEL'S WINE & SPIRITS #95,Liquor Store,,,,9.55048768167145e+18,,,,1441 W MOCKINGBIRD LN,32.822332691821,75247,DALLAS,Liquor Store,,,
,TX,DALLAS,-96.803707873623,SIGEL'S WINE & SPITITS #92,Liquor Store,,,,7.03777455502939e+18,,,,2800 ROUTH ST STE 180,32.798118151239,75201,DALLAS,Liquor Store,,,
,TX,DALLAS,-96.907146521066,"JIMMY'S LIQUOR OF TEXAS, INC.",Liquor Store,,,,1.356321088414714e+19,,,,2051 W NORTHWEST HWY STE 60,32.86701732266,75220,DALLAS,Liquor Store,,,
,TX,DALLAS,-96.805815082114,EDOM & CO. CPAS,Convenience Store,,,,4.3833941897308585e+18,,,,701 COMMERCE ST # 530,32.778506964494,75202,DALLAS,General Retail/Food/Other,,,
,TX,DALLAS,-96.746467683798,$ TOBBACO PLUS,Convenience Store,,,,1.7664061609050196e+19,,,,9111 FOREST LN # A,32.909298531845,75243,DALLAS,General Retail/Food/Other,,,
,TX,DALLAS,-96.769044562481,SIGEL'S WINE & SPIRITS #91,Liquor Store,,,,4.10575553359461e+18,,,,5757 GREENVILLE AVE,32.855669468073,75206,DALLAS,Liquor Store,,,
,TX,DALLAS,-96.792677732165,SIGEL'S WINE & SPIRITS #94,Liquor Store,,,,1.255988824889664e+19,,,,3209 N FITZHUGH AVE,32.816556714496,75204,DALLAS,Liquor Store,,,
,TX,DALLAS,-96.720598985688,SIGEL'S WINE & SPIRITS #88,Liquor Store,,,,4.90972300782687e+18,,,,538 CENTENNIAL BLVD,32.938153874284,75081,RICHARDSON,Liquor Store,,,
,TX,DALLAS,-96.952222115583,CTGTX  INC.,Convenience Store,,,,1.1670425553377511e+19,,,,9975 N MACARTHUR BLVD,32.940129045238,75063,IRVING,General Retail/Food/Other,,,
,TX,DALLAS,-96.811488399779,KROGER #528 FUEL CENTER,Supermarket,,,,4.267522815269554e+18,,,,4322 LEMMON AVE,32.817183380195,75219,DALLAS,General Retail/Food/Other,,,
,TX,DALLAS,-96.583666991557,GRAB & GO,Convenience Store,,,,1.842338910572572e+19,,,,601 PIONEER RD STE F,32.760520588997,75149,MESQUITE,General Retail/Food/Other,,,
,TX,DALLAS,-96.836387844456,"LA BELLA, LLC",Convenience Store,,,,5.172873745114877e+18,,,,833 W JEFFERSON BLVD,32.74320967302,75208,DALLAS,Mexican,Americas,Latin America - Central America,Mexico
,TX,DALLAS,-96.835727385856,SPEEDY BEER & WINE NO 2,Convenience Store,,,,3.809060059216825e+18,,,,3232 SYLVAN AVE STE 110,32.780795197008,75212,DALLAS,General Retail/Food/Other,,,
,TX,DALLAS,-96.864436211656,DAILY STOP,Convenience Store,,,,3.959016839620807e+18,,,,2605 FORT WORTH AVE STE 100,32.758465981375,75211,DALLAS,General Retail/Food/Other,,,
,TX,DALLAS,-96.809786265334,DOLLAR & NOVELTY SHOP,Convenience Store,,,,4.859805652545261e+18,,,,5625 ALPHA RD,32.932933124229,75240,DALLAS,General Retail/Food/Other,,,
,TX,DALLAS,-96.630817449458,TITO'S MEAT MARKET & TAQUERIA #2,Supermarket,,,,4.640415985221798e+17,,,,1638 S 1ST ST STE B,32.897640100042,75040,GARLAND,Mexican,Americas,Latin America - Central America,Mexico
,TX,DALLAS,-96.876228977157,SUBWAY SANDWICHES & SALADS,Specialty Food,,,,6.7148361580168e+18,,,,3420 W ILLINOIS AVE STE 100A,32.720236530856,75211,DALLAS,Uncategorized,,,
,TX,DALLAS,-96.708136556458,D&O FOOD MARKET,Supermarket,,,,1.6547306445308776e+19,,,,101 S INTERSTATE 45 SERVICE RD STE 11,32.648849657838,75141,HUTCHINS,General Retail/Food/Other,,,
,TX,DALLAS,-96.832112295981,R & S GRO - DELI,Supermarket,,,,1.5121456521493498e+19,,,,9534 BECKLEY VIEW AVE,32.632261346872,75232,DALLAS,General Retail/Food/Other,,,
,TX,DALLAS,-96.958499158532,"TOTAL WINE, SPIRITS, BEER & MORE",Liquor Store,,,,1.665390918476754e+19,,,,7730 N MACARTHUR BLVD STE A,32.913510793775,75063,IRVING,Liquor Store,,,
,TX,DALLAS,-96.630826393598,TIENDA SALVADORENA 503,Convenience Store,,,,7.086517224605567e+18,,,,1610 S 1ST ST,32.897904487508,75040,GARLAND,General Retail/Food/Other,,,
,TX,DALLAS,-96.808678355052,FIG & FAVOR,Specialty Food,,,,1.4607223789393365e+19,,,,2850 N HARWOOD ST STE 110,32.794431607881,75201,DALLAS,Uncategorized,,,
,TX,DALLAS,-96.685498489451,2MS FOOD MART,Convenience Store,,,,3.9550288779403136e+18,,,,11361 MCCREE RD STE 110,32.87158738224,75238,DALLAS,General Retail/Food/Other,,,
,TX,DALLAS,-96.87046491137,TEXAS FOOD MART,Convenience Store,,,,1.3402459469761305e+19,,,,2984 W WHEATLAND RD STE E,32.64738299533,75237,DALLAS,General Retail/Food/Other,,,
,TX,DALLAS,-96.934229181801,7 ELEVEN CONVENIENCE STORE #21446C,Convenience Store,,,,1.1704129090326645e+19,,,,510 N NURSERY RD,32.817796427296,75061,IRVING,General Retail/Food/Other,,,
,TX,DALLAS,-96.927687314454,ZALUNOLA VENDING LLC,Specialty Food,,,,1.7889375362356302e+19,,,,1504 OLD ORCHARD DR,32.819030525925,75061,IRVING,Uncategorized,,,
,TX,DALLAS,-96.800702781777,UPTOWN LIQUORS,Liquor Store,,,,5.020200189642557e+18,,,,3128 MCKINNEY AVE STE D,32.802175670017,75204,DALLAS,Liquor Store,,,
,TX,DALLAS,-96.955988964919,MAGIC DOLLAR/FURNITURE,Convenience Store,,,,1.0824644151084728e+19,,,,828 E IRVING BLVD STE 100,32.813297967629,75060,IRVING,General Retail/Food/Other,,,
,TX,DALLAS,-96.887238240813,EL RANCHO #28,Supermarket,,,,4.211643356904114e+18,,,,2770 VALWOOD PKWY,32.938146643934,75234,FARMERS BRANCH,Mexican,Americas,Latin America - Central America,Mexico
,TX,DALLAS,-96.74503047723,MOM'S BUNS,Produce Market,,,,1.2798377094081038e+19,,,,6659 AINTREE CIR,32.852746135088,75214,DALLAS,General Retail/Food/Other,,,
,TX,DALLAS,-96.737315332115,TEXAS LIQUOR #3,Liquor Store,,,,1.7222621097551745e+19,,,,3400 SAMUELL BLVD STE B,32.79291296206,75223,DALLAS,Liquor Store,,,
,TX,DALLAS,-96.834124908866,MFP BUYER,Produce Market,,,,8.183290195613926e+18,,,,2212 IRVING BLVD,32.796131382862,75207,DALLAS,General Retail/Food/Other,,,
,TX,DALLAS,-96.873381479464,TEXAS ICE VENDING,Specialty Food,,,,8.711506313914961e+18,,,,3221 FALLS DR,32.726447975883,75211,DALLAS,Uncategorized,,,
,TX,DALLAS,-96.789277494258,REVOLUTION ARTISAN POPS,Specialty Food,,,,3.057533929322467e+18,,,,1707 N HALL ST APT 216,32.795469715513,75204,DALLAS,Uncategorized,,,
,TX,DALLAS,-96.744150733952,ABYSSINIA MARKET,Meat Market,,,,5.041367274682797e+18,,,,9191 FOREST LN STE 1A,32.909307531742,75243,DALLAS,African,Africa,Multiple African Regions,Multiple African
,TX,DALLAS,-96.788287361216,THE CORNER DONUTS,Bakery,,,,1.7537883974483986e+19,,,,2825 LIVE OAK ST,32.789580645354,75204,DALLAS,Uncategorized,,,
,TX,DALLAS,-96.613100786661,FAST FOOD,Convenience Store,,,,4.884687458701692e+18,,,,12531 LAKE JUNE RD,32.734576727387,75180,BALCH SPRINGS,General Retail/Food/Other,,,
,TX,DALLAS,-96.734345079122,GREENZABIHA ENTERPRISES LLC,Meat Market,,,,1.0589087950477806e+19,,,,888 S GREENVILLE AVE STE 222,32.937663703155,75081,RICHARDSON,General Retail/Food/Other,,,
,TX,DALLAS,-96.994366140852,RASAILI RAI LLC,Confectionery,,,,1.61241844548261e+18,,,,3880 IRVING MALL,32.840997787856,75062,IRVING,Indian/South Asian,Asia,South Central Asia,Multiple South Central Asian
,TX,DALLAS,-96.910185550707,"TEXAS SPICE & TRADING COMPANY, LLC",Specialty Food,,,,3.180417958690376e+18,,,,2112 ROSEBUD DR,32.804082007867,75060,IRVING,Uncategorized,,,
,TX,DALLAS,-96.834977153039,SPRING VALLEY DONUTS,Bakery,,,,7.855175282756108e+18,,,,4388 SPRING VALLEY RD,32.939465512922,75244,FARMERS BRANCH,Uncategorized,,,
,TX,DALLAS,-96.769311958595,DEEP CUTS DALLAS,Meat Market,,,,6.136078829167002e+18,,,,7989 BELT LINE RD STE 146,32.9509896937,75248,DALLAS,General Retail/Food/Other,,,
,TX,DALLAS,-96.576989903925,LAWSON CONVENIENCE STORE,Convenience Store,,,,8.810355974457019e+18,,,,421 W LAWSON RD TRLR 40,32.697180471887,75253,DALLAS,General Retail/Food/Other,,,
,TX,DALLAS,-96.985736399663,KWIK LIQUOR,Liquor Store,,,,7.3315614164635e+18,,,,2607 SE 14TH ST,32.705528124929,75052,GRAND PRAIRIE,Liquor Store,,,
,TX,DALLAS,-96.990862485276,1 STOP MEAT SHOP,Meat Market,,,,1.0876213874536892e+19,,,,3305 W ROCHELLE RD,32.847174587998,75062,IRVING,General Retail/Food/Other,,,
,TX,DALLAS,-96.66066769999,LAS MARIPOSAS TIENDA Y BOTANICA,Supermarket,,,,6.238079140411228e+18,,,,4355 INTERSTATE 30 STE 102,32.80774506194,75150,MESQUITE,Mexican,Americas,Latin America - Central America,Mexico
,TX,DALLAS,-96.878198967734,MECATO MARKET,Confectionery,,,,4.734490116554377e+18,,,,10028 MONROE DR,32.881635058866,75229,DALLAS,Uncategorized,,,
,TX,DALLAS,-96.810958385234,"TOTAL WINE, SPIRITS, BEER & MORE",Liquor Store,,,,1.494820931455099e+19,,,,3810 CONGRESS AVE,32.807186476409,75219,DALLAS,Liquor Store,,,
,TX,DALLAS,-96.78080544414,SMOKE STACC,Convenience Store,,,,7.546817758099883e+18,,,,2622 S ERVAY ST,32.764872752972,75215,DALLAS,General Retail/Food/Other,,,
,TX,DALLAS,-96.959929868185,LIQUOR ISLAND,Liquor Store,,,,2.687111157211481e+18,,,,504 S MACARTHUR BLVD,32.809680769873,75060,IRVING,Liquor Store,,,
,TX,DALLAS,-96.789117835473,TOM THUMB 5803 FUEL STATION,Supermarket,,,,1.7907932092408089e+19,,,,2720 LIVE OAK ST,32.788716308433,75204,DALLAS,General Retail/Food/Other,,,
,TX,DALLAS,-96.843617085003,SWEETE GIFTS,Confectionery,,,,1.5035713084795535e+19,,,,11036 ALADDIN DR,32.898748800568,75229,DALLAS,Uncategorized,,,
,TX,DALLAS,-96.789117835473,TOM THUMB 5803 FUEL STATION,Supermarket,,,,7.699816162066633e+17,,,,2720 LIVE OAK ST,32.788716308433,75204,DALLAS,General Retail/Food/Other,,,
,TX,DALLAS,-96.892900713112,LATINOS C STORE,Convenience Store,,,,6.700610026681356e+18,,,,4444 W ILLINOIS AVE STE 109,32.720262272252,75211,DALLAS,General Retail/Food/Other,,,
,TX,DALLAS,-96.823963243094,BEAR CREEK BEVERAGE & SPIRITS,Convenience Store,,,,1.64219587037892e+19,,,,1350 E BEAR CREEK RD,32.560550623242,75154,GLENN HEIGHTS,General Retail/Food/Other,,,
,TX,DALLAS,-96.683925176608,SAMS $ & MORE,Convenience Store,,,,5.26282176422506e+18,,,,3548 W WALNUT ST,32.917085818278,75042,GARLAND,General Retail/Food/Other,,,
,TX,DALLAS,-96.817983480985,TWYSTED TREETZ,Specialty Food,,,,4.962065951704961e+18,,,,423 E LEDBETTER DR APT 126,32.684593737662,75216,DALLAS,Uncategorized,,,
,TX,DALLAS,-96.578713702507,I-20 LIQUOR,Liquor Store,,,,1.5237825973421429e+19,,,,13881 INTERSTATE 20,32.704873053865,75181,BALCH SPRINGS,Liquor Store,,,
,TX,DALLAS,-96.795841944864,GATEWAY NEWSTANDS,Convenience Store,,,,1.6740720469010958e+19,,,,700 N PEARL ST,32.78675401249,75201,DALLAS,General Retail/Food/Other,,,
,TX,DALLAS,-96.778807722622,MAIN STREET MARKET,Supermarket,,,,7.051851800498205e+17,,,,3102 MAIN ST,32.784805656599,75226,DALLAS,General Retail/Food/Other,,,
,TX,DALLAS,-96.73695070025,NOQUENO,Specialty Food,,,,1.1444942562153622e+17,,,,514 LOCKWOOD DR,32.951976523375,75080,RICHARDSON,Uncategorized,,,
,TX,DALLAS,-97.017207249338,SAVE NOW FOOD MART,Convenience Store,,,,5.88188960171847e+18,,,,634 N CARRIER PKWY # 160,32.749220606595,75050,GRAND PRAIRIE,General Retail/Food/Other,,,
,TX,DALLAS,-96.770779861721,"IT'SUGAR, LLC",Confectionery,,,,4.046056403940887e+18,,,,8687 N CENTRAL EXPY STE 2E3-2340,32.869463265005,75225,DALLAS,Uncategorized,,,
,TX,DALLAS,-96.958571182875,"BIGDASH IRVING, LLC",Bakery,,,,8.619430344800816e+18,,,,7300 N MACARTHUR BLVD STE 100,32.905221541815,75063,IRVING,Uncategorized,,,
,TX,DALLAS,-96.833630970911,EL RANCHO CARNICERIA Y FRUTERIA #10,Supermarket,,,,1.0726767754380591e+19,,,,655 W ILLINOIS AVE STE 900,32.720496571302,75224,DALLAS,Mexican,Americas,Latin America - Central America,Mexico
,TX,DALLAS,-96.597446449997,PEAK FOOD MART,Convenience Store,,,,2.919870138290032e+18,,,,5509 BROADWAY BLVD STE B,32.849010292318,75043,GARLAND,General Retail/Food/Other,,,
,TX,DALLAS,-96.858360318237,CLIFF BEER & WINE,Convenience Store,,,,6.360508284555775e+18,,,,2460 W ILLINOIS AVE,32.720165981027,75233,DALLAS,General Retail/Food/Other,,,
,TX,DALLAS,-96.772250315296,GOOD START COFFEE ROASTERS LLC,Specialty Food,,,,7.562508695015016e+18,,,,7906 ROUNDROCK RD,32.956063841906,75248,DALLAS,Uncategorized,,,
,TX,DALLAS,-96.721504012518,YUMMY DONUTS,Bakery,,,,8.185343826264147e+18,,,,4441 LAWNVIEW AVE STE C,32.783195430883,75227,DALLAS,Uncategorized,,,
,TX,DALLAS,-96.867201740731,"ASSOCIATED DISTRIBUTORS, INC.",Supermarket,,,,3.639305966003352e+17,,,,3170 IRVING BLVD,32.80778096484,75247,DALLAS,General Retail/Food/Other,,,
,TX,DALLAS,-96.850668107022,FUEL TOWN #2,Supermarket,,,,1.3109788749132943e+19,,,,1525 INWOOD RD,32.809491531813,75247,DALLAS,General Retail/Food/Other,,,
,TX,DALLAS,-96.659911502085,WALNUT BEVERAGE,Convenience Store,,,,5.064561105499476e+18,,,,2215 W WALNUT ST,32.916381526757,75042,GARLAND,General Retail/Food/Other,,,
,TX,DALLAS,-96.993966796508,SPROUTS FARMERS MARKET,Supermarket,,,,5.679959580569059e+18,,,,110 W SANDY LAKE RD STE 180,32.969399588051,75019,COPPELL,General Retail/Food/Other,,,
,TX,DALLAS,-96.90857968972,MBK AFRICAN MARKET,Supermarket,,,,1.058983895262254e+19,,,,203 E CAMP WISDOM RD STE A,32.661985675083,75116,DUNCANVILLE,African,Africa,Multiple African Regions,Multiple African
,TX,DALLAS,-96.856934458527,PALMS # 2,Liquor Store,,,,1.1996303361919177e+19,,,,1710 W MOCKINGBIRD LN STE B,32.822156341792,75235,DALLAS,Liquor Store,,,
,TX,DALLAS,-96.727044442618,LAKE VIEW LIQUOR,Liquor Store,,,,1.1108268672204324e+18,,,,7826 GARLAND RD,32.812438838132,75218,DALLAS,Liquor Store,,,
,TX,DALLAS,-96.97538968455,ANTOJITOS TIPICOS SALVADORENOS LA NORTENA,Specialty Food,,,,5.383878254520649e+18,,,,2306 W 11TH ST,32.804763341395,75060,IRVING,Mexican,Americas,Latin America - Central America,Mexico
,TX,DALLAS,-96.89013277345,FLAMINGO BEER AND WINE,Convenience Store,,,,1.048104008956728e+19,,,,1107 S JOSEY LN,32.952252990407,75006,CARROLLTON,General Retail/Food/Other,,,
,TX,DALLAS,-96.888751973647,MERCADITO 99,Convenience Store,,,,4.028468786635688e+18,,,,4207 W JEFFERSON BLVD,32.73813409162,75211,DALLAS,General Retail/Food/Other,,,
,TX,DALLAS,-96.81919408346,DOMINO'S #8154,Specialty Food,,,,1.23884092498356e+19,,,,5040 LEMMON AVE,32.823742060709,75209,DALLAS,Italian,Europe,Southern Europe,Italy
,TX,DALLAS,-96.827775615014,KATE WEISER CHOCOLATE,Confectionery,,,,6.403540662369144e+18,,,,3011 GULDEN LN STE 115,32.779507067053,75212,DALLAS,Uncategorized,,,
,TX,DALLAS,-96.770779861721,KATE WEISER CHOCOLATE,Confectionery,,,,1.7556567455340184e+19,,,,8687 N CENTRAL EXPY STE 400B,32.869463265005,75225,DALLAS,Uncategorized,,,
,TX,DALLAS,-96.80218546773,RENAISSANCE CONVENIENCE CENTER,Convenience Store,,,,1.1381800075568431e+19,,,,1201 ELM ST STE LL17,32.780882759774,75270,DALLAS,General Retail/Food/Other,,,
,TX,DALLAS,-96.926273696981,HEIGHTS LIQUOR,Liquor Store,,,,3.735058008343531e+18,,,,1550 E IRVING BLVD,32.807937611038,75060,IRVING,Liquor Store,,,
,TX,DALLAS,-96.68680925987,RIMK FOOD MART,Convenience Store,,,,1.5140726609053436e+19,,,,402 S FOREST CREST DR,32.910232546444,75042,GARLAND,General Retail/Food/Other,,,
,TX,DALLAS,-96.788129260644,MIMI'S PIZZERIA,Bakery,,,,7.275137132769398e+18,,,,6807 W NORTHWEST HWY,32.865689703027,75225,DALLAS,Italian,Europe,Southern Europe,Italy
,TX,DALLAS,-96.717896305129,FRESHAFRIK,Supermarket,,,,1.439993628881062e+19,,,,12516 AUDELIA RD,32.923084999791,75243,DALLAS,General Retail/Food/Other,,,
,TX,DALLAS,-96.797475366795,PACIFIC GIFT & CONVENIENT CENTER,Convenience Store,,,,7.037754328516412e+18,,,,1700 PACIFIC AVE STE 107,32.782532832249,75201,DALLAS,General Retail/Food/Other,,,
,TX,DALLAS,-96.784110335573,ROCKET FIZZ SODA POP & CANDY SHOP,Confectionery,,,,1.7417369595140526e+19,,,,2701 MAIN ST STE 160,32.783895202319,75226,DALLAS,Uncategorized,,,
,TX,DALLAS,-96.615655892752,"DOORDASH ESSENTIALS, LLC",Convenience Store,,,,1.6343258867608996e+19,,,,1344 N TOWN EAST BLVD,32.810705953459,75150,MESQUITE,General Retail/Food/Other,,,
,TX,DALLAS,-96.999356838248,JO'S TEA COMPANY,Specialty Food,,,,1.361515652464714e+19,,,,400 FIELDCREST CIR,32.967055528792,75019,COPPELL,Uncategorized,,,
,TX,DALLAS,-96.676517760651,KEEFE COMMISSARY NETWORK,Supermarket,,,,1.0884682141523788e+19,,,,3101 MARQUIS DR,32.901116745907,75042,GARLAND,General Retail/Food/Other,,,
,TX,DALLAS,-96.743102553587,ARCADIA LIQUOR 2,Liquor Store,,,,5.682150618757875e+18,,,,5626 E R L THORNTON FWY,32.791288364153,75223,DALLAS,Liquor Store,,,
,TX,DALLAS,-96.799240342188,BERKLEY'S MARKET,Supermarket,,,,1.422643613901405e+19,,,,2001 ROSS AVE STE 150,32.787012289986,75201,DALLAS,General Retail/Food/Other,,,
,TX,DALLAS,-96.958499158532,SPROUTS FARMERS MARKET,Supermarket,,,,1.072962449709651e+19,,,,7730 N MACARTHUR BLVD STE 150,32.913510793775,75063,IRVING,General Retail/Food/Other,,,
,TX,DALLAS,-96.959328779881,MI CASA EL SUPER MEXICANO INC,Convenience Store,,,,1.756167792374728e+18,,,,1105 W 6TH ST,32.808701659745,75060,IRVING,Mexican,Americas,Latin America - Central America,Mexico
,TX,DALLAS,-96.938802977208,"TOTAL WINE, SPIRITS, BEER & MORE",Liquor Store,,,,4.665839494553815e+18,,,,428 E FM 1382,32.594066305713,75104,CEDAR HILL,Liquor Store,,,
,TX,DALLAS,-96.65862193197,MI MERCADITO GARLAND,Produce Market,,,,2.349607299171828e+18,,,,2130 W KINGSLEY RD,32.878744633448,75041,GARLAND,Mexican,Americas,Latin America - Central America,Mexico
,TX,DALLAS,-96.52890251728,CAKES AND SWEETS BY LIZ,Bakery,,,,1.1727796076041165e+19,,,,7617 TULANE DR,32.888403696139,75088,ROWLETT,Uncategorized,,,
,TX,DALLAS,-96.773453603911,BRYAN CONVENIENCE STORE,Convenience Store,,,,7.695882912247924e+18,,,,4900 BRYAN ST,32.803786398191,75206,DALLAS,General Retail/Food/Other,,,
,TX,DALLAS,-96.679571877048,WILMER SHELL,Convenience Store,,,,9.066334330782238e+18,,,,103 S INTERSTATE HIGHWAY 45,32.590938832304,75172,WILMER,General Retail/Food/Other,,,
,TX,DALLAS,-96.827775615014,"TRACY'S CAKES INCUBATOR RETAIL, LLC",Bakery,,,,1.6481573365610072e+19,,,,3011 GULDEN LN STE 111,32.779507067053,75212,DALLAS,Uncategorized,,,
,TX,DALLAS,-96.955294230916,MY T QUICK,Convenience Store,,,,1.310918460107609e+19,,,,110 HENSLEY DR,32.749450804379,75050,GRAND PRAIRIE,General Retail/Food/Other,,,
,TX,DALLAS,-96.778807722622,MAIN STREET MARKET LLC,Supermarket,,,,7.827944387190015e+18,,,,3102 MAIN ST,32.784805656599,75226,DALLAS,General Retail/Food/Other,,,
,TX,DALLAS,-96.616100488964,DONUT PALACE,Bakery,,,,6.077045564285078e+18,,,,3350 BROADWAY BLVD,32.874431463474,75043,GARLAND,Uncategorized,,,
,TX,DALLAS,-96.679569921875,WILMER EXXON,Convenience Store,,,,1.4242553499011334e+19,,,,105 S INTERSTATE HIGHWAY 45,32.590935676585,75172,WILMER,General Retail/Food/Other,,,
,TX,DALLAS,-96.615924919482,GRINGAS RIM DIPS LLC,Confectionery,,,,5.95182213934503e+18,,,,1138 PLEASANT VALLEY RD STE F,32.928480191963,75040,GARLAND,Uncategorized,,,
,TX,DALLAS,-96.700253916986,FAST MART,Convenience Store,,,,4.957861698321664e+18,,,,1921 N PLANO RD,32.930627830075,75042,GARLAND,General Retail/Food/Other,,,
,TX,DALLAS,-96.743185736257,GOOD DISCOUNT LIQUOR BEER & WINE,Liquor Store,,,,1.806577480082557e+19,,,,5033 S 2ND AVE,32.759641180833,75210,DALLAS,Liquor Store,,,
,TX,DALLAS,-96.884648133416,W WHIP IN,Convenience Store,,,,1.6344080006315266e+19,,,,7460 S WESTMORELAND RD STE 100,32.656219448355,75237,DALLAS,General Retail/Food/Other,,,
,TX,DALLAS,-96.597775361487,ALBA IMPORT FOODS & CATERING LLC,Supermarket,,,,7.35084046187884e+18,,,,1830 RANGE DR STE 106,32.787055323456,75149,MESQUITE,General Retail/Food/Other,,,
,TX,DALLAS,-96.700338238556,THE BOTANIST BREWER LLC,Specialty Food,,,,1.2154598511558349e+19,,,,8550 PLANO RD STE 101,32.864965739594,75238,DALLAS,Uncategorized,,,
,TX,DALLAS,-96.598690146607,VAN'S SUSHI,Seafood Market,,,,1.5326459056851274e+19,,,,2205 WALNUT CREEK TRL,32.943358378569,75040,GARLAND,Japanese,Asia,Eastern Asia,Japan
,TX,DALLAS,-96.855985483118,SPROUTS FARMERS MARKETS STORE #103,Supermarket,,,,1.0628156471021027e+19,,,,11732 MARSH LN,32.908242589062,75229,DALLAS,General Retail/Food/Other,,,
,TX,DALLAS,-96.767005137156,JULIAN JERMAINE LEWIS JR,Convenience Store,,,,1.4905893075526044e+19,,,,3121 E LEDBETTER DR STE 104B,32.697083720695,75216,DALLAS,General Retail/Food/Other,,,
,TX,DALLAS,-96.928848565839,EVERYTHING UNDER THE YUM,Confectionery,,,,4.0665785048429553e+18,,,,609 HARVEST GLEN DR,32.600279243452,75104,CEDAR HILL,Uncategorized,,,
,TX,DALLAS,-96.828444314093,HUMPHREY STORE L.L.C.,Confectionery,,,,9.373294169066131e+18,,,,7903 LEIGH ANN DR,32.651815681966,75232,DALLAS,Uncategorized,,,
,TX,DALLAS,-96.677677150376,FRUTERIA MANGO LOCO,Produce Market,,,,7.656748322096106e+18,,,,9721 RUSTOWN DR,32.820468830244,75228,DALLAS,Mexican,Americas,Latin America - Central America,Mexico
,TX,DALLAS,-96.989523028065,NY BAGLES & BAKERY,Bakery,,,,6.503648807604931e+18,,,,409 N BRIERY RD,32.820330204376,75061,IRVING,Uncategorized,,,
,TX,DALLAS,-96.700303950045,8YS LLC,Supermarket,,,,7.163716437369962e+18,,,,9858 PLANO RD STE 306,32.88250197718,75238,DALLAS,General Retail/Food/Other,,,
,TX,DALLAS,-96.76563555371,DONUT PALACE,Bakery,,,,8.882230473061584e+18,,,,415 S CARROLL AVE STE 104,32.789853779489,75223,DALLAS,Uncategorized,,,
,TX,DALLAS,-96.831265986329,MICRO PANTRY LLC,Convenience Store,,,,1.570870287412601e+19,,,,4630 STIGALL DR,32.84848980345,75209,DALLAS,General Retail/Food/Other,,,
,TX,DALLAS,-96.862016911646,CANELO ENTERPRISES LLC,Convenience Store,,,,1.4271964451151233e+19,,,,9505 LARGA DR,32.865446861623,75220,DALLAS,General Retail/Food/Other,,,
,TX,DALLAS,-97.008493641451,DEEZ SMOKE 4 LESS,Convenience Store,,,,1.7811243033625907e+19,,,,2915 ESTERS RD,32.846874734546,75062,IRVING,General Retail/Food/Other,,,
,TX,DALLAS,-96.658320087087,TORRES PRODUCE,Produce Market,,,,3.0858138318096507e+18,,,,9531 C F HAWN FWY,32.70213288435,75217,DALLAS,General Retail/Food/Other,,,
,TX,DALLAS,-96.612507360332,PEPPER PALACE FIREWHEEL,Specialty Food,,,,5.814507934822908e+18,,,,425 CONEFLOWER DR STE B05,32.952564128346,75040,GARLAND,Uncategorized,,,
,TX,DALLAS,-96.771272590544,PRECIOUS GIFTS & FLOWERS,Convenience Store,,,,4.587602629293589e+18,,,,7777 FOREST LN STE A098,32.909429835703,75230,DALLAS,General Retail/Food/Other,,,
,TX,DALLAS,-96.799843782224,SCOTT LIQUOR DISCOUNT,Liquor Store,,,,2.945335691796236e+18,,,,969 S LAMAR ST,32.77071422873,75202,DALLAS,Liquor Store,,,
,TX,DALLAS,-96.665857559387,KINGSLEY ONE STOP FOODMART,Convenience Store,,,,1.5372868059842628e+19,,,,2518 W KINGSLEY RD STE 101,32.878731246647,75041,GARLAND,General Retail/Food/Other,,,
,TX,DALLAS,-96.871832964857,DULCERIA LA ESPERANZA,Confectionery,,,,9.268409249065878e+18,,,,3114 IVANDELL AVE,32.736191406104,75211,DALLAS,Mexican,Americas,Latin America - Central America,Mexico
,TX,DALLAS,-96.851563872252,ROYAL HEMPS,Convenience Store,,,,6.849902140555019e+18,,,,2007 W DAVIS ST,32.749613741929,75208,DALLAS,General Retail/Food/Other,,,
,TX,DALLAS,-96.949830662394,ALCOHAUL BEER SPIRITS & WINE,Liquor Store,,,,1.3944536853942129e+19,,,,4835 N OCONNOR RD STE 112,32.864735383291,75062,IRVING,Liquor Store,,,
,TX,DALLAS,-96.994615519037,360 LIQUORS #2,Liquor Store,,,,1.827527707888152e+19,,,,425 S BELT LINE RD STE A,32.74198641628,75051,GRAND PRAIRIE,Liquor Store,,,
,TX,DALLAS,-96.648131759464,TEXAS ICE VENDING,Specialty Food,,,,1.502146057866237e+19,,,,2004 N MASTERS DR,32.747382429119,75217,DALLAS,Uncategorized,,,
,TX,DALLAS,-97.026244887554,JMC RESTAURANT DISTRIBUTION LP,Supermarket,,,,1.2237756275318737e+19,,,,1080 W BETHEL RD,32.955027535392,75019,COPPELL,General Retail/Food/Other,,,
,TX,DALLAS,-96.991917830202,CANELO ENTERPRISES LLC,Convenience Store,,,,4.78590342316237e+18,,,,3983 N BELT LINE RD,32.861324256269,75038,IRVING,General Retail/Food/Other,,,
,TX,DALLAS,-96.542128805452,KINGS FOOD,Convenience Store,,,,1.473847273955271e+19,,,,602 N HALL ST,32.652449291863,75159,SEAGOVILLE,General Retail/Food/Other,,,
,TX,DALLAS,-96.907872365814,DELIGHTFUL DONUT,Bakery,,,,4.243032739894742e+18,,,,4950 W ILLINOIS AVE STE 103,32.720328118189,75211,DALLAS,Uncategorized,,,
,TX,DALLAS,-96.700010389112,TEXAS ICE VENDING,Specialty Food,,,,9.007593848216152e+17,,,,1328 N JIM MILLER RD STE 113,32.735492410785,75217,DALLAS,Uncategorized,,,
,TX,DALLAS,-97.011720951133,LA TRADICION MEAT MARKET Y TAQUERIA,Meat Market,,,,1.4969040742149409e+19,,,,444 W INTERSTATE 20,32.67610628689,75052,GRAND PRAIRIE,Mexican,Americas,Latin America - Central America,Mexico
,TX,DALLAS,-96.869163067773,TIENDA CATRACHITO LLC,Supermarket,,,,6.80993426551677e+18,,,,3034 WEBB CHAPEL EXT STE 100,32.857945213887,75220,DALLAS,General Retail/Food/Other,,,
,TX,DALLAS,-96.807474071093,UNREFINED BAKERY PRESTON CENTER,Bakery,,,,1.2505452170293629e+19,,,,6055 SHERRY LN,32.862219543376,75225,DALLAS,Uncategorized,,,
,TX,DALLAS,-96.995630848906,BUSY BEE VENDING LLC,Specialty Food,,,,7.049144581336354e+18,,,,513 WALES CT,32.958186195721,75019,COPPELL,Uncategorized,,,
,TX,DALLAS,-96.581408707424,LA MICHOACANA SUPERMARKET #37,Supermarket,,,,2.6226812269556726e+18,,,,2806 N HIGHWAY 175,32.666784361432,75159,SEAGOVILLE,Mexican,Americas,Latin America - Central America,Mexico
,TX,DALLAS,-96.650113480498,ALDI (TEXAS) L.L.C. #29,Supermarket,,,,1.3951819097288233e+19,,,,1518 W BUCKINGHAM RD,32.930540556895,75042,GARLAND,General Retail/Food/Other,,,
,TX,DALLAS,-96.636515243214,GLEN FOOD MART,Convenience Store,,,,1.809768929279576e+19,,,,2022 N GLENBROOK DR,32.931364861581,75040,GARLAND,General Retail/Food/Other,,,
,TX,DALLAS,-96.790049772494,BABY BACK SHAK,Specialty Food,,,,3.135937893242177e+17,,,,1800 S AKARD ST,32.767846647202,75215,DALLAS,Uncategorized,,,
,TX,DALLAS,-96.802207507457,TC'S PIECES OF LOVE LLC,Specialty Food,,,,1.3711538858802498e+19,,,,2913 MONTICELLO LN,32.623843474368,75134,LANCASTER,Uncategorized,,,
,TX,DALLAS,-96.53075438607,OOEYGOOEY BANANA BREAD CO. LLC,Bakery,,,,4.449994777133729e+18,,,,7001 FAIRFIELD DR,32.927547225558,75089,ROWLETT,Uncategorized,,,
,TX,DALLAS,-96.76242857361,LAKEWOOD MEDALLION DISCOUNT LIQUOR,Liquor Store,,,,1.3201019088486582e+18,,,,5748 LIVE OAK ST,32.811204580011,75206,DALLAS,Liquor Store,,,
,TX,DALLAS,-96.570787018849,PALETERIA Y NEVERIA LA FLORECITA,Specialty Food,,,,6.9809109548294e+18,,,,301 MODENE ST TRLR 29,32.666385285544,75159,SEAGOVILLE,Mexican,Americas,Latin America - Central America,Mexico
,TX,DALLAS,-96.798167370285,JOULE VINTAGE WINES & BEER,Liquor Store,,,,1.7401165288767014e+18,,,,1530 MAIN ST STE B,32.780798676696,75201,DALLAS,Liquor Store,,,
,TX,DALLAS,-96.905812806942,DAVIS FOOD MART,Convenience Store,,,,1.5993669580227627e+19,,,,4919 W DAVIS ST STE 150,32.74988156884,75211,DALLAS,General Retail/Food/Other,,,
,TX,DALLAS,-96.613297567849,SPROUTS FARMERS MARKET #155,Supermarket,,,,1.0170969534959997e+19,,,,1220 N TOWN EAST BLVD STE 650,32.810651953368,75150,MESQUITE,General Retail/Food/Other,,,
,TX,DALLAS,-96.704597850599,SMOOTHIE KING #1650,Specialty Food,,,,1.6789364599063595e+19,,,,9371 GARLAND RD STE B,32.831975933808,75218,DALLAS,Uncategorized,,,
,TX,DALLAS,-96.855989106278,SPROUTS FARMERS MARKET,Supermarket,,,,8.368490931523178e+18,,,,11722 MARSH LN STE 317,32.908060396377,75229,DALLAS,General Retail/Food/Other,,,
,TX,DALLAS,-96.868850147269,SAM FOOD AND BEER,Convenience Store,,,,1.2759477476185242e+17,,,,9530 OVERLAKE DR STE A,32.856815863606,75220,DALLAS,General Retail/Food/Other,,,
,TX,DALLAS,-96.79639630436,VAN LEEUWEN DALLAS MCKINNEY LLC,Specialty Food,,,,1.566342581199872e+19,,,,3699 MCKINNEY AVE STE 101,32.808387450624,75204,DALLAS,Uncategorized,,,
,TX,DALLAS,-96.768738632763,TEXAS STYLE VENDING,Convenience Store,,,,2.6648929622585697e+18,,,,10658 N CENTRAL EXPY,32.892268219596,75231,DALLAS,General Retail/Food/Other,,,
,TX,DALLAS,-96.68274168422,FOODLAND MARKETS #3,Supermarket,,,,1.5719247758635846e+19,,,,1314 S BUCKNER BLVD STE 200,32.734650375842,75217,DALLAS,General Retail/Food/Other,,,
,TX,DALLAS,-96.844643823475,HUGOS BEER & WINE,Convenience Store,,,,1.400176878671189e+19,,,,1823 S EDGEFIELD AVE,32.727300285253,75224,DALLAS,General Retail/Food/Other,,,
,TX,DALLAS,-96.717922754025,TX FOOD MART,Convenience Store,,,,1.5978595950357336e+19,,,,13350 AUDELIA RD STE 110,32.930323111956,75243,DALLAS,General Retail/Food/Other,,,
,TX,DALLAS,-96.869191005987,"ADIMEX, LLC",Specialty Food,,,,1.166655448621615e+19,,,,4857 CALVERT ST,32.807784515884,75247,DALLAS,Uncategorized,,,
,TX,DALLAS,-96.749653225655,GORDO MACHIN,Supermarket,,,,8.425722960536421e+18,,,,1827 S HASKELL AVE,32.783167870696,75223,DALLAS,General Retail/Food/Other,,,
,TX,DALLAS,-96.884495254758,THE PRADHANS INC,Supermarket,,,,8.66334815216129e+18,,,,4020 W CAMP WISDOM RD,32.661895129927,75237,DALLAS,General Retail/Food/Other,,,
,TX,DALLAS,-96.802254104547,TOM THUMB 3569,Supermarket,,,,1.072626386414746e+19,,,,3878 OAK LAWN AVE STE 180,32.81587243612,75219,DALLAS,General Retail/Food/Other,,,
,TX,DALLAS,-96.762502000784,ADIMEX,Specialty Food,,,,8.341404873018919e+18,,,,4203 SOMERVILLE AVE,32.836648457436,75206,DALLAS,Uncategorized,,,
,TX,DALLAS,-96.901507000253,"LJH ENTERPRISE, LLC",Confectionery,,,,1.8429290036323764e+19,,,,1501 RANDOLPH ST,32.944689572573,75006,CARROLLTON,Uncategorized,,,
,TX,DALLAS,-96.598624560077,AZURE N ESTATES LLC,Convenience Store,,,,1.3176131576429363e+19,,,,2002 HIGHWAY 66,32.909942743933,75040,GARLAND,General Retail/Food/Other,,,
,TX,DALLAS,-96.949442399183,JUUS,Produce Market,,,,8.246818274524743e+18,,,,219 CROWN POINT DR,32.963057351501,75019,COPPELL,General Retail/Food/Other,,,
,TX,DALLAS,-96.922935747117,CHUY PRODUCE,Produce Market,,,,4.562106630310743e+18,,,,6011 W DAVIS ST,32.749825694199,75211,DALLAS,General Retail/Food/Other,,,
,TX,DALLAS,-96.648930516624,"G & G FOOD MART, INC.",Supermarket,,,,3.357350987679877e+18,,,,1456 BELT LINE RD STE 147,32.9449782237,75044,GARLAND,General Retail/Food/Other,,,
,TX,DALLAS,-97.015424546768,DAYLIGHT,Specialty Food,,,,6.159780717301615e+18,,,,1806 WESTMINSTER DR,32.766083674125,75050,GRAND PRAIRIE,Uncategorized,,,
,TX,DALLAS,-96.853722103333,PICK N FUN,Convenience Store,,,,1.1349039448827578e+19,,,,2155 MARSH LN STE 138,32.968417403327,75006,CARROLLTON,General Retail/Food/Other,,,
,TX,DALLAS,-96.598424998316,BROADWAY TOBACCO BEER & WINE,Convenience Store,,,,2.6531257963156803e+18,,,,5335 BROADWAY BLVD STE 210,32.850664530865,75043,GARLAND,General Retail/Food/Other,,,
,TX,DALLAS,-96.703874869477,AISLE 5IVE GROCERY LLC,Supermarket,,,,8.158521035036837e+18,,,,1311 GRINNELL DR,32.93688829338,75081,RICHARDSON,General Retail/Food/Other,,,
,TX,DALLAS,-96.856876635874,ALISHA'S MIX AND SIP LLC,Liquor Store,,,,4.010987401703801e+18,,,,1472 N HAMPTON RD STE 100,32.616972146663,75115,DESOTO,Liquor Store,,,
,TX,DALLAS,-96.99344035037,PLN COPPELL,Specialty Food,,,,4.089371002143984e+18,,,,230 N DENTON TAP RD STE 110,32.976870919517,75019,COPPELL,Uncategorized,,,
,TX,DALLAS,-96.699958421624,PHILO MARKET LLC,Supermarket,,,,2.727519542253472e+18,,,,1863 N PLANO RD,32.973322660634,75081,RICHARDSON,General Retail/Food/Other,,,
,TX,DALLAS,-97.012892473773,1 STOP SHOP & TAQUERIA,Convenience Store,,,,5.603120792348542e+18,,,,3480 S CARRIER PKWY STE 200,32.685753634018,75052,GRAND PRAIRIE,Mexican,Americas,Latin America - Central America,Mexico
,TX,DALLAS,-96.699744689308,HALEX LLC,Specialty Food,,,,5.754666345779908e+18,,,,2050 N PLANO RD # 300-E,32.977268113211,75082,RICHARDSON,Uncategorized,,,
,TX,DALLAS,-96.821075976782,POODLEBEEZ LLC,Specialty Food,,,,5.625663990136327e+18,,,,9630 INWOOD RD,32.874492951899,75220,DALLAS,Uncategorized,,,
,TX,DALLAS,-96.918645496682,WHIP IN,Convenience Store,,,,7.038913422181945e+18,,,,2910 RUDER ST # A,32.777923745679,75212,DALLAS,General Retail/Food/Other,,,
,TX,DALLAS,-96.832720269774,"JK GOURMET FOODS, LLC",Specialty Food,,,,1.752362782017305e+19,,,,4717 WILDWOOD RD,32.86015995156,75209,DALLAS,Uncategorized,,,
,TX,DALLAS,-96.77504274321,CT GROCERY,Supermarket,,,,1.3011923815686949e+19,,,,4865 SUNNYVALE ST STE C,32.698535638487,75216,DALLAS,General Retail/Food/Other,,,
,TX,DALLAS,-96.874301158633,STOP & SAVE FOOD MART,Convenience Store,,,,1.3134270935981115e+19,,,,3033 S WESTMORELAND RD,32.709109110026,75233,DALLAS,General Retail/Food/Other,,,
,TX,DALLAS,-97.012220701822,CIGARETTE MART,Convenience Store,,,,1.2050977168705604e+19,,,,3502 S CARRIER PKWY STE D,32.685393294279,75052,GRAND PRAIRIE,General Retail/Food/Other,,,
,TX,DALLAS,-96.804073444098,MICROCHIP COOKIES,Bakery,,,,9.027575742323905e+18,,,,11700 PRESTON RD STE 630,32.907973293727,75230,DALLAS,Uncategorized,,,
,TX,DALLAS,-96.840702102986,SIM LIFE CENTER - DALLAS,Convenience Store,,,,9.308645800234666e+18,,,,5920 FOREST PARK RD,32.81995603101,75235,DALLAS,General Retail/Food/Other,,,
,TX,DALLAS,-96.959101251848,REDDYS LIQUOR,Liquor Store,,,,1.8116663714331707e+19,,,,700 N MACARTHUR BLVD,32.821138355121,75061,IRVING,Liquor Store,,,
,TX,DALLAS,-96.685498489451,LA ROMA PIZZARIA,Convenience Store,,,,1.4543939876571531e+19,,,,11361 MCCREE RD UNIT 160,32.87158738224,75238,DALLAS,Mexican,Americas,Latin America - Central America,Mexico
,TX,DALLAS,-96.807886951743,BOXED BITES LLC,Specialty Food,,,,3.5619348320374784e+18,,,,6030 LUTHER LN STE 160,32.863535951748,75225,DALLAS,Uncategorized,,,
,TX,DALLAS,-96.993940822558,DISCOUNT SMOKE & BEER,Liquor Store,,,,1.3809370790410146e+19,,,,1335 N BELT LINE RD STE 13,32.827992262964,75061,IRVING,Liquor Store,,,
,TX,DALLAS,-97.023950358836,KROGER #448 FUEL CENTER,Supermarket,,,,4.366979615072076e+18,,,,960 E SANDY LAKE RD,32.973257177224,75019,COPPELL,General Retail/Food/Other,,,
,TX,DALLAS,-96.665240874123,DULCES Y PINATAS LA COSECHA,Confectionery,,,,8.988808335554177e+17,,,,2233 N PRAIRIE CREEK RD STE C2-B,32.750592964147,75227,DALLAS,Mexican,Americas,Latin America - Central America,Mexico
,TX,DALLAS,-96.766639296826,DUB'S LIQUOR STORE,Liquor Store,,,,8.450642111708416e+18,,,,3217 MALCOLM X BLVD,32.767466002543,75215,DALLAS,Liquor Store,,,
,TX,DALLAS,-96.628120408439,FORTIUS ATHLETICS,Convenience Store,,,,6.559214685708159e+17,,,,1410 WOODED LAKE DR,32.837371103192,75150,MESQUITE,General Retail/Food/Other,,,
,TX,DALLAS,-96.769077742173,FRUTILANDIA/WATER INN,Specialty Food,,,,1.8386294597964157e+19,,,,14215 COIT RD STE 104,32.937847509251,75254,DALLAS,Uncategorized,,,
,TX,DALLAS,-96.648445829102,FRUTILANDIA WATER,Specialty Food,,,,1.5500279482198675e+19,,,,1402 NORTHWEST HWY STE 100,32.863984941546,75041,GARLAND,Uncategorized,,,
,TX,DALLAS,-96.740881202618,HACKNEY FOOD,Convenience Store,,,,5.55426561645788e+18,,,,4815 COLLINS AVE,32.777776625102,75210,DALLAS,General Retail/Food/Other,,,
,TX,DALLAS,-96.865638505308,WHAMMYS U BUY WE FRY FISH MARKET ON 4OS,Seafood Market,,,,1.0163511739583054e+19,,,,8501 OLD HICKORY TRL APT 1206,32.636031588673,75237,DALLAS,General Retail/Food/Other,,,
,TX,DALLAS,-96.657650571089,BEE NAUGHTY DALLAS SNACKS,Convenience Store,,,,1.7747571785560246e+19,,,,3631 DELFORD CIR,32.843441181498,75228,DALLAS,General Retail/Food/Other,,,
,TX,DALLAS,-96.59926447095,LA CUBANA LATIN MARKET AND BAKERY 2,Supermarket,,,,4.721949038757169e+18,,,,658 W INTERSTATE 30 STE 11K,32.838165925768,75043,GARLAND,Mexican,Americas,Latin America - Central America,Mexico
,TX,DALLAS,-96.517947078297,BRETT'S BILTONG DTX,Liquor Store,,,,8.881010740283067e+18,,,,6501 DALROCK RD STE 102,32.91822906379,75089,ROWLETT,Liquor Store,,,
,TX,DALLAS,-96.798227760757,TANK SMOKE SHOP & MORE,Supermarket,,,,1.0240199451698088e+19,,,,1622 MORRELL AVE,32.738974555239,75203,DALLAS,General Retail/Food/Other,,,
,TX,DALLAS,-96.803860424455,OMAHA STEAKS,Specialty Food,,,,1.5836842013755195e+19,,,,10854 PRESTON RD,32.896687877284,75230,DALLAS,Uncategorized,,,
,TX,DALLAS,-96.814543283737,STACKHOUSE TOBACCO,Convenience Store,,,,6.654172908125064e+17,,,,4448 S MARSALIS AVE,32.69035666492,75216,DALLAS,General Retail/Food/Other,,,
,TX,DALLAS,-96.979921165077,LAVANDERIA SUPER WASH & DRY,Convenience Store,,,,9.953704574594337e+18,,,,2726 W IRVING BLVD,32.829307891419,75061,IRVING,General Retail/Food/Other,,,
,TX,DALLAS,-96.758081172019,STACKHOUSE TOBACCO,Convenience Store,,,,8.907086042826822e+18,,,,1314 N DALLAS AVE,32.604026266429,75134,LANCASTER,General Retail/Food/Other,,,
,TX,DALLAS,-96.819171104073,STACKHOUSE TOBACCO,Convenience Store,,,,1.305207181687015e+18,,,,3225 W PLEASANT RUN RD STE 102A,32.604306592714,75146,LANCASTER,General Retail/Food/Other,,,
,TX,DALLAS,-96.558400716447,DONUT KING PALACE,Bakery,,,,2.187173904709245e+17,,,,2585 FAITHON P LUCAS SR BLVD STE 600,32.7357269067,75181,MESQUITE,Uncategorized,,,
,TX,DALLAS,-96.820997176582,CREST FOODS VENTURES LLC,Bakery,,,,1.3729731646975496e+17,,,,13350 DALLAS PKWY STE 2655,32.930508319415,75240,DALLAS,Uncategorized,,,
,TX,DALLAS,-96.99460758076,DOTPUFF SMOKE & VAPOUR,Convenience Store,,,,1.6897317290981278e+19,,,,405 S BELT LINE RD,32.742216625947,75051,GRAND PRAIRIE,General Retail/Food/Other,,,
,TX,DALLAS,-96.734673171619,LA BONITA BEVERAGES LIQUOR BEER & WINE,Convenience Store,,,,7.117819282601823e+18,,,,3526 SAMUELL BLVD,32.792912961946,75223,DALLAS,Mexican,Americas,Latin America - Central America,Mexico
,TX,DALLAS,-96.656836489591,EXOTIC WORLD,Convenience Store,,,,5.148686415688254e+18,,,,2120 N SAINT AUGUSTINE DR STE 130,32.74904797766,75227,DALLAS,General Retail/Food/Other,,,
,TX,DALLAS,-96.977041605818,JOE V'S SMART SHOP #815,Liquor Store,,,,1.475772010569297e+19,,,,2407 W AIRPORT FWY,32.837433555385,75062,IRVING,Liquor Store,,,
,TX,DALLAS,-96.909719368361,CIRCLE K #2654429,Convenience Store,,,,3.6840621661141766e+17,,,,2680 OLD DENTON RD STE 172,32.986735260547,75007,CARROLLTON,General Retail/Food/Other,,,
,TX,DALLAS,-96.977041605818,JOE V'S SMART SHOP #815,Supermarket,,,,1.1306181901037816e+19,,,,2407 W AIRPORT FWY,32.837433555385,75062,IRVING,General Retail/Food/Other,,,
,TX,DALLAS,-96.574462889246,"LOU'S ROOTS, LLC",Produce Market,,,,8.988187660695192e+18,,,,14311 SKYFROST DR TRLR 176,32.684047310115,75253,DALLAS,General Retail/Food/Other,,,
,TX,DALLAS,-96.738606790859,COWBOY'S CONVENIENCE STORE,Convenience Store,,,,5.849781014862054e+18,,,,3324 SAMUELL BLVD,32.792916374079,75223,DALLAS,General Retail/Food/Other,,,
,TX,DALLAS,-97.033317159601,LGM CONCEPTS LLC,Specialty Food,,,,5.995809946355781e+18,,,,5424 KLEBERG DR,32.641824433302,75052,GRAND PRAIRIE,Uncategorized,,,
,TX,DALLAS,-96.692251720747,DALLAS NUTRITION CONVIENCE STORE,Convenience Store,,,,1.2585140166932976e+19,,,,1157 EASTON RD STE 108,32.843928224935,75218,DALLAS,General Retail/Food/Other,,,
,TX,DALLAS,-96.534499860265,BAKERS DOZEN DONUTS,Bakery,,,,1.4782040574322426e+19,,,,8701 LIBERTY GROVE RD STE 600,32.937132513352,75089,ROWLETT,Uncategorized,,,
,TX,DALLAS,-96.997714622049,WARDAK LLC,Convenience Store,,,,1.6719077218808817e+18,,,,3620 W PIONEER DR STE 100,32.828772829814,75061,IRVING,General Retail/Food/Other,,,
,TX,DALLAS,-96.79639630436,"COSMIC CULTURES, LLC",Specialty Food,,,,1.5379355616765694e+19,,,,3699 MCKINNEY AVE STE 510,32.808387450624,75204,DALLAS,Uncategorized,,,
,TX,DALLAS,-96.773482768569,ATHEMY FOOD MART,Convenience Store,,,,6.04905482084203e+18,,,,3629 HOLMES ST,32.756539104249,75215,DALLAS,General Retail/Food/Other,,,
,TX,DALLAS,-96.736547559317,GEEK SMOKE SHOP,Convenience Store,,,,3.5069044651880136e+18,,,,515 W CAMPBELL RD,32.976016128393,75080,RICHARDSON,General Retail/Food/Other,,,
,TX,DALLAS,-96.890134784152,BUSY BEE CHECK CASHING,Convenience Store,,,,1.096712182117219e+19,,,,1005 S JOSEY LN,32.952639049875,75006,CARROLLTON,General Retail/Food/Other,,,
,TX,DALLAS,-96.652946457278,HOPE FOOD MART,Convenience Store,,,,4.723383330775385e+18,,,,3802 N TOWN EAST BLVD,32.795960769492,75150,MESQUITE,General Retail/Food/Other,,,
,TX,DALLAS,-96.812202003595,TOOTSIE BAKES,Bakery,,,,3.7275469728567296e+18,,,,4512 BORDEAUX AVE,32.826781851057,75205,DALLAS,Uncategorized,,,
,TX,DALLAS,-96.82486781351,TOBACCO HEIGHT,Convenience Store,,,,2.1069799281086296e+16,,,,1308 E BEAR CREEK RD STE 270,32.560299009916,75154,GLENN HEIGHTS,General Retail/Food/Other,,,
,TX,DALLAS,-96.767783530844,AGIEBABE'S GINGER BEER,Specialty Food,,,,4.2498110029713423e+18,,,,8068 PARK LN APT 403,32.871855724923,75231,DALLAS,Uncategorized,,,
,TX,DALLAS,-96.595473339435,SUN'S DONUT PALACE,Bakery,,,,1.8380312634223317e+19,,,,6024 BROADWAY BLVD,32.838558016396,75043,GARLAND,Uncategorized,,,
,TX,DALLAS,-96.859161088065,TIENDA MI MEXICO 2,Supermarket,,,,1.3681786269572155e+19,,,,2412 W KIEST BLVD,32.705367148897,75233,DALLAS,Mexican,Americas,Latin America - Central America,Mexico
,TX,DALLAS,-96.901149213128,TEXAS PREMIUM CANDY COMPANY,Confectionery,,,,2.0413287177014e+18,,,,438 E WHEATLAND RD # 438,32.647243475884,75116,DUNCANVILLE,Uncategorized,,,
,TX,DALLAS,-96.696970236317,C&M CONNECTION LLC,Convenience Store,,,,1.736763583940174e+19,,,,6155 SAMUELL BLVD STE 150,32.792429086359,75228,DALLAS,General Retail/Food/Other,,,
,TX,DALLAS,-96.826571252553,"FELIX'S RELIANT AUTOMATED SERVICES, LLC",Convenience Store,,,,3.6816877403326566e+18,,,,4945 MORRIS AVE APT 4348,32.962776525235,75001,ADDISON,General Retail/Food/Other,,,
,TX,DALLAS,-96.5880507968,IMPRINT HAIR DESIGNS,Convenience Store,,,,9.713154302587195e+18,,,,909 E DAVIS ST STE C,32.765519878695,75149,MESQUITE,General Retail/Food/Other,,,
,TX,DALLAS,-96.877748098294,POPSTOP!,Convenience Store,,,,1.8244742439223771e+19,,,,2204 KELLY BLVD STE 101,32.971312696693,75006,CARROLLTON,General Retail/Food/Other,,,
,TX,DALLAS,-96.841348881763,HISSHO SUSHI @ UN TX SW MED CTR,Specialty Food,,,,1.3334670394539393e+19,,,,6001 FOREST PARK RD,32.820348255219,75235,DALLAS,Japanese,Asia,Eastern Asia,Japan
,TX,DALLAS,-96.828789948869,4 YOUR CONVENIENCE STORE LLC,Convenience Store,,,,3.424655365897996e+18,,,,4607 VILLAGE FAIR DR STE 317,32.69016370106,75224,DALLAS,General Retail/Food/Other,,,
,TX,DALLAS,-96.887360263309,FRUXXI CONO,Specialty Food,,,,1.6378367037199569e+19,,,,4107 W JEFFERSON BLVD,32.738405264557,75211,DALLAS,Uncategorized,,,
,TX,DALLAS,-96.592391207894,CAKE COCOA LLC,Specialty Food,,,,1.3834962374799671e+19,,,,6302 GLENMOOR DR,32.8378430429,75043,GARLAND,Uncategorized,,,
,TX,DALLAS,-96.610576250183,FORTHOUSE INC.,Specialty Food,,,,7.326491819989487e+18,,,,1009 VIA VALENCIA,32.828829538133,75150,MESQUITE,Uncategorized,,,
,TX,DALLAS,-96.633927921577,COURTNEYS SNACK SHACK,Convenience Store,,,,1.8190881225060923e+19,,,,2150 GUS THOMASSON RD APT 2215,32.794591467337,75150,MESQUITE,General Retail/Food/Other,,,
,TX,DALLAS,-96.828375267261,HUEBNER MF LP,Convenience Store,,,,3.289363792201991e+18,,,,17120 DALLAS PKWY STE 101,32.982692933848,75248,DALLAS,General Retail/Food/Other,,,
,TX,DALLAS,-96.911641722666,CHIVO LIB LLC,Liquor Store,,,,2.769756607465277e+18,,,,1915 PETERS RD STE 213,32.834118578696,75061,IRVING,Liquor Store,,,
,TX,DALLAS,-96.856934458527,BHAMBA ENTERPRISES LLC,Liquor Store,,,,8.751214294747794e+18,,,,1710 W MOCKINGBIRD LN UNIT B,32.822156341792,75235,DALLAS,Liquor Store,,,
,TX,DALLAS,-96.797456963883,"SPEAK EASY WINE AND SPIRITS, LLC",Liquor Store,,,,1.5083206057749596e+19,,,,211 N ERVAY ST STE 1423,32.782024897741,75201,DALLAS,Liquor Store,,,
,TX,DALLAS,-96.881471292673,POLLO COSTENO,Confectionery,,,,1.5452408981817672e+19,,,,10825 DENNIS RD STE 102,32.895667408481,75229,DALLAS,Mexican,Americas,Latin America - Central America,Mexico
,TX,DALLAS,-96.941515092462,FORTITUDE WELLNESS BAR,Specialty Food,,,,1.256004634354957e+19,,,,241 E FM 1382 STE 310,32.597796054082,75104,CEDAR HILL,Uncategorized,,,
,TX,DALLAS,-96.795643699277,URBAN MARKET SOUTHSIDE,Convenience Store,,,,7.808149800346799e+18,,,,1409 S LAMAR ST APT 10,32.76771576921,75215,DALLAS,General Retail/Food/Other,,,
,TX,DALLAS,-96.631423015949,VIRAL TREATS,Specialty Food,,,,6.238724101804215e+18,,,,2063 TOWN EAST MALL # 5521,32.811655283603,75150,MESQUITE,Uncategorized,,,
,TX,DALLAS,-96.85698643627,LUCKY 7 FOOD MART,Convenience Store,,,,6.486931734664593e+18,,,,7410 HARRY HINES BLVD,32.828706035957,75235,DALLAS,General Retail/Food/Other,,,
,TX,DALLAS,-96.845781210959,1 STOP AT SINGLETON LLC,Convenience Store,,,,5.348009786512683e+17,,,,1615 SINGLETON BLVD STE B,32.778582560833,75212,DALLAS,General Retail/Food/Other,,,
,TX,DALLAS,-96.937600931682,LIQUOR ROYALE,Liquor Store,,,,9.76850545020078e+18,,,,701 E IRVING BLVD,32.813242433556,75060,IRVING,Liquor Store,,,
,TX,DALLAS,-97.008891338042,ONE STAR STOP,Convenience Store,,,,1.7474533276596191e+19,,,,513 W JEFFERSON ST STE 105,32.743784925066,75051,GRAND PRAIRIE,General Retail/Food/Other,,,
,TX,DALLAS,-96.993941786028,DISCOUNT LIQUOR,Liquor Store,,,,1.4167591241305051e+19,,,,201 S BELT LINE RD STE 103,32.814134294958,75060,IRVING,Liquor Store,,,
,TX,DALLAS,-96.770229666116,HOWIES LIQUORS,Liquor Store,,,,8.073834782998873e+18,,,,3609 GREENVILLE AVE,32.831171153371,75206,DALLAS,Liquor Store,,,
,TX,DALLAS,-96.884495254758,SAHI CAPITAL INC,Convenience Store,,,,8.196050091622026e+18,,,,4020 W CAMP WISDOM RD,32.661895129927,75237,DALLAS,General Retail/Food/Other,,,
,TX,DALLAS,-96.857391286881,ONE STOP LUCKY FOOD MART,Convenience Store,,,,1.2852011116823375e+18,,,,2412 W LEDBETTER DR,32.691178437626,75233,DALLAS,General Retail/Food/Other,,,
,TX,DALLAS,-96.848864806953,BW SMOKEHOUSE,Specialty Food,,,,1.3011810710474783e+18,,,,643 RICKEY CANYON AVE,32.599651063804,75115,DESOTO,Uncategorized,,,
,TX,DALLAS,-96.970784987733,MADIRA N MASALA,Supermarket,,,,2.371103664681974e+17,,,,1900 MARKET PLACE BLVD STE 110,32.920012503268,75063,IRVING,Indian/South Asian,Asia,South Central Asia,Multiple South Central Asian
,TX,DALLAS,-96.823862164141,NF PRODUCTS LLC,Specialty Food,,,,1.12697387988499e+18,,,,4945 CROOKED LN,32.90012753693,75229,DALLAS,Uncategorized,,,
,TX,DALLAS,-96.994626095832,STOP N SHOP 2,Convenience Store,,,,9.9628219729797e+18,,,,203 N BELTLINE RD,32.747401259182,75050,GRAND PRAIRIE,General Retail/Food/Other,,,
,TX,DALLAS,-96.731227292072,CHULA'S DRIVE THRU,Liquor Store,,,,1.2749792480364284e+19,,,,3708 SAMUELL BLVD,32.792896137603,75228,DALLAS,Liquor Store,,,
,TX,DALLAS,-96.738692218774,JUBEL VENDING,Specialty Food,,,,1.2624679263430328e+19,,,,9015 GUNNISON DR,32.883033670257,75231,DALLAS,Uncategorized,,,
,TX,DALLAS,-96.905500050606,TASTEFULLY OLIVE,Specialty Food,,,,1.219728100724954e+19,,,,2701 E GRAUWYLER RD BLDG 1DPT,32.830761603387,75061,IRVING,Uncategorized,,,
,TX,DALLAS,-96.685096503477,PRODUCTOS TIERRA CALIENTE EL GUERO,Specialty Food,,,,1.802887227256008e+19,,,,7932 LAKE JUNE RD,32.734106970964,75217,DALLAS,Mexican,Americas,Latin America - Central America,Mexico
,TX,DALLAS,-96.591411701764,BISMILLAH STORE LLC,Supermarket,,,,8.467624183908027e+18,,,,1130 S BELT LINE RD STE 100,32.685097426865,75253,DALLAS,General Retail/Food/Other,,,
,TX,DALLAS,-96.857134793661,OG SMOKE,Convenience Store,,,,1.8001587516852685e+19,,,,101 N HAMPTON RD STE 105,32.589770463645,75115,DESOTO,General Retail/Food/Other,,,
,TX,DALLAS,-96.677800012646,GRAND LIQUOR,Liquor Store,,,,1.488045276663856e+19,,,,501 WARREN DR,32.916597306437,75042,GARLAND,Liquor Store,,,
,TX,DALLAS,-96.907146521066,DULCERIA LALA'S,Confectionery,,,,1.2229349736454098e+18,,,,2051 W NORTHWEST HWY STE 53,32.86701732266,75220,DALLAS,Mexican,Americas,Latin America - Central America,Mexico
,TX,DALLAS,-96.634339566794,AC INJERA & GROCERY,Supermarket,,,,1.227474480547057e+18,,,,3501 GUS THOMASSON RD STE 103,32.809156874536,75150,MESQUITE,African,Africa,Multiple African Regions,Multiple African
,TX,DALLAS,-96.561279798842,ASMBL WINE CO I LLC,Liquor Store,,,,3.828973156622942e+18,,,,129 N COLLINS RD,32.793839324786,75182,SUNNYVALE,Liquor Store,,,
,TX,DALLAS,-96.615787080124,TAQUERIA LOS CHATITOS,Confectionery,,,,4.453283928559929e+18,,,,1141 E WALNUT ST,32.914511112731,75040,GARLAND,Mexican,Americas,Latin America - Central America,Mexico
,TX,DALLAS,-96.611559487751,ZEE'S STOP,Convenience Store,,,,5.458230930304225e+18,,,,685 TOWN SQUARE BLVD,32.95441841433,75040,GARLAND,General Retail/Food/Other,,,
,TX,DALLAS,-97.012399806516,DULCERIA JALISCO LLC,Confectionery,,,,6.087208935573834e+18,,,,701 W JEFFERSON ST,32.742668229179,75051,GRAND PRAIRIE,Mexican,Americas,Latin America - Central America,Mexico
,TX,DALLAS,-96.872876237846,TODOS AMIGOS,Convenience Store,,,,1.5092188615382817e+19,,,,2915 COMMUNITY DR STE 101,32.858735119353,75220,DALLAS,Mexican,Americas,Latin America - Central America,Mexico
,TX,DALLAS,-96.622984289058,DONUT KING,Bakery,,,,6.192692105520236e+18,,,,1720 W BRUTON RD STE 100,32.748499288801,75180,BALCH SPRINGS,Uncategorized,,,
,TX,DALLAS,-96.748903244034,JUST LIQUOR,Liquor Store,,,,1.6364089605333126e+17,,,,6106 SKILLMAN ST,32.862902599546,75231,DALLAS,Liquor Store,,,
,TX,DALLAS,-96.976457839638,3S GROCERY BEER & WINE,Convenience Store,,,,1.542021631370902e+19,,,,323 N STORY RD,32.818650032687,75061,IRVING,General Retail/Food/Other,,,
,TX,DALLAS,-96.907876013073,STREET CORNER URBAN MARKET,Supermarket,,,,6.65600478688774e+18,,,,1105 S BROADWAY ST,32.952419150465,75006,CARROLLTON,General Retail/Food/Other,,,
,TX,DALLAS,-96.87363574092,THE GARDEN YASMIN,Convenience Store,,,,1.7449468770858975e+19,,,,7310 MARVIN D LOVE FWY APT 125,32.656847812294,75237,DALLAS,General Retail/Food/Other,,,
,TX,DALLAS,-96.699744689308,MOVEX LIMITED LIABILITY COMPANY,Confectionery,,,,6.247664037919016e+18,,,,2050 N PLANO RD # 300C,32.977268113211,75082,RICHARDSON,Uncategorized,,,
,TX,DALLAS,-96.949676113858,DING VENDING LLC,Specialty Food,,,,1.841965797753024e+19,,,,801 N O CONNOR RD # 1007,32.821242557255,75061,IRVING,Uncategorized,,,
,TX,DALLAS,-96.751853358506,JK ONE STOP,Convenience Store,,,,1.17837317781921e+19,,,,2714 S 2ND AVE,32.767365818557,75210,DALLAS,General Retail/Food/Other,,,
,TX,DALLAS,-96.569684733921,TWIN CITY LIQUOR & MORE,Liquor Store,,,,2.576492311593568e+18,,,,3503 ROWLETT RD STE J104,32.893018747588,75088,ROWLETT,Liquor Store,,,
,TX,DALLAS,-96.797475366795,"NATASHA STORES, INC.",Convenience Store,,,,6.236229923228699e+18,,,,1700 PACIFIC AVE STE 108,32.782532832249,75201,DALLAS,General Retail/Food/Other,,,
