GRANTEE_NAME,STORE_NAME,ADDITONAL_ADDRESS,LATITUDE,OBJECTID,CITY,STORE_STREET_ADDRESS,ZIP4,COUNTY,INCENTIVE_PROGRAM,Y,ZIP_CODE,RECORD_ID,STATE,STORE_TYPE,Ï»¿X,LONGITUDE
,7-eleven Convenience Store 32914B,,32.841278,33,GARLAND,6122 BROADWAY BLVD,5826,DALLAS,,3874255.17341825,75043,1397961.0,TX,Convenience Store,-10752888.5133772,-96.594841
,Grand Trip,,32.654293,217,DALLAS,7500 S WESTMORELAND RD,3306,DALLAS,,3849506.5302583,75237,1627853.0,TX,Convenience Store,-10785215.4708646,-96.885239
,Corner Market,,32.74102,218,DALLAS,500 S HAMPTON RD,5621,DALLAS,,3860978.93663868,75208,1618795.0,TX,Convenience Store,-10782018.7090475,-96.856522
,Joe V's Smart Shop 805,,32.792328,279,DALLAS,7700 SAMUELL BLVD,    ,DALLAS,,3867771.30925812,75227,1634103.0,TX,Supermarket,-10763006.2305759,-96.68573
,WB Ferguson Shell,,32.834496,280,DALLAS,10290 FERGUSON RD,3013,DALLAS,,3873356.62377886,75228,1618256.0,TX,Convenience Store,-10761598.0390174,-96.67308
,7-Eleven 27334,,32.639896,282,DUNCANVILLE,826 E HIGHWAY 67,3406,DALLAS,,3847603.14655666,75137,928284.0,TX,Convenience Store,-10785929.6967175,-96.891655
,Seaneen Mart,,32.734692,363,DALLAS,1041 S BECKLEY AVE,2879,DALLAS,,3860141.47996937,75203,1628829.0,TX,Convenience Store,-10778303.8663202,-96.823151
,Emily Grocery,,32.757523,364,DALLAS,1818 METROPOLITAN AVE,3657,DALLAS,,3863163.24737286,75215,453956.0,TX,Convenience Store,-10772254.2085931,-96.768806
,Jjmg Food Mart 24/7,,32.756584,365,DALLAS,4600 MALCOLM X BLVD,4733,DALLAS,,3863038.95197298,75215,1631293.0,TX,Convenience Store,-10770517.4018977,-96.753204
,7-Eleven Store 22889,,32.880711,367,DALLAS,10998 HARRY HINES BLVD,1316,DALLAS,,3879481.02672337,75220,1422850.0,TX,Convenience Store,-10785167.8261225,-96.884811
,Regal Row Chevron,,32.836231,368,DALLAS,1607 REGAL ROW,3621,DALLAS,,3873586.48802408,75247,1628630.0,TX,Convenience Store,-10783978.043405,-96.874123
,7-Eleven 27644,,32.82243,634,IRVING,801 N BELT LINE RD,6317,DALLAS,,3871758.16472083,75061,945902.0,TX,Convenience Store,-10797314.5636799,-96.993927
,Big Five,,32.748249,870,BALCH SPRINGS,1499 S PEACHTREE RD,1101,DALLAS,,3861935.70573169,75180,1397596.0,TX,Convenience Store,-10756943.1031904,-96.631264
,Store T-24,,32.854511,947,DALLAS,11740 FERGUSON RD,8202,DALLAS,,3876008.6160788,75228,1628627.0,TX,Convenience Store,-10759002.6250896,-96.649765
,7-Eleven 12137,,32.832481,970,DALLAS,3702 GREENVILLE AVE,5312,DALLAS,,3873089.66892408,75206,939647.0,TX,Convenience Store,-10772396.9201803,-96.770088
,Pay Low Food Beer & Wine,Ste 100,32.735268,1148,DALLAS,3701 W CLARENDON DR,4937,DALLAS,,3860217.70618223,75211,1635014.0,TX,Convenience Store,-10784787.336103,-96.881393
,Abyssinia Market No,Ste 1,32.909611,1149,DALLAS,9191 FOREST LN,8933,DALLAS,,3883312.47203319,75243,1627006.0,TX,Other,-10769467.6590995,-96.743774
,Cherry Grocery Store,Ste 100,32.916832,1151,GARLAND,3801 W WALNUT ST,6258,DALLAS,,3884269.99831126,75042,1397707.0,TX,Grocery Store,-10763250.0202608,-96.68792
,Ez Trip Food Store #22,,32.945637,1152,RICHARDSON,1031 FRANCES WAY,4340,DALLAS,,3888090.40545324,75081,1421329.0,TX,Convenience Store,-10765759.6068612,-96.710464
,Abyssinia Market Irving ,,32.867268,1468,IRVING,4010 N BELT LN RD,    ,DALLAS,,3877699.23382367,75038,1627332.0,TX,Grocery Store,-10795945.4452627,-96.981628
,Highland Food Store,,32.80769,1597,DALLAS,1406 GREENVILLE AVE,7703,DALLAS,,3869805.75863185,75206,948561.0,TX,Convenience Store,-10772403.7106692,-96.770149
,Kelley Produce Dfm,Unit 162,32.777588,1878,DALLAS,920 S HARWOOD,    ,DALLAS,,3865819.56411032,75201,1627921.0,TX,Other,-10774616.1855487,-96.790024
,Dearl's Grocery ,,32.720345,1880,DALLAS,9223 ELAM RD,4152,DALLAS,,3858242.99742815,75217,1320891.0,TX,Convenience Store,-10760333.449602,-96.66172
,Chill Zone Beer & Wine,Ste 200,32.877628,1997,GARLAND,3115 S 1ST ST,3424,DALLAS,,3879072.36879751,75041,1395157.0,TX,Convenience Store,-10756911.5997745,-96.630981
,KROGER 511,Ste 300,32.865559,2496,DALLAS,10677 E NORTHWEST HWY,4899,DALLAS,,3877472.73498549,75238,255060.0,TX,Super Store,-10764772.7595753,-96.701599
,Walmart Supercenter 789,,32.78878,2647,MESQUITE,200 US HIGHWAY 80 E,1656,DALLAS,,3867301.48378806,75149,250180.0,TX,Super Store,-10753364.0702419,-96.599113
,DOLLAR GENERAL 3560,Ste 105,32.962818,2692,RICHARDSON,531 W ARAPAHO RD,4344,DALLAS,,3890369.71408364,75080,250604.0,TX,Discount Retail,-10768669.3870311,-96.736603
,NEW TRUONG NGUYEN MARKET,Ste 221,32.918491,2928,GARLAND,3555 W WALNUT ST,4016,DALLAS,,3884489.99772677,75042,244478.0,TX,Super Store,-10762875.4301743,-96.684555
,DOLLAR GENERAL 4515,,32.746452,2939,GRAND PRAIRIE,508 N CARRIER PKWY,5428,DALLAS,,3861697.86281094,75050,244599.0,TX,Discount Retail,-10799854.8744598,-97.016747
,Target T 1836,,32.601971,2992,CEDAR HILL,739 N HIGHWAY 67,2142,DALLAS,,3842590.66299662,75104,245243.0,TX,Super Store,-10790679.8107092,-96.934326
,DOLLAR GENERAL 8497,,32.631123,3058,DUNCANVILLE,1546 S CLARK RD,3602,DALLAS,,3846443.44504903,75137,248319.0,TX,Discount Retail,-10791542.7594018,-96.942078
,WALGREENS  3847,,32.881073,3260,IRVING,5310 N MACARTHUR BLVD,3101,DALLAS,,3879529.01149278,75038,269550.0,TX,Pharmacy,-10793934.347342,-96.963562
,Target 1489,,32.965866,3541,GARLAND,5301 N GARLAND AVE,2716,DALLAS,,3890774.12173825,75040,267426.0,TX,Super Store,-10758670.5590485,-96.646782
,TOM THUMB  3621,,32.860073,3863,IRVING,4010 N MACARTHUR BLVD,6413,DALLAS,,3876745.68862872,75038,236670.0,TX,Supermarket,-10793256.6342821,-96.957474
,Walmart SUPERCENTER 5147,,32.72868,4084,DALLAS,1521 S COCKRELL HILL RD,    ,DALLAS,,3859345.89827388,75211,287398.0,TX,Super Store,-10785917.0062956,-96.891541
,SUPER MERCADO MEXICO # 4,,32.800983,4265,DALLAS,5535 COLUMBIA AVE,5123,DALLAS,,3868917.48131535,75214,239168.0,TX,Supermarket,-10770902.1220579,-96.75666
,Fiesta Mart 54,,32.880661,4517,GARLAND,2940 S 1ST ST,3437,DALLAS,,3879474.39900819,75041,284355.0,TX,Super Store,-10756804.6217438,-96.63002
,CVS/PHARMACY 7742,,32.829109,4740,DALLAS,5659 LEMMON AVE,6225,DALLAS,,3872642.94710497,75209,226361.0,TX,Pharmacy,-10778675.784739,-96.826492
,KROGER 448,,32.970753,4858,COPPELL,950 E SANDY LAKE RD,3109,DALLAS,,3891422.55643974,75019,286040.0,TX,Super Store,-10793647.2543753,-96.960983
,Walgreens 4340,,32.939571,5154,GARLAND,2614 LAVON DR,8762,DALLAS,,3887285.7684564,75040,258650.0,TX,Pharmacy,-10755906.9413701,-96.621956
,TOM THUMB  1784,,32.746086,5456,MESQUITE,1501 PIONEER RD,6032,DALLAS,,3861649.42126825,75149,231026.0,TX,Supermarket,-10751933.9487437,-96.586266
,SUPER MERCADO MEXICO # 3,,32.734192,5809,DALLAS,7828 LAKE JUNE RD,1601,DALLAS,,3860075.31178121,75217,228350.0,TX,Supermarket,-10763170.0928664,-96.687202
,KIEST MARKET,,32.738579,6095,DALLAS,3807 E KIEST BLVD,4122,DALLAS,,3860655.88412424,75203,308464.0,TX,Grocery Store,-10774528.688429,-96.789238
,JERRYS SUPERMARKET #3,,32.743134,6152,DALLAS,532 W JEFFERSON BLVD,4722,DALLAS,,3861258.71970745,75208,278236.0,TX,Supermarket,-10779252.5310208,-96.831673
,TOM THUMB 1973,,32.850533,6244,DALLAS,7000 SNIDER PLZ,1335,DALLAS,,3875481.48250046,75205,309801.0,TX,Supermarket,-10774374.0656563,-96.787849
,SWIFT T # 11,,32.833904,6392,MESQUITE,2333 OATES DR,1149,DALLAS,,3873278.19274144,75150,276041.0,TX,Convenience Store,-10757341.4043284,-96.634842
,Fiesta Mart 40,,32.80949,6564,DALLAS,5334 ROSS AVE,7453,DALLAS,,3870044.16264033,75206,280346.0,TX,Super Store,-10772442.7838105,-96.7705
,Walgreens 04267,,32.93026,6576,GARLAND,1902 N JUPITER RD,4744,DALLAS,,3886050.79915829,75042,277000.0,TX,Pharmacy,-10762702.2170466,-96.682999
,Walmart 3225,,32.908401,6755,ROWLETT,2501 LAKEVIEW PKWY,    ,DALLAS,,3883152.0300409,75088,309499.0,TX,Super Store,-10751048.0682359,-96.578308
,CVS/ PHARMACY 6966,,32.792046,7234,DALLAS,6004 SAMUELL BLVD,7115,DALLAS,,3867733.9661873,75228,293198.0,TX,Pharmacy,-10764511.158772,-96.699249
,WALGREENS  3956,,32.734009,7280,DALLAS,1104 S WESTMORELAND RD,5651,DALLAS,,3860051.09431714,75211,312681.0,TX,Pharmacy,-10783983.052782,-96.874168
,STOP N BUY,Ste 1,32.870232,7295,DALLAS,9750 BROCKBANK DR,2998,DALLAS,,3878092.07188439,75220,232663.0,TX,Convenience Store,-10784108.8438066,-96.875298
,Albertsons 0269,,32.974655,7326,CARROLLTON,2150 N JOSEY LN,2991,DALLAS,,3891940.32154944,75006,312393.0,TX,Supermarket,-10785493.9922306,-96.887741
,Whole Foods Market 10140,,32.820919,7485,DALLAS,4100 LOMO ALTO DR,1535,DALLAS,,3871558.00832788,75219,315515.0,TX,Super Store,-10777401.0652499,-96.815041
,Walmart SUPERCENTER 2975,,32.865517,7578,GARLAND,3959 BROADWAY BLVD,2586,DALLAS,,3877467.16865589,75043,291608.0,TX,Super Store,-10754170.9139112,-96.606361
,Walmart SUPERCENTER 880,,32.836632,7720,IRVING,4100 W AIRPORT FWY,5913,DALLAS,,3873639.61578842,75062,233120.0,TX,Super Store,-10798726.0948232,-97.006607
,Fiesta Mart 32,,32.867172,7933,DALLAS,9727 WEBB CHAPEL RD,3555,DALLAS,,3877686.51054326,75220,380409.0,TX,Super Store,-10783076.912127,-96.866028
,DOLLAR GENERAL 7170,,32.810341,7940,IRVING,400 S NURSERY RD,3124,DALLAS,,3870156.8764387,75060,380478.0,TX,Discount Retail,-10790697.6218277,-96.934486
,Albertsons 4260,,32.931278,7950,RICHARDSON,2165 BUCKINGHAM RD,5477,DALLAS,,3886185.81578491,75081,380578.0,TX,Supermarket,-10762808.3045213,-96.683952
,TOM THUMB  3560,,32.896137,8109,DALLAS,8698 SKILLMAN ST,8265,DALLAS,,3881525.98797633,75243,296764.0,TX,Supermarket,-10766871.3546158,-96.720451
,KROGER 559,,32.914948,8174,GARLAND,1406 W WALNUT ST,5841,DALLAS,,3884020.16672407,75042,332357.0,TX,Super Store,-10759036.5775342,-96.65007
,CVS/ PHARMACY INC 7421,,32.709698,8300,GRAND PRAIRIE,810 W PIONEER PKWY,4708,DALLAS,,3856834.31888332,75051,272719.0,TX,Pharmacy,-10799809.7900661,-97.016342
,Walmart Supercenter 2427,,32.91087,8499,DALLAS,9301 FOREST LANE,    ,DALLAS,,3883479.41359099,75243,297044.0,TX,Super Store,-10768915.6257447,-96.738815
,La Michoacana Meat Market 02,Ste C,32.939621,8638,DALLAS,8702 SPRING VALLEY RD,4232,DALLAS,,3887292.40058322,75240,297107.0,TX,Supermarket,-10770430.0160974,-96.752419
,La Michoacana Meat Market 07,,32.75116,8787,DALLAS,833 N WESTMORELAND RD,2524,DALLAS,,3862321.00291502,75211,274004.0,TX,Super Store,-10784096.0420652,-96.875183
,TOM THUMB  1786,,32.671246,8874,GRAND PRAIRIE,4215 S CARRIER PKWY,3203,DALLAS,,3851748.22797765,75052,297668.0,TX,Supermarket,-10798363.4159222,-97.003349
,TOM THUMB  3623,,32.603264,8958,DESOTO,210 E PLEASANT RUN RD,3938,DALLAS,,3842761.52167972,75115,381996.0,TX,Supermarket,-10781939.672209,-96.855812
,DOLLAR GENERAL 8993,Ste 124,32.79435,9048,MESQUITE,2110 N GALLOWAY AVE,5738,DALLAS,,3868039.07048987,75150,383772.0,TX,Discount Retail,-10754615.1899989,-96.610352
,CVS/ PHARMACY INC 6781,,32.720387,9073,DALLAS,2323 W ILLINOIS AVE,1637,DALLAS,,3858248.55467848,75224,355882.0,TX,Pharmacy,-10782017.8184916,-96.856514
,DOLLAR GENERAL 2939,Ste 412,32.952534,9262,CARROLLTON,1103 S JOSEY LN,7664,DALLAS,,3889005.33922027,75006,355326.0,TX,Discount Retail,-10785764.9438712,-96.890175
,SARAS MEDITERRANEAN FOOD,,32.942101,9429,RICHARDSON,750 S SHERMAN ST,4028,DALLAS,,3887621.35877912,75081,290356.0,TX,Super Store,-10768993.7720272,-96.739517
,COX FARMS MARKET,,32.641109,9885,DUNCANVILLE,1026 S MAIN ST,2320,DALLAS,,3847763.5017876,75137,349235.0,TX,Supermarket,-10787791.4038816,-96.908379
,TOM THUMB  3563,,32.648357,10687,DUNCANVILLE,633 W WHEATLAND RD,4517,DALLAS,,3848721.71257771,75116,351871.0,TX,Supermarket,-10789396.5196193,-96.922798
,TOM THUMB  2526,,32.962391,10823,RICHARDSON,39 ARAPAHO VILLAGE,    ,DALLAS,,3890313.06097585,75080,437147.0,TX,Supermarket,-10770074.9069218,-96.749229
,DOLLAR GENERAL 1220,,32.962051,10892,GARLAND,5112 N JUPITER RD,5466,DALLAS,,3890267.95096871,75044,452230.0,TX,Discount Retail,-10762517.8719698,-96.681343
,QuikTrip 1922,,32.701626,10999,MESQUITE,5065 LAWSON RD,    ,DALLAS,,3855766.44433536,75181,1594593.0,TX,Convenience Store,-10750320.2614051,-96.57177
,TOM THUMB  3597,,32.910892,11049,DALLAS,11920 PRESTON RD,2711,DALLAS,,3883482.3307799,75230,317988.0,TX,Supermarket,-10775993.7642473,-96.802399
,Walmart STORE 896,,32.675476,11302,GRAND PRAIRIE,2225 W INTERSTATE 20,3926,DALLAS,,3852307.6278072,75052,342686.0,TX,Super Store,-10801959.3694333,-97.035652
,TOM THUMB  1781,,32.97057,11480,COPPELL,106 N DENTON TAP RD,2138,DALLAS,,3891398.27432187,75019,339842.0,TX,Supermarket,-10797100.4962992,-96.992004
,TOM THUMB  2642,,32.85112,11564,DALLAS,5809 E LOVERS LN,4324,DALLAS,,3875559.26568238,75206,342875.0,TX,Supermarket,-10772048.7128131,-96.76696
,TOM THUMB  4606,,32.745941,11783,MESQUITE,1509 PIONEER RD,    ,DALLAS,,3861630.23000173,75149,256065.0,TX,Supermarket,-10751630.7144508,-96.583542
,ALBERTSONS 4133,,32.591988,12693,CEDAR HILL,427 E FM 1382,6027,DALLAS,,3841271.57954567,75104,339383.0,TX,Supermarket,-10790961.7829794,-96.936859
,E Z SHOP #7,,32.860649,12892,GARLAND,4616 NORTHWEST HWY,4911,DALLAS,,3876822.02240745,75043,396087.0,TX,Convenience Store,-10758136.3368122,-96.641983
,DOLLAR GENERAL 13077,,32.749966,12912,MESQUITE,1300 BELTLINE RD,    ,DALLAS,,3862162.96469081,75149,396155.0,TX,Discount Retail,-10753063.5076168,-96.596413
,Walgreens 03824,,32.823269,12952,MESQUITE,4435 GUS THOMASSON RD,2231,DALLAS,,3871869.30531317,75150,397337.0,TX,Pharmacy,-10758588.9618618,-96.646049
,Albertsons 4129,,32.802673,13202,MESQUITE,2828 MOTLEY DR,3425,DALLAS,,3869141.29916275,75150,265405.0,TX,Supermarket,-10758611.8936769,-96.646255
,Pak Bros Llc,,32.762367,13474,DALLAS,9602 SCYENE RD,4918,DALLAS,,3863804.46831889,75227,1605306.0,TX,Convenience Store,-10759751.6939431,-96.656494
,Raceway 6980,,32.803944,13479,DALLAS,3516 N BUCKNER BLVD,5608,DALLAS,,3869309.62887974,75228,1578256.0,TX,Convenience Store,-10762581.5467186,-96.681915
,Walgreens 04459,,32.676838,13504,DALLAS,8120 S COCKRELL HILL RD,9668,DALLAS,,3852487.752255,75236,456546.0,TX,Pharmacy,-10785913.5553914,-96.89151
,CVS/ PHARMACY 6965,,32.879082,13934,DALLAS,7203 SKILLMAN ST,4901,DALLAS,,3879265.09768628,75231,454785.0,TX,Pharmacy,-10768573.42963,-96.735741
,Walmart 1055,,32.962402,13957,GARLAND,5302 N GARLAND AVE,    ,DALLAS,,3890314.52042015,75040,457504.0,TX,Super Store,-10758194.1116279,-96.642502
,WALGREENS 6197,,32.691349,14061,DALLAS,2401 W LEDBETTER DR,4015,DALLAS,,3854407.00199351,75233,320484.0,TX,Pharmacy,-10782142.6076408,-96.857635
,DOLLAR GENERAL 4203,,32.976986,14099,RICHARDSON,521 W CAMPBELL RD,3399,DALLAS,,3892249.63806954,75080,320911.0,TX,Discount Retail,-10768807.7571581,-96.737846
,DOLLAR GENERAL 9628,,32.585079,14136,DESOTO,327 S HAMPTON RD,5745,DALLAS,,3840358.7588835,75115,321045.0,TX,Discount Retail,-10782083.1630327,-96.857101
,WALGREENS 7354,,32.828159,14357,IRVING,1330 N BELT LINE RD,4016,DALLAS,,3872517.09437632,75061,371349.0,TX,Pharmacy,-10797283.95082,-96.993652
,TOM THUMB  3522,,32.894958,14361,DALLAS,522 PRESTON ROYAL,    ,DALLAS,,3881369.68023785,75230,372399.0,TX,Supermarket,-10776087.1613001,-96.803238
,DOLLAR GENERAL 1801,Ste 56,32.826015,14491,MESQUITE,4550 GUS THOMASSON RD,1753,DALLAS,,3872233.06958669,75150,371425.0,TX,Discount Retail,-10758722.3226117,-96.647247
,TOM THUMB  2578,,32.938431,14498,GARLAND,2535 FIREWHEEL PKWY,2862,DALLAS,,3887134.55698238,75040,457677.0,TX,Supermarket,-10753936.586383,-96.604256
,KROGER 495,,32.809299,15023,IRVING,515 S MACARTHUR BLVD,2730,DALLAS,,3870018.8650971,75060,360677.0,TX,Super Store,-10793547.9573895,-96.960091
,SUPER MERCADO MEXICO # 1,,32.741077,15109,DALLAS,501 S ROSEMONT AVE,5841,DALLAS,,3860986.48037134,75208,441834.0,TX,Grocery Store,-10781087.8554655,-96.84816
,DOLLAR GENERAL 9369,Ste 200,32.850327,15363,DALLAS,11255 GARLAND RD,2518,DALLAS,,3875454.18562843,75218,442683.0,TX,Discount Retail,-10763165.8627257,-96.687164
,Fiesta Mart 57,,32.761608,15504,DALLAS,2951 S BUCKNER BLVD,6908,DALLAS,,3863703.99394601,75227,361068.0,TX,Super Store,-10762849.1587744,-96.684319
,STOP AND SAVE FOOD STORE,,32.711903,15594,DALLAS,3525 SUNNYVALE ST,4750,DALLAS,,3857126.04323834,75216,413662.0,TX,Convenience Store,-10773981.7757707,-96.784325
,Whole Foods Market 10227,,32.908531,15617,DALLAS,11700 PRESTON RD,6112,DALLAS,,3883169.26750519,75230,437977.0,TX,Super Store,-10775933.4290833,-96.801857
,WALGREENS  4746,,32.953121,15792,DALLAS,3400 BELT LINE RD,2420,DALLAS,,3889083.2120428,75234,361314.0,TX,Pharmacy,-10782745.6253224,-96.863052
,KROGER 403,,32.838512,15972,GARLAND,532 W INTERSTATE 30,5700,DALLAS,,3873888.69678613,75043,437418.0,TX,Super Store,-10753274.9033298,-96.598312
,KROGER 213,,32.723282,16313,DALLAS,752 WYNNEWOOD VILLAGE SHP CTR,1831,DALLAS,,3858631.61431284,75224,417613.0,TX,Super Store,-10779322.1057025,-96.832298
,Walgreens 3879,,32.860291,16360,DALLAS,3732 W NORTHWEST HWY,4953,DALLAS,,3876774.57878529,75220,376935.0,TX,Pharmacy,-10781938.7816531,-96.855804
,Tonys Neighborhood Food Store,,32.800064,16705,DALLAS,820 N FITZHUGH AVE,1003,DALLAS,,3868795.77386943,75246,474793.0,TX,Convenience Store,-10772244.9690753,-96.768723
,Fiesta Mart 53,,32.812954,17087,IRVING,975 E IRVING BLVD,3151,DALLAS,,3870502.97149779,75060,330068.0,TX,Super Store,-10790755.3966434,-96.935005
,DOLLAR GENERAL 1604,Ste 200,32.65934,17168,GRAND PRAIRIE,1690 W POLO RD,1818,DALLAS,,3850173.85137263,75052,403906.0,TX,Discount Retail,-10800944.4696357,-97.026535
,SAVERS COST PLUS # 525,,32.818645,17183,IRVING,504 N O CONNOR RD,8421,DALLAS,,3871256.78665926,75061,404012.0,TX,Super Store,-10792186.5200171,-96.947861
,WALGREENS 07737,,32.907719,17400,ROWLETT,3435 LAKEVIEW PKWY,3368,DALLAS,,3883061.60006603,75088,503300.0,TX,Pharmacy,-10750130.0163954,-96.570061
,KROGER 893,,32.743679,17465,MESQUITE,1919 FAITHON LUCAS,    ,DALLAS,,3861330.8502882,75181,503883.0,TX,Super Store,-10748191.8327412,-96.55265
,DOLLAR GENERAL  8785,,32.915524,17481,ROWLETT,8400 LAKEVIEW PKWY,9302,DALLAS,,3884096.54779145,75088,504011.0,TX,Discount Retail,-10744576.3983192,-96.520172
,DOLLAR GENERAL 3163,Ste 112,32.759491,18064,MESQUITE,625 PIONEER RD,5286,DALLAS,,3863423.75572182,75149,476463.0,TX,Discount Retail,-10751640.065288,-96.583626
,Target Store 1775,,32.975258,18114,DALLAS,16371 COIT RD,    ,DALLAS,,3892020.33700924,75248,475130.0,TX,Super Store,-10772255.099149,-96.768814
,Cedar Hill Farmers Market ,,32.587799,18252,CEDAR HILL,300 HOUSTON ST,2678,DALLAS,,3840718.11829609,75104,1594446.0,TX,Farmers and Markets,-10793161.4561174,-96.956619
,Flowers Bakery Outlet 550,,32.710175,18303,GRAND PRAIRIE,180 W PIONEER PKWY,    ,DALLAS,,3856897.42598975,75051,477875.0,TX,Convenience Store,-10798493.4370875,-97.004517
,Mr K Convenience Store,,32.759064,18397,DALLAS,4302 MALCOLM X BLVD,4307,DALLAS,,3863367.23233385,75215,1598815.0,TX,Convenience Store,-10770855.4791913,-96.756241
,Fair Park Grocery,,32.775208,18920,DALLAS,2203 LAGOW ST,1122,DALLAS,,3865504.45511862,75210,477437.0,TX,Convenience Store,-10770215.0581607,-96.750488
,WALGREENS 03886,,32.670052,19112,GRAND PRAIRIE,4202 S CARRIER PKWY,3213,DALLAS,,3851590.33125854,75052,482508.0,TX,Pharmacy,-10798507.0180653,-97.004639
,TOM THUMB 2990,,32.844452,19130,DALLAS,7117 INWOOD RD,4898,DALLAS,,3874675.721412,75209,540797.0,TX,Supermarket,-10778120.4117994,-96.821503
,KROGER 518,,32.836658,19370,DALLAS,5665 E MOCKINGBIRD LN,5380,DALLAS,,3873643.06048965,75206,481365.0,TX,Super Store,-10772417.2916471,-96.770271
,KROGER 450,,32.813625,19843,MESQUITE,3600 GUS THOMASSON RD,6200,DALLAS,,3870591.84791408,75150,480897.0,TX,Super Store,-10757347.3042615,-96.634895
,Albertsons 4231,,32.743946,19932,GRAND PRAIRIE,215 N CARRIER PKWY,5425,DALLAS,,3861366.18781631,75050,540698.0,TX,Supermarket,-10800014.5066096,-97.018181
,La Michoacana Meat Market 10,,32.747978,20175,GRAND PRAIRIE,1630 E MAIN ST,6032,DALLAS,,3861899.83707082,75050,388521.0,TX,Supermarket,-10796089.8266422,-96.982925
,QuikTrip 936,,32.833839,20742,DALLAS,3230 W MOCKINGBIRD LN,5904,DALLAS,,3873269.58125736,75235,429089.0,TX,Convenience Store,-10779879.2597539,-96.837303
,TOM THUMB 2561,,32.862823,20839,GARLAND,925 NORTHWEST HWY,5827,DALLAS,,3877110.13387888,75041,428155.0,TX,Supermarket,-10758149.0272342,-96.642097
,KROGER  527,,32.660671,20872,DUNCANVILLE,200 W CAMP WISDOM RD,3329,DALLAS,,3850349.84425752,75116,428179.0,TX,Super Store,-10787887.3612826,-96.909241
,Foodland Markets #3,,32.734982,20938,DALLAS,1314 S BUCKNER BLVD,1742,DALLAS,,3860179.85768858,75217,432879.0,TX,Super Store,-10762549.2640662,-96.681625
,CVS/ PHARMACY 7456,,32.747967,21038,DALLAS,2427 W JEFFERSON BLVD,2625,DALLAS,,3861898.38114962,75211,629475.0,TX,Pharmacy,-10782129.0266629,-96.857513
,La Potosina Carniceria,,32.778069,21336,DALLAS,5302 SINGLETON BLVD,3243,DALLAS,,3865883.24892612,75212,400454.0,TX,Grocery Store,-10787779.4926961,-96.908272
,Walgreens 05162,,32.893185,21448,DALLAS,8310 ABRAMS RD,7604,DALLAS,,3881134.62595225,75243,628259.0,TX,Pharmacy,-10768937.7783234,-96.739014
,Walmart SUPERCENTER 3224,,32.842365,21461,GARLAND,555 W I 30,5702,DALLAS,,3874399.19682561,75043,403290.0,TX,Super Store,-10753211.228581,-96.59774
,Gold Star Food Mart,,32.694687,21783,DALLAS,2837 E LEDBETTER DR,7515,DALLAS,,3854848.53572495,75216,1656344.0,TX,Convenience Store,-10772794.4420819,-96.773659
,TOM THUMB  3650,,32.952484,21955,DALLAS,14999 PRESTON RD,9116,DALLAS,,3888998.7061247,75254,406601.0,TX,Supermarket,-10776308.7984062,-96.805229
,Walmart Supercenter 471,,32.591316,22084,LANCASTER,150 N INTERSTATE 35 E,1844,DALLAS,,3841182.79146802,75146,507656.0,TX,Super Store,-10778171.2848067,-96.82196
,QuikTrip 925,,32.64246,22184,DUNCANVILLE,925 S COCKRELL HILL RD,2623,DALLAS,,3847942.10279497,75137,567235.0,TX,Convenience Store,-10785916.1157397,-96.891533
,KROGER 429,,32.828999,22292,IRVING,2201 W GRAUWYLER RD,4345,DALLAS,,3872628.37461484,75061,566515.0,TX,Super Store,-10795221.8685725,-96.975128
,CVS/ PHARMACY 6847,,32.916332,22759,GARLAND,2510 W WALNUT ST,6439,DALLAS,,3884203.6942931,75042,407404.0,TX,Pharmacy,-10760798.0971566,-96.665894
,DOLLAR GENERAL  3277,,32.84639,22819,GARLAND,6551 DUCK CREEK DR,3644,DALLAS,,3874932.50952898,75043,409972.0,TX,Discount Retail,-10753190.8571142,-96.597557
,Albertsons 4289,,32.834888,22840,DALLAS,320 CASA LINDA PLZ,3414,DALLAS,,3873408.55813197,75218,563877.0,TX,Supermarket,-10764834.7645317,-96.702156
,KROGER 545,Ste 500,32.605659,22868,DESOTO,1001 N BECKLEY,    ,DALLAS,,3843078.00657514,75115,407622.0,TX,Super Store,-10778335.2584166,-96.823433
,Fiesta Mart 58,,32.938869,22952,DALLAS,8060 SPRING VALLEY RD,3827,DALLAS,,3887192.65379181,75240,411039.0,TX,Super Store,-10772044.4826724,-96.766922
,WALGREENS 4203,,32.720303,22985,DALLAS,438 W ILLINOIS AVE,2204,DALLAS,,3858237.44018044,75224,411139.0,TX,Pharmacy,-10779028.3335663,-96.829659
,Walgreens 3885,,32.741341,23006,GRAND PRAIRIE,507 S CARRIER PKWY,1511,DALLAS,,3861021.41982764,75051,304147.0,TX,Pharmacy,-10799611.9753309,-97.014565
,KWIK PIK FOOD STORE # 8,,32.830307,23468,IRVING,1914 E GRAUWYLER RD,3100,DALLAS,,3872801.65593901,75061,303512.0,TX,Convenience Store,-10788948.1247104,-96.91877
,KROGER 588,,32.908112,23671,DALLAS,9140 FOREST LN,4202,DALLAS,,3883113.70992252,75243,306778.0,TX,Super Store,-10769609.5914503,-96.745049
,DOLLAR GENERAL 3247,Ste 110,32.685375,23682,GRAND PRAIRIE,3480 S CARRIER PKWY,6466,DALLAS,,3853616.8327434,75052,303667.0,TX,Discount Retail,-10799339.2425785,-97.012115
,Super Mercado Monterrey,,32.744846,23689,DALLAS,300 E JEFFERSON BLVD,2632,DALLAS,,3861485.30385969,75203,306851.0,TX,Super Store,-10777971.8002792,-96.820168
,DOLLAR GENERAL 3896,,32.646549,24127,DUNCANVILLE,728 W WHEATLAND RD,4521,DALLAS,,3848482.68142456,75116,367311.0,TX,Discount Retail,-10789546.9122514,-96.924149
,TOM THUMB  2503,,32.864254,24293,DALLAS,4001 VILLANOVA ST,5317,DALLAS,,3877299.78240446,75225,596612.0,TX,Supermarket,-10775964.8211797,-96.802139
,Richland Market Grocery Inc.,Ste 102,32.923607,24510,DALLAS,9410 WALNUT ST,2111,DALLAS,,3885168.45468417,75243,443887.0,TX,Other,-10768652.355149,-96.73645
,La Michoacana Meat Market 13,,32.743134,24534,DALLAS,800 W JEFFERSON BLVD,4923,DALLAS,,3861258.71970745,75208,597503.0,TX,Supermarket,-10779736.5481667,-96.836021
,Malone's Cost Plus 3,,32.696178,25116,DALLAS,323 GOLDEN TRIANGLE SHP CTR,4423,DALLAS,,3855045.76298682,75224,444807.0,TX,Super Store,-10780199.4146095,-96.840179
,Walgreens 04624,,32.77533,25519,DALLAS,1461 ROBERT B CULLUM BLVD,2404,DALLAS,,3865520.60755948,75210,446279.0,TX,Pharmacy,-10771593.5274152,-96.762871
,Texas Food Mart,Ste E,32.64621,25709,DALLAS,2984 W WHEATLAND RD,3575,DALLAS,,3848437.86362134,75237,1632720.0,TX,Convenience Store,-10783466.7529837,-96.86953
,WALGREENS 4662,,32.879189,26169,GARLAND,3045 BROADWAY BLVD,3733,DALLAS,,3879279.28074864,75041,420013.0,TX,Pharmacy,-10755908.6111624,-96.621971
,HEB Central Market 552,,32.850964,26339,DALLAS,5750 E LOVERS LN,2921,DALLAS,,3875538.59412216,75206,370981.0,TX,Supermarket,-10772255.9897049,-96.768822
,TARGET STORE T 1784,,32.864704,26669,DALLAS,6419 SKILLMAN ST,7109,DALLAS,,3877359.42093802,75231,420449.0,TX,Super Store,-10769552.595871,-96.744537
,TOM THUMB  3614,,32.74218,26672,DALLAS,315 S HAMPTON RD,5618,DALLAS,,3861132.45916581,75208,716935.0,TX,Supermarket,-10782067.0217065,-96.856956
,Rns Final Stop n/a,Ste 101,32.699333,26973,GRAND PRAIRIE,3005 S CARRIER PKWY,5645,DALLAS,,3855463.1125548,75052,1073429.0,TX,Convenience Store,-10799605.0735225,-97.014503
,Jimmy's Food Store,,32.804131,27349,DALLAS,4901 BRYAN ST,7613,DALLAS,,3869334.39513877,75206,420861.0,TX,Super Store,-10772791.8817336,-96.773636
,MINIT MARKIT,Ste 107,32.851643,27553,GARLAND,5150 DUCK CREEK DR,3459,DALLAS,,3875628.56867829,75043,421921.0,TX,Convenience Store,-10754619.4201396,-96.61039
,Walmart SUPERCENTER  2976,,32.812256,27603,MESQUITE,915 N TOWN EAST BLVD,4743,DALLAS,,3870410.51954442,75150,486383.0,TX,Super Store,-10754506.4308564,-96.609375
,Walmart NEIGHBORHOOD MKT  5021,,32.836021,28091,DALLAS,2275 GUS THOMASSON RD,3002,DALLAS,,3873558.66559983,75228,722326.0,TX,Super Store,-10761779.0445094,-96.674706
,Albertsons 4187,,32.745331,28149,MESQUITE,1500 S BELT LINE RD,5943,DALLAS,,3861549.49467089,75149,512741.0,TX,Supermarket,-10752942.8372887,-96.595329
,LA AZTECA MEAT MARKET,Ste 203,32.862423,28439,DALLAS,3701 W NORTHWEST HWY,4961,DALLAS,,3877057.12295842,75220,511100.0,TX,Supermarket,-10782106.0948478,-96.857307
,Joppy Momma Farm,,32.716854,28576,DALLAS,7728 CARBONDALE ST,4113,DALLAS,,3857781.09322281,75216,1583989.0,TX,Farmers and Markets,-10770268.6028358,-96.750969
,Walgreens 05210,,32.590076,28674,CEDAR HILL,501 E BELT LINE RD,2210,DALLAS,,3841018.95807239,75104,509834.0,TX,Pharmacy,-10790520.1785594,-96.932892
,EAGLE FOOD MART,,32.749428,28886,GRAND PRAIRIE,3002 E MAIN ST,4757,DALLAS,,3862091.75552999,75050,719789.0,TX,Convenience Store,-10793533.4858557,-96.959961
,CVS/PHARMACY 7739,,32.83527,28962,DALLAS,10306 FERGUSON RD,3015,DALLAS,,3873459.16784972,75228,718891.0,TX,Pharmacy,-10761485.9402902,-96.672073
,Fiesta Mart 29,,32.743187,29184,DALLAS,611 W JEFFERSON BLVD,    ,DALLAS,,3861265.73422162,75208,492732.0,TX,Super Store,-10779406.2632376,-96.833054
,Shell/Kwik Mart/Popeyes 4586,,32.733761,29288,DALLAS,9540 LAKE JUNE RD,2637,DALLAS,,3860018.27510092,75217,689280.0,TX,Convenience Store,-10759839.1910629,-96.65728
,Walmart SUPERCENTER  2649,,32.919243,29374,IRVING,1635 MARKET PL,7239,DALLAS,,3884589.72154468,75063,686314.0,TX,Super Store,-10794415.9154592,-96.967888
,Walmart  2667,,32.79417,29496,DALLAS,7401 SAMUELL BLVD,6166,DALLAS,,3868015.23393157,75228,691140.0,TX,Super Store,-10763406.2015064,-96.689323
,KROGER 461,,32.970215,29508,SACHSE,5190 HIGHWAY 78,4202,DALLAS,,3891351.16981044,75048,425067.0,TX,Super Store,-10753979.889665,-96.604645
,KROGER 517,,32.952911,29723,RICHARDSON,160 NORTH COIT RD,    ,DALLAS,,3889055.35288163,75080,425493.0,TX,Super Store,-10772120.0686067,-96.767601
,KROGER 528,,32.813343,30215,DALLAS,4142 CEDAR SPRINGS RD,3522,DALLAS,,3870554.49589582,75219,462252.0,TX,Super Store,-10777081.6896308,-96.812172
,DOLLAR GENERAL 8278,,32.607063,30320,DESOTO,1010 N POLK ST,4012,DALLAS,,3843263.54069462,75115,494444.0,TX,Discount Retail,-10780247.0593515,-96.840607
,Family Dollar 7830,,32.755733,30326,GRAND PRAIRIE,1054 N CARRIER PKWY,3301,DALLAS,,3862926.30626239,75050,836948.0,TX,Discount Retail,-10799936.3603271,-97.017479
,DOLLAR GENERAL 3351,Ste A,32.590786,30512,CEDAR HILL,103 E BELT LINE RD,2274,DALLAS,,3841112.76562638,75104,461640.0,TX,Discount Retail,-10791502.7957046,-96.941719
,Walgreens 3921,,32.940842,30950,IRVING,10001 N MACARTHUR BLVD,5002,DALLAS,,3887454.35828397,75063,461096.0,TX,Pharmacy,-10792674.8786232,-96.952248
,El Rancho 1614,,32.942604,31108,DALLAS,14211 COIT RD,2862,DALLAS,,3887688.08005474,75254,838402.0,TX,Super Store,-10772443.6743664,-96.770508
,DOLLAR GENERAL 0743,Ste 105,32.830601,31744,IRVING,245 E GRAUWYLER RD,2639,DALLAS,,3872840.60484483,75061,570002.0,TX,Discount Retail,-10791726.2139226,-96.943726
,Albertsons 4265,,32.846088,31939,GARLAND,5710 BROADWAY BLVD,5818,DALLAS,,3874892.49367444,75043,570481.0,TX,Supermarket,-10752786.5447237,-96.593925
,Walmart NEIGHBORHOOD MARKET  2974,,32.931419,32008,RICHARDSON,1501 BUCKINGHAM RD,5304,DALLAS,,3886204.51663861,75081,555829.0,TX,Super Store,-10764298.872503,-96.697342
,Fiesta Mart 34,,32.71043,32159,DALLAS,3030 S LANCASTER RD,4455,DALLAS,,3856931.16263159,75216,472437.0,TX,Super Store,-10776090.5008848,-96.803268
,CVS/PHARMACY 7679,,32.811577,32254,IRVING,934 E IRVING BLVD,3150,DALLAS,,3870320.5848883,75060,489379.0,TX,Pharmacy,-10790707.8632209,-96.934578
,DOLLAR GENERAL 4540,,32.910561,33020,ROWLETT,5610 ROWLETT RD,3402,DALLAS,,3883438.44042329,75089,572752.0,TX,Discount Retail,-10750058.6606018,-96.56942
,TOM THUMB 2643,,32.938877,33111,ADDISON,14280 MARSH LN,3857,DALLAS,,3887193.71492342,75001,571438.0,TX,Supermarket,-10781926.9817871,-96.855698
,DOLLAR GENERAL 1896,,32.931202,33144,GARLAND,1464 W BUCKINGHAM RD,4201,DALLAS,,3886175.7359045,75042,499116.0,TX,Discount Retail,-10764454.2745122,-96.698738
,Walgreens 03957,,32.685707,33236,DALLAS,5101 S LANCASTER RD,1328,DALLAS,,3853660.74434416,75241,495510.0,TX,Pharmacy,-10774587.2424811,-96.789764
,KROGER 436,,32.598297,33327,CEDAR HILL,235 E FM 1382,2146,DALLAS,,3842105.18936929,75104,496172.0,TX,Super Store,-10791527.3973121,-96.94194
,DOLLAR GENERAL 4497,,32.647991,33367,SEAGOVILLE,607 N HIGHWAY 175,1832,DALLAS,,3848673.32424397,75159,490855.0,TX,Discount Retail,-10746859.3384364,-96.54068
,Apna Bazaar Grocery,Ste 104,32.968933,33874,CARROLLTON,2000 OLD DENTON RD,3181,DALLAS,,3891181.06439053,75006,494900.0,TX,Grocery Store,-10788109.8889447,-96.91124
,KROGER 577,,32.909023,34012,IRVING,7505 N MACARTHUR BLVD,7511,DALLAS,,3883234.50490686,75063,466187.0,TX,Super Store,-10793644.694027,-96.96096
,Hong Kong Market Place,Ste 360,32.921951,34079,DALLAS,9780 WALNUT ST,2356,DALLAS,,3884948.84039843,75243,466803.0,TX,Super Store,-10766715.1733702,-96.719048
,TARGET STORE T 55,,32.856903,34577,DALLAS,212 MEDALLION SHOPPING CTR,    ,DALLAS,,3876325.59666827,75214,799092.0,TX,Super Store,-10770412.0936594,-96.752258
,TOM THUMB  2534,,32.837471,35141,DALLAS,6333 E MOCKINGBIRD LN,2692,DALLAS,,3873750.77415642,75214,534052.0,TX,Supermarket,-10770619.3705513,-96.75412
,Meez Food Mart,,32.894119,35238,DALLAS,10020 ROYAL LN,1204,DALLAS,,3881258.44978931,75238,534782.0,TX,Convenience Store,-10766476.5043819,-96.716904
,Dollar Tree 6547,,32.899487,35703,GARLAND,1501 S 1ST ST,7941,DALLAS,,3881970.13073377,75040,841909.0,TX,Discount Retail,-10756963.4746572,-96.631447
,Dollar Tree 8042,,32.944252,35709,GARLAND,1446 BELT LINE RD,6800,DALLAS,,3887906.68442786,75044,841911.0,TX,Discount Retail,-10758919.3581104,-96.649017
,DOLLAR GENERAL 1826,,32.661289,35902,DUNCANVILLE,422 W CAMP WISDOM RD,2628,DALLAS,,3850431.56085307,75116,606392.0,TX,Discount Retail,-10788590.566506,-96.915558
,DOLLAR GENERAL 0584,Ste 200,32.931416,36067,RICHARDSON,1455 BUCKINHAM RD,    ,DALLAS,,3886204.11874779,75081,700352.0,TX,Discount Retail,-10764409.3014379,-96.698334
,Walgreens 03803,,32.973011,36768,CARROLLTON,2141 N JOSEY LN,2903,DALLAS,,3891722.17272283,75006,473690.0,TX,Pharmacy,-10785747.9119891,-96.890022
,Walgreens 03822,,32.770275,36961,MESQUITE,401 N GALLOWAY AVE,4327,DALLAS,,3864851.35898844,75149,524945.0,TX,Pharmacy,-10753424.4054059,-96.599655
,Malone's Cost Plus 2,,32.734428,36975,DALLAS,7007 LAKE JUNE RD,1327,DALLAS,,3860106.54311977,75217,560727.0,TX,Super Store,-10764782.1104126,-96.701683
,KROGER  870,,32.951031,37002,ADDISON,3770 BELT LINE RD,4301,DALLAS,,3888805.95000644,75001,575323.0,TX,Super Store,-10781590.5742859,-96.852676
,TOM THUMB  1540,,32.909679,37062,DALLAS,3757 FOREST LN,7127,DALLAS,,3883321.48867304,75244,528247.0,TX,Supermarket,-10781638.219028,-96.853104
,KROGER 492,,32.719452,37673,BALCH SPRINGS,11925 ELAM RD,2820,DALLAS,,3858124.84032032,75180,574999.0,TX,Super Store,-10755713.2454561,-96.620216
,Walgreens 04293,,32.603661,37845,DESOTO,734 E PLEASANT RUN RD,4006,DALLAS,,3842813.98226521,75115,620387.0,TX,Pharmacy,-10780337.0055001,-96.841415
,CVS PHARMACY INC 5259,,32.945854,38364,RICHARDSON,2129 E BELT LINE RD,3931,DALLAS,,3888119.19088551,75081,804195.0,TX,Pharmacy,-10762751.4202615,-96.683441
,CVS PHARMACY INC 5260,,32.865337,38390,IRVING,3401 W WALNUT HILL LN,4102,DALLAS,,3877443.31298746,75038,804274.0,TX,Pharmacy,-10797144.690137,-96.992401
,CVS PHARMACY INC 4985,Ste 140,32.864292,38470,DALLAS,8335 WESTCHESTER DR,5717,DALLAS,,3877304.81853559,75225,804430.0,TX,Pharmacy,-10776568.7294172,-96.807564
,CVS PHARMACY INC 3900,,32.938972,38478,DALLAS,14041 NOEL RD,7310,DALLAS,,3887206.31586869,75240,804434.0,TX,Pharmacy,-10777812.0568099,-96.818733
,CVS PHARMACY INC 2979,,32.836452,38489,DALLAS,6120 E MOCKINGBIRD LN,2601,DALLAS,,3873615.76788447,75214,804438.0,TX,Pharmacy,-10771361.6489159,-96.760788
,7-Eleven Convenience Store 35421B,,32.895161,39017,DALLAS,10804 PRESTON RD,3809,DALLAS,,3881396.59312683,75230,1633545.0,TX,Convenience Store,-10776128.7947896,-96.803612
,Walmart Supercenter 2105,,32.924229,39072,DALLAS,4122 LBJ FREEWAY,5121,DALLAS,,3885250.94372043,75244,536218.0,TX,Super Store,-10780107.6873491,-96.839355
,K Convenience,,32.76115,39867,DALLAS,4818 S 2ND AVE,2803,DALLAS,,3863643.36555565,75210,1641369.0,TX,Convenience Store,-10769520.3132187,-96.744247
,Chevron Food Mart # 201 201,,32.661926,39965,DALLAS,7107 S R L THORNTON FWY,4035,DALLAS,,3850515.79036246,75232,956751.0,TX,Convenience Store,-10778378.5616986,-96.823822
,Super H Mart,Ste 200,32.984859,40084,CARROLLTON,2625 OLD DENTON RD,5111,DALLAS,,3893294.42128629,75007,845954.0,TX,Super Store,-10787976.5281948,-96.910042
,J DAVIS FISH MARKET,,32.768143,40322,DALLAS,2536 S 2ND AVE,2000,DALLAS,,3864569.10768354,75210,701576.0,TX,Other,-10770468.9779192,-96.752769
,DOLLAR GENERAL 7105,,32.979805,40432,SACHSE,6502 HIGHWAY 78,3202,DALLAS,,3892623.72159476,75048,701645.0,TX,Discount Retail,-10752235.4019247,-96.588974
,Family Dollar 7822,,32.760784,40459,DALLAS,3324 ELSIE FAYE HEGGINS ST,4437,DALLAS,,3863594.91601811,75215,845019.0,TX,Discount Retail,-10769825.217304,-96.746986
,S & T Food Mart,Ste 100,32.951988,40523,GARLAND,3845 N GARLAND AVE,8500,DALLAS,,3888932.90601994,75040,845489.0,TX,Convenience Store,-10759566.5696299,-96.654831
,Walmart Supercenter 5288,,32.649773,40545,SEAGOVILLE,220 N HIGHWAY 175,1841,DALLAS,,3848908.921767,75159,538392.0,TX,Super Store,-10746113.6091675,-96.533981
,Target T 2334,,32.650108,40599,DALLAS,39739 LYNDON B JOHNSON FWY,3560,DALLAS,,3848953.21251026,75237,844255.0,TX,Super Store,-10782666.6998034,-96.862343
,DOLLAR GENERAL 11115,,32.560692,40651,GLENN HEIGHTS,604 E BEAR CREEK RD,8301,DALLAS,,3837137.29805273,75154,844552.0,TX,Discount Retail,-10780561.314274,-96.84343
,DOLLAR GENERAL 10974,,32.930561,40653,GARLAND,1290 PLEASANT VALLEY RD,4825,DALLAS,,3886090.72041557,75040,844555.0,TX,Discount Retail,-10754846.9571787,-96.612434
,Walmart  1118,,32.733917,40816,BALCH SPRINGS,12300 LAKE JUNE RD,1636,DALLAS,,3860038.91943595,75180,588011.0,TX,Super Store,-10755211.3058721,-96.615707
,La Michoacana Meat Market 04,,32.867874,41601,DALLAS,6770 GREENVILLE AVE,6402,DALLAS,,3877779.54984916,75231,704764.0,TX,Supermarket,-10772012.2000201,-96.766632
,Walmart 3285,,32.597431,41786,CEDAR HILL,621 UPTOWN BLVD,    ,DALLAS,,3841990.76108695,75104,614621.0,TX,Super Store,-10792091.3418524,-96.947006
,E-Z  Mart 4344,,32.743336,41789,MESQUITE,1946 CLAY MATHIS RD,1512,DALLAS,,3861285.45429326,75181,706868.0,TX,Convenience Store,-10748298.0315354,-96.553604
,Walgreens 04012,,32.865627,42011,DALLAS,6707 W NORTHWEST HWY,4201,DALLAS,,3877481.74714376,75225,529305.0,TX,Pharmacy,-10774495.5152207,-96.78894
,La Michoacana Meat Market 9,,32.738071,42202,DALLAS,1506 S BUCKNER BLVD,1705,DALLAS,,3860588.654316,75217,624731.0,TX,Supermarket,-10762629.1914606,-96.682343
,DOLLAR GENERAL 0852,Ste 101,32.909824,42582,DALLAS,9035 FOREST LN,4160,DALLAS,,3883340.71535467,75243,621726.0,TX,Discount Retail,-10769958.5780539,-96.748184
,KROGER 402,,32.855103,42655,IRVING,3612 N BELT LINE RD,7805,DALLAS,,3876087.06532851,75062,621772.0,TX,Super Store,-10796972.2562458,-96.990852
,Walgreens 07586,,32.84343,42864,GARLAND,5950 BROADWAY BLVD,5822,DALLAS,,3874540.30702638,75043,581399.0,TX,Pharmacy,-10752950.5183336,-96.595398
,STOP N BUY,,32.833015,42927,IRVING,2924 W IRVING BLVD,1724,DALLAS,,3873160.4146827,75061,623154.0,TX,Convenience Store,-10796683.4934866,-96.988258
,Walmart SUPERCENTER 1800,,32.863049,43225,GARLAND,1801 MARKETPLACE DR,5605,DALLAS,,3877140.08515464,75041,711106.0,TX,Super Store,-10759258.2146404,-96.652061
,WALGREENS 4054,,32.80061,43280,IRVING,1050 W SHADY GROVE RD,5867,DALLAS,,3868868.08303817,75060,711671.0,TX,Pharmacy,-10793374.6329423,-96.958534
,DOLLAR GENERAL 0600,,32.709579,43422,GRAND PRAIRIE,604 E PIONEER PKWY,4956,DALLAS,,3856818.57523431,75051,710853.0,TX,Discount Retail,-10797744.2569144,-96.997787
,DOLLAR GENERAL 7294,,32.64661,43438,DUNCANVILLE,418 E WHEATLAND RD,4829,DALLAS,,3848490.74600306,75116,710972.0,TX,Discount Retail,-10786934.4664414,-96.900681
,TOM THUMB 3608,,32.865372,43529,DALLAS,7700 W NORTHWEST HWY,2288,DALLAS,,3877447.95158586,75225,714056.0,TX,Supermarket,-10772859.0073866,-96.774239
,La Michoacana Meat Market Dallas 18,Ste D,32.790993,43620,MESQUITE,2002 N GALLOWAY AVE,1500,DALLAS,,3867594.52661834,75149,585111.0,TX,Supermarket,-10754656.712169,-96.610725
,CVS Pharmacy 4272,,32.800388,43650,DALLAS,4202 ROSS AVE,5116,DALLAS,,3868838.68255335,75204,585403.0,TX,Pharmacy,-10773850.975369,-96.78315
,DOLLAR GENERAL 13151,,32.720821,43666,BALCH SPRINGS,3617 SHEPHERD LN,2327,DALLAS,,3858305.9797518,75180,585567.0,TX,Discount Retail,-10755035.5323962,-96.614128
,CVS/PHARMACY 6775,,32.745914,43992,GRAND PRAIRIE,701 E MAIN ST,5867,DALLAS,,3861626.656459,75050,643955.0,TX,Pharmacy,-10797478.4259704,-96.995399
,KROGER 191,,32.709351,44368,GRAND PRAIRIE,313 W PIONEER PKWY,    ,DALLAS,,3856788.41099066,75051,661353.0,TX,Super Store,-10798618.2262366,-97.005638
,Super 1 Foods 649,,32.649834,44382,SEAGOVILLE,125 HALL RD,2915,DALLAS,,3848916.98663626,75159,665845.0,TX,Supermarket,-10747744.3283882,-96.54863
,Hunt Food Store,Ste 101,32.711452,45566,DALLAS,7932 GREAT TRINITY FOREST WAY,6609,DALLAS,,3857066.37476781,75217,765476.0,TX,Supermarket,-10762971.3875753,-96.685417
,KROGER 209,,32.771667,45646,MESQUITE,525 N GALLOWAY,    ,DALLAS,,3865035.6467906,75149,641296.0,TX,Super Store,-10753378.5417757,-96.599243
,Super Trac,,32.743912,45935,GRAND PRAIRIE,201 W JEFFERSON ST,1775,DALLAS,,3861361.68790048,75051,1355305.0,TX,Convenience Store,-10798600.4151181,-97.005478
,Sprouts Farmers Market 164,,32.762844,46049,DALLAS,1322 N HAMPTON RD,1306,DALLAS,,3863867.61273065,75208,1653522.0,TX,Supermarket,-10782016.9279356,-96.856506
,CVS/ PHARMACY INC 7740,Ste 600,32.888847,46890,DALLAS,10455 N CENTRAL EXPWY,    ,DALLAS,,3880559.53834723,75231,727946.0,TX,Pharmacy,-10772599.9669315,-96.771912
,La Michoacana Meat Market 27,,32.953079,46899,CARROLLTON,2004 E BELT LINE RD,5738,DALLAS,,3889077.64020527,75006,805380.0,TX,Supermarket,-10785307.9773615,-96.88607
,DOLLAR GENERAL 3369,,32.860695,46972,GARLAND,839 W CENTERVILLE RD,5804,DALLAS,,3876828.11852921,75041,666160.0,TX,Discount Retail,-10758457.3822236,-96.644867
,CVS PHARMACY INC 7664,,32.73378,47112,DALLAS,1235 S BUCKNER BLVD,4306,DALLAS,,3860020.78947312,75217,731502.0,TX,Pharmacy,-10762758.2107504,-96.683502
,Cynjoe International Market Inc 2,Ste 112,32.902946,47276,DALLAS,9203 SKILLMAN ST,7300,DALLAS,,3882428.74233185,75243,806891.0,TX,Grocery Store,-10766388.1167062,-96.71611
,Dollar Tree 1120,,32.81197,47344,MESQUITE,1601 N TOWN EAST BLVD,4105,DALLAS,,3870372.63829475,75150,806348.0,TX,Discount Retail,-10755665.7120335,-96.619789
,Dollar Tree 1280,,32.795101,47368,DALLAS,9208 E R L THORNTON FWY,6104,DALLAS,,3868138.52242872,75228,806352.0,TX,Discount Retail,-10763142.9309106,-96.686958
,Walgreens 07783,,32.8111,47542,DALLAS,2301 LAKELAND DR,5353,DALLAS,,3870257.40587218,75228,730821.0,TX,Pharmacy,-10764776.989716,-96.701637
,DOLLAR GENERAL 10329,,32.894306,47571,GARLAND,1303 E MILLER RD,2036,DALLAS,,3881283.24122832,75041,805913.0,TX,Discount Retail,-10754894.6019208,-96.612862
,DOLLAR GENERAL 10350,,32.767704,47647,MESQUITE,3000 MILITARY PKWY,3534,DALLAS,,3864510.99017256,75149,805934.0,TX,Discount Retail,-10758495.564809,-96.64521
,DOLLARTREE 10023,,32.776241,47876,SUNNYVALE,403 S COLLINS RD,1202,DALLAS,,3865641.22197778,75182,1591682.0,TX,Discount Retail,-10750043.4098315,-96.569283
,TARGET STORE T 13,,32.92802,47888,DALLAS,13131 MONTFORT DR,5112,DALLAS,,3885753.71499861,75240,807510.0,TX,Super Store,-10777232.8614993,-96.81353
,AUTRYS GROCERY STORE,,32.688526,47913,DALLAS,4903 S LANCASTER RD,7401,DALLAS,,3854033.6027378,75216,729977.0,TX,Convenience Store,-10774737.6351132,-96.791115
,TARGET STORE T 875,,32.803734,47931,DALLAS,2417 N HASKELL AVE,3707,DALLAS,,3869281.8165654,75204,807520.0,TX,Super Store,-10774785.1685358,-96.791542
,TEXAS KING ZABIHA MEAT,Ste A,32.930122,47943,GARLAND,4550 W BUCKINGHAM RD,4575,DALLAS,,3886032.49643459,75042,731438.0,TX,Specialty Store,-10764799.9215311,-96.701843
,WALGREENS 10193,,32.590454,47961,DESOTO,731 W BELT LINE RD,4955,DALLAS,,3841068.90059314,75115,807535.0,TX,Pharmacy,-10783904.1272631,-96.873459
,Dollar Tree 1137,Ste 200,32.944244,47988,RICHARDSON,1750 E BELT LINE RD,4631,DALLAS,,3887905.62323174,75081,808053.0,TX,Discount Retail,-10763722.2375407,-96.692162
,Dollar Tree 1869,,32.834827,47996,IRVING,3542 W AIRPORT FWY,5922,DALLAS,,3873400.47649563,75062,808087.0,TX,Discount Retail,-10797714.5346104,-96.99752
,Dollar Tree 2131,,32.836403,47998,DALLAS,6464 E MOCKINGBIRD LN,2406,DALLAS,,3873609.27596343,75214,808089.0,TX,Discount Retail,-10770145.483479,-96.749863
,Dollar Tree 2636,Ste 307,32.90863,48478,DALLAS,11722 MARSH LN,2682,DALLAS,,3883182.3945142,75229,808114.0,TX,Discount Retail,-10781718.8143393,-96.853828
,TEXAS SEAFOOD FISH MARKET,Ste B,32.689457,48647,DALLAS,4831 S LANCASTER RD,7112,DALLAS,,3854156.74514789,75216,808338.0,TX,Other,-10774756.3367876,-96.791283
,LA MICHOACANA MEAT MARKET DALLAS 24,,32.939812,48815,DALLAS,8282 SPRING VALLEY RD,3843,DALLAS,,3887317.73534218,75240,770855.0,TX,Supermarket,-10771511.150992,-96.762131
,SAVE WAY FOOD STORE,,32.694473,48978,DALLAS,1562 E ANN ARBOR AVE,6384,DALLAS,,3854820.22839366,75216,771171.0,TX,Convenience Store,-10775748.3047701,-96.800194
,DOLLAR GENERAL 7193,,32.842701,49006,IRVING,2309 W ROCHELLE RD,7050,DALLAS,,3874443.7159174,75062,593240.0,TX,Discount Retail,-10795227.879825,-96.975182
,WALGREENS 4705,,32.748295,49069,DALLAS,2060 S BUCKNER BLVD,1823,DALLAS,,3861941.7941499,75217,593843.0,TX,Pharmacy,-10762582.4372745,-96.681923
,DOLLAR GENERAL 1221,,32.734119,49074,BALCH SPRINGS,11903 LAKE JUNE RD STE A,1374,DALLAS,,3860065.6512568,75180,593907.0,TX,Discount Retail,-10755907.831926,-96.621964
,HIEP THAI FOOD STORE,Ste 101,32.91713,49611,GARLAND,3347 W WALNUT ST,7157,DALLAS,,3884309.51568423,75042,591691.0,TX,Super Store,-10762558.6149035,-96.681709
,KROGER 526,,32.93681,49984,RICHARDSON,536 CENTENNIAL BLVD,5147,DALLAS,,3886919.54823399,75081,593053.0,TX,Super Store,-10766888.3864979,-96.720604
,WALGREENS 03802,,32.972691,50075,RICHARDSON,2140 E CAMPBELL RD,2027,DALLAS,,3891679.71113625,75081,642917.0,TX,Pharmacy,-10762752.3108174,-96.683449
,CVS/ PHARMACY INC 5869,,32.842331,50224,MESQUITE,1413 OATES DR,1345,DALLAS,,3874394.6919269,75150,782282.0,TX,Pharmacy,-10756205.0549664,-96.624634
,CVS/ PHARMACY INC 7413,,32.838104,50378,DALLAS,10014 GARLAND RD,2917,DALLAS,,3873834.64046189,75218,782321.0,TX,Pharmacy,-10764106.067145,-96.69561
,CVS 7417,,32.719028,50393,BALCH SPRINGS,11820 ELAM RD,    ,DALLAS,,3858068.73926344,75180,782323.0,TX,Pharmacy,-10756083.605402,-96.623543
,CVS/ PHARMACY INC 7430,,32.811806,50395,DALLAS,8555 FERGUSON RD,5343,DALLAS,,3870350.91623456,75228,782325.0,TX,Pharmacy,-10764786.3405532,-96.701721
,CVS/ PHARMACY INC 7458,,32.814316,50403,SUNNYVALE,3601 N BELT LINE RD,9235,DALLAS,,3870683.37410531,75182,782326.0,TX,Pharmacy,-10753019.3137789,-96.596016
,CVS/ PHARMACY INC 7645,Ste 2,32.771755,50492,MESQUITE,500 N GALLOWAY AVE,4338,DALLAS,,3865047.29726577,75149,782330.0,TX,Pharmacy,-10753194.3080184,-96.597588
,ALDI 75050 75050,,32.759384,50510,DALLAS,2505 FORT WORTH AVE,1745,DALLAS,,3863409.59175606,75211,993693.0,TX,Supermarket,-10782811.081183,-96.86364
,ALDI 75066 75066,,32.811512,50530,IRVING,912 E IRVING BLVD,3150,DALLAS,,3870311.97556845,75060,993704.0,TX,Supermarket,-10790835.2127183,-96.935722
,La Michoacana Meat Market 30,,32.866463,50644,DALLAS,3380 LOMBARDY LN,3341,DALLAS,,3877592.54424258,75220,782409.0,TX,Supermarket,-10783138.9170834,-96.866585
,KROGER 689,,32.985085,51216,DALLAS,17194 PRESTON RD,    ,DALLAS,,3893324.41389868,75248,677513.0,TX,Super Store,-10776009.9055735,-96.802544
,PACKING HOUSE MARKET,,32.767704,51276,DALLAS,3117 MALCOLM X BLVD,2428,DALLAS,,3864510.99017256,75215,693935.0,TX,Supermarket,-10772073.3144205,-96.767181
,WALGREENS 07592,,32.709538,51401,GRAND PRAIRIE,802 E PIONEER PKWY,5348,DALLAS,,3856813.15095674,75051,692875.0,TX,Pharmacy,-10797269.5906057,-96.993523
,TARGET STORE 1430,,32.939968,51414,RICHARDSON,601 S PLANO RD,4512,DALLAS,,3887338.42764664,75081,681246.0,TX,Super Store,-10764230.0770577,-96.696724
,WALGREENS 07839,,32.809433,51503,DALLAS,3802 CEDAR SPRINGS RD,4136,DALLAS,,3870036.61310603,75219,692921.0,TX,Pharmacy,-10776743.6123373,-96.809135
,WALGREENS 5092,,32.805054,51787,DALLAS,3418 MCKINNEY AVE,2304,DALLAS,,3869456.63791848,75204,693214.0,TX,Pharmacy,-10775523.2167597,-96.798172
,Family Dollar 1580,Ste 253,32.738293,52048,DALLAS,1515 S BUCKNER BLVD,1732,DALLAS,,3860618.03422442,75217,826100.0,TX,Discount Retail,-10762828.6759881,-96.684135
,Family Dollar 3252,Ste 138,32.937325,52052,FARMERS BRANCH,2740 VALWOOD PKWY,3562,DALLAS,,3886987.85718713,75234,826105.0,TX,Discount Retail,-10785532.1748159,-96.888084
,Family Dollar 5667,,32.92374,52053,GARLAND,1130 N COUNTRY CLUB RD,5361,DALLAS,,3885186.09296633,75040,826107.0,TX,Discount Retail,-10754981.2084846,-96.61364
,Family Dollar 6402,,32.71291,52054,DALLAS,8025 S LOOP 12,6641,DALLAS,,3857259.27304069,75217,826108.0,TX,Discount Retail,-10762755.6504022,-96.683479
,Family Dollar 3805,,32.719368,52062,DALLAS,2454 W ILLINOIS AVE,1106,DALLAS,,3858113.72593881,75233,826119.0,TX,Discount Retail,-10782204.6125971,-96.858192
,Walmart SUPERCENTER 3406,,32.95882,52307,DALLAS,15220 MONTFORT RD,6401,DALLAS,,3889839.28188678,75248,773725.0,TX,Super Store,-10777521.6242584,-96.816124
,CARROLLTON INDO PAK SUPER MARKET,,32.982067,52660,CARROLLTON,2548 DICKERSON PKWY,1387,DALLAS,,3892923.899417,75006,774101.0,TX,Grocery Store,-10789020.2597404,-96.919418
,La Zacatecana Meat Market,Ste 110,32.935768,52670,GARLAND,2376 LAVON DR,9001,DALLAS,,3886781.33987936,75040,1396114.0,TX,Grocery Store,-10756014.8099567,-96.622925
,ZAM ZAM SUPERMARKET,,32.857109,52790,IRVING,3901 W NORTHGATE DR,1954,DALLAS,,3876352.89556356,75062,776038.0,TX,Grocery Store,-10798279.3697067,-97.002594
,El Rancho 1608,Ste 301,32.738293,52807,DALLAS,1515 S BUCKNER BLVD,1769,DALLAS,,3860618.03422442,75217,776057.0,TX,Super Store,-10762828.6759881,-96.684135
,TARGET STORE T 2234,,32.908829,52833,ROWLETT,4701 LAKEVIEW PKWY,4037,DALLAS,,3883208.78117267,75088,825729.0,TX,Super Store,-10748859.4157275,-96.558647
,El Rancho 1610,,32.722397,52911,DALLAS,655 W ILLINOIS AVE,1814,DALLAS,,3858514.51186131,75224,774507.0,TX,Super Store,-10779277.1326282,-96.831894
,SUPER MERCADO MONTERREY 5,,32.749554,53000,DALLAS,5306 W DAVIS ST,1113,DALLAS,,3862108.43272983,75211,776376.0,TX,Supermarket,-10788346.7768211,-96.913368
,Market Street 564,,32.98872,53499,COPPELL,700 N DENTON TAP RD,4507,DALLAS,,3893806.82774979,75019,874377.0,TX,Supermarket,-10797056.4137808,-96.991608
,Family Dollar Store 1479,,32.828934,53602,IRVING,928 E GRAUWYLER RD,2802,DALLAS,,3872619.76360643,75061,874783.0,TX,Discount Retail,-10790695.9520353,-96.934471
,WALGREENS 09015,,32.778568,53982,DALLAS,4702 N JIM MILLER RD,2801,DALLAS,,3865949.3173213,75227,777565.0,TX,Pharmacy,-10764589.3050545,-96.699951
,TOM THUMB  1783,,32.960854,54271,GARLAND,2645 ARAPAHO RD,7941,DALLAS,,3890109.13858962,75044,656472.0,TX,Supermarket,-10760922.8863057,-96.667015
,Walmart Supercenter 1216,,32.984077,54314,CARROLLTON,1213 E TRINITY MILLS RD,1446,DALLAS,,3893190.64213147,75006,656965.0,TX,Super Store,-10787477.9281955,-96.905563
,La Michoacana Meat Market 25,Ste 224,32.877354,54367,DALLAS,9850 WALNUT HILL LN,    ,DALLAS,,3879036.0502275,75238,785396.0,TX,Grocery Store,-10766408.488173,-96.716293
,SPROUTS FARMERS MARKET 103,,32.908691,54452,DALLAS,11732 MARSH LANE,    ,DALLAS,,3883190.48288059,75229,784986.0,TX,Supermarket,-10781954.9229793,-96.855949
,Gateway 28 Gateway 28,,32.663052,54846,DALLAS,7025 CEDAR RIDGE DR,2527,DALLAS,,3850664.68104219,75236,1584689.0,TX,Convenience Store,-10789781.2397795,-96.926254
,Big Boyz Beer & Wine,,32.714653,54864,DALLAS,3500 E ILLINOIS AVE,3960,DALLAS,,3857489.8819037,75216,1647922.0,TX,Convenience Store,-10771798.1326393,-96.764709
,TOM THUMB  2544,,32.888847,55096,DALLAS,10455 N CENTRAL EXPY,2213,DALLAS,,3880559.53834723,75231,700028.0,TX,Supermarket,-10772599.9669315,-96.771912
,WALGREENS 5093,,32.759399,55483,DALLAS,1306 N BECKLEY AVE,1206,DALLAS,,3863411.57735771,75203,682912.0,TX,Pharmacy,-10778271.5836679,-96.822861
,Natural Grocers By Vitamin Cottage U045,,32.832413,55705,DALLAS,9400 GARLAND RD,3406,DALLAS,,3873080.66013143,75218,1000836.0,TX,Supermarket,-10764840.6644647,-96.702209
,QUIKTRIP 853,,32.709461,55881,GRAND PRAIRIE,1005 W PIONEER PKWY,4706,DALLAS,,3856802.9639056,75051,683428.0,TX,Convenience Store,-10800243.8247607,-97.020241
,Family Dollar 1574,,32.775421,56163,DALLAS,3129 GRAND AVE,1714,DALLAS,,3865532.65570602,75215,829750.0,TX,Discount Retail,-10772118.3988143,-96.767586
,Family Dollar 1309,Ste 119,32.707966,56438,DALLAS,333 S SAINT AUGUSTINE DR,7492,DALLAS,,3856605.1780968,75217,829795.0,TX,Discount Retail,-10759924.1278343,-96.658043
,Family Dollar 1408,,32.895866,56444,GARLAND,885 W MILLER RD,1811,DALLAS,,3881490.05955035,75041,829797.0,TX,Discount Retail,-10758205.1322575,-96.642601
,Family Dollar 1560,,32.801746,56451,DALLAS,8032 FERGUSON RD,5848,DALLAS,,3869018.52991133,75228,829799.0,TX,Discount Retail,-10765958.4234718,-96.71225
,Family Dollar 1569,Ste 229,32.918777,56464,GARLAND,3465 W WALNUT ST,7140,DALLAS,,3884527.92450448,75042,829805.0,TX,Discount Retail,-10762514.5323851,-96.681313
,Family Dollar 1606,Ste 216,32.696251,56471,DALLAS,3939 S POLK ST,4422,DALLAS,,3855055.41940281,75224,829810.0,TX,Discount Retail,-10780320.0849375,-96.841263
,Family Dollar 2872,,32.807251,56486,DALLAS,1300 GREENVILLE AVE,7714,DALLAS,,3869747.61527549,75206,829813.0,TX,Discount Retail,-10772404.6012251,-96.770157
,Family Dollar 1457,,32.662968,56500,DALLAS,1153 W CAMP WISDOM RD,3403,DALLAS,,3850653.57367984,75232,829818.0,TX,Discount Retail,-10780283.5721445,-96.840935
,Family Dollar 1476,,32.708603,56507,DALLAS,3200 S LANCASTER RD STE 750,8822,DALLAS,,3856689.45164489,75216,829820.0,TX,Discount Retail,-10775755.8744955,-96.800262
,Family Dollar 1866,,32.649834,56513,SEAGOVILLE,127 HALL RD,2915,DALLAS,,3848916.98663626,75159,829822.0,TX,Discount Retail,-10747744.3283882,-96.54863
,Family Dollar 1991,,32.835739,56520,DALLAS,2417 GUS THOMASSON RD,3006,DALLAS,,3873521.30416223,75228,829824.0,TX,Discount Retail,-10761830.8080726,-96.675171
,Family Dollar 2768,,32.70929,56527,GRAND PRAIRIE,415 E HIGHWAY 303,4944,DALLAS,,3856780.34074556,75051,829825.0,TX,Discount Retail,-10797972.795829,-96.99984
,Family Dollar 5190,Ste 103,32.903816,56534,DALLAS,9243 SKILLMAN ST,9020,DALLAS,,3882544.09412206,75243,829829.0,TX,Discount Retail,-10766247.1862309,-96.714844
,Family Dollar Store 2853,Ste 254,32.880661,56547,GARLAND,149 W KINGSLEY RD,3431,DALLAS,,3879474.39900819,75041,829845.0,TX,Discount Retail,-10757020.358917,-96.631958
,Family Dollar 3419,,32.747009,56561,DALLAS,2015 N MASTERS DR STE 207,3188,DALLAS,,3861771.58433841,75217,829848.0,TX,Discount Retail,-10758848.8928728,-96.648384
,Family Dollar 3735,Ste 222,32.804661,56575,DALLAS,3402 N BUCKNER BLVD,5697,DALLAS,,3869404.58856241,75228,829852.0,TX,Discount Retail,-10762627.4103488,-96.682327
,Family Dollar 3797,,32.704247,56655,DALLAS,3289 S POLK ST,3809,DALLAS,,3856113.17546752,75224,829854.0,TX,Discount Retail,-10780205.425862,-96.840233
,Family Dollar 4342,,32.791245,56660,DALLAS,6110 SAMUELL BLVD,7117,DALLAS,,3867627.89662132,75228,829855.0,TX,Discount Retail,-10764413.5315785,-96.698372
,Family Dollar 5130,,32.792637,56666,DALLAS,2720 SAMUELL BLVD,1703,DALLAS,,3867812.22786532,75223,829856.0,TX,Discount Retail,-10769877.0921867,-96.747452
,Family Dollar 6417,,32.894619,56775,DALLAS,10025 ROYAL LN,1203,DALLAS,,3881324.7371765,75238,829948.0,TX,Discount Retail,-10766476.5043819,-96.716904
,Family Dollar 6768,Ste 147,32.863071,56781,DALLAS,6300 SKILLMAN ST,0238,DALLAS,,3877143.00076963,75231,829950.0,TX,Discount Retail,-10769772.5631848,-96.746513
,Family Dollar 5206,,32.856323,56798,DALLAS,3323 W NORTHWEST HWY,    ,DALLAS,,3876248.73604141,75220,829510.0,TX,Discount Retail,-10782877.31628,-96.864235
,Family Dollar 3279,,32.823563,56800,IRVING,1800 W IRVING BLVD,6880,DALLAS,,3871908.25113264,75061,829515.0,TX,Discount Retail,-10794537.3650236,-96.968979
,Family Dollar 2141,Ste 400,32.735256,56872,DALLAS,10121 LAKE JUNE RD,5349,DALLAS,,3860216.11813111,75217,829966.0,TX,Discount Retail,-10759041.6982308,-96.650116
,Family Dollar 2818,,32.746357,56877,GRAND PRAIRIE,926 E MAIN ST,5837,DALLAS,,3861685.28916735,75050,829967.0,TX,Discount Retail,-10797167.6219521,-96.992607
,Family Dollar 3215,,32.661774,56896,DUNCANVILLE,210 W CAMP WISDOM RD,    ,DALLAS,,3850495.69158669,75116,829970.0,TX,Discount Retail,-10787880.5707937,-96.90918
,Family Dollar 3652,,32.823647,56897,MESQUITE,4420 GUS THOMASSON RD,2232,DALLAS,,3871919.37853331,75150,829971.0,TX,Discount Retail,-10758404.7281045,-96.644394
,Family Dollar 4307,,32.812431,56900,IRVING,305 S BELT LINE RD,2105,DALLAS,,3870433.69869088,75060,829976.0,TX,Discount Retail,-10797312.8938876,-96.993912
,Family Dollar 5246,,32.690842,56901,DALLAS,2426 W LEDBETTER DR,4016,DALLAS,,3854339.9400459,75233,829978.0,TX,Discount Retail,-10782214.8539903,-96.858284
,Family Dollar 5507,,32.763111,56902,DALLAS,9548 SCYENE RD,    ,DALLAS,,3863902.95786353,75227,829981.0,TX,Discount Retail,-10759902.0865752,-96.657845
,Family Dollar 5662,,32.810051,56903,IRVING,503 S MACARTHUR BLVD,2730,DALLAS,,3870118.46620991,75060,829983.0,TX,Discount Retail,-10793547.0668335,-96.960083
,Family Dollar 6050,,32.67144,56905,DALLAS,6171 BONNIE VIEW RD,5149,DALLAS,,3851773.88308774,75241,829985.0,TX,Discount Retail,-10771604.5480448,-96.76297
,Family Dollar 1336,,32.726112,56917,DALLAS,3230 FALLS DR,8827,DALLAS,,3859006.08532034,75211,828932.0,TX,Discount Retail,-10783868.3937065,-96.873138
,Family Dollar 2340,Ste 310,32.747768,56918,DALLAS,2600 W JEFFERSON BLVD,2684,DALLAS,,3861872.04224261,75211,828936.0,TX,Discount Retail,-10782474.7850013,-96.860619
,Family Dollar 2476,Ste 160,32.603195,56919,LANCASTER,1450 W PLEASANT RUN RD,1392,DALLAS,,3842752.40386868,75146,828937.0,TX,Discount Retail,-10774157.5492467,-96.785904
,Family Dollar 3194,Ste 2,32.588638,56920,CEDAR HILL,128 W BELT LINE RD,2095,DALLAS,,3840828.96702141,75104,828939.0,TX,Discount Retail,-10791790.6679078,-96.944305
,Family Dollar 3653,,32.720276,56921,DALLAS,216 WESTERN PARK SHOPPING VLG,7865,DALLAS,,3858233.86766543,75211,828940.0,TX,Discount Retail,-10785959.4190216,-96.891922
,Family Dollar 4350,,32.743477,56922,DALLAS,383 W JEFFERSON BLVD,4602,DALLAS,,3861304.11559947,75208,828945.0,TX,Discount Retail,-10778830.4075117,-96.827881
,Family Dollar 4893,,32.663307,56923,DALLAS,3249 W CAMP WISDOM RD,2605,DALLAS,,3850698.39988469,75237,828947.0,TX,Discount Retail,-10783859.1541888,-96.873055
,DOLLARTREE 6996,,32.768955,56924,DALLAS,904 FORT WORTH AVE,1709,DALLAS,,3864676.60597631,75208,828948.0,TX,Discount Retail,-10779865.6787761,-96.837181
,DOLLAR GENERAL 6565,,32.593201,57119,LANCASTER,2253 W BELT LINE RD,2022,DALLAS,,3841431.84899635,75146,778193.0,TX,Discount Retail,-10776200.1505832,-96.804253
,7-Eleven 24625,,32.749523,57375,DALLAS,3230 W DAVIS ST,2922,DALLAS,,3862104.32960705,75211,876008.0,TX,Convenience Store,-10783936.4099154,-96.873749
,Family Dollar 3938,Ste 400,32.80933,57401,MESQUITE,1220 N TOWN EAST BLVD,4684,DALLAS,,3870022.97097739,75150,830155.0,TX,Discount Retail,-10754913.1922758,-96.613029
,Family Dollar 5369,,32.590626,57441,WILMER,341 E BELT LINE RD,1325,DALLAS,,3841091.62583104,75172,830162.0,TX,Discount Retail,-10762589.2277634,-96.681984
,Family Dollar 5556,,32.754646,57483,DALLAS,3108 FORT WORTH AVE,2418,DALLAS,,3862782.42311888,75211,830169.0,TX,Discount Retail,-10783701.0805119,-96.871635
,Family Dollar 6711,,32.690498,57497,DALLAS,4422 S MARSALIS AVE,    ,DALLAS,,3854294.43866517,75216,830177.0,TX,Discount Retail,-10777248.1122696,-96.813667
,Family Dollar 6957,,32.896828,57503,DALLAS,10909 WEBBS CHAPEL RD,3739,DALLAS,,3881617.5993312,75229,830181.0,TX,Discount Retail,-10783733.3631642,-96.871925
,Family Dollar 5177,,32.737606,57522,DALLAS,4519 W JEFFERSON BLVD,3530,DALLAS,,3860527.11555582,75211,830194.0,TX,Discount Retail,-10786144.5433348,-96.893585
,Family Dollar 5209,,32.779305,57529,DALLAS,4947 SINGLETON BLVD,3338,DALLAS,,3866046.8979735,75212,830195.0,TX,Discount Retail,-10787214.6575998,-96.903198
,Family Dollar 5741,,32.686234,57536,DALLAS,15329 SEAGOVILLE RD,5106,DALLAS,,3853730.44773245,75253,830200.0,TX,Discount Retail,-10751996.7329365,-96.58683
,Family Dollar 5937,,32.938869,57538,DALLAS,8152 SPRING VALLEY RD,3829,DALLAS,,3887192.65379181,75240,830204.0,TX,Discount Retail,-10772044.4826724,-96.766922
,Family Dollar 6323,,32.800953,57540,IRVING,900 E SHADY GROVE RD,6121,DALLAS,,3868913.5082559,75060,830208.0,TX,Discount Retail,-10790824.1920887,-96.935623
,Valero Corner Store 274730,,32.734264,57597,DALLAS,6506 LAKE JUNE RD,1305,DALLAS,,3860084.83997743,75217,846996.0,TX,Convenience Store,-10765501.4569621,-96.708145
,Circle K 2742176,,32.773266,57640,GRAND PRAIRIE,1622 N STATE HIGHWAY 360,2436,DALLAS,,3865247.343017,75050,876689.0,TX,Convenience Store,-10804869.0382837,-97.06179
,TOM THUMB 3637,,32.980186,58043,RICHARDSON,1380 W CAMPBELL RD,2814,DALLAS,,3892674.28151166,75080,667751.0,TX,Supermarket,-10772045.3732283,-96.76693
,La Michoacana Meat Market 26,,32.854008,58431,IRVING,3500 N BELT LINE RD STE 110,7803,DALLAS,,3875941.96113101,75062,789363.0,TX,Super Store,-10797003.7596617,-96.991135
,Walmart SUPERCENTER 3432,,32.592823,58681,DESOTO,951 W BELT LINE RD,3741,DALLAS,,3841381.90494474,75115,787964.0,TX,Super Store,-10784609.0022788,-96.879791
,JERRYS SUPERMARKET #1,,32.778728,58999,DALLAS,1719 SINGLETON BLVD,3856,DALLAS,,3865970.50165472,75212,669581.0,TX,Supermarket,-10780979.9868789,-96.847191
,Kwik Mart Valero,,32.730389,59001,DALLAS,1044 S BUCKNER BLVD,4325,DALLAS,,3859572.04868991,75217,789647.0,TX,Convenience Store,-10762683.5153721,-96.682831
,CVS PHARMACY 5894,,32.926514,59115,DALLAS,13033 COIT RD,5723,DALLAS,,3885553.98318053,75240,812428.0,TX,Pharmacy,-10772362.9677356,-96.769783
,7-Eleven 33275,,32.792881,59277,DALLAS,5501 S BUCKNER BLVD,6101,DALLAS,,3867844.53909896,75228,816403.0,TX,Convenience Store,-10762939.104923,-96.685127
,Stopover,Ste 100,32.85751,59310,IRVING,5075 W NORTHGATE DR,2408,DALLAS,,3876406.03582797,75062,1648159.0,TX,Convenience Store,-10800290.4676273,-97.02066
,CVS PHARMACY  INC 5963,,32.954784,59418,DALLAS,15105 PRESTON RD,4832,DALLAS,,3889303.83240439,75248,812653.0,TX,Pharmacy,-10776217.0711458,-96.804405
,DOLLAR GENERAL 10967,Ste 102,32.747219,59470,DALLAS,2020 N MASTERS DR,3182,DALLAS,,3861799.37892982,75217,815197.0,TX,Discount Retail,-10758825.9610577,-96.648178
,TARGET STORE T 2243,,32.643097,59672,GRAND PRAIRIE,5270 S STATE HIGHWAY 360,8307,DALLAS,,3848026.31456847,75052,813639.0,TX,Super Store,-10804665.212296,-97.059959
,Dollar General 10910,Ste 202,32.874775,59822,GARLAND,3338 BROADWAY BLVD,1574,DALLAS,,3878694.21050202,75043,812876.0,TX,Discount Retail,-10755308.1538291,-96.616577
,Dollar Tree 3015,,32.708206,59916,GRAND PRAIRIE,2506 S BELT LINE RD,5342,DALLAS,,3856636.92944145,75052,815975.0,TX,Discount Retail,-10797186.3236266,-96.992775
,Walmart NEIGHBORHOOD MARKET #3341 3341,,32.800842,60085,DALLAS,2305 N CENTRAL EXPY,3800,DALLAS,,3868898.8079476,75204,736759.0,TX,Super Store,-10775003.4660572,-96.793503
,CVS PHARMACY INC 6824,,32.880363,60102,DALLAS,8024 WALNUT HILL LN,4314,DALLAS,,3879434.89790328,75231,736844.0,TX,Pharmacy,-10772129.4194439,-96.767685
,Midway Chevron,,32.924515,60116,DALLAS,4210 LYNDON B JOHNSON FWY,5801,DALLAS,,3885288.87295743,75244,1586870.0,TX,Convenience Store,-10779941.2647103,-96.83786
,Main St Munchies,,32.765938,60648,MESQUITE,818 E MAIN ST,4428,DALLAS,,3864277.19916293,75149,1038157.0,TX,Convenience Store,-10752208.239969,-96.58873
,Dollar General 12856,STE 186,32.811893,60855,DALLAS,8686 FERGUSON RD,    ,DALLAS,,3870362.43951759,75228,1005503.0,TX,Discount Retail,-10764501.0286983,-96.699158
,WALNUT FOOD MART,,32.922985,61252,DALLAS,9790 WALNUT ST,2322,DALLAS,,3885085.96622775,75243,792669.0,TX,Convenience Store,-10766627.6762504,-96.718262
,Family Dollar Store 8354,,32.559975,61301,GLENN HEIGHTS,1710 S HAMPTON RD,8530,DALLAS,,3837042.59742482,75154,1008369.0,TX,Discount Retail,-10782046.6502397,-96.856773
,A & K Mart,,32.778549,61670,DALLAS,5723 SINGLETON BLVD,3128,DALLAS,,3865946.80168424,75212,1010196.0,TX,Convenience Store,-10788424.9231037,-96.91407
,7-Eleven Convenience Store 35393B,,32.944168,61771,GARLAND,2510 BELT LINE RD,7000,DALLAS,,3887895.5418734,75044,1643134.0,TX,Convenience Store,-10760799.7669489,-96.665909
,CVS PHARMACY INC 6777,,32.815918,62179,DALLAS,4207 LEMMON AVE,2704,DALLAS,,3870895.56925764,75219,818456.0,TX,Pharmacy,-10776883.7635762,-96.810394
,CVS PHARMACY INC 6779,,32.837261,62187,DALLAS,3012 MOCKINGBIRD LN,2323,DALLAS,,3873722.95134358,75205,818457.0,TX,Pharmacy,-10773558.7617057,-96.780525
,CVS PHARMACY INC 6803,,32.838131,62199,IRVING,2222 N STORY RD,7064,DALLAS,,3873838.21771096,75062,818461.0,TX,Pharmacy,-10795362.0198114,-96.976387
,G & K One Stop Food ,,32.880768,62202,DALLAS,2630 WALNUT HILL LN,5614,DALLAS,,3879488.58232323,75229,1585874.0,TX,Convenience Store,-10785647.7244474,-96.889122
,Quiktrip 924,,32.66161,62457,DUNCANVILLE,102 E CAMP WISDOM RD,2702,DALLAS,,3850474.0061038,75116,816529.0,TX,Convenience Store,-10787536.5935671,-96.90609
,CVS PHARMACY INC 6960,,32.972988,62628,CARROLLTON,2142 N JOSEY LN,2904,DALLAS,,3891719.12079116,75006,818518.0,TX,Pharmacy,-10785720.7500333,-96.889778
,CVS PHARMACY INC 6963,,32.979134,62645,DALLAS,7102 CAMPBELL RD,1503,DALLAS,,3892534.67828206,75248,818521.0,TX,Pharmacy,-10774072.6124752,-96.785141
,CVS PHARMACY INC 6967,,32.931843,62655,RICHARDSON,1425 BUCKINGHAM RD,5324,DALLAS,,3886260.75200946,75081,818523.0,TX,Pharmacy,-10764475.5365349,-96.698929
,Family Dollar 5994,Ste 301,32.916885,63343,GARLAND,2425 W WALNUT ST,6686,DALLAS,,3884277.02655914,75042,830389.0,TX,Discount Retail,-10760617.0916645,-96.664268
,Family Dollar 6145,,32.749493,63344,DALLAS,1400 W DAVIS ST,5346,DALLAS,,3862100.35884442,75208,830390.0,TX,Discount Retail,-10780670.852653,-96.844414
,Family Dollar 6984,,32.798573,63345,DALLAS,4311 LIVE OAK ST,6757,DALLAS,,3868598.3164784,75204,830391.0,TX,Discount Retail,-10773302.2815989,-96.778221
,Family Dollar 7043,,32.641922,63346,DUNCANVILLE,1006 S MAIN ST,2320,DALLAS,,3847870.97934668,75137,830392.0,TX,Discount Retail,-10787791.4038816,-96.908379
,Family Dollar 7060,Ste 200,32.794697,63347,DALLAS,4800 COLUMBIA AVE,1009,DALLAS,,3868085.02221342,75226,830393.0,TX,Discount Retail,-10771725.1070533,-96.764053
,Family Dollar 7374,Ste 205,32.602673,63350,DESOTO,719 N HAMPTON RD,4528,DALLAS,,3842683.42587356,75115,830396.0,TX,Discount Retail,-10782097.6345665,-96.857231
,DOLLARTREE 8069,,32.705856,63354,DALLAS,4421 W KIEST BLVD,1115,DALLAS,,3856326.03453459,75236,830406.0,TX,Discount Retail,-10786141.9829865,-96.893562
,Family Dollar 7148,,32.671192,63359,DALLAS,2550 W RED BIRD LN,2312,DALLAS,,3851741.08687445,75237,830414.0,TX,Discount Retail,-10782350.7750885,-96.859505
,Family Dollar 7620,Ste 100,32.814415,63360,DALLAS,4807 MAPLE AVE,    ,DALLAS,,3870696.48717798,75219,830416.0,TX,Discount Retail,-10778729.329414,-96.826973
,Family Dollar 5670,,32.709679,63361,GRAND PRAIRIE,726 W PIONEER PKWY,    ,DALLAS,,3856831.80519006,75051,830419.0,TX,Discount Retail,-10799620.4356122,-97.014641
,Family Dollar 6962,,32.69162,63362,GRAND PRAIRIE,2910 MAYFIELD RD,7252,DALLAS,,3854442.84788501,75052,830420.0,TX,Discount Retail,-10804593.077266,-97.059311
,Family Dollar 6817,,32.727123,63512,DALLAS,900 VERMONT AVE,1532,DALLAS,,3859139.86565372,75216,830212.0,TX,Discount Retail,-10777014.5639779,-96.811569
,Family Dollar 6837,,32.777779,63513,DALLAS,5911 LOVETT AVE,3517,DALLAS,,3865844.85263422,75227,830213.0,TX,Discount Retail,-10766458.5819439,-96.716743
,Family Dollar 7096,,32.832123,63514,IRVING,1875 ESTERS RD,8007,DALLAS,,3873042.24035785,75061,830214.0,TX,Discount Retail,-10799147.3277764,-97.010391
,Family Dollar 7426,,32.823017,63515,DALLAS,9840 FERGUSON RD,    ,DALLAS,,3871835.92328479,75228,830215.0,TX,Discount Retail,-10762055.896083,-96.677193
,ASAFO Market,Suite 103A,32.705956,63811,GRAND PRAIRIE,2905 ARKANSAS LN,7620,DALLAS,,3856339.26393828,75052,832356.0,TX,Grocery Store,-10803439.6960219,-97.04895
,Target Store 2572,,32.813953,64129,MESQUITE,1629 N TOWN EAST BLVD,4193,DALLAS,,3870635.29296387,75150,916992.0,TX,Super Store,-10755834.6950206,-96.621307
,Diamond Shamrock Corner Store 274768,,32.600189,64381,LANCASTER,903 N DALLAS AVE,1615,DALLAS,,3842355.19126587,75146,917075.0,TX,Convenience Store,-10770887.7618436,-96.756531
,QuikTrip 972,,32.811993,64476,DALLAS,7818 GARLAND RD,4413,DALLAS,,3870375.68468445,75218,916131.0,TX,Convenience Store,-10767681.6491893,-96.72773
,Patel Brothers,,32.845169,64874,IRVING,1009 W ROCHELLE RD,5436,DALLAS,,3874770.72441168,75062,916592.0,TX,Super Store,-10793314.4090978,-96.957993
,Walgreens 10819,,32.938213,65004,RICHARDSON,500 CENTENNIAL BLVD,    ,DALLAS,,3887105.64132603,75081,851602.0,TX,Pharmacy,-10767390.3260818,-96.725113
,7-eleven Convenience 24466,,32.748665,65249,DALLAS,10100 BRUTON RD,2890,DALLAS,,3861990.76632378,75217,1012579.0,TX,Convenience Store,-10758882.066081,-96.648682
,7 Eleven 29380,,32.619274,65266,DESOTO,1501 N INTERSTATE 35 E,2600,DALLAS,,3844877.30804402,75115,1014548.0,TX,Convenience Store,-10778345.3884903,-96.823524
,El Rancho 1615,,32.881378,65329,DALLAS,10020 MARSH LN,6081,DALLAS,,3879569.44080146,75229,853054.0,TX,Super Store,-10781968.5039572,-96.856071
,Family Dollar 8746,,32.647312,65494,DUNCANVILLE,780 E WHEATLAND RD,4931,DALLAS,,3848583.55515479,75116,1015317.0,TX,Discount Retail,-10785952.6285326,-96.891861
,Allsups 316,,32.976276,65509,SACHSE,5920 HIGHWAY 78,3130,DALLAS,,3892155.42239176,75048,1015409.0,TX,Convenience Store,-10752930.9261032,-96.595222
,Circle K 2742108,,32.632397,65534,DUNCANVILLE,1502 S CLARK RD,3602,DALLAS,,3846611.84785375,75137,851846.0,TX,Convenience Store,-10791649.7374325,-96.943039
,Octo Fuel #1,,32.815388,65606,DALLAS,7014 N STEMMONS FWY,5110,DALLAS,,3870825.36694231,75247,1657976.0,TX,Convenience Store,-10783086.2629642,-96.866112
,7-Eleven 26151,,32.720024,65801,DALLAS,1410 E ILLINOIS AVE,2125,DALLAS,,3858200.52424422,75216,1013291.0,TX,Convenience Store,-10776200.1505832,-96.804253
,EL CENTRO SUPERMARKET,,32.871887,65901,DALLAS,8231 PARK LN,6022,DALLAS,,3878311.42543526,75231,852732.0,TX,Grocery Store,-10771630.8194446,-96.763206
,La Michoacana Meat Market 28,,32.81189,66104,DALLAS,2432 N FITZHUGH,    ,DALLAS,,3870362.04216282,75204,833399.0,TX,Other,-10773814.462576,-96.782822
,Walgreens 09323,,32.648232,66157,SEAGOVILLE,610 E MALLOY BRIDGE RD,3540,DALLAS,,3848705.18648518,75159,833639.0,TX,Pharmacy,-10745886.8513648,-96.531944
,CVS PHARMACY INC 7156,,32.977551,66197,RICHARDSON,605 W CAMPBELL RD,3302,DALLAS,,3892324.61305861,75080,821363.0,TX,Pharmacy,-10769167.8757108,-96.741081
,CVS PHARMACY INC 7196,,32.961292,66212,CARROLLTON,4100 STATE HWY 212,    ,DALLAS,,3890167.25013789,75006,821369.0,TX,Pharmacy,-10785765.7231076,-96.890182
,Family Dollar 5441,,32.879501,66298,DALLAS,9711 PLANO RD,2372,DALLAS,,3879320.63706564,75238,836003.0,TX,Discount Retail,-10764658.9910557,-96.700577
,Dollar Tree 3183,,32.765842,66368,DALLAS,4430 DFW TPKE,1379,DALLAS,,3864264.49038478,75211,820214.0,TX,Discount Retail,-10786629.5623562,-96.897942
,LA MICHOACANA MEAT MARKET,,32.709618,66382,GRAND PRAIRIE,202 W PIONEER PKWY,4945,DALLAS,,3856823.73491529,75051,834503.0,TX,Supermarket,-10798595.2944215,-97.005432
,CVS PHARMACY INC 7288,SUITE 218,32.908443,66485,DALLAS,11661 PRESTON ROAD,    ,DALLAS,,3883157.59906506,75230,821536.0,TX,Pharmacy,-10776351.3224517,-96.805611
,CVS PHARMACY INC 7412,Ste 310,32.850414,66660,DALLAS,5370 W LOVERS LN,4383,DALLAS,,3875465.71391131,75209,821598.0,TX,Pharmacy,-10777837.5489733,-96.818962
,WALGREENS 04418,,32.977074,66878,COPPELL,313 N DENTON TAP RD,2914,DALLAS,,3892261.31555842,75019,822717.0,TX,Pharmacy,-10797294.1922131,-96.993744
,Sprouts Farmers Market 113,,32.592899,67347,CEDAR HILL,362 E FM 1382,6024,DALLAS,,3841391.94658899,75104,917801.0,TX,Supermarket,-10791083.2325438,-96.93795
,CVS/ PHARMACY INC 8342,,32.589916,67496,DESOTO,1305 W BELT LINE RD,3627,DALLAS,,3840997.81844451,75115,749033.0,TX,Pharmacy,-10785971.3302071,-96.892029
,Walgreens 05826,,32.950703,67560,DALLAS,7930 BELT LINE RD,8130,DALLAS,,3888762.43770786,75254,750497.0,TX,Pharmacy,-10772373.2091287,-96.769875
,Walgreens 09126,,32.758137,67581,DALLAS,2602 FORT WORTH AVE,1746,DALLAS,,3863244.52324186,75211,750502.0,TX,Pharmacy,-10782921.5101178,-96.864632
,LA MICHOACANA MEAT MARKET 23,,32.87785,67593,GARLAND,2114 W KINGSLEY RD,4133,DALLAS,,3879101.79487451,75041,749838.0,TX,Supermarket,-10759996.2628644,-96.658691
,Walgreens 06120,,32.838062,67595,DALLAS,9937 GARLAND RD,3259,DALLAS,,3873829.07585438,75218,750507.0,TX,Pharmacy,-10764263.1389465,-96.697021
,Walgreens 06660,,32.836071,67609,DALLAS,5742 E MOCKINGBIRD LN,5422,DALLAS,,3873565.28998059,75206,750511.0,TX,Pharmacy,-10772224.486289,-96.768539
,Walgreens 07334,,32.807705,67636,DALLAS,5001 ROSS AVE,7706,DALLAS,,3869807.74531197,75206,750517.0,TX,Pharmacy,-10772965.0948613,-96.775192
,Walgreens 06390,,32.812172,67643,MESQUITE,1015 N TOWN EAST BLVD,4601,DALLAS,,3870399.39357033,75150,750520.0,TX,Pharmacy,-10754620.199376,-96.610397
,Walgreens 05959,,32.74614,67650,MESQUITE,1520 PIONEER RD,6033,DALLAS,,3861656.56836859,75149,750521.0,TX,Pharmacy,-10751623.9239618,-96.583481
,Walgreens 06891,,32.864368,67656,DALLAS,11403 E NORTHWEST HWY,1403,DALLAS,,3877314.89080434,75218,750522.0,TX,Pharmacy,-10762620.6198598,-96.682266
,Walgreens 05558,,32.604385,67663,LANCASTER,1507 W PLEASANT RUN RD,1213,DALLAS,,3842909.65405752,75146,750524.0,TX,Pharmacy,-10774447.9817981,-96.788513
,Valero Corner Store 2744517,,32.833588,67764,MESQUITE,1145 INTERSTATE 30,6901,DALLAS,,3873236.32773958,75150,917498.0,TX,Convenience Store,-10754967.6275068,-96.613518
,Valero Corner Store 2742003,,32.932793,67771,DALLAS,5518 ALPHA RD,4508,DALLAS,,3886386.75205009,75240,917504.0,TX,Convenience Store,-10777136.9040982,-96.812668
,BRAUM'S 55,,32.849068,67845,GARLAND,5435 BROADWAY BLVD,3638,DALLAS,,3875287.35806442,75043,750669.0,TX,Other,-10753235.8301885,-96.597961
,BRAUM'S 57,,32.938213,67851,RICHARDSON,518 CENTENNIAL BLVD,5147,DALLAS,,3887105.64132603,75081,750671.0,TX,Other,-10767201.7508644,-96.723419
,BRAUM'S 58,,32.97187,67857,CARROLLTON,2134 N JOSEY LN,2904,DALLAS,,3891570.77133189,75006,750672.0,TX,Other,-10785724.980174,-96.889816
,BRAUM'S 59,,32.799522,67863,IRVING,1413 S STORY RD,5004,DALLAS,,3868723.9948774,75060,750674.0,TX,Other,-10795438.4963016,-96.977074
,BRAUM'S 61,,32.864532,67879,GARLAND,1815 NORTHWEST HWY,4833,DALLAS,,3877336.62572946,75041,750677.0,TX,Other,-10759672.7684241,-96.655785
,BRAUM'S 62,,32.9412,67885,GARLAND,2802 LAVON DR,8766,DALLAS,,3887501.8450772,75040,750679.0,TX,Other,-10755945.1239554,-96.622299
,BRAUM'S 67,,32.854179,67897,IRVING,3601 N STORY RD,3439,DALLAS,,3875964.62112056,75062,750684.0,TX,Other,-10795230.3288538,-96.975204
,Wrights Family Food,,32.686996,67906,DALLAS,1050 S BELT LINE RD,5001,DALLAS,,3853831.23400425,75253,673886.0,TX,Other,-10752258.3337398,-96.58918
,Valero Corner Store 274796,,32.640415,67914,DUNCANVILLE,1102 S COCKRELL HILL RD,3504,DALLAS,,3847671.75664901,75137,917081.0,TX,Convenience Store,-10785886.3934356,-96.891266
,Corner Store 2741742,,32.592789,67938,CEDAR HILL,401 E FM 1382,6027,DALLAS,,3841377.41263297,75104,917095.0,TX,Convenience Store,-10791029.6878687,-96.937469
,KROGER 557,,32.977314,67953,GARLAND,6850 N SHILOH ROAD,    ,DALLAS,,3892293.16331452,75044,673987.0,TX,Super Store,-10760567.8884496,-96.663826
,Walgreens 09647,,32.954189,68009,DALLAS,5201 BELT LINE RD,7505,DALLAS,,3889224.89680111,75254,919184.0,TX,Pharmacy,-10777834.988625,-96.818939
,7-Eleven 24409,,32.847813,68080,IRVING,3001 N BELT LINE RD,6878,DALLAS,,3875121.062888,75062,880442.0,TX,Convenience Store,-10797148.1410412,-96.992432
,Texas King Irving zabiha halal meat,Ste 103,32.853935,68145,IRVING,3455 N BELT LINE RD,7823,DALLAS,,3875932.28758152,75062,918646.0,TX,Supermarket,-10797278.050887,-96.993599
,Walgreens 09909,,32.972485,68671,SACHSE,5434 HIGHWAY 78,3740,DALLAS,,3891652.37657129,75048,918757.0,TX,Pharmacy,-10753488.0801546,-96.600227
,Walmart 5824,,32.769215,68846,MESQUITE,1951 MILITARY PKWY,    ,DALLAS,,3864711.0268192,75149,1286442.0,TX,Super Store,-10756634.7482009,-96.628494
,RaceTrac 2429,,32.877991,69206,IRVING,3510 CARBON RD,    ,DALLAS,,3879120.48444818,75038,1287700.0,TX,Convenience Store,-10797290.7413089,-96.993713
,Nursery Food Mart,,32.801231,69361,IRVING,1140 S NURSERY RD,6148,DALLAS,,3868950.32532481,75060,856007.0,TX,Convenience Store,-10790668.7900796,-96.934227
,Dollar Tree 2095,,32.591637,69601,CEDAR HILL,435 E FM 1382,6027,DALLAS,,3841225.20354706,75104,856687.0,TX,Discount Retail,-10790926.9399787,-96.936546
,WALGREENS 11645,,32.733631,70951,DALLAS,10152 LAKE JUNE RD,3042,DALLAS,,3860001.07151599,75217,901072.0,TX,Pharmacy,-10758943.1804815,-96.649231
,7-Eleven Inc 27206,,32.676308,71312,DALLAS,13601 C F HAWN FWY,5402,DALLAS,,3852417.6594489,75253,931038.0,TX,Convenience Store,-10753630.7917418,-96.601509
,7-Eleven 27441,,32.786907,71830,MESQUITE,1803 N GALLOWAY AVE,2257,DALLAS,,3867053.46905063,75149,930175.0,TX,Convenience Store,-10754156.5536969,-96.606232
,BRAUM'S 71,,32.812958,72105,MESQUITE,3506 N GALLOWAY AVE,4369,DALLAS,,3870503.5013105,75150,752025.0,TX,Other,-10754658.4932808,-96.610741
,BRAUM'S 73,,32.709579,72255,GRAND PRAIRIE,500 E PIONEER PKWY,4954,DALLAS,,3856818.57523431,75051,750717.0,TX,Other,-10797812.2731233,-96.998398
,BRAUM'S 79,,32.603703,72270,DESOTO,720 E PLEASANT RUN RD,4006,DALLAS,,3842819.53226518,75115,750724.0,TX,Other,-10780405.8009454,-96.842033
,LA AZTECA MEAT MARKET 6,,32.829426,72488,IRVING,2712 W IRVING BLVD,4235,DALLAS,,3872684.94247295,75061,752667.0,TX,Other,-10796093.2775465,-96.982956
,BRAUM'S 91,,32.986176,72650,CARROLLTON,3400 E TRINITY MILLS RD,2300,DALLAS,,3893469.20232439,75006,750803.0,TX,Other,-10784874.8332228,-96.882179
,BRAUM'S 179,,32.907475,72653,ROWLETT,3312 LAKEVIEW PKWY,3365,DALLAS,,3883029.24698908,75088,751402.0,TX,Other,-10750477.3332066,-96.573181
,BRAUM'S 185,,32.720963,72686,DALLAS,4303 W ILLINOIS AVE,8460,DALLAS,,3858324.76866136,75211,751408.0,TX,Other,-10785753.0326857,-96.890068
,WALGREENS 05509,Ste 100,32.925507,72701,DALLAS,13260 JOSEY LN,4979,DALLAS,,3885420.43265966,75234,752344.0,TX,Pharmacy,-10784798.4680521,-96.881493
,BRAUM'S 120,,32.978817,72711,RICHARDSON,1260 W CAMPBELL RD,2945,DALLAS,,3892492.61185553,75080,750837.0,TX,Other,-10771572.2653925,-96.76268
,BRAUM'S 201,,32.643261,72738,DUNCANVILLE,907 S COCKRELL HILL RD,2623,DALLAS,,3848047.99556172,75137,751421.0,TX,Other,-10785916.1157397,-96.891533
,BRAUM'S 255,,32.801731,72793,IRVING,1701 E SHADY GROVE RD,6316,DALLAS,,3869016.54336438,75060,751450.0,TX,Other,-10789493.3675763,-96.923668
,BRAUM'S 256,,32.90974,72801,DALLAS,3441 FOREST LN,7713,DALLAS,,3883329.57713527,75234,751452.0,TX,Other,-10782691.3014109,-96.862564
,BRAUM'S 257,,32.907883,72813,DALLAS,9755 GREENVILLE AVE,4120,DALLAS,,3883083.34562688,75243,751485.0,TX,Other,-10769882.9921197,-96.747505
,BRAUM'S 258,,32.830936,72819,DALLAS,3602 INWOOD RD,5828,DALLAS,,3872884.98555797,75209,751488.0,TX,Other,-10778544.2051009,-96.82531
,7-Eleven 34103,,32.806335,73453,DALLAS,2607 N STEMMONS FWY,2101,DALLAS,,3869626.29657741,75207,947039.0,TX,Convenience Store,-10780284.3513809,-96.840942
,Family Dollar Store 1411,,32.778851,73489,DALLAS,2223 SINGLETON BLVD,3783,DALLAS,,3865986.78713693,75212,882932.0,TX,Discount Retail,-10782456.8625633,-96.860458
,Family Dollar Store 7950,,32.604626,73497,LANCASTER,1327 N DALLAS AVE,3201,DALLAS,,3842941.50077871,75134,882934.0,TX,Discount Retail,-10771128.9911801,-96.758698
,Dollar Tree 2639,,32.723328,74143,DALLAS,742 WYNNEWOOD VILLAGE,    ,DALLAS,,3858637.70102571,75224,902930.0,TX,Discount Retail,-10779317.8755619,-96.83226
,CVS Pharmacy 10909,,32.856823,74322,DALLAS,6474 E NORTHWEST HWY,1594,DALLAS,,3876314.99517262,75214,1290842.0,TX,Pharmacy,-10770159.0644569,-96.749985
,Family Dollar 11538,,32.626549,74633,LANCASTER,3163 N DALLAS AVE,3708,DALLAS,,3845838.85379268,75134,1292320.0,TX,Discount Retail,-10772571.0238639,-96.771652
,Dollar Tree 2350,Ste 408,32.864754,74995,DALLAS,10233 E NORTHWEST HWY,4498,DALLAS,,3877366.04746043,75238,902925.0,TX,Discount Retail,-10765637.3780603,-96.709366
,Costco Wholesale 0636,,32.621494,75346,DUNCANVILLE,250 W HIGHWAY 67,4415,DALLAS,,3845170.71990506,75137,923743.0,TX,Super Store,-10787917.8628231,-96.909515
,7-eleven Convenience Store 36368C,,32.971176,75554,CARROLLTON,2230 MARSH LN,2601,DALLAS,,3891478.68415063,75006,1583436.0,TX,Convenience Store,-10781861.5259265,-96.85511
,Circle K 2740946,,32.81451,75734,IRVING,101 S MACARTHUR BLVD,2752,DALLAS,,3870709.07044326,75060,887165.0,TX,Convenience Store,-10793541.946137,-96.960037
,Circle K 2742406,,32.736725,75790,DALLAS,4402 W JEFFERSON BLVD,4623,DALLAS,,3860410.5236455,75211,888789.0,TX,Convenience Store,-10785955.9681174,-96.891891
,Circle K 2744529,,32.6464,75802,SEAGOVILLE,531 E MALLOY BRIDGE RD,3117,DALLAS,,3848462.98272316,75159,888898.0,TX,Convenience Store,-10746223.258866,-96.534966
,QuikTrip 933,,32.875221,75881,DALLAS,7104 GREENVILLE AVE,5127,DALLAS,,3878753.3259279,75231,887775.0,TX,Convenience Store,-10771469.5175025,-96.761757
,Afayi Fuel Station,,32.792622,76151,MESQUITE,3828 US HIGHWAY 80 E,1105,DALLAS,,3867810.24152188,75149,1588505.0,TX,Convenience Store,-10759761.9353363,-96.656586
,Bonnieview Dallas,,32.656429,76407,DALLAS,7410 BONNIE VIEW RD,7400,DALLAS,,3849788.95044705,75241,1652973.0,TX,Convenience Store,-10770135.2420858,-96.749771
,7-eleven Convenience Store 35399B,,32.782494,76447,MESQUITE,1325 GROSS RD,1322,DALLAS,,3866469.13890368,75149,1588598.0,TX,Convenience Store,-10756462.3143097,-96.626945
,Adis Chevron,,32.752705,77155,DALLAS,2313 S BUCKNER BLVD,8753,DALLAS,,3862525.50275639,75227,948640.0,TX,Convenience Store,-10762742.9599802,-96.683365
,EZ TRIP FOOD STORE 9,,32.909405,77177,DALLAS,9798 FOREST LN,5702,DALLAS,,3883285.15696062,75243,948908.0,TX,Convenience Store,-10766605.5236718,-96.718063
,7-Eleven 24092,,32.878067,77299,DALLAS,9750 WALNUT HILL LN,2551,DALLAS,,3879130.55827326,75238,884276.0,TX,Convenience Store,-10766660.7381392,-96.718559
,Family Dollar Store 7627,,32.72229,77454,DALLAS,620 N JIM MILLER RD,4848,DALLAS,,3858500.35379056,75217,883300.0,TX,Discount Retail,-10764605.4463807,-96.700096
,Lakeview Food Mart 1,Ste A,32.916435,77502,ROWLETT,8600 LAKEVIEW PKWY,4399,DALLAS,,3884217.35289021,75088,1574062.0,TX,Convenience Store,-10744373.4628875,-96.518349
,Dollar General 10133,,32.590614,77520,WILMER,406 E BELT LINE RD,1324,DALLAS,,3841090.04034791,75172,758209.0,TX,Discount Retail,-10762512.7512732,-96.681297
,GET N GO,,32.904819,77573,DALLAS,11424 AUDELIA RD,7309,DALLAS,,3882677.08155789,75243,757134.0,TX,Convenience Store,-10766559.6600415,-96.717651
,7-Eleven Inc. 32924,,32.829277,77936,DALLAS,5601 LEMMON AVE,6225,DALLAS,,3872665.20330655,75209,884828.0,TX,Convenience Store,-10778603.6497089,-96.825844
,Whole Foods Market 10239,Ste 351,32.869167,78030,DALLAS,8190 PARK LN,5908,DALLAS,,3877950.91904544,75231,938751.0,TX,Super Store,-10772200.7752375,-96.768326
,Dollar Tree 2187,Ste 100,32.673611,78103,GRAND PRAIRIE,2307 I-20,    ,DALLAS,,3852060.98608352,75052,939373.0,TX,Discount Retail,-10802284.6449854,-97.038574
,Dollar Tree 3729,Ste 108,32.73222,78130,BALCH SPRINGS,12250 LAKE JUNE RD,    ,DALLAS,,3859814.34806597,75180,939385.0,TX,Discount Retail,-10755357.4683635,-96.61702
,QuikTrip 921,,32.680939,78323,GRAND PRAIRIE,3768 S CARRIER PKWY,6670,DALLAS,,3853030.12593331,75052,938011.0,TX,Convenience Store,-10798766.8377568,-97.006973
,7 Eleven 26376,,32.851311,78325,IRVING,3401 N STORY RD,3440,DALLAS,,3875584.57514214,75062,938025.0,TX,Convenience Store,-10795350.9991818,-96.976288
,7 Eleven 21261,,32.709637,78327,GRAND PRAIRIE,230 W PIONEER PKWY,4945,DALLAS,,3856826.24860683,75051,938027.0,TX,Convenience Store,-10798786.4299872,-97.007149
,Dollar Tree 2637,,32.843769,78870,DALLAS,10606 GARLAND RD,2639,DALLAS,,3874585.22414976,75218,939830.0,TX,Discount Retail,-10763445.2746476,-96.689674
,Aldi 20,,32.762135,78917,DALLAS,2926 S BUCKNER BLVD,6907,DALLAS,,3863773.75669373,75227,951142.0,TX,Supermarket,-10762658.0232087,-96.682602
,Oversea Market #1,,32.73473,78922,DALLAS,1101 S WALTON WALKER BLVD,4242,DALLAS,,3860146.50876684,75211,950454.0,TX,Grocery Store,-10789134.9188159,-96.920448
,Aldi 29,,32.931229,78926,GARLAND,1518 BUCKINGHAM RD,4203,DALLAS,,3886179.31691365,75042,951145.0,TX,Supermarket,-10764311.562925,-96.697456
,Aldi 30,Ste 200C,32.909599,78931,DALLAS,9779 FOREST LN,5701,DALLAS,,3883310.88086217,75243,951151.0,TX,Supermarket,-10766664.1890434,-96.71859
,Aldi 56,,32.719368,78936,DALLAS,2440 W ILLINOIS AVE,1106,DALLAS,,3858113.72593881,75233,951152.0,TX,Supermarket,-10782204.6125971,-96.858192
,Express Food 1,,32.830696,79087,IRVING,1951 E GRAUWYLER RD,3140,DALLAS,,3872853.1904032,75061,905547.0,TX,Convenience Store,-10788869.0878719,-96.91806
,Sam's Club 4925,,32.816544,79188,DALLAS,2218 GREENVILLE AVE,7122,DALLAS,,3870978.48800346,75206,1656789.0,TX,Super Store,-10772326.4549426,-96.769455
,Aldi 16,,32.813343,79754,MESQUITE,3635 GUS THOMASSON RD,3630,DALLAS,,3870554.49589582,75150,941188.0,TX,Supermarket,-10757546.9001085,-96.636688
,Dollar General 3541,,32.801105,79781,MESQUITE,2711 MOTLEY DR,3812,DALLAS,,3868933.63843758,75150,940719.0,TX,Discount Retail,-10758496.4553649,-96.645218
,Valleyview Conoco,,32.835808,79821,IRVING,4900 W AIRPORT FWY,5801,DALLAS,,3873530.44577961,75062,941230.0,TX,Convenience Store,-10800501.0841039,-97.022552
,Aldi 54,,32.864193,79912,GARLAND,1601 W NORTHWEST HWY,5232,DALLAS,,3877291.6980932,75041,941384.0,TX,Supermarket,-10759261.6655446,-96.652092
,Aldi 72,,32.649277,79971,DALLAS,8034 CHRYSALIS DR,3613,DALLAS,,3848843.34532947,75237,941431.0,TX,Supermarket,-10782257.2667163,-96.858665
,Love's Travel Stops & Country Stores Inc 294,,32.640892,80429,DALLAS,8800 S POLK ST,5128,DALLAS,,3847734.8148306,75232,953630.0,TX,Convenience Store,-10780047.4635045,-96.838814
,Dollar General 10090,,32.723457,80458,GRAND PRAIRIE,1511 S BELT LINE RD,3304,DALLAS,,3858654.77030247,75051,763142.0,TX,Discount Retail,-10797439.4641486,-96.995049
,Love's Travel Stops & Country Stores Inc 331,,32.624447,80587,HUTCHINS,2500 S INTERSTATE 45 SERVICE RD,4256,DALLAS,,3845561.02182457,75141,953650.0,TX,Convenience Store,-10763881.8696905,-96.693596
,Race Trac 2435,,32.960587,81073,RICHARDSON,720 E ARAPAHO RD,2213,DALLAS,,3890073.71456795,75081,1293672.0,TX,Convenience Store,-10766208.1130896,-96.714493
,Eli Food Mart,Ste 175,32.909,81134,DALLAS,10190 FOREST LN,5035,DALLAS,,3883231.45518285,75243,1294522.0,TX,Convenience Store,-10765702.7226014,-96.709953
,Racetrac 144,,32.91103,81149,ROWLETT,7401 LAKEVIEW PKWY,9311,DALLAS,,3883500.6295269,75088,1038423.0,TX,Convenience Store,-10745904.6624833,-96.532104
,Racetrac 173,,32.836216,81157,GARLAND,6421 BROADWAY BLVD,5944,DALLAS,,3873584.50070587,75043,1038426.0,TX,Convenience Store,-10753033.7853127,-96.596146
,Racetrac 183,,32.911503,81159,GARLAND,1355 HIGHWAY 66,6730,DALLAS,,3883563.34936167,75040,1038428.0,TX,Convenience Store,-10754931.1147138,-96.61319
,Racetrac 582,,32.938904,81178,GARLAND,2602 LAVON DR,8762,DALLAS,,3887197.29624333,75040,1038435.0,TX,Convenience Store,-10755974.067023,-96.622559
,Racetrac 697,,32.930634,81187,GARLAND,2434 W BUCKINGHAM RD,4968,DALLAS,,3886100.40233565,75042,1038445.0,TX,Convenience Store,-10760588.2599164,-96.664009
,Race Trac 2308,,32.857281,81636,IRVING,714 N BELTLINE RD,    ,DALLAS,,3876375.68886451,75038,1294682.0,TX,Convenience Store,-10797119.1979736,-96.992172
,7-eleven Convenience Store 35761B,,32.945011,81651,GARLAND,1426 BELT LINE RD,6800,DALLAS,,3888007.36584635,75044,1294184.0,TX,Convenience Store,-10758861.6946142,-96.648499
,Mr. H Food Store,Ste 120,32.883507,81905,ROWLETT,2300 ROWLETT RD,6477,DALLAS,,3879851.65450681,75088,1294813.0,TX,Convenience Store,-10750058.6606018,-96.56942
,Pick Quick Deli Mart 2,,32.64922,82012,DALLAS,8101 S POLK ST,4713,DALLAS,,3848835.80935087,75232,1040492.0,TX,Convenience Store,-10780197.7448171,-96.840164
,RaceTrac 569,,32.824669,82058,DALLAS,5151 LEMMON AVE,6422,DALLAS,,3872054.76275097,75209,1040962.0,TX,Convenience Store,-10778079.5575463,-96.821136
,RaceTrac 613,,32.894608,82059,DALLAS,10707 MILLER RD,1303,DALLAS,,3881323.27884995,75238,1040963.0,TX,Convenience Store,-10764575.7240766,-96.699829
,RaceTrac 64,,32.956722,82060,ADDISON,15196 MARSH LN,8047,DALLAS,,3889560.94062523,75001,1040965.0,TX,Convenience Store,-10781707.7937097,-96.853729
,QuikTrip 907,,32.945267,82189,GARLAND,3011 N SHILOH RD,8011,DALLAS,,3888041.32446437,75044,907990.0,TX,Convenience Store,-10760768.3748525,-96.665627
,RaceTrac 423,,32.908413,82633,GARLAND,4214 FOREST LN,6819,DALLAS,,3883153.62119039,75042,1040059.0,TX,Convenience Store,-10763774.0011039,-96.692627
,Aldi 23,,32.932446,82716,DALLAS,13548 PRESTON RD,5212,DALLAS,,3886340.72872049,75240,944728.0,TX,Supermarket,-10776115.2138117,-96.80349
,Aldi 35,,32.85598,82724,DALLAS,5828 ABRAMS RD,1698,DALLAS,,3876203.28249336,75214,944729.0,TX,Supermarket,-10770087.7086633,-96.749344
,Aldi 42,,32.794353,82741,DALLAS,4120 GASTON AVE,1409,DALLAS,,3868039.46776625,75246,944731.0,TX,Supermarket,-10772991.4775806,-96.775429
,Aldi 58,,32.846554,82757,IRVING,2926 BELT LINE RD,5247,DALLAS,,3874954.24005009,75062,944733.0,TX,Supermarket,-10797120.9790855,-96.992188
,Aldi 70,,32.709579,82764,GRAND PRAIRIE,424 E PIONEER PKWY,4943,DALLAS,,3856818.57523431,75051,944734.0,TX,Supermarket,-10797918.4719175,-96.999352
,Aldi 32,,32.906593,82792,ROWLETT,3500 LAKEVIEW PKWY,4005,DALLAS,,3882912.29931518,75088,944738.0,TX,Supermarket,-10749972.8332744,-96.568649
,Aldi 34,,32.945438,82807,RICHARDSON,1549 E BELT LINE RD,4630,DALLAS,,3888064.00781478,75081,944740.0,TX,Supermarket,-10764223.2865688,-96.696663
,7-Eleven 25274,,32.836082,82914,IRVING,4118 W AIRPORT FWY,5913,DALLAS,,3873566.74734485,75062,945075.0,TX,Convenience Store,-10798990.2559749,-97.00898
,El Rancho 1619,,32.834724,83056,DALLAS,2550 GUS THOMASSON RD,3017,DALLAS,,3873386.83046655,75228,910135.0,TX,Super Store,-10761464.7895869,-96.671883
,Target Store 947,,32.861778,83071,DALLAS,9440 MARSH LN,4924,DALLAS,,3876971.64335274,75220,763337.0,TX,Super Store,-10781874.3276679,-96.855225
,TARGET STORE T 1116,,32.678349,83073,GRAND PRAIRIE,554 W INTERSTATE 20,6932,DALLAS,,3852687.58516067,75052,763350.0,TX,Super Store,-10799111.7055393,-97.010071
,Target Store 1032,,32.913502,83074,IRVING,7845 N MACARTHUR BLVD,7516,DALLAS,,3883828.42060956,75063,763351.0,TX,Super Store,-10793813.7883335,-96.962479
,CVS/ PHARMACY INC 7702,,32.646938,83102,DUNCANVILLE,603 S CEDAR RIDGE DR,2201,DALLAS,,3848534.10973257,75137,859940.0,TX,Pharmacy,-10789703.093497,-96.925552
,Dollar Tree 2076,Ste A,32.662949,83165,DALLAS,4241 W CAMP WISDOM RD,2483,DALLAS,,3850651.06130171,75237,861359.0,TX,Discount Retail,-10785773.4041525,-96.890251
,Dollar Tree 3641,,32.646149,83180,GRAND PRAIRIE,5216 S STATE HIGHWAY 360,8307,DALLAS,,3848429.79907891,75052,861454.0,TX,Discount Retail,-10804571.0360068,-97.059113
,CVS/ PHARMACY INC 7481,,32.944519,83309,GARLAND,1372 BELT LINE RD,3266,DALLAS,,3887942.10190341,75040,860030.0,TX,Pharmacy,-10758689.260723,-96.64695
,Gopher Mart,,32.800941,83343,IRVING,906 E SHADY GROVE RD,6121,DALLAS,,3868911.9190325,75060,861845.0,TX,Convenience Store,-10790756.2871994,-96.935013
,QUIKTRIP #901 901,,32.869366,83390,GARLAND,220 W CENTERVILLE RD,5161,DALLAS,,3877977.29395416,75041,955666.0,TX,Convenience Store,-10757100.1749919,-96.632675
,QUIKTRIP #902 902,,32.863865,83395,DALLAS,12100 E NORTHWEST HWY,1414,DALLAS,,3877248.2284493,75218,955700.0,TX,Convenience Store,-10761475.8102165,-96.671982
,QUIKTRIP #903 903,,32.908833,83397,DALLAS,2968 FOREST LN,7504,DALLAS,,3883209.31155837,75234,955704.0,TX,Convenience Store,-10784405.1762911,-96.87796
,QUIKTRIP #909 909,,32.84441,83398,GARLAND,5825 BROADWAY BLVD,5821,DALLAS,,3874670.15640653,75043,955711.0,TX,Convenience Store,-10753036.345661,-96.596169
,QUIKTRIP #931 931,,32.907768,83412,ROWLETT,1900 LAKEVIEW PKWY,3838,DALLAS,,3883068.09721109,75088,955819.0,TX,Convenience Store,-10751690.1590588,-96.584076
,CVS/ PHARMACY INC 7824,,32.968437,83477,GARLAND,5702 LAVON DR,3126,DALLAS,,3891115.25203552,75040,860134.0,TX,Pharmacy,-10754282.233402,-96.607361
,CVS/ PHARMACY INC 7809,,32.671467,83478,GRAND PRAIRIE,4203 S CARRIER PKWY,3203,DALLAS,,3851777.45364871,75052,860138.0,TX,Pharmacy,-10798523.1593915,-97.004784
,CVS/ PHARMACY INC 7741,,32.800797,83479,IRVING,1333 S STORY RD,5002,DALLAS,,3868892.84836838,75060,860140.0,TX,Pharmacy,-10795519.0916129,-96.977798
,CVS/ PHARMACY INC 7640,,32.603649,83513,LANCASTER,1225 N BLUEGROVE RD,1211,DALLAS,,3842812.3965514,75146,860430.0,TX,Pharmacy,-10774439.5215168,-96.788437
,CVS/ PHARMACY INC 7431,,32.907433,83546,ROWLETT,3430 LAKEVIEW PKWY,3367,DALLAS,,3883023.67802581,75088,860528.0,TX,Pharmacy,-10750152.0576545,-96.570259
,CVS/ PHARMACY INC 7491,,32.590641,83865,CEDAR HILL,385 E BELT LINE RD,2206,DALLAS,,3841093.60768525,75104,859854.0,TX,Pharmacy,-10790952.4321421,-96.936775
,CVS/ PHARMACY INC 5314,,32.780594,83867,DALLAS,1411 MAIN STREET,    ,DALLAS,,3866217.56675604,75202,859878.0,TX,Pharmacy,-10775700.7713475,-96.799767
,CVS/ PHARMACY INC 7643,,32.849079,83869,DALLAS,6832 SNIDER PLZ,1331,DALLAS,,3875288.8156421,75205,859886.0,TX,Pharmacy,-10774363.0450267,-96.78775
,CVS/ PHARMACY INC 7672,,32.909473,83870,DALLAS,3798 FOREST LN,7126,DALLAS,,3883294.17357949,75244,859890.0,TX,Pharmacy,-10781503.9677221,-96.851898
,CVS/ PHARMACY INC 7747,,32.847912,83871,DALLAS,6709 PRESTON RD,1134,DALLAS,,3875134.18090811,75205,859894.0,TX,Pharmacy,-10776224.7521907,-96.804474
,CVS/ PHARMACY INC 7748,,32.881069,83872,DALLAS,10003 MARSH LN,6058,DALLAS,,3879528.48127326,75229,859896.0,TX,Pharmacy,-10781995.7772324,-96.856316
,Quiktrip 994,,32.868839,84114,IRVING,4301 N BELT LINE RD,3502,DALLAS,,3877907.44696328,75038,1040985.0,TX,Convenience Store,-10797399.5004514,-96.99469
,Afribbean Market 2,Ste 110,32.953308,84272,CARROLLTON,2717 E BELT LINE RD,5437,DALLAS,,3889108.02001823,75006,1041160.0,TX,Other,-10782351.554325,-96.859512
,Tiger Mart 46,,32.643761,84294,DALLAS,8702 S POLK ST,5112,DALLAS,,3848114.09639623,75232,1041336.0,TX,Convenience Store,-10780115.3683939,-96.839424
,RaceTrac 437,,32.863983,84339,GARLAND,2018 NORTHWEST HWY,4836,DALLAS,,3877263.86690023,75041,1041711.0,TX,Convenience Store,-10759992.0327237,-96.658653
,RaceTrac 514,,32.914402,84340,DALLAS,12250 GREENVILLE AVE,0599,DALLAS,,3883947.76429616,75243,1041715.0,TX,Convenience Store,-10769468.5496555,-96.743782
,HEB Central Market 653,Ste 1018,32.893948,84395,DALLAS,10720 PRESTON RD,8818,DALLAS,,3881235.77958875,75230,1042149.0,TX,Supermarket,-10776038.7373216,-96.802803
,First Stop Beer & Wine,,32.766548,85011,DALLAS,4847 SCYENE RD,2223,DALLAS,,3864357.95317759,75210,1297286.0,TX,Convenience Store,-10768675.2869641,-96.736656
,INDIAN SUPERSTORE 1,Ste 102,32.999821,85413,RICHARDSON,3555 MURPHY RD,5216,DALLAS,,3895280.20416184,75082,864314.0,TX,Other,-10754937.9052027,-96.613251
,Dollar General 19327,,32.719448,85534,BALCH SPRINGS,11921 ELAM RD,2820,DALLAS,,3858124.31106382,75180,1295462.0,TX,Discount Retail,-10755825.3441833,-96.621223
,DOLLAR GENERAL 11346,114,32.696583,85672,DALLAS,3936 POLK ST,    ,DALLAS,,3855099.33635327,75224,863588.0,TX,Discount Retail,-10780176.4827944,-96.839973
,7-eleven Convenience Store 35398B,,32.937653,85806,GARLAND,2509 FIREWHEEL PKWY,3959,DALLAS,,3887031.36290249,75040,1600213.0,TX,Convenience Store,-10753894.9528935,-96.603882
,La Azteca Meat Market 11,Ste 103,32.793037,85913,DALLAS,4611 COLUMBIA AVE,2304,DALLAS,,3867865.19714726,75226,1297150.0,TX,Grocery Store,-10771980.8079237,-96.76635
,CVS/ PHARMACY INC 15,,32.885586,86307,IRVING,5500 N MACARTHUR BLVD,2603,DALLAS,,3880127.24690849,75038,890371.0,TX,Pharmacy,-10793904.625038,-96.963295
,CVS/ PHARMACY INC 3187,,32.969509,86310,COPPELL,1000 E SANDY LAKE RD,3111,DALLAS,,3891257.49210527,75019,890381.0,TX,Pharmacy,-10793474.9318035,-96.959435
,CVS/ PHARMACY INC 7469,,32.976151,86314,COPPELL,290 N DENTON TAP RD,2903,DALLAS,,3892138.83520297,75019,890390.0,TX,Pharmacy,-10797267.0302574,-96.9935
,CVS/ PHARMACY INC 7715,,32.84383,86317,IRVING,410 W ROCHELLE RD,5616,DALLAS,,3874593.30660021,75062,890396.0,TX,Pharmacy,-10792510.1257768,-96.950768
,Stop & Shop 2,,32.826824,86337,DALLAS,5328 LEMMON AVE,6384,DALLAS,,3872340.24044857,75209,1097037.0,TX,Convenience Store,-10778213.8088522,-96.822342
,Chuchu Grocery & Catering,Ste 500,32.916016,86360,DALLAS,10560 WALNUT ST,5363,DALLAS,,3884161.79034679,75243,1094647.0,TX,Other,-10764778.7708278,-96.701653
,Mame Injera,Ste 105,32.916515,86861,DALLAS,10544 WALNUT ST,5358,DALLAS,,3884227.96152029,75243,1297932.0,TX,Convenience Store,-10764864.4868357,-96.702423
,7-Eleven Store 33690,,32.928612,86866,ROWLETT,7818 ROWLETT RD,2858,DALLAS,,3885832.22936665,75089,1116319.0,TX,Convenience Store,-10751837.1007867,-96.585396
,Valero Corner Store 2741199,,32.960644,87017,RICHARDSON,102 E ARAPAHO RD,2717,DALLAS,,3890081.27699055,75081,925215.0,TX,Convenience Store,-10767283.3480512,-96.724152
,Valero Corner Store 2744507,,32.6735,87018,GRAND PRAIRIE,3980 S BELT LINE RD,7117,DALLAS,,3852046.30676526,75052,925241.0,TX,Convenience Store,-10796335.2861194,-96.98513
,Panther Market,,32.632412,87056,DUNCANVILLE,454 E HIGHWAY 67,4157,DALLAS,,3846613.83063261,75137,925411.0,TX,Convenience Store,-10786789.194506,-96.899376
,Valero Corner Store 274759,,32.801144,87152,MESQUITE,3341 N TOWN EAST BLVD,3834,DALLAS,,3868938.80342396,75150,912002.0,TX,Convenience Store,-10758710.5227457,-96.647141
,Valero Corner Store 2744488,,32.703426,87154,MESQUITE,13105 SEAGOVILLE RD,4037,DALLAS,,3856004.56458217,75180,912015.0,TX,Convenience Store,-10754020.6325986,-96.605011
,Valero Corner Store 274793,,32.746178,87160,MESQUITE,1505 BELTLINE RD,    ,DALLAS,,3861661.59781217,75149,912020.0,TX,Convenience Store,-10753123.7314613,-96.596954
,Corner Store 2742248,,32.894199,87646,ROWLETT,3601 ROWLETT RD,5080,DALLAS,,3881269.05574612,75088,924575.0,TX,Convenience Store,-10750084.9320016,-96.569656
,Kiddist Inc. 23989,,32.909855,87804,DALLAS,11803 PRESTON RD,2708,DALLAS,,3883344.82589069,75230,911457.0,TX,Convenience Store,-10776182.2281452,-96.804092
,Hilda's Grocery,,32.699993,87892,DALLAS,1016 MURDOCK RD,6854,DALLAS,,3855550.42051101,75217,910301.0,TX,Convenience Store,-10762661.3627935,-96.682632
,Circle K 2740792,,32.768272,87901,MESQUITE,3030 MILITARY PKWY,3534,DALLAS,,3864586.18554876,75149,891417.0,TX,Convenience Store,-10758603.4333956,-96.646179
,7-Eleven store#33505,,32.799278,87919,DALLAS,4024 ROSS AVE,5251,DALLAS,,3868691.68123047,75204,911710.0,TX,Convenience Store,-10773927.3405397,-96.783836
,Vitamin Cottage Natural Food Market U028,,32.978062,87933,RICHARDSON,677 W CAMPBELL RD,3302,DALLAS,,3892392.42270965,75080,912839.0,TX,Supermarket,-10769378.4921874,-96.742973
,Viva Food Market,,32.868118,87941,DALLAS,6760 SHADYBROOK LN,6508,DALLAS,,3877811.88846986,75231,910404.0,TX,Grocery Store,-10771606.2178372,-96.762985
,Aldi 64,,32.647968,88147,DUNCANVILLE,333 S CEDAR RIDGE DR,4526,DALLAS,,3848670.28345366,75116,960093.0,TX,Supermarket,-10789788.0302684,-96.926315
,Family Dollar 8391,,32.836563,88229,DALLAS,4550 W MOCKINGBIRD LN,5202,DALLAS,,3873630.47408619,75209,959897.0,TX,Discount Retail,-10779018.9827291,-96.829575
,Family Dollar 8276,,32.645756,88445,DALLAS,8550 S POLK ST,5108,DALLAS,,3848377.84240466,75232,960302.0,TX,Discount Retail,-10780098.4478313,-96.839272
,Sam's Club 6482,,32.793835,88650,DALLAS,5555 S BUCKNER BLVD,6193,DALLAS,,3867970.87157653,75228,864993.0,TX,Super Store,-10763153.9515402,-96.687057
,One Stop Food Store,,32.699234,88734,GRAND PRAIRIE,702 E WARRIOR TRL,5930,DALLAS,,3855450.01641705,75052,1597035.0,TX,Convenience Store,-10797682.3632775,-96.997231
,Sam's Club 8242,,32.867867,88741,DALLAS,12000 MCCREE RD,5299,DALLAS,,3877778.62210316,75238,865038.0,TX,Super Store,-10761866.4303097,-96.675491
,Sam's Club 8248,,32.862274,88853,DALLAS,9461 WEBB CHAPEL RD,    ,DALLAS,,3877037.37645166,75220,865068.0,TX,Super Store,-10782499.3866087,-96.86084
,Dollar Tree 2002,Ste 100,32.647968,89116,DUNCANVILLE,335 S CEDAR RIDGE DR,    ,DALLAS,,3848670.28345366,75116,865618.0,TX,Discount Retail,-10789788.0302684,-96.926315
,Dollar Tree 3939,Ste 80,32.949142,89119,RICHARDSON,101 S COIT RD,5746,DALLAS,,3888555.35852387,75080,865622.0,TX,Discount Retail,-10772113.2781177,-96.76754
,Sam's Club 4783,,32.961029,89253,GARLAND,5150 N GARLAND AVE,2711,DALLAS,,3890132.35663942,75040,865135.0,TX,Super Store,-10758384.3566377,-96.644211
,Tajmahal Asian Groceries 2,Ste C,32.838139,89353,GARLAND,6246 BROADWAY BLVD,5900,DALLAS,,3873839.27763682,75043,1097965.0,TX,Grocery Store,-10752964.0993115,-96.59552
,El Rancho 1625,,32.794472,89370,DALLAS,4121 GASTON AVE,1410,DALLAS,,3868055.22640682,75246,1098039.0,TX,Super Store,-10773079.7539368,-96.776222
,7-eleven Convenience Store 26721,Ste 100,32.858135,89511,DALLAS,2750 W NORTHWEST HWY,4781,DALLAS,,3876488.86090856,75220,1048800.0,TX,Convenience Store,-10784061.1990646,-96.87487
,Sam's Club 8269,,32.675461,89514,GRAND PRAIRIE,2325 W INTERSTATE 20,3927,DALLAS,,3852305.64407307,75052,865171.0,TX,Super Store,-10802097.8508798,-97.036896
,Walmart 5624,,32.923492,89595,DALLAS,13100 JOSEY LN,6351,DALLAS,,3885153.2035593,75234,1049231.0,TX,Super Store,-10784666.7770945,-96.88031
,Family Dollar 9092,,32.933884,89609,DALLAS,5955 ALPHA ROAD,    ,DALLAS,,3886531.45481881,75240,1047111.0,TX,Discount Retail,-10776249.3537982,-96.804695
,Sam's Club 6372,,32.861755,89645,DALLAS,6185 RETAIL RD,7807,DALLAS,,3876968.59525425,75231,865188.0,TX,Super Store,-10770624.4912479,-96.754166
,Sam's Club 8282,,32.647472,89693,DALLAS,2900 W WHEATLAND RD,3535,DALLAS,,3848604.70833976,75237,865198.0,TX,Super Store,-10783171.9789721,-96.866882
,Sam's Club 6265,,32.919994,89703,IRVING,1213 MARKET PLACE BLVD,    ,DALLAS,,3884689.3135968,75063,865202.0,TX,Super Store,-10793795.086659,-96.962311
,Gipson Grocery,,32.785625,90107,DALLAS,1701 SHAW ST,2618,DALLAS,,3866883.71504392,75212,1379203.0,TX,Grocery Store,-10780908.6310853,-96.84655
,Family Dollar 10178,,32.63216,90123,DALLAS,7570 MOUNTAIN CREEK PKWY,1356,DALLAS,,3846580.5199919,75249,1101655.0,TX,Discount Retail,-10791813.5997229,-96.944511
,Family Dollar 11677,,32.620308,90235,DESOTO,1500 N POLK STREET,    ,DALLAS,,3845013.9683389,75115,1299040.0,TX,Discount Retail,-10780168.0225131,-96.839897
,Dollar General 19292,Ste 254,32.720451,90580,DALLAS,655 W ILLINOIS AVE,1814,DALLAS,,3858257.02287449,75224,1298693.0,TX,Discount Retail,-10779497.990498,-96.833878
,Migalitos 5,Ste 202,32.877686,90592,GARLAND,3160 SATURN RD,4317,DALLAS,,3879080.05668439,75041,1298703.0,TX,Grocery Store,-10758825.9610577,-96.648178
,Whole Foods Market 10627,,32.896717,90653,IRVING,6471 N MACARTHUR,    ,DALLAS,,3881602.88313195,75039,1298823.0,TX,Super Store,-10793426.507825,-96.959
,Urban Mart,,32.78223,90710,DALLAS,3322 SYLVAN AVE,2837,DALLAS,,3866434.18329441,75212,1298194.0,TX,Convenience Store,-10779675.4337663,-96.835472
,Nanak Subzi Mandi,Ste A,32.930122,90725,GARLAND,4550 W BUCKINGHAM RD,4575,DALLAS,,3886032.49643459,75042,1098822.0,TX,Grocery Store,-10764799.9215311,-96.701843
,Cockrell Hill Shell,,32.767281,90980,DALLAS,4291 DFW TPKE,1312,DALLAS,,3864454.9911108,75211,1100402.0,TX,Convenience Store,-10786375.5312782,-96.89566
,Valero Corner Store 2741740,,32.973843,91139,CARROLLTON,2146 N JOSEY LN,2969,DALLAS,,3891832.57356794,75006,914437.0,TX,Convenience Store,-10785719.9707969,-96.889771
,Corner Store 2742055,,32.856647,91161,IRVING,3950 VALLEY VIEW LN,2467,DALLAS,,3876291.67191584,75062,913940.0,TX,Convenience Store,-10800340.6727177,-97.021111
,Corner Store 2742419,,32.883713,91241,IRVING,5401 N MACARTHUR BLVD,3104,DALLAS,,3879878.96159426,75038,914369.0,TX,Convenience Store,-10794012.4936245,-96.964264
,Dollar General 13350,,32.677277,91579,DALLAS,1780 S BELT LINE RD,4905,DALLAS,,3852545.81057345,75253,1061833.0,TX,Discount Retail,-10753457.5786142,-96.599953
,7-Eleven 33441,,32.784122,92157,DALLAS,2608 ELM ST,1422,DALLAS,,3866684.70078639,75226,929322.0,TX,Convenience Store,-10774192.3922473,-96.786217
,7-eleven 25250,,32.793217,92165,DALLAS,5550 E GRAND AVE,1620,DALLAS,,3867889.03340187,75223,929370.0,TX,Convenience Store,-10769894.0127493,-96.747604
,Overton Texaco,,32.723705,92389,DALLAS,3926 E OVERTON RD,2803,DALLAS,,3858687.58572561,75216,538224.0,TX,Convenience Store,-10771605.4386007,-96.762978
,QuikTrip 979,,32.894627,92420,DALLAS,10101 ROYAL LN,1228,DALLAS,,3881325.79777774,75238,1112002.0,TX,Convenience Store,-10766071.3014354,-96.713264
,QuikTrip 973,,32.637096,92422,HUTCHINS,401 E WINTERGREEN RD,    ,DALLAS,,3847233.00263602,75141,1112004.0,TX,Convenience Store,-10763457.1858331,-96.689781
,Altaqwa Market and Bakery,Ste 125,32.797703,92620,MESQUITE,2411 N GALLOWAY AVE,7681,DALLAS,,3868483.10142186,75150,927425.0,TX,Convenience Store,-10754783.28243,-96.611862
,QuikTrip 982,,32.736641,92640,BALCH SPRINGS,12631 LAKE JUNE RD,1801,DALLAS,,3860399.40711038,75180,928641.0,TX,Convenience Store,-10754617.6390277,-96.610374
,Quiktrip 969,,32.93615,92653,COPPELL,1484 S BELT LINE RD,4906,DALLAS,,3886832.0072445,75019,1062464.0,TX,Convenience Store,-10797257.6794202,-96.993416
,Circle K 2706114,,32.70956,92654,GRAND PRAIRIE,726 E PIONEER PKWY,4958,DALLAS,,3856816.0615444,75051,928648.0,TX,Convenience Store,-10797408.8512887,-96.994774
,Family Dollar Store 7379,,32.717541,93438,DALLAS,3428 BONNIE VIEW RD,    ,DALLAS,,3857871.99073087,75216,868753.0,TX,Discount Retail,-10773156.230427,-96.776909
,Dollar Tree 3893,,32.91082,93689,ROWLETT,5707 LIBERTY GROVE RD,3603,DALLAS,,3883472.78361888,75089,867412.0,TX,Discount Retail,-10748600.3752724,-96.55632
,Payless Beer & Wine,,32.828915,94009,IRVING,2016 W GRAUWYLER RD,4346,DALLAS,,3872617.24654363,75061,1106930.0,TX,Convenience Store,-10794948.4679031,-96.972672
,Whole Foods Market 10473,Ste 1012,32.953911,94023,ADDISON,5100 BELT LINE RD,    ,DALLAS,,3889188.01614676,75254,1107005.0,TX,Super Store,-10778246.870741,-96.822639
,Kroger 509,,32.815002,94154,DALLAS,4901 MAPLE AVE,8210,DALLAS,,3870774.23872715,75235,1051838.0,TX,Super Store,-10778917.9046315,-96.828667
,Dollar Tree 5210,Ste B,32.857597,94254,GARLAND,1202 W CENTERVILLE RD,5920,DALLAS,,3876417.56504423,75041,1106181.0,TX,Discount Retail,-10758652.74793,-96.646622
,AZ Food Grocery,Ste 135,32.938648,94292,RICHARDSON,1551 E SPRING VALLEY RD,5364,DALLAS,,3887163.34006889,75081,1103711.0,TX,Other,-10764136.6800049,-96.695885
,Dollar Tree 5252,Ste 110,32.922581,94317,DALLAS,12895 JOSEY LN,8300,DALLAS,,3885032.38882712,75234,1103867.0,TX,Discount Retail,-10784948.7493647,-96.882843
,Dollar General 13707,,32.858673,94454,DALLAS,3515 W NORTHWEST HWY,5953,DALLAS,,3876560.1572053,75220,1051396.0,TX,Discount Retail,-10782552.0407279,-96.861313
,Dallas Superstore,Ste 100,32.947323,94468,GARLAND,3212 N JUPITER RD,6581,DALLAS,,3888314.05818144,75044,1106209.0,TX,Super Store,-10762516.9814139,-96.681335
,Dollar Tree 4305,Ste 210,32.649082,94476,DALLAS,2525 W WHEATLAND RD,3502,DALLAS,,3848817.56436996,75237,1053278.0,TX,Discount Retail,-10782484.9150749,-96.86071
,Beer & Wine Convenience Store Inc.,Ste 105,32.902847,94478,DALLAS,9220 SKILLMAN ST,7395,DALLAS,,3882415.61616547,75243,1105035.0,TX,Convenience Store,-10766199.6528083,-96.714417
,Red Bird Mart,,32.674973,95058,DUNCANVILLE,1411 N DUNCANVILLE RD,2209,DALLAS,,3852241.10677088,75116,1442906.0,TX,Convenience Store,-10787861.8691192,-96.909012
,1 St Stop,,32.820095,95206,MESQUITE,4100 GUS THOMASSON RD,2226,DALLAS,,3871448.85763283,75150,1442210.0,TX,Convenience Store,-10758084.573249,-96.641518
,QuikTrip 908,,32.89381,95712,GARLAND,2010 S SHILOH RD,1336,DALLAS,,3881217.48437108,75041,897507.0,TX,Convenience Store,-10760757.2429034,-96.665527
,Quiktrip 960,,32.951405,96005,RICHARDSON,522 W BELT LINE RD,6306,DALLAS,,3888855.5648366,75080,1055031.0,TX,Convenience Store,-10768663.3757786,-96.736549
,Amigo's Grocery,,32.832924,96039,DALLAS,2259 ANSON RD,3502,DALLAS,,3873148.35872746,75235,1055246.0,TX,Convenience Store,-10781776.589155,-96.854347
,7-eleven Convenience Store 22904,,32.618961,96171,DESOTO,1500 N HAMPTON RD,2302,DALLAS,,3844835.94020022,75115,1058518.0,TX,Convenience Store,-10782068.8028184,-96.856972
,Quiktrip 900,,32.909073,96334,DALLAS,9500 FOREST LN,5935,DALLAS,,3883241.1347444,75243,1054514.0,TX,Convenience Store,-10767859.0924576,-96.729324
,Discount Tobacco And Beverage Corner ,,32.841442,96449,MESQUITE,1431 OATES DR,1345,DALLAS,,3874276.9026878,75150,1059602.0,TX,Convenience Store,-10756253.4789449,-96.625069
,7-Eleven 24584A,,32.817558,96475,DALLAS,4201 TRAVIS ST,4449,DALLAS,,3871112.80171631,75205,1055826.0,TX,Convenience Store,-10775055.2296204,-96.793968
,A Taste of Market 564,,32.987953,96726,COPPELL,750 N DENTON TAP RD,2162,DALLAS,,3893705.03478285,75019,1134041.0,TX,Convenience Store,-10797232.1872568,-96.993187
,Walmart Supercenter 5810,,32.647285,96837,DALLAS,7075 W WHEATLAND RD,1067,DALLAS,,3848579.98555856,75249,1134811.0,TX,Super Store,-10791927.479562,-96.945534
,ALDI 75043,Ste 245,32.908802,96847,DALLAS,3128 FOREST LN,7005,DALLAS,,3883205.2010698,75234,1058021.0,TX,Supermarket,-10783590.7628965,-96.870644
,ALDI 75063,,32.590012,96853,CEDAR HILL,805 E BELTLINE RD,    ,DALLAS,,3841010.50221671,75234,1058023.0,TX,Supermarket,-10789609.6964442,-96.924713
,7-Eleven,,32.836899,96868,DALLAS,4200 ABRAMS RD,2341,DALLAS,,3873674.99026833,75214,1058096.0,TX,Convenience Store,-10770438.4763787,-96.752495
,Family Dollar Store 2337,,32.739101,96999,GRAND PRAIRIE,610 S CARRIER PKWY,    ,DALLAS,,3860724.9671217,75051,1136178.0,TX,Discount Retail,-10799600.8433819,-97.014465
,Fuel City Friendly's 0,,32.859085,97166,DALLAS,10025 HARRY HINES BLVD,4405,DALLAS,,3876614.7561487,75220,1444303.0,TX,Convenience Store,-10784788.2266589,-96.881401
,Walmart Neighborhood Market 3015,,32.75993,97378,DALLAS,2827 S BUCKNER BLVD,6906,DALLAS,,3863481.86787165,75227,1109094.0,TX,Super Store,-10762866.079337,-96.684471
,Quick Stop,,32.827492,97564,DALLAS,1055 REGAL ROW,4497,DALLAS,,3872428.73331757,75247,1443520.0,TX,Convenience Store,-10785471.9509714,-96.887543
,Zara Food Mart ,Ste H,32.817127,97770,IRVING,1102 E PIONEER DR,7862,DALLAS,,3871055.71157808,75061,1443631.0,TX,Convenience Store,-10790577.0628192,-96.933403
,Family Dollar Store 10418,,32.685696,98142,DALLAS,9636 BRIERWOOD LN,8205,DALLAS,,3853659.28943911,75217,1136928.0,TX,Discount Retail,-10759754.2542914,-96.656517
,7-eleven Convenience Store 34120B,,32.779816,98155,DALLAS,1295 COMMERCE ST,4323,DALLAS,,3866114.55613222,75202,1645355.0,TX,Convenience Store,-10775868.0845422,-96.80127
,El Rancho 1628,,32.937325,98201,DALLAS,2770 VALWOOD PKWY,3530,DALLAS,,3886987.85718713,75234,1137421.0,TX,Super Store,-10785532.1748159,-96.888084
,Ice House Beverage,Ste 100,32.946987,98227,RICHARDSON,940 E BELT LINE RD,3714,DALLAS,,3888269.48647893,75081,1641640.0,TX,Convenience Store,-10765932.9313084,-96.712021
,Circle K 2741192,,32.749577,98231,DALLAS,3511 W DAVIS ST,3005,DALLAS,,3862111.47698314,75211,1137588.0,TX,Convenience Store,-10784286.287075,-96.876892
,Circle K 2742206,,32.657898,98281,GRAND PRAIRIE,1729 W POLO RD,1805,DALLAS,,3849983.18435266,75052,897761.0,TX,Convenience Store,-10801027.7366148,-97.027283
,WALGREENS 11514,,32.879021,98282,DALLAS,9807 WALNUT HILL LN,2095,DALLAS,,3879257.01202287,75238,898277.0,TX,Pharmacy,-10766541.848923,-96.717491
,El Rancho 1616,,32.73634,98455,DALLAS,4450 W JEFFERSON BLVD,4623,DALLAS,,3860359.57294556,75211,897957.0,TX,Super Store,-10785991.7016739,-96.892212
,Target Store 255,,32.838238,98480,IRVING,3333 W AIRPORT FWY,5992,DALLAS,,3873852.39422726,75062,898197.0,TX,Super Store,-10797001.1993134,-96.991112
,Target Store 1850,,32.95118,98494,ADDISON,3730 BELT LINE RD,4301,DALLAS,,3888825.71631736,75001,898228.0,TX,Super Store,-10781763.8987331,-96.854233
,Jtc Bless Import,Ste 101,32.902676,98501,DALLAS,9220 SKILLMAN ST,7325,DALLAS,,3882392.94373083,75243,1179253.0,TX,Super Store,-10766237.8353937,-96.71476
,HMS Mart,,32.603924,98703,LANCASTER,1458 W PLEASANT RUN RD,1328,DALLAS,,3842848.73587934,75146,1444851.0,TX,Convenience Store,-10774376.6260045,-96.787872
,7-Eleven 19091,,32.801186,98750,IRVING,100 E SHADY GROVE RD,6011,DALLAS,,3868944.36571951,75060,898838.0,TX,Convenience Store,-10792035.3481486,-96.946503
,Trader Joe's 403,,32.814808,99032,DALLAS,2001 GREENVILLE AVE,7123,DALLAS,,3870748.54224691,75206,1110794.0,TX,Supermarket,-10772444.4536028,-96.770515
,7-eleven Convenience Store 35415,,32.953487,99593,DALLAS,15050 PRESTON RD,9167,DALLAS,,3889131.76673906,75254,1064991.0,TX,Convenience Store,-10776150.8360488,-96.80381
,CVS PHARMACY 10670,,32.815098,99629,DALLAS,4930 MAPLE AVE,8297,DALLAS,,3870786.95453193,75235,1232561.0,TX,Pharmacy,-10778930.5950534,-96.828781
,Martsmart,,32.821796,99740,DALLAS,2347 OATES DR,3832,DALLAS,,3871674.18075026,75228,1111484.0,TX,Convenience Store,-10761847.7286352,-96.675323
,Lion Beverage Mart,,32.812199,99773,DALLAS,7272 GASTON AVE,4124,DALLAS,,3870402.96977514,75214,1067203.0,TX,Convenience Store,-10768138.5043795,-96.731834
,Family Dollar 10734,,32.751465,99853,DALLAS,2223 S BUCKNER BLVD,8646,DALLAS,,3862361.37315286,75227,1111578.0,TX,Discount Retail,-10762700.4359347,-96.682983
,One Stop Mart,,32.809261,99945,IRVING,501 S LOOP 12,3351,DALLAS,,3870013.83208452,75060,1066747.0,TX,Convenience Store,-10789325.1638257,-96.922157
,Circle K 2742413,,32.82896,100171,IRVING,1401 N BELT LINE RD,1518,DALLAS,,3872623.20800904,75061,900663.0,TX,Convenience Store,-10797311.1127757,-96.993896
,Walmart Supercenter 5823,,32.861755,100396,DALLAS,6185 RETAIL RD,7807,DALLAS,,3876968.59525425,75231,1016239.0,TX,Super Store,-10770624.4912479,-96.754166
,Magic Dollar,#100,32.812305,100591,IRVING,828 E IRVING BLVD,    ,DALLAS,,3870417.00970083,75060,1235175.0,TX,Convenience Store,-10790870.9462749,-96.936043
,TA Dallas South 150,,32.653042,100765,DALLAS,7751 BONNIE VIEW RD,7418,DALLAS,,3849341.12718539,75241,1017123.0,TX,Convenience Store,-10770446.93666,-96.752571
,Homeboys Shell,,32.937794,100787,GARLAND,2510 FIREWHEEL PKWY,3958,DALLAS,,3887050.06510412,75040,1233357.0,TX,Convenience Store,-10753826.1574482,-96.603264
,7-ELEVEN 26885,,32.865627,100809,DALLAS,6833 W NORTHWEST HWY,4202,DALLAS,,3877481.74714376,75225,899871.0,TX,Convenience Store,-10774334.992515,-96.787498
,Star Medical Specialties,,32.976913,101209,ADDISON,4386 SUNBELT DR,5611,DALLAS,,3892239.95107055,75001,1447047.0,TX,Other,-10779678.8846705,-96.835503
,Scki Food Mart,,32.788631,101596,MESQUITE,1700 S TOWN EAST BLVD,1131,DALLAS,,3867281.7536471,75149,1446612.0,TX,Convenience Store,-10759386.5660133,-96.653214
,Sprouts Farmers Market 126,,32.810452,102114,DALLAS,1800 N HENDERSON AVE,7525,DALLAS,,3870171.57831806,75206,1079419.0,TX,Supermarket,-10772763.8292219,-96.773384
,Family Dollar Store 10822,,32.683701,102157,GRAND PRAIRIE,3709 S CARRIER PKWY,6659,DALLAS,,3853395.4255324,75052,1153761.0,TX,Discount Retail,-10798930.8113668,-97.008446
,WinCo Foods 124,,32.644829,102177,DUNCANVILLE,800 S COCKRELL HILL RD,2622,DALLAS,,3848255.28901639,75137,1153959.0,TX,Supermarket,-10785889.7330203,-96.891296
,Big Daddy's Supermarket,,32.740692,102404,DALLAS,6204 BEXAR ST,5303,DALLAS,,3860935.52718312,75215,1149684.0,TX,Convenience Store,-10770539.5544764,-96.753403
,Walmart Supercenter 5673,,32.974319,102416,SACHSE,8015 WOODBRIDGE PARKWAY,    ,DALLAS,,3891895.73605763,75048,1152356.0,TX,Super Store,-10749996.6556454,-96.568863
,7-eleven Convenience Store 35384,,32.778435,102502,DALLAS,5910 SINGLETON BLVD,3131,DALLAS,,3865931.70787314,75212,1081031.0,TX,Convenience Store,-10788627.079299,-96.915886
,Westend Tobacco And Food Mart,,32.780437,102521,DALLAS,909 ELM ST,3100,DALLAS,,3866196.77919257,75202,1151602.0,TX,Convenience Store,-10776169.5377233,-96.803978
,Highland Mart,,32.801804,102529,DALLAS,8002 FERGUSON RD,5848,DALLAS,,3869026.21122932,75228,1150886.0,TX,Convenience Store,-10766088.3333175,-96.713417
,RaceTrac 2336,,32.841827,102576,DALLAS,10707 FERGUSON RD,2613,DALLAS,,3874327.91363078,75228,1151263.0,TX,Convenience Store,-10760759.8032517,-96.66555
,RaceTrac 2337,,32.857883,102577,DALLAS,2807 W NORTHWEST HWY,6215,DALLAS,,3876455.46576586,75220,1151264.0,TX,Convenience Store,-10783922.8289375,-96.873627
,Trader Joe's 405,Ste 168,32.851162,102597,DALLAS,5550 W LOVERS LN,4268,DALLAS,,3875564.83110865,75209,1151501.0,TX,Supermarket,-10777776.4345729,-96.818413
,ALDI 75074,,32.604092,102664,DESOTO,102 W PLEASANT RUN RD,3910,DALLAS,,3842870.93596002,75115,1153192.0,TX,Supermarket,-10782141.8284043,-96.857628
,Family Dollar 8762,,32.850864,102842,IRVING,2401 FINLEY RD,3302,DALLAS,,3875525.34314113,75062,1080732.0,TX,Discount Retail,-10795439.275538,-96.977081
,7-eleven Convenience Store 37014A,,32.781353,102845,DALLAS,1502 ELM ST,3509,DALLAS,,3866318.06256429,75201,1153484.0,TX,Convenience Store,-10775664.1472351,-96.799438
,Country Boys Beer & Wine,,32.719322,102923,BALCH SPRINGS,10956 ELAM RD,2604,DALLAS,,3858107.63949623,75180,1152086.0,TX,Convenience Store,-10757537.5492712,-96.636604
,DOLLAR TREE 6362,,32.745747,103156,GRAND PRAIRIE,430 E MAIN ST,5727,DALLAS,,3861604.55345952,75050,1237709.0,TX,Discount Retail,-10797806.2618708,-96.998344
,7-eleven Convenience Store 35391,,32.965427,103217,GARLAND,5401 N PRESIDENT GEORGE BUSH HWY,4801,DALLAS,,3890715.87450012,75044,1070657.0,TX,Convenience Store,-10758301.9802145,-96.643471
,Dollar Tree 6230,Ste 129,32.942741,103266,GARLAND,3046 LAVON DR,8795,DALLAS,,3887706.25271446,75040,1236322.0,TX,Discount Retail,-10755890.8000439,-96.621811
,7-eleven Convenience Store 35405,,32.804043,103652,DALLAS,3716 MAPLE AVE,3910,DALLAS,,3869322.74042215,75219,1071494.0,TX,Convenience Store,-10777220.1710774,-96.813416
,Quiktrip 974,,32.591148,103660,DESOTO,1235 E BELT LINE RD,5285,DALLAS,,3841160.59455264,75115,1071535.0,TX,Convenience Store,-10778455.0381887,-96.824509
,Dollar Stuff & More,,32.78566,103825,DALLAS,4702 E GRAND AVE,2908,DALLAS,,3866888.3494812,75223,1071011.0,TX,Convenience Store,-10770850.3584947,-96.756195
,7-Eleven 34530,,32.783844,104183,DALLAS,511 N AKARD,    ,DALLAS,,3866647.89079985,75203,1018789.0,TX,Convenience Store,-10775787.3779114,-96.800545
,Irving Subzi Mandi Inc,Unit 150,32.941021,104355,IRVING,10010 N MACARTHUR BLVD,5001,DALLAS,,3887478.10165655,75063,1238904.0,TX,Grocery Store,-10792641.7054149,-96.95195
,Galloway Beer & Wine,Ste 100,32.827072,104567,MESQUITE,4701 N GALLOWAY AVE,7533,DALLAS,,3872373.09401088,75150,1649007.0,TX,Convenience Store,-10756429.2524209,-96.626648
,7-Eleven 12205,,32.851582,104848,DALLAS,5123 W LOVERS LN,3331,DALLAS,,3875620.48551624,75209,1020224.0,TX,Convenience Store,-10778297.8550677,-96.823097
,Dollar Tree 5353,Ste 113,32.955166,105080,CARROLLTON,1927 E BELT LINE RD,5874,DALLAS,,3889354.51066846,75006,1116239.0,TX,Discount Retail,-10785432.8778301,-96.887192
,Discount Tobacco And Grocery,,32.782349,105201,DALLAS,4864 S BUCKNER BLVD,2303,DALLAS,,3866449.93978727,75227,1117715.0,TX,Convenience Store,-10762665.7042536,-96.682671
,V Mart,,32.69165,105349,DALLAS,3633 W LEDBETTER DR,3723,DALLAS,,3854446.81607157,75233,1604144.0,TX,Convenience Store,-10784648.07542,-96.880142
,7-eleven 27693,,32.812542,105370,DALLAS,7815 GARLAND RD,4414,DALLAS,,3870448.40091601,75218,1115397.0,TX,Convenience Store,-10767626.4347218,-96.727234
,7-eleven Convenience Store 35389,,32.791008,105398,MESQUITE,105 US HIGHWAY 80 E,5823,DALLAS,,3867596.51292539,75150,1115726.0,TX,Convenience Store,-10753067.7377574,-96.596451
,CVS/ PHARMACY 10068,,32.917355,105439,ROWLETT,8626 LAKEVIEW PKWY,9306,DALLAS,,3884339.35271506,75088,1083386.0,TX,Pharmacy,-10744294.426049,-96.517639
,7-Eleven Convenience 34117,,32.913914,105536,DALLAS,12103 WEBB CHAPEL RD,7857,DALLAS,,3883883.05334661,75234,1020663.0,TX,Convenience Store,-10783925.3892858,-96.87365
,7-eleven Store 25170A,,32.842667,105761,UNIVERSITY PARK,6229 HILLCREST ROAD,    ,DALLAS,,3874439.21100163,75205,1082876.0,TX,Convenience Store,-10774312.0606999,-96.787292
,Walmart Supercenter 5889,,32.862423,105841,DALLAS,9410 WEBB CHAPEL RD,4936,DALLAS,,3877057.12295842,75220,1084753.0,TX,Super Store,-10782106.0948478,-96.857307
,Family Dollar 8874,,32.604591,105846,LANCASTER,3155 W PLEASANT RUN RD,1014,DALLAS,,3842936.87573089,75146,1084754.0,TX,Discount Retail,-10777793.3551355,-96.818565
,RaceTrac 634,,32.648026,106402,DUNCANVILLE,519 S COCKRELL HILL RD,4937,DALLAS,,3848677.95153509,75116,1085162.0,TX,Convenience Store,-10785969.6604147,-96.892014
,Chilly Mart,,32.933239,106500,IRVING,9401 N MACARTHUR BLVD,4706,DALLAS,,3886445.90622016,75063,1447920.0,TX,Convenience Store,-10792718.1819051,-96.952637
,DALLAS (KNOX & COLE) 400,Ste 100,32.822384,106514,DALLAS,4525 COLE AVE,4277,DALLAS,,3871752.07122646,75205,1239406.0,TX,Supermarket,-10774548.1693399,-96.789413
,Jeremy's Grocery,,32.714882,106639,DALLAS,3444 E ILLINOIS AVE,3958,DALLAS,,3857520.18024758,75216,1447690.0,TX,Convenience Store,-10771896.6503886,-96.765594
,DOLLARTREE 6254,,32.734013,106679,DALLAS,10304 LAKE JUNE RD,3377,DALLAS,,3860051.62366009,75217,1239158.0,TX,Discount Retail,-10758564.3602543,-96.645828
,Park Lane Mart,,32.87183,106955,DALLAS,8209 PARK LN,6022,DALLAS,,3878303.87059231,75231,1448096.0,TX,Convenience Store,-10771733.6786541,-96.76413
,Lindas Liquor Beer Wine,,32.865356,107186,DALLAS,9740 WEBB CHAPEL RD,3556,DALLAS,,3877445.8310835,75220,1656414.0,TX,Convenience Store,-10782676.0506406,-96.862427
,Vitamin Cottage Natural Food Markets Inc U039,Ste 224,32.908443,107264,DALLAS,11661 PRESTON RD,6173,DALLAS,,3883157.59906506,75230,964690.0,TX,Supermarket,-10776351.3224517,-96.805611
,India Import Supermarket,,32.838654,107269,IRVING,2521 W AIRPORT FWY,6018,DALLAS,,3873907.51056511,75062,964736.0,TX,Supermarket,-10795717.0176676,-96.979576
,CVS/ PHARMACY INC 296,,32.647182,107656,DALLAS,2420 W WHEATLAND RD,3609,DALLAS,,3848566.36821988,75237,965542.0,TX,Pharmacy,-10782213.9634344,-96.858276
,Quiktrip 904,,32.862213,107854,DALLAS,6060 SKILLMAN ST,7721,DALLAS,,3877029.29232088,75231,965921.0,TX,Convenience Store,-10770109.7499224,-96.749542
,7-Eleven Convenience Store 18765A,,32.791817,108263,DALLAS,111 N CARROLL AVE,1010,DALLAS,,3867703.64158215,75226,1156152.0,TX,Convenience Store,-10772148.9003548,-96.76786
,7-Eleven Convenience Store 17718A,,32.794086,108264,DALLAS,4104 GASTON AVE,1409,DALLAS,,3868004.11022088,75246,1156154.0,TX,Convenience Store,-10773119.717634,-96.776581
,SIA Food Mart,,32.767319,108659,MESQUITE,1919 W SCYENE RD,3641,DALLAS,,3864460.02174849,75149,1245703.0,TX,Convenience Store,-10756578.754497,-96.627991
,7-Eleven 21104,,32.850372,109241,DALLAS,11437 SHILOH RD,2150,DALLAS,,3875460.14853196,75228,1023679.0,TX,Convenience Store,-10760807.3366743,-96.665977
,Ann's Health Food Center & Market,,32.715549,109351,DALLAS,2634 S ZANG BLVD,2816,DALLAS,,3857608.4295789,75224,1025752.0,TX,Grocery Store,-10779085.9970626,-96.830177
,Racetrac 498,,32.821629,109379,DALLAS,2506 INWOOD RD,7422,DALLAS,,3871652.05888929,75235,1025887.0,TX,Convenience Store,-10779728.9784414,-96.835953
,Racetrac 516,,32.755333,109381,GRAND PRAIRIE,702 N BELT LINE RD,5862,DALLAS,,3862873.35917923,75050,1025890.0,TX,Convenience Store,-10797357.8669619,-96.994316
,CVS Pharmacy 10056,,32.686794,109471,DALLAS,5050 S LANCASTER RD,    ,DALLAS,,3853804.51629986,75216,1119964.0,TX,Pharmacy,-10774550.7296881,-96.789436
,Walmart Supercenter 3014,,32.683762,109511,DALLAS,200 SHORT BLVD,1300,DALLAS,,3853403.49346424,75232,1118472.0,TX,Super Store,-10778548.4352415,-96.825348
,Dollar Tree 5319,Ste 700,32.80949,109799,DALLAS,5334 ROSS AVE,7463,DALLAS,,3870044.16264033,75206,1119472.0,TX,Discount Retail,-10772442.7838105,-96.7705
,Jaxx Fuel #10,,32.749004,110024,MESQUITE,1701 W BRUTON RD,5627,DALLAS,,3862035.63560219,75149,1521192.0,TX,Convenience Store,-10756020.7098897,-96.622978
,Racetrac 504,,32.851139,110168,DALLAS,9620 HARRY HINES BLVD,5706,DALLAS,,3875561.78337489,75220,1025894.0,TX,Convenience Store,-10784395.0462175,-96.877869
,QuikTrip 923,,32.644375,110775,DALLAS,8414 S HAMPTON RD,5124,DALLAS,,3848195.26872652,75232,1074377.0,TX,Convenience Store,-10781986.4263952,-96.856232
,Wohemiya Ethiopian Grocery ,Ste 114,32.974384,110778,SACHSE,5634 HIGHWAY 78,3773,DALLAS,,3891904.36121395,75048,1521080.0,TX,Other,-10753199.3173955,-96.597633
,1 Star Beverage,,32.917248,111044,GARLAND,510 N PLANO RD,5908,DALLAS,,3884325.16353983,75042,1087515.0,TX,Other,-10764618.2481221,-96.700211
,Doc 's Mart 1,,32.608288,111340,CEDAR HILL,1030 N HIGHWAY 67,4700,DALLAS,,3843425.42291113,75104,1090130.0,TX,Convenience Store,-10789804.1715946,-96.92646
,Quiktrip #938 938,,32.912781,111895,GARLAND,131 LAVON DR,6519,DALLAS,,3883732.81393157,75040,968653.0,TX,Convenience Store,-10756801.2821591,-96.62999
,Mercado Durango,,32.858967,111896,DALLAS,3064 WEBB CHAPEL EXT,6206,DALLAS,,3876599.11856133,75220,1090868.0,TX,Convenience Store,-10783290.8681883,-96.86795
,Family Dollar 8159,,32.714966,111941,BALCH SPRINGS,4025 PIONEER RD,3012,DALLAS,,3857531.29407008,75180,967225.0,TX,Discount Retail,-10754081.746999,-96.60556
,Walmart Neighborhood Market 2433,,32.93195,112021,GARLAND,101 W BUCKINGHAM RD,4646,DALLAS,,3886274.94352536,75040,1125308.0,TX,Super Store,-10756993.9761977,-96.631721
,Grocery Services North 3,,32.734432,112616,DALLAS,6921 LAKE JUNE RD,1325,DALLAS,,3860107.0724652,75217,1124481.0,TX,Grocery Store,-10764914.5806066,-96.702873
,Grocery Services North 4,Ste 312,32.755562,112617,DALLAS,1050 N WESTMORELAND RD,2411,DALLAS,,3862903.67135524,75211,1124484.0,TX,Grocery Store,-10783962.6813152,-96.873985
,QuikTrip 980,,32.824287,112625,MESQUITE,4451 N GALLOWAY AVE,4220,DALLAS,,3872004.15907439,75150,1124569.0,TX,Convenience Store,-10756083.605402,-96.623543
,QuikTrip 998,,32.808727,112626,IRVING,1501 E STATE HIGHWAY 356,3209,DALLAS,,3869943.10524051,75060,1124570.0,TX,Convenience Store,-10789784.6906837,-96.926285
,DOLLARTREE 6928,,32.950958,112830,RICHARDSON,524 W BELT LINE RD,    ,DALLAS,,3888796.26585285,75080,1075799.0,TX,Discount Retail,-10768767.0142245,-96.73748
,Allens Grocery,,32.752056,112954,DALLAS,2500 LAWRENCE ST,4637,DALLAS,,3862439.59915471,75215,824557.0,TX,Convenience Store,-10770860.5998878,-96.756287
,Kroger 529,,32.806561,113151,DALLAS,4241 CAPITOL AVE,    ,DALLAS,,3869656.22880377,75204,1077073.0,TX,Super Store,-10774492.175636,-96.78891
,Family Stop Food Store 2,,32.756611,113314,MESQUITE,901 RODEO CENTER BLVD,3917,DALLAS,,3863042.52594381,75149,1093090.0,TX,Convenience Store,-10755971.5066747,-96.622536
,WinCo Foods 131,,32.857647,113602,GARLAND,1122 W CENTERVILLE RD,5998,DALLAS,,3876424.1910357,75041,1208585.0,TX,Supermarket,-10758645.9574411,-96.646561
,7-eleven Convenience Store 22557,,32.811169,113724,MESQUITE,1041 N TOWN EAST BLVD,4613,DALLAS,,3870266.54495416,75150,1076801.0,TX,Convenience Store,-10754737.4187998,-96.61145
,Kingsley Grocery And Check Cashing,,32.878857,114107,GARLAND,1433 W KINGSLEY RD,4225,DALLAS,,3879235.27354556,75041,1214629.0,TX,Convenience Store,-10758978.0234821,-96.649544
,DALLAS (FAR NORTH) 407,Ste 200,32.95055,114110,DALLAS,14856 PRESTON RD,6846,DALLAS,,3888742.1408677,75254,1215803.0,TX,Supermarket,-10776108.4233228,-96.803429
,World Food Warehouse,,32.930676,114183,DALLAS,13434 FLOYD CIR,1504,DALLAS,,3886105.97275904,75243,1216467.0,TX,Supermarket,-10769692.7471099,-96.745796
,Walmart Supercenter 8930,,32.963451,114381,DALLAS,15757 COIT RD,    ,DALLAS,,3890453.69917113,75248,1218121.0,TX,Super Store,-10772274.6913794,-96.76899
,Dollar Tree 5444,Ste 150,32.687767,115436,DALLAS,4777 VISTAWOOD BLVD,    ,DALLAS,,3853933.21154047,75224,1191782.0,TX,Discount Retail,-10778578.1575456,-96.825615
,Family Dollar 11392,,32.648018,115461,HUTCHINS,103 E PALESTINE ST,    ,DALLAS,,3848676.89386839,75141,1192147.0,TX,Discount Retail,-10765807.2516033,-96.710892
,Superconvenience Stop,,32.710251,115530,DALLAS,3006 DUNCANVILLE RD,7301,DALLAS,,3856907.48082194,75211,1602809.0,TX,Convenience Store,-10787779.4926961,-96.908272
,My Beer Store 10,,32.811775,115566,DALLAS,2315 LAKELAND DR,5353,DALLAS,,3870346.81023988,75228,1522079.0,TX,Convenience Store,-10764698.8434334,-96.700935
,Hampton Foodmart,,32.789764,115569,DALLAS,3900 N HAMPTON RD,1637,DALLAS,,3867431.78299851,75212,1522088.0,TX,Convenience Store,-10781971.9548614,-96.856102
,7-Eleven Convenience Store 37279B,,32.837208,115685,DALLAS,4415 W MOCKINGBIRD LN,5203,DALLAS,,3873715.92940598,75209,1583815.0,TX,Convenience Store,-10779117.5004784,-96.83046
,Fina Mart,,32.757053,115920,GRAND PRAIRIE,1821 W TARRANT RD,3157,DALLAS,,3863101.03332411,75050,1190447.0,TX,Convenience Store,-10801106.6621338,-97.027992
,Loco Food Mart,Forth,32.755486,115978,DALLAS,2910 FORT WORTH AVE,2405,DALLAS,,3862893.61141046,75211,1522594.0,TX,Convenience Store,-10783446.3815169,-96.869347
,Walmart Neighborhood Market 4046,,32.896168,116027,GARLAND,1855 S GARLAND AVE,7648,DALLAS,,3881530.09787709,75040,1126763.0,TX,Super Store,-10759041.6982308,-96.650116
,Fuel Stop,,32.736301,116049,DALLAS,5816 KEENELAND PKWY,6958,DALLAS,,3860354.4117181,75211,1126973.0,TX,Convenience Store,-10789172.3221649,-96.920784
,QuikTrip 970,,32.750847,116101,DALLAS,5909 W DAVIS ST,    ,DALLAS,,3862279.57392942,75211,1127719.0,TX,Convenience Store,-10789255.589144,-96.921532
,99 Ranch Market 105,,32.980339,116289,CARROLLTON,2532 OLD DENTON RD,1347,DALLAS,,3892694.58516173,75006,1220898.0,TX,Super Store,-10787949.366239,-96.909798
,CVS Pharmacy 10324,,32.814255,116377,DALLAS,6420 GASTON AVE,4022,DALLAS,,3870675.29434054,75214,1219683.0,TX,Pharmacy,-10770415.5445636,-96.752289
,Family Dollar 11509,,32.705051,116417,BALCH SPRINGS,11327 SEAGOVILLE RD,3123,DALLAS,,3856219.53837488,75180,1223293.0,TX,Discount Retail,-10757094.2750589,-96.632622
,7-eleven Convenience Store 35402B,,32.712715,116687,DALLAS,2821 S WALTON WALKER BLVD,7412,DALLAS,,3857233.47370633,75211,1129221.0,TX,Convenience Store,-10787984.9884761,-96.910118
,7-Eleven Convenience Store 36371A,,32.979774,116932,GARLAND,7235 N GEORGE BUSH HWY,2979,DALLAS,,3892619.60780534,75044,1220502.0,TX,Convenience Store,-10760567.8884496,-96.663826
,La Michoacana Meat Market 37,,32.795849,117046,DALLAS,8707 E R L THORNTON FWY,7113,DALLAS,,3868237.57792442,75228,1027448.0,TX,Super Store,-10763838.5664086,-96.693207
,Shop N Go 3,Ste 103,32.939812,117222,DALLAS,8220 SPRING VALLEY RD,3866,DALLAS,,3887317.73534218,75240,1028636.0,TX,Convenience Store,-10771686.0339121,-96.763702
,Hms Mart Mesquite,,32.796654,117501,MESQUITE,3733 N TOWN EAST BLVD,3759,DALLAS,,3868344.18269765,75150,1421701.0,TX,Convenience Store,-10759368.6435753,-96.653053
,QuikTrip 975,,32.740952,117514,DALLAS,511 S ZANG BLVD,6628,DALLAS,,3860969.93710427,75208,1159882.0,TX,Convenience Store,-10778473.7398632,-96.824677
,Racetrac 73,,32.761528,117650,GRAND PRAIRIE,1525 N BELT LINE RD,9708,DALLAS,,3863693.40381168,75050,1029060.0,TX,Convenience Store,-10797553.2326682,-96.996071
,Racetrac 143,,32.91853,117719,CARROLLTON,2460 LUNA RD,6502,DALLAS,,3884495.16955288,75006,1029063.0,TX,Convenience Store,-10789669.1410523,-96.925247
,Racetrac 174,,32.921185,117724,IRVING,8400 N BELT LINE RD,6050,DALLAS,,3884847.25691974,75063,1029065.0,TX,Convenience Store,-10797223.7269755,-96.993111
,Racetrac 231,,32.8965,117730,IRVING,801 W ROYAL LN,3816,DALLAS,,3881574.11367857,75039,1029069.0,TX,Convenience Store,-10793507.9936923,-96.959732
,Circle K 2706136,,32.877319,117920,DALLAS,9616 AUDELIA RD,2632,DALLAS,,3879031.41100219,75238,1162842.0,TX,Convenience Store,-10766577.5824796,-96.717812
,7-Eleven Convenience Store 32917B,,32.931618,118202,RICHARDSON,1360 S PLANO RD,5928,DALLAS,,3886230.91009278,75081,1649814.0,TX,Convenience Store,-10764656.4307075,-96.700554
,RaceTrac 630,,32.873859,118266,GARLAND,3401 S GARLAND AVE,4099,DALLAS,,3878572.79948375,75041,1246642.0,TX,Convenience Store,-10760578.9090792,-96.663925
,QuikTrip 946,,32.67495,118275,GRAND PRAIRIE,4005 LAKE RIDGE PKWY,1102,DALLAS,,3852238.06506247,75052,1246687.0,TX,Convenience Store,-10800626.8751285,-97.023682
,CVS 10665,Unit 700,32.997326,118527,RICHARDSON,1555 E RENNER RD,    ,DALLAS,,3894949.03999596,75082,1247904.0,TX,Pharmacy,-10763937.0841579,-96.694092
,Family Dollar 6955,,32.85532,118589,IRVING,3620 N BELT LINE RD,7805,DALLAS,,3876115.82135013,75062,1247934.0,TX,Discount Retail,-10797101.3868551,-96.992012
,7-eleven Convenience Store 37329A,,32.801392,118736,DALLAS,4301 ROSS AVE,5001,DALLAS,,3868971.6474929,75204,1245996.0,TX,Convenience Store,-10773727.7446927,-96.782043
,Dollar General 12629,,32.741642,118939,DALLAS,2919 CEDAR CREST BLVD,4011,DALLAS,,3861061.25622799,75203,971416.0,TX,Discount Retail,-10774453.1024947,-96.788559
,Dollar Tree 5915,Ste. 201,32.735634,119131,DALLAS,1005 S COCKRELL HILL,    ,DALLAS,,3860266.14184429,75211,1195058.0,TX,Discount Retail,-10785967.8793029,-96.891998
,Dollar Tree 5511,,32.589645,119321,DESOTO,1398 E BELT LINE RD,5211,DALLAS,,3840962.01328589,75115,1195626.0,TX,Discount Retail,-10778424.4253288,-96.824234
,Nutritional Products of Texas 10,Ste 575,32.691338,119344,DALLAS,1111 W LEDBETTER DR,4960,DALLAS,,3854405.54699652,75224,1195125.0,TX,Grocery Store,-10780295.48333,-96.841042
,Nutritional Products of Texas 18,Ste 205,32.805401,119439,DALLAS,3312 N BUCKNER BLVD,5650,DALLAS,,3869502.5951748,75228,1195132.0,TX,Grocery Store,-10762628.3009047,-96.682335
,Payless Food & Beer & Wine,,32.727379,119620,DALLAS,3249 DAWES DR,5760,DALLAS,,3859173.74103324,75211,1643132.0,TX,Convenience Store,-10783865.9446777,-96.873116
,B-z Shop Food Store #1,,32.8069,119704,MESQUITE,3020 BIG TOWN BLVD,2412,DALLAS,,3869701.12728601,75150,723036.0,TX,Convenience Store,-10761029.0851,-96.667969
,Quik Trip 953,,32.760357,119813,GRAND PRAIRIE,1110 N BELTLINE RD,    ,DALLAS,,3863538.39180935,75050,1192733.0,TX,Convenience Store,-10797414.7512217,-96.994827
,A To Z Beer And Wine,Ste 118,32.953632,119907,CARROLLTON,1208 E BELT LINE RD,6280,DALLAS,,3889151.00294482,75006,1192809.0,TX,Convenience Store,-10787421.0439357,-96.905052
,Sprouts Farmers Market 160,Ste 322,32.837482,120057,DALLAS,6465 E MOCKINGBIRD LN,2473,DALLAS,,3873752.23154367,75214,1523774.0,TX,Supermarket,-10770309.3457694,-96.751335
,7-eleven Convenience Store 35474A,,32.885372,120263,DALLAS,7567 GREENVILLE AVE,3801,DALLAS,,3880098.87875333,75231,1224056.0,TX,Convenience Store,-10771109.3989498,-96.758522
,Walmart Neighborhood Market 3204,,32.58976,120276,CEDAR HILL,820 E BELT LINE RD,2215,DALLAS,,3840977.20734367,75104,1224164.0,TX,Super Store,-10789607.1360959,-96.92469
,Dollar General Store 15981,,32.693592,120544,DALLAS,580 W LAWSON RD,6221,DALLAS,,3854703.69285201,75253,1229570.0,TX,Discount Retail,-10751377.5739287,-96.581268
,CVS 10634,,32.810921,120713,DALLAS,2350 N FITZHUGH AVE,    ,DALLAS,,3870233.69727229,75204,1229699.0,TX,Pharmacy,-10773688.7828709,-96.781693
,Sprouts Farmers Market 145,,32.907711,120811,ROWLETT,3001 LAKEVIEW PKWY,    ,DALLAS,,3883060.539308,75088,1229243.0,TX,Supermarket,-10750520.6364886,-96.57357
,Texas' Mini Mart,,32.771729,120851,DALLAS,7517 MILITARY PKWY,3950,DALLAS,,3865043.85507872,75227,1524106.0,TX,Convenience Store,-10763773.110548,-96.692619
,Dollar Tree 6466,Ste 400,32.604469,121143,LANCASTER,1445 W PLEASANT RUN RD,1327,DALLAS,,3842920.75414978,75146,1271095.0,TX,Discount Retail,-10774216.1032988,-96.78643
,Kea Import Foods,,32.845242,121257,GARLAND,580 CASTLEGLEN DR,5804,DALLAS,,3874780.3970056,75043,1031912.0,TX,Grocery Store,-10752798.4559092,-96.594032
,New Dairy Way,,32.843067,121365,DALLAS,1551 CENTERVILLE,3310,DALLAS,,3874492.21011986,75228,1032615.0,TX,Convenience Store,-10762785.3727062,-96.683746
,WALGREENS 13930,Ste 703,32.908531,121385,DALLAS,11700 PRESTON RD,6117,DALLAS,,3883169.26750519,75230,1032919.0,TX,Pharmacy,-10775933.4290833,-96.801857
,Family Dollar 8709,,32.842548,121845,MESQUITE,1300 OATES DR,6863,DALLAS,,3874423.44381006,75150,1034711.0,TX,Discount Retail,-10756068.2433122,-96.623405
,El Rancho 1626,,32.898632,121846,GARLAND,1540 S 1ST ST,7942,DALLAS,,3881856.77329911,75040,1133420.0,TX,Super Store,-10756894.6792119,-96.630829
,CVS Pharmacy 10880,,32.923119,122015,IRVING,8580 N MACARTHUR BLVD,4111,DALLAS,,3885103.73700376,75063,1274546.0,TX,Pharmacy,-10793090.1003238,-96.955978
,Buy And Ride Store,,32.73428,122380,DALLAS,8505 LAKE JUNE RD,2324,DALLAS,,3860086.95735541,75217,1274006.0,TX,Convenience Store,-10761693.217182,-96.673935
,Family Dollar 11581,,32.662197,122650,DALLAS,200 E CAMP WISDOM RD,    ,DALLAS,,3850551.62444879,75241,1272519.0,TX,Discount Retail,-10778087.2385912,-96.821205
,Lmmm Dallas 42 Ltd. 42,,32.645748,123013,DUNCANVILLE,1109 E HIGHWAY 67,2701,DALLAS,,3848376.78476481,75137,1276704.0,TX,Supermarket,-10785433.6570666,-96.887199
,Wooltari Mall,Ste 128,32.983974,123178,CARROLLTON,1016 W TRINITY MILLS RD,1336,DALLAS,,3893176.97307857,75006,1627116.0,TX,Grocery Store,-10788125.139715,-96.911377
,Tiger Mart 68,,32.691349,123202,DALLAS,145 W ANN ARBOR AVE,    ,DALLAS,,3854407.00199351,75224,1165703.0,TX,Convenience Store,-10778481.3095886,-96.824745
,7-eleven Convenience Store 37015A,,32.691181,123452,DALLAS,2400 W LEDBETTER DR,4016,DALLAS,,3854384.78024087,75233,1276337.0,TX,Convenience Store,-10782129.0266629,-96.857513
,QuikTrip 0999,,32.906563,123483,FARMERS BRANCH,1600 LBJ FREEWAY,6033,DALLAS,,3882908.32152363,75234,1275284.0,TX,Convenience Store,-10789029.6105777,-96.919502
,7-Eleven Convenience Store 35416A,,32.783466,123550,DALLAS,750 N RIVERFRONT BLVD,4312,DALLAS,,3866597.8399955,75207,1165970.0,TX,Convenience Store,-10777430.7875539,-96.815308
,ALDI 75086 75086,,32.672253,124101,GRAND PRAIRIE,2601 W BARDIN RD,    ,DALLAS,,3851881.39711888,75052,1250321.0,TX,Supermarket,-10802946.3280387,-97.044518
,Dollar Tree 5799,100,32.954105,124189,DALLAS,5909 BELT LINE RD,    ,DALLAS,,3889213.75299404,75254,1171889.0,TX,Discount Retail,-10776461.6400671,-96.806602
,Grocery Services North 9,Suite B,32.882473,124351,GARLAND,2851 DAIRY RD.,    ,DALLAS,,3879714.58979378,75041,1312430.0,TX,Grocery Store,-10755940.8938148,-96.622261
,7-eleven Convenience Store 38262A,,32.709835,124360,GRAND PRAIRIE,1401 W. PIONEER PKWY.,    ,DALLAS,,3856852.44395063,75051,1312492.0,TX,Convenience Store,-10800862.0932126,-97.025795
,Dollar General 15118,,32.618763,124422,LANCASTER,2600 W WINTERGREEN RD,1834,DALLAS,,3844809.77147914,75134,1170135.0,TX,Discount Retail,-10776802.2777089,-96.809662
,Grocery Services North 8,Ste 101,32.735748,124476,GRAND PRAIRIE,828 S CARRIER PKWY,    ,DALLAS,,3860281.22840261,75051,1170550.0,TX,Grocery Store,-10799720.623154,-97.015541
,Scottie's Drive-in,,32.817619,124536,DALLAS,1919 RECORD CROSSING RD,6222,DALLAS,,3871120.88178145,75235,1277660.0,TX,Convenience Store,-10781349.4562688,-96.85051
,Walgreens 15967,,32.647331,124851,DUNCANVILLE,750 W WHEATLAND RD,4521,DALLAS,,3848586.06709353,75116,1172681.0,TX,Pharmacy,-10789649.6601414,-96.925072
,Walmart Neighborhood Market 6851,,32.983154,124984,SACHSE,6750 MURPHY RD,    ,DALLAS,,3893068.15206125,75048,1172796.0,TX,Super Store,-10754948.9258323,-96.61335
,CVS 10351,,32.807247,125153,DALLAS,3133 LEMMON AVE E,    ,DALLAS,,3869747.0854968,75204,1173453.0,TX,Pharmacy,-10775507.9659895,-96.798035
,Dollar General 19473,,32.667099,125724,DALLAS,2511 S BELT LINE RD,4602,DALLAS,,3851199.83026066,75253,1343779.0,TX,Discount Retail,-10754912.4130393,-96.613022
,QuikTrip 1900,,32.933201,126001,DALLAS,6055 ALPHA RD,3530,DALLAS,,3886440.86616714,75240,1280023.0,TX,Convenience Store,-10776029.3864843,-96.802719
,7-eleven Convenience Store 36365A,,32.895695,126083,DALLAS,2358 ROYAL LN,3311,DALLAS,,3881467.38890269,75229,1280352.0,TX,Convenience Store,-10786830.8279955,-96.89975
,Family Dollar 10199,,32.768272,126220,MESQUITE,3200 MILITARY PKWY,    ,DALLAS,,3864586.18554876,75149,1198792.0,TX,Discount Retail,-10758673.1193968,-96.646805
,The Corner Spot,Ste 100,32.876389,126301,DALLAS,11306 LYNDON B JOHNSON FWY,3154,DALLAS,,3878908.14082923,75238,1279437.0,TX,Convenience Store,-10763097.0672804,-96.686546
,7-eleven Convenience Store 37923A,,32.819889,126933,DALLAS,2831 N HENDERSON AVE,6470,DALLAS,,3871421.57011726,75206,1278160.0,TX,Convenience Store,-10773984.336119,-96.784348
,QuikTrip 0987,,32.788639,126975,MESQUITE,5500 S BUCKNER BLVD,    ,DALLAS,,3867282.81298269,75149,1278766.0,TX,Convenience Store,-10762943.3350636,-96.685165
,Family Dollar 12016,,32.71677,127179,DALLAS,2606 S LANCASTER RD,3113,DALLAS,,3857769.97916506,75216,1315204.0,TX,Discount Retail,-10776202.7109315,-96.804276
,CVS Pharmacy 10948,,32.749397,127194,DALLAS,108 W DAVIS ST,4444,DALLAS,,3862087.65241301,75208,1315255.0,TX,Pharmacy,-10778330.1377201,-96.823387
,2ama Inc,,32.880127,127390,GARLAND,3032 BROADWAY BLVD,3732,DALLAS,,3879403.61524329,75041,1314677.0,TX,Convenience Store,-10755996.1082822,-96.622757
,Sheger Grocery,Ste 125,32.908649,127446,DALLAS,10190 FOREST LN,5033,DALLAS,,3883184.91384083,75243,1582353.0,TX,Grocery Store,-10765706.9527421,-96.709991
,WinCo Foods 146,,32.987179,127508,CARROLLTON,2620 N JOSEY LN,5599,DALLAS,,3893602.31370244,75007,1315493.0,TX,Supermarket,-10785822.7186869,-96.890694
,7 Eleven 37126H,,32.925724,127547,IRVING,3200 HACKBERRY RD,0131,DALLAS,,3885449.21154114,75063,1231165.0,TX,Convenience Store,-10796692.0650874,-96.988335
,QuikTrip 990,,32.90794,127591,ROWLETT,4901 LAKEVIEW PKWY,    ,DALLAS,,3883090.90354465,75089,1231398.0,TX,Convenience Store,-10748502.7480789,-96.555443
,QuikTrip 992,,32.838608,127592,IRVING,2215 N O'CONNER RD,5606,DALLAS,,3873901.41595736,75062,1231401.0,TX,Convenience Store,-10792576.3608738,-96.951363
,Racetrac Petroleum Inc. 2428,,32.895283,127802,DALLAS,2707 ROYAL LN,4717,DALLAS,,3881412.76740505,75229,1314357.0,TX,Convenience Store,-10785345.3807104,-96.886406
,Eddie Euro Mart Llc,Suite 200,32.86417,127992,DALLAS,12243 E NW HWY,8001,DALLAS,,3877288.64991171,75228,1314607.0,TX,Convenience Store,-10761084.2995674,-96.668465
,Todos Amigos,Ste 101,32.859142,128029,DALLAS,2915 COMMUNITY DR,    ,DALLAS,,3876622.30990598,75220,1345216.0,TX,Convenience Store,-10783781.0079062,-96.872353
,Family Dollar 12108,,32.857197,128142,IRVING,4303 W NORTHGATE DR,2458,DALLAS,,3876364.5572469,75062,1317838.0,TX,Discount Retail,-10799049.7005829,-97.009514
,Cox Farms Market,Ste G100,32.769218,128252,DALLAS,778 FORT WORTH AVE,1805,DALLAS,,3864711.42398335,75208,1577819.0,TX,Supermarket,-10779637.251181,-96.835129
,7-eleven Convenience Store 35425B,,32.89349,128362,DALLAS,8302 ABRAMS RD,7604,DALLAS,,3881175.06078761,75243,1344748.0,TX,Convenience Store,-10769100.8613774,-96.740479
,7-eleven Convenience Store 12300B,,32.74646,128388,DALLAS,835 W 9TH ST,4904,DALLAS,,3861698.9216447,75208,1344789.0,TX,Convenience Store,-10779782.411797,-96.836433
,7-eleven Convenience Store 35410A,,32.978165,128390,DALLAS,7650 CAMPBELL RD,1704,DALLAS,,3892406.0908473,75248,1344797.0,TX,Convenience Store,-10772226.2674009,-96.768555
,Al Food Mart Inc,Ste 108,32.661308,128514,DALLAS,7150 CHAUCER PL,3154,DALLAS,,3850434.07318453,75237,1318556.0,TX,Convenience Store,-10783279.8475587,-96.867851
,Stop In Food Store,,32.908955,128612,GARLAND,1702 FOREST LN,7909,DALLAS,,3883225.48833382,75042,1174047.0,TX,Convenience Store,-10759394.1357387,-96.653282
,Lmmm Dallas 5 Ltd,,32.829613,128805,IRVING,934 E GRAUWYLER RD,2802,DALLAS,,3872709.71583602,75061,1345640.0,TX,Supermarket,-10790698.5123836,-96.934494
,7-Eleven Convenience Store 24634A,,32.857147,128943,IRVING,4163 W NORTHGATE DR,1902,DALLAS,,3876357.93128904,75062,1174742.0,TX,Convenience Store,-10798828.0634768,-97.007523
,QuikTrip 922,,32.639038,128989,LANCASTER,3900 N HOUSTON SCHOOL RD,1322,DALLAS,,3847489.72265271,75134,1174850.0,TX,Convenience Store,-10776349.5413399,-96.805595
,Walmart 4503,,32.707203,129013,GRAND PRAIRIE,2650 S STATE HIGHWAY 161,    ,DALLAS,,3856504.23584766,75052,1282744.0,TX,Super Store,-10800406.0172588,-97.021698
,Gol Super Market,,32.906643,129169,GARLAND,717 S 5TH ST,7108,DALLAS,,3882918.92897076,75040,1280902.0,TX,Convenience Store,-10757554.5811533,-96.636757
,Pilot Travel Center 726,,32.65675,129581,DALLAS,7425 BONNIE VIEW RD,7401,DALLAS,,3849831.39339011,75241,1282178.0,TX,Convenience Store,-10770220.1788573,-96.750534
,QuikTrip 1976,,32.604324,129592,LANCASTER,3311 W PLEASANT RUN RD,1023,DALLAS,,3842901.59328275,75146,1282191.0,TX,Convenience Store,-10778090.6894954,-96.821236
,Sunnyvale Food Market 4,,32.712227,129662,DALLAS,3530 SUNNYVALE ST,4751,DALLAS,,3857168.90946546,75216,1175253.0,TX,Convenience Store,-10773996.135985,-96.784454
,7-Eleven Convenience Store 37026A,,32.793148,129791,DALLAS,1634 MARKET CENTER BLVD,3916,DALLAS,,3867879.89616523,75207,1176044.0,TX,Convenience Store,-10778204.458015,-96.822258
,Dollar Tree 5795,Ste 201,32.985622,129935,CARROLLTON,2661 MIDWAY RD,2368,DALLAS,,3893395.67983877,75006,1179407.0,TX,Discount Retail,-10780427.9535241,-96.842232
,Costco 1266,,32.918381,129974,DALLAS,8055 CHURCHILL WAY,    ,DALLAS,,3884475.41053721,75251,1282590.0,TX,Super Store,-10772359.6281509,-96.769753
,Walgreens 15966,,32.851543,130003,DALLAS,5301 W LOVERS LN,4221,DALLAS,,3875615.31759587,75209,1525209.0,TX,Pharmacy,-10778032.0241237,-96.820709
,Nutritional Products of Texas 22,Ste 139,32.837364,130200,IRVING,1111 W AIRPORT FWY,6204,DALLAS,,3873736.59776261,75062,1203561.0,TX,Grocery Store,-10793506.3238999,-96.959717
,Family Dollar 10932,,32.776627,130832,MESQUITE,801 GROSS RD,2170,DALLAS,,3865692.32791055,75149,1200633.0,TX,Discount Retail,-10755596.1373518,-96.619164
,Dollar Tree 6096,Ste 150,32.741199,130846,DALLAS,1639 S BUCKNER BLVD,1708,DALLAS,,3861002.62662237,75217,1205310.0,TX,Discount Retail,-10762701.3264907,-96.682991
,DOLLAR TREE 1184,,32.877796,131038,GARLAND,3141 BROADWAY BLVD,1528,DALLAS,,3879094.63717332,75043,981486.0,TX,Discount Retail,-10755798.1822276,-96.620979
,DOLLAR TREE 3272,Ste 105,32.650902,131786,SEAGOVILLE,410 N HIGHWAY 175,1865,DALLAS,,3849058.18884504,75159,981926.0,TX,Discount Retail,-10746324.2256441,-96.535873
,Jf African & Asian Market,,32.786713,131850,MESQUITE,1741 N GALLOWAY AVE,2256,DALLAS,,3867027.78068971,75149,1316119.0,TX,Other,-10754138.6312588,-96.606071
,7-eleven Convenience Store 38069A,,32.768639,131938,DALLAS,1290 S LAMAR ST,1037,DALLAS,,3864634.77154877,75215,1316186.0,TX,Convenience Store,-10775366.1449582,-96.796761
,7-eleven Convenience Store 34101A,,32.673519,131969,GRAND PRAIRIE,3985 S BELT LINE RD,7118,DALLAS,,3852048.81944006,75052,1316220.0,TX,Convenience Store,-10796342.0766084,-96.985191
,7-eleven Convenience Store 35386B,,32.802826,132015,DALLAS,2503 LEMMON AVE,3719,DALLAS,,3869161.56217199,75204,1346209.0,TX,Convenience Store,-10774835.2623066,-96.791992
,7-eleven Convenience Store 23195B,,32.855816,132016,DALLAS,5804 ABRAMS RD,1603,DALLAS,,3876181.54966368,75214,1346212.0,TX,Convenience Store,-10770238.8805318,-96.750702
,Food-rite Market,,32.720852,132029,DALLAS,2215 S MARSALIS AVE,2312,DALLAS,,3858310.08155345,75216,1346258.0,TX,Supermarket,-10777352.6412714,-96.814606
,Chilly Mart 11,,32.869007,132084,DALLAS,9763 WEBB CHAPEL RD,3555,DALLAS,,3877929.71313162,75220,1346451.0,TX,Convenience Store,-10782945.2211694,-96.864845
,7-eleven Convenience Store 38255A,,32.807152,132178,DALLAS,2691 JOHN WEST RD,4895,DALLAS,,3869734.50325987,75228,1320237.0,TX,Convenience Store,-10761100.4408936,-96.66861
,White Rock Farmers Market,,32.824654,132312,DALLAS,9044 SANTA CLARA DR,4137,DALLAS,,3872052.7756915,75218,1319502.0,TX,Farmers and Markets,-10765090.4654021,-96.704453
,Racetrac 2420,,32.982601,132764,CARROLLTON,2550 MIDWAY RD,2357,DALLAS,,3892994.7647995,75006,1319241.0,TX,Convenience Store,-10780486.5075762,-96.842758
,7-eleven Convenience Store 24499B,,32.821655,132958,DALLAS,9804 FERGUSON RD,3820,DALLAS,,3871655.50300862,75228,1321072.0,TX,Convenience Store,-10762190.9266254,-96.678406
,Quik Trip 971,,32.685322,133150,DALLAS,4767 S RL THORNTON,    ,DALLAS,,3853609.82277405,75232,1183406.0,TX,Convenience Store,-10778416.7442839,-96.824165
,Walmart Neighborhood Market 7224,,32.59071,133191,LANCASTER,350 N BLUEGROVE RD,    ,DALLAS,,3841102.72421889,75146,1181286.0,TX,Super Store,-10774323.192649,-96.787392
,Walmart Neighborhood Market 7232,,32.575245,133192,DESOTO,108 W PARKERVILLE RD,8074,DALLAS,,3839059.6070305,75115,1181288.0,TX,Super Store,-10782091.7346335,-96.857178
,7-eleven Convenience Store 42111A,,32.720703,133417,DALLAS,2523 S HAMPTON RD,1623,DALLAS,,3858290.36645535,75224,1583427.0,TX,Convenience Store,-10782120.5663816,-96.857437
,Family Dollar 11572,,32.719692,133451,DALLAS,9165 ELAM RD,    ,DALLAS,,3858156.59575376,75217,1283336.0,TX,Discount Retail,-10760503.3231449,-96.663246
,Pilot Travel Center 433,,32.641899,133537,DALLAS,8787 S LANCASTER RD,6314,DALLAS,,3847867.9387627,75241,1285397.0,TX,Convenience Store,-10773424.6217193,-96.77932
,Seagoville Mini Mart,,32.66048,133562,SEAGOVILLE,101 W SIMONDS RD,2705,DALLAS,,3850324.58891915,75159,1284468.0,TX,Convenience Store,-10750304.120079,-96.571625
,Dollar Tree 5746,Ste 101,32.930332,133566,GARLAND,2334 W BUCKINGHAM RD,    ,DALLAS,,3886060.34841678,75042,1182736.0,TX,Discount Retail,-10760341.1306469,-96.661789
,Raceway #967,,32.793106,133631,DALLAS,8130 E R L THORNTON FWY,7004,DALLAS,,3867874.33437249,75228,1180161.0,TX,Convenience Store,-10764674.241826,-96.700714
,Sprouts Farmers Market 149,,32.87606,133666,DALLAS,7110 SKILLMAN ST,5652,DALLAS,,3878864.53265836,75231,1283878.0,TX,Supermarket,-10768458.7705545,-96.734711
,7-Eleven Convenience Store 35972B,,32.896629,133713,IRVING,6401 RIVERSIDE DR,3501,DALLAS,,3881591.21624835,75039,1182855.0,TX,Convenience Store,-10791173.2900119,-96.938759
,7-eleven Convenience Store 21444B,,32.796001,133865,MESQUITE,3801 N TOWN EAST BLVD,3750,DALLAS,,3868257.70695055,75150,1283605.0,TX,Convenience Store,-10759397.5866429,-96.653313
,Valaro Food Mart,,32.894829,134081,GARLAND,829 W MILLER RD,1811,DALLAS,,3881352.57799069,75041,1525846.0,TX,Convenience Store,-10758166.9496722,-96.642258
,Ez Trip Food Store #18,,32.8074,134168,DALLAS,3130 N BUCKNER BLVD,5265,DALLAS,,3869767.34954876,75228,1526747.0,TX,Convenience Store,-10762627.4103488,-96.682327
,One Stop Food & Beverages,,32.885113,134212,DALLAS,10560 CHURCH RD,2268,DALLAS,,3880064.54542354,75238,1205421.0,TX,Convenience Store,-10764920.5918591,-96.702927
,Palms African Foodmart,Ste 211,32.986732,134344,CARROLLTON,2661 MIDWAY RD,2368,DALLAS,,3893542.99069808,75006,1525572.0,TX,Grocery Store,-10780616.417422,-96.843925
,Sam's Club 6376,,32.924095,134435,DALLAS,4062 LBJ FREEWAY,    ,DALLAS,,3885233.17272149,75244,1207130.0,TX,Super Store,-10780150.2113945,-96.839737
,Family Dollar 11006,,32.800522,134531,MESQUITE,3451 N TOWN EAST BLVD,3836,DALLAS,,3868856.42878315,75150,1206254.0,TX,Discount Retail,-10758793.6784053,-96.647888
,Food Basket 25,,32.672798,134679,DALLAS,3540 SIMPSON STUART RD,4251,DALLAS,,3851953.47041814,75241,1526516.0,TX,Supermarket,-10771416.8633833,-96.761284
,Chevron,,32.744446,134725,GRAND PRAIRIE,717 E JEFFERSON ST,1924,DALLAS,,3861432.36324741,75051,1573260.0,TX,Convenience Store,-10797434.343452,-96.995003
,Walnut Beer & Wine,,32.916515,135132,GARLAND,3246 W WALNUT ST,6307,DALLAS,,3884227.96152029,75042,1375055.0,TX,Convenience Store,-10762163.7646696,-96.678162
,Dollar General 12836,,32.734428,135145,DALLAS,6919 LAKE JUNE RD,1325,DALLAS,,3860106.54311977,75217,985863.0,TX,Discount Retail,-10764891.6487915,-96.702667
,Quiktrip 995,,32.832581,135211,IRVING,1718 N BELT LINE RD,1508,DALLAS,,3873102.91716111,75061,985349.0,TX,Convenience Store,-10797275.4905387,-96.993576
,Dollar General 12342,,32.705849,135244,DALLAS,4601 W KIEST BLVD,1168,DALLAS,,3856325.10847688,75236,985865.0,TX,Discount Retail,-10786856.3201589,-96.899979
,7-eleven Convenience Store 38466A,,32.973145,135387,SACHSE,2900 MILES RD.,    ,DALLAS,,3891739.95355791,75048,1375714.0,TX,Convenience Store,-10751599.3223543,-96.58326
,Whole Foods Market 10505,,32.795353,135510,DALLAS,2510 MCKINNEY AVE,1909,DALLAS,,3868171.89397323,75201,1208080.0,TX,Super Store,-10775950.4609654,-96.80201
,Family Dollar 12107,,32.719894,136126,GRAND PRAIRE,2010 S BELT LINE RD,    ,DALLAS,,3858183.3233098,75051,1322420.0,TX,Discount Retail,-10797333.2653544,-96.994095
,7-eleven Convenience Store 38264A,,32.778397,136391,DALLAS,4710 S BUCKNER BLVD,2301,DALLAS,,3865926.67660708,75227,1348515.0,TX,Convenience Store,-10762659.6930011,-96.682617
,Neighborhood Store,,32.765949,136683,DALLAS,3415 MALCOLM X BLVD,2908,DALLAS,,3864278.65537796,75215,1321429.0,TX,Convenience Store,-10771798.1326393,-96.764709
,Trader Joe's 401,Bldg A,32.880157,137130,DALLAS,7939 WALNUT HILL LN,    ,DALLAS,,3879407.59184799,75230,1185510.0,TX,Supermarket,-10772583.8256053,-96.771767
,Dollar General 15500,,32.751637,137138,MESQUITE,1220 PIONEER RD,6027,DALLAS,,3862384.13938073,75149,1183588.0,TX,Discount Retail,-10751623.9239618,-96.583481
,Meez Food Mart,,32.836834,137245,GARLAND,2315 GUTHRIE RD,5945,DALLAS,,3873666.37849376,75043,1348773.0,TX,Convenience Store,-10752849.440236,-96.59449
,Quik Trip 964,,32.741596,137332,GRAND PRAIRIE,1206 W MAIN ST,5606,DALLAS,,3861055.16826441,75050,1186622.0,TX,Convenience Store,-10800352.4725837,-97.021217
,Speedy Shop,,32.941647,137391,DALLAS,14300 JOSEY LN,2036,DALLAS,,3887561.13751628,75234,1349110.0,TX,Convenience Store,-10785785.315338,-96.890358
,Tom Thumb 3296,,32.789066,137403,DALLAS,2380 N FIELD ST,    ,DALLAS,,3867339.35515794,75201,1349134.0,TX,Supermarket,-10776489.6925788,-96.806854
,La Carreta Meat Market 1,,32.719952,137414,BALCH SPRINGS,11501 ELAM RD,2707,DALLAS,,3858190.99756975,75180,1588910.0,TX,Super Store,-10756585.544986,-96.628052
,St Augustine Food Mart 1,,32.733307,137803,DALLAS,1230 N SAINT AUGUSTINE DR,4033,DALLAS,,3859958.19499813,75217,1366635.0,TX,Convenience Store,-10759796.6670174,-96.656898
,Cost Plus 1,,32.811321,137905,DALLAS,4438 MAPLE AVE,1849,DALLAS,,3870286.67744965,75219,1184766.0,TX,Convenience Store,-10778224.8294818,-96.822441
,Labaf African Market,,32.861217,138092,IRVING,3341 COUNTRY CLUB DR W,5745,DALLAS,,3876897.29648023,75038,1527784.0,TX,Other,-10796940.8641494,-96.99057
,La Super Economica 6,,32.83469,138190,DALLAS,2402 GUS THOMASSON RD,3007,DALLAS,,3873382.32595557,75228,1367374.0,TX,Grocery Store,-10761752.6617901,-96.674469
,Park And Gas,,32.589989,138345,DESOTO,1221 E BELT LINE RD,5285,DALLAS,,3841007.46339505,75115,1527193.0,TX,Convenience Store,-10778666.4339018,-96.826408
,Antojitos Cafe And Mini Store ,,32.748955,138578,DALLAS,509 N GILPIN AVE,3121,DALLAS,,3862029.15006172,75211,1528008.0,TX,Convenience Store,-10784729.6726068,-96.880875
,C Store 11,,32.928375,138661,DALLAS,13207 ESPERANZA RD,5919,DALLAS,,3885800.79703125,75240,1366995.0,TX,Convenience Store,-10771445.6951314,-96.761543
,Himalayan Valley Foods Llc,Ste B,32.851097,138768,GARLAND,5249 BROADWAY BLVD,7024,DALLAS,,3875556.21795007,75043,1569432.0,TX,Grocery Store,-10753341.1384268,-96.598907
,Kings Mart,,32.789139,138795,DALLAS,3818 N HAMPTON RD,1650,DALLAS,,3867349.02164598,75212,1571757.0,TX,Convenience Store,-10781974.5152097,-96.856125
,7-Eleven Store 38555A,,32.778057,139129,DALLAS,2920 N. WESTMORELAND RD.,    ,DALLAS,,3865881.66011156,75212,1394798.0,TX,Convenience Store,-10783932.9590112,-96.873718
,Tom Thumb 5803,,32.789108,139263,DALLAS,2713 LIVE OAK ST,5729,DALLAS,,3867344.91669804,75204,1323668.0,TX,Supermarket,-10774521.0073841,-96.789169
,7-eleven Convenience Store 24579B,,32.860954,139267,DALLAS,3733 W NORTHWEST HWY,4925,DALLAS,,3876862.44240421,75220,1323680.0,TX,Convenience Store,-10781940.562765,-96.85582
,7-eleven Convenience Store 35409B,,32.811924,139269,DALLAS,1607 INWOOD RD,6101,DALLAS,,3870366.54551772,75247,1323689.0,TX,Convenience Store,-10781204.1843334,-96.849205
,C&p Grocery,,32.72707,139413,DALLAS,6521 JEANE ST,5039,DALLAS,,3859132.8524037,75217,1324499.0,TX,Convenience Store,-10765504.9078663,-96.708176
,4 Stop Food Mart,,32.71698,139432,DALLAS,2919 E ILLINOIS AVE,3423,DALLAS,,3857797.76432906,75216,1567909.0,TX,Convenience Store,-10773243.7275467,-96.777695
,Quick Check Grocery,,32.715981,139452,DALLAS,3034 E ILLINOIS AVE,3503,DALLAS,,3857665.58691923,75216,1569570.0,TX,Convenience Store,-10772967.6552096,-96.775215
,Komart Market Place,Ste 306b,32.895481,139470,DALLAS,2240 ROYAL LN,7817,DALLAS,,3881439.01751056,75229,1324785.0,TX,Super Store,-10787235.9196225,-96.903389
,Family Dollar 12115,,32.748428,139562,MESQUITE,1510 W BURTON RD,    ,DALLAS,,3861959.39763764,75149,1325229.0,TX,Discount Retail,-10755619.0691669,-96.61937
,Mujic Store 26906,,32.75864,139729,DALLAS,225 E COLORADO BLVD,1211,DALLAS,,3863311.1063339,75203,1324027.0,TX,Convenience Store,-10778021.8940501,-96.820618
,St. George & Ava Tigi Inc,,32.923164,139799,DALLAS,12950 COIT RD,1310,DALLAS,,3885109.70480771,75251,1324270.0,TX,Convenience Store,-10772276.3611717,-96.769005
,Big D Cutrate Beer & Wine,,32.75993,140050,DALLAS,1405 MARTIN LUTHER KING JR BLVD,3206,DALLAS,,3863481.86787165,75215,1395152.0,TX,Convenience Store,-10773478.9456308,-96.779808
,Family C Store,,32.71262,140052,DALLAS,2811 S MARSALIS AVE,4307,DALLAS,,3857220.90482028,75216,1395158.0,TX,Convenience Store,-10777361.1015527,-96.814682
,Mini Food Mart,,32.735268,140054,GRAND PRAIRIE,2402 W E ROBERTS DR,1162,DALLAS,,3860217.70618223,75051,1395163.0,TX,Convenience Store,-10802324.6086826,-97.038933
,La Michoacana Meat Market,Ste 225,32.916424,140098,GARLAND,2441 W WALNUT ST,6668,DALLAS,,3884215.89420432,75042,1395270.0,TX,Super Store,-10760686.7776658,-96.664894
,Dollar Tree 7837,,32.808685,140311,IRVING,1121 W 6TH ST,3877,DALLAS,,3869937.54247305,75060,1367527.0,TX,Discount Retail,-10793435.8586622,-96.959084
,Dairy Way 9,Ste 101,32.878742,140397,GARLAND,1810 W KINGSLEY RD,4279,DALLAS,,3879220.0301251,75041,1368687.0,TX,Convenience Store,-10759480.7423025,-96.65406
,Royal Market,,32.878338,140484,GARLAND,1326 W KINGSLEY RD,4368,DALLAS,,3879166.47948303,75041,1571193.0,TX,Convenience Store,-10758762.2863089,-96.647606
,H & H Food Store,,32.829281,140623,IRVING,2317 W GRAUWYLER RD,4347,DALLAS,,3872665.73321663,75061,1570028.0,TX,Convenience Store,-10795329.7371591,-96.976097
,Shop N Go 12,,32.73975,140872,DALLAS,607 S TYLER ST,6277,DALLAS,,3860810.85823268,75208,1395402.0,TX,Convenience Store,-10779921.7837994,-96.837685
,QuikTrip 997,,32.910561,140894,IRVING,7575 N BELTLINE RD,    ,DALLAS,,3883438.44042329,75063,1395461.0,TX,Convenience Store,-10797316.2334723,-96.993942
,7-eleven Convenience Store 38249A,,32.93906,141103,DALLAS,14054 N STEMMONS FWY,3461,DALLAS,,3887217.98833533,75234,1326928.0,TX,Convenience Store,-10787075.3969168,-96.901947
,7-eleven Convenience Store 21972B,,32.826206,141161,DALLAS,8902 GARLAND RD,3917,DALLAS,,3872258.37189003,75218,1300203.0,TX,Convenience Store,-10765828.4023065,-96.711082
,Lmmm Dallas 41 Ltd. 41,,32.716351,141187,DALLAS,2600 S ZANG BLVD,2816,DALLAS,,3857714.54134284,75224,1300980.0,TX,Supermarket,-10779085.9970626,-96.830177
,Grand Prairie Valero,,32.76408,141290,GRAND PRAIRIE,1610 N STATE HIGHWAY 161,2865,DALLAS,,3864031.23378676,75050,1194743.0,TX,Convenience Store,-10801151.7465276,-97.028397
,RMKK Investments LLC,,32.836296,141392,IRVING,2112 N O CONNOR RD,2432,DALLAS,,3873595.09974015,75061,1577022.0,TX,Convenience Store,-10792517.6955022,-96.950836
,Jbc Market,,32.738888,141471,DALLAS,6411 BEXAR ST,5308,DALLAS,,3860696.77803363,75215,1325922.0,TX,Convenience Store,-10770546.3449653,-96.753464
,Foodland Markets 51,,32.73505,141674,DALLAS,8411 LAKE JUNE RD,2138,DALLAS,,3860188.85662012,75217,867442.0,TX,Super Store,-10761855.4096801,-96.675392
,Grocery Services North 7,Ste 300,32.939117,141791,DALLAS,8202 SPRING VALLEY RD,4004,DALLAS,,3887225.54891651,75240,1325425.0,TX,Grocery Store,-10771660.6530682,-96.763474
,Industrial Gold Rush Ltd,,32.767517,141808,DALLAS,801 S RIVERFRONT BLVD,4510,DALLAS,,3864486.23405334,75207,1326607.0,TX,Convenience Store,-10776492.2529271,-96.806877
,Posco Beer & Wine,,32.941139,142034,CARROLLTON,1900 S JOSEY LN,7530,DALLAS,,3887493.7537385,75006,1283644.0,TX,Convenience Store,-10785807.3565972,-96.890556
,Super Seals Grocery,,32.734894,142324,DALLAS,2769 W CLARENDON DR,5237,DALLAS,,3860168.21202265,75211,1229357.0,TX,Convenience Store,-10783109.9740157,-96.866325
,Cox Farms Market 3,,32.923107,142348,FARMERS BRANCH,13091 BEE STREET,    ,DALLAS,,3885102.14558989,75234,1396765.0,TX,Grocery Store,-10786394.2329526,-96.895828
,7-eleven Convenience Store 22788B,,32.939579,142365,DALLAS,5365 SPRING VALLEY RD,3097,DALLAS,,3887286.82959644,75254,1301775.0,TX,Convenience Store,-10777396.7237898,-96.815002
,7-eleven Convenience Store 36449B,,32.675327,142458,DALLAS,5950 S RL THORNTON FWY,    ,DALLAS,,3852287.92272957,75232,1301606.0,TX,Convenience Store,-10778178.0752956,-96.822021
,Sprouts Farmers Market 155,Ste 650,32.809177,142514,MESQUITE,1220 N TOWN EAST BLVD,7665,DALLAS,,3870002.70648538,75150,1396877.0,TX,Supermarket,-10754984.5480694,-96.61367
,El Ahorro Supermarket 12,,32.814182,142546,IRVING,201 S ROGERS RD,2608,DALLAS,,3870665.62512114,75060,864658.0,TX,Super Store,-10793926.6662971,-96.963493
,DOLLARTREE 11004,,32.9842,142563,CARROLLTON,2540 N JOSEY LN,1667,DALLAS,,3893206.9653903,75006,1661626.0,TX,Discount Retail,-10785649.3942397,-96.889137
,El Rancho 1640,,32.855293,143036,IRVING,3535 N BELT LINE RD,7804,DALLAS,,3876112.24340813,75062,1371256.0,TX,Super Store,-10797131.999715,-96.992287
,Dollar General 20133,,32.676899,143111,DALLAS,5775 BLUE BIRD AVE.,    ,DALLAS,,3852495.81956692,75237,1370254.0,TX,Discount Retail,-10785559.4480912,-96.888329
,QuikTrip 991,,32.782757,143222,SUNNYVALE,470 US HIGHWAY 80,    ,DALLAS,,3866503.96220849,75182,1370950.0,TX,Convenience Store,-10748067.043592,-96.551529
,Amigos Grocery Beer Tacos,,32.81522,143316,IRVING,2332 ROCK ISLAND RD,2409,DALLAS,,3870803.11422033,75060,1371095.0,TX,Convenience Store,-10795287.3244331,-96.975716
,El Centro Meat Market,,32.790947,143326,DALLAS,5614 E R L THORNTON FWY,1908,DALLAS,,3867588.43527879,75223,1370755.0,TX,Grocery Store,-10769682.6170363,-96.745705
,CVS/ PHARMACY INC 5990,,32.744995,143773,MESQUITE,904 E CARTWRIGHT RD,6623,DALLAS,,3861505.02429852,75149,989446.0,TX,Pharmacy,-10751567.039702,-96.58297
,Dollar Tree 7844,Ste. 300,32.917805,143859,ROWLETT,8505 LAKEVIEW PKWY,    ,DALLAS,,3884399.02700428,75088,1368820.0,TX,Discount Retail,-10744511.0537781,-96.519585
,Dollar General 12498,,32.620094,143939,DESOTO,1530 N HAMPTON RD,2302,DALLAS,,3844985.68455066,75115,988059.0,TX,Discount Retail,-10781999.1168171,-96.856346
,Corner Store 1592,,32.778954,144177,DALLAS,3010 N WESTMORELAND RD,3647,DALLAS,,3866000.42459058,75212,1303083.0,TX,Convenience Store,-10783932.1797747,-96.873711
,Quiktrip 906,,32.961178,144512,GARLAND,4906 N JUPITER RD,5464,DALLAS,,3890152.12518663,75044,990746.0,TX,Convenience Store,-10762576.5373415,-96.68187
,Family Dollar 8605,,32.799889,144530,IRVING,2216 W SHADY GROVE RD,5056,DALLAS,,3868772.59794779,75060,990970.0,TX,Discount Retail,-10795183.6859872,-96.974785
,Kijan Market  Llc,,32.770569,144614,DALLAS,7640 MILITARY PKWY,3952,DALLAS,,3864890.28160312,75227,1328137.0,TX,Convenience Store,-10763463.9763221,-96.689842
,7-eleven Convenience Store 34236B,,32.837349,144652,IRVING,1101 W AIRPORT FWY,6220,DALLAS,,3873734.61041905,75062,1327624.0,TX,Convenience Store,-10793504.6541075,-96.959702
,Ok Food Mart 6,,32.739166,144792,DALLAS,1227 MORRELL AVE,3360,DALLAS,,3860733.56943899,75203,990098.0,TX,Convenience Store,-10776369.1335702,-96.805771
,W & W Grocery,,32.648663,145068,HUTCHINS,300 N MAIN ST,3067,DALLAS,,3848762.16854973,75141,1253528.0,TX,Convenience Store,-10765965.2139607,-96.712311
,Dollar Tree 6240,Ste 106,32.909054,145334,DALLAS,9310 FOREST LN,    ,DALLAS,,3883238.6154057,75243,1254623.0,TX,Discount Retail,-10768788.2762472,-96.737671
,7-Eleven Convenience Store 21368C,,32.815533,145695,DALLAS,2120 GREENVILLE AVE,7126,DALLAS,,3870844.57319452,75206,1252673.0,TX,Convenience Store,-10772403.7106692,-96.770149
,Pilot Travel Center 1108,,32.802353,145831,GRAND PRAIRIE,3206 W TRINITY BLVD,6700,DALLAS,,3869098.91912544,75050,1305789.0,TX,Convenience Store,-10801598.4716441,-97.03241
,Viva Foods,,32.917709,146036,GARLAND,535 N PLANO RD,5909,DALLAS,,3884386.29646379,75042,1359826.0,TX,Grocery Store,-10764639.3988254,-96.700401
,Parkway Food Mart,Ste A,32.78299,146038,DALLAS,4848 MILITARY PKWY,3129,DALLAS,,3866534.8133592,75223,1576810.0,TX,Convenience Store,-10768429.0482504,-96.734444
,Family Dollar 12081,,32.669998,146115,DALLAS,6404 S COCKRELL HILL RD,9669,DALLAS,,3851583.19025077,75236,1397641.0,TX,Discount Retail,-10785836.2996648,-96.890816
,El Rancho 1633,,32.708447,146272,GRAND PRAIRIE,2506 S BELT LINE RD,5342,DALLAS,,3856668.81316931,75052,1329196.0,TX,Super Store,-10797340.0558433,-96.994156
,Ms Food Mart,Ste 104,32.721043,146283,DALLAS,4323 W ILLINOIS AVE,8460,DALLAS,,3858335.35397569,75211,1656424.0,TX,Convenience Store,-10785849.8806426,-96.890938
,7-eleven Convenience Store 35424A,,32.794506,146285,DALLAS,8201 E R L THORNTON FWY,7103,DALLAS,,3868059.72887943,75228,1359388.0,TX,Convenience Store,-10764570.6033801,-96.699783
,Ez Trip Food Store #2,,32.809799,146394,DALLAS,2944 N BUCKNER BLVD,4852,DALLAS,,3870085.08914737,75228,1599653.0,TX,Convenience Store,-10762801.5140324,-96.683891
,7-eleven Convenience Store 38550A,,32.860912,146497,GARLAND,806 W CENTERVILLE RD,5803,DALLAS,,3876856.87636362,75041,1359204.0,TX,Convenience Store,-10758217.8226795,-96.642715
,Raceway #725,,32.777893,146629,MESQUITE,1015 GROSS RD,2166,DALLAS,,3865859.94633404,75149,1661364.0,TX,Convenience Store,-10755845.8269696,-96.621407
,7-eleven Convenience Store 38671A,,32.948368,146631,COPPELL,890 S DENTON TAP RD,4509,DALLAS,,3888452.68256515,75019,1397692.0,TX,Convenience Store,-10797256.0096278,-96.993401
,Quick Way Corner Store,,32.857544,146854,IRVING,3700 CHEYENNE ST,6601,DALLAS,,3876410.54149734,75038,1360258.0,TX,Convenience Store,-10798164.7106311,-97.001564
,7-Eleven Convenience Store 38519A,,32.78521,146976,DALLAS,3435 COMMERCE ST,1635,DALLAS,,3866828.76399805,75226,1398090.0,TX,Convenience Store,-10772943.0536021,-96.774994
,Fast Trac Food Mart,,32.741268,147035,GRAND PRAIRIE,1702 W MAIN ST,5210,DALLAS,,3861011.75852823,75050,1567910.0,TX,Convenience Store,-10800952.929917,-97.026611
,CARNIVAL 77,,32.864159,147120,DALLAS,3460 WEBB CHAPEL EXT,6751,DALLAS,,3877287.19208606,75220,865646.0,TX,Super Store,-10782813.6415313,-96.863663
,Tito's Meat Market,Ste 1,32.727272,147456,BALCH SPRINGS,3000 PIONEER RD,2151,DALLAS,,3859159.58217137,75181,1323569.0,TX,Convenience Store,-10753687.6760016,-96.60202
,Super Amigos,,32.77235,147569,DALLAS,7002 MILITARY PKWY,3803,DALLAS,,3865126.07066713,75227,1371877.0,TX,Convenience Store,-10764549.4526768,-96.699593
,Starmart Shell,Ste 101,32.846722,147570,MESQUITE,6500 NORTHWEST DR,1300,DALLAS,,3874976.50062555,75150,1371879.0,TX,Convenience Store,-10756740.0564392,-96.62944
,Costco Wholesale 655,,32.871372,147618,DALLAS,8282 PARK LN,6099,DALLAS,,3878243.16694285,75231,1371333.0,TX,Super Store,-10771600.3179042,-96.762932
,Racetrac 2499,,32.816029,147810,DALLAS,1015 W MOCKINGBIRD LN,5117,DALLAS,,3870910.27205974,75247,1372262.0,TX,Convenience Store,-10783803.0491654,-96.872551
,Swift T #8,,32.878365,147876,DALLAS,9666 PLANO RD,2923,DALLAS,,3879170.05835496,75238,910953.0,TX,Convenience Store,-10764586.7447062,-96.699928
,1st Stop,Ste 158,32.832642,148012,IRVING,1800 VALLEY VIEW LN,3550,DALLAS,,3873110.99859302,75061,1393481.0,TX,Convenience Store,-10800429.8396298,-97.021912
,Lovely Mart,,32.909328,148026,GARLAND,3249 FOREST LN,7102,DALLAS,,3883274.94697408,75042,1636301.0,TX,Convenience Store,-10762319.9459152,-96.679565
,Triveni Indian Supermarket,,32.823383,148030,IRVING,839 N BELT LINE RD,6317,DALLAS,,3871884.40673807,75061,1390463.0,TX,Grocery Store,-10797316.2334723,-96.993942
,Ok Food Mart 8,,32.691601,148181,DALLAS,4328 S MARSALIS AVE,6158,DALLAS,,3854440.33470088,75216,1378844.0,TX,Convenience Store,-10777311.0077819,-96.814232
,Corner Stop 2,,32.951508,148714,GARLAND,3005 APOLLO RD,6115,DALLAS,,3888869.22885076,75044,1244626.0,TX,Convenience Store,-10761712.6980929,-96.67411
,Food Mart One,,32.915916,148747,GARLAND,2430 W WALNUT ST,6623,DALLAS,,3884148.52963544,75042,1099129.0,TX,Convenience Store,-10760679.9871768,-96.664833
,EL RIO GRANDE LATIN MARKET 8,Ste 131,32.897202,148789,DALLAS,10909 WEBB CHAPEL RD,3739,DALLAS,,3881667.18377794,75229,1238915.0,TX,Super Store,-10783637.4057631,-96.871063
,7-Eleven Convenience Store 38412A,,32.662594,148846,DALLAS,2935 W CAMP WISDOM RD,2821,DALLAS,,3850604.11959801,75237,1377647.0,TX,Convenience Store,-10783327.4923008,-96.868279
,7-eleven Convenience Store 33624A,,32.791462,149001,DALLAS,1722 ROUTH ST,2535,DALLAS,,3867656.63197743,75201,1307036.0,TX,Convenience Store,-10775253.9349115,-96.795753
,7-eleven Convenience Store 37535A,,32.807178,149384,DALLAS,5000 ROSS AVE,7707,DALLAS,,3869737.94681812,75206,1255878.0,TX,Convenience Store,-10772945.6139504,-96.775017
,Fiesta Mart 210,Ste 200,32.734188,149386,DALLAS,10121 LAKE JUNE RD,5347,DALLAS,,3860074.78243721,75217,1255901.0,TX,Super Store,-10759043.3680232,-96.650131
,Fiesta Mart 212,,32.773727,149387,DALLAS,3230 MARTIN LUTHER KING JR BLVD,2417,DALLAS,,3865308.37684429,75210,1255904.0,TX,Super Store,-10771625.8100675,-96.763161
,Fiesta Mart 213,Ste 200,32.604275,149388,LANCASTER,1450 W PLEASANT RUN RD,1392,DALLAS,,3842895.11823815,75146,1255906.0,TX,Super Store,-10774157.5492467,-96.785904
,CVS 10758,,32.790432,149437,DALLAS,2501 N FIELD ST,1662,DALLAS,,3867520.23897506,75201,1255225.0,TX,Pharmacy,-10776603.5724179,-96.807877
,Bng C-store 100,,32.807686,149792,DALLAS,3260 IRVING BLVD,6037,DALLAS,,3869805.22885054,75247,1398569.0,TX,Convenience Store,-10783796.2586765,-96.87249
,Ayo Farmers Market,Ste 128,32.863842,150015,IRVING,4070 N BELT LINE RD,5009,DALLAS,,3877245.18027908,75038,1361870.0,TX,Farmers and Markets,-10797057.1930172,-96.991615
,Yasmine Chevron,,32.97364,150073,GARLAND,6418 N JUPITER RD,2066,DALLAS,,3891805.63672736,75044,1399771.0,TX,Convenience Store,-10762596.0182524,-96.682045
,Corner Convenience Shop,,32.781609,150096,DALLAS,407 N LAMAR ST,1754,DALLAS,,3866351.95857702,75202,1399818.0,TX,Convenience Store,-10776285.8665911,-96.805023
,US One Stop Food Mart,,32.871914,150127,DALLAS,12909 JUPITER RD,3226,DALLAS,,3878315.00404677,75238,1398713.0,TX,Convenience Store,-10762725.9280981,-96.683212
,Jtc Bless Imports,Ste 120,32.853752,150210,IRVING,3435 N BELT LINE RD,7826,DALLAS,,3875908.03748559,75062,1390256.0,TX,Super Store,-10797320.463613,-96.99398
,7-eleven Convenience Store 26589C,,32.8451,150406,IRVING,2800 N O CONNOR RD,4416,DALLAS,,3874761.58183022,75062,1361146.0,TX,Convenience Store,-10792539.8480808,-96.951035
,AYS Venture LLC,Ste 107,32.858101,150590,GARLAND,1546 ROWLETT RD,1978,DALLAS,,3876484.35520917,75043,1361312.0,TX,Grocery Store,-10751264.695965,-96.580254
,Sayee Inc,,32.866249,150918,GARLAND,530 NICKENS RD,2410,DALLAS,,3877564.18220634,75043,1361025.0,TX,Convenience Store,-10754991.3385583,-96.613731
,QuikTrip 1935,,32.826859,151163,DALLAS,9235 JOHN W CARPENTER FWY,4517,DALLAS,,3872344.87703447,75247,1351358.0,TX,Convenience Store,-10785291.0567989,-96.885918
,Grocery Services North 5,Ste A,32.915539,151201,GARLAND,310 N BARNES DR,7124,DALLAS,,3884098.53688839,75042,1351445.0,TX,Grocery Store,-10762219.7583735,-96.678665
,A1 Food Store,,32.861839,151528,DALLAS,2938 STOREY LN,4516,DALLAS,,3876979.72744387,75220,1374270.0,TX,Convenience Store,-10784117.3040879,-96.875374
,CVS Pharmacy 10977,,32.95089,151585,DALLAS,7979 BELT LINE RD,8129,DALLAS,,3888787.24500464,75254,1378973.0,TX,Pharmacy,-10772375.6581575,-96.769897
,Dollar Tree 6919,Ste 300,32.88089,152205,DALLAS,2900 WALNUT HILL LN,    ,DALLAS,,3879504.75397435,75229,1309328.0,TX,Discount Retail,-10784661.6563979,-96.880264
,El Rancho 1637,Ste 106,32.917133,152326,GARLAND,3460 W WALNUT ST,7118,DALLAS,,3884309.91351081,75042,1379389.0,TX,Super Store,-10762613.8293709,-96.682205
,Murphy USA 7721,,32.764153,152535,DALLAS,1545 N COCKRELL HILL RD,1315,DALLAS,,3864040.89756095,75211,1379910.0,TX,Convenience Store,-10786372.1916934,-96.89563
,7-eleven Convenience Store 38111A,,32.866291,152779,DALLAS,9707 WEBB CHAPEL RD,3555,DALLAS,,3877569.74858188,75220,1309564.0,TX,Convenience Store,-10782864.5145385,-96.86412
,Murphy Express 8745,,32.974319,152786,SACHSE,8020 WOODBRIDGE PKWY,6696,DALLAS,,3891895.73605763,75048,1309601.0,TX,Convenience Store,-10749996.6556454,-96.568863
,Grocery Services North 10,Ste 100,32.858028,152845,DALLAS,6012 ABRAMS RD,8001,DALLAS,,3876474.68121337,75231,1310640.0,TX,Grocery Store,-10769939.8763795,-96.748016
,DOLLAR GENERAL 18546,,32.704136,152881,BALCH SPRINGS,12918 SEAGOVILLE RD,4034,DALLAS,,3856098.49111157,75180,1310297.0,TX,Discount Retail,-10754088.537488,-96.605621
,CVS Pharmacy 11065,,32.864563,152893,DALLAS,9215 MIDWAY RD,3846,DALLAS,,3877340.73416494,75220,1310323.0,TX,Pharmacy,-10779830.8357754,-96.836868
,QuikTrip 0929,,32.81942,152947,DALLAS,1220 W MOCKINGBIRD LN,4902,DALLAS,,3871359.44489307,75247,1310705.0,TX,Convenience Store,-10783324.9319525,-96.868256
,Corner Store 2741593,,32.645966,153007,GRAND PRAIRIE,2390 W. CAMP WISDOM RD,    ,DALLAS,,3848405.60548464,75052,1259842.0,TX,Convenience Store,-10802096.9603239,-97.036888
,QuikTrip 985,,32.769539,153168,MESQUITE,1610 W SCYENE RD,    ,DALLAS,,3864753.92062566,75149,1257966.0,TX,Convenience Store,-10755729.3867823,-96.620361
,Progreso Farms,,32.60405,153322,SEAGOVILLE,2320 W MALLOY BRIDGE RD,5117,DALLAS,,3842865.38593595,75159,1458418.0,TX,Specialty Store,-10750088.3829058,-96.569687
,Seagoville Chevron,,32.649803,153511,SEAGOVILLE,1001 N HIGHWAY 175,2305,DALLAS,,3848912.88809546,75159,1410507.0,TX,Convenience Store,-10747524.3610744,-96.546654
,Family Dollar 12503,,32.737652,153550,DALLAS,712 S WALTON WALKER BLVD,4295,DALLAS,,3860533.20324682,75211,1400191.0,TX,Discount Retail,-10788931.9833842,-96.918625
,African Food Store,,32.847855,153598,IRVING,3009 N BELT LINE RD,6878,DALLAS,,3875126.62810686,75062,1258942.0,TX,Grocery Store,-10797148.1410412,-96.992432
,Fuel City Mesquite,,32.791771,153602,MESQUITE,2175 S TOWN EAST BLVD,1162,DALLAS,,3867697.55018617,75149,1258964.0,TX,Convenience Store,-10759693.9191274,-96.655975
,Abrams Food Beer And Wine 1,,32.913448,154278,DALLAS,12121 ABRAMS RD,4507,DALLAS,,3883821.26002695,75243,1362671.0,TX,Convenience Store,-10768553.8373996,-96.735565
,Abrams Food Mart,Ste 114,32.908653,154455,DALLAS,9730 ABRAMS RD,8409,DALLAS,,3883185.44422546,75243,1384177.0,TX,Convenience Store,-10768532.5753769,-96.735374
,7-eleven Convenience Store 38438A,,32.80748,154718,DALLAS,555 W MOCKINGBIRD LN,6615,DALLAS,,3869777.94514537,75247,1364059.0,TX,Convenience Store,-10783943.2004043,-96.87381
,CVS Pharmacy 10946,,32.737595,154870,DALLAS,4333 W JEFFERSON BLVD,4622,DALLAS,,3860525.65980409,75211,1383734.0,TX,Pharmacy,-10785878.7123908,-96.891197
,Maru Grocery,,32.87112,155184,DALLAS,8353 PARK LN,6607,DALLAS,,3878209.7668153,75231,1385565.0,TX,Grocery Store,-10771353.967871,-96.760719
,Sam's Grocery Store,,32.691349,155455,DALLAS,717 E ANN ARBOR AVE,6702,DALLAS,,3854407.00199351,75216,1262326.0,TX,Convenience Store,-10777261.6932474,-96.813789
,One Stop Food Store,,32.957851,155571,CARROLLTON,1600 MARSH LN,5236,DALLAS,,3889710.72401961,75006,1385834.0,TX,Convenience Store,-10781708.6842656,-96.853737
,Beltline Beer/wine Food Mart Coin Laundry,,32.738335,155575,GRAND PRAIRIE,710 S BELT LINE RD,2040,DALLAS,,3860623.59259371,75051,1385840.0,TX,Convenience Store,-10797396.0495472,-96.994659
,Dollar General Store 16913,,32.696941,155706,DALLAS,4807 SUNNYVALE ST,7520,DALLAS,,3855146.69276603,75216,1262747.0,TX,Discount Retail,-10772817.373897,-96.773865
,Familia Food Market,,32.812084,155741,DALLAS,4523 MAPLE AVE,1830,DALLAS,,3870387.73779924,75219,1262903.0,TX,Convenience Store,-10778336.1489726,-96.823441
,Circle M Store 1,,32.799313,155958,DALLAS,3401 SAINT FRANCIS AVE,6114,DALLAS,,3868696.3163793,75228,1261745.0,TX,Convenience Store,-10763788.4726377,-96.692757
,Shahrzad Mediterranean Market and Grill,Ste 3025,32.960903,156004,RICHARDSON,970 N COIT RD,6264,DALLAS,,3890115.63963893,75080,1387848.0,TX,Supermarket,-10772248.3086601,-96.768753
,CVS Pharmacy 10910,,32.778992,156115,DALLAS,3030 SYLVAN AVE,4025,DALLAS,,3866005.45588814,75212,1265974.0,TX,Pharmacy,-10779699.2561373,-96.835686
,Dollar General Store 17248,,32.807041,156208,IRVING,3424 S BRIERY RD,    ,DALLAS,,3869719.80192639,75060,1264679.0,TX,Discount Retail,-10797247.438027,-96.993324
,Sunny's Mart 1 1,,32.863087,156707,GARLAND,1502 E I 30,4504,DALLAS,,3877145.12121735,75043,1387407.0,TX,Convenience Store,-10747353.5969755,-96.54512
,Tom Thumb 3569,,32.815796,156722,DALLAS,3878 OAK LAWN AVE,    ,DALLAS,,3870879.4094423,75219,1266918.0,TX,Supermarket,-10775986.9737584,-96.802338
,Tom Thumb 3570,,32.811543,156723,DALLAS,7331 GASTON AVE,4131,DALLAS,,3870316.08155098,75214,1266919.0,TX,Supermarket,-10767963.6214594,-96.730263
,7-abc Beer To Go,Ste 104,32.866467,156840,DALLAS,3021 LOMBARDY LN,2972,DALLAS,,3877593.07437475,75220,1264143.0,TX,Convenience Store,-10784024.6862716,-96.874542
,7-eleven Convenience Store 41609A,,32.827953,157061,DALLAS,2500 W MOCKINGBIRD LN,5629,DALLAS,,3872489.8043833,75235,1460864.0,TX,Convenience Store,-10780616.417422,-96.843925
,Dukem Ethiopian Grocery And Restaurant,Ste 102,32.903816,157078,DALLAS,9241 SKILLMAN ST,9019,DALLAS,,3882544.09412206,75243,1460951.0,TX,Other,-10766247.1862309,-96.714844
,Murphy Express 8915,,32.697136,157196,MESQUITE,1101 US 80 FRONTAGE ROAD,    ,DALLAS,,3855172.48754004,75150,1428372.0,TX,Convenience Store,-10739364.3084407,-96.473351
,Southpoint Community Market,,32.762306,157335,DALLAS,2839 S ERVAY ST,3110,DALLAS,Waiver,3863796.39327176,75215,1460426.0,TX,Grocery Store,-10773367.7374595,-96.778809
,Sunny Food Store,,32.720051,157371,GRAND PRAIRIE,301 W MARSHALL DR,4300,DALLAS,,3858204.09674913,75051,1427519.0,TX,Convenience Store,-10798743.1267053,-97.00676
,Desi Grocery,,32.870686,157425,DALLAS,6875 SHADYBROOK LN,6605,DALLAS,,3878152.24459595,75231,1427699.0,TX,Grocery Store,-10771584.176578,-96.762787
,Albaghdady Bakery,,32.95192,157556,RICHARDSON,327 N GREENVILLE AVE,6011,DALLAS,,3888923.88506661,75081,1459905.0,TX,Convenience Store,-10767890.5958735,-96.729607
,Tm Grocery Beer Wine,,32.771881,157728,DALLAS,4537 ELSIE FAYE HEGGINS ST,1522,DALLAS,,3865063.97864799,75210,1427867.0,TX,Convenience Store,-10768857.9622485,-96.738297
,Macarthur Shell Food Mart,,32.844654,157952,IRVING,2800 N MACARTHUR BLVD,4445,DALLAS,,3874702.48647512,75062,1604002.0,TX,Convenience Store,-10793378.0838465,-96.958565
,Magnuson Airport Hotel,,32.835419,157984,IRVING,110 W AIRPORT FWY,6320,DALLAS,,3873478.90834839,75062,1603508.0,TX,Convenience Store,-10791936.8303992,-96.945618
,Pepe's Corner Store,,32.784943,158009,DALLAS,4819 BERNAL DR,3302,DALLAS,,3866793.41008719,75212,1602871.0,TX,Convenience Store,-10786818.91681,-96.899643
,One Stop Food Store,,32.767948,158036,MESQUITE,1940 MILITARY PKWY,3630,DALLAS,,3864543.29235284,75149,1353165.0,TX,Convenience Store,-10756634.7482009,-96.628494
,7 Eleven 38432H,,32.768055,158150,DALLAS,1805 SYLVAN AVE,2039,DALLAS,,3864557.45768115,75208,1352415.0,TX,Convenience Store,-10779712.8371152,-96.835808
,Al Nimer Roastery Inc,,32.940742,158263,RICHARDSON,815 S SHERMAN ST,4031,DALLAS,,3887441.09385094,75081,1353687.0,TX,Grocery Store,-10769036.2960727,-96.739899
,Ib Richardson Llc,,32.94545,158401,RICHARDSON,1425 E BELT LINE RD,4617,DALLAS,,3888065.59963049,75081,1352738.0,TX,Supermarket,-10764428.0031123,-96.698502
,Spring Valley Mart,,32.940212,158415,RICHARDSON,710 W SPRING VALLEY RD,7256,DALLAS,,3887370.7926063,75080,1352513.0,TX,Convenience Store,-10769913.6049797,-96.74778
,Om Saam Llc,Ste B,32.589661,158494,DESOTO,1240 W BELT LINE RD,8701,DALLAS,,3840964.12724058,75115,1352219.0,TX,Convenience Store,-10785815.9281979,-96.890633
,Speed Max,,32.64502,158715,DALLAS,8445 S LANCASTER RD,6309,DALLAS,,3848280.53993424,75241,1267849.0,TX,Convenience Store,-10773549.4108685,-96.780441
,QuikTrip 976,,32.808533,158940,DALLAS,1449 INWOOD RD,6807,DALLAS,,3869917.4105747,75247,1365110.0,TX,Convenience Store,-10781426.7119955,-96.851204
,7-Eleven  Store 38461A,,32.833908,159094,DALLAS,2450 GUS THOMASSON RD,3007,DALLAS,,3873278.72267913,75228,1388229.0,TX,Convenience Store,-10761795.965072,-96.674858
,7-eleven Convenience Store 36002C,,32.880032,159282,DALLAS,9998 MARSH LN,1710,DALLAS,,3879391.02267062,75220,1269512.0,TX,Convenience Store,-10781969.3945131,-96.856079
,Dallas Farmers Market,,32.777683,159536,DALLAS,1010 S PEARL EXPY,6022,DALLAS,,3865832.14216516,75201,1461297.0,TX,Farmers and Markets,-10774461.562776,-96.788635
,Track9,,32.748444,159670,MESQUITE,1028 W CARTWRIGHT RD,5723,DALLAS,,3861961.51535222,75149,1390390.0,TX,Convenience Store,-10754863.9890608,-96.612587
,Sai Mart 3,,32.661747,159762,DUNCANVILLE,700 N CLARK RD,2900,DALLAS,,3850492.12141299,75116,1461404.0,TX,Convenience Store,-10791561.3497568,-96.942245
,Family Dollar 12237,,32.668095,159766,DALLAS,2415 S BELT LINE RD,4713,DALLAS,,3851331.53860295,75253,1390127.0,TX,Discount Retail,-10754813.0047341,-96.612129
,Family Dollar 12427,,32.854462,159795,GARLAND,918 E INTERSTATE 30,4122,DALLAS,,3876002.12283665,75043,1390224.0,TX,Discount Retail,-10748820.3425862,-96.558296
,Super Mercado Nuevo Leon,,32.896385,159960,DALLAS,10828 DENNIS RD,3643,DALLAS,,3881558.86722263,75229,1591352.0,TX,Convenience Store,-10784750.0440736,-96.881058
,Orale Food Mart,,32.866928,160227,DALLAS,9702 BROCKBANK DR,2999,DALLAS,,3877654.17226755,75220,1331314.0,TX,Convenience Store,-10784111.2928354,-96.87532
,Lancaster Food Marts,,32.604717,160404,LANCASTER,710 W PLEASANT RUN RD,1444,DALLAS,,3842953.52591148,75146,1461722.0,TX,Convenience Store,-10772240.6276152,-96.768684
,CVS Pharmacy 11162,,32.938179,160612,DALLAS,2702 VALWOOD PKWY,3530,DALLAS,,3887101.13155119,75234,1329869.0,TX,Pharmacy,-10785747.9119891,-96.890022
,Central Market 747,,32.863922,160638,DALLAS,4349 W NORTHWEST HWY,3854,DALLAS,,3877255.78261368,75220,1329963.0,TX,Supermarket,-10779689.0147442,-96.835594
,Tma Grocery Beer & Wine,,32.770271,160833,DALLAS,2302 S 2ND AVE,1948,DALLAS,,3864850.82942994,75210,1330948.0,TX,Convenience Store,-10770690.7263449,-96.754761
,MSK Petro Inc,,32.85862,160875,DALLAS,3025 WEBB CHAPEL EXT,6205,DALLAS,,3876553.13357323,75220,1331043.0,TX,Grocery Store,-10783373.2446115,-96.86869
,7-Eleven Convenience Store 38627A,,32.794197,161148,DALLAS,3712 LIVE OAK ST,6139,DALLAS,,3868018.80941224,75204,1428838.0,TX,Convenience Store,-10773744.7765748,-96.782196
,Fiesta Mart Fuel Station 177,,32.863613,161277,DALLAS,3434 WEBB CHAPEL EXT,6751,DALLAS,,3877214.83114917,75220,1549615.0,TX,Super Store,-10782940.9910287,-96.864807
,Pleasant Grove Meat Market,,32.763577,161281,DALLAS,6923 SCYENE RD,6539,DALLAS,,3863964.64662655,75227,1429156.0,TX,Other,-10764762.6295017,-96.701508
,7-eleven Convenience Store 36349A,,32.867172,161351,IRVING,5003 N O CONNOR RD,2704,DALLAS,,3877686.51054326,75062,1356610.0,TX,Convenience Store,-10791889.1856572,-96.94519
,Dollar Tree 7645,Ste 130,32.696136,161453,GRAND PRAIRIE,3166 SOUTH HIGHWAY 161,    ,DALLAS,,3855040.20724421,75052,1353887.0,TX,Discount Retail,-10800658.2672249,-97.023964
,Dollar General 19624,,32.707153,161634,DALLAS,342 S SAINT AUGUSTINE DR,    ,DALLAS,,3856497.62105151,75217,1355413.0,TX,Discount Retail,-10759812.8083435,-96.657043
,Elite Mart,,32.72065,161728,GRAND PRAIRIE,1746 S CARRIER PKWY,2813,DALLAS,,3858283.35371029,75051,1380444.0,TX,Convenience Store,-10799656.0578493,-97.014961
,7-eleven Convenience Store 30421B,,32.841942,161797,MESQUITE,1428 OATES DR,1344,DALLAS,,3874343.15070861,75150,1380477.0,TX,Convenience Store,-10756150.7310549,-96.624146
,Fsk Food Mart,,32.873772,161889,DALLAS,10969 N STEMMONS FWY,1221,DALLAS,,3878561.26815314,75220,1380551.0,TX,Convenience Store,-10786870.6803732,-96.900108
,Smart-Mart C-Store,,32.697399,162019,DALLAS,3150 E LEDBETTER DR,7728,DALLAS,,3855207.27750398,75216,1575314.0,TX,Convenience Store,-10771882.2901743,-96.765465
,7-eleven Convenience Store 38635A,,32.857033,162061,DALLAS,8010 SOUTHWESTERN BLVD.,    ,DALLAS,,3876342.82411908,75206,1392147.0,TX,Convenience Store,-10772362.0771797,-96.769775
,Dollar Plus Store,,32.880306,162179,GARLAND,2901 S 5TH ST,3300,DALLAS,,3879427.34233794,75041,1390707.0,TX,Convenience Store,-10757168.1912008,-96.633286
,D-town Fuel & Food,,32.712597,162181,DALLAS,7036 GREAT TRINITY FOREST WAY,5868,DALLAS,,3857217.86182882,75217,1636009.0,TX,Convenience Store,-10764637.729033,-96.700386
,Cash Saver 97,,32.662991,162209,DUNCANVILLE,303 E CAMP WISDOM RD,2705,DALLAS,,3850656.6149804,75116,1391840.0,TX,Supermarket,-10787166.2336213,-96.902763
,Express Mart #2,,32.695076,162256,DALLAS,4010 S WALTON WALKER BLVD,1612,DALLAS,,3854899.99174861,75236,1635639.0,TX,Convenience Store,-10786162.3544533,-96.893745
,Lbj Foodmart 1,Ste 100,32.873775,162269,DALLAS,13015 JUPITER RD,    ,DALLAS,,3878561.66578504,75238,1381570.0,TX,Convenience Store,-10762724.2583058,-96.683197
,Buckner Shell,,32.754768,162354,DALLAS,2438 S BUCKNER BLVD,8607,DALLAS,,3862798.57182946,75227,1419454.0,TX,Convenience Store,-10762654.5723045,-96.682571
,7-eleven Convenience Store 36496B,,32.589382,162450,DESOTO,730 W BELT LINE RD,4956,DALLAS,,3840927.26520963,75115,1417350.0,TX,Convenience Store,-10783921.9383816,-96.873619
,Murphy Express 8863,,32.964405,162490,GARLAND,5362 N GARLAND AVE,2715,DALLAS,,3890580.27498955,75040,1417561.0,TX,Convenience Store,-10758294.2991696,-96.643402
,Murphy Express 8917,,32.862789,162492,DALLAS,2275 W NORTHWEST HWY,4304,DALLAS,,3877105.62794134,75220,1417563.0,TX,Convenience Store,-10786080.868586,-96.893013
,Cash Saver 74,,32.778851,162649,DALLAS,2223 SINGLETON BLVD,3783,DALLAS,,3865986.78713693,75212,1381409.0,TX,Super Store,-10782456.8625633,-96.860458
,Kelly Fuel Station,,32.984818,163166,CARROLLTON,2414 E TRINITY MILLS RD,1929,DALLAS,,3893288.98015687,75006,1433534.0,TX,Convenience Store,-10783459.0719389,-96.869461
,Arapaho Food Mart,,32.962749,163167,RICHARDSON,555 W ARAPAHO RD,4340,DALLAS,,3890360.55934744,75080,1433544.0,TX,Convenience Store,-10768815.438203,-96.737915
,Ruby's Deli & Grocery,Ste 101,32.759647,163394,DALLAS,1417 N COCKRELL HILL RD,1317,DALLAS,,3863444.40602015,75211,1463376.0,TX,Convenience Store,-10786170.9260541,-96.893822
,El Mayoreo Meat Market,,32.735184,163407,DALLAS,1105 S WALTON WALKER BLVD,4242,DALLAS,,3860206.58982884,75211,1463424.0,TX,Other,-10789271.7304701,-96.921677
,Jolly Jolly Bakery ,Ste 104,32.903816,163427,DALLAS,9241 SKILLMAN ST,9019,DALLAS,,3882544.09412206,75243,1463506.0,TX,Specialty Store,-10766247.1862309,-96.714844
,Don Cuco Meat Market,,32.74543,163488,BALCH SPRINGS,1701 S PEACHTREE RD,1109,DALLAS,,3861562.59758045,75180,1331897.0,TX,Grocery Store,-10756945.6635387,-96.631287
,Shop N Go,Ste 110,32.832649,163695,IRVING,1885 ESTERS RD,8014,DALLAS,,3873111.92597081,75061,1332252.0,TX,Convenience Store,-10799070.9626057,-97.009705
,Candy Girl Chicks & Livestock,,32.652195,163740,DALLAS,7811 KANSAS AVE,5337,DALLAS,,3849229.14096713,75241,1463642.0,TX,Farmers and Markets,-10778232.5105266,-96.82251
,Fivestar Market 1,,32.909477,163820,GARLAND,2020 HIGHWAY 66,6000,DALLAS,,3883294.70396905,75040,1463702.0,TX,Convenience Store,-10753281.6938187,-96.598373
,Mary Produce,,32.772507,163995,DALLAS,4008 URBAN AVE,3841,DALLAS,,3865146.85634152,75227,1463877.0,TX,Grocery Store,-10764182.5436351,-96.696297
,Toni Demissie Inc. 21764A,,32.866413,164075,DALLAS,2990 LOMBARDY LN,2648,DALLAS,,3877585.91759247,75220,1356785.0,TX,Convenience Store,-10784151.2565326,-96.875679
,Dgc Realty Solutions 35475A,,32.940044,164090,RICHARDSON,170 E SPRING VALLEY RD,5043,DALLAS,,3887348.50852614,75081,1356821.0,TX,Convenience Store,-10768603.9311705,-96.736015
,Speedy B Mart,,32.866219,164251,IRVING,2302 W WALNUT HILL LN,5204,DALLAS,,3877560.20622542,75038,1356924.0,TX,Convenience Store,-10795510.6313316,-96.977722
,C'ville Beverage Convenience,,32.871964,164470,GARLAND,127 E CENTERVILLE RD,4633,DALLAS,,3878321.631108,75041,1336327.0,TX,Convenience Store,-10756790.15021,-96.62989
,Rossi Mart,,32.627987,164500,DUNCANVILLE,1703 S MAIN ST,4401,DALLAS,,3846028.92528238,75137,1430975.0,TX,Convenience Store,-10787844.8372371,-96.908859
,MM Food Mart,,32.87254,164518,GARLAND,3626 SATURN RD,5005,DALLAS,,3878397.97512291,75041,1619723.0,TX,Convenience Store,-10758783.5483317,-96.647797
,7-eleven Convenience Store 35419C,,32.816158,164602,DALLAS,4239 LEMMON AVE,2704,DALLAS,,3870927.35912309,75219,1431263.0,TX,Convenience Store,-10777001.8735559,-96.811455
,Star Food Mart,Suite A,32.932018,164678,GARLAND,2014 N JUPITER RD,7700,DALLAS,,3886283.96244159,75044,1337434.0,TX,Other,-10762663.9231417,-96.682655
,T C Grocery,,32.750904,164815,DALLAS,5050 CROZIER ST,4608,DALLAS,,3862287.11849423,75215,1357452.0,TX,Convenience Store,-10770617.7007589,-96.754105
,One Stop Food Mart,,32.718685,164836,BALCH SPRINGS,3708 SHEPHERD LN,2330,DALLAS,,3858023.35582061,75180,1430798.0,TX,Convenience Store,-10754984.5480694,-96.61367
,7-Eleven 41155H,,32.867771,164891,DALLAS,6769 ABRAMS RD,0224,DALLAS,,3877765.8987368,75231,1430827.0,TX,Convenience Store,-10769440.4971438,-96.74353
,7-Eleven 41523H,,32.935699,164896,COPPELL,3121 OLYMPUS BLVD,4518,DALLAS,,3886772.18794406,75019,1430828.0,TX,Convenience Store,-10796134.0204801,-96.983322
,Hippo Food Mart KG,,32.802097,165093,DALLAS,8003 FERGUSON RD,5847,DALLAS,,3869065.01520544,75228,1382089.0,TX,Convenience Store,-10766122.2857622,-96.713722
,Ck 108,,32.713303,165118,DALLAS,8015 C F HAWN FWY,6534,DALLAS,,3857311.26879362,75217,1382212.0,TX,Convenience Store,-10762827.0061958,-96.68412
,7-eleven Convenience Store 34115B,,32.789494,165313,MESQUITE,106 US HIGHWAY 80 E,1657,DALLAS,,3867396.03002286,75149,1449385.0,TX,Convenience Store,-10752937.8279116,-96.595284
,Westchester Food Mart,,32.67194,165388,GRAND PRAIRIE,4155 S CARRIER PKWY,3215,DALLAS,,3851840.00476229,75052,1357831.0,TX,Convenience Store,-10798650.508889,-97.005928
,Jefferson Mart,,32.744675,165453,GRAND PRAIRIE,1325 E JEFFERSON ST,2264,DALLAS,,3861462.67171885,75051,1449418.0,TX,Convenience Store,-10796658.0013233,-96.988029
,7-eleven Convenience Store 26776C,,32.590137,165506,DESOTO,757 E BELT LINE RD,5105,DALLAS,,3841027.01756545,75115,1449548.0,TX,Convenience Store,-10780083.0857416,-96.839134
,Dairyway Corner Stop,Ste D,32.822296,165616,MESQUITE,4340 GUS THOMASSON RD,2292,DALLAS,,3871740.41411558,75150,1449882.0,TX,Convenience Store,-10758369.8851039,-96.644081
,7 Eleven 25758,,32.807751,165716,IRVING,1600 E IRVING BLVD,4508,DALLAS,,3869813.83779976,75060,1357987.0,TX,Convenience Store,-10789687.8427267,-96.925415
,Murphy Express 8920,,32.81102,166043,MESQUITE,2110 N. TOWN EAST BLVD,    ,DALLAS,,3870246.80984398,75150,1464793.0,TX,Convenience Store,-10757198.6927412,-96.63356
,Indopak Supermarket Richardson,,32.947853,166304,RICHARDSON,323 E POLK ST,4139,DALLAS,,3888384.36508035,75081,1435253.0,TX,Supermarket,-10767862.5433618,-96.729355
,7-Eleven 41933H,,32.884682,166321,GARLAND,2646 S JUPITER RD,2213,DALLAS,,3880007.41180373,75041,1435293.0,TX,Convenience Store,-10762644.4422309,-96.68248
,Whip In,,32.873371,166535,GARLAND,3405 BROADWAY BLVD,1619,DALLAS,,3878508.11814339,75043,1598465.0,TX,Convenience Store,-10755217.3171246,-96.615761
,Step In Drive In,,32.773148,166658,DALLAS,7003 MILITARY PKWY,3804,DALLAS,,3865231.72052635,75227,1421955.0,TX,Convenience Store,-10764568.0430318,-96.69976
,CK 101,,32.790707,166667,DALLAS,5526 E R L THORNTON FWY,1938,DALLAS,,3867556.65442792,75223,1434394.0,TX,Convenience Store,-10769815.0872303,-96.746895
,CK 128,,32.907322,166674,ROWLETT,4902 LAKEVIEW PKWY,4142,DALLAS,,3883008.96006417,75088,1434396.0,TX,Convenience Store,-10748472.135219,-96.555168
,Kannala Country Corner,,32.733799,166725,BALCH SPRINGS,11302 LAKE JUNE RD,1222,DALLAS,,3860023.30384586,75180,1434101.0,TX,Convenience Store,-10757055.2019176,-96.632271
,Mr J Food Store,,32.907368,166739,GARLAND,906 HIGHWAY 66,7269,DALLAS,,3883015.05939738,75040,1434107.0,TX,Convenience Store,-10755758.3298499,-96.620621
,Motley Mart,,32.794884,166826,MESQUITE,2101 MOTLEY DR,5303,DALLAS,,3868109.78589672,75150,1422054.0,TX,Convenience Store,-10757326.1535582,-96.634705
,Murphy Express 8835,,32.864151,167305,DALLAS,12505 E NORTHWEST HWY,8007,DALLAS,,3877286.13184933,75228,1341344.0,TX,Convenience Store,-10760694.4587106,-96.664963
,Target T3292,Ste 200,32.864059,167315,DALLAS,8335 WESTCHSTER DR,    ,DALLAS,,3877273.93913389,75225,1341358.0,TX,Super Store,-10776463.421179,-96.806618
,Konnect General Stores,,32.60384,167382,LANCASTER,3160 W PLEASANT RUN RD,1020,DALLAS,,3842837.63585461,75146,1431646.0,TX,Convenience Store,-10777781.5552694,-96.818459
,7-eleven Convenience Store 38787A,,32.809807,167436,IRVING,1901 E STATE HIGHWAY 356,3328,DALLAS,,3870086.1487352,75060,1431891.0,TX,Convenience Store,-10789202.0444689,-96.921051
,Family Dollar 12052,,32.701508,167550,DALLAS,3510 S BECKLEY AVE,4604,DALLAS,,3855750.83439804,75224,1337728.0,TX,Discount Retail,-10778279.1533933,-96.822929
,Dollar Tree 7672,Ste 110,32.861,167696,DALLAS,6301 ABRAMS RD,    ,DALLAS,,3876868.53854693,75231,1338230.0,TX,Discount Retail,-10769622.2818723,-96.745163
,My-t-quick Food Store,,32.633938,168084,DUNCANVILLE,1422 ACTON AVE,3339,DALLAS,,3846815.54707208,75137,1402851.0,TX,Convenience Store,-10786919.1043517,-96.900543
,365 Food & Fuel #7,,32.814816,168205,DALLAS,2801 N FITZHUGH AVE,3138,DALLAS,,3870749.60189448,75204,1432913.0,TX,Convenience Store,-10774256.066996,-96.786789
,New Dairy Way 2,Ste 200,32.787334,168233,MESQUITE,1800 N GALLOWAY AVE,2772,DALLAS,,3867110.01012488,75149,1432934.0,TX,Convenience Store,-10754111.4693031,-96.605827
,7-eleven Convenience Store 41275A,,32.748547,168379,DALLAS,456 N ZANG BLVD,4441,DALLAS,,3861975.14814894,75208,1452429.0,TX,Convenience Store,-10778434.6667219,-96.824326
,Duncanville Mart,,32.68882,168390,DALLAS,4307 DUNCANVILLE RD,1882,DALLAS,,3854072.48967595,75236,1452483.0,TX,Convenience Store,-10787862.6483557,-96.909019
,Stop N Go,,32.907681,168428,GARLAND,609 DAIRY RD,7445,DALLAS,,3883056.56146622,75040,1402180.0,TX,Convenience Store,-10755880.5586508,-96.621719
,Beltline Swift Food Mart,,32.940098,168486,GARLAND,862 BELT LINE RD,3633,DALLAS,,3887355.67126157,75040,1400701.0,TX,Convenience Store,-10757877.2963571,-96.639656
,Homefoods I I I Llc,,32.841888,168850,IRVING,2301 W ROCHELLE RD,7050,DALLAS,,3874335.99590439,75062,1402621.0,TX,Grocery Store,-10795249.9210842,-96.97538
,Ck Food Mart,,32.91737,168925,GARLAND,506 N 1ST ST,5702,DALLAS,,3884341.34185315,75040,1402664.0,TX,Convenience Store,-10756876.8680934,-96.630669
,El Cubano Latin Market 1,Ste 148,32.839466,169030,IRVING,555 W AIRPORT FREEWAY,    ,DALLAS,,3874015.09416097,75060,1476044.0,TX,Grocery Store,-10792874.4744702,-96.954041
,Ak C-store,Ste 110,32.925392,169049,DALLAS,7995 LYNDON B JOHNSON FWY,1220,DALLAS,,3885405.1812073,75251,1476078.0,TX,Convenience Store,-10772394.359832,-96.770065
,Dipdiya Enterprises Inc 1,,32.791733,169150,MESQUITE,2031 N GALLOWAY AVE,1552,DALLAS,,3867692.51816577,75149,1409229.0,TX,Convenience Store,-10754862.3192685,-96.612572
,Murphy USA 7622,,32.83968,169215,GARLAND,525 W INTERSTATE 30,5702,DALLAS,,3874043.44763703,75043,1341515.0,TX,Convenience Store,-10753219.6888623,-96.597816
,Northwest Hwy Food Mart,,32.860195,169293,DALLAS,2332 W NORTHWEST HWY,4416,DALLAS,,3876761.85650576,75220,1408968.0,TX,Convenience Store,-10785640.0434025,-96.889053
,Dollar Tree 8429,No Ste,32.714577,169303,DALLAS,140 S BUCKNER BLVD,    ,DALLAS,,3857479.82657533,75217,1409009.0,TX,Discount Retail,-10762629.1914606,-96.682343
,Murphy Express 8916,,32.880444,169346,IRVING,5140 N BELT LINE RD,2807,DALLAS,,3879445.63476764,75038,1409100.0,TX,Convenience Store,-10797022.3500166,-96.991302
,Murphy USA 7654,,32.592896,169592,LANCASTER,170 N BECKLEY ST,1844,DALLAS,,3841391.55020814,75146,1341665.0,TX,Convenience Store,-10778181.5261999,-96.822052
,7-Eleven Convenience Store 38342A,Ste 100,32.993397,169654,RICHARDSON,3000 NORTHSIDE BLVD,1567,DALLAS,,3894427.55837461,75080,1433420.0,TX,Convenience Store,-10770086.0388709,-96.749329
,Murphy USA 7667,,32.647285,169659,DALLAS,7035 W WHEATLAND RD,1067,DALLAS,,3848579.98555856,75249,1341683.0,TX,Convenience Store,-10791764.396508,-96.944069
,Murphy USA 7674,,32.595711,169691,CEDAR HILL,605 UPTOWN BLVD,3508,DALLAS,,3841763.49341321,75104,1341688.0,TX,Convenience Store,-10791950.4113771,-96.94574
,1 Quickstop,,32.691708,169715,DALLAS,3525 W LEDBETTER DR,3809,DALLAS,,3854454.4879027,75233,1408751.0,TX,Convenience Store,-10784515.605226,-96.878952
,Murphy USA 7680,,32.787415,169720,MESQUITE,1807 RANGE DR,1667,DALLAS,,3867120.73574571,75149,1341694.0,TX,Convenience Store,-10753181.506277,-96.597473
,7-eleven Convenience Store 33123C,,32.759991,169777,MESQUITE,502 CLAY MATHIS RD,1142,DALLAS,,3863489.9427033,75181,1433448.0,TX,Convenience Store,-10749123.5768791,-96.56102
,Sho N Go,,32.661388,169835,DUNCANVILLE,406 W CAMP WISDOM RD,2628,DALLAS,,3850444.65142816,75116,1475831.0,TX,Convenience Store,-10788405.4421928,-96.913895
,Buy N Save Discount Beer N Wine,,32.759872,170128,DALLAS,5002 S 2ND AVE,2903,DALLAS,,3863474.19016801,75210,1410604.0,TX,Convenience Store,-10769353.8905799,-96.742752
,C F Hawn Fwy Sunoco,,32.703136,170430,DALLAS,9512 C F HAWN FWY,7521,DALLAS,,3855966.20044005,75217,1409301.0,TX,Convenience Store,-10759916.4467895,-96.657974
,7-Eleven Convenience Store 39412B,Ste 101,32.71928,170746,DALLAS,440 S BUCKNER BLVD,6508,DALLAS,,3858102.08231226,75217,1410429.0,TX,Convenience Store,-10762658.0232087,-96.682602
,My Beer Store,,32.605232,170763,LANCASTER,1007 W PLEASANT RUN RD,1348,DALLAS,,3843021.58046454,75146,1410450.0,TX,Convenience Store,-10773330.3341106,-96.778473
,The Provision House,Ste 320,32.934971,170774,DALLAS,13619 INWOOD RD,4630,DALLAS,,3886675.62882996,75244,1436402.0,TX,Farmers and Markets,-10778528.8430111,-96.825172
,Tiger Mart 47,,32.691563,171310,GRAND PRAIRIE,3051 E MAYFIELD RD,7330,DALLAS,,3854435.30833422,75052,1453719.0,TX,Convenience Store,-10804740.0189938,-97.060631
,El Potosino Meat Market ,Ste 550,32.742996,171316,GRAND PRAIRIE,1017 FORT WORTH ST,5435,DALLAS,,3861240.45552031,75050,1453110.0,TX,Grocery Store,-10799965.1920752,-97.017738
,La Michoacana Supermarket #12,Ste 100,32.834503,171505,MESQUITE,5200 GUS THOMASSON RD,1094,DALLAS,,3873357.55117601,75150,1453823.0,TX,Supermarket,-10759905.4261599,-96.657875
,Kpp Food Mart,,32.676079,171518,DALLAS,3924 W RED BIRD LN,2038,DALLAS,,3852387.3741953,75237,1453878.0,TX,Convenience Store,-10785059.1782995,-96.883835
,Hall Store,,32.649464,171534,SEAGOVILLE,212 HALL RD,5902,DALLAS,,3848868.06866139,75159,1453915.0,TX,Convenience Store,-10747459.7957697,-96.546074
,7-Eleven Inc. 36364J,,32.913849,171823,IRVING,770 W LYNDON B JOHNSON FWY,3713,DALLAS,,3883874.43408722,75063,1086958.0,TX,Convenience Store,-10793320.3090308,-96.958046
,7-eleven Convenience Store 27372D,,32.861813,171990,DALLAS,2635 WILLOWBROOK RD,4422,DALLAS,,3876976.281765,75220,1604640.0,TX,Convenience Store,-10784801.8076368,-96.881523
,Ridgeview Food Mart 01,Ste 107,32.780724,172103,MESQUITE,1012 RIDGEVIEW ST,2037,DALLAS,,3866234.77941598,75149,1410836.0,TX,Convenience Store,-10755944.344719,-96.622292
,Lucky Food Store,,32.844666,172284,IRVING,2810 N BELT LINE RD,5286,DALLAS,,3874704.07648079,75062,1477754.0,TX,Convenience Store,-10797100.4962992,-96.992004
,Tiger Mart 48,,32.675243,172292,DALLAS,1920 S BELT LINE RD,4701,DALLAS,,3852276.81384123,75253,1477777.0,TX,Convenience Store,-10753757.3620029,-96.602646
,Abswot African Store,,32.633186,172706,DUNCANVILLE,1426 S CLARK RD,2811,DALLAS,,3846716.14247275,75137,1476687.0,TX,Grocery Store,-10791581.8325431,-96.942429
,Xpress Mart,Ste 103,32.842449,172714,IRVING,2121 W ROCHELLE RD,7047,DALLAS,,3874410.32658276,75062,1476717.0,TX,Convenience Store,-10795063.9062151,-96.973709
,Vecta Food Store,,32.763901,172800,DALLAS,6935 SCYENE RD,6552,DALLAS,,3864007.53771645,75227,1476907.0,TX,Convenience Store,-10764773.6501313,-96.701607
,7-eleven Convenience Store 20947,,32.83025,172807,MESQUITE,4901 GUS THOMASSON RD,1061,DALLAS,,3872794.10463545,75150,930115.0,TX,Convenience Store,-10759529.166281,-96.654495
,Save Now Food Mart 1,#160,32.748505,172885,GRAND PRAIRIE,634 N CARRIER PKWY,5452,DALLAS,,3861969.58914255,75050,1477587.0,TX,Convenience Store,-10799859.1046005,-97.016785
,Sn Food Store,Ste 100,32.755184,172971,GRAND PRAIRIE,1009 N CARRIER PKWY,3302,DALLAS,,3862853.63645155,75050,1477018.0,TX,Convenience Store,-10800082.411499,-97.018791
,Quik Trip 977,,32.765091,173077,DALLAS,1500 N WESTMORELAND RD,    ,DALLAS,,3864165.0711454,75211,1423730.0,TX,Convenience Store,-10783863.3843294,-96.873093
,G & G Food Mart,Ste 147,32.94418,173261,GARLAND,1456 BELT LINE RD,8213,DALLAS,,3887897.13366625,75044,1633148.0,TX,Grocery Store,-10759016.2060674,-96.649887
,Kwik Stop Beer & Wine 0,,32.790882,173604,DALLAS,132 S CARROLL AVE,1000,DALLAS,,3867579.82795654,75226,1404667.0,TX,Convenience Store,-10772020.6603014,-96.766708
,7-Eleven Convenience Store 12202B,,32.819176,173634,DALLAS,4438 LEMMON AVE,2142,DALLAS,,3871327.1240106,75219,1404686.0,TX,Convenience Store,-10777208.2598918,-96.813309
,Chilly Mart 41,,32.742027,173930,GRAND PRAIRIE,401 S BELT LINE RD,2002,DALLAS,,3861112.20995945,75051,1404487.0,TX,Convenience Store,-10797391.0401701,-96.994614
,Bear Creek Shell,,32.560257,174010,GLENN HEIGHTS,1701 S BECKLEY RD,8656,DALLAS,,3837079.8436066,75154,1367052.0,TX,Convenience Store,-10778339.4885573,-96.823471
,Chilly Mart,,32.684441,174242,GRAND PRAIRIE,3705 S CARRIER PKWY,6659,DALLAS,,3853493.29917596,75052,1454786.0,TX,Convenience Store,-10798930.8113668,-97.008446
,7-eleven Convenience Store 38151B,,32.919079,174594,IRVING,8235 ESTERS BLVD,2908,DALLAS,,3884567.97319299,75063,1466167.0,TX,Convenience Store,-10799129.5166578,-97.010231
,Dollar General 24469,,32.601196,174646,CEDAR HILL,727 N HIGHWAY 67,2142,DALLAS,,3842488.25468182,75104,1512129.0,TX,Discount Retail,-10790765.6380366,-96.935097
,7-Eleven Store 38416A,,32.691898,175145,GRAND PRAIRIE,1040 MAYFIELD RD.,    ,DALLAS,,3854479.61979821,75052,1413192.0,TX,Convenience Store,-10800324.5313915,-97.020966
,Hiwot Injera,,32.899216,175596,GARLAND,1437 S JUPITER RD,7716,DALLAS,,3881934.20094889,75042,1412694.0,TX,Other,-10762713.2376762,-96.683098
,Central Gas & More,,32.908897,175857,DALLAS,7950 FOREST LN,2426,DALLAS,,3883217.79773288,75230,1455031.0,TX,Convenience Store,-10772371.4280169,-96.769859
,LBJ Gas & More,,32.912716,175878,DALLAS,9351 LBJ FWY,3403,DALLAS,,3883724.1947825,75243,1455037.0,TX,Convenience Store,-10768587.7898443,-96.73587
,Stop N Shop Food Mart Beer & Wine,,32.697598,175946,DALLAS,3195 GREAT TRINITY FOREST WAY,7729,DALLAS,,3855233.60153722,75216,1582099.0,TX,Convenience Store,-10771720.0976763,-96.764008
,7-eleven Store 35414B,,32.962543,176008,DALLAS,15707 HILLCREST RD,4160,DALLAS,,3890333.22785871,75248,1302458.0,TX,Convenience Store,-10774222.8937878,-96.786491
,Shell Food Mart,,32.799515,176387,DALLAS,1959 N STEMMONS FWY,3102,DALLAS,,3868723.06784531,75207,1437099.0,TX,Convenience Store,-10778178.0752956,-96.822021
,H&m Food Mart,,32.856621,176503,IRVING,3635 N BELT LINE RD,7806,DALLAS,,3876288.22643865,75062,1437124.0,TX,Convenience Store,-10797173.6332046,-96.992661
,Sai Tobacco Store 1,Ste B,32.80204,176899,DALLAS,2210 HIGHLAND RD,6240,DALLAS,,3869057.46629904,75228,1437877.0,TX,Convenience Store,-10766242.9560902,-96.714806
,Dash In Grocery,,32.902138,176969,GARLAND,2445 GOLDFINCH LN,8022,DALLAS,,3882321.61202903,75042,1588817.0,TX,Convenience Store,-10760719.0603181,-96.665184
,Lakewood Tower Farmers Market- Good Local Markets,,32.812977,176982,DALLAS,6301 GASTON AVE,3922,DALLAS,,3870506.01792122,75214,1650164.0,TX,Farmers and Markets,-10770666.0134179,-96.754539
,A-mbk International Market ,,32.661972,176997,DUNCANVILLE,203 E CAMP WISDOM RD,2703,DALLAS,,3850521.87289344,75116,1405785.0,TX,Convenience Store,-10787387.9820469,-96.904755
,Miller Corner Store,,32.894966,177169,GARLAND,1935 S JUPITER RD,7721,DALLAS,,3881370.74084314,75042,1424897.0,TX,Convenience Store,-10762741.2901878,-96.68335
,C Store #1,,32.909016,177369,DALLAS,2880 FOREST LN,7502,DALLAS,,3883233.57672991,75234,1438211.0,TX,Convenience Store,-10784733.9027474,-96.880913
,365 Food & Fuel #3,,32.778824,177766,DALLAS,353 SINGLETON BLVD,4102,DALLAS,,3865983.21227306,75212,1425586.0,TX,Convenience Store,-10779025.773218,-96.829636
,QuikTrip 1942,,32.676888,177805,DALLAS,13525 C F HAWN FWY,4725,DALLAS,,3852494.36480535,75253,1438510.0,TX,Convenience Store,-10753703.8173278,-96.602165
,La Tapatia Bakery & Mexican Products,,32.710583,177897,GRAND PRAIRIE,688 W PIONEER PKWY,4802,DALLAS,,3856951.40466298,75051,1426254.0,TX,Specialty Store,-10799566.1117007,-97.014153
,Ezstop #6a 1,,32.67524,177935,DALLAS,1155 E RED BIRD LN,2512,DALLAS,,3852276.41709541,75241,1513162.0,TX,Convenience Store,-10776425.1272741,-96.806274
,Classic Meat,Ste 105,32.999783,178204,RICHARDSON,3555 MURPHY RD,5216,DALLAS,,3895275.16030873,75082,1513888.0,TX,Specialty Store,-10755014.2703734,-96.613937
,Dairy Mart #6,,32.828007,178410,IRVING,3000 W PIONEER DR,4166,DALLAS,,3872496.95806467,75061,1413588.0,TX,Convenience Store,-10796545.902596,-96.987022
,Top Fuel,,32.648842,178484,HUTCHINS,401 E PALESTINE ST,3141,DALLAS,,3848785.83403545,75141,1457060.0,TX,Convenience Store,-10765601.6445038,-96.709045
,Murphy USA 7807,,32.908401,179026,ROWLETT,2505 LAKEVIEW PKWY,3350,DALLAS,,3883152.0300409,75088,1480479.0,TX,Convenience Store,-10751048.0682359,-96.578308
,Murphy Express 8929,,32.836315,179145,DALLAS,6410 LEMMON AVE,    ,DALLAS,,3873597.6170122,75209,1415444.0,TX,Convenience Store,-10779138.6511817,-96.83065
,Quality Mart,,32.929165,179162,GARLAND,1751 N COUNTRY CLUB RD,5326,DALLAS,,3885905.57181007,75040,1479870.0,TX,Convenience Store,-10755087.4072789,-96.614594
,Flavor Spice,,32.856171,179171,IRVING,3622 N BELT LINE RD,7805,DALLAS,,3876228.59333954,75062,1479873.0,TX,Other,-10796979.9372906,-96.990921
,24 Hour Store,,32.871281,179238,DALLAS,8455 PARK LN,6307,DALLAS,,3878231.10577473,75231,1479773.0,TX,Convenience Store,-10771123.8704836,-96.758652
,7-eleven Convenience Store 22890B,,32.880623,179461,DALLAS,2986 WALNUT HILL LN,5712,DALLAS,,3879469.36194715,75229,1479430.0,TX,Convenience Store,-10784476.5320847,-96.878601
,Irving Beer and Wine,,32.838696,179659,IRVING,2215 N STORY RD,7065,DALLAS,,3873913.07520972,75062,1407073.0,TX,Convenience Store,-10795392.6326714,-96.976662
,Trippleg African Food Mart Llc,Ste 1,32.588638,179723,CEDAR HILL,108 W BELT LINE RD,2059,DALLAS,,3840828.96702141,75104,1657462.0,TX,Other,-10791790.6679078,-96.944305
,7-Eleven Convenience Store 33321A,,32.857014,179808,DALLAS,5712 SKILLMAN ST,2802,DALLAS,,3876340.30625931,75206,1480058.0,TX,Convenience Store,-10770801.9345162,-96.75576
,MS Discount Express,,32.661743,179877,DALLAS,2950 W CAMP WISDOM RD,2822,DALLAS,,3850491.59249846,75237,1416026.0,TX,Convenience Store,-10783239.995181,-96.867493
,CVS Pharmacy CVS11389,,32.888748,180398,IRVING,8700 NORTH BELT LINE ROAD,    ,DALLAS,,3880546.41426994,75019,1439019.0,TX,Pharmacy,-10797003.7596617,-96.991135
,7-eleven Convenience Store 38589A,,32.798347,180460,GRAND PRAIRIE,3011 HARDROCK RD,6769,DALLAS,,3868568.38694153,75050,1426466.0,TX,Convenience Store,-10800187.7197373,-97.019737
,Good Fortune Supermarket Of Dallas Inc,,32.953274,180568,RICHARDSON,400 N GREENVILLE AVE,6202,DALLAS,,3889103.50947334,75081,1490867.0,TX,Super Store,-10767710.4809374,-96.727989
,Xpress Food Mart,Ste 103,32.945568,180751,GARLAND,1225 BELT LINE RD,3294,DALLAS,,3888081.25249649,75040,1438690.0,TX,Convenience Store,-10758465.8425049,-96.644943
,Food Plus,,32.736065,180893,DALLAS,1346 N MASTERS DR,3307,DALLAS,,3860323.17972322,75217,1408006.0,TX,Convenience Store,-10758797.908546,-96.647926
,For Oak Cliff Farmers Market NAFMNP,,32.684544,180964,DALLAS,907 E LEDBETTER DR,6859,DALLAS,,3853506.92219335,75216,1491235.0,TX,Farmers and Markets,-10777030.705304,-96.811714
,Eagle Oates Food Mart,,32.821209,180967,DALLAS,2222 OATES DR,3831,DALLAS,,3871596.42325511,75228,1491249.0,TX,Convenience Store,-10762141.6120909,-96.677963
,Chevron Food Mart,,32.942604,181017,DALLAS,14225 COIT RD,2862,DALLAS,,3887688.08005474,75254,1516401.0,TX,Convenience Store,-10772443.6743664,-96.770508
,Ferguson Food Mart,,32.841969,181018,DALLAS,10750 FERGUSON RD,2614,DALLAS,,3874346.72811235,75228,1516402.0,TX,Convenience Store,-10760672.306132,-96.664764
,Discount Food Mart,Ste B,32.713928,181154,DALLAS,3627 BONNIE VIEW RD,4758,DALLAS,,3857393.95971224,75216,1515083.0,TX,Convenience Store,-10773085.7651893,-96.776276
,Latin Cuba,Ste 107,32.954815,181263,ADDISON,4151 BELT LINE RD,5812,DALLAS,,3889307.94503022,75001,1457530.0,TX,Grocery Store,-10780150.2113945,-96.839737
,Products For Your Table Inc 1,Ste B,32.932465,181557,DALLAS,5656 ALPHA RD,2507,DALLAS,,3886343.24872522,75240,1491791.0,TX,Grocery Store,-10776863.3921094,-96.810211
,Lakewood Village Farmers Market 2,,32.835384,181572,DALLAS,6434 E MOCKINGBIRD LN,2494,DALLAS,,3873474.27131553,75214,1491488.0,TX,Farmers and Markets,-10770323.8173032,-96.751465
,Desoto Food Mart,,32.590069,181688,DESOTO,100 N HAMPTON RD,4912,DALLAS,,3841018.03321288,75115,1515296.0,TX,Convenience Store,-10782031.3994694,-96.856636
,Duncanville Cigarette Mart,,32.633186,181899,DUNCANVILLE,1430 S CLARK RD,2811,DALLAS,,3846716.14247275,75137,1457735.0,TX,Convenience Store,-10791581.8325431,-96.942429
,24 Seven Mart # 3,,32.744503,181936,DALLAS,309 S MARSALIS AVE,2741,DALLAS,,3861439.90727014,75203,1514522.0,TX,Convenience Store,-10777515.7243254,-96.816071
,Murphy Express 8970,,32.983849,181983,DALLAS,6021 CAMPBELL RD,1257,DALLAS,,3893160.38444356,75248,1514822.0,TX,Convenience Store,-10776140.7059751,-96.803719
,7-eleven Convenience Store 38523A,,32.748501,181988,DALLAS,2075 S BUCKNER BLVD,1824,DALLAS,,3861969.0597135,75217,1514258.0,TX,Convenience Store,-10762738.7298396,-96.683327
,Ezstop #3,,32.803082,182058,DALLAS,8092 FERGUSON RD,5848,DALLAS,,3869195.46637003,75228,1416439.0,TX,Convenience Store,-10765915.8994263,-96.711868
,A&m Food Mart,,32.911003,182312,GARLAND,314 S BARNES DR,7303,DALLAS,,3883497.04933502,75042,1481171.0,TX,Convenience Store,-10762331.0778643,-96.679665
,Dollar Tree 8507,Ste 125,32.951199,182501,COPPELL,820 S MACARTHUR BLVD,4215,DALLAS,,3888828.23685605,75019,1416808.0,TX,Discount Retail,-10793203.089607,-96.956993
,Green Valley Meat Market & Grill Bbq King Express,Ste 222,32.938351,182696,RICHARDSON,888 S GREENVILLE AVE,5044,DALLAS,,3887123.94572406,75081,1572972.0,TX,Specialty Store,-10768471.4609764,-96.734825
,Carniceria El Becerro Tarasco ,,32.878254,183187,GARLAND,3116 S 1ST ST,3430,DALLAS,,3879155.34522176,75041,1517691.0,TX,Convenience Store,-10756897.2395602,-96.630852
,7-eleven Convenience Store 35427B,,32.619259,183308,DUNCANVILLE,310 W HIGHWAY 67,4413,DALLAS,,3844875.3255562,75137,1481615.0,TX,Convenience Store,-10788317.945073,-96.913109
,Jasmine Market,,32.940971,183320,RICHARDSON,820 S SHERMAN ST,4030,DALLAS,,3887471.46942473,75081,1481667.0,TX,Grocery Store,-10769129.6931255,-96.740738
,Dollar General 22927,Ste 110,32.742126,183369,DALLAS,1710 S BUCKNER BLVD,1709,DALLAS,,3861125.31238313,75217,1481760.0,TX,Discount Retail,-10762632.5310453,-96.682373
,Dollar General 23032,,32.834534,183370,IRVING,1950 N BELT LINE RD,1512,DALLAS,,3873361.65822142,75061,1481761.0,TX,Discount Retail,-10797172.7426487,-96.992653
,Amigo Dollar Plus,Ste 139,32.86478,183519,GARLAND,1401 NORTHWEST HWY,5264,DALLAS,,3877369.49325355,75041,1517515.0,TX,Convenience Store,-10758910.0072732,-96.648933
,7-eleven Store 24415,,32.84264,183611,DALLAS,10468 GARLAND RD,2925,DALLAS,,3874435.63356976,75218,922565.0,TX,Convenience Store,-10763604.127561,-96.691101
,Afghan Asian Halal Market,Ste 100,32.970467,183994,RICHARDSON,1750 ALMA RD,1863,DALLAS,,3891384.60735962,75081,1517658.0,TX,Other,-10766456.1329151,-96.716721
,S Buckner Mart,,32.720314,184240,DALLAS,521 S BUCKNER BLVD,4512,DALLAS,,3858238.89564982,75217,1499606.0,TX,Convenience Store,-10762748.0806768,-96.683411
,Cliff Stop 00002,,32.734619,184444,DALLAS,2418 W CLARENDON DR,5347,DALLAS,,3860131.81939076,75211,1499364.0,TX,Convenience Store,-10782135.0379154,-96.857567
,Diabetes Health And Wellness Center Farm Stand,,32.774452,184594,DALLAS,4500 SPRING AVE,1350,DALLAS,,3865404.36343786,75210,1492752.0,TX,Specialty Store,-10769317.377787,-96.742424
,Rochelle Food Mart,,32.844559,184676,IRVING,1101 W ROCHELLE RD,6605,DALLAS,,3874689.89893785,75062,1575704.0,TX,Convenience Store,-10793483.3920848,-96.959511
,Vermont Grocery Store,,32.727371,184887,DALLAS,819 VERMONT AVE,1529,DALLAS,,3859172.68242616,75216,1484420.0,TX,Convenience Store,-10777094.3800528,-96.812286
,Seven Mart Food Store,,32.749638,185166,DALLAS,501 W DAVIS ST,4706,DALLAS,,3862119.55087616,75208,1518695.0,TX,Convenience Store,-10779138.6511817,-96.83065
,Home Boys Dallas 1,,32.922421,185181,GARLAND,1101 N COUNTRY CLUB RD,5362,DALLAS,,3885011.17012222,75040,1518738.0,TX,Convenience Store,-10755032.1928114,-96.614098
,Kwick Save Mart 00001,,32.873806,185382,DALLAS,7015 HOLLY HILL DR,5124,DALLAS,,3878565.77464881,75231,1518464.0,TX,Convenience Store,-10771449.9252721,-96.761581
,La Tradicion Meat Market Y Taqueria,,32.677071,185544,GRAND PRAIRIE,444 W I 20,6933,DALLAS,,3852518.56677118,75052,1518071.0,TX,Convenience Store,-10798892.5174619,-97.008102
,5 Star Chevron,,32.753574,185951,DALLAS,3301 FT WORTH AVENUE,    ,DALLAS,,3862640.52720326,75211,1493138.0,TX,Convenience Store,-10784039.1578054,-96.874672
,Hill Town Beverage #3 01,,32.663887,186031,DUNCANVILLE,867 N DUNCANVILLE RD,2605,DALLAS,,3850775.09408082,75116,1536085.0,TX,Convenience Store,-10787857.6389786,-96.908974
,QuikTrip 1964,,32.978783,186085,COPPELL,455 N FREEPORT PKWY,    ,DALLAS,,3892488.10000802,75019,1408438.0,TX,Convenience Store,-10800199.6309228,-97.019844
,Lawson Convenience Store,Trl 40,32.697624,186223,DALLAS,421 W LAWSON RD,    ,DALLAS,,3855237.04086248,75253,1107424.0,TX,Convenience Store,-10751105.8430517,-96.578827
,Hickory Tree Mart Inc,,32.718842,186228,BALCH SPRINGS,11900 ELAM RD,2821,DALLAS,,3858044.12897832,75180,1440440.0,TX,Convenience Store,-10755948.5748596,-96.62233
,Stop & Shop,,32.734798,186276,DALLAS,1313 N JIM MILLER RD,1366,DALLAS,,3860155.50767294,75217,1468441.0,TX,Grocery Store,-10764678.4719666,-96.700752
,Shop N Go Grocery & Deli,,32.772785,186308,DALLAS,1909 S CESAR CHAVEZ BLVD,1302,DALLAS,,3865183.66163835,75215,1440276.0,TX,Convenience Store,-10773846.7452284,-96.783112
,Paul's Food & Fuel Mart,,32.847614,186342,DALLAS,11115 GARLAND RD,2511,DALLAS,,3875094.6943868,75218,1440403.0,TX,Convenience Store,-10763040.1830206,-96.686035
,1st Choice Grocery,Ste A,32.908936,186425,DALLAS,8122 FOREST LN,3949,DALLAS,,3883222.96899847,75243,1467104.0,TX,Convenience Store,-10771788.0025656,-96.764618
,Ok Foods,,32.954128,186606,GARLAND,4018 N JUPITER RD,6150,DALLAS,,3889216.80427349,75044,1468198.0,TX,Convenience Store,-10762619.8406234,-96.682259
,Rock Island Fuels & Food Mart,,32.815098,186751,IRVING,2630 ROCK ISLAND RD,2220,DALLAS,,3870786.95453193,75060,1466788.0,TX,Convenience Store,-10795914.9437222,-96.981354
,7-Eleven 35378J,,32.920021,186940,IRVING,8375 N BELT LINE RD,6005,DALLAS,,3884692.89415236,75063,1600698.0,TX,Convenience Store,-10797351.9670289,-96.994263
,One Stop Beer And Wine,Ste 100,32.878479,187053,GARLAND,1422 W KINGSLEY RD,4208,DALLAS,,3879185.16915959,75041,1647687.0,TX,Convenience Store,-10758905.7771326,-96.648895
,Sami Tailoring & Grocery Store,Ste 102,32.897915,187082,GARLAND,1621 S JUPITER RD,7793,DALLAS,,3881761.71299575,75042,1657510.0,TX,Other,-10762777.8029808,-96.683678
,Circle K Management Ck 134,,32.779694,187083,MESQUITE,1135 GROSS RD,2015,DALLAS,,3866098.40287702,75149,1499762.0,TX,Convenience Store,-10756050.4321937,-96.623245
,Circle K Management Ck 135,1382,32.584888,187087,CEDAR HILL,210 E FM,    ,DALLAS,,3840333.5248639,75104,1499768.0,TX,Convenience Store,-10792019.9860588,-96.946365
,Midway Exxon,,32.926174,187105,DALLAS,4205 LYNDON B JOHNSON FWY,5802,DALLAS,,3885508.89147423,75244,1314299.0,TX,Convenience Store,-10780018.5204369,-96.838554
,Grand Trip #3,,32.733974,187223,BALCH SPRINGS,11316 LAKE JUNE RD,1222,DALLAS,,3860046.46256738,75180,1500790.0,TX,Convenience Store,-10757005.8873832,-96.631828
,7-eleven Convenience Store 24463A,,32.604652,187752,LANCASTER,640 W PLEASANT RUN RD,1572,DALLAS,,3842944.93652968,75146,1504979.0,TX,Convenience Store,-10772163.3718886,-96.76799
,Zion African Market NO,,32.857544,187851,IRVING,3706 CHEYENNE ST,6601,DALLAS,,3876410.54149734,75038,1505380.0,TX,Other,-10798110.3867196,-97.001076
,Murphy Express 8962,,32.909973,187943,DALLAS,11939 PLANO RD,5408,DALLAS,,3883360.47246033,75243,1505087.0,TX,Convenience Store,-10764707.4150342,-96.701012
,Murphy Express 8930,,32.959373,187949,GARLAND,2476 ARAPAHO RD,    ,DALLAS,,3889912.64939224,75044,1505090.0,TX,Convenience Store,-10760694.4587106,-96.664963
,Dallas Food Depot,,32.706966,188239,DALLAS,3107 S COCKRELL HILL RD,1105,DALLAS,,3856472.88174676,75236,1501699.0,TX,Supermarket,-10786004.3920959,-96.892326
,Ultimate Stop,,32.648445,188393,DALLAS,8210 S LANCASTER RD,6304,DALLAS,,3848733.34696071,75241,1493814.0,TX,Convenience Store,-10773594.4952622,-96.780846
,S&A Food Mart #2,,32.661613,188419,DUNCANVILLE,502 E CAMP WISDOM RD,2753,DALLAS,,3850474.40278911,75116,1485633.0,TX,Convenience Store,-10786915.764767,-96.900513
,Murphy USA 6548,,32.93557,188423,DALLAS,13729 N CENTRAL EXPY,1003,DALLAS,,3886755.07782332,75243,1494051.0,TX,Convenience Store,-10770449.4970083,-96.752594
,Bk Food Mart,,32.793251,188524,DALLAS,8200 E R L THORNTON FWY,7104,DALLAS,,3867893.53581093,75228,1493825.0,TX,Convenience Store,-10764546.0017726,-96.699562
,7-Eleven 38277H,,32.934265,188544,DALLAS,13635 PRESTON RD,4707,DALLAS,,3886581.98847016,75240,1501741.0,TX,Convenience Store,-10776164.4170267,-96.803932
,Restorative Farms Market At Hatcher Station,,32.773232,188793,DALLAS,4716 ELSIE FAYE HEGGINS ST,1464,DALLAS,,3865242.84161927,75210,1502127.0,TX,Farmers and Markets,-10768726.2712909,-96.737114
,Oasis Mart Mesquite,,32.829205,188910,MESQUITE,4751 N BELT LINE RD,3191,DALLAS,,3872655.66492929,75150,1501673.0,TX,Convenience Store,-10753065.1774091,-96.596428
,Sprouts Farmers Market 159,Ste B,32.70787,188971,GRAND PRAIRIE,2500 S CARRIER PKWY,5096,DALLAS,,3856592.47758286,75052,1494268.0,TX,Supermarket,-10799796.2090882,-97.01622
,Fina Mart,,32.829887,189065,IRVING,1303 E GRAUWYLER RD,5121,DALLAS,,3872746.01486865,75061,1536224.0,TX,Convenience Store,-10790189.7823107,-96.929924
,Whistle Food Mart,,32.589806,189326,LANCASTER,995 W BELT LINE RD,3026,DALLAS,,3840983.28497224,75146,1536406.0,TX,Convenience Store,-10772579.5954647,-96.771729
,Gateway #26,,32.661861,189574,DALLAS,3102 W CAMP WISDOM RD,2604,DALLAS,,3850507.19548706,75237,1537146.0,TX,Convenience Store,-10783666.3488307,-96.871323
,Tigermart #35,,32.661575,189580,DALLAS,7110 S COCKRELL HILL RD,9655,DALLAS,,3850469.37810956,75236,1537147.0,TX,Convenience Store,-10785844.7599461,-96.890892
,Dairy Way,,32.749123,189628,DALLAS,2854 W DAVIS ST,2823,DALLAS,,3862051.38621534,75211,1494670.0,TX,Convenience Store,-10783317.2509076,-96.868187
,Judy Ethiopian Grocery,,32.906967,189635,ROWLETT,3374 LAKEVIEW PKWY,3369,DALLAS,,3882961.88922965,75088,1578983.0,TX,Other,-10750189.4610035,-96.570595
,Quik Mart #3 Taqueria,,32.767948,189937,MESQUITE,3228 MILITARY PKWY,    ,DALLAS,,3864543.29235284,75149,1468967.0,TX,Convenience Store,-10758938.0597849,-96.649185
,Murphy USA 7832,Ste 1,32.64822,190012,SEAGOVILLE,200 N HIGHWAY 175,    ,DALLAS,,3848703.59998151,75159,1486216.0,TX,Convenience Store,-10746307.3050815,-96.535721
,Rapido Mart,,32.955769,190366,CARROLLTON,1112 N JOSEY LN,6109,DALLAS,,3889434.50847874,75006,1469458.0,TX,Convenience Store,-10785712.289752,-96.889702
,Kwik Fuel & Food,,32.80661,190401,MESQUITE,3021 BIG TOWN BLVD,2411,DALLAS,,3869662.7185443,75150,1506872.0,TX,Convenience Store,-10761119.0312485,-96.668777
,Ann's Health Food Center & Market ,Ste 207,32.670322,190515,DALLAS,2550 W RED BIRD LN,2390,DALLAS,,3851626.03636216,75237,1506369.0,TX,Convenience Store,-10782331.1828582,-96.859329
,Wawa Market Inc,,32.70182,190536,DALLAS,3522 RAMONA AVE,5430,DALLAS,,3855792.10817548,75216,1506136.0,TX,Convenience Store,-10776394.6257336,-96.806
,Murphy USA 7350,,32.731827,190712,BALCH SPRINGS,12330 LAKE JUNE RD,1636,DALLAS,,3859762.34128122,75180,1486147.0,TX,Convenience Store,-10755176.574191,-96.615395
,Sprouts Farmers Market 158,,32.912205,191064,IRVING,7750 N MACARTHUR BLVD,7514,DALLAS,,3883656.43523103,75063,1486607.0,TX,Supermarket,-10793156.3354209,-96.956573
,Raceway 6981,,32.670387,191249,GRAND PRAIRIE,4010 S BELT LINE RD,7138,DALLAS,,3851634.63205137,75052,1520347.0,TX,Convenience Store,-10796410.8720537,-96.985809
,Crooked Fork Land & Cattle,,32.646557,191362,DALLAS,2020 W WHEATLAND RD,4517,DALLAS,,3848483.73907389,75232,1470181.0,TX,Farmers and Markets,-10781365.597595,-96.850655
,Onestop Shoppe 00001,,32.763783,191513,MESQUITE,1220 E DAVIS ST,4874,DALLAS,,3863991.91686934,75149,1519347.0,TX,Convenience Store,-10751526.1854489,-96.582603
,Murphy USA 7053,,32.647884,191695,DALLAS,3102 WEST WHEATLAND ROAD,    ,DALLAS,,3848659.17796524,75237,1486450.0,TX,Convenience Store,-10783672.2487637,-96.871376
,Todays Discount Food Mart,,32.871376,191710,DALLAS,8405 PARK LN,6307,DALLAS,,3878243.69710437,75231,1519181.0,TX,Convenience Store,-10771224.0580253,-96.759552
,Murphy USA 7326,,32.590321,191735,DESOTO,941 W BELTLINE RD,    ,DALLAS,,3841051.32820071,75115,1486456.0,TX,Convenience Store,-10784580.1705307,-96.879532
,Ramallah Bakery Inc,Ste 705a,32.944321,192043,RICHARDSON,605 S SHERMAN,    ,DALLAS,,3887915.83724837,75081,1471108.0,TX,Specialty Store,-10768635.4345864,-96.736298
,I-30 Truck Stop,,32.854774,192066,GARLAND,801 E INTERSTATE 30,4121,DALLAS,,3876043.46762342,75043,1470976.0,TX,Convenience Store,-10749115.8958342,-96.560951
,Bruto Food Mart,Ste 260,32.746925,192256,DALLAS,2015 N MASTERS DR,3167,DALLAS,,3861760.4665202,75217,1502884.0,TX,Convenience Store,-10758946.5200662,-96.649261
,Al Markaz,Ste 112,32.981895,192316,CARROLLTON,1205 W TRINITY MILLS RD,1349,DALLAS,,3892901.07395434,75006,1471237.0,TX,Other,-10788657.6921589,-96.916161
,Macarthur Express,Ste 160,32.923523,193299,IRVING,8600 N MACARTHUR BLVD,3170,DALLAS,,3885157.31473014,75063,1496262.0,TX,Convenience Store,-10792813.2487502,-96.953491
,Mushi's #1,Ste 100,32.672573,193459,DALLAS,3502 SIMPSON STUART RD,4420,DALLAS,,3851923.71533305,75241,1537729.0,TX,Convenience Store,-10771517.941481,-96.762192
,Jerrys Market,,32.787186,193633,DALLAS,3301 BERNAL DR,1399,DALLAS,,3867090.41271947,75212,1496096.0,TX,Convenience Store,-10783974.5925007,-96.874092
,Speedmax,,32.675133,193875,DALLAS,5931 S R L THORNTON FWY,2624,DALLAS,,3852262.26650324,75232,1507455.0,TX,Convenience Store,-10778311.4360456,-96.823219
,Dollar General 24749,,32.838573,194001,IRVING,3921 W AIRPORT FWY,5900,DALLAS,,3873896.77875792,75062,1520492.0,TX,Discount Retail,-10798345.6048037,-97.003189
,Tiger Mart 86,,32.713821,194019,DALLAS,116 N JIM MILLER RD,5201,DALLAS,,3857379.80298586,75217,1520542.0,TX,Convenience Store,-10764492.4570975,-96.699081
,Fresh Stop Farm Stands,,32.808037,194150,DALLAS,1451 JOHN WEST RD,5451,DALLAS,,3869851.71725114,75228,1487493.0,TX,Farmers and Markets,-10763795.2631267,-96.692818
,Meo Food Mart,,32.697159,194457,DALLAS,3803 S POLK ST,4407,DALLAS,,3855175.53000428,75224,1487576.0,TX,Convenience Store,-10780224.1275364,-96.840401
,Bonito Food Store,Ste 100A,32.87146,194485,DALLAS,7020 FAIR OAKS AVE,6003,DALLAS,,3878254.83050181,75231,1487579.0,TX,Grocery Store,-10771184.984884,-96.759201
,Super Save Grocery,,32.801296,195081,IRVING,1801 E SHADY GROVE RD,6423,DALLAS,,3868958.93364889,75060,1299068.0,TX,Convenience Store,-10789145.9394455,-96.920547
,Kwik Pik Food Mart,,32.819626,195421,IRVING,520 N O CONNOR RD,7528,DALLAS,,3871386.73226458,75061,1472623.0,TX,Convenience Store,-10792333.4617449,-96.949181
,Shs Nursery,,32.829296,195562,IRVING,900 E GRAUWYLER RD,2802,DALLAS,,3872667.72037962,75061,1472646.0,TX,Convenience Store,-10790765.6380366,-96.935097
,7-eleven Convenience Store 38039A,Ste 180,32.789211,196448,DALLAS,2990 OLIVE ST,7654,DALLAS,,3867358.55572415,75219,1496948.0,TX,Convenience Store,-10776703.7599596,-96.808777
,Joe V's Smart Shop #803 803,,32.648605,196680,DALLAS,4101 W WHEATLAND RD,4070,DALLAS,,3848754.50041369,75237,1599333.0,TX,Supermarket,-10785380.223711,-96.886719
,Texas Best 6,,32.705681,196740,BALCH SPRINGS,4295 S BELT LINE RD,3146,DALLAS,,3856302.88311379,75180,1543260.0,TX,Convenience Store,-10751864.2627424,-96.58564
,Unclelee Grocery 3839,,32.765862,196791,DALLAS,3839 DIXON AVE,3122,DALLAS,,3864267.13804577,75210,1496578.0,TX,Convenience Store,-10768366.1527381,-96.733879
,Gebeta Ethiopain Grocery,Ste A,32.917793,196799,GARLAND,520 N JUPITER RD,5477,DALLAS,,3884397.43568596,75042,1496596.0,TX,Grocery Store,-10762646.1120232,-96.682495
,Maria's Grocery,,32.719311,196800,DALLAS,8300 ELAM RD,4418,DALLAS,,3858106.18404303,75217,1496598.0,TX,Convenience Store,-10762265.6220037,-96.679077
,Kwik Stop,,32.795521,196903,DALLAS,4219 GASTON AVE,1412,DALLAS,,3868194.14172212,75246,1543555.0,TX,Convenience Store,-10773051.7014251,-96.77597
,Trinity Beer & Wine,,32.98613,197051,CARROLLTON,2760 E TRINITY MILLS RD,    ,DALLAS,,3893463.0975517,75006,1539372.0,TX,Convenience Store,-10782064.5726777,-96.856934
,Karby's Gateway Inc 29,,32.647114,197094,DALLAS,8207 S HAMPTON RD,5123,DALLAS,,3848557.3781408,75232,1539446.0,TX,Convenience Store,-10782133.368123,-96.857552
,Ez Trip #25,,32.892429,197421,DALLAS,8240 ABRAMS RD,1402,DALLAS,,3881034.40119003,75231,1539233.0,TX,Convenience Store,-10769113.5517993,-96.740593
,7-eleven Convenience Store 22598B,,32.943497,197446,DALLAS,14300 MONTFORT DR,8406,DALLAS,,3887806.5344672,75254,1539307.0,TX,Convenience Store,-10777288.0759667,-96.814026
,Don Cuco Meat Market Don Cuco#3,Ste A,32.863129,197777,GARLAND,1518 NORTHWEST HWY,5287,DALLAS,,3877150.68739444,75041,1509429.0,TX,Other,-10759051.939624,-96.650208
,BNG C-Store,,32.810181,197994,IRVING,2029 E STATE HIGHWAY 356,3300,DALLAS,,3870135.68457284,75060,1544132.0,TX,Convenience Store,-10788808.8640274,-96.917519
,Lucky's Food Mart,,32.681889,198124,DALLAS,1132 E LEDBETTER DR,6864,DALLAS,,3853155.7707916,75216,1652983.0,TX,Convenience Store,-10776408.985948,-96.806129
,Brothers Mart And Bakery 1,Ste 123,32.904072,198471,DALLAS,9205 SKILLMAN ST,7324,DALLAS,,3882578.0369336,75243,1544218.0,TX,Grocery Store,-10766390.6770545,-96.716133
,Dollar General 25589,Ste 310,32.97047,198844,COPPELL,106 N DENTON TAP RD,2138,DALLAS,,3891385.00542626,75019,1544502.0,TX,Discount Retail,-10797139.5694404,-96.992355
,Karby's Gateway Inc 57,,32.757744,198884,GRAND PRAIRIE,925 N BELT LINE RD,5891,DALLAS,,3863192.5013263,75050,1544514.0,TX,Convenience Store,-10797513.268971,-96.995712
,Kwik Mart,,32.700645,199123,DALLAS,10201 C F HAWN FWY,8079,DALLAS,,3855636.67082292,75217,1546672.0,TX,Convenience Store,-10758823.4007094,-96.648155
,Mini Mart,,32.824631,199269,MESQUITE,937 BARNES BRIDGE RD,3046,DALLAS,,3872049.72886764,75150,1298809.0,TX,Convenience Store,-10754598.1581168,-96.610199
,2MS Food Mart,,32.871849,199363,DALLAS,11361 MCCREE RD,3202,DALLAS,,3878306.38887276,75238,1547203.0,TX,Convenience Store,-10762882.2206632,-96.684616
,Fresh Food Store 1,,32.856594,199631,IRVING,4020 W NORTHGATE DR,1924,DALLAS,,3876284.64844417,75062,848756.0,TX,Convenience Store,-10798571.58337,-97.005219
,Dixon Grocery,,32.763706,199796,DALLAS,3752 DIXON AVE,3200,DALLAS,,3863981.72361586,75210,1546214.0,TX,Convenience Store,-10768524.1150956,-96.735298
,Zee Stop Town East Mall 04,,32.808521,199912,MESQUITE,2063 TOWN EAST MALL,4197,DALLAS,,3869915.82121577,75150,1488443.0,TX,Convenience Store,-10756389.2887237,-96.626289
,Murphy Express 8990,,32.768295,199933,MESQUITE,1712 W SCYENE RD,3638,DALLAS,,3864589.23044206,75149,1546516.0,TX,Convenience Store,-10756104.8674247,-96.623734
,Speedy B Market,Ste 6,32.590374,200147,CEDAR HILL,100 N HIGHWAY 67,2064,DALLAS,,3841058.3307299,75104,1539980.0,TX,Convenience Store,-10791798.3489527,-96.944374
,Banaadir Supermarket,,32.847954,200281,IRVING,3008 N BELT LINE RD,6877,DALLAS,,3875139.74613318,75062,1539946.0,TX,Grocery Store,-10796976.5977059,-96.990891
,Encanto Market & Cocina,,32.697678,200450,DALLAS,8560 FIRESIDE DR,7144,DALLAS,,3855244.18407968,75217,1489366.0,TX,Convenience Store,-10761483.3799419,-96.67205
,Kings Beer & Wine,,32.878372,200620,GARLAND,3520 W KINGSLEY RD,2216,DALLAS,,3879170.98621083,75041,1510776.0,TX,Convenience Store,-10762798.1744476,-96.683861
,Yellow Store,,32.67057,200649,DALLAS,6323 S R L THORNTON FWY,3247,DALLAS,,3851658.8322561,75232,1510783.0,TX,Convenience Store,-10778316.5567422,-96.823265
,Brother's Food Mart,,32.782673,201098,DALLAS,3333 S HASKELL AVE,3130,DALLAS,,3866492.83992504,75223,1540464.0,TX,Convenience Store,-10768832.4700851,-96.738068
,Albertson's 36,,32.799889,201274,IRVING,2200 W SHADY GROVE RD,5056,DALLAS,,3868772.59794779,75060,1540267.0,TX,Supermarket,-10795183.6859872,-96.974785
,Dollar General 24919,STE 500,32.695663,201644,GRAND PRAIRIE,3182 STATE HWY 161,7685,DALLAS,,3854977.63918054,75052,1540301.0,TX,Discount Retail,-10800656.5974325,-97.023949
,Fastway Mesquite,,32.823578,201944,MESQUITE,4503 GUS THOMASSON RD,1728,DALLAS,,3871910.2381677,75150,1547614.0,TX,Convenience Store,-10758677.3495375,-96.646843
,Time Food Mart 4,,32.690498,202255,DALLAS,4418 S MARSALIS AVE,6738,DALLAS,,3854294.43866517,75216,1551140.0,TX,Convenience Store,-10777248.1122696,-96.813667
,Bizone ,,32.726299,202260,BALCH SPRINGS,3000 S BELT LINE RD,3084,DALLAS,,3859030.8299363,75181,1551154.0,TX,Convenience Store,-10753742.8904691,-96.602516
,Raceway #6978,,32.868176,202599,DALLAS,1930 W NORTHWEST HWY,2314,DALLAS,,3877819.57553213,75220,1548076.0,TX,Convenience Store,-10788234.6780939,-96.912361
,Bonton Farms NAFMNP,,32.734547,202739,DALLAS,6907 BEXAR ST,5410,DALLAS,,3860122.29115659,75215,1548688.0,TX,Farmers and Markets,-10770612.5800623,-96.754059
,80 Food Mart,,32.793201,202836,MESQUITE,3527 US HIGHWAY 80 E,3785,DALLAS,,3867886.91462173,75150,1548754.0,TX,Convenience Store,-10759337.2514789,-96.652771
,7-eleven Convenience Store 35486B,,32.737823,202845,DALLAS,4411 W JEFFERSON BLVD,4624,DALLAS,,3860555.83360395,75211,1550733.0,TX,Convenience Store,-10785944.9474878,-96.891792
,QuikTrip 962,,32.849335,203421,GARLAND,4054 BOBTOWN RD,    ,DALLAS,,3875322.73750097,75043,1511832.0,TX,Convenience Store,-10750079.0320686,-96.569603
,Ice House Beverage #2,Ste 101,32.862904,203477,DALLAS,9430 LARGA DR,7212,DALLAS,,3877120.86861938,75220,1641609.0,TX,Convenience Store,-10782768.5571375,-96.863258
,Lagow Food Mart,,32.771057,203602,DALLAS,2803 LAGOW ST,1614,DALLAS,,3864954.88813172,75210,1541227.0,TX,Convenience Store,-10769722.469414,-96.746063
,Breaktime,,32.651428,203716,DUNCANVILLE,103 S CEDAR RIDGE DR,4530,DALLAS,,3849127.73287485,75116,1541353.0,TX,Convenience Store,-10789752.4080314,-96.925995
,Shop N Go # 8,Ste E,32.895866,203895,GARLAND,1815 S 1ST ST,8441,DALLAS,,3881490.05955035,75040,1548918.0,TX,Convenience Store,-10756971.9349385,-96.631523
,Shop N Go # 14,,32.86454,203950,GARLAND,4334 SATURN RD,5331,DALLAS,,3877337.68597074,75041,1548948.0,TX,Convenience Store,-10758801.3594502,-96.647957
,7-Eleven Convenience Store 35422A,,32.864159,204212,DALLAS,10120 E NORTHWEST HWY,4406,DALLAS,,3877287.19208606,75238,1157061.0,TX,Convenience Store,-10765857.3453741,-96.711342
,Grab N Go,,32.618988,204501,LANCASTER,2705 N DALLAS AVE,2507,DALLAS,,3844839.50866667,75134,1550012.0,TX,Convenience Store,-10772186.3037037,-96.768196
,Chilly Mart,Ste 122,32.970005,204665,CARROLLTON,2220 MARSH LN,2613,DALLAS,,3891323.305259,75006,1265908.0,TX,Convenience Store,-10781842.0450156,-96.854935
,Am Food Mart,,32.709248,204744,MESQUITE,4505 LASATER RD,3467,DALLAS,,3856774.78418657,75181,1283837.0,TX,Convenience Store,-10751375.0135804,-96.581245
,7-eleven Convenience Store 38559A,,32.808922,205104,DALLAS,4840 HARRY HINES BLVD,7717,DALLAS,,3869968.93240957,75235,1473036.0,TX,Convenience Store,-10779337.4677923,-96.832436
,Ubuntu Farmers Market,,32.690498,206041,DALLAS,4466 S MARSALIS AVE,6738,DALLAS,,3854294.43866517,75216,1552260.0,TX,Farmers and Markets,-10777248.1122696,-96.813667
,365 Food & Fuel #13,,32.875664,206293,DALLAS,7057 GREENVILLE AVE,5116,DALLAS,,3878812.04401081,75231,1552576.0,TX,Convenience Store,-10771615.5686744,-96.763069
,La Michoacana Supermarket #28,,32.705498,206618,DALLAS,1150 W KIEST BLVD,3231,DALLAS,,3856278.6733909,75224,1551700.0,TX,Other,-10780301.383263,-96.841095
,El Rio Grande Latin Market #10,,32.807945,206806,DALLAS,3035 N BUCKNER BLVD,5262,DALLAS,,3869839.5322395,75228,1559616.0,TX,Super Store,-10762854.1681515,-96.684364
,Stop N Get,,32.79274,207051,IRVING,1915 S STORY RD,6557,DALLAS,,3867825.86743264,75060,1543148.0,TX,Convenience Store,-10795504.7313986,-96.977669
,La Azteca Meat Market 2,Suite B,32.909573,207134,DALLAS,3046 FOREST LN,7706,DALLAS,,3883307.4333257,75234,828420.0,TX,Super Store,-10784068.8801094,-96.874939
,Shop N Go #4 ,,32.933189,207216,DALLAS,5609 ALPHA RD,4501,DALLAS,,3886439.2745719,75240,1225983.0,TX,Convenience Store,-10776933.0781106,-96.810837
,Farmer's Delite 001,,32.582962,207417,DESOTO,440 S HAMPTON RD,5728,DALLAS,,3840079.07382778,75115,1163191.0,TX,Other,-10782058.5614252,-96.85688
,Raceway 6979,,32.667751,207634,DALLAS,6675 CEDAR RIDGE DR,2523,DALLAS,,3851286.04880873,75236,1550305.0,TX,Convenience Store,-10790030.9293973,-96.928497
,Ez Stop,,32.712639,207702,DALLAS,2809 S LANCASTER RD,4417,DALLAS,,3857223.41859642,75216,1550418.0,TX,Convenience Store,-10776290.9872877,-96.805069
,B-Hat's Mart,,32.841999,207995,IRVING,2604 N STORY RD,4221,DALLAS,,3874350.70300668,75062,1550247.0,TX,Convenience Store,-10795336.527648,-96.976158
,Quickspot no,,32.86647,208217,DALLAS,6666 SKILLMAN ST,7113,DALLAS,,3877593.47197389,75231,1145690.0,TX,Convenience Store,-10769116.891384,-96.740623
,Dollar General 24500,,32.795635,208359,MESQUITE,19153 LYNDON B JOHNSON FWY,6416,DALLAS,,3868209.2384328,75150,1528678.0,TX,Discount Retail,-10756595.6750596,-96.628143
,Kwik Pik Food Store,,32.960602,208503,COPPELL,400 S DENTON TAP RD,3201,DALLAS,,3890075.70467869,75019,1226042.0,TX,Convenience Store,-10797256.7888642,-96.993408
,Fiesta Mart 70,,32.950619,208531,CARROLLTON,1235 S. JOSEY LN,    ,DALLAS,,3888751.29434029,75006,865645.0,TX,Super Store,-10785595.0703282,-96.888649
,7-Eleven 39787A,,32.765575,208881,DALLAS,1005 S RIVERFRONT BLVD,4606,DALLAS,,3864229.14416764,75207,1204401.0,TX,Convenience Store,-10776078.7010188,-96.803162
,7-eleven Convenience Store 36348A,,32.939503,208890,DALLAS,13995 MIDWAY RD,4318,DALLAS,,3887276.74876995,75244,1128198.0,TX,Convenience Store,-10780076.2952526,-96.839073
,K Corner Food Mart,,32.805149,209000,GRAND PRAIRIE,104 W SHADY GROVE RD,6906,DALLAS,,3869469.21985842,75050,1186505.0,TX,Convenience Store,-10798585.1643479,-97.005341
,Dollar General 25659,Ste 211,32.988613,209321,CARROLLTON,2662 N JOSEY LN,5506,DALLAS,,3893792.6271133,75007,1561538.0,TX,Discount Retail,-10785619.6719357,-96.88887
,White Star Mart,,32.789909,209530,MESQUITE,108 US HIGHWAY 80 E,1657,DALLAS,,3867450.9837154,75149,1529314.0,TX,Convenience Store,-10753068.5169938,-96.596458
,Golden Star Halal Market Afghan Bakery And Cafe,Ste 309,32.951744,209659,RICHARDSON,300 TERRACE DR,6062,DALLAS,,3888900.53674906,75081,1528797.0,TX,Grocery Store,-10767681.6491893,-96.72773
,Sid Food Mart,,32.669697,209971,DALLAS,13317 KLEBERG RD,4751,DALLAS,,3851543.38582353,75253,1528913.0,TX,Convenience Store,-10755001.5799515,-96.613823
,Dollar General 24176,,32.851166,209995,GARLAND,3785 BOBTOWN RD,    ,DALLAS,,3875565.36114939,75043,1552897.0,TX,Discount Retail,-10750499.4857853,-96.57338
,Dollar General 25807,,32.939533,209998,RICHARDSON,325 W SPRING VALLEY RD,4037,DALLAS,,3887280.72804253,75081,1552901.0,TX,Discount Retail,-10769129.6931255,-96.740738
,7-Eleven 34102J,,32.762775,210052,DALLAS,2061 FORT WORTH AVE,1305,DALLAS,,3863858.47861242,75208,1659064.0,TX,Convenience Store,-10781984.6452833,-96.856216
,Latino Market,Ste 105,32.956043,210055,CARROLLTON,1916 WALNUT PLZ,5861,DALLAS,,3889470.85923955,75006,1300058.0,TX,Convenience Store,-10785583.1591427,-96.888542
,7-Eleven 34997J,,32.782253,210291,DALLAS,1010 ROSS AVE.,    ,DALLAS,,3866437.22866534,75202,1553455.0,TX,Convenience Store,-10776169.5377233,-96.803978
,La Azteca Meat Market 12,,32.829849,210309,IRVING,1423B N BELT LINE RD,1517,DALLAS,,3872740.98068956,75061,1553500.0,TX,Grocery Store,-10797313.673124,-96.993919
,Racetrac2606 2618,,32.800858,210341,GRAND PRAIRIE,1851 W TRINITY BLVD,8901,DALLAS,,3868900.92690983,75050,1553579.0,TX,Convenience Store,-10801201.8402984,-97.028847
,B-Z Mart,,32.790749,210466,DALLAS,5455 N JIM MILLER RD,1522,DALLAS,,3867562.21607063,75227,1103153.0,TX,Convenience Store,-10764709.9753825,-96.701035
,Richardson Square Mart,,32.945724,210523,RICHARDSON,1401 E BELT LINE RD,4617,DALLAS,,3888101.94614801,75081,1552988.0,TX,Convenience Store,-10764519.7303728,-96.699326
,7-eleven Convenience Store 36382B,,32.661896,210699,DUNCANVILLE,822 E CAMP WISDOM RD,2828,DALLAS,,3850511.82349612,75116,1255978.0,TX,Convenience Store,-10786003.6128594,-96.892319
,Harar Senga Meart Sega,,32.931282,210840,GARLAND,2014 N JUPITER RD,7700,DALLAS,,3886186.34630517,75044,1278528.0,TX,Specialty Store,-10762675.0550908,-96.682755
,Express Way,,32.86602,211301,GARLAND,3925 BROADWAY BLVD,2586,DALLAS,,3877533.83225271,75043,1174380.0,TX,Convenience Store,-10754234.6999794,-96.606934
,La Michoacana Meat Market Dallas 39,,32.691788,211342,BALCH SPRINGS,24315 LYNDON B JOHNSON FWY,1709,DALLAS,,3854465.06974693,75180,1078369.0,TX,Supermarket,-10757056.87171,-96.632286
,World Of Spices,Ste 136,32.930679,211737,DALLAS,13340 AUDELIA RD,2472,DALLAS,,3886106.37064652,75243,1208173.0,TX,Grocery Store,-10766591.9426939,-96.717941
,SPROUTS FARMERS MARKET 106,,32.977051,211808,RICHARDSON,1343 W CAMPBELL RD,2815,DALLAS,,3892258.26348634,75080,856269.0,TX,Supermarket,-10771941.7347824,-96.765999
,7- Eleven 34490,,32.902973,212369,DALLAS,9230 SKILLMAN ST,7327,DALLAS,,3882432.32219795,75243,981340.0,TX,Convenience Store,-10766108.7047843,-96.7136
,LA MICHOACANA MEAT MARKET D#34 34,,32.84639,212810,GARLAND,6535 DUCK CREEK DR,3644,DALLAS,,3874932.50952898,75043,939462.0,TX,Grocery Store,-10753190.8571142,-96.597557
,EL RIO GRANDE LATIN MARKET 1,,32.817867,212813,DALLAS,5308 MAPLE AVE,8142,DALLAS,,3871153.73193946,75235,738950.0,TX,Super Store,-10779245.7405318,-96.831612
,7 Eleven 30424,,32.864189,213253,GARLAND,1717 NORTHWEST HWY,5234,DALLAS,,3877291.16797462,75041,1001676.0,TX,Convenience Store,-10759468.9424365,-96.653954
,Southside Grocery,,32.772949,213621,DALLAS,4630 ELSIE FAYE HEGGINS ST,1417,DALLAS,,3865205.37416954,75210,1574060.0,TX,Convenience Store,-10768778.92541,-96.737587
,Express 24/7,,32.800434,213693,MESQUITE,3460 N TOWN E BLVD,8850,DALLAS,,3868844.77453967,75150,1580919.0,TX,Convenience Store,-10758729.1131007,-96.647308
,D&o Food Market,,32.648117,213719,HUTCHINS,101 S INTERSTATE 45 SERVICE RD,4186,DALLAS,,3848689.98250045,75141,1554877.0,TX,Grocery Store,-10765543.0904516,-96.708519
,7-eleven Convenience Store 35395B,,32.720234,213945,DALLAS,3200 W ILLINOIS AVE,8940,DALLAS,,3858228.31042202,75211,1210142.0,TX,Convenience Store,-10783873.5144031,-96.873184
,7-eleven Convenience Store 37328A,,32.993793,214034,SACHSE,7810 HWY. 78,    ,DALLAS,,3894480.11693613,75048,1262034.0,TX,Convenience Store,-10749870.9759403,-96.567734
,EL RIO GRANDE LATIN MARKET 3,,32.748169,214213,DALLAS,2515 W JEFFERSON BLVD,2629,DALLAS,,3861925.11718576,75211,853555.0,TX,Super Store,-10782281.9796432,-96.858887
,7-eleven Convenience Store 35648,,32.779049,214317,DALLAS,3020 N HAMPTON RD,3702,DALLAS,,3866013.00283852,75212,1122187.0,TX,Convenience Store,-10782009.3582103,-96.856438
,Towne Centre Mart,,32.802719,214868,MESQUITE,2604 TOWNE CENTRE DR,4162,DALLAS,,3869147.39130565,75150,1256618.0,TX,Convenience Store,-10756119.227639,-96.623863
,Pioneer Food Mart,,32.712292,214893,BALCH SPRINGS,4210 PIONEER RD,3537,DALLAS,,3857177.50919027,75180,1343050.0,TX,Convenience Store,-10754025.7532952,-96.605057
,Jupiter Rd Exxon Llc,,32.879269,215476,GARLAND,3080 S JUPITER RD,2212,DALLAS,,3879289.88491861,75041,1230779.0,TX,Convenience Store,-10762699.6566983,-96.682976
,Uac International Food,Ste 122,32.947418,215622,RICHARDSON,940 E BELT LINE RD,3714,DALLAS,,3888326.66033043,75081,1067559.0,TX,Other,-10765892.9676112,-96.711662
,Daily Mart,,32.762951,215840,DALLAS,2963 BELLE STARR DR,7302,DALLAS,,3863881.77724683,75227,1232605.0,TX,Convenience Store,-10759916.4467895,-96.657974
,7-eleven Convenience Store 37187A,,32.782188,216356,DALLAS,211 N ERVAY ST,3613,DALLAS,,3866428.62218432,75201,1229431.0,TX,Convenience Store,-10775447.6308255,-96.797493
,Big D Food Store 1,Ste 100,32.852802,216439,DALLAS,11555 FERGUSON RD,1966,DALLAS,,3875782.14981325,75228,1009999.0,TX,Convenience Store,-10759318.5498044,-96.652603
,Malloy Shell,,32.648037,216525,SEAGOVILLE,600 E MALLOY BRIDGE RD,1818,DALLAS,,3848679.40582695,75159,1259867.0,TX,Convenience Store,-10746011.7518335,-96.533066
,7-eleven 18717,,32.720699,216726,DALLAS,2223 S BECKLEY AVE,2213,DALLAS,,3858289.83719143,75224,1012605.0,TX,Convenience Store,-10778274.9232526,-96.822891
,Desi Brothers,Ste 26c,32.949497,217089,RICHARDSON,100 S CENTRAL EXPY,6321,DALLAS,,3888602.45180308,75080,1556977.0,TX,Grocery Store,-10768770.4651287,-96.737511
,Northwest Hwy Quick Stop,,32.858189,217228,DALLAS,2745 W NORTHWEST HWY,4744,DALLAS,,3876496.01702292,75220,1205453.0,TX,Convenience Store,-10784010.3260573,-96.874413
,U Mart,#105,32.975986,217325,GARLAND,1805 W CAMPBELL RD,2401,DALLAS,,3892116.94014971,75044,1555532.0,TX,Grocery Store,-10759522.3757921,-96.654434
,Handy Stop,,32.756279,217365,GRAND PRAIRIE,701 MACARTHUR BLVD,4444,DALLAS,,3862998.57941475,75050,1250004.0,TX,Convenience Store,-10793537.7159963,-96.959999
,7-Eleven 12200,,32.804913,217583,DALLAS,2529 OAK LAWN AVE,4019,DALLAS,,3869437.96369555,75219,889989.0,TX,Convenience Store,-10777228.6313587,-96.813492
,Cigarette Mart 00001,Ste D,32.685055,217677,GRAND PRAIRIE,3502 S CARRIER PKWY,6448,DALLAS,,3853574.50846344,75052,1261214.0,TX,Convenience Store,-10799264.5472002,-97.011444
,Food Mart 4626,,32.888184,217826,DALLAS,10405 N CENTRAL EXPY,2208,DALLAS,,3880471.64707903,75231,1556225.0,TX,Convenience Store,-10772461.4854849,-96.770668
,7-eleven Convenience Store 19358B,,32.940315,218777,ADDISON,14400 MARSH LN,5557,DALLAS,,3887384.45489067,75001,1557196.0,TX,Convenience Store,-10781878.5578086,-96.855263
,A & I Food Store,Ste 112,32.604115,219268,LANCASTER,2286 W PLEASANT RUN RD,1269,DALLAS,,3842873.97526002,75146,1233474.0,TX,Convenience Store,-10776285.8665911,-96.805023
,Good Time Food Mart,,32.799824,219437,DALLAS,7730 FERGUSON RD,6371,DALLAS,,3868763.98975994,75228,884801.0,TX,Convenience Store,-10766347.3737726,-96.715744
,7-eleven 32804,,32.917328,219774,ROWLETT,8509 LAKEVIEW PKWY,9305,DALLAS,,3884335.77226736,75088,1096269.0,TX,Convenience Store,-10744353.0914207,-96.518166
,El Ranchero Meat Market,,32.834572,219912,IRVING,1814 N STORY RD,1946,DALLAS,,3873366.69266614,75061,1122950.0,TX,Convenience Store,-10795363.6896038,-96.976402
,Top Mart,,32.749027,219982,DALLAS,7047 BRUTON RD,1241,DALLAS,,3862038.67983671,75217,1027589.0,TX,Convenience Store,-10764463.6253494,-96.698822
,7-eleven Convenience Store 36375A,,32.809345,220181,MESQUITE,3700 INTERSTATE 30,2612,DALLAS,,3870024.95769416,75150,1167767.0,TX,Convenience Store,-10759640.4857718,-96.655495
,Lucky Star Food Store,,32.878445,220303,GARLAND,3101 SATURN RD,4320,DALLAS,,3879180.66242635,75041,1142103.0,TX,Convenience Store,-10758828.521406,-96.648201
,Power Mart 19,,32.6189,220391,DESOTO,1501 N HAMPTON RD,2301,DALLAS,,3844827.87811331,75115,1128962.0,TX,Convenience Store,-10782091.7346335,-96.857178
,Bruton Store,,32.748791,220878,DALLAS,9199 BURTON RD,    ,DALLAS,,3862007.44338077,75217,1214356.0,TX,Convenience Store,-10760801.4367413,-96.665924
,7-eleven Convenience Store 12179,,32.815197,221016,DALLAS,2802 N FITZHUGH AVE,3139,DALLAS,,3870800.06772,75204,1119075.0,TX,Convenience Store,-10774266.1970697,-96.78688
,Deshi Bazzar Inc,,32.837433,221160,IRVING,2417 W AIRPORT FWY,6016,DALLAS,,3873745.73954732,75062,1278464.0,TX,Other,-10795459.6470049,-96.977264
,Hong Kong Market Place,#100,32.711773,221731,GRAND PRAIRIE,2615 W PIONEER PKWY,3536,DALLAS,,3857108.84386999,75051,835742.0,TX,Super Store,-10803006.5518832,-97.045059
,One Stop Mart,,32.833729,221732,IRVING,1901 ESTERS RD,8009,DALLAS,,3873255.00799099,75061,1582088.0,TX,Convenience Store,-10799113.3753317,-97.010086
,Cedardale C Store,,32.637825,221865,LANCASTER,1007 CEDARDALE RD,1752,DALLAS,,3847329.37113416,75134,1254239.0,TX,Convenience Store,-10774064.9314303,-96.785072
,Fiesta Mart 71,,32.720261,221915,DALLAS,3434 W ILLINOIS AVE,8709,DALLAS,,3858231.88293534,75211,867079.0,TX,Super Store,-10784297.3077045,-96.876991
,7- Eleven Convenience Store 22654A,,32.865353,221965,IRVING,3321 W WALNUT HILL LN,5007,DALLAS,,3877445.43348935,75038,1205678.0,TX,Convenience Store,-10796934.9642163,-96.990517
,Super Mercado 5 Estrellas,,32.857903,222264,DALLAS,9648 OVERLAKE DR,6210,DALLAS,,3876458.11617054,75220,1189937.0,TX,Grocery Store,-10783576.2913627,-96.870514
,Savannah Fresh Meat African Market Llc,Ste 62,32.826015,222760,MESQUITE,4550 GUS THOMASSON RD,1752,DALLAS,,3872233.06958669,75150,1530043.0,TX,Grocery Store,-10758722.3226117,-96.647247
,Mary Food Mart,,32.815018,222904,IRVING,2400 ROCK ISLAND RD,2359,DALLAS,,3870776.35802699,75060,1529833.0,TX,Convenience Store,-10795404.4325374,-96.976768
,Shell Food Mart,,32.847866,223008,IRVING,3000 N BELT LINE RD,6877,DALLAS,,3875128.08566462,75062,1095738.0,TX,Convenience Store,-10797064.8740621,-96.991684
,7-eleven Convenience Store 36489B,,32.748589,223066,BALCH SPRINGS,1700 W BRUTON RD,1119,DALLAS,,3861980.70715795,75180,1307921.0,TX,Convenience Store,-10756025.8305863,-96.623024
,Texaco At Grand Prairie 1,,32.757523,223121,GRAND PRAIRIE,1402 N STATE HIGHWAY 161,2802,DALLAS,,3863163.24737286,75050,1169209.0,TX,Convenience Store,-10801147.4050675,-97.028358
,Baja Food Mart,,32.790985,223135,DALLAS,5606 E R L THORNTON FWY,1908,DALLAS,,3867593.46725471,75223,1055042.0,TX,Convenience Store,-10769732.7108071,-96.746155
,Corner Stop,,32.931187,223183,GARLAND,775 W BUCKINGHAM RD,4640,DALLAS,,3886173.74645544,75040,1286608.0,TX,Convenience Store,-10757807.6103559,-96.63903
,Shin Chon Meat Wholesale Market,,32.897446,223214,DALLAS,11422 HARRY HINES BLVD,2130,DALLAS,,3881699.53310204,75229,1634507.0,TX,Grocery Store,-10785727.5405223,-96.889839
,Y-saturn Convenience Store,,32.85725,223274,GARLAND,5013 SATURN RD,5953,DALLAS,,3876371.58076631,75041,1214758.0,TX,Convenience Store,-10758854.9041253,-96.648438
,Carniceria La Altena,,32.84483,223330,IRVING,2803 N MACARTHUR BLVD,4446,DALLAS,,3874725.80657978,75062,1278600.0,TX,Grocery Store,-10793446.8792918,-96.959183
,Arhamna Food Mart,Ste 109,32.857731,223344,IRVING,3701 ESTERS RD,4698,DALLAS,,3876435.32270978,75038,1228996.0,TX,Convenience Store,-10798887.5080849,-97.008057
,Fuel Zone 1,,32.7342,223403,BALCH SPRINGS,11331 LAKE JUNE RD,1221,DALLAS,,3860076.3704693,75180,1259297.0,TX,Convenience Store,-10756976.1650792,-96.631561
,Miller Fina,,32.893993,223436,GARLAND,1330 W MILLER RD,1741,DALLAS,,3881241.74542676,75041,1029539.0,TX,Convenience Store,-10758773.3069385,-96.647705
,EL RIO GRANDE LATIN MARKET 7,Ste 400,32.735825,223439,DALLAS,10325 LAKE JUNE RD,5333,DALLAS,,3860291.4184573,75217,930410.0,TX,Super Store,-10758559.2395577,-96.645782
,Renko Sausage Company,,32.590397,224042,DESOTO,109 N LYNDALYN AVE,5043,DALLAS,,3841061.36956462,75115,1563740.0,TX,Specialty Store,-10781977.8547944,-96.856155
,K P Food Mart,,32.788994,224263,MESQUITE,1816 N GALLOWAY AVE,2258,DALLAS,,3867329.82109531,75149,1129953.0,TX,Convenience Store,-10754356.1495438,-96.608025
,EZ Trip Food Store 13,,32.879326,224473,DALLAS,9811 WALNUT HILL LN,2059,DALLAS,,3879297.44039555,75238,985134.0,TX,Convenience Store,-10766502.7757818,-96.71714
,7-eleven Convenience Store 37212A,,32.985519,224490,GARLAND,7051 MURPHY RD,    ,DALLAS,,3893382.01054664,75048,1237640.0,TX,Convenience Store,-10754965.0671585,-96.613495
,India Bazaar,110-b,32.839432,224560,IRVING,535 W. AIRPORT FREEWAY,    ,DALLAS,,3874010.58940939,75062,1094827.0,TX,Grocery Store,-10792724.0818381,-96.95269
,Coppell Farmers Market,,32.952412,224964,COPPELL,768 W MAIN ST,4417,DALLAS,,3888989.15447368,75019,1001061.0,TX,Farmers and Markets,-10798782.979083,-97.007118
,Tienda Honduras Maya,Ste 106,32.916382,224997,GARLAND,2602 W WALNUT ST,6483,DALLAS,,3884210.32467806,75042,1262876.0,TX,Convenience Store,-10760941.5879802,-96.667183
,Myanmar Store 1,,32.87093,225304,DALLAS,6887 SHADYBROOK LN,6605,DALLAS,,3878184.58424222,75231,1230542.0,TX,Grocery Store,-10771573.1559484,-96.762688
,7-Eleven Convenience Store 35394A,,32.909248,225372,DALLAS,9501 FOREST LN,5901,DALLAS,,3883264.33920526,75243,1191694.0,TX,Convenience Store,-10768057.9090681,-96.73111
,Salim & Shamsah Inc.,,32.719238,225472,DALLAS,2310 W ILLINOIS AVE,1638,DALLAS,,3858096.52513092,75224,1531960.0,TX,Convenience Store,-10781991.4357723,-96.856277
,QuikTrip 1903,,32.80769,225802,DALLAS,3181 E LEMMON AVE,1411,DALLAS,,3869805.75863185,75204,1532072.0,TX,Convenience Store,-10775573.3105306,-96.798622
,La Michoacana Meat Market D33 ,,32.809433,225883,MESQUITE,3301 GUS THOMASSON RD,4005,DALLAS,,3870036.61310603,75150,1531162.0,TX,Grocery Store,-10757337.1741878,-96.634804
,Savers Cost Plus 5250,,32.727879,226057,DALLAS,1610 S WESTMORELAND RD,5767,DALLAS,,3859239.90416439,75211,1263768.0,TX,Super Store,-10783984.8338939,-96.874184
,Ingrams Diamond Shamrock,,32.672935,226240,DALLAS,3501 SIMPSON STUART RD,4252,DALLAS,,3851971.58799554,75241,889810.0,TX,Convenience Store,-10771569.7050442,-96.762657
,Whole Foods Market 10283,,32.815369,226388,DALLAS,2118 ABRAMS RD,3918,DALLAS,,3870822.85026331,75214,881235.0,TX,Super Store,-10770471.5382675,-96.752792
,Bilad Bakery And Grocery,Ste 108,32.939388,226471,RICHARDSON,850 S GREENVILLE AVE,5046,DALLAS,,3887261.49490423,75081,1155073.0,TX,Convenience Store,-10768420.4766496,-96.734367
,Malone's Cost Plus 7,Ste 129,32.707966,226847,DALLAS,333 S SAINT AUGUSTINE DR,7494,DALLAS,,3856605.1780968,75217,865665.0,TX,Super Store,-10759924.1278343,-96.658043
,7-eleven Convenience Store 35379B,,32.884418,227384,IRVING,5420 N MACARTHUR BLVD,3103,DALLAS,,3879972.41594183,75038,1212661.0,TX,Convenience Store,-10793985.3316688,-96.96402
,7-eleven Convenience Store 35531,,32.748138,227489,DALLAS,408 N HAMPTON RD,5515,DALLAS,,3861921.01412678,75208,1122175.0,TX,Convenience Store,-10782040.7503067,-96.85672
,Tito's Meat Market & Taqueria #2,Ste B,32.896984,227696,GARLAND,1638 S 1ST ST,8403,DALLAS,,3881638.28158835,75040,1585642.0,TX,Convenience Store,-10756842.0250927,-96.630356
,Salam Supermarkets,Ste 110,32.900589,227909,DALLAS,9780 LYNDON B JOHNSON FWY,6845,DALLAS,,3882116.23748597,75243,1532627.0,TX,Grocery Store,-10766781.4084672,-96.719643
,Murphy USA 8991,,32.720165,227926,DALLAS,500 S BUCKNER BLVD,4511,DALLAS,,3858219.18067067,75217,1577509.0,TX,Convenience Store,-10762640.9913266,-96.682449
,7-eleven Convenience Store 36104A,Ste 102,32.7841,228127,DALLAS,1919 BRYAN ST,3174,DALLAS,,3866681.78776168,75201,1125886.0,TX,Convenience Store,-10775438.2799882,-96.797409
,7-ELEVEN 18688,,32.735229,228143,DALLAS,1023 S HAMPTON RD,7826,DALLAS,,3860212.54501686,75208,876805.0,TX,Convenience Store,-10782063.6821218,-96.856926
,1 Stop,,32.701355,228686,DALLAS,1406 E OVERTON RD,5402,DALLAS,,3855730.5944253,75216,1647337.0,TX,Convenience Store,-10776367.4637779,-96.805756
,7-eleven Convenience Store 25511B,,32.922421,228733,DALLAS,9820 WALNUT ST,2829,DALLAS,,3885011.17012222,75243,1533095.0,TX,Convenience Store,-10766545.2998272,-96.717522
,La Azteca Meat Market 8,,32.607716,228815,LANCASTER,1550 N INTERSTATE 35 E,2604,DALLAS,,3843349.83355162,75134,979705.0,TX,Supermarket,-10778237.6312232,-96.822556
,7-eleven Convenience Store 25842B,,32.814739,228885,MESQUITE,3640 GUS THOMASSON RD,3660,DALLAS,,3870739.40279067,75150,1533456.0,TX,Convenience Store,-10757377.9171214,-96.63517
,Circle K Management Ck131,,32.7346,228921,DALLAS,1310 S BUCKNER BLVD,1701,DALLAS,,3860129.30499488,75217,1533176.0,TX,Convenience Store,-10762655.4628604,-96.682579
,Main Street Texaco,,32.948315,228940,RICHARDSON,100 S GREENVILLE AVE,6053,DALLAS,,3888445.65181533,75081,1533180.0,TX,Convenience Store,-10767974.642089,-96.730362
,Handy Food Mart,,32.713627,229054,GRAND PRAIRIE,2128 SW 3RD ST,4019,DALLAS,,3857354.1356935,75051,1651001.0,TX,Convenience Store,-10798848.4349436,-97.007706
,Kiest Food Mart,,32.705082,229462,DALLAS,3308 W KIEST BLVD,2102,DALLAS,,3856223.63945145,75233,990181.0,TX,Convenience Store,-10784036.5974571,-96.874649
,Phillips Mart,,32.688232,229484,DALLAS,951 S BELT LINE RD,3112,DALLAS,,3853994.71592769,75253,946508.0,TX,Convenience Store,-10752194.6589911,-96.588608
,Ez Trip 20,,32.916523,229540,DALLAS,10550 WALNUT ST,5346,DALLAS,,3884229.02238383,75243,1091390.0,TX,Convenience Store,-10764774.4293677,-96.701614
,Shantaba LLC,Ste 170,32.923302,230014,IRVING,2506 W PARMER LN,    ,DALLAS,,3885128.00609209,75063,1633748.0,TX,Super Store,-10794652.0240992,-96.970009
,Super Mercado Monterrey,,32.733463,230388,DALLAS,1120 S WESTMORELAND RD,5651,DALLAS,,3859978.83922801,75211,935686.0,TX,Super Store,-10783899.8971224,-96.873421
,Shell At Farmers Branch 1,,32.922241,230638,DALLAS,13115 N STEMMONS FWY,5717,DALLAS,,3884987.29912505,75234,1249929.0,TX,Convenience Store,-10786890.2726036,-96.900284
,Maple Mart,,32.952328,230872,COPPELL,1301 E BELT LINE RD,4206,DALLAS,,3888978.01089066,75019,1455438.0,TX,Convenience Store,-10793247.2834448,-96.95739
,DOLLARTREE 9823,,32.726112,231034,DALLAS,3214 FALLS DR,8827,DALLAS,,3859006.08532034,75211,1573452.0,TX,Discount Retail,-10783868.3937065,-96.873138
,Pops C-store,#f,32.661541,231359,DALLAS,4140 W CAMP WISDOM RD,    ,DALLAS,,3850464.88234546,75237,1601741.0,TX,Convenience Store,-10785477.8509044,-96.887596
,7-eleven 21445,,32.836052,231407,DALLAS,8402 HARRY HINES BLVD,3006,DALLAS,,3873562.77271546,75235,975642.0,TX,Convenience Store,-10782835.6827904,-96.863861
,Mundo Latino Grocery,,32.93198,231819,DALLAS,13523 MONTFORT PL,5152,DALLAS,,3886278.92245814,75240,987562.0,TX,Convenience Store,-10777030.705304,-96.811714
,7-eleven Convenience Store 37692A,,32.807159,231990,DALLAS,1885 JOHN WEST RD,5268,DALLAS,,3869735.43037161,75228,1269646.0,TX,Convenience Store,-10762748.0806768,-96.683411
,Neo's C-store,Ste 6,32.841496,232074,GARLAND,429 W INTERSTATE 30,5912,DALLAS,,3874284.05745607,75043,1649245.0,TX,Convenience Store,-10752704.1683005,-96.593185
,Pioneer Food Mart,,32.822407,232146,IRVING,1413 W PIONEER DR,7113,DALLAS,,3871755.11797325,75061,1154986.0,TX,Convenience Store,-10793945.3679716,-96.963661
,One Stop Food Store,,32.822163,232219,IRVING,640 N STORY RD,6733,DALLAS,,3871722.79600401,75061,1014789.0,TX,Convenience Store,-10795364.5801597,-96.97641
,Cash Saver 19,,32.686478,232559,DALLAS,2130 E LEDBETTER DR,7435,DALLAS,,3853762.72040829,75216,1297569.0,TX,Super Store,-10774462.4533319,-96.788643
,DOLLARTREE 10681,,29.576178,232716,SAN ANTONIO,4100 DEZAVALA RD.,    ,DALLAS,,3449186.98350029,75249,1668398.0,TX,Discount Retail,-10972186.3517671,-98.564827
,Supermercado Monterrey 13,,32.63295,232748,DUNCANVILLE,435 E DANIELDALE RD,4007,DALLAS,,3846684.94652073,75137,1289901.0,TX,Super Store,-10787033.7634272,-96.901573
,Fiesta Mart 74,,32.851482,232840,DALLAS,11445 GARLAND RD,2598,DALLAS,,3875607.23444292,75218,868512.0,TX,Super Store,-10762598.5786006,-96.682068
,Speedy B Mart 2,,32.917282,232948,IRVING,7902 ESTERS BLVD,2901,DALLAS,,3884329.67224786,75063,1579643.0,TX,Convenience Store,-10798811.9221506,-97.007378
,7-Eleven Convenience Store 35382A,,32.953056,233290,ADDISON,3710 BELT LINE RD,4301,DALLAS,,3889074.58896203,75001,1191816.0,TX,Convenience Store,-10781860.7466901,-96.855103
,Hiho Grocery,,32.713188,233370,DALLAS,105 E SANER AVE,2932,DALLAS,,3857296.0537277,75216,1209595.0,TX,Convenience Store,-10778264.793179,-96.8228
,Mr Food Mart,,32.79237,233546,DALLAS,4131 N WESTMORELAND RD,1355,DALLAS,,3867776.87100221,75212,1129741.0,TX,Convenience Store,-10783949.9908933,-96.873871
,Empire Central Exxon,,32.826878,233610,DALLAS,8405 N STEMMONS FWY,3907,DALLAS,,3872347.394039,75247,1215847.0,TX,Convenience Store,-10783847.2430033,-96.872948
,7-eleven Convience Store 35403B,,32.836658,233651,DALLAS,5671 E MOCKINGBIRD LN,5380,DALLAS,,3873643.06048965,75206,1268094.0,TX,Convenience Store,-10772445.3441588,-96.770523
,Sunny Food Mart #12,,32.826351,233806,DALLAS,8390 N STEMMONS FWY,4108,DALLAS,,3872277.58048126,75247,1534993.0,TX,Convenience Store,-10783650.2075046,-96.871178
,Fina Food Mart,,32.744576,233893,GRAND PRAIRIE,1129 E JEFFERSON ST,2269,DALLAS,,3861449.56892033,75051,1535055.0,TX,Convenience Store,-10796923.0530308,-96.99041
,Papa Murphy's Pizza TX134,Ste 128,32.745403,233916,MESQUITE,820 E CARTWRIGHT RD,6063,DALLAS,,3861559.02405822,75149,1346368.0,TX,Specialty Store,-10751756.3941559,-96.584671
,Good Local Markets - Tyler Street 4,,32.828812,234013,DALLAS,9150 GARLAND RD,3998,DALLAS,,3872603.60142305,75218,1270961.0,TX,Farmers and Markets,-10765356.2963461,-96.706841
,Corner Food 9,,32.860905,234160,IRVING,4002 N BELT LINE RD,5043,DALLAS,,3876855.94869044,75038,1178918.0,TX,Convenience Store,-10797072.555107,-96.991753
,Alfa Food Mart,,32.932396,234500,DALLAS,5626 ALPHA RD,4502,DALLAS,,3886334.09713168,75240,1079718.0,TX,Convenience Store,-10776944.9892961,-96.810944
,Columbia Food Mart,,32.800587,234637,DALLAS,5530 COLUMBIA AVE,5122,DALLAS,,3868865.03703858,75214,875327.0,TX,Convenience Store,-10770867.3903768,-96.756348
,Big Daddy Convenience 1,,32.752399,234639,DALLAS,4121 COLONIAL AVE,4059,DALLAS,,3862484.99959348,75215,985848.0,TX,Convenience Store,-10771996.9492499,-96.766495
,Dees Way Grocery,Ste 132,32.796925,234740,DALLAS,112 N. COLLETT AVE,    ,DALLAS,,3868380.07098131,75214,1263529.0,TX,Convenience Store,-10771531.5224588,-96.762314
,Daily Stop 1,,32.758198,234768,DALLAS,2605 FORT WORTH AVE,1863,DALLAS,,3863252.59791092,75211,1068315.0,TX,Convenience Store,-10782949.45131,-96.864883
,India Bazaar,Ste 102,32.924156,234787,IRVING,8600 N MACARTHUR BLVD,6900,DALLAS,,3885241.26250125,75063,1017597.0,TX,Other,-10792916.8871962,-96.954422
,7-Eleven Convenience Store 35412A,,32.72094,234972,DALLAS,2242 S ZANG BLVD,1938,DALLAS,,3858321.72538525,75224,1187079.0,TX,Convenience Store,-10779087.7781744,-96.830193
,Southwest Farmers Market 2,Ste 126,32.916515,235056,GARLAND,4460 W WALNUT ST,4102,DALLAS,,3884227.96152029,75042,1130097.0,TX,Grocery Store,-10764574.0542843,-96.699814
,7-11 Convenient Store 25764,,32.878864,235633,DALLAS,10690 WALNUT HILL LN,2844,DALLAS,,3879236.20140657,75238,1011566.0,TX,Convenience Store,-10764693.8340564,-96.70089
,El Rio Grande Supermercado 4,,32.895866,235696,GARLAND,901 W MILLER RD,1854,DALLAS,,3881490.05955035,75041,868011.0,TX,Super Store,-10758205.1322575,-96.642601
,El Rio Grande Latin Market 9,,32.793709,235893,MESQUITE,2106 N GALLOWAY AVE,5730,DALLAS,,3867954.18607729,75150,1262543.0,TX,Super Store,-10754799.4237562,-96.612007
,Savers Cost Plus 5253,,32.7216,235919,GRAND PRAIRIE,1713 S BELT LINE RD,3308,DALLAS,,3858409.05448998,75051,867690.0,TX,Super Store,-10797338.386051,-96.994141
,Fiesta Mart 75,Ste 600,32.932701,236020,RICHARDSON,1332 S PLANO RD,5955,DALLAS,,3886374.54988171,75081,911827.0,TX,Super Store,-10764845.0059249,-96.702248
,7-Eleven Convenience Store 23379B,,32.734428,236065,DALLAS,7037 LAKE JUNE RD,1327,DALLAS,,3860106.54311977,75217,1248507.0,TX,Convenience Store,-10764652.9798032,-96.700523
,Dairy Mart,,32.739876,236475,DALLAS,3622 W JEFFERSON BLVD,4708,DALLAS,,3860827.53362104,75211,1103764.0,TX,Convenience Store,-10784715.201073,-96.880745
,Fiesta Mart 68,,32.86195,236679,DALLAS,6401 ABRAMS RD,7804,DALLAS,,3876994.43785347,75231,867603.0,TX,Super Store,-10769586.6596352,-96.744843
,Seagoville Food Mart 6,,32.667645,236701,SEAGOVILLE,2817 N HIGHWAY 175,2414,DALLAS,,3851272.03164,75159,1220763.0,TX,Convenience Store,-10751791.2371565,-96.584984
,Fiesta Mart 65,,32.692665,236811,DALLAS,2225 W LEDBETTER DR,4713,DALLAS,,3854581.07383596,75224,814168.0,TX,Super Store,-10781899.7085118,-96.855453
,Cash Saver 46,Frnt,32.662251,236959,DALLAS,1201 W CAMP WISDOM RD,3446,DALLAS,,3850558.76483322,75232,1297577.0,TX,Super Store,-10780503.5394583,-96.842911
,7-eleven Convenience Store 35404A,,32.632385,237020,DUNCANVILLE,447 E HIGHWAY 67,4156,DALLAS,,3846610.2616309,75137,1253772.0,TX,Convenience Store,-10787021.0730053,-96.901459
,7-eleven 21287,,32.968182,237049,RICHARDSON,1602 N PLANO RD,1912,DALLAS,,3891081.41719844,75081,1046954.0,TX,Convenience Store,-10764564.703447,-96.69973
,Ok Food Mart,Ste 124,32.662079,237402,DALLAS,4343 W CAMP WISDOM RD,2471,DALLAS,,3850536.02140154,75237,1080790.0,TX,Convenience Store,-10785724.2009375,-96.889809
,Fiesta Mart 73,,32.837349,237697,IRVING,1145 W AIRPORT FWY,6220,DALLAS,,3873734.61041905,75062,867089.0,TX,Super Store,-10793691.4482131,-96.96138
,Mac Arthur Irving Grocery,,32.92009,237767,IRVING,8151 WALTON BLVD,8040,DALLAS,,3884702.04446598,75063,1216616.0,TX,Other,-10794139.0638856,-96.965401
,7-Eleven Convenience Store 12132B,,32.815411,237910,DALLAS,2129 ABRAMS RD,3919,DALLAS,,3870828.41344919,75214,1224401.0,TX,Convenience Store,-10770492.8002903,-96.752983
,Sprouts Farmers Market 108,Suite 180,32.970623,238268,COPPELL,110 W SANDY LAKE RD,    ,DALLAS,,3891405.30684263,75019,894470.0,TX,Supermarket,-10797464.8449925,-96.995277
,Dan Food Store,,32.749462,238424,DALLAS,1008 W DAVIS ST,5029,DALLAS,,3862096.25572445,75208,1030503.0,TX,Convenience Store,-10780134.9606243,-96.8396
,Expressway Food Store,,32.924393,238490,DALLAS,2537 VALLEY VIEW LN,6189,DALLAS,,3885272.69333784,75234,1585051.0,TX,Convenience Store,-10786171.7052905,-96.893829
,Taqueria Y Carniceria,,32.880367,238687,DALLAS,2820 WALNUT HILL LN,5710,DALLAS,,3879435.42811857,75229,1098629.0,TX,Super Store,-10784866.3729415,-96.882103
,EL RIO GRANDE LATIN MARKET 2,,32.743629,239094,GRAND PRAIRIE,215 S CENTER ST,1724,DALLAS,,3861324.23278534,75051,838895.0,TX,Super Store,-10798372.7667594,-97.003433
,Clark Gas & Convenience Store,,32.660759,239264,DUNCANVILLE,626 N CLARK RD,2923,DALLAS,,3850361.4802431,75116,1053690.0,TX,Convenience Store,-10791647.1770842,-96.943016
,Super Mercado El Cerrito,,32.842865,239402,DALLAS,10880 FERGUSON RD,2616,DALLAS,,3874465.4455353,75228,975704.0,TX,Super Store,-10760513.5645381,-96.663338
,Your Stop,,32.891079,239626,GARLAND,2433 PARKCREST DR,1333,DALLAS,,3880855.43052758,75041,1223655.0,TX,Convenience Store,-10760708.0396885,-96.665085
,DOLLARTREE 8156,Ste 136,32.771755,239948,MESQUITE,500 N. GALLOWAY ST.,    ,DALLAS,,3865047.29726577,75149,1654779.0,TX,Discount Retail,-10753194.3080184,-96.597588
,Beverage City 7,,32.864506,239972,GARLAND,4400 BASS PRO DR,4833,DALLAS,,3877333.17994597,75043,1244002.0,TX,Convenience Store,-10746953.6260451,-96.541527
,Sunny's Mart,,32.662266,240082,DUNCANVILLE,607 E CAMP WISDOM RD,2765,DALLAS,,3850560.74827411,75116,1562748.0,TX,Convenience Store,-10786756.0212977,-96.899078
,7-eleven Convenience Store 35027A,,32.868427,240597,DALLAS,1985 W NORTHWEST HWY,2313,DALLAS,,3877852.84201475,75220,1562626.0,TX,Convenience Store,-10787998.5694539,-96.91024
,One Stop Food Store,Ste 1,32.757969,240760,DALLAS,5314 S 2ND AVE,3303,DALLAS,,3863222.28483765,75210,1561313.0,TX,Convenience Store,-10769053.2166353,-96.740051
,South Galloway Food Mart,,32.758133,240985,MESQUITE,828 S GALLOWAY AVE,5045,DALLAS,,3863243.99375556,75149,1561978.0,TX,Convenience Store,-10753256.3129748,-96.598145
,El Rancho 1643,,32.719238,241229,DALLAS,2314 W ILLINOIS AVE,1638,DALLAS,,3858096.52513092,75224,1566463.0,TX,Super Store,-10781991.4357723,-96.856277
,Gateway 27,,32.704647,241230,DALLAS,440 W KIEST BLVD,3404,DALLAS,,3856166.09221707,75224,1561312.0,TX,Convenience Store,-10779220.2483684,-96.831383
,7-Eleven 41997H,,32.763515,241231,DALLAS,9211 SCYENE RD.,    ,DALLAS,,3863956.4390901,75227,1566284.0,TX,Convenience Store,-10760722.5112223,-96.665215
,7-eleven Convenience Store 33671C,Unit 200,32.97501,241292,RICHARDSON,377 W CAMPBELL RD,3695,DALLAS,,3891987.42842895,75080,1560983.0,TX,Convenience Store,-10767169.4682121,-96.723129
,Ferguson Food Mart,,32.854992,241293,DALLAS,11770 FERGUSON RD,8202,DALLAS,,3876072.35605431,75228,1562317.0,TX,Convenience Store,-10758941.5106891,-96.649216
,Desoto Grocery Food Mart,Ste 101,32.590439,241572,DESOTO,201 E BELT LINE RD,5700,DALLAS,,3841066.91874306,75115,1561311.0,TX,Convenience Store,-10781869.2069714,-96.855179
,Eagle Express,,32.642784,241574,DALLAS,8661 S HAMPTON RD,5132,DALLAS,,3847984.93571,75232,1563094.0,TX,Convenience Store,-10782137.5982637,-96.85759
,EZ Convenience Store,,32.711769,241575,BALCH SPRINGS,13010 SPRING OAK DR,3530,DALLAS,,3857108.31465905,75180,1546725.0,TX,Convenience Store,-10754003.6007165,-96.604858
,Beltline Mart,Ste 110,32.747215,241674,MESQUITE,1433 S BELT LINE RD,5993,DALLAS,,3861798.84950842,75149,1565316.0,TX,Convenience Store,-10753144.993484,-96.597145
,Quick Way,,32.805481,242240,IRVING,820 S BELT LINE RD,2115,DALLAS,,3869513.19053312,75060,1564671.0,TX,Convenience Store,-10797322.2447248,-96.993996
,New Season 24,,32.792225,242404,DALLAS,4125 N WESTMORELAND RD,1355,DALLAS,,3867757.66975399,75212,1565171.0,TX,Other,-10783996.6337599,-96.87429
,Rosy's Deli Beer & Wine,,32.646355,242407,DALLAS,8438 OLD HICKORY TRL,4074,DALLAS,,3848457.03345738,75237,1565457.0,TX,Convenience Store,-10782967.373748,-96.865044
,Hello Food Mart,,32.712795,242872,DALLAS,6411 GREAT TRINITY FOREST WAY,5511,DALLAS,,3857244.05804181,75217,1566268.0,TX,Convenience Store,-10765756.2672765,-96.710434
,La Michoacana Supermarket # 30,,32.712879,242925,BALCH SPRINGS,4202 PIONEER RD,3537,DALLAS,,3857255.17160428,75180,1565731.0,TX,Grocery Store,-10753960.2974346,-96.604469
,CASEY'S 4499,,32.778637,242928,SUNNYVALE,224 S COLLINS RD,4625,DALLAS,,3865958.45306042,75182,1568001.0,TX,Convenience Store,-10749660.3594637,-96.565842
,Dallas Bruton Fuel Mart,,32.748955,243180,DALLAS,9203 BRUTON RD,2502,DALLAS,,3862029.15006172,75217,1569355.0,TX,Convenience Store,-10760721.6206664,-96.665207
,21 Mph LLC,,32.909557,243538,GARLAND,3501 FOREST LN,6924,DALLAS,,3883305.3117653,75042,1566765.0,TX,Convenience Store,-10762741.2901878,-96.68335
,7 Mart,Ste A,32.90966,243549,GARLAND,3425 FOREST LN,7174,DALLAS,,3883318.96931709,75042,1567901.0,TX,Convenience Store,-10762635.9819496,-96.682404
,White Rock Farmers Market- Good Local Markets,,32.824921,244603,DALLAS,1450 OLD GATE LN,4196,DALLAS,,3872088.14540021,75218,1650163.0,TX,Farmers and Markets,-10764974.0252147,-96.703407
,Racetrac 2626,,32.652771,244822,DALLAS,7750 BONNIE VIEW RD,    ,DALLAS,,3849305.29676874,75241,1571313.0,TX,Convenience Store,-10770223.6297615,-96.750565
,Mr. K Food Mart,,32.808231,244836,IRVING,520 W 6TH ST,4046,DALLAS,,3869877.41177356,75060,1569189.0,TX,Convenience Store,-10792797.1074241,-96.953346
,7-Eleven 35400K,,32.733734,244962,DALLAS,10208 LAKE JUNE RD,3375,DALLAS,,3860014.7020466,75217,1431701.0,TX,Convenience Store,-10758775.8672868,-96.647728
,Wilmer Chevron,,32.591118,245101,WILMER,104 S INTERSTATE HIGHWAY 45,    ,DALLAS,,3841156.63082212,75172,1586429.0,TX,Convenience Store,-10762156.0836247,-96.678093
,Payless Fuel Travel Center,,32.648544,245294,DALLAS,8181 S LANCASTER RD,6303,DALLAS,,3848746.43565528,75241,1588221.0,TX,Convenience Store,-10773796.540138,-96.782661
,Best For Less,,32.753895,245320,MESQUITE,1066 PIONEER RD,5263,DALLAS,,3862683.01637945,75149,1585096.0,TX,Convenience Store,-10751578.839568,-96.583076
,Supreme Beer & Wine,,32.810299,245487,DALLAS,2932 N BUCKNER BLVD,4852,DALLAS,,3870151.31357022,75228,1571025.0,TX,Convenience Store,-10762826.2269593,-96.684113
,QuikTrip 1907,,32.960812,245603,DALLAS,5403 ARAPAHO RD,3481,DALLAS,,3890103.56626451,75248,1590662.0,TX,Convenience Store,-10777768.753528,-96.818344
,Q Mart,Ste 216,32.648647,245604,DALLAS,4041 W WHEATLAND RD,4061,DALLAS,,3848760.05320136,75237,1584733.0,TX,Convenience Store,-10785235.8423314,-96.885422
,Desoto Beer & Wine 119,,32.604366,245660,DE SOTO,1031 E PLEASANT RUN RD,4735,DALLAS,,3842907.1433238,75115,943774.0,TX,Convenience Store,-10779246.5197683,-96.831619
,C Store # 12,,32.812042,245692,DALLAS,4040 CEDAR SPRINGS RD,3520,DALLAS,,3870382.17482165,75219,880778.0,TX,Convenience Store,-10777061.318164,-96.811989
,Caribbean Mart,Ste 130,32.904072,245965,DALLAS,9205 SKILLMAN ST,9094,DALLAS,,3882578.0369336,75243,1589903.0,TX,Convenience Store,-10766390.6770545,-96.716133
,Shop & Fun Food Mart 0,,32.734257,246411,GRAND PRAIRIE,917 SW 3RD ST,3032,DALLAS,,3860083.91362468,75051,1595903.0,TX,Convenience Store,-10798613.996096,-97.0056
,Ez Quick Mart,Ste 230,32.661449,246740,DALLAS,4210 W CAMP WISDOM RD,    ,DALLAS,,3850452.71734528,75237,1642929.0,TX,Convenience Store,-10785530.5050236,-96.888069
,Dream Food Market,,32.70536,247427,DALLAS,3502 S LANCASTER RD,5627,DALLAS,,3856260.41691139,75216,1595056.0,TX,Convenience Store,-10775652.347369,-96.799332
,Kayan Spice Asian Market,Ste 222,32.865555,247485,DALLAS,11411 E NORTHWEST HWY,1424,DALLAS,,3877472.20485874,75218,1600146.0,TX,Convenience Store,-10762578.2071338,-96.681885
,QuikTrip 1912,,32.909683,247496,DALLAS,3645 FOREST LN,7921,DALLAS,,3883322.01906384,75234,1600636.0,TX,Convenience Store,-10782093.4044258,-96.857193
,Ash Lane Quick Stop,,32.775101,247760,DALLAS,3116 AL LIPSCOMB WAY,1713,DALLAS,,3865490.28865183,75215,1594926.0,TX,Convenience Store,-10772098.0273475,-96.767403
,7-Eleven Convenience Store 35981B,,32.895569,247761,DALLAS,10811 WEBB CHAPEL RD,3737,DALLAS,,3881450.68424295,75229,1597248.0,TX,Convenience Store,-10783617.0342963,-96.87088
,M&W Market,,32.561123,247921,GLENN HEIGHTS,1643 S HAMPTON RD,8223,DALLAS,,3837194.22445682,75154,1588287.0,TX,Convenience Store,-10782099.3043588,-96.857246
,Los Molina Carniceria,Ste A,32.765598,248083,MESQUITE,911 E DAVIS ST,4779,DALLAS,,3864232.18896869,75149,1603107.0,TX,Grocery Store,-10752007.7535661,-96.586929
,Amigo Food Mart,,32.796993,248184,DALLAS,722 S BEACON ST,1610,DALLAS,,3868389.07617666,75223,1606045.0,TX,Convenience Store,-10770244.0012283,-96.750748
,BH Supermercado,,32.784866,248230,DALLAS,4754 BERNAL DR,2103,DALLAS,,3866783.21440977,75212,1601725.0,TX,Convenience Store,-10786708.4878751,-96.898651
,Q Mart,,32.84301,248415,DALLAS,10433 GARLAND RD,2926,DALLAS,,3874484.65773092,75218,1603547.0,TX,Convenience Store,-10763637.3007692,-96.691399
,Foodland Super Market,,32.778877,248870,DALLAS,4639 SINGLETON BLVD,3496,DALLAS,,3865990.22959947,75212,1604889.0,TX,Convenience Store,-10786505.5524434,-96.896828
,Shine Grocery Store ,,32.871418,248879,DALLAS,8361 PARK LN,6607,DALLAS,,3878249.26380177,75231,1595585.0,TX,Grocery Store,-10771370.1091972,-96.760864
,DOLLARTREE 10434,,32.810661,248942,MESQUITE,3330 N. GALLOWAY AVE.,    ,DALLAS,,3870199.26028489,75150,1607640.0,TX,Discount Retail,-10754542.0530935,-96.609695
,80 Food Mart,,32.81039,248947,MESQUITE,2220 N TOWN EAST BLVD,4029,DALLAS,,3870163.36645525,75150,1603542.0,TX,Convenience Store,-10757367.6757283,-96.635078
,Amigo Supermart,,32.749012,248962,DALLAS,3726 W DAVIS ST,3146,DALLAS,,3862036.69446628,75211,1345472.0,TX,Convenience Store,-10784666.7770945,-96.88031
,Thakurs Truck Stop,,32.895294,250181,GARLAND,1910 S JUPITER RD,7705,DALLAS,,3881414.2257427,75042,1609760.0,TX,Convenience Store,-10762548.4848298,-96.681618
,M & M Food Mart,,32.781494,250301,DALLAS,3223 N WESTMORELAND RD,3652,DALLAS,,3866336.73184048,75212,1609443.0,TX,Convenience Store,-10783985.6131303,-96.874191
,Ez Trip # 27,Ste 21,32.940853,250566,RICHARDSON,818 S CENTRAL EXPY,7322,DALLAS,,3887455.81737252,75080,1606957.0,TX,Convenience Store,-10769779.3536738,-96.746574
,Davis Food Mart,Ste 150,32.749874,250576,DALLAS,4919 W DAVIS ST,1217,DALLAS,,3862150.7876291,75211,1611279.0,TX,Convenience Store,-10787804.9848594,-96.908501
,7-eleven Convenience Sore 34113B,,32.864532,250588,DALLAS,11363 E NORTHWEST HWY,3828,DALLAS,,3877336.62572946,75238,1648020.0,TX,Convenience Store,-10762762.4408911,-96.68354
,DOLLARTREE 9631,Ste 114,32.839935,250658,IRVING,3401 W AIRPORT FWY,5931,DALLAS,,3874077.23341037,75062,1614628.0,TX,Discount Retail,-10797065.764618,-96.991692
,Montfort Mart N/A,,32.929798,250719,DALLAS,13329 MONTFORT DR,5116,DALLAS,,3885989.52493462,75240,1611266.0,TX,Convenience Store,-10777036.7165565,-96.811768
,Happy Mart,,32.661541,250853,DALLAS,4302 W CAMP WISDOM RD,2417,DALLAS,,3850464.88234546,75237,1607712.0,TX,Convenience Store,-10785691.0277293,-96.889511
,African Food Market,Ste 127,32.861164,251092,DALLAS,6301 ABRAMS RD,7857,DALLAS,,3876890.27264671,75231,1614231.0,TX,Grocery Store,-10769692.7471099,-96.745796
,Big M Express,,32.687508,251140,DALLAS,2207 E LEDBETTER DR,7407,DALLAS,,3853898.95439701,75216,1371429.0,TX,Convenience Store,-10774329.9831379,-96.787453
,Sims Drive-in Grocery 01,,32.588177,251148,CEDAR HILL,216 HOUSTON ST,2676,DALLAS,,3840768.05954808,75104,1607370.0,TX,Convenience Store,-10793161.4561174,-96.956619
,New Valley Mart,Ste D,32.939621,251533,DALLAS,8702 SPRING VALLEY RD,4233,DALLAS,,3887292.40058322,75240,1611180.0,TX,Convenience Store,-10770430.0160974,-96.752419
,Pic-n-go,Ste 800,32.973881,251656,GARLAND,3443 W CAMPBELL RD,8101,DALLAS,,3891837.61593907,75044,1611278.0,TX,Convenience Store,-10762486.4798734,-96.681061
,DOLLARTREE 10116,,32.864044,251965,IRVING,4070 N BELT LINE RD,5028,DALLAS,,3877271.95119235,75038,1616678.0,TX,Discount Retail,-10796924.7228232,-96.990425
,Bernal Food Mart,,32.776024,252139,DALLAS,5547 BERNAL DR,4408,DALLAS,,3865612.49153779,75212,1409803.0,TX,Convenience Store,-10788123.4699226,-96.911362
,Gateway 01,,32.70298,252168,DALLAS,102 S BELT LINE RD,6000,DALLAS,,3855945.56322896,75253,1607459.0,TX,Convenience Store,-10751865.1532984,-96.585648
,Sure Fuel And Groceries,,32.795601,252184,DALLAS,7205 FERGUSON RD,6671,DALLAS,,3868204.73590303,75228,1611286.0,TX,Convenience Store,-10767055.6996925,-96.722107
,Star Mart,A,32.805542,252657,DALLAS,4340 HARRY HINES BLVD,    ,DALLAS,,3869521.26950024,75219,1610280.0,TX,Convenience Store,-10778553.5559381,-96.825394
,TRADER JOE'S COPPELL 456,,32.968334,252702,COPPELL,120 S DENTON TAP RD,3297,DALLAS,,3891101.58540329,75019,1615055.0,TX,Supermarket,-10797148.1410412,-96.992432
,Asmara Grocery,,32.794449,252737,DALLAS,5338 LINDSLEY AVE,1830,DALLAS,,3868052.1806175,75223,1611277.0,TX,Convenience Store,-10770463.9685421,-96.752724
,Cedar Ridge Food Mart,,32.651382,252758,DUNCANVILLE,102 S CEDAR RIDGE DR,4531,DALLAS,,3849121.65106124,75116,1611282.0,TX,Convenience Store,-10789675.9315412,-96.925308
,Discount Corner Store,,32.692085,252763,DALLAS,4202 S WESTMORELAND RD,3720,DALLAS,,3854504.35492654,75233,1611280.0,TX,Convenience Store,-10784618.353116,-96.879875
,Kwik Vape And Grocerries,Suite A,32.748619,252795,GRAND PRAIRIE,1003 HILL ST,    ,DALLAS,,3861984.67788028,75050,1614161.0,TX,Convenience Store,-10800007.7161207,-97.01812
,Royal Indo Pak International Foods,Ste 102,32.94099,252945,GARLAND,901 BELT LINE RD,3654,DALLAS,,3887473.98967238,75040,1615649.0,TX,Grocery Store,-10757918.9298467,-96.64003
,4848 Lancaster Llc 001,,32.689453,253109,DALLAS,4830 S LANCASTER RD,7193,DALLAS,,3854156.21606927,75216,1614517.0,TX,Convenience Store,-10774685.7602305,-96.790649
,7-11 34676B,Ste 125,32.95343,253330,ADDISON,4900 BELT LINE RD,7580,DALLAS,,3889124.20492888,75254,1647260.0,TX,Convenience Store,-10778772.632696,-96.827362
,Tom Thumb 3311,,32.789303,253452,DALLAS,2727 LIVE OAK ST,5729,DALLAS,,3867370.7381686,75204,1424613.0,TX,Supermarket,-10774559.3012889,-96.789513
,7-eleven Convenience Store 34112C,,32.845272,253453,DALLAS,4747 GREENVILLE AVE,4117,DALLAS,,3874784.37204651,75206,1607168.0,TX,Convenience Store,-10772435.2140851,-96.770432
,J&S Asian Grocery,,32.865414,253455,GARLAND,4301 SATURN RD,    ,DALLAS,,3877453.51790636,75041,1613664.0,TX,Grocery Store,-10758931.269296,-96.649124
,CT Grocery,Ste C,32.695313,253472,DALLAS,4865 SUNNYVALE ST,7949,DALLAS,,3854931.34167244,75216,1614356.0,TX,Convenience Store,-10772764.7197779,-96.773392
,OK Food Mart 9,Ste 110,32.783115,253653,IRVING,2800 GLENWICK LANE,    ,DALLAS,,3866551.36443903,75060,1614259.0,TX,Convenience Store,-10795021.4934891,-96.973328
,Grab & Go,Ste F,32.760265,253655,MESQUITE,601 PIONEER RD,5285,DALLAS,,3863526.21332679,75149,1614577.0,TX,Convenience Store,-10751685.9289182,-96.584038
,Prada Kwik Mart,Ste 130,32.807674,253780,DALLAS,8300 LA PRADA DR,8707,DALLAS,,3869803.63950676,75228,1614237.0,TX,Convenience Store,-10760979.7705655,-96.667526
,Abugeda Grocery Llc,Ste 107,32.912689,253785,DALLAS,12101 GREENVILLE AVE,9329,DALLAS,,3883720.61452244,75243,1345798.0,TX,Grocery Store,-10769669.8152948,-96.74559
,Circle A,,32.722382,253849,GRAND PRAIRIE,1701 S BELT LINE RD,3308,DALLAS,,3858512.52708402,75051,1431703.0,TX,Convenience Store,-10797370.6687033,-96.994431
,7-Eleven Inc. 42324H,,32.908581,253869,IRVING,STATE HWY 161 & LAS COLINAS BLVD,    ,DALLAS,,3883175.89730588,75039,1620141.0,TX,Convenience Store,-10792791.2074911,-96.953293
,Rush 24/7 #3 3,,32.685917,254548,DALLAS,303 E LEDBETTER DR,6751,DALLAS,,3853688.51983858,75216,1399352.0,TX,Convenience Store,-10777960.6683301,-96.820068
,DOLLARTREE 10465,,32.707596,254570,DALLAS,3211 S LANCASTER RD,4528,DALLAS,,3856556.22827447,75216,1620418.0,TX,Discount Retail,-10776005.5641133,-96.802505
,7-eleven Convenience Store 27528B,Ste 100,32.974224,254580,CARROLLTON,2145 N JOSEY LN,2954,DALLAS,,3891883.13007137,75006,1623641.0,TX,Convenience Store,-10785812.4772937,-96.890602
,My-t-quick ,Ste A,32.656284,254664,DALLAS,4330 GANNON LN,4244,DALLAS,,3849769.77845109,75237,781202.0,TX,Convenience Store,-10785839.6392495,-96.890846
,Indian Super Market,Ste 110,32.919987,256038,IRVING,8140 N MACARTHUR BLVD,4312,DALLAS,,3884688.38530479,75063,1610702.0,TX,Convenience Store,-10793207.3197476,-96.957031
,Grab N Go,Ste 101,32.814117,256040,MESQUITE,427 N TOWN EAST BLVD,4726,DALLAS,,3870657.0155489,75150,1083996.0,TX,Convenience Store,-10753703.8173278,-96.602165
,24 Seven Food Mart,,32.818016,256310,IRVING,401 E PIONEER DR,7651,DALLAS,,3871173.46857043,75061,1618641.0,TX,Convenience Store,-10791538.4179417,-96.942039
,7-eleven Convenience Store 42030B,,32.766804,256460,MESQUITE,1900 W SCYENE RD,3623,DALLAS,,3864391.84355187,75149,1617654.0,TX,Convenience Store,-10756496.3780738,-96.627251
,Coombs Creek Food Mart,,32.718323,257031,DALLAS,2711 COOMBS CREEK DR,8304,DALLAS,,3857975.45861544,75211,1618643.0,TX,Convenience Store,-10784688.8183537,-96.880508
,Broadway Tobacco Beer And Wine,Ste 210,32.850056,257462,GARLAND,5335 BROADWAY BLVD,7027,DALLAS,,3875418.27576224,75043,1645243.0,TX,Convenience Store,-10753291.0446559,-96.598457
,Tx Food Mart,Ste 110,32.93103,257763,DALLAS,13350 AUDELIA RD,2443,DALLAS,,3886152.92357555,75243,1646044.0,TX,Convenience Store,-10766546.0790637,-96.717529
,W Whipin,Ste 100,32.655396,258203,DALLAS,7460 S WESTMORELAND RD,4073,DALLAS,,3849652.36718175,75237,1237750.0,TX,Convenience Store,-10785213.6897528,-96.885223
,AB Indian Grocery Store,Ste 126,32.95974,258379,GARLAND,4750 N JUPITER RD,5860,DALLAS,,3889961.34019634,75044,1620098.0,TX,Grocery Store,-10762588.3372075,-96.681976
,7-eleven Convenience Store 39047D,,32.94228,258380,IRVING,10025 N MACARTHUR BLVD,5002,DALLAS,,3887645.10248976,75063,1618217.0,TX,Convenience Store,-10792725.7516305,-96.952705
,Tres Amigos,,32.820862,258421,DALLAS,2308 OATES DR,3833,DALLAS,,3871550.45782245,75228,1626508.0,TX,Convenience Store,-10761988.7704301,-96.67659
,QuikTrip 1929,,32.67445,258596,GRAND PRAIRIE,4005 S BELT LINE RD,    ,DALLAS,,3852171.94116013,75052,1625585.0,TX,Convenience Store,-10796344.6369567,-96.985214
,BZ Mart,,32.704563,258646,DALLAS,3602 S LANCASTER RD,5629,DALLAS,,3856154.97967999,75216,1622630.0,TX,Convenience Store,-10775597.1329016,-96.798836
,Circle M Food Mart,,32.695168,258729,DALLAS,3933 S COCKRELL HILL RD,1501,DALLAS,,3854912.16132941,75236,1622414.0,TX,Convenience Store,-10785954.298325,-96.891876
,Zing Oriental Market,Ste 100,32.878277,258730,DALLAS,9658 PLANO RD,2923,DALLAS,,3879158.39388749,75238,1626857.0,TX,Grocery Store,-10764565.594003,-96.699738
,Cerveceria El Rancho,,32.939983,258751,RICHARDSON,1264 W SPRING VALLEY RD,6720,DALLAS,,3887340.41729322,75080,1395153.0,TX,Convenience Store,-10771651.3022309,-96.76339
,Simply Grace Gardens NAFMNP,,32.613445,258950,LANCASTER,1839 KINGS CROSS DR,4142,DALLAS,,3844106.93828792,75134,1624179.0,TX,Farmers and Markets,-10774611.9554081,-96.789986
,Brake Time 103034,,32.838135,258988,IRVING,4125 W AIRPORT FWY,5914,DALLAS,,3873838.74767388,75062,1630571.0,TX,Convenience Store,-10798984.2447224,-97.008926
,Clark Loan Stop,,32.646809,259091,DUNCANVILLE,602 S CLARK RD,2057,DALLAS,,3848517.05507607,75137,1642939.0,TX,Convenience Store,-10791574.1514982,-96.94236
,Miracle Mart,,32.705616,259092,BALCH SPRINGS,4290 S BELT LINE RD,3147,DALLAS,,3856294.2840262,75180,1647081.0,TX,Convenience Store,-10752059.6284488,-96.587395
,Addison 9068,,32.954334,259160,DALLAS,15114 PRESTON RD,4852,DALLAS,,3889244.13315966,75248,1650424.0,TX,Specialty Store,-10776134.6947226,-96.803665
,Star Mart,,32.732113,259185,GRAND PRAIRIE,1033 SW 3RD ST,3034,DALLAS,,3859800.18843519,75051,1642995.0,TX,Convenience Store,-10798604.6452588,-97.005516
,Las Colinas 9073,,32.905819,259353,IRVING,7201 STATE HIGHWAY 161,2805,DALLAS,,3882809.67272432,75039,1650423.0,TX,Specialty Store,-10793331.3296604,-96.958145
,Flamingo Beer Wine Beverages,Ste 115,32.944832,259881,DALLAS,14444 DALLAS PKWY,8362,DALLAS,,3887983.62140231,75254,1267991.0,TX,Convenience Store,-10778233.2897631,-96.822517
,EZ Fuel Stop,,32.907997,259906,ROWLETT,3501 LAKEVIEW PKWY,4004,DALLAS,,3883098.46146729,75088,1643113.0,TX,Convenience Store,-10750007.676275,-96.568962
,S & K Grocery,,32.712933,259907,DALLAS,2801 S MARSALIS AVE,4307,DALLAS,,3857262.31604282,75216,1621615.0,TX,Convenience Store,-10777395.0539974,-96.814987
,1 Stop Mart,,32.841736,259910,DALLAS,8460 DENTON DR,3135,DALLAS,,3874315.85647884,75235,1366471.0,TX,Convenience Store,-10782218.3048945,-96.858315
,Myrtle Management Group LLC,,32.75972,260002,DALLAS,3945 MYRTLE ST,3819,DALLAS,,3863454.06931321,75215,1631786.0,TX,Convenience Store,-10771197.675306,-96.759315
,Aso Rock Market Inc,Ste 101,32.900188,260278,DALLAS,10061 WHITEHURST DR,0621,DALLAS,,3882063.07138842,75243,1413573.0,TX,Grocery Store,-10766781.4084672,-96.719643
,India Cash & Carry,,32.920719,260872,IRVING,1900 MARKET PLACE BLVD,3901,DALLAS,,3884785.45852345,75063,1634192.0,TX,Super Store,-10794894.0326721,-96.972183
,Bag's African And Caribbean Food Market Llc,Ste 100,32.813751,261011,DALLAS,4636 MAPLE AVE,1001,DALLAS,,3870608.53715204,75219,1626627.0,TX,Grocery Store,-10778484.7604928,-96.824776
,Seven Eleven 35832,,32.798355,261221,DALLAS,2711 MCKINNEY AVE,8629,DALLAS,,3868569.44639286,75204,1157354.0,TX,Convenience Store,-10775904.5973352,-96.801598
,South Central 1st Gas Beer & Wine,,32.771446,261261,DALLAS,2111 S CESAR CHAVEZ BLVD,1306,DALLAS,,3865006.38826172,75215,1625230.0,TX,Convenience Store,-10773715.9448267,-96.781937
,Ak Conoco,,32.875259,261311,GARLAND,3321 S GARLAND AVE,4003,DALLAS,,3878758.36268197,75041,1479763.0,TX,Convenience Store,-10760523.6946118,-96.663429
,Raceway6828,,32.797985,261347,MESQUITE,2400 N GALLOWAY AVE,4853,DALLAS,,3868520.44686842,75150,879588.0,TX,Convenience Store,-10754714.4869847,-96.611244
,7-Eleven Inc. 39444K,,32.851597,261351,GARLAND,501 E INTERSTATE 30,4011,DALLAS,,3875622.47317852,75043,1162984.0,TX,Convenience Store,-10750038.289135,-96.569237
,La Guadalupana,,32.736969,261452,DALLAS,902 S HAMPTON RD,7823,DALLAS,,3860442.81459266,75208,1412963.0,TX,Grocery Store,-10781994.8866765,-96.856308
,7-Eleven Convenience Store 42293A,,32.951096,261523,SACHSE,5550 N PRESIDENT GEORGE BUSH HWY,    ,DALLAS,,3888814.57288966,75048,1627118.0,TX,Convenience Store,-10750988.6236279,-96.577774
,LA AZTECA MEAT MARKET #2,,32.909537128346,,DALLAS,3046 FOREST LN STE B,,DALLAS,,,75234,9.864802699038247e+18,TX,Meat Market,,-96.875249082081
,DONUT HOUSE,,32.897319553596,,IRVING,6421 RIVERSIDE DR STE 110,,DALLAS,,,75039,1.7742613682262854e+19,TX,Bakery,,-96.939050248351
,MARIA ANDREE BOUTIQUE BAKERY,,32.849445592542,,DALLAS,6906 SNIDER PLZ,,DALLAS,,,75205,1.00142815488077e+18,TX,Bakery,,-96.787728484408
,DOMINO'S #6971,,32.805478942931,,DALLAS,2615 OAK LAWN AVE STE 110,,DALLAS,,,75219,1.3268940157716285e+19,TX,Specialty Food,,-96.812826299989
,SAVE-A-LOT #757,,32.750592964147,,DALLAS,2233 N PRAIRIE CREEK RD,,DALLAS,,,75227,1.0747453035675834e+18,TX,Supermarket,,-96.665240874123
,"SPEC'S WINES, SPIRITS & FINER FOODS, #218, SFP DIS",,32.671294448561,,GRAND PRAIRIE,4136 S CARRIER PKWY STE 350,,DALLAS,,,75052,1.68249298955545e+19,TX,Liquor Store,,-97.00577681277
,ONHAND VENDING LLC,,32.864310710255,,IRVING,757 LAKE CAROLYN PKWY APT 1235,,DALLAS,,,75039,3.679848170280603e+18,TX,Convenience Store,,-96.92903041087
,TOM THUMB #1783,,32.959649205707,,GARLAND,2645 ARAPAHO ROAD,,DALLAS,,,75044,1.2627921535083958e+19,TX,Supermarket,,-96.66480715366
,JOHNNYS LIQUOR #3,,32.795636755487,,DALLAS,4928 COLUMBIA AVE,,DALLAS,,,75214,9.28003903433843e+18,TX,Liquor Store,,-96.76286026737
,DOMINO'S #6564,,32.695852867056,,DALLAS,4880 SUNNYVALE ST,,DALLAS,,,75216,3.152161646460093e+18,TX,Specialty Food,,-96.772808533826
,DOMINO'S #6975,,32.816543194923,,IRVING,222 N STORY RD STE 118,,DALLAS,,,75061,5.105605355304143e+18,TX,Specialty Food,,-96.97632744756
,RICHLAND MARKET GROCERY INC,,32.923353592746,,DALLAS,9410 WALNUT ST STE 102,,DALLAS,,,75243,1.250952506810999e+19,TX,Convenience Store,,-96.736977667789
,DOMINO'S #6983,,32.969806885481,,CARROLLTON,2220 MARSH LN STE 100,,DALLAS,,,75006,1.5963159331156673e+19,TX,Specialty Food,,-96.854551845869
,HUONG VIET,,32.931223191595,,GARLAND,1303 W BUCKINGHAM RD STE 101,,DALLAS,,,75040,1.7573268279788915e+19,TX,Specialty Food,,-96.646442579235
,SAVE-A-LOT #738,,32.705729983048,,DALLAS,1150 W KIEST BLVD STE 201,,DALLAS,,,75224,1.0010448186641498e+19,TX,Supermarket,,-96.841727619896
,MI RINCON LATINO,,32.733993720857,,BALCH SPRINGS,11206 LAKE JUNE RD STE E,,DALLAS,,,75180,6.51186467320514e+17,TX,Convenience Store,,-96.63490845274
,FIESTA MART # 70,,32.950704227597,,CARROLLTON,1235 S JOSEY LN,,DALLAS,,,75006,7.335809548773967e+18,TX,Supermarket,,-96.890122945445
,LA PLAZA FOOD MARKETS,,32.648903065065,,HUTCHINS,801 W PALESTINE ST # 106,,DALLAS,,,75141,1.1554050888377647e+19,TX,Liquor Store,,-96.708404384865
,SAVE-A-LOT #755,,32.605209630585,,LANCASTER,1055 W PLEASANT RUN RD,,DALLAS,,,75146,1.5349067989626407e+19,TX,Supermarket,,-96.778390892493
,FOOD PLUS,,32.792075828527,,DALLAS,6214 SAMUELL BLVD,,DALLAS,,,75228,7.298600372757742e+18,TX,Convenience Store,,-96.698767667295
,DOMINO'S #6927,,32.925111713213,,FARMERS BRANCH,13260 JOSEY LN STE 117,,DALLAS,,,75234,1.4024360322622441e+19,TX,Specialty Food,,-96.881465520127
,CREAMISTRY,,32.953965297782,,DALLAS,5100 BELT LINE RD STE 610,,DALLAS,,,75254,5.805763062810297e+18,TX,Specialty Food,,-96.821670972107
,SWEET FROG,,32.810946544914,,MESQUITE,1515 N TOWN EAST BLVD STE 121,,DALLAS,,,75150,1.3429363544999215e+19,TX,Specialty Food,,-96.61808014044
,RARA FOOD MART,,32.724621125423,,BALCH SPRINGS,3300 SHEPHERD LN STE A,,DALLAS,,,75180,1.5620295868022735e+19,TX,Convenience Store,,-96.613992735194
,DOMINO'S #6934,,32.961510474216,,RICHARDSON,518 W ARAPAHO RD STE B103,,DALLAS,,,75080,1.168058357163316e+19,TX,Specialty Food,,-96.735408594202
,CREAMISTRY,,32.869935863141,,IRVING,5250 N OCONNOR BLVD STE 140,,DALLAS,,,75039,1.0832910261907442e+19,TX,Specialty Food,,-96.937950307763
,THE CORNER SPOT,,32.878564489602,,DALLAS,11306 LYNDON B JOHNSON FWY STE 100,,DALLAS,,,75238,8.944941416528563e+18,TX,Convenience Store,,-96.689439911806
,LA CAMPESINA,,32.750682145297,,DALLAS,712 S WALTON WALKER BLVD STE 1-D,,DALLAS,,,75211,1.7464955315022285e+19,TX,Confectionery,,-96.920244386608
,BALCH SPRINGS LIQUOR ZONE,,32.748513209009,,BALCH SPRINGS,1820 W BRUTON RD,,DALLAS,,,75180,1.2359318610480218e+19,TX,Liquor Store,,-96.626565578631
,LA MICHOACANA MEAT MARKET,,32.916420451999,,GARLAND,2441 W WALNUT ST STE 225,,DALLAS,,,75042,7.279793469223618e+18,TX,Supermarket,,-96.664518027445
,SONNY'S LIQUOR,,32.880930878726,,DALLAS,2450 WALNUT HILL LN,,DALLAS,,,75229,4.266028839133333e+18,TX,Liquor Store,,-96.896482669308
,BIG JIM DISCOUNT LIQUOR,,32.791088263127,,DALLAS,117 S CARROLL AVE,,DALLAS,,,75226,1.1916745001439742e+19,TX,Liquor Store,,-96.767095747407
,SHOP AND GO,,32.797083256121,,DALLAS,1900 N HALL ST,,DALLAS,,,75204,1.1257185802145158e+18,TX,Convenience Store,,-96.790966785408
,ORCHARD AT THE OFFICE,,32.956780939776,,RICHARDSON,797 N GROVE RD STE 105,,DALLAS,,,75081,1.0971602309229138e+19,TX,Specialty Food,,-96.718650768463
,SAVE-A-LOT #752,,32.716732080961,,DALLAS,2611 S LANCASTER RD,,DALLAS,,,75216,1.6545756305447076e+19,TX,Supermarket,,-96.804624746015
,STAR LIQUOR BEER & WINE,,32.781703622844,,DALLAS,460 N LAMAR ST # 300,,DALLAS,,,75202,1.6914133061156162e+19,TX,Liquor Store,,-96.804964493548
,DOMINO'S #6930,,32.897511645472,,IRVING,6451 RIVERSIDE DR,,DALLAS,,,75039,1.1849617036284086e+19,TX,Specialty Food,,-96.939132144645
,"CHEERS LIQUOR, BEER & WINE",,32.827962271432,,DALLAS,5460 LEMMON AVE,,DALLAS,,,75209,1.0323120698177898e+19,TX,Liquor Store,,-96.823988815824
,DOMINO'S #9288,,32.756780719516,,DALLAS,1133 N ZANG BLVD STE 105,,DALLAS,,,75203,1.2466283870174398e+19,TX,Specialty Food,,-96.822625357391
,TOM THUMB #1783 FUEL STATION,,32.95964620693,,GARLAND,2601 ARAPAHO RD,,DALLAS,,,75044,8.505006987191076e+18,TX,Supermarket,,-96.664481787932
,TOBACCO HEIGHT,,32.560299009916,,GLENN HEIGHTS,1308 E BEAR CREEK RD STE 270,,DALLAS,,,75154,1.793432489248837e+18,TX,Convenience Store,,-96.82486781351
,A - Z GROCERY,,32.938633778081,,RICHARDSON,1551 E SPRING VALLEY RD STE 135,,DALLAS,,,75081,7.459249234271948e+18,TX,Convenience Store,,-96.697557322302
,GOODY GOODY LIQUOR INC,,32.87421670817,,DALLAS,7124 GREENVILLE AVE,,DALLAS,,,75231,5.188316047846426e+18,TX,Liquor Store,,-96.762488758261
,JOHN'S BEST BUY LIQUOR,,32.792897839796,,DALLAS,3724 SAMUELL BLVD,,DALLAS,,,75228,8.318047472248832e+18,TX,Liquor Store,,-96.730868977126
,RED BEER AND WINE,,32.851105400586,,DALLAS,4218 W LOVERS LN,,DALLAS,,,75209,7.390255769107974e+18,TX,Convenience Store,,-96.838229194859
,HAMPTON SHELL,,32.750167352412,,DALLAS,509 N HAMPTON RD,,DALLAS,,,75208,3.456101946362615e+17,TX,Convenience Store,,-96.856911579143
,FOUNTAIN PLACE SUNDRY SHOP,,32.78440136339,,DALLAS,1445 ROSS AVE STE B101,,DALLAS,,,75202,5.3624341234926616e+16,TX,Convenience Store,,-96.802355001156
,MARIA'S BAKERY,,32.950103539838,,RICHARDSON,117 S CENTRAL EXPY,,DALLAS,,,75080,1.655295358372684e+19,TX,Food Store,,-96.734466887018
,CLOUD-BOYETTE PRINTING INC,,32.803976531457,,DALLAS,606 VALENCIA ST,,DALLAS,,,75223,5.857700046260097e+18,TX,Supermarket,,-96.74518467348
,DOMINO'S #6911,,32.862219543384,,DALLAS,6045 SHERRY LN,,DALLAS,,,75225,1.4414470174016752e+19,TX,Specialty Food,,-96.807665864733
,SHIN CHON MARKET & FOODCOURT,,32.896695547128,,DALLAS,11422 HARRY HINES BLVD STE 210,,DALLAS,,,75229,5.914866227612407e+17,TX,Supermarket,,-96.891490994987
,SUPREME DONUTS,,32.92157909213,,ROWLETT,6909 ROWLETT RD STE 104,,DALLAS,,,75089,6.007849351082494e+18,TX,Specialty Food,,-96.578259143687
,CORNER STORE,,32.944697339322,,GARLAND,2434 BELT LINE RD,,DALLAS,,,75044,1.8433533527650419e+19,TX,Supermarket,,-96.663906558426
,THE CANDY SHACK,,32.873676154165,,DALLAS,10788 HARRY HINES BLVD STE A12,,DALLAS,,,75220,1.6964053172396575e+19,TX,Confectionery,,-96.883525911942
,DOMINO'S #6823,,32.93107011079,,DALLAS,13410 PRESTON RD STE A,,DALLAS,,,75240,4.3018780016781737e+18,TX,Specialty Food,,-96.803491755052
,JERSEY MIKES SUBS,,32.877134197939,,DALLAS,7170 SKILLMAN ST STE 140,,DALLAS,,,75231,1.160706777753212e+19,TX,Meat Market,,-96.73474772176
,7-ELEVEN CONVENIENCE STORE #36104A,,32.784066504639,,DALLAS,1919 BRYAN ST STE 102,,DALLAS,,,75201,7.785049182788603e+18,TX,Convenience Store,,-96.797382914347
,SAVANNAH FRESH MEAT AFRICAN MARKET,,32.825407635351,,MESQUITE,4550 GUS THOMASSON RD STE 62,,DALLAS,,,75150,7.561986127468776e+18,TX,Supermarket,,-96.648141225005
,JAMBA JUICE,,32.857407745991,,DALLAS,5923 GREENVILLE AVE,,DALLAS,,,75206,5.792550985673558e+18,TX,Specialty Food,,-96.768686644534
,WATER PROVISIONS 2 GO,,32.940047709889,,GARLAND,842 BELT LINE RD,,DALLAS,,,75040,1.1659058918235783e+19,TX,Convenience Store,,-96.639299731678
,GOODY GOODY LIQUOR INC,,32.810211726245,,DALLAS,3316 OAK LAWN AVE,,DALLAS,,,75219,5.672760515303066e+18,TX,Liquor Store,,-96.807465831827
,DOMINO'S #6976,,32.865491592641,,IRVING,3305 W WALNUT HILL LN,,DALLAS,,,75038,1.7238286343962446e+19,TX,Specialty Food,,-96.989109407916
,QUICK SHOP,,32.938106118964,,CARROLLTON,1630 VALWOOD PKWY STE 114,,DALLAS,,,75006,1.8296082264228645e+19,TX,Convenience Store,,-96.922079025423
,RIVER CUT RATE LIQUORS,,32.767270466218,,DALLAS,327 S CADIZ,,DALLAS,,,75207,1.8268549952296796e+19,TX,Liquor Store,,-96.802784275707
,TIENDA SANTA ROSA #2,,32.93876453291,,FARMERS BRANCH,2439 VALWOOD PKWY,,DALLAS,,,75234,1.7525126566572413e+19,TX,Convenience Store,,-96.89900965015
,CAKES BY MEL,,32.75499759264,,MESQUITE,1045 MAJORS DR,,DALLAS,,,75149,1.5326965582055426e+19,TX,Bakery,,-96.604397254654
,ALDI (TEXAS) L.L.C. # 54,,32.864227158633,,GARLAND,1601 NORTHWEST HWY,,DALLAS,,,75041,4.024627723692689e+18,TX,Supermarket,,-96.652023043847
,"LEANING SIGN LIQUOR, LLC",,32.744707019627,,GRAND PRAIRIE,406 N CARRIER PKWY,,DALLAS,,,75050,1.7371448848663267e+19,TX,Liquor Store,,-97.016564573145
,TACON GANAS,,32.898214746349,,DALLAS,11453 HARRY HINES BLVD STE 100,,DALLAS,,,75229,1.5616957441575832e+19,TX,Convenience Store,,-96.892327471455
,XPRESS LIQUOR,,32.842266752805,,IRVING,2121 W ROCHELLE RD STE 105,,DALLAS,,,75062,8.614565777549643e+18,TX,Liquor Store,,-96.972933879706
,SAVE-A-LOT #753,,32.748121791893,,DALLAS,2627 W JEFFERSON BLVD,,DALLAS,,,75211,1.495683874625233e+19,TX,Supermarket,,-96.86161522658
,DOMINO'S 6919,,32.720526635615,,DALLAS,495 W ILLINOIS AVE,,DALLAS,,,75224,1.7780839715231779e+19,TX,Specialty Food,,-96.828532889654
,SPARKLETTS,,32.809425171427,,GRAND PRAIRIE,3405 HIGH PRAIRIE RD,,DALLAS,,,75050,5.897571683150875e+18,TX,Specialty Food,,-97.026627490333
,DOC'S FOOD STORES,,32.978015281625,,RICHARDSON,635 W CAMPBELL RD STE 200,,DALLAS,,,75080,1.5278769827952611e+19,TX,Convenience Store,,-96.741045232297
,"VILLAGE LIQUOR, BEER AND WINE",,32.863631364968,,DALLAS,9508 WEBB CHAPEL RD STE 100,,DALLAS,,,75220,2.7743574418954194e+18,TX,Liquor Store,,-96.860791591615
,ALDI (TEXAS) L.L.C. #58,,32.845475033243,,IRVING,2926 N BELT LINE RD,,DALLAS,,,75062,1.4424705996988303e+19,TX,Supermarket,,-96.992261144452
,SUNNY FOOD MART #3,,32.592021437709,,CEDAR HILL,489 E FM 1382,,DALLAS,,,75104,6.916358302989894e+18,TX,Convenience Store,,-96.936964469228
,LIQUOR PLUS,,32.739957972127,,GRAND PRAIRIE,2210 W MAIN ST STE 102,,DALLAS,,,75050,5.812274118064293e+18,TX,Liquor Store,,-97.03465663418
,BOOM BOOM CANDY STORE,,32.81134561862,,MESQUITE,2042 TOWN EAST MALL,,DALLAS,,,75150,1.966742937650612e+18,TX,Convenience Store,,-96.63281217626
,LA CHAPALITA,,32.640134069827,,SEAGOVILLE,210 N KAUFMAN ST STE C,,DALLAS,,,75159,5.286630721941818e+18,TX,Specialty Food,,-96.539478112792
,LA CHAPALITA,,32.734166998828,,MESQUITE,12209 LAKE JUNE RD,,DALLAS,,,75180,1.2572469023790025e+19,TX,Specialty Food,,-96.617059343302
,"H MART HARRY HINES, LLC",,32.895881949389,,DALLAS,2534 ROYAL LN,,DALLAS,,,75229,7.238420346299175e+18,TX,Supermarket,,-96.894347555519
,LA MICHOACANA #25 DALLAS,,32.878803820681,,DALLAS,9850 WALNUT HILL LN STE 224,,DALLAS,,,75238,1.6241633100948062e+19,TX,Supermarket,,-96.716348198079
,STOP N SHOP #2,,32.712582663953,,DALLAS,7771 GREAT TRINITY FOREST WAY,,DALLAS,,,75217,1.9785040046584174e+18,TX,Convenience Store,,-96.689246468751
,QUICK MART 108,,32.809746352485,,DALLAS,5329 ROSS AVE,,DALLAS,,,75206,1.7791701189441376e+19,TX,Convenience Store,,-96.772065940771
,VIET TOFU,,32.917152138693,,GARLAND,3555 W WALNUT ST STE 203,,DALLAS,,,75042,5.132585582714309e+18,TX,Specialty Food,,-96.685246674536
,LA SPIGAS VILLAGE BAKERY,,32.95815209997,,ADDISON,4203 LINDBERGH DR,,DALLAS,,,75001,6.509611798920731e+17,TX,Specialty Food,,-96.838368186153
,PALETERIA MEXICO,,32.804121601027,,DALLAS,327 W MOCKINGBIRD LN,,DALLAS,,,75247,6.194554753402359e+18,TX,Specialty Food,,-96.873767697769
,GATEWAY #17,,32.944629476738,,COPPELL,1000 S ROYAL LANE,,DALLAS,,,75019,1.7807418640391555e+19,TX,Convenience Store,,-97.022233171288
,HAPPY MART,,32.604093001754,,DESOTO,1100 E PLEASANT RUN RD STE 133,,DALLAS,,,75115,3.4169262580583823e+18,TX,Convenience Store,,-96.828498964341
,CHACHA&CHOPEES LLC,,32.59231118219,,LANCASTER,195 HISTORIC TOWN SQ,,DALLAS,,,75146,1.0476117055968985e+19,TX,Confectionery,,-96.755618823096
,ZION FOOD MART,,32.836710759199,,DALLAS,4407 W MOCKINGBIRD LN,,DALLAS,,,75209,6.80176327384808e+18,TX,Convenience Store,,-96.831092607575
,APNA BAZAAR GROCERY & GRILL,,32.968624650175,,CARROLLTON,2000 OLD DENTON RD STE 104,,DALLAS,,,75006,7.85161088031936e+17,TX,Supermarket,,-96.911633975077
,TAYLOR'S NECESSITIES AND MORE,,32.729399384254,,DALLAS,1505 S EWING AVE,,DALLAS,,,75216,1.0703003637724824e+19,TX,Convenience Store,,-96.811500412092
,TOM THUMB #1973,,32.850312780235,,UNIVERSITY PARK,7000 SNIDER PLZ,,DALLAS,,,75205,7.625358366221487e+18,TX,Supermarket,,-96.787760553324
,ICE HOUSE BEVERAGE #2,,32.864284295224,,DALLAS,9430 LARGA DR STE 101,,DALLAS,,,75220,1.5862859309104386e+19,TX,Convenience Store,,-96.862674741485
,STATE & MAIN MERCHANT,,32.912613431739,,GARLAND,500 MAIN ST STE 2,,DALLAS,,,75040,1.5348919117385583e+19,TX,Liquor Store,,-96.636566844617
,THREE AMIGOS,,32.953745401562,,CARROLLTON,1927 E BELT LINE RD STE 136,,DALLAS,,,75006,2.7579697917301427e+18,TX,Convenience Store,,-96.889431093399
,"ANDY'S FROZEN CUSTARD STORES, LLC",,32.673302996183,,GRAND PRAIRIE,317 WESTCHASE DR,,DALLAS,,,75052,8.521986169283561e+18,TX,Specialty Food,,-97.005225849167
,ONE STOP FOOD STORE,,32.679433976123,,DALLAS,5520 S HAMPTON RD,,DALLAS,,,75232,1.6599849843898665e+19,TX,Convenience Store,,-96.856875763781
,GATEWAY #25,,32.752614133746,,DALLAS,424 S R L THORNTON FWY,,DALLAS,,,75203,1.625475675358654e+19,TX,Convenience Store,,-96.808839835497
,"HERBMART, INC.",,32.831494011566,,MESQUITE,4781 N BELT LINE RD,,DALLAS,,,75150,4.319670434302804e+18,TX,Supermarket,,-96.595929212837
,EIGHTEEN NINETY MARKETPLACE,,32.783515546984,,DALLAS,2642 MAIN ST STE 150,,DALLAS,,,75226,1.159284540335091e+19,TX,Specialty Food,,-96.785394577171
,TEXAS ICE VENDING,,32.865421008929,,DALLAS,12175 GARLAND RD,,DALLAS,,,75218,8.376223203428287e+18,TX,Specialty Food,,-96.670012875355
,FATHER & SON TOBACCO STORE,,32.909352216715,,GARLAND,3225 FOREST LN,,DALLAS,,,75042,5.426760468866353e+18,TX,Convenience Store,,-96.678818663672
,LA CHAPALITA,,32.757803966367,,DALLAS,2702 S BUCKNER BLVD STE 130,,DALLAS,,,75227,1.2701369642842016e+19,TX,Specialty Food,,-96.682698875498
,ONE STOP FOOD & BEVERAGES,,32.885588401269,,DALLAS,10560 NEW CHURCH RD,,DALLAS,,,75238,2.935716571152575e+17,TX,Convenience Store,,-96.703094575635
,DUC HUONG GIO CHA,,32.916774594605,,GARLAND,3347 W WALNUT ST # 268,,DALLAS,,,75042,1.0102720904736227e+19,TX,Specialty Food,,-96.679687076929
,ALTAQWA BAKERY,,32.797519841302,,MESQUITE,2411 N GALLOWAY AVE STE 125,,DALLAS,,,75150,1.9623731952581517e+18,TX,Bakery,,-96.611942806088
,AQUA BELLA,,32.971809464011,,CARROLLTON,2150 N JOSEY LN STE 324,,DALLAS,,,75006,1.6762556586448933e+19,TX,Specialty Food,,-96.889789981301
,ELIZABETH CRUZ,,32.760795300971,,DALLAS,4515 ELECTRA ST,,DALLAS,,,75215,2.388477856953091e+18,TX,Produce Market,,-96.750551822992
,H MART,,32.895881949389,,DALLAS,2534 ROYAL LN,,DALLAS,,,75229,7.258993454626195e+18,TX,Supermarket,,-96.894347555519
,THE DEAN'S LIST,,32.943626945146,,COPPELL,505 AIRLINE DR,,DALLAS,,,75019,4.919292774786811e+18,TX,Liquor Store,,-97.003482662467
,BLISS IN A BOTTLE,,32.78675401249,,DALLAS,700 N PEARL ST STE H204,,DALLAS,,,75201,4.950195098136564e+18,TX,Liquor Store,,-96.795841944864
,SMALL BEER WORKS,,32.783245938423,,DALLAS,1906 S HASKELL AVE,,DALLAS,,,75223,9.539619780636985e+18,TX,Liquor Store,,-96.747853962069
,GOODY GOODY LIQUOR INC,,32.86537905055,,DALLAS,10301 HARRY HINES BLVD,,DALLAS,,,75220,1.3450842628103227e+19,TX,Liquor Store,,-96.881728766212
,WISEBOX,,32.87198749985,,GARLAND,1613 SKYLINE DR,,DALLAS,,,75043,2.7610161902441622e+17,TX,Convenience Store,,-96.595092744358
,LIQUOR ISLAND BEER & WINE,,32.743191410931,,GRAND PRAIRIE,1017 FORT WORTH ST STE 600,,DALLAS,,,75050,1.1436886114856028e+19,TX,Liquor Store,,-97.017406098632
,"WRC EXPRESS, INC.",,32.836711585328,,DALLAS,4216 ABRAMS RD,,DALLAS,,,75214,9.337751375979364e+18,TX,Specialty Food,,-96.75279431905
,SPARKLETTS,,32.843105307084,,DALLAS,1340 CENTERVILLE RD,,DALLAS,,,75218,1.471190487856531e+18,TX,Specialty Food,,-96.687179666008
,GLENNY STEPHENS BAKERY,,32.787035635174,,MESQUITE,1827 N GALLOWAY AVE,,DALLAS,,,75149,1.0693557149387344e+19,TX,Bakery,,-96.606441991967
,NEW EZ FOOD MART,,32.896873258343,,DALLAS,10911 DENNIS RD STE 407,,DALLAS,,,75229,1.1703746652157334e+19,TX,Convenience Store,,-96.881462444645
,TARGET STORE,,32.86426940661,,DALLAS,6419 SKILLMAN ST # T1784,,DALLAS,,,75231,1.0680382862499138e+19,TX,Liquor Store,,-96.745478302612
,SAVING LIVES AND SECURING BAGS,,32.735797804723,,BALCH SPRINGS,2301 DOTY LN,,DALLAS,,,75180,1.3237645706941778e+19,TX,Convenience Store,,-96.636096121636
,BIG C FOOD MART,,32.796211677552,,DALLAS,2240 IRVING BLVD,,DALLAS,,,75207,1.5036472899645557e+19,TX,Convenience Store,,-96.834605700012
,CREPES N GO,,32.8942323287,,GARLAND,2007 SATURN RD,,DALLAS,,,75041,1.2797546349813383e+19,TX,Produce Market,,-96.648312096953
,ELI FOOD MART,,32.908967938923,,DALLAS,10190 FOREST LN STE 175,,DALLAS,,,75243,3.602958664992852e+17,TX,Convenience Store,,-96.709829313982
,TWIN CITY LIQUOR & MORE,,32.893018747588,,ROWLETT,3503 ROWLETT RD STE J104J106,,DALLAS,,,75088,1.201214104488839e+19,TX,Liquor Store,,-96.569684733921
,ELROD'S COST PLUS #2,,32.763399715647,,DALLAS,2025 FORT WORTH AVE,,DALLAS,,,75208,8.329159047980795e+18,TX,Supermarket,,-96.85420457663
,FOREST LANE MART,,32.909610331327,,DALLAS,9791 FOREST LN,,DALLAS,,,75243,1.4047284015053031e+19,TX,Convenience Store,,-96.718475929747
,FAMILY MART,,32.604357719792,,DESOTO,1231 E PLEASANT RUN RD STE 114,,DALLAS,,,75115,1.7321953165408684e+19,TX,Convenience Store,,-96.827447736012
,RANDALL'S #3650 FUEL STATION,,32.952438608084,,DALLAS,14949 PRESTON RD,,DALLAS,,,75254,1.0909206248508248e+19,TX,Supermarket,,-96.803851602602
,FIESTA MARK # 213,,32.604286265283,,LANCASTER,1450 W PLEASANT RUN RD STE 200,,DALLAS,,,75146,1.06120166744036e+19,TX,Supermarket,,-96.783624019243
,DANNY'S LIQUOR,,32.867225286171,,DALLAS,2001 W NORTHWEST HWY STE 120,,DALLAS,,,75220,1.793822040251649e+18,TX,Liquor Store,,-96.90776833183
,7 - ABC BEER TO GO,,32.866494545494,,DALLAS,3021 LOMBARDY LN # 104,,DALLAS,,,75220,1.248185893775221e+19,TX,Convenience Store,,-96.875095884992
,UNREFINED BAKERY,,32.8570767754,,DALLAS,6464 E NORTHWEST HWY STE 326,,DALLAS,,,75214,5.238037016803955e+18,TX,Bakery,,-96.750513202931
,TIENDA SANTA ROSA #3,,32.751510235954,,DALLAS,611 S HAMPTON RD,,DALLAS,,,75208,1.5176193366339568e+19,TX,Convenience Store,,-96.856912606334
,CRAFTED,,32.953713617748,,GARLAND,255 CEDAR SAGE DR,,DALLAS,,,75040,1.071997611607309e+19,TX,Liquor Store,,-96.612441669108
,PRINCE MOTOR CARS,,32.749422127749,,GRAND PRAIRIE,3230 E MAIN ST,,DALLAS,,,75050,1.325494061993645e+19,TX,Liquor Store,,-96.956596183115
,GALLY'S WINE AND SPIRITS,,32.874117514347,,DALLAS,7047 TWIN HILLS AVE STE 125,,DALLAS,,,75231,1.7050277434518424e+19,TX,Liquor Store,,-96.764579044926
,QUALITY LICENSING CORP (STORE #6265),,32.91848856196,,IRVING,1213 MARKET PL,,DALLAS,,,75063,1.5327588893193425e+19,TX,Liquor Store,,-96.963175359904
,TIENDA MARTINEZ,,32.724684709107,,DALLAS,1930 S BECKLEY AVE STE A,,DALLAS,,,75224,5.944462104824007e+18,TX,Convenience Store,,-96.822744829876
,CARSON ONE STOP GROUP,,32.746722851406,,DALLAS,1246 E CLARENDON DR,,DALLAS,,,75203,5.032062630109007e+18,TX,Convenience Store,,-96.805341717978
,FRUTERIA SONRISAS,,32.821362357986,,IRVING,1121 W PIONEER DR,,DALLAS,,,75061,6.693232330677633e+18,TX,Convenience Store,,-96.959534169179
,HEAVEN AND 73RD,,32.824317258736,,DALLAS,5100 LEMMON AVE,,DALLAS,,,75209,9.007072648672225e+17,TX,Liquor Store,,-96.819857062605
,QUALITY LICENSING CORP. STORE #3204 FUEL CENTER,,32.589835244171,,CEDAR HILL,840 E BELT LINE RD,,DALLAS,,,75104,5.257660457371979e+18,TX,Liquor Store,,-96.924410827583
,ONE STOP BEER AND WINE,,32.878651525815,,GARLAND,1422 W KINGSLEY RD STE 100,,DALLAS,,,75041,3.130914062677723e+18,TX,Convenience Store,,-96.648428318639
,SALADMASTER,,32.982669479174,,CARROLLTON,1016 W TRINITY MILLS RD STE 208,,DALLAS,,,75006,1.8096104065784498e+19,TX,Specialty Food,,-96.912167577667
,FRUTERIA Y NEVERIA TROPICAL,,32.802085846616,,IRVING,1207 S MACARTHUR BLVD,,DALLAS,,,75060,1.5485830912638929e+19,TX,Produce Market,,-96.959277045209
,CASA HIMALAYA,,32.86077396343,,IRVING,3343 COUNTRY CLUB DR W,,DALLAS,,,75038,7.630711066938329e+18,TX,Convenience Store,,-96.991121054618
,AD BEER & WINE,,32.848359596807,,GARLAND,565 W OATES RD STE 115,,DALLAS,,,75043,7.348612487389398e+18,TX,Liquor Store,,-96.616822005716
,"HOR & LAY, LLC",,32.953706559819,,CARROLLTON,1300 E BELT LINE RD,,DALLAS,,,75006,9.889404689672456e+18,TX,Bakery,,-96.904607611055
,QUALITY LICENSING CORP. STORE #5624,,32.923371709192,,FARMERS BRANCH,13100 JOSEY LN,,DALLAS,,,75234,3.3813887791620593e+18,TX,Liquor Store,,-96.881499302801
,ALTA FOOD MART,,32.812843394533,,DALLAS,2824 N BUCKNER BLVD,,DALLAS,,,75228,1.2543378822061572e+19,TX,Convenience Store,,-96.686288113076
,GUAPITO'S,,32.916497340274,,GARLAND,4460 W WALNUT ST STE 108,,DALLAS,,,75042,1.6417972481032145e+19,TX,Convenience Store,,-96.699744432793
,INDIA BAZAAR,,32.923711064182,,IRVING,8600 N MACARTHUR BLVD # 100102,,DALLAS,,,75063,1.1824438514551378e+19,TX,Supermarket,,-96.95508450744
,DUNKIN DONUTS (2312),,32.841676842607,,DALLAS,8008 CEDAR SPRINGS RD,,DALLAS,,,75235,1.7718698693394123e+19,TX,Bakery,,-96.846713166451
,STEVEN BAIR,,32.767979739914,,MESQUITE,213 LANE ST,,DALLAS,,,75149,1.3084522080881955e+19,TX,Specialty Food,,-96.600436404817
,RED CHILI ASIAN GROCERIES LLC,,32.837548093567,,GARLAND,6246 BROADWAY BLVD STE C,,DALLAS,,,75043,8.286239863995845e+18,TX,Supermarket,,-96.59549257612
,BEVERAGE 4 U,,32.719292971758,,BALCH SPRINGS,10938 ELAM RD,,DALLAS,,,75180,1.860344745929163e+18,TX,Convenience Store,,-96.637900566403
,BUCKEYE LIQOUR-WHOLESALE,,32.87248775394,,DALLAS,10741 KING WILLIAM DR,,DALLAS,,,75220,1.0791194574088129e+19,TX,Liquor Store,,-96.90022184786
,DENNIS WATER & BEER WINE,,32.898892355787,,DALLAS,11055 DENNIS RD STE 3,,DALLAS,,,75229,1.4110754606852166e+19,TX,Convenience Store,,-96.881447629342
,DOMINO'S #6820,,32.739781748566,,GRAND PRAIRIE,510 S CARRIER PKWY STE 141,,DALLAS,,,75051,4.790900810802872e+18,TX,Specialty Food,,-97.014693068267
,STOP & BUY,,32.898769353591,,GARLAND,1608 S 5TH ST,,DALLAS,,,75040,1.4994288763240635e+18,TX,Convenience Store,,-96.636257332403
,T C SHAVED ICE,,32.877775967676,,GARLAND,3117 S 1ST ST,,DALLAS,,,75041,3.6378571925555066e+17,TX,Specialty Food,,-96.63098659808
,"ASSOCIATED DISTRIBUTORS, INC.",,32.618980161594,,DESOTO,1508 FALCON DR,,DALLAS,,,75115,1.5443575975008883e+19,TX,Supermarket,,-96.851793524987
,QUALITY LICENSING CORP. #6182,,32.810370834827,,DALLAS,3972 N CENTRAL EXPY,,DALLAS,,,75204,1.3524708806106302e+19,TX,Liquor Store,,-96.7916764338
,BEER & WINE CONVENIENCE STORE INC,,32.902762790318,,DALLAS,9220 SKILLMAN ST STE 105,,DALLAS,,,75243,1.7526211695120962e+19,TX,Convenience Store,,-96.714508794008
,SURMA GROCERY AND ETHIOPIAN CUISINE,,32.916418940705,,GARLAND,2425 W WALNUT ST STE 200,,DALLAS,,,75042,2.306645037298961e+18,TX,Specialty Food,,-96.664344229557
,EL POTOSINO MEAT MARKET,,32.743191410931,,GRAND PRAIRIE,1017 FORT WORTH ST STE 550,,DALLAS,,,75050,5.332443898225708e+18,TX,Meat Market,,-97.017406098632
,CARLOS V VITELA,,32.970085373216,,COPPELL,125 SUMMER PLACE DR,,DALLAS,,,75019,8.475869927174263e+18,TX,Produce Market,,-97.00143559253
,THE COTTAGE GROCERY,,32.827283148271,,DALLAS,4919 MCKINNEY AVE,,DALLAS,,,75205,5.265316999954123e+18,TX,Supermarket,,-96.785015650736
,DOMINO'S #6973,,32.647231798856,,DUNCANVILLE,402 E WHEATLAND RD,,DALLAS,,,75116,1.4986161519027966e+19,TX,Specialty Food,,-96.901793735219
,LIQUOR DEPOT,,32.560299009916,,GLENN HEIGHTS,1308 E BEAR CREEK RD STE 130,,DALLAS,,,75154,1.4251678910755326e+19,TX,Liquor Store,,-96.82486781351
,SHEGER GROCERY,,32.908967938923,,DALLAS,10190 FOREST LN STE 125,,DALLAS,,,75243,3.670225647100314e+18,TX,Supermarket,,-96.709829313982
,PLAZA SUNDRY & GIFTS,,32.779629946101,,DALLAS,901 MAIN ST STE C128,,DALLAS,,,75202,1.240182215389933e+19,TX,Convenience Store,,-96.804235790932
,DOMINO'S #6929,,32.720399408791,,DALLAS,2419 W ILLINOIS AVE,,DALLAS,,,75233,1.270297355133061e+19,TX,Specialty Food,,-96.857513018757
,DOMINO'S #6824,,32.940460743644,,IRVING,10045 N MACARTHUR BLVD STE 109,,DALLAS,,,75063,3.6553196796757484e+18,TX,Specialty Food,,-96.952214427152
,BEST BUY BEVERAGE,,32.783776269089,,DALLAS,5011 MILITARY PKWY STE B,,DALLAS,,,75227,6.153049892768532e+18,TX,Liquor Store,,-96.73266662144
,I-45 BEVERAGE DEPOT LIQUOR BEER WINE,,32.65178673523,,HUTCHINS,410 N INTERSTATE 45 SERVICE RD STE A,,DALLAS,,,75141,3.240357844123076e+18,TX,Liquor Store,,-96.709022046466
,QUALITY LICENSING CORP STORE #2105,,32.925900884283,,FARMERS BRANCH,13307 MIDWAY RD,,DALLAS,,,75244,1.2976097091024996e+19,TX,Liquor Store,,-96.839074320695
,"ELU GROCERY, LLC",,32.930843398541,,GARLAND,1609 W BUCKINGHAM RD,,DALLAS,,,75042,1.5041092503422454e+19,TX,Specialty Food,,-96.651599173376
,"TEQUILA FOR YOU, LLC",,32.873195578742,,DALLAS,10750 N STEMMONS FWY # 4,,DALLAS,,,75220,4.071128625495818e+18,TX,Liquor Store,,-96.897398225225
,ASSEMBLY HOUSE WINE CO.,,32.793839324786,,SUNNYVALE,129 N COLLINS RD STE 2103,,DALLAS,,,75182,2.8528000496641823e+18,TX,Liquor Store,,-96.561279798842
,KRAMER SMOKE AND CONVENIENCE STORE,,32.749497298572,,DALLAS,3600 W DAVIS ST # 103,,DALLAS,,,75211,8.989099611567246e+18,TX,Convenience Store,,-96.878364962357
,THE LIQUOR OUTPOST,,32.863719903781,,IRVING,4070 N BELT LINE RD STE 114,,DALLAS,,,75038,2.5335599574296986e+18,TX,Liquor Store,,-96.991665696796
,CANDY WORLD,,32.952540851574,,GARLAND,460 CEDAR SAGE DR,,DALLAS,,,75040,1.3298474101890961e+19,TX,Specialty Food,,-96.610367322118
,LADERACH NORTH TX LLC,,32.869463265005,,DALLAS,8687 N CENTRAL EXPY # C2-630,,DALLAS,,,75225,1.6004225499857506e+19,TX,Confectionery,,-96.770779861721
,MIGALITOS SUPERMERCADO #1,,32.685501007032,,DALLAS,1050 S BELTLINE RD,,DALLAS,,,75253,1.5827996394720477e+19,TX,Supermarket,,-96.590927864159
,TOM THUMB #2526,,32.962165043667,,RICHARDSON,39 ARAPAHO VILLAGE CTR,,DALLAS,,,75080,3.2769812736730916e+18,TX,Supermarket,,-96.74931921595
,JAMBA JUICE,,32.89677132277,,IRVING,6440 N MACARTHUR BLVD,,DALLAS,,,75039,6.341675792897362e+18,TX,Specialty Food,,-96.958650606905
,MUD PUDDLE CO.,,32.820987454954,,SUNNYVALE,105 SUNVIEW ST,,DALLAS,,,75182,1.5589968009797915e+19,TX,Bakery,,-96.595563019297
,FAMILY MART,,32.649207111206,,DALLAS,8020 S POLK ST,,DALLAS,,,75232,1.220638791822451e+19,TX,Convenience Store,,-96.839841660033
,BRIAN'S WINE & MORE,,32.827267008653,,DALLAS,3109 MONTICELLO AVE,,DALLAS,,,75205,2.7335904256950446e+18,TX,Liquor Store,,-96.786525352753
,D & A DELIVERY AND LOGISTICS SOLUTIONS LLC,,32.863146427345,,DALLAS,6465 SHADY BROOK LN,,DALLAS,,,75206,5.044763514339741e+18,TX,Specialty Food,,-96.764291973614
,E-Z MART #5486,,32.84825743302,,GARLAND,5520 LYONS RD,,DALLAS,,,75043,4.148822436492691e+18,TX,Convenience Store,,-96.569442053676
,TOM THUMB #3623 FUEL STATION,,32.604024063767,,DE SOTO,214 E PLEASANT RUN RD,,DALLAS,,,75115,8.768571765712507e+18,TX,Supermarket,,-96.855925343931
,DOMINO'S #6805,,32.810930321779,,IRVING,1135 E IRVING BLVD,,DALLAS,,,75060,4.898522164002179e+18,TX,Specialty Food,,-96.932765370566
,DOMINO'S #6915,,32.755021150879,,DALLAS,1050 N WESTMORELAND RD STE 110,,DALLAS,,,75211,4.572300837261428e+18,TX,Specialty Food,,-96.873966828844
,QUICK TRACK #8,,32.762870809544,,MESQUITE,501 N GALLOWAY AVE,,DALLAS,,,75149,1.677688487572159e+19,TX,Convenience Store,,-96.598824480118
,FRUTERIA SONRISAS #2,,32.850000123206,,IRVING,3317 N STORY RD,,DALLAS,,,75062,9.096059555533475e+17,TX,Produce Market,,-96.97649459308
,OK MINI MART,,32.879735207672,,GARLAND,3022 S SHILOH RD STE A,,DALLAS,,,75041,1.56583073099151e+19,TX,Convenience Store,,-96.665400778262
,JASON DELI,,32.841676842607,,DALLAS,8008 CEDAR SPRINGS RD,,DALLAS,,,75235,4.4231791963887565e+18,TX,Specialty Food,,-96.846713166451
,313 SHOP,,32.719522700661,,DALLAS,2524 S LANCASTER RD,,DALLAS,,,75216,1.7202556391086705e+19,TX,Convenience Store,,-96.804460807808
,AWAD JO LLC,,32.64957478941,,DALLAS,8008 S POLK ST STE 101,,DALLAS,,,75232,1.023566940093273e+19,TX,Specialty Food,,-96.839840584803
,SAVE A LOT #725,,32.771445612207,,DALLAS,3021 MARTIN LUTHER KING JR BLVD,,DALLAS,,,75215,1.433929570706996e+19,TX,Supermarket,,-96.765841021804
,LA MICHOACANA SUPERMARKET #28,,32.705729983048,,DALLAS,1150 W KIEST BLVD STE 201,,DALLAS,,,75224,2.6421522562101596e+18,TX,Supermarket,,-96.841727619896
,MIGALITOS SUPERMERCADO #5,,32.877742130748,,GARLAND,3160 SATURN RD STE 202,,DALLAS,,,75041,1.5386598287130968e+19,TX,Supermarket,,-96.648134156335
,DOMINO'S #6835,,32.683880194625,,GRAND PRAIRIE,3725 S CARRIER PKWY STE 115,,DALLAS,,,75052,3.6277493269188623e+18,TX,Specialty Food,,-97.008575827194
,UAC INTERNATIONAL FOOD,,32.947509766667,,RICHARDSON,940 E BELT LINE RD STE 122,,DALLAS,,,75081,8.527446200847059e+18,TX,Supermarket,,-96.711852579138
,FRUTERIA SONRISAS #3,,32.863719903781,,IRVING,4070 N BELT LINE RD STE 113,,DALLAS,,,75038,1.9619303351040256e+18,TX,Produce Market,,-96.991665696796
,DOMINO'S #9291,,32.946977271077,,COPPELL,920 S BELT LINE RD STE 100,,DALLAS,,,75019,1.3017943627491398e+19,TX,Specialty Food,,-96.993373175787
,DAIRY WAY# 9,,32.878655942236,,GARLAND,1810 W KINGSLEY RD STE 101,,DALLAS,,,75041,7.063448531308137e+18,TX,Convenience Store,,-96.653895093243
,HEB DALLAS #552,,32.81002879241,,DALLAS,2777 N STEMMONS FWY STE 108,,DALLAS,,,75207,2.492581472548637e+18,TX,Liquor Store,,-96.848382737355
,ZAYN GLOBAL MARKET,,32.946977271077,,COPPELL,920 S BELT LINE RD STE 110,,DALLAS,,,75019,1.3722933728283148e+19,TX,Supermarket,,-96.993373175787
,KINGSLEY GROCERY AND CHECK CASHING STORE,,32.878952006917,,GARLAND,1433 W KINGSLEY RD STE 101,,DALLAS,,,75041,2.4417301332862106e+18,TX,Convenience Store,,-96.64498868457
,TEXAS ICE VENDING,,32.734121752519,,DALLAS,7834 LAKE JUNE RD,,DALLAS,,,75217,8.048027373808031e+17,TX,Specialty Food,,-96.687722705569
,DOMINO'S #6924,,32.822105298144,,DALLAS,1820 W MOCKINGBIRD LN STE 150,,DALLAS,,,75235,1.38040693040061e+19,TX,Specialty Food,,-96.854919541534
,CAN2FIRECRACKERS,,32.655729402032,,DALLAS,5803 FOXGLOVE LN,,DALLAS,,,75249,1.7762287702461181e+18,TX,Confectionery,,-96.970515492159
,EXECU-STORE,,32.788218371801,,DALLAS,2200 ROSS AVE STE 200,,DALLAS,,,75201,1.0058161808587704e+19,TX,Convenience Store,,-96.797618590338
,WEST DAVIS FOOD MART,,32.749507163961,,DALLAS,619 W DAVIS ST,,DALLAS,,,75208,1.0374536455572638e+19,TX,Convenience Store,,-96.832088124476
,DOMINO'S #6968,,32.96238833638,,DALLAS,15203 KNOLL TRAIL DR STE 115,,DALLAS,,,75248,1.3183450791743214e+19,TX,Specialty Food,,-96.818996734734
,SAVE-A-LOT #120,,32.801648291063,,DALLAS,3322 N BUCKNER BLVD STE 120,,DALLAS,,,75228,1.079556617528268e+19,TX,Supermarket,,-96.682057518469
,RESTAURANT SANTA ROSA,,32.749611567476,,DALLAS,3217 W DAVIS ST,,DALLAS,,,75211,3.3338851675600517e+18,TX,Convenience Store,,-96.872877225737
,EXPRESSWAY FOOD STORE LLC,,32.924030636563,,FARMERS BRANCH,2537 VALLEY VIEW LN,,DALLAS,,,75234,1.2967356126590419e+19,TX,Convenience Store,,-96.895430032839
,NEW VALLEY MART,,32.939909934926,,DALLAS,8702 SPRING VALLEY RD STE D,,DALLAS,,,75240,1.2020411861466563e+19,TX,Convenience Store,,-96.752407996669
,DOMINO'S #9221,,32.844399552893,,IRVING,401 W ROCHELLE RD,,DALLAS,,,75062,2.39682336860578e+18,TX,Specialty Food,,-96.949802130205
,PANADERIA LA NUEVA LLC,,32.77228206973,,DALLAS,7034 MILITARY PKWY,,DALLAS,,,75227,1.7125792072844104e+18,TX,Bakery,,-96.698459060534
,LIQUOR DEN,,32.678114095763,,GRAND PRAIRIE,3950 S CARRIER PKWY STE 170,,DALLAS,,,75052,5.4975502208698246e+17,TX,Liquor Store,,-97.007045159346
,NATURAL GROCERS BY VITAMIN COTTAGE,,32.907411093185,,DALLAS,11661 PRESTON RD STE 224,,DALLAS,,,75230,1.120372580215181e+18,TX,Supermarket,,-96.804225634501
,1ST CHOICE GROCERY,,32.909129941351,,DALLAS,8122 FOREST LN STE A,,DALLAS,,,75243,1.7367450071314678e+19,TX,Supermarket,,-96.766582903694
,HILTON GARDEN INN,,32.886723058608,,DALLAS,10350 N CENTRAL EXPY,,DALLAS,,,75231,1.4536529626350897e+19,TX,Convenience Store,,-96.76953128428
,N & M ENTERPRISE,,32.668312999262,,DALLAS,3733 PINEBROOK DR,,DALLAS,,,75241,1.4557899279685538e+19,TX,Confectionery,,-96.762671062035
,LA CHAPALITA #3,,32.733312341356,,BALCH SPRINGS,2650 HICKORY TREE RD # 103,,DALLAS,,,75180,1.3326102453439204e+18,TX,Specialty Food,,-96.622517027144
,DONUT HUT,,32.829555527505,,IRVING,910 E GRAUWYLER RD,,DALLAS,,,75061,1.2736941534381883e+19,TX,Bakery,,-96.935195091672
,1 STOP FOOD STORE,,32.862684722082,,GARLAND,4517 SATURN RD,,DALLAS,,,75041,1.7804979352422508e+18,TX,Convenience Store,,-96.648432239095
,LEGACY LIQUOR & WINE,,32.87738222065,,DALLAS,10967 N STEMMONS FWY,,DALLAS,,,75220,1.1269264120209687e+19,TX,Liquor Store,,-96.898185746433
,COWBOYS LIQUOR NO1,,32.821849396571,,IRVING,3367 CONFLANS RD STE 100,,DALLAS,,,75061,1.8144765633385744e+19,TX,Liquor Store,,-96.992859342932
,XPRESS MART,,32.842266752805,,IRVING,2121 W ROCHELLE RD STE 103,,DALLAS,,,75062,1.7138271871056497e+19,TX,Convenience Store,,-96.972933879706
,LIQUORLAND,,32.836626977249,,DALLAS,6465 E MOCKINGBIRD LN STE 354,,DALLAS,,,75214,2.7363003545242337e+18,TX,Liquor Store,,-96.750804280479
,LANCASTER DOUNTS,,32.604845189193,,LANCASTER,630 W PLEASANT RUN RD STE 148,,DALLAS,,,75146,1.5113292012603497e+18,TX,Bakery,,-96.765423196867
,HERBMART,,32.810403103973,,MESQUITE,3330 N GALLOWAY AVE STE 150,,DALLAS,,,75150,1.0997883853026775e+19,TX,Supermarket,,-96.611056599389
,TOP END LIQUOR BEER & WINE,,32.886212197502,,DALLAS,7606 GREENVILLE AVE,,DALLAS,,,75231,1.07530265772468e+19,TX,Liquor Store,,-96.757884730336
,JFT LLC,,32.949691742807,,RICHARDSON,150 W MAIN ST APT 222,,DALLAS,,,75081,6.051716284700511e+18,TX,Specialty Food,,-96.732771249138
,DOORDASH ESSENTIALS,,32.661980580212,,DUNCANVILLE,215 W CAMP WISDOM RD STE #12/15,,DALLAS,,,75116,3.6987541989619994e+18,TX,Convenience Store,,-96.908909328756
,DUNKIN DONUTS (2310),,32.841676842607,,DALLAS,8008 CEDAR SPRINGS RD,,DALLAS,,,75235,6.927182365070475e+18,TX,Specialty Food,,-96.846713166451
,POP'S CORN SHOPPE,,32.780250444073,,DALLAS,1201 MAIN ST STE P250,,DALLAS,,,75202,6.358080713942714e+18,TX,Confectionery,,-96.801289261722
,STOP & BUY,,32.898769353591,,GARLAND,1608 S 5TH ST,,DALLAS,,,75040,1.5305889348032156e+19,TX,Convenience Store,,-96.636257332403
,G FOODS INTERNATIONAL OF DALLAS,,32.774607140331,,DALLAS,2950 W COMMERCE ST,,DALLAS,,,75212,1.514031206204488e+19,TX,Supermarket,,-96.871009864054
,CORNER STORE,,32.90869582739,,DALLAS,10304 FOREST LN,,DALLAS,,,75243,1.7040859258175834e+19,TX,Convenience Store,,-96.705667298059
,ARCADIA LIQUOR,,32.817955337303,,DALLAS,2214 INWOOD RD,,DALLAS,,,75235,1.3507990552408506e+19,TX,Liquor Store,,-96.840154419538
,DIAZ GROCERY,,32.738702123681,,COCKRELL HILL,4029 W JEFFERSON BLVD,,DALLAS,,,75211,1.26112413840897e+19,TX,Supermarket,,-96.886117780874
,THE COTTAGE GROCERY,,32.827283148271,,DALLAS,4919 MCKINNEY AVE,,DALLAS,,,75205,1.007904149606369e+19,TX,Supermarket,,-96.785015650736
,CHILL ZONE BEER & WINE,,32.704662448815,,BALCH SPRINGS,11918 SEAGOVILLE RD,,DALLAS,,,75180,7.950791816720303e+18,TX,Convenience Store,,-96.622299763325
,M & M FOOD MART,,32.780912518887,,DALLAS,3223 N WESTMORELAND RD STE 3652,,DALLAS,,,75212,1.172117597216075e+19,TX,Convenience Store,,-96.873884795003
,WISDOM FOOD MART,,32.662131584431,,DALLAS,3917 W CAMP WISDOM RD STE 110,,DALLAS,,,75237,6.596199093968457e+18,TX,Convenience Store,,-96.882135887757
,TRADER JOE'S 400,,32.822005487146,,DALLAS,4525 COLE AVE STE 100,,DALLAS,,,75205,1.5088591055258077e+19,TX,Supermarket,,-96.789632447482
,MARKET STREET #564,,32.988894593757,,COPPELL,700 N DENTON TAP ROAD,,DALLAS,,,75019,1.5390957978761644e+19,TX,Supermarket,,-96.993126528345
,JAMBA JUICE,,32.930508319415,,DALLAS,13350 DALLAS PKWY,,DALLAS,,,75240,3.741449136472409e+18,TX,Specialty Food,,-96.820997176582
,LA MICHOACANA SUPERMARKET #18,,32.814029071228,,IRVING,209 S ROGERS RD,,DALLAS,,,75060,2.1191283643957417e+18,TX,Supermarket,,-96.963534893106
,ARI'S PANTRY LLC,,32.749557566201,,DALLAS,1307 1/2 W DAVIS ST,,DALLAS,,,75208,1.7522628276351748e+19,TX,Supermarket,,-96.842940513807
,RANDALL'S #3522,,32.89527176902,,DALLAS,522 PRESTON ROYAL SHOPPING CTR,,DALLAS,,,75230,3.0949220809320223e+18,TX,Supermarket,,-96.805367779588
,THE IRVING BAKERY,,32.888945517716,,IRVING,925 W JOHN CARPENTER FWY STE 104,,DALLAS,,,75039,1.110776954545801e+19,TX,Bakery,,-96.959114200621
,DULCERIA ESTRELLITA,,32.749257113296,,DALLAS,735 N WESTMORELAND RD,,DALLAS,,,75211,6.693476067039792e+18,TX,Convenience Store,,-96.8742380824
,FISTA MART # 210,,32.734261389989,,DALLAS,10121 LAKE JUNE RD STE 200,,DALLAS,,,75217,1.1005569670460756e+19,TX,Supermarket,,-96.649993026153
,SOLEIL INC.,,32.876674048286,,DALLAS,2938 ANODE LN,,DALLAS,,,75220,2.1568684667701368e+18,TX,Liquor Store,,-96.879354819351
,DONUT HOLE,,32.764067961914,,MESQUITE,716 GROSS RD,,DALLAS,,,75149,1.0836988535445148e+19,TX,Bakery,,-96.606510503395
,FIESTA MART # 65,,32.691272665591,,DALLAS,2315 W LEDBETTER DR,,DALLAS,,,75224,3.0060922361554053e+18,TX,Supermarket,,-96.855931844083
,FORTITUDE WELLNESS BAR,,32.598057725008,,CEDAR HILL,241 E FM 1382 STE 310,,DALLAS,,,75104,4.89655438282367e+18,TX,Specialty Food,,-96.941720324526
,TERRIE'S LUXE CHARCUTERIE LLC,,32.617520593163,,CEDAR HILL,1340 ELISE,,DALLAS,,,75104,5.4186087033931565e+17,TX,Specialty Food,,-96.919997559959
,PRODUCTS FOR YOUR TABLE INC,,32.876401442359,,DALLAS,10850 HARRY HINES BLVD STE 170,,DALLAS,,,75220,1.0976712551777386e+19,TX,Supermarket,,-96.884210789102
,MALONE'S COST PLUS #7,,32.707796466042,,DALLAS,333 S SAINT AUGUSTINE DR STE 129,,DALLAS,,,75217,1.7268883384823923e+19,TX,Supermarket,,-96.657106795006
,BEER & WINE STOP,,32.675553684693,,DUNCANVILLE,1417 N DUNCANVILLE RD,,DALLAS,,,75116,1.581461222012127e+19,TX,Convenience Store,,-96.908699835195
,DALLAS WHOLESALE LIQUOR,,32.87055990429,,DALLAS,2617 FREEWOOD DR,,DALLAS,,,75220,4.0134067214429245e+18,TX,Liquor Store,,-96.889183542316
,BONITA FOOD MART,,32.735195984513,,GRAND PRAIRIE,901 SW 3RD ST,,DALLAS,,,75051,1.0816875100439136e+19,TX,Convenience Store,,-97.005771811797
,TEXAS ICE VENDING,,32.719543676472,,DALLAS,103 W OHIO AVE,,DALLAS,,,75224,1.5835269799681018e+19,TX,Specialty Food,,-96.822984178326
,CORDON WINES,,32.93336216999,,FARMERS BRANCH,13612 MIDWAY RD # 333-1,,DALLAS,,,75244,2.6840493188767585e+18,TX,Liquor Store,,-96.838864833423
,TIENDA ANA SALVADORENA,,32.727088387117,,DALLAS,3106 DAWES DR,,DALLAS,,,75211,1.3569873832674611e+19,TX,Supermarket,,-96.872123214111
,INDIAN SUPER MARKET,,32.92042439348,,IRVING,8140 N MACARTHUR BLVD STE 110,,DALLAS,,,75063,8.985068054192998e+18,TX,Supermarket,,-96.958397818706
,RON'S TIENDITA,,32.828902798386,,IRVING,2140 W GRAUWYLER RD,,DALLAS,,,75061,9.49938923351843e+18,TX,Convenience Store,,-96.974074566825
,PENZEYS SPICES,,32.923407985441,,DALLAS,12835 PRESTON RD,,DALLAS,,,75230,1.2605226953177364e+18,TX,Specialty Food,,-96.803628974027
,LIQUOR DEPOT,,32.757006098405,,GRAND PRAIRIE,1815 W TARRANT RD STE 215,,DALLAS,,,75050,3.168449705903591e+17,TX,Liquor Store,,-97.027050407644
,PIONEERS BEER AND WINE,,32.719405064121,,BALCH SPRINGS,12925 ELAM RD STE 101,,DALLAS,,,75180,1.397780389283039e+19,TX,Convenience Store,,-96.606319218558
,WORLD OF SPICES,,32.930135511454,,DALLAS,13340 AUDELIA RD STE 136,,DALLAS,,,75243,1.199194706063932e+19,TX,Supermarket,,-96.717928218129
,TEXAS MART,,32.79291296206,,DALLAS,3400 SAMUELL BLVD STE A,,DALLAS,,,75223,5.013015650603846e+18,TX,Convenience Store,,-96.737315332115
,A SMOKERS DELIGHT,,32.724415811994,,DALLAS,1906 S DENLEY DR,,DALLAS,,,75216,9.975031215110638e+18,TX,Convenience Store,,-96.805511990901
,P & S CORNER STORE,,32.702193543222,,DALLAS,4203 DALTON DR,,DALLAS,,,75216,1.292263024560474e+19,TX,Convenience Store,,-96.78494030714
,ROWLETT COUNTRY MART,,32.937132513352,,ROWLETT,8701 LIBERTY GROVE RD STE 800,,DALLAS,,,75089,1.6082787551138302e+19,TX,Convenience Store,,-96.534499860265
,LIQUOR DREAMS,,32.747021109203,,DALLAS,5374 S 2ND AVE,,DALLAS,,,75210,6.252527631037254e+18,TX,Liquor Store,,-96.727871680779
,DOVECOURT MARKET,,32.959847035239,,GARLAND,2242 WALNUT GROVE LN,,DALLAS,,,75044,1.7066635854121419e+19,TX,Supermarket,,-96.661915785061
,WOOLTARI,,32.982669479174,,CARROLLTON,1016 W TRINITY MILLS RD STE 128,,DALLAS,,,75006,4.238796543534873e+17,TX,Supermarket,,-96.912167577667
,LUCKY LIQUOR,,32.819355736828,,DALLAS,2835 N HENDERSON AVE,,DALLAS,,,75206,3.5967051251221985e+18,TX,Liquor Store,,-96.783780427793
,NIKKY FEEDING SOULS,,32.904693415698,,DALLAS,11617 N CENTRAL EXPY STE 135,,DALLAS,,,75243,5.156176810348857e+18,TX,Specialty Food,,-96.769483026758
,HEB CENTRAL MARKET #552,,32.850922205729,,DALLAS,5750 E LOVERS LN STE A,,DALLAS,,,75206,1.238713733087935e+19,TX,Liquor Store,,-96.768909835058
,ONE STOP BEER & WINE,,32.878651525815,,GARLAND,1422 W KINGSLEY RD STE 100,,DALLAS,,,75041,1.512050176455562e+19,TX,Convenience Store,,-96.648428318639
,FAMILY BEER & WINE,,32.783545090925,,DALLAS,4946 MILITARY PKWY,,DALLAS,,,75227,1.2417650894063616e+19,TX,Liquor Store,,-96.732175853145
,SNACKATERIA,,32.751177885055,,DALLAS,1010 E 8TH ST # 150,,DALLAS,,,75203,1.4577730842650036e+19,TX,Convenience Store,,-96.808396023672
,TEXAS ICE VENDING,,32.748818203246,,DALLAS,9009 BRUTON RD,,DALLAS,,,75217,1.4548616047944942e+19,TX,Specialty Food,,-96.66471695783
,RED BEER AND WINE,,32.851105400586,,DALLAS,4218 W LOVERS LN,,DALLAS,,,75209,1.613235965088388e+19,TX,Convenience Store,,-96.838229194859
,"VITAMIN COTTAGE NATURAL FOOD MARKETS, INC",,32.978025277693,,RICHARDSON,677 W CAMPBELL RD STE 100,,DALLAS,,,75080,6.82713319740036e+18,TX,Supermarket,,-96.741812693048
,"BIG YUMMY BAKERY, INC.",,32.979755454882,,ADDISON,16210 MIDWAY RD,,DALLAS,,,75001,8.33266173207611e+18,TX,Specialty Food,,-96.842828021112
,LIQUOR DEPOT,,32.853876951235,,IRVING,3505 N BELT LINE RD,,DALLAS,,,75062,1.707183334917882e+18,TX,Liquor Store,,-96.992210659243
,DISTRIBUIDORA VELOZ LLC,,32.690947918032,,GRAND PRAIRIE,836 OVER RIDGE DR,,DALLAS,,,75052,1.3014132585691042e+19,TX,Supermarket,,-97.016732117518
,INDOPAK CARROLLTON INC,,32.980483723164,,CARROLLTON,2548 DICKERSON PKWY STE 112,,DALLAS,,,75006,1.7229852193966934e+19,TX,Supermarket,,-96.920728682143
,SNAPPY FOODS,,32.680718125867,,DALLAS,1821 S SAINT AUGUSTINE DR,,DALLAS,,,75217,1.7061532003218508e+19,TX,Convenience Store,,-96.657281812403
,LA MICHOACANA MEAT MARKET DALLAS #28,,32.811489840082,,DALLAS,2420 N FITZHUGH AVE,,DALLAS,,,75204,1.5831683442344088e+19,TX,Convenience Store,,-96.782356259589
,GEEK SMOKE SHOP,,32.976016128393,,RICHARDSON,515 W CAMPBELL RD STE 101,,DALLAS,,,75080,8.643010824469169e+18,TX,Convenience Store,,-96.736547559317
,GOODY GOODY LIQUOR #4,,32.907419933131,,ROWLETT,3500 LAKEVIEW PKWY STE 100,,DALLAS,,,75088,3.2243959395403884e+18,TX,Liquor Store,,-96.569186279872
,TEXAS ICE VENDING,,32.80228534882,,MESQUITE,2809 MOTLEY DR,,DALLAS,,,75150,1.0234430426732448e+19,TX,Specialty Food,,-96.646062514748
,INFUSED OILS & VINEGARS,,32.923407985441,,DALLAS,12835 PRESTON RD STE 302,,DALLAS,,,75230,1.0719636765632317e+19,TX,Specialty Food,,-96.803628974027
,LIQUOR DEPOT,,32.705013110291,,BALCH SPRINGS,11709 SEAGOVILLE RD,,DALLAS,,,75180,3.659903765889434e+18,TX,Liquor Store,,-96.626452432501
,GOODY GOODY LIQUOR STORE,,32.949974109864,,ADDISON,14851 INWOOD RD,,DALLAS,,,75001,1.5447973831145703e+19,TX,Liquor Store,,-96.829275222647
,NEW DAIRY WAY 2,,32.786328242621,,MESQUITE,1800 N GALLOWAY AVE STE 200,,DALLAS,,,75149,1.7988147344487109e+19,TX,Convenience Store,,-96.605199011017
,JOHNNY'S PAYLESS LIQUOR,,32.792921685327,,DALLAS,3202 SAMUELL BLVD,,DALLAS,,,75223,3.293934738853282e+18,TX,Liquor Store,,-96.740510843845
,ZANG FOOD MART,,32.736103743752,,DALLAS,1005 S ZANG BLVD,,DALLAS,,,75208,8.598826515253772e+18,TX,Supermarket,,-96.824657085576
,WAL-MART # 5823,,32.861785800512,,DALLAS,6185 RETAIL RD STE 200,,DALLAS,,,75231,8.91885430109389e+17,TX,Liquor Store,,-96.753863190568
,"TWT INTERESTS #1, LLC",,32.812859846126,,DALLAS,1909 SKILLMAN ST,,DALLAS,,,75206,1.3834462340172892e+19,TX,Liquor Store,,-96.761905402727
,SOL DIAS,,32.855633396324,,IRVING,3621 N BELT LINE RD,,DALLAS,,,75062,6.331879683717811e+18,TX,Specialty Food,,-96.992175572923
,FRUTI PALETERIA LLC,,32.734237880848,,DALLAS,10325 LAKE JUNE RD STE 550,,DALLAS,,,75217,4.2447956307379005e+18,TX,Specialty Food,,-96.646586816656
,T G'S MINI MART,,32.866487286156,,DALLAS,2917 LOMBARDY LN,,DALLAS,,,75220,1.647243914319117e+19,TX,Convenience Store,,-96.876599401261
,AMARANTHINE SYRUPS LLC,,32.8608988044,,DALLAS,5727 CARUTH HAVEN LN APT 114,,DALLAS,,,75206,1.3743832002637679e+19,TX,Specialty Food,,-96.767523242454
,ALDI (TEXAS) L.L.C. #16,,32.814244770502,,MESQUITE,3635 GUS THOMASSON RD STE A,,DALLAS,,,75150,8.278019858045508e+17,TX,Supermarket,,-96.635488083708
,CORNER STORE BEER AND WINE,,32.8215476525,,DALLAS,2215 OATES DR,,DALLAS,,,75228,1.7086318555211188e+19,TX,Convenience Store,,-96.678374397473
,MALONE'S COST PLUS,,32.695404882642,,DALLAS,3939 S POLK ST STE 323,,DALLAS,,,75224,8.205258069023315e+17,TX,Supermarket,,-96.840191053084
,GRAND TRIP # 2,,32.822609909572,,IRVING,1710 W IRVING BLVD,,DALLAS,,,75061,6.288729017394312e+17,TX,Convenience Store,,-96.967087933822
,"RAPIDO ICE, LLC",,32.878799944956,,DALLAS,9810 WALNUT HILL LN,,DALLAS,,,75238,1.5127035759304395e+19,TX,Specialty Food,,-96.717487207005
,AJOWA LLC,,32.986632823892,,CARROLLTON,2750 E TRINITY MILLS RD,,DALLAS,,,75006,5.641080671233854e+18,TX,Specialty Food,,-96.858415493613
,TEXAS ICE VENDING,,32.829444542212,,IRVING,251 E GRAUWYLER RD,,DALLAS,,,75061,9.557284023216392e+18,TX,Specialty Food,,-96.9430576006
,TOM THUMB #3563 FUEL STATION,,32.647543448532,,DUNCANVILLE,625 W WHEATLAND RD,,DALLAS,,,75116,1.0627233648125952e+19,TX,Supermarket,,-96.922770154576
,KINGS ZONE,,32.682590273204,,DALLAS,1294 E LEDBETTER DR,,DALLAS,,,75216,7.523196302621822e+18,TX,Convenience Store,,-96.803121660704
,SNAP KITCHEN #24,,32.835841468356,,DALLAS,4115 SKILLMAN ST,,DALLAS,,,75206,6.283902329124244e+18,TX,Specialty Food,,-96.7615473895
,"55 SEVENTY DALLAS BEVCO, LLC",,32.873541748496,,DALLAS,7015 TWIN HILLS AVE,,DALLAS,,,75231,1.234652914599679e+19,TX,Liquor Store,,-96.764703477867
,JEFF LIU PRODUCE,,32.954425832831,,GARLAND,4101 HERALD DR,,DALLAS,,,75044,7.018835229782397e+18,TX,Supermarket,,-96.662317914505
,1 STOP FOOD MART,,32.882188666944,,GARLAND,2819 S GARLAND AVE,,DALLAS,,,75041,1.322979548106721e+19,TX,Convenience Store,,-96.657975920963
,WALNUT DOLLARS PLUS BEER AND WINE,,32.916962952702,,GARLAND,3620 W WALNUT ST,,DALLAS,,,75042,3.300676897186203e+18,TX,Convenience Store,,-96.685091061561
,FOSSIL CREEK LIQUOR,,32.836350315315,,DALLAS,6440 E MOCKINGBIRD LN,,DALLAS,,,75214,1.1748788428407261e+19,TX,Liquor Store,,-96.751945931383
,QUALITY LICENSING CORP. STORE #5931,,32.9358439401,,DALLAS,13739 N CENTRAL EXPY,,DALLAS,,,75243,1.2911927211908483e+19,TX,Liquor Store,,-96.751862116782
,"ANDY'S FROZEN CUSTARD STORES, LLC",,32.969427838165,,COPPELL,180 W SANDY LAKE RD,,DALLAS,,,75019,1.1278301852964045e+19,TX,Specialty Food,,-96.996411348255
,SANDRA GROCERY,,32.783167870696,,DALLAS,1827 S HASKELL AVE,,DALLAS,,,75223,8.473480588747949e+18,TX,Convenience Store,,-96.749653225655
,DAIRYWAY CORNER STOP,,32.820635923981,,MESQUITE,4340 GUS THOMASSON RD STE D,,DALLAS,,,75150,8.568094987306027e+18,TX,Convenience Store,,-96.642511751861
,TYRA'S SWEET TREATS,,32.758611553395,,MESQUITE,1139 MONTERREY TRL,,DALLAS,,,75149,2.1092186995426135e+18,TX,Bakery,,-96.58429963397
,DUTCH MAID DONUT LLC,,32.603940649528,,LANCASTER,1303 N DALLAS AVE,,DALLAS,,,75134,1.5534161371346125e+19,TX,Bakery,,-96.758180863002
,QUICK WAY FOOD MART,,32.800435441102,,DALLAS,1402 N CARROLL AVE,,DALLAS,,,75204,3.514136637471343e+18,TX,Convenience Store,,-96.777711374635
,"ABUELITO PANADERIA, LLC",,32.719404422462,,BALCH SPRINGS,12933 ELAM RD,,DALLAS,,,75180,1.2633336992677708e+19,TX,Bakery,,-96.606242540718
,DESI DISTRICT LLC,,32.897511645472,,IRVING,6451 RIVERSIDE DR,,DALLAS,,,75039,1.1198909287697798e+18,TX,Supermarket,,-96.939132144645
,ASCENSION COFFEE,,32.832327478357,,DALLAS,9353 GARLAND RD,,DALLAS,,,75218,3.5113690635917256e+18,TX,Specialty Food,,-96.704186203257
,YOUN'S MARKET,,32.691262769637,,DALLAS,4735 S LANCASTER RD,,DALLAS,,,75216,1.3815173043249826e+19,TX,Convenience Store,,-96.792094336436
,SUPER SAVE LIQUOR,,32.812338758303,,DALLAS,2543 N FITZHUGH AVE,,DALLAS,,,75204,1.5980019577621991e+19,TX,Liquor Store,,-96.783513879759
,FRUTERIA GTO,,32.857705857617,,DALLAS,9632 OVERLAKE DR,,DALLAS,,,75220,1.1769770775025107e+19,TX,Produce Market,,-96.870421601864
,COWBOYS DISCOUNT LIQUOR,,32.78354782396,,DALLAS,4938 MILITARY PKWY,,DALLAS,,,75227,2.573761341472852e+18,TX,Liquor Store,,-96.732335051982
,HI FOOD MART,,32.879680024765,,GARLAND,3035 BROADWAY BLVD STE D,,DALLAS,,,75041,7.574276750549536e+18,TX,Convenience Store,,-96.622637015215
,KROGER TEXAS L.P./ AMERICA'S BEV,,32.837281660876,,IRVING,1331 E AIRPORT FWY,,DALLAS,,,75062,3.087584098930693e+17,TX,Supermarket,,-96.928381813857
,CORNER STOP,,32.816088538419,,DALLAS,2203 GREENVILLE AVE,,DALLAS,,,75206,1.1318548901557977e+19,TX,Liquor Store,,-96.770247655653
,KROGER TEXAS L.P. #450,,32.812575665351,,MESQUITE,3600 GUS THOMASSON,,DALLAS,,,75150,1.2976610683284703e+19,TX,Supermarket,,-96.634655876695
,LA CHAPALITA ICE CREAM,,32.648779166962,,SEAGOVILLE,105 HALL RD STE 129B,,DALLAS,,,75159,8.620554483521463e+17,TX,Specialty Food,,-96.549092567012
,ASCENSION COFFEE,,32.832327478357,,DALLAS,9353 GARLAND RD,,DALLAS,,,75218,1.363893832023535e+19,TX,Specialty Food,,-96.704186203257
,STREET SUCCESS,,32.777961045578,,DALLAS,8006 FORNEY RD STE 140,,DALLAS,,,75227,4.665334266991286e+17,TX,Supermarket,,-96.683863126733
,BIAGIO WINE & SPIRIT,,32.788111642938,,DALLAS,2404 VICTORY PARK LN,,DALLAS,,,75219,3.445353344377964e+18,TX,Liquor Store,,-96.809384764814
,DON'S FOOD STORE,,32.787256538857,,DALLAS,825 S CARROLL AVE,,DALLAS,,,75223,9.808631468816355e+18,TX,Supermarket,,-96.762622738319
,CANDY LAND,,32.930508319415,,DALLAS,13350 DALLAS PKWY # 3285,,DALLAS,,,75240,1.6476843555871607e+19,TX,Confectionery,,-96.820997176582
,LA RANCHERA INTERNATIONAL FOODS LLC,,32.803390440251,,DALLAS,4823 BRYAN ST,,DALLAS,,,75204,1.6597065955087438e+19,TX,Supermarket,,-96.774119529075
,CRAFTED,,32.952882675473,,GARLAND,460 CONEFLOWER DR,,DALLAS,,,75040,1.2111252657962437e+19,TX,Liquor Store,,-96.612122985019
,DING VENDING LLC,,32.821242557255,,IRVING,801 N O CONNOR RD # 1007,,DALLAS,,,75061,1.5479752354649756e+19,TX,Specialty Food,,-96.949676113858
,MALONE'S COST PLUS,,32.792183959365,,MESQUITE,4850 SAMUELL BLVD,,DALLAS,,,75149,6.79842742426929e+18,TX,Supermarket,,-96.671405163929
,LONE STAR PRODUCE,,32.729545154398,,DALLAS,1437 S MARLBOROUGH AVE,,DALLAS,,,75208,1.2847505360108472e+19,TX,Produce Market,,-96.851783262211
,THRIFT FOOD MART,,32.898721816803,,GARLAND,1614 S 5TH ST,,DALLAS,,,75040,1.622394862956985e+19,TX,Convenience Store,,-96.63625853283
,SHOP N GO # 8,,32.895911608496,,GARLAND,1815 S 1ST ST STE E,,DALLAS,,,75040,1.752266492774615e+19,TX,Convenience Store,,-96.631106854451
,MILITARY QUICK STOP,,32.776597791606,,DALLAS,5936 MILITARY PKWY,,DALLAS,,,75227,1.112377573115234e+19,TX,Convenience Store,,-96.716419172443
,CITY LINE BEER & WINE,,32.740340243629,,DALLAS,3600 W JEFFERSON BLVD,,DALLAS,,,75211,1.3351547643313668e+19,TX,Liquor Store,,-96.878641915861
,TITO'S MEAT MARKET,,32.72779250392,,BALCH SPRINGS,3000 PIONEER RD STE 1,,DALLAS,,,75181,4.907374776401283e+18,TX,Supermarket,,-96.601338585638
,TIENDA VARIEDADES,,32.823753525223,,IRVING,1770 W IRVING BLVD STE 11,,DALLAS,,,75061,1.331229868292776e+19,TX,Supermarket,,-96.967637988371
,FARMERS DELITE,,32.583482790977,,DE SOTO,440 S HAMPTON RD,,DALLAS,,,75115,2.1159972629685373e+18,TX,Produce Market,,-96.856805865776
,GOODY GOODY #6,,32.811842272028,,DALLAS,7729 GARLAND RD,,DALLAS,,,75218,1.5066162066179543e+18,TX,Liquor Store,,-96.728468847033
,KROGER TEXAS L.P. #517,,32.952903180749,,RICHARDSON,160 N COIT RD,,DALLAS,,,75080,2.039675256216766e+18,TX,Supermarket,,-96.768762696356
,KROGER TEXAS L.P./DALLAS OFFICE,,32.95243592161,,COPPELL,751 FREEPORT PKWY,,DALLAS,,,75019,1.5895141951935824e+19,TX,Supermarket,,-97.010862228652
,RANDALL'S FOOD AND DRUG # 2544,,32.888774334903,,DALLAS,10455 N CENTRAL EXPY STE 119,,DALLAS,,,75231,7.272709630391568e+18,TX,Supermarket,,-96.770191047127
,MILLER MART,,32.894117937413,,GARLAND,1506 W MILLER RD,,DALLAS,,,75041,6.333254332920909e+18,TX,Convenience Store,,-96.609997155532
,AZTECA MEXICAN CANDY IMP,,32.880842951679,,DALLAS,2860 WALNUT HILL LN STE 106,,DALLAS,,,75229,3.3315422499111086e+18,TX,Confectionery,,-96.881758079564
,"GOOD FORTUNE SUPERMARKET OF DALLAS, INC.",,32.953691806911,,RICHARDSON,400 N GREENVILLE AVE STE 1,,DALLAS,,,75081,1.6492449470952522e+19,TX,Supermarket,,-96.728619871016
,FRANKIE & VINCIE'S,,32.833700654053,,MESQUITE,5111 KIAMESHA WAY,,DALLAS,,,75150,1.7112178979204973e+19,TX,Specialty Food,,-96.655802275845
,THE SHOPPE OF WINDSOR AT TURTLE CREEK,,32.797763368008,,DALLAS,2217 IVAN ST,,DALLAS,,,75201,1.559274709612708e+18,TX,Convenience Store,,-96.809970766647
,VILLESCAS IMPORTS,,32.817676357026,,IRVING,1023 E PIONEER DR APT 119,,DALLAS,,,75061,1.7751162328021092e+19,TX,Produce Market,,-96.933836700473
,NEW DAIRY WAY #2,,32.786328242621,,MESQUITE,1800 N GALLOWAY AVE STE 200,,DALLAS,,,75149,2.2506242129667203e+18,TX,Convenience Store,,-96.605199011017
,BEVERAGE DEPOT,,32.792911811504,,DALLAS,2810 SAMUELL BLVD STE A,,DALLAS,,,75223,5.924336337857591e+17,TX,Liquor Store,,-96.746156568656
,ZARA FOOD MART,,32.817559340244,,IRVING,1102 E PIONEER DR STE H,,DALLAS,,,75061,3.4337579102366766e+18,TX,Convenience Store,,-96.933327754637
,SWEET TREATS THE CANDY JAR IX,,32.95191492225,,GARLAND,355 CONEFLOWER DR,,DALLAS,,,75040,1.7063784141249729e+19,TX,Confectionery,,-96.6129662595
,TACO GRANDE,,32.866488121901,,DALLAS,2927 LOMBARDY LN,,DALLAS,,,75220,1.8095278248239909e+19,TX,Convenience Store,,-96.876458577318
,BUCKHORN DISCOUNT LIQOURS,,32.949691770927,,ADDISON,14825 INWOOD RD,,DALLAS,,,75001,1.1794884270244383e+19,TX,Liquor Store,,-96.82917712799
,SNAP KITCHEN #19,,32.818410352524,,DALLAS,4436 LEMMON AVE,,DALLAS,,,75219,1.7410692850274093e+19,TX,Specialty Food,,-96.812913774638
,SPIRITS DEPOT,,32.560228795773,,GLENN HEIGHTS,1551 S BECKLEY RD STE A,,DALLAS,,,75154,7.832960414259142e+17,TX,Liquor Store,,-96.822971367386
,EL RANCHO EXPRESS #4611 FUEL STATION,,32.856830961115,,IRVING,3626 W NORTHGATE DR,,DALLAS,,,75062,1.233563173540412e+19,TX,Supermarket,,-96.995113422957
,TEXAS ICE VENDING,,32.733980970101,,DALLAS,9024 LAKE JUNE RD STE A,,DALLAS,,,75217,1.759976771282877e+19,TX,Specialty Food,,-96.664362449613
,STONEY'S,,32.813801959189,,DALLAS,6038 ORAM ST,,DALLAS,,,75206,1.2068563946536913e+19,TX,Liquor Store,,-96.762478215261
,CARNICERIA LA ALTENA - FORT WORTH LLC.,,32.854571388036,,IRVING,2316 TIMBERLAKE DR,,DALLAS,,,75062,2.1442192219490396e+18,TX,Supermarket,,-96.981847809326
,MI CASITA SONSONATECA,,32.755570158087,,DALLAS,2543 S BUCKNER BLVD STE A,,DALLAS,,,75227,1.5572723979456563e+19,TX,Supermarket,,-96.682991839148
,SANER FOOD MART,,32.712980661439,,DALLAS,2808 S MARSALIS AVE,,DALLAS,,,75216,1.5741196088635705e+19,TX,Convenience Store,,-96.814499378389
,STOP N GO,,32.907834401373,,GARLAND,609 DAIRY RD STE 100,,DALLAS,,,75040,1.7525404435647056e+19,TX,Convenience Store,,-96.621134503554
,COOL ZONE,,32.86410964168,,DALLAS,4275 W NORTHWEST HWY,,DALLAS,,,75220,2.1658256524574246e+18,TX,Convenience Store,,-96.837450788178
,"YI GROUP, INC.",,32.893004152729,,DALLAS,2237 JOE FIELD RD STE 101,,DALLAS,,,75229,3.33326181144153e+17,TX,Supermarket,,-96.903644369809
,ARI'S PANTRY,,32.781180157982,,DALLAS,1800 MAIN ST STE 124,,DALLAS,,,75201,6.992657668487681e+16,TX,Supermarket,,-96.796373062657
,TRADER JOE'S #407,,32.951465582093,,DALLAS,14856 PRESTON RD STE 200,,DALLAS,,,75254,1.4897037431035347e+19,TX,Supermarket,,-96.803399482286
,BE A BOSS LLC,,32.869463838398,,DALLAS,12800 JUPITER RD APT 322,,DALLAS,,,75238,4.2072752787711764e+18,TX,Specialty Food,,-96.682976960546
,GOOD LUCK,,32.773627091637,,DALLAS,332 W COMMERCE ST,,DALLAS,,,75208,5.37506270368303e+18,TX,Convenience Store,,-96.828540656063
,JONNIS,,32.655180609356,,SEAGOVILLE,1706 N HIGHWAY 175,,DALLAS,,,75159,1.0433050596812866e+19,TX,Confectionery,,-96.557441444125
,EL CUSCATLECO,,32.817300269664,,IRVING,410 N O CONNOR RD,,DALLAS,,,75061,2.690408224954599e+18,TX,Convenience Store,,-96.949460181261
,KWIK STOP DRIVE THRU,,32.830841813225,,MESQUITE,4921 GUS THOMASSON RD,,DALLAS,,,75150,1.1291351585956383e+19,TX,Convenience Store,,-96.655026438077
,"POPULAR DONUT, INC.",,32.648671326206,,SEAGOVILLE,106 HALL RD,,DALLAS,,,75159,8.387143345911976e+18,TX,Specialty Food,,-96.549033222357
,CASA SAN MIGUEL DE ALLENDE,,32.734337976585,,GRAND PRAIRIE,950 S CARRIER PKWY,,DALLAS,,,75051,5.73652975040596e+18,TX,Specialty Food,,-97.014721074953
,GRAILEY'S,,32.813801959189,,DALLAS,6038 ORAM ST,,DALLAS,,,75206,1.7791331075281587e+18,TX,Liquor Store,,-96.762478215261
,GOOD LUCK,,32.691367412007,,DALLAS,727 E ANN ARBOR AVE,,DALLAS,,,75216,1.2985682361968837e+19,TX,Convenience Store,,-96.814248299993
,BEVERAGE DEPOT #4,,32.907700371391,,ROWLETT,5050 LAKEVIEW PKWY,,DALLAS,,,75088,1.2480606339258077e+19,TX,Liquor Store,,-96.553659611584
,"SCROOGE AND MARLEY, INC.",,32.864199536505,,GARLAND,1933 NORTHWEST HWY STE A,,DALLAS,,,75041,5851118361725033.0,TX,Convenience Store,,-96.657065768494
,GROCERY SERVICES NORTH,,32.916076985483,,GARLAND,310 N BARNES DR STE A,,DALLAS,,,75042,1.3488943252467763e+19,TX,Convenience Store,,-96.678622452513
,PRESSED JUICERY,,32.894963589525,,DALLAS,6025 ROYAL LN STE 105,,DALLAS,,,75230,3.690638954932882e+18,TX,Specialty Food,,-96.803181595304
,BUY LOW BEER & WINE,,32.864965739594,,DALLAS,8550 PLANO RD STE 102,,DALLAS,,,75238,1.1045495722752625e+19,TX,Convenience Store,,-96.700338238556
,LONE STAR LIQUOR 1,,32.783561047345,,IRVING,2800 GLENWICK LN STE 100,,DALLAS,,,75060,8.81097308879292e+18,TX,Liquor Store,,-96.973244021013
,FRUTERIA MARANATHA,,32.909351811202,,GARLAND,3219 FOREST LN,,DALLAS,,,75042,1.667915817086598e+19,TX,Confectionery,,-96.678728843369
,MORNING TREAT DONUT,,32.746749743351,,MESQUITE,701 E CARTWRIGHT RD STE 123,,DALLAS,,,75149,7.092097710949549e+18,TX,Bakery,,-96.60654752774
,WE THE BEST FOODMART,,32.605560952647,,LANCASTER,1415 N DALLAS AVE,,DALLAS,,,75134,6.578698949647094e+18,TX,Convenience Store,,-96.759330173084
,FRIENDLY FOOD STORE,,32.735041742948,,DALLAS,4123 W CLARENDON DR,,DALLAS,,,75211,1.3748129879521642e+19,TX,Convenience Store,,-96.887607764382
,SARIGAMA INDIAN CAFE AND SUPERMARKET,,32.883748192234,,IRVING,5427 N MACARTHUR BLVD,,DALLAS,,,75038,1.0236624652603507e+19,TX,Supermarket,,-96.964268353231
,TOM THUMB #2590,,33.023169049452,,CARROLLTON,4112 N JOSEY LANE,,DALLAS,,,75007,6.177962857555642e+18,TX,Supermarket,,-96.884753943599
,KWIK WAY GROCERY,,32.863237064669,,DALLAS,12405 JUPITER RD,,DALLAS,,,75218,1.7705136561082943e+19,TX,Convenience Store,,-96.683298989969
,NECIPE,,32.895431978345,,DALLAS,2240 ROYAL LN STE 303,,DALLAS,,,75229,4.807078561020158e+17,TX,Supermarket,,-96.903751983955
,KROGER TEXAS L.P. #587 & FUEL CENTER,,32.997093519648,,DALLAS,3939 FRANKFORD RD,,DALLAS,,,75287,4.039407292650311e+18,TX,Supermarket,,-96.846657835968
,BRUTON FOOD MART,,32.747862209756,,DALLAS,2015 N MASTERS DR STE 260,,DALLAS,,,75217,1.3331850761198256e+19,TX,Convenience Store,,-96.648437078709
,DOC'S MART,,32.607605340053,,CEDAR HILL,1030 N HIGHWAY 67 STE A,,DALLAS,,,75104,1.7092215007753748e+19,TX,Convenience Store,,-96.927173625468
,GREAT DISCOUNT,,32.604065178097,,LANCASTER,3250 W PLEASANT RUN RD STE 230,,DALLAS,,,75146,3.2701277334265047e+18,TX,Convenience Store,,-96.820930002139
,HESED DONUT,,32.895026949095,,DALLAS,2780 ROYAL LN STE B,,DALLAS,,,75229,1.126244876251472e+19,TX,Bakery,,-96.88384522872
,SHINE GROCERY STORE LLC,,32.871148586245,,DALLAS,8361 PARK LN STE 100,,DALLAS,,,75231,5.685994823477383e+18,TX,Supermarket,,-96.761072703395
,KING MARKET #2 FOOD STORE,,32.662273792711,,DALLAS,1007 W CAMP WISDOM RD,,DALLAS,,,75232,1.483233150838657e+18,TX,Convenience Store,,-96.838408043308
,AMERICAN SPIRITS BEVERAGE CO,,32.949648334168,,ADDISON,14821 INWOOD RD,,DALLAS,,,75001,1.7111140607270113e+18,TX,Liquor Store,,-96.829162036505
,LYAN ASIAN MARKET & RESTAURANT,,32.916699334743,,GARLAND,4425 W WALNUT ST STE 315,,DALLAS,,,75042,1.61170632089631e+19,TX,Supermarket,,-96.700618610669
,YETI FOOD MART,,32.870045043776,,GARLAND,126 E CENTERVILLE RD,,DALLAS,,,75041,1.4646371989507623e+19,TX,Convenience Store,,-96.631770305246
,HMS MART,,32.797215995848,,MESQUITE,3733 N TOWN EAST BLVD STE 100,,DALLAS,,,75150,1.234096545823885e+19,TX,Convenience Store,,-96.651884796838
,DESOTO BEER & WINE,,32.604405593258,,DESOTO,1031 E PLEASANT RUN RD,,DALLAS,,,75115,5.838677148648752e+18,TX,Liquor Store,,-96.832413738373
,LAVANDERIA SUPER WASH & DRY,,32.830316088253,,IRVING,2726 W IRVING BLVD,,DALLAS,,,75061,1.6080481455767376e+19,TX,Convenience Store,,-96.982461516695
,SIMPLY LIQUOR,,32.969910954624,,SACHSE,5120 HIGHWAY 78 STE 500,,DALLAS,,,75048,1.1069561087813763e+19,TX,Liquor Store,,-96.605024750355
,ARI'S PANTRY,,32.779507067053,,DALLAS,3011 GULDEN LN STE 119,,DALLAS,,,75212,5.382781937463543e+18,TX,Supermarket,,-96.827775615014
,AJ SNACKS,,32.684699575183,,GRAND PRAIRIE,2211 COYOTE TRL,,DALLAS,,,75052,1.0636657174265942e+19,TX,Specialty Food,,-97.035082450749
,GLEN BROS LLC,,32.9449782237,,GARLAND,1456 BELT LINE RD STE 127,,DALLAS,,,75044,3.479990379844292e+18,TX,Convenience Store,,-96.648930516624
,JOSE DALLAS PRODUCE,,32.771467838909,,DALLAS,2015 CORINTH ST,,DALLAS,,,75215,1.7422447899435223e+19,TX,Produce Market,,-96.782640756026
,DESOTO DONUT & CAFE,,32.589729007071,,DESOTO,1240 W BELT LINE RD STE D,,DALLAS,,,75115,5.292775969144127e+18,TX,Bakery,,-96.889460383006
,BALE CHANH GOC BAKERY,,32.91710551695,,GARLAND,3526 W WALNUT ST,,DALLAS,,,75042,6.0363161523211e+18,TX,Bakery,,-96.683571785216
,TOM THUMB #2534,,32.836588453824,,DALLAS,6333 E MOCKINGBIRD LN STE 301,,DALLAS,,,75214,1.735236508133381e+19,TX,Supermarket,,-96.754546076198
,KROGER TEXAS L.P. #403,,32.839059684319,,GARLAND,532 W I-30,,DALLAS,,,75043,5.598429414303878e+18,TX,Supermarket,,-96.596876670598
,7-SEVEN BEVERAGE STORE,,32.86354827814,,DALLAS,9500 WEBB CHAPEL RD,,DALLAS,,,75220,8.092863393819411e+18,TX,Convenience Store,,-96.860692526567
,FITZHUGH CHEVRON,,32.815147281072,,DALLAS,4151 N CENTRAL EXPY,,DALLAS,,,75204,2.777029987480913e+18,TX,Convenience Store,,-96.790167739145
,QUALITY LICENSING CORP STORE#5042,,32.921509729087,,DALLAS,12789 MIDWAY RD,,DALLAS,,,75244,2.932445950250338e+18,TX,Liquor Store,,-96.838316675643
,S & B STORE,,32.702690511737,,DALLAS,9606 C F HAWN FWY,,DALLAS,,,75217,1.7502993989054908e+19,TX,Convenience Store,,-96.656177394021
,STOP-N-GO GYROS,,32.920786824719,,CARROLLTON,2460 LACY LN STE 110,,DALLAS,,,75006,3.7098983407294423e+18,TX,Specialty Food,,-96.927072721492
,KAZY'S GOURMET SHOP,,32.913651835853,,DALLAS,9256 MARKVILLE DR,,DALLAS,,,75243,1.6460600373504723e+19,TX,Specialty Food,,-96.740728054331
,"CAKES & COOKIES BY DONNA, LLC",,32.884773028852,,ROWLETT,5006 PETERSBURG DR,,DALLAS,,,75088,1.4031315719917093e+19,TX,Bakery,,-96.55404475043
,UNCLE KEV'S,,32.804518823885,,DALLAS,4141 OFFICE PKWY,,DALLAS,,,75204,2.8988565911729116e+18,TX,Confectionery,,-96.788384183685
,RUBEN'S,,32.717429407958,,DALLAS,2517 S BECKLEY AVE,,DALLAS,,,75224,6.482500572224439e+18,TX,Convenience Store,,-96.822975982594
,GROCERY SERVICES NORTH,,32.755021150879,,DALLAS,1050 N WESTMORELAND RD STE 312,,DALLAS,,,75211,5.6025618271936915e+17,TX,Convenience Store,,-96.873966828844
,THE CORNER MARKET,,32.829315110757,,DALLAS,3426 GREENVILLE AVE,,DALLAS,,,75206,1.230504640230872e+19,TX,Supermarket,,-96.770113640651
,KROGER TEXAS L.P. #209,,32.771036384068,,MESQUITE,525 N GALLOWAY AVE,,DALLAS,,,75149,1.1310142980092086e+19,TX,Supermarket,,-96.599227443755
,THE MEAT SHOP,,32.85110695525,,DALLAS,4410 W LOVERS LN,,DALLAS,,,75209,5.064381849057577e+18,TX,Supermarket,,-96.834608568858
,"SSS INTERNATIONAL, LLC",,32.966955158923,,CARROLLTON,2145 CHENAULT DR STE 110,,DALLAS,,,75006,1.54529526057356e+19,TX,Convenience Store,,-96.844979509536
,KROGER TEXAS L.P. #511,,32.863539624254,,DALLAS,10677 E NORTHWEST HWY STE 300,,DALLAS,,,75238,2.1176957350718536e+18,TX,Supermarket,,-96.70098382187
,"G & G FOOD MART, INC.",,32.93089523355,,GARLAND,1432 W BUCKINGHAM RD,,DALLAS,,,75042,1.0500039974539645e+19,TX,Supermarket,,-96.648856307951
,TERROIR - A PLACE FOR WINE,,32.831478465107,,DALLAS,9225 GARLAND RD STE 2120,,DALLAS,,,75218,8.322235367447612e+18,TX,Liquor Store,,-96.705180370423
,KIEST SHELL,,32.705878928223,,DALLAS,4411 W KIEST BLVD,,DALLAS,,,75236,1.6198088759198106e+19,TX,Convenience Store,,-96.891698519284
,DALLAS NOVELTIES & BEAUTY SUPPLY,,32.695204018762,,DALLAS,3937 S COCKRELL HILL RD,,DALLAS,,,75236,1.6363073132771627e+19,TX,Convenience Store,,-96.891538838896
,CLARENDON FOOD MART,,32.735268458205,,DALLAS,1323 W CLARENDON DR,,DALLAS,,,75208,3.2627329801065795e+18,TX,Convenience Store,,-96.843124806206
,BRETT'S BILTONG DTX,,32.91822906379,,ROWLETT,6501 DALROCK RD STE 102,,DALLAS,,,75089,1.2505127670281816e+19,TX,Liquor Store,,-96.517947078297
,RHOMBUS WINES,,32.965998772898,,RICHARDSON,1501 N PLANO RD STE 200,,DALLAS,,,75081,1.7860752076141906e+19,TX,Liquor Store,,-96.699997975998
,"HIGH OCTANE JOE'S, LLC #51",,32.704078997631,,GRAND PRAIRIE,2830 S HIGHWAY 161,,DALLAS,,,75052,3.3473904700702904e+18,TX,Specialty Food,,-97.02408939836
,MESQUITE VAPES,,32.773136377698,,MESQUITE,714 N GALLOWAY AVE,,DALLAS,,,75149,9.937327871209327e+18,TX,Convenience Store,,-96.598988400502
,MARBLE SLAB CREAMERY #133,,32.5930578531,,CEDAR HILL,374 E FM 1382,,DALLAS,,,75104,1.4231137342429741e+19,TX,Specialty Food,,-96.937964842506
,KROGER # 870 FUEL CENTER,,32.953031936806,,ADDISON,3772 BELT LINE RD,,DALLAS,,,75001,4.740694311977765e+18,TX,Supermarket,,-96.852588374529
,AK C-STORE,,32.924950646884,,DALLAS,7995 LYNDON B JOHNSON FWY STE 110,,DALLAS,,,75251,1.5359363345819849e+19,TX,Convenience Store,,-96.76984406287
,7-ELEVEN CONVENIENCE STORE #38249A,,32.937071512829,,FARMERS BRANCH,14054 N STEMMONS FWY,,DALLAS,,,75234,5.993494659652473e+18,TX,Supermarket,,-96.901880339631
,PADDY'S SHELL,,32.946755995423,,CARROLLTON,1600 S INTERSTATE 35E,,DALLAS,,,75006,1.0663695282366202e+19,TX,Convenience Store,,-96.906424046327
,AL MARKAZ,,32.982722604005,,CARROLLTON,1205 W TRINITY MILLS RD STE 112,,DALLAS,,,75006,1.7623721195347855e+19,TX,Supermarket,,-96.915557184984
,GROCERY SERVICES NORTH #9,,32.882179071754,,GARLAND,2851 DAIRY RD STE B,,DALLAS,,,75041,2.379766791810991e+18,TX,Convenience Store,,-96.622251740346
,JC PRODUCE,,32.809640733922,,DALLAS,7510 E GRAND AVE APT 3214,,DALLAS,,,75214,1.3997714016558926e+19,TX,Produce Market,,-96.730797394808
,BORRACHO MICHE MIX,,32.567884175363,,LANCASTER,3105 LOMITA DR STE 107B,,DALLAS,,,75146,5.078302389786004e+18,TX,Specialty Food,,-96.821975521454
,LOCALS CRAFT BEER AND FINE WINE,,32.923134073251,,FARMERS BRANCH,13050 BEE ST STE 100,,DALLAS,,,75234,3.6558540442187397e+18,TX,Liquor Store,,-96.895707207338
,BEVERAGE DEPOT,,32.865792542058,,DALLAS,6575 E NORTHWEST HWY,,DALLAS,,,75231,7.835597845113098e+18,TX,Liquor Store,,-96.792595340686
,MONTICELLO BEER WINE AND SPIRIT,,32.825954726336,,DALLAS,4855 N CENTRAL EXPY,,DALLAS,,,75205,1.7806208857401215e+19,TX,Liquor Store,,-96.784589689012
,"RAPIDO ICE, LLC",,32.944190972977,,FARMERS BRANCH,14500 JOSEY LN STE 105,,DALLAS,,,75234,1.1314102748356495e+19,TX,Specialty Food,,-96.890229007546
,SHORT BIT & TOOL COMPANY,,32.911924865222,,GARLAND,225 GOLD ST,,DALLAS,,,75042,5.023155853403768e+18,TX,Supermarket,,-96.659671129297
,BLUE DRAGON EVENT CENTER,,32.686753209431,,DALLAS,9255 S CENTRAL EXPY,,DALLAS,,,75241,1.000271053546752e+19,TX,Convenience Store,,-96.737066341172
,DELANEYS STORE,,32.745733437526,,DALLAS,338 AVENUE G,,DALLAS,,,75203,1.834840383166089e+19,TX,Confectionery,,-96.793083367597
,S & S FOOD,,32.811338118995,,DALLAS,2402 N FITZHUGH AVE,,DALLAS,,,75204,7.068335068924956e+18,TX,Convenience Store,,-96.782184258979
,GRAND LIQUOR,,32.916597306437,,GARLAND,501 WARREN DR,,DALLAS,,,75042,1.2037079005701816e+19,TX,Liquor Store,,-96.677800012646
,SAM FOOD AND BEER,,32.895017949048,,DALLAS,2802 ROYAL LN STE 101,,DALLAS,,,75229,1.812930106341584e+19,TX,Convenience Store,,-96.882729889521
,RANDALL'S FOOD AND DRUGS #2590,,33.023169049452,,CARROLLTON,4112 N JOSEY,,DALLAS,,,75007,1.4261316905023457e+19,TX,Supermarket,,-96.884753943599
,A K C MART,,32.971975887614,,CARROLLTON,2202 HEADS LN STE 100,,DALLAS,,,75006,1.0013738532966058e+19,TX,Convenience Store,,-96.873157920216
,RIDGEVIEW FOOD MART,,32.780458032348,,MESQUITE,1012 RIDGEVIEW ST STE 107,,DALLAS,,,75149,4.977813803847535e+18,TX,Convenience Store,,-96.623008952566
,JEGRAKY LLC,,32.6350170008,,DALLAS,7002 WAX BERRY DR,,DALLAS,,,75249,1.8215976923254114e+19,TX,Specialty Food,,-96.943764080873
,DAIRY MART,,32.775414550901,,MESQUITE,211 W GRUBB DR,,DALLAS,,,75149,3.24256879305689e+18,TX,Convenience Store,,-96.600528881384
,DRIP N ROLL LLC,,32.91822906379,,ROWLETT,6501 DALROCK RD STE 104,,DALLAS,,,75089,1.2143402444288573e+19,TX,Specialty Food,,-96.517947078297
,PULLUP MARKET LLC,,32.784424738339,,DALLAS,101 S WALTON ST STE 215,,DALLAS,,,75226,8.881215262430086e+18,TX,Convenience Store,,-96.780609757078
,COIT DONUT,,32.925229150861,,DALLAS,13015 COIT RD STE C,,DALLAS,,,75240,1.4443864897914977e+18,TX,Bakery,,-96.769339834512
,GOODY GOODY LIQUOR,,32.864513825003,,DALLAS,10370 OLYMPIC DR STE A,,DALLAS,,,75220,4.913953789140094e+18,TX,Liquor Store,,-96.886445391509
,HOPE & FAITH INTERNATIONAL MARKET,,32.886345100355,,DALLAS,2425 SOUTHWELL RD,,DALLAS,,,75229,1.0881438089521025e+19,TX,Specialty Food,,-96.896569679564
,NEIGHBORHOOD NEWS,,32.840997787856,,IRVING,3880 IRVING MALL # 3851,,DALLAS,,,75062,1.7278052638184718e+19,TX,Convenience Store,,-96.994366140852
,LIQUORLAND,,32.842841105998,,IRVING,2660 N BELT LINE RD,,DALLAS,,,75062,1.6737677681481566e+19,TX,Liquor Store,,-96.992350178421
,HEB CENTRAL MARKET #653,,32.895193972207,,DALLAS,10720 PRESTON RD STE 1018,,DALLAS,,,75230,1.4591289183529683e+19,TX,Liquor Store,,-96.803845948723
,BODEGA WINE BAR,,32.836356119451,,DALLAS,6434 E MOCKINGBIRD LN STE 109,,DALLAS,,,75214,9.4222223935422e+18,TX,Liquor Store,,-96.752178096403
,1 STOP FOOD STORE,,32.916859534223,,GARLAND,3805 W WALNUT ST,,DALLAS,,,75042,5.229511278597786e+18,TX,Convenience Store,,-96.68914568013
,ONE STOP C STORE,,32.736972506073,,DALLAS,910 S HAMPTON RD STE D,,DALLAS,,,75208,9.296675657084324e+18,TX,Convenience Store,,-96.856606834099
,SIMON DAVID #3608,,32.865343307094,,DALLAS,7700 W NORTHWEST HWY STE 100,,DALLAS,,,75225,1.0703041412997204e+19,TX,Supermarket,,-96.77425777642
,MUNDOS ICE LLC,,32.804817742109,,IRVING,919 LUCILLE ST,,DALLAS,,,75060,8.920512543952423e+18,TX,Specialty Food,,-96.94041613794
,FRUTERIA CANO,,32.797141347515,,DALLAS,723 S BEACON ST,,DALLAS,,,75223,1.1915190811131396e+19,TX,Produce Market,,-96.751365498037
,FRUTERIA Y PALETERIA LAS PINAS LOCAS,,32.718525567208,,DALLAS,2410 DUNCANVILLE RD STE 110,,DALLAS,,,75211,1.0181118930645242e+19,TX,Produce Market,,-96.908450350169
,AMIGOS FOOD MART,,32.828468919999,,IRVING,2520 W IRVING BLVD STE 120,,DALLAS,,,75061,1.5272390977314177e+19,TX,Convenience Store,,-96.977536559599
,MONTERREY INC,,32.744702992482,,DALLAS,300 E JEFFERSON,,DALLAS,,,75203,1.1440723377052142e+19,TX,Supermarket,,-96.820359617067
,O DONUTS,,32.662024550084,,DUNCANVILLE,311 E CAMP WISDOM RD,,DALLAS,,,75116,6.644595678948574e+18,TX,Bakery,,-96.902620885626
,YUMILICIOUS,,32.808021747518,,DALLAS,3000 BLACKBURN ST STE 160,,DALLAS,,,75204,8.903507602408753e+18,TX,Specialty Food,,-96.794821472392
,SHIPLEY DONUTS JKW,,32.836956086555,,DALLAS,10332 FERGUSON RD,,DALLAS,,,75228,8.581143159538143e+18,TX,Food Store,,-96.670988709378
,"SSS INTERNATIONAL, LLC",,32.972242129071,,ADDISON,4150 KELLWAY CIR,,DALLAS,,,75001,1.7458049967409086e+19,TX,Convenience Store,,-96.841204039834
,FRIENDS LIQUOR,,32.744219911408,,GRAND PRAIRIE,210 SW 2ND ST STE 250,,DALLAS,,,75051,1.3472165736370555e+19,TX,Liquor Store,,-97.004948356773
,1358 BAKERY,,32.921537469264,,GARLAND,4726 CORNELL DR,,DALLAS,,,75042,1.1108905502184e+19,TX,Bakery,,-96.703955616551
,"WHITES ONE STOP CONVENIENCE STORE, AUTO SALES & MA",,32.686351683464,,DALLAS,9281 S CENTRAL EXPY,,DALLAS,,,75241,1.7008019121462528e+19,TX,Convenience Store,,-96.736814116839
,SWEET PEA SPICE,,32.985617175415,,DALLAS,17227 MARIANNE CIR,,DALLAS,,,75252,1.462323032678876e+18,TX,Specialty Food,,-96.800053947698
,DELIGHT FOOD MART,,32.808602324471,,IRVING,1420 W 6TH ST,,DALLAS,,,75060,8.928346366766434e+18,TX,Convenience Store,,-96.962540601106
,KROGER FUEL CENTER #527,,32.661985675083,,DUNCANVILLE,203 W CAMP WISDOM RD,,DALLAS,,,75116,3.491649891613755e+18,TX,Supermarket,,-96.90857968972
,MS FOOD MART,,32.720496073165,,DALLAS,4323 W ILLINOIS AVE STE 104,,DALLAS,,,75211,1.687261799320914e+19,TX,Convenience Store,,-96.89068439855
,WINSTON SUNDRY SHOP/MEHDI MOHAMMED,,32.913591972519,,DALLAS,12400 COIT RD STE 130,,DALLAS,,,75251,6.947272710996118e+18,TX,Convenience Store,,-96.769235856675
,ANNA'S DELI,,32.909515243151,,DALLAS,7777 FOREST LN # C-A92,,DALLAS,,,75230,5.458612222049339e+18,TX,Specialty Food,,-96.772150803179
,PERFECT POUR WINE COMPANY,,32.799665363053,,DALLAS,2505 FARRINGTON ST,,DALLAS,,,75207,1.6575272491274818e+19,TX,Liquor Store,,-96.838931495776
,APPLEJACKS LIQUOR,,32.923831488647,,IRVING,8704 CYPRESS WATERS BLVD STE 100,,DALLAS,,,75063,8.713993244810497e+18,TX,Liquor Store,,-96.991212277996
,GROCERY SERVICES NORTH #8,,32.737250843432,,GRAND PRAIRIE,828 S CARRIER PKWY STE 101,,DALLAS,,,75051,1.7409409390019695e+19,TX,Convenience Store,,-97.014482523691
,HAS TO BE HASTER'S,,32.872334224002,,DALLAS,9334 CLEARHURST DR,,DALLAS,,,75238,3.406160570856916e+18,TX,Confectionery,,-96.726831281308
,SNAP KITCHEN #31,,32.851221545797,,DALLAS,5627 W LOVERS LN,,DALLAS,,,75209,2.1906998368127726e+18,TX,Specialty Food,,-96.815427669057
,BLUE LINE DISTRIBUTING DIV,,32.910145255148,,DALLAS,2605 LYNDON B JOHNSON FWY,,DALLAS,,,75234,1.1736150614887826e+18,TX,Grocery Store,,-96.888004483573
,TRISTAR LIQUOR,,32.792916548218,,DALLAS,3320 SAMUELL BLVD,,DALLAS,,,75223,1.054408161641177e+19,TX,Liquor Store,,-96.738669218826
,TEQUILA FOR YOU,,32.878185886719,,DALLAS,9910 MONROE DR STE A8,,DALLAS,,,75220,1.188052212171206e+19,TX,Liquor Store,,-96.877960773209
,THIS GIRL WORKS VENDING,,32.696369992865,,GRAND PRAIRIE,1917 FOX MEADOW TRL,,DALLAS,,,75052,1.5375886116108564e+18,TX,Specialty Food,,-97.029526679714
,AMIGOS LIQUOR BEER & WINE,,32.736918656776,,DALLAS,4444 W JEFFERSON BLVD STE 622,,DALLAS,,,75211,1.4448669944619418e+19,TX,Liquor Store,,-96.892319305997
,SEAGOVILLE PHILLY STEAK,,32.651506086059,,SEAGOVILLE,950 E MALLOY BRG,,DALLAS,,,75159,1.343153545069011e+19,TX,Convenience Store,,-96.52886113668
,ONE MAIN SUNDRY,,32.780250444073,,DALLAS,1201 MAIN ST STE P290,,DALLAS,,,75202,1.071064062426489e+19,TX,Convenience Store,,-96.801289261722
,AMIGOS LATINOS,,32.895582573424,,DALLAS,10818 DENNIS RD STE 103,,DALLAS,,,75229,3.361269455424081e+18,TX,Convenience Store,,-96.881335439783
,OK FOOD MART,,32.662095584774,,DALLAS,4343 W CAMP WISDOM RD STE 124,,DALLAS,,,75237,1.1867822982305108e+19,TX,Convenience Store,,-96.890013253049
,"HOWELL EXTRACTS, LLC",,32.808605715309,,DALLAS,607 TENISON MEMORIAL DR,,DALLAS,,,75223,4.498026540255498e+18,TX,Specialty Food,,-96.740116265445
,QUALITY LICENSING CORP STORE (STORE # 6376),,32.922233130345,,DALLAS,4062 LYNDON B JOHNSON FWY,,DALLAS,,,75244,1.3384854195398724e+19,TX,Liquor Store,,-96.845583947342
,PRIMOS LIQUOR,,32.739137431427,,COCKRELL HILL,3901 W JEFFERSON BLVD,,DALLAS,,,75211,1.0942391690641428e+19,TX,Liquor Store,,-96.884329376324
,"ALGAE 2 AUTOMATION, LLC",,32.848731415404,,IRVING,1322 MCHAM ST,,DALLAS,,,75062,9.389526313856356e+18,TX,Supermarket,,-96.961595753061
,SUPREME DALWORTH FOODS LLC,,32.74472457504,,GRAND PRAIRIE,1718 DALWORTH ST STE A,,DALLAS,,,75050,4.3611482224205696e+18,TX,Convenience Store,,-97.027364040225
,ATHEMY CONVENIENCE STORE,,32.756539104249,,DALLAS,3629 HOLMES ST,,DALLAS,,,75215,1.4907991220941902e+19,TX,Convenience Store,,-96.773482768569
,"MEAT BY THE CASE MEAT MARKET, LLC",,32.670998148917,,DALLAS,2550 W RED BIRD LN STE 500,,DALLAS,,,75237,1.8040688966339938e+19,TX,Meat Market,,-96.860768191676
,LIBRERIA CATOLICA SAN JUDAS TADEO,,32.686602895588,,DALLAS,5139 VETERANS DR,,DALLAS,,,75241,1.0252661474066778e+19,TX,Specialty Food,,-96.777614472019
,LA NUEVA PUNTADA #3,,32.829684554766,,IRVING,1401 E GRAUWYLER RD,,DALLAS,,,75061,1.158138417890232e+19,TX,Specialty Food,,-96.928914095118
,SAM JORDAN FOOD MART,,32.734216510046,,BALCH SPRINGS,11403 LAKE JUNE RD,,DALLAS,,,75180,1.3245169174948106e+19,TX,Convenience Store,,-96.629673308852
,GRACIELAS BAKERY,,32.791473007075,,DALLAS,112 S CARROLL AVE,,DALLAS,,,75226,1.2979898871800285e+19,TX,Food Store,,-96.767343423991
,H & B EASY WAY GROCERY,,32.896016937943,,GARLAND,118 GLENFIELD DR,,DALLAS,,,75040,5.696710547141774e+18,TX,Convenience Store,,-96.630585830204
,CIGARETTE FOR LESS,,32.953591633274,,CARROLLTON,1914 E BELT LINE RD STE 104,,DALLAS,,,75006,1.0947510718119037e+19,TX,Convenience Store,,-96.886834202926
,YELLOW STAR,,32.675035735515,,DALLAS,1203 E RED BIRD LN,,DALLAS,,,75241,3.0905023215416965e+18,TX,Convenience Store,,-96.805650630239
,DISCOUNT CIGARETTES & TOBACCO,,32.720334618223,,GRAND PRAIRIE,323 W MARSHALL DR,,DALLAS,,,75051,1.6533029035828988e+19,TX,Convenience Store,,-97.007473362748
,BUCKEYE LIQUOR,,32.880950952078,,DALLAS,2580 WALNUT HILL LN,,DALLAS,,,75229,1.3350732170147547e+19,TX,Liquor Store,,-96.891430034052
,LUCKY MINI STORE,,32.818219341902,,IRVING,323 N STORY RD,,DALLAS,,,75061,1.2064348963520205e+19,TX,Liquor Store,,-96.976453444861
,RINE BROTHERS INC,,32.909571216701,,IRVING,7601 N MACARTHUR BLVD,,DALLAS,,,75063,8.246799066637683e+18,TX,Specialty Food,,-96.95886669172
,TEXAS ICE VENDING,,32.748680637448,,DALLAS,8032 BRUTON RD,,DALLAS,,,75227,1.0536390899472286e+19,TX,Specialty Food,,-96.683971377122
,SUNNYVALE DONUT,,32.81529519901,,SUNNYVALE,3705 N BELT LINE RD STE 1010,,DALLAS,,,75182,1.0777068374036506e+18,TX,Bakery,,-96.59608808251
,AYO FARMERS MARKET,,32.863719903781,,IRVING,4070 N BELT LINE RD STE 128,,DALLAS,,,75038,5.862530935065035e+18,TX,Supermarket,,-96.991665696796
,CORNER FOOD MART,,32.91641950744,,GARLAND,2431 W WALNUT ST STE 100,,DALLAS,,,75042,1.598218273889133e+19,TX,Convenience Store,,-96.664409403765
,S & T FOOD STORE,,32.951706946291,,GARLAND,3845 N GARLAND AVE STE 100,,DALLAS,,,75040,6.330375162675809e+18,TX,Convenience Store,,-96.653996355234
,FROSTY FUSIONS,,32.857511535516,,DALLAS,11632 LANEWOOD CIR,,DALLAS,,,75218,6.572907243283956e+18,TX,Confectionery,,-96.680287320607
,ANATOLIA MART,,32.961741602822,,RICHARDSON,1144 N PLANO RD STE 107,,DALLAS,,,75081,3.4870865358090583e+18,TX,Specialty Food,,-96.699737297573
,MANGO LOCOMANIA,,32.889168715938,,DALLAS,11200 HARRY HINES BLVD,,DALLAS,,,75229,7.780480974822263e+18,TX,Produce Market,,-96.888665241299
,LA BODEGA ROTISSERIE & GOODS,,32.747957974331,,DALLAS,208 W 8TH ST,,DALLAS,,,75208,1.660310086272092e+19,TX,Supermarket,,-96.824865215761
,SHAHRZAD MEDITERANEAN MARKET,,32.961621100511,,RICHARDSON,970 N COIT RD STE 3025,,DALLAS,,,75080,8.529796248909203e+18,TX,Supermarket,,-96.768738684989
,BURGUNDYS LOCAL GRASS FED MEAT MARKET,,32.79547741742,,DALLAS,3314 ROSS AVE STE 100,,DALLAS,,,75204,7.590212818935009e+17,TX,Meat Market,,-96.78897709186
,"AROMA COFFEE AND VENDING, INC.",,32.782692282236,,DALLAS,1601 BRYAN ST STE 100,,DALLAS,,,75201,9.069952328239844e+17,TX,Convenience Store,,-96.799050069863
,"JKAA, INC.",,32.70844008509,,DALLAS,3200 S LANCASTER RD STE 528,,DALLAS,,,75216,3.9132292935348593e+18,TX,Confectionery,,-96.801775218258
,GROCERY SERVICES NORTH #7,,32.939774927147,,DALLAS,8202 SPRING VALLEY RD STE 300,,DALLAS,,,75240,1.3039626954359327e+19,TX,Convenience Store,,-96.763856133486
,SMARTWORX SOLUTIONS LLC,,32.925479799754,,FARMERS BRANCH,13325 BEE ST APT 402,,DALLAS,,,75234,1.7551425433058212e+18,TX,Convenience Store,,-96.896083075017
,THE CANDY SHACK #2,,32.873676154165,,DALLAS,10788 HARRY HINES BLVD STE B-21,,DALLAS,,,75220,3.628202743065955e+18,TX,Confectionery,,-96.883525911942
,KORNER SHOP,,32.661160802334,,DUNCANVILLE,727 ORIOLE BLVD,,DALLAS,,,75116,1.0508967583232707e+19,TX,Convenience Store,,-96.900976911416
,AL FOOD MART,,32.661497188212,,DALLAS,7150 CHAUCER PL STE 108,,DALLAS,,,75237,1.140652644051303e+19,TX,Convenience Store,,-96.867815601763
,AG ICE CREAM / ONE WORLD FOOD,,32.942985522739,,RICHARDSON,2315 TRELLIS PL,,DALLAS,,,75081,1.3604060431395233e+18,TX,Specialty Food,,-96.683202720053
,BROADWAY TOBACCO BEER & WINE,,32.85046570245,,GARLAND,5335 BROADWAY BLVD STE 210,,DALLAS,,,75043,1.1488295604869286e+19,TX,Convenience Store,,-96.598307036705
,GOOD PRICE LIQUOR,,32.760273330408,,DALLAS,1519 MLK JR BLVD,,DALLAS,,,75215,8.479423480986817e+18,TX,Liquor Store,,-96.778886327293
,CROWN GROCERY & DELI,,32.732855431686,,DALLAS,1210 S HAMPTON RD,,DALLAS,,,75208,5.857676228480945e+18,TX,Supermarket,,-96.85674127844
,LIQUOR 4 U,,32.719292971755,,BALCH SPRINGS,10942 ELAM RD,,DALLAS,,,75180,1.4742858987115532e+19,TX,Convenience Store,,-96.63784458203
,CARRIER DONUTS,,32.701489700757,,GRAND PRAIRIE,3007 S CARRIER PKWY STE 205,,DALLAS,,,75052,3.93303366645752e+18,TX,Food Store,,-97.0153512279
,RS DOLLAR PLUS,,32.760388243354,,DALLAS,3310 ELSIE FAYE HEGGINS ST,,DALLAS,,,75215,1.4588538270604415e+19,TX,Convenience Store,,-96.74747966473
,HERBMART,,32.8570767754,,DALLAS,6464 E NORTHWEST HWY STE 335,,DALLAS,,,75214,9.65921573817177e+18,TX,Supermarket,,-96.750513202931
,24 SEVEN MART,,32.60435741918,,LANCASTER,1463 W PLEASANT RUN RD,,DALLAS,,,75146,1.5927922706495918e+19,TX,Convenience Store,,-96.788605360362
,COWBOY'S CONVENIENCE STORE,,32.792916374079,,DALLAS,3324 SAMUELL BLVD,,DALLAS,,,75223,3.5451434255648384e+17,TX,Convenience Store,,-96.738606790859
,FLYING CIRCUS COFFEE,,32.926680968893,,DALLAS,13101 PRESTON RD STE 110534,,DALLAS,,,75240,5.473607706284477e+18,TX,Specialty Food,,-96.803628682361
,GRAILEY'S,,32.793348250652,,DALLAS,1544 EDISON ST,,DALLAS,,,75207,1.789540019623315e+18,TX,Liquor Store,,-96.817129222661
,HILL COUNTRY HOMESTYLE CANNING INC,,32.777409323869,,DALLAS,3921 MARTIN LUTHER KING JR BLVD,,DALLAS,,,75210,1.5934907932507984e+19,TX,Specialty Food,,-96.759318288871
,ALFA FOOD MART,,32.933012952129,,DALLAS,5926 ALPHA RD,,DALLAS,,,75240,9.943969106228693e+18,TX,Specialty Food,,-96.803069924488
,DISCOUNT LIQUOR,,32.743784925066,,GRAND PRAIRIE,513 W JEFFERSON ST STE 150,,DALLAS,,,75051,1.743484860258709e+19,TX,Liquor Store,,-97.008891338042
,JENIAHKATE'S,,32.957510965905,,RICHARDSON,700 CUSTER RD,,DALLAS,,,75080,1.2716483934296689e+19,TX,Bakery,,-96.735128250703
,TEX-MEX VIDEO AND GROCERIES,,32.748650981118,,GRAND PRAIRIE,1501 SMALL ST,,DALLAS,,,75050,2.047802356153795e+18,TX,Convenience Store,,-96.985899805724
,TOM THUMB 3570,,32.811285037294,,DALLAS,7331 GASTON AVE # 130,,DALLAS,,,75214,1.1767906085500506e+19,TX,Supermarket,,-96.729820958564
,LOS MOLINA CARNICERIA,,32.765511473835,,MESQUITE,911 E DAVIS ST STE A,,DALLAS,,,75149,6.860525356485375e+17,TX,Meat Market,,-96.588007224246
,TORRES PRODUCE,,32.70213288435,,DALLAS,9531 C F HAWN FWY,,DALLAS,,,75217,4.873915547083557e+18,TX,Produce Market,,-96.658320087087
,DALLAS SUPERSTORE,,32.947134717315,,GARLAND,3212 N JUPITER RD STE 100,,DALLAS,,,75044,1.176680936885144e+18,TX,Supermarket,,-96.682596194558
,SNAP KITCHEN #20,,32.816262689951,,DALLAS,7508 AMBASSADOR ROW STE 110,,DALLAS,,,75247,1.8274256747086107e+19,TX,Specialty Food,,-96.874258424146
,CANDELARIA'S BAKERY,,32.833510331182,,MESQUITE,5211 GUS THOMASSON RD,,DALLAS,,,75150,1.5552663940661725e+19,TX,Food Store,,-96.658135818706
,TOBACCO ZONE,,32.749615325945,,DALLAS,2017 W DAVIS ST,,DALLAS,,,75208,9.785341865116387e+18,TX,Convenience Store,,-96.851650992912
,"AAGM, LLC",,32.739234037618,,DALLAS,2683 CEDAR CREST BLVD,,DALLAS,,,75203,8.388988375878291e+18,TX,Supermarket,,-96.789547765341
,"DOORDASH ESSENTIALS, LLC",,32.795647250443,,DALLAS,2120 IRVING BLVD,,DALLAS,,,75207,1.5313343146587345e+19,TX,Convenience Store,,-96.831054460229
,"SMOOTHIE KING CO., INC.",,32.845309044897,,DALLAS,6501 HILLCREST AVE,,DALLAS,,,75205,7.049499634473455e+18,TX,Specialty Food,,-96.787090572635
,FRENCH GARDEN,,32.882735780208,,DALLAS,8160 WALNUT HILL LN STE PEROT,,DALLAS,,,75231,1.6902267412031883e+19,TX,Food Store,,-96.764425450776
,TIENDA SANTA ROSA #1,,32.749503565683,,DALLAS,521 W DAVIS ST,,DALLAS,,,75208,9.528491939164275e+18,TX,Convenience Store,,-96.830627695613
,"PRESSED JUICERY, INC.",,32.793119964126,,DALLAS,2222 MCKINNEY AVE STE 230,,DALLAS,,,75201,1.1633494813710436e+19,TX,Specialty Food,,-96.802714682322
,WOHEMIYA ETHIOPIAN GROCERY,,32.974453614161,,SACHSE,5634 HIGHWAY 78 STE 114,,DALLAS,,,75048,2.9155793597383496e+18,TX,Supermarket,,-96.598093757159
,ESTERS LIQUOR,,32.832886150943,,IRVING,1885 ESTERS RD STE 120,,DALLAS,,,75061,1.7459832255515347e+19,TX,Liquor Store,,-97.009649613437
,"TEXAS LMAC INVESTMENTS, LLC",,32.920938659377,,ROWLETT,6309 HANCOCK RD,,DALLAS,,,75089,1.7397916203297098e+19,TX,Specialty Food,,-96.580342438975
,ALL N GO #2,,32.719130694032,,BALCH SPRINGS,3701 PIONEER RD STE 101,,DALLAS,,,75180,6.113385080590258e+18,TX,Convenience Store,,-96.605614796065
,KINDRED SPIRITS & WINE,,32.836601257838,,IRVING,3578 W AIRPORT FWY,,DALLAS,,,75062,2.010864165516103e+18,TX,Liquor Store,,-97.000093723281
,QUALITY LINCENSING CORP STORE#5147,,32.7627378563,,DALLAS,1521 N COCKRELL HILL RD,,DALLAS,,,75211,1.7719687307500012e+19,TX,Liquor Store,,-96.895138545193
,TAPS LIQUOR 3,,32.940460743644,,IRVING,10045 N MACARTHUR BLVD STE 101,,DALLAS,,,75063,7.491466876011626e+18,TX,Liquor Store,,-96.952214427152
,VAPE-O-VIBE SMOKE SHOP,,32.756376225108,,GRAND PRAIRIE,702 MACARTHUR BLVD,,DALLAS,,,75050,4.900417758073496e+17,TX,Convenience Store,,-96.959898024289
,PINE WINE SPIRITS BEER & MORE,,32.844930653884,,IRVING,2810 N O CONNOR RD,,DALLAS,,,75062,1.1821343046978456e+19,TX,Liquor Store,,-96.951052566276
,LEMONADE FIX,,32.885124531434,,GARLAND,125 ROMA DR,,DALLAS,,,75041,1.3121865507271952e+19,TX,Convenience Store,,-96.631335657232
,HOMEBREW HEADQUARTERS INC,,32.954017945716,,RICHARDSON,300 N COIT RD STE 134,,DALLAS,,,75080,4.375274416747006e+18,TX,Liquor Store,,-96.768777359585
,QUALITY LICENSING CORP (STORE #3341),,32.799921779894,,DALLAS,2305 NORTH CENTRAL EXPRESSWAY,,DALLAS,,,75204,2.0218203765264417e+18,TX,Liquor Store,,-96.793546592917
,CROWN SPIRITS & BEVERAGES,,32.871085293431,,DALLAS,8451 PARK LN,,DALLAS,,,75231,1.647352124788525e+18,TX,Liquor Store,,-96.759232453804
,IVAN'S ICE CREAM,,32.790844254106,,DALLAS,4516 E SIDE AVE,,DALLAS,,,75226,1.4463215086286464e+18,TX,Specialty Food,,-96.766325676468
,OK FOOD MART 9,,32.783561047345,,IRVING,2800 GLENWICK LN STE 110,,DALLAS,,,75060,1.6544346690056899e+19,TX,Convenience Store,,-96.973244021013
,"LA PODEROSA FRUTERIA Y NEVERIA, LLC",,32.749257113296,,DALLAS,735 N WESTMORELAND RD,,DALLAS,,,75211,1.614284165285736e+19,TX,Produce Market,,-96.8742380824
,PRESSED JUICERY,,32.953905567772,,DALLAS,5290 BELT LINE RD STE 104,,DALLAS,,,75254,3.412172492213601e+18,TX,Specialty Food,,-96.815473487839
,"V.S IMPORTS, INC.",,32.869336321778,,IRVING,3441 BEGONIA LN,,DALLAS,,,75038,4.0212355355745495e+18,TX,Supermarket,,-96.993479201063
,"FOODPLUS, INC",,32.735890190068,,DALLAS,1346 N MASTERS DR STE 100,,DALLAS,,,75217,5.462544193047579e+18,TX,Supermarket,,-96.648168524161
,ONE STOP FOOD STORE,,32.893150577417,,GARLAND,1949 E CENTERVILLE RD,,DALLAS,,,75041,1.225311844795484e+19,TX,Convenience Store,,-96.60362616031
,"HIGH OCTANE JOE'S, LLC #103",,32.962382580725,,DALLAS,15707 COIT RD,,DALLAS,,,75248,5.976262492426225e+18,TX,Specialty Food,,-96.76901386378
,GLOBEX AMERICA,,32.843716069045,,DALLAS,2324 SHORECREST DR,,DALLAS,,,75235,6.209287031895901e+18,TX,Specialty Food,,-96.869552358969
,MIDWAY DONUTS & KOLACHE,,32.934412894767,,FARMERS BRANCH,13605 MIDWAY RD,,DALLAS,,,75244,1.345999936476134e+19,TX,Bakery,,-96.839150730927
,HONG KONG MARKET PLACE,,32.923096775526,,DALLAS,9780 WALNUT ST STE 360,,DALLAS,,,75243,1.7792288722718181e+19,TX,Supermarket,,-96.718619889808
,TATI'S STORE,,32.722733554244,,DALLAS,2017 S BECKLEY AVE,,DALLAS,,,75224,1.4775937509060135e+19,TX,Convenience Store,,-96.822881098183
,EL NORTE CARNICERIA,,32.808536968204,,IRVING,228 W 6TH ST # 110,,DALLAS,,,75060,1.7589744070788137e+19,TX,Meat Market,,-96.948501769793
,ONE STOP LUCKY FOOD MART,,32.691178437626,,DALLAS,2412 W LEDBETTER DR,,DALLAS,,,75233,2.329713296587246e+18,TX,Convenience Store,,-96.857391286881
,KOMART MARKET PLACE,,32.895431978345,,DALLAS,2240 ROYAL LN STE 306,,DALLAS,,,75229,3.6293178766757253e+18,TX,Supermarket,,-96.903751983955
,SNAP KITCHEN #17,,32.793119964126,,DALLAS,2222 MCKINNEY AVE STE 110,,DALLAS,,,75201,1.531236056275375e+19,TX,Specialty Food,,-96.802714682322
,SOUTHWEST FARMERS MARKET,,32.916497340274,,GARLAND,4460 W WALNUT ST STE 126,,DALLAS,,,75042,6.55795369776187e+18,TX,Meat Market,,-96.699744432793
,TODORA PARKIT MARKET,,32.844927277741,,DALLAS,4724 GREENVILLE AVE,,DALLAS,,,75206,1.6969056997180195e+19,TX,Supermarket,,-96.769926780345
,7 MART,,32.909355587086,,GARLAND,3425 FOREST LN STE A,,DALLAS,,,75042,1.5297741647727116e+19,TX,Convenience Store,,-96.681472827275
,BUCKEYE LIQUOR,,32.886260680077,,DALLAS,7610 GREENVILLE AVE,,DALLAS,,,75231,6.631588609947353e+18,TX,Liquor Store,,-96.757866365722
,LAKESIDE LIQUOR,,32.857725546911,,DALLAS,2806 W NORTHWEST HWY,,DALLAS,,,75220,1.6925694987644848e+19,TX,Liquor Store,,-96.873787561208
,"SWEET TOOTH STATION, LLC",,32.975243605436,,GARLAND,1625 FERRIS RD,,DALLAS,,,75044,2.537821393737895e+18,TX,Bakery,,-96.651297260894
,GENE'S LIQUOR,,32.858805226168,,DALLAS,2445 W NORTHWEST HWY STE 109,,DALLAS,,,75220,5.959298830761512e+17,TX,Liquor Store,,-96.881985738262
,IZALCO RESTAURANT AND GROCERY,,32.924231729249,,FARMERS BRANCH,12895 JOSEY LN STE 225,,DALLAS,,,75234,1.6580291042124843e+19,TX,Supermarket,,-96.881786143633
,BIG MEL'S MART,,32.725936477466,,DALLAS,2949 E KIEST BLVD,,DALLAS,,,75216,4.451639026210984e+18,TX,Convenience Store,,-96.786011814382
,INGRAM SOLUTIONS LLC,,32.975597655667,,DALLAS,16315 FALLKIRK DR,,DALLAS,,,75248,1.029698996554972e+19,TX,Specialty Food,,-96.770106553337
,BIG STATE MART,,32.813774967106,,IRVING,114 E IRVING BLVD,,DALLAS,,,75060,3.340710769146679e+18,TX,Convenience Store,,-96.94595216881
,YVONNE D C EDWARDS,,32.594797920095,,DESOTO,1753 BLUE STREAM DR,,DALLAS,,,75115,6.834068907492918e+18,TX,Specialty Food,,-96.902965508175
,EZSTOP1,,32.646735105229,,DUNCANVILLE,615 S MAIN ST,,DALLAS,,,75116,1.7059632086660436e+19,TX,Convenience Store,,-96.908472878575
,STEP 1 LIQUOR AND SMOKE SHOP,,32.974371534472,,SACHSE,5630 HIGHWAY 78,,DALLAS,,,75048,1.1651111172735715e+19,TX,Liquor Store,,-96.598218930758
,RICHARDSON BEER & WINE,,32.976016128393,,RICHARDSON,515 W CAMPBELL RD STE 105,,DALLAS,,,75080,1.4961970902688614e+19,TX,Liquor Store,,-96.736547559317
,MIGALITOS SUPERMERCADO #3,,32.695404882642,,DALLAS,3939 S POLK ST STE 323,,DALLAS,,,75224,9.121049938018782e+18,TX,Supermarket,,-96.840191053084
,SPRINKLES CUPCAKES,,32.864454163803,,DALLAS,4020 VILLANOVA ST,,DALLAS,,,75225,1.6019955954619335e+19,TX,Bakery,,-96.802017109166
,LAS COLINAS MARKET & CLEANERS,,32.867742874822,,IRVING,851 LAKE CAROLYN PKWY STE 150,,DALLAS,,,75039,2.456050458983288e+18,TX,Convenience Store,,-96.932520620602
,LEVELAIRE ENTERPRISES LLC,,32.749509555324,,DALLAS,633 W DAVIS ST,,DALLAS,,,75208,4.852165555394659e+18,TX,Specialty Food,,-96.832397804249
,BAYSIDE LIQUOR,,32.878223948232,,ROWLETT,8601 SUNSET BLVD STE A,,DALLAS,,,75088,1.2657216079017824e+19,TX,Liquor Store,,-96.521396735338
,7-ELEVEN CONVENIENCE STORE #37187A,,32.782024897741,,DALLAS,211 N ERVAY ST STE 120,,DALLAS,,,75201,1.7199316551226444e+19,TX,Convenience Store,,-96.797456963883
,LIQUOR EMPIRE 5,,32.836454976098,,DALLAS,5630 E MOCKINGBIRD LN,,DALLAS,,,75206,1.4123298866789171e+19,TX,Liquor Store,,-96.771398832798
,7-ELEVEN CONVENIENCE STORE #27658A,,32.969404644595,,COPPELL,100 W SANDY LAKE RD,,DALLAS,,,75019,3.08467205229923e+17,TX,Convenience Store,,-96.993817573301
,PANADERIA DEL NORTE,,32.79605014685,,DALLAS,5507 LINDSLEY AVE,,DALLAS,,,75223,1.7799888231350288e+19,TX,Food Store,,-96.751423792766
,CARNITAS LA PRIMERA MEAT MARKET,,32.734341055456,,DALLAS,8721 LAKE JUNE RD,,DALLAS,,,75217,2.075919392185796e+18,TX,Supermarket,,-96.670178105975
,DESIGN'S BY CAKE DADDY LLC,,32.709027596911,,DALLAS,3155 S LANCASTER RD STE 130,,DALLAS,,,75216,1.086369622824349e+19,TX,Bakery,,-96.802621108929
,BASKIN ROBBINS,,32.705862457668,,DALLAS,2433 W KIEST BLVD,,DALLAS,,,75233,1.0045644983603319e+19,TX,Specialty Food,,-96.857654464879
,PALMS LIQUOR,,32.822156341792,,DALLAS,1710 W MOCKINGBIRD LN UNIT B,,DALLAS,,,75235,8.903144520824736e+18,TX,Liquor Store,,-96.856934458527
,SHERPA FOOD MART,,32.892459315426,,GARLAND,2105 S GARLAND AVE,,DALLAS,,,75041,1.2919290608641788e+19,TX,Convenience Store,,-96.650621355228
,TOM THUMB #1786 FS,,32.670634398072,,GRAND PRAIRIE,4216 S CARRIER PKWY,,DALLAS,,,75052,1.145770407298474e+19,TX,Supermarket,,-97.005207010677
,PRIMOS FOOD MART,,32.735827105552,,GRAND PRAIRIE,207 CLARICE ST,,DALLAS,,,75051,7.362748122240314e+17,TX,Convenience Store,,-97.004955095555
,E & S GROCERY & BAKERY INC,,32.91070912575,,GARLAND,420 N PLANO RD,,DALLAS,,,75042,1.575911019770985e+19,TX,Supermarket,,-96.700296482384
,SUNNY'S MART,,32.933810835108,,FARMERS BRANCH,13900 JOSEY LN,,DALLAS,,,75234,2.976831436083905e+18,TX,Convenience Store,,-96.888080384869
,AMERICAN DOLLAR +,,32.909392938875,,DALLAS,9770 FOREST LN,,DALLAS,,,75243,6.479438340179184e+18,TX,Supermarket,,-96.719119405145
,LATINA RESTAURANT,,32.951904779906,,CARROLLTON,1103 S JOSEY LN STE 411,,DALLAS,,,75006,1.3611926339891513e+19,TX,Convenience Store,,-96.890130959875
,"FOWLER'S TOFFEE, LLC",,32.87149194961,,DALLAS,6514 CHEVY CHASE AVE,,DALLAS,,,75225,7.057795338485779e+18,TX,Confectionery,,-96.793178943444
,TOTAL WINE & MORE,,32.874191504002,,DALLAS,9350 N CENTRAL EXPY,,DALLAS,,,75231,1.55811371236884e+19,TX,Liquor Store,,-96.769737647448
,C STORE,,32.930432914496,,GARLAND,2014-2016 W BUCKINGHAM,,DALLAS,,,75042,1.2828634628953227e+19,TX,Convenience Store,,-96.657528728332
,COX FARMS MARKET,,32.923697145235,,FARMERS BRANCH,13091 BEE ST,,DALLAS,,,75234,1.0271515302987774e+17,TX,Specialty Food,,-96.89601797127
,GUANAMEX MEATS INC.,,32.806707556734,,DALLAS,3435 JANE LN,,DALLAS,,,75247,1.2022307028456788e+19,TX,Meat Market,,-96.874025718176
,ANTOJITOS CUBANOS,,32.837339475117,,IRVING,555 W AIRPORT FWY STE 148,,DALLAS,,,75062,9.159797450453566e+18,TX,Convenience Store,,-96.952160089144
,TARGET STORE T-1775,,32.986281822065,,DALLAS,16731 COIT RD,,DALLAS,,,75248,3.0420104425739566e+18,TX,Liquor Store,,-96.768319945477
,K&J DISTRIBUTION,,32.720062664842,,GRAND PRAIRIE,1817 AVENUE F,,DALLAS,,,75051,1.1534562065660463e+19,TX,Supermarket,,-96.978602577375
,SPRINKLES ICE CREAM,,32.864603954053,,DALLAS,8413 PRESTON CENTER PLZ,,DALLAS,,,75225,4.0216193830749635e+18,TX,Bakery,,-96.802840433471
,SHOP N GO,,32.796092278489,,DALLAS,4950 COLUMBIA AVE,,DALLAS,,,75214,8.159626422586329e+18,TX,Convenience Store,,-96.762302597013
,WING STOP FOREST PRIVATE CLUB,,32.909592262517,,DALLAS,3128 FOREST LN STE 251,,DALLAS,,,75234,1.1404455369190558e+19,TX,Liquor Store,,-96.871243752446
,SNACKS 2 GO,,32.787679410103,,DALLAS,2100 ROSS AVE STE 110,,DALLAS,,,75201,1.4858060283418067e+19,TX,Convenience Store,,-96.798253100402
,TRIPPLEG AFRICAN FOOD MART,,32.589876173481,,CEDAR HILL,108 W BELT LINE RD STE 1,,DALLAS,,,75104,4.293429928423607e+18,TX,Supermarket,,-96.944839497476
,PINKITZEL,,32.748223383948,,DALLAS,417 N BISHOP AVE,,DALLAS,,,75208,1.5940260607335549e+19,TX,Confectionery,,-96.828374092954
,CORNER STORE,,32.662020519391,,DALLAS,1028 W CAMP WISDOM RD STE 1028,,DALLAS,,,75232,1.0950662757459446e+19,TX,Convenience Store,,-96.838727924817
,"MEDITERRANEAN BAZAAR, LLC",,32.941212952673,,CARROLLTON,1725 S INTERSTATE 35E STE 140,,DALLAS,,,75006,1.2765886929643915e+19,TX,Supermarket,,-96.902530137688
,TJ FOOD MART,,32.795960769492,,MESQUITE,3802 N TOWN EAST BLVD,,DALLAS,,,75150,1.0427607015797178e+19,TX,Convenience Store,,-96.652946457278
,ADDISON MARKET,,32.962152899325,,ADDISON,5049 ADDISON CIR,,DALLAS,,,75001,9.285038712843684e+18,TX,Convenience Store,,-96.82409457588
,DOORDASH ESSENTIALS,,32.934103603284,,IRVING,9155 STERLING ST STE 150,,DALLAS,,,75063,1.2958766700837226e+19,TX,Convenience Store,,-97.017130803569
,BIANCA'S BAKESHOP LLC,,32.810461412858,,DALLAS,5819 SWISS AVE,,DALLAS,,,75214,2.2140783619907433e+18,TX,Bakery,,-96.760065331918
,LA QUINTA INN & SUITES,,32.842060005405,,GARLAND,375 E INTERSTATE 30,,DALLAS,,,75043,1.7051199224125868e+19,TX,Convenience Store,,-96.591761649244
,TRIGGER SYSTEMS LLC,,32.884851293405,,GARLAND,2713 INDUSTRIAL LN,,DALLAS,,,75041,1.6331971663916845e+19,TX,Confectionery,,-96.675783729698
,LUCKY ZONE MART,,32.712156773261,,DALLAS,2680 LEA CREST DR,,DALLAS,,,75216,3.1942806880654e+18,TX,Convenience Store,,-96.785258718045
,BOO'S CANDY HOUSE,,32.772195116425,,DALLAS,3723 HAMILTON AVE,,DALLAS,,,75210,5.106157676425265e+18,TX,Confectionery,,-96.754152266827
,QUALITY LICENSING CORP. STORE 6376,,32.954239503068,,ADDISON,4150 BELT LINE RD,,DALLAS,,,75001,1.4745157999033076e+19,TX,Liquor Store,,-96.840440916209
,WEBB CHAPEL BEER & WINE,,32.953295022113,,CARROLLTON,1004 WEBB CHAPEL RD,,DALLAS,,,75006,1.4068847437766478e+19,TX,Liquor Store,,-96.870955673051
,PUREE EARTH,,32.882307539072,,DALLAS,6423 ABERDEEN AVE,,DALLAS,,,75230,8.701417366414708e+18,TX,Supermarket,,-96.795677998028
,SPEC'S LIQUOR NO 90,,32.831404402015,,DALLAS,7777 HINES PL,,DALLAS,,,75235,8.359151824391849e+18,TX,Liquor Store,,-96.859885621919
,QUALITY LICENSING CORP (STORE #1055),,32.961296152774,,GARLAND,5302 N GADRLAND AVENUE,,DALLAS,,,75044,4.684706586363183e+18,TX,Liquor Store,,-96.647193582603
,"ABUGEDA GROCERY, LLC",,32.913430280597,,DALLAS,12101 GREENVILLE AVE STE 107,,DALLAS,,,75243,1.8055539523043497e+18,TX,Supermarket,,-96.74529447684
,MEAT SURPLUS LLC,,32.858805226168,,DALLAS,2445 W NORTHWEST HWY STE 105,,DALLAS,,,75220,1.4953345996728783e+19,TX,Meat Market,,-96.881985738262
,"SPEC'S WINES, SPIRITS & FINER FOODS #115",,32.872131434863,,DALLAS,1613 W NORTHWEST HWY,,DALLAS,,,75220,1.5433861360720628e+19,TX,Liquor Store,,-96.924150688642
,URBAN CENTER MARKET,,32.864927520081,,IRVING,387 LAS COLINAS BLVD E STE 106,,DALLAS,,,75039,6.653637537955465e+18,TX,Convenience Store,,-96.936488379471
,PALETERIA DELICIAS,,32.73492646587,,DALLAS,2008 W CLARENDON DR,,DALLAS,,,75208,1.820851484265849e+19,TX,Specialty Food,,-96.85179356526
,AMOR Y QUESO,,32.784240405897,,DALLAS,2932 MAIN ST,,DALLAS,,,75226,8.367285202943561e+18,TX,Specialty Food,,-96.781625206698
,LA NUEVA PUNTADA #5,,32.661904985259,,DUNCANVILLE,417 E CAMP WISDOM RD,,DALLAS,,,75116,9.049922573603981e+18,TX,Specialty Food,,-96.915521986844
,QUALITY LICENSING CORP STORE # 5824 FUEL CENTER,,32.768271497817,,MESQUITE,2001 MILITARY PKWY,,DALLAS,,,75149,1.4498867731597115e+19,TX,Liquor Store,,-96.630014966007
,FIRST MINIT MARKIT,,32.851696374759,,GARLAND,5150 DUCK CREEK DR # 107,,DALLAS,,,75043,1.0103970094550392e+18,TX,Convenience Store,,-96.61045911272
,BLOOMS GOURMET GIFTS,,32.5992478819,,CEDAR HILL,305 W FM 1382 STE 302,,DALLAS,,,75104,1.0810304729872613e+19,TX,Specialty Food,,-96.942687710718
,LONE STAR LIQUOR,,32.69158754223,,GRAND PRAIRIE,3806 S STATE HIGHWAY 161 STE 500,,DALLAS,,,75052,1.0395492996472982e+19,TX,Liquor Store,,-97.023760831056
,1 SHOP C-STORE,,32.736972506073,,DALLAS,910 S HAMPTON RD STE D,,DALLAS,,,75208,1.3250207912972734e+19,TX,Convenience Store,,-96.856606834099
,PAYLESS CONVENIENCE STORE,,32.792289980105,,DALLAS,205 N CARROLL AVE,,DALLAS,,,75246,1.2420428848522873e+19,TX,Liquor Store,,-96.768443557938
,RANDALL'S #1973,,32.850312780235,,UNIVERSITY PARK,7000 SNIDER PLZ,,DALLAS,,,75205,1.0378215701017807e+19,TX,Supermarket,,-96.787760553324
,NATURAL GROCERS BY VITAMIN COTTAGE,,32.832806853632,,DALLAS,9440 GARLAND RD STE 150,,DALLAS,,,75218,6.607794916473521e+18,TX,Supermarket,,-96.703209807516
,MAMA GIFTY'S KENKEY,,32.70975058132,,GRAND PRAIRIE,1102 W PIONEER PKWY STE 125,,DALLAS,,,75051,7.904248096644222e+18,TX,Specialty Food,,-97.019849017509
,QUALITY LICENSING CORP.-STORE #4503 FUEL CENTER,,32.707764069436,,GRAND PRAIRIE,2640 S STATE HIGHWAY 161,,DALLAS,,,75052,2.3359417005458913e+18,TX,Liquor Store,,-97.024091259481
,PORTILLO'S BAKERY,,32.963201908503,,RICHARDSON,580 W ARAPAHO RD STE 218,,DALLAS,,,75080,1.2326762386307568e+19,TX,Bakery,,-96.73737329041
,ALDI (TEXAS) L.L.C. # 30,,32.909618026626,,DALLAS,9779 FOREST LN STE 200C,,DALLAS,,,75243,2.4521345471382354e+18,TX,Supermarket,,-96.719254433936
,RNS FINAL STOP,,32.701561933281,,GRAND PRAIRIE,3005 S CARRIER PKWY STE 101,,DALLAS,,,75052,1.541458444327782e+19,TX,Convenience Store,,-97.015350334911
,FOSSIL CREEK LIQUOR,,32.783897326073,,DALLAS,222 S HALL ST,,DALLAS,,,75226,1.7037449045056047e+19,TX,Liquor Store,,-96.778522643942
,SAVOEUN PRUM,,32.652502727445,,SEAGOVILLE,608 HALL RD,,DALLAS,,,75159,1.5721919568488974e+19,TX,Bakery,,-96.542016152074
,MARLOW'S FUEL,,32.695491662932,,DALLAS,11810 C F HAWN FWY,,DALLAS,,,75253,8.483183027436461e+17,TX,Supermarket,,-96.639056335988
,COOL BREEZE FOOD MART,,32.676427213775,,DUNCANVILLE,610 E RED BIRD LN,,DALLAS,,,75116,1.292397736039955e+19,TX,Convenience Store,,-96.894523254753
,CORNER MART,,32.839018506573,,MESQUITE,1717 OATES DR,,DALLAS,,,75150,1.6724021130455435e+19,TX,Convenience Store,,-96.627982535628
,DOORDASH ESSENTIALS,,32.960760518989,,GARLAND,3015 ARAPAHO RD,,DALLAS,,,75044,5.777009425728293e+18,TX,Convenience Store,,-96.674150367563
,EDIBLE ARRANGEMENTS 1092,,32.842761869603,,IRVING,2654 N BELT LINE RD,,DALLAS,,,75062,2.933740524023992e+18,TX,Specialty Food,,-96.992358744522
,ICE HOUSE BEVERAGE,,32.947509766667,,RICHARDSON,940 E BELT LINE RD STE 100,,DALLAS,,,75081,4.700404993536508e+18,TX,Liquor Store,,-96.711852579138
,ONE STAR FOOD MART #8,,32.819081118014,,MESQUITE,4050 GUS THOMASSON RD,,DALLAS,,,75150,2.1165367518540111e+18,TX,Convenience Store,,-96.640702861855
,7-ELEVEN CONVENIENE STORE #26721,,32.858107988661,,DALLAS,2750 W NORTHWEST HWY STE 100,,DALLAS,,,75220,1.4464327225998918e+19,TX,Convenience Store,,-96.874978395613
,SHOP N GO,,32.832886150943,,IRVING,1885 ESTERS RD STE 110,,DALLAS,,,75061,1.0273603838256234e+19,TX,Supermarket,,-97.009649613437
,NOTHING BUNDT CAKES,,32.975590602271,,RICHARDSON,324 W CAMPBELL RD,,DALLAS,,,75080,5.493405685643954e+18,TX,Bakery,,-96.722098193669
,M & D DISCOUNT,,32.796012257857,,DALLAS,5501 LINDSLEY AVE,,DALLAS,,,75223,7.383471228601126e+18,TX,Convenience Store,,-96.751466539324
,SWADESHI PLAZA,,32.918460092246,,IRVING,7964 N MACARTHUR BLVD,,DALLAS,,,75063,1.4702873267402265e+19,TX,Convenience Store,,-96.958441051793
,GOODY GOODY LIQUOR #27,,32.9116039798,,IRVING,3340 W ROYAL LN,,DALLAS,,,75063,1.4362748631740402e+19,TX,Liquor Store,,-96.992522063566
,"CEDAR SPRINGS ALEXANDRE'S BAR, L.P.",,32.81127892159,,DALLAS,4026 CEDAR SPRINGS RD,,DALLAS,,,75219,9.799297289146614e+18,TX,Liquor Store,,-96.811419667649
,ASCENSION CRESCENT COURT,,32.794227352207,,DALLAS,200 CRESCENT CT STE 40,,DALLAS,,,75201,4.472748177265611e+18,TX,Specialty Food,,-96.803619761823
,ARCO,,32.602584389656,,WILMER,1601 MILLER FERRY RD TRLR 196,,DALLAS,,,75172,1.2115775710718546e+19,TX,Convenience Store,,-96.693464124943
,SPROUTS FARMERS MARKET,,32.836626977249,,DALLAS,6465 E MOCKINGBIRD LN STE 322,,DALLAS,,,75214,1.6548230522235406e+19,TX,Supermarket,,-96.750804280479
,LA POPULAR PANADERIA #2,,32.680560154906,,DALLAS,1512 S BELT LINE RD,,DALLAS,,,75253,3.0032816334910454e+18,TX,Bakery,,-96.59688267638
,FLAMINGO MARKET CENTER,,32.805249306406,,DALLAS,4340 HARRY HINES BLVD STE B,,DALLAS,,,75219,1.0340401145213768e+19,TX,Liquor Store,,-96.825687706733
,CINDY DISCOUNT LIQUOR,,32.865981490721,,DALLAS,6536 SKILLMAN ST,,DALLAS,,,75231,1.0154603333332062e+19,TX,Liquor Store,,-96.741978111199
,THE PRALINE PANTRY,,32.590971172778,,LANCASTER,342 TRIBUTE RD,,DALLAS,,,75146,3.137345388702353e+18,TX,Confectionery,,-96.792365778619
,FRIENDLY FOOD MART DELI,,32.730964905475,,DALLAS,2200 CEDAR CREST BLVD,,DALLAS,,,75203,2.8349187844086344e+18,TX,Convenience Store,,-96.794672529741
,TOM THUMB #2534,,32.836588453824,,DALLAS,6333 E MOCKINGBIRD LN # 301,,DALLAS,,,75214,1.2599012145439197e+19,TX,Supermarket,,-96.754546076198
,NEIGHBORHOOD CONVENIENCE STOP,,32.87478733271,,GARLAND,3342 BROADWAY BLVD STE 118,,DALLAS,,,75043,1.378141947492914e+19,TX,Convenience Store,,-96.616528379283
,NENIS LLC,,32.954230142869,,ADDISON,15201 DALLAS PKWY,,DALLAS,,,75001,4.117301383258852e+18,TX,Convenience Store,,-96.822335139829
,ALBERTSON'S #4289,,32.833830248504,,DALLAS,320 CASA LINDA PLAZA BUCKNER AT GARLAND,,DALLAS,,,75218,1.1282802939970275e+19,TX,Supermarket,,-96.702256496342
,GRAPH COFFEE,,32.727856040382,,DALLAS,1805 S EDGEFIELD AVE,,DALLAS,,,75224,1.667457134628453e+19,TX,Specialty Food,,-96.844525947065
,QUALITY LICENSING CORP (STORE# 3224),,32.839515709512,,GARLAND,555 W I-30,,DALLAS,,,75043,5.77801908748349e+18,TX,Liquor Store,,-96.59811405591
,AFRICAN FOOD MARKET LLC,,32.859822266026,,DALLAS,6301 ABRAMS RD STE 127,,DALLAS,,,75231,1.0349570753164888e+19,TX,Supermarket,,-96.746224638907
,GOOD SPIRITS LLC,,32.971809464011,,CARROLLTON,2150 N JOSIE LANE,,DALLAS,,,75006,1.742990678910922e+19,TX,Liquor Store,,-96.889789981301
,LIQUOR ISLAND,,32.800482567921,,IRVING,2329 W SHADY GROVE RD,,DALLAS,,,75060,1.5156285885572272e+19,TX,Liquor Store,,-96.975884800992
,LIQUOR DEPOT EXPRESS,,32.855007808085,,DALLAS,7512 E NORTHWEST HWY,,DALLAS,,,75238,1.0101896099143107e+19,TX,Liquor Store,,-96.732444558131
,EZ FOOD MART BEER WINE,,32.940669216147,,GARLAND,901 BELT LINE RD STE 100-101,,DALLAS,,,75040,2.280135723774988e+18,TX,Convenience Store,,-96.640258454005
,COOL'S LIQUOR,,32.761408607736,,DALLAS,501 CORINTH ST,,DALLAS,,,75207,3.783134851185921e+18,TX,Liquor Store,,-96.793133234748
,"TEXAS ICE VENDING, LLC",,32.821449885048,,DALLAS,2372 OATES DR,,DALLAS,,,75228,6.651819251004624e+18,TX,Specialty Food,,-96.675365660993
,HOWDY'S FOOD MART,,32.720508612089,,BALCH SPRINGS,3620 SHEPHERD LN STE A,,DALLAS,,,75180,4.706134207396006e+18,TX,Convenience Store,,-96.613991557868
,POKEY O'S COOKIES & ICE CREAM,,32.831882116536,,DALLAS,3034 MOCKINGBIRD LN,,DALLAS,,,75205,3.339138931046893e+18,TX,Specialty Food,,-96.839566293623
,WESTERN SPIRITS BEVERAGE COMPANY,,32.783405412934,,DALLAS,350 N SAINT PAUL ST,,DALLAS,,,75201,1.5541113740865784e+19,TX,Liquor Store,,-96.796822533693
,CORNER CONVENIENCE SHOP,,32.781516511416,,DALLAS,407 N LAMAR ST STE 400,,DALLAS,,,75202,1.0108452034204418e+19,TX,Convenience Store,,-96.8049905928
,ALDI (TEXAS) L.L.C. #43,,32.909592262517,,DALLAS,3128 FOREST LN STE 245,,DALLAS,,,75234,1.4989172471282422e+19,TX,Supermarket,,-96.871243752446
,BUCKHORN DISCOUNT LIQUOR,,32.949691770927,,ADDISON,14825 INWOOD RD # 200,,DALLAS,,,75001,7.010423034291769e+18,TX,Liquor Store,,-96.82917712799
,SAM'S CLUB # 6372,,32.861785800512,,DALLAS,6185 RETAIL RD STE 100,,DALLAS,,,75231,2.654167400509817e+18,TX,Liquor Store,,-96.753863190568
,SNAP KITCHEN #21,,32.814655551836,,DALLAS,4164 N CENTRAL EXPY,,DALLAS,,,75204,1.7949642927873935e+19,TX,Specialty Food,,-96.789409462849
,GATEWAY 30,,32.777073751701,,DALLAS,3305 GRAND AVE,,DALLAS,,,75210,6.689597491897978e+18,TX,Convenience Store,,-96.765740071328
,JOY DONUT #1,,32.939782212902,,DALLAS,8188 SPRING VALLEY RD STE 110,,DALLAS,,,75240,1.0022307690018392e+19,TX,Bakery,,-96.764434748753
,DISCOUNT TOBACCO & GROCERY,,32.782683466181,,DALLAS,4864 S BUCKNER BLVD STE A,,DALLAS,,,75227,1.7127900855877847e+19,TX,Convenience Store,,-96.682754103362
,JUNO'S LIQUOR,,32.866330839616,,IRVING,313 LAS COLINAS BLVD E,,DALLAS,,,75039,1.232421652465381e+19,TX,Liquor Store,,-96.937810474481
,QUALITY LINCENSING CORP STORE #2427,,32.909307059031,,DALLAS,9301 FOREST LN,,DALLAS,,,75243,4.028961395749243e+18,TX,Liquor Store,,-96.741346676355
,LIQUOR STOP,,32.88426829889,,IRVING,5477 N MACARTHUR BLVD,,DALLAS,,,75038,2.983057472909232e+18,TX,Liquor Store,,-96.964266289284
,EZ SHOP #8,,32.96108151047,,RICHARDSON,504 W ARAPAHO RD,,DALLAS,,,75080,1.3842438864977215e+19,TX,Convenience Store,,-96.735023696679
,ORALE LIQUOR STORE,,32.869253112829,,DALLAS,9702 BROCKBANK DR STE 100,,DALLAS,,,75220,1.525684562115915e+19,TX,Liquor Store,,-96.875274426841
,ROWLETT LIQUOR,,32.919006696144,,ROWLETT,6605 DALROCK RD,,DALLAS,,,75089,1.4319109530859802e+18,TX,Liquor Store,,-96.51792537059
,MY LIQUOR STOP,,32.722614190137,,GRAND PRAIRIE,1701 S BELT LINE RD # 110,,DALLAS,,,75051,1.6265881076874428e+19,TX,Liquor Store,,-96.994163274459
,"ZAKTI, LLC",,32.732724375254,,DALLAS,1300 S POLK ST STE 252,,DALLAS,,,75224,1.3502174284607345e+19,TX,Specialty Food,,-96.839970043475
,SF SUPERMARKET,,32.947134717315,,GARLAND,3212 N JUPITER RD STE 201,,DALLAS,,,75044,1.4290223341370888e+19,TX,Supermarket,,-96.682596194558
,ASCENSION COFFEE,,32.794227352207,,DALLAS,200 CRESCENT CT STE 40,,DALLAS,,,75201,1.8017039430489887e+19,TX,Specialty Food,,-96.803619761823
,CITY STAR 1,,32.921629905429,,GARLAND,1036 N COUNTRY CLUB RD,,DALLAS,,,75040,4.222605768202931e+18,TX,Convenience Store,,-96.613668757534
,CORNER FOOD MART,,32.916497340274,,GARLAND,4460 W WALNUT ST STE 108,,DALLAS,,,75042,1.250311176900505e+19,TX,Convenience Store,,-96.699744432793
,LONE STAR DONUTS & TACOS,,32.765362170105,,DALLAS,1727 N BECKLEY AVE,,DALLAS,,,75203,4.1381915129150346e+18,TX,Bakery,,-96.822925712647
,FLAMINGO LIQUORS,,32.80746951628,,DALLAS,4125 FAIRMOUNT ST,,DALLAS,,,75219,5.60191472808993e+18,TX,Liquor Store,,-96.81616504141
,"LE CAVEAU, LLC",,32.8450906024,,DALLAS,718 N BUCKNER BLVD STE 332,,DALLAS,,,75218,1.6027247220501725e+19,TX,Liquor Store,,-96.711518057485
,Y&L BEER WINE GROCERIES,,32.744159012111,,DALLAS,5535 S CENTRAL EXPY,,DALLAS,,,75215,1.2974382604175757e+19,TX,Convenience Store,,-96.758010800714
,MISSY'S COTTAGE BAKERY LLC,,32.960626811061,,COPPELL,212 CARRIAGE CT,,DALLAS,,,75019,9.427064100961468e+18,TX,Confectionery,,-96.996608295576
,MACARTHUR EXPRESS,,32.923711064182,,IRVING,8600 N MACARTHUR BLVD STE 160,,DALLAS,,,75063,1.2552106655439802e+19,TX,Liquor Store,,-96.95508450744
,WEBB CHAPEL BEER & WINE,,32.953295022113,,CARROLLTON,1004 WEBB CHAPEL RD,,DALLAS,,,75006,1.6593595274783168e+18,TX,Liquor Store,,-96.870955673051
,PRESTON CHEVRON,,32.864710709514,,DALLAS,8424 PRESTON RD,,DALLAS,,,75225,1.4578659278641189e+19,TX,Convenience Store,,-96.802703521902
,ROYAL LIQUOR BEER & WINE,,32.81133789777,,DALLAS,4034 CEDAR SPRINGS RD,,DALLAS,,,75219,2.1506604486253138e+18,TX,Liquor Store,,-96.811494216179
,"SPEC'S LIQUOR #191, SFP DISTRIBUTION",,32.605769432095,,CEDAR HILL,971 N HIGHWAY 67 STE 400,,DALLAS,,,75104,8.848457018247302e+18,TX,Liquor Store,,-96.930548718213
,AZTECA MEXICAN BAKERY,,32.852153399652,,DALLAS,11555 FERGUSON RD # 500,,DALLAS,,,75228,1.7756098350902432e+19,TX,Food Store,,-96.653421681067
,SELIN'S TABLE,,32.812158824134,,DALLAS,2401 BENNETT AVE APT 3311,,DALLAS,,,75206,4.698006981497146e+18,TX,Specialty Food,,-96.781219885993
,DRIP COFFEE,,32.851342461025,,DALLAS,4343 LOVERS LN,,DALLAS,,,75225,3.90545543839451e+18,TX,Specialty Food,,-96.835922921759
,ALBERTSON'S #4260,,32.931524892434,,RICHARDSON,2165 E BUCKINGHAM DR,,DALLAS,,,75081,1.6385493367077095e+19,TX,Supermarket,,-96.686024230102
,"ABYSSINIA MARKET, IRVING LLC",,32.861962558741,,IRVING,4010 N BELT LINE RD,,DALLAS,,,75038,6.0057050583155704e+16,TX,Supermarket,,-96.991759863018
,SUNDRY SHOP,,32.782991370818,,DALLAS,1910 PACIFIC AVE STE 2050,,DALLAS,,,75201,1.168456602325256e+19,TX,Convenience Store,,-96.795313262289
,SNAP KITCHEN #18,,32.894963589525,,DALLAS,6025 ROYAL LN STE 314B,,DALLAS,,,75230,1.7659386626879345e+19,TX,Specialty Food,,-96.803181595304
,GRANNA'S HOUSE,,32.671809677033,,GRAND PRAIRIE,4129 MATTHEW RD,,DALLAS,,,75052,2.2317832232926769e+18,TX,Bakery,,-97.030851554351
,DREBELBIS ENGINEERING,,32.801948510488,,DALLAS,2909 COLE AVE STE 100,,DALLAS,,,75204,2.3874512603979643e+18,TX,Supermarket,,-96.802407206048
,STAR FOOD MART,,32.916738223636,,GARLAND,4201 W WALNUT ST,,DALLAS,,,75042,1.073288004705087e+19,TX,Convenience Store,,-96.696955467183
,"SPEC'S LIQUOR #152, SPEC'S WINE & SPIRITS",,32.861701765103,,DALLAS,8123 PRESTON RD,,DALLAS,,,75225,9.623788371803193e+18,TX,Liquor Store,,-96.804277559284
,D & M FOOD MART,,32.79963085704,,DALLAS,4814 GASTON AVE,,DALLAS,,,75246,4.28230678353322e+18,TX,Convenience Store,,-96.769815685322
,"CAKE CAROUSEL, INC.",,32.950597905767,,RICHARDSON,100 S CENTRAL EXPY STE 36,,DALLAS,,,75080,3.4977591264223073e+18,TX,Confectionery,,-96.735252205755
,C STORE #15,,32.909971710219,,DALLAS,11812 INWOOD RD,,DALLAS,,,75244,8.56795121349665e+18,TX,Convenience Store,,-96.818290913032
,J'S FOOD MART,,32.807313731709,,DALLAS,1621 N GARRETT AVE,,DALLAS,,,75206,7.066793354340223e+18,TX,Convenience Store,,-96.773131262941
,FINLEY FOOD MART,,32.850248729012,,IRVING,3329 N STORY RD,,DALLAS,,,75062,4.447080526590461e+18,TX,Convenience Store,,-96.976489315002
,PRODUCTS FOR YOUR TABLE,,32.932716460747,,DALLAS,5656 ALPHA RD STE B,,DALLAS,,,75240,1.2067614442281126e+19,TX,Supermarket,,-96.809090536716
,ALBERTSON'S #269,,32.973866167731,,CARROLLTON,2149 N JOSEY LN,,DALLAS,,,75006,1.6687953697452737e+19,TX,Supermarket,,-96.8900373918
,RUBEN'S AUTO REPAIR,,32.744611230388,,GRAND PRAIRIE,1609 DALWORTH ST,,DALLAS,,,75050,1.219766797771193e+19,TX,Convenience Store,,-97.025352424573
,DENLEY FOOD MART,,32.739055425773,,DALLAS,900 S DENLEY DR,,DALLAS,,,75216,2.554380212067387e+18,TX,Convenience Store,,-96.805357252571
,LA VERDE CONVENIENCE STORE,,32.909942743933,,GARLAND,2002 HIGHWAY 66,,DALLAS,,,75040,8.124443139472902e+18,TX,Convenience Store,,-96.598624560077
,DEL NORTE BAKERY #4,,32.726335051955,,DALLAS,3210 FALLS DR,,DALLAS,,,75211,4.0469302858240666e+18,TX,Food Store,,-96.873195663187
,CAJUN DONUTS II,,32.940064359314,,GARLAND,850 BELT LINE RD,,DALLAS,,,75040,9.1630662254081e+18,TX,Bakery,,-96.639434314468
,ALBERTSON'S #4105,,32.997851935082,,DALLAS,4625 FRANKFORD RD,,DALLAS,,,75287,1.7195865768498317e+19,TX,Supermarket,,-96.827314250317
,RANDALL'S FOOD AND DRUG #1781,,32.971266481431,,COPPELL,106 N DENTON TAPP RD,,DALLAS,,,75019,4.767071319354591e+18,TX,Supermarket,,-96.993516326673
,TIENDA SUPER SELECTOS,,32.863631364968,,DALLAS,9508 WEBB CHAPEL RD,,DALLAS,,,75220,1.6205050023942703e+19,TX,Convenience Store,,-96.860791591615
,LA-BD-VENDING SERVICES,,32.598786527445,,LANCASTER,1101 SOUTHRIDGE DR,,DALLAS,,,75146,4.957430193919246e+18,TX,Supermarket,,-96.779292520465
,ELOTES EL NENE,,32.830950519828,,IRVING,2800 W IRVING BLVD # E144,,DALLAS,,,75061,2.609531310464976e+18,TX,Confectionery,,-96.983872872233
,BEVERAGE DEPOT,,32.860363149801,,DALLAS,2377 STEMMONS TRL,,DALLAS,,,75220,1.4077015270140365e+19,TX,Liquor Store,,-96.889410586174
,BERKLEY'S MARKET,,32.823773868417,,DALLAS,3300 KNOX ST STE 200,,DALLAS,,,75205,9.27383143934914e+18,TX,Supermarket,,-96.790344669721
,KISS DAYLIGHT DONUTS,,32.826987117384,,MESQUITE,4701 N GALLOWAY AVE STE 106,,DALLAS,,,75150,1.047649632251283e+19,TX,Bakery,,-96.625992370913
,SAVE WAY,,32.720427855655,,GRAND PRAIRIE,1802 SE 14TH ST,,DALLAS,,,75051,5.187577277840311e+18,TX,Convenience Store,,-96.985773829002
,CREPES N GO,,32.811655283603,,MESQUITE,2063 TOWN EAST MALL STE 2228,,DALLAS,,,75150,3.9099441045576914e+18,TX,Produce Market,,-96.631423015949
,TORTILLERIA LA NORTENA,,32.749611567476,,DALLAS,3215 W DAVIS ST,,DALLAS,,,75211,9.472074066497522e+18,TX,Convenience Store,,-96.872867332864
,HIEP THAI FOOD STORE,,32.916774594605,,GARLAND,3347 W WALNUT ST STE 101,,DALLAS,,,75042,2.627595266336703e+18,TX,Supermarket,,-96.679687076929
,STOP FOOD MART,,32.662226079702,,DALLAS,2925 W CAMP WISDOM RD,,DALLAS,,,75237,2.524567335962363e+18,TX,Convenience Store,,-96.868320781085
,SOMUNNAN BANCHANNARA,,32.985272648791,,CARROLLTON,2640 OLD DENTON RD STE 148,,DALLAS,,,75007,3.2138963295642097e+18,TX,Specialty Food,,-96.9097220536
,BEER MART,,32.792919595656,,DALLAS,3250 SAMUELL BLVD,,DALLAS,,,75223,1.49893044534553e+19,TX,Liquor Store,,-96.739761708244
,MEGA LO LIQUOR,,32.887261029984,,DALLAS,7735 GREENVILLE AVE,,DALLAS,,,75231,6.795345351334578e+18,TX,Liquor Store,,-96.757794206851
,PAYLESS LIQUOR,,32.854849468743,,IRVING,3745 N STORY RD,,DALLAS,,,75062,1.6309106092783653e+19,TX,Liquor Store,,-96.975213290908
,VICTORIA FABRICS,,32.934273156008,,RICHARDSON,1401 TI BLVD STE H,,DALLAS,,,75081,1.298000768932435e+19,TX,Supermarket,,-96.748290131878
,"SPEC'S WINES & SPRITS & BEERS, #128, SPF DISTRIBU",,32.952189384594,,ADDISON,15055 INWOOD RD,,DALLAS,,,75001,1.255101062893229e+19,TX,Liquor Store,,-96.830044888414
,SALAM CONVENIENCE LLC,,32.610426432479,,DESOTO,900 N POLK ST STE 120,,DALLAS,,,75115,1.3151668607182605e+18,TX,Convenience Store,,-96.839919595382
,CHOES CONVENIENCE,,32.870434227002,,DALLAS,6866 SHADYBROOK LN,,DALLAS,,,75231,1.1838538541885116e+19,TX,Convenience Store,,-96.762697544201
,CHILLY MART,,32.938153367008,,RICHARDSON,540 CENTENNIAL BLVD,,DALLAS,,,75081,1.653392944840116e+19,TX,Convenience Store,,-96.720536591045
,CBD KRATOM,,32.780670111942,,DALLAS,1517 MAIN ST,,DALLAS,,,75201,1.5909068813692064e+19,TX,Specialty Food,,-96.799298248491
,SCARDELLO,,32.777416132378,,DALLAS,920 S HARWOOD ST STE 131,,DALLAS,,,75201,1.3518105301889995e+19,TX,Specialty Food,,-96.790653625129
,DAILY STOP,,32.894615476717,,DALLAS,9901 ROYAL LN STE 108,,DALLAS,,,75231,1.086989496986988e+19,TX,Convenience Store,,-96.716971794906
,DELIGHTFUL SWEETS,,32.589669263926,,DESOTO,324 E BELT LINE RD,,DALLAS,,,75115,5.04292154861219e+18,TX,Bakery,,-96.852030260749
,PM DISCOUNT LIQUOR,,32.844927277741,,DALLAS,4724 GREENVILLE AVE STE B,,DALLAS,,,75206,1.6439580650442084e+19,TX,Liquor Store,,-96.769926780345
,TRADERS VILLAGE BEER,,32.691441459927,,GRAND PRAIRIE,2602 MAYFIELD RD,,DALLAS,,,75052,1.0504386776791138e+19,TX,Liquor Store,,-97.044236726186
,SCARDELLO,,32.81284133035,,DALLAS,3511 OAK LAWN AVE,,DALLAS,,,75219,2.7117861973034455e+18,TX,Specialty Food,,-96.80465043292
,MASSIMO'S BAKERY,,32.816860308362,,DALLAS,7303 JOHN W CARPENTER FWY,,DALLAS,,,75247,1.21543490329466e+18,TX,Bakery,,-96.870692322393
,CELLPHONE WORLD #1,,32.604286265283,,LANCASTER,1450 W PLEASANT RUN RD STE 108,,DALLAS,,,75146,1.243044850509174e+19,TX,Convenience Store,,-96.783624019243
,"PANDERIA GUATEMALTECA 'LE MEJOR', INC.",,32.953338653597,,CARROLLTON,2717 E BELT LINE RD STE 105,,DALLAS,,,75006,1.8068399715377762e+19,TX,Bakery,,-96.859781662918
,GREENVILLE STOP,,32.811539871255,,DALLAS,1737 GREENVILLE AVE,,DALLAS,,,75206,9.126767342099449e+18,TX,Liquor Store,,-96.770260726147
,NEIGHBORHOOD FOOD MART,,32.725575051502,,DALLAS,1802 S DENLEY DR,,DALLAS,,,75216,8.40396715533476e+18,TX,Convenience Store,,-96.805482832895
,1ST STOP,,32.831630311876,,IRVING,1800 VALLEY VIEW LN STE 158,,DALLAS,,,75061,9.137143966926304e+17,TX,Convenience Store,,-97.023179612693
,PAYDAB AFRICAN MARKET,,32.905265812702,,DALLAS,9450 SKILLMAN ST STE 106,,DALLAS,,,75243,1.522411541597864e+18,TX,Supermarket,,-96.71166377891
,MAYA MANAGEMENT GROUP LLC,,32.748204638179,,DALLAS,2515 W JEFFERSON BLVD STE 300,,DALLAS,,,75211,7.194647115563746e+18,TX,Supermarket,,-96.859119786023
,DEES WAY GROCERY,,32.796746035784,,DALLAS,112 N COLLETT AVE STE 132,,DALLAS,,,75214,3.0510518457864863e+18,TX,Supermarket,,-96.762034429646
,AIM TERMITE AND PEST CONTROL INC,,32.895626740722,,DALLAS,9645 VISTA OAKS DR,,DALLAS,,,75243,1.2849789685835583e+19,TX,Supermarket,,-96.7334842887
,MIS RAICES EL SALVADOR INC,,32.786817137939,,MESQUITE,1807 N GALLOWAY AVE,,DALLAS,,,75149,1.2362432377606586e+19,TX,Supermarket,,-96.606184233552
,DESOTO GROCERY FOOD MART,,32.589771944696,,DESOTO,201 E BELT LINE RD STE 101,,DALLAS,,,75115,9.06546418432503e+18,TX,Specialty Food,,-96.85578738439
,HUTCHINS LIQUOR,,32.648903065065,,HUTCHINS,801 W PALESTINE ST STE 105,,DALLAS,,,75141,1.4142543565101943e+19,TX,Liquor Store,,-96.708404384865
,"GRAPH COFFEE, LCC",,32.704377094148,,DALLAS,1635 CHAMPAGNE DR,,DALLAS,,,75224,1.0351517395608947e+19,TX,Specialty Food,,-96.847116195498
,6-12 FOOD STORE,,32.760597846733,,DALLAS,1221 N HAMPTON RD,,DALLAS,,,75208,9.018357480878591e+18,TX,Convenience Store,,-96.856806022121
,"BUDA JUICE, LLC",,32.808387450624,,DALLAS,3699 MCKINNEY AVE STE 318,,DALLAS,,,75204,5.676086080671664e+18,TX,Specialty Food,,-96.79639630436
,LA REAL MICHOACANA #7,,32.829445832697,,IRVING,259 E GRAUWYLER RD # 170,,DALLAS,,,75061,2.503170466780629e+18,TX,Specialty Food,,-96.942937585033
,MAMIE BOBANGE BASENGA,,32.860211528363,,IRVING,3604 BLOCK DR APT 104,,DALLAS,,,75038,9.294481807284781e+18,TX,Supermarket,,-97.01094912063
,"SPEC'S LIQUOR #150 SPEC'S WINE, SPIRITS & FINER",,32.878179293202,,DALLAS,9500 N CENTRAL EXPY STE 200,,DALLAS,,,75231,2.1002990324166996e+18,TX,Liquor Store,,-96.769598005766
,KIEST FOOD MART,,32.705866008602,,DALLAS,2419 W KIEST BLVD,,DALLAS,,,75233,3.758881458999299e+17,TX,Convenience Store,,-96.857467148832
,FRUTERIA GUERRERO,,32.750682145297,,DALLAS,712 S WALTON WALKER BLVD # 11H,,DALLAS,,,75211,1.4610328800123376e+19,TX,Confectionery,,-96.920244386608
,SODA AND SNACK MART,,32.661895129927,,DALLAS,4020 W CAMP WISDOM RD,,DALLAS,,,75237,3.246305153252674e+18,TX,Convenience Store,,-96.884495254758
,STOCKS & BONDY,,32.817654134204,,DALLAS,4306 N CENTRAL EXPY,,DALLAS,,,75206,5.096208329061191e+18,TX,Specialty Food,,-96.787882883004
,YUMMY HOPE FOODS,,32.828746339604,,IRVING,3600 W PIONEER DR STE 140,,DALLAS,,,75061,5.992915473322678e+17,TX,Bakery,,-96.997590907168
,SAM HOUSTON FOOD MART,,32.930471568054,,GARLAND,2006 W BUCKINGHAM RD,,DALLAS,,,75042,8.345346502145232e+18,TX,Convenience Store,,-96.657353579374
,HARDWICK MART,,32.771672415513,,DALLAS,2333 HARDWICK ST,,DALLAS,,,75208,4.925533349901518e+18,TX,Convenience Store,,-96.826730307792
,BROOKS ROLLS & MORE LLC,,32.924734577559,,IRVING,8701 CYPRESS WATERS BLVD STE 110,,DALLAS,,,75063,9.07008897836052e+18,TX,Bakery,,-96.990892810135
,EL SEMBRADOR SCS,,32.711292782575,,DALLAS,145 S MASTERS DR,,DALLAS,,,75217,6.206884660998653e+18,TX,Confectionery,,-96.648662068012
,7-ELEVEN CONVENIENCE STORE #34530A,,32.783784738082,,DALLAS,511 N AKARD ST STE 101,,DALLAS,,,75201,4.085690379475045e+18,TX,Supermarket,,-96.800555656786
,LUCKY 777 C-STORE & GRILL,,32.648705206326,,HUTCHINS,1205 DOWDY FERRY RD,,DALLAS,,,75141,6.693832980706248e+18,TX,Convenience Store,,-96.698440258049
,Q.MART,,32.647663427579,,DALLAS,4041 W WHEATLAND RD STE 216,,DALLAS,,,75237,1.6217646857695414e+19,TX,Convenience Store,,-96.883497981191
,KORNER THE MARKET,,32.797535135044,,DALLAS,2422 ALLEN ST,,DALLAS,,,75204,9.013450783255185e+18,TX,Convenience Store,,-96.798180910305
,"I & I BAKERY, LLC",,32.990773181409,,CARROLLTON,2625 OLD DENTON RD STE 418,,DALLAS,,,75007,1.0243443836410153e+19,TX,Bakery,,-96.910067244112
,LUXURY INN,,32.677463422833,,DALLAS,5606 S R L THORNTON FWY,,DALLAS,,,75232,8.406006714937721e+18,TX,Confectionery,,-96.822123754654
,LATINO MARKET,,32.956025820804,,CARROLLTON,1916 WALNUT PLZ STE 105,,DALLAS,,,75006,1.3227599572436869e+17,TX,Convenience Store,,-96.888632074138
,A MOTION FOOD MART,,32.739732698681,,DALLAS,829 S CORINTH STREET RD,,DALLAS,,,75203,9.884526511564476e+18,TX,Convenience Store,,-96.798557592572
,K�RNER THE MARKET,,32.800768771543,,DALLAS,2815 ALLEN ST STE 122,,DALLAS,,,75204,3.9102977930576067e+18,TX,Convenience Store,,-96.801256276661
,BUDA JUICE,,32.83664154691,,DALLAS,5307 E MOCKINGBIRD LN STE 107,,DALLAS,,,75206,5.699192932224421e+18,TX,Specialty Food,,-96.777380168382
,PO-GO'S,,32.79523540014,,DALLAS,2034 IRVING BLVD,,DALLAS,,,75207,9.774371373571328e+18,TX,Liquor Store,,-96.828619450643
,BJ'S WHOLESALE CLUB #264,,32.688280192687,,GRAND PRAIRIE,1021 IKEA WAY,,DALLAS,,,75052,4.807683121494377e+18,TX,Liquor Store,,-97.023057784164
,PREMIER DESI DISTRICT,,32.897319553596,,IRVING,6421 RIVERSIDE DR STE 160,,DALLAS,,,75039,8.276776746977411e+18,TX,Supermarket,,-96.939050248351
,MILLER GAS & MORE,,32.894553410522,,GARLAND,2435 W MILLER RD,,DALLAS,,,75041,4.163294998888137e+18,TX,Convenience Store,,-96.664781455631
,CARNICERIA MEXICO,,32.777293014169,,DALLAS,5417 BERNAL DR,,DALLAS,,,75212,1.3591915180767334e+19,TX,Meat Market,,-96.909072755501
,DAILY STOP,,32.800369977737,,IRVING,2326 W SHADY GROVE RD,,DALLAS,,,75060,1.7428588808284488e+19,TX,Convenience Store,,-96.975845844546
,HAMPTON BEVERAGES,,32.565327601718,,GLENN HEIGHTS,1519 S HAMPTON RD,,DALLAS,,,75154,5.054158493687302e+18,TX,Liquor Store,,-96.856944457783
,NINE RABBITS BAKERY BOBA HOUSE,,32.895881949365,,DALLAS,2546 ROYAL LN,,DALLAS,,,75229,1.1520108861035921e+19,TX,Bakery,,-96.893799612443
,TIGER MART 81,,32.77061265453,,DALLAS,2050 N WESTMORELAND RD STE 100,,DALLAS,,,75212,8.208694142620028e+18,TX,Convenience Store,,-96.873798659285
,FRUTERIA CANO,,32.931655573729,,DALLAS,13531 MONTFORT DR STE 125,,DALLAS,,,75240,1.2283981411856828e+19,TX,Produce Market,,-96.81234250894
,RJ FOREST LN RESTAURANT LLC,,32.909746520324,,DALLAS,3605 FOREST LN,,DALLAS,,,75234,8.300980118912976e+18,TX,Specialty Food,,-96.858774132502
,ECCLESIA BAKERY & BRUNCH,,32.951275691291,,COPPELL,804 S MACARTHUR BLVD,,DALLAS,,,75019,1.5956767100596474e+19,TX,Bakery,,-96.957771982629
,AZ C-STORE,,32.925339529482,,DALLAS,13021 COIT RD STE 106,,DALLAS,,,75240,1.344073278099309e+18,TX,Convenience Store,,-96.769329826082
,DOUG'S MARKET & DELI,,32.780966409814,,DALLAS,2008 COMMERCE ST,,DALLAS,,,75201,1.0434220758512257e+19,TX,Convenience Store,,-96.793762310986
,SNACK HUB EXPRESS LLC,,32.781982157062,,DALLAS,400 S HALL ST APT 248,,DALLAS,,,75226,1.5247063394727379e+19,TX,Supermarket,,-96.778845468142
,CHEF CRAFTED KITCHENS LLC,,32.827533012507,,DALLAS,6211 OWENS ST STE 100,,DALLAS,,,75235,8.222491698580047e+18,TX,Liquor Store,,-96.839029163228
,DAILY FOOD MART,,32.610426432479,,DESOTO,900 N POLK ST STE 102,,DALLAS,,,75115,4.4503450815156255e+18,TX,Convenience Store,,-96.839919595382
,"3 BAR BISON, LLC",,32.764194160538,,DALLAS,209 E GREENBRIAR LN,,DALLAS,,,75203,1.9183235641695455e+18,TX,Meat Market,,-96.821217777393
,SPICEMART,,32.827662321861,,DALLAS,5331 HOLLAND AVE,,DALLAS,,,75209,1.6110033699570534e+19,TX,Supermarket,,-96.820307196134
,YOUNG DONUTS,,32.791959797631,,DALLAS,6102 SAMUELL BLVD STE 100,,DALLAS,,,75228,3.411242493527018e+18,TX,Food Store,,-96.69981253259
,NATALIE'S PASTRY AND CAKES,,32.970050785659,,CARROLLTON,2240 MARSH LN # 120,,DALLAS,,,75006,5.531441865844998e+18,TX,Bakery,,-96.854961805478
,SAM'S WHOLESALE PRICED LIQUOR 1,,32.905976999403,,ROWLETT,5119 ROWLETT RD,,DALLAS,,,75088,1.2501351006060366e+19,TX,Liquor Store,,-96.569509607542
,SADLER'S FOOD MART #2,,32.762186963982,,DALLAS,10300 SCYENE RD STE 100,,DALLAS,,,75227,1.6073981231700462e+19,TX,Convenience Store,,-96.646442380555
,"BODEGA FINE SPIRITS, LLC",,32.870124112172,,DALLAS,10645 HARRY HINES BLVD,,DALLAS,,,75220,3.9977427720823967e+18,TX,Liquor Store,,-96.882946897992
,TC'S PIECES OF LOVE LLC,,32.623843474368,,LANCASTER,2913 MONTICELLO LN,,DALLAS,,,75134,1.4159738664190822e+19,TX,Specialty Food,,-96.802207507457
,HILL TOWN LIQUOR,,32.740314781193,,COCKRELL HILL,3610 W JEFFERSON BLVD STE 100,,DALLAS,,,75211,1.1906909207108272e+19,TX,Liquor Store,,-96.878754057675
,BOOZE BAGGERS LLC,,32.971408812695,,DALLAS,16117 LONGVISTA DR,,DALLAS,,,75248,1.1635830605281776e+19,TX,Specialty Food,,-96.783345688237
,"J.C.'S ONE STOP SHOP, LLC",,32.739772296554,,DALLAS,2743 CEDAR CREST BLVD,,DALLAS,,,75203,3.8838633418544435e+18,TX,Convenience Store,,-96.789305540152
,SAM'S TOBACCO TOWN,,32.960573375769,,RICHARDSON,800 E ARAPAHO RD STE 104,,DALLAS,,,75081,1.7012373140209193e+18,TX,Convenience Store,,-96.713699865114
,SUPER SECRET SALSA COMPANY LLC,,32.842635342249,,DALLAS,11124 MANORVIEW CIR,,DALLAS,,,75228,1.1153698032648208e+19,TX,Produce Market,,-96.653501592374
,AL FOOD MART,,32.661497188212,,DALLAS,7150 CHAUCER PL STE 108,,DALLAS,,,75237,2.775655256789962e+18,TX,Convenience Store,,-96.867815601763
,"CANDY ZONE, INC.",,32.841102633578,,IRVING,3803 IRVING MALL,,DALLAS,,,75062,1.1172244101976117e+19,TX,Confectionery,,-96.994304958083
,JERSEY MIKES SUBS,,32.811792586591,,DALLAS,7324 GASTON AVE STE 115,,DALLAS,,,75214,7.365285585409099e+18,TX,Meat Market,,-96.730767611575
,AMIGO DOLLAR PLUS,,32.864253251205,,GARLAND,1401 NORTHWEST HWY STE 139,,DALLAS,,,75041,7.979888376125473e+18,TX,Convenience Store,,-96.648410558185
,# 1 DALLAS  DISCOUNT TOBACCO,,32.690751889284,,DALLAS,4515 VILLAGE FAIR DR STE E10,,DALLAS,,,75224,4.836428661188151e+18,TX,Liquor Store,,-96.829363599874
,WHOLE FOODS MARKET,,32.953965297782,,DALLAS,5100 BELT LINE RD STE 1012,,DALLAS,,,75254,1.0792706917047552e+19,TX,Supermarket,,-96.821670972107
,EMPIRE CENTRAL BEVERAGE,,32.835315138174,,DALLAS,8300 HARRY HINES BLVD,,DALLAS,,,75235,5.868749286688901e+18,TX,Liquor Store,,-96.862853732225
,HAJAR CONVENIENCE LLC,,32.718646584655,,DALLAS,2475 S COCKRELL HILL RD STE 100,,DALLAS,,,75211,5.452892193217201e+18,TX,Convenience Store,,-96.891592973989
,GREAT MECCA LLC,,32.980275865037,,SACHSE,6504 HIGHWAY 78,,DALLAS,,,75048,1.794538951195442e+19,TX,Convenience Store,,-96.588972374697
,JULIA BEAD JEWELRY,,32.914245831876,,DALLAS,3030 LYNDON B JOHNSON FWY STE 1630,,DALLAS,,,75234,1.0062138963414172e+19,TX,Specialty Food,,-96.86754019981
,SAMS FOOD MART,,32.944910701605,,GARLAND,2929 BELT LINE RD,,DALLAS,,,75044,1.4495145808174664e+19,TX,Convenience Store,,-96.671461129836
,WHOLE FOODS MARKET #23,,32.907973293727,,DALLAS,11700 PRESTON RD # 714,,DALLAS,,,75230,7.474978288675803e+18,TX,Supermarket,,-96.804073444098
,AGIEBABE'S GINGER BEER LLC,,32.794472349033,,DALLAS,1400 HI LINE DR APT 718,,DALLAS,,,75207,1.5141058898861576e+19,TX,Specialty Food,,-96.815459727912
,JF AFRICAN & ASIAN MARKET,,32.78694823628,,MESQUITE,1819 N GALLOWAY AVE,,DALLAS,,,75149,5.536572722739298e+18,TX,Convenience Store,,-96.606338888601
,XPRESS FOOD MART,,32.944851215556,,GARLAND,1225 BELT LINE RD STE 103,,DALLAS,,,75040,2.899638503338558e+18,TX,Convenience Store,,-96.645361902385
,KROGER FUEL CENTER #529,,32.802526841399,,DALLAS,4467 ROSS AVE,,DALLAS,,,75204,5.384686950289461e+18,TX,Supermarket,,-96.780736967333
,FUEGO SMOKE SHOP BEER AND WINE,,32.895026949095,,DALLAS,2780 ROYAL LN STE A,,DALLAS,,,75229,4.409537427692407e+18,TX,Convenience Store,,-96.88384522872
,W T C SUNDRIES SHOP,,32.801838903015,,DALLAS,2050 N STEMMONS FWY UNIT 103,,DALLAS,,,75207,1.2986649774990707e+19,TX,Convenience Store,,-96.825002487163
,"CHARMAC, LLC",,32.869984163812,,DALLAS,9015 LEASIDE DR,,DALLAS,,,75238,1.7532207940482058e+19,TX,Supermarket,,-96.702350971957
,VAZQUEZ FRESH FRUIT & PRODUCE,,32.815268968156,,IRVING,2424 ROCK ISLAND RD,,DALLAS,,,75060,1.3071360142450119e+19,TX,Produce Market,,-96.976808283339
,FRUTERIA CANO,,32.756780719516,,DALLAS,1133 N ZANG BLVD,,DALLAS,,,75203,8.592349464261316e+18,TX,Produce Market,,-96.822625357391
,CIRCLE 'ON',,32.586526900202,,CEDAR HILL,207 S CLARK RD,,DALLAS,,,75104,3.534736164669116e+18,TX,Convenience Store,,-96.942627138411
,LOLLI'S VELVET WHISK,,32.909657695073,,DALLAS,9669 FOREST LN APT 2006,,DALLAS,,,75243,4.5060187784227267e+18,TX,Bakery,,-96.722882757964
,R&J GROCERY STORE,,32.78434328439,,DALLAS,3439 MAYBETH ST,,DALLAS,,,75212,9.719387362022056e+17,TX,Supermarket,,-96.903587099366
,LA LIMENA PERUVIAN PRODUCTS,,32.914914264299,,DALLAS,3617 RIDGEBRIAR DR,,DALLAS,,,75234,1.7482217355789158e+19,TX,Confectionery,,-96.858039790675
,DULCERIA EL LUCERO,,32.87895328236,,GARLAND,1445 W KINGSLEY RD,,DALLAS,,,75041,1.6978448288465764e+19,TX,Confectionery,,-96.645159592937
,254 GROUP LLC,,32.660563060322,,DALLAS,4154 PREFERRED PL,,DALLAS,,,75237,1.270632213607326e+19,TX,Convenience Store,,-96.886079536712
,SUPER SAVE STORE,,32.850744539989,,DALLAS,1727 BARNES BRIDGE RD,,DALLAS,,,75228,4.797621791271045e+18,TX,Convenience Store,,-96.678783799175
,99 RANCH MARKET #105,,32.979896718823,,CARROLLTON,2532 OLD DENTON RD STE 100,,DALLAS,,,75006,1.5234468434459707e+19,TX,Liquor Store,,-96.909748442688
,WHOLE FOODS MARKET,,32.871714195414,,DALLAS,8190 PARK LN STE 351,,DALLAS,,,75231,1.2742143732702855e+19,TX,Supermarket,,-96.765165899361
,STOP AND SHOP #3,,32.808651559545,,IRVING,207 W 6TH ST,,DALLAS,,,75060,1.7356609115246612e+18,TX,Convenience Store,,-96.947689411203
,PORT COFFEE TX LLC,,32.941325133604,,RICHARDSON,801 S SHERMAN ST STE 101,,DALLAS,,,75081,1.5607928115908006e+19,TX,Convenience Store,,-96.739756770817
,PAYLESS BEER WINE,,32.92545733535,,DALLAS,5620 LYNDON B JOHNSON FWY STE 300,,DALLAS,,,75240,9.177788276916374e+18,TX,Supermarket,,-96.810762580896
,LIVE OAK CORNER STORE,,32.789594425066,,DALLAS,2827 LIVE OAK ST,,DALLAS,,,75204,1.7667020982648e+19,TX,Convenience Store,,-96.788270874774
,LOW PRIZE FOOD MART,,32.939954935601,,RICHARDSON,1472 W SPRING VALLEY RD,,DALLAS,,,75080,1.6428990583709518e+19,TX,Convenience Store,,-96.768152733767
,FRUTERIA CANO,,32.809435443064,,IRVING,506 S NURSERY RD STE 120,,DALLAS,,,75060,1.579351678194105e+19,TX,Produce Market,,-96.934466183669
,ATMEX CONVENIENCE STORE,,32.747694253235,,GRAND PRAIRIE,225 NE 10TH ST,,DALLAS,,,75050,1.335909221166811e+19,TX,Convenience Store,,-96.992399917453
,BASKIN ROBBINS,,32.842920342393,,IRVING,2666 N BELT LINE RD,,DALLAS,,,75062,1.318491908022687e+19,TX,Specialty Food,,-96.99234161232
,MY LIQUOR STOP,,32.7339994003,,BALCH SPRINGS,10940 LAKE JUNE RD,,DALLAS,,,75180,7.252912766667606e+18,TX,Liquor Store,,-96.638017897003
,DRY SIPS BOTTLE SHOP,,32.83143866761,,DALLAS,9219 GARLAND RD STE 1105,,DALLAS,,,75218,5.378823682830125e+18,TX,Convenience Store,,-96.705226972009
,LBJ FOOD MART,,32.872906816617,,DALLAS,13015 JUPITER RD STE 100,,DALLAS,,,75238,1.5687860176126755e+19,TX,Convenience Store,,-96.683254339559
,RAKKASAN TEA COMPANY,,32.783678141556,,DALLAS,2528 ELM ST STE A,,DALLAS,,,75226,5.436494495413717e+18,TX,Specialty Food,,-96.788305578593
,GRINGAS RIM DIPS LLC,,32.928480191963,,GARLAND,1138 PLEASANT VALLEY RD STE F,,DALLAS,,,75040,1.3633356059046791e+19,TX,Confectionery,,-96.615924919482
,WHOLE FOODS MARKET,,32.820505151982,,HIGHLAND PARK,4100 LOMO ALTO DR,,DALLAS,,,75219,1.7952269823136977e+19,TX,Supermarket,,-96.815425160355
,"MEDRANO & SONS PRODUCE, INC.",,32.72915576453,,DALLAS,1735 LANSFORD AVE,,DALLAS,,,75224,1.7250786831402158e+19,TX,Produce Market,,-96.848566282813
,POPS C-STORE,,32.66187137878,,DALLAS,4140 W CAMP WISDOM RD # F,,DALLAS,,,75237,1.093831956801351e+19,TX,Convenience Store,,-96.886482682034
,SAM'S WHOLESALE PRICED LIQUOR,,32.905976999403,,ROWLETT,5119 ROWLETT RD,,DALLAS,,,75088,3.0485480869744026e+18,TX,Liquor Store,,-96.569509607542
,MACARTHUR BEER-WINE & GAS,,32.827401460918,,IRVING,705 N MACARTHUR BLVD,,DALLAS,,,75061,8.820972911912698e+18,TX,Convenience Store,,-96.957937990009
,ZERO COOL VENDING LLC,,32.788321005249,,DALLAS,2811 LACOMPTE DR,,DALLAS,,,75227,2.2244926818769487e+18,TX,Convenience Store,,-96.714055589194
,"HIEP PHONG BBQ FOOD STORE, INC.",,32.916507562239,,DALLAS,10560 WALNUT ST STE 1100,,DALLAS,,,75243,1.2454779808639697e+19,TX,Supermarket,,-96.701475756746
,BALCH SPRINGS BRUTON LIQUOR,,32.748533966099,,BALCH SPRINGS,2518 W BRUTON RD,,DALLAS,,,75180,8.383662003779684e+18,TX,Liquor Store,,-96.635399586585
,SOUTHERN SPOON JAMS,,32.958823331687,,GARLAND,518 SOTOGRANDE DR,,DALLAS,,,75044,8.785522683076888e+18,TX,Specialty Food,,-96.623686254577
,FLAMINGO BEER WINE BEVERAGES,,32.987002204366,,CARROLLTON,2810 E TRINITY MILLS RD STE 219,,DALLAS,,,75006,8.506245112596876e+18,TX,Liquor Store,,-96.854402772954
,FLAMINGO BEER WINE BEVERAGES,,32.945060908232,,DALLAS,14444 DALLAS PKWY STE 115,,DALLAS,,,75254,1.2257547832656611e+19,TX,Convenience Store,,-96.822571477489
,"ITAMP, INC.",,32.786720834372,,DALLAS,2633 SWISS AVE,,DALLAS,,,75204,8.772503208021214e+18,TX,Produce Market,,-96.788530836769
,SADLER'S FOOD MART #2,,32.762186963982,,DALLAS,10300 SCYENE RD STE 100,,DALLAS,,,75227,7.665659635353669e+18,TX,Convenience Store,,-96.646442380555
,3 APPLES LIQUOR,,32.837377749755,,IRVING,1111 W AIRPORT FWY STE 121,,DALLAS,,,75062,1.6533559269751276e+19,TX,Liquor Store,,-96.959742855731
,"FRUTERIA CANO,",,32.777409323869,,DALLAS,3921 MARTIN LUTHER KING JR BLVD # TB23F,,DALLAS,,,75210,1.6375774939405548e+18,TX,Produce Market,,-96.759318288871
,BALCH SPRINGS BRUTON BEER & WINE,,32.748533966097,,BALCH SPRINGS,2516 W BRUTON RD,,DALLAS,,,75180,6.628600202653093e+18,TX,Liquor Store,,-96.635345703898
,DALLAS SNACK & SMOKE,,32.792429086359,,DALLAS,6155 SAMUELL BLVD STE 150,,DALLAS,,,75228,1.6733531145842018e+19,TX,Convenience Store,,-96.696970236317
,WHOLE FOODS MARKET,,32.900653609227,,IRVING,6741 N MACARTHUR BLVD,,DALLAS,,,75039,8.951992143477362e+18,TX,Supermarket,,-96.958961958326
,MAS LATINA IRVING LLC,,32.844380154578,,IRVING,2809 N MACARTHUR BLVD,,DALLAS,,,75062,1.4922409930230286e+19,TX,Convenience Store,,-96.959149377112
,MY ANGEL,,32.824178152772,,DALLAS,8010 N STEMMONS FWY STE 101,,DALLAS,,,75247,6.401580736251336e+17,TX,Convenience Store,,-96.870896067772
,DUNKIN DONUTS,,32.939603772077,,COPPELL,1575 S BELT LINE RD STE 160,,DALLAS,,,75019,1.7176323836449018e+19,TX,Bakery,,-96.993703902691
,L.A.B PRODUCE LLC,,32.651842396974,,SEAGOVILLE,1402 N KAUFMAN ST,,DALLAS,,,75159,4.760410244846734e+18,TX,Produce Market,,-96.55282836697
,DESI FROSTBITES,,32.896021183966,,IRVING,949 W ROYAL LN,,DALLAS,,,75039,5.968032864112494e+18,TX,Bakery,,-96.961509217278
,AMIGO LIQUOR BEER & WINE,,32.747401259182,,GRAND PRAIRIE,203 N BELT LINE RD STE 400,,DALLAS,,,75050,2.612853277560884e+18,TX,Liquor Store,,-96.994626095832
,FRUTERIA CANO,,32.777409323869,,DALLAS,3921 MARTIN LUTHER KING JR BLVD # G32F,,DALLAS,,,75210,1.1796253870175633e+19,TX,Produce Market,,-96.759318288871
,ANDY'S FOOD MART,,32.811259072087,,DALLAS,2403 N FITZHUGH AVE,,DALLAS,,,75204,1.7006805219426652e+19,TX,Convenience Store,,-96.782282970177
,MARIA'S GROCERY,,32.719508015712,,DALLAS,8300 ELAM RD STE 130,,DALLAS,,,75217,5.413746397462872e+18,TX,Convenience Store,,-96.677673565492
,THE INNOCENT COUPLE LLC,,32.785916837342,,DALLAS,750 N SAINT PAUL ST STE 250,,DALLAS,,,75201,1.8704640389111022e+18,TX,Specialty Food,,-96.799882425294
,TURATH SWEETS,,32.927333314246,,IRVING,8901 WESTMONT DR,,DALLAS,,,75063,1.619583703179233e+19,TX,Bakery,,-96.964597576799
,GORDO PRODUCE,,32.85493194729,,DALLAS,2830 EL CAPITAN DR,,DALLAS,,,75228,3.7708369894816186e+17,TX,Produce Market,,-96.666981176099
,PIE TAP PIZZA WORKSHOP + BAR,,32.81773401551,,DALLAS,2708 N HENDERSON AVE STE 200,,DALLAS,,,75206,1.7026505053757854e+19,TX,Liquor Store,,-96.781715693039
,ILLINOIS FOOD MART,,32.720279487453,,DALLAS,4404 W ILLINOIS AVE,,DALLAS,,,75211,1.010542577363965e+19,TX,Convenience Store,,-96.891711803339
,K&N CONVENIENT STORE,,32.812664462343,,IRVING,750 E 2ND ST STE 110,,DALLAS,,,75060,9.650760773212131e+18,TX,Convenience Store,,-96.93703488365
,JIMMY'S LIQUOR,,32.86701732266,,DALLAS,2051 W NORTHWEST HWY STE 60,,DALLAS,,,75220,9.922087503210957e+18,TX,Liquor Store,,-96.907146521066
,"CARNICERIA LA ALTENA - IRVING, LLC",,32.854571388036,,IRVING,2316 TIMBERLAKE DR,,DALLAS,,,75062,1.0736358281564668e+19,TX,Supermarket,,-96.981847809326
,NEO'S C-STORE,,32.841730897635,,GARLAND,429 W INTERSTATE 30 STE 6,,DALLAS,,,75043,8.369722007635772e+18,TX,Convenience Store,,-96.592610207023
,OSCAR'S PRODUCE,,32.84915593956,,DALLAS,2810 TISINGER AVE,,DALLAS,,,75228,4.5846606992654515e+18,TX,Produce Market,,-96.667190392631
,NEW RUSH HOUR FOOD MART,,32.733997870348,,DALLAS,8912 LAKE JUNE RD,,DALLAS,,,75217,1.694553281021092e+19,TX,Convenience Store,,-96.666843817287
,6-TWELVE GROCERY STORE,,32.726676782791,,DALLAS,1910 S EDGEFIELD AVE,,DALLAS,,,75224,4.78676021256364e+18,TX,Convenience Store,,-96.844537660405
,TIENDA HISPANA BELEN,,32.720335563667,,GRAND PRAIRIE,311A W MARSHALL DR,,DALLAS,,,75051,1.7396750885693837e+19,TX,Supermarket,,-97.007372672496
,LAKEWOOD GROWLER,,32.836346954458,,DALLAS,6448 E MOCKINGBIRD LN,,DALLAS,,,75214,3.0855273753284623e+18,TX,Liquor Store,,-96.751634272028
,SPRING CONVENIENCE STORE,,32.774320199376,,DALLAS,2743 FOREMAN ST,,DALLAS,,,75210,1.487582473963381e+19,TX,Convenience Store,,-96.743974969621
,CHILL ZONE BEER & WINE,,32.877792180114,,GARLAND,3115 S 1ST ST STE 200,,DALLAS,,,75041,1.7234874131418726e+19,TX,Convenience Store,,-96.63098651782
,MINIT MART,,32.712707305888,,DALLAS,136 N MASTERS DR,,DALLAS,,,75217,7.666458992835184e+18,TX,Convenience Store,,-96.648348603965
,GEORGAROSE,,32.754975552617,,MESQUITE,3201 GRANADA DR,,DALLAS,,,75181,7.708970261561624e+18,TX,Specialty Food,,-96.54997045521
,7-ELEVEN CONVENIENCE STORE #34117A,,32.915109493227,,FARMERS BRANCH,12103 WEBB CHAPEL RD,,DALLAS,,,75234,1.677511571808487e+19,TX,Convenience Store,,-96.873349992999
,BEYOND BOOZE BEVERAGE COMPANY,,32.949762251757,,RICHARDSON,101 S SHERMAN ST STE B,,DALLAS,,,75081,4.102278343934625e+18,TX,Specialty Food,,-96.733217228904
,KROGER FULFILLMENT NETWORK LLC,,32.63608150601,,DALLAS,4221 TELEPHONE RD,,DALLAS,,,75241,1.5747696247481455e+19,TX,Supermarket,,-96.753595054471
,G04 LIQUOR,,32.800922969087,,IRVING,902 E SHADY GROVE RD,,DALLAS,,,75060,1.1479266907162233e+19,TX,Liquor Store,,-96.935663914592
,FRIENDLY 2 MART,,32.705982945794,,DALLAS,3287 S POLK ST,,DALLAS,,,75224,7.182075886901544e+18,TX,Convenience Store,,-96.840239736455
,MERRY MART,,32.79383253236,,DALLAS,5605 E GRAND AVE,,DALLAS,,,75223,1.762964452846235e+19,TX,Convenience Store,,-96.747347096589
,FRUTERIA CANO,,32.777409323869,,DALLAS,3921 MARTIN LUTHER KING JR BLVD,,DALLAS,,,75210,9.241214503820345e+18,TX,Produce Market,,-96.759318288871
,GOODSOURCE LLC,,32.930144077332,,DALLAS,13402 BAYARD CIR,,DALLAS,,,75243,1.5460552295048757e+19,TX,Supermarket,,-96.710071752951
,MOUNT LIQUOR,,32.83733786201,,IRVING,535 W AIRPORT FWY STE 140,,DALLAS,,,75062,1.8356055657368472e+19,TX,Convenience Store,,-96.951966517273
,PLEASANT RUN FOOD MART,,32.60453159728,,CEDAR HILL,635 E PLEASANT RUN RD,,DALLAS,,,75104,1.108941844436296e+19,TX,Convenience Store,,-96.927512439016
,FRUTERIA CANO,,32.848573419887,,DALLAS,11255 GARLAND RD STE 405,,DALLAS,,,75218,4.543296594411866e+18,TX,Produce Market,,-96.684233625562
,KOKOPELLI SWEETS,,32.781694145723,,DALLAS,1718 N MARKET ST,,DALLAS,,,75202,1.0140293784403005e+19,TX,Confectionery,,-96.806715958687
,TU TIENDA HISPANA LA BENDICION,,32.691178861732,,DALLAS,2416 W LEDBETTER DR,,DALLAS,,,75233,1.6502860779886563e+19,TX,Supermarket,,-96.85746539883
,FUEL CITY CEDAR HILL,,32.610812675972,,CEDAR HILL,1107 N HIGHWAY 67,,DALLAS,,,75104,4.5163859641718047e+18,TX,Convenience Store,,-96.925220315347
,ANTOJITOS AZTECA,,32.734486874421,,DALLAS,2838 W CLARENDON DR,,DALLAS,,,75211,8.243614661570874e+18,TX,Specialty Food,,-96.86743332588
,DIANA CONVENIENCE LLC,,32.720254376993,,DALLAS,2403 WESTERN PARK DR,,DALLAS,,,75211,1.2056924303952857e+19,TX,Convenience Store,,-96.894621024747
,FRUTERIA CANO,,32.791507368942,,DALLAS,110 S CARROLL AVE,,DALLAS,,,75226,1.0440301710842743e+19,TX,Produce Market,,-96.767385149108
,DULCERIA GLORIA #1,,32.873676154165,,DALLAS,10788 HARRY HINES BLVD # E28,,DALLAS,,,75220,1.677995568809904e+19,TX,Confectionery,,-96.883525911942
,COCOHODO BRANCH CARROLLTON,,32.990773181409,,CARROLLTON,2625 OLD DENTON RD STE 340,,DALLAS,,,75007,5.848479335258671e+18,TX,Bakery,,-96.910067244112
,THREE AMIGOS FOOD MART & MORE,,32.953745401562,,CARROLLTON,1927 E BELT LINE RD STE 136,,DALLAS,,,75006,7.925390458060947e+18,TX,Convenience Store,,-96.889431093399
,CARNICERIA EL TORITO #2,,32.733695924407,,DALLAS,1250 S BUCKNER BLVD,,DALLAS,,,75217,1.1978974770067296e+19,TX,Meat Market,,-96.682769478335
,BUCKINGHAM BEER & WINE,,32.931035783294,,GARLAND,1529 W BUCKINGHAM RD STE 6,,DALLAS,,,75042,8.880686539747446e+18,TX,Convenience Store,,-96.649260160582
,SPEEDMAX #6,,32.70213288435,,DALLAS,9531 C F HAWN FWY,,DALLAS,,,75217,1.4027739621777883e+19,TX,Convenience Store,,-96.658320087087
,"TJ'S FRESH SEAFOOD MARKET & CATERING II, LLC",,32.819942235022,,DALLAS,4212 OAK LAWN AVE,,DALLAS,,,75219,2.226222417429351e+18,TX,Seafood Market,,-96.80230185769
,CREAMISTRY,,32.930508319415,,DALLAS,13350 DALLAS PKWY STE 2655,,DALLAS,,,75240,6.906431180025578e+18,TX,Specialty Food,,-96.820997176582
,THE DHABA,,32.772478541013,,DALLAS,1901 S HARWOOD ST APT 201,,DALLAS,,,75215,1.5757471816701137e+19,TX,Produce Market,,-96.783845209296
,55 SEVENTY DALLAS BEVCO,,32.86371199132,,DALLAS,8306 KATE ST STE 9,,DALLAS,,,75225,1.5854059854752793e+19,TX,Liquor Store,,-96.805200625221
,ROYALS INTERNATIONAL FOODS MARKET,,32.940669216147,,GARLAND,901 BELT LINE RD STE 102,,DALLAS,,,75040,1.3516053646557596e+19,TX,Supermarket,,-96.640258454005
,PREMIER LIQUOR,,32.982716655428,,SACHSE,6810 MURPHY RD STE 500,,DALLAS,,,75048,4.5195859323684977e+18,TX,Liquor Store,,-96.613330394619
,JOY MACARONS,,32.813990279195,,DALLAS,1927 GREENVILLE AVE,,DALLAS,,,75206,1.2671455344119007e+19,TX,Bakery,,-96.770272461493
,AMERICAN BUTCHERS LLC,,32.777416132378,,DALLAS,920 S HARWOOD ST STE 150,,DALLAS,,,75201,4.593999757230031e+18,TX,Meat Market,,-96.790653625129
,7 ELEVEN #12292A,,32.751296862175,,DALLAS,302 N MARSALIS AVE,,DALLAS,,,75203,9.390872819627674e+18,TX,Convenience Store,,-96.815565596286
,NEW CIRCLE A BEER & WINE,,32.865221698639,,GARLAND,4306 SATURN RD,,DALLAS,,,75041,5.339840020102728e+18,TX,Convenience Store,,-96.64829087891
,NEW BONITA BEVERAGE CORNER,,32.733858201674,,BALCH SPRINGS,2603 HICKORY TREE RD,,DALLAS,,,75180,5.534319471519551e+18,TX,Convenience Store,,-96.62266404466
,"CANDYWAREHOUSE.COM, INC.",,32.986058024463,,CARROLLTON,2661 MIDWAY RD STE 200,,DALLAS,,,75006,3.665287074806517e+18,TX,Confectionery,,-96.842265538838
,SNARKYGIRL AND CO,,32.967510510177,,GARLAND,5618 JESTER DR,,DALLAS,,,75044,1.801032338348787e+18,TX,Bakery,,-96.677079078976
,1-STOP SHOP,,32.680560154906,,DALLAS,1512 S BELT LINE RD STE 2,,DALLAS,,,75253,5.169078741866269e+18,TX,Convenience Store,,-96.59688267638
,GLOBAL MUNCHIES TX,,32.782991370818,,DALLAS,1910 PACIFIC AVE STE 20003368,,DALLAS,,,75201,6.169299774783049e+18,TX,Specialty Food,,-96.795313262289
,SUPER SMASH ICE CREAM LLC,,32.951706946291,,GARLAND,3845 N GARLAND AVE STE 300,,DALLAS,,,75040,1.202082233056249e+18,TX,Specialty Food,,-96.653996355234
,DB RICHARDSON LLC,,32.950597905767,,RICHARDSON,100 S CENTRAL EXPY STE 26C,,DALLAS,,,75080,9.924156632103731e+18,TX,Supermarket,,-96.735252205755
,3-GUYS,,32.793367359956,,DALLAS,5552 E GRAND AVE STE C,,DALLAS,,,75223,3.25696928107209e+18,TX,Liquor Store,,-96.747686099799
,AMERICAN DONUTS,,32.685753634018,,GRAND PRAIRIE,3480 S CARRIER PKWY STE 160,,DALLAS,,,75052,1.2304322982623726e+19,TX,Bakery,,-97.012892473773
,DESOTO FOOD MART,,32.604324593631,,DESOTO,901 N POLK ST STE 303,,DALLAS,,,75115,2.7748252277700234e+18,TX,Convenience Store,,-96.840829988818
,SHOP N GO,,32.948638128363,,FARMERS BRANCH,14714 WEBB CHAPEL RD,,DALLAS,,,75234,1.1245868860182974e+19,TX,Convenience Store,,-96.870876183698
,MOTLEY FOOD MART,,32.811505921123,,MESQUITE,3601 INTERSTATE 30,,DALLAS,,,75150,1.0949950757025305e+19,TX,Convenience Store,,-96.65260156936
,BUBULA BAR LLC,,32.974350512745,,SACHSE,3605 6TH ST,,DALLAS,,,75048,7.690888640666226e+18,TX,Specialty Food,,-96.589497868781
,DALLAS LIFE,,32.77172386165,,DALLAS,1100 CADIZ ST,,DALLAS,,,75215,7.351768997816452e+18,TX,Convenience Store,,-96.798685158453
,FAIR GROUNDS FOOD MART,,32.772973679374,,DALLAS,1707 ROBERT B CULLUM BLVD,,DALLAS,,,75210,1.4549888373185268e+19,TX,Convenience Store,,-96.760613057842
,DISCOUNT FOOD MART,,32.65590275696,,DALLAS,7491 S WESTMORELAND RD,,DALLAS,,,75237,2.953843887217724e+18,TX,Convenience Store,,-96.885169000031
,TEXAS ICE VENDING,,32.808860818806,,DALLAS,3021 N BUCKNER BLVD,,DALLAS,,,75228,9.552916792251402e+18,TX,Specialty Food,,-96.683631600663
,AP DISCOUNT FOOD MART,,32.826048640395,,MESQUITE,4645 GUS THOMASSON RD,,DALLAS,,,75150,1.5523288104041075e+19,TX,Convenience Store,,-96.649353750891
,TIENDA SALVADORENA LA TIENDONA,,32.734051745818,,DALLAS,8424 LAKE JUNE RD,,DALLAS,,,75217,7.429535959002533e+18,TX,Convenience Store,,-96.675684884123
,A & E SHOPS INC,,32.735056909386,,DALLAS,1705 W CLARENDON DR,,DALLAS,,,75208,3.1729545776160625e+18,TX,Convenience Store,,-96.84809833809
,EL ANTOJO PRODUCE #2,,32.871158905004,,DALLAS,6867 GREENVILLE AVE,,DALLAS,,,75231,9.474848585131837e+18,TX,Produce Market,,-96.76558068227
,EL ANTOJO PRODUCE,,32.747022330031,,DALLAS,210 N IRA AVE,,DALLAS,,,75211,1.04754753404242e+19,TX,Produce Market,,-96.916565404978
,CEDARS VILLAGE MARKET,,32.771825226793,,DALLAS,2020 S HARWOOD ST,,DALLAS,,,75215,1.8961879092711462e+18,TX,Convenience Store,,-96.783129592621
,DRIP COFFEE COMPANY,,32.816021364013,,DALLAS,3888 OAK LAWN AVE,,DALLAS,,,75219,8.627039031889267e+17,TX,Specialty Food,,-96.802258176785
,OK BEER & WINE,,32.79450927267,,DALLAS,1101 S BEACON ST,,DALLAS,,,75223,1.1079771378683167e+19,TX,Convenience Store,,-96.748339623603
,SUPER B FOOD STORE,,32.720246190822,,BALCH SPRINGS,3501 S PEACHTREE RD,,DALLAS,,,75180,1.0294031913974678e+18,TX,Convenience Store,,-96.631259682917
,DALLAS FINE WINE & SPIRITS SHOP,,32.812051385459,,DALLAS,3518 OAK LAWN AVE,,DALLAS,,,75219,1.0267266676220185e+19,TX,Liquor Store,,-96.805275860912
,MARY PRODUCE,,32.772583323881,,DALLAS,4008 URBAN AVE STE A,,DALLAS,,,75227,8.142206195365791e+18,TX,Produce Market,,-96.696441859599
,RFDEVELOPMENT LLC,,32.72658170383,,MESQUITE,2272 STONEBROOK LN,,DALLAS,,,75181,1.3969295236268442e+19,TX,Confectionery,,-96.533932783533
,MICHOACANA,,32.80972190992,,IRVING,500 S MACARTHUR BLVD STE 500,,DALLAS,,,75060,7.466806921832255e+18,TX,Specialty Food,,-96.95992938981
,MICHOACANA,,32.709239388739,,GRAND PRAIRIE,2502 S BELT LINE RD STE 100,,DALLAS,,,75052,7.223196261416257e+18,TX,Specialty Food,,-96.994112336093
,7-ELEVEN CONVENIENCE STORE #34114A,,32.875464016459,,GARLAND,11405 LYNDON B JOHNSON FWY,,DALLAS,,,75041,4.5155607553830125e+17,TX,Convenience Store,,-96.6828848977
,"URGENT RICHARDSON, LLC",,32.937663703155,,RICHARDSON,888 S GREENVILLE AVE STE 100,,DALLAS,,,75081,1.4920857639085031e+19,TX,Convenience Store,,-96.734345079122
,EAGLE LIQUOR,,32.813580253862,,DALLAS,4703 MAPLE AVE,,DALLAS,,,75219,8.295029427249105e+18,TX,Liquor Store,,-96.825243590453
,"HIGHLAND PURE WATER @@@ ICE, LLC",,32.960760518989,,GARLAND,3015 ARAPAHO RD,,DALLAS,,,75044,3.8416796152877737e+18,TX,Specialty Food,,-96.674150367563
,NATURAL GROCERS,,32.907411093185,,DALLAS,11661 PRESTON RD STE 224,,DALLAS,,,75230,2.579256612376694e+18,TX,Supermarket,,-96.804225634501
,FUJISAN SUSHI,,32.922233130345,,DALLAS,4062 LYNDON B JOHNSON FWY,,DALLAS,,,75244,1.1123718495688018e+19,TX,Supermarket,,-96.845583947342
,GEGOL CAFE & GROCERY,,32.916507562239,,DALLAS,10560 WALNUT ST STE 500,,DALLAS,,,75243,1.1741211365322408e+19,TX,Supermarket,,-96.701475756746
,OH EIGHT BEVERAGES,,32.829037932258,,IRVING,1428 N IRVING HEIGHTS DR,,DALLAS,,,75061,7.765694642565762e+18,TX,Liquor Store,,-96.926009254706
,NATURAL GROCERS,,32.978025277693,,RICHARDSON,677 W CAMPBELL RD STE 100,,DALLAS,,,75080,1.0345509514747007e+19,TX,Supermarket,,-96.741812693048
,OH MY CURRY,,32.765516437335,,MESQUITE,909 DAVIS DR STE A,,DALLAS,,,75149,7.524939276180933e+18,TX,Supermarket,,-96.588032956069
,360 LIQUORS #5,,32.844452487165,,IRVING,2815 N MACARTHUR BLVD,,DALLAS,,,75062,3.414129348823633e+18,TX,Liquor Store,,-96.959147619024
,SMOOTHIE KING,,32.825632053685,,DALLAS,2304 W MOCKINGBIRD LN,,DALLAS,,,75235,2.474399803259638e+18,TX,Specialty Food,,-96.847334489072
,COLE MANOR MOTEL,,32.826247237986,,DALLAS,7002 HARRY HINES BLVD,,DALLAS,,,75235,1.3060554033198875e+19,TX,Convenience Store,,-96.854926628173
,1 STOP MEAT SHOP,,32.847174587998,,IRVING,3305 W ROCHELLE RD,,DALLAS,,,75062,1.00073155889799e+19,TX,Meat Market,,-96.990862485276
,"HEY SUGAR! CANDY STORE, L.L.C.",,32.748125560746,,DALLAS,409 W 8TH ST,,DALLAS,,,75208,1.334220657795847e+19,TX,Confectionery,,-96.828518740543
,NATURAL GROCERS,,32.832806853632,,DALLAS,9440 GARLAND RD STE 150,,DALLAS,,,75218,1.7519685200031797e+19,TX,Supermarket,,-96.703209807516
,NORTH OAK CLIFF BEER & WINE,,32.749557566198,,DALLAS,1301 W DAVIS ST,,DALLAS,,,75208,1.72507998102655e+19,TX,Liquor Store,,-96.842873090296
,SMOOTHIE KING #250,,32.836453991669,,DALLAS,5706 E MOCKINGBIRD LN STE 130,,DALLAS,,,75206,8.610617021331292e+18,TX,Specialty Food,,-96.769899540978
,SAV MOR FOOD MART,,32.766916894146,,DALLAS,3510 S BUCKNER BLVD STE A,,DALLAS,,,75227,6.839845192260536e+18,TX,Convenience Store,,-96.682622367656
,SMOOTHIE KING #1122,,32.953959940794,,DALLAS,5000 BELT LINE RD STE 400,,DALLAS,,,75254,9.116240840440235e+18,TX,Specialty Food,,-96.824441974004
,SMOOTHIE KING #1532,,32.945464447374,,RICHARDSON,1325 E BELT LINE RD,,DALLAS,,,75081,6.693667510015316e+18,TX,Specialty Food,,-96.695826786764
,BLISS AFRICAN STORE,,32.904775449517,,GARLAND,805 MILL BRANCH DR,,DALLAS,,,75040,1.4039503611284244e+19,TX,Supermarket,,-96.614547879615
,ESPINOZA PRODUCE,,32.728856357956,,DALLAS,1540 DANUBE DR,,DALLAS,,,75216,1.7033507657289452e+19,TX,Produce Market,,-96.800818820362
,SMOOTHIE KING #1128,,32.812815216773,,DALLAS,3903 LEMMON AVE,,DALLAS,,,75219,4.2249692383866086e+17,TX,Specialty Food,,-96.806830922612
,SMOOTHIE KING #1536,,32.647625492978,,DALLAS,3233 W WHEATLAND RD,,DALLAS,,,75237,1.746812182139098e+19,TX,Specialty Food,,-96.873226610817
,KANDACE'S SEASONAL NEIGHBORHOOD BAKERY,,32.662910692429,,DALLAS,6448 ROYAL CEDAR DR,,DALLAS,,,75236,5.156643417417731e+18,TX,Bakery,,-96.93426896655
,VAPOR LAND,,32.987002204366,,CARROLLTON,2810 E TRINITY MILLS RD STE 213,,DALLAS,,,75006,3.8228362726642324e+18,TX,Convenience Store,,-96.854402772954
,GOOD SPIRITS LLC #4289,,32.834411857007,,DALLAS,9540 GARLAND RD STE 320,,DALLAS,,,75218,4.529974021787176e+18,TX,Liquor Store,,-96.7012353429
,NOOR BEVERAGE DISTRIBUTING,,32.875494737661,,DALLAS,9840 MONROE DR STE 115,,DALLAS,,,75220,1.3671652491704746e+19,TX,Supermarket,,-96.877993336322
,CASH SAVER,,32.77877673268,,DALLAS,2223 SINGLETON BLVD STE 116,,DALLAS,,,75212,7.249408611248261e+18,TX,Supermarket,,-96.858288215043
,TARGET STORE #3292,,32.864072325806,,DALLAS,8335 WESTCHESTER DR STE 200,,DALLAS,,,75225,5.936480349512288e+18,TX,Liquor Store,,-96.80663430434
,GRAND LIQUOR,,32.813242433556,,IRVING,701 E IRVING BLVD,,DALLAS,,,75060,1.5661775235519365e+19,TX,Liquor Store,,-96.937600931682
,LIQUOR DEPOT,,32.709734735894,,GRAND PRAIRIE,910 E PIONEER PKWY,,DALLAS,,,75051,7.018426186965339e+18,TX,Liquor Store,,-97.0175239452
,HEB CENTRAL MARKET #653,,32.895193972207,,DALLAS,10720 PRESTON RD STE 1018,,DALLAS,,,75230,3.071388820125992e+18,TX,Supermarket,,-96.803845948723
,AVERY'S SAVORY POPCORN LLC,,32.782382210477,,DALLAS,1001 ROSS AVE STE 102,,DALLAS,,,75202,1.0140376576413813e+19,TX,Confectionery,,-96.804766200106
,LIQUOR DEPOT,,32.830363658648,,IRVING,610 PLYMOMOUTH PARK DR,,DALLAS,,,75061,8.102072581193916e+17,TX,Liquor Store,,-96.976582424945
,HAMPTON FOOD MART,,32.732668930851,,DALLAS,1232 S HAMPTON RD,,DALLAS,,,75208,1.495863514307052e+18,TX,Convenience Store,,-96.856765014919
,DELIGHT LIQUOR,,32.808602324471,,IRVING,1420 W 6TH ST,,DALLAS,,,75060,6.330680466599985e+18,TX,Convenience Store,,-96.962540601106
,DANNY FOOD MART,,32.586959847884,,CEDAR HILL,273 HICKERSON ST,,DALLAS,,,75104,8.312321065074313e+18,TX,Convenience Store,,-96.950740176591
,LA AZTECA MEAT MARKET #11,,32.792823352517,,DALLAS,4611 COLUMBIA AVE STE 103,,DALLAS,,,75226,1.231737485305815e+19,TX,Supermarket,,-96.766643891447
,DISCOUNT FOOD MART,,32.714883642401,,DALLAS,3627 BONNIE VIEW RD STE B,,DALLAS,,,75216,1.1427595088788408e+19,TX,Convenience Store,,-96.776180447147
,SIGEL'S WINE & SPIRITS #97,,32.876671582816,,DALLAS,2960 ANODE LN,,DALLAS,,,75220,1.0522958509495269e+17,TX,Liquor Store,,-96.878901176412
,SIGEL'S WINE & SPIRITS #95,,32.822332691821,,DALLAS,1441 W MOCKINGBIRD LN,,DALLAS,,,75247,3.303159047258917e+18,TX,Liquor Store,,-96.862972317714
,SIGEL'S WINE & SPITITS #92,,32.798118151239,,DALLAS,2800 ROUTH ST STE 180,,DALLAS,,,75201,4.97864280235385e+18,TX,Liquor Store,,-96.803707873623
,"JIMMY'S LIQUOR OF TEXAS, INC.",,32.86701732266,,DALLAS,2051 W NORTHWEST HWY STE 60,,DALLAS,,,75220,1.7797006776128586e+19,TX,Liquor Store,,-96.907146521066
,EDOM & CO. CPAS,,32.778506964494,,DALLAS,701 COMMERCE ST # 530,,DALLAS,,,75202,6.275823459455682e+18,TX,Convenience Store,,-96.805815082114
,$ TOBBACO PLUS,,32.909298531845,,DALLAS,9111 FOREST LN # A,,DALLAS,,,75243,1.3513856812176787e+19,TX,Convenience Store,,-96.746467683798
,SIGEL'S WINE & SPIRITS #91,,32.8549023073,,DALLAS,5757 GREENVILLE AVE,,DALLAS,,,75206,4.3391582999017093e+18,TX,Liquor Store,,-96.769198610867
,SIGEL'S WINE & SPIRITS #94,,32.816556714496,,DALLAS,3209 N FITZHUGH AVE,,DALLAS,,,75204,7.417369123945727e+18,TX,Liquor Store,,-96.792677732165
,SIGEL'S WINE & SPIRITS #88,,32.938153874284,,RICHARDSON,538 CENTENNIAL BLVD,,DALLAS,,,75081,8.690100556088495e+18,TX,Liquor Store,,-96.720598985688
,CTGTX  INC.,,32.940129045238,,IRVING,9975 N MACARTHUR BLVD,,DALLAS,,,75063,4.1643310318860564e+18,TX,Convenience Store,,-96.952222115583
,KROGER #528 FUEL CENTER,,32.817183380195,,DALLAS,4322 LEMMON AVE,,DALLAS,,,75219,1.623649932671558e+19,TX,Supermarket,,-96.811488399779
,GRAB & GO,,32.760520588997,,MESQUITE,601 PIONEER RD STE F,,DALLAS,,,75149,1.4090970646267384e+19,TX,Convenience Store,,-96.583666991557
,"LA BELLA, LLC",,32.74320967302,,DALLAS,833 W JEFFERSON BLVD,,DALLAS,,,75208,1.1034932645077404e+19,TX,Convenience Store,,-96.836387844456
,SPEEDY BEER & WINE NO 2,,32.780795197008,,DALLAS,3232 SYLVAN AVE STE 110,,DALLAS,,,75212,1.7673127898353385e+19,TX,Convenience Store,,-96.835727385856
,DAILY STOP,,32.758465981375,,DALLAS,2605 FORT WORTH AVE STE 100,,DALLAS,,,75211,4.993894675280645e+18,TX,Convenience Store,,-96.864436211656
,DOLLAR & NOVELTY SHOP,,32.932938641377,,DALLAS,5625 ALPHA RD,,DALLAS,,,75240,3.6147108724650977e+18,TX,Convenience Store,,-96.810791757589
,TITO'S MEAT MARKET & TAQUERIA #2,,32.897640100042,,GARLAND,1638 S 1ST ST STE B,,DALLAS,,,75040,2.2933307488724767e+18,TX,Supermarket,,-96.630817449458
,SUBWAY SANDWICHES & SALADS,,32.720236530856,,DALLAS,3420 W ILLINOIS AVE STE 100A,,DALLAS,,,75211,1.3683916243057134e+19,TX,Specialty Food,,-96.876228977157
,D&O FOOD MARKET,,32.648849657838,,HUTCHINS,101 S INTERSTATE 45 SERVICE RD STE 11,,DALLAS,,,75141,2.700533849511708e+18,TX,Supermarket,,-96.708136556458
,R & S GRO - DELI,,32.632261346872,,DALLAS,9534 BECKLEY VIEW AVE,,DALLAS,,,75232,9.437662611275401e+18,TX,Supermarket,,-96.832112295981
,"TOTAL WINE, SPIRITS, BEER & MORE",,32.913510793775,,IRVING,7730 N MACARTHUR BLVD STE A,,DALLAS,,,75063,4.52504367654373e+18,TX,Liquor Store,,-96.958499158532
,TIENDA SALVADORENA 503,,32.897904487508,,GARLAND,1610 S 1ST ST,,DALLAS,,,75040,7.787620447937118e+18,TX,Convenience Store,,-96.630826393598
,FIG & FAVOR,,32.794431607881,,DALLAS,2850 N HARWOOD ST STE 110,,DALLAS,,,75201,7.958043660498652e+18,TX,Specialty Food,,-96.808678355052
,2MS FOOD MART,,32.87158738224,,DALLAS,11361 MCCREE RD STE 110,,DALLAS,,,75238,1.4052512488888353e+19,TX,Convenience Store,,-96.685498489451
,TEXAS FOOD MART,,32.647382995267,,DALLAS,2984 W WHEATLAND RD STE E,,DALLAS,,,75237,1.6273456210000691e+19,TX,Convenience Store,,-96.868975931949
,7 ELEVEN CONVENIENCE STORE #21446C,,32.817796427296,,IRVING,510 N NURSERY RD,,DALLAS,,,75061,1.8257664269180291e+19,TX,Convenience Store,,-96.934229181801
,ZALUNOLA VENDING LLC,,32.819030525925,,IRVING,1504 OLD ORCHARD DR,,DALLAS,,,75061,1.476475404884134e+18,TX,Specialty Food,,-96.927687314454
,UPTOWN LIQUORS,,32.802175670017,,DALLAS,3128 MCKINNEY AVE STE D,,DALLAS,,,75204,1.4217568289233324e+19,TX,Liquor Store,,-96.800702781777
,N. BEACH LIQUOR,,32.705344481533,,GRAND PRAIRIE,1205 ARKANSAS LN STE 100,,DALLAS,,,75052,1.152283793398309e+19,TX,Liquor Store,,-97.02003993496
,MAGIC DOLLAR/FURNITURE,,32.813297967629,,IRVING,828 E IRVING BLVD STE 100,,DALLAS,,,75060,1.4215324765496297e+19,TX,Convenience Store,,-96.955988964919
,EL RANCHO #28,,32.938146643934,,FARMERS BRANCH,2770 VALWOOD PKWY,,DALLAS,,,75234,1.5754026390851242e+19,TX,Supermarket,,-96.887238240813
,MOM'S BUNS,,32.852746135088,,DALLAS,6659 AINTREE CIR,,DALLAS,,,75214,1.0746761130633351e+19,TX,Produce Market,,-96.74503047723
,TEXAS LIQUOR #3,,32.79291296206,,DALLAS,3400 SAMUELL BLVD STE B,,DALLAS,,,75223,1.1969708586348923e+19,TX,Liquor Store,,-96.737315332115
,MFP BUYER,,32.796131382862,,DALLAS,2212 IRVING BLVD,,DALLAS,,,75207,3.0174594413054694e+18,TX,Produce Market,,-96.834124908866
,TEXAS ICE VENDING,,32.726447975883,,DALLAS,3221 FALLS DR,,DALLAS,,,75211,7.135339770147785e+18,TX,Specialty Food,,-96.873381479464
,REVOLUTION ARTISAN POPS,,32.795469715513,,DALLAS,1707 N HALL ST APT 216,,DALLAS,,,75204,7.221147533897976e+18,TX,Specialty Food,,-96.789277494258
,ABYSSINIA MARKET,,32.909307531742,,DALLAS,9191 FOREST LN STE 1A,,DALLAS,,,75243,2.1923951374684828e+18,TX,Meat Market,,-96.744150733952
,THE CORNER DONUTS,,32.789580645354,,DALLAS,2825 LIVE OAK ST,,DALLAS,,,75204,8.408600881370385e+18,TX,Bakery,,-96.788287361216
,FAST FOOD,,32.734576727387,,BALCH SPRINGS,12531 LAKE JUNE RD,,DALLAS,,,75180,5.712637724403516e+18,TX,Convenience Store,,-96.613100786661
,GREENZABIHA ENTERPRISES LLC,,32.937663703155,,RICHARDSON,888 S GREENVILLE AVE STE 222,,DALLAS,,,75081,1.2211712862161031e+19,TX,Meat Market,,-96.734345079122
,RASAILI RAI LLC,,32.840997787856,,IRVING,3880 IRVING MALL,,DALLAS,,,75062,1.316955804596937e+19,TX,Confectionery,,-96.994366140852
,"TEXAS SPICE & TRADING COMPANY, LLC",,32.804082007867,,IRVING,2112 ROSEBUD DR,,DALLAS,,,75060,6.584265326375226e+18,TX,Specialty Food,,-96.910185550707
,SPRING VALLEY DONUTS,,32.939450587989,,FARMERS BRANCH,4388 SPRING VALLEY RD,,DALLAS,,,75244,2.6185887577806147e+18,TX,Bakery,,-96.833406037267
,DEEP CUTS DALLAS,,32.9509896937,,DALLAS,7989 BELT LINE RD STE 146,,DALLAS,,,75248,1.4561214882142243e+19,TX,Meat Market,,-96.769311958595
,LAWSON CONVENIENCE STORE,,32.695889820835,,DALLAS,421 W LAWSON RD TRLR 40,,DALLAS,,,75253,3.304239589572628e+18,TX,Convenience Store,,-96.578601259716
,KWIK LIQUOR,,32.705528124929,,GRAND PRAIRIE,2607 SE 14TH ST,,DALLAS,,,75052,1.301083175890605e+19,TX,Liquor Store,,-96.985736399663
,LAS MARIPOSAS TIENDA Y BOTANICA,,32.80774506194,,MESQUITE,4355 INTERSTATE 30 STE 102,,DALLAS,,,75150,1.3482212947216452e+19,TX,Supermarket,,-96.66066769999
,MECATO MARKET,,32.881635058866,,DALLAS,10028 MONROE DR,,DALLAS,,,75229,1.027507576317531e+19,TX,Confectionery,,-96.878198967734
,"TOTAL WINE, SPIRITS, BEER & MORE",,32.807186476409,,DALLAS,3810 CONGRESS AVE,,DALLAS,,,75219,1.548209120756723e+19,TX,Liquor Store,,-96.810958385234
,SMOKE STACC,,32.764872752972,,DALLAS,2622 S ERVAY ST,,DALLAS,,,75215,1.0937150795312679e+19,TX,Convenience Store,,-96.78080544414
,LIQUOR ISLAND,,32.809680769873,,IRVING,504 S MACARTHUR BLVD,,DALLAS,,,75060,1.2270275593406988e+19,TX,Liquor Store,,-96.959929868185
,FLAMINGO LIQUOR,,32.827161118121,,DALLAS,2427 W MOCKINGBIRD LN,,DALLAS,,,75235,5.098588511071522e+18,TX,Liquor Store,,-96.845798658252
,TOM THUMB 5803 FUEL STATION,,32.788716308433,,DALLAS,2720 LIVE OAK ST,,DALLAS,,,75204,1.6683203932968866e+19,TX,Supermarket,,-96.789117835473
,SWEETE GIFTS,,32.898748800568,,DALLAS,11036 ALADDIN DR,,DALLAS,,,75229,1.104069836127635e+19,TX,Confectionery,,-96.843617085003
,TOM THUMB 5803 FUEL STATION,,32.788716308433,,DALLAS,2720 LIVE OAK ST,,DALLAS,,,75204,1.0366159740032143e+19,TX,Supermarket,,-96.789117835473
,LATINOS C STORE,,32.720262272252,,DALLAS,4444 W ILLINOIS AVE STE 109,,DALLAS,,,75211,1.551010345160437e+19,TX,Convenience Store,,-96.892900713112
,BEAR CREEK BEVERAGE & SPIRITS,,32.560550623242,,GLENN HEIGHTS,1350 E BEAR CREEK RD,,DALLAS,,,75154,2.827421187009888e+16,TX,Convenience Store,,-96.823963243094
,SAMS $ & MORE,,32.917085818278,,GARLAND,3548 W WALNUT ST,,DALLAS,,,75042,8.918069053800794e+18,TX,Convenience Store,,-96.683925176608
,I-20 LIQUOR,,32.704873053865,,BALCH SPRINGS,13881 INTERSTATE 20,,DALLAS,,,75181,1.6156596751114586e+19,TX,Liquor Store,,-96.578713702507
,GATEWAY NEWSTANDS,,32.78675401249,,DALLAS,700 N PEARL ST,,DALLAS,,,75201,1.05303205625364e+19,TX,Convenience Store,,-96.795841944864
,MAIN STREET MARKET,,32.784805656599,,DALLAS,3102 MAIN ST,,DALLAS,,,75226,2.7919814542377144e+18,TX,Supermarket,,-96.778807722622
,NOQUENO,,32.951976523375,,RICHARDSON,514 LOCKWOOD DR,,DALLAS,,,75080,9.27389728775879e+18,TX,Specialty Food,,-96.73695070025
,SAVE NOW FOOD MART,,32.748151713702,,GRAND PRAIRIE,634 N CARRIER PKWY # 160,,DALLAS,,,75050,7.24917691023329e+18,TX,Convenience Store,,-97.017038864807
,"IT'SUGAR, LLC",,32.869463265005,,DALLAS,8687 N CENTRAL EXPY STE 2E3-2340,,DALLAS,,,75225,9.939959079002132e+18,TX,Confectionery,,-96.770779861721
,"BIGDASH IRVING, LLC",,32.905221541815,,IRVING,7300 N MACARTHUR BLVD STE 100,,DALLAS,,,75063,5.789930023125405e+18,TX,Bakery,,-96.958571182875
,EL RANCHO CARNICERIA Y FRUTERIA #10,,32.720496571302,,DALLAS,655 W ILLINOIS AVE STE 900,,DALLAS,,,75224,6.748275921176015e+17,TX,Supermarket,,-96.833630970911
,PEAK FOOD MART,,32.848334708964,,GARLAND,5509 BROADWAY BLVD STE B,,DALLAS,,,75043,7.871379768050533e+18,TX,Convenience Store,,-96.597049048101
,CLIFF BEER & WINE,,32.720165981027,,DALLAS,2460 W ILLINOIS AVE,,DALLAS,,,75233,1.6573842497422905e+19,TX,Convenience Store,,-96.858360318237
,GOOD START COFFEE ROASTERS LLC,,32.956063841906,,DALLAS,7906 ROUNDROCK RD,,DALLAS,,,75248,1.7508204244129956e+19,TX,Specialty Food,,-96.772250315296
,YUMMY DONUTS,,32.783195430883,,DALLAS,4441 LAWNVIEW AVE STE C,,DALLAS,,,75227,1.2704703066749293e+19,TX,Bakery,,-96.721504012518
,"ASSOCIATED DISTRIBUTORS, INC.",,32.80778096484,,DALLAS,3170 IRVING BLVD,,DALLAS,,,75247,6.532211817021325e+18,TX,Supermarket,,-96.867201740731
,TOP END LIQUOR BEER AND WINE NO. 2,,32.867391366326,,DALLAS,6780 ABRAMS RD STE 119,,DALLAS,,,75231,1.3169179582043017e+19,TX,Liquor Store,,-96.742693352175
,FUEL TOWN #2,,32.809491531813,,DALLAS,1525 INWOOD RD,,DALLAS,,,75247,4.038292995135391e+18,TX,Supermarket,,-96.850668107022
,WALNUT BEVERAGE,,32.916381526757,,GARLAND,2215 W WALNUT ST,,DALLAS,,,75042,1.0063238969693393e+19,TX,Convenience Store,,-96.659911502085
,SPROUTS FARMERS MARKET,,32.969397091067,,COPPELL,110 W SANDY LAKE RD STE 180,,DALLAS,,,75019,7.396311886005078e+17,TX,Supermarket,,-96.994210253415
,MBK AFRICAN MARKET,,32.662015069848,,DUNCANVILLE,203 E CAMP WISDOM RD STE A,,DALLAS,,,75116,9.244137310315694e+18,TX,Supermarket,,-96.90470418685
,PALMS # 2,,32.822156341792,,DALLAS,1710 W MOCKINGBIRD LN STE B,,DALLAS,,,75235,5.002484082554784e+18,TX,Liquor Store,,-96.856934458527
,LAKE VIEW LIQUOR,,32.812438838132,,DALLAS,7826 GARLAND RD,,DALLAS,,,75218,1.8342844983593095e+19,TX,Liquor Store,,-96.727044442618
,ANTOJITOS TIPICOS SALVADORENOS LA NORTENA,,32.804763341395,,IRVING,2306 W 11TH ST,,DALLAS,,,75060,9.446615144196491e+18,TX,Specialty Food,,-96.97538968455
,FLAMINGO BEER AND WINE,,32.951776042432,,CARROLLTON,1107 S JOSEY LN,,DALLAS,,,75006,7.009540925228601e+18,TX,Convenience Store,,-96.890129609347
,MERCADITO 99,,32.73813409162,,DALLAS,4207 W JEFFERSON BLVD,,DALLAS,,,75211,1.7558825844154843e+19,TX,Convenience Store,,-96.888751973647
,DOMINO'S #8154,,32.823742060709,,DALLAS,5040 LEMMON AVE,,DALLAS,,,75209,1.2403412021602961e+19,TX,Specialty Food,,-96.81919408346
,KATE WEISER CHOCOLATE,,32.779507067053,,DALLAS,3011 GULDEN LN STE 115,,DALLAS,,,75212,1.1128163340022202e+19,TX,Confectionery,,-96.827775615014
,KATE WEISER CHOCOLATE,,32.869463265005,,DALLAS,8687 N CENTRAL EXPY STE 400B,,DALLAS,,,75225,1.3861571288160684e+19,TX,Confectionery,,-96.770779861721
,RENAISSANCE CONVENIENCE CENTER,,32.780882759774,,DALLAS,1201 ELM ST STE LL17,,DALLAS,,,75270,1.2885502029883658e+19,TX,Convenience Store,,-96.80218546773
,HEIGHTS LIQUOR,,32.807940208798,,IRVING,1550 E IRVING BLVD,,DALLAS,,,75060,6.266354574204794e+17,TX,Liquor Store,,-96.926285386898
,RIMK FOOD MART,,32.910232546444,,GARLAND,402 S FOREST CREST DR,,DALLAS,,,75042,1.1128286523218545e+19,TX,Convenience Store,,-96.68680925987
,MIMI'S PIZZERIA,,32.865689703027,,DALLAS,6807 W NORTHWEST HWY,,DALLAS,,,75225,1.779651224230332e+19,TX,Bakery,,-96.788129260644
,FRESHAFRIK,,32.923084999791,,DALLAS,12516 AUDELIA RD,,DALLAS,,,75243,7.28260844814895e+18,TX,Supermarket,,-96.717896305129
,PACIFIC GIFT & CONVENIENT CENTER,,32.782532832249,,DALLAS,1700 PACIFIC AVE STE 107,,DALLAS,,,75201,1.3456204694790361e+19,TX,Convenience Store,,-96.797475366795
,ROCKET FIZZ SODA POP & CANDY SHOP,,32.783895202319,,DALLAS,2701 MAIN ST STE 160,,DALLAS,,,75226,5.191761767630785e+18,TX,Confectionery,,-96.784110335573
,"DOORDASH ESSENTIALS, LLC",,32.810705953456,,MESQUITE,1344 N TOWN EAST BLVD,,DALLAS,,,75150,1.1416976337476207e+19,TX,Convenience Store,,-96.615587676899
,JO'S TEA COMPANY,,32.967055528792,,COPPELL,400 FIELDCREST CIR,,DALLAS,,,75019,1.7406342550773254e+19,TX,Specialty Food,,-96.999356838248
,KEEFE COMMISSARY NETWORK,,32.901116745907,,GARLAND,3101 MARQUIS DR,,DALLAS,,,75042,2.4685559114113194e+17,TX,Supermarket,,-96.676517760651
,ARCADIA LIQUOR 2,,32.791288364153,,DALLAS,5626 E R L THORNTON FWY,,DALLAS,,,75223,1.5219721448185809e+19,TX,Liquor Store,,-96.743102553587
,BERKLEY'S MARKET,,32.787012289986,,DALLAS,2001 ROSS AVE STE 150,,DALLAS,,,75201,1.4194974067297964e+19,TX,Supermarket,,-96.799240342188
,SPROUTS FARMERS MARKET,,32.913510793775,,IRVING,7730 N MACARTHUR BLVD STE 150,,DALLAS,,,75063,3.401098610456612e+18,TX,Supermarket,,-96.958499158532
,MI CASA EL SUPER MEXICANO INC,,32.808701421359,,IRVING,1105 W 6TH ST,,DALLAS,,,75060,1.5548704873422932e+19,TX,Convenience Store,,-96.959316503044
,"TOTAL WINE, SPIRITS, BEER & MORE",,32.592502081783,,CEDAR HILL,428 E FM 1382,,DALLAS,,,75104,1.1505757707696095e+19,TX,Liquor Store,,-96.937531868357
,MI MERCADITO GARLAND,,32.878744633448,,GARLAND,2130 W KINGSLEY RD,,DALLAS,,,75041,8.309698293151451e+18,TX,Produce Market,,-96.65862193197
,CAKES AND SWEETS BY LIZ,,32.888403696139,,ROWLETT,7617 TULANE DR,,DALLAS,,,75088,1.1584305264637465e+19,TX,Bakery,,-96.52890251728
,BRYAN CONVENIENCE STORE,,32.803786398191,,DALLAS,4900 BRYAN ST,,DALLAS,,,75206,1.529245104090332e+19,TX,Convenience Store,,-96.773453603911
,WILMER SHELL,,32.590938832304,,WILMER,103 S INTERSTATE HIGHWAY 45,,DALLAS,,,75172,2.8460909426815964e+18,TX,Convenience Store,,-96.679571877048
,"TRACY'S CAKES INCUBATOR RETAIL, LLC",,32.779507067053,,DALLAS,3011 GULDEN LN STE 111,,DALLAS,,,75212,7.266760179478383e+18,TX,Bakery,,-96.827775615014
,MY T QUICK,,32.749450804379,,GRAND PRAIRIE,110 HENSLEY DR,,DALLAS,,,75050,1.3611579369435056e+19,TX,Convenience Store,,-96.955294230916
,MAIN STREET MARKET LLC,,32.784805656599,,DALLAS,3102 MAIN ST,,DALLAS,,,75226,1.1416307138177468e+18,TX,Supermarket,,-96.778807722622
,DONUT PALACE,,32.874676265241,,GARLAND,3350 BROADWAY BLVD,,DALLAS,,,75043,6.262668634699616e+18,TX,Bakery,,-96.616394833897
,WILMER EXXON,,32.590935676585,,WILMER,105 S INTERSTATE HIGHWAY 45,,DALLAS,,,75172,1.1286914940274166e+19,TX,Convenience Store,,-96.679569921875
,FAST MART,,32.930627830075,,GARLAND,1921 N PLANO RD,,DALLAS,,,75042,7.472100503554574e+18,TX,Convenience Store,,-96.700253916986
,GOOD DISCOUNT LIQUOR BEER & WINE,,32.759641180833,,DALLAS,5033 S 2ND AVE,,DALLAS,,,75210,3.0091240835562414e+18,TX,Liquor Store,,-96.743185736257
,W WHIP IN,,32.656219448355,,DALLAS,7460 S WESTMORELAND RD STE 100,,DALLAS,,,75237,1.4130071275660726e+19,TX,Convenience Store,,-96.884648133416
,ALBA IMPORT FOODS & CATERING LLC,,32.787691793726,,MESQUITE,1830 RANGE DR STE 106,,DALLAS,,,75149,1.7277872933506599e+19,TX,Supermarket,,-96.59702005655
,THE BOTANIST BREWER LLC,,32.864965739594,,DALLAS,8550 PLANO RD STE 101,,DALLAS,,,75238,1.5130205457301852e+19,TX,Specialty Food,,-96.700338238556
,VAN'S SUSHI,,32.943358378569,,GARLAND,2205 WALNUT CREEK TRL,,DALLAS,,,75040,5.93190677138195e+17,TX,Seafood Market,,-96.598690146607
,SPROUTS FARMERS MARKETS STORE #103,,32.908242589062,,DALLAS,11732 MARSH LN,,DALLAS,,,75229,1.5681488541680028e+19,TX,Supermarket,,-96.855985483118
,EVERYTHING UNDER THE YUM,,32.600279243452,,CEDAR HILL,609 HARVEST GLEN DR,,DALLAS,,,75104,5.003107822351829e+18,TX,Confectionery,,-96.928848565839
,FRUTERIA MANGO LOCO,,32.820468830244,,DALLAS,9721 RUSTOWN DR,,DALLAS,,,75228,1.6567257950529326e+18,TX,Produce Market,,-96.677677150376
,EZ STOP & SHOP LLC,,32.898487076356,,GARLAND,1560 S 1ST ST STE C,,DALLAS,,,75040,1.7249939526870387e+19,TX,Convenience Store,,-96.63082335822
,NY BAGLES & BAKERY,,32.819964589552,,IRVING,409 N BRIERY RD,,DALLAS,,,75061,2.7645629239541304e+18,TX,Bakery,,-96.989526153
,8YS LLC,,32.88250197718,,DALLAS,9858 PLANO RD STE 306,,DALLAS,,,75238,2.306809288913604e+18,TX,Supermarket,,-96.700303950045
,DONUT PALACE,,32.789853779489,,DALLAS,415 S CARROLL AVE STE 104,,DALLAS,,,75223,1.104599756630814e+19,TX,Bakery,,-96.76563555371
,MICRO PANTRY LLC,,32.84848980345,,DALLAS,4630 STIGALL DR,,DALLAS,,,75209,1.8055510776040212e+19,TX,Convenience Store,,-96.831265986329
,CANELO ENTERPRISES LLC,,32.865446861623,,DALLAS,9505 LARGA DR,,DALLAS,,,75220,4.74681492730015e+18,TX,Convenience Store,,-96.862016911646
,DEEZ SMOKE 4 LESS,,32.846874734546,,IRVING,2915 ESTERS RD,,DALLAS,,,75062,4.1130428751037256e+18,TX,Convenience Store,,-97.008493641451
,PRECIOUS GIFTS & FLOWERS,,32.909515243151,,DALLAS,7777 FOREST LN STE A098,,DALLAS,,,75230,6.779599259816447e+18,TX,Convenience Store,,-96.772150803179
,SCOTT LIQUOR DISCOUNT,,32.77071422873,,DALLAS,969 S LAMAR ST,,DALLAS,,,75202,8.6859472444467e+18,TX,Liquor Store,,-96.799843782224
,KINGSLEY ONE STOP FOODMART,,32.878731246647,,GARLAND,2518 W KINGSLEY RD STE 101,,DALLAS,,,75041,9.751641428978977e+18,TX,Convenience Store,,-96.665857559387
,DULCERIA LA ESPERANZA,,32.736191406104,,DALLAS,3114 IVANDELL AVE,,DALLAS,,,75211,8.80192499342962e+18,TX,Confectionery,,-96.871832964857
,ROYAL HEMPS,,32.749613741929,,DALLAS,2007 W DAVIS ST,,DALLAS,,,75208,1.78800618240725e+19,TX,Convenience Store,,-96.851563872252
,ALCOHAUL BEER SPIRITS & WINE,,32.864735383291,,IRVING,4835 N OCONNOR RD STE 112,,DALLAS,,,75062,7.619990701357876e+18,TX,Liquor Store,,-96.949830662394
,360 LIQUORS #2,,32.74198641628,,GRAND PRAIRIE,425 S BELT LINE RD STE A,,DALLAS,,,75051,2.8808181854464445e+18,TX,Liquor Store,,-96.994615519037
,TEXAS ICE VENDING,,32.747382429119,,DALLAS,2004 N MASTERS DR,,DALLAS,,,75217,1.4169002828169433e+19,TX,Specialty Food,,-96.648131759464
,JMC RESTAURANT DISTRIBUTION LP,,32.955027535392,,COPPELL,1080 W BETHEL RD,,DALLAS,,,75019,8.225134025694202e+18,TX,Supermarket,,-97.026244887554
,CANELO ENTERPRISES LLC,,32.858181666523,,IRVING,3983 N BELT LINE RD,,DALLAS,,,75038,1.1761638011521747e+19,TX,Convenience Store,,-96.99208186552
,KINGS FOOD,,32.652449291863,,SEAGOVILLE,602 N HALL ST,,DALLAS,,,75159,1.3163331451418135e+19,TX,Convenience Store,,-96.542128805452
,DELIGHTFUL DONUT,,32.720327198392,,DALLAS,4950 W ILLINOIS AVE STE 103,,DALLAS,,,75211,7.69047093849249e+18,TX,Bakery,,-96.907835574016
,TEXAS ICE VENDING,,32.735492410785,,DALLAS,1328 N JIM MILLER RD STE 113,,DALLAS,,,75217,1.6444081432323047e+19,TX,Specialty Food,,-96.700010389112
,LA TRADICION MEAT MARKET Y TAQUERIA,,32.67610628689,,GRAND PRAIRIE,444 W INTERSTATE 20,,DALLAS,,,75052,1.7445494710340372e+19,TX,Meat Market,,-97.011720951133
,TIENDA CATRACHITO LLC,,32.857945213887,,DALLAS,3034 WEBB CHAPEL EXT STE 100,,DALLAS,,,75220,7.25677930333433e+18,TX,Supermarket,,-96.869163067773
,UNREFINED BAKERY PRESTON CENTER,,32.862219543376,,DALLAS,6055 SHERRY LN,,DALLAS,,,75225,8.431849494441658e+17,TX,Bakery,,-96.807474071093
,BUSY BEE VENDING LLC,,32.958186195721,,COPPELL,513 WALES CT,,DALLAS,,,75019,8.610790790379227e+18,TX,Specialty Food,,-96.995630848906
,LA MICHOACANA SUPERMARKET #37,,32.667498331439,,SEAGOVILLE,2806 N HIGHWAY 175,,DALLAS,,,75159,2.290817483281614e+18,TX,Supermarket,,-96.582901866099
,ALDI (TEXAS) L.L.C. #29,,32.930540556895,,GARLAND,1518 W BUCKINGHAM RD,,DALLAS,,,75042,7.610761449161967e+18,TX,Supermarket,,-96.650113480498
,GLEN FOOD MART,,32.931364861581,,GARLAND,2022 N GLENBROOK DR,,DALLAS,,,75040,1.548370430496324e+19,TX,Convenience Store,,-96.636515243214
,BABY BACK SHAK,,32.767846647202,,DALLAS,1800 S AKARD ST,,DALLAS,,,75215,1.4930448611396831e+19,TX,Specialty Food,,-96.790049772494
,OOEYGOOEY BANANA BREAD CO. LLC,,32.927547225558,,ROWLETT,7001 FAIRFIELD DR,,DALLAS,,,75089,5.914197620114082e+18,TX,Bakery,,-96.53075438607
,LAKEWOOD MEDALLION DISCOUNT LIQUOR,,32.811204580011,,DALLAS,5748 LIVE OAK ST,,DALLAS,,,75206,9.996658407950535e+18,TX,Liquor Store,,-96.76242857361
,PALETERIA Y NEVERIA LA FLORECITA,,32.666385285544,,SEAGOVILLE,301 MODENE ST TRLR 29,,DALLAS,,,75159,1.6713258402451837e+19,TX,Specialty Food,,-96.570787018849
,JOULE VINTAGE WINES & BEER,,32.780772042693,,DALLAS,1530 MAIN ST STE B,,DALLAS,,,75201,2.790609741255298e+18,TX,Liquor Store,,-96.798293667031
,DAVIS FOOD MART,,32.74988156884,,DALLAS,4919 W DAVIS ST STE 150,,DALLAS,,,75211,1.6473485772525881e+19,TX,Convenience Store,,-96.905812806942
,SPROUTS FARMERS MARKET #155,,32.810651953368,,MESQUITE,1220 N TOWN EAST BLVD STE 650,,DALLAS,,,75150,1.1284426082903345e+19,TX,Supermarket,,-96.613297567849
,SMOOTHIE KING #1650,,32.832446870845,,DALLAS,9371 GARLAND RD STE B,,DALLAS,,,75218,9.173956752722841e+18,TX,Specialty Food,,-96.704046398499
,SPROUTS FARMERS MARKET,,32.908060396377,,DALLAS,11722 MARSH LN STE 317,,DALLAS,,,75229,1.2893721232174762e+19,TX,Supermarket,,-96.855989106278
,SAM FOOD AND BEER,,32.856815863606,,DALLAS,9530 OVERLAKE DR STE A,,DALLAS,,,75220,1.8279132078135069e+19,TX,Convenience Store,,-96.868850147269
,VAN LEEUWEN DALLAS MCKINNEY LLC,,32.808387450624,,DALLAS,3699 MCKINNEY AVE STE 101,,DALLAS,,,75204,4.385106252117919e+18,TX,Specialty Food,,-96.79639630436
,TEXAS STYLE VENDING,,32.891766946036,,DALLAS,10658 N CENTRAL EXPY,,DALLAS,,,75231,1.5256660466224613e+19,TX,Convenience Store,,-96.768805034263
,FOODLAND MARKETS #3,,32.734650375842,,DALLAS,1314 S BUCKNER BLVD STE 200,,DALLAS,,,75217,1.0538880325575199e+19,TX,Supermarket,,-96.68274168422
,HUGOS BEER & WINE,,32.727300285253,,DALLAS,1823 S EDGEFIELD AVE,,DALLAS,,,75224,2.2162039571113772e+18,TX,Convenience Store,,-96.844643823475
,TX FOOD MART,,32.930323111956,,DALLAS,13350 AUDELIA RD STE 110,,DALLAS,,,75243,2.015662044399747e+18,TX,Convenience Store,,-96.717922754025
,"ADIMEX, LLC",,32.807784515884,,DALLAS,4857 CALVERT ST,,DALLAS,,,75247,2.051835210994829e+18,TX,Specialty Food,,-96.869191005987
,GORDO MACHIN,,32.783167870696,,DALLAS,1827 S HASKELL AVE,,DALLAS,,,75223,5.917164835406891e+18,TX,Supermarket,,-96.749653225655
,THE PRADHANS INC,,32.661895129927,,DALLAS,4020 W CAMP WISDOM RD,,DALLAS,,,75237,1.0986311064916937e+19,TX,Supermarket,,-96.884495254758
,TOM THUMB 3569,,32.81587243612,,DALLAS,3878 OAK LAWN AVE STE 180,,DALLAS,,,75219,5.835249553484433e+18,TX,Supermarket,,-96.802254104547
,ADIMEX,,32.836648457436,,DALLAS,4203 SOMERVILLE AVE,,DALLAS,,,75206,1.0663643304950974e+19,TX,Specialty Food,,-96.762502000784
,"LJH ENTERPRISE, LLC",,32.944689572573,,CARROLLTON,1501 RANDOLPH ST,,DALLAS,,,75006,1.6449858030488605e+19,TX,Confectionery,,-96.901507000253
,AZURE N ESTATES LLC,,32.909942743933,,GARLAND,2002 HIGHWAY 66,,DALLAS,,,75040,6.940778129051658e+17,TX,Convenience Store,,-96.598624560077
,JUUS,,32.963057351501,,COPPELL,219 CROWN POINT DR,,DALLAS,,,75019,1.819544259598053e+19,TX,Produce Market,,-96.949442399183
,CHUY PRODUCE,,32.749825694199,,DALLAS,6011 W DAVIS ST,,DALLAS,,,75211,1.3845193182817178e+19,TX,Produce Market,,-96.922935747117
,"G & G FOOD MART, INC.",,32.9449782237,,GARLAND,1456 BELT LINE RD STE 147,,DALLAS,,,75044,2.0701635104521098e+18,TX,Supermarket,,-96.648930516624
,DAYLIGHT,,32.766083674125,,GRAND PRAIRIE,1806 WESTMINSTER DR,,DALLAS,,,75050,1.2864821864476332e+19,TX,Specialty Food,,-97.015424546768
,PICK N FUN,,32.969030655192,,CARROLLTON,2155 MARSH LN STE 138,,DALLAS,,,75006,1.749785300518229e+19,TX,Convenience Store,,-96.85396606602
,BROADWAY TOBACCO BEER & WINE,,32.85046570245,,GARLAND,5335 BROADWAY BLVD STE 210,,DALLAS,,,75043,4.0768731730033235e+17,TX,Convenience Store,,-96.598307036705
,AISLE 5IVE GROCERY LLC,,32.93688829338,,RICHARDSON,1311 GRINNELL DR,,DALLAS,,,75081,1.206712011975513e+19,TX,Supermarket,,-96.703874869477
,ALISHA'S MIX AND SIP LLC,,32.616972146663,,DESOTO,1472 N HAMPTON RD STE 100,,DALLAS,,,75115,4.416935859252296e+17,TX,Liquor Store,,-96.856876635874
,PLN COPPELL,,32.976870919517,,COPPELL,230 N DENTON TAP RD STE 110,,DALLAS,,,75019,9.46132697658901e+17,TX,Specialty Food,,-96.99344035037
,1 STOP SHOP & TAQUERIA,,32.685753634018,,GRAND PRAIRIE,3480 S CARRIER PKWY STE 200,,DALLAS,,,75052,1.4355818627179827e+19,TX,Convenience Store,,-97.012892473773
,HALEX LLC,,32.97568155161,,RICHARDSON,2050 N PLANO RD # 300-E,,DALLAS,,,75082,1.8046166257352462e+19,TX,Specialty Food,,-96.699746898999
,POODLEBEEZ LLC,,32.874492951899,,DALLAS,9630 INWOOD RD,,DALLAS,,,75220,8.476784233146828e+18,TX,Specialty Food,,-96.821075976782
,WHIP IN,,32.777923745679,,DALLAS,2910 RUDER ST # A,,DALLAS,,,75212,1.6939144452982983e+19,TX,Convenience Store,,-96.918645496682
,"JK GOURMET FOODS, LLC",,32.86015995156,,DALLAS,4717 WILDWOOD RD,,DALLAS,,,75209,4857924084516913.0,TX,Specialty Food,,-96.832720269774
,CT GROCERY,,32.698206551984,,DALLAS,4865 SUNNYVALE ST STE C,,DALLAS,,,75216,1.6158934379378657e+19,TX,Supermarket,,-96.774817678343
,STOP & SAVE FOOD MART,,32.709109110026,,DALLAS,3033 S WESTMORELAND RD,,DALLAS,,,75233,7.681055226758449e+18,TX,Convenience Store,,-96.874301158633
,CIGARETTE MART,,32.685393294279,,GRAND PRAIRIE,3502 S CARRIER PKWY STE D,,DALLAS,,,75052,1.2197864689371662e+19,TX,Convenience Store,,-97.012220701822
,MICROCHIP COOKIES,,32.907973293727,,DALLAS,11700 PRESTON RD STE 630,,DALLAS,,,75230,5.480300590270598e+18,TX,Bakery,,-96.804073444098
,SIM LIFE CENTER - DALLAS,,32.81995603101,,DALLAS,5920 FOREST PARK RD,,DALLAS,,,75235,1.447824239942594e+19,TX,Convenience Store,,-96.840702102986
,REDDYS LIQUOR,,32.821138355121,,IRVING,700 N MACARTHUR BLVD,,DALLAS,,,75061,7.92813472126529e+18,TX,Liquor Store,,-96.959101251848
,LA ROMA PIZZARIA,,32.87158738224,,DALLAS,11361 MCCREE RD UNIT 160,,DALLAS,,,75238,8.52654346192318e+18,TX,Convenience Store,,-96.685498489451
,BOXED BITES LLC,,32.863535951748,,DALLAS,6030 LUTHER LN STE 160,,DALLAS,,,75225,1.5356184058385416e+19,TX,Specialty Food,,-96.807886951743
,DISCOUNT SMOKE & BEER,,32.827992262964,,IRVING,1335 N BELT LINE RD STE 13,,DALLAS,,,75061,4.4588472738619924e+18,TX,Liquor Store,,-96.993940822558
,KROGER #448 FUEL CENTER,,32.973252616602,,COPPELL,960 E SANDY LAKE RD,,DALLAS,,,75019,1.6879013020437662e+19,TX,Supermarket,,-97.023552826208
,DULCES Y PINATAS LA COSECHA,,32.750592964147,,DALLAS,2233 N PRAIRIE CREEK RD STE C2-B,,DALLAS,,,75227,7.543948886061827e+18,TX,Confectionery,,-96.665240874123
,DUB'S LIQUOR STORE,,32.767466002543,,DALLAS,3217 MALCOLM X BLVD,,DALLAS,,,75215,8.179879610293896e+18,TX,Liquor Store,,-96.766639296826
,FORTIUS ATHLETICS,,32.837371103192,,MESQUITE,1410 WOODED LAKE DR,,DALLAS,,,75150,2.530679185279569e+18,TX,Convenience Store,,-96.628120408439
,FRUTILANDIA/WATER INN,,32.937847509251,,DALLAS,14215 COIT RD STE 104,,DALLAS,,,75254,2.292018775260483e+18,TX,Specialty Food,,-96.769077742173
,FRUTILANDIA WATER,,32.863984941546,,GARLAND,1402 NORTHWEST HWY STE 100,,DALLAS,,,75041,4.102890267483785e+18,TX,Specialty Food,,-96.648445829102
,HACKNEY FOOD,,32.777776625102,,DALLAS,4815 COLLINS AVE,,DALLAS,,,75210,1.4000566190464651e+19,TX,Convenience Store,,-96.740881202618
,WHAMMYS U BUY WE FRY FISH MARKET ON 4OS,,32.636031588673,,DALLAS,8501 OLD HICKORY TRL APT 1206,,DALLAS,,,75237,1.4430409762885026e+19,TX,Seafood Market,,-96.865638505308
,BEE NAUGHTY DALLAS SNACKS,,32.843441181498,,DALLAS,3631 DELFORD CIR,,DALLAS,,,75228,2.651185140022854e+18,TX,Convenience Store,,-96.657650571089
,LA CUBANA LATIN MARKET AND BAKERY 2,,32.838095505142,,GARLAND,658 W INTERSTATE 30 STE 11K,,DALLAS,,,75043,5.040829488136275e+18,TX,Supermarket,,-96.599449621821
,TIENDA MI MEXICO INC.,,32.858308703897,,DALLAS,2739 W NORTHWEST HWY,,DALLAS,,,75220,1.769218345933926e+19,TX,Meat Market,,-96.874719279408
,TANK SMOKE SHOP & MORE,,32.738974555239,,DALLAS,1622 MORRELL AVE,,DALLAS,,,75203,7.02756838148606e+18,TX,Supermarket,,-96.798227760757
,OMAHA STEAKS,,32.896687877284,,DALLAS,10854 PRESTON RD,,DALLAS,,,75230,1.069117875241322e+19,TX,Specialty Food,,-96.803860424455
,STACKHOUSE TOBACCO,,32.69035666492,,DALLAS,4448 S MARSALIS AVE,,DALLAS,,,75216,1.1072834273284671e+19,TX,Convenience Store,,-96.814543283737
,STACKHOUSE TOBACCO,,32.604026266429,,LANCASTER,1314 N DALLAS AVE,,DALLAS,,,75134,4.755027111240182e+17,TX,Convenience Store,,-96.758081172019
,STACKHOUSE TOBACCO,,32.604306592714,,LANCASTER,3225 W PLEASANT RUN RD STE 102A,,DALLAS,,,75146,9.928312191429329e+18,TX,Convenience Store,,-96.819171104073
,CREST FOODS VENTURES LLC,,32.930508319415,,DALLAS,13350 DALLAS PKWY STE 2655,,DALLAS,,,75240,1.5031213066919758e+19,TX,Bakery,,-96.820997176582
,DOTPUFF SMOKE & VAPOUR,,32.742216625947,,GRAND PRAIRIE,405 S BELT LINE RD,,DALLAS,,,75051,1.5466060527118338e+19,TX,Convenience Store,,-96.99460758076
,EXOTIC WORLD,,32.74904797766,,DALLAS,2120 N SAINT AUGUSTINE DR STE 130,,DALLAS,,,75227,5.125286061781701e+18,TX,Convenience Store,,-96.656836489591
,JOE V'S SMART SHOP #815,,32.837433555385,,IRVING,2407 W AIRPORT FWY,,DALLAS,,,75062,1.8229457848645861e+19,TX,Liquor Store,,-96.977041605818
,CIRCLE K #2654429,,32.986735260547,,CARROLLTON,2680 OLD DENTON RD STE 172,,DALLAS,,,75007,4.784816004718544e+18,TX,Convenience Store,,-96.909719368361
,JOE V'S SMART SHOP #815,,32.837433555385,,IRVING,2407 W AIRPORT FWY,,DALLAS,,,75062,5.457629499206288e+18,TX,Supermarket,,-96.977041605818
,"LOU'S ROOTS, LLC",,32.684047310115,,DALLAS,14311 SKYFROST DR TRLR 176,,DALLAS,,,75253,1.4710678814215326e+19,TX,Produce Market,,-96.574462889246
,LGM CONCEPTS LLC,,32.641824433302,,GRAND PRAIRIE,5424 KLEBERG DR,,DALLAS,,,75052,4.727910238283581e+18,TX,Specialty Food,,-97.033317159601
,DALLAS NUTRITION CONVIENCE STORE,,32.843928224935,,DALLAS,1157 EASTON RD STE 108,,DALLAS,,,75218,7.396631146809216e+18,TX,Convenience Store,,-96.692251720747
,BAKERS DOZEN DONUTS,,32.937132513352,,ROWLETT,8701 LIBERTY GROVE RD STE 600,,DALLAS,,,75089,1.3540657428708807e+19,TX,Bakery,,-96.534499860265
,WARDAK LLC,,32.828772829814,,IRVING,3620 W PIONEER DR STE 100,,DALLAS,,,75061,2.7681106859224278e+17,TX,Convenience Store,,-96.997714622049
,"COSMIC CULTURES, LLC",,32.808387450624,,DALLAS,3699 MCKINNEY AVE STE 510,,DALLAS,,,75204,2.3644119302074045e+18,TX,Specialty Food,,-96.79639630436
,ATHEMY FOOD MART,,32.756539104249,,DALLAS,3629 HOLMES ST,,DALLAS,,,75215,2.4436936611685504e+18,TX,Convenience Store,,-96.773482768569
,BUSY BEE CHECK CASHING,,32.952624800852,,CARROLLTON,1005 S JOSEY LN,,DALLAS,,,75006,4.694857537178649e+18,TX,Convenience Store,,-96.890134709939
,HOPE FOOD MART,,32.795960769492,,MESQUITE,3802 N TOWN EAST BLVD,,DALLAS,,,75150,3.6650631797568486e+18,TX,Convenience Store,,-96.652946457278
,TOOTSIE BAKES,,32.826781851057,,DALLAS,4512 BORDEAUX AVE,,DALLAS,,,75205,7.113153031057261e+18,TX,Bakery,,-96.812202003595
,TOBACCO HEIGHT,,32.560299009916,,GLENN HEIGHTS,1308 E BEAR CREEK RD STE 270,,DALLAS,,,75154,7.455891697889527e+18,TX,Convenience Store,,-96.82486781351
,SUN'S DONUT PALACE,,32.838558016396,,GARLAND,6024 BROADWAY BLVD,,DALLAS,,,75043,1.564397391428074e+19,TX,Bakery,,-96.595473339435
,TIENDA MI MEXICO 2,,32.705367148897,,DALLAS,2412 W KIEST BLVD,,DALLAS,,,75233,1.1233613915301104e+19,TX,Supermarket,,-96.859161088065
,TEXAS PREMIUM CANDY COMPANY,,32.647243475884,,DUNCANVILLE,438 E WHEATLAND RD # 438,,DALLAS,,,75116,1.1567444127097833e+19,TX,Confectionery,,-96.901149213128
,C&M CONNECTION LLC,,32.792429086359,,DALLAS,6155 SAMUELL BLVD STE 150,,DALLAS,,,75228,5.051724333188008e+18,TX,Convenience Store,,-96.696970236317
,"FELIX'S RELIANT AUTOMATED SERVICES, LLC",,32.962776525235,,ADDISON,4945 MORRIS AVE APT 4348,,DALLAS,,,75001,6.172605331309283e+18,TX,Convenience Store,,-96.826571252553
,IMPRINT HAIR DESIGNS,,32.765516437335,,MESQUITE,909 E DAVIS ST STE C,,DALLAS,,,75149,1.3748072452344664e+19,TX,Convenience Store,,-96.588032956069
,POPSTOP!,,32.971312696693,,CARROLLTON,2204 KELLY BLVD STE 101,,DALLAS,,,75006,1.534707857229672e+19,TX,Convenience Store,,-96.877748098294
,HISSHO SUSHI @ UN TX SW MED CTR,,32.821528419261,,DALLAS,6001 FOREST PARK RD,,DALLAS,,,75235,1.494495921678469e+18,TX,Specialty Food,,-96.84275327674
,4 YOUR CONVENIENCE STORE LLC,,32.69016370106,,DALLAS,4607 VILLAGE FAIR DR STE 317,,DALLAS,,,75224,7.01786674694802e+17,TX,Convenience Store,,-96.828789948869
,FRUXXI CONO,,32.738405264557,,DALLAS,4107 W JEFFERSON BLVD,,DALLAS,,,75211,2.8123051276859674e+18,TX,Specialty Food,,-96.887360263309
,CAKE COCOA LLC,,32.8378430429,,GARLAND,6302 GLENMOOR DR,,DALLAS,,,75043,7.245761934537693e+17,TX,Specialty Food,,-96.592391207894
,FORTHOUSE INC.,,32.828829538133,,MESQUITE,1009 VIA VALENCIA,,DALLAS,,,75150,1.804511860708561e+18,TX,Specialty Food,,-96.610576250183
,COURTNEYS SNACK SHACK,,32.794591467337,,MESQUITE,2150 GUS THOMASSON RD APT 2215,,DALLAS,,,75150,1.177202179658136e+19,TX,Convenience Store,,-96.633927921577
,HUEBNER MF LP,,32.982692933848,,DALLAS,17120 DALLAS PKWY STE 101,,DALLAS,,,75248,1.2301485265472733e+19,TX,Convenience Store,,-96.828375267261
,CHIVO LIB LLC,,32.834118578696,,IRVING,1915 PETERS RD STE 213,,DALLAS,,,75061,4.068170835587584e+18,TX,Liquor Store,,-96.911641722666
,BATH & BODY WORKS #1274,,32.986653905786,,CARROLLTON,2630 N JOSEY LN,,DALLAS,,,75007,1.2111718753641056e+19,TX,Specialty Food,,-96.890648386695
,"SPEAK EASY WINE AND SPIRITS, LLC",,32.782024897741,,DALLAS,211 N ERVAY ST STE 1423,,DALLAS,,,75201,1.549014668101552e+19,TX,Liquor Store,,-96.797456963883
,BATH & BODY WORKS #5068,,32.5992478819,,CEDAR HILL,305 W FM 1382 SPC 608,,DALLAS,,,75104,1.4844159020042635e+19,TX,Specialty Food,,-96.942687710718
,BATH & BODY WORKS #147,,32.808711148829,,MESQUITE,1044 TOWN EAST MALL,,DALLAS,,,75150,1.230635347402439e+19,TX,Specialty Food,,-96.626772832975
,BATH & BODY WORKS #1557,,32.8366415469,,DALLAS,5331 E MOCKINGBIRD LN,,DALLAS,,,75206,4.659166777765547e+18,TX,Specialty Food,,-96.777151655464
,BATH & BODY WORKS #967,,32.930508319415,,DALLAS,13350 DALLAS PKWY,,DALLAS,,,75240,1.7380019073453437e+18,TX,Specialty Food,,-96.820997176582
,BATH & BODY WORKS #1228,,32.909026222311,,IRVING,7555 N MACARTHUR BLVD,,DALLAS,,,75063,1.1378762574849e+19,TX,Specialty Food,,-96.958869575321
,POLLO COSTENO,,32.895667408481,,DALLAS,10825 DENNIS RD STE 102,,DALLAS,,,75229,1.1227319815444318e+19,TX,Confectionery,,-96.881471292673
,"BATH & BODY WORKS, LLC 5576",,32.810946544914,,MESQUITE,1515 N TOWN EAST BLVD,,DALLAS,,,75150,9.831668997500322e+18,TX,Specialty Food,,-96.61808014044
,BATH & BODY WORKS #1499,,32.5930578531,,CEDAR HILL,374 E FM 1382 STE E,,DALLAS,,,75104,8.003782055814122e+18,TX,Specialty Food,,-96.937964842506
,BATH & BODY WORKS #1618,,32.953182627458,,GARLAND,355 CEDAR SAGE DR,,DALLAS,,,75040,5.831813925453123e+18,TX,Specialty Food,,-96.611384730976
,URBAN MARKET SOUTHSIDE,,32.76771576921,,DALLAS,1409 S LAMAR ST APT 10,,DALLAS,,,75215,8.777103288482611e+18,TX,Convenience Store,,-96.795643699277
,VIRAL TREATS,,32.811655283603,,MESQUITE,2063 TOWN EAST MALL # 5521,,DALLAS,,,75150,7.220607736745349e+17,TX,Specialty Food,,-96.631423015949
,LUCKY 7 FOOD MART,,32.82926849613,,DALLAS,7410 HARRY HINES BLVD,,DALLAS,,,75235,3.003182903686762e+17,TX,Convenience Store,,-96.857364770008
,1 STOP AT SINGLETON LLC,,32.778582560833,,DALLAS,1615 SINGLETON BLVD STE B,,DALLAS,,,75212,2.986693015480519e+18,TX,Convenience Store,,-96.845781210959
,LIQUOR ROYALE,,32.813242433556,,IRVING,701 E IRVING BLVD,,DALLAS,,,75060,6.066048447832671e+18,TX,Liquor Store,,-96.937600931682
,ONE STAR STOP,,32.743784925066,,GRAND PRAIRIE,513 W JEFFERSON ST STE 105,,DALLAS,,,75051,9.732363951920335e+18,TX,Convenience Store,,-97.008891338042
,DISCOUNT LIQUOR,,32.814134294958,,IRVING,201 S BELT LINE RD STE 103,,DALLAS,,,75060,4.461065045843594e+18,TX,Liquor Store,,-96.993941786028
,HOWIES LIQUORS,,32.831171153371,,DALLAS,3609 GREENVILLE AVE,,DALLAS,,,75206,9.723795991446573e+18,TX,Liquor Store,,-96.770229666116
,ONE STOP LUCKY FOOD MART,,32.691178437626,,DALLAS,2412 W LEDBETTER DR,,DALLAS,,,75233,1.827273706503447e+19,TX,Convenience Store,,-96.857391286881
,BW SMOKEHOUSE,,32.599651063804,,DESOTO,643 RICKEY CANYON AVE,,DALLAS,,,75115,1.415412772734509e+19,TX,Specialty Food,,-96.848864806953
,NF PRODUCTS LLC,,32.90012753693,,DALLAS,4945 CROOKED LN,,DALLAS,,,75229,6.863252185489951e+18,TX,Specialty Food,,-96.823862164141
,STOP N SHOP 2,,32.747401259182,,GRAND PRAIRIE,203 N BELTLINE RD,,DALLAS,,,75050,1.5054475545149458e+19,TX,Convenience Store,,-96.994626095832
,CHULA'S DRIVE THRU,,32.792896137603,,DALLAS,3708 SAMUELL BLVD,,DALLAS,,,75228,6.461904946781702e+18,TX,Liquor Store,,-96.731227292072
,JUBEL VENDING,,32.883033670257,,DALLAS,9015 GUNNISON DR,,DALLAS,,,75231,5.583214588128414e+18,TX,Specialty Food,,-96.738692218774
,TASTEFULLY OLIVE,,32.830761603387,,IRVING,2701 E GRAUWYLER RD BLDG 1DPT,,DALLAS,,,75061,7.512785034873359e+18,TX,Specialty Food,,-96.905500050606
,PRODUCTOS TIERRA CALIENTE EL GUERO,,32.734106970964,,DALLAS,7932 LAKE JUNE RD,,DALLAS,,,75217,5.52813704580565e+18,TX,Specialty Food,,-96.685096503477
,BISMILLAH STORE LLC,,32.685097426865,,DALLAS,1130 S BELT LINE RD STE 100,,DALLAS,,,75253,5.613243370065186e+18,TX,Supermarket,,-96.591411701764
,OG SMOKE,,32.589770463645,,DESOTO,101 N HAMPTON RD STE 105,,DALLAS,,,75115,1.0979965376101437e+19,TX,Convenience Store,,-96.857134793661
,DULCERIA LALA'S,,32.86701732266,,DALLAS,2051 W NORTHWEST HWY STE 53,,DALLAS,,,75220,6.287847441477617e+18,TX,Confectionery,,-96.907146521066
,AC INJERA & GROCERY,,32.809156874536,,MESQUITE,3501 GUS THOMASSON RD STE 103,,DALLAS,,,75150,1.4335023189293943e+19,TX,Supermarket,,-96.634339566794
,TAQUERIA LOS CHATITOS,,32.914511112731,,GARLAND,1141 E WALNUT ST,,DALLAS,,,75040,1.1793283781265043e+17,TX,Confectionery,,-96.615787080124
,ZEE'S STOP,,32.95441841433,,GARLAND,685 TOWN SQUARE BLVD,,DALLAS,,,75040,1.419881221295966e+19,TX,Convenience Store,,-96.611559487751
,DULCERIA JALISCO LLC,,32.742668229179,,GRAND PRAIRIE,701 W JEFFERSON ST,,DALLAS,,,75051,4.5116581908893706e+18,TX,Confectionery,,-97.012399806516
,TODOS AMIGOS,,32.858735119353,,DALLAS,2915 COMMUNITY DR STE 101,,DALLAS,,,75220,9.574232203889887e+18,TX,Convenience Store,,-96.872876237846
,DONUT KING,,32.748499288801,,BALCH SPRINGS,1720 W BRUTON RD STE 100,,DALLAS,,,75180,7.483523861877311e+18,TX,Bakery,,-96.622984289058
,JUST LIQUOR,,32.862902599546,,DALLAS,6106 SKILLMAN ST,,DALLAS,,,75231,1.1030690441738736e+19,TX,Liquor Store,,-96.748903244034
,3S GROCERY BEER & WINE,,32.818219341902,,IRVING,323 N STORY RD,,DALLAS,,,75061,1.6848441435141194e+19,TX,Convenience Store,,-96.976453444861
,STREET CORNER URBAN MARKET,,32.952419150465,,CARROLLTON,1105 S BROADWAY ST,,DALLAS,,,75006,1.4954655784622246e+19,TX,Supermarket,,-96.907876013073
,THE GARDEN YASMIN,,32.656847812294,,DALLAS,7310 MARVIN D LOVE FWY APT 125,,DALLAS,,,75237,1.4179006377647624e+19,TX,Convenience Store,,-96.87363574092
,MOVEX LIMITED LIABILITY COMPANY,,32.97568155161,,RICHARDSON,2050 N PLANO RD # 300C,,DALLAS,,,75082,1.8744431303896113e+18,TX,Confectionery,,-96.699746898999
,"NATASHA STORES, INC.",,32.782532832249,,DALLAS,1700 PACIFIC AVE STE 108,,DALLAS,,,75201,1.2562626027422433e+19,TX,Convenience Store,,-96.797475366795
