"3640","18707 MATCH POINT CIR, HUMBLE, TX, 77346","Match","Exact","18707 MATCH POINT CIR, HUMBLE, TX, 77346","-95.152482694527,29.989298168895","636013933","R"
"2306","13250 NORTHWEST FWY, HOUSTON, TX, 77040","Match","Exact","13250 NORTHWEST FWY, HOUSTON, TX, 77040","-95.504513827982,29.848830046866","96643376","R"
"3638","181 W DYNA DR STE E, HOUSTON, TX, 77037","Match","Non_Exact","181 W DYNA DR, HOUSTON, TX, 77037","-95.410552504295,29.921590064128","655854218","R"
"2305","4003 RUSTIC WOODS DR STE B, KINGWOOD, TX, 77339","No_Match"
"3639","7102 NORTH FWY STE B, HOUSTON, TX, 77076","Match","Non_Exact","7102 NORTH FWY, HOUSTON, TX, 77076","-95.404673501747,29.86467380664","96053561","R"
"2304","4765 FM 1960 RD W STE E, HOUSTON, TX, 77069","Match","Non_Exact","4765 FM 1960 RD W, HOUSTON, TX, 77069","-95.502282972779,29.985665117892","233348352","R"
"2303","5130 RICHMOND AVE, HOUSTON, TX, 77056","Match","Exact","5130 RICHMOND AVE, HOUSTON, TX, 77056","-95.461376205102,29.731975868952","96620578","R"
"2302","16000 WOODLAND HILLS DR, HUMBLE, TX, 77346","No_Match"
"2301","7127 SPENCER HWY STE 180, PASADENA, TX, 77505","Match","Exact","7127 SPENCER HWY, PASADENA, TX, 77505","-95.129333329503,29.663615032143","96601371","L"
"2300","505 MAXEY RD, HOUSTON, TX, 77013","Match","Exact","505 MAXEY RD, HOUSTON, TX, 77013","-95.218620404701,29.786399547849","651201626","L"
"3630","2925 W T C JESTER BLVD STE 18, HOUSTON, TX, 77018","Match","Exact","2925 W T C JESTER BLVD, HOUSTON, TX, 77018","-95.445458836442,29.814659187606","96029103","L"
"3631","12087 BEECHNUT ST, HOUSTON, TX, 77072","Match","Exact","12087 BEECHNUT ST, HOUSTON, TX, 77072","-95.591240889348,29.688809152746","96035748","L"
"3632","1548B S MASON RD, KATY, TX, 77450","Match","Non_Exact","1548B S MASON RD, KATY, TX, 77450","-95.751661898631,29.758831182391","96623306","L"
"3633","4019 PITTS RD STE 103, KATY, TX, 77493","No_Match"
"3634","9401 KATY FWY STE D, HOUSTON, TX, 77024","Match","Non_Exact","9401 KATY FWY, HOUSTON, TX, 77024","-95.524052735987,29.783719178338","96630860","L"
"2309","7219 BIRCHTREE FOREST DR, HOUSTON, TX, 77088","Match","Exact","7219 BIRCHTREE FOREST DR, HOUSTON, TX, 77088","-95.459660855556,29.865933447611","96027468","L"
"3635","8815 FAIRBANKS N HOUSTON RD, HOUSTON, TX, 77064","Match","Exact","8815 FAIRBANKS N HOUSTON RD, HOUSTON, TX, 77064","-95.525119283983,29.910534606811","96651469","L"
"2308","252 E CROSSTIMBERS ST, HOUSTON, TX, 77022","Match","Exact","252 E CROSSTIMBERS ST, HOUSTON, TX, 77022","-95.372552111049,29.828343645951","96640001","R"
"3636","22824 HUFSMITH KOHRVILLE RD, TOMBALL, TX, 77375","Match","Exact","22824 HUFSMITH KOHRVILLE RD, TOMBALL, TX, 77375","-95.593956828173,30.094060570511","649409872","L"
"2307","4665 GARTH RD STE 800, BAYTOWN, TX, 77521","Match","Exact","4665 GARTH RD, BAYTOWN, TX, 77521","-94.977744062568,29.775886304406","96634356","L"
"3637","11035B HOMESTEAD RD, HOUSTON, TX, 77016","Match","Non_Exact","11035B HOMESTEAD RD, HOUSTON, TX, 77016","-95.300662116403,29.876534178512","96075285","L"
"3650","3220 HIGHWAY 6 S, HOUSTON, TX, 77082","No_Match"
"3651","631 SOUTHMORE AVE, PASADENA, TX, 77502","Match","Exact","631 SOUTHMORE AVE, PASADENA, TX, 77502","-95.205838336485,29.690893089731","96103850","L"
"2320","6627 BRITTMOORE RD, HOUSTON, TX, 77041","Match","Exact","6627 BRITTMOORE RD, HOUSTON, TX, 77041","-95.569246076642,29.866203511836","96018894","L"
"0","3423 GARTH RD SPC 10, BAYTOWN, TX, 77521","Match","Exact","3423 GARTH RD, BAYTOWN, TX, 77521","-94.977348575877,29.758530546512","96627164","L"
"2317","8630A CULLEN BLVD, HOUSTON, TX, 77051","Match","Non_Exact","8630A CULLEN BLVD, HOUSTON, TX, 77051","-95.355755387675,29.667419622442","96089719","R"
"3649","9252 RICHMOND AVE, HOUSTON, TX, 77063","Match","Exact","9252 RICHMOND AVE, HOUSTON, TX, 77063","-95.527480422881,29.729053245781","96613996","R"
"1","9968 BELLAIRE BLVD STE 180, HOUSTON, TX, 77036","Match","Exact","9968 BELLAIRE BLVD, HOUSTON, TX, 77036","-95.556320464488,29.704610872909","638594571","R"
"2316","1001 GEORGIA AVE, DEER PARK, TX, 77536","Match","Exact","1001 GEORGIA AVE, DEER PARK, TX, 77536","-95.134986855625,29.702555355939","96612008","R"
"2","10502 HUFFMEISTER RD STE C, HOUSTON, TX, 77065","Match","Non_Exact","10502 HUFFMEISTER RD, HOUSTON, TX, 77065","-95.628601370337,29.929202642243","630699961","R"
"2315","7503 BOONE RD, HOUSTON, TX, 77072","Match","Exact","7503 BOONE RD, HOUSTON, TX, 77072","-95.575215380008,29.696681191043","96023910","L"
"3","5219 FM 1960 RD W, HOUSTON, TX, 77069","Match","Exact","5219 FM 1960 RD W, HOUSTON, TX, 77069","-95.506665549859,29.983232483463","233348366","R"
"2314","7604 CLAREWOOD DR, HOUSTON, TX, 77036","Match","Exact","7604 CLAREWOOD DR, HOUSTON, TX, 77036","-95.518209377442,29.709778395312","96582682","R"
"4","6806 W MONTGOMERY RD, HOUSTON, TX, 77091","Match","Exact","6806 W MONTGOMERY RD, HOUSTON, TX, 77091","-95.421517555735,29.857936665503","96053172","R"
"2313","1876 EAST FWY, BAYTOWN, TX, 77521","Match","Exact","1876 EAST FWY, BAYTOWN, TX, 77521","-95.032571744062,29.796815713349","638076482","R"
"5","1005 SAINT EMANUEL ST, HOUSTON, TX, 77003","Match","Exact","1005 SAINT EMANUEL ST, HOUSTON, TX, 77003","-95.355492369961,29.751152792454","96069693","L"
"2312","19511 I-45 N, SPRING, TX, 77388","Match","Non_Exact","19511 I- 45, SPRING, TX, 77388","-95.432093155277,30.051394648232","96576125","L"
"6","9855 FUQUA ST STE A, HOUSTON, TX, 77075","Match","Non_Exact","9855 FUQUA ST, HOUSTON, TX, 77075","-95.238919606356,29.611258926906","96594106","L"
"2311","1469 WIRT RD, HOUSTON, TX, 77055","Match","Exact","1469 WIRT RD, HOUSTON, TX, 77055","-95.484959281468,29.796099586497","96635793","L"
"7","4829 TODVILLE RD, SEABROOK, TX, 77586","Match","Exact","4829 TODVILLE RD, SEABROOK, TX, 77586","-95.002401787615,29.587731350117","96117401","L"
"2310","500 BAYBROOK MALL STE 1188, FRIENDSWOOD, TX, 77546","Match","Exact","500 BAYBROOK MALL, FRIENDSWOOD, TX, 77546","-95.151459744438,29.543865119493","96143229","R"
"8","2817 HARDY ST, HOUSTON, TX, 77009","Match","Exact","2817 HARDY ST, HOUSTON, TX, 77009","-95.352072131687,29.786569905106","96068126","L"
"3641","20106 SAGEBRUSH HOLLOW DR, CYPRESS, TX, 77433","Match","Exact","20106 SAGEBRUSH HOLLOW DR, CYPRESS, TX, 77433","-95.714303009872,29.905327798362","652823961","R"
"9","11616 T C JESTER BLVD STE 200, HOUSTON, TX, 77067","Match","Exact","11616 T C JESTER BLVD, HOUSTON, TX, 77067","-95.452620506193,29.952139620644","96011498","R"
"3642","6004 GRIGGS RD, HOUSTON, TX, 77023","Match","Exact","6004 GRIGGS RD, HOUSTON, TX, 77023","-95.318275490187,29.700838155086","96082811","R"
"3643","2200 SOUTHWEST FWY STE 100C, HOUSTON, TX, 77098","Match","Exact","2200 SOUTHWEST FWY, HOUSTON, TX, 77098","-95.412894581679,29.731262669945","96063308","R"
"3644","900 S WAYSIDE DR STE 800, HOUSTON, TX, 77023","Match","Exact","900 S WAYSIDE DR, HOUSTON, TX, 77023","-95.309329533135,29.729451675344","96616110","R"
"3645","2409 N MAIN ST, BAYTOWN, TX, 77520","Match","Exact","2409 N MAIN ST, BAYTOWN, TX, 77520","-94.963843853733,29.749263921176","96418853","L"
"3646","1909 WASHINGTON AVE, HOUSTON, TX, 77007","Match","Exact","1909 WASHINGTON AVE, HOUSTON, TX, 77007","-95.377345540482,29.767742482123","96066577","L"
"2319","155 W EL DORADO BLVD, FRIENDSWOOD, TX, 77546","Match","Exact","155 W EL DORADO BLVD, FRIENDSWOOD, TX, 77546","-95.157382883052,29.551048581653","638078320","L"
"3647","502 S ALLEN GENOA RD, SOUTH HOUSTON, TX, 77587","Match","Exact","502 S ALLEN-GENOA RD, SOUTH HOUSTON, TX, 77587","-95.214040224191,29.662646397123","96103632","R"
"2318","6055 SOUTH FWY, HOUSTON, TX, 77004","No_Match"
"3648","8108 MARTIN LUTHER KING BLVD, HOUSTON, TX, 77033","Match","Exact","8108 MARTIN LUTHER KING JR BLVD, HOUSTON, TX, 77033","-95.337252447712,29.6658005255","96599665","R"
"3660","2112 FM 1960 RD, HOUSTON, TX, 77073","Match","Non_Exact","2112 FM 1960 RD W, HOUSTON, TX, 77073","-95.460032160829,30.009153452202","96582038","R"
"3661","12950 S POST OAK RD STE I, HOUSTON, TX, 77045","Match","Non_Exact","12950 S POST OAK RD, HOUSTON, TX, 77045","-95.463634171891,29.639049492205","652123664","R"
"3662","3100 S TERMINAL RD, HOUSTON, TX, 77032","Match","Non_Exact","3100 N TERMINAL RD, HOUSTON, TX, 77032","-95.341222099995,29.987461295553","96044484","L"
"1000","910 N DURHAM DR STE E, HOUSTON, TX, 77008","Match","Non_Exact","910 N DURHAM DR, HOUSTON, TX, 77008","-95.411664700095,29.786638711942","96631708","R"
"2331","6219 BELLAIRE BLVD, HOUSTON, TX, 77081","Match","Exact","6219 BELLAIRE BLVD, HOUSTON, TX, 77081","-95.490829967252,29.70541088892","96609271","L"
"2330","2111 SPRING CYPRESS RD STE 80, SPRING, TX, 77388","Match","Exact","2111 SPRING CYPRESS RD, SPRING, TX, 77388","-95.446323001122,30.069159713651","644551287","R"
"2328","7214 WHEATLEY ST, HOUSTON, TX, 77088","Match","Exact","7214 WHEATLEY ST, HOUSTON, TX, 77088","-95.429394823821,29.864815198606","96647122","R"
"2327","3205 NOBLE ST, HOUSTON, TX, 77026","Match","Exact","3205 NOBLE ST, HOUSTON, TX, 77026","-95.337379899331,29.780890093305","96069098","L"
"2326","20611 FM 529, HOUSTON, TX, 77433","No_Match"
"2325","5610 LANGLEY RD, HOUSTON, TX, 77016","Match","Exact","5610 LANGLEY RD, HOUSTON, TX, 77016","-95.30856284784,29.866789763678","96075464","R"
"2324","5330 CHIMNEY ROCK RD, HOUSTON, TX, 77081","Match","Exact","5330 CHIMNEY ROCK RD, HOUSTON, TX, 77081","-95.476582956834,29.724203465126","96614838","R"
"2323","3080 S FRY RD, KATY, TX, 77450","Match","Exact","3080 S FRY RD, KATY, TX, 77450","-95.732657141228,29.738825049448","96300781","R"
"2322","10333 MARKET STREET RD, JACINTO CITY, TX, 77029","Match","Exact","10333 MARKET STREET RD, JACINTO CITY, TX, 77029","-95.246520422702,29.767570092952","644891553","L"
"2321","4955 HIGHWAY 6 N, HOUSTON, TX, 77084","Tie"
"3652","3729 N MACGREGOR WAY, HOUSTON, TX, 77004","Match","Exact","3729 N MACGREGOR WAY, HOUSTON, TX, 77004","-95.357324639288,29.710998101335","96615780","L"
"3653","6925 CYPRESSWOOD DR STE B, SPRING, TX, 77379","Match","Non_Exact","6925 CYPRESSWOOD DR, SPRING, TX, 77379","-95.515285372261,30.010360623972","642111554","R"
"3654","8102 W TIDWELL RD STE E, HOUSTON, TX, 77040","Match","Non_Exact","8102 W TIDWELL RD, HOUSTON, TX, 77040","-95.515486166375,29.850980960309","96024808","R"
"3655","7908 HILLCROFT ST, HOUSTON, TX, 77081","Match","Exact","7908 HILLCROFT ST, HOUSTON, TX, 77081","-95.4930471525,29.692866859471","96037730","R"
"3656","8541 W BELLFORT ST STE F, HOUSTON, TX, 77071","Match","Non_Exact","8541 W BELLFORT ST, HOUSTON, TX, 77071","-95.516509630897,29.655597170241","96598636","R"
"3657","5362 KYLA CIR, KATY, TX, 77493","Match","Exact","5362 KYLA CIR, KATY, TX, 77493","-95.813232947341,29.82124019717","627737360","L"
"3658","16324 SCHIEL RD, CYPRESS, TX, 77433","No_Match"
"2329","5000 KATY MILLS CIR STE 136, KATY, TX, 77494","Match","Exact","5000 KATY MILLS CIR, KATY, TX, 77494","-95.809217899617,29.780129280853","642865430","L"
"3659","5659 HILLCROFT ST, HOUSTON, TX, 77036","Match","Exact","5659 HILLCROFT ST, HOUSTON, TX, 77036","-95.500966680319,29.721329069298","96614393","L"
"3670","303 MASCOT ST UNIT B, HOUSTON, TX, 77029","Match","Non_Exact","303 MASCOT ST, HOUSTON, TX, 77029","-95.256548615548,29.732742315596","96427527","L"
"3671","1400 MCKINNEY ST UNIT 2709, HOUSTON, TX, 77010","Match","Exact","1400 MCKINNEY ST, HOUSTON, TX, 77010","-95.361447229267,29.754788094223","96067765","R"
"3672","19716 SAUMS RD, HOUSTON, TX, 77084","Match","Exact","19716 SAUMS RD, HOUSTON, TX, 77084","-95.718203535411,29.800359202422","644768509","L"
"3673","4137 CAVALCADE ST, HOUSTON, TX, 77026","Match","Exact","4137 CAVALCADE ST, HOUSTON, TX, 77026","-95.329328827846,29.800322655262","233407668","L"
"1011","24350 KUYKENDAHL RD, TOMBALL, TX, 77375","Match","Exact","24350 KUYKENDAHL RD, TOMBALL, TX, 77375","-95.554376553667,30.115168578276","642133176","L"
"2342","9499 SCOTT ST, HOUSTON, TX, 77051","Match","Exact","9499 SCOTT ST, HOUSTON, TX, 77051","-95.368518942209,29.65386890853","96088892","L"
"1010","12009 NORTHWEST FWY, HOUSTON, TX, 77092","Match","Exact","12009 NORTHWEST FWY, HOUSTON, TX, 77092","-95.482794756175,29.831949407502","96639438","L"
"2341","846 KRESS ST, HOUSTON, TX, 77020","Match","Exact","846 KRESS ST, HOUSTON, TX, 77020","-95.307474133896,29.773394262995","96080506","R"
"2340","9010 JONES RD, HOUSTON, TX, 77065","Match","Exact","9010 JONES RD, HOUSTON, TX, 77065","-95.584451809573,29.903916658263","642107033","R"
"1008","7811 SANDPIPER DR, HOUSTON, TX, 77074","Match","Exact","7811 SANDPIPER DR, HOUSTON, TX, 77074","-95.506191251427,29.694346178508","96037514","L"
"2339","23021 MORTON RANCH RD STE F, KATY, TX, 77449","No_Match"
"1007","221 E LITTLE YORK RD # B, HOUSTON, TX, 77076","Match","Non_Exact","221 E LITTLE YORK RD, HOUSTON, TX, 77076","-95.397335289492,29.869977000178","96053736","L"
"2338","15000 BAMMEL NORTH HOUSTON RD, HOUSTON, TX, 77014","No_Match"
"1006","720 RANKIN RD, HOUSTON, TX, 77073","Match","Exact","720 RANKIN RD, HOUSTON, TX, 77073","-95.402206979139,29.965914466314","642109389","R"
"2337","4005 MONTROSE BLVD, HOUSTON, TX, 77006","Match","Exact","4005 MONTROSE BLVD, HOUSTON, TX, 77006","-95.391079547155,29.736933554365","96064657","L"
"1005","14045 FM 2100 RD STE 170, CROSBY, TX, 77532","Match","Non_Exact","14045 FM 2100, CROSBY, TX, 77532","-95.063393314324,29.891185173767","642188330","L"
"2336","255 PATTON ST, HOUSTON, TX, 77009","Match","Exact","255 PATTON ST, HOUSTON, TX, 77009","-95.369003894068,29.798221744668","96065929","L"
"1004","1724 AIRLINE DR, HOUSTON, TX, 77009","Match","Exact","1724 AIRLINE DR, HOUSTON, TX, 77009","-95.381833574299,29.802482038404","96057944","R"
"2335","5643 GESSNER RD, HOUSTON, TX, 77041","Match","Exact","5643 GESSNER RD, HOUSTON, TX, 77041","-95.545174255548,29.849278230136","96019332","L"
"1003","5311 N WAYSIDE DR, HOUSTON, TX, 77028","Match","Exact","5311 N WAYSIDE DR, HOUSTON, TX, 77028","-95.284664796313,29.808859343412","233407771","L"
"2334","102 E EDGEBROOK DR, HOUSTON, TX, 77034","Match","Exact","102 E EDGEBROOK DR, HOUSTON, TX, 77034","-95.218414521382,29.64917084769","96596898","R"
"1002","16770 IMPERIAL VALLEY DR, HOUSTON, TX, 77060","Match","Exact","16770 IMPERIAL VALLEY DR, HOUSTON, TX, 77060","-95.395869847596,29.943161314103","96656605","R"
"2333","22508 STATE HIGHWAY 249, HOUSTON, TX, 77070","No_Match"
"1001","4701 EAST BLVD, DEER PARK, TX, 77536","Match","Exact","4701 EAST BLVD, DEER PARK, TX, 77536","-95.098260675974,29.674413472347","96548965","L"
"2332","2119 SOUTHMORE AVE, PASADENA, TX, 77502","Match","Exact","2119 SOUTHMORE AVE, PASADENA, TX, 77502","-95.184655126639,29.691711098652","96611744","L"
"3663","7600 DASHWOOD DR, HOUSTON, TX, 77036","Match","Exact","7600 DASHWOOD DR, HOUSTON, TX, 77036","-95.518714926701,29.707486114478","641824948","R"
"3664","13831 HUFFMEISTER RD STE D, CYPRESS, TX, 77429","Match","Non_Exact","13831 HUFFMEISTER RD, CYPRESS, TX, 77429","-95.63948195002,29.969490088699","642093292","R"
"3665","6401 HIRSCH RD, HOUSTON, TX, 77026","Match","Exact","6401 HIRSCH RD, HOUSTON, TX, 77026","-95.328797043228,29.818060085403","96640426","L"
"3666","12302 HILLCROFT AVE, HOUSTON, TX, 77035","Match","Non_Exact","12302 HILLCROFT ST, HOUSTON, TX, 77035","-95.493410694947,29.644373675609","96038720","R"
"3667","9532 RICHMOND AVE STE A, HOUSTON, TX, 77063","Match","Non_Exact","9532 RICHMOND AVE, HOUSTON, TX, 77063","-95.533472183383,29.729011225787","96030867","R"
"3668","5905 KATY ST, HOUSTON, TX, 77007","Match","Exact","5905 KATY ST, HOUSTON, TX, 77007","-95.429065033212,29.782481568088","96059831","L"
"3669","12312 CROSBY LYNCHBURG RD, CROSBY, TX, 77532","Match","Exact","12312 CROSBY LYNCHBURG RD, CROSBY, TX, 77532","-95.062880860079,29.871645259316","96100533","R"
"1009","12496 BELLAIRE BLVD, HOUSTON, TX, 77072","Match","Exact","12496 BELLAIRE BLVD, HOUSTON, TX, 77072","-95.601073163533,29.703594253828","96608222","R"
"3680","20669 W LAKE HOUSTON PKWY STE E, HUMBLE, TX, 77346","No_Match"
"3681","11460 FUQUA ST STE 700, HOUSTON, TX, 77089","Match","Exact","11460 FUQUA ST, HOUSTON, TX, 77089","-95.218029519068,29.6143198789","638079555","R"
"3682","5868B WESTHEIMER RD, HOUSTON, TX, 77057","Match","Non_Exact","5868B WESTHEIMER RD, HOUSTON, TX, 77057","-95.483115629489,29.737951379085","233390071","R"
"3683","12985 SCARSDALE BLVD, HOUSTON, TX, 77089","Match","Exact","12985 SCARSDALE BLVD, HOUSTON, TX, 77089","-95.200500373782,29.596928995421","96592287","L"
"3684","13740 NORTHWEST FWY, HOUSTON, TX, 77040","Match","Exact","13740 NORTHWEST FWY, HOUSTON, TX, 77040","-95.512488973008,29.853319849638","233349172","R"
"1022","6436 BELLAIRE BLVD STE A, HOUSTON, TX, 77074","Match","Non_Exact","6436 BELLAIRE BLVD, HOUSTON, TX, 77074","-95.496084152167,29.70550030514","96130015","R"
"2353","6920 HOMESTEAD RD, HOUSTON, TX, 77028","No_Match"
"1021","313 TODVILLE RD, SEABROOK, TX, 77586","Match","Exact","313 TODVILLE RD, SEABROOK, TX, 77586","-95.022794015404,29.552285852054","96117366","L"
"2352","7418 1/2 NORTHLINE DR, HOUSTON, TX, 77076","Match","Non_Exact","7418 1/2 NORTHLINE DR, HOUSTON, TX, 77076","-95.397744898591,29.868895286296","96053752","R"
"1020","4444 MEMORIAL DR, HOUSTON, TX, 77007","Match","Exact","4444 MEMORIAL DR, HOUSTON, TX, 77007","-95.405027526105,29.761847608149","96624876","R"
"2351","3824 ATASCOCITA RD STE 106, HUMBLE, TX, 77396","Match","Exact","3824 ATASCOCITA RD, HUMBLE, TX, 77396","-95.216671505682,29.979689660195","643350340","R"
"2350","1560 ELDRIDGE PKWY STE 140, HOUSTON, TX, 77077","Match","Exact","1560 ELDRIDGE PKWY, HOUSTON, TX, 77077","-95.625350642777,29.756403676025","96288925","L"
"1019","11907 HIGH STAR DR, HOUSTON, TX, 77072","Match","Exact","11907 HIGH STAR DR, HOUSTON, TX, 77072","-95.588686717925,29.710923349226","96613013","L"
"1018","8702 MESA DR, HOUSTON, TX, 77028","Match","Exact","8702 MESA DR, HOUSTON, TX, 77028","-95.262186467169,29.840655821538","96077991","R"
"2349","15202 MASON RD STE 800, CYPRESS, TX, 77433","Match","Exact","15202 MASON RD, CYPRESS, TX, 77433","-95.738163461561,29.994107679543","96662178","L"
"1017","12825 S POST OAK RD STE F2, HOUSTON, TX, 77045","Match","Exact","12825 S POST OAK RD, HOUSTON, TX, 77045","-95.463545225948,29.64200832856","96595645","L"
"2348","13418 REEVESTON RD, HOUSTON, TX, 77039","Match","Exact","13418 REEVESTON RD, HOUSTON, TX, 77039","-95.367584458387,29.908379015525","96651936","R"
"1016","1740 OLD SPANISH TRL, HOUSTON, TX, 77054","Match","Exact","1740 OLD SPANISH TRL, HOUSTON, TX, 77054","-95.402736922557,29.695136622869","233372348","L"
"2347","6240 SYNOTT RD, HOUSTON, TX, 77083","Match","Exact","6240 SYNOTT RD, HOUSTON, TX, 77083","-95.614845825809,29.711355163231","96612655","R"
"1015","3024 N FRY RD, KATY, TX, 77449","Match","Non_Exact","3024 FRY RD, KATY, TX, 77449","-95.720335869662,29.812389263365","642104340","L"
"2346","24224 NORTHWEST FWY, CYPRESS, TX, 77429","No_Match"
"1014","6010 W TIDWELL RD, HOUSTON, TX, 77092","Match","Non_Exact","6010 W TIDWELL RD, HOUSTON, TX, 77091","-95.477104062316,29.849727442515","96027040","R"
"2345","3010 CLAYMOORE PARK DR, HOUSTON, TX, 77043","Match","Exact","3010 CLAYMOORE PARK DR, HOUSTON, TX, 77043","-95.567274323199,29.823947892507","96019394","R"
"1013","1700 DECKER DR, BAYTOWN, TX, 77520","Match","Exact","1700 DECKER DR, BAYTOWN, TX, 77520","-94.980677540496,29.739906844842","96622862","R"
"2344","2160 BAY AREA BLVD, HOUSTON, TX, 77058","Match","Exact","2160 BAY AREA BLVD, HOUSTON, TX, 77058","-95.110940087684,29.569248602361","233350713","R"
"1012","5609 UVALDE RD, HOUSTON, TX, 77049","Match","Exact","5609 UVALDE RD, HOUSTON, TX, 77049","-95.182409163222,29.809424479143","656045953","L"
"2343","3403 LOUETTA RD STE E, SPRING, TX, 77388","No_Match"
"3674","10452 ALDINE WESTFIELD RD, HOUSTON, TX, 77093","Match","Exact","10452 ALDINE WESTFIELD RD, HOUSTON, TX, 77093","-95.349892925837,29.864510346906","96056856","R"
"3675","9229 CLAY RD, HOUSTON, TX, 77080","Match","Exact","9229 CLAY RD, HOUSTON, TX, 77080","-95.519996702643,29.832520287827","96025491","L"
"3676","9347 RICHMOND AVE, HOUSTON, TX, 77063","Match","Exact","9347 RICHMOND AVE, HOUSTON, TX, 77063","-95.531551678354,29.728941825525","96613984","L"
"3677","6074 FM 2920 RD, SPRING, TX, 77379","Match","Non_Exact","6074 FM 2920, SPRING, TX, 77379","-95.519347058272,30.074116506084","642114016","L"
"3678","3201 CYPRESS CREEK PKWY, HOUSTON, TX, 77068","No_Match"
"3679","2450 W LITTLE YORK RD, HOUSTON, TX, 77091","Match","Exact","2450 W LITTLE YORK RD, HOUSTON, TX, 77091","-95.447792991551,29.863423958799","96027663","R"
"3690","7720 FM 1960 RD W, HOUSTON, TX, 77070","Match","Non_Exact","7720 FM 1960 RD W, HOUSTON, TX, 77069","-95.544597346292,29.96325402731","638138370","L"
"3691","680 MEYERLAND PLAZA MALL, HOUSTON, TX, 77096","No_Match"
"3692","257 KATY FWY, HOUSTON, TX, 77024","No_Match"
"3693","19971 KATY FWY, HOUSTON, TX, 77094","No_Match"
"3694","12850 MEMORIAL DR, HOUSTON, TX, 77024","Match","Exact","12850 MEMORIAL DR, HOUSTON, TX, 77024","-95.560719702981,29.772803899801","96630345","R"
"3695","1901 ALLEN GENOA RD STE 170, PASADENA, TX, 77502","Match","Exact","1901 ALLEN-GENOA RD, PASADENA, TX, 77502","-95.230248782764,29.684472226122","642479586","L"
"1033","12516 MEMORIAL DR, HOUSTON, TX, 77024","Match","Exact","12516 MEMORIAL DR, HOUSTON, TX, 77024","-95.55186382893,29.766296362652","96624158","R"
"2364","1132 BAYBROOK MALL, FRIENDSWOOD, TX, 77546","Match","Exact","1132 BAYBROOK MALL, FRIENDSWOOD, TX, 77546","-95.148138117254,29.546318899394","640055896","R"
"1032","1611 SPENCER HWY STE A, SOUTH HOUSTON, TX, 77587","Match","Non_Exact","1611 SPENCER HWY, SOUTH HOUSTON, TX, 77587","-95.21147184894,29.664781832099","96600474","L"
"2363","5604 HILLCROFT ST, HOUSTON, TX, 77036","Match","Exact","5604 HILLCROFT ST, HOUSTON, TX, 77036","-95.50110065773,29.721419427438","96614393","R"
"1031","5853 W GULF BANK RD, HOUSTON, TX, 77088","Match","Exact","5853 W GULF BANK RD, HOUSTON, TX, 77088","-95.475559697082,29.884393300527","96124185","R"
"2362","417 GENTRY ST STE J, SPRING, TX, 77373","Match","Non_Exact","417 GENTRY ST, SPRING, TX, 77373","-95.420882029929,30.078681745556","96041474","R"
"1030","10006 FM 2920 RD STE 100, TOMBALL, TX, 77375","Match","Non_Exact","10006 FM 2920, TOMBALL, TX, 77375","-95.577712658446,30.09395200785","96002848","R"
"2361","9506 MELDRUM LN, HOUSTON, TX, 77075","Match","Exact","9506 MELDRUM LN, HOUSTON, TX, 77075","-95.247490936345,29.634495143991","96596760","R"
"2360","19540 CLAY RD STE G, KATY, TX, 77449","Match","Non_Exact","19540 CLAY RD, KATY, TX, 77449","-95.710917827756,29.831208434148","96014505","L"
"1029","2106 HOUSTON BLVD, SOUTH HOUSTON, TX, 77587","Match","Exact","2106 HOUSTON BLVD, SOUTH HOUSTON, TX, 77587","-95.230397984879,29.657463533361","96103414","R"
"1028","7665 BELLFORT ST, HOUSTON, TX, 77061","Match","Exact","7665 BELLFORT ST, HOUSTON, TX, 77061","-95.283120571211,29.672315189521","651641410","L"
"2359","6116 SOUTHWEST FWY STE LB06, HOUSTON, TX, 77057","Match","Exact","6116 SOUTHWEST FWY, HOUSTON, TX, 77057","-95.489972138515,29.725293737502","96614727","R"
"1027","5137 FM 1960 RD W, HOUSTON, TX, 77069","Match","Exact","5137 FM 1960 RD W, HOUSTON, TX, 77069","-95.506575143132,29.98328449829","233348366","R"
"2358","1001 MOY ST, HOUSTON, TX, 77007","Match","Exact","1001 MOY ST, HOUSTON, TX, 77007","-95.414439106346,29.770532689399","96060655","L"
"1026","375 W 19TH ST, HOUSTON, TX, 77008","Match","Exact","375 W 19TH ST, HOUSTON, TX, 77008","-95.403041629264,29.802947109207","96055347","R"
"2357","8102 WESTHEIMER RD, HOUSTON, TX, 77063","Match","Exact","8102 WESTHEIMER RD, HOUSTON, TX, 77063","-95.51016702319,29.73764510802","233389729","L"
"1025","2021 LOUETTA RD, SPRING, TX, 77388","Match","Exact","2021 LOUETTA RD, SPRING, TX, 77388","-95.447782202335,30.062707030959","642113829","R"
"2356","7123 SOUTHWEST FWY, HOUSTON, TX, 77074","Match","Exact","7123 SOUTHWEST FWY, HOUSTON, TX, 77074","-95.510630817926,29.706020497604","96609026","L"
"1024","17902 OLD FOREST LN, HOUSTON, TX, 77084","Match","Exact","17902 OLD FOREST LN, HOUSTON, TX, 77084","-95.673650946604,29.843280817803","624625808","R"
"2355","6821 AIRLINE DR STE 300, HOUSTON, TX, 77076","Match","Exact","6821 AIRLINE DR, HOUSTON, TX, 77076","-95.384806319963,29.861586827808","96056184","L"
"1023","9900 GALVESTON RD, HOUSTON, TX, 77034","No_Match"
"2354","516 W 19TH ST, HOUSTON, TX, 77008","Match","Exact","516 W 19TH ST, HOUSTON, TX, 77008","-95.406261651082,29.802775541765","96055275","L"
"3685","120 W RILEY FUZZEL RD, SPRING, TX, 77373","No_Match"
"3686","16272 IMPERIAL VALLEY DR STE H, HOUSTON, TX, 77060","No_Match"
"3687","14333 FM 2920 RD SPC 114, TOMBALL, TX, 77377","Match","Non_Exact","14333 FM 2920, TOMBALL, TX, 77377","-95.645021305295,30.089259449662","635086502","R"
"3688","1472 WILLOWBROOK MALL, HOUSTON, TX, 77070","No_Match"
"3689","6545 N GRAND PKWY W, SPRING, TX, 77389","Match","Non_Exact","6545 GRAND PKWY, SPRING, TX, 77389","-95.5181163556,30.090740325464","650493347","L"
"1044","2004 S MASON RD STE D-3, KATY, TX, 77450","Match","Exact","2004 S MASON RD, KATY, TX, 77450","-95.751674455929,29.751244916495","642102830","L"
"2375","5413 ALDINE BENDER RD STE 100, HOUSTON, TX, 77032","Match","Exact","5413 ALDINE BENDER RD, HOUSTON, TX, 77032","-95.310125060903,29.93054206176","649120935","L"
"1043","6112 DASHWOOD DR STE A, HOUSTON, TX, 77081","Match","Non_Exact","6112 DASHWOOD DR, HOUSTON, TX, 77081","-95.489780672037,29.707366811435","96609269","R"
"2374","15655 JOHN F KENNEDY BLVD STE D, HOUSTON, TX, 77032","Match","Non_Exact","15655 JOHN F KENNEDY BLVD, HOUSTON, TX, 77032","-95.331848121079,29.944769961826","656275472","R"
"1042","9740 BARKER CYPRESS RD STE 104, CYPRESS, TX, 77433","No_Match"
"2373","2002 FRY RD STE 105-106, HOUSTON, TX, 77084","No_Match"
"1041","7548 CANAL ST, HOUSTON, TX, 77012","Match","Exact","7548 CANAL ST, HOUSTON, TX, 77012","-95.289547549472,29.73620294226","96083359","R"
"2372","4620 FM 1960 RD W, HOUSTON, TX, 77069","Match","Exact","4620 FM 1960 RD W, HOUSTON, TX, 77069","-95.500174186216,29.986938096595","642188270","L"
"1040","10026 BISSONNET ST, HOUSTON, TX, 77036","Match","Exact","10026 BISSONNET ST, HOUSTON, TX, 77036","-95.555079709266,29.675047371999","96603391","R"
"2371","6405 ANTOINE DR, HOUSTON, TX, 77091","Match","Exact","6405 ANTOINE DR, HOUSTON, TX, 77091","-95.473412813146,29.859509326153","642187913","L"
"2370","11495 NORTH FWY, HOUSTON, TX, 77060","Match","Exact","11495 NORTH FWY, HOUSTON, TX, 77060","-95.412455439451,29.932961637037","96656303","L"
"1039","5800 LYONS AVE, HOUSTON, TX, 77020","No_Match"
"1038","23119 COLONIAL PKWY STE B13, KATY, TX, 77449","Match","Exact","23119 COLONIAL PKWY, KATY, TX, 77449","-95.773288971554,29.793769502255","638127944","R"
"2369","210 PATTON ST, HOUSTON, TX, 77009","Match","Exact","210 PATTON ST, HOUSTON, TX, 77009","-95.370002436383,29.798088105846","96065929","R"
"1037","1801 S VOSS RD, HOUSTON, TX, 77057","Match","Exact","1801 S VOSS RD, HOUSTON, TX, 77057","-95.500977658341,29.748223676985","96030631","L"
"2368","5982 RENWICK DR, HOUSTON, TX, 77081","Match","Exact","5982 RENWICK DR, HOUSTON, TX, 77081","-95.484876533972,29.717255550654","96614868","R"
"1036","10996 FUQUA ST, HOUSTON, TX, 77089","Match","Exact","10996 FUQUA ST, HOUSTON, TX, 77089","-95.223095859306,29.612097398864","96594321","R"
"2367","1501 EVERGREEN DR, HOUSTON, TX, 77087","Match","Exact","1501 EVERGREEN DR, HOUSTON, TX, 77087","-95.290121085589,29.712142815494","96083966","L"
"1035","14121 E SAM HOUSTON PKWY N, HOUSTON, TX, 77044","No_Match"
"2366","9755 S KIRKWOOD RD, HOUSTON, TX, 77099","Match","Exact","9755 S KIRKWOOD RD, HOUSTON, TX, 77099","-95.587206557082,29.673529605678","96603124","R"
"1034","17255 SPRING CYPRESS RD, CYPRESS, TX, 77429","Match","Exact","17255 SPRING CYPRESS RD, CYPRESS, TX, 77429","-95.688821646151,29.972989614381","638594637","R"
"2365","10808 W BELLFORT AVE, HOUSTON, TX, 77099","Match","Non_Exact","10808 W BELLFORT ST, HOUSTON, TX, 77099","-95.569480938481,29.655128506269","96597942","R"
"3696","2415 UNIVERSITY BLVD, HOUSTON, TX, 77005","Match","Exact","2415 UNIVERSITY BLVD, HOUSTON, TX, 77005","-95.415203433009,29.715010991679","96063847","L"
"3697","28644 HIGHWAY 290 SPC D03, CYPRESS, TX, 77433","No_Match"
"3698","414 ALMEDA MALL, HOUSTON, TX, 77075","No_Match"
"3699","6879 HIGHWAY 6 N, HOUSTON, TX, 77084","Match","Non_Exact","6879 STATE HWY 6, HOUSTON, TX, 77084","-95.645377007688,29.876173214749","655094111","L"
"1055","803 HARBOR ST, HOUSTON, TX, 77020","Match","Exact","803 HARBOR ST, HOUSTON, TX, 77020","-95.294595133408,29.774370696288","96080863","L"
"2386","8901 S GESSNER DR, HOUSTON, TX, 77074","Match","Exact","8901 S GESSNER DR, HOUSTON, TX, 77074","-95.528505508368,29.684833721594","96352362","L"
"1054","3015 SAUER ST, HOUSTON, TX, 77004","Match","Exact","3015 SAUER ST, HOUSTON, TX, 77004","-95.358941498673,29.73242798413","96073103","L"
"2385","19955 KATY FWY, HOUSTON, TX, 77094","No_Match"
"1053","3834 RICHMOND AVE, HOUSTON, TX, 77027","Match","Exact","3834 RICHMOND AVE, HOUSTON, TX, 77027","-95.439255861811,29.732736804873","96620722","R"
"2384","10226 WESTHEIMER RD STE C, HOUSTON, TX, 77042","Match","Non_Exact","10226 WESTHEIMER RD, HOUSTON, TX, 77042","-95.554264328307,29.737131268924","233387355","L"
"1052","13006 ALDINE WESTFIELD RD, HOUSTON, TX, 77039","Match","Exact","13006 ALDINE WESTFIELD RD, HOUSTON, TX, 77039","-95.354887547008,29.902509912732","644369467","R"
"2383","2313 BAGBY ST STE B, HOUSTON, TX, 77006","Match","Non_Exact","2313 BAGBY ST, HOUSTON, TX, 77006","-95.377775031637,29.750221558654","96067124","L"
"1051","1402 N MARKET LOOP, BAYTOWN, TX, 77521","Match","Exact","1402 N MARKET LOOP, BAYTOWN, TX, 77521","-95.032379882015,29.787051444528","96102320","L"
"2382","2139 CYPRESS CREEK PKWY, HOUSTON, TX, 77090","No_Match"
"1050","11328 BEECHNUT ST, HOUSTON, TX, 77072","Match","Exact","11328 BEECHNUT ST, HOUSTON, TX, 77072","-95.5775511026,29.688224064315","96603112","R"
"2381","30 LYERLY ST STE 1, HOUSTON, TX, 77022","Match","Exact","30 LYERLY ST, HOUSTON, TX, 77022","-95.381702617681,29.834594642886","96644016","R"
"2380","5200 FAIRMONT PKWY, PASADENA, TX, 77505","Match","Exact","5200 FAIRMONT PKWY, PASADENA, TX, 77505","-95.160418171284,29.649565366095","96597274","R"
"1049","7100 BELLAIRE BLVD, HOUSTON, TX, 77074","Match","Exact","7100 BELLAIRE BLVD, HOUSTON, TX, 77074","-95.508830611034,29.703875152834","96609036","R"
"1048","16510 LEE RD, HUMBLE, TX, 77396","Match","Exact","16510 LEE RD, HUMBLE, TX, 77396","-95.306045244473,29.959813035497","96046091","R"
"2379","10888 WESTHEIMER RD, HOUSTON, TX, 77042","Match","Exact","10888 WESTHEIMER RD, HOUSTON, TX, 77042","-95.568393995981,29.736927856158","629129077","L"
"1047","714 YALE ST STE 1Z, HOUSTON, TX, 77007","Match","Exact","714 YALE ST, HOUSTON, TX, 77007","-95.398780226666,29.783704483015","96061220","R"
"2378","8403 ALMEDA RD STE B, HOUSTON, TX, 77054","Match","Non_Exact","8403 ALMEDA RD, HOUSTON, TX, 77054","-95.391336918253,29.685200555111","96605082","L"
"1046","14909 FAIRFIELD MEADOWS DR, CYPRESS, TX, 77433","Match","Exact","14909 FAIRFIELD MEADOWS DR, CYPRESS, TX, 77433","-95.736609426137,29.987429815975","645754004","L"
"2377","11611 ALIEF CLODINE, HOUSTON, TX, 77082","Match","Non_Exact","11611 ALIEF CLODINE DR, HOUSTON, TX, 77082","-95.582742188438,29.715764942387","96023707","L"
"1045","303 MEMORIAL CITY WAY STE 736, HOUSTON, TX, 77024","No_Match"
"2376","4402 SHERWOOD LN, HOUSTON, TX, 77092","Match","Exact","4402 SHERWOOD LN, HOUSTON, TX, 77092","-95.454791015977,29.814162711839","96028939","R"
"1066","8514 C E KING PKWY STE S, HOUSTON, TX, 77044","Match","Non_Exact","8514 C E KING PKWY, HOUSTON, TX, 77044","-95.214026695399,29.84677736034","96644460","R"
"2397","4750 IRVINGTON BLVD, HOUSTON, TX, 77009","No_Match"
"1065","1905 EL MAR LN # 146, SEABROOK, TX, 77586","Match","Exact","1905 EL MAR LN, SEABROOK, TX, 77586","-95.02489232108,29.570084039141","96117118","R"
"2396","122 N HOLDERRIETH BLVD UNIT 1261, TOMBALL, TX, 77375","Match","Non_Exact","122 HOLDERRIETH BLVD, TOMBALL, TX, 77375","-95.624913250351,30.094831663821","96670204","L"
"1064","2222 SPENCER HWY STE 999, PASADENA, TX, 77504","Match","Exact","2222 SPENCER HWY, PASADENA, TX, 77504","-95.206670508323,29.664758028308","96600602","R"
"2395","20203 KATY FWY, KATY, TX, 77450","Match","Exact","20203 KATY FWY, KATY, TX, 77450","-95.721390737106,29.784467376526","619853555","R"
"1063","901 ROGERS ST, WEBSTER, TX, 77598","Match","Non_Exact","901 ROGERS CT, WEBSTER, TX, 77598","-95.140554507125,29.53620791252","624839895","L"
"2394","3951 SAN FELIPE ST, HOUSTON, TX, 77027","Match","Exact","3951 SAN FELIPE ST, HOUSTON, TX, 77027","-95.443004705978,29.746674006674","96034064","L"
"1062","12343 BARKER CYPRESS RD STE 230, CYPRESS, TX, 77429","Match","Exact","12343 BARKER CYPRESS RD, CYPRESS, TX, 77429","-95.671856598804,29.957917888165","647728433","L"
"2393","159 ALDINE BENDER RD STE 161, HOUSTON, TX, 77060","Match","Exact","159 ALDINE BENDER RD, HOUSTON, TX, 77060","-95.405362463823,29.931797462571","96656462","L"
"1061","9125 W SAM HOUSTON PKWY N, HOUSTON, TX, 77064","Tie"
"2392","23211 KUYKENDAHL RD STE D, TOMBALL, TX, 77375","Match","Non_Exact","23211 KUYKENDAHL RD, TOMBALL, TX, 77375","-95.541338339266,30.100011933559","642114233","R"
"1060","6619 TIDWELL RD, HOUSTON, TX, 77016","Match","Exact","6619 TIDWELL RD, HOUSTON, TX, 77016","-95.303163070027,29.84852895942","96076714","L"
"2391","8554 LONG POINT RD, HOUSTON, TX, 77055","Match","Exact","8554 LONG POINT RD, HOUSTON, TX, 77055","-95.49871393982,29.8030907387","96026479","R"
"2390","3161 OLD SPANISH TRL, HOUSTON, TX, 77054","Match","Exact","3161 OLD SPANISH TRL, HOUSTON, TX, 77054","-95.378211821449,29.700643522893","96072336","L"
"1059","28102 STATE HIGHWAY 249, TOMBALL, TX, 77375","No_Match"
"1058","3410 NORTHPARK DR, HOUSTON, TX, 77339","No_Match"
"2389","4557 E SAM HOUSTON PKWY S, PASADENA, TX, 77505","Match","Exact","4557 E SAM HOUSTON PKWY S, PASADENA, TX, 77505","-95.15812848866,29.641666878983","96597370","L"
"1057","9715 TELEPHONE RD STE 105, HOUSTON, TX, 77075","Match","Exact","9715 TELEPHONE RD, HOUSTON, TX, 77075","-95.285394501951,29.625189808636","642865591","L"
"2388","5417 S BRAESWOOD BLVD, HOUSTON, TX, 77096","Match","Exact","5417 S BRAESWOOD BLVD, HOUSTON, TX, 77096","-95.478064894818,29.676468443389","96604291","L"
"1056","5424 ANTOINE DR STE B, HOUSTON, TX, 77091","Match","Non_Exact","5424 ANTOINE DR, HOUSTON, TX, 77091","-95.473159910763,29.843995905379","96643480","R"
"2387","4501 TREASCHWIG RD, SPRING, TX, 77373","Match","Exact","4501 TREASCHWIG RD, SPRING, TX, 77373","-95.362671587002,30.036482361245","642113113","L"
"1077","5201 RICHMOND AVE, HOUSTON, TX, 77056","Match","Exact","5201 RICHMOND AVE, HOUSTON, TX, 77056","-95.466683829435,29.731507728466","96033281","L"
"1076","12434 TOMBALL PKWY, HOUSTON, TX, 77086","No_Match"
"1075","3803 SAN JACINTO ST, HOUSTON, TX, 77004","Match","Exact","3803 SAN JACINTO ST, HOUSTON, TX, 77004","-95.378259400178,29.736784469249","96071001","L"
"1074","5704 N WAYSIDE DR STE A, HOUSTON, TX, 77028","Match","Non_Exact","5704 N WAYSIDE DR, HOUSTON, TX, 77028","-95.284320872237,29.813464702932","96077268","R"
"1073","1407 N MAIN ST, GALENA PARK, TX, 77547","Match","Non_Exact","1407 MAIN ST, GALENA PARK, TX, 77547","-95.240195042273,29.742053959724","96086402","R"
"1072","4614 NASA PKWY, SEABROOK, TX, 77586","Match","Non_Exact","4614 E NASA PKWY, SEABROOK, TX, 77586","-95.059294777658,29.566698213604","652652628","L"
"1071","14650 CROSBY FWY, HOUSTON, TX, 77049","Match","Exact","14650 CROSBY FWY, HOUSTON, TX, 77049","-95.166243296655,29.83601106059","630204383","R"
"1070","7111 MARTIN LUTHER KING BLVD STE A, HOUSTON, TX, 77033","Match","Non_Exact","7111 MARTIN LUTHER KING JR BLVD, HOUSTON, TX, 77033","-95.336363950183,29.675297065065","96089677","L"
"1069","9215 WEST RD, HOUSTON, TX, 77064","Match","Exact","9215 WEST RD, HOUSTON, TX, 77064","-95.554420144549,29.902717101091","96227274","R"
"1068","3550 SPENCER HWY, PASADENA, TX, 77504","Match","Exact","3550 SPENCER HWY, PASADENA, TX, 77504","-95.190646711641,29.664977633726","96600692","R"
"2399","7206 FULTON ST STE A, HOUSTON, TX, 77022","Match","Non_Exact","7206 FULTON ST, HOUSTON, TX, 77022","-95.376273043348,29.8264540544","96057351","R"
"1067","14960 STATE HIGHWAY 249, HOUSTON, TX, 77086","No_Match"
"2398","8449 ALMEDA GENOA RD, HOUSTON, TX, 77075","Match","Exact","8449 ALMEDA-GENOA RD, HOUSTON, TX, 77075","-95.26790340678,29.626443611113","96094436","L"
"1080","18518 KUYKENDAHL RD, SPRING, TX, 77379","Match","Exact","18518 KUYKENDAHL RD, SPRING, TX, 77379","-95.487885564374,30.03952928025","642113261","R"
"1088","6301 JENSEN DR, HOUSTON, TX, 77026","Match","Exact","6301 JENSEN DR, HOUSTON, TX, 77026","-95.342523885904,29.817032437622","96070244","L"
"1087","12701 FM 1960 RD W, HOUSTON, TX, 77065","Match","Exact","12701 FM 1960 RD W, HOUSTON, TX, 77065","-95.605764706533,29.921353275343","642210278","R"
"1086","2919 BARKER CYPRESS RD STE E, HOUSTON, TX, 77084","Match","Non_Exact","2919 BARKER CYPRESS RD, HOUSTON, TX, 77084","-95.687345022961,29.810790528635","642104232","R"
"1085","8781 W BELLFORT ST, HOUSTON, TX, 77031","Match","Exact","8781 W BELLFORT ST, HOUSTON, TX, 77031","-95.531384473811,29.656100659564","649671640","R"
"1084","11830 AIRLINE DR, HOUSTON, TX, 77037","Match","Exact","11830 AIRLINE DR, HOUSTON, TX, 77037","-95.409127949674,29.926748083526","629130200","R"
"1083","5703 GLENMONT DR, HOUSTON, TX, 77081","Match","Exact","5703 GLENMONT DR, HOUSTON, TX, 77081","-95.481004588179,29.72005513541","96614872","L"
"1082","2150 SPRING STUEBNER RD, SPRING, TX, 77389","Match","Exact","2150 SPRING STUEBNER RD, SPRING, TX, 77389","-95.446942006232,30.083005177328","648969489","L"
"1081","3002 FRY RD, KATY, TX, 77449","Match","Exact","3002 FRY RD, KATY, TX, 77449","-95.720268261883,29.811008536455","642104238","L"
"1079","4220 SAN FELIPE ST, HOUSTON, TX, 77027","Match","Exact","4220 SAN FELIPE ST, HOUSTON, TX, 77027","-95.448745864292,29.746708104083","96033819","R"
"1078","10317 SHELDON RD STE A, HOUSTON, TX, 77049","Match","Non_Exact","10317 SHELDON RD, HOUSTON, TX, 77049","-95.128144724976,29.86477863678","96647956","L"
"1091","9550 RICHMOND AVE, HOUSTON, TX, 77063","Match","Exact","9550 RICHMOND AVE, HOUSTON, TX, 77063","-95.533983199011,29.729002635489","96030867","R"
"1090","17019 GAELICGLEN LN, HOUSTON, TX, 77084","Match","Exact","17019 GAELICGLEN LN, HOUSTON, TX, 77084","-95.662066773234,29.853054498251","96015471","R"
"1099","1352 W 43RD ST, HOUSTON, TX, 77018","Match","Exact","1352 W 43RD ST, HOUSTON, TX, 77018","-95.433331489739,29.82829512182","96054088","R"
"1098","2601 MCGOWEN ST STE A, HOUSTON, TX, 77004","Match","Non_Exact","2601 MCGOWEN ST, HOUSTON, TX, 77004","-95.360274161925,29.737152175817","96071816","L"
"1097","11701 S SAM HOUSTON PKWY E, HOUSTON, TX, 77089","Match","Non_Exact","11701 S SAM HOUSTON PKWY E, HOUSTON, TX, 77044","-95.200321429748,29.88526295087","638191556","R"
"1096","5203 EMANCIPATION AVE, HOUSTON, TX, 77004","No_Match"
"1095","9296 WESTHEIMER RD STE 150, HOUSTON, TX, 77063","No_Match"
"1094","12353 FM 1960 RD W, HOUSTON, TX, 77065","Match","Exact","12353 FM 1960 RD W, HOUSTON, TX, 77065","-95.601328023023,29.92335802564","654117131","R"
"1093","17509 SANDY CLIFFS DR, HOUSTON, TX, 77090","Match","Exact","17509 SANDY CLIFFS DR, HOUSTON, TX, 77090","-95.467485207648,30.015442883242","96008802","L"
"1092","12385 BISSONNET ST, HOUSTON, TX, 77099","Match","Exact","12385 BISSONNET ST, HOUSTON, TX, 77099","-95.596990791995,29.676373627149","96603024","L"
"1089","11120 NORTH FWY STE A, HOUSTON, TX, 77037","Match","Non_Exact","11120 NORTH FWY, HOUSTON, TX, 77037","-95.411541655032,29.926963155424","96653739","R"
"200","12515 BEAMER RD, HOUSTON, TX, 77089","Match","Exact","12515 BEAMER RD, HOUSTON, TX, 77089","-95.215851766293,29.587106585898","645509905","L"
"201","6421 HILLCROFT ST, HOUSTON, TX, 77081","Match","Exact","6421 HILLCROFT ST, HOUSTON, TX, 77081","-95.494607752988,29.712852634202","96614702","L"
"202","14041 GRANT RD STE 210, CYPRESS, TX, 77429","Match","Exact","14041 GRANT RD, CYPRESS, TX, 77429","-95.63802559933,30.005209286343","642111711","R"
"203","3319 MANGUM RD, HOUSTON, TX, 77092","Match","Exact","3319 MANGUM RD, HOUSTON, TX, 77092","-95.459468806127,29.818666754753","96639580","L"
"204","5130 WOODWAY DR, HOUSTON, TX, 77056","Match","Exact","5130 WOODWAY DR, HOUSTON, TX, 77056","-95.466294242257,29.762301420444","96032439","R"
"205","14746 OLD HUMBLE RD, HUMBLE, TX, 77396","Match","Exact","14746 OLD HUMBLE RD, HUMBLE, TX, 77396","-95.288406898418,29.935690486297","96657393","R"
"206","813 TURNER DR APT A, HOUSTON, TX, 77076","Match","Non_Exact","813 TURNER DR, HOUSTON, TX, 77076","-95.365522700855,29.851894107859","96056500","L"
"207","3020 GEARS RD, HOUSTON, TX, 77067","Match","Exact","3020 GEARS RD, HOUSTON, TX, 77067","-95.465481301404,29.945914063972","96655957","R"
"208","11089 NORTHWEST FWY, HOUSTON, TX, 77092","Match","Exact","11089 NORTHWEST FWY, HOUSTON, TX, 77092","-95.469108048152,29.819285456273","96639701","L"
"209","4634 MARKET ST, HOUSTON, TX, 77020","Match","Exact","4634 MARKET ST, HOUSTON, TX, 77020","-95.323544587849,29.772784338098","96079823","R"
"210","11431 NORTH FWY, HOUSTON, TX, 77060","Match","Exact","11431 NORTH FWY, HOUSTON, TX, 77060","-95.412459342776,29.932521553996","96656302","L"
"211","7003 HARRISBURG BLVD STE 200, HOUSTON, TX, 77011","Match","Exact","7003 HARRISBURG BLVD, HOUSTON, TX, 77011","-95.301975690126,29.735668907759","96621474","L"
"212","27106 HIGHWAY 290, CYPRESS, TX, 77433","No_Match"
"213","2111 SPRING CYPRESS RD STE 30, SPRING, TX, 77388","Match","Exact","2111 SPRING CYPRESS RD, SPRING, TX, 77388","-95.446323001122,30.069159713651","644551287","R"
"214","3410 FM 2920 RD STE 100, SPRING, TX, 77388","Match","Non_Exact","3410 FM 2920, SPRING, TX, 77388","-95.467845845614,30.070592404113","96008254","R"
"215","912 FOSBAK ST, HOUSTON, TX, 77022","Match","Exact","912 FOSBAK ST, HOUSTON, TX, 77022","-95.385352648927,29.844591654582","96057157","R"
"216","8300 W SAM HOUSTON PKWY S # 100, HOUSTON, TX, 77072","Match","Non_Exact","8300 SAM HOUSTON PKWY, HOUSTON, TX, 77072","-95.558063161707,29.688984901064","638164819","L"
"217","4419 NAVIGATION BLVD, HOUSTON, TX, 77011","Match","Exact","4419 NAVIGATION BLVD, HOUSTON, TX, 77011","-95.326972774333,29.752064201934","96080083","L"
"218","21926 PROVINCIAL BLVD, KATY, TX, 77450","Match","Exact","21926 PROVINCIAL BLVD, KATY, TX, 77450","-95.752253577857,29.779936107622","233399017","R"
"219","22704 LOOP 494 STE L, KINGWOOD, TX, 77339","Match","Non_Exact","22704 STATE LOOP 494, KINGWOOD, TX, 77339","-95.251024050683,30.041760076333","96141407","R"
"220","6610 WILLOW BROOK PARK, HOUSTON, TX, 77066","Match","Exact","6610 WILLOW BROOK PARK, HOUSTON, TX, 77066","-95.516784959993,29.955449722153","642108855","L"
"221","6100 MAIN ST, HOUSTON, TX, 77005","Match","Exact","6100 MAIN ST, HOUSTON, TX, 77005","-95.393748661811,29.720625722209","96615632","R"
"222","235 CYPRESS CREEK PKWY STE 221D, HOUSTON, TX, 77090","No_Match"
"223","17402 BEAUMONT HWY, HOUSTON, TX, 77049","Match","Exact","17402 BEAUMONT HWY, HOUSTON, TX, 77049","-95.128051957263,29.867914361941","96100117","R"
"224","5902 N SHEPHERD DR, HOUSTON, TX, 77091","Match","Exact","5902 N SHEPHERD DR, HOUSTON, TX, 77091","-95.411853905689,29.851087003735","649835700","R"
"225","8502 JENSEN DR, HOUSTON, TX, 77093","Match","Exact","8502 JENSEN DR, HOUSTON, TX, 77093","-95.342693123932,29.837085045855","96058692","R"
"226","3002 GREENRIDGE DR, HOUSTON, TX, 77057","Match","Exact","3002 GREENRIDGE DR, HOUSTON, TX, 77057","-95.489883450867,29.734315108013","96620206","R"
"227","923 WAKEFIELD DR, HOUSTON, TX, 77018","Match","Exact","923 WAKEFIELD DR, HOUSTON, TX, 77018","-95.421220077973,29.821441855926","646813059","L"
"228","18379 KUYKENDAHL RD STE B, SPRING, TX, 77379","Match","Non_Exact","18379 KUYKENDAHL RD, SPRING, TX, 77379","-95.487018004092,30.03812973568","96007638","L"
"229","9308 BELLAIRE BLVD, HOUSTON, TX, 77036","Match","Exact","9308 BELLAIRE BLVD, HOUSTON, TX, 77036","-95.550272702986,29.70492111607","641190486","R"
"230","FOOD CT HOBBY AIRPORT 7800 AIRPORT BLVD, HOUSTON, TX, 77061","Match","Non_Exact","7800 AIRPORT BLVD, HOUSTON, TX, 77061","-95.278526519154,29.657785297389","96093118","R"
"231","8388 W SAM HOUSTON PKWY S # 180, HOUSTON, TX, 77072","Match","Non_Exact","8388 SAM HOUSTON PKWY, HOUSTON, TX, 77072","-95.558232509301,29.688028087358","638164819","L"
"232","4711 AIRLINE DR, HOUSTON, TX, 77022","Match","Exact","4711 AIRLINE DR, HOUSTON, TX, 77022","-95.384462604193,29.836252836787","96643975","L"
"233","949 S MASON RD, KATY, TX, 77450","Match","Exact","949 S MASON RD, KATY, TX, 77450","-95.751321896656,29.749760954806","642102822","L"
"234","4120 DECKER DR, BAYTOWN, TX, 77520","No_Match"
"235","3010 GEARS RD STE A, HOUSTON, TX, 77067","Match","Non_Exact","3010 GEARS RD, HOUSTON, TX, 77067","-95.465263603176,29.945915137505","635239686","R"
"236","2339 N FRY RD, KATY, TX, 77449","Match","Non_Exact","2339 FRY RD, KATY, TX, 77449","-95.719083886636,29.801259115069","233347248","L"
"237","6115 FM 2100 RD STE 105, CROSBY, TX, 77532","Match","Exact","6115 FM 2100 RD, CROSBY, TX, 77532","-95.069725853742,29.914907715316","645487486","L"
"238","2660 FOUNTAIN VIEW DR, HOUSTON, TX, 77057","Match","Exact","2660 FOUNTAIN VIEW DR, HOUSTON, TX, 77057","-95.484518357423,29.7388857541","96620284","R"
"239","2328 BURKE RD, PASADENA, TX, 77502","Match","Exact","2328 BURKE RD, PASADENA, TX, 77502","-95.183888437922,29.676870931072","96104355","R"
"1909","9198 BELLAIRE BLVD STE B, HOUSTON, TX, 77036","Match","Non_Exact","9198 BELLAIRE BLVD, HOUSTON, TX, 77036","-95.545227490148,29.704993115884","96608771","R"
"1908","857 W TIDWELL RD, HOUSTON, TX, 77091","Match","Non_Exact","857 TIDWELL RD, HOUSTON, TX, 77022","-95.364820559173,29.846279029355","644574830","L"
"240","5307 AIRLINE DR, HOUSTON, TX, 77022","Match","Exact","5307 AIRLINE DR, HOUSTON, TX, 77022","-95.384531151386,29.844763182939","96057156","L"
"241","4141 S BRAESWOOD BLVD APT 109, HOUSTON, TX, 77025","Match","Exact","4141 S BRAESWOOD BLVD, HOUSTON, TX, 77025","-95.44486673952,29.68738154621","96604574","L"
"242","515 BERRY RD, HOUSTON, TX, 77022","Match","Exact","515 BERRY RD, HOUSTON, TX, 77022","-95.368710432785,29.837644082757","96057400","L"
"243","16215 CLAY RD STE 209, HOUSTON, TX, 77084","Match","Exact","16215 CLAY RD, HOUSTON, TX, 77084","-95.646770690347,29.835935781011","96642406","L"
"244","701 E MAIN ST STE 135B, TOMBALL, TX, 77375","Match","Non_Exact","701 E MAIN, TOMBALL, TX, 77375","-95.607236818818,30.10062371108","96670416","R"
"245","2004 EVERGREEN DR, HOUSTON, TX, 77087","Match","Exact","2004 EVERGREEN DR, HOUSTON, TX, 77087","-95.290176226999,29.708533028244","96084147","R"
"246","1001 S MAIN ST, BAYTOWN, TX, 77520","Match","Exact","1001 S MAIN ST, BAYTOWN, TX, 77520","-94.970830789035,29.725500966266","96110774","R"
"247","5701 BELLAIRE BLVD STE D, HOUSTON, TX, 77081","Match","Non_Exact","5701 BELLAIRE BLVD, HOUSTON, TX, 77081","-95.480514435351,29.705535522188","96609474","L"
"248","167 HARDWICKE RD, HOUSTON, TX, 77060","Match","Exact","167 HARDWICKE RD, HOUSTON, TX, 77060","-95.403488558468,29.920779344212","96653930","L"
"249","23445 KINGSLAND BLVD STE A, KATY, TX, 77494","Match","Non_Exact","23445 KINGSLAND BLVD, KATY, TX, 77494","-95.782029003106,29.77208151884","233478342","R"
"1907","20903 HIGHLAND KNOLLS DR BLDG A, KATY, TX, 77450","Match","Non_Exact","20903 HIGHLAND KNOLLS DR, KATY, TX, 77450","-95.730242804093,29.758920100788","96016564","L"
"1906","2331 LITTLE YORK RD, HOUSTON, TX, 77093","Match","Exact","2331 LITTLE YORK RD, HOUSTON, TX, 77093","-95.34992439071,29.871052075284","647711096","L"
"1905","3940 N MCCARTY ST, HOUSTON, TX, 77013","Match","Non_Exact","3940 MCCARTY ST, HOUSTON, TX, 77013","-95.273558371001,29.794592938547","96084268","R"
"1904","7203 ATASCOCITA RD STE E, HUMBLE, TX, 77346","Match","Non_Exact","7203 ATASCOCITA RD, HUMBLE, TX, 77346","-95.165185203707,29.99788160516","233493006","L"
"1903","1438 W GULF BANK RD, HOUSTON, TX, 77088","Match","Exact","1438 W GULF BANK RD, HOUSTON, TX, 77088","-95.424587944994,29.886820412049","96052671","R"
"1902","20906 FAIR WALNUT WAY APT D, KATY, TX, 77449","Match","Non_Exact","20906 FAIR WALNUT WAY, KATY, TX, 77449","-95.728142818281,29.840197963133","641968167","R"
"1901","10804 S GESSNER RD, HOUSTON, TX, 77071","Match","Non_Exact","10804 S GESSNER DR, HOUSTON, TX, 77071","-95.528165660767,29.664367598218","96130122","L"
"1900","12831 WESTHEIMER RD, HOUSTON, TX, 77077","Match","Exact","12831 WESTHEIMER RD, HOUSTON, TX, 77077","-95.609439848865,29.736050463586","96570906","R"
"1919","8020 FAIRBANKS N HOUSTON RD STE D, HOUSTON, TX, 77064","Match","Non_Exact","8020 FAIRBANKS N HOUSTON RD, HOUSTON, TX, 77064","-95.52485271938,29.896958123553","96024460","R"
"250","7215 BELLERIVE DR STE A, HOUSTON, TX, 77036","Match","Non_Exact","7215 BELLERIVE DR, HOUSTON, TX, 77036","-95.511107132257,29.713030827357","96614208","L"
"251","8200 WILCREST DR STE 16, HOUSTON, TX, 77072","Match","Exact","8200 WILCREST DR, HOUSTON, TX, 77072","-95.570254436609,29.688124983697","96603278","R"
"252","12251 VETERANS MEMORIAL DR, HOUSTON, TX, 77067","Match","Exact","12251 VETERANS MEMORIAL DR, HOUSTON, TX, 77067","-95.480112656919,29.963710723031","96658799","L"
"253","1820 N MAIN ST STE B, HOUSTON, TX, 77009","Match","Non_Exact","1820 N MAIN ST, HOUSTON, TX, 77009","-95.361224090645,29.775427810512","96066435","R"
"1910","6510 WESTON ST, HOUSTON, TX, 77021","Match","Exact","6510 WESTON ST, HOUSTON, TX, 77021","-95.346129735526,29.691359387154","96089399","R"
"254","3701 ELIZABETH ST, DEER PARK, TX, 77536","Match","Non_Exact","3701 ELIZABETH, DEER PARK, TX, 77536","-95.110022451386,29.678165562735","96106443","R"
"255","3500 N TERMINAL RD, HOUSTON, TX, 77032","Match","Exact","3500 N TERMINAL RD, HOUSTON, TX, 77032","-95.337364456591,29.987475954856","96044484","L"
"256","431 W LITTLE YORK RD, HOUSTON, TX, 77076","Match","Exact","431 W LITTLE YORK RD, HOUSTON, TX, 77076","-95.406559278421,29.869769481073","96647333","L"
"257","1050 FEDERAL RD, HOUSTON, TX, 77015","Match","Exact","1050 FEDERAL RD, HOUSTON, TX, 77015","-95.215542876584,29.772793521802","96632688","R"
"258","4002 E FM 528 RD, FRIENDSWOOD, TX, 77546","Match","Exact","4002 E FM 528 RD, FRIENDSWOOD, TX, 77546","-95.173627865743,29.521129807596","653869002","L"
"259","14460 HILLCROFT ST STE 103, HOUSTON, TX, 77085","Match","Exact","14460 HILLCROFT ST, HOUSTON, TX, 77085","-95.494887185459,29.621665069608","96593117","R"
"1918","3618 OLD SPANISH TRL, HOUSTON, TX, 77021","Match","Exact","3618 OLD SPANISH TRL, HOUSTON, TX, 77021","-95.364123261362,29.701899070997","642477383","L"
"1917","9740 BARKER CYPRESS RD, CYPRESS, TX, 77433","No_Match"
"1916","6362 WINDSWEPT LN, HOUSTON, TX, 77057","Match","Exact","6362 WINDSWEPT LN, HOUSTON, TX, 77057","-95.49617765904,29.725871317057","644415800","R"
"1915","3111 WOODRIDGE DR STE 500, HOUSTON, TX, 77087","No_Match"
"1914","11203 BEECHNUT ST, HOUSTON, TX, 77072","Match","Exact","11203 BEECHNUT ST, HOUSTON, TX, 77072","-95.574731698356,29.687985528963","96035923","L"
"1913","5818 MEMORIAL DR, HOUSTON, TX, 77007","Match","Exact","5818 MEMORIAL DR, HOUSTON, TX, 77007","-95.420272800834,29.761414100107","96060585","R"
"1912","16212 LOCH KATRINE LN STE AB, HOUSTON, TX, 77084","Match","Non_Exact","16212 LOCH KATRINE LN, HOUSTON, TX, 77084","-95.648470927545,29.846014720125","96642182","L"
"1911","7985 BELLFORT ST, HOUSTON, TX, 77061","Match","Exact","7985 BELLFORT ST, HOUSTON, TX, 77061","-95.269532088276,29.674458077442","96606025","L"
"260","1853 RICHMOND AVE STE B, HOUSTON, TX, 77098","Match","Non_Exact","1853 RICHMOND AVE, HOUSTON, TX, 77098","-95.406442522096,29.734202807885","96064246","L"
"261","6750 LONG POINT RD, HOUSTON, TX, 77055","Match","Exact","6750 LONG POINT RD, HOUSTON, TX, 77055","-95.469413489116,29.802958093283","96635772","R"
"262","3752 ROMA ST, HOUSTON, TX, 77080","Match","Exact","3752 ROMA ST, HOUSTON, TX, 77080","-95.502836077028,29.82847942841","652108910","R"
"263","807 QUEENS RD, PASADENA, TX, 77502","Match","Exact","807 QUEENS RD, PASADENA, TX, 77502","-95.218446996532,29.675958949067","96103120","L"
"264","555 E ANDERSON RD, HOUSTON, TX, 77047","Match","Exact","555 E ANDERSON RD, HOUSTON, TX, 77047","-95.41254308182,29.606546981983","96591355","L"
"1921","9415 FAIRDALE LN, HOUSTON, TX, 77063","Match","Exact","9415 FAIRDALE LN, HOUSTON, TX, 77063","-95.530275474554,29.730921934192","96030863","L"
"265","4714 KELLEY ST, HOUSTON, TX, 77026","Match","Exact","4714 KELLEY ST, HOUSTON, TX, 77026","-95.32327820897,29.813208896051","233410229","R"
"1920","17754 FM 529 RD, HOUSTON, TX, 77095","Match","Non_Exact","17754 FM 529, HOUSTON, TX, 77095","-95.680334265418,29.879398371388","96014846","L"
"266","1901 S BATTLEGROUND RD STE A, DEER PARK, TX, 77536","No_Match"
"267","10550 W BELLFORT AVE STE 150, HOUSTON, TX, 77031","No_Match"
"268","2515 POST OAK BLVD STE A, HOUSTON, TX, 77056","Match","Non_Exact","2515 POST OAK BLVD, HOUSTON, TX, 77056","-95.460973714634,29.74185390176","96620546","L"
"269","8244 ANTOINE DR STE A, HOUSTON, TX, 77088","No_Match"
"1929","6050 S GESSNER DR, HOUSTON, TX, 77036","Match","Non_Exact","6050 S GESSNER RD, HOUSTON, TX, 77036","-95.538999254433,29.714167117114","96024158","R"
"1928","29300 HIGHWAY 290, CYPRESS, TX, 77433","No_Match"
"1927","11990 WESTHEIMER RD, HOUSTON, TX, 77077","Match","Exact","11990 WESTHEIMER RD, HOUSTON, TX, 77077","-95.591586210223,29.736553399828","233389160","L"
"1926","7055 HIGHWAY 6 N STE B, HOUSTON, TX, 77095","Match","Non_Exact","7055 STATE HWY 6, HOUSTON, TX, 77095","-95.645281511673,29.88257787628","233347648","L"
"1925","8403 ALMEDA RD STE B, HOUSTON, TX, 77054","Match","Non_Exact","8403 ALMEDA RD, HOUSTON, TX, 77054","-95.391336918253,29.685200555111","96605082","L"
"1924","4800 W BELLFORT ST, HOUSTON, TX, 77035","Match","Exact","4800 W BELLFORT ST, HOUSTON, TX, 77035","-95.458985346486,29.671601158754","96604512","R"
"1923","2121 N MAIN ST STE B, HOUSTON, TX, 77009","Match","Non_Exact","2121 N MAIN ST, HOUSTON, TX, 77009","-95.363098020769,29.779055278174","96066334","L"
"1922","2104 BAY AREA BLVD, HOUSTON, TX, 77058","Match","Exact","2104 BAY AREA BLVD, HOUSTON, TX, 77058","-95.111248023951,29.568720711642","233350713","R"
"270","4955 BEECHNUT ST, HOUSTON, TX, 77096","Match","Exact","4955 BEECHNUT ST, HOUSTON, TX, 77096","-95.464243075234,29.689077848765","96604385","L"
"271","3374 FRICK RD, HOUSTON, TX, 77086","Match","Exact","3374 FRICK RD, HOUSTON, TX, 77086","-95.47797044639,29.922909407101","96143748","L"
"272","13228 BELLAIRE BLVD, HOUSTON, TX, 77083","Match","Exact","13228 BELLAIRE BLVD, HOUSTON, TX, 77083","-95.617435673381,29.703617602403","642478665","L"
"273","2877 S RICHEY ST, HOUSTON, TX, 77017","Match","Non_Exact","2877 RICHEY ST, HOUSTON, TX, 77017","-95.230549802315,29.67787338448","96606354","L"
"274","3811 NEWCASTLE DR, HOUSTON, TX, 77027","Match","Non_Exact","3811 NEWCASTLE ST, HOUSTON, TX, 77027","-95.451306507668,29.72813920693","96615270","L"
"275","11290 HOMESTEAD RD, HOUSTON, TX, 77016","Match","Exact","11290 HOMESTEAD RD, HOUSTON, TX, 77016","-95.300604953083,29.883263393516","642867897","R"
"1932","11550 LOUETTA RD STE 300, HOUSTON, TX, 77070","Match","Exact","11550 LOUETTA RD, HOUSTON, TX, 77070","-95.592458504465,29.996700949894","96662399","L"
"276","5801 BISSONNET ST, BELLAIRE, TX, 77401","Match","Exact","5801 BISSONNET ST, BELLAIRE, TX, 77401","-95.482493481361,29.700159638217","96033399","L"
"1931","13215 GRANT RD STE 1800, CYPRESS, TX, 77429","Match","Exact","13215 GRANT RD, CYPRESS, TX, 77429","-95.624430511254,29.995449076998","642110878","R"
"277","13555 KUYKENDAHL RD, HOUSTON, TX, 77090","No_Match"
"1930","5820 FM 1960 RD E, HUMBLE, TX, 77346","Match","Exact","5820 FM 1960 RD E, HUMBLE, TX, 77346","-95.192830571914,29.998740064757","96663764","R"
"278","8205 W SAM HOUSTON PKWY S, HOUSTON, TX, 77072","No_Match"
"279","12215 GRANT RD STE B, CYPRESS, TX, 77429","Match","Non_Exact","12215 GRANT RD, CYPRESS, TX, 77429","-95.608752717479,29.981939425356","644891305","L"
"1939","10853 KIRKFAIR DR, HOUSTON, TX, 77089","Match","Exact","10853 KIRKFAIR DR, HOUSTON, TX, 77089","-95.229198907828,29.599609103075","96592021","L"
"1938","11911 MEADOW HAWK DR, HOUSTON, TX, 77089","Match","Exact","11911 MEADOW HAWK DR, HOUSTON, TX, 77089","-95.223562598744,29.573353006642","96558249","L"
"1937","5607 UVALDE RD, HOUSTON, TX, 77049","Match","Exact","5607 UVALDE RD, HOUSTON, TX, 77049","-95.18240888137,29.809389529332","656045953","L"
"1936","13521 TORREY FOREST DR, HOUSTON, TX, 77014","Match","Exact","13521 TORREY FOREST DR, HOUSTON, TX, 77014","-95.488454653453,29.97639481855","233348381","L"
"1935","111 YALE ST, HOUSTON, TX, 77007","Match","Exact","111 YALE ST, HOUSTON, TX, 77007","-95.398694381935,29.771951681049","96061301","L"
"1934","13411 BEALL WOODS LN, HUMBLE, TX, 77346","Match","Exact","13411 BEALL WOODS LN, HUMBLE, TX, 77346","-95.176954362228,29.968855876551","654019829","L"
"1933","1419 WILCREST DR, HOUSTON, TX, 77042","Match","Exact","1419 WILCREST DR, HOUSTON, TX, 77042","-95.572003274617,29.749334563347","96619124","L"
"280","7220 AIRLINE DR STE C, HOUSTON, TX, 77076","Match","Non_Exact","7220 AIRLINE DR, HOUSTON, TX, 77076","-95.384632416984,29.866111597651","233420874","L"
"281","6845 FRY RD STE 100, KATY, TX, 77449","Match","Exact","6845 FRY RD, KATY, TX, 77449","-95.72386001508,29.877399024493","635356963","L"
"282","2001 KATY MILLS BLVD STE N, KATY, TX, 77494","Match","Non_Exact","2001 KATY MILLS BLVD, KATY, TX, 77494","-95.807016340479,29.783277919152","96560224","R"
"283","5130 CEDAR ST, BELLAIRE, TX, 77401","Match","Exact","5130 CEDAR ST, BELLAIRE, TX, 77401","-95.469371695329,29.707037463232","96033595","R"
"284","7505 SOUTHWEST FWY # 100, HOUSTON, TX, 77074","Match","Exact","7505 SOUTHWEST FWY, HOUSTON, TX, 77074","-95.522333765622,29.695634937731","96609004","R"
"285","3131 CAMPBELL RD, HOUSTON, TX, 77080","Match","Exact","3131 CAMPBELL RD, HOUSTON, TX, 77080","-95.526336743003,29.821283198713","96025780","L"
"286","8534 HAMMERLY BLVD STE C, HOUSTON, TX, 77055","Match","Non_Exact","8534 HAMMERLY BLVD, HOUSTON, TX, 77055","-95.499750615229,29.811002658422","96639240","R"
"1943","8190 BARKER CYPRESS RD STE 1000, CYPRESS, TX, 77433","Match","Exact","8190 BARKER CYPRESS RD, CYPRESS, TX, 77433","-95.683869240504,29.896797991098","642106729","L"
"287","3107 BLALOCK RD, HOUSTON, TX, 77080","Match","Exact","3107 BLALOCK RD, HOUSTON, TX, 77080","-95.522727154866,29.822066029132","96639122","L"
"1942","19325 GULF FWY STE 140, WEBSTER, TX, 77598","Match","Exact","19325 GULF FWY, WEBSTER, TX, 77598","-95.145500268225,29.545062266447","638202285","L"
"288","3621 RED BLUFF RD, PASADENA, TX, 77503","Match","Exact","3621 RED BLUFF RD, PASADENA, TX, 77503","-95.158629475672,29.686232903743","96606858","L"
"1941","3831 W GRAND PKWY N, KATY, TX, 77449","Match","Exact","3831 W GRAND PKWY N, KATY, TX, 77449","-95.764737481166,29.826692773542","656054578","R"
"289","9702 SPRING CYPRESS RD STE 121, SPRING, TX, 77379","Match","Exact","9702 SPRING CYPRESS RD, SPRING, TX, 77379","-95.570239055287,30.023247791622","644715155","L"
"1940","11111 W HARDY RD # A, HOUSTON, TX, 77076","Match","Non_Exact","11111 W HARDY RD, HOUSTON, TX, 77076","-95.364203657497,29.864504278686","96647389","L"
"1949","6348 TELEPHONE RD, HOUSTON, TX, 77087","Match","Exact","6348 TELEPHONE RD, HOUSTON, TX, 77087","-95.289327464899,29.673694730298","638126114","R"
"1948","19310 W LITTLE YORK RD STE C, KATY, TX, 77449","Match","Non_Exact","19310 W LITTLE YORK RD, KATY, TX, 77449","-95.706185133373,29.865201396899","642105625","R"
"1947","2910 ANTOINE DR, HOUSTON, TX, 77092","Match","Exact","2910 ANTOINE DR, HOUSTON, TX, 77092","-95.473582605938,29.813591389954","96225181","R"
"1946","7235 HILLCROFT ST, HOUSTON, TX, 77081","Match","Exact","7235 HILLCROFT ST, HOUSTON, TX, 77081","-95.492930540118,29.700848206649","96031903","L"
"1945","11707 S SAM HOUSTON PKWY W STE B, HOUSTON, TX, 77031","Match","Non_Exact","11707 SAM HOUSTON PKWY, HOUSTON, TX, 77031","-95.544902954157,29.648506154734","638165771","R"
"1944","13526 TIDWELL RD STE 350, HOUSTON, TX, 77044","Match","Exact","13526 TIDWELL RD, HOUSTON, TX, 77044","-95.188752065296,29.853239365087","638592419","R"
"290","4121 LOCKWOOD DR, HOUSTON, TX, 77026","Match","Exact","4121 LOCKWOOD DR, HOUSTON, TX, 77026","-95.316997077121,29.798010657969","96076622","L"
"291","1455 WILCREST DR, HOUSTON, TX, 77042","Match","Exact","1455 WILCREST DR, HOUSTON, TX, 77042","-95.572005270836,29.748920366872","96619125","L"
"292","13650 WALTERS RD STE B, HOUSTON, TX, 77014","Match","Non_Exact","13650 WALTERS RD, HOUSTON, TX, 77014","-95.472809968344,29.977345452374","96118100","R"
"293","7951 KATY FWY STE B, HOUSTON, TX, 77024","Match","Non_Exact","7951 KATY FWY, HOUSTON, TX, 77024","-95.476896599304,29.783065390358","96631179","L"
"294","5506 HARDY ST, HOUSTON, TX, 77009","Match","Exact","5506 HARDY ST, HOUSTON, TX, 77009","-95.3525322598,29.809503756586","96059259","R"
"295","11302 SPACE CENTER BLVD STE B4, HOUSTON, TX, 77059","Match","Exact","11302 SPACE CENTER BLVD, HOUSTON, TX, 77059","-95.142801277186,29.631118760027","650479855","L"
"296","7139 CHIMNEY ROCK RD, HOUSTON, TX, 77081","Match","Exact","7139 CHIMNEY ROCK RD, HOUSTON, TX, 77081","-95.476167583398,29.702827510916","655855945","L"
"297","6150 GULF FWY, HOUSTON, TX, 77023","Match","Exact","6150 GULF FWY, HOUSTON, TX, 77023","-95.31129614093,29.711982137812","96616211","R"
"1954","9803 S KIRKWOOD RD, HOUSTON, TX, 77099","Match","Exact","9803 S KIRKWOOD RD, HOUSTON, TX, 77099","-95.587797509361,29.671446139143","641933310","R"
"298","502 BARBARA MAE ST, HOUSTON, TX, 77015","Match","Exact","502 BARBARA MAE ST, HOUSTON, TX, 77015","-95.169949393925,29.78804352021","642103514","R"
"1953","2009 POLK ST, HOUSTON, TX, 77003","Match","Exact","2009 POLK ST, HOUSTON, TX, 77003","-95.357953722561,29.749515490164","642475751","L"
"299","8319 GLENLOCH DR, HOUSTON, TX, 77061","Match","Exact","8319 GLENLOCH DR, HOUSTON, TX, 77061","-95.281438948795,29.670851748864","96092797","L"
"1952","1201 W PASADENA FWY, PASADENA, TX, 77506","Match","Non_Exact","1201 PASADENA BLVD, PASADENA, TX, 77506","-95.200893136182,29.693130591791","96103859","L"
"1951","10031 FM 1960 BYPASS RD W, HUMBLE, TX, 77338","Match","Exact","10031 FM 1960 BYPASS RD W, HUMBLE, TX, 77338","-95.270807062796,30.005091525258","96663181","L"
"1950","4623 FM 2920 RD STE 100, SPRING, TX, 77388","Match","Non_Exact","4623 FM 2920, SPRING, TX, 77388","-95.488616868331,30.072063603372","635051969","R"
"1959","23053 CLAY RD STE 500, KATY, TX, 77493","No_Match"
"1958","14519 CULLEN BLVD STE A, HOUSTON, TX, 77047","Match","Non_Exact","14519 CULLEN BLVD, HOUSTON, TX, 77047","-95.352627422519,29.597048949016","96549127","L"
"1957","11727 CROSBY LYNCHBURG RD, CROSBY, TX, 77532","No_Match"
"1956","20153 FM 2920 RD STE B1, TOMBALL, TX, 77377","Match","Non_Exact","20153 FM 2920, TOMBALL, TX, 77377","-95.738279774532,30.080017257078","652311591","R"
"1955","2470 HIGHWAY 6 S, HOUSTON, TX, 77077","No_Match"
"1965","11616 BEAMER RD, HOUSTON, TX, 77089","Match","Exact","11616 BEAMER RD, HOUSTON, TX, 77089","-95.228685611327,29.598887139912","233352246","R"
"1964","4005 HOLLISTER ST, HOUSTON, TX, 77080","Match","Exact","4005 HOLLISTER ST, HOUSTON, TX, 77080","-95.509339308475,29.829433699649","649893535","L"
"1963","5411 MORNINGSIDE DR, HOUSTON, TX, 77005","Match","Exact","5411 MORNINGSIDE DR, HOUSTON, TX, 77005","-95.414868448582,29.71734491895","96063830","L"
"1962","130 HEIGHTS BLVD, HOUSTON, TX, 77007","Match","Exact","130 HEIGHTS BLVD, HOUSTON, TX, 77007","-95.397259410117,29.771644970805","96061582","R"
"1961","6750 HILLCROFT ST, HOUSTON, TX, 77081","Match","Exact","6750 HILLCROFT ST, HOUSTON, TX, 77081","-95.493130976789,29.706300256435","96609260","R"
"1960","1201 SOUTH ST, PASADENA, TX, 77503","Match","Exact","1201 SOUTH ST, PASADENA, TX, 77503","-95.171129504459,29.693529159808","96104986","L"
"1969","202 UVALDE RD, HOUSTON, TX, 77015","No_Match"
"1968","19931 FM 2920 RD, TOMBALL, TX, 77377","Match","Non_Exact","19931 FM 2920, TOMBALL, TX, 77377","-95.734886918624,30.080377346791","650482040","R"
"1967","13442 BELLAIRE BLVD STE C-1, HOUSTON, TX, 77083","Match","Exact","13442 BELLAIRE BLVD, HOUSTON, TX, 77083","-95.621275987049,29.70367632544","96608081","R"
"1966","15605 ALDINE WESTFIELD RD, HOUSTON, TX, 77032","Match","Exact","15605 ALDINE WESTFIELD RD, HOUSTON, TX, 77032","-95.357172556231,29.944856209715","96656884","L"
"1976","8327 DAYCOACH LN, HOUSTON, TX, 77064","Match","Exact","8327 DAYCOACH LN, HOUSTON, TX, 77064","-95.511624699433,29.902270007102","96010820","L"
"1975","3175 W HOLCOMBE BLVD, HOUSTON, TX, 77025","Match","Exact","3175 W HOLCOMBE BLVD, HOUSTON, TX, 77025","-95.426819602289,29.70603952027","652303316","L"
"1974","900 GESSNER RD, HOUSTON, TX, 77024","Match","Non_Exact","900 GESSNER DR, HOUSTON, TX, 77024","-95.543914692358,29.783564170425","642478507","R"
"1973","5502 FRY RD STE C, KATY, TX, 77449","Match","Non_Exact","5502 FRY RD, KATY, TX, 77449","-95.718722688953,29.849934605995","645389644","R"
"1972","9347 RICHMOND AVE, HOUSTON, TX, 77063","Match","Exact","9347 RICHMOND AVE, HOUSTON, TX, 77063","-95.531551678354,29.728941825525","96613984","L"
"1971","5710 BELLAIRE BLVD STE A, HOUSTON, TX, 77081","Match","Non_Exact","5710 BELLAIRE BLVD, HOUSTON, TX, 77081","-95.481579829684,29.705638004881","96609480","R"
"1970","5515 KIRBY DR, HOUSTON, TX, 77005","Match","Exact","5515 KIRBY DR, HOUSTON, TX, 77005","-95.418456127346,29.722940347522","96063262","L"
"1979","10103 FONDREN RD STE 118, HOUSTON, TX, 77096","Match","Exact","10103 FONDREN RD, HOUSTON, TX, 77096","-95.508485261374,29.669697325121","96598744","L"
"1978","21515 TOMBALL PKWY, HOUSTON, TX, 77070","No_Match"
"1977","10612 S KIRKWOOD RD, HOUSTON, TX, 77099","Match","Exact","10612 S KIRKWOOD RD, HOUSTON, TX, 77099","-95.5847840339,29.661320323617","96036116","R"
"1990","10096 S GESSNER DR, HOUSTON, TX, 77071","Match","Exact","10096 S GESSNER DR, HOUSTON, TX, 77071","-95.52822544186,29.669744588127","96598581","R"
"1987","12010 BAMMEL NORTH HOUSTON RD, HOUSTON, TX, 77066","Match","Exact","12010 BAMMEL NORTH HOUSTON RD, HOUSTON, TX, 77066","-95.498135193467,29.953140373537","96658725","R"
"1986","8261 RICHMOND AVE STE K, HOUSTON, TX, 77063","Match","Non_Exact","8261 RICHMOND AVE, HOUSTON, TX, 77063","-95.512713792113,29.729259518424","647695802","L"
"1985","24211 KUYKENDAHL RD STE 100, TOMBALL, TX, 77375","Match","Exact","24211 KUYKENDAHL RD, TOMBALL, TX, 77375","-95.554599627032,30.113693277609","233346628","L"
"1984","3617 MOONEY RD, HOUSTON, TX, 77093","Match","Exact","3617 MOONEY RD, HOUSTON, TX, 77093","-95.332304687121,29.88165687277","96074459","L"
"1983","3014 SCOTT ST, HOUSTON, TX, 77004","Match","Exact","3014 SCOTT ST, HOUSTON, TX, 77004","-95.349675396553,29.729892537412","96073385","R"
"1982","8546 BROADWAY ST, HOUSTON, TX, 77061","Match","Exact","8546 BROADWAY ST, HOUSTON, TX, 77061","-95.277029312923,29.666416553573","96599846","R"
"1981","20424 KATY FREEWAY, KATY, TX, 77449","No_Match"
"1980","531 E PARKER RD STE C, HOUSTON, TX, 77076","Match","Non_Exact","531 E PARKER RD, HOUSTON, TX, 77076","-95.391375196753,29.85971873441","96053855","L"
"1989","30010 FM 2920 RD, WALLER, TX, 77484","Match","Non_Exact","30010 FM 2920, WALLER, TX, 77484","-95.891630913106,30.065394473978","96667817","R"
"1988","7008 WOODRIDGE DR, HOUSTON, TX, 77087","Match","Exact","7008 WOODRIDGE DR, HOUSTON, TX, 77087","-95.294206623528,29.703399070914","96084139","R"
"1998","9002 SPENCER HWY, LA PORTE, TX, 77571","Match","Exact","9002 SPENCER HWY, LA PORTE, TX, 77571","-95.098239588164,29.6640826192","96548964","R"
"1997","6649 HARRISBURG BLVD, HOUSTON, TX, 77011","Match","Exact","6649 HARRISBURG BLVD, HOUSTON, TX, 77011","-95.3092498773,29.737908597156","96082249","L"
"1996","520 W BAY AREA BLVD, WEBSTER, TX, 77598","Match","Exact","520 W BAY AREA BLVD, WEBSTER, TX, 77598","-95.133843582506,29.545139199564","642475694","R"
"1995","203 E LITTLE YORK RD STE B, HOUSTON, TX, 77076","Match","Non_Exact","203 E LITTLE YORK RD, HOUSTON, TX, 77076","-95.397721661496,29.869966116472","96053736","L"
"1994","702 MEMORIAL CITY, HOUSTON, TX, 77024","Match","Non_Exact","702 MEMORIAL CITY WAY, HOUSTON, TX, 77024","-95.535987471823,29.782881820608","645201432","L"
"1993","505 N SAM HOUSTON PKWY E STE 515, HOUSTON, TX, 77060","Match","Non_Exact","505 SAM HOUSTON PKWY, HOUSTON, TX, 77060","-95.393124984035,29.939032561029","96656614","L"
"1992","13925 CYPRESS NORTH HOUSTON RD STE 200, CYPRESS, TX, 77429","Match","Exact","13925 CYPRESS NORTH HOUSTON RD, CYPRESS, TX, 77429","-95.632437549741,29.94732392728","642108519","R"
"1991","9820 GULF FWY, HOUSTON, TX, 77034","Match","Exact","9820 GULF FWY, HOUSTON, TX, 77034","-95.251576133044,29.652000664454","96093853","R"
"1999","224 N MAIN ST, HIGHLANDS, TX, 77562","Match","Exact","224 N MAIN ST, HIGHLANDS, TX, 77562","-95.057288781998,29.81784620826","96100976","L"
"3704","1908 W DALLAS ST APT A, HOUSTON, TX, 77019","Match","Non_Exact","1908 W DALLAS ST, HOUSTON, TX, 77019","-95.386031218053,29.757671081703","96062546","R"
"3705","5505 FM 1960 RD W, HOUSTON, TX, 77069","Tie"
"3706","5800 FAIRMONT PKWY, PASADENA, TX, 77505","Match","Exact","5800 FAIRMONT PKWY, PASADENA, TX, 77505","-95.151919753054,29.649528522618","645841782","L"
"3707","20520 HIGHWAY 59 N, HUMBLE, TX, 77338","Match","Non_Exact","20520 US HWY 59, HUMBLE, TX, 77338","-95.263112684386,30.01441145423","96663309","R"
"3708","2301 N ALEXANDER DR STE A, BAYTOWN, TX, 77520","Match","Non_Exact","2301 N ALEXANDER DR, BAYTOWN, TX, 77520","-94.949133985209,29.745989762304","96111376","L"
"3709","21020 HIGHLAND KNOLLS DR STE 16, KATY, TX, 77450","Match","Exact","21020 HIGHLAND KNOLLS DR, KATY, TX, 77450","-95.73426790355,29.759578111156","96016564","R"
"3700","10490 HUFFMEISTER RD STE C, HOUSTON, TX, 77065","Match","Non_Exact","10490 HUFFMEISTER RD, HOUSTON, TX, 77065","-95.628598489219,29.929035536929","630699961","R"
"3701","951 FM 1959 RD, HOUSTON, TX, 77034","Match","Exact","951 FM 1959 RD, HOUSTON, TX, 77034","-95.181208294808,29.589577675643","96590792","L"
"3702","11350 JONES RD, HOUSTON, TX, 77070","Match","Exact","11350 JONES RD, HOUSTON, TX, 77070","-95.584615815703,29.938182327336","642210662","R"
"3703","1322 BAYBROOK MALL, FRIENDSWOOD, TX, 77546","Match","Exact","1322 BAYBROOK MALL, FRIENDSWOOD, TX, 77546","-95.14837440265,29.546148240447","640055896","R"
"3715","223 WYNNE ST STE A, HOUSTON, TX, 77009","Match","Non_Exact","223 WYNNE ST, HOUSTON, TX, 77009","-95.372106003475,29.806288375342","96058294","L"
"3716","8301 KNIGHT RD, HOUSTON, TX, 77054","Match","Exact","8301 KNIGHT RD, HOUSTON, TX, 77054","-95.399918041107,29.685213523629","642866299","L"
"3717","8201 KEMPWOOD DR, HOUSTON, TX, 77055","Match","Exact","8201 KEMPWOOD DR, HOUSTON, TX, 77055","-95.495687357306,29.818093682354","96639264","L"
"3718","13956 WESTHEIMER RD, HOUSTON, TX, 77077","Match","Exact","13956 WESTHEIMER RD, HOUSTON, TX, 77077","-95.636661038201,29.735817119521","96618646","R"
"3719","21502 ALDINE WESTFIELD RD STE E, HUMBLE, TX, 77338","Match","Non_Exact","21502 ALDINE WESTFIELD RD, HUMBLE, TX, 77338","-95.381105635286,30.027027837803","642112961","R"
"3710","10023 FM 1960 BYPASS RD W, HUMBLE, TX, 77338","Match","Exact","10023 FM 1960 BYPASS RD W, HUMBLE, TX, 77338","-95.282589710772,30.005106079118","647692508","L"
"3711","2640 ELDRIDGE PKWY STE 300, HOUSTON, TX, 77082","Match","Exact","2640 ELDRIDGE PKWY, HOUSTON, TX, 77082","-95.623870727685,29.733268389924","645410352","L"
"3712","1331 W BAY AREA BLVD, WEBSTER, TX, 77598","No_Match"
"3713","5085 WESTHEIMER RD, HOUSTON, TX, 77056","Match","Exact","5085 WESTHEIMER RD, HOUSTON, TX, 77056","-95.462906681388,29.740630241244","649110418","L"
"3714","5886 SAN FELIPE ST, HOUSTON, TX, 77057","Match","Exact","5886 SAN FELIPE ST, HOUSTON, TX, 77057","-95.485403097858,29.750034736937","96620241","R"
"3726","15831 BELLAIRE BLVD, HOUSTON, TX, 77083","Match","Exact","15831 BELLAIRE BLVD, HOUSTON, TX, 77083","-95.664679174204,29.699899656609","96607879","R"
"3727","8799 NORTH LOOP E, HOUSTON, TX, 77029","Match","Non_Exact","8799 N LOOP E SVC RD, HOUSTON, TX, 77029","-95.273465565125,29.798715085146","96416250","L"
"3728","9301 BISSONNET ST STE 170, HOUSTON, TX, 77074","Match","Exact","9301 BISSONNET ST, HOUSTON, TX, 77074","-95.541210793587,29.675895170699","96036546","L"
"3729","5727 RAMPART ST STE A22, HOUSTON, TX, 77081","Match","Exact","5727 RAMPART ST, HOUSTON, TX, 77081","-95.48893134067,29.71964982397","96614776","L"
"3720","18311 T C JESTER BLVD STE D, SPRING, TX, 77379","Match","Non_Exact","18311 T C JESTER BLVD, SPRING, TX, 77379","-95.501974144718,30.03111311523","627877604","L"
"3721","509 UVALDE RD, HOUSTON, TX, 77015","Match","Exact","509 UVALDE RD, HOUSTON, TX, 77015","-95.186899180713,29.788265603233","96096952","L"
"3722","511 W MOUNT HOUSTON RD, HOUSTON, TX, 77037","Match","Exact","511 W MOUNT HOUSTON RD, HOUSTON, TX, 77037","-95.408877178383,29.897423229893","233431956","R"
"3723","20614 FOOTSTEP PATH, KATY, TX, 77449","Match","Exact","20614 FOOTSTEP PATH, KATY, TX, 77449","-95.727032775722,29.835021419116","656289184","R"
"3724","11102 EAST FWY STE B, JACINTO CITY, TX, 77029","Match","Non_Exact","11102 EAST FWY, JACINTO CITY, TX, 77029","-95.232912241904,29.772677243877","96632622","R"
"3725","20025 KATY FWY, KATY, TX, 77450","Match","Exact","20025 KATY FWY, KATY, TX, 77450","-95.719630015308,29.783019835044","96628276","R"
"2405","2909 FOUNTAIN VIEW DR, HOUSTON, TX, 77057","Match","Exact","2909 FOUNTAIN VIEW DR, HOUSTON, TX, 77057","-95.484169766825,29.735266865139","96033001","L"
"3737","13606 KUYKENDAHL RD, HOUSTON, TX, 77090","Match","Exact","13606 KUYKENDAHL RD, HOUSTON, TX, 77090","-95.435883883676,29.979905398898","642155907","R"
"2404","1302 W 20TH ST, HOUSTON, TX, 77008","Match","Exact","1302 W 20TH ST, HOUSTON, TX, 77008","-95.422413080234,29.803774771253","96054598","R"
"3738","3928 OLD SPANISH TRL STE E, HOUSTON, TX, 77021","Match","Non_Exact","3928 OLD SPANISH TRL, HOUSTON, TX, 77021","-95.357038305283,29.702297653623","233372527","L"
"2403","4303 KINGWOOD DR, KINGWOOD, TX, 77339","Match","Exact","4303 KINGWOOD DR, KINGWOOD, TX, 77339","-95.186768427673,30.049311169252","645169851","L"
"3739","13630 ELDRIDGE SPRINGS WAY, HOUSTON, TX, 77083","Match","Exact","13630 ELDRIDGE SPRINGS WAY, HOUSTON, TX, 77083","-95.624627540574,29.709016480227","96560201","R"
"2402","612 CENTER ST, DEER PARK, TX, 77536","Match","Exact","612 CENTER ST, DEER PARK, TX, 77536","-95.123983193842,29.706355361981","96101774","L"
"2401","15506 HICKORY DALE ST, CYPRESS, TX, 77429","Match","Exact","15506 HICKORY DALE ST, CYPRESS, TX, 77429","-95.69996424524,29.995566531706","627828729","R"
"2400","903 EL DORADO BLVD, HOUSTON, TX, 77062","Match","Exact","903 EL DORADO BLVD, HOUSTON, TX, 77062","-95.135056623908,29.565950966919","96114772","L"
"3730","6223 CHIMNEY ROCK RD STE A, HOUSTON, TX, 77081","Match","Non_Exact","6223 CHIMNEY ROCK RD, HOUSTON, TX, 77081","-95.476299961235,29.71359497762","96033363","L"
"3731","13646 BISSONNET ST STE A, HOUSTON, TX, 77083","Match","Non_Exact","13646 BISSONNET ST, HOUSTON, TX, 77083","-95.622695805017,29.681075704133","96602774","L"
"3732","1001 MCKINNEY ST STE B4, HOUSTON, TX, 77002","Match","Exact","1001 MCKINNEY ST, HOUSTON, TX, 77002","-95.364823627477,29.756970103093","96067717","L"
"2409","2603 BLODGETT ST, HOUSTON, TX, 77004","Match","Exact","2603 BLODGETT ST, HOUSTON, TX, 77004","-95.370635126555,29.724030995407","96071932","L"
"3733","500 BAYBROOK MALL, FRIENDSWOOD, TX, 77546","Match","Exact","500 BAYBROOK MALL, FRIENDSWOOD, TX, 77546","-95.151459744438,29.543865119493","96143229","R"
"2408","13301 HIRAM CLARKE RD, HOUSTON, TX, 77045","Match","Exact","13301 HIRAM CLARKE RD, HOUSTON, TX, 77045","-95.446217624269,29.634112365187","96040871","L"
"3734","7038 GARDEN MIST LN, HUMBLE, TX, 77346","Match","Exact","7038 GARDEN MIST LN, HUMBLE, TX, 77346","-95.177331206302,29.984928092642","628026934","R"
"2407","8020 FAIRBANKS N HOUSTON RD STE F, HOUSTON, TX, 77064","Match","Non_Exact","8020 FAIRBANKS N HOUSTON RD, HOUSTON, TX, 77064","-95.52485271938,29.896958123553","96024460","R"
"3735","12955 SOUTH FWY STE D4, HOUSTON, TX, 77047","Match","Exact","12955 SOUTH FWY, HOUSTON, TX, 77047","-95.386212357331,29.608893728483","96591511","R"
"2406","3348 FOUNTAIN VIEW DR, HOUSTON, TX, 77057","Match","Exact","3348 FOUNTAIN VIEW DR, HOUSTON, TX, 77057","-95.4842276047,29.728990055931","96033043","R"
"3736","13310 CULLEN BLVD STE E, HOUSTON, TX, 77047","Match","Non_Exact","13310 CULLEN BLVD, HOUSTON, TX, 77047","-95.355492570688,29.616411113315","96593692","R"
"3750","11709 BOUDREAUX RD STE 330, TOMBALL, TX, 77375","Match","Non_Exact","11709 BOUDREAUX RD, TOMBALL, TX, 77377","-95.59223847015,30.054524896674","647630624","R"
"2416","9501 LONG POINT RD STE B, HOUSTON, TX, 77055","Match","Non_Exact","9501 LONG POINT RD, HOUSTON, TX, 77055","-95.525884326995,29.79723550557","644736620","L"
"3748","115 LITTLE YORK RD, HOUSTON, TX, 77076","Match","Exact","115 LITTLE YORK RD, HOUSTON, TX, 77076","-95.384504291242,29.870102653051","642867323","L"
"2415","19250 W LAKE HOUSTON PKWY STE K, HUMBLE, TX, 77346","No_Match"
"3749","9440 SHADY DR STE B, HOUSTON, TX, 77016","Match","Non_Exact","9440 SHADY DR, HOUSTON, TX, 77016","-95.30866581659,29.847668874696","96076672","R"
"2414","26500 KUYKENDAHL RD, TOMBALL, TX, 77375","Match","Exact","26500 KUYKENDAHL RD, TOMBALL, TX, 77375","-95.549960731058,30.145713695951","641614079","R"
"2413","1405 WILCREST DR, HOUSTON, TX, 77042","Match","Exact","1405 WILCREST DR, HOUSTON, TX, 77042","-95.572003748189,29.749409955718","96619124","L"
"2412","2525 BROADWAY ST, HOUSTON, TX, 77012","Match","Exact","2525 BROADWAY ST, HOUSTON, TX, 77012","-95.277894621582,29.704353010748","96611009","L"
"2411","2401 W LITTLE YORK RD, HOUSTON, TX, 77091","Match","Exact","2401 W LITTLE YORK RD, HOUSTON, TX, 77091","-95.446467541124,29.86342248875","96027663","L"
"2410","7325 BELLERIVE DR, HOUSTON, TX, 77036","Match","Exact","7325 BELLERIVE DR, HOUSTON, TX, 77036","-95.512652102409,29.713012090465","96614213","L"
"3740","418 N SAM HOUSTON PKWY E, HOUSTON, TX, 77060","Match","Non_Exact","418 SAM HOUSTON PKWY, HOUSTON, TX, 77060","-95.396412999523,29.938649459069","638180086","R"
"3741","16203 WESTHEIMER RD STE 106, HOUSTON, TX, 77082","Match","Exact","16203 WESTHEIMER RD, HOUSTON, TX, 77082","-95.671426174377,29.719845672118","636799423","L"
"3742","20614 FOOTSTEP PATH, KATY, TX, 77449","Match","Exact","20614 FOOTSTEP PATH, KATY, TX, 77449","-95.727032775722,29.835021419116","656289184","R"
"3743","9950 MYKAWA RD, HOUSTON, TX, 77048","Match","Exact","9950 MYKAWA RD, HOUSTON, TX, 77048","-95.308646229098,29.633990032874","96596254","R"
"3744","15655 BELLAIRE BLVD STE 400, HOUSTON, TX, 77083","Match","Exact","15655 BELLAIRE BLVD, HOUSTON, TX, 77083","-95.663906968144,29.699659404325","96607880","R"
"2419","28595 STATE HIGHWAY 249, TOMBALL, TX, 77375","No_Match"
"3745","822 FREEPORT ST, HOUSTON, TX, 77015","Match","Exact","822 FREEPORT ST, HOUSTON, TX, 77015","-95.178156870338,29.780523511157","96098543","R"
"2418","2502 W LITTLE YORK RD # B, HOUSTON, TX, 77091","Match","Non_Exact","2502 W LITTLE YORK RD, HOUSTON, TX, 77091","-95.449253844421,29.863207228105","96027532","R"
"3746","10304 HARWIN DR STE C, HOUSTON, TX, 77036","Match","Non_Exact","10304 HARWIN DR, HOUSTON, TX, 77036","-95.547699700612,29.71685787363","96613691","R"
"2417","12430 GALVESTON RD STE B9, WEBSTER, TX, 77598","Match","Exact","12430 GALVESTON RD, WEBSTER, TX, 77598","-95.171932904303,29.595166279901","96592546","R"
"3747","7681 CLAREWOOD DR, HOUSTON, TX, 77036","Match","Exact","7681 CLAREWOOD DR, HOUSTON, TX, 77036","-95.520737240653,29.709448687141","96608913","L"
"3760","7801 CANAL ST, HOUSTON, TX, 77012","Match","Exact","7801 CANAL ST, HOUSTON, TX, 77012","-95.284451717433,29.734777616996","96083468","L"
"3761","11823 HALLOWING POINT RD, HOUSTON, TX, 77067","Match","Exact","11823 HALLOWING POINT RD, HOUSTON, TX, 77067","-95.452663317714,29.95489066426","96011484","L"
"2430","8612 MEMORIAL DR, HOUSTON, TX, 77024","Match","Exact","8612 MEMORIAL DR, HOUSTON, TX, 77024","-95.457418755526,29.773407241578","233403974","R"
"2427","11663 NORTHPOST ST, HOUSTON, TX, 77093","Match","Exact","11663 NORTHPOST ST, HOUSTON, TX, 77093","-95.32879239617,29.890207016727","96045063","L"
"3759","5444 FRY RD STE D, KATY, TX, 77449","Match","Non_Exact","5444 FRY RD, KATY, TX, 77449","-95.71879504848,29.849446774774","96641959","R"
"2426","9002 S BRAESWOOD BLVD, HOUSTON, TX, 77074","Match","Exact","9002 S BRAESWOOD BLVD, HOUSTON, TX, 77074","-95.534714615249,29.673986807369","96603740","R"
"2425","1602B SAN JACINTO ST, HOUSTON, TX, 77002","Match","Non_Exact","1602B SAN JACINTO ST, HOUSTON, TX, 77002","-95.36683151613,29.751410196527","96067654","R"
"2424","4501 HIGHWAY 6 N, HOUSTON, TX, 77084","No_Match"
"2423","2090 AFTON ST, HOUSTON, TX, 77055","Match","Exact","2090 AFTON ST, HOUSTON, TX, 77055","-95.472091547827,29.807293020262","644890423","R"
"2422","2538 S VOSS RD # A, HOUSTON, TX, 77057","Match","Non_Exact","2538 S VOSS RD, HOUSTON, TX, 77057","-95.500973347671,29.739895393478","649110402","R"
"2421","8945 HIGHWAY 6 N, HOUSTON, TX, 77095","Match","Exact","8945 HWY 6 N, HOUSTON, TX, 77095","-95.630277478866,29.908220162679","642145344","L"
"2420","870 S MASON RD STE 106, KATY, TX, 77450","Match","Exact","870 S MASON RD, KATY, TX, 77450","-95.751786622776,29.77087116137","96623281","L"
"3751","2102 ELROD RD, KATY, TX, 77449","No_Match"
"3752","505 S MASON RD, KATY, TX, 77450","Match","Exact","505 S MASON RD, KATY, TX, 77450","-95.751674675107,29.779136990553","233399037","L"
"3753","3301 GREEN ST, HOUSTON, TX, 77020","Match","Exact","3301 GREEN ST, HOUSTON, TX, 77020","-95.336573839872,29.771694059311","96070225","L"
"3754","2450 W LITTLE YORK RD, HOUSTON, TX, 77091","Match","Exact","2450 W LITTLE YORK RD, HOUSTON, TX, 77091","-95.447792991551,29.863423958799","96027663","R"
"3755","1201 WAYSIDE DR, HOUSTON, TX, 77011","Match","Non_Exact","1201 N WAYSIDE DR, HOUSTON, TX, 77011","-95.303238147177,29.744437957295","96082954","L"
"3756","7201 GONZALES ST, HOUSTON, TX, 77020","Match","Exact","7201 GONZALES ST, HOUSTON, TX, 77020","-95.297066008144,29.769820094205","96424417","L"
"2429","1531 LITTLE YORK RD, HOUSTON, TX, 77093","Match","Exact","1531 LITTLE YORK RD, HOUSTON, TX, 77093","-95.360643919288,29.870892540557","96649963","L"
"3757","11707 JONES RD, HOUSTON, TX, 77070","Match","Exact","11707 JONES RD, HOUSTON, TX, 77070","-95.584842555909,29.94484095569","642188131","L"
"2428","3533 S DAIRY ASHFORD RD STE F, HOUSTON, TX, 77082","Match","Non_Exact","3533 S DAIRY ASHFORD RD, HOUSTON, TX, 77082","-95.604784719866,29.723417367908","96612749","R"
"3758","6289 HIGHWAY 6 S, HOUSTON, TX, 77083","Match","Non_Exact","6289 STATE HWY 6, HOUSTON, TX, 77084","-95.645312385708,29.872007432664","656274010","L"
"3770","7520 COOK RD APT 1404, HOUSTON, TX, 77072","Match","Exact","7520 COOK RD, HOUSTON, TX, 77072","-95.596087012646,29.695931767539","96608290","R"
"3771","13180 FM 529 RD STE E-F, HOUSTON, TX, 77041","Match","Non_Exact","13180 FM 529, HOUSTON, TX, 77041","-95.603628413343,29.879881052262","642106157","L"
"3772","14607 CONCORD GRV, HOUSTON, TX, 77084","Match","Exact","14607 CONCORD GROVE, HOUSTON, TX, 77084","-95.627012831809,29.863986851806","642471054","R"
"1110","1724 WEST LOOP N, HOUSTON, TX, 77008","Match","Non_Exact","1724 W LOOP N SVC RD, HOUSTON, TX, 77008","-95.44887884228,29.799545650998","96636162","R"
"2441","3603 GREENHOUSE RD STE D, HOUSTON, TX, 77084","No_Match"
"2440","14320 FM 2920 RD STE F, TOMBALL, TX, 77377","Match","Non_Exact","14320 FM 2920, TOMBALL, TX, 77375","-95.643650960828,30.089361666908","647702322","L"
"1107","5600 MYKAWA RD # A, HOUSTON, TX, 77033","Match","Non_Exact","5600 MYKAWA RD, HOUSTON, TX, 77033","-95.326846815484,29.694722475552","96610518","R"
"2438","20627 FAWN TIMBER TRL, HUMBLE, TX, 77346","Match","Exact","20627 FAWN TIMBER TRL, HUMBLE, TX, 77346","-95.180117881671,30.010404377717","652018282","R"
"1106","1780 BLALOCK RD, HOUSTON, TX, 77080","Match","Exact","1780 BLALOCK RD, HOUSTON, TX, 77080","-95.524271658118,29.805725301333","96025881","R"
"2437","14623 BUFFALO SPEEDWAY, HOUSTON, TX, 77045","Match","Exact","14623 BUFFALO SPEEDWAY, HOUSTON, TX, 77045","-95.430638786759,29.614385474968","96593421","L"
"1105","14487 BELLAIRE BLVD, HOUSTON, TX, 77083","Match","Exact","14487 BELLAIRE BLVD, HOUSTON, TX, 77083","-95.640720934581,29.703936103287","96607992","L"
"2436","4039 HOLLISTER ST, HOUSTON, TX, 77080","Match","Exact","4039 HOLLISTER ST, HOUSTON, TX, 77080","-95.509347839949,29.829805672648","649893535","L"
"1104","5930 LODGE CREEK DR, HOUSTON, TX, 77066","Match","Exact","5930 LODGE CREEK DR, HOUSTON, TX, 77066","-95.515206028725,29.974082696296","96553289","L"
"2435","2504 BEALL ST UNIT C, HOUSTON, TX, 77008","Match","Non_Exact","2504 BEALL ST, HOUSTON, TX, 77008","-95.418096373699,29.808864797809","96054584","R"
"1103","13132 KATHY LN, CYPRESS, TX, 77429","Match","Exact","13132 KATHY LN, CYPRESS, TX, 77429","-95.624057343906,29.997056252245","642478725","L"
"2434","1501 SILBER RD, HOUSTON, TX, 77055","Match","Exact","1501 SILBER RD, HOUSTON, TX, 77055","-95.468210276998,29.796146131661","96032134","L"
"1102","4711 W 34TH ST, HOUSTON, TX, 77092","Match","Exact","4711 W 34TH ST, HOUSTON, TX, 77092","-95.459565058472,29.819563862127","96639668","L"
"2433","910 LOUISIANA ST STE M165, HOUSTON, TX, 77002","Match","Exact","910 LOUISIANA ST, HOUSTON, TX, 77002","-95.367066787298,29.759187339607","96067552","R"
"1101","8189 ANTOINE DR, HOUSTON, TX, 77088","Match","Exact","8189 ANTOINE DR, HOUSTON, TX, 77088","-95.474813510524,29.887459958681","96128266","L"
"2432","11722 CULLEN BLVD, HOUSTON, TX, 77047","Match","Exact","11722 CULLEN BLVD, HOUSTON, TX, 77047","-95.355875174235,29.63341238892","642862809","R"
"1100","7320 ANTOINE DR, HOUSTON, TX, 77088","Match","Exact","7320 ANTOINE DR, HOUSTON, TX, 77088","-95.472798135474,29.867369501409","96027065","R"
"2431","5020 KIRBY DR, HOUSTON, TX, 77098","Match","Exact","5020 KIRBY DR, HOUSTON, TX, 77098","-95.418669704759,29.727525568604","96063250","R"
"3762","12816 BELLAIRE BLVD, HOUSTON, TX, 77072","Match","Exact","12816 BELLAIRE BLVD, HOUSTON, TX, 77072","-95.60790769429,29.703505309669","649108851","R"
"3763","7710 BELLAIRE BLVD STE H, HOUSTON, TX, 77036","Match","Non_Exact","7710 BELLAIRE BLVD, HOUSTON, TX, 77036","-95.521535679929,29.705198278381","96608930","R"
"3764","2009 WARD RD, BAYTOWN, TX, 77520","Match","Exact","2009 WARD RD, BAYTOWN, TX, 77520","-94.941801038903,29.740049469649","96111464","R"
"3765","4601 RED BLUFF RD, PASADENA, TX, 77503","Match","Exact","4601 RED BLUFF RD, PASADENA, TX, 77503","-95.1400893163,29.675385365741","619044925","L"
"3766","55 LYERLY ST # 114-115, HOUSTON, TX, 77022","Match","Non_Exact","55 LYERLY ST, HOUSTON, TX, 77022","-95.380089904211,29.834744419947","96644018","L"
"3767","806 KATY FORT BEND RD STE 400, KATY, TX, 77494","Match","Exact","806 KATY FORT BEND RD, KATY, TX, 77494","-95.801670042462,29.782390106187","642103399","R"
"1109","85 E EDGEBROOK DR, HOUSTON, TX, 77034","Match","Exact","85 E EDGEBROOK DR, HOUSTON, TX, 77034","-95.219050016799,29.649229754215","233361058","L"
"3768","15342 SOUTHWOOD TRACE LN, HOUSTON, TX, 77049","Match","Exact","15342 SOUTHWOOD TRACE LN, HOUSTON, TX, 77049","-95.167303050457,29.819860225278","627662820","R"
"1108","1938 W GRAY ST, HOUSTON, TX, 77019","Match","Exact","1938 W GRAY ST, HOUSTON, TX, 77019","-95.405036348845,29.753165471952","96062051","R"
"2439","240 CYPRESS CREEK PKWY STE C, HOUSTON, TX, 77090","No_Match"
"3769","13155 WESTHEIMER RD STE 140, HOUSTON, TX, 77077","Match","Exact","13155 WESTHEIMER RD, HOUSTON, TX, 77077","-95.622007026052,29.735829885381","645410342","L"
"3780","2321 HIGHWAY 6 S STE B, HOUSTON, TX, 77077","No_Match"
"3781","1202 HOUSTON BLVD, SOUTH HOUSTON, TX, 77587","Match","Exact","1202 HOUSTON BLVD, SOUTH HOUSTON, TX, 77587","-95.237088912365,29.664557017713","96094058","R"
"3782","6015 HILLCROFT AVE STE 2200, HOUSTON, TX, 77081","Match","Non_Exact","6015 HILLCROFT ST, HOUSTON, TX, 77081","-95.497993694319,29.715771844325","96614610","L"
"3783","10880 BISSONNET ST, HOUSTON, TX, 77099","Match","Exact","10880 BISSONNET ST, HOUSTON, TX, 77099","-95.569301377668,29.674211760873","641840301","R"
"1121","10920 ALMEDA RD STE 100, HOUSTON, TX, 77045","Match","Exact","10920 ALMEDA RD, HOUSTON, TX, 77045","-95.399822338145,29.663419835858","636790399","R"
"2452","14315 CYPRESS ROSEHILL RD STE 140, CYPRESS, TX, 77429","Match","Exact","14315 CYPRESS ROSEHILL RD, CYPRESS, TX, 77429","-95.699493023641,29.975987114819","642120776","L"
"1120","1002 BOUNDARY ST, HOUSTON, TX, 77009","Match","Exact","1002 BOUNDARY ST, HOUSTON, TX, 77009","-95.361849276693,29.784429223382","96066315","R"
"2451","5735 BAYPORT BLVD STE D, SEABROOK, TX, 77586","Match","Non_Exact","5735 BAYPORT BLVD, SEABROOK, TX, 77586","-95.028474293156,29.590321578095","648568834","L"
"2450","13313 KUYKENDAHL RD, HOUSTON, TX, 77090","No_Match"
"1118","11710 N PERRY AVE, HOUSTON, TX, 77071","Match","Non_Exact","11710 PERRY AVE, HOUSTON, TX, 77071","-95.512007528465,29.635679119033","96038623","L"
"2449","103 LITTLE YORK RD, HOUSTON, TX, 77076","Match","Exact","103 LITTLE YORK RD, HOUSTON, TX, 77076","-95.384712614925,29.870105629111","642867323","L"
"1117","9514 GRANT RD, HOUSTON, TX, 77070","No_Match"
"2448","3701 W ALABAMA ST STE 353, HOUSTON, TX, 77027","Match","Exact","3701 W ALABAMA ST, HOUSTON, TX, 77027","-95.437390966405,29.738196514043","96620727","L"
"1116","7635 LEY RD, HOUSTON, TX, 77028","Match","Exact","7635 LEY RD, HOUSTON, TX, 77028","-95.290476925507,29.831392321438","96077006","L"
"2447","5371 ATASCOCITA RD, HUMBLE, TX, 77346","Match","Exact","5371 ATASCOCITA RD, HUMBLE, TX, 77346","-95.196124025725,29.987353479221","642478587","L"
"1115","1300 W FAIRMONT PKWY, LA PORTE, TX, 77571","Match","Exact","1300 W FAIRMONT PKWY, LA PORTE, TX, 77571","-95.031100531263,29.652373649288","641754337","R"
"2446","1080 CLEAR LAKE CITY BLVD, HOUSTON, TX, 77062","Match","Exact","1080 CLEAR LAKE CITY BLVD, HOUSTON, TX, 77062","-95.156085443406,29.581127613214","645517889","L"
"1114","874 YORKCHESTER DR APT 232, HOUSTON, TX, 77079","Match","Exact","874 YORKCHESTER DR, HOUSTON, TX, 77079","-95.581550048073,29.779222440679","96630008","R"
"2445","7596 CYPRESS CREEK PKWY, HOUSTON, TX, 77070","No_Match"
"1113","11913 BISSONNET ST # A6, HOUSTON, TX, 77099","Match","Exact","11913 BISSONNET ST, HOUSTON, TX, 77099","-95.587670510563,29.675185272279","96603048","L"
"2444","14814 BROWN RD # 1, TOMBALL, TX, 77377","Match","Exact","14814 BROWN RD, TOMBALL, TX, 77377","-95.648428062394,30.101871234739","642475428","L"
"1112","2611 PRESTON AVE, PASADENA, TX, 77503","Match","Exact","2611 PRESTON AVE, PASADENA, TX, 77503","-95.172311245001,29.672747174941","96105083","L"
"2443","3011 ELLA BLVD, HOUSTON, TX, 77018","Match","Exact","3011 ELLA BLVD, HOUSTON, TX, 77018","-95.429426320106,29.813901637787","96054364","L"
"1111","8929 SCOTT ST, HOUSTON, TX, 77051","Match","Exact","8929 SCOTT ST, HOUSTON, TX, 77051","-95.368046732073,29.662806234085","96088756","L"
"2442","6215 BRITTMOORE RD, HOUSTON, TX, 77041","Match","Exact","6215 BRITTMOORE RD, HOUSTON, TX, 77041","-95.569422086572,29.85854768249","96565212","L"
"3773","2426 GARAPAN ST, HOUSTON, TX, 77091","Match","Exact","2426 GARAPAN ST, HOUSTON, TX, 77091","-95.44748482233,29.856634081569","96230464","R"
"3774","6401 WOODWAY DR STE 115, HOUSTON, TX, 77057","Match","Exact","6401 WOODWAY DR, HOUSTON, TX, 77057","-95.498014493188,29.755578904647","96624364","L"
"3775","17575 BAUER RD STE B, CYPRESS, TX, 77433","Match","Non_Exact","17575 BAUER RD, CYPRESS, TX, 77433","-95.781510314358,30.0293604589","96000103","L"
"3776","3501 EASTEX FWY, HOUSTON, TX, 77026","No_Match"
"3777","8335 VETERANS MEMORIAL DR, HOUSTON, TX, 77088","Match","Exact","8335 VETERANS MEMORIAL DR, HOUSTON, TX, 77088","-95.415462202241,29.880114692408","96225352","L"
"3778","15462 FM 529 RD, HOUSTON, TX, 77095","Match","Non_Exact","15462 FM 529, HOUSTON, TX, 77095","-95.64119982459,29.879297992358","642869229","R"
"3779","15210 GALVESTON RD, HOUSTON, TX, 77598","Match","Non_Exact","15210 GALVESTON RD, WEBSTER, TX, 77598","-95.144541787523,29.565918587822","96589936","R"
"1119","10211 CYPRESSWOOD DR STE 100, HOUSTON, TX, 77070","Match","Exact","10211 CYPRESSWOOD DR, HOUSTON, TX, 77070","-95.571373300445,29.978632640581","96169975","L"
"3790","2525 W BAY AREA BLVD, FRIENDSWOOD, TX, 77546","No_Match"
"3791","11698 BELLAIRE BLVD STE 11700, HOUSTON, TX, 77072","Match","Non_Exact","11698 BELLAIRE BLVD, HOUSTON, TX, 77072","-95.584464961264,29.703815267896","96608358","R"
"3792","5712 W LITTLE YORK RD, HOUSTON, TX, 77091","Match","Exact","5712 W LITTLE YORK RD, HOUSTON, TX, 77091","-95.473699848655,29.863355080264","96646880","R"
"3793","6130 PINEMONT DR, HOUSTON, TX, 77092","Match","Exact","6130 PINEMONT DR, HOUSTON, TX, 77092","-95.481108518302,29.840402881357","96643460","R"
"3794","5815 HILLCROFT ST, HOUSTON, TX, 77036","Match","Exact","5815 HILLCROFT ST, HOUSTON, TX, 77036","-95.500897940366,29.719462244434","644891703","L"
"1132","2602 WHEELER ST, HOUSTON, TX, 77004","Match","Exact","2602 WHEELER ST, HOUSTON, TX, 77004","-95.369224201296,29.725807596021","96071941","R"
"2463","8130 ROYALWOOD DR, HOUSTON, TX, 77049","Match","Exact","8130 ROYALWOOD DR, HOUSTON, TX, 77049","-95.188727390878,29.840959087668","96095358","R"
"1131","12222 JONES RD, HOUSTON, TX, 77070","Match","Exact","12222 JONES RD, HOUSTON, TX, 77070","-95.584775059773,29.951248851064","96005510","R"
"2462","11850 BISSONNET ST, HOUSTON, TX, 77099","Match","Exact","11850 BISSONNET ST, HOUSTON, TX, 77099","-95.586248617725,29.675226485254","96603129","R"
"1130","10010 CYPRESSWOOD DR, HOUSTON, TX, 77070","Match","Exact","10010 CYPRESSWOOD DR, HOUSTON, TX, 77070","-95.565388067512,29.98182059886","656305697","L"
"2461","9404 NORTH FWY, HOUSTON, TX, 77037","Match","Exact","9404 NORTH FWY, HOUSTON, TX, 77037","-95.411798653989,29.898882935876","638085087","R"
"2460","4838 FAIRMONT PKWY, PASADENA, TX, 77505","Match","Exact","4838 FAIRMONT PKWY, PASADENA, TX, 77505","-95.170312734071,29.649470771663","96597164","R"
"1129","4750 FM 1960 RD W, HOUSTON, TX, 77069","Match","Exact","4750 FM 1960 RD W, HOUSTON, TX, 77069","-95.502870788258,29.985471876747","96227969","L"
"1128","19225 W LITTLE YORK RD, KATY, TX, 77449","Match","Exact","19225 W LITTLE YORK RD, KATY, TX, 77449","-95.703404952128,29.864681815575","96014173","R"
"2459","2002 YALE ST, HOUSTON, TX, 77008","Match","Exact","2002 YALE ST, HOUSTON, TX, 77008","-95.39915120432,29.804039903712","96055368","R"
"1127","9530 JENSEN DR, HOUSTON, TX, 77093","Match","Exact","9530 JENSEN DR, HOUSTON, TX, 77093","-95.342495111487,29.849055553274","645129068","R"
"2458","2020 FOUNTAIN VIEW DR, HOUSTON, TX, 77057","Match","Exact","2020 FOUNTAIN VIEW DR, HOUSTON, TX, 77057","-95.485540959014,29.74613032702","96620239","R"
"1126","7747 KIRBY DR, HOUSTON, TX, 77030","Match","Exact","7747 KIRBY DR, HOUSTON, TX, 77030","-95.415306259472,29.69510458675","96609819","L"
"2457","7222 SCOTT ST, HOUSTON, TX, 77021","Match","Exact","7222 SCOTT ST, HOUSTON, TX, 77021","-95.365139079957,29.685127744902","642096664","R"
"1125","5915 MOHAWK ST STE 2, HOUSTON, TX, 77016","Match","Exact","5915 MOHAWK ST, HOUSTON, TX, 77016","-95.300329149465,29.877721307546","96075289","L"
"2456","5432 HIGHWAY 6 N STE 307, HOUSTON, TX, 77084","No_Match"
"1124","155 LOUETTA XING, SPRING, TX, 77373","Match","Exact","155 LOUETTA CROSSING, SPRING, TX, 77373","-95.43067044677,30.063559675249","645406584","L"
"2455","6959 HARWIN DR STE 100, HOUSTON, TX, 77036","Match","Exact","6959 HARWIN DR, HOUSTON, TX, 77036","-95.505660970633,29.718152150913","96614533","L"
"1123","5715 FONDREN RD, HOUSTON, TX, 77036","Match","Exact","5715 FONDREN RD, HOUSTON, TX, 77036","-95.519939025551,29.719323654175","96288764","L"
"2454","16000 WOODLAND HILLS DR, HUMBLE, TX, 77396","No_Match"
"1122","1401 HEIGHTS BLVD, HOUSTON, TX, 77008","Match","Exact","1401 HEIGHTS BLVD, HOUSTON, TX, 77008","-95.397855257637,29.796278990578","96061302","L"
"2453","13099 WESTHEIMER RD APT 2507, HOUSTON, TX, 77077","Match","Exact","13099 WESTHEIMER RD, HOUSTON, TX, 77077","-95.619485705902,29.735861098741","96021194","R"
"3784","1202 HOUSTON BLVD, SOUTH HOUSTON, TX, 77587","Match","Exact","1202 HOUSTON BLVD, SOUTH HOUSTON, TX, 77587","-95.237088912365,29.664557017713","96094058","R"
"3785","11135 S POST OAK RD STE C, HOUSTON, TX, 77035","Match","Non_Exact","11135 S POST OAK RD, HOUSTON, TX, 77035","-95.46389976964,29.657761055628","96039650","L"
"3786","3939 HILLCROFT AVE STE 110, HOUSTON, TX, 77057","Match","Non_Exact","3939 HILLCROFT ST, HOUSTON, TX, 77057","-95.500999639177,29.724150483077","96614374","L"
"3787","9532 RICHMOND AVE, HOUSTON, TX, 77063","Match","Exact","9532 RICHMOND AVE, HOUSTON, TX, 77063","-95.533472183383,29.729011225787","96030867","R"
"3788","1809 1ST ST, GALENA PARK, TX, 77547","Match","Exact","1809 1ST ST, GALENA PARK, TX, 77547","-95.239074574521,29.733243325609","96086609","R"
"3789","946 N SHEPHERD DR, HOUSTON, TX, 77008","Match","Exact","946 N SHEPHERD DR, HOUSTON, TX, 77008","-95.409778696359,29.788298142284","96631787","R"
"1143","12620 WOODFOREST BLVD STE 200, HOUSTON, TX, 77015","Match","Exact","12620 WOODFOREST BLVD, HOUSTON, TX, 77015","-95.201808767338,29.791331061212","642472331","R"
"2474","1340 WESTHEIMER RD STE B, HOUSTON, TX, 77006","Match","Non_Exact","1340 WESTHEIMER RD, HOUSTON, TX, 77006","-95.395248889846,29.743757369491","96064479","R"
"1142","6910 CAPITOL ST, HOUSTON, TX, 77011","Match","Exact","6910 CAPITOL ST, HOUSTON, TX, 77011","-95.304678748814,29.734977880619","96621472","R"
"2473","718 W MAIN ST, LA PORTE, TX, 77571","Match","Exact","718 W MAIN ST, LA PORTE, TX, 77571","-95.025836212375,29.665463091023","96111829","L"
"1141","3801 ALDINE MAIL RD, HOUSTON, TX, 77039","Match","Exact","3801 ALDINE MAIL RD, HOUSTON, TX, 77039","-95.335340148179,29.902540498884","96046409","L"
"2472","18024 KINGSLAND BLVD STE B, HOUSTON, TX, 77094","Match","Non_Exact","18024 KINGSLAND BLVD, HOUSTON, TX, 77094","-95.688629215704,29.776573137747","653263306","L"
"1140","10901 SCARSDALE BLVD, HOUSTON, TX, 77089","Match","Exact","10901 SCARSDALE BLVD, HOUSTON, TX, 77089","-95.211563222105,29.586685112564","96590644","L"
"2471","7034 FM 1960 RD E, HUMBLE, TX, 77346","Match","Non_Exact","7034 FM 1960 RD, HUMBLE, TX, 77346","-95.168723293559,29.998201998375","96663812","R"
"2470","1326 S DAIRY ASHFORD RD, HOUSTON, TX, 77077","Match","Exact","1326 S DAIRY ASHFORD RD, HOUSTON, TX, 77077","-95.606242418286,29.757763457587","96623886","R"
"1139","15210 HIGHWAY 3 # 111-113, WEBSTER, TX, 77598","Match","Non_Exact","15210 STATE HWY 3, WEBSTER, TX, 77598","-95.144541787523,29.565918587822","96589936","R"
"1138","3007 N ALEXANDER DR, BAYTOWN, TX, 77520","No_Match"
"2469","6154 BELLFORT ST, HOUSTON, TX, 77033","Match","Exact","6154 BELLFORT ST, HOUSTON, TX, 77033","-95.319057794934,29.665991457303","642867307","R"
"1137","3815 WESTHEIMER RD, HOUSTON, TX, 77027","Match","Exact","3815 WESTHEIMER RD, HOUSTON, TX, 77027","-95.441981871802,29.741668260594","96034023","L"
"2468","17325 EL CAMINO REAL STE 446, HOUSTON, TX, 77058","Match","Exact","17325 EL CAMINO REAL, HOUSTON, TX, 77058","-95.113634419267,29.551243589051","624810938","L"
"1136","8201 BROADWAY ST, HOUSTON, TX, 77061","Match","Exact","8201 BROADWAY ST, HOUSTON, TX, 77061","-95.27712430619,29.675092295852","96605970","L"
"2467","1203 BAY AREA BLVD, HOUSTON, TX, 77058","Match","Exact","1203 BAY AREA BLVD, HOUSTON, TX, 77058","-95.117429420096,29.557969980994","96544874","L"
"1135","9440 LOUETTA RD, SPRING, TX, 77379","Match","Exact","9440 LOUETTA RD, SPRING, TX, 77379","-95.553907870353,30.004373972686","96662503","L"
"2466","701 WAUGH DR, HOUSTON, TX, 77019","Match","Exact","701 WAUGH DR, HOUSTON, TX, 77019","-95.398081600828,29.759508847703","96062401","L"
"1134","15945 KUYKENDAHL RD, HOUSTON, TX, 77068","Match","Exact","15945 KUYKENDAHL RD, HOUSTON, TX, 77068","-95.463882848535,30.007047583927","233443684","R"
"2465","5624 YALE ST, HOUSTON, TX, 77076","Match","Exact","5624 YALE ST, HOUSTON, TX, 77076","-95.402908427565,29.847731201221","96054704","R"
"1133","1205 DEEPWATER AVE, PASADENA, TX, 77503","Match","Non_Exact","1205 DEEPWATER, PASADENA, TX, 77503","-95.168550188344,29.693285707781","96104988","L"
"2464","12802 EAST FWY, HOUSTON, TX, 77015","Match","Exact","12802 EAST FWY, HOUSTON, TX, 77015","-95.205675459146,29.770882266416","644857661","R"
"3795","9323 LONG POINT RD, HOUSTON, TX, 77055","Match","Exact","9323 LONG POINT RD, HOUSTON, TX, 77055","-95.521639773934,29.798619203275","96635466","L"
"3796","10813 MARKET STREET RD, HOUSTON, TX, 77029","Match","Exact","10813 MARKET STREET RD, HOUSTON, TX, 77029","-95.238611254711,29.767676342095","644574669","L"
"3797","17407 WIMBERLY KNOLL LN, HOUSTON, TX, 77084","Match","Exact","17407 WIMBERLY KNOLL LN, HOUSTON, TX, 77084","-95.672123659694,29.863698379628","96563791","R"
"3798","9777 HARWIN DR STE 412, HOUSTON, TX, 77036","Match","Exact","9777 HARWIN DR, HOUSTON, TX, 77036","-95.530936727551,29.717793521386","96613958","L"
"3799","7914 BRAESDALE LN, HOUSTON, TX, 77071","Match","Exact","7914 BRAESDALE LN, HOUSTON, TX, 77071","-95.516599467897,29.669999743414","96037323","R"
"1154","5101 BINGLE RD, HOUSTON, TX, 77092","Match","Exact","5101 BINGLE RD, HOUSTON, TX, 77092","-95.488901051977,29.839776591814","96643502","L"
"2485","9224 CYPRESS CREEK PKWY STE A, HOUSTON, TX, 77070","No_Match"
"1153","19936 SAUMS RD, KATY, TX, 77449","Match","Exact","19936 SAUMS RD, KATY, TX, 77449","-95.722411456844,29.800637826608","96634830","L"
"2484","1621 UPLAND DR STE D, HOUSTON, TX, 77043","Match","Non_Exact","1621 UPLAND DR, HOUSTON, TX, 77043","-95.576677820898,29.794888690839","645177109","L"
"1152","4409 TREASCHWIG RD STE 115, SPRING, TX, 77373","Match","Exact","4409 TREASCHWIG RD, SPRING, TX, 77373","-95.364168847808,30.03567283368","644851300","L"
"2483","106 W RITTENHOUSE ST STE A, HOUSTON, TX, 77076","Match","Non_Exact","106 W RITTENHOUSE ST, HOUSTON, TX, 77076","-95.397885833899,29.864373585327","656314005","R"
"1151","6906 DIXIE DR, HOUSTON, TX, 77087","Match","Exact","6906 DIXIE DR, HOUSTON, TX, 77087","-95.306459487838,29.681271509975","96091804","L"
"2482","8906 AIRPORT BLVD STE B, HOUSTON, TX, 77061","Match","Non_Exact","8906 AIRPORT BLVD, HOUSTON, TX, 77061","-95.257683989961,29.652055597226","641839852","R"
"1150","9344 JONES RD STE L, HOUSTON, TX, 77065","Match","Non_Exact","9344 JONES RD, HOUSTON, TX, 77065","-95.58447365929,29.907913108154","96142312","R"
"2481","6830 CULLEN BLVD, HOUSTON, TX, 77021","Match","Exact","6830 CULLEN BLVD, HOUSTON, TX, 77021","-95.353793130355,29.689071443223","96089158","R"
"2480","8416 KATY FWY, SPRING VALLEY, TX, 77024","Match","Non_Exact","8416 KATY FWY, HOUSTON, TX, 77024","-95.493415522511,29.784730736189","612428724","L"
"1149","11030 BISSONNET ST STE C1, HOUSTON, TX, 77099","Match","Exact","11030 BISSONNET ST, HOUSTON, TX, 77099","-95.573334937871,29.674449882138","96603255","R"
"1148","1505 WIRT RD, HOUSTON, TX, 77055","Match","Exact","1505 WIRT RD, HOUSTON, TX, 77055","-95.484944990986,29.797185490445","96635789","L"
"2479","14110 STUEBNER AIRLINE RD, HOUSTON, TX, 77069","Match","Exact","14110 STUEBNER AIRLINE RD, HOUSTON, TX, 77069","-95.499737176061,29.989873765384","642110686","R"
"1147","7520 W BELLFORT ST, HOUSTON, TX, 77071","Match","Exact","7520 W BELLFORT ST, HOUSTON, TX, 77071","-95.510008344009,29.656057985584","96598734","L"
"2478","8111 N SAM HOUSTON PKWY W STE 250, HOUSTON, TX, 77064","No_Match"
"1146","6060 FM 2920 RD, SPRING, TX, 77379","Match","Non_Exact","6060 FM 2920, SPRING, TX, 77379","-95.519290608759,30.074116898092","642114016","L"
"2477","11145 WESTHEIMER RD, HOUSTON, TX, 77042","Match","Exact","11145 WESTHEIMER RD, HOUSTON, TX, 77042","-95.572799041345,29.736611337367","96619223","L"
"1145","13400 VETERANS MEMORIAL DR, HOUSTON, TX, 77014","Match","Exact","13400 VETERANS MEMORIAL DR, HOUSTON, TX, 77014","-95.492863956781,29.980830936463","233490186","R"
"2476","1614 LOUETTA RD, SPRING, TX, 77388","Match","Exact","1614 LOUETTA RD, SPRING, TX, 77388","-95.438380274954,30.065030858541","233348908","L"
"1144","6116 WINDSWEPT LN STE A, HOUSTON, TX, 77057","Match","Non_Exact","6116 WINDSWEPT LN, HOUSTON, TX, 77057","-95.488905648395,29.726447833552","656302128","R"
"2475","6055 SOUTH FWY, HOUSTON, TX, 77004","No_Match"
"1165","6626 FM 1960 RD E, HUMBLE, TX, 77346","Match","Non_Exact","6626 FM 1960 RD, HUMBLE, TX, 77346","-95.176118832392,29.998376125985","642228060","R"
"2496","2111 SPRING CYPRESS RD STE 110, SPRING, TX, 77388","Match","Exact","2111 SPRING CYPRESS RD, SPRING, TX, 77388","-95.446323001122,30.069159713651","644551287","R"
"1164","653 PIN OAK RD # A-4&A6, KATY, TX, 77494","Match","Non_Exact","653 PIN OAK RD, KATY, TX, 77494","-95.820588469132,29.783825290367","78343502","L"
"2495","8102 LOCKWOOD DR, HOUSTON, TX, 77016","Match","Exact","8102 LOCKWOOD DR, HOUSTON, TX, 77016","-95.31879409367,29.834238465843","96076138","R"
"1163","9230 BUFFALO SPEEDWAY, HOUSTON, TX, 77025","Match","Exact","9230 BUFFALO SPEEDWAY, HOUSTON, TX, 77025","-95.427279111556,29.685342156403","96086997","R"
"2494","10555 PEARLAND PKWY STE I, HOUSTON, TX, 77089","Match","Non_Exact","10555 PEARLAND PKWY, HOUSTON, TX, 77089","-95.266089504933,29.596989593829","653305121","L"
"1162","7110 LOUETTA RD STE G, SPRING, TX, 77379","Match","Non_Exact","7110 LOUETTA RD, SPRING, TX, 77379","-95.521246889959,30.022437543413","96664792","L"
"2493","5015 WESTHEIMER RD STE A1171, HOUSTON, TX, 77056","Match","Non_Exact","5015 WESTHEIMER RD, HOUSTON, TX, 77056","-95.462161983697,29.740675374414","649110418","L"
"1161","8103 MARTIN LUTHER KING JR BLVD, HOUSTON, TX, 77033","Match","Exact","8103 MARTIN LUTHER KING JR BLVD, HOUSTON, TX, 77033","-95.33712829777,29.666244684188","96599664","L"
"2492","2410 SMITH ST, HOUSTON, TX, 77006","Match","Exact","2410 SMITH ST, HOUSTON, TX, 77006","-95.376736280522,29.748570569563","647561023","R"
"1160","3663 BRIARPARK DR, HOUSTON, TX, 77042","Match","Exact","3663 BRIARPARK DR, HOUSTON, TX, 77042","-95.54885400581,29.724697861623","96613586","L"
"2491","2545 KIRBY DR, HOUSTON, TX, 77019","Match","Exact","2545 KIRBY DR, HOUSTON, TX, 77019","-95.41871845731,29.743218983603","96063026","L"
"2490","7350 JACKRABBIT RD, HOUSTON, TX, 77095","No_Match"
"1159","638 FREEPORT ST, HOUSTON, TX, 77015","Match","Exact","638 FREEPORT ST, HOUSTON, TX, 77015","-95.178273099394,29.784945721967","96098523","R"
"1158","9606 CHIMNEY ROCK RD, HOUSTON, TX, 77096","Match","Exact","9606 CHIMNEY ROCK RD, HOUSTON, TX, 77096","-95.476900918094,29.675656639436","640063523","R"
"2489","9440 LOUETTA RD STE 4, SPRING, TX, 77379","Match","Exact","9440 LOUETTA RD, SPRING, TX, 77379","-95.553907870353,30.004373972686","96662503","L"
"1157","16143 N ELDRIDGE PKWY STE 6, TOMBALL, TX, 77377","No_Match"
"2488","2075 WESTHEIMER RD, HOUSTON, TX, 77098","Match","Exact","2075 WESTHEIMER RD, HOUSTON, TX, 77098","-95.410302606494,29.742564759651","96620855","L"
"1156","615 W MAIN ST # 5500, TOMBALL, TX, 77375","Match","Non_Exact","615 W MAIN, TOMBALL, TX, 77375","-95.619494944287,30.095632221485","96002142","R"
"2487","5727 RAMPART ST STE A7, HOUSTON, TX, 77081","Match","Exact","5727 RAMPART ST, HOUSTON, TX, 77081","-95.48893134067,29.71964982397","96614776","L"
"1155","13630 RICHMOND AVE STE A, HOUSTON, TX, 77082","Match","Non_Exact","13630 RICHMOND AVE, HOUSTON, TX, 77082","-95.63084237619,29.729318160088","642102800","R"
"2486","512 S ALLEN GENOA RD STE C, SOUTH HOUSTON, TX, 77587","Match","Non_Exact","512 S ALLEN-GENOA RD, SOUTH HOUSTON, TX, 77587","-95.21397185319,29.662556064515","96103632","R"
"1176","10402 TOWN AND COUNTRY WAY APT 239, HOUSTON, TX, 77024","Match","Exact","10402 TOWN AND COUNTRY WAY, HOUSTON, TX, 77024","-95.553759795224,29.781473667187","96630222","R"
"1175","1248 GARTH RD STE G, BAYTOWN, TX, 77520","Match","Non_Exact","1248 GARTH RD, BAYTOWN, TX, 77520","-94.980655025081,29.740755287872","96622920","R"
"1174","8795 ANTOINE DR STE 101, HOUSTON, TX, 77088","No_Match"
"1173","515 S FRY RD STE U, KATY, TX, 77450","Match","Non_Exact","515 S FRY RD, KATY, TX, 77450","-95.71880746236,29.778525079506","96016395","L"
"1172","7211 ATASCOCITA RD, HUMBLE, TX, 77346","Match","Exact","7211 ATASCOCITA RD, HUMBLE, TX, 77346","-95.165198394838,29.997855222902","233493006","L"
"1171","5825 BELLAIRE BLVD, HOUSTON, TX, 77081","Match","Exact","5825 BELLAIRE BLVD, HOUSTON, TX, 77081","-95.48308498678,29.705492481244","96033384","L"
"1170","8703 MARTIN LUTHER KING BLVD STE B, HOUSTON, TX, 77033","Match","Non_Exact","8703 MARTIN LUTHER KING JR BLVD, HOUSTON, TX, 77033","-95.336403451836,29.656882975464","96090085","L"
"1169","4001 W FUQUA ST, HOUSTON, TX, 77045","Match","Exact","4001 W FUQUA ST, HOUSTON, TX, 77045","-95.437089819721,29.613397854967","96593394","L"
"1168","12831 WESTHEIMER RD, HOUSTON, TX, 77077","Match","Exact","12831 WESTHEIMER RD, HOUSTON, TX, 77077","-95.609439848865,29.736050463586","96570906","R"
"2499","12315 FM 1960 RD STE B, HUFFMAN, TX, 77336","Match","Non_Exact","12315 FM 1960, HUFFMAN, TX, 77336","-95.089774651762,30.023026829566","96155476","L"
"1167","504 S MAIN ST STE B, HIGHLANDS, TX, 77562","Match","Non_Exact","504 N MAIN ST, HIGHLANDS, TX, 77562","-95.057426100767,29.822559171659","96100969","L"
"2498","11548 BELLAIRE BLVD STE C, HOUSTON, TX, 77072","Match","Non_Exact","11548 BELLAIRE BLVD, HOUSTON, TX, 77072","-95.58293963985,29.703832117398","96608375","R"
"1166","2919 BARKER CYPRESS RD STE K, HOUSTON, TX, 77084","Match","Non_Exact","2919 BARKER CYPRESS RD, HOUSTON, TX, 77084","-95.687345022961,29.810790528635","642104232","R"
"2497","5630 OLD SPANISH TRL, HOUSTON, TX, 77023","Match","Exact","5630 OLD SPANISH TRL, HOUSTON, TX, 77023","-95.323811975044,29.711213220809","96616150","R"
"1187","6025 CRENSHAW RD, PASADENA, TX, 77505","Match","Exact","6025 CRENSHAW RD, PASADENA, TX, 77505","-95.158195964117,29.638835180263","233363835","L"
"1186","1302 HOLLAND AVE, GALENA PARK, TX, 77547","Match","Non_Exact","1302 HOLLAND, GALENA PARK, TX, 77547","-95.233078804409,29.741307434968","96086497","L"
"1185","9402 KEMPWOOD DR, HOUSTON, TX, 77080","Match","Exact","9402 KEMPWOOD DR, HOUSTON, TX, 77080","-95.523263493418,29.82202893156","96639194","R"
"1184","13600 BEECHNUT ST, HOUSTON, TX, 77083","Match","Exact","13600 BEECHNUT ST, HOUSTON, TX, 77083","-95.622410582469,29.688530150361","96602755","L"
"1183","13135 LOUETTA RD, CYPRESS, TX, 77429","Match","Exact","13135 LOUETTA RD, CYPRESS, TX, 77429","-95.622346985247,29.995104767503","96581609","R"
"1182","10701 NORTH FWY STE C, HOUSTON, TX, 77037","No_Match"
"1181","3302 DIXIE DR, HOUSTON, TX, 77021","Match","Exact","3302 DIXIE DR, HOUSTON, TX, 77021","-95.372795945167,29.705125084671","96072529","R"
"1180","17455 SPRING CYPRESS RD, CYPRESS, TX, 77429","Match","Exact","17455 SPRING CYPRESS RD, CYPRESS, TX, 77429","-95.690713646005,29.972509139646","638594637","R"
"1179","15014 SPRING CYPRESS RD STE 240, CYPRESS, TX, 77429","Match","Exact","15014 SPRING CYPRESS RD, CYPRESS, TX, 77429","-95.655356538405,29.985597469707","644967269","R"
"1178","216 FM 1960 BYPASS RD E, HUMBLE, TX, 77338","No_Match"
"1177","715 S MAIN ST, HIGHLANDS, TX, 77562","Match","Exact","715 S MAIN ST, HIGHLANDS, TX, 77562","-95.056413800154,29.807811100292","640065448","R"
"1190","24922 STATE HIGHWAY 249 STE 105, TOMBALL, TX, 77375","No_Match"
"1198","6315 GARTH RD, BAYTOWN, TX, 77521","Match","Exact","6315 GARTH RD, BAYTOWN, TX, 77521","-94.980226924243,29.792587327479","652193868","L"
"1197","6767 SPENCER HWY, PASADENA, TX, 77505","Match","Exact","6767 SPENCER HWY, PASADENA, TX, 77505","-95.134969552561,29.663521110567","96601316","L"
"1196","25901 HIGHWAY 290, CYPRESS, TX, 77429","No_Match"
"1195","14710 WOODFOREST BLVD, HOUSTON, TX, 77015","Match","Exact","14710 WOODFOREST BLVD, HOUSTON, TX, 77015","-95.160628477563,29.790611411073","233347393","R"
"1194","2502 W LITTLE YORK RD STE A, HOUSTON, TX, 77091","Match","Non_Exact","2502 W LITTLE YORK RD, HOUSTON, TX, 77091","-95.449253844421,29.863207228105","96027532","R"
"1193","8788 HAMMERLY BLVD STE B, HOUSTON, TX, 77080","Match","Non_Exact","8788 HAMMERLY BLVD, HOUSTON, TX, 77080","-95.509371846685,29.811127472311","96639339","R"
"1192","1800 N MAIN ST, BAYTOWN, TX, 77520","Match","Non_Exact","1800 W MAIN ST, BAYTOWN, TX, 77520","-94.99030725585,29.723209027946","96618092","L"
"1191","1111 POST OAK BLVD APT 348, HOUSTON, TX, 77056","Match","Exact","1111 POST OAK BLVD, HOUSTON, TX, 77056","-95.458561780299,29.753280069915","96624608","L"
"1189","4801 WILSON RD STE 1000, HUMBLE, TX, 77396","Match","Exact","4801 WILSON RD, HUMBLE, TX, 77396","-95.249496683948,29.93733922402","654972415","R"
"1188","14221 E SAM HOUSTON PKWY N, HOUSTON, TX, 77044","No_Match"
"1199","3211 GREEHOUSE RD UNIT 115, KATY, TX, 77449","No_Match"
"300","4525 N MAIN ST, HOUSTON, TX, 77009","Match","Exact","4525 N MAIN ST, HOUSTON, TX, 77009","-95.380794750096,29.796524778531","96582876","L"
"301","3500 GARTH RD, BAYTOWN, TX, 77521","Match","Exact","3500 GARTH RD, BAYTOWN, TX, 77521","-94.97727988263,29.760596594723","96627174","R"
"302","9725 CLINTON DR, HOUSTON, TX, 77029","Match","Exact","9725 CLINTON DR, HOUSTON, TX, 77029","-95.256054410077,29.732215268669","96086282","L"
"303","148 EL DORADO BLVD STE 120, WEBSTER, TX, 77598","No_Match"
"304","6002 ANTOINE DR STE C, HOUSTON, TX, 77091","Match","Non_Exact","6002 ANTOINE DR, HOUSTON, TX, 77091","-95.473240354698,29.854500603101","96646940","R"
"305","9702 VETERANS MEMORIAL DR, HOUSTON, TX, 77038","Match","Exact","9702 VETERANS MEMORIAL DR, HOUSTON, TX, 77038","-95.434064995616,29.904317794782","96565350","R"
"306","6110 EAST FWY, BAYTOWN, TX, 77521","No_Match"
"307","1010 N SHEPHERD DR, HOUSTON, TX, 77008","Match","Exact","1010 N SHEPHERD DR, HOUSTON, TX, 77008","-95.409794799716,29.789083296994","96631785","R"
"308","2405 S GESSNER RD STE A2, HOUSTON, TX, 77063","Match","Exact","2405 S GESSNER RD, HOUSTON, TX, 77063","-95.538303382929,29.74131268455","96619758","L"
"309","111 BEARLE ST, PASADENA, TX, 77506","Match","Exact","111 BEARLE ST, PASADENA, TX, 77506","-95.184065999955,29.712229528405","642863821","L"
"310","11435 BARKER CYPRESS RD, HOUSTON, TX, 77433","Match","Non_Exact","11435 BARKER CYPRESS RD, CYPRESS, TX, 77433","-95.684456553779,29.930659893768","644551649","L"
"311","6902 N WAYSIDE DR, HOUSTON, TX, 77028","Match","Exact","6902 N WAYSIDE DR, HOUSTON, TX, 77028","-95.284255374149,29.824939528749","96077051","R"
"312","6425 WESTHEIMER RD APT 1005, HOUSTON, TX, 77057","Match","Exact","6425 WESTHEIMER RD, HOUSTON, TX, 77057","-95.497261192909,29.737502560293","96620076","L"
"313","3033 ELGIN ST, HOUSTON, TX, 77004","Match","Exact","3033 ELGIN ST, HOUSTON, TX, 77004","-95.35898468809,29.730899209693","96073127","L"
"314","7603 MARTIN LUTHER KING BLVD STE C, HOUSTON, TX, 77033","Match","Non_Exact","7603 MARTIN LUTHER KING JR BLVD, HOUSTON, TX, 77033","-95.336608994033,29.672627766554","96605584","L"
"315","20140 MORTON RD UNIT 105A, KATY, TX, 77449","Match","Exact","20140 MORTON RD, KATY, TX, 77449","-95.721887866969,29.814943888585","642104346","L"
"316","14519 LEE RD, HOUSTON, TX, 77032","Match","Exact","14519 LEE RD, HOUSTON, TX, 77032","-95.303106315483,29.930040009543","96046675","L"
"317","821 TELEPHONE RD, HOUSTON, TX, 77023","Match","Exact","821 TELEPHONE RD, HOUSTON, TX, 77023","-95.329021458656,29.733758100706","96081835","L"
"318","8443 AIRLINE DR, HOUSTON, TX, 77037","Match","Exact","8443 AIRLINE DR, HOUSTON, TX, 77037","-95.390699649644,29.882458045112","96649669","L"
"319","810 W TEXAS AVE, BAYTOWN, TX, 77520","Match","Exact","810 W TEXAS AVE, BAYTOWN, TX, 77520","-94.976460270411,29.735055519905","96109402","L"
"320","14919 STUEBNER AIRLINE RD, HOUSTON, TX, 77069","Match","Exact","14919 STUEBNER AIRLINE RD, HOUSTON, TX, 77069","-95.506690173324,29.999279848305","641871674","L"
"321","14404 HILLCROFT ST STE R500, HOUSTON, TX, 77085","Match","Exact","14404 HILLCROFT ST, HOUSTON, TX, 77085","-95.49524636823,29.625678755919","96593117","R"
"322","4605 W TIDWELL RD, HOUSTON, TX, 77091","Match","Exact","4605 W TIDWELL RD, HOUSTON, TX, 77091","-95.458821674068,29.845885889458","96643633","R"
"323","3500 BRITTMOORE RD, HOUSTON, TX, 77043","Match","Exact","3500 BRITTMOORE RD, HOUSTON, TX, 77043","-95.569873900418,29.823595092497","96638770","R"
"324","144 FAIRMONT PKWY, PASADENA, TX, 77504","Match","Exact","144 FAIRMONT PKWY, PASADENA, TX, 77504","-95.206589258231,29.650960411449","96600592","R"
"325","7863 HIGHWAY 6 S, HOUSTON, TX, 77083","Match","Non_Exact","7863 STATE HWY 6, HOUSTON, TX, 77095","-95.639843718414,29.893890976743","644834310","L"
"326","2901 WESTRIDGE ST, HOUSTON, TX, 77054","No_Match"
"327","2225 LOUISIANA ST, HOUSTON, TX, 77002","Match","Exact","2225 LOUISIANA ST, HOUSTON, TX, 77002","-95.374708822097,29.749329398103","96067178","L"
"328","5819 GULF FWY STE 200, HOUSTON, TX, 77023","Match","Exact","5819 GULF FWY, HOUSTON, TX, 77023","-95.3170813303,29.716691038197","96616244","L"
"329","6880 TELEPHONE RD STE E, HOUSTON, TX, 77061","Match","Non_Exact","6880 TELEPHONE RD, HOUSTON, TX, 77061","-95.289063100095,29.658975954268","233362257","R"
"330","2002 WAUGH DR, HOUSTON, TX, 77006","Match","Exact","2002 WAUGH DR, HOUSTON, TX, 77006","-95.396645984895,29.750270300575","96062481","R"
"331","9669 FM 1960 BYPASS RD W, HUMBLE, TX, 77338","Match","Exact","9669 FM 1960 BYPASS RD W, HUMBLE, TX, 77338","-95.283763435642,30.005096744264","647692508","L"
"332","806 RICHMOND AVE, HOUSTON, TX, 77006","Match","Exact","806 RICHMOND AVE, HOUSTON, TX, 77006","-95.388963907086,29.734567104543","96064815","R"
"333","1210 WEST RD STE A, HOUSTON, TX, 77038","Match","Non_Exact","1210 WEST RD, HOUSTON, TX, 77038","-95.441060704555,29.914641075829","642106956","L"
"334","2755 GESSNER RD STE W, HOUSTON, TX, 77080","Match","Non_Exact","2755 GESSNER RD, HOUSTON, TX, 77080","-95.545308981708,29.820788848162","96638978","L"
"335","5313 N WAYSIDE DR, HOUSTON, TX, 77028","Match","Exact","5313 N WAYSIDE DR, HOUSTON, TX, 77028","-95.284664719467,29.808871331377","233407771","L"
"336","13443 EAST FWY, HOUSTON, TX, 77015","Match","Exact","13443 EAST FWY, HOUSTON, TX, 77015","-95.1839396294,29.770999098314","96632963","L"
"337","8361 WINKLER DR, HOUSTON, TX, 77017","Match","Exact","8361 WINKLER DR, HOUSTON, TX, 77017","-95.267163975299,29.677092034679","96092956","L"
"338","10937 CYPRESS CREEK PKWY, HOUSTON, TX, 77070","No_Match"
"339","6334 ANTOINE DR, HOUSTON, TX, 77091","Match","Exact","6334 ANTOINE DR, HOUSTON, TX, 77091","-95.473276900797,29.858480652406","96553575","R"
"340","9522 HUFFMEISTER RD STE 900, HOUSTON, TX, 77095","Match","Exact","9522 HUFFMEISTER RD, HOUSTON, TX, 77095","-95.630610865811,29.915792391756","642107320","R"
"341","915 COLLEGE AVE STE E, SOUTH HOUSTON, TX, 77587","Match","Non_Exact","915 COLLEGE AVE, SOUTH HOUSTON, TX, 77587","-95.240407269515,29.659678168495","96094024","R"
"342","11430 EAST FWY STE 380, HOUSTON, TX, 77029","Match","Exact","11430 EAST FWY, HOUSTON, TX, 77029","-95.229011118399,29.771832863974","96632628","R"
"343","8334 FANNIN ST, HOUSTON, TX, 77054","Match","Non_Exact","8334 FANNIN ST, HOUSTON, TX, 77004","-95.403283638933,29.684200485214","96565801","R"
"344","800 S WAYSIDE DR, HOUSTON, TX, 77023","Match","Exact","800 S WAYSIDE DR, HOUSTON, TX, 77023","-95.308870562693,29.730630724875","96083140","R"
"345","8363 SOUTHWEST FWY, HOUSTON, TX, 77074","Match","Exact","8363 SOUTHWEST FWY, HOUSTON, TX, 77074","-95.529882582901,29.688284794277","96603706","L"
"346","2000 WILLOWBROOK MALL SPC 5581, HOUSTON, TX, 77070","No_Match"
"347","4208 KELLEY ST, HOUSTON, TX, 77026","Match","Exact","4208 KELLEY ST, HOUSTON, TX, 77026","-95.328505664217,29.813158569051","233410232","R"
"348","1800 SOUTHMORE AVE, PASADENA, TX, 77502","Match","Exact","1800 SOUTHMORE AVE, PASADENA, TX, 77502","-95.187620843697,29.691559171872","96104114","R"
"349","17160 BECKER RD STE C, HOCKLEY, TX, 77447","No_Match"
"350","3601 CENTER ST, DEER PARK, TX, 77536","Match","Exact","3601 CENTER ST, DEER PARK, TX, 77536","-95.123210735172,29.679149662213","96106214","R"
"351","2145 RED BLUFF RD, PASADENA, TX, 77506","Match","Exact","2145 RED BLUFF RD, PASADENA, TX, 77506","-95.183619983556,29.701045154103","96098369","L"
"352","12989 BELLAIRE BLVD STE 15A, HOUSTON, TX, 77072","Match","Exact","12989 BELLAIRE BLVD, HOUSTON, TX, 77072","-95.614065365611,29.703436934412","233490032","L"
"353","10920 W LITTLE YORK RD, HOUSTON, TX, 77041","Match","Exact","10920 W LITTLE YORK RD, HOUSTON, TX, 77041","-95.570466379338,29.867277807391","96646067","L"
"354","9649 S GESSNER RD, HOUSTON, TX, 77071","Match","Non_Exact","9649 S GESSNER DR, HOUSTON, TX, 77071","-95.528157923309,29.675541590185","96603964","L"
"355","25800 KUYKENDAHL RD, TOMBALL, TX, 77375","Match","Exact","25800 KUYKENDAHL RD, TOMBALL, TX, 77375","-95.553234865339,30.135603248102","644995892","L"
"356","3401 HOLMAN ST, HOUSTON, TX, 77004","Match","Exact","3401 HOLMAN ST, HOUSTON, TX, 77004","-95.354436415645,29.726039930407","96073275","L"
"357","5450 AIRLINE DR, HOUSTON, TX, 77076","Match","Exact","5450 AIRLINE DR, HOUSTON, TX, 77076","-95.38428510182,29.845938145942","233418611","L"
"358","6905 BISSONNET ST STE A, HOUSTON, TX, 77074","Match","Non_Exact","6905 BISSONNET ST, HOUSTON, TX, 77074","-95.503865577795,29.68919637235","96604120","L"
"359","7003 MCHARD RD, HOUSTON, TX, 77053","Match","Exact","7003 MCHARD RD, HOUSTON, TX, 77053","-95.462222529403,29.581031146733","78295542","L"
"10","11700 BELLAIRE BLVD, HOUSTON, TX, 77072","Match","Exact","11700 BELLAIRE BLVD, HOUSTON, TX, 77072","-95.584490943,29.703814941082","96608358","R"
"11","12420 PALMSPRINGS DR, HOUSTON, TX, 77034","Match","Exact","12420 PALMSPRINGS DR, HOUSTON, TX, 77034","-95.204191807255,29.623610208746","96113447","R"
"12","11006 AIRLINE DR, HOUSTON, TX, 77037","Match","Exact","11006 AIRLINE DR, HOUSTON, TX, 77037","-95.405204160256,29.915807429378","640073933","R"
"13","4101 W OREM DR, HOUSTON, TX, 77045","Match","Exact","4101 W OREM DR, HOUSTON, TX, 77045","-95.438081900512,29.627647851009","96040994","L"
"14","12620 WOODFOREST BLVD STE 350, HOUSTON, TX, 77015","Match","Exact","12620 WOODFOREST BLVD, HOUSTON, TX, 77015","-95.201808767338,29.791331061212","642472331","R"
"15","6015 LONG DR, HOUSTON, TX, 77087","Match","Exact","6015 LONG DR, HOUSTON, TX, 77087","-95.323851066949,29.693955263034","96610531","L"
"16","1002 MERCURY DR, JACINTO CITY, TX, 77029","Match","Exact","1002 MERCURY DR, JACINTO CITY, TX, 77029","-95.247696773277,29.771825269342","96084882","R"
"17","2617 W HOLCOMBE BLVD, HOUSTON, TX, 77025","Match","Exact","2617 W HOLCOMBE BLVD, HOUSTON, TX, 77025","-95.418613195118,29.706100817833","96609786","L"
"18","1518 BRITTMOORE RD STE A, HOUSTON, TX, 77043","Match","Non_Exact","1518 BRITTMOORE RD, HOUSTON, TX, 77043","-95.569816051612,29.811629234244","96635161","R"
"19","1469 WIRT RD, HOUSTON, TX, 77055","Match","Exact","1469 WIRT RD, HOUSTON, TX, 77055","-95.484959281468,29.796099586497","96635793","L"
"360","11511 VETERANS MEMORIAL DR STE 500, HOUSTON, TX, 77067","Match","Exact","11511 VETERANS MEMORIAL DR, HOUSTON, TX, 77067","-95.468939030893,29.949105893256","96578130","L"
"361","1421 FEDERAL RD, HOUSTON, TX, 77015","Match","Exact","1421 FEDERAL RD, HOUSTON, TX, 77015","-95.212918343578,29.764033391024","233397622","L"
"362","953 NASA PKWY, HOUSTON, TX, 77058","Tie"
"363","6912 FM 2920, SPRING, TX, 77379","No_Match"
"364","13250 FM 529 RD, HOUSTON, TX, 77041","Match","Non_Exact","13250 FM 529, HOUSTON, TX, 77041","-95.604930798834,29.879775542591","642106157","L"
"365","4412 LYONS AVE, HOUSTON, TX, 77020","Match","Exact","4412 LYONS AVE, HOUSTON, TX, 77020","-95.325777983534,29.776128202497","96079063","R"
"366","4827 GALVESTON RD, HOUSTON, TX, 77017","Match","Exact","4827 GALVESTON RD, HOUSTON, TX, 77017","-95.254309877621,29.684163451793","96093303","L"
"367","23221 ALDINE WESTFIELD RD # 850, SPRING, TX, 77373","Match","Exact","23221 ALDINE WESTFIELD RD, SPRING, TX, 77373","-95.388015132382,30.050181376355","96042281","L"
"368","6700 DIXIE DR, HOUSTON, TX, 77087","Match","Exact","6700 DIXIE DR, HOUSTON, TX, 77087","-95.310228255178,29.680314821096","96091280","R"
"369","325 RICHEY RD, HOUSTON, TX, 77090","Match","Non_Exact","325 W RICHEY RD, HOUSTON, TX, 77090","-95.429845017331,29.997235658963","642111068","R"
"20","2922 S SHEPHERD DR, HOUSTON, TX, 77098","Match","Exact","2922 S SHEPHERD DR, HOUSTON, TX, 77098","-95.410759973858,29.739197996344","96064046","R"
"21","2201 RED BLUFF RD, PASADENA, TX, 77506","Match","Exact","2201 RED BLUFF RD, PASADENA, TX, 77506","-95.182052059084,29.70010062424","96098387","L"
"22","10706 SORSBY WAY, HOUSTON, TX, 77047","Match","Exact","10706 SORSBY WAY, HOUSTON, TX, 77047","-95.362508284043,29.643215931258","96090211","R"
"23","9430 MESA DR, HOUSTON, TX, 77028","Match","Exact","9430 MESA DR, HOUSTON, TX, 77028","-95.262189250867,29.849497421189","233418896","R"
"24","8013 JOHN RALSTON RD, HOUSTON, TX, 77044","Match","Exact","8013 JOHN RALSTON RD, HOUSTON, TX, 77044","-95.227352340351,29.838910126546","96095084","L"
"25","4401 HARRISBURG BLVD, HOUSTON, TX, 77011","Match","Exact","4401 HARRISBURG BLVD, HOUSTON, TX, 77011","-95.3322483927,29.744247140757","96081498","L"
"26","1310 JASMINE AVE, WEBSTER, TX, 77598","Match","Non_Exact","1310 W JASMINE AVE, WEBSTER, TX, 77598","-95.137199715762,29.533410704386","96589246","L"
"27","3601 HIGHWAY 6 S, HOUSTON, TX, 77082","Match","Non_Exact","3601 STATE HWY 6, HOUSTON, TX, 77082","-95.644111611508,29.718449538677","233349373","R"
"28","3760 ROMA ST, HOUSTON, TX, 77080","Match","Exact","3760 ROMA ST, HOUSTON, TX, 77080","-95.502838491061,29.828622891304","652108910","R"
"29","3733 DRUMMOND ST, HOUSTON, TX, 77025","Match","Exact","3733 DRUMMOND ST, HOUSTON, TX, 77025","-95.434948368585,29.696180671553","96086881","L"
"370","479 BAY AREA BLVD, HOUSTON, TX, 77058","Match","Exact","479 BAY AREA BLVD, HOUSTON, TX, 77058","-95.127211245454,29.550110960857","649870922","L"
"371","6933 FLINTLOCK RD, HOUSTON, TX, 77040","Match","Exact","6933 FLINTLOCK RD, HOUSTON, TX, 77040","-95.520680008256,29.86899348233","636298988","L"
"372","5620 W TIDWELL RD STE D, HOUSTON, TX, 77091","Match","Non_Exact","5620 W TIDWELL RD, HOUSTON, TX, 77091","-95.471379750148,29.848954257352","640066976","R"
"373","11214 VETERANS MEMORIAL DR, HOUSTON, TX, 77067","Match","Exact","11214 VETERANS MEMORIAL DR, HOUSTON, TX, 77067","-95.464571074668,29.943596060682","96655952","R"
"374","14316 SELLERS RD STE A, HOUSTON, TX, 77060","Match","Non_Exact","14316 SELLERS RD, HOUSTON, TX, 77060","-95.386769918342,29.908231948864","96044360","R"
"375","2339 FM 1960 RD W, HOUSTON, TX, 77068","Match","Non_Exact","2339 FM 1960 RD W, HOUSTON, TX, 77073","-95.463940805605,30.006891329912","96662758","R"
"376","8204 BARKER CYPRESS RD, CYPRESS, TX, 77433","Match","Exact","8204 BARKER CYPRESS RD, CYPRESS, TX, 77433","-95.684066973415,29.897842257316","642106833","R"
"377","1738 S DAIRY ASHFORD RD, HOUSTON, TX, 77077","Match","Exact","1738 S DAIRY ASHFORD RD, HOUSTON, TX, 77077","-95.606121599263,29.749877749616","616780006","R"
"378","25850 KUYKENDAHL RD, TOMBALL, TX, 77375","Match","Exact","25850 KUYKENDAHL RD, TOMBALL, TX, 77375","-95.553051624811,30.136135063938","644995891","L"
"379","1511 E WALLISVILLE RD, HIGHLANDS, TX, 77562","Match","Exact","1511 E WALLISVILLE RD, HIGHLANDS, TX, 77562","-95.0361496791,29.819221750934","96101174","R"
"30","1413 GESSNER DR, HOUSTON, TX, 77080","Match","Exact","1413 GESSNER DR, HOUSTON, TX, 77080","-95.544776331881,29.795193941593","652303641","L"
"31","2104 STRAWBERRY RD, PASADENA, TX, 77502","Match","Exact","2104 STRAWBERRY RD, PASADENA, TX, 77502","-95.193189992169,29.681634916501","655860063","R"
"32","3400 LIBERTY RD, HOUSTON, TX, 77026","Match","Exact","3400 LIBERTY RD, HOUSTON, TX, 77026","-95.335752689705,29.784703038232","96069081","R"
"33","10769 W BELLFORT AVE, HOUSTON, TX, 77099","Match","Non_Exact","10769 W BELLFORT ST, HOUSTON, TX, 77099","-95.569963331314,29.655155751461","96597946","L"
"34","5700 S GESSNER RD STE G, HOUSTON, TX, 77036","Match","Non_Exact","5700 S GESSNER RD, HOUSTON, TX, 77036","-95.539120098683,29.719465566694","638214588","R"
"35","1567 LITTLE YORK RD, HOUSTON, TX, 77093","Match","Exact","1567 LITTLE YORK RD, HOUSTON, TX, 77093","-95.36029779529,29.870895967516","96649963","L"
"36","6 UVALDE RD STE A, HOUSTON, TX, 77015","Match","Non_Exact","6 UVALDE RD, HOUSTON, TX, 77015","-95.182313066036,29.80531644477","96637168","R"
"37","2111 SPRING CYPRESS RD STE 30, SPRING, TX, 77388","Match","Exact","2111 SPRING CYPRESS RD, SPRING, TX, 77388","-95.446323001122,30.069159713651","644551287","R"
"38","5900 BELLAIRE BLVD STE A, HOUSTON, TX, 77081","Match","Non_Exact","5900 BELLAIRE BLVD, HOUSTON, TX, 77081","-95.484694934238,29.705587113716","642048434","R"
"39","8419 WINKLER DR STE AB, HOUSTON, TX, 77017","Match","Non_Exact","8419 WINKLER DR, HOUSTON, TX, 77017","-95.264966066554,29.674884794345","96606126","L"
"380","3410 CHIMNEY ROCK RD, HOUSTON, TX, 77056","Match","Exact","3410 CHIMNEY ROCK RD, HOUSTON, TX, 77056","-95.476473448349,29.728371334684","96033097","R"
"381","501 W FAIRMONT PKWY, LA PORTE, TX, 77571","Match","Exact","501 W FAIRMONT PKWY, LA PORTE, TX, 77571","-95.023314520079,29.652345517726","641745764","R"
"382","6702 AVENUE K, HOUSTON, TX, 77011","Match","Exact","6702 AVE K, HOUSTON, TX, 77011","-95.305384177456,29.744252135024","96082951","R"
"383","10937 FM 1960 RD W, HOUSTON, TX, 77070","No_Match"
"384","2925 WALNUT BEND LN, HOUSTON, TX, 77042","Match","Exact","2925 WALNUT BEND LN, HOUSTON, TX, 77042","-95.567731833488,29.731757407894","96613437","R"
"385","111 E NAVIGATION BLVD, HOUSTON, TX, 77012","Match","Exact","111 E NAVIGATION BLVD, HOUSTON, TX, 77012","-95.279966441135,29.729725571262","96616318","R"
"386","1311 GESSNER DR, HOUSTON, TX, 77055","Match","Exact","1311 GESSNER DR, HOUSTON, TX, 77055","-95.544680847095,29.791437328186","96635386","L"
"387","11721 W BELLFORT ST, STAFFORD, TX, 77477","Match","Exact","11721 W BELLFORT ST, STAFFORD, TX, 77477","-95.583858023311,29.657763375916","96598014","L"
"388","19410 CLAY RD STE A, KATY, TX, 77449","Match","Non_Exact","19410 CLAY RD, KATY, TX, 77449","-95.708369735124,29.831200872955","96014505","L"
"389","1420 KATY FORT BEND RD STE 135, KATY, TX, 77493","No_Match"
"40","1603 SPENCER HWY, SOUTH HOUSTON, TX, 77587","Match","Exact","1603 SPENCER HWY, SOUTH HOUSTON, TX, 77587","-95.211657279248,29.664775752423","96600474","L"
"41","10851 SCARSDALE BLVD STE 170A, HOUSTON, TX, 77089","Match","Exact","10851 SCARSDALE BLVD, HOUSTON, TX, 77089","-95.214903377881,29.583642430695","96590668","L"
"42","1416 W OREM DR STE C, HOUSTON, TX, 77047","Match","Non_Exact","1416 W OREM DR, HOUSTON, TX, 77047","-95.390739040398,29.627890758021","624585352","R"
"43","5900 CHIMNEY ROCK RD STE U, HOUSTON, TX, 77081","Match","Non_Exact","5900 CHIMNEY ROCK RD, HOUSTON, TX, 77081","-95.476495165089,29.717720851117","96614980","R"
"44","7401 ALMEDA GENOA RD, HOUSTON, TX, 77075","Match","Exact","7401 ALMEDA-GENOA RD, HOUSTON, TX, 77075","-95.291130822565,29.620868063783","644597476","L"
"45","5107 EAST FWY, BAYTOWN, TX, 77521","Match","Exact","5107 EAST FWY, BAYTOWN, TX, 77521","-94.97921635055,29.805468937753","96638233","L"
"46","8402 N MAIN ST, HOUSTON, TX, 77022","Match","Exact","8402 N MAIN ST, HOUSTON, TX, 77022","-95.3954920946,29.824265665794","96055000","R"
"47","2225 LOUISIANA ST, HOUSTON, TX, 77002","Match","Exact","2225 LOUISIANA ST, HOUSTON, TX, 77002","-95.374708822097,29.749329398103","96067178","L"
"48","7310 LOUETTA RD, SPRING, TX, 77379","Match","Exact","7310 LOUETTA RD, SPRING, TX, 77379","-95.523921119617,30.021001747477","96664773","L"
"49","11240 FONDREN RD, HOUSTON, TX, 77096","Match","Exact","11240 FONDREN RD, HOUSTON, TX, 77096","-95.508477932127,29.656644657339","96598914","R"
"390","14905 OLD HUMBLE RD STE A, HUMBLE, TX, 77396","Match","Non_Exact","14905 OLD HUMBLE RD, HUMBLE, TX, 77396","-95.286294138469,29.93785980076","96420971","L"
"391","777 SHELDON RD STE D, CHANNELVIEW, TX, 77530","Match","Non_Exact","777 SHELDON RD, CHANNELVIEW, TX, 77530","-95.124711929657,29.786874615166","96101252","L"
"392","18514 KUYKENDAHL RD, SPRING, TX, 77379","Match","Exact","18514 KUYKENDAHL RD, SPRING, TX, 77379","-95.487858982199,30.039492891053","642113261","R"
"393","20131 HIGHWAY 59 N # 122, HUMBLE, TX, 77338","No_Match"
"394","1080 CLEAR LAKE CITY BLVD STE D, HOUSTON, TX, 77062","Match","Non_Exact","1080 CLEAR LAKE CITY BLVD, HOUSTON, TX, 77062","-95.156085443406,29.581127613214","645517889","L"
"395","1401 HOLLAND AVE STE A, GALENA PARK, TX, 77547","Match","Non_Exact","1401 HOLLAND, GALENA PARK, TX, 77547","-95.2330044172,29.742037419856","96086495","R"
"396","7303 BREEN DR STE C, HOUSTON, TX, 77086","Match","Non_Exact","7303 BREEN DR, HOUSTON, TX, 77086","-95.495778960608,29.899619614032","96227217","L"
"397","9376 RICHMOND AVE # A, HOUSTON, TX, 77063","Match","Non_Exact","9376 RICHMOND AVE, HOUSTON, TX, 77063","-95.528326070663,29.729044007724","96613997","R"
"398","16212 LOCH KATRINE LN STE AB, HOUSTON, TX, 77084","Match","Non_Exact","16212 LOCH KATRINE LN, HOUSTON, TX, 77084","-95.648470927545,29.846014720125","96642182","L"
"399","7060 BELLFORT ST, HOUSTON, TX, 77087","Match","Exact","7060 BELLFORT ST, HOUSTON, TX, 77087","-95.3043983785,29.669868710948","96092173","R"
"50","9805 FM 1960 BYPASS RD W, HUMBLE, TX, 77338","Match","Exact","9805 FM 1960 BYPASS RD W, HUMBLE, TX, 77338","-95.282985158148,30.005103182082","647692508","L"
"51","8221 GULF FWY STE 100, HOUSTON, TX, 77017","Match","Exact","8221 GULF FWY, HOUSTON, TX, 77017","-95.271123684502,29.679593888256","96606044","L"
"52","4038 BOONE RD, HOUSTON, TX, 77072","Match","Exact","4038 BOONE RD, HOUSTON, TX, 77072","-95.575665043803,29.716017013989","96613054","L"
"53","9651 BISSONNET ST STE 201, HOUSTON, TX, 77036","Match","Exact","9651 BISSONNET ST, HOUSTON, TX, 77036","-95.546973619469,29.675479207982","96603484","L"
"54","9702 SPRING CYPRESS RD STE 121, SPRING, TX, 77379","Match","Exact","9702 SPRING CYPRESS RD, SPRING, TX, 77379","-95.570239055287,30.023247791622","644715155","L"
"55","9923 N HOUSTON ROSSLYN RD, HOUSTON, TX, 77088","Match","Exact","9923 N HOUSTON ROSSLYN RD, HOUSTON, TX, 77088","-95.494520129527,29.88634080157","96025047","L"
"56","6412 N MAIN ST, HOUSTON, TX, 77009","Match","Exact","6412 N MAIN ST, HOUSTON, TX, 77009","-95.389520094336,29.808317847128","96055774","R"
"57","11300 WEST RD STE L, HOUSTON, TX, 77065","Match","Non_Exact","11300 WEST RD, HOUSTON, TX, 77065","-95.590061481089,29.908886638984","96006236","R"
"58","8901 MESA DR, HOUSTON, TX, 77028","Match","Exact","8901 MESA DR, HOUSTON, TX, 77028","-95.262332688388,29.842296541316","96077989","L"
"59","10105 HAMMERLY BLVD # A, HOUSTON, TX, 77080","Match","Non_Exact","10105 HAMMERLY BLVD, HOUSTON, TX, 77080","-95.542403153699,29.812642934773","96639031","L"
"60","1125 S HOUSTON AVE, HUMBLE, TX, 77338","Match","Non_Exact","1125 N HOUSTON AVE, HUMBLE, TX, 77338","-95.258450391145,30.004147762232","96663324","L"
"61","12201 EAST FWY, HOUSTON, TX, 77015","Match","Exact","12201 EAST FWY, HOUSTON, TX, 77015","-95.221598732971,29.771035292159","96632707","L"
"62","13750 EAST FWY, HOUSTON, TX, 77015","Match","Exact","13750 EAST FWY, HOUSTON, TX, 77015","-95.177406030139,29.770191943372","96633141","R"
"63","631 UVALDE RD STE B, HOUSTON, TX, 77015","Match","Non_Exact","631 UVALDE RD, HOUSTON, TX, 77015","-95.18679970716,29.785046547201","96097025","L"
"64","7721 ALMEDA GENOA RD STE B, HOUSTON, TX, 77075","Match","Non_Exact","7721 ALMEDA-GENOA RD, HOUSTON, TX, 77075","-95.284642571783,29.625523724544","655869412","L"
"65","8710 BELLAIRE BLVD, HOUSTON, TX, 77036","Match","Exact","8710 BELLAIRE BLVD, HOUSTON, TX, 77036","-95.538235157429,29.705052632607","96608774","R"
"66","10814 S GESSNER RD, HOUSTON, TX, 77071","Match","Non_Exact","10814 S GESSNER DR, HOUSTON, TX, 77071","-95.528164298706,29.664314750165","96130122","L"
"67","3011 BROOK SHORE CT, KINGWOOD, TX, 77345","Match","Exact","3011 BROOK SHORE CT, KINGWOOD, TX, 77345","-95.169557823531,30.082847050099","96427846","L"
"68","7918 KIRBY DR, HOUSTON, TX, 77054","Match","Exact","7918 KIRBY DR, HOUSTON, TX, 77054","-95.413576096901,29.693484159718","652309987","R"
"69","19410 CLAY RD STE A, HOUSTON, TX, 77449","Match","Non_Exact","19410 CLAY RD, HOUSTON, TX, 77084","-95.69437621603,29.831144618711","96298273","L"
"70","830 CYPRESS CREEK PKWY STE 19, HOUSTON, TX, 77090","No_Match"
"71","9202 NATHANIEL ST, HOUSTON, TX, 77075","Match","Exact","9202 NATHANIEL ST, HOUSTON, TX, 77075","-95.243842679541,29.636657024259","96596658","L"
"72","2201 AIRLINE DR, HOUSTON, TX, 77009","Match","Exact","2201 AIRLINE DR, HOUSTON, TX, 77009","-95.382033014352,29.806845215913","96057899","L"
"73","13740 CYPRESS NORTH HOUSTON RD, CYPRESS, TX, 77429","Match","Exact","13740 CYPRESS NORTH HOUSTON RD, CYPRESS, TX, 77429","-95.630201269344,29.947466769491","233347916","L"
"74","8605 WESTHEIMER RD, HOUSTON, TX, 77063","Match","Exact","8605 WESTHEIMER RD, HOUSTON, TX, 77063","-95.517226269956,29.73731366593","642470437","L"
"75","12230 WESTHEIMER RD STE 100B, HOUSTON, TX, 77077","Match","Exact","12230 WESTHEIMER RD, HOUSTON, TX, 77077","-95.594940676105,29.736469841307","233389165","L"
"76","6716 SPENCER HWY, PASADENA, TX, 77505","Match","Exact","6716 SPENCER HWY, PASADENA, TX, 77505","-95.136056209965,29.663495426542","96601308","R"
"77","5161 SAN FELIPE ST STE 200, HOUSTON, TX, 77056","Match","Exact","5161 SAN FELIPE ST, HOUSTON, TX, 77056","-95.46541972766,29.750117202733","639268866","L"
"78","12280 ALMEDA RD STE A, HOUSTON, TX, 77045","Match","Non_Exact","12280 ALMEDA RD, HOUSTON, TX, 77045","-95.412331748157,29.632005146791","96595753","R"
"79","12660 BEECHNUT ST STE 160, HOUSTON, TX, 77072","Match","Exact","12660 BEECHNUT ST, HOUSTON, TX, 77072","-95.603288390393,29.689036406163","96602956","L"
"80","11001 W FAIRMONT PKWY STE A, LA PORTE, TX, 77571","Match","Non_Exact","11001 W FAIRMONT PKWY, LA PORTE, TX, 77571","-95.060377361815,29.652003527786","652826754","L"
"81","5546 CAVALCADE ST, HOUSTON, TX, 77026","Match","Exact","5546 CAVALCADE ST, HOUSTON, TX, 77026","-95.313918521446,29.80023299171","96636885","R"
"82","2121 FM 2920 RD, SPRING, TX, 77388","Match","Non_Exact","2121 FM 2920, SPRING, TX, 77388","-95.45227917434,30.070400385909","642146559","R"
"83","10710 CYPRESS CREEK PKWY, HOUSTON, TX, 77070","No_Match"
"84","14315 BELLAIRE BLVD, HOUSTON, TX, 77083","Match","Exact","14315 BELLAIRE BLVD, HOUSTON, TX, 77083","-95.6401767413,29.703940835384","96607992","L"
"85","15703 LONGENBAUGH DR STE R, HOUSTON, TX, 77095","Match","Non_Exact","15703 LONGENBAUGH DR, HOUSTON, TX, 77095","-95.641414819932,29.891087150329","96650965","R"
"86","9345 MANCHESTER ST, HOUSTON, TX, 77012","Match","Exact","9345 MANCHESTER ST, HOUSTON, TX, 77012","-95.261258439849,29.718549434774","96086000","L"
"87","11711 W BELLFORT ST, STAFFORD, TX, 77477","Match","Exact","11711 W BELLFORT ST, STAFFORD, TX, 77477","-95.583669117608,29.657831188216","96598014","L"
"88","14555 HIGHWAY 59 N, HUMBLE, TX, 77396","No_Match"
"89","9333 MILLSVIEW RD, HOUSTON, TX, 77070","Match","Exact","9333 MILLSVIEW RD, HOUSTON, TX, 77070","-95.558362074266,29.964073001701","624653292","L"
"90","2009 S MASON RD, KATY, TX, 77450","No_Match"
"91","11900 BARRYKNOLL LN, HOUSTON, TX, 77024","Match","Exact","11900 BARRYKNOLL LN, HOUSTON, TX, 77024","-95.536962465685,29.778631100553","96630833","R"
"92","520 POST OAK BLVD STE 575, HOUSTON, TX, 77027","Match","Exact","520 POST OAK BLVD, HOUSTON, TX, 77027","-95.45238378877,29.753863059816","637135278","R"
"93","9846 FONDREN RD STE B, HOUSTON, TX, 77096","Match","Non_Exact","9846 FONDREN RD, HOUSTON, TX, 77096","-95.508656665795,29.673096782725","96604148","R"
"94","6225 CHIMNEY ROCK RD, HOUSTON, TX, 77081","Match","Exact","6225 CHIMNEY ROCK RD, HOUSTON, TX, 77081","-95.476299595136,29.713577770884","96033363","L"
"95","13526 EAST FWY, HOUSTON, TX, 77015","Match","Exact","13526 EAST FWY, HOUSTON, TX, 77015","-95.185005499913,29.770174828743","96633148","R"
"96","1124 GREGG ST, HOUSTON, TX, 77020","Match","Exact","1124 GREGG ST, HOUSTON, TX, 77020","-95.33567307241,29.771357990743","96070226","R"
"97","5444 WESTHEIMER RD STE 101, HOUSTON, TX, 77056","Match","Exact","5444 WESTHEIMER RD, HOUSTON, TX, 77056","-95.471545095926,29.739012972834","233390060","R"
"98","9420 CULLEN BLVD, HOUSTON, TX, 77051","Match","Exact","9420 CULLEN BLVD, HOUSTON, TX, 77051","-95.355507912377,29.655213439213","96599574","R"
"99","14800 WESTHEIMER RD STE L, HOUSTON, TX, 77082","Match","Non_Exact","14800 WESTHEIMER RD, HOUSTON, TX, 77082","-95.647065905525,29.735645327327","96618673","L"
"3803","4114 DECKER DR, BAYTOWN, TX, 77520","No_Match"
"3804","1530 ELDRIDGE PKWY, HOUSTON, TX, 77077","Match","Exact","1530 ELDRIDGE PKWY, HOUSTON, TX, 77077","-95.625369279144,29.757470813764","96566593","L"
"3805","11121 S POST OAK RD, HOUSTON, TX, 77035","Match","Exact","11121 S POST OAK RD, HOUSTON, TX, 77035","-95.463905428167,29.657937884846","96039650","L"
"3806","9211 LARONA COVE CT, CYPRESS, TX, 77433","Match","Exact","9211 LARONA COVE CT, CYPRESS, TX, 77433","-95.750574161864,29.910155458006","656052865","R"
"3807","22314 FM 529 RD STE 475, CYPRESS, TX, 77433","No_Match"
"3808","11214 BEECHNUT ST, HOUSTON, TX, 77072","Match","Exact","11214 BEECHNUT ST, HOUSTON, TX, 77072","-95.57585899416,29.688100120375","96603108","R"
"3809","11055 EAST FWY, HOUSTON, TX, 77029","No_Match"
"3800","6620 GESSNER RD APT 6206, HOUSTON, TX, 77040","Match","Exact","6620 GESSNER RD, HOUSTON, TX, 77040","-95.542542573853,29.86339733669","96646465","R"
"3801","11035 EAST FWY, HOUSTON, TX, 77029","Match","Exact","11035 EAST FWY, HOUSTON, TX, 77029","-95.236184383422,29.774168749361","96632592","L"
"3802","7850 FM 1960 BYPASS RD W STE B, HUMBLE, TX, 77338","No_Match"
"3814","3002 GREENRIDGE DR STE B, HOUSTON, TX, 77057","Match","Non_Exact","3002 GREENRIDGE DR, HOUSTON, TX, 77057","-95.489883450867,29.734315108013","96620206","R"
"3815","6900 DIXIE DR, HOUSTON, TX, 77087","No_Match"
"3816","11030 BISSONNET ST STE C1, HOUSTON, TX, 77099","Match","Exact","11030 BISSONNET ST, HOUSTON, TX, 77099","-95.573334937871,29.674449882138","96603255","R"
"3817","15462 FM 529 RD, HOUSTON, TX, 77095","Match","Non_Exact","15462 FM 529, HOUSTON, TX, 77095","-95.64119982459,29.879297992358","642869229","R"
"3818","727 FREEPORT ST STE 3, HOUSTON, TX, 77015","Match","Exact","727 FREEPORT ST, HOUSTON, TX, 77015","-95.178087406966,29.782880258993","96098527","L"
"3819","18006 PARK ROW STE 150, HOUSTON, TX, 77084","No_Match"
"3810","5701 FRANZ RD STE D, KATY, TX, 77493","Match","Non_Exact","5701 FRANZ RD, KATY, TX, 77493","-95.822648504237,29.801474571019","96012452","R"
"3811","15202 S POST OAK RD, HOUSTON, TX, 77053","Match","Exact","15202 S POST OAK RD, HOUSTON, TX, 77053","-95.464781440859,29.605687547094","96040709","R"
"3812","8136 W TIDWELL RD STE B, HOUSTON, TX, 77040","Match","Non_Exact","8136 W TIDWELL RD, HOUSTON, TX, 77040","-95.515966465396,29.850975259446","96024808","R"
"3813","9753 LONG POINT RD, HOUSTON, TX, 77055","Match","Exact","9753 LONG POINT RD, HOUSTON, TX, 77055","-95.53241383879,29.795410570864","96029316","L"
"3820","8484 WILCREST DR, HOUSTON, TX, 77072","Match","Exact","8484 WILCREST DR, HOUSTON, TX, 77072","-95.570113810063,29.687608396267","96603278","R"
"3821","17013 NANES DR, HOUSTON, TX, 77090","Match","Exact","17013 NANES DR, HOUSTON, TX, 77090","-95.447165471361,30.016151196706","642212031","L"
"3822","1824 SENS RD, LA PORTE, TX, 77571","Match","Exact","1824 SENS RD, LA PORTE, TX, 77571","-95.046816107407,29.681783334109","96107425","L"
"3823","3905 SUMPTER ST, HOUSTON, TX, 77020","Match","Exact","3905 SUMPTER ST, HOUSTON, TX, 77020","-95.331300141375,29.78000105522","96078851","L"
"3824","9815 BAMMEL NORTH HOUSTON RD STE G&I, HOUSTON, TX, 77086","No_Match"
"2504","1801 S DAIRY ASHFORD RD STE 105, HOUSTON, TX, 77077","Match","Exact","1801 S DAIRY ASHFORD RD, HOUSTON, TX, 77077","-95.605916010991,29.747501189529","642186998","L"
"2503","5530 PETTY ST, HOUSTON, TX, 77007","Match","Exact","5530 PETTY ST, HOUSTON, TX, 77007","-95.420716984444,29.780593462865","96060117","R"
"2502","5524 CHAPMAN ST, HOUSTON, TX, 77009","Match","Exact","5524 CHAPMAN ST, HOUSTON, TX, 77009","-95.354478028784,29.809598850808","96059146","R"
"2501","5959 WESTHEIMER RD STE 114, HOUSTON, TX, 77057","Match","Exact","5959 WESTHEIMER RD, HOUSTON, TX, 77057","-95.486956605754,29.737643331798","647562165","L"
"2500","2420 GESSNER DR, HOUSTON, TX, 77080","Match","Non_Exact","2420 GESSNER RD, HOUSTON, TX, 77080","-95.545136717756,29.815080483976","96639009","R"
"2509","8210 SCOTT ST, HOUSTON, TX, 77051","Match","Exact","8210 SCOTT ST, HOUSTON, TX, 77051","-95.367027638984,29.672723751177","634332175","R"
"2508","1207 DUNLAVY ST STE B, HOUSTON, TX, 77019","Match","Non_Exact","1207 DUNLAVY ST, HOUSTON, TX, 77019","-95.40223942425,29.755702271327","96062092","L"
"2507","12010 SPRING CYPRESS RD, TOMBALL, TX, 77377","Match","Exact","12010 SPRING CYPRESS RD, TOMBALL, TX, 77377","-95.608152376655,30.012781802263","96577425","L"
"2506","11439 NORTH FWY, HOUSTON, TX, 77060","Match","Exact","11439 NORTH FWY, HOUSTON, TX, 77060","-95.412459917797,29.932576756293","96656302","L"
"2505","5909 SCOTT ST STE E, HOUSTON, TX, 77021","Match","Non_Exact","5909 SCOTT ST, HOUSTON, TX, 77021","-95.358481428795,29.704563464176","96610278","L"
"2515","8446 FONDREN RD, HOUSTON, TX, 77074","Match","Exact","8446 FONDREN RD, HOUSTON, TX, 77074","-95.508842097609,29.687477304331","96037502","R"
"2514","901 ROGERS ST, WEBSTER, TX, 77598","Match","Non_Exact","901 ROGERS CT, WEBSTER, TX, 77598","-95.140554507125,29.53620791252","624839895","L"
"2513","4111 FAIRMONT PKWY STE 101, PASADENA, TX, 77504","Match","Exact","4111 FAIRMONT PKWY, PASADENA, TX, 77504","-95.182485970973,29.651022061504","233364668","L"
"2512","10830 BEECHNUT ST, HOUSTON, TX, 77072","Match","Exact","10830 BEECHNUT ST, HOUSTON, TX, 77072","-95.56960876715,29.688554829788","96603176","L"
"2511","9733 BUFFALO SPEEDWAY, HOUSTON, TX, 77025","Match","Exact","9733 BUFFALO SPEEDWAY, HOUSTON, TX, 77025","-95.426436027225,29.680295170943","96087064","L"
"2510","3520 N MAIN ST, BAYTOWN, TX, 77521","Match","Exact","3520 N MAIN ST, BAYTOWN, TX, 77521","-94.963897318849,29.759653146866","642062814","R"
"2519","2905 MANGUM RD STE A, HOUSTON, TX, 77092","Match","Non_Exact","2905 MANGUM RD, HOUSTON, TX, 77092","-95.459323147257,29.814203494235","96639574","L"
"2518","10928 WESTHEIMER RD STE A, HOUSTON, TX, 77042","Match","Non_Exact","10928 WESTHEIMER RD, HOUSTON, TX, 77042","-95.569064168058,29.736920175715","233387252","L"
"2517","20131 HIGHWAY 59 N, HUMBLE, TX, 77338","No_Match"
"2516","3126 NASA PKWY STE 1, SEABROOK, TX, 77586","Match","Exact","3126 NASA PKWY, SEABROOK, TX, 77586","-95.040800752679,29.561079664939","96116701","L"
"2526","531 DELL DALE ST, CHANNELVIEW, TX, 77530","Match","Exact","531 DELL DALE ST, CHANNELVIEW, TX, 77530","-95.13936861395,29.781021652338","656300887","L"
"2525","1387 KINGWOOD DR, KINGWOOD, TX, 77339","Match","Exact","1387 KINGWOOD DR, KINGWOOD, TX, 77339","-95.239510217105,30.049631341606","233457535","R"
"2524","18550 CHAMPION FOREST DR STE 200, SPRING, TX, 77379","Match","Exact","18550 CHAMPION FOREST DR, SPRING, TX, 77379","-95.555894284723,30.033617110036","624611925","R"
"2523","5520 SHERMAN ST, HOUSTON, TX, 77011","Match","Exact","5520 SHERMAN ST, HOUSTON, TX, 77011","-95.319380857583,29.743322619942","96082075","R"
"2522","12001 BISSONNET ST, HOUSTON, TX, 77099","Match","Exact","12001 BISSONNET ST, HOUSTON, TX, 77099","-95.590133689156,29.675345352798","96603050","L"
"2521","16701 EL CAMINO REAL, HOUSTON, TX, 77062","Match","Exact","16701 EL CAMINO REAL, HOUSTON, TX, 77062","-95.121672114515,29.556412673564","96590077","L"
"2520","28404 HIGHWAY 290 STE G09, CYPRESS, TX, 77433","No_Match"
"2529","9700 HOMESTEAD RD STE B, HOUSTON, TX, 77016","Match","Non_Exact","9700 HOMESTEAD RD, HOUSTON, TX, 77016","-95.300289730896,29.852611955762","233421060","R"
"2528","313 INNSDALE DR, HOUSTON, TX, 77076","Match","Exact","313 INNSDALE DR, HOUSTON, TX, 77076","-95.371648855584,29.850992581142","96056449","L"
"2527","8800 1/2 BROADWAY ST STE A, HOUSTON, TX, 77061","Match","Non_Exact","8800 1/2 BROADWAY ST, HOUSTON, TX, 77061","-95.276811729534,29.6599854753","96599809","R"
"2540","700 BAYBROOK MALL STE B111, FRIENDSWOOD, TX, 77546","No_Match"
"1206","10902 SHADOW WOOD DR, HOUSTON, TX, 77043","Match","Exact","10902 SHADOW WOOD DR, HOUSTON, TX, 77043","-95.570045212033,29.804701487381","96019432","R"
"2537","6312 LAURA KOPPE RD, HOUSTON, TX, 77016","Match","Exact","6312 LAURA KOPPE RD, HOUSTON, TX, 77016","-95.306913671645,29.840644921547","96076702","R"
"1205","502 S SHAVER, PASADENA, TX, 77506","Match","Non_Exact","502 SHAVER ST, PASADENA, TX, 77506","-95.211620817056,29.705212563181","96097832","R"
"2536","7314 LOUETTA RD STE A1, SPRING, TX, 77379","Match","Exact","7314 LOUETTA RD, SPRING, TX, 77379","-95.523945128839,30.020988803376","96664773","L"
"1204","6600 W BELLFORT ST, HOUSTON, TX, 77035","Match","Exact","6600 W BELLFORT ST, HOUSTON, TX, 77035","-95.507172398202,29.656078124611","96598801","L"
"2535","6678 MARTIN LUTHER KING BLVD, HOUSTON, TX, 77033","Match","Exact","6678 MARTIN LUTHER KING JR BLVD, HOUSTON, TX, 77033","-95.33927126509,29.681345791308","96089612","R"
"1203","805 DUMBLE ST, HOUSTON, TX, 77023","Match","Exact","805 DUMBLE ST, HOUSTON, TX, 77023","-95.326614373281,29.739354125654","96081717","L"
"2534","4401 BUCK ST, HOUSTON, TX, 77020","Match","Exact","4401 BUCK ST, HOUSTON, TX, 77020","-95.326374244218,29.770012157333","96155820","L"
"1202","7018 WOODRIDGE DR, HOUSTON, TX, 77087","Match","Exact","7018 WOODRIDGE DR, HOUSTON, TX, 77087","-95.294052306534,29.703511841022","96084139","R"
"2533","8840 WILL CLAYTON PKWY STE H, HUMBLE, TX, 77338","Match","Non_Exact","8840 WILL CLAYTON PKWY, HUMBLE, TX, 77338","-95.254022311499,29.979018392064","655903245","R"
"1201","7302 LEY RD, HOUSTON, TX, 77028","Match","Exact","7302 LEY RD, HOUSTON, TX, 77028","-95.297883844284,29.831292490243","96076970","R"
"2532","1406 AHRENS ST, HOUSTON, TX, 77017","Match","Exact","1406 AHRENS ST, HOUSTON, TX, 77017","-95.244986218099,29.68844426216","96606280","R"
"1200","4711 LOUETTA RD STE 104, SPRING, TX, 77388","Match","Exact","4711 LOUETTA RD, SPRING, TX, 77388","-95.485615683553,30.041786958759","642113263","L"
"2531","143 DYNA DR, HOUSTON, TX, 77060","Match","Exact","143 DYNA DR, HOUSTON, TX, 77060","-95.407123459686,29.922325256221","96653906","L"
"2530","1700 POST OAK BLVD # 1G101, HOUSTON, TX, 77056","Match","Non_Exact","1700 POST OAK BLVD, HOUSTON, TX, 77056","-95.461335196305,29.74883965074","96620518","R"
"1209","5800 BELLAIRE BLVD STE 104, HOUSTON, TX, 77081","Match","Exact","5800 BELLAIRE BLVD, HOUSTON, TX, 77081","-95.482607909409,29.705613254389","96033384","R"
"1208","10306 S POST OAK RD, HOUSTON, TX, 77035","Match","Exact","10306 S POST OAK RD, HOUSTON, TX, 77035","-95.462624477933,29.668811692333","647566802","R"
"2539","9180 BELLAIRE BLVD, HOUSTON, TX, 77036","Match","Exact","9180 BELLAIRE BLVD, HOUSTON, TX, 77036","-95.544936894088,29.704993115875","96608771","R"
"1207","4809 N MAIN ST, HOUSTON, TX, 77009","Match","Exact","4809 N MAIN ST, HOUSTON, TX, 77009","-95.383763954834,29.798769609838","96057933","L"
"2538","4102 CANAL ST, HOUSTON, TX, 77003","Match","Exact","4102 CANAL ST, HOUSTON, TX, 77003","-95.332933742758,29.749814358407","96080001","R"
"1220","2505 BEATTY ST, HOUSTON, TX, 77023","Match","Exact","2505 BEATTY ST, HOUSTON, TX, 77023","-95.310186045262,29.710058653656","96610506","L"
"2551","9654 KATY FWY STE A, HOUSTON, TX, 77055","Match","Non_Exact","9654 KATY FWY, HOUSTON, TX, 77055","-95.531565574922,29.785120099044","96029392","R"
"2550","24510 STATE HIGHWAY 249, TOMBALL, TX, 77375","No_Match"
"1217","3450 FM 1960 RD W, HOUSTON, TX, 77068","Match","Exact","3450 FM 1960 RD W, HOUSTON, TX, 77068","-95.477388766908,29.999441489614","96227981","R"
"2548","7434 EAGLE PASS ST, HOUSTON, TX, 77020","Match","Exact","7434 EAGLE PASS ST, HOUSTON, TX, 77020","-95.294304905095,29.783494221664","96080780","R"
"1216","6101 BELLFORT ST, HOUSTON, TX, 77033","Match","Exact","6101 BELLFORT ST, HOUSTON, TX, 77033","-95.320872095239,29.666396668232","96599728","L"
"2547","161 WEST RD, HOUSTON, TX, 77037","Match","Exact","161 WEST RD, HOUSTON, TX, 77037","-95.409697029618,29.915090578684","644564196","R"
"1215","10900 JONES RD STE 4, HOUSTON, TX, 77065","Match","Exact","10900 JONES RD, HOUSTON, TX, 77065","-95.584717092563,29.931323758769","642474128","L"
"2546","16940 ELLA BLVD STE 109, HOUSTON, TX, 77090","Match","Exact","16940 ELLA BLVD, HOUSTON, TX, 77090","-95.450348776897,30.014186172782","96576540","R"
"1214","5621 BEECHNUT ST STE D, HOUSTON, TX, 77096","Match","Non_Exact","5621 BEECHNUT ST, HOUSTON, TX, 77096","-95.489451990834,29.688754385859","96037783","L"
"2545","9351 RICHMOND AVE, HOUSTON, TX, 77063","Match","Exact","9351 RICHMOND AVE, HOUSTON, TX, 77063","-95.531559467576,29.72894169006","96613984","L"
"1213","9660 WESTHEIMER RD, HOUSTON, TX, 77063","Match","Exact","9660 WESTHEIMER RD, HOUSTON, TX, 77063","-95.537803016537,29.737328403868","233389625","L"
"2544","5200 BISSONNET ST, BELLAIRE, TX, 77401","Match","Exact","5200 BISSONNET ST, BELLAIRE, TX, 77401","-95.470431726984,29.706432317065","96609586","R"
"1212","601 JACKSON AVE, PASADENA, TX, 77506","Match","Exact","601 JACKSON AVE, PASADENA, TX, 77506","-95.20627684237,29.705409409872","96098064","L"
"2543","13566 BISSONNET ST STE 205, HOUSTON, TX, 77083","No_Match"
"1211","7071 LAWNDALE ST, HOUSTON, TX, 77023","Match","Exact","7071 LAWNDALE ST, HOUSTON, TX, 77023","-95.295883040273,29.717381885432","96083885","L"
"2542","10108 BISSONNET ST, HOUSTON, TX, 77036","Match","Exact","10108 BISSONNET ST, HOUSTON, TX, 77036","-95.557041773517,29.674915788049","96603504","R"
"1210","1434 SHERWOOD FOREST ST, HOUSTON, TX, 77043","Match","Exact","1434 SHERWOOD FOREST ST, HOUSTON, TX, 77043","-95.579497136644,29.791600886722","637143233","R"
"2541","9000 FONDREN RD APT 168, HOUSTON, TX, 77074","Match","Exact","9000 FONDREN RD, HOUSTON, TX, 77074","-95.508768612869,29.680388420801","96604130","R"
"1219","8315 SPENCER HWY, DEER PARK, TX, 77536","Match","Exact","8315 SPENCER HWY, DEER PARK, TX, 77536","-95.112196858685,29.66395675632","652653034","L"
"1218","1622 W 18TH ST, HOUSTON, TX, 77008","Match","Exact","1622 W 18TH ST, HOUSTON, TX, 77008","-95.429000973377,29.801587978242","96054451","L"
"2549","1900 HIGHWAY 146 S STE 200, LA PORTE, TX, 77571","Match","Non_Exact","1900 STATE HWY 146, LA PORTE, TX, 77571","-95.029391745618,29.689445003275","638130785","R"
"1231","20329 STATE HIGHWAY 249 STE 450, HOUSTON, TX, 77070","No_Match"
"2562","4934 ANGLETON ST, HOUSTON, TX, 77033","Match","Exact","4934 ANGLETON ST, HOUSTON, TX, 77033","-95.350278580055,29.66496094667","96089784","R"
"1230","101 TIDWELL RD STE A, HOUSTON, TX, 77022","Match","Non_Exact","101 TIDWELL RD, HOUSTON, TX, 77022","-95.37767042736,29.845645600185","96057219","L"
"2561","15307 SILVERTON STONE LN, CYPRESS, TX, 77429","Match","Exact","15307 SILVERTON STONE LN, CYPRESS, TX, 77429","-95.669888336041,29.998659064464","653304433","R"
"2560","5302 MORNINGSIDE DR, HOUSTON, TX, 77005","Match","Exact","5302 MORNINGSIDE DR, HOUSTON, TX, 77005","-95.415007182446,29.718237241707","96063827","R"
"1228","2227 NORTHPARK DR, KINGWOOD, TX, 77339","Match","Exact","2227 NORTHPARK DR, KINGWOOD, TX, 77339","-95.215087677019,30.068906027038","96668563","R"
"2559","1808 ANTOINE DR STE B, HOUSTON, TX, 77055","Match","Non_Exact","1808 ANTOINE DR, HOUSTON, TX, 77055","-95.475399935426,29.803204164145","96635747","R"
"1227","10541 CYPRESS CREEK PKWY, HOUSTON, TX, 77070","Match","Non_Exact","10541 CYPRESS CREEK, HOUSTON, TX, 77070","-95.579731505591,29.934973846605","233436018","L"
"2558","416 ALMEDA MALL, HOUSTON, TX, 77075","No_Match"
"1226","9330 JONES RD, HOUSTON, TX, 77065","Match","Exact","9330 JONES RD, HOUSTON, TX, 77065","-95.5844718315,29.907730937579","96142312","R"
"2557","4004 BELLAIRE BLVD, HOUSTON, TX, 77025","Match","Exact","4004 BELLAIRE BLVD, HOUSTON, TX, 77025","-95.441204137441,29.706024777588","641936260","R"
"1225","1611 N ALEXANDER DR, BAYTOWN, TX, 77520","Match","Exact","1611 N ALEXANDER DR, BAYTOWN, TX, 77520","-94.953838085233,29.740054580791","96111097","R"
"2556","8705 AIRLINE DR, HOUSTON, TX, 77037","Match","Exact","8705 AIRLINE DR, HOUSTON, TX, 77037","-95.39274019652,29.885831518316","96649660","L"
"1224","2807 N SHEPHERD DR STE B, HOUSTON, TX, 77008","Match","Non_Exact","2807 N SHEPHERD DR, HOUSTON, TX, 77008","-95.410373679381,29.812004506427","96055107","L"
"2555","3727 W ALABAMA ST, HOUSTON, TX, 77027","Match","Exact","3727 W ALABAMA ST, HOUSTON, TX, 77027","-95.43769859619,29.738196514053","96620727","L"
"1223","2906 N MAIN ST, BAYTOWN, TX, 77521","Match","Exact","2906 N MAIN ST, BAYTOWN, TX, 77521","-94.963774613372,29.753648023001","640627325","L"
"2554","3407 GENOA RED BLUFF RD, PASADENA, TX, 77505","Match","Exact","3407 GENOA RED BLUFF RD, PASADENA, TX, 77505","-95.140932834082,29.631471728246","641636244","R"
"1222","707 WAYSIDE DR, HOUSTON, TX, 77011","Match","Non_Exact","707 N WAYSIDE DR, HOUSTON, TX, 77011","-95.304588631673,29.741142822721","96082961","L"
"2553","11041 WESTHEIMER RD, HOUSTON, TX, 77042","Match","Exact","11041 WESTHEIMER RD, HOUSTON, TX, 77042","-95.57111100688,29.736649985685","96619227","L"
"1221","3117 MAIN ST, HOUSTON, TX, 77002","Match","Exact","3117 MAIN ST, HOUSTON, TX, 77002","-95.37662652902,29.742073319559","96070922","L"
"2552","25820 CLAY RD STE A, KATY, TX, 77493","Match","Non_Exact","25820 CLAY RD, KATY, TX, 77493","-95.820528918737,29.831397971167","654307507","L"
"1229","6467 WESTHEIMER RD STE A, HOUSTON, TX, 77057","Match","Non_Exact","6467 WESTHEIMER RD, HOUSTON, TX, 77057","-95.498886459094,29.737467758474","647634107","L"
"1242","6626 SOUTHWEST FWY, HOUSTON, TX, 77074","Match","Exact","6626 SOUTHWEST FWY, HOUSTON, TX, 77074","-95.500020406603,29.716522334391","96614594","R"
"2573","2955 KIRBY DR, HOUSTON, TX, 77098","Match","Exact","2955 KIRBY DR, HOUSTON, TX, 77098","-95.418659218511,29.739172194848","96063061","L"
"1241","2619 RED BLUFF RD, PASADENA, TX, 77506","Match","Exact","2619 RED BLUFF RD, PASADENA, TX, 77506","-95.174581892419,29.69568085216","96611774","L"
"2572","2100 BINZ ST, HOUSTON, TX, 77004","No_Match"
"1240","5923 SPENCER HWY, PASADENA, TX, 77505","Match","Exact","5923 SPENCER HWY, PASADENA, TX, 77505","-95.150434359565,29.665789747184","96547694","L"
"2571","11410 E FREEWAY STE 100, HOUSTON, TX, 77029","No_Match"
"2570","4902 TELEPHONE RD, HOUSTON, TX, 77087","Match","Exact","4902 TELEPHONE RD, HOUSTON, TX, 77087","-95.298860717061,29.691289353869","96091738","R"
"1239","1107 SHAVER ST BLDG 2, PASADENA, TX, 77506","Match","Exact","1107 SHAVER ST, PASADENA, TX, 77506","-95.211335392037,29.693611192938","96103028","L"
"1238","800 S WAYSIDE DR # A, HOUSTON, TX, 77023","Match","Non_Exact","800 S WAYSIDE DR, HOUSTON, TX, 77023","-95.308870562693,29.730630724875","96083140","R"
"2569","2002 FRY RD STE 115B, HOUSTON, TX, 77084","No_Match"
"1237","903 GARNER RD STE A, PASADENA, TX, 77502","Match","Non_Exact","903 GARNER RD, PASADENA, TX, 77502","-95.201517006291,29.683711039471","96103927","L"
"2568","5800 N HOUSTON ROSSLYN RD, HOUSTON, TX, 77091","Match","Exact","5800 N HOUSTON ROSSLYN RD, HOUSTON, TX, 77091","-95.473636902428,29.85108553269","96647000","R"
"1236","11205 BELLAIRE BLVD, HOUSTON, TX, 77072","Match","Exact","11205 BELLAIRE BLVD, HOUSTON, TX, 77072","-95.575514732287,29.703804306968","96608386","L"
"2567","17105 CLAY RD STE A, HOUSTON, TX, 77084","Match","Non_Exact","17105 CLAY RD, HOUSTON, TX, 77084","-95.669785173035,29.831004913293","642471150","R"
"1235","12400 FM 1960 RD W, HOUSTON, TX, 77065","Match","Exact","12400 FM 1960 RD W, HOUSTON, TX, 77065","-95.598718966552,29.924688906131","96579582","L"
"2566","17590 KUYKENDAHL RD, SPRING, TX, 77379","Match","Exact","17590 KUYKENDAHL RD, SPRING, TX, 77379","-95.479352379425,30.028738377475","642112809","R"
"1234","6141 GRIGGS RD, HOUSTON, TX, 77023","Match","Exact","6141 GRIGGS RD, HOUSTON, TX, 77023","-95.315896603753,29.702486098825","96082820","L"
"2565","9606 SPENCER HWY STE B, LA PORTE, TX, 77571","Match","Non_Exact","9606 SPENCER HWY, LA PORTE, TX, 77571","-95.089133248731,29.664269582127","96552214","R"
"1233","733 STUDEWOOD ST, HOUSTON, TX, 77007","Match","Exact","733 STUDEWOOD ST, HOUSTON, TX, 77007","-95.387794717585,29.784537428201","96061645","L"
"2564","422 W NASA RD 1, WEBSTER, TX, 77598","Match","Exact","422 W NASA RD 1, WEBSTER, TX, 77598","-95.121307460997,29.535404119716","96116159","R"
"1232","5816 ALDER DR, HOUSTON, TX, 77081","Match","Exact","5816 ALDER DR, HOUSTON, TX, 77081","-95.480708722989,29.718510300341","96614948","R"
"2563","3316 S SHAVER ST STE 5A & B, PASADENA, TX, 77034","Match","Non_Exact","3316 SHAVER ST, PASADENA, TX, 77504","-95.208290856451,29.660539573378","96600542","R"
"1253","17023 FM 529 RD, HOUSTON, TX, 77095","Match","Non_Exact","17023 FM 529, HOUSTON, TX, 77095","-95.672599579007,29.878931219881","652229192","R"
"2584","12630 BRIAR FOREST DR, HOUSTON, TX, 77077","Match","Exact","12630 BRIAR FOREST DR, HOUSTON, TX, 77077","-95.607563480115,29.754060727641","96623960","L"
"1252","1901 ALLEN GENOA RD, PASADENA, TX, 77502","Match","Exact","1901 ALLEN-GENOA RD, PASADENA, TX, 77502","-95.230248782764,29.684472226122","642479586","L"
"2583","11734 BARKER CYPRESS RD STE 104, CYPRESS, TX, 77433","Match","Exact","11734 BARKER CYPRESS RD, CYPRESS, TX, 77433","-95.682710281086,29.93331335136","644883171","L"
"1251","2370 WW THORNE BLVD, HOUSTON, TX, 77073","No_Match"
"2582","6865 S GESSNER RD, HOUSTON, TX, 77036","Match","Exact","6865 S GESSNER RD, HOUSTON, TX, 77036","-95.538040180607,29.706261352254","96608889","L"
"1250","612 N VICTORY DR, HOUSTON, TX, 77088","Match","Non_Exact","612 N VICTORY ST, HOUSTON, TX, 77088","-95.414369742522,29.870962038544","96649593","L"
"2581","6415 HILLCROFT ST, HOUSTON, TX, 77081","Match","Exact","6415 HILLCROFT ST, HOUSTON, TX, 77081","-95.494669686929,29.712908374757","96614702","L"
"2580","15914 TELGE RD STE A, CYPRESS, TX, 77429","Match","Non_Exact","15914 TELGE RD, CYPRESS, TX, 77429","-95.65414177898,30.008068936889","642478808","R"
"1249","18030 FM 529 RD, CYPRESS, TX, 77433","Match","Non_Exact","18030 FM 529, CYPRESS, TX, 77433","-95.686776400927,29.880124084987","649116919","L"
"1248","376 CYPRESS CREEK PKWY STE A, HOUSTON, TX, 77090","Tie"
"2579","544 W NASA PKWY, WEBSTER, TX, 77598","Match","Exact","544 W NASA PKWY, WEBSTER, TX, 77598","-95.122629338872,29.534450465794","96116157","R"
"1247","17602 W LITTLE YORK RD STE 7, HOUSTON, TX, 77084","Match","Exact","17602 W LITTLE YORK RD, HOUSTON, TX, 77084","-95.676142205662,29.865435421203","96289528","L"
"2578","2404 GESSNER RD STE C, HOUSTON, TX, 77080","Match","Non_Exact","2404 GESSNER RD, HOUSTON, TX, 77080","-95.545134047543,29.814610909918","96639006","R"
"1246","6024 GULFTON ST, HOUSTON, TX, 77081","Match","Exact","6024 GULFTON ST, HOUSTON, TX, 77081","-95.488034468419,29.716447594092","96614894","R"
"2577","21502 ALDINE WESTFIELD RD STE E, HUMBLE, TX, 77338","Match","Non_Exact","21502 ALDINE WESTFIELD RD, HUMBLE, TX, 77338","-95.381105635286,30.027027837803","642112961","R"
"1245","6001 RANCHESTER DR APT 22, HOUSTON, TX, 77036","Match","Exact","6001 RANCHESTER DR, HOUSTON, TX, 77036","-95.545915431399,29.712857516155","96608720","L"
"2576","6742 HILLCROFT ST, HOUSTON, TX, 77081","Match","Exact","6742 HILLCROFT ST, HOUSTON, TX, 77081","-95.493134314573,29.706484552662","96609258","R"
"1244","557 UVALDE RD, HOUSTON, TX, 77015","Match","Exact","557 UVALDE RD, HOUSTON, TX, 77015","-95.186835205809,29.786444876265","96096956","L"
"2575","21941 ROSEHILL RESERVE DR STE 110, TOMBALL, TX, 77377","No_Match"
"1243","6801B HARRISBURG BLVD, HOUSTON, TX, 77011","Match","Non_Exact","6801B HARRISBURG BLVD, HOUSTON, TX, 77011","-95.306219460806,29.736957889039","96082989","L"
"2574","8102 FRY RD STE C, CYPRESS, TX, 77433","No_Match"
"1264","302 WATERFRONT DR, SEABROOK, TX, 77586","Match","Exact","302 WATERFRONT DR, SEABROOK, TX, 77586","-95.019960800274,29.5501401284","96117388","R"
"2595","8668 S BRAESWOOD BLVD, HOUSTON, TX, 77031","Match","Exact","8668 S BRAESWOOD BLVD, HOUSTON, TX, 77031","-95.530766187134,29.67155679067","96603795","R"
"1263","12401 HILLCROFT ST, HOUSTON, TX, 77035","Match","Exact","12401 HILLCROFT ST, HOUSTON, TX, 77035","-95.492931276286,29.642800950165","233356585","R"
"2594","3370 SHAVER ST, PASADENA, TX, 77504","Match","Exact","3370 SHAVER ST, PASADENA, TX, 77504","-95.208271065142,29.659348451727","96600548","R"
"1262","8208 BARKER CYPRESS RD, CYPRESS, TX, 77433","Match","Exact","8208 BARKER CYPRESS RD, CYPRESS, TX, 77433","-95.68406994962,29.897857846965","642106833","R"
"2593","2940 S SHAVER STA, SOUTH HOUSTON, TX, 77502","Match","Non_Exact","2940 SHAVER ST, PASADENA, TX, 77502","-95.207998208707,29.667523736262","96103676","R"
"1261","9503 JONES RD, HOUSTON, TX, 77065","Match","Exact","9503 JONES RD, HOUSTON, TX, 77065","-95.584627585725,29.910069871276","96006239","L"
"2592","5101 YALE ST, HOUSTON, TX, 77018","Match","Exact","5101 YALE ST, HOUSTON, TX, 77018","-95.403025131893,29.84009156341","96054735","L"
"1260","5655 E SAM HOUSTON PKWY N, HOUSTON, TX, 77015","Match","Non_Exact","5655 SAM HOUSTON PKWY, HOUSTON, TX, 77015","-95.163867876184,29.806549455607","233413704","R"
"2591","1601 HOLLAND ST, JACINTO CITY, TX, 77029","Match","Non_Exact","1601 HOLLAND, JACINTO CITY, TX, 77029","-95.233628023577,29.762614839859","96625991","L"
"2590","21502 ALDINE WESTFIELD RD, HUMBLE, TX, 77338","Match","Exact","21502 ALDINE WESTFIELD RD, HUMBLE, TX, 77338","-95.381105635286,30.027027837803","642112961","R"
"1259","6929 LONG POINT RD, HOUSTON, TX, 77055","Match","Exact","6929 LONG POINT RD, HOUSTON, TX, 77055","-95.470375610009,29.802826077425","644616002","L"
"1258","13514 TIDWELL RD STE 500, HOUSTON, TX, 77044","Match","Exact","13514 TIDWELL RD, HOUSTON, TX, 77044","-95.188954788434,29.853234442457","638592419","R"
"2589","10133 LOUETTA RD, HOUSTON, TX, 77070","Match","Exact","10133 LOUETTA RD, HOUSTON, TX, 77070","-95.561183730524,30.000374609428","96164709","R"
"1257","4029 BURKE RD APT 3802, PASADENA, TX, 77504","Match","Exact","4029 BURKE RD, PASADENA, TX, 77504","-95.181056670132,29.646553030434","233363791","R"
"2588","265 CYPRESSWOOD DR, SPRING, TX, 77388","Match","Exact","265 CYPRESSWOOD DR, SPRING, TX, 77388","-95.43663896245,30.050911761953","233458907","R"
"1256","1440 STUDEMONT ST, HOUSTON, TX, 77007","Match","Exact","1440 STUDEMONT ST, HOUSTON, TX, 77007","-95.390518635026,29.774162381747","96061696","R"
"2587","2312 N ALEXANDER DR, BAYTOWN, TX, 77520","Match","Exact","2312 N ALEXANDER DR, BAYTOWN, TX, 77520","-94.949209602835,29.745387360174","638203803","R"
"1255","2954 FULTON ST, HOUSTON, TX, 77009","Match","Exact","2954 FULTON ST, HOUSTON, TX, 77009","-95.360341460864,29.788403721598","96066103","R"
"2586","12630 BRIAR FOREST DR, HOUSTON, TX, 77077","Match","Exact","12630 BRIAR FOREST DR, HOUSTON, TX, 77077","-95.607563480115,29.754060727641","96623960","L"
"1254","5920 HIGHWAY 6 N STE 1002, HOUSTON, TX, 77084","No_Match"
"2585","2104 WARDMONT ST, HOUSTON, TX, 77093","Match","Exact","2104 WARDMONT ST, HOUSTON, TX, 77093","-95.35445191165,29.880396482132","96056625","R"
"1275","20017 BRIDGELAND CREEK PKWY, CYPRESS, TX, 77433","No_Match"
"1274","4150 LAURA KOPPE RD STE A, HOUSTON, TX, 77093","Match","Non_Exact","4150 LAURA KOPPE RD, HOUSTON, TX, 77093","-95.327812419523,29.840359456815","96075870","R"
"1273","572 EL DORADO BLVD, WEBSTER, TX, 77598","Match","Exact","572 EL DORADO BLVD, WEBSTER, TX, 77598","-95.14138473192,29.561356765731","96589991","R"
"1272","6272 WILCREST DR, HOUSTON, TX, 77072","Match","Exact","6272 WILCREST DR, HOUSTON, TX, 77072","-95.571417461358,29.712239298764","96613078","R"
"1271","14710 STERLING GREEN BLVD, HOUSTON, TX, 77015","Match","Exact","14710 STERLING GREEN BLVD, HOUSTON, TX, 77015","-95.162016947179,29.80005701704","642103897","R"
"1270","13484 NORTHWEST FWY BLDG 1, HOUSTON, TX, 77040","Match","Exact","13484 NORTHWEST FWY, HOUSTON, TX, 77040","-95.510250602944,29.852048753963","96646723","R"
"1269","2300 N GESSNER, HOUSTON, TX, 77080","Match","Non_Exact","2300 GESSNER RD, HOUSTON, TX, 77080","-95.545137413459,29.814073093595","96639004","R"
"1268","4820 HIGHWAY 6 N, HOUSTON, TX, 77084","Match","Non_Exact","4820 STATE HWY 6, HOUSTON, TX, 77084","-95.645705409902,29.846688683041","233347441","R"
"2599","11916 BISSONNET ST STE 178, HOUSTON, TX, 77099","Match","Exact","11916 BISSONNET ST, HOUSTON, TX, 77099","-95.588756699419,29.675369302684","96603050","R"
"1267","7200 LYONS AVE, HOUSTON, TX, 77020","Match","Exact","7200 LYONS AVE, HOUSTON, TX, 77020","-95.297721622741,29.776564725184","96417925","R"
"2598","10064 LONG POINT RD, HOUSTON, TX, 77055","Match","Exact","10064 LONG POINT RD, HOUSTON, TX, 77055","-95.543084346878,29.794323443822","96022952","R"
"1266","10606 HEMPSTEAD RD STE 118, HOUSTON, TX, 77092","Match","Exact","10606 HEMPSTEAD RD, HOUSTON, TX, 77092","-95.469965799181,29.808776523075","96635832","R"
"2597","19322 HIGHWAY 59 N, HUMBLE, TX, 77338","Match","Non_Exact","19322 US HWY 59, HUMBLE, TX, 77338","-95.270568422549,29.99734449478","642864590","R"
"1265","2520 AIRLINE DR, HOUSTON, TX, 77009","Match","Exact","2520 AIRLINE DR, HOUSTON, TX, 77009","-95.381946712073,29.810069603101","96057887","R"
"2596","1005 BLALOCK RD UNIT E, HOUSTON, TX, 77055","Match","Non_Exact","1005 BLALOCK RD, HOUSTON, TX, 77055","-95.521338300777,29.785186530431","96630872","L"
"1286","7005 HIGHWAY 225, DEER PARK, TX, 77536","No_Match"
"1285","7200 ELDRIDGE PKWY STE O, HOUSTON, TX, 77083","Match","Non_Exact","7200 ELDRIDGE PKWY, HOUSTON, TX, 77083","-95.62402782725,29.703321037842","649857214","L"
"1284","10910 WILL CLAYTON PKWY, HUMBLE, TX, 77396","Match","Non_Exact","10910 WILL CLAYTON BLVD, HUMBLE, TX, 77396","-95.217498463707,29.979123001695","643350211","R"
"1283","8508 FM 1960 BYPASS RD W, HUMBLE, TX, 77338","Match","Exact","8508 FM 1960 BYPASS RD W, HUMBLE, TX, 77338","-95.296650688555,30.004754651588","233443955","R"
"1282","12701 WINDFERN RD, HOUSTON, TX, 77064","Match","Exact","12701 WINDFERN RD, HOUSTON, TX, 77064","-95.57004957176,29.933460478716","642210545","L"
"1281","3645 CYPRESS CREEK PKWY, HOUSTON, TX, 77068","No_Match"
"1280","3151 BRIARPARK DR STE 175, HOUSTON, TX, 77042","Match","Exact","3151 BRIARPARK DR, HOUSTON, TX, 77042","-95.548976441288,29.731494929551","96613816","L"
"1279","16048 WEST RD, HOUSTON, TX, 77095","Match","Exact","16048 WEST RD, HOUSTON, TX, 77095","-95.648789829204,29.907786718587","96552520","L"
"1278","2350 PEASE ST, HOUSTON, TX, 77003","Match","Exact","2350 PEASE ST, HOUSTON, TX, 77003","-95.35752397509,29.744686992983","635392655","R"
"1277","7203 MARTIN LUTHER KING BLVD, HOUSTON, TX, 77033","Match","Exact","7203 MARTIN LUTHER KING JR BLVD, HOUSTON, TX, 77033","-95.336338186905,29.674615360918","96089679","L"
"1276","819 ANTOINE DR, HOUSTON, TX, 77024","Match","Exact","819 ANTOINE DR, HOUSTON, TX, 77024","-95.475578303414,29.781415987222","645182199","L"
"1297","443 UVALDE RD, HOUSTON, TX, 77015","Match","Exact","443 UVALDE RD, HOUSTON, TX, 77015","-95.186858416247,29.790558509589","642473480","L"
"1296","1928 EL DORADO BLVD, HOUSTON, TX, 77062","Match","Exact","1928 EL DORADO BLVD, HOUSTON, TX, 77062","-95.12186028485,29.577628544518","96590958","R"
"1295","13750A EAST FWY, HOUSTON, TX, 77015","Match","Non_Exact","13750A EAST FWY, HOUSTON, TX, 77015","-95.177406030139,29.770191943372","96633141","R"
"1294","11230 PLAINFIELD ST, HOUSTON, TX, 77031","Match","Exact","11230 PLAINFIELD ST, HOUSTON, TX, 77031","-95.542480097816,29.656741878955","96036729","R"
"1293","11683 WESTHEIMER RD, HOUSTON, TX, 77077","Match","Exact","11683 WESTHEIMER RD, HOUSTON, TX, 77077","-95.58350193953,29.736435462805","642188306","R"
"1292","7701 MAIN ST # A1217, HOUSTON, TX, 77030","Match","Non_Exact","7701 MAIN ST, HOUSTON, TX, 77030","-95.412399987904,29.696873228008","96063993","L"
"1291","5150 BUFFALO SPEEDWAY, HOUSTON, TX, 77005","Match","Exact","5150 BUFFALO SPEEDWAY, HOUSTON, TX, 77005","-95.427929490278,29.727603812759","96062911","R"
"1290","425 PASADENA BLVD, PASADENA, TX, 77506","Match","Exact","425 PASADENA BLVD, PASADENA, TX, 77506","-95.201013577472,29.705949657498","96098095","L"
"1289","15919 NORTH FWY, HOUSTON, TX, 77090","Match","Non_Exact","15919 N FREEWAY SVC RD, HOUSTON, TX, 77090","-95.426122680309,29.997943306965","96662810","L"
"1288","25108 MARKET PLACE DR, KATY, TX, 77494","Match","Exact","25108 MARKET PLACE DR, KATY, TX, 77494","-95.804115847114,29.782230730194","96573493","L"
"1287","6715 BISSONNET ST STE 300, HOUSTON, TX, 77074","Match","Exact","6715 BISSONNET ST, HOUSTON, TX, 77074","-95.501203144512,29.690567976395","96604114","L"
"3002","2412 PASADENA BLVD STE A, PASADENA, TX, 77502","Match","Non_Exact","2412 PASADENA BLVD, PASADENA, TX, 77502","-95.178096498513,29.682117516793","644888713","R"
"3001","3507 PAINTBRUSH DAWN CT, KATY, TX, 77493","Match","Exact","3507 PAINTBRUSH DAWN CT, KATY, TX, 77493","-95.777725720791,29.822492402299","641967170","L"
"3000","6345 WINDSWEPT LN STE 1, HOUSTON, TX, 77057","Match","Exact","6345 WINDSWEPT LN, HOUSTON, TX, 77057","-95.494282451092,29.725990838296","96614400","L"
"1299","2520 AIRLINE DR, HOUSTON, TX, 77009","Match","Exact","2520 AIRLINE DR, HOUSTON, TX, 77009","-95.381946712073,29.810069603101","96057887","R"
"1298","20017 BRIDGELAND CREEK PKWY, CYPRESS, TX, 77433","No_Match"
"3013","792 NORMANDY ST, HOUSTON, TX, 77015","Match","Exact","792 NORMANDY ST, HOUSTON, TX, 77015","-95.205624951559,29.781186216285","645413764","L"
"3012","4718 LOCKWOOD DR, HOUSTON, TX, 77026","Match","Exact","4718 LOCKWOOD DR, HOUSTON, TX, 77026","-95.316944391221,29.803234645327","96076618","R"
"3011","5827 N SAM HOUSTON PKWY E, HUMBLE, TX, 77396","Match","Non_Exact","5827 SAM HOUSTON PKWY, HUMBLE, TX, 77396","-95.303269205486,29.940359831314","638180598","L"
"3010","8021 N MAIN ST, HOUSTON, TX, 77022","Match","Exact","8021 N MAIN ST, HOUSTON, TX, 77022","-95.394740485077,29.822351890243","96055416","L"
"3009","9230 JENSEN DR STE C, HOUSTON, TX, 77093","Match","Non_Exact","9230 JENSEN DR, HOUSTON, TX, 77093","-95.342823860154,29.845096936724","641823977","R"
"3008","16902 TUCKERTON RD, HOUSTON, TX, 77095","Match","Exact","16902 TUCKERTON RD, HOUSTON, TX, 77095","-95.66857698665,29.917679825096","616953899","L"
"3007","6750 TELEPHONE RD, HOUSTON, TX, 77061","Match","Exact","6750 TELEPHONE RD, HOUSTON, TX, 77061","-95.289156315116,29.663951326391","233359519","R"
"400","11509 VETERANS MEMORIAL DR, HOUSTON, TX, 77067","Match","Exact","11509 VETERANS MEMORIAL DR, HOUSTON, TX, 77067","-95.468928393024,29.949091747763","96578130","L"
"3006","3800 IRVINGTON BLVD, HOUSTON, TX, 77009","No_Match"
"401","15795 BELLAIRE BLVD, HOUSTON, TX, 77083","Match","Exact","15795 BELLAIRE BLVD, HOUSTON, TX, 77083","-95.664352319587,29.699791251887","96607880","R"
"3005","25111 GOSLING RD, SPRING, TX, 77389","Match","Exact","25111 GOSLING RD, SPRING, TX, 77389","-95.505836022755,30.129007235624","642121436","L"
"402","3700 W BAKER RD, BAYTOWN, TX, 77521","Match","Exact","3700 W BAKER RD, BAYTOWN, TX, 77521","-95.004218403872,29.770979472062","96634201","L"
"3004","23119 COLONIAL PKWY STE 25, KATY, TX, 77449","Match","Exact","23119 COLONIAL PKWY, KATY, TX, 77449","-95.773288971554,29.793769502255","638127944","R"
"403","4200 CYPRESS CREEK PKWY APT 823, HOUSTON, TX, 77068","No_Match"
"3003","6345 WINDSWEPT LN, HOUSTON, TX, 77057","Match","Exact","6345 WINDSWEPT LN, HOUSTON, TX, 77057","-95.494282451092,29.725990838296","96614400","L"
"404","8130 KIRBY DR, HOUSTON, TX, 77054","Match","Exact","8130 KIRBY DR, HOUSTON, TX, 77054","-95.412591988407,29.689054465379","96604778","R"
"405","2424 GREENHOUSE RD STE 110, HOUSTON, TX, 77084","Match","Exact","2424 GREENHOUSE RD, HOUSTON, TX, 77084","-95.703915380126,29.803928925289","96634959","R"
"406","1502 ALDINE MAIL RD STE 2, HOUSTON, TX, 77039","Match","Exact","1502 ALDINE MAIL RD, HOUSTON, TX, 77039","-95.363349433105,29.902222757433","96651994","R"
"407","23647 KATY FWY, KATY, TX, 77494","Match","Exact","23647 KATY FWY, KATY, TX, 77494","-95.781751900793,29.784807389734","646711408","R"
"408","6417 HELMERS ST, HOUSTON, TX, 77022","Match","Exact","6417 HELMERS ST, HOUSTON, TX, 77022","-95.365527974751,29.816512782684","96058217","L"
"409","6906 ATWELL, HOUSTON, TX, 77081","Match","Non_Exact","6906 ATWELL DR, HOUSTON, TX, 77081","-95.482604529581,29.705394497109","96033387","R"
"3024","4303 CHARRITON DR, HOUSTON, TX, 77039","Match","Exact","4303 CHARRITON DR, HOUSTON, TX, 77039","-95.331500775784,29.905573690124","96046411","L"
"3023","9665 FM 1960 BYPASS RD W, HUMBLE, TX, 77338","Match","Exact","9665 FM 1960 BYPASS RD W, HUMBLE, TX, 77338","-95.283786301325,30.005096356711","647692508","L"
"3022","12141 WESTHEIMER RD, HOUSTON, TX, 77077","Match","Exact","12141 WESTHEIMER RD, HOUSTON, TX, 77077","-95.594890382411,29.736204042322","96619056","R"
"3021","2332 NASA PKWY, HOUSTON, TX, 77058","Match","Non_Exact","2332 E NASA PKWY, HOUSTON, TX, 77058","-95.08472422011,29.552783478542","233350877","R"
"3020","5226 REGAL GEM LN, KATY, TX, 77493","Match","Non_Exact","5226 REGAL GEM, KATY, TX, 77493","-95.793838835262,29.850150783922","652751510","R"
"3019","9645 HOMESTEAD RD, HOUSTON, TX, 77016","Match","Exact","9645 HOMESTEAD RD, HOUSTON, TX, 77016","-95.301016107379,29.850751295064","96644265","L"
"410","921 CROSSTIMBERS ST, HOUSTON, TX, 77022","Match","Exact","921 CROSSTIMBERS ST, HOUSTON, TX, 77022","-95.387310965276,29.828671085227","96055064","L"
"3018","1700 POST OAK BLVD STE 600, HOUSTON, TX, 77056","Match","Exact","1700 POST OAK BLVD, HOUSTON, TX, 77056","-95.461335196305,29.74883965074","96620518","R"
"411","1514 WHITE OAK DR, HOUSTON, TX, 77009","Match","Exact","1514 WHITE OAK DR, HOUSTON, TX, 77009","-95.372915671717,29.781117386464","96065807","R"
"3017","7433 1/2 BISSONNET ST, HOUSTON, TX, 77074","Match","Non_Exact","7433 1/2 BISSONNET ST, HOUSTON, TX, 77074","-95.512371364168,29.684859166628","96604035","L"
"412","4415 OSBY DR, HOUSTON, TX, 77096","Match","Exact","4415 OSBY DR, HOUSTON, TX, 77096","-95.452240219684,29.676247101882","96039911","L"
"3016","11404 MARTIN LUTHER KING BLVD, HOUSTON, TX, 77048","Match","Exact","11404 MARTIN LUTHER KING JR BLVD, HOUSTON, TX, 77048","-95.33945552351,29.63681079215","656288463","R"
"413","9340 FUQUA ST STE B, HOUSTON, TX, 77075","Match","Non_Exact","9340 FUQUA ST, HOUSTON, TX, 77075","-95.251483923243,29.610932161097","96549640","R"
"3015","8641 SCOTT ST, HOUSTON, TX, 77051","Match","Exact","8641 SCOTT ST, HOUSTON, TX, 77051","-95.368115361377,29.666206040969","96088738","L"
"414","1740 JENKINS RD, PASADENA, TX, 77506","Match","Exact","1740 JENKINS RD, PASADENA, TX, 77506","-95.188134478441,29.696071819921","608476331","R"
"3014","767 KENRICK DR STE 100, HOUSTON, TX, 77060","Match","Exact","767 KENRICK DR, HOUSTON, TX, 77060","-95.385580039532,29.942019220289","96656722","L"
"415","8075 FM 1960 RD E, HUMBLE, TX, 77346","Match","Non_Exact","8075 FM 1960 RD, HUMBLE, TX, 77346","-95.156077490953,30.001660720167","642211607","L"
"416","16340 WALLISVILLE RD STE 200, HOUSTON, TX, 77049","Match","Exact","16340 WALLISVILLE RD, HOUSTON, TX, 77049","-95.153001921485,29.811515717955","653304239","R"
"417","31710 FM 1485 RD STE B, NEW CANEY, TX, 77357","Match","Non_Exact","31710 FM 1485 RD, NEW CANEY, TX, 77357","-95.110365547405,30.139286052409","96141660","R"
"418","1117 COLLINGSWORTH ST, HOUSTON, TX, 77009","Match","Exact","1117 COLLINGSWORTH ST, HOUSTON, TX, 77009","-95.356825167162,29.793202386761","96067924","L"
"419","8925 FALLBROOK DR STE 200, HOUSTON, TX, 77064","No_Match"
"3035","3815 WESTHEIMER RD, HOUSTON, TX, 77027","Match","Exact","3815 WESTHEIMER RD, HOUSTON, TX, 77027","-95.441981871802,29.741668260594","96034023","L"
"3034","9503 JONES RD, HOUSTON, TX, 77065","Match","Exact","9503 JONES RD, HOUSTON, TX, 77065","-95.584627585725,29.910069871276","96006239","L"
"3033","28550 HIGHWAY 290, CYPRESS, TX, 77433","No_Match"
"3032","21202 KINGSLAND BLVD STE A, KATY, TX, 77450","Match","Non_Exact","21202 KINGSLAND BLVD, KATY, TX, 77450","-95.739286778114,29.776113981091","96628166","R"
"3031","6837 LONG DR, HOUSTON, TX, 77087","Match","Exact","6837 LONG DR, HOUSTON, TX, 77087","-95.306426292728,29.685269409901","96605811","L"
"3030","1310 JASMINE ST STE A, WEBSTER, TX, 77598","Match","Non_Exact","1310 W JASMINE AVE, WEBSTER, TX, 77598","-95.137199715762,29.533410704386","96589246","L"
"420","10028 AIRLINE DR, HOUSTON, TX, 77037","Match","Exact","10028 AIRLINE DR, HOUSTON, TX, 77037","-95.400193647171,29.901971236895","96044214","R"
"421","11402 HUGHES RD, HOUSTON, TX, 77089","Match","Exact","11402 HUGHES RD, HOUSTON, TX, 77089","-95.216119562595,29.598634045847","96592135","R"
"3029","1544 COLLEGE AVE, SOUTH HOUSTON, TX, 77587","Match","Exact","1544 COLLEGE AVE, SOUTH HOUSTON, TX, 77587","-95.247717458437,29.654260337227","96600235","L"
"422","4919 N SAM HOUSTON PKWY W STE A, HOUSTON, TX, 77086","Match","Non_Exact","4919 SAM HOUSTON PKWY, HOUSTON, TX, 77086","-95.4986658685,29.936851469287","642107902","R"
"3028","1743 FRY RD, KATY, TX, 77449","Match","Exact","1743 FRY RD, KATY, TX, 77449","-95.718949494797,29.792502511224","233347270","L"
"423","6302 CAVALCADE ST, HOUSTON, TX, 77026","Match","Exact","6302 CAVALCADE ST, HOUSTON, TX, 77026","-95.30653996785,29.800241573477","96077130","R"
"3027","11730 GREEN RIVER DR, HOUSTON, TX, 77044","Match","Exact","11730 GREEN RIVER DR, HOUSTON, TX, 77044","-95.228836051445,29.838608086243","96095086","R"
"424","6095 GLENMONT DR, HOUSTON, TX, 77081","Match","Exact","6095 GLENMONT DR, HOUSTON, TX, 77081","-95.488055078198,29.71996135887","96614863","L"
"3026","18038 UPPER BAY RD, NASSAU BAY, TX, 77058","Match","Non_Exact","18038 UPPER BAY RD, HOUSTON, TX, 77058","-95.089942313693,29.550548080102","96589512","L"
"425","7250 W LITTLE YORK RD, HOUSTON, TX, 77040","Match","Exact","7250 W LITTLE YORK RD, HOUSTON, TX, 77040","-95.499459331332,29.865727253076","96227120","R"
"3025","6030 DASHWOOD DR, HOUSTON, TX, 77081","Match","Exact","6030 DASHWOOD DR, HOUSTON, TX, 77081","-95.488333354878,29.707369113474","96609369","R"
"426","1020 CYPRESS CREEK PKWY STE 14, HOUSTON, TX, 77090","No_Match"
"427","21121 KUYKENDAHL RD, SPRING, TX, 77379","Match","Exact","21121 KUYKENDAHL RD, SPRING, TX, 77379","-95.51429898609,30.074860888283","642114164","L"
"428","2433 BARTLETT ST, HOUSTON, TX, 77098","Match","Exact","2433 BARTLETT ST, HOUSTON, TX, 77098","-95.415440380246,29.727149295784","96063346","L"
"429","5161 SAN FELIPE ST STE 200, HOUSTON, TX, 77056","Match","Exact","5161 SAN FELIPE ST, HOUSTON, TX, 77056","-95.46541972766,29.750117202733","639268866","L"
"3046","2121 W BAKER RD, BAYTOWN, TX, 77521","Match","Exact","2121 W BAKER RD, BAYTOWN, TX, 77521","-94.982255714077,29.769589921464","233481571","L"
"3045","20311 CHAMPION FOREST DR, SPRING, TX, 77379","Match","Exact","20311 CHAMPION FOREST DR, SPRING, TX, 77379","-95.575156948309,30.055535608247","650493388","L"
"3044","5225 BUFFALO SPEEDWAY, HOUSTON, TX, 77005","Match","Exact","5225 BUFFALO SPEEDWAY, HOUSTON, TX, 77005","-95.427767075162,29.727270945691","96062935","L"
"3043","9301 SPENCER HWY, DEER PARK, TX, 77536","No_Match"
"3042","2121 FM 2920 RD, SPRING, TX, 77388","Match","Non_Exact","2121 FM 2920, SPRING, TX, 77388","-95.45227917434,30.070400385909","642146559","R"
"3041","612 N VICTORY DR, HOUSTON, TX, 77088","Match","Non_Exact","612 N VICTORY ST, HOUSTON, TX, 77088","-95.414369742522,29.870962038544","96649593","L"
"3040","1630 SPENCER HWY, SOUTH HOUSTON, TX, 77587","Match","Exact","1630 SPENCER HWY, SOUTH HOUSTON, TX, 77587","-95.211570944562,29.664663910138","96600474","R"
"430","4901 LAURA KOPPE RD, HOUSTON, TX, 77016","Match","Exact","4901 LAURA KOPPE RD, HOUSTON, TX, 77016","-95.318878932952,29.840588336331","96076049","L"
"431","6375 SKYLINE DR UNIT C, HOUSTON, TX, 77057","Match","Non_Exact","6375 SKYLINE DR, HOUSTON, TX, 77057","-95.496711852829,29.728097216188","96614415","L"
"432","10100 WEST RD STE E, HOUSTON, TX, 77064","No_Match"
"433","4114 FULTON ST, HOUSTON, TX, 77009","Match","Exact","4114 FULTON ST, HOUSTON, TX, 77009","-95.367812912616,29.79717299558","96065930","R"
"3039","3131 CAMPBELL RD, HOUSTON, TX, 77080","Match","Exact","3131 CAMPBELL RD, HOUSTON, TX, 77080","-95.526336743003,29.821283198713","96025780","L"
"434","1423 SPRING CYPRESS RD, SPRING, TX, 77373","Match","Exact","1423 SPRING CYPRESS RD, SPRING, TX, 77373","-95.434395838253,30.075435030475","638091436","R"
"3038","4517 KINGWOOD DR, KINGWOOD, TX, 77345","Match","Exact","4517 KINGWOOD DR, KINGWOOD, TX, 77345","-95.18195494606,30.051008340728","649906744","L"
"435","2501 MONTROSE BLVD, HOUSTON, TX, 77006","Match","Exact","2501 MONTROSE BLVD, HOUSTON, TX, 77006","-95.391909948603,29.747306814596","96064566","L"
"3037","7755 W BELLFORT ST, HOUSTON, TX, 77071","Match","Exact","7755 W BELLFORT ST, HOUSTON, TX, 77071","-95.511218063912,29.655936533379","96598665","R"
"436","2929 FM 1960 RD, HOUSTON, TX, 77073","Match","Non_Exact","2929 FM 1960 RD W, HOUSTON, TX, 77068","-95.466382578682,30.00567582483","642131587","R"
"3036","5251 FM 2920 RD, SPRING, TX, 77388","Match","Non_Exact","5251 FM 2920, SPRING, TX, 77388","-95.500994765756,30.074013978757","642114071","L"
"437","2520 AIRLINE DR, HOUSTON, TX, 77009","Match","Exact","2520 AIRLINE DR, HOUSTON, TX, 77009","-95.381946712073,29.810069603101","96057887","R"
"438","11332 CHIMNEY ROCK RD, HOUSTON, TX, 77035","Match","Exact","11332 CHIMNEY ROCK RD, HOUSTON, TX, 77035","-95.477432238695,29.656617407227","96599003","R"
"439","9510 BEECHNUT ST, HOUSTON, TX, 77036","Match","Exact","9510 BEECHNUT ST, HOUSTON, TX, 77036","-95.548914674132,29.690595554818","96608852","R"
"3057","14100 SPRING CYPRESS RD, CYPRESS, TX, 77429","Match","Exact","14100 SPRING CYPRESS RD, CYPRESS, TX, 77429","-95.637039608882,30.003084115309","649868589","L"
"3056","10100 BEECHNUT ST, HOUSTON, TX, 77072","Match","Exact","10100 BEECHNUT ST, HOUSTON, TX, 77072","-95.559787982196,29.689715885128","96603560","R"
"3055","9275 RICHMOND AVE STE 184, HOUSTON, TX, 77063","Match","Exact","9275 RICHMOND AVE, HOUSTON, TX, 77063","-95.527554524054,29.728937870156","96613996","L"
"3054","10439 ANTRIM LN, LA PORTE, TX, 77571","Match","Exact","10439 ANTRIM LN, LA PORTE, TX, 77571","-95.067776569061,29.661580962377","96129867","L"
"3053","1701 W ALABAMA ST, HOUSTON, TX, 77098","Match","Exact","1701 W ALABAMA ST, HOUSTON, TX, 77098","-95.402051933569,29.738592045884","96064190","L"
"3052","2300 N SHEPHERD DR, HOUSTON, TX, 77008","Match","Exact","2300 N SHEPHERD DR, HOUSTON, TX, 77008","-95.410142457548,29.806900524889","96636390","R"
"3051","9722 FRY RD, CYPRESS, TX, 77433","No_Match"
"3050","12131 NORTHPOINTE BLVD, TOMBALL, TX, 77377","Match","Exact","12131 NORTHPOINTE BLVD, TOMBALL, TX, 77377","-95.612688989876,30.032619097126","641765022","R"
"440","1002 CENTERWOOD DR, HOUSTON, TX, 77013","Match","Exact","1002 CENTERWOOD DR, HOUSTON, TX, 77013","-95.225803113144,29.773133131773","96096416","R"
"441","6001 BISSONNET ST STE A, HOUSTON, TX, 77081","Match","Non_Exact","6001 BISSONNET ST, HOUSTON, TX, 77081","-95.48665366188,29.698009179541","642865323","L"
"442","4330 HIGHWAY 6 N, HOUSTON, TX, 77084","Match","Non_Exact","4330 STATE HWY 6, HOUSTON, TX, 77084","-95.645619930342,29.838097778686","96642518","R"
"443","5600 MYKAWA RD, HOUSTON, TX, 77033","Match","Exact","5600 MYKAWA RD, HOUSTON, TX, 77033","-95.326846815484,29.694722475552","96610518","R"
"444","28048 STATE HIGHWAY 249 UNIT I, TOMBALL, TX, 77375","No_Match"
"445","1894 BARKER CYPRESS RD, HOUSTON, TX, 77084","Match","Exact","1894 BARKER CYPRESS RD, HOUSTON, TX, 77084","-95.688215596791,29.795502249671","649115590","L"
"3049","6210 FAIRMONT PKWY, PASADENA, TX, 77505","Match","Exact","6210 FAIRMONT PKWY, PASADENA, TX, 77505","-95.14504614326,29.64963404131","96565996","L"
"446","31315 FM 2920 RD STE 20, WALLER, TX, 77484","Match","Non_Exact","31315 FM 2920, WALLER, TX, 77484","-95.913201029919,30.052856956981","95999543","L"
"3048","12603 TELGE RD APT H-8, CYPRESS, TX, 77429","Match","Exact","12603 TELGE RD, CYPRESS, TX, 77429","-95.649822856961,29.958166994214","96583032","R"
"447","6901 BEECHNUT ST, HOUSTON, TX, 77074","Match","Exact","6901 BEECHNUT ST, HOUSTON, TX, 77074","-95.50621973294,29.691665291551","96609088","L"
"3047","14100 SPRING CYPRESS, CYPRESS, TX, 77429","Match","Non_Exact","14100 SPRING CYPRESS RD, CYPRESS, TX, 77429","-95.637039608882,30.003084115309","649868589","L"
"448","4204 S SHAVER ST, HOUSTON, TX, 77034","Match","Non_Exact","4204 S SHAVER ST EXD, HOUSTON, TX, 77034","-95.207951043186,29.647031469107","644561521","R"
"449","11411 GREEN PLAZA DR APT 4101, HOUSTON, TX, 77038","Match","Exact","11411 GREEN PLAZA DR, HOUSTON, TX, 77038","-95.41479659177,29.931917960544","96656289","R"
"3060","10919 LOUETTA RD, HOUSTON, TX, 77070","Match","Exact","10919 LOUETTA RD, HOUSTON, TX, 77070","-95.575760710626,29.996667466054","642111252","R"
"3068","28520 TOMBALL PKWY, TOMBALL, TX, 77375","Match","Exact","28520 TOMBALL PKWY, TOMBALL, TX, 77375","-95.632065110912,30.088128112865","96669210","R"
"3067","3501 CLEAR LAKE CITY BLVD, HOUSTON, TX, 77059","Match","Exact","3501 CLEAR LAKE CITY BLVD, HOUSTON, TX, 77059","-95.125120995272,29.604700756616","629130753","R"
"3066","4701 EAST BLVD, DEER PARK, TX, 77536","Match","Exact","4701 EAST BLVD, DEER PARK, TX, 77536","-95.098260675974,29.674413472347","96548965","L"
"3065","9710 KATY FWY, HOUSTON, TX, 77055","Match","Exact","9710 KATY FWY, HOUSTON, TX, 77055","-95.53891060253,29.785126506991","638070680","R"
"3064","4955 HIGHWAY 6 N, HOUSTON, TX, 77084","Tie"
"3063","7405 FM 1960 RD E, ATASCOCITA, TX, 77346","Match","Non_Exact","7405 FM 1960 RD, ATASCOCITA, TX, 77346","-95.164878257267,29.998277556958","96663860","L"
"3062","3500 GARTH RD, BAYTOWN, TX, 77521","Match","Exact","3500 GARTH RD, BAYTOWN, TX, 77521","-94.97727988263,29.760596594723","96627174","R"
"450","12403 VETERANS MEMORIAL DR, HOUSTON, TX, 77014","Match","Exact","12403 VETERANS MEMORIAL DR, HOUSTON, TX, 77014","-95.482750431601,29.967162404228","96658787","L"
"3061","26500 KUYKENDAHL RD, TOMBALL, TX, 77375","Match","Exact","26500 KUYKENDAHL RD, TOMBALL, TX, 77375","-95.549960731058,30.145713695951","641614079","R"
"451","3440 BERTRAND ST, HOUSTON, TX, 77093","Match","Exact","3440 BERTRAND ST, HOUSTON, TX, 77093","-95.33266371412,29.886751351783","96074438","R"
"452","14129 MEMORIAL DR STE E, HOUSTON, TX, 77079","Match","Non_Exact","14129 MEMORIAL DR, HOUSTON, TX, 77079","-95.592871630686,29.769967907707","96623988","L"
"453","5800 LYONS AVE, HOUSTON, TX, 77020","No_Match"
"454","4616 E NASA ROAD 1, PASADENA, TX, 77586","No_Match"
"455","1905 CENTER ST, DEER PARK, TX, 77536","Match","Exact","1905 CENTER ST, DEER PARK, TX, 77536","-95.123583283856,29.694528569717","96612089","R"
"456","3004 YELLOWSTONE BLVD, HOUSTON, TX, 77054","Match","Exact","3004 YELLOWSTONE BLVD, HOUSTON, TX, 77054","-95.381097269818,29.699490719734","96610134","R"
"457","806 KATY FORT BEND RD STE 160B, KATY, TX, 77494","Match","Exact","806 KATY FORT BEND RD, KATY, TX, 77494","-95.801670042462,29.782390106187","642103399","R"
"3059","1550 FRY RD, HOUSTON, TX, 77084","Match","Exact","1550 FRY RD, HOUSTON, TX, 77084","-95.718826859086,29.789419365526","96628219","R"
"458","15301 WOODFOREST BLVD, CHANNELVIEW, TX, 77530","Match","Exact","15301 WOODFOREST BLVD, CHANNELVIEW, TX, 77530","-95.140209534882,29.789026084943","642103708","L"
"3058","6430 GARTH RD, BAYTOWN, TX, 77521","Match","Exact","6430 GARTH RD, BAYTOWN, TX, 77521","-94.980426063813,29.795138979197","652193868","R"
"459","9660 WESTHEIMER RD, HOUSTON, TX, 77063","Match","Exact","9660 WESTHEIMER RD, HOUSTON, TX, 77063","-95.537803016537,29.737328403868","233389625","L"
"3071","10251 KEMPWOOD DR, HOUSTON, TX, 77043","Match","Exact","10251 KEMPWOOD DR, HOUSTON, TX, 77043","-95.545886664186,29.822667178581","96638956","L"
"3070","12035 ANTOINE DR, HOUSTON, TX, 77066","Match","Exact","12035 ANTOINE DR, HOUSTON, TX, 77066","-95.480724204193,29.959541921374","642109052","L"
"3079","7310 LOUETTA RD, SPRING, TX, 77379","Match","Exact","7310 LOUETTA RD, SPRING, TX, 77379","-95.523921119617,30.021001747477","96664773","L"
"3078","1621 S MASON RD, KATY, TX, 77450","Match","Exact","1621 S MASON RD, KATY, TX, 77450","-95.751461354701,29.758955165952","96623316","R"
"3077","3800 LITTLE YORK RD, HOUSTON, TX, 77093","Match","Exact","3800 LITTLE YORK RD, HOUSTON, TX, 77093","-95.333322427407,29.870982483333","640068897","R"
"3076","11815 WESTHEIMER RD, HOUSTON, TX, 77077","Match","Exact","11815 WESTHEIMER RD, HOUSTON, TX, 77077","-95.585559790733,29.736388110239","96023520","R"
"3075","4625 WINDFERN RD, HOUSTON, TX, 77041","Match","Exact","4625 WINDFERN RD, HOUSTON, TX, 77041","-95.53699148919,29.837898579622","96642870","R"
"3074","14498 BELLAIRE BLVD, HOUSTON, TX, 77083","Match","Exact","14498 BELLAIRE BLVD, HOUSTON, TX, 77083","-95.639917366023,29.704057889993","233346973","R"
"460","8503 GULF FWY STE E, HOUSTON, TX, 77017","Match","Non_Exact","8503 GULF FWY, HOUSTON, TX, 77017","-95.262366761258,29.669959753207","641190417","L"
"3073","2929 FM 1960 RD, HOUSTON, TX, 77073","Match","Non_Exact","2929 FM 1960 RD W, HOUSTON, TX, 77068","-95.466382578682,30.00567582483","642131587","R"
"461","20447 1/2 FM 529 RD, CYPRESS, TX, 77433","Match","Non_Exact","20447 1/2 FM 529, CYPRESS, TX, 77433","-95.718809413132,29.87968015711","96292177","R"
"3072","5895 SAN FELIPE ST, HOUSTON, TX, 77057","Match","Exact","5895 SAN FELIPE ST, HOUSTON, TX, 77057","-95.485806243328,29.749790754588","639273300","L"
"462","14360 BELLAIRE BLVD STE 100, HOUSTON, TX, 77083","Match","Exact","14360 BELLAIRE BLVD, HOUSTON, TX, 77083","-95.637199296149,29.704084119183","642209026","R"
"463","401 S MAIN ST, HIGHLANDS, TX, 77562","Match","Exact","401 S MAIN ST, HIGHLANDS, TX, 77562","-95.056940904222,29.811155320109","96101018","L"
"464","3836 RICHMOND AVE, HOUSTON, TX, 77027","Match","Exact","3836 RICHMOND AVE, HOUSTON, TX, 77027","-95.439274199398,29.73273664472","96620722","R"
"465","12430 STATE HIGHWAY 249 STE N, HOUSTON, TX, 77086","Match","Non_Exact","12430 STATE HWY 249, HOUSTON, TX, 77086","-95.478303330659,29.910314772865","642107190","R"
"466","12647 STATE HIGHWAY 249 STE 400, HOUSTON, TX, 77086","No_Match"
"467","9430 MESA DR, HOUSTON, TX, 77028","Match","Exact","9430 MESA DR, HOUSTON, TX, 77028","-95.262189250867,29.849497421189","233418896","R"
"468","11078 VETERANS MEMORIAL DR STE 263, HOUSTON, TX, 77067","Match","Exact","11078 VETERANS MEMORIAL DR, HOUSTON, TX, 77067","-95.463677106329,29.942421969962","642108195","R"
"469","3425 FM 2920 RD, SPRING, TX, 77388","Match","Non_Exact","3425 FM 2920, SPRING, TX, 77388","-95.46886969836,30.0705869436","96008254","R"
"3069","12009 NORTHWEST FWY, HOUSTON, TX, 77092","Match","Exact","12009 NORTHWEST FWY, HOUSTON, TX, 77092","-95.482794756175,29.831949407502","96639438","L"
"3082","5106 BISSONNET ST, BELLAIRE, TX, 77401","Match","Exact","5106 BISSONNET ST, BELLAIRE, TX, 77401","-95.468369570001,29.707470118038","96033647","R"
"3081","9828 BLACKHAWK BLVD, HOUSTON, TX, 77075","Match","Exact","9828 BLACKHAWK BLVD, HOUSTON, TX, 77075","-95.248449502085,29.602841728572","640068347","L"
"3080","6100 W FUQUA ST, HOUSTON, TX, 77085","Match","Exact","6100 W FUQUA ST, HOUSTON, TX, 77085","-95.465309987348,29.61227415496","638592117","L"
"3089","5715 PURPLE SAGE RD, HOUSTON, TX, 77049","Match","Exact","5715 PURPLE SAGE RD, HOUSTON, TX, 77049","-95.193397684312,29.808196177579","96095591","R"
"3088","1720 WEST LOOP N, HOUSTON, TX, 77008","Match","Non_Exact","1720 W LOOP N SVC RD, HOUSTON, TX, 77008","-95.448902817059,29.799452090898","96636162","R"
"3087","4131 BENNINGTON ST, HOUSTON, TX, 77016","Match","Exact","4131 BENNINGTON ST, HOUSTON, TX, 77016","-95.329627985835,29.822227504254","96076249","L"
"3086","12637 BISSONNET ST, HOUSTON, TX, 77099","Match","Exact","12637 BISSONNET ST, HOUSTON, TX, 77099","-95.599424818558,29.677055656278","96035510","L"
"470","10251 KEMPWOOD DR, HOUSTON, TX, 77043","Match","Exact","10251 KEMPWOOD DR, HOUSTON, TX, 77043","-95.545886664186,29.822667178581","96638956","L"
"3085","9526 N SAM HOUSTON PKWY E STE 3100, HUMBLE, TX, 77396","Match","Exact","9526 N SAM HOUSTON PKWY E, HUMBLE, TX, 77396","-95.248569997727,29.93414767595","654971896","R"
"471","4203 E CROSSTIMBERS ST, HOUSTON, TX, 77016","Match","Exact","4203 E CROSSTIMBERS ST, HOUSTON, TX, 77016","-95.328808498041,29.829292083104","649671215","L"
"3084","4504 STANFORD CT, HOUSTON, TX, 77041","Match","Exact","4504 STANFORD CT, HOUSTON, TX, 77041","-95.547427897877,29.835468852749","96293591","R"
"472","802 SHEPHERD DR, HOUSTON, TX, 77007","Match","Exact","802 SHEPHERD DR, HOUSTON, TX, 77007","-95.409382345829,29.769041247945","96061752","R"
"3083","5609 UVALDE RD, HOUSTON, TX, 77049","Match","Exact","5609 UVALDE RD, HOUSTON, TX, 77049","-95.182409163222,29.809424479143","656045953","L"
"473","6430 GARTH RD, BAYTOWN, TX, 77521","Match","Exact","6430 GARTH RD, BAYTOWN, TX, 77521","-94.980426063813,29.795138979197","652193868","R"
"474","3814 CENTER ST, DEER PARK, TX, 77536","Match","Exact","3814 CENTER ST, DEER PARK, TX, 77536","-95.123315433502,29.677069774724","96106220","L"
"475","15408 KUYKENDAHL RD, HOUSTON, TX, 77090","Match","Exact","15408 KUYKENDAHL RD, HOUSTON, TX, 77090","-95.463530587511,30.00700609469","233491806","R"
"476","7599 GARTH RD STE 100, BAYTOWN, TX, 77521","Match","Exact","7599 GARTH RD, BAYTOWN, TX, 77521","-94.982879376518,29.810516264942","96575013","L"
"477","1910 NAVAJO DR, DEER PARK, TX, 77536","Match","Exact","1910 NAVAJO DR, DEER PARK, TX, 77536","-95.106175846213,29.694472202601","96543771","L"
"478","5750 CHIMNEY ROCK RD, HOUSTON, TX, 77081","Match","Exact","5750 CHIMNEY ROCK RD, HOUSTON, TX, 77081","-95.476527444736,29.719048413652","647567155","R"
"479","644 W RANKIN RD STE 101, HOUSTON, TX, 77067","Match","Non_Exact","644 W RANKIN RD, HOUSTON, TX, 77090","-95.429339912182,29.965354058762","96658926","L"
"3093","403 LATHROP ST, HOUSTON, TX, 77020","Match","Exact","403 LATHROP ST, HOUSTON, TX, 77020","-95.301091368651,29.78192080709","96080548","L"
"3092","8934 CULLEN BLVD, HOUSTON, TX, 77051","Match","Exact","8934 CULLEN BLVD, HOUSTON, TX, 77051","-95.355633887532,29.662074403388","96089752","R"
"3091","6550 RANCHESTER DR, HOUSTON, TX, 77036","Match","Exact","6550 RANCHESTER DR, HOUSTON, TX, 77036","-95.545379632939,29.707420152143","96608835","R"
"3090","28404 HIGHWAY 290 STE G15, CYPRESS, TX, 77433","No_Match"
"3099","14954 MESA DR # 113, HUMBLE, TX, 77396","Match","Exact","14954 MESA DR, HUMBLE, TX, 77396","-95.268330895973,29.935592114244","638214060","L"
"3098","205 E NASA PKWY, WEBSTER, TX, 77598","Match","Exact","205 E NASA PKWY, WEBSTER, TX, 77598","-95.11738895366,29.538342981306","649873023","L"
"480","6227 HIGHWAY 6 S, HOUSTON, TX, 77083","Match","Non_Exact","6227 STATE HWY 6, HOUSTON, TX, 77084","-95.645307646043,29.871601541468","656274010","L"
"3097","114 MAIN ST, HOUSTON, TX, 77002","Match","Exact","114 MAIN ST, HOUSTON, TX, 77002","-95.35970268083,29.763642503194","96069290","R"
"481","3311 MERCER ST, HOUSTON, TX, 77027","Match","Exact","3311 MERCER ST, HOUSTON, TX, 77027","-95.43206076018,29.736319848357","96062736","L"
"3096","1420 KATY FORT BEND RD STE 130, KATY, TX, 77493","No_Match"
"482","1415 AUBERT ST, HOUSTON, TX, 77017","Match","Exact","1415 AUBERT ST, HOUSTON, TX, 77017","-95.247494844773,29.690354332281","96093343","L"
"3095","35523 HIGHWAY 290 BYP STE B, WALLER, TX, 77484","Match","Non_Exact","35523 HWY 290 BYP, WALLER, TX, 77484","-95.885158860363,30.054816025346","638593751","R"
"483","2301 YORKTOWN ST STE 100, HOUSTON, TX, 77056","Match","Exact","2301 YORKTOWN ST, HOUSTON, TX, 77056","-95.470693244881,29.744263160779","96033138","L"
"3094","7302 HURTGEN FOREST RD, HOUSTON, TX, 77033","Match","Exact","7302 HURTGEN FOREST RD, HOUSTON, TX, 77033","-95.344952124497,29.679586363942","96089545","R"
"484","1001 TELEPHONE RD, HOUSTON, TX, 77023","Match","Exact","1001 TELEPHONE RD, HOUSTON, TX, 77023","-95.328493772874,29.733406123523","96081839","L"
"485","20521 FM 529 RD STE 108, CYPRESS, TX, 77433","Match","Non_Exact","20521 FM 529, CYPRESS, TX, 77433","-95.719495255984,29.87967427007","96292177","R"
"486","11210 NORTH FWY, HOUSTON, TX, 77037","No_Match"
"487","2128 FM 1960 RD, HOUSTON, TX, 77073","Match","Non_Exact","2128 FM 1960 RD W, HOUSTON, TX, 77073","-95.460154796466,30.009086560039","96582038","R"
"488","10320 TELEPHONE RD, HOUSTON, TX, 77075","Match","Exact","10320 TELEPHONE RD, HOUSTON, TX, 77075","-95.285345174624,29.616291825457","96593970","R"
"489","7104 IRVINGTON BLVD, HOUSTON, TX, 77022","No_Match"
"490","18707 TOMATO ST, SPRING, TX, 77379","Match","Exact","18707 TOMATO ST, SPRING, TX, 77379","-95.492913014382,30.042365312101","96007606","L"
"491","2323 WIRT RD, HOUSTON, TX, 77055","Match","Exact","2323 WIRT RD, HOUSTON, TX, 77055","-95.485288733965,29.816401056862","96028323","L"
"492","2515 HARVARD ST, HOUSTON, TX, 77008","Match","Exact","2515 HARVARD ST, HOUSTON, TX, 77008","-95.397551724313,29.809205592856","96055667","L"
"493","10864 CYPRESS CREEK PKWY UNIT 18, HOUSTON, TX, 77070","No_Match"
"494","10521 JONES RD STE D, HOUSTON, TX, 77065","No_Match"
"495","4980 HIGHWAY 6 N, HOUSTON, TX, 77084","No_Match"
"496","12634 GRANT RD, CYPRESS, TX, 77429","Match","Exact","12634 GRANT RD, CYPRESS, TX, 77429","-95.614676546379,29.987280869306","642146576","L"
"497","3809 ATASCOCITA RD STE 200, HUMBLE, TX, 77396","Match","Exact","3809 ATASCOCITA RD, HUMBLE, TX, 77396","-95.217284481774,29.979486607875","643350340","L"
"498","22500 FRANZ RD, KATY, TX, 77449","Match","Exact","22500 FRANZ RD, KATY, TX, 77449","-95.762102290064,29.802075782818","96579850","L"
"499","2911 N ALEXANDER DR, BAYTOWN, TX, 77520","Match","Exact","2911 N ALEXANDER DR, BAYTOWN, TX, 77520","-94.943655328281,29.75358886063","638203694","L"
"2603","3224 FM 1960 RD W, HUMBLE, TX, 77338","Match","Non_Exact","3224 FM 1960, HUMBLE, TX, 77338","-95.379888197838,30.02027249613","96578711","R"
"2602","1220 HOUSTON BLVD STE B, SOUTH HOUSTON, TX, 77587","Match","Non_Exact","1220 HOUSTON BLVD, SOUTH HOUSTON, TX, 77587","-95.236968708809,29.664429484655","96094058","R"
"2601","9103 CYPRESS CREEK PKWY STE K, HOUSTON, TX, 77070","No_Match"
"2600","6401 WOODWAY DR # 149, HOUSTON, TX, 77057","Match","Exact","6401 WOODWAY DR, HOUSTON, TX, 77057","-95.498014493188,29.755578904647","96624364","L"
"2609","16902 TUCKERTON RD STE F, HOUSTON, TX, 77095","Match","Non_Exact","16902 TUCKERTON RD, HOUSTON, TX, 77095","-95.66857698665,29.917679825096","616953899","L"
"2608","2598 FM 1960 RD STE B, HOUSTON, TX, 77073","Match","Non_Exact","2598 FM 1960 RD E, HOUSTON, TX, 77073","-95.39297435947,30.024314967936","96665064","R"
"2607","6619 CHIMNEY ROCK RD, HOUSTON, TX, 77081","Match","Exact","6619 CHIMNEY ROCK RD, HOUSTON, TX, 77081","-95.476262595977,29.708954273705","96609426","L"
"2606","10880 BISSONNET ST STE 195, HOUSTON, TX, 77099","Match","Exact","10880 BISSONNET ST, HOUSTON, TX, 77099","-95.569301377668,29.674211760873","641840301","R"
"2605","809 FREEPORT ST, HOUSTON, TX, 77015","Match","Exact","809 FREEPORT ST, HOUSTON, TX, 77015","-95.178053362628,29.781751907466","96098539","L"
"2604","218 GRAY ST STE B, HOUSTON, TX, 77002","Match","Non_Exact","218 GRAY ST, HOUSTON, TX, 77002","-95.378104454371,29.752693138701","96067099","R"
"2614","12104 VETERANS MEMORIAL DR, HOUSTON, TX, 77067","Match","Exact","12104 VETERANS MEMORIAL DR, HOUSTON, TX, 77067","-95.478000413738,29.961155000089","96658788","R"
"2613","3902 BISSONNET ST, HOUSTON, TX, 77005","Match","Exact","3902 BISSONNET ST, HOUSTON, TX, 77005","-95.43933936496,29.722265983522","96615456","R"
"2612","7555 BELLAIRE BLVD STE A, HOUSTON, TX, 77036","Match","Non_Exact","7555 BELLAIRE BLVD, HOUSTON, TX, 77036","-95.51504558638,29.704875536868","96609100","L"
"2611","8036 FM 1960 RD W, HUMBLE, TX, 77338","Match","Non_Exact","8036 FM 1960 BYPASS RD W, HUMBLE, TX, 77338","-95.305014995278,30.004350543732","638593127","R"
"2610","3201 N SHEPHERD DR STE 105, HOUSTON, TX, 77018","Match","Exact","3201 N SHEPHERD DR, HOUSTON, TX, 77018","-95.410468169134,29.816203329269","96055089","L"
"2619","9303 FONDREN RD, HOUSTON, TX, 77074","Match","Exact","9303 FONDREN RD, HOUSTON, TX, 77074","-95.508602018149,29.678076694933","96604134","L"
"2618","9646 BEECHNUT ST, HOUSTON, TX, 77036","Match","Exact","9646 BEECHNUT ST, HOUSTON, TX, 77036","-95.551905908136,29.690090461405","96603394","R"
"2617","2418 RICE BLVD, HOUSTON, TX, 77005","Match","Exact","2418 RICE BLVD, HOUSTON, TX, 77005","-95.415295374048,29.717526367374","96063821","R"
"2616","14631 BEECHNUT ST STE A, HOUSTON, TX, 77083","Match","Non_Exact","14631 BEECHNUT ST, HOUSTON, TX, 77083","-95.646393896877,29.689584907249","644391529","L"
"2615","914 W GREENS RD, HOUSTON, TX, 77067","Match","Exact","914 W GREENS RD, HOUSTON, TX, 77067","-95.428245686316,29.948759040287","96656344","R"
"2625","9199 NORTH LOOP E, HOUSTON, TX, 77029","Match","Non_Exact","9199 N LOOP E SVC RD, HOUSTON, TX, 77013","-95.267354419431,29.791951721133","96084326","L"
"2624","2507 CLINTON DR, GALENA PARK, TX, 77547","No_Match"
"2623","10613 BELLAIRE BLVD STE A135, HOUSTON, TX, 77072","Match","Exact","10613 BELLAIRE BLVD, HOUSTON, TX, 77072","-95.568979303848,29.703879002349","96608466","L"
"2622","13442 BELLAIRE BLVD STE H, HOUSTON, TX, 77083","Match","Non_Exact","13442 BELLAIRE BLVD, HOUSTON, TX, 77083","-95.621275987049,29.70367632544","96608081","R"
"2621","12700 STAFFORD RD APT 135, STAFFORD, TX, 77477","Match","Exact","12700 STAFFORD RD, STAFFORD, TX, 77477","-95.545332669496,29.634617689921","78268151","L"
"2620","1022 N SHEPHERD DR, HOUSTON, TX, 77008","Match","Exact","1022 N SHEPHERD DR, HOUSTON, TX, 77008","-95.409802994803,29.789398808405","96631785","R"
"2629","3406 N SHEPHERD DR, HOUSTON, TX, 77018","Match","Exact","3406 N SHEPHERD DR, HOUSTON, TX, 77018","-95.41036747367,29.817695467764","96639814","R"
"2628","3950 S TERMINAL RD SPC 30A, HOUSTON, TX, 77032","Match","Non_Exact","3950 S TERMINAL RD, HOUSTON, TX, 77205","-95.331583974888,29.985931445023","96045984","R"
"2627","1900 S SHEPHERD DR, HOUSTON, TX, 77019","Match","Exact","1900 S SHEPHERD DR, HOUSTON, TX, 77019","-95.410733523265,29.749014986624","96062029","R"
"2626","23806 ALDINE WESTFIELD RD, SPRING, TX, 77373","Match","Exact","23806 ALDINE WESTFIELD RD, SPRING, TX, 77373","-95.392520974066,30.055825945445","233458967","L"
"1305","3600 KIRBY DR STE C, HOUSTON, TX, 77098","Match","Non_Exact","3600 KIRBY DR, HOUSTON, TX, 77098","-95.418738104621,29.733408200374","96063212","R"
"2636","6502 BELLAIRE BLVD STE A3, HOUSTON, TX, 77074","Match","Exact","6502 BELLAIRE BLVD, HOUSTON, TX, 77074","-95.497344495007,29.705470114167","644891610","R"
"1304","810 LOUETTA RD STE 6, SPRING, TX, 77373","Match","Non_Exact","810 E LOUETTA RD, SPRING, TX, 77373","-95.422683979161,30.072291005298","96553198","R"
"2635","10957 WESTHEIMER RD # S4, HOUSTON, TX, 77042","Match","Exact","10957 WESTHEIMER RD, HOUSTON, TX, 77042","-95.569142362882,29.736661460427","96619224","L"
"1303","9710 KATY FWY, HOUSTON, TX, 77055","Match","Exact","9710 KATY FWY, HOUSTON, TX, 77055","-95.53891060253,29.785126506991","638070680","R"
"2634","15242 WALLISVILLE RD, HOUSTON, TX, 77049","Match","Exact","15242 WALLISVILLE RD, HOUSTON, TX, 77049","-95.168009732021,29.807523887927","642104146","R"
"1302","7800 AIRPORT BLVD SPC RMU 1, HOUSTON, TX, 77061","Match","Non_Exact","7800 AIRPORT BLVD, HOUSTON, TX, 77061","-95.278526519154,29.657785297389","96093118","R"
"2633","20158 BAUER HOCKLEY RD, TOMBALL, TX, 77377","Match","Exact","20158 BAUER HOCKLEY RD, TOMBALL, TX, 77377","-95.733840806784,30.036802233478","96000353","R"
"1301","10190 HARWIN DR # C, HOUSTON, TX, 77036","Match","Non_Exact","10190 HARWIN DR, HOUSTON, TX, 77036","-95.543957207947,29.718178523462","96613729","R"
"2632","5420 HIGHWAY 6 N, HOUSTON, TX, 77084","No_Match"
"1300","11250 FM 529 RD, HOUSTON, TX, 77041","Match","Non_Exact","11250 OLD FM 529 RD, HOUSTON, TX, 77041","-95.574921453745,29.880454432829","645740823","L"
"2631","9409 FUQUA ST, HOUSTON, TX, 77075","Match","Exact","9409 FUQUA ST, HOUSTON, TX, 77075","-95.249573070311,29.611064447819","96112665","L"
"2630","17250 W LAKE HOUSTON PKWY STE A, HUMBLE, TX, 77346","Match","Non_Exact","17250 W LAKE HOUSTON PKWY, HUMBLE, TX, 77346","-95.171446667205,29.9737612377","654219450","R"
"1309","15055 FAIRFIELD MEADOWS DR STE 140, CYPRESS, TX, 77433","Match","Exact","15055 FAIRFIELD MEADOWS DR, CYPRESS, TX, 77433","-95.735731764128,29.989485972699","645754004","L"
"1308","6475 HILLCROFT AVE STE B, HOUSTON, TX, 77081","Match","Non_Exact","6475 HILLCROFT ST, HOUSTON, TX, 77081","-95.4938444492,29.712038984231","96614707","L"
"2639","6101 GLENMONT DR STE B, HOUSTON, TX, 77081","No_Match"
"1307","2430 AIRLINE DR STE A, HOUSTON, TX, 77009","Match","Non_Exact","2430 AIRLINE DR, HOUSTON, TX, 77009","-95.381938972637,29.809049274237","96057891","R"
"2638","6330 SPENCER HWY STE A, PASADENA, TX, 77505","Match","Non_Exact","6330 SPENCER HWY, PASADENA, TX, 77505","-95.141720550257,29.665762915813","96601388","R"
"1306","19300 W LAKE HOUSTON PKWY, HUMBLE, TX, 77346","Match","Exact","19300 W LAKE HOUSTON PKWY, HUMBLE, TX, 77346","-95.16348504492,30.002197155257","233452523","R"
"2637","23211 KUYKENDAHL RD STE C, TOMBALL, TX, 77375","Match","Non_Exact","23211 KUYKENDAHL RD, TOMBALL, TX, 77375","-95.541338339266,30.100011933559","642114233","R"
"2650","10706 KINGSPOINT RD, HOUSTON, TX, 77075","Match","Exact","10706 KINGSPOINT RD, HOUSTON, TX, 77075","-95.229024836335,29.620279678614","624751457","R"
"1316","2308 SOUTH SHAVER, PASADENA, TX, 77502","Tie"
"2647","19221 W LITTLE YORK RD, KATY, TX, 77449","Match","Exact","19221 W LITTLE YORK RD, KATY, TX, 77449","-95.703274366816,29.864673760053","96014173","R"
"1315","1601 W FAIRMONT PKWY, LA PORTE, TX, 77571","Match","Exact","1601 W FAIRMONT PKWY, LA PORTE, TX, 77571","-95.034610892311,29.651806630857","641754352","L"
"2646","1306 W PASADENA FWY, PASADENA, TX, 77506","No_Match"
"1314","1725 DISMUKE ST, HOUSTON, TX, 77023","Match","Exact","1725 DISMUKE ST, HOUSTON, TX, 77023","-95.319107191875,29.723312126382","96082349","L"
"2645","7712 W LITTLE YORK RD, HOUSTON, TX, 77040","Match","Exact","7712 W LITTLE YORK RD, HOUSTON, TX, 77040","-95.507553202715,29.865658923809","96025118","R"
"1313","6402 LOUETTA RD STE 115, SPRING, TX, 77379","Match","Exact","6402 LOUETTA RD, SPRING, TX, 77379","-95.512023070922,30.027524864658","645511034","L"
"2644","4618 NASA PKWY, SEABROOK, TX, 77586","Match","Non_Exact","4618 E NASA PKWY, SEABROOK, TX, 77586","-95.059410813031,29.566702426693","652652628","L"
"1312","6055 FRY ROAD, KATY, TX, 77449","Match","Exact","6055 FRY RD, KATY, TX, 77449","-95.719892338183,29.860033849631","635221705","L"
"2643","2300 N SHEPHERD DR, HOUSTON, TX, 77008","Match","Exact","2300 N SHEPHERD DR, HOUSTON, TX, 77008","-95.410142457548,29.806900524889","96636390","R"
"1311","24020 CLAY RD STE 105, KATY, TX, 77493","Match","Exact","24020 CLAY RD, KATY, TX, 77493","-95.790526144137,29.831497098438","652673112","R"
"2642","1818 NASA PKWY, SEABROOK, TX, 77586","Match","Exact","1818 NASA PKWY, SEABROOK, TX, 77586","-95.026502712209,29.563805328819","96550993","L"
"1310","9413 MESA DR # B, HOUSTON, TX, 77028","Match","Non_Exact","9413 MESA DR, HOUSTON, TX, 77028","-95.262461404247,29.849493465172","96644379","L"
"2641","2021 NORTHPARK DR, KINGWOOD, TX, 77339","Match","Exact","2021 NORTHPARK DR, KINGWOOD, TX, 77339","-95.217890195516,30.069108712385","96668570","R"
"2640","13104 VETERANS MEMORIAL DR, HOUSTON, TX, 77014","Match","Exact","13104 VETERANS MEMORIAL DR, HOUSTON, TX, 77014","-95.490425632131,29.977557919985","233442264","R"
"1319","5586 WESLAYAN ST, HOUSTON, TX, 77005","Match","Exact","5586 WESLAYAN ST, HOUSTON, TX, 77005","-95.441338068467,29.721476413313","96615455","R"
"1318","3700 N TERMINAL RD, HOUSTON, TX, 77032","Match","Exact","3700 N TERMINAL RD, HOUSTON, TX, 77032","-95.334863960281,29.987223320239","96045981","L"
"2649","3525 LOCKWOOD DR, HOUSTON, TX, 77026","Match","Exact","3525 LOCKWOOD DR, HOUSTON, TX, 77026","-95.316220278567,29.793560287895","96079151","L"
"1317","2904 FULTON ST # B, HOUSTON, TX, 77009","Match","Non_Exact","2904 FULTON ST, HOUSTON, TX, 77009","-95.360337237456,29.788139053935","96066103","R"
"2648","714 ALMEDA MALL, HOUSTON, TX, 77075","No_Match"
"1330","4711 AIRLINE DR STE A, HOUSTON, TX, 77022","Match","Non_Exact","4711 AIRLINE DR, HOUSTON, TX, 77022","-95.384462604193,29.836252836787","96643975","L"
"2661","14650 FM 529 RD, HOUSTON, TX, 77095","Match","Exact","14650 FM 529 RD, HOUSTON, TX, 77095","-95.633449967036,29.879372099581","96138469","R"
"2660","1002 HOLLAND ST STE A, JACINTO CITY, TX, 77029","Match","Non_Exact","1002 HOLLAND, JACINTO CITY, TX, 77029","-95.233325352803,29.772004559249","96085151","R"
"1327","8576 CREEKSIDE FOREST DR STE A-200, SPRING, TX, 77389","No_Match"
"2658","2000 WILLOWBROOK MALL, HOUSTON, TX, 77070","No_Match"
"1326","12291 S DAIRY ASHFORD ST, HOUSTON, TX, 77099","Match","Non_Exact","12291 S DAIRY ASHFORD RD, HOUSTON, TX, 77099","-95.603207608004,29.669119507279","96035589","L"
"2657","3811 FRY RD STE 4, KATY, TX, 77449","Match","Exact","3811 FRY RD, KATY, TX, 77449","-95.719915604076,29.828256571964","96566440","L"
"1325","6724 CULLEN BLVD, HOUSTON, TX, 77021","Match","Exact","6724 CULLEN BLVD, HOUSTON, TX, 77021","-95.35312338397,29.69077601965","96089105","R"
"2656","14650 WOODFOREST BLVD, HOUSTON, TX, 77015","Match","Exact","14650 WOODFOREST BLVD, HOUSTON, TX, 77015","-95.162064738005,29.790577862965","644890518","R"
"1324","5700 S GESSNER RD STE I, HOUSTON, TX, 77036","Match","Non_Exact","5700 S GESSNER RD, HOUSTON, TX, 77036","-95.539120098683,29.719465566694","638214588","R"
"2655","6729 LOCKWOOD DR, HOUSTON, TX, 77028","Match","Exact","6729 LOCKWOOD DR, HOUSTON, TX, 77028","-95.318673279479,29.820871120462","96640477","L"
"1323","14625 BEECHNUT ST, HOUSTON, TX, 77083","Match","Exact","14625 BEECHNUT ST, HOUSTON, TX, 77083","-95.64617415828,29.689587611717","644391529","L"
"2654","26835 CYPRESSWOOD DR STE 1, SPRING, TX, 77373","Match","Exact","26835 CYPRESSWOOD DR, SPRING, TX, 77373","-95.391753452728,30.063283149656","642113784","R"
"1322","9436 N HOUSTON ROSSLYN RD STE A, HOUSTON, TX, 77088","Match","Non_Exact","9436 N HOUSTON ROSSLYN RD, HOUSTON, TX, 77088","-95.494382847901,29.87715511654","642105912","R"
"2653","7803 JENSEN DR, HOUSTON, TX, 77093","Match","Exact","7803 JENSEN DR, HOUSTON, TX, 77093","-95.342716773536,29.829942283575","96640307","L"
"1321","23800 INTERSTATE 45, SPRING, TX, 77373","Match","Exact","23800 I- 45, SPRING, TX, 77373","-95.435611786615,30.109764413593","642114323","R"
"2652","4202 LITTLECREST RD, HOUSTON, TX, 77093","Match","Exact","4202 LITTLECREST RD, HOUSTON, TX, 77093","-95.325490170491,29.870838483094","96074953","R"
"1320","16215 STUEBNER AIRLINE RD # 400, SPRING, TX, 77379","Match","Exact","16215 STUEBNER AIRLINE RD, SPRING, TX, 77379","-95.518073089304,30.014697019645","645658245","L"
"2651","7120 CANAL ST, HOUSTON, TX, 77011","Match","Exact","7120 CANAL ST, HOUSTON, TX, 77011","-95.297921567938,29.738853644294","96083109","R"
"1329","16400 EL CAMINO REAL, HOUSTON, TX, 77062","No_Match"
"1328","1035 N SHEPHERD DR, HOUSTON, TX, 77008","Match","Exact","1035 N SHEPHERD DR, HOUSTON, TX, 77008","-95.409883437439,29.787485905851","96631791","L"
"2659","1182 BAYBROOK MAIL K5534, FRIENDSWOOD, TX, 77546","Match","Non_Exact","1182 BAYBROOK MALL, FRIENDSWOOD, TX, 77546","-95.148001444024,29.546415374612","640055896","R"
"1341","8301 JONES RD, JERSEY VILLAGE, TX, 77065","Match","Exact","8301 JONES RD, JERSEY VILLAGE, TX, 77065","-95.584458923793,29.894569157885","96651354","L"
"2672","1615 RICHEY ST, PASADENA, TX, 77502","Match","Exact","1615 RICHEY ST, PASADENA, TX, 77502","-95.220334221707,29.688051786827","96102820","L"
"1340","6831 S GESSNER RD, HOUSTON, TX, 77036","Match","Exact","6831 S GESSNER RD, HOUSTON, TX, 77036","-95.538180065967,29.706690767863","96608889","L"
"2671","2702 ALABAMA ST, HOUSTON, TX, 77004","Match","Exact","2702 ALABAMA ST, HOUSTON, TX, 77004","-95.365405081757,29.729083574021","96071999","R"
"2670","16618 CLAY RD STE 450, HOUSTON, TX, 77084","Match","Exact","16618 CLAY RD, HOUSTON, TX, 77084","-95.658810316138,29.832905290329","642104556","L"
"1338","17501 TELGE RD, CYPRESS, TX, 77429","Match","Exact","17501 TELGE RD, CYPRESS, TX, 77429","-95.658060169699,30.025954428525","96000679","L"
"2669","13302 TIDWELL RD, HOUSTON, TX, 77044","Match","Exact","13302 TIDWELL RD, HOUSTON, TX, 77044","-95.192535232012,29.853138822576","638592419","R"
"1337","12310 CULLEN BLVD, HOUSTON, TX, 77047","Match","Exact","12310 CULLEN BLVD, HOUSTON, TX, 77047","-95.355694713727,29.627949167952","96593673","R"
"2668","6458 W LITTLE YORK RD, HOUSTON, TX, 77091","Match","Exact","6458 W LITTLE YORK RD, HOUSTON, TX, 77091","-95.48556334685,29.865808791389","96026966","R"
"1336","6767 SPENCER HWY, PASADENA, TX, 77505","Match","Exact","6767 SPENCER HWY, PASADENA, TX, 77505","-95.134969552561,29.663521110567","96601316","L"
"2667","5328A FM 1960 RD E, HUMBLE, TX, 77346","Match","Non_Exact","5328A FM 1960 RD E, HUMBLE, TX, 77346","-95.19865685302,29.998895753944","96578923","R"
"1335","6100 W FUQUA ST, HOUSTON, TX, 77085","Match","Exact","6100 W FUQUA ST, HOUSTON, TX, 77085","-95.465309987348,29.61227415496","638592117","L"
"2666","4910 ALDINE MAIL ROUTE RD, HOUSTON, TX, 77039","Match","Non_Exact","4910 ALDINE MAIL RD, HOUSTON, TX, 77039","-95.318558491174,29.90282754639","96046561","R"
"1334","21003 HUFSMITH KOHRVILLE RD, TOMBALL, TX, 77375","Match","Exact","21003 HUFSMITH KOHRVILLE RD, TOMBALL, TX, 77375","-95.589163704198,30.069536577894","96168376","R"
"2665","15121 MEMORIAL DR, HOUSTON, TX, 77079","Match","Exact","15121 MEMORIAL DR, HOUSTON, TX, 77079","-95.620977135595,29.779531015441","642471135","L"
"1333","5870 RANCHESTER DR STE 650A, HOUSTON, TX, 77036","Match","Exact","5870 RANCHESTER DR, HOUSTON, TX, 77036","-95.547836480203,29.714812163126","655913998","R"
"2664","7243 BISSONNET ST, HOUSTON, TX, 77074","Match","Exact","7243 BISSONNET ST, HOUSTON, TX, 77074","-95.510130649888,29.686002228014","96604045","L"
"1332","2800 N TERMINAL RD # A, HOUSTON, TX, 77032","Match","Non_Exact","2800 N TERMINAL RD, HOUSTON, TX, 77032","-95.348412711738,29.987351671091","96044412","L"
"2663","19227 KATY FWY, HOUSTON, TX, 77094","Match","Exact","19227 KATY FWY, HOUSTON, TX, 77094","-95.704238912119,29.784624196575","638067192","R"
"1331","14244 WESTHEIMER RD, HOUSTON, TX, 77077","Match","Exact","14244 WESTHEIMER RD, HOUSTON, TX, 77077","-95.639345460766,29.735764927222","96618647","R"
"2662","10900 CYPRESS CREEK PKWY STE A, HOUSTON, TX, 77070","No_Match"
"1339","2510 BERRY RD, HOUSTON, TX, 77093","Match","Exact","2510 BERRY RD, HOUSTON, TX, 77093","-95.346806200572,29.837687782126","96644122","R"
"1352","1700 N ALEXANDER DR, BAYTOWN, TX, 77520","Match","Exact","1700 N ALEXANDER DR, BAYTOWN, TX, 77520","-94.952824806197,29.74093790294","233394125","R"
"2683","1121 S HOUSTON AVE, HUMBLE, TX, 77338","Match","Non_Exact","1121 N HOUSTON AVE, HUMBLE, TX, 77338","-95.258450251019,30.00410600413","96663324","L"
"1351","6111 WASHINGTON AVE, HOUSTON, TX, 77007","Match","Exact","6111 WASHINGTON AVE, HOUSTON, TX, 77007","-95.423768284506,29.771859453435","96060455","L"
"2682","6533 WILCREST DR STE 105, HOUSTON, TX, 77072","Match","Exact","6533 WILCREST DR, HOUSTON, TX, 77072","-95.57120439333,29.708325942963","96119926","L"
"1350","10401 JENSEN DR # A, HOUSTON, TX, 77093","Match","Non_Exact","10401 JENSEN DR, HOUSTON, TX, 77093","-95.334494332457,29.862647420849","96647438","L"
"2681","9934 MESA DR STE B, HOUSTON, TX, 77078","Match","Non_Exact","9934 MESA DR, HOUSTON, TX, 77078","-95.262357157185,29.857911815592","96077639","R"
"2680","5858 S GESSNER RD STE 110, HOUSTON, TX, 77036","Match","Exact","5858 S GESSNER RD, HOUSTON, TX, 77036","-95.539009749888,29.716547945268","656314441","R"
"1349","13300 JOHN F KENNEDY BLVD, HOUSTON, TX, 77039","Match","Exact","13300 JOHN F KENNEDY BLVD, HOUSTON, TX, 77039","-95.331314239588,29.911284822226","96654258","R"
"1348","7914 THOMPSON RD, HIGHLANDS, TX, 77562","Match","Exact","7914 THOMPSON RD, HIGHLANDS, TX, 77562","-95.03283296061,29.810450816437","233480153","R"
"2679","400 N ALEXANDER DR, BAYTOWN, TX, 77520","Match","Exact","400 N ALEXANDER DR, BAYTOWN, TX, 77520","-94.957539354301,29.731301749149","649819364","R"
"1347","6350 N ELDRIDGE PKWY, HOUSTON, TX, 77041","Match","Exact","6350 N ELDRIDGE PKWY, HOUSTON, TX, 77041","-95.60796206825,29.861954664962","96646002","L"
"2678","6401 LONG DR, HOUSTON, TX, 77087","Match","Exact","6401 LONG DR, HOUSTON, TX, 77087","-95.312676435109,29.689767028799","96605756","L"
"1346","2800 N TERMINAL RD, HOUSTON, TX, 77032","Match","Exact","2800 N TERMINAL RD, HOUSTON, TX, 77032","-95.348412711738,29.987351671091","96044412","L"
"2677","4500 RICHMOND AVE, HOUSTON, TX, 77027","Match","Non_Exact","4500 S RICHMOND AVE, HOUSTON, TX, 77082","-95.65002808936,29.72728707401","636879735","L"
"1345","29220 HUFFMAN CLEVELAND RD STE A, HUFFMAN, TX, 77336","Match","Non_Exact","29220 HUFFMAN CLEVELAND RD, HUFFMAN, TX, 77336","-95.110927837594,30.07763997859","645843181","R"
"2676","12914 HEMPSTEAD RD, HOUSTON, TX, 77040","Match","Exact","12914 HEMPSTEAD RD, HOUSTON, TX, 77040","-95.507571801395,29.835734053222","96643112","R"
"1344","6315B GARTH RD, BAYTOWN, TX, 77521","Match","Non_Exact","6315B GARTH RD, BAYTOWN, TX, 77521","-94.980226924243,29.792587327479","652193868","L"
"2675","1115 FREEPORT ST, HOUSTON, TX, 77015","Match","Exact","1115 FREEPORT ST, HOUSTON, TX, 77015","-95.177868636059,29.774602738603","96098593","L"
"1343","21945 FIELDS STORE RD C/O STE 300, WALLER, TX, 77484","No_Match"
"2674","101 NORTH LOOP, HOUSTON, TX, 77018","Match","Exact","101 N LOOP, HOUSTON, TX, 77018","-95.399347579816,29.813372051514","233479009","L"
"1342","12002 VETERANS MEMORIAL DR STE B, HOUSTON, TX, 77067","Match","Non_Exact","12002 VETERANS MEMORIAL DR, HOUSTON, TX, 77067","-95.475500732249,29.957911842523","642184338","L"
"2673","1514 SPENCER HWY, LA PORTE, TX, 77571","No_Match"
"1363","8630 CULLEN BLVD, HOUSTON, TX, 77051","Match","Exact","8630 CULLEN BLVD, HOUSTON, TX, 77051","-95.355755387675,29.667419622442","96089719","R"
"2694","569 S MASON RD, KATY, TX, 77450","Match","Exact","569 S MASON RD, KATY, TX, 77450","-95.751667452962,29.778715216131","233399037","L"
"1362","1035 SHAVER ST, PASADENA, TX, 77506","Match","Exact","1035 SHAVER ST, PASADENA, TX, 77506","-95.211345582507,29.694908985768","96103027","L"
"2693","46 BRAESWOOD SQ SPC M15, HOUSTON, TX, 77096","Match","Non_Exact","46 BRAESWOOD CT, HOUSTON, TX, 77030","-95.413292400171,29.698143300731","96353592","L"
"1361","4801 N SHEPHERD DR, HOUSTON, TX, 77018","Match","Exact","4801 N SHEPHERD DR, HOUSTON, TX, 77018","-95.410820362464,29.83471745209","96054757","L"
"2692","9250 W BELLFORT AVE, HOUSTON, TX, 77031","Match","Non_Exact","9250 W BELLFORT ST, HOUSTON, TX, 77031","-95.537630162768,29.656392900252","96156948","L"
"1360","4815 LAZY TIMBERS DR, HUMBLE, TX, 77346","Match","Exact","4815 LAZY TIMBERS DR, HUMBLE, TX, 77346","-95.202755544315,29.982253794775","96558546","R"
"2691","422 GANS ST, HOUSTON, TX, 77029","Match","Exact","422 GANS ST, HOUSTON, TX, 77029","-95.254838340321,29.736106215103","96086167","R"
"2690","3504 W OREM DR, HOUSTON, TX, 77045","Match","Exact","3504 W OREM DR, HOUSTON, TX, 77045","-95.429676624811,29.628321339628","233353058","R"
"1359","2323 WIRT RD, HOUSTON, TX, 77055","Match","Exact","2323 WIRT RD, HOUSTON, TX, 77055","-95.485288733965,29.816401056862","96028323","L"
"1358","7310 LOUETTA RD, SPRING, TX, 77379","Match","Exact","7310 LOUETTA RD, SPRING, TX, 77379","-95.523921119617,30.021001747477","96664773","L"
"2689","10804 BELLAIRE BLVD STE G, HOUSTON, TX, 77072","Match","Non_Exact","10804 BELLAIRE BLVD, HOUSTON, TX, 77072","-95.567555701702,29.704030116837","96608460","R"
"1357","2619 RED BLUFF RD, PASADENA, TX, 77506","Match","Exact","2619 RED BLUFF RD, PASADENA, TX, 77506","-95.174581892419,29.69568085216","96611774","L"
"2688","9545 ELLA LEE LN APT 42, HOUSTON, TX, 77063","Match","Exact","9545 ELLA LEE LN, HOUSTON, TX, 77063","-95.532979614485,29.740820729759","642867549","L"
"1356","13655 BISSONNET ST STE 102, HOUSTON, TX, 77083","Match","Exact","13655 BISSONNET ST, HOUSTON, TX, 77083","-95.622790634549,29.680962564748","96602774","R"
"2687","8103 CREEKBEND DR STE I, HOUSTON, TX, 77071","Match","Non_Exact","8103 CREEKBEND DR, HOUSTON, TX, 77071","-95.522555433134,29.665414495277","96598678","R"
"1355","3406 N SHEPHERD DR, HOUSTON, TX, 77018","Match","Exact","3406 N SHEPHERD DR, HOUSTON, TX, 77018","-95.41036747367,29.817695467764","96639814","R"
"2686","17350 STATE HIGHWAY 249 STE 22026728, HOUSTON, TX, 77064","No_Match"
"1354","11320 CHIMNEY ROCK RD, HOUSTON, TX, 77035","Match","Exact","11320 CHIMNEY ROCK RD, HOUSTON, TX, 77035","-95.477390039845,29.656671531837","96599003","R"
"2685","5402 BIRDWOOD RD, HOUSTON, TX, 77096","Match","Exact","5402 BIRDWOOD RD, HOUSTON, TX, 77096","-95.479493050378,29.681499598375","96038999","R"
"1353","1000 MAIN ST STE 2300, HOUSTON, TX, 77002","Match","Exact","1000 MAIN ST, HOUSTON, TX, 77002","-95.365007245443,29.756940918955","96067716","R"
"2684","8755 FM 1960 BYPASS RD W, HUMBLE, TX, 77338","Match","Exact","8755 FM 1960 BYPASS RD W, HUMBLE, TX, 77338","-95.283043314181,30.005102756032","647692508","L"
"1374","4203 ALDINE MAIL RD, HOUSTON, TX, 77039","Match","Exact","4203 ALDINE MAIL RD, HOUSTON, TX, 77039","-95.331800502919,29.902561068222","96046416","L"
"1373","4000 POLK ST, HOUSTON, TX, 77023","Match","Exact","4000 POLK ST, HOUSTON, TX, 77023","-95.339902894793,29.740190207531","96073704","R"
"1372","14512 WEST RD, HOUSTON, TX, 77095","Match","Exact","14512 WEST RD, HOUSTON, TX, 77095","-95.621016597773,29.899553163057","96152985","L"
"1371","10411 NORTH FWY, HOUSTON, TX, 77037","No_Match"
"1370","14060 FM 2920 RD, TOMBALL, TX, 77377","Match","Non_Exact","14060 FM 2920, TOMBALL, TX, 77375","-95.642866901563,30.089356040965","647702322","L"
"1369","4279 N SHEPHERD DR, HOUSTON, TX, 77018","Match","Exact","4279 N SHEPHERD DR, HOUSTON, TX, 77018","-95.410668099167,29.827125832043","96054772","L"
"1368","12311 MAIN ST, HOUSTON, TX, 77035","No_Match"
"2699","8003 FILLMORE ST STE A, HOUSTON, TX, 77029","Match","Non_Exact","8003 FILLMORE ST, HOUSTON, TX, 77029","-95.285015802801,29.75844578535","96081415","L"
"1367","11623 S SAM HOUSTON PKWY E, HOUSTON, TX, 77089","Match","Non_Exact","11623 S SAM HOUSTON PKWY E, HOUSTON, TX, 77044","-95.199148743136,29.883874400166","638191557","R"
"2698","503 FIDELITY ST, HOUSTON, TX, 77029","Match","Exact","503 FIDELITY ST, HOUSTON, TX, 77029","-95.255305665449,29.736916935147","96086161","L"
"1366","10998 FUQUA ST STE C, HOUSTON, TX, 77089","Match","Non_Exact","10998 FUQUA ST, HOUSTON, TX, 77089","-95.223064171489,29.612107891518","96594321","R"
"2697","11702 CYPRESS NORTH HOUSTON RD, CYPRESS, TX, 77429","Match","Exact","11702 CYPRESS NORTH HOUSTON RD, CYPRESS, TX, 77429","-95.595935474002,29.952509505746","96004590","L"
"1365","620 WAYSIDE DR, HOUSTON, TX, 77011","Tie"
"2696","10531 FRY RD BLDG A2 STE 125, CYPRESS, TX, 77433","No_Match"
"1364","14366 MEMORIAL DR STE B, HOUSTON, TX, 77079","Match","Non_Exact","14366 MEMORIAL DR, HOUSTON, TX, 77079","-95.598586994594,29.770270104358","96629769","R"
"2695","1005 BLALOCK RD, HOUSTON, TX, 77055","Match","Exact","1005 BLALOCK RD, HOUSTON, TX, 77055","-95.521338300777,29.785186530431","96630872","L"
"1385","13115 CRIEFFE RD, HOUSTON, TX, 77039","Match","Exact","13115 CRIEFFE RD, HOUSTON, TX, 77039","-95.320644816355,29.910009952701","96046509","L"
"1384","110 HARDWICKE RD, HOUSTON, TX, 77060","Match","Exact","110 HARDWICKE RD, HOUSTON, TX, 77060","-95.405831559412,29.920182267388","652310367","R"
"1383","14100 SPRING CYPRESS, CYPRESS, TX, 77429","Match","Non_Exact","14100 SPRING CYPRESS RD, CYPRESS, TX, 77429","-95.637039608882,30.003084115309","649868589","L"
"1382","5310 S RICE AVE, HOUSTON, TX, 77081","Match","Exact","5310 S RICE AVE, HOUSTON, TX, 77081","-95.468235053036,29.724893772296","96615146","R"
"1381","2800 N TERMINAL RD STE 125, HOUSTON, TX, 77032","Match","Exact","2800 N TERMINAL RD, HOUSTON, TX, 77032","-95.348412711738,29.987351671091","96044412","L"
"1380","9325 KATY FWY, HOUSTON, TX, 77024","Match","Exact","9325 KATY FWY, HOUSTON, TX, 77024","-95.523254373384,29.783711946419","96630919","L"
"1379","360 FM 1960 RD W, HOUSTON, TX, 77090","No_Match"
"1378","949 S MASON RD, KATY, TX, 77450","Match","Exact","949 S MASON RD, KATY, TX, 77450","-95.751321896656,29.749760954806","642102822","L"
"1377","7913 WESTHEIMER RD, HOUSTON, TX, 77063","Match","Exact","7913 WESTHEIMER RD, HOUSTON, TX, 77063","-95.506809696865,29.737406995896","642143857","L"
"1376","8020 FRY RD STE 108, CYPRESS, TX, 77433","Match","Exact","8020 FRY RD, CYPRESS, TX, 77433","-95.718417853299,29.894997920718","626963870","L"
"1375","913A S BROADWAY ST, LA PORTE, TX, 77571","Match","Non_Exact","913A S BROADWAY ST, LA PORTE, TX, 77571","-95.019022703165,29.65486994506","641745786","R"
"1396","2311 PARKER RD, HOUSTON, TX, 77093","Match","Exact","2311 PARKER RD, HOUSTON, TX, 77093","-95.34967701935,29.859497307954","96057060","L"
"1395","14400 ALDINE WESTFIELD RD, HOUSTON, TX, 77039","Match","Exact","14400 ALDINE WESTFIELD RD, HOUSTON, TX, 77039","-95.355657397163,29.924162346645","635024608","R"
"1394","8310 LONG POINT RD, HOUSTON, TX, 77055","Match","Exact","8310 LONG POINT RD, HOUSTON, TX, 77055","-95.493974050427,29.80306295678","96026501","R"
"1393","7994 BELLFORT ST, HOUSTON, TX, 77061","Match","Exact","7994 BELLFORT ST, HOUSTON, TX, 77061","-95.268987928411,29.674725022221","96606114","R"
"1392","6911 FM 1960 RD W, HOUSTON, TX, 77069","Match","Exact","6911 FM 1960 RD W, HOUSTON, TX, 77069","-95.533264380107,29.968561746552","233348096","R"
"1391","4786 W BELLFORT ST, HOUSTON, TX, 77035","Match","Exact","4786 W BELLFORT ST, HOUSTON, TX, 77035","-95.458678173915,29.671765783638","96604501","R"
"1390","11919 EASTEX FWY, HOUSTON, TX, 77039","Match","Exact","11919 EASTEX FWY, HOUSTON, TX, 77039","-95.315393458845,29.896531259839","638223830","L"
"1389","9523 ANTOINE DR, HOUSTON, TX, 77086","Match","Exact","9523 ANTOINE DR, HOUSTON, TX, 77086","-95.48037569203,29.907366564903","96230867","L"
"1388","9999 FUQUA ST, HOUSTON, TX, 77075","No_Match"
"1387","15802 CHAMPION FOREST DR, SPRING, TX, 77379","Match","Exact","15802 CHAMPION FOREST DR, SPRING, TX, 77379","-95.532893793711,30.001668062936","96162150","R"
"1386","2000 BAYPORT BLVD, SEABROOK, TX, 77586","Match","Exact","2000 BAYPORT BLVD, SEABROOK, TX, 77586","-95.026729675689,29.569937640156","96117110","R"
"3101","13867 CYPRESS NORTH HOUSTON RD STE A, CYPRESS, TX, 77429","Match","Non_Exact","13867 CYPRESS NORTH HOUSTON RD, CYPRESS, TX, 77429","-95.629179501223,29.947365477927","96579474","R"
"3100","6015 HILLCROFT ST STE 1300, HOUSTON, TX, 77081","Match","Exact","6015 HILLCROFT ST, HOUSTON, TX, 77081","-95.497993694319,29.715771844325","96614610","L"
"1399","156 FM 1960 RD STE B, HOUSTON, TX, 77073","Match","Non_Exact","156 FM 1960 RD E, HOUSTON, TX, 77073","-95.427163368025,30.021632901577","233348848","R"
"1398","11017 MARKET ST, JACINTO CITY, TX, 77029","Match","Non_Exact","11017 MARKET STREET RD, JACINTO CITY, TX, 77029","-95.23532390504,29.76777008624","96625948","L"
"1397","1250 GARTH RD STE J, BAYTOWN, TX, 77520","Match","Non_Exact","1250 GARTH RD, BAYTOWN, TX, 77520","-94.980639759258,29.740769943062","96622920","R"
"3112","2800 S RICHEY ST, HOUSTON, TX, 77017","Match","Non_Exact","2800 RICHEY ST, HOUSTON, TX, 77017","-95.231147135032,29.677463032756","96606357","R"
"3111","16815 POPLAR HILL ST, HOUSTON, TX, 77095","Match","Exact","16815 POPLAR HILL ST, HOUSTON, TX, 77095","-95.664012208713,29.890127738341","96290064","R"
"3110","8585 WOODWAY DR APT 1114, HOUSTON, TX, 77063","Match","Exact","8585 WOODWAY DR, HOUSTON, TX, 77063","-95.515320806963,29.741632997535","627951644","L"
"3109","3613 RED BLUFF RD, PASADENA, TX, 77503","Match","Exact","3613 RED BLUFF RD, PASADENA, TX, 77503","-95.158708699539,29.686279117672","96606858","L"
"3108","13954 OLD HUMBLE RD, HUMBLE, TX, 77396","Match","Exact","13954 OLD HUMBLE RD, HUMBLE, TX, 77396","-95.302904816112,29.92232004659","233480252","R"
"3107","3109 LAURA KOPPE RD, HOUSTON, TX, 77093","Match","Exact","3109 LAURA KOPPE RD, HOUSTON, TX, 77093","-95.339386830229,29.840609935342","96058726","L"
"3106","4003 RUSTIC WOODS DR STE C, KINGWOOD, TX, 77339","No_Match"
"3105","3856 S DAIRY ASHFORD ST, HOUSTON, TX, 77082","Match","Non_Exact","3856 S DAIRY ASHFORD RD, HOUSTON, TX, 77082","-95.604754151212,29.716145862269","96612768","L"
"500","1102 BROADWAY ST STE B, HOUSTON, TX, 77012","Match","Non_Exact","1102 BROADWAY ST, HOUSTON, TX, 77012","-95.27832931826,29.715602736661","96085579","R"
"3104","6203 BOURGEOIS RD, HOUSTON, TX, 77066","Match","Exact","6203 BOURGEOIS RD, HOUSTON, TX, 77066","-95.508628610072,29.956713060727","96130140","R"
"501","18695 CLAY RD STE A, HOUSTON, TX, 77084","Match","Non_Exact","18695 CLAY RD, HOUSTON, TX, 77084","-95.686382349141,29.831049503565","642188210","R"
"3103","620 KATY FORT BEND RD STE 320, KATY, TX, 77494","Match","Exact","620 KATY FORT BEND RD, KATY, TX, 77494","-95.801618052713,29.775255247918","651075528","R"
"502","1920 JENSEN DR, HOUSTON, TX, 77026","Match","Exact","1920 JENSEN DR, HOUSTON, TX, 77026","-95.341777794425,29.778817820021","96068884","R"
"3102","1515 WALNUT BEND LN, HOUSTON, TX, 77042","Match","Exact","1515 WALNUT BEND LN, HOUSTON, TX, 77042","-95.565075954193,29.74661722039","655007651","L"
"503","7705 WESTHEIMER RD, HOUSTON, TX, 77063","Match","Exact","7705 WESTHEIMER RD, HOUSTON, TX, 77063","-95.503768169952,29.737452591461","96620062","L"
"504","5820 KATY FWY, HOUSTON, TX, 77007","Match","Exact","5820 KATY FWY, HOUSTON, TX, 77007","-95.428644226723,29.77803198369","642480287","R"
"505","1424 W SAM HOUSTON PKWY N STE 110, HOUSTON, TX, 77043","Tie"
"506","4955 BEECHNUT ST, HOUSTON, TX, 77096","Match","Exact","4955 BEECHNUT ST, HOUSTON, TX, 77096","-95.464243075234,29.689077848765","96604385","L"
"507","2520 LAFFERTY RD, PASADENA, TX, 77502","Match","Exact","2520 LAFFERTY RD, PASADENA, TX, 77502","-95.198104961534,29.67432100453","96104059","R"
"508","2212 SPENCER HWY, PASADENA, TX, 77504","Match","Exact","2212 SPENCER HWY, PASADENA, TX, 77504","-95.206853652407,29.664755826995","96600600","R"
"509","1313 N FRY RD, KATY, TX, 77449","Match","Non_Exact","1313 FRY RD, KATY, TX, 77449","-95.718957686214,29.78862556244","96628218","L"
"3123","10302 HARWIN DR STE A, HOUSTON, TX, 77036","No_Match"
"3122","2840 BROADWAY ST, HOUSTON, TX, 77017","Match","Exact","2840 BROADWAY ST, HOUSTON, TX, 77017","-95.277909914099,29.699468602471","96085803","R"
"3121","510 ALDINE BENDER RD, HOUSTON, TX, 77060","Match","Exact","510 ALDINE BENDER RD, HOUSTON, TX, 77060","-95.389014232593,29.931849155081","653669694","R"
"3120","5718 WESTHEIMER RD STE 1000, HOUSTON, TX, 77057","Match","Exact","5718 WESTHEIMER RD, HOUSTON, TX, 77057","-95.478201670347,29.738027454233","233390068","R"
"3119","2309 BINGLE RD, HOUSTON, TX, 77055","Match","Exact","2309 BINGLE RD, HOUSTON, TX, 77055","-95.500906005953,29.815317509956","96026402","L"
"3118","8619 RICHMOND AVE STE 500B, HOUSTON, TX, 77063","Match","Exact","8619 RICHMOND AVE, HOUSTON, TX, 77063","-95.514296133353,29.729237521669","96614060","L"
"3117","20221 CLAY RD STE A, KATY, TX, 77449","No_Match"
"510","501 W 38TH ST, HOUSTON, TX, 77018","Match","Exact","501 W 38TH ST, HOUSTON, TX, 77018","-95.406556862424,29.82097779604","96639826","L"
"3116","7676 HILLMONT ST STE 108, HOUSTON, TX, 77040","Match","Exact","7676 HILLMONT ST, HOUSTON, TX, 77040","-95.50599648926,29.843684174227","644430474","R"
"511","5402 NORDLING RD, HOUSTON, TX, 77076","Match","Exact","5402 NORDLING RD, HOUSTON, TX, 77076","-95.390770002625,29.845624173856","96643860","R"
"3115","8650 BARKER CYPRESS RD, CYPRESS, TX, 77433","Match","Exact","8650 BARKER CYPRESS RD, CYPRESS, TX, 77433","-95.685358921263,29.904688816027","644948090","R"
"512","15023 SUN GLAZE DR, HUMBLE, TX, 77346","Match","Exact","15023 SUN GLAZE DR, HUMBLE, TX, 77346","-95.209981396784,29.938768787968","635219130","R"
"3114","9822 FRY RD STE 160, CYPRESS, TX, 77433","No_Match"
"513","12355 MAIN ST, HOUSTON, TX, 77035","No_Match"
"3113","6130 IRVINGTON BLVD, HOUSTON, TX, 77022","No_Match"
"514","8102 LOCKWOOD DR, HOUSTON, TX, 77016","Match","Exact","8102 LOCKWOOD DR, HOUSTON, TX, 77016","-95.31879409367,29.834238465843","96076138","R"
"515","5211 BARKER CYPRESS RD STE 105, HOUSTON, TX, 77084","No_Match"
"516","2536 SPENCER HWY UNIT 140, PASADENA, TX, 77504","Match","Exact","2536 SPENCER HWY, PASADENA, TX, 77504","-95.203912895446,29.664796602443","644891993","R"
"517","6333 BARKER CYPRESS RD, HOUSTON, TX, 77084","Match","Exact","6333 BARKER CYPRESS RD, HOUSTON, TX, 77084","-95.683573535309,29.878638008621","644885377","L"
"518","2005 W GRAY ST STE A, HOUSTON, TX, 77019","Match","Non_Exact","2005 W GRAY ST, HOUSTON, TX, 77019","-95.408701244029,29.752993146614","96624750","L"
"519","3012 HILLCROFT ST, HOUSTON, TX, 77057","Match","Exact","3012 HILLCROFT ST, HOUSTON, TX, 77057","-95.501297460385,29.732767436765","96031448","R"
"3134","2902 MANGUM RD, HOUSTON, TX, 77092","Match","Exact","2902 MANGUM RD, HOUSTON, TX, 77092","-95.459190186632,29.814176611319","96639574","R"
"3133","1732 RICHMOND AVE STE A, HOUSTON, TX, 77098","Match","Non_Exact","1732 RICHMOND AVE, HOUSTON, TX, 77098","-95.403275005849,29.734369105068","642473703","R"
"3132","3433 W FUQUA ST, HOUSTON, TX, 77045","Match","Exact","3433 W FUQUA ST, HOUSTON, TX, 77045","-95.428216294402,29.613490391683","96593440","L"
"3131","6530 W 43RD ST, HOUSTON, TX, 77092","Match","Exact","6530 W 43RD ST, HOUSTON, TX, 77092","-95.487954412743,29.833088846056","96643501","R"
"3130","300 MEYERLAND PLAZA MALL, HOUSTON, TX, 77096","No_Match"
"3129","8805 HOMESTEAD RD, HOUSTON, TX, 77016","Match","Exact","8805 HOMESTEAD RD, HOUSTON, TX, 77016","-95.302166960357,29.84083426597","96076748","L"
"520","11945 BARWOOD BEND DR STE C, HOUSTON, TX, 77065","Match","Non_Exact","11945 BARWOOD BEND DR, HOUSTON, TX, 77065","-95.617455006566,29.946726362198","655881208","L"
"3128","8011 ELVERA ST, HOUSTON, TX, 77012","Match","Exact","8011 ELVERA ST, HOUSTON, TX, 77012","-95.27931945396,29.708867394398","642473473","L"
"521","13110 FM 529 RD STE 3, HOUSTON, TX, 77041","Match","Non_Exact","13110 FM 529, HOUSTON, TX, 77041","-95.602255769001,29.879986413326","233491407","L"
"3127","1904 EL MAR LN, SEABROOK, TX, 77586","Match","Exact","1904 EL MAR LN, SEABROOK, TX, 77586","-95.024913582708,29.57019712871","96117118","L"
"522","14706 LINDALL CT, CYPRESS, TX, 77429","Match","Exact","14706 LINDALL CT, CYPRESS, TX, 77429","-95.634679982062,29.990683925059","96164053","R"
"3126","9945 BARKER CYPRESS RD STE 126, CYPRESS, TX, 77433","Match","Exact","9945 BARKER CYPRESS RD, CYPRESS, TX, 77433","-95.686397518455,29.922861442939","642107271","L"
"523","13757 WILL CLAYTON PKWY, HUMBLE, TX, 77346","Match","Exact","13757 WILL CLAYTON PKWY, HUMBLE, TX, 77346","-95.169098535281,29.982114670528","642110323","R"
"3125","7724 DECKER DR STE B, BAYTOWN, TX, 77520","Match","Non_Exact","7724 DECKER DR, BAYTOWN, TX, 77520","-95.055912948145,29.789908081903","96102191","L"
"524","16140 KUYKENDAHL RD STE 116, HOUSTON, TX, 77068","No_Match"
"3124","11309 FAIRMONT ST, HOUSTON, TX, 77035","Match","Exact","11309 FAIRMONT ST, HOUSTON, TX, 77035","-95.50060732785,29.641576280022","96038697","L"
"525","15201 MASON RD STE 400, CYPRESS, TX, 77433","Match","Exact","15201 MASON RD, CYPRESS, TX, 77433","-95.738480785364,29.994175630642","233448415","R"
"526","2019 SPRING STUEBNER RD STE 600, SPRING, TX, 77389","No_Match"
"527","139 TIDWELL RD, HOUSTON, TX, 77022","Match","Exact","139 TIDWELL RD, HOUSTON, TX, 77022","-95.376162117533,29.845673708318","96057219","L"
"528","8406 N HOUSTON ROSSLYN RD, HOUSTON, TX, 77088","Match","Exact","8406 N HOUSTON ROSSLYN RD, HOUSTON, TX, 77088","-95.488165099585,29.867824834128","96025249","R"
"529","11146 WESTHEIMER RD, HOUSTON, TX, 77042","Match","Exact","11146 WESTHEIMER RD, HOUSTON, TX, 77042","-95.573560283173,29.736849474371","644886312","L"
"3145","10080 VETERANS MEMORIAL DR, HOUSTON, TX, 77038","Match","Exact","10080 VETERANS MEMORIAL DR, HOUSTON, TX, 77038","-95.443598908217,29.916564442505","642107339","R"
"3144","3737 BURKETT ST APT 41D, HOUSTON, TX, 77004","Match","Exact","3737 BURKETT ST, HOUSTON, TX, 77004","-95.358860562448,29.72546128696","96073232","L"
"3143","7001 5TH ST, BELLAIRE, TX, 77401","No_Match"
"3142","222 MASON CREEK DR APT 231, KATY, TX, 77450","Match","Exact","222 MASON CREEK DR, KATY, TX, 77450","-95.747523610801,29.783889677668","638066788","L"
"3141","817 SHELDON RD, CHANNELVIEW, TX, 77530","Match","Exact","817 SHELDON RD, CHANNELVIEW, TX, 77530","-95.124704077763,29.789252288672","96633624","L"
"3140","1110 SEAMIST DR, HOUSTON, TX, 77008","Match","Exact","1110 SEAMIST DR, HOUSTON, TX, 77008","-95.437782222833,29.790594005701","655872925","R"
"530","12410 WALLISVILLE RD, HOUSTON, TX, 77013","Match","Exact","12410 WALLISVILLE RD, HOUSTON, TX, 77013","-95.218705065461,29.802620926335","96095206","R"
"531","3201 N MACGREGOR WAY, HOUSTON, TX, 77004","Match","Exact","3201 N MACGREGOR WAY, HOUSTON, TX, 77004","-95.369791295363,29.712333184419","96072448","L"
"3139","8807 LOMAX ST, HOUSTON, TX, 77093","Match","Exact","8807 LOMAX ST, HOUSTON, TX, 77093","-95.348104220092,29.840627596847","96058559","L"
"532","6300 GARTH RD STE 330, BAYTOWN, TX, 77521","Match","Exact","6300 GARTH RD, BAYTOWN, TX, 77521","-94.980220514098,29.79355929094","652193868","R"
"3138","3403 MARIS WAY, HUMBLE, TX, 77338","Match","Exact","3403 MARIS WAY, HUMBLE, TX, 77338","-95.377358925985,30.028974292118","627920987","L"
"533","4324 W 34TH ST, HOUSTON, TX, 77092","Match","Exact","4324 W 34TH ST, HOUSTON, TX, 77092","-95.454345396125,29.818420456965","650101703","R"
"3137","9140 LONG POINT RD, HOUSTON, TX, 77055","Match","Exact","9140 LONG POINT RD, HOUSTON, TX, 77055","-95.51707918521,29.799589934611","96635475","R"
"534","1201 SOUTH ST, PASADENA, TX, 77503","Match","Exact","1201 SOUTH ST, PASADENA, TX, 77503","-95.171129504459,29.693529159808","96104986","L"
"3136","2239 N MASON RD STE 105, KATY, TX, 77449","Match","Exact","2239 N MASON RD, KATY, TX, 77449","-95.752085874587,29.80592892222","642104139","R"
"535","4910 N MAIN ST # 100, BAYTOWN, TX, 77521","Match","Exact","4910 N MAIN ST, BAYTOWN, TX, 77521","-94.963998732056,29.777281288873","644892134","R"
"3135","9405 JENSEN DR, HOUSTON, TX, 77093","Match","Exact","9405 JENSEN DR, HOUSTON, TX, 77093","-95.342995133876,29.84694927659","96644130","L"
"536","13204 FM 529 RD, HOUSTON, TX, 77041","Match","Non_Exact","13204 FM 529, HOUSTON, TX, 77041","-95.604074945512,29.879844877518","642106157","L"
"537","3451 W GRAND PARKWAY, KATY, TX, 77449","No_Match"
"538","2121 W LITTLE YORK RD, HOUSTON, TX, 77091","Match","Exact","2121 W LITTLE YORK RD, HOUSTON, TX, 77091","-95.44319080356,29.863431488636","96027669","L"
"539","8035 W AIRPORT BLVD STE 112-14, HOUSTON, TX, 77071","Match","Non_Exact","8035 W AIRPORT BLVD, HOUSTON, TX, 77071","-95.519532510432,29.641825372136","644587153","R"
"3156","2919 BARKER CYPRESS RD STE E, HOUSTON, TX, 77084","Match","Non_Exact","2919 BARKER CYPRESS RD, HOUSTON, TX, 77084","-95.687345022961,29.810790528635","642104232","R"
"3155","402 EDGEBROOK DR, HOUSTON, TX, 77034","Match","Exact","402 EDGEBROOK DR, HOUSTON, TX, 77034","-95.22250970716,29.646487245237","96596823","L"
"3154","12131 NORTHPOINTE BLVD STE 3, TOMBALL, TX, 77377","Match","Exact","12131 NORTHPOINTE BLVD, TOMBALL, TX, 77377","-95.612688989876,30.032619097126","641765022","R"
"3153","24910 KUYKENDAHL RD STE D, TOMBALL, TX, 77375","Match","Non_Exact","24910 KUYKENDAHL RD, TOMBALL, TX, 77375","-95.55454169771,30.119536159891","644676160","L"
"3152","3337 TELEPHONE RD, HOUSTON, TX, 77023","Match","Exact","3337 TELEPHONE RD, HOUSTON, TX, 77023","-95.315491205201,29.712098037293","96616176","L"
"3151","17689 STATE HIGHWAY 249, HOUSTON, TX, 77064","No_Match"
"3150","10901 MARKET ST, HOUSTON, TX, 77029","Match","Non_Exact","10901 MARKET STREET RD, HOUSTON, TX, 77029","-95.237460859499,29.767715642043","96625942","L"
"540","13150 FM 529 RD STE 102, HOUSTON, TX, 77041","Match","Non_Exact","13150 FM 529, HOUSTON, TX, 77041","-95.603070248132,29.879926270692","642106157","L"
"541","15118 MOUNTAIN HEIGHTS DR, HOUSTON, TX, 77049","Match","Exact","15118 MOUNTAIN HEIGHTS DR, HOUSTON, TX, 77049","-95.170060163135,29.815331964428","627969888","L"
"542","5770 FRY RD STE A, KATY, TX, 77449","Match","Non_Exact","5770 FRY RD, KATY, TX, 77449","-95.718544840976,29.854266240341","642105152","R"
"543","2620 JOANEL ST, HOUSTON, TX, 77027","Match","Exact","2620 JOANEL ST, HOUSTON, TX, 77027","-95.434452435789,29.741313856115","96062694","R"
"3149","5319 SELINSKY RD, HOUSTON, TX, 77048","Match","Exact","5319 SELINSKY RD, HOUSTON, TX, 77048","-95.341860716005,29.636813158687","96596012","L"
"544","141 WOODVALE ST, HOUSTON, TX, 77012","Match","Exact","141 WOODVALE ST, HOUSTON, TX, 77012","-95.289028990792,29.729292496993","96083578","L"
"3148","505 S FRY RD, KATY, TX, 77450","Match","Exact","505 S FRY RD, KATY, TX, 77450","-95.718808991429,29.778635172819","96016395","L"
"545","6955 NORTH HIGHWAY 6, HOUSTON, TX, 77084","Match","Non_Exact","6955 STATE HWY 6, HOUSTON, TX, 77084","-95.645379639743,29.877120769918","655094111","L"
"3147","8169 ANTOINE DR, HOUSTON, TX, 77088","Match","Exact","8169 ANTOINE DR, HOUSTON, TX, 77088","-95.474696927708,29.887276408091","96128266","L"
"546","1143 PORT ST, HOUSTON, TX, 77020","Match","Exact","1143 PORT ST, HOUSTON, TX, 77020","-95.296050165089,29.767769080507","96081225","L"
"3146","505 MAXEY RD STE C, HOUSTON, TX, 77013","Match","Non_Exact","505 MAXEY RD, HOUSTON, TX, 77013","-95.218620404701,29.786399547849","651201626","L"
"547","801 W LITTLE YORK RD, HOUSTON, TX, 77091","Match","Exact","801 W LITTLE YORK RD, HOUSTON, TX, 77091","-95.416746002475,29.867643838236","96053136","L"
"548","5747 ANTOINE DR, HOUSTON, TX, 77091","Match","Exact","5747 ANTOINE DR, HOUSTON, TX, 77091","-95.473361631619,29.848265995376","96027991","L"
"549","216 W LITTLE YORK RD STE F, HOUSTON, TX, 77076","Match","Non_Exact","216 W LITTLE YORK RD, HOUSTON, TX, 77076","-95.40179688843,29.86992634667","96647324","R"
"3167","20431 IMPERIAL VALLEY DR, HOUSTON, TX, 77073","No_Match"
"3166","24818 MORTON RANCH RD STE 200, KATY, TX, 77493","No_Match"
"3165","2500 GESSNER RD, HOUSTON, TX, 77080","Match","Exact","2500 GESSNER RD, HOUSTON, TX, 77080","-95.545147508364,29.816621029054","96639000","R"
"3164","16945 N ELDRIDGE PKWY STE 200, TOMBALL, TX, 77377","Match","Exact","16945 N ELDRIDGE PKWY, TOMBALL, TX, 77377","-95.608080591463,30.011896098683","645635489","L"
"3163","30 LYERLY ST STE 4, HOUSTON, TX, 77022","Match","Exact","30 LYERLY ST, HOUSTON, TX, 77022","-95.381702617681,29.834594642886","96644016","R"
"3162","8257 CREEKBEND DR, HOUSTON, TX, 77071","Match","Exact","8257 CREEKBEND DR, HOUSTON, TX, 77071","-95.524827329747,29.665324045625","96598621","R"
"3161","29300 HIGHWAY 290 STE 211, CYPRESS, TX, 77433","No_Match"
"3160","2440 CANAL ST, HOUSTON, TX, 77003","Match","Exact","2440 CANAL ST, HOUSTON, TX, 77003","-95.345592265399,29.757314771237","96070355","R"
"550","9543 BISSONNET ST STE 307, HOUSTON, TX, 77036","Match","Exact","9543 BISSONNET ST, HOUSTON, TX, 77036","-95.544441423497,29.67565651602","96603667","L"
"551","3914 NAVIGATION BLVD # A, HOUSTON, TX, 77003","Match","Non_Exact","3914 NAVIGATION BLVD, HOUSTON, TX, 77003","-95.331613838352,29.753838314716","96079929","R"
"552","2541 PRESTON AVE, PASADENA, TX, 77503","Match","Exact","2541 PRESTON AVE, PASADENA, TX, 77503","-95.172319980314,29.673183941584","96105083","L"
"553","6320 GARTH RD STE 140, BAYTOWN, TX, 77521","Match","Exact","6320 GARTH RD, BAYTOWN, TX, 77521","-94.980252137131,29.793802319903","652193868","R"
"554","18814 GLENWOOD CHASE CT, KATY, TX, 77449","No_Match"
"555","1725 MAIN ST STE 1, HOUSTON, TX, 77002","Match","Exact","1725 MAIN ST, HOUSTON, TX, 77002","-95.369167491346,29.751489182787","96067642","L"
"3159","6250 WESTPARK DR STE 232, HOUSTON, TX, 77057","Match","Exact","6250 WESTPARK DR, HOUSTON, TX, 77057","-95.495268603331,29.723528979898","647648734","R"
"556","4403 TELEPHONE RD, HOUSTON, TX, 77087","Match","Exact","4403 TELEPHONE RD, HOUSTON, TX, 77087","-95.302511833762,29.700123640149","96610692","L"
"3158","21502 ALDINE WESTFIELD RD STE D, HUMBLE, TX, 77338","Match","Non_Exact","21502 ALDINE WESTFIELD RD, HUMBLE, TX, 77338","-95.381105635286,30.027027837803","642112961","R"
"557","4941 ANTOINE DR, HOUSTON, TX, 77092","Match","Exact","4941 ANTOINE DR, HOUSTON, TX, 77092","-95.473107927841,29.836544358437","96028167","L"
"3157","14422 STUEBNER AIRLINE RD, HOUSTON, TX, 77069","Match","Exact","14422 STUEBNER AIRLINE RD, HOUSTON, TX, 77069","-95.502316041542,29.993437093987","656052668","R"
"558","9215 BECKENHAM DR, HOUSTON, TX, 77099","Match","Exact","9215 BECKENHAM DR, HOUSTON, TX, 77099","-95.612820536886,29.679242598867","96035248","L"
"559","119 ATASCOCITA RD, HUMBLE, TX, 77396","Match","Exact","119 ATASCOCITA RD, HUMBLE, TX, 77396","-95.265579932637,29.956382106223","642108832","L"
"3170","3910 TRI CITY BEACH RD # C, BAYTOWN, TX, 77523","Match","Non_Exact","3910 TRI CITY BEACH RD, BAYTOWN, TX, 77523","-94.934197863752,29.682710031893","653304791","R"
"3178","11302 SPACE CENTER BLVD STE B4, HOUSTON, TX, 77059","Match","Exact","11302 SPACE CENTER BLVD, HOUSTON, TX, 77059","-95.142801277186,29.631118760027","650479855","L"
"3177","5880 RANCHESTER DR STE 450, HOUSTON, TX, 77036","Match","Exact","5880 RANCHESTER DR, HOUSTON, TX, 77036","-95.547694580307,29.714672381121","655913998","R"
"3176","6402 N WAYSIDE DR, HOUSTON, TX, 77028","Match","Exact","6402 N WAYSIDE DR, HOUSTON, TX, 77028","-95.284226970037,29.820815457875","640624315","R"
"3175","17070 SATURN LN, HOUSTON, TX, 77058","Match","Exact","17070 SATURN LN, HOUSTON, TX, 77058","-95.112593785712,29.559667238331","96544870","R"
"3174","4902 TIDWELL RD, HOUSTON, TX, 77016","Match","Exact","4902 TIDWELL RD, HOUSTON, TX, 77016","-95.31903353116,29.848123548344","96076023","R"
"3173","9803 W FAIRMONT PKWY, LA PORTE, TX, 77571","No_Match"
"3172","2311 LITTLE YORK RD STE B, HOUSTON, TX, 77093","Match","Non_Exact","2311 LITTLE YORK RD, HOUSTON, TX, 77093","-95.350199703327,29.871052075293","647711096","L"
"560","2212 HIGHWAY 3, SOUTH HOUSTON, TX, 77587","No_Match"
"3171","2615 MILLS BRANCH DR STE B, KINGWOOD, TX, 77345","Match","Non_Exact","2615 MILLS BRANCH DR, KINGWOOD, TX, 77345","-95.170187604986,30.071541952408","652713315","R"
"561","5002 S LAKE HOUSTON PKWY, HOUSTON, TX, 77049","Match","Exact","5002 S LAKE HOUSTON PKWY, HOUSTON, TX, 77049","-95.214786769733,29.80757609652","638229184","R"
"562","1008 WOODING ST, HOUSTON, TX, 77011","Match","Exact","1008 WOODING ST, HOUSTON, TX, 77011","-95.298109110703,29.741020663995","639263124","R"
"563","115 LITTLE YORK RD, HOUSTON, TX, 77076","Match","Exact","115 LITTLE YORK RD, HOUSTON, TX, 77076","-95.384504291242,29.870102653051","642867323","L"
"564","1250 BAY AREA BLVD, HOUSTON, TX, 77058","Match","Exact","1250 BAY AREA BLVD, HOUSTON, TX, 77058","-95.116342804738,29.559191194041","233350735","R"
"565","4351 S KIRKWOOD RD, HOUSTON, TX, 77072","Match","Exact","4351 S KIRKWOOD RD, HOUSTON, TX, 77072","-95.587913129805,29.709960154077","96023682","L"
"566","883 FEDERAL RD STE G, HOUSTON, TX, 77015","Match","Non_Exact","883 FEDERAL RD, HOUSTON, TX, 77015","-95.217570516544,29.774944149443","96096333","L"
"567","12801 HOMESTEAD RD, HOUSTON, TX, 77039","Match","Exact","12801 HOMESTEAD RD, HOUSTON, TX, 77039","-95.301691994562,29.906585428981","644571500","L"
"3169","14030 TELGE RD STE D, CYPRESS, TX, 77429","Match","Non_Exact","14030 TELGE RD, CYPRESS, TX, 77429","-95.652991109118,29.978669241157","644967105","R"
"568","5402 LYMBAR DR, HOUSTON, TX, 77096","Match","Exact","5402 LYMBAR DR, HOUSTON, TX, 77096","-95.476919880992,29.668010622456","96039381","R"
"3168","6500 SANDS POINT DR APT 306, HOUSTON, TX, 77074","Match","Exact","6500 SANDS POINT DR, HOUSTON, TX, 77074","-95.497038252879,29.711487453084","96614646","R"
"569","5085 WESTHEIMER RD # B2707, HOUSTON, TX, 77056","Match","Non_Exact","5085 WESTHEIMER RD, HOUSTON, TX, 77056","-95.462906681388,29.740630241244","649110418","L"
"3181","9441 CULLEN BLVD STE A7, HOUSTON, TX, 77051","Match","Exact","9441 CULLEN BLVD, HOUSTON, TX, 77051","-95.355222060864,29.654201333477","653304084","R"
"3180","912 1/2 76TH ST STE A, HOUSTON, TX, 77012","Match","Non_Exact","912 1/2 N 76TH ST, HOUSTON, TX, 77012","-95.287812595994,29.737494175968","96083429","R"
"3189","6019 ALMEDA RD, HOUSTON, TX, 77004","Match","Exact","6019 ALMEDA RD, HOUSTON, TX, 77004","-95.38154859389,29.714510531714","96072140","L"
"3188","19200 SPACE CENTER BLVD APT 2222, HOUSTON, TX, 77058","Match","Exact","19200 SPACE CENTER BLVD, HOUSTON, TX, 77058","-95.094318592577,29.57542795206","654702062","R"
"3187","743 N SAM HOUSTON PKWY E, HOUSTON, TX, 77060","Match","Non_Exact","743 SAM HOUSTON PKWY, HOUSTON, TX, 77060","-95.385056951282,29.93910983411","638180129","L"
"3186","7804 ALMEDA RD, HOUSTON, TX, 77054","Match","Exact","7804 ALMEDA RD, HOUSTON, TX, 77054","-95.390560197578,29.688719716441","96605069","L"
"3185","3101 WISCONSIN ST, BAYTOWN, TX, 77520","Match","Exact","3101 WISCONSIN ST, BAYTOWN, TX, 77520","-95.003859366914,29.728582630032","96109023","R"
"3184","5900 RENWICK DR, HOUSTON, TX, 77081","Match","Exact","5900 RENWICK DR, HOUSTON, TX, 77081","-95.484896618723,29.718620813271","96614866","R"
"570","15632 WESTPARK DR STE B, HOUSTON, TX, 77082","Match","Non_Exact","15632 WESTPARK DR, HOUSTON, TX, 77082","-95.66007662832,29.716236788213","96581009","L"
"3183","1802 RICHMOND AVE, HOUSTON, TX, 77098","Match","Exact","1802 RICHMOND AVE, HOUSTON, TX, 77098","-95.4046159135,29.734347901965","96064322","R"
"571","5715 AIRLINE DR, HOUSTON, TX, 77076","Match","Exact","5715 AIRLINE DR, HOUSTON, TX, 77076","-95.384606996238,29.84951424673","96056222","L"
"3182","23410 SNOOK LN STE C4, TOMBALL, TX, 77375","Match","Exact","23410 SNOOK LN, TOMBALL, TX, 77375","-95.602665097367,30.104744250209","653240705","L"
"572","1430 PINE CHASE DR, HOUSTON, TX, 77055","Match","Exact","1430 PINE CHASE DR, HOUSTON, TX, 77055","-95.488869441017,29.795588314568","96026555","R"
"573","5130 HIGHWAY 6 N, HOUSTON, TX, 77084","No_Match"
"574","1801 DECKER DR, BAYTOWN, TX, 77520","Match","Exact","1801 DECKER DR, BAYTOWN, TX, 77520","-94.983974692696,29.743216888659","96622855","L"
"575","4614 N MAIN ST, HOUSTON, TX, 77009","Match","Exact","4614 N MAIN ST, HOUSTON, TX, 77009","-95.381267746031,29.797028750264","96065356","R"
"576","602 W PARKER RD, HOUSTON, TX, 77091","Match","Exact","602 W PARKER RD, HOUSTON, TX, 77091","-95.409599051252,29.858820296682","96647158","R"
"577","1239 BARBARA MAE ST, HOUSTON, TX, 77015","Match","Exact","1239 BARBARA MAE ST, HOUSTON, TX, 77015","-95.169372509483,29.7718128576","96581425","L"
"578","4810 HIGHWAY 6 N, HOUSTON, TX, 77084","Match","Non_Exact","4810 STATE HWY 6, HOUSTON, TX, 77084","-95.645698865033,29.84627749907","233347440","R"
"579","333B S MASON RD, KATY, TX, 77450","Match","Non_Exact","333B S MASON RD, KATY, TX, 77450","-95.75170797622,29.781007161489","233399014","L"
"3179","11078 VETERANS MEMORIAL DR # 360, HOUSTON, TX, 77067","Match","Exact","11078 VETERANS MEMORIAL DR, HOUSTON, TX, 77067","-95.463677106329,29.942421969962","642108195","R"
"3192","11023 TELEPHONE RD STE A, HOUSTON, TX, 77075","Match","Non_Exact","11023 TELEPHONE RD, HOUSTON, TX, 77075","-95.285950758986,29.605350040027","96543500","L"
"3191","7979 N ELDRIDGE PKWY, HOUSTON, TX, 77041","Match","Exact","7979 N ELDRIDGE PKWY, HOUSTON, TX, 77041","-95.606281973589,29.891235344605","96651192","L"
"3190","1423 GREGG ST, HOUSTON, TX, 77020","Match","Exact","1423 GREGG ST, HOUSTON, TX, 77020","-95.335853158317,29.77356550217","96069210","L"
"3199","23053 CLAY RD STE 500, KATY, TX, 77493","No_Match"
"3198","766 W GULF BANK RD, HOUSTON, TX, 77088","Match","Exact","766 W GULF BANK RD, HOUSTON, TX, 77088","-95.414005266289,29.889256431103","96649520","R"
"3197","819 E TIDWELL RD STE C, HOUSTON, TX, 77022","Match","Non_Exact","819 E TIDWELL RD, HOUSTON, TX, 77022","-95.387032827155,29.845565800397","96057155","L"
"3196","9480 LONG POINT RD, HOUSTON, TX, 77055","Match","Exact","9480 LONG POINT RD, HOUSTON, TX, 77055","-95.525450931733,29.797513438497","644736620","R"
"580","11709 BOUDREAUX RD STE 150, TOMBALL, TX, 77375","Match","Non_Exact","11709 BOUDREAUX RD, TOMBALL, TX, 77377","-95.59223847015,30.054524896674","647630624","R"
"3195","9291 S SAM HOUSTON PKWY E STE 300, HOUSTON, TX, 77075","Match","Non_Exact","9291 SAM HOUSTON PKWY, HOUSTON, TX, 77075","-95.248742874526,29.601173891321","638170166","R"
"581","1220 HOUSTON BLVD STE A, SOUTH HOUSTON, TX, 77587","Match","Non_Exact","1220 HOUSTON BLVD, SOUTH HOUSTON, TX, 77587","-95.236968708809,29.664429484655","96094058","R"
"3194","9211 WEST RD STE 127, HOUSTON, TX, 77064","Match","Exact","9211 WEST RD, HOUSTON, TX, 77064","-95.554356729894,29.902717689624","96227274","R"
"582","12803 N HOUSTON ROSSLYN RD, HOUSTON, TX, 77086","No_Match"
"3193","7730 RENWICK DR, HOUSTON, TX, 77081","Match","Non_Exact","7730 S RENWICK DR, HOUSTON, TX, 77081","-95.484577626131,29.69547449689","96038815","R"
"583","15935A LEE RD, HOUSTON, TX, 77032","Match","Non_Exact","15935A LEE RD, HOUSTON, TX, 77032","-95.304179918928,29.951329220279","96046109","L"
"584","13065 W LAKE HOUSTON PKWY, HOUSTON, TX, 77044","Match","Exact","13065 W LAKE HOUSTON PKWY, HOUSTON, TX, 77044","-95.189193519061,29.924666177532","639333680","R"
"585","1811 LITTLE YORK RD, HOUSTON, TX, 77093","Match","Exact","1811 LITTLE YORK RD, HOUSTON, TX, 77093","-95.35883456872,29.870918625772","96229532","L"
"586","704 W SAM HOUSTON PKWY S STE 100, HOUSTON, TX, 77042","Match","Non_Exact","704 W SAM HOUSTON PKWY S, HOUSTON, TX, 77024","-95.562411309386,29.77645342909","96630363","R"
"587","5225 BUFFALO SPEEDWAY # A, HOUSTON, TX, 77005","Match","Non_Exact","5225 BUFFALO SPEEDWAY, HOUSTON, TX, 77005","-95.427767075162,29.727270945691","96062935","L"
"588","8103 CREEKBEND DR STE E, HOUSTON, TX, 77071","Match","Non_Exact","8103 CREEKBEND DR, HOUSTON, TX, 77071","-95.522555433134,29.665414495277","96598678","R"
"589","16200 HICKORY KNOLL DR, HOUSTON, TX, 77059","Match","Exact","16200 HICKORY KNOLL DR, HOUSTON, TX, 77059","-95.1129900806,29.5951343063","96592733","R"
"590","9418 ALMEDA GENOA RD STE A, HOUSTON, TX, 77075","Match","Non_Exact","9418 ALMEDA-GENOA RD, HOUSTON, TX, 77075","-95.249162201776,29.627073014521","96594054","R"
"591","15854 CHAMPION FOREST DR, SPRING, TX, 77379","Match","Exact","15854 CHAMPION FOREST DR, SPRING, TX, 77379","-95.533452241074,30.004326513335","642111633","L"
"592","5815 LOCKWOOD DR, HOUSTON, TX, 77026","Match","Exact","5815 LOCKWOOD DR, HOUSTON, TX, 77026","-95.317218150081,29.812508894477","233414680","L"
"593","5033 FM 1960 RD W STE 100, HOUSTON, TX, 77069","Match","Exact","5033 FM 1960 RD W, HOUSTON, TX, 77069","-95.505601261157,29.983837898956","233348370","R"
"594","9700 HILLCROFT ST, HOUSTON, TX, 77096","Match","Exact","9700 HILLCROFT ST, HOUSTON, TX, 77096","-95.493696705107,29.675113281074","96037900","R"
"595","1001 TELEPHONE RD, HOUSTON, TX, 77023","Match","Exact","1001 TELEPHONE RD, HOUSTON, TX, 77023","-95.328493772874,29.733406123523","96081839","L"
"596","302 N MAIN ST, HIGHLANDS, TX, 77562","Match","Exact","302 N MAIN ST, HIGHLANDS, TX, 77562","-95.057318948814,29.818904735771","96100973","L"
"597","735 STUDEWOOD ST, HOUSTON, TX, 77007","Match","Exact","735 STUDEWOOD ST, HOUSTON, TX, 77007","-95.387795016351,29.784555951783","96061645","L"
"598","532 SHELDON RD, CHANNELVIEW, TX, 77530","Match","Exact","532 SHELDON RD, CHANNELVIEW, TX, 77530","-95.124544461967,29.782090004098","96633652","R"
"599","1150 BUNKER HILL RD STE 100, HOUSTON, TX, 77055","Match","Exact","1150 BUNKER HILL RD, HOUSTON, TX, 77055","-95.531245935555,29.787974327329","96630738","R"
"2702","15309A GULF FWY, HOUSTON, TX, 77034","Match","Non_Exact","15309A GULF FWY, HOUSTON, TX, 77034","-95.186661537391,29.589390722142","96590803","L"
"2701","5959 BONHOMME RD APT 394, HOUSTON, TX, 77036","Match","Exact","5959 BONHOMME RD, HOUSTON, TX, 77036","-95.513572356665,29.714740204017","96614174","L"
"2700","7804 W MONTGOMERY RD, HOUSTON, TX, 77088","Match","Exact","7804 W MONTGOMERY RD, HOUSTON, TX, 77088","-95.429238578493,29.864564203448","96052886","R"
"2709","12553 WESTHEIMER RD, HOUSTON, TX, 77077","Match","Exact","12553 WESTHEIMER RD, HOUSTON, TX, 77077","-95.602940457598,29.736090520087","647673336","R"
"2708","1000 CONVENTION CENTER BLVD, HOUSTON, TX, 77010","No_Match"
"2707","17667 RED OAK DR STE C, HOUSTON, TX, 77090","Match","Non_Exact","17667 RED OAK DR, HOUSTON, TX, 77090","-95.450419921685,30.026185412569","96009234","L"
"2706","12313 BELLAIRE BLVD STE A, HOUSTON, TX, 77072","Match","Non_Exact","12313 BELLAIRE BLVD, HOUSTON, TX, 77072","-95.597169154964,29.703539969402","96608212","L"
"2705","3513 KASHMERE ST, HOUSTON, TX, 77026","Match","Exact","3513 KASHMERE ST, HOUSTON, TX, 77026","-95.324051887636,29.791847520765","96078644","L"
"2704","1109 CONRAD SAUER DR, HOUSTON, TX, 77043","Match","Exact","1109 CONRAD SAUER DR, HOUSTON, TX, 77043","-95.549105345144,29.787733521087","96630594","L"
"2703","5920 DASHWOOD DR, HOUSTON, TX, 77081","Match","Exact","5920 DASHWOOD DR, HOUSTON, TX, 77081","-95.48569219119,29.707413470703","642048438","R"
"2713","1412 CAVALCADE ST, HOUSTON, TX, 77009","Match","Exact","1412 CAVALCADE ST, HOUSTON, TX, 77009","-95.35420661556,29.803172231091","96059320","R"
"2712","6160 HIGHWAY 6 N, HOUSTON, TX, 77084","Match","Non_Exact","6160 STATE HWY 6, HOUSTON, TX, 77084","-95.645144190295,29.869980340359","233347522","R"
"2711","705 W DALLAS ST STE B, HOUSTON, TX, 77019","No_Match"
"2710","824 W LITTLE YORK RD, HOUSTON, TX, 77091","Match","Exact","824 W LITTLE YORK RD, HOUSTON, TX, 77091","-95.418263732869,29.867218942404","96053092","R"
"2719","6625 SCOTT ST, HOUSTON, TX, 77021","Match","Exact","6625 SCOTT ST, HOUSTON, TX, 77021","-95.361459809892,29.693889540827","96610337","L"
"2718","5251 FM 2920 RD, SPRING, TX, 77388","Match","Non_Exact","5251 FM 2920, SPRING, TX, 77388","-95.500994765756,30.074013978757","642114071","L"
"2717","4407 W FUQUA ST STE D, HOUSTON, TX, 77045","Match","Non_Exact","4407 W FUQUA ST, HOUSTON, TX, 77045","-95.444336520558,29.61330298279","644744427","L"
"2716","17350 STATE HIGHWAY 249 STE 220, HOUSTON, TX, 77064","No_Match"
"2715","14455 BAMMEL NORTH HOUSTON RD, HOUSTON, TX, 77014","Match","Exact","14455 BAMMEL NORTH HOUSTON RD, HOUSTON, TX, 77014","-95.489419835182,29.985056407306","642110426","L"
"2714","5885 S GESSNER RD, HOUSTON, TX, 77036","Match","Exact","5885 S GESSNER RD, HOUSTON, TX, 77036","-95.538876689639,29.715838250473","656314441","L"
"2724","3310 ALDINE MAIL ROUTE RD STE A, HOUSTON, TX, 77039","Match","Non_Exact","3310 ALDINE MAIL RD, HOUSTON, TX, 77039","-95.340087444284,29.902401077935","656051852","R"
"2723","4804 MARTIN LUTHER KING BLVD, HOUSTON, TX, 77021","Match","Exact","4804 MARTIN LUTHER KING JR BLVD, HOUSTON, TX, 77021","-95.336625651291,29.708612099139","96610417","R"
"2722","9639 SCARSDALE BLVD, HOUSTON, TX, 77089","No_Match"
"2721","8301 N ELDRIDGE PKWY, HOUSTON, TX, 77041","Match","Exact","8301 N ELDRIDGE PKWY, HOUSTON, TX, 77041","-95.606178056587,29.897446236442","96005187","L"
"2720","3902 N MAIN ST, HOUSTON, TX, 77009","Match","Exact","3902 N MAIN ST, HOUSTON, TX, 77009","-95.374917474884,29.792332633607","96065543","R"
"2729","27000 TOMBALL PKWY, TOMBALL, TX, 77375","No_Match"
"2728","7925 CYPRESS CREEK PKWY STE 5567, HOUSTON, TX, 77070","No_Match"
"2727","11131 W LITTLE YORK RD STE D, HOUSTON, TX, 77041","Match","Non_Exact","11131 W LITTLE YORK RD, HOUSTON, TX, 77041","-95.573682393121,29.867138127034","96646066","R"
"2726","20131 HIGHWAY 59 N, HUMBLE, TX, 77338","No_Match"
"2725","500 BAYBROOK MALL # 5584, FRIENDSWOOD, TX, 77546","Match","Exact","500 BAYBROOK MALL, FRIENDSWOOD, TX, 77546","-95.151459744438,29.543865119493","96143229","R"
"1404","15498 FM 529 RD, HOUSTON, TX, 77095","Match","Non_Exact","15498 FM 529, HOUSTON, TX, 77095","-95.641495842753,29.879296083599","642869229","R"
"2735","7061 FM 1960 RD E, HUMBLE, TX, 77346","Match","Non_Exact","7061 FM 1960 RD, HUMBLE, TX, 77346","-95.170215974517,29.998351279619","96663810","L"
"1403","10796 BELLAIRE BLVD STE A1, HOUSTON, TX, 77072","Match","Exact","10796 BELLAIRE BLVD, HOUSTON, TX, 77072","-95.567555179425,29.704030116837","96608460","R"
"2734","7555 BELLAIRE BLVD STE 200, HOUSTON, TX, 77036","Match","Exact","7555 BELLAIRE BLVD, HOUSTON, TX, 77036","-95.51504558638,29.704875536868","96609100","L"
"1402","2615 MILLS BRANCH DR SPC B, KINGWOOD, TX, 77345","Match","Non_Exact","2615 MILLS BRANCH DR, KINGWOOD, TX, 77345","-95.170187604986,30.071541952408","652713315","R"
"2733","16207 N ELDRIDGE PKWY, TOMBALL, TX, 77377","Match","Exact","16207 N ELDRIDGE PKWY, TOMBALL, TX, 77377","-95.608157022081,30.006791762932","96577401","L"
"1401","7614 DASHWOOD DR, HOUSTON, TX, 77036","Match","Exact","7614 DASHWOOD DR, HOUSTON, TX, 77036","-95.519460463382,29.707486114503","641824948","R"
"2732","12800 VETERANS MEMORIAL DR, HOUSTON, TX, 77014","Match","Exact","12800 VETERANS MEMORIAL DR, HOUSTON, TX, 77014","-95.486978542291,29.973091710361","644825106","R"
"1400","9211 WEST RD STE 127, HOUSTON, TX, 77064","Match","Exact","9211 WEST RD, HOUSTON, TX, 77064","-95.554356729894,29.902717689624","96227274","R"
"2731","6405 ANTOINE DR STE 17, HOUSTON, TX, 77091","Match","Exact","6405 ANTOINE DR, HOUSTON, TX, 77091","-95.473412813146,29.859509326153","642187913","L"
"2730","3718 LEE ST, HOUSTON, TX, 77026","Match","Exact","3718 LEE ST, HOUSTON, TX, 77026","-95.333238423567,29.781796765106","96078806","R"
"1409","1950 EL DORADO BLVD, HOUSTON, TX, 77062","Match","Exact","1950 EL DORADO BLVD, HOUSTON, TX, 77062","-95.121811506022,29.577718400249","96590958","R"
"1408","1907 CLINTON DR, GALENA PARK, TX, 77547","Match","Exact","1907 CLINTON DR, GALENA PARK, TX, 77547","-95.241609512027,29.732513357113","96086610","R"
"2739","1029 STRAWBERRY RD STE A, PASADENA, TX, 77506","Match","Non_Exact","1029 STRAWBERRY RD, PASADENA, TX, 77506","-95.193271196082,29.694182929946","96547495","L"
"1407","6322 TELEPHONE RD, HOUSTON, TX, 77087","Match","Exact","6322 TELEPHONE RD, HOUSTON, TX, 77087","-95.289327464896,29.673757450935","638126114","R"
"2738","5957 WHISPERING LAKES DR, KATY, TX, 77493","Match","Exact","5957 WHISPERING LAKES DR, KATY, TX, 77493","-95.827611911438,29.792308971772","651075709","R"
"1406","14302 FM 2920 RD, TOMBALL, TX, 77377","Match","Non_Exact","14302 FM 2920, TOMBALL, TX, 77375","-95.643596591445,30.089360687277","647702322","L"
"2737","525 SHARPSTOWN CTR # F17, HOUSTON, TX, 77036","Match","Exact","525 SHARPSTOWN CENTER, HOUSTON, TX, 77036","-95.516784425989,29.705613081978","96609115","L"
"1405","8615 HUFSMITH RD, TOMBALL, TX, 77375","Match","Exact","8615 HUFSMITH RD, TOMBALL, TX, 77375","-95.555853198781,30.131372115501","642114430","R"
"2736","1910 DISMUKE ST, HOUSTON, TX, 77023","Match","Exact","1910 DISMUKE ST, HOUSTON, TX, 77023","-95.319899034118,29.721620814558","96082608","R"
"1415","8501 GULF FWY, HOUSTON, TX, 77017","Match","Exact","8501 GULF FWY, HOUSTON, TX, 77017","-95.262386808041,29.669988054551","641190417","L"
"2746","21710 WILDCROFT DR, KATY, TX, 77449","Match","Exact","21710 WILDCROFT DR, KATY, TX, 77449","-95.731099068983,29.850011752056","96014032","L"
"1414","3622 ALDINE MAIL ROUTE RD, HOUSTON, TX, 77039","Match","Non_Exact","3622 ALDINE MAIL RD, HOUSTON, TX, 77039","-95.337226136687,29.902414711573","96045184","R"
"2745","3634 GARTH RD STE B, BAYTOWN, TX, 77521","Match","Non_Exact","3634 GARTH RD, BAYTOWN, TX, 77521","-94.97730886103,29.761603702823","96627134","R"
"1413","231 W GREENS RD, HOUSTON, TX, 77067","Match","Exact","231 W GREENS RD, HOUSTON, TX, 77067","-95.420469939268,29.948945814058","96656204","R"
"2744","10101 BISSONNET ST STE C, HOUSTON, TX, 77036","No_Match"
"1412","12215 NORTHWOOD FOREST DR STE 141, HOUSTON, TX, 77039","Match","Exact","12215 NORTHWOOD FOREST DR, HOUSTON, TX, 77039","-95.317137430605,29.900266547005","96652147","R"
"2743","5300 N BRAESWOOD BLVD, HOUSTON, TX, 77096","Match","Exact","5300 N BRAESWOOD BLVD, HOUSTON, TX, 77096","-95.478324982799,29.67767014996","96604283","R"
"1411","8002 BOONE RD, HOUSTON, TX, 77072","Match","Exact","8002 BOONE RD, HOUSTON, TX, 77072","-95.574737842481,29.69109507629","96603150","R"
"2742","506 HOUSTON BLVD, SOUTH HOUSTON, TX, 77587","Match","Exact","506 HOUSTON BLVD, SOUTH HOUSTON, TX, 77587","-95.241929612164,29.669905320493","96093935","R"
"1410","254 1ST ST #254, HUMBLE, TX, 77338","Match","Exact","254 1ST ST, HUMBLE, TX, 77338","-95.264292076997,29.999491906303","96663367","R"
"2741","5803 FRY RD STE 102, KATY, TX, 77449","Match","Exact","5803 FRY RD, KATY, TX, 77449","-95.718676966276,29.854999630145","96645552","L"
"2740","2776 W T C JESTER BLVD, HOUSTON, TX, 77018","Match","Exact","2776 W T C JESTER BLVD, HOUSTON, TX, 77018","-95.444337101061,29.810615047113","96639778","R"
"1419","9051 W BELLFORT ST, HOUSTON, TX, 77031","Match","Exact","9051 W BELLFORT ST, HOUSTON, TX, 77031","-95.535586777727,29.65625165053","642475952","R"
"1418","188 UVALDE RD, HOUSTON, TX, 77015","No_Match"
"2749","13354 JONES RD, HOUSTON, TX, 77070","Match","Exact","13354 JONES RD, HOUSTON, TX, 77070","-95.584630821114,29.968439766176","96658132","R"
"1417","15534 W HARDY RD, HOUSTON, TX, 77060","Match","Exact","15534 W HARDY RD, HOUSTON, TX, 77060","-95.384087087875,29.942578529491","96656704","R"
"2748","12136 VETERANS MEMORIAL DR, HOUSTON, TX, 77067","Match","Exact","12136 VETERANS MEMORIAL DR, HOUSTON, TX, 77067","-95.47822002833,29.961441453944","96658788","R"
"1416","10330 BLACKHAWK BLVD, HOUSTON, TX, 77089","No_Match"
"2747","5842 MARTIN LUTHER KING BLVD, HOUSTON, TX, 77021","Match","Exact","5842 MARTIN LUTHER KING JR BLVD, HOUSTON, TX, 77021","-95.337706762241,29.695648145529","96089474","R"
"2760","2212 ROBINHOOD ST, HOUSTON, TX, 77005","Match","Exact","2212 ROBINHOOD ST, HOUSTON, TX, 77005","-95.410676695756,29.72153828076","96064988","R"
"1426","12288 WESTHEIMER RD STE 210A, HOUSTON, TX, 77077","Match","Exact","12288 WESTHEIMER RD, HOUSTON, TX, 77077","-95.596626171122,29.736459161161","233391727","L"
"2757","6118 CLAREWOOD DR STE B, HOUSTON, TX, 77081","Match","Non_Exact","6118 CLAREWOOD DR, HOUSTON, TX, 77081","-95.489282534723,29.70918259941","644400642","R"
"1425","1114 ALDINE BENDER RD, HOUSTON, TX, 77032","Match","Exact","1114 ALDINE BENDER RD, HOUSTON, TX, 77032","-95.370008406253,29.933109871637","96044724","R"
"2756","7031 FM 1960 RD W STE F, HUMBLE, TX, 77338","Match","Non_Exact","7031 F-M 1960 RD W, HUMBLE, TX, 77338","-95.319748780668,30.007674275639","642111983","L"
"1424","412 BLUE BELL RD, HOUSTON, TX, 77037","Match","Exact","412 BLUE BELL RD, HOUSTON, TX, 77037","-95.407228856911,29.907538069795","96044200","R"
"2755","10503 ROCKLEY RD STE 107, HOUSTON, TX, 77099","Match","Exact","10503 ROCKLEY RD, HOUSTON, TX, 77099","-95.563076805289,29.662782331351","96598058","L"
"1423","2180 SPRING STUEBNER RD, SPRING, TX, 77389","Match","Exact","2180 SPRING STUEBNER RD, SPRING, TX, 77389","-95.4492105639,30.08299187774","648969489","L"
"2754","21221 FM 2100 RD, CROSBY, TX, 77532","Match","Non_Exact","21221 FM 2100, CROSBY, TX, 77532","-95.089757561904,29.982581681517","656296805","L"
"1422","6095 GLENMONT DR STE C, HOUSTON, TX, 77081","Match","Non_Exact","6095 GLENMONT DR, HOUSTON, TX, 77081","-95.488055078198,29.71996135887","96614863","L"
"2753","14300 CORNERSTONE VILLAGE DR STE 218, HOUSTON, TX, 77014","Match","Exact","14300 CORNERSTONE VILLAGE DR, HOUSTON, TX, 77014","-95.483571198867,29.988615258197","96660983","R"
"1421","20250 PARK ROW DR, KATY, TX, 77449","Match","Exact","20250 PARK ROW DR, KATY, TX, 77449","-95.729890773967,29.789698125369","96628202","L"
"2752","2221 RED BLUFF RD, PASADENA, TX, 77506","Match","Exact","2221 RED BLUFF RD, PASADENA, TX, 77506","-95.181748425621,29.699924431278","96098387","L"
"1420","5869 S BRAESWOOD BLVD, HOUSTON, TX, 77096","Match","Exact","5869 S BRAESWOOD BLVD, HOUSTON, TX, 77096","-95.491974795857,29.676904350973","96037919","L"
"2751","6966 AIRLINE DR STE A-B, HOUSTON, TX, 77076","Match","Non_Exact","6966 AIRLINE DR, HOUSTON, TX, 77076","-95.384572539912,29.862298251982","233420882","L"
"2750","8619 RICHMOND AVE STE 500, HOUSTON, TX, 77063","Match","Exact","8619 RICHMOND AVE, HOUSTON, TX, 77063","-95.514296133353,29.729237521669","96614060","L"
"1429","2869 S RICHEY ST, HOUSTON, TX, 77017","Match","Non_Exact","2869 RICHEY ST, HOUSTON, TX, 77017","-95.230495197631,29.677927339106","96606354","L"
"1428","5434 CHIMNEY ROCK RD, HOUSTON, TX, 77081","Match","Exact","5434 CHIMNEY ROCK RD, HOUSTON, TX, 77081","-95.476551419979,29.722298934511","96615076","R"
"2759","5106 BISSONNET ST, BELLAIRE, TX, 77401","Match","Exact","5106 BISSONNET ST, BELLAIRE, TX, 77401","-95.468369570001,29.707470118038","96033647","R"
"1427","12850 MEMORIAL DR # 1000, HOUSTON, TX, 77024","Match","Exact","12850 MEMORIAL DR, HOUSTON, TX, 77024","-95.560719702981,29.772803899801","96630345","R"
"2758","8608 IRVINGTON BLVD, HOUSTON, TX, 77022","No_Match"
"1440","18740 GULF FWY, FRIENDSWOOD, TX, 77546","Match","Exact","18740 GULF FWY, FRIENDSWOOD, TX, 77546","-95.150655754433,29.549239091487","96589135","L"
"2771","91 S LOCKWOOD DR, HOUSTON, TX, 77011","Match","Exact","91 S LOCKWOOD DR, HOUSTON, TX, 77011","-95.327045584713,29.747079796973","96080105","L"
"2770","1041 W BAY AREA BLVD, WEBSTER, TX, 77598","Match","Exact","1041 W BAY AREA BLVD, WEBSTER, TX, 77598","-95.138553957544,29.541751787957","642478985","L"
"1437","8800 WEST RD STE B, HOUSTON, TX, 77064","Match","Non_Exact","8800 WEST RD, HOUSTON, TX, 77064","-95.543478540612,29.902903075423","642106946","L"
"2768","29300 HIGHWAY 290 STE 216, CYPRESS, TX, 77433","No_Match"
"1436","230 CYPRESSWOOD DR STE D, SPRING, TX, 77388","Match","Non_Exact","230 CYPRESSWOOD DR, SPRING, TX, 77388","-95.437012544417,30.050979752396","96576070","L"
"2767","9708 W BELLFORT ST, HOUSTON, TX, 77031","No_Match"
"1435","1903 FLORIDA ST, BAYTOWN, TX, 77520","Match","Exact","1903 FLORIDA ST, BAYTOWN, TX, 77520","-94.998411271175,29.721485244578","96109272","L"
"2766","13020 MARKET STREET RD, HOUSTON, TX, 77015","Match","Exact","13020 MARKET STREET RD, HOUSTON, TX, 77015","-95.196486127866,29.767959576413","96626268","R"
"1434","10410 W BELLFORT ST, HOUSTON, TX, 77031","Match","Exact","10410 W BELLFORT ST, HOUSTON, TX, 77031","-95.561221948715,29.652798716954","96598447","R"
"2765","6601 FONDREN RD, HOUSTON, TX, 77036","Match","Exact","6601 FONDREN RD, HOUSTON, TX, 77036","-95.521276172309,29.708354612975","96031246","L"
"1433","2443 ROLLINGBROOK DR, BAYTOWN, TX, 77521","Match","Exact","2443 ROLLINGBROOK DR, BAYTOWN, TX, 77521","-94.983972407446,29.76069765041","651838278","L"
"2764","6748 HIGHWAY 6 S, HOUSTON, TX, 77083","Match","Non_Exact","6748 STATE HWY 6, HOUSTON, TX, 77083","-95.64404054435,29.704736430843","96154718","L"
"1432","12931 NYACK DR, HOUSTON, TX, 77089","Match","Exact","12931 NYACK DR, HOUSTON, TX, 77089","-95.196652834413,29.594138068677","96113574","L"
"2763","10625 VETERANS MEMORIAL DR STE L, HOUSTON, TX, 77038","Match","Non_Exact","10625 VETERANS MEMORIAL DR, HOUSTON, TX, 77038","-95.45675670096,29.933314120399","96655974","L"
"1431","7401 CULLEN BLVD STE B, HOUSTON, TX, 77051","Match","Non_Exact","7401 CULLEN BLVD, HOUSTON, TX, 77051","-95.355730884183,29.68027916719","233377466","R"
"2762","4326 FRIENDSWOOD LINK RD, FRIENDSWOOD, TX, 77546","Match","Exact","4326 FRIENDSWOOD LINK RD, FRIENDSWOOD, TX, 77546","-95.184001382914,29.525479669848","96120391","L"
"1430","3100 N TERMINAL RD # A, HOUSTON, TX, 77032","Match","Non_Exact","3100 N TERMINAL RD, HOUSTON, TX, 77032","-95.341222099995,29.987461295553","96044484","L"
"2761","6320 DUMBLE ST, HOUSTON, TX, 77021","Match","Exact","6320 DUMBLE ST, HOUSTON, TX, 77021","-95.346477458706,29.6945085551","96089379","R"
"1439","1701 HARVARD ST APT 13, HOUSTON, TX, 77008","Match","Exact","1701 HARVARD ST, HOUSTON, TX, 77008","-95.39667748587,29.800956279916","96055740","L"
"1438","930 EDGEBROOK DR, HOUSTON, TX, 77034","Match","Exact","930 EDGEBROOK DR, HOUSTON, TX, 77034","-95.235539870544,29.644704651667","96094310","L"
"2769","3410 ELLA BLVD, HOUSTON, TX, 77018","Match","Exact","3410 ELLA BLVD, HOUSTON, TX, 77018","-95.429466162812,29.817626608891","96054340","R"
"1451","9889 BELLAIRE BLVD, HOUSTON, TX, 77036","Match","Exact","9889 BELLAIRE BLVD, HOUSTON, TX, 77036","-95.555270443126,29.704553363174","638594571","L"
"2782","9140 EASTEX FWY, HOUSTON, TX, 77093","Match","Exact","9140 EASTEX FWY, HOUSTON, TX, 77093","-95.332925487641,29.844879826095","96138775","R"
"1450","1701 HARVARD ST APT 13, HOUSTON, TX, 77008","Match","Exact","1701 HARVARD ST, HOUSTON, TX, 77008","-95.39667748587,29.800956279916","96055740","L"
"2781","7317 S KIRKWOOD RD, HOUSTON, TX, 77072","Match","Exact","7317 S KIRKWOOD RD, HOUSTON, TX, 77072","-95.587705969332,29.699309875508","96023769","L"
"2780","18311 CLAY RD STE 9, HOUSTON, TX, 77084","Match","Exact","18311 CLAY RD, HOUSTON, TX, 77084","-95.681735437217,29.831042543889","96292933","R"
"1448","9217 MAIN ST, HOUSTON, TX, 77025","Match","Exact","9217 MAIN ST, HOUSTON, TX, 77025","-95.421478102827,29.685023971592","233368934","L"
"2779","4714 RICHMOND AVE, HOUSTON, TX, 77027","Match","Exact","4714 RICHMOND AVE, HOUSTON, TX, 77027","-95.456138319894,29.73277095503","96033905","R"
"1447","12405 N GESSNER DR, HOUSTON, TX, 77064","Match","Exact","12405 N GESSNER DR, HOUSTON, TX, 77064","-95.546750538946,29.953628261486","96658618","L"
"2778","12410 FM 1960 RD W UNIT 15, HOUSTON, TX, 77065","Match","Exact","12410 FM 1960 RD W, HOUSTON, TX, 77065","-95.598718966552,29.924688906131","96579582","L"
"1446","5803 FRY RD STE 104, KATY, TX, 77449","Match","Exact","5803 FRY RD, KATY, TX, 77449","-95.718676966276,29.854999630145","96645552","L"
"2777","1023 S DAIRY ASHFORD ST, HOUSTON, TX, 77077","Match","Non_Exact","1023 S DAIRY ASHFORD RD, HOUSTON, TX, 77077","-95.60614353024,29.760916015962","96623876","R"
"1445","6150 SPENCER HWY, PASADENA, TX, 77505","Match","Exact","6150 SPENCER HWY, PASADENA, TX, 77505","-95.146268372715,29.665733028347","96601274","R"
"2776","28610 HIGHWAY 290 STE 17, CYPRESS, TX, 77433","No_Match"
"1444","3135 FM 528 RD, FRIENDSWOOD, TX, 77546","Match","Non_Exact","3135 E FM 528 RD, FRIENDSWOOD, TX, 77546","-95.16043874472,29.522383889397","96588822","L"
"2775","549 GREENS RD, HOUSTON, TX, 77060","Match","Exact","549 GREENS RD, HOUSTON, TX, 77060","-95.401365538416,29.950623693387","96659180","L"
"1443","1242 WITTE RD, HOUSTON, TX, 77055","Match","Exact","1242 WITTE RD, HOUSTON, TX, 77055","-95.540022325832,29.790926283524","655900815","R"
"2774","11246 S WILCREST DR STE 145, HOUSTON, TX, 77099","Match","Non_Exact","11246 WILCREST DR, HOUSTON, TX, 77099","-95.570460566397,29.657524337714","96597914","R"
"1442","6101 ROYALTON ST, HOUSTON, TX, 77081","Match","Exact","6101 ROYALTON ST, HOUSTON, TX, 77081","-95.472124289706,29.714680145391","96033474","L"
"2773","12280 WESTHEIMER RD, HOUSTON, TX, 77077","Match","Exact","12280 WESTHEIMER RD, HOUSTON, TX, 77077","-95.596319665832,29.736460560718","233391727","L"
"1441","2700 W GRAND PKWY N, KATY, TX, 77449","No_Match"
"2772","1305 WAYSIDE DR, HOUSTON, TX, 77011","Match","Non_Exact","1305 N WAYSIDE DR, HOUSTON, TX, 77011","-95.302926013659,29.74520042843","96082952","L"
"1449","5001 CHAPMAN ST, HOUSTON, TX, 77009","Match","Exact","5001 CHAPMAN ST, HOUSTON, TX, 77009","-95.354506436577,29.805162290151","96059177","L"
"1462","27650 TOMBALL PKWY, TOMBALL, TX, 77375","Match","Exact","27650 TOMBALL PKWY, TOMBALL, TX, 77375","-95.628049020535,30.07637344241","96669318","R"
"2793","10828 BEECHNUT ST STE C, HOUSTON, TX, 77072","Match","Non_Exact","10828 BEECHNUT ST, HOUSTON, TX, 77072","-95.56948231382,29.688580229012","96603178","L"
"1461","2240 NAVIGATION BLVD STE 500, HOUSTON, TX, 77003","Match","Exact","2240 NAVIGATION BLVD, HOUSTON, TX, 77003","-95.347627604537,29.758315564234","96417904","R"
"2792","22165 FM 529 RD, KATY, TX, 77493","Match","Non_Exact","22165 FM 529, KATY, TX, 77449","-95.772351468791,29.875101829499","96012671","L"
"1460","25825 ALDINE WESTFIELD RD, SPRING, TX, 77373","Match","Exact","25825 ALDINE WESTFIELD RD, SPRING, TX, 77373","-95.412476408157,30.076017737612","649691295","L"
"2791","712 MAIN ST, HOUSTON, TX, 77002","Match","Exact","712 MAIN ST, HOUSTON, TX, 77002","-95.363302360353,29.75910227856","96067728","R"
"2790","8405 ALMEDA GENOA RD STE J, HOUSTON, TX, 77075","Match","Non_Exact","8405 ALMEDA-GENOA RD, HOUSTON, TX, 77075","-95.268871149725,29.626400902327","96094436","L"
"1459","1440 STUDEMONT ST, HOUSTON, TX, 77007","Match","Exact","1440 STUDEMONT ST, HOUSTON, TX, 77007","-95.390518635026,29.774162381747","96061696","R"
"1458","12405 S GESSNER DR, HOUSTON, TX, 77071","Match","Exact","12405 S GESSNER DR, HOUSTON, TX, 77071","-95.528051805199,29.641229439052","96595273","R"
"2789","11055 S SAM HOUSTON PKWY E, HOUSTON, TX, 77089","Match","Non_Exact","11055 SAM HOUSTON PKWY, HOUSTON, TX, 77089","-95.230696363826,29.601211834532","96592033","R"
"1457","914 S FRY RD # 1, KATY, TX, 77450","Match","Exact","914 S FRY RD, KATY, TX, 77450","-95.7190462345,29.77328953723","233491988","L"
"2788","7700 W MONTGOMERY RD, HOUSTON, TX, 77088","Match","Exact","7700 W MONTGOMERY RD, HOUSTON, TX, 77088","-95.428173522868,29.863668801224","96052887","R"
"1456","5782 BINGLE RD, HOUSTON, TX, 77092","Match","Exact","5782 BINGLE RD, HOUSTON, TX, 77092","-95.488816461176,29.850260891082","96025312","R"
"2787","9910 WINDMILL LAKES BLVD, HOUSTON, TX, 77075","Match","Exact","9910 WINDMILL LAKES BLVD, HOUSTON, TX, 77075","-95.240332674305,29.624752231177","96594160","L"
"1455","23219 MORTON RANCH RD STE A, KATY, TX, 77449","Match","Non_Exact","23219 MORTON RD, KATY, TX, 77449","-95.77856724859,29.816981085281","656051698","R"
"2786","2121 N MAIN ST STE B, HOUSTON, TX, 77009","Match","Non_Exact","2121 N MAIN ST, HOUSTON, TX, 77009","-95.363098020769,29.779055278174","96066334","L"
"1454","7610 N WAYSIDE DR STE A, HOUSTON, TX, 77028","Match","Non_Exact","7610 N WAYSIDE DR, HOUSTON, TX, 77028","-95.284206388367,29.831446854533","96077025","R"
"2785","1444 SENS RD STE A, LA PORTE, TX, 77571","Match","Non_Exact","1444 SENS RD, LA PORTE, TX, 77571","-95.046920292169,29.686288217343","96607250","L"
"1453","4953 POLK ST, HOUSTON, TX, 77023","Match","Exact","4953 POLK ST, HOUSTON, TX, 77023","-95.327011216014,29.736338395101","96081743","L"
"2784","2001 GARTH RD, BAYTOWN, TX, 77520","Match","Exact","2001 GARTH RD, BAYTOWN, TX, 77520","-94.977158859327,29.746671411999","233394029","L"
"1452","18401 W LAKE HOUSTON PKWY STE B, HUMBLE, TX, 77346","Match","Non_Exact","18401 W LAKE HOUSTON PKWY, HUMBLE, TX, 77346","-95.161659189142,29.984749129499","96661866","L"
"2783","159 SHARPSTOWN CTR STE 102, HOUSTON, TX, 77036","Match","Exact","159 SHARPSTOWN CENTER, HOUSTON, TX, 77036","-95.516784425993,29.70553628485","96609115","L"
"1473","6700 QUEENSTON BLVD APT 111, HOUSTON, TX, 77084","Match","Exact","6700 QUEENSTON BLVD, HOUSTON, TX, 77084","-95.669113203719,29.868596457682","645401439","R"
"1472","3418 BROADWAY ST STE E, HOUSTON, TX, 77017","Match","Non_Exact","3418 BROADWAY ST, HOUSTON, TX, 77017","-95.277706529865,29.692230835197","96092620","R"
"1471","8643 SCOTT ST, HOUSTON, TX, 77051","Match","Exact","8643 SCOTT ST, HOUSTON, TX, 77051","-95.368115130265,29.666193869049","96088738","L"
"1470","416 RICHEY ST, PASADENA, TX, 77506","Match","Exact","416 RICHEY ST, PASADENA, TX, 77506","-95.219976745451,29.705881142124","630824591","R"
"1469","9360 N SAM HOUSTON PKWY E STE 600, HUMBLE, TX, 77396","Match","Exact","9360 N SAM HOUSTON PKWY E, HUMBLE, TX, 77396","-95.25210660093,29.934078030503","638189552","R"
"1468","19784 INTERSTATE 45, SPRING, TX, 77373","Match","Exact","19784 I- 45, SPRING, TX, 77373","-95.430836518746,30.051577988587","96576146","R"
"2799","930 S MASON RD STE N, KATY, TX, 77450","Match","Non_Exact","930 S MASON RD, KATY, TX, 77450","-95.751748199767,29.768631206002","638593573","L"
"1467","3319 MANGUM RD, HOUSTON, TX, 77092","Match","Exact","3319 MANGUM RD, HOUSTON, TX, 77092","-95.459468806127,29.818666754753","96639580","L"
"2798","114 E EDGEBROOK DR, HOUSTON, TX, 77034","Match","Exact","114 E EDGEBROOK DR, HOUSTON, TX, 77034","-95.217386618173,29.649512454646","96596898","R"
"1466","15795 BELLAIRE BLVD, HOUSTON, TX, 77083","Match","Exact","15795 BELLAIRE BLVD, HOUSTON, TX, 77083","-95.664352319587,29.699791251887","96607880","R"
"2797","7734 CANAL ST, HOUSTON, TX, 77012","Match","Exact","7734 CANAL ST, HOUSTON, TX, 77012","-95.285828822018,29.735065955932","96083458","R"
"1465","5453 N SHEPHERD DR, HOUSTON, TX, 77091","Match","Exact","5453 N SHEPHERD DR, HOUSTON, TX, 77091","-95.411052584667,29.845806388146","96054672","L"
"2796","21747 ALDINE WESTFIELD RD, HUMBLE, TX, 77338","Match","Exact","21747 ALDINE WESTFIELD RD, HUMBLE, TX, 77338","-95.381190796798,30.030854065985","644458683","L"
"1464","507 S MASON RD, KATY, TX, 77450","Match","Exact","507 S MASON RD, KATY, TX, 77450","-95.751674449415,29.779123810103","233399037","L"
"2795","1414 BEAUMONT RD, BAYTOWN, TX, 77520","Match","Non_Exact","1414 BEAUMONT ST, BAYTOWN, TX, 77520","-94.955212723529,29.743275774394","96111085","R"
"1463","12312 WILL CLAYTON PKWY, ATASCOCITA, TX, 77346","Match","Non_Exact","12312 WILL CLAYTON BLVD, ATASCOCITA, TX, 77346","-95.193095498678,29.979091752004","643350586","L"
"2794","10808 W BELLFORT AVE, HOUSTON, TX, 77099","Match","Non_Exact","10808 W BELLFORT ST, HOUSTON, TX, 77099","-95.569480938481,29.655128506269","96597942","R"
"1484","7334 FRY RD, CYPRESS, TX, 77433","No_Match"
"1483","918 W SOUTHMORE AVE STE 175, PASADENA, TX, 77502","Match","Exact","918 W SOUTHMORE AVE, PASADENA, TX, 77502","-95.221314751129,29.690689540203","96611459","R"
"1482","4100 E CROSSTIMBERS ST, HOUSTON, TX, 77016","Match","Exact","4100 E CROSSTIMBERS ST, HOUSTON, TX, 77016","-95.330599957644,29.829177491792","96075952","R"
"1481","2391 S WAYSIDE DR, HOUSTON, TX, 77023","Match","Exact","2391 S WAYSIDE DR, HOUSTON, TX, 77023","-95.314708747674,29.716392077052","96616178","L"
"1480","7302 TIERWESTER ST, HOUSTON, TX, 77021","Match","Exact","7302 TIERWESTER ST, HOUSTON, TX, 77021","-95.371037391037,29.686644878005","96088259","R"
"1479","20355 CYPRESSWOOD DR, CYPRESS, TX, 77433","Match","Exact","20355 CYPRESSWOOD DR, CYPRESS, TX, 77433","-95.734063047308,29.989190207663","625721843","R"
"1478","2477 LOUETTA RD, SPRING, TX, 77388","Match","Exact","2477 LOUETTA RD, SPRING, TX, 77388","-95.453470557505,30.059196957373","96668230","L"
"1477","8745 SPRING CYPRESS RD, SPRING, TX, 77379","Match","Exact","8745 SPRING CYPRESS RD, SPRING, TX, 77379","-95.554906129539,30.033627489391","642112906","R"
"1476","2304 BAYPORT BLVD, SEABROOK, TX, 77586","Match","Exact","2304 BAYPORT BLVD, SEABROOK, TX, 77586","-95.027127372006,29.572358899248","96549976","R"
"1475","7640 CYPRESS CREEK PKWY, HOUSTON, TX, 77070","No_Match"
"1474","2700 ELDRIDGE PKWY, HOUSTON, TX, 77082","Match","Exact","2700 ELDRIDGE PKWY, HOUSTON, TX, 77082","-95.623865413534,29.732518027127","645410352","L"
"1495","12280 WESTHEIMER RD STE 5, HOUSTON, TX, 77077","Match","Exact","12280 WESTHEIMER RD, HOUSTON, TX, 77077","-95.596319665832,29.736460560718","233391727","L"
"1494","14370 S POST OAK RD, HOUSTON, TX, 77045","Match","Exact","14370 S POST OAK RD, HOUSTON, TX, 77045","-95.465081414602,29.617369469416","96040684","R"
"1493","6115 CLAREWOOD DR STE C, HOUSTON, TX, 77081","Match","Non_Exact","6115 CLAREWOOD DR, HOUSTON, TX, 77081","-95.489201626962,29.709068862418","644400642","L"
"1492","16516 MARKET ST, CHANNELVIEW, TX, 77530","Match","Non_Exact","16516 MARKET STREET RD, CHANNELVIEW, TX, 77530","-95.106094404562,29.780914861715","644857778","R"
"1491","14344 MEMORIAL DR, HOUSTON, TX, 77079","Match","Exact","14344 MEMORIAL DR, HOUSTON, TX, 77079","-95.598517944817,29.770270104355","96629769","R"
"1490","8550 HIGHWAY 6 N, HOUSTON, TX, 77095","Match","Non_Exact","8550 STATE HWY 6, HOUSTON, TX, 77095","-95.633739430605,29.90274412206","642106883","R"
"1489","802 MICHIGAN ST, SOUTH HOUSTON, TX, 77587","Match","Exact","802 MICHIGAN ST, SOUTH HOUSTON, TX, 77587","-95.24338703348,29.665167539693","96093946","L"
"1488","14230 STATE HIGHWAY 249, HOUSTON, TX, 77086","Match","Exact","14230 STATE HWY 249, HOUSTON, TX, 77086","-95.498412641422,29.923443684512","645664348","R"
"1487","2215 COHN ST, HOUSTON, TX, 77007","Match","Exact","2215 COHN ST, HOUSTON, TX, 77007","-95.422068463848,29.779211014945","96060118","L"
"1486","9415 MESA DR, HOUSTON, TX, 77028","Match","Exact","9415 MESA DR, HOUSTON, TX, 77028","-95.262461709995,29.849505083637","96644379","L"
"1485","1920 JENSEN DR, HOUSTON, TX, 77026","Match","Exact","1920 JENSEN DR, HOUSTON, TX, 77026","-95.341777794425,29.778817820021","96068884","R"
"3200","8102 CULLEN BLVD, HOUSTON, TX, 77051","Match","Exact","8102 CULLEN BLVD, HOUSTON, TX, 77051","-95.355845589025,29.6717091983","96089277","R"
"1499","754 NORMANDY ST, HOUSTON, TX, 77015","No_Match"
"1498","28520 TOMBALL PKWY, TOMBALL, TX, 77375","Match","Exact","28520 TOMBALL PKWY, TOMBALL, TX, 77375","-95.632065110912,30.088128112865","96669210","R"
"1497","1118 SILBER RD, HOUSTON, TX, 77055","Match","Exact","1118 SILBER RD, HOUSTON, TX, 77055","-95.468000180044,29.789572067291","96631276","R"
"1496","13824 ALMEDA RD, HOUSTON, TX, 77053","Match","Exact","13824 ALMEDA RD, HOUSTON, TX, 77053","-95.422683817062,29.605908860739","653304579","R"
"3211","4203 RED BLUFF RD, PASADENA, TX, 77503","Match","Exact","4203 RED BLUFF RD, PASADENA, TX, 77503","-95.146335373796,29.679031868533","641939652","L"
"3210","3818 SUN VALLEY DR, HOUSTON, TX, 77025","Match","Exact","3818 SUN VALLEY DR, HOUSTON, TX, 77025","-95.438496108218,29.683787385791","96040061","R"
"3208","760 GULFGATE CENTER MALL, HOUSTON, TX, 77087","No_Match"
"3207","5151 ANTOINE DR # 8B, HOUSTON, TX, 77092","Match","Exact","5151 ANTOINE DR, HOUSTON, TX, 77092","-95.473253482469,29.839970265335","96028028","L"
"3206","8403 TIDWELL RD, HOUSTON, TX, 77028","Match","Exact","8403 TIDWELL RD, HOUSTON, TX, 77028","-95.271622238368,29.850056288727","96077572","L"
"3205","4727 OAKSHIRE DR APT 6, HOUSTON, TX, 77027","Match","Exact","4727 OAKSHIRE DR, HOUSTON, TX, 77027","-95.457524481852,29.736945514981","96033790","L"
"3204","6310 ANTOINE DR, HOUSTON, TX, 77091","Match","Exact","6310 ANTOINE DR, HOUSTON, TX, 77091","-95.473276900812,29.858142838123","96553575","R"
"3203","5626 RENWICK DR, HOUSTON, TX, 77081","Match","Exact","5626 RENWICK DR, HOUSTON, TX, 77081","-95.484921824418,29.720973129098","96614808","R"
"600","951 FM 1959 RD, HOUSTON, TX, 77034","Match","Exact","951 FM 1959 RD, HOUSTON, TX, 77034","-95.181208294808,29.589577675643","96590792","L"
"3202","14236 WESTHEIMER RD, HOUSTON, TX, 77077","Match","Exact","14236 WESTHEIMER RD, HOUSTON, TX, 77077","-95.639253375144,29.735766242728","96618647","R"
"601","10902 SCARSDALE BLVD, HOUSTON, TX, 77089","Match","Exact","10902 SCARSDALE BLVD, HOUSTON, TX, 77089","-95.213184567601,29.584878701175","233351144","R"
"3201","5230 ALDINE MAIL RD, HOUSTON, TX, 77039","Match","Exact","5230 ALDINE MAIL RD, HOUSTON, TX, 77039","-95.314829085506,29.902866855454","96046589","R"
"602","6345 SKYLINE DR, HOUSTON, TX, 77057","Match","Exact","6345 SKYLINE DR, HOUSTON, TX, 77057","-95.495186561052,29.728126333265","96614412","L"
"603","4714 HOPPER RD, HOUSTON, TX, 77093","Match","Exact","4714 HOPPER RD, HOUSTON, TX, 77093","-95.318922530457,29.879658481066","96650075","R"
"604","719 BARBARA MAE ST, HOUSTON, TX, 77015","Match","Exact","719 BARBARA MAE ST, HOUSTON, TX, 77015","-95.169706203378,29.783809106289","96098657","L"
"605","7510 BELLFORT ST, HOUSTON, TX, 77061","Match","Exact","7510 BELLFORT ST, HOUSTON, TX, 77061","-95.288229121329,29.672819004978","96605928","R"
"606","1703 EAST FWY, BAYTOWN, TX, 77521","Match","Exact","1703 EAST FWY, BAYTOWN, TX, 77521","-95.032468147181,29.797755203744","638076503","L"
"607","4303 HIGHWAY 90, CROSBY, TX, 77532","Match","Exact","4303 US HWY 90, CROSBY, TX, 77532","-95.048012642679,29.911834389737","96052272","L"
"608","18401 W LAKE HOUSTON PKWY STE A, HUMBLE, TX, 77346","Match","Non_Exact","18401 W LAKE HOUSTON PKWY, HUMBLE, TX, 77346","-95.161659189142,29.984749129499","96661866","L"
"609","10333 HARWIN DR STE 147, HOUSTON, TX, 77036","Match","Exact","10333 HARWIN DR, HOUSTON, TX, 77036","-95.548642705388,29.716539762153","96613691","L"
"3209","26434 LEXINGTON RD STE A, SPRING, TX, 77373","Match","Non_Exact","26434 LEXINGTON RD, SPRING, TX, 77373","-95.426183332398,30.075438339395","627919120","R"
"3222","18546 BOCA CHICA LN, HOUSTON, TX, 77084","Match","Exact","18546 BOCA CHICA LN, HOUSTON, TX, 77084","-95.688441804621,29.823982699385","652083848","R"
"3221","1523 LITTLE YORK RD, HOUSTON, TX, 77093","Match","Exact","1523 LITTLE YORK RD, HOUSTON, TX, 77093","-95.360720835732,29.870891779011","96649963","L"
"3220","6721 TELEPHONE RD, HOUSTON, TX, 77061","Match","Exact","6721 TELEPHONE RD, HOUSTON, TX, 77061","-95.288845786308,29.665475142966","96092273","L"
"3219","17337 SPRING CYPRESS RD STE D, CYPRESS, TX, 77429","Match","Non_Exact","17337 SPRING CYPRESS RD, CYPRESS, TX, 77429","-95.689597428244,29.972792749266","638594637","R"
"3218","13360 NORTHBOROUGH DR, HOUSTON, TX, 77067","Match","Exact","13360 NORTHBOROUGH DR, HOUSTON, TX, 77067","-95.42441152906,29.961037940472","630623996","R"
"3217","15441 S POST OAK RD, HOUSTON, TX, 77053","Match","Exact","15441 S POST OAK RD, HOUSTON, TX, 77053","-95.464415003415,29.603181930499","96128738","L"
"3216","26835 CYPRESSWOOD DR STE 10, SPRING, TX, 77373","Match","Exact","26835 CYPRESSWOOD DR, SPRING, TX, 77373","-95.391753452728,30.063283149656","642113784","R"
"3215","2221 PARKER RD, HOUSTON, TX, 77093","Match","Exact","2221 PARKER RD, HOUSTON, TX, 77093","-95.351112780989,29.859488902266","96118734","R"
"610","20820 CYPRESS ROSEHILL RD STE 200, TOMBALL, TX, 77377","Match","Exact","20820 CYPRESS ROSEHILL RD, TOMBALL, TX, 77377","-95.699989111623,30.06710074206","656079021","L"
"3214","1806 AVENUE D STE 101, KATY, TX, 77493","Match","Exact","1806 AVE D, KATY, TX, 77493","-95.82489423587,29.79825061732","96154583","R"
"611","5815 ANTOINE DR, HOUSTON, TX, 77091","Match","Exact","5815 ANTOINE DR, HOUSTON, TX, 77091","-95.473376254175,29.849633410896","650480639","L"
"3213","12255 HUFFMEISTER RD STE C, CYPRESS, TX, 77429","Match","Non_Exact","12255 HUFFMEISTER RD, CYPRESS, TX, 77429","-95.63033170127,29.952080767592","642220344","L"
"612","20777 HIGHWAY 59 N, HUMBLE, TX, 77338","No_Match"
"3212","1029 HIGHWAY 6 N STE 400, HOUSTON, TX, 77079","No_Match"
"613","3517 N MAIN ST, BAYTOWN, TX, 77521","Match","Exact","3517 N MAIN ST, BAYTOWN, TX, 77521","-94.964102577952,29.759825860388","233401120","R"
"614","7208 WESTVIEW DR, HOUSTON, TX, 77055","Match","Exact","7208 WESTVIEW DR, HOUSTON, TX, 77055","-95.475114733832,29.794582048825","96635803","R"
"615","9906 S GESSNER DR, HOUSTON, TX, 77071","Match","Exact","9906 S GESSNER DR, HOUSTON, TX, 77071","-95.528236902182,29.671222791521","616780223","R"
"616","525 S FRY RD, KATY, TX, 77450","Match","Exact","525 S FRY RD, KATY, TX, 77450","-95.718805933291,29.778414986193","96016395","L"
"617","11290 HOMESTEAD RD, HOUSTON, TX, 77016","Match","Exact","11290 HOMESTEAD RD, HOUSTON, TX, 77016","-95.300604953083,29.883263393516","642867897","R"
"618","2901 W BAKER RD, BAYTOWN, TX, 77521","Match","Exact","2901 W BAKER RD, BAYTOWN, TX, 77521","-94.990613477896,29.769665142061","233398288","L"
"619","7401 ALABONSON RD STE A, HOUSTON, TX, 77088","No_Match"
"3233","649 S MASON RD, KATY, TX, 77450","Match","Exact","649 S MASON RD, KATY, TX, 77450","-95.751577434575,29.773523642","233401348","L"
"3232","1660 W LAKE HOUSTON PKWY STE 503, KINGWOOD, TX, 77339","Match","Exact","1660 W LAKE HOUSTON PKWY, KINGWOOD, TX, 77339","-95.17436363285,30.032518410122","651938071","L"
"3231","7410 SENATE AVE, JERSEY VILLAGE, TX, 77040","Match","Non_Exact","7410 SENATE ST, JERSEY VILLAGE, TX, 77040","-95.56158286598,29.8804740367","233347675","R"
"3230","14248 BELLAIRE BLVD STE 100, HOUSTON, TX, 77083","Match","Exact","14248 BELLAIRE BLVD, HOUSTON, TX, 77083","-95.636821496699,29.704085867445","96581339","R"
"3229","10610 FONDREN RD STE 102, HOUSTON, TX, 77096","Match","Exact","10610 FONDREN RD, HOUSTON, TX, 77096","-95.508600262429,29.66642011727","96352321","L"
"3228","237 CAVALCADE ST, HOUSTON, TX, 77009","Match","Exact","237 CAVALCADE ST, HOUSTON, TX, 77009","-95.369275234728,29.8035566887","233407528","L"
"3227","5550 BINGLE RD, HOUSTON, TX, 77092","Match","Exact","5550 BINGLE RD, HOUSTON, TX, 77092","-95.488781696859,29.844357573168","96643508","R"
"620","4110 AIRPORT BLVD, HOUSTON, TX, 77047","Match","Exact","4110 AIRPORT BLVD, HOUSTON, TX, 77047","-95.363227625594,29.645754956124","96595895","R"
"3226","4107 FRY RD, KATY, TX, 77449","Match","Exact","4107 FRY RD, KATY, TX, 77449","-95.719937593843,29.831449889703","96153416","L"
"621","1348 N SHEPHERD DR, HOUSTON, TX, 77008","Match","Exact","1348 N SHEPHERD DR, HOUSTON, TX, 77008","-95.409909836369,29.795094730986","96060876","R"
"3225","11303 VETERANS MEMORIAL DR, HOUSTON, TX, 77067","Match","Exact","11303 VETERANS MEMORIAL DR, HOUSTON, TX, 77067","-95.466559427318,29.945936445395","96655942","L"
"622","10919 LOUETTA RD, HOUSTON, TX, 77070","Match","Exact","10919 LOUETTA RD, HOUSTON, TX, 77070","-95.575760710626,29.996667466054","642111252","R"
"3224","6409A HILLCROFT ST, HOUSTON, TX, 77081","Match","Non_Exact","6409A HILLCROFT ST, HOUSTON, TX, 77081","-95.495049780655,29.713239915914","96614645","L"
"623","9888 BELLAIRE BLVD # 136, HOUSTON, TX, 77036","Match","Exact","9888 BELLAIRE BLVD, HOUSTON, TX, 77036","-95.555278716436,29.704667728844","638594571","R"
"3223","4107 FRY RD, KATY, TX, 77449","Match","Exact","4107 FRY RD, KATY, TX, 77449","-95.719937593843,29.831449889703","96153416","L"
"624","574 CHIMNEY ROCK RD # 120, HOUSTON, TX, 77056","Match","Exact","574 CHIMNEY ROCK RD, HOUSTON, TX, 77056","-95.478095334959,29.764246982047","96032299","R"
"625","3702 ALDINE MAIL ROUTE RD, HOUSTON, TX, 77039","Match","Non_Exact","3702 ALDINE MAIL RD, HOUSTON, TX, 77039","-95.336267835813,29.902419995605","96046409","R"
"626","1801 W BAY AREA BLVD, WEBSTER, TX, 77598","Match","Exact","1801 W BAY AREA BLVD, WEBSTER, TX, 77598","-95.152359722686,29.537674805209","233353438","L"
"627","1105 SAN JACINTO ST, LA PORTE, TX, 77571","Match","Exact","1105 SAN JACINTO ST, LA PORTE, TX, 77571","-95.012160371931,29.654019310978","96602402","L"
"628","4663 TELEPHONE RD, HOUSTON, TX, 77087","Match","Exact","4663 TELEPHONE RD, HOUSTON, TX, 77087","-95.29965670429,29.694365598338","96610965","L"
"629","12584 WESTHEIMER RD, HOUSTON, TX, 77077","Match","Exact","12584 WESTHEIMER RD, HOUSTON, TX, 77077","-95.613224116863,29.73607642671","96618856","L"
"3244","8095 SPENCER HWY STE A, DEER PARK, TX, 77536","Match","Non_Exact","8095 SPENCER HWY, DEER PARK, TX, 77536","-95.11391039239,29.663952014297","96106602","L"
"3243","1200 BAKER ST, HOUSTON, TX, 77002","Match","Exact","1200 BAKER ST, HOUSTON, TX, 77002","-95.356796886821,29.763950106927","637945624","R"
"3242","2348 BISSONNET ST, HOUSTON, TX, 77005","Match","Exact","2348 BISSONNET ST, HOUSTON, TX, 77005","-95.413891186136,29.725594443134","96063351","R"
"3241","9645 S GESSNER RD, HOUSTON, TX, 77071","Match","Non_Exact","9645 S GESSNER DR, HOUSTON, TX, 77071","-95.528159293494,29.6755604683","96603964","L"
"3240","159 SHARPSTOWN CTR # 170, HOUSTON, TX, 77036","Match","Exact","159 SHARPSTOWN CENTER, HOUSTON, TX, 77036","-95.516784425993,29.70553628485","96609115","L"
"3239","7621 COOK RD, HOUSTON, TX, 77072","Match","Exact","7621 COOK RD, HOUSTON, TX, 77072","-95.595938069746,29.694558720355","96035433","L"
"630","19380 INTERSTATE 45 STE 150, SPRING, TX, 77373","Match","Exact","19380 I- 45, SPRING, TX, 77373","-95.430141155116,30.04695554346","642113393","R"
"3238","1808 WIRT RD, HOUSTON, TX, 77055","Match","Exact","1808 WIRT RD, HOUSTON, TX, 77055","-95.484775126806,29.803292683685","96635736","R"
"631","8620 LONG POINT RD, HOUSTON, TX, 77055","Match","Exact","8620 LONG POINT RD, HOUSTON, TX, 77055","-95.50160206143,29.803061896351","96635658","R"
"3237","3704 KAPLAN DR, PASADENA, TX, 77503","Match","Exact","3704 KAPLAN DR, PASADENA, TX, 77503","-95.157020468368,29.691784800523","96105179","R"
"632","3363 MCCUE RD APT 430, HOUSTON, TX, 77056","Match","Exact","3363 MCCUE RD, HOUSTON, TX, 77056","-95.464082175105,29.729197685311","649109893","L"
"3236","5859 BISSONNET ST, BELLAIRE, TX, 77401","Match","Exact","5859 BISSONNET ST, BELLAIRE, TX, 77401","-95.483669451412,29.69957543042","96033399","L"
"633","644 MAXEY RD STE A, HOUSTON, TX, 77013","Match","Non_Exact","644 MAXEY RD, HOUSTON, TX, 77013","-95.218678701255,29.781729246816","96632660","R"
"3235","10625 VETERANS MEMORIAL DR STE S, HOUSTON, TX, 77038","Match","Non_Exact","10625 VETERANS MEMORIAL DR, HOUSTON, TX, 77038","-95.45675670096,29.933314120399","96655974","L"
"634","728 WILCREST DR, HOUSTON, TX, 77042","Match","Exact","728 WILCREST DR, HOUSTON, TX, 77042","-95.576171899136,29.756751528949","96022662","R"
"3234","11402 MARTIN LUTHER KING BLVD, HOUSTON, TX, 77048","Match","Exact","11402 MARTIN LUTHER KING JR BLVD, HOUSTON, TX, 77048","-95.339456104801,29.63685584236","656288463","R"
"635","13817 CYPRESS NORTH HOUSTON RD, CYPRESS, TX, 77429","Match","Exact","13817 CYPRESS NORTH HOUSTON RD, CYPRESS, TX, 77429","-95.629095444482,29.947365477925","96579474","R"
"636","5231 BURKE RD STE 800, PASADENA, TX, 77504","Match","Exact","5231 BURKE RD, PASADENA, TX, 77504","-95.180960847698,29.631658464372","233357814","R"
"637","8002 S GESSNER RD, HOUSTON, TX, 77036","Match","Exact","8002 S GESSNER RD, HOUSTON, TX, 77036","-95.535175258087,29.691034987382","96603682","R"
"638","6175 ELM ST, HOUSTON, TX, 77081","Match","Exact","6175 ELM ST, HOUSTON, TX, 77081","-95.48963197965,29.712684024594","96614716","L"
"639","9722 FRY RD, CYPRESS, TX, 77433","No_Match"
"3255","9331 S GESSNER RD, HOUSTON, TX, 77074","Match","Non_Exact","9331 S GESSNER DR, HOUSTON, TX, 77074","-95.528442498866,29.680485539836","96037003","L"
"3254","9741 FM 1960 BYPASS RD W, HUMBLE, TX, 77338","Match","Exact","9741 FM 1960 BYPASS RD W, HUMBLE, TX, 77338","-95.283351066081,30.00510050145","647692508","L"
"3253","16356 MUESCHKE RD STE B, CYPRESS, TX, 77433","No_Match"
"3252","12811 DUNCAN RD STE A, HOUSTON, TX, 77066","Match","Non_Exact","12811 DUNCAN RD, HOUSTON, TX, 77066","-95.521217100725,29.972456129987","233348120","L"
"3251","4422 W OREM DR, HOUSTON, TX, 77045","Match","Exact","4422 W OREM DR, HOUSTON, TX, 77045","-95.444099792308,29.628076447306","233353062","L"
"3250","7555 SCOTT ST, HOUSTON, TX, 77021","Match","Exact","7555 SCOTT ST, HOUSTON, TX, 77021","-95.366126018372,29.682040447774","96088506","L"
"640","3713 JARDIN ST, HOUSTON, TX, 77005","Match","Exact","3713 JARDIN ST, HOUSTON, TX, 77005","-95.434287374529,29.713926380371","96034784","L"
"641","118 FAIRMONT PKWY, PASADENA, TX, 77504","Match","Exact","118 FAIRMONT PKWY, PASADENA, TX, 77504","-95.207367110299,29.650939668752","96600592","R"
"3249","10611 JONES RD STE E, HOUSTON, TX, 77065","No_Match"
"642","9501 LONG POINT RD STE Y, HOUSTON, TX, 77055","Match","Non_Exact","9501 LONG POINT RD, HOUSTON, TX, 77055","-95.525884326995,29.79723550557","644736620","L"
"3248","10341 PALESTINE ST, HOUSTON, TX, 77029","Match","Exact","10341 PALESTINE ST, HOUSTON, TX, 77029","-95.24656348047,29.766742912162","96625915","L"
"643","8650 S BRAESWOOD BLVD, HOUSTON, TX, 77031","Match","Exact","8650 S BRAESWOOD BLVD, HOUSTON, TX, 77031","-95.530690101475,29.671537028157","96603795","R"
"3247","20314 KNOLLS SPRING TRL, KATY, TX, 77450","Match","Exact","20314 KNOLLS SPRING TRL, KATY, TX, 77450","-95.724508955942,29.754384501177","96300717","L"
"644","11110 BENTLEY ST, HOUSTON, TX, 77093","Match","Exact","11110 BENTLEY ST, HOUSTON, TX, 77093","-95.335450334981,29.877264996567","96056794","R"
"3246","4701 FM 1960 RD W, HOUSTON, TX, 77069","Match","Exact","4701 FM 1960 RD W, HOUSTON, TX, 77069","-95.501930247008,29.985854860024","233348352","R"
"645","9615 KEMPWOOD DR, HOUSTON, TX, 77080","Match","Exact","9615 KEMPWOOD DR, HOUSTON, TX, 77080","-95.529766133121,29.821851500086","644636244","L"
"3245","11205 BELLAIRE BLVD STE B, HOUSTON, TX, 77072","Match","Non_Exact","11205 BELLAIRE BLVD, HOUSTON, TX, 77072","-95.575514732287,29.703804306968","96608386","L"
"646","13110 VETERANS MEMORIAL DR, HOUSTON, TX, 77014","Match","Exact","13110 VETERANS MEMORIAL DR, HOUSTON, TX, 77014","-95.490553605875,29.977718417816","233442173","R"
"647","9010 JONES RD, HOUSTON, TX, 77065","Match","Exact","9010 JONES RD, HOUSTON, TX, 77065","-95.584451809573,29.903916658263","642107033","R"
"648","13455 CUTTEN RD STE 1F, HOUSTON, TX, 77069","Match","Exact","13455 CUTTEN RD, HOUSTON, TX, 77069","-95.550683211012,29.989239676489","642142364","L"
"649","803 CENTER ST, DEER PARK, TX, 77536","Match","Exact","803 CENTER ST, DEER PARK, TX, 77536","-95.12379715002,29.704963850016","96101789","R"
"3266","6524 WESTON ST, HOUSTON, TX, 77021","Match","Exact","6524 WESTON ST, HOUSTON, TX, 77021","-95.34615307331,29.691301550042","96089399","R"
"3265","7644 GESSNER RD, HOUSTON, TX, 77040","Match","Non_Exact","7644 S GESSNER RD, HOUSTON, TX, 77036","-95.537427511936,29.694711919786","96031096","R"
"3264","12691 BISSONNET ST, HOUSTON, TX, 77099","Match","Exact","12691 BISSONNET ST, HOUSTON, TX, 77099","-95.601890508052,29.67776429434","96602980","L"
"3263","15936 WOODLAND HILLS DR STE 400, THE WOODLANDS, TX, 77346","No_Match"
"3262","8916A NORTH FWY, HOUSTON, TX, 77037","Match","Non_Exact","8916A NORTH FWY, HOUSTON, TX, 77037","-95.411618648084,29.887735675283","638085031","R"
"3261","5114 PARKCREST DR, LA PORTE, TX, 77571","Match","Exact","5114 PARKCREST DR, LA PORTE, TX, 77571","-95.074864909233,29.670528007862","96544420","L"
"3260","9818 FRY RD STE 120, CYPRESS, TX, 77433","No_Match"
"650","5046 BELLFORT ST, HOUSTON, TX, 77033","Match","Exact","5046 BELLFORT ST, HOUSTON, TX, 77033","-95.348719798456,29.666817199432","96599543","R"
"651","1621 S MASON RD, KATY, TX, 77450","Match","Exact","1621 S MASON RD, KATY, TX, 77450","-95.751461354701,29.758955165952","96623316","R"
"652","7006 MARTIN LUTHER KING JR BLVD, HOUSTON, TX, 77033","Match","Exact","7006 MARTIN LUTHER KING JR BLVD, HOUSTON, TX, 77033","-95.336508828665,29.676108486153","96089676","R"
"653","10822 HUGHES RD, HOUSTON, TX, 77089","Match","Exact","10822 HUGHES RD, HOUSTON, TX, 77089","-95.222968258573,29.591135724797","96592154","R"
"3259","7231 FM 1960 RD W STE G, HUMBLE, TX, 77338","Match","Non_Exact","7231 F-M 1960 RD W, HUMBLE, TX, 77338","-95.315410567839,30.006032285721","642111746","L"
"654","442 W LITTLE YORK, HOUSTON, TX, 77076","Match","Non_Exact","442 W LITTLE YORK RD, HOUSTON, TX, 77076","-95.405440731229,29.869892382511","96647332","R"
"3258","4725 TELEPHONE RD, HOUSTON, TX, 77087","Match","Exact","4725 TELEPHONE RD, HOUSTON, TX, 77087","-95.298796740613,29.692227739165","96091734","L"
"655","4212 ELLA BLVD STE A, HOUSTON, TX, 77018","Match","Non_Exact","4212 ELLA BLVD, HOUSTON, TX, 77018","-95.429539662929,29.827013590653","96054090","R"
"3257","5375 W RICHEY RD, HOUSTON, TX, 77066","Match","Exact","5375 W RICHEY RD, HOUSTON, TX, 77066","-95.502174933162,29.959466991747","96658757","L"
"656","24120 NORTHWEST FWY STE 250, CYPRESS, TX, 77429","No_Match"
"3256","924 CYPRESS CREEK PKWY, HOUSTON, TX, 77090","No_Match"
"657","17539 IMPERIAL VALLEY DR, HOUSTON, TX, 77060","Match","Exact","17539 IMPERIAL VALLEY DR, HOUSTON, TX, 77060","-95.399825108113,29.952516969781","642864613","L"
"658","5803 FRY RD STE 107, KATY, TX, 77449","Match","Exact","5803 FRY RD, KATY, TX, 77449","-95.718676966276,29.854999630145","96645552","L"
"659","3215 ENCHANTED HOLLOW LN, SPRING, TX, 77388","Match","Exact","3215 ENCHANTED HOLLOW LN, SPRING, TX, 77388","-95.464986235537,30.064276675531","96571650","R"
"3277","3141 E FM 528 RD STE 348, FRIENDSWOOD, TX, 77546","Match","Exact","3141 E FM 528 RD, FRIENDSWOOD, TX, 77546","-95.161787921385,29.522300323865","96588825","L"
"3276","8019 LAVENDER ST, HOUSTON, TX, 77016","Match","Exact","8019 LAVENDER ST, HOUSTON, TX, 77016","-95.321431055124,29.833542713604","96076128","L"
"3275","730 GREENS RD, HOUSTON, TX, 77060","Match","Exact","730 GREENS RD, HOUSTON, TX, 77060","-95.398231412686,29.950558885997","96659188","R"
"3274","3111 FONDREN RD, HOUSTON, TX, 77063","Match","Exact","3111 FONDREN RD, HOUSTON, TX, 77063","-95.520417626948,29.730722758533","96614014","L"
"3273","126 HEIGHTS BLVD STE 112A, HOUSTON, TX, 77007","Match","Exact","126 HEIGHTS BLVD, HOUSTON, TX, 77007","-95.39725873757,29.771494318855","96061582","R"
"3272","4640 MAIN ST # 3-402, HOUSTON, TX, 77002","Match","Non_Exact","4640 MAIN ST, HOUSTON, TX, 77002","-95.384187334127,29.732706380343","96353051","R"
"3271","2102 ELROD RD, KATY, TX, 77449","No_Match"
"3270","14647 WOODFOREST BLVD, HOUSTON, TX, 77015","Match","Exact","14647 WOODFOREST BLVD, HOUSTON, TX, 77015","-95.162639474393,29.790671529226","644890518","L"
"660","3130 ALABAMA ST, HOUSTON, TX, 77004","Match","Exact","3130 ALABAMA ST, HOUSTON, TX, 77004","-95.3610820767,29.72645822179","96072107","R"
"661","13655 WESTHEIMER RD, HOUSTON, TX, 77077","Match","Exact","13655 WESTHEIMER RD, HOUSTON, TX, 77077","-95.631686012151,29.735608653287","233383705","L"
"662","40 CYPRESS CREEK PKWY, HOUSTON, TX, 77090","No_Match"
"663","11602 BELLAIRE BLVD STE A, HOUSTON, TX, 77072","Match","Non_Exact","11602 BELLAIRE BLVD, HOUSTON, TX, 77072","-95.583217837947,29.70383095494","96608358","R"
"664","7330 S LAKE HOUSTON PKWY, HOUSTON, TX, 77049","Match","Exact","7330 S LAKE HOUSTON PKWY, HOUSTON, TX, 77049","-95.210474300531,29.831932151843","96644491","R"
"665","5202 REED RD, HOUSTON, TX, 77033","Match","Exact","5202 REED RD, HOUSTON, TX, 77033","-95.344220714593,29.658447527244","96599652","R"
"3269","850 UVALDE RD, HOUSTON, TX, 77015","Match","Exact","850 UVALDE RD, HOUSTON, TX, 77015","-95.186803232728,29.779978590393","96097037","R"
"666","6031 LARK HAVEN LN, HOUSTON, TX, 77085","Match","Exact","6031 LARK HAVEN LN, HOUSTON, TX, 77085","-95.474101987913,29.635561621017","624748089","R"
"3268","2311 STRAWBERRY RD, PASADENA, TX, 77502","Match","Exact","2311 STRAWBERRY RD, PASADENA, TX, 77502","-95.192944435861,29.67686149718","96104264","L"
"667","7960 LONG POINT RD, HOUSTON, TX, 77055","Match","Exact","7960 LONG POINT RD, HOUSTON, TX, 77055","-95.486591816401,29.802887922703","96635864","R"
"3267","1901 S BATTLEGROUND RD, DEER PARK, TX, 77536","No_Match"
"668","10811 VETERANS MEMORIAL DR STE 700, HOUSTON, TX, 77067","Match","Exact","10811 VETERANS MEMORIAL DR, HOUSTON, TX, 77067","-95.462374799094,29.940504212713","642108124","L"
"669","627 LATHROP ST, HOUSTON, TX, 77020","Match","Exact","627 LATHROP ST, HOUSTON, TX, 77020","-95.301107001367,29.777773972478","96080618","L"
"3280","10780 WESTVIEW DR STE D, HOUSTON, TX, 77043","Match","Non_Exact","10780 WESTVIEW DR, HOUSTON, TX, 77043","-95.562491241299,29.790850820025","642476551","R"
"3288","6100 WESTHEIMER RD STE 150, HOUSTON, TX, 77057","Match","Exact","6100 WESTHEIMER RD, HOUSTON, TX, 77057","-95.48862449992,29.737887183555","233390075","R"
"3287","9494 HAMMERLY BLVD, HOUSTON, TX, 77080","Match","Exact","9494 HAMMERLY BLVD, HOUSTON, TX, 77080","-95.525953247814,29.809858940868","96025874","R"
"3286","8920 SPENCER HWY STE A2, LA PORTE, TX, 77571","Match","Exact","8920 SPENCER HWY, LA PORTE, TX, 77571","-95.100113652593,29.664025477653","96106824","R"
"3285","22506 STATE HIGHWAY 249, HOUSTON, TX, 77070","No_Match"
"3284","3107 BLALOCK RD, HOUSTON, TX, 77080","Match","Exact","3107 BLALOCK RD, HOUSTON, TX, 77080","-95.522727154866,29.822066029132","96639122","L"
"3283","8550 WINKLER DR STE C, HOUSTON, TX, 77017","Match","Non_Exact","8550 WINKLER DR, HOUSTON, TX, 77017","-95.262512930011,29.672219823989","96093030","R"
"3282","2905 PASADENA BLVD, PASADENA, TX, 77503","Match","Exact","2905 PASADENA BLVD, PASADENA, TX, 77503","-95.171360902285,29.682037375926","96606756","L"
"670","22736 CYPRESSWOOD DR, SPRING, TX, 77373","Match","Exact","22736 CYPRESSWOOD DR, SPRING, TX, 77373","-95.34527697508,30.043086138167","96229882","R"
"3281","6622 EAGLE PASS ST, HOUSTON, TX, 77020","Match","Exact","6622 EAGLE PASS ST, HOUSTON, TX, 77020","-95.304014485912,29.783529500234","96080459","R"
"671","801 TOWN AND COUNTRY BLVD STE A130, HOUSTON, TX, 77024","Match","Non_Exact","801 TOWN AND COUNTRY WAY, HOUSTON, TX, 77024","-95.560897961778,29.782665509147","642471395","L"
"672","1904 EL MAR LN STE C, SEABROOK, TX, 77586","Match","Non_Exact","1904 EL MAR LN, SEABROOK, TX, 77586","-95.024913582708,29.57019712871","96117118","L"
"673","19109 CYPRESS ROSEHILL RD STE 200, TOMBALL, TX, 77377","Match","Exact","19109 CYPRESS ROSEHILL RD, TOMBALL, TX, 77377","-95.69767232106,30.045037893404","96000392","L"
"674","11410 LOUETTA RD, HOUSTON, TX, 77070","Match","Exact","11410 LOUETTA RD, HOUSTON, TX, 77070","-95.58970643894,29.996692057929","96662387","L"
"675","5016 SAN FELIPE ST, HOUSTON, TX, 77056","Match","Exact","5016 SAN FELIPE ST, HOUSTON, TX, 77056","-95.461870631295,29.750381759679","96624634","R"
"676","10508 AIRLINE DR STE B, HOUSTON, TX, 77037","Match","Non_Exact","10508 AIRLINE DR, HOUSTON, TX, 77037","-95.402257203037,29.907707286384","96044199","R"
"677","9168 BELLAIRE BLVD, HOUSTON, TX, 77036","Match","Exact","9168 BELLAIRE BLVD, HOUSTON, TX, 77036","-95.544743163381,29.704993115868","96608771","R"
"3279","4120 WASHINGTON AVE, HOUSTON, TX, 77007","Match","Exact","4120 WASHINGTON AVE, HOUSTON, TX, 77007","-95.40244783602,29.770186346209","96061854","R"
"678","11926 NEW MEADOW DR, HOUSTON, TX, 77064","Match","Exact","11926 NEW MEADOW DR, HOUSTON, TX, 77064","-95.550770904402,29.946314107615","96006613","R"
"3278","2567A GESSNER RD, HOUSTON, TX, 77080","Match","Non_Exact","2567A GESSNER RD, HOUSTON, TX, 77080","-95.545293749309,29.819148498234","96638987","L"
"679","5321 1ST ST, KATY, TX, 77493","Match","Exact","5321 1ST ST, KATY, TX, 77493","-95.814250426717,29.786606088766","96552594","R"
"3291","11132 ALDINE WESTFIELD RD, HOUSTON, TX, 77093","No_Match"
"3290","7160 BARKER CYPRESS RD, CYPRESS, TX, 77433","Match","Exact","7160 BARKER CYPRESS RD, CYPRESS, TX, 77433","-95.683231478378,29.882780457178","642106490","L"
"3299","2372 CYPRESS CREEK PKWY, HOUSTON, TX, 77068","No_Match"
"3298","4830 WILSON RD STE 300, HUMBLE, TX, 77396","Match","Exact","4830 WILSON RD, HUMBLE, TX, 77396","-95.24963219096,29.936671812026","654972415","L"
"3297","10407 SHADOW OAKS DR, HOUSTON, TX, 77043","Match","Exact","10407 SHADOW OAKS DR, HOUSTON, TX, 77043","-95.553863482189,29.793507968438","96022773","L"
"3296","6919 S KIRKWOOD RD, HOUSTON, TX, 77072","Match","Exact","6919 S KIRKWOOD RD, HOUSTON, TX, 77072","-95.587741973517,29.702237051496","96608357","L"
"3295","10633 W LITTLE YORK RD, HOUSTON, TX, 77041","Match","Exact","10633 W LITTLE YORK RD, HOUSTON, TX, 77041","-95.560746809885,29.86724981102","638594881","R"
"3294","1621 UPLAND DR STE A, HOUSTON, TX, 77043","Match","Non_Exact","1621 UPLAND DR, HOUSTON, TX, 77043","-95.576677820898,29.794888690839","645177109","L"
"680","12420 PALMSPRINGS DR, HOUSTON, TX, 77034","Match","Exact","12420 PALMSPRINGS DR, HOUSTON, TX, 77034","-95.204191807255,29.623610208746","96113447","R"
"3293","1505 FREEMAN ST, HOUSTON, TX, 77009","Match","Exact","1505 FREEMAN ST, HOUSTON, TX, 77009","-95.359167860487,29.77278715958","96068252","L"
"681","10317 SHELDON RD STE A, HOUSTON, TX, 77049","Match","Non_Exact","10317 SHELDON RD, HOUSTON, TX, 77049","-95.128144724976,29.86477863678","96647956","L"
"3292","4806 SPRING STUEBNER RD STE B, SPRING, TX, 77389","Match","Non_Exact","4806 SPRING STUEBNER RD, SPRING, TX, 77389","-95.491870916988,30.083838046753","96669580","L"
"682","25702 ALDINE WESTFIELD RD STE 902, SPRING, TX, 77373","Match","Exact","25702 ALDINE WESTFIELD RD, SPRING, TX, 77373","-95.411187467154,30.074440976193","96669702","R"
"683","4901 GRIGGS RD, HOUSTON, TX, 77021","Match","Exact","4901 GRIGGS RD, HOUSTON, TX, 77021","-95.342141292593,29.699829779266","96074325","L"
"684","2409 FLOWERS ST, HOUSTON, TX, 77087","Match","Exact","2409 FLOWERS ST, HOUSTON, TX, 77087","-95.299406035453,29.706013920981","96610694","L"
"685","6433 W 43RD ST, HOUSTON, TX, 77092","Match","Exact","6433 W 43RD ST, HOUSTON, TX, 77092","-95.486209724885,29.833136968329","96027871","L"
"686","6340 N ELDRIDGE PKWY STE A1, HOUSTON, TX, 77041","No_Match"
"687","2401 MASSEY TOMPKINS RD, BAYTOWN, TX, 77521","Match","Exact","2401 MASSEY TOMPKINS RD, BAYTOWN, TX, 77521","-94.939423381375,29.765860352059","96110217","L"
"688","8102 W TIDWELL RD STE E, HOUSTON, TX, 77040","Match","Non_Exact","8102 W TIDWELL RD, HOUSTON, TX, 77040","-95.515486166375,29.850980960309","96024808","R"
"689","14540 MEMORIAL DR, HOUSTON, TX, 77079","Match","Exact","14540 MEMORIAL DR, HOUSTON, TX, 77079","-95.604350176796,29.77018910457","96629882","R"
"3289","2000 WILLOWBROOK MALL, HOUSTON, TX, 77070","No_Match"
"690","10401 JENSEN DR, HOUSTON, TX, 77093","Match","Exact","10401 JENSEN DR, HOUSTON, TX, 77093","-95.334494332457,29.862647420849","96647438","L"
"691","23927 FM 529 RD STE 300, KATY, TX, 77493","No_Match"
"692","611 E WALLISVILLE RD, HIGHLANDS, TX, 77562","Match","Exact","611 E WALLISVILLE RD, HIGHLANDS, TX, 77562","-95.049247610756,29.818947804096","96101115","R"
"693","15707 BELLAIRE BLVD, HOUSTON, TX, 77083","Match","Exact","15707 BELLAIRE BLVD, HOUSTON, TX, 77083","-95.66407298132,29.699702712118","96607880","R"
"694","8908 MESA DR, HOUSTON, TX, 77028","Match","Exact","8908 MESA DR, HOUSTON, TX, 77028","-95.262201219036,29.84235658257","96077989","R"
"695","6200 BELLAIRE BLVD, HOUSTON, TX, 77081","Match","Exact","6200 BELLAIRE BLVD, HOUSTON, TX, 77081","-95.490963432596,29.705524113941","96609266","R"
"696","2567 AMHERST ST, HOUSTON, TX, 77005","Match","Exact","2567 AMHERST ST, HOUSTON, TX, 77005","-95.417818179628,29.71579857481","96063824","L"
"697","3131 PAWNEE ST, HOUSTON, TX, 77054","Match","Non_Exact","3131 PAWNEE, HOUSTON, TX, 77054","-95.383506848177,29.689149692708","96088056","L"
"698","1234 MERCURY DR, HOUSTON, TX, 77029","Match","Exact","1234 MERCURY DR, HOUSTON, TX, 77029","-95.247626280593,29.768356156091","96625907","R"
"699","12222 FM 529 RD, HOUSTON, TX, 77041","Match","Non_Exact","12222 FM 529, HOUSTON, TX, 77041","-95.588143892541,29.880129475059","96296081","L"
"2801","3401 RED BLUFF RD, PASADENA, TX, 77503","Match","Exact","3401 RED BLUFF RD, PASADENA, TX, 77503","-95.163472272995,29.689060418207","96105141","L"
"2800","2835 BARKER CYPRESS RD, HOUSTON, TX, 77084","Match","Exact","2835 BARKER CYPRESS RD, HOUSTON, TX, 77084","-95.687332595868,29.807879707536","642104233","R"
"2809","6103 GLENMONT DR, HOUSTON, TX, 77081","Match","Exact","6103 GLENMONT DR, HOUSTON, TX, 77081","-95.48969894183,29.71994451955","96614652","L"
"2808","9023 RED HAWK CIR, HOUSTON, TX, 77064","Match","Exact","9023 RED HAWK CIR, HOUSTON, TX, 77064","-95.58120245913,29.906176270596","96229165","L"
"2807","12775 MEDFIELD DR, HOUSTON, TX, 77082","Match","Exact","12775 MEDFIELD DR, HOUSTON, TX, 77082","-95.609571488673,29.717382864783","96612662","R"
"2806","12090 VETERANS MEMORIAL DR, HOUSTON, TX, 77067","Match","Exact","12090 VETERANS MEMORIAL DR, HOUSTON, TX, 77067","-95.477743991615,29.960825798129","233348131","R"
"2805","11698 BELLAIRE BLVD STE 11700, HOUSTON, TX, 77072","Match","Non_Exact","11698 BELLAIRE BLVD, HOUSTON, TX, 77072","-95.584464961264,29.703815267896","96608358","R"
"2804","8712 AIRLINE DR, HOUSTON, TX, 77037","Match","Exact","8712 AIRLINE DR, HOUSTON, TX, 77037","-95.392654140405,29.885935970133","96649660","R"
"2803","2528 CALUMET ST STE A, HOUSTON, TX, 77004","Match","Non_Exact","2528 CALUMET ST, HOUSTON, TX, 77004","-95.374889483484,29.717600545551","640072963","R"
"2802","3013 FOUNTAIN VIEW DR STE G, HOUSTON, TX, 77057","Match","Non_Exact","3013 FOUNTAIN VIEW DR, HOUSTON, TX, 77057","-95.484186631372,29.734051836184","649110077","L"
"2812","8514 HAMMERLY BLVD, HOUSTON, TX, 77055","Match","Exact","8514 HAMMERLY BLVD, HOUSTON, TX, 77055","-95.499001187846,29.811023290773","96639238","R"
"2811","2200 N MAIN ST STE 120, BAYTOWN, TX, 77520","Match","Exact","2200 N MAIN ST, BAYTOWN, TX, 77520","-94.963705191429,29.748192279491","96622943","R"
"2810","1407 S VOSS RD, HOUSTON, TX, 77057","Match","Exact","1407 S VOSS RD, HOUSTON, TX, 77057","-95.501045874206,29.75207503384","96624422","L"
"2819","208 W TEXAS AVE, BAYTOWN, TX, 77520","Match","Exact","208 W TEXAS AVE, BAYTOWN, TX, 77520","-94.969757208527,29.732815510312","96110690","L"
"2818","2743 PRESTON AVE, PASADENA, TX, 77503","Match","Exact","2743 PRESTON AVE, PASADENA, TX, 77503","-95.172294750959,29.671499397892","647703520","L"
"2817","2711 HARTWICK RD, HOUSTON, TX, 77093","Match","Exact","2711 HARTWICK RD, HOUSTON, TX, 77093","-95.34390966198,29.884802803957","96056710","L"
"2816","2223 SHAVER ST STE 100, PASADENA, TX, 77502","Match","Exact","2223 SHAVER ST, PASADENA, TX, 77502","-95.208701737272,29.677913034938","96103177","L"
"2815","525 E LITTLE YORK RD, HOUSTON, TX, 77076","Match","Exact","525 E LITTLE YORK RD, HOUSTON, TX, 77076","-95.392478900312,29.870012438111","96053777","L"
"2814","9801 CLAY RD, HOUSTON, TX, 77080","Match","Exact","9801 CLAY RD, HOUSTON, TX, 77080","-95.531629092319,29.832372306419","96025355","L"
"2813","1418 PRESTON ST, HOUSTON, TX, 77002","Match","Exact","1418 PRESTON ST, HOUSTON, TX, 77002","-95.35772673492,29.75925819144","96069548","R"
"2823","202 UVALDE RD, HOUSTON, TX, 77015","No_Match"
"2822","14682 WALLISVILLE RD, HOUSTON, TX, 77049","Match","Exact","14682 WALLISVILLE RD, HOUSTON, TX, 77049","-95.187817294233,29.805605433671","96580283","R"
"2821","973 FEDERAL RD, HOUSTON, TX, 77015","Match","Exact","973 FEDERAL RD, HOUSTON, TX, 77015","-95.215100174809,29.772557450048","96632689","L"
"2820","21615 HUFSMITH KOHRVILLE RD, TOMBALL, TX, 77375","Match","Exact","21615 HUFSMITH KOHRVILLE RD, TOMBALL, TX, 77375","-95.591119536135,30.077926163849","635232754","R"
"2829","9652 BEECHNUT ST STE B, HOUSTON, TX, 77036","Match","Non_Exact","9652 BEECHNUT ST, HOUSTON, TX, 77036","-95.551921916365,29.690084434778","96603394","R"
"2828","515 ELGIN ST, HOUSTON, TX, 77006","Match","Exact","515 ELGIN ST, HOUSTON, TX, 77006","-95.381122588006,29.7441757217","96070719","L"
"2827","7601 E HOUSTON RD, HOUSTON, TX, 77028","Match","Exact","7601 E HOUSTON RD, HOUSTON, TX, 77028","-95.270158065036,29.831505644927","96078021","L"
"2826","6303 EASTLAND ST STE A, HOUSTON, TX, 77028","Match","Non_Exact","6303 EASTLAND ST, HOUSTON, TX, 77028","-95.28096328986,29.819638582693","96078089","L"
"2825","1820 HOUSTON AVE, HOUSTON, TX, 77007","Match","Exact","1820 HOUSTON AVE, HOUSTON, TX, 77007","-95.372323986065,29.773909158902","96066192","R"
"2824","5400 W BELLFORT AVE, HOUSTON, TX, 77035","Match","Non_Exact","5400 W BELLFORT ST, HOUSTON, TX, 77035","-95.479801939059,29.658029643835","96599064","R"
"1503","110 MCCLELLAN RD UNIT B, KINGWOOD, TX, 77339","No_Match"
"2834","1101 MAIN ST, HOUSTON, TX, 77002","Match","Exact","1101 MAIN ST, HOUSTON, TX, 77002","-95.365487342213,29.756129238326","96067710","L"
"1502","22608 ALDINE WESTFIELD RD, SPRING, TX, 77373","Match","Exact","22608 ALDINE WESTFIELD RD, SPRING, TX, 77373","-95.383306626899,30.042550657798","642113315","R"
"2833","2904 FOUNTAIN VIEW DR, HOUSTON, TX, 77057","Match","Exact","2904 FOUNTAIN VIEW DR, HOUSTON, TX, 77057","-95.484300889097,29.735311152146","96033001","R"
"1501","5428 CHIMNEY ROCK RD, HOUSTON, TX, 77081","Match","Exact","5428 CHIMNEY ROCK RD, HOUSTON, TX, 77081","-95.476552247125,29.722342497614","96615076","R"
"2832","9166 FM 2920 RD STE 500, TOMBALL, TX, 77375","No_Match"
"1500","10732 CYPRESS CREEK PKWY, HOUSTON, TX, 77070","No_Match"
"2831","3420 W LITTLE YORK RD STE D, HOUSTON, TX, 77091","Match","Non_Exact","3420 W LITTLE YORK RD, HOUSTON, TX, 77091","-95.459425900468,29.863510080574","649670202","L"
"2830","2636 SPENCER HWY STE 100, PASADENA, TX, 77504","Match","Exact","2636 SPENCER HWY, PASADENA, TX, 77504","-95.202402406636,29.664812254531","96600620","R"
"1509","1231 FREEPORT ST, HOUSTON, TX, 77015","Match","Exact","1231 FREEPORT ST, HOUSTON, TX, 77015","-95.177813245859,29.771572491097","642160750","L"
"1508","4125 W LAKE HOUSTON PKWY, KINGWOOD, TX, 77339","Match","Exact","4125 W LAKE HOUSTON PKWY, KINGWOOD, TX, 77339","-95.188082063388,30.065152798335","96141558","L"
"2839","10008 TIDWELL RD STE E, HOUSTON, TX, 77078","Match","Non_Exact","10008 TIDWELL RD, HOUSTON, TX, 77078","-95.239693067762,29.850913567128","96647695","R"
"1507","4103 W BELLFORT ST, HOUSTON, TX, 77025","Match","Exact","4103 W BELLFORT ST, HOUSTON, TX, 77025","-95.444274437214,29.673197304477","96040118","L"
"2838","3 NRG PARK, HOUSTON, TX, 77054","No_Match"
"1506","2002 RUNNELS ST STE C, HOUSTON, TX, 77003","Match","Non_Exact","2002 RUNNELS ST, HOUSTON, TX, 77003","-95.349248522387,29.76134098546","96069525","R"
"2837","3335 ANTOINE DR, HOUSTON, TX, 77092","Match","Exact","3335 ANTOINE DR, HOUSTON, TX, 77092","-95.473798486717,29.818754665708","96639499","L"
"1505","239 W 20TH ST, HOUSTON, TX, 77008","Match","Exact","239 W 20TH ST, HOUSTON, TX, 77008","-95.400086983105,29.804009434513","96055369","R"
"2836","433 WEST RD, HOUSTON, TX, 77038","Match","Exact","433 WEST RD, HOUSTON, TX, 77038","-95.424414868791,29.914850481206","645200651","R"
"1504","3002 N FRY RD, KATY, TX, 77449","Match","Non_Exact","3002 FRY RD, KATY, TX, 77449","-95.720268261883,29.811008536455","642104238","L"
"2835","2345 ALDINE MAIL ROUTE RD, HOUSTON, TX, 77039","Match","Non_Exact","2345 ALDINE MAIL RD, HOUSTON, TX, 77039","-95.349118776982,29.90244582051","645504468","L"
"1514","12510 WRENTHORPE DR, HOUSTON, TX, 77031","Match","Exact","12510 WRENTHORPE DR, HOUSTON, TX, 77031","-95.538329697239,29.646855305413","96037261","R"
"2845","1139 S BROADWAY ST, LA PORTE, TX, 77571","Match","Exact","1139 S BROADWAY ST, LA PORTE, TX, 77571","-95.018916069355,29.651953992649","96559270","R"
"1513","5671 TREASCHWIG RD, SPRING, TX, 77373","Match","Exact","5671 TREASCHWIG RD, SPRING, TX, 77373","-95.347719460953,30.044618781703","96667174","L"
"2844","10301 VETERANS MEMORIAL DR STE B, HOUSTON, TX, 77038","Match","Non_Exact","10301 VETERANS MEMORIAL DR, HOUSTON, TX, 77038","-95.451168730274,29.926117296923","96011993","L"
"1512","6211 BARKER CYPRESS RD, HOUSTON, TX, 77084","No_Match"
"2843","9402 KEMPWOOD DR, HOUSTON, TX, 77080","Match","Exact","9402 KEMPWOOD DR, HOUSTON, TX, 77080","-95.523263493418,29.82202893156","96639194","R"
"1511","20017 BRIDGELAND CREEK PKWY UNIT A, CYPRESS, TX, 77433","No_Match"
"2842","1330 NORTH LOOP STE A, HOUSTON, TX, 77009","Match","Non_Exact","1330 N LOOP SVC RD, HOUSTON, TX, 77009","-95.381995611884,29.813639833135","96640033","R"
"1510","3700 BARKER CYPRESS RD STE 700, HOUSTON, TX, 77084","Match","Exact","3700 BARKER CYPRESS RD, HOUSTON, TX, 77084","-95.68650949509,29.82410604451","642104460","R"
"2841","12097 BEECHNUT ST STE 2, HOUSTON, TX, 77072","Match","Exact","12097 BEECHNUT ST, HOUSTON, TX, 77072","-95.591396497436,29.688806313187","96035748","L"
"2840","1139 S BROADWAY ST, LA PORTE, TX, 77571","Match","Exact","1139 S BROADWAY ST, LA PORTE, TX, 77571","-95.018916069355,29.651953992649","96559270","R"
"1519","21085 FM 529 RD STE A, CYPRESS, TX, 77433","No_Match"
"1518","2616 LITTLE YORK RD STE A, HOUSTON, TX, 77093","Match","Non_Exact","2616 LITTLE YORK RD, HOUSTON, TX, 77093","-95.345324098233,29.870975392387","96056922","R"
"2849","25115 GOSLING RD STE 101, SPRING, TX, 77389","Match","Exact","25115 GOSLING RD, SPRING, TX, 77389","-95.50583843871,30.129073271831","642121436","L"
"1517","2352 CYPRESS CREEK PKWY, HOUSTON, TX, 77068","No_Match"
"2848","7211 FM 1960 RD W STE 190, HUMBLE, TX, 77338","Match","Non_Exact","7211 F-M 1960 RD W, HUMBLE, TX, 77338","-95.315487505186,30.006062361235","642111746","L"
"1516","8667 MAIN ST, HOUSTON, TX, 77025","Match","Non_Exact","8667 N MAIN ST, HOUSTON, TX, 77022","-95.397205838014,29.82724809807","96054981","L"
"2847","10020 KLECKLEY DR, HOUSTON, TX, 77075","Match","Exact","10020 KLECKLEY DR, HOUSTON, TX, 77075","-95.229702277809,29.624516686403","96594468","R"
"1515","21150 KUYKENDAHL RD, SPRING, TX, 77379","No_Match"
"2846","6769 SPENCER HWY, PASADENA, TX, 77505","Match","Exact","6769 SPENCER HWY, PASADENA, TX, 77505","-95.134968535236,29.663521110567","96601316","L"
"1525","12330 KNIGGE CEMETERY RD STE E, CYPRESS, TX, 77429","Match","Non_Exact","12330 KNIGGE CEMETERY RD, CYPRESS, TX, 77429","-95.637456002165,29.950270737858","641804188","R"
"2856","7231 FM 1960 RD W STE C-1, HUMBLE, TX, 77338","Match","Non_Exact","7231 F-M 1960 RD W, HUMBLE, TX, 77338","-95.315410567839,30.006032285721","642111746","L"
"1524","303 MEMORIAL CITY STE 850, HOUSTON, TX, 77024","No_Match"
"2855","5895 SAN FELIPE ST STE CB, HOUSTON, TX, 77057","Match","Non_Exact","5895 SAN FELIPE ST, HOUSTON, TX, 77057","-95.485806243328,29.749790754588","639273300","L"
"1523","11127-29 ALBURY DR, HOUSTON, TX, 77096","Match","Non_Exact","11127 ALBURY DR, HOUSTON, TX, 77096","-95.498040534991,29.658078532496","96598825","L"
"2854","938 W MAIN ST, TOMBALL, TX, 77375","Match","Non_Exact","938 W MAIN, TOMBALL, TX, 77375","-95.625375078024,30.093026006925","642868633","L"
"1522","10811 BISSONNET ST STE D005, HOUSTON, TX, 77099","Match","Exact","10811 BISSONNET ST, HOUSTON, TX, 77099","-95.569009806229,29.674084567766","641840301","L"
"2853","5507 MOUNT HOUSTON RD, HOUSTON, TX, 77093","Match","Exact","5507 MOUNT HOUSTON RD, HOUSTON, TX, 77093","-95.309346699511,29.891209253764","638239635","L"
"1521","12555 BRIAR FOREST DR, HOUSTON, TX, 77077","Match","Exact","12555 BRIAR FOREST DR, HOUSTON, TX, 77077","-95.605309040318,29.75385474972","96623950","L"
"2852","9922 NORTH FWY, HOUSTON, TX, 77037","Match","Exact","9922 NORTH FWY, HOUSTON, TX, 77037","-95.411971035803,29.907759566987","96651704","R"
"1520","3820 ATASCOCITA RD, HUMBLE, TX, 77396","Match","Exact","3820 ATASCOCITA RD, HUMBLE, TX, 77396","-95.216783117868,29.979627932558","643350340","R"
"2851","11338 FONDREN RD, HOUSTON, TX, 77035","Match","Exact","11338 FONDREN RD, HOUSTON, TX, 77035","-95.508475699223,29.654850729585","96598799","R"
"2850","3308 CENTER ST, DEER PARK, TX, 77536","Match","Exact","3308 CENTER ST, DEER PARK, TX, 77536","-95.123390012119,29.681585216401","636298574","L"
"1529","5429 MOUNT HOUSTON RD, HOUSTON, TX, 77093","Match","Exact","5429 MOUNT HOUSTON RD, HOUSTON, TX, 77093","-95.311804819419,29.891170893968","96074626","L"
"1528","14610 MEMORIAL DR, HOUSTON, TX, 77079","Match","Exact","14610 MEMORIAL DR, HOUSTON, TX, 77079","-95.608636332161,29.770122317918","655849584","R"
"2859","10525 N SAM HOUSTON PKWY E STE 100, HUMBLE, TX, 77396","Match","Non_Exact","10525 SAM HOUSTON PKWY, HUMBLE, TX, 77396","-95.22901148719,29.934630764072","642107845","L"
"1527","2516 WARD RD, BAYTOWN, TX, 77520","Match","Exact","2516 WARD RD, BAYTOWN, TX, 77520","-94.934817548796,29.741080818998","96128805","L"
"2858","1055 MCNEE RD, HOUSTON, TX, 77054","Match","Exact","1055 MCNEE RD, HOUSTON, TX, 77054","-95.416277087837,29.689056035141","96604921","L"
"1526","9301 SPENCER HWY, DEER PARK, TX, 77536","No_Match"
"2857","6119 WILCREST DR, HOUSTON, TX, 77072","Match","Exact","6119 WILCREST DR, HOUSTON, TX, 77072","-95.571340976118,29.714732269762","96613076","L"
"2870","6431 BISSONNET ST, HOUSTON, TX, 77074","Match","Exact","6431 BISSONNET ST, HOUSTON, TX, 77074","-95.495453804297,29.693487081454","96037684","L"
"1536","909 SHEPHERD DR STE B, HOUSTON, TX, 77007","Match","Non_Exact","909 SHEPHERD DR, HOUSTON, TX, 77007","-95.409526124243,29.76980937929","96061737","L"
"2867","14702 FM 529 RD, HOUSTON, TX, 77095","Match","Exact","14702 FM 529 RD, HOUSTON, TX, 77095","-95.633826534117,29.879367720906","96138469","R"
"1535","10211 CLUB CREEK DR, HOUSTON, TX, 77036","Match","Exact","10211 CLUB CREEK DR, HOUSTON, TX, 77036","-95.551889314033,29.686994781358","655916519","L"
"2866","5726 FONDREN RD, HOUSTON, TX, 77036","Match","Exact","5726 FONDREN RD, HOUSTON, TX, 77036","-95.520068898721,29.719106406514","96288764","R"
"1534","1305B WAYSIDE DR, HOUSTON, TX, 77011","Match","Non_Exact","1305B N WAYSIDE DR, HOUSTON, TX, 77011","-95.302926013659,29.74520042843","96082952","L"
"2865","1906 N ALEXANDER DR, BAYTOWN, TX, 77520","Match","Exact","1906 N ALEXANDER DR, BAYTOWN, TX, 77520","-94.952055607586,29.741929846018","233394112","R"
"1533","6655 HARWIN DR STE 103-A, HOUSTON, TX, 77036","Match","Non_Exact","6655 HARWIN DR, HOUSTON, TX, 77036","-95.500878807158,29.71959795068","96614579","L"
"2864","15720 WOODLAND HILLS DR STE 700, HUMBLE, TX, 77396","Match","Non_Exact","15720 WOODLAND HILLS DR, HUMBLE, TX, 77346","-95.21171413175,29.949210585099","654218493","R"
"1532","50 ALDINE BENDER RD STE 145, HOUSTON, TX, 77060","Match","Exact","50 ALDINE BENDER RD, HOUSTON, TX, 77060","-95.408412356604,29.931648509339","96656454","R"
"2863","2524 YALE ST STE 1, HOUSTON, TX, 77008","Match","Exact","2524 YALE ST, HOUSTON, TX, 77008","-95.399293633029,29.810123094865","96055322","R"
"1531","5904 JESSAMINE ST STE A-1, HOUSTON, TX, 77081","Match","Exact","5904 JESSAMINE ST, HOUSTON, TX, 77081","-95.485927877149,29.701952280041","96609484","R"
"2862","3712 W BAKER RD, BAYTOWN, TX, 77521","Match","Exact","3712 W BAKER RD, BAYTOWN, TX, 77521","-95.004385183721,29.770975453275","96634201","L"
"1530","11502 WILCREST DR, HOUSTON, TX, 77099","Match","Exact","11502 WILCREST DR, HOUSTON, TX, 77099","-95.570873818605,29.655373247243","96597924","R"
"2861","3821 OLD SPANISH TRL, HOUSTON, TX, 77021","Match","Exact","3821 OLD SPANISH TRL, HOUSTON, TX, 77021","-95.359355290742,29.702431959211","96610312","L"
"2860","10750 BARKER CYPRESS RD STE 105, CYPRESS, TX, 77433","Match","Exact","10750 BARKER CYPRESS RD, CYPRESS, TX, 77433","-95.682993077914,29.932724379604","644883171","L"
"1539","9898 WESTPARK DR, HOUSTON, TX, 77063","Match","Exact","9898 WESTPARK DR, HOUSTON, TX, 77063","-95.534268141665,29.72035271843","96031036","R"
"1538","12104 N HOUSTON ROSSLYN RD, HOUSTON, TX, 77086","Match","Exact","12104 N HOUSTON ROSSLYN RD, HOUSTON, TX, 77086","-95.495677861422,29.905587559298","646352884","R"
"2869","7060 LAWNDALE ST, HOUSTON, TX, 77023","Match","Exact","7060 LAWNDALE ST, HOUSTON, TX, 77023","-95.296064313891,29.717266517998","96083885","R"
"1537","10625 VETERANS MEMORIAL DR STE S, HOUSTON, TX, 77038","Match","Non_Exact","10625 VETERANS MEMORIAL DR, HOUSTON, TX, 77038","-95.45675670096,29.933314120399","96655974","L"
"2868","8532 HAMMERLY BLVD, HOUSTON, TX, 77055","Match","Exact","8532 HAMMERLY BLVD, HOUSTON, TX, 77055","-95.499739889105,29.811002857053","96639240","R"
"1550","9352 LONG POINT RD, HOUSTON, TX, 77055","Match","Exact","9352 LONG POINT RD, HOUSTON, TX, 77055","-95.522413518748,29.798544400633","96029474","R"
"2881","4101 PARKER RD, HOUSTON, TX, 77093","Match","Exact","4101 PARKER RD, HOUSTON, TX, 77093","-95.327427077011,29.859473488293","96074906","L"
"2880","2902 ALMEDA GENOA RD STE A, HOUSTON, TX, 77047","Match","Non_Exact","2902 ALMEDA-GENOA RD, HOUSTON, TX, 77047","-95.378471590704,29.614404558675","644742977","R"
"1547","8763 LONG POINT RD, HOUSTON, TX, 77055","Match","Exact","8763 LONG POINT RD, HOUSTON, TX, 77055","-95.506085480824,29.803007286463","96635653","L"
"2878","12415 SCARSDALE BLVD, HOUSTON, TX, 77089","Match","Exact","12415 SCARSDALE BLVD, HOUSTON, TX, 77089","-95.203483425435,29.594205690946","96592283","L"
"1546","5000 WESTHEIMER RD STE 602, HOUSTON, TX, 77056","Match","Exact","5000 WESTHEIMER RD, HOUSTON, TX, 77056","-95.461420961857,29.740930105695","233390187","R"
"2877","13328 WESTHEIMER RD APT 6204, HOUSTON, TX, 77077","Match","Exact","13328 WESTHEIMER RD, HOUSTON, TX, 77077","-95.625078806385,29.735900741704","96133105","R"
"1545","16418 DIANA LN, HOUSTON, TX, 77062","Match","Exact","16418 DIANA LN, HOUSTON, TX, 77062","-95.122207760132,29.560818505132","96115726","R"
"2876","16507 MUESCHKE RD STE 500, CYPRESS, TX, 77433","Match","Exact","16507 MUESCHKE RD, CYPRESS, TX, 77433","-95.724959711421,30.012994956016","233491351","L"
"1544","114 HARDWICKE RD, HOUSTON, TX, 77060","Match","Exact","114 HARDWICKE RD, HOUSTON, TX, 77060","-95.405729979517,29.920217599524","652310367","R"
"2875","7416 FM 1960 RD E, HUMBLE, TX, 77346","No_Match"
"1543","7445 CALHOUN RD, HOUSTON, TX, 77033","Match","Exact","7445 CALHOUN RD, HOUSTON, TX, 77033","-95.352752023127,29.676992625052","96089307","L"
"2874","22621 HUFSMITH KOHRVILLE RD, TOMBALL, TX, 77375","Match","Exact","22621 HUFSMITH KOHRVILLE RD, TOMBALL, TX, 77375","-95.594165484018,30.090742352542","96002505","R"
"1542","2 NRG PARK, HOUSTON, TX, 77054","No_Match"
"2873","303 BAYLAND AVE, HOUSTON, TX, 77009","Match","Exact","303 BAYLAND AVE, HOUSTON, TX, 77009","-95.374221362814,29.786829209267","96065642","R"
"1541","2940 HOLLY HALL ST, HOUSTON, TX, 77054","Match","Exact","2940 HOLLY HALL ST, HOUSTON, TX, 77054","-95.383239706136,29.685707616857","96605290","R"
"2872","24527 GOSLING RD, SPRING, TX, 77389","Match","Exact","24527 GOSLING RD, SPRING, TX, 77389","-95.506023664472,30.121989982217","641963131","L"
"1540","6960 BARKER CYPRESS RD, HOUSTON, TX, 77084","Match","Exact","6960 BARKER CYPRESS RD, HOUSTON, TX, 77084","-95.683257909683,29.878405747827","642105975","R"
"2871","9526 HUFFMEISTER RD, HOUSTON, TX, 77095","Match","Exact","9526 HUFFMEISTER RD, HOUSTON, TX, 77095","-95.63057506977,29.915859046449","642107320","R"
"1549","5558 ANTOINE DR, HOUSTON, TX, 77091","Match","Exact","5558 ANTOINE DR, HOUSTON, TX, 77091","-95.473200440547,29.847287255739","96027991","R"
"1548","9805 FM 1960 BYPASS RD W, HUMBLE, TX, 77338","Match","Exact","9805 FM 1960 BYPASS RD W, HUMBLE, TX, 77338","-95.282985158148,30.005103182082","647692508","L"
"2879","5199 FM 1960 RD W, HOUSTON, TX, 77069","Match","Exact","5199 FM 1960 RD W, HOUSTON, TX, 77069","-95.506643499438,29.983245170006","233348366","R"
"1561","14646 ALDERSON ST, HOUSTON, TX, 77015","Match","Exact","14646 ALDERSON ST, HOUSTON, TX, 77015","-95.16213089421,29.788218494456","642103528","L"
"2892","13071 W LAKE HOUSTON PKWY, HOUSTON, TX, 77044","Match","Exact","13071 W LAKE HOUSTON PKWY, HOUSTON, TX, 77044","-95.189120975261,29.92467986504","639333680","R"
"1560","630 FM 1959 RD, HOUSTON, TX, 77034","Match","Exact","630 FM 1959 RD, HOUSTON, TX, 77034","-95.180064457664,29.59300162431","644887743","R"
"2891","159 ALDINE BENDER RD STE 161, HOUSTON, TX, 77060","Match","Exact","159 ALDINE BENDER RD, HOUSTON, TX, 77060","-95.405362463823,29.931797462571","96656462","L"
"2890","26960 NORTHWEST FWY, CYPRESS, TX, 77433","No_Match"
"1558","5520 GESSNER RD UNIT 1, HOUSTON, TX, 77041","Match","Exact","5520 GESSNER RD, HOUSTON, TX, 77041","-95.545020390672,29.847085640131","96019573","R"
"2889","159 ALDINE BENDER RD STE 171, HOUSTON, TX, 77060","Match","Exact","159 ALDINE BENDER RD, HOUSTON, TX, 77060","-95.405362463823,29.931797462571","96656462","L"
"1557","9401 HARWIN DR, HOUSTON, TX, 77036","No_Match"
"2888","497 EL DORADO BLVD STE B&C, WEBSTER, TX, 77598","Match","Non_Exact","497 EL DORADO BLVD, WEBSTER, TX, 77598","-95.145445667629,29.558877573474","96589970","L"
"1556","3870 N TERMINAL RD, HOUSTON, TX, 77032","Match","Exact","3870 N TERMINAL RD, HOUSTON, TX, 77032","-95.332665003715,29.987224220502","96045981","L"
"2887","7555 BELLFORT ST, HOUSTON, TX, 77061","Match","Exact","7555 BELLFORT ST, HOUSTON, TX, 77061","-95.287175956602,29.67266057116","96605929","L"
"1555","9555 S POST OAK RD, HOUSTON, TX, 77096","Match","Exact","9555 S POST OAK RD, HOUSTON, TX, 77096","-95.458922793217,29.676487430086","96604543","L"
"2886","5502 NORTH FWY, HOUSTON, TX, 77076","Match","Exact","5502 NORTH FWY, HOUSTON, TX, 77076","-95.393158551846,29.846698231523","96643920","R"
"1554","730 GREENS RD, HOUSTON, TX, 77060","Match","Exact","730 GREENS RD, HOUSTON, TX, 77060","-95.398231412686,29.950558885997","96659188","R"
"2885","9556B HOMESTEAD RD, HOUSTON, TX, 77016","Match","Non_Exact","9556B HOMESTEAD RD, HOUSTON, TX, 77016","-95.300990499026,29.850402527476","233422921","R"
"1553","2426 AIRLINE DR, HOUSTON, TX, 77009","Match","Exact","2426 AIRLINE DR, HOUSTON, TX, 77009","-95.38193865905,29.809021992026","96057891","R"
"2884","2400 KENTUCKY ST, BAYTOWN, TX, 77520","Match","Exact","2400 KENTUCKY ST, BAYTOWN, TX, 77520","-95.001009488234,29.72304296059","96109107","R"
"1552","15915 S POST OAK RD, HOUSTON, TX, 77053","Match","Exact","15915 S POST OAK RD, HOUSTON, TX, 77053","-95.467171999405,29.595088490845","78291017","R"
"2883","6410 WINDSWEPT LN STE A, HOUSTON, TX, 77057","Match","Non_Exact","6410 WINDSWEPT LN, HOUSTON, TX, 77057","-95.499105209014,29.725834405994","96614368","R"
"1551","1901 N SHEPHERD DR STE 6, HOUSTON, TX, 77008","Match","Exact","1901 N SHEPHERD DR, HOUSTON, TX, 77008","-95.410190003188,29.802839768334","96055251","L"
"2882","6415 LANGFIELD RD, HOUSTON, TX, 77092","Match","Exact","6415 LANGFIELD RD, HOUSTON, TX, 77092","-95.500197524262,29.858732725851","624092093","L"
"1559","2101 DUNLAVY ST, HOUSTON, TX, 77006","Match","Exact","2101 DUNLAVY ST, HOUSTON, TX, 77006","-95.40205431458,29.746945556621","652307832","L"
"1572","8702 BELLAIRE BLVD STE 300, HOUSTON, TX, 77036","Match","Exact","8702 BELLAIRE BLVD, HOUSTON, TX, 77036","-95.538085395168,29.705054688834","96608774","R"
"1571","102 DYNA DR, HOUSTON, TX, 77060","Match","Exact","102 DYNA DR, HOUSTON, TX, 77060","-95.407451984396,29.922117756799","96653906","R"
"1570","2437 UNIVERSITY BLVD, HOUSTON, TX, 77005","Match","Exact","2437 UNIVERSITY BLVD, HOUSTON, TX, 77005","-95.415567793491,29.715009123176","96063847","L"
"1569","4302 TELEPHONE RD, HOUSTON, TX, 77087","Match","Exact","4302 TELEPHONE RD, HOUSTON, TX, 77087","-95.304462585383,29.702767678032","96083781","R"
"1568","3365 OLD SPANISH TRL, HOUSTON, TX, 77021","Match","Exact","3365 OLD SPANISH TRL, HOUSTON, TX, 77021","-95.370367342042,29.701804631908","96072561","L"
"2899","6526 W 43RD ST STE B, HOUSTON, TX, 77092","Match","Non_Exact","6526 W 43RD ST, HOUSTON, TX, 77092","-95.487397420644,29.833105919033","96643500","R"
"1567","3330 HILLCROFT ST STE 1, HOUSTON, TX, 77057","Match","Exact","3330 HILLCROFT ST, HOUSTON, TX, 77057","-95.501225173446,29.729949654769","96614334","R"
"2898","159 SHARPSTOWN CTR STE 106, HOUSTON, TX, 77036","Match","Exact","159 SHARPSTOWN CENTER, HOUSTON, TX, 77036","-95.516784425993,29.70553628485","96609115","L"
"1566","6901 MARTIN LUTHER KING JR BLVD, HOUSTON, TX, 77033","Match","Exact","6901 MARTIN LUTHER KING JR BLVD, HOUSTON, TX, 77033","-95.336540534709,29.678395250053","96089648","L"
"2897","942 CYPRESS CREEK PKWY, HOUSTON, TX, 77090","No_Match"
"1565","9870 LOUETTA RD, HOUSTON, TX, 77070","Match","Exact","9870 LOUETTA RD, HOUSTON, TX, 77070","-95.559658366393,30.001360815978","645637046","L"
"2896","1004 ALDINE BENDER RD, HOUSTON, TX, 77032","Match","Exact","1004 ALDINE BENDER RD, HOUSTON, TX, 77032","-95.374067170951,29.933329872893","96044723","R"
"1564","7055 HIGHWAY 6 N STE B, HOUSTON, TX, 77095","Match","Non_Exact","7055 STATE HWY 6, HOUSTON, TX, 77095","-95.645281511673,29.88257787628","233347648","L"
"2895","3207 GREENHOUSE RD STE A, HOUSTON, TX, 77084","Match","Non_Exact","3207 GREENHOUSE RD, HOUSTON, TX, 77084","-95.703663492325,29.815163252032","96288980","L"
"1563","8320 CYPRESS CREEK PKWY STE A, HOUSTON, TX, 77070","No_Match"
"2894","3503 S SAM HOUSTON PKWY E STE 100, HOUSTON, TX, 77047","Tie"
"1562","6631 GRANDVALE DR, HOUSTON, TX, 77072","Match","Exact","6631 GRANDVALE DR, HOUSTON, TX, 77072","-95.568707828211,29.707117241897","96119881","L"
"2893","5109 FM 2351 RD, FRIENDSWOOD, TX, 77546","No_Match"
"1583","6516 DEL MONTE DR, HOUSTON, TX, 77057","Match","Exact","6516 DEL MONTE DR, HOUSTON, TX, 77057","-95.499872812028,29.745761578313","96620002","R"
"1582","23013 BECKENDORFF RD, KATY, TX, 77493","No_Match"
"1581","8503 S SAM HOUSTON PKWY E, HOUSTON, TX, 77075","Match","Non_Exact","8503 SAM HOUSTON PKWY, HOUSTON, TX, 77075","-95.266787113621,29.600870865643","638170004","R"
"1580","7558 BELLFORT ST, HOUSTON, TX, 77061","Match","Exact","7558 BELLFORT ST, HOUSTON, TX, 77061","-95.287293781635,29.672566609346","96605929","R"
"1579","15335 IMPERIAL VALLEY DR, HOUSTON, TX, 77060","Match","Exact","15335 IMPERIAL VALLEY DR, HOUSTON, TX, 77060","-95.400625719223,29.924078043007","96044122","L"
"1578","12825 S POST OAK RD STE F2, HOUSTON, TX, 77045","Match","Exact","12825 S POST OAK RD, HOUSTON, TX, 77045","-95.463545225948,29.64200832856","96595645","L"
"1577","18129 EGRET BAY BLVD, HOUSTON, TX, 77058","Match","Exact","18129 EGRET BAY BLVD, HOUSTON, TX, 77058","-95.105924042421,29.545439383291","638162569","L"
"1576","8250 MESA DR, HOUSTON, TX, 77028","Match","Exact","8250 MESA DR, HOUSTON, TX, 77028","-95.262153234801,29.836825167949","96078046","R"
"1575","12580 WESTHEIMER RD, HOUSTON, TX, 77077","Match","Exact","12580 WESTHEIMER RD, HOUSTON, TX, 77077","-95.61322096544,29.736076490375","96618856","L"
"1574","10900 W BELLFORT AVE, HOUSTON, TX, 77099","Match","Non_Exact","10900 W BELLFORT ST, HOUSTON, TX, 77099","-95.570859896116,29.655563846071","96597920","R"
"1573","1369 UNDERWOOD RD, LA PORTE, TX, 77571","Match","Exact","1369 UNDERWOOD RD, LA PORTE, TX, 77571","-95.087904087018,29.686525026324","96546879","R"
"1594","10001 W BELLFORT ST STE F, HOUSTON, TX, 77031","Match","Non_Exact","10001 W BELLFORT ST, HOUSTON, TX, 77031","-95.553881200829,29.652677525187","96036618","L"
"1593","10055 ALMEDA GENOA RD STE F, HOUSTON, TX, 77075","Match","Non_Exact","10055 ALMEDA-GENOA RD, HOUSTON, TX, 77075","-95.237436961261,29.627658710867","644874118","L"
"1592","20131 US 59 STE 5521, HUMBLE, TX, 77338","No_Match"
"1591","2812 CENTER ST, DEER PARK, TX, 77536","Match","Exact","2812 CENTER ST, DEER PARK, TX, 77536","-95.123496867499,29.685942911434","96607131","L"
"1590","15743 LEE RD, HOUSTON, TX, 77032","Match","Exact","15743 LEE RD, HOUSTON, TX, 77032","-95.30390031488,29.948104984824","96046611","L"
"1589","9941 LONG POINT RD, HOUSTON, TX, 77055","Match","Exact","9941 LONG POINT RD, HOUSTON, TX, 77055","-95.538964607516,29.794059506073","96022954","L"
"1588","6200 BELLAIRE BLVD # B, HOUSTON, TX, 77081","Match","Non_Exact","6200 BELLAIRE BLVD, HOUSTON, TX, 77081","-95.490963432596,29.705524113941","96609266","R"
"1587","15707 WESTPARK DR, HOUSTON, TX, 77082","Match","Exact","15707 WESTPARK DR, HOUSTON, TX, 77082","-95.660532251451,29.715885649758","642477725","L"
"1586","8400 WINKLER DR, HOUSTON, TX, 77017","Match","Exact","8400 WINKLER DR, HOUSTON, TX, 77017","-95.26668641141,29.676450949857","96092977","R"
"1585","7843 LEY RD, HOUSTON, TX, 77028","Match","Exact","7843 LEY RD, HOUSTON, TX, 77028","-95.285709895062,29.831387867565","96644314","L"
"1584","10001 WESTHEIMER RD STE 1050, HOUSTON, TX, 77042","Match","Exact","10001 WESTHEIMER RD, HOUSTON, TX, 77042","-95.548440534934,29.736917325804","96619416","L"
"1599","4425 W FUQUA ST, HOUSTON, TX, 77045","Match","Exact","4425 W FUQUA ST, HOUSTON, TX, 77045","-95.444627020962,29.613298031088","644744427","L"
"1598","1624 MERCURY DR, HOUSTON, TX, 77029","Match","Exact","1624 MERCURY DR, HOUSTON, TX, 77029","-95.247327112001,29.762137144103","96084945","R"
"1597","12218 JONES RD STE K, HOUSTON, TX, 77070","Match","Non_Exact","12218 JONES RD, HOUSTON, TX, 77070","-95.584772140037,29.951101504638","642108763","R"
"1596","8017 MAIN ST STE 100, HOUSTON, TX, 77025","Match","Exact","8017 MAIN ST, HOUSTON, TX, 77025","-95.415066857076,29.693460099066","96609835","L"
"1595","4039 HOLLISTER ST, HOUSTON, TX, 77080","Match","Exact","4039 HOLLISTER ST, HOUSTON, TX, 77080","-95.509347839949,29.829805672648","649893535","L"
"3310","216 S BROADWAY ST, LA PORTE, TX, 77571","Match","Exact","216 S BROADWAY ST, LA PORTE, TX, 77571","-95.01931888642,29.663881436059","96111962","L"
"3307","1818 CYPRESS CREEK PKWY, HOUSTON, TX, 77090","No_Match"
"3306","11717 W BELLFORT ST, STAFFORD, TX, 77477","Match","Exact","11717 W BELLFORT ST, STAFFORD, TX, 77477","-95.58378246103,29.657790500836","96598014","L"
"3305","601 N CESAR CHAVEZ BLVD, HOUSTON, TX, 77011","Match","Exact","601 N CESAR CHAVEZ BLVD, HOUSTON, TX, 77011","-95.306888199224,29.74102672696","96082940","L"
"3304","10104 LA PORTE FWY, HOUSTON, TX, 77017","Match","Non_Exact","10104 LA PORTE FREEWAY SVC RD, HOUSTON, TX, 77017","-95.244717841829,29.705539595767","96086836","R"
"3303","2850 W GRAND PKWY N, KATY, TX, 77449","No_Match"
"3302","1801 CORAL ST, HOUSTON, TX, 77012","Match","Exact","1801 CORAL ST, HOUSTON, TX, 77012","-95.288336827425,29.710083943909","96084085","L"
"3301","9715 TOWNE LAKE PKWY, CYPRESS, TX, 77433","No_Match"
"700","1728 W MOUNT HOUSTON RD, HOUSTON, TX, 77038","Match","Exact","1728 W MOUNT HOUSTON RD, HOUSTON, TX, 77038","-95.42924366509,29.898078442637","96154194","R"
"3300","10050 LONG POINT RD, HOUSTON, TX, 77055","Match","Exact","10050 LONG POINT RD, HOUSTON, TX, 77055","-95.542459709931,29.794318451696","96022952","R"
"701","1150 BUNKER HILL RD, HOUSTON, TX, 77055","Match","Exact","1150 BUNKER HILL RD, HOUSTON, TX, 77055","-95.531245935555,29.787974327329","96630738","R"
"702","8142 FM 1960 RD E, HUMBLE, TX, 77346","Match","Non_Exact","8142 FM 1960 RD, HUMBLE, TX, 77346","-95.151874762861,30.004071849567","233349468","R"
"703","4323 SAN FELIPE ST, HOUSTON, TX, 77027","Match","Exact","4323 SAN FELIPE ST, HOUSTON, TX, 77027","-95.45233527286,29.746611512827","653225547","L"
"704","18322 CLAY RD, HOUSTON, TX, 77084","Match","Exact","18322 CLAY RD, HOUSTON, TX, 77084","-95.681792646069,29.831157414766","96292933","L"
"705","15106 HIGHWAY 3, WEBSTER, TX, 77598","Match","Exact","15106 STATE HWY 3, WEBSTER, TX, 77598","-95.148739695048,29.57041998406","96589890","R"
"706","620 PARK ST, BAYTOWN, TX, 77520","Match","Exact","620 PARK ST, BAYTOWN, TX, 77520","-94.973260915174,29.746576137991","96110379","L"
"707","7403 JENSEN DR, HOUSTON, TX, 77093","Match","Exact","7403 JENSEN DR, HOUSTON, TX, 77093","-95.342671282097,29.826632296297","96058810","L"
"3309","500 BAYBROOK MALL SPC F149, FRIENDSWOOD, TX, 77546","Match","Exact","500 BAYBROOK MALL, FRIENDSWOOD, TX, 77546","-95.151459744438,29.543865119493","96143229","R"
"708","1022 HIGHWAY 146 S, LA PORTE, TX, 77571","Match","Non_Exact","1022 STATE HWY 146, LA PORTE, TX, 77571","-95.030543215719,29.653358572035","96601819","L"
"3308","5509 RICHMOND AVE, HOUSTON, TX, 77056","Match","Exact","5509 RICHMOND AVE, HOUSTON, TX, 77056","-95.474269877633,29.73146263817","96033089","L"
"709","6790 TELEPHONE RD, HOUSTON, TX, 77061","Match","Exact","6790 TELEPHONE RD, HOUSTON, TX, 77061","-95.28912319928,29.662055036311","233362239","R"
"3321","7850 FM 1960 BYPASS RD W, HUMBLE, TX, 77338","No_Match"
"3320","11711 BEDFORD ST STE 6, HOUSTON, TX, 77031","Match","Non_Exact","11711 BEDFORD, HOUSTON, TX, 77031","-95.553711197654,29.651470530979","96036619","L"
"3318","2536 SPENCER HWY UNIT 130, PASADENA, TX, 77504","Match","Exact","2536 SPENCER HWY, PASADENA, TX, 77504","-95.203912895446,29.664796602443","644891993","R"
"3317","4601 RED BLUFF RD, PASADENA, TX, 77503","Match","Exact","4601 RED BLUFF RD, PASADENA, TX, 77503","-95.1400893163,29.675385365741","619044925","L"
"3316","5440 LARKIN ST, HOUSTON, TX, 77007","Match","Exact","5440 LARKIN ST, HOUSTON, TX, 77007","-95.418908806881,29.779159903626","96060179","R"
"3315","9495 KEMPWOOD DR, HOUSTON, TX, 77080","Match","Exact","9495 KEMPWOOD DR, HOUSTON, TX, 77080","-95.526094112137,29.821885953204","644889861","L"
"3314","11380 VETERANS MEMORIAL DR, HOUSTON, TX, 77067","Match","Exact","11380 VETERANS MEMORIAL DR, HOUSTON, TX, 77067","-95.472555890358,29.954050779854","96578134","R"
"3313","1205 DEEPWATER AVE, PASADENA, TX, 77503","Match","Non_Exact","1205 DEEPWATER, PASADENA, TX, 77503","-95.168550188344,29.693285707781","96104988","L"
"710","1175 EDGEBROOK DR, HOUSTON, TX, 77034","Match","Exact","1175 EDGEBROOK DR, HOUSTON, TX, 77034","-95.242252816923,29.64179206415","233357429","R"
"3312","5346 W 34TH ST, HOUSTON, TX, 77092","Match","Exact","5346 W 34TH ST, HOUSTON, TX, 77092","-95.467417045644,29.819521512845","96225229","R"
"711","5650 LITTLE YORK RD, HOUSTON, TX, 77016","Match","Non_Exact","5650 W LITTLE YORK RD, HOUSTON, TX, 77091","-95.473228762805,29.863357700606","96646919","R"
"3311","11055 EAST FWY, HOUSTON, TX, 77029","No_Match"
"712","6810 LONG DR, HOUSTON, TX, 77087","Match","Exact","6810 LONG DR, HOUSTON, TX, 77087","-95.307331666113,29.685535417333","96605810","R"
"713","7130 FM 1960 RD E, HUMBLE, TX, 77346","Match","Non_Exact","7130 FM 1960 RD, HUMBLE, TX, 77346","-95.168202714985,29.998189725384","96663812","R"
"714","10103 TIDWELL RD, HOUSTON, TX, 77078","Match","Exact","10103 TIDWELL RD, HOUSTON, TX, 77078","-95.236950162221,29.851072950394","96647706","L"
"715","4517 KINGWOOD DR, KINGWOOD, TX, 77345","Match","Exact","4517 KINGWOOD DR, KINGWOOD, TX, 77345","-95.18195494606,30.051008340728","649906744","L"
"716","5 UVALDE RD, HOUSTON, TX, 77015","Match","Exact","5 UVALDE RD, HOUSTON, TX, 77015","-95.182181019552,29.805318129887","96637168","L"
"717","5860 SAN FELIPE ST, HOUSTON, TX, 77057","Match","Exact","5860 SAN FELIPE ST, HOUSTON, TX, 77057","-95.484161792782,29.750081006534","96620241","R"
"718","11603 SNOWMASS DR, HOUSTON, TX, 77070","Match","Exact","11603 SNOWMASS DR, HOUSTON, TX, 77070","-95.597608305069,29.974921416623","96145279","R"
"719","7426 AIRLINE DR, HOUSTON, TX, 77076","Match","Exact","7426 AIRLINE DR, HOUSTON, TX, 77076","-95.384687094351,29.868895688934","233420871","L"
"3319","11041 HUFFMEISTER RD, HOUSTON, TX, 77065","Match","Exact","11041 HUFFMEISTER RD, HOUSTON, TX, 77065","-95.629020521804,29.936336336981","233435848","R"
"2001","5728 TIDWELL RD, HOUSTON, TX, 77016","Match","Exact","5728 TIDWELL RD, HOUSTON, TX, 77016","-95.313506728688,29.848250826854","96076069","R"
"3332","9846 FONDREN RD, HOUSTON, TX, 77096","Match","Exact","9846 FONDREN RD, HOUSTON, TX, 77096","-95.508656665795,29.673096782725","96604148","R"
"2000","6401 WOODWAY DR STE 149, HOUSTON, TX, 77057","Match","Exact","6401 WOODWAY DR, HOUSTON, TX, 77057","-95.498014493188,29.755578904647","96624364","L"
"3331","10415 SHELDON RD, HOUSTON, TX, 77049","No_Match"
"3330","1001 MCKINNEY ST, HOUSTON, TX, 77002","Match","Exact","1001 MCKINNEY ST, HOUSTON, TX, 77002","-95.364823627477,29.756970103093","96067717","L"
"3329","270 EL DORADO BLVD, WEBSTER, TX, 77598","Match","Exact","270 EL DORADO BLVD, WEBSTER, TX, 77598","-95.148827647935,29.556538503143","642475735","R"
"3328","1109B BAY AREA BLVD STE B, HOUSTON, TX, 77058","Match","Non_Exact","1109B BAY AREA BLVD, HOUSTON, TX, 77058","-95.118112336542,29.556867404027","96115742","L"
"3327","1535 ELTON ST, HOUSTON, TX, 77034","Match","Exact","1535 ELTON ST, HOUSTON, TX, 77034","-95.247434485359,29.649357595439","96093898","R"
"3326","3075 GEARS RD, HOUSTON, TX, 77067","Match","Exact","3075 GEARS RD, HOUSTON, TX, 77067","-95.465196982107,29.945801617777","635239686","L"
"3325","2625 ALDINE MAIL ROUTE RD STE C, HOUSTON, TX, 77039","Match","Non_Exact","2625 ALDINE MAIL RD, HOUSTON, TX, 77039","-95.345991900376,29.902454955517","96652039","L"
"720","14212 HIGHWAY 3 STE E, WEBSTER, TX, 77598","Match","Non_Exact","14212 STATE HWY 3, WEBSTER, TX, 77598","-95.154605661142,29.576688269633","645205648","R"
"3324","2621 AUGUSTA DR, HOUSTON, TX, 77057","Match","Exact","2621 AUGUSTA DR, HOUSTON, TX, 77057","-95.482416482572,29.738565515493","96620304","L"
"721","6074 FM 2920 RD, SPRING, TX, 77379","Match","Non_Exact","6074 FM 2920, SPRING, TX, 77379","-95.519347058272,30.074116506084","642114016","L"
"3323","6315 FAIRMONT PKWY, PASADENA, TX, 77505","Match","Exact","6315 FAIRMONT PKWY, PASADENA, TX, 77505","-95.142815131458,29.650417113527","96601408","L"
"722","3409 W T C JESTER BLVD, HOUSTON, TX, 77018","Match","Exact","3409 W T C JESTER BLVD, HOUSTON, TX, 77018","-95.446121552591,29.817268516769","96639730","L"
"3322","7410 FAIRBANKS N HOUSTON RD STE E, HOUSTON, TX, 77040","Match","Non_Exact","7410 FAIRBANKS N HOUSTON RD, HOUSTON, TX, 77040","-95.524753548201,29.884459990642","96024513","R"
"723","24419 KUYKENDAHL RD, TOMBALL, TX, 77375","Match","Exact","24419 KUYKENDAHL RD, TOMBALL, TX, 77375","-95.55476793864,30.115968987893","642114371","L"
"724","3255 LAS PALMAS ST APT 608, HOUSTON, TX, 77027","Match","Exact","3255 LAS PALMAS ST, HOUSTON, TX, 77027","-95.444175572707,29.736378950079","96034053","L"
"725","8320 FM 1960 RD W # B, HOUSTON, TX, 77070","Match","Non_Exact","8320 FM 1960 RD W, HOUSTON, TX, 77070","-95.551926746661,29.957090159344","96658376","L"
"726","11721 AIRLINE DR, HOUSTON, TX, 77037","Match","Exact","11721 AIRLINE DR, HOUSTON, TX, 77037","-95.408826188549,29.925529069726","96653864","L"
"727","570 EL DORADO BLVD, WEBSTER, TX, 77598","Match","Exact","570 EL DORADO BLVD, WEBSTER, TX, 77598","-95.14143881409,29.561322608572","96589991","R"
"728","504 RICHEY ST, PASADENA, TX, 77506","Match","Exact","504 RICHEY ST, PASADENA, TX, 77506","-95.219941100538,29.705161322674","96611376","R"
"729","1100 QUITMAN ST, HOUSTON, TX, 77009","Match","Exact","1100 QUITMAN ST, HOUSTON, TX, 77009","-95.358829582978,29.782544384413","96068157","R"
"2012","12136 GREENSPOINT DR, HOUSTON, TX, 77060","Match","Exact","12136 GREENSPOINT DR, HOUSTON, TX, 77060","-95.407466852306,29.943511954896","96656246","R"
"3343","11940 WESTHEIMER RD, HOUSTON, TX, 77077","Match","Exact","11940 WESTHEIMER RD, HOUSTON, TX, 77077","-95.590640031136,29.736590577077","233387055","L"
"2011","617 SPRING CYPRESS RD, SPRING, TX, 77373","Match","Exact","617 SPRING CYPRESS RD, SPRING, TX, 77373","-95.4245420606,30.079127578975","642478198","R"
"3342","3728 WAKEFOREST ST STE B, HOUSTON, TX, 77098","Match","Non_Exact","3728 WAKEFOREST ST, HOUSTON, TX, 77098","-95.42222812549,29.732813413915","647723431","R"
"2010","7802 HILLCROFT ST, HOUSTON, TX, 77081","Match","Exact","7802 HILLCROFT ST, HOUSTON, TX, 77081","-95.493084763534,29.694430367857","96609324","R"
"3341","2541 PRESTON AVE, PASADENA, TX, 77503","Match","Exact","2541 PRESTON AVE, PASADENA, TX, 77503","-95.172319980314,29.673183941584","96105083","L"
"3340","2716 W GRAND PKWY N STE 120, KATY, TX, 77449","Match","Non_Exact","2716 GRAND PKWY, KATY, TX, 77494","-95.773246167399,29.740140746605","227757504","R"
"2009","1410 PINE CHASE DR, HOUSTON, TX, 77055","Match","Exact","1410 PINE CHASE DR, HOUSTON, TX, 77055","-95.488867990035,29.795204101136","96026555","R"
"2008","19410 CLAY RD STE K, KATY, TX, 77449","Match","Non_Exact","19410 CLAY RD, KATY, TX, 77449","-95.708369735124,29.831200872955","96014505","L"
"3339","195 YALE ST STE 100, HOUSTON, TX, 77007","Match","Exact","195 YALE ST, HOUSTON, TX, 77007","-95.398719317168,29.774345928737","96631850","L"
"2007","9405 MAIN ST, HOUSTON, TX, 77025","Match","Exact","9405 MAIN ST, HOUSTON, TX, 77025","-95.42371457502,29.68218815926","233369073","L"
"3338","5829 W AIRPORT BLVD, HOUSTON, TX, 77035","Match","Exact","5829 W AIRPORT BLVD, HOUSTON, TX, 77035","-95.491041515633,29.644448239085","96595442","L"
"2006","14610 MEMORIAL DR, HOUSTON, TX, 77079","Match","Exact","14610 MEMORIAL DR, HOUSTON, TX, 77079","-95.608636332161,29.770122317918","655849584","R"
"3337","1807 W 43RD ST, HOUSTON, TX, 77018","Match","Exact","1807 W 43RD ST, HOUSTON, TX, 77018","-95.445069735262,29.832688440321","636299249","L"
"730","12150 FONDREN RD, HOUSTON, TX, 77035","Match","Exact","12150 FONDREN RD, HOUSTON, TX, 77035","-95.50839737515,29.647592011883","96595508","L"
"2005","220 N VISTA DR STE A, HOUSTON, TX, 77073","Match","Non_Exact","220 N VISTA DR, HOUSTON, TX, 77073","-95.426062529191,30.005968887978","642111543","R"
"3336","6625 SCOTT ST, HOUSTON, TX, 77021","Match","Exact","6625 SCOTT ST, HOUSTON, TX, 77021","-95.361459809892,29.693889540827","96610337","L"
"731","14017 HIRAM CLARKE RD # B2, HOUSTON, TX, 77045","Match","Exact","14017 HIRAM CLARKE RD, HOUSTON, TX, 77045","-95.445997455485,29.623602772087","96040956","L"
"2004","7017 BARKER CYPRESS RD, CYPRESS, TX, 77433","No_Match"
"3335","3250 OLD SPANISH TRL, HOUSTON, TX, 77021","Match","Exact","3250 OLD SPANISH TRL, HOUSTON, TX, 77021","-95.376429720673,29.700709951139","233372425","L"
"732","1208 NASA PKWY, NASSAU BAY, TX, 77058","Match","Non_Exact","1208 E NASA PKWY, HOUSTON, TX, 77058","-95.101529584392,29.54730469344","638162634","R"
"2003","2020 S FRY RD STE G, KATY, TX, 77450","Match","Non_Exact","2020 S FRY RD, KATY, TX, 77450","-95.722729842322,29.75326926127","233394491","R"
"3334","13430 FM 529 RD STE A, HOUSTON, TX, 77041","Match","Non_Exact","13430 FM 529, HOUSTON, TX, 77041","-95.608458804061,29.879594727269","96018470","L"
"733","1621 WITTE RD, HOUSTON, TX, 77080","Match","Exact","1621 WITTE RD, HOUSTON, TX, 77080","-95.540324888948,29.801909011647","96020046","L"
"2002","19335 KATY FWY STE 200, HOUSTON, TX, 77094","Match","Exact","19335 KATY FWY, HOUSTON, TX, 77094","-95.706833365881,29.784639715646","642103397","R"
"3333","5702 LYONS AVE, HOUSTON, TX, 77020","Match","Exact","5702 LYONS AVE, HOUSTON, TX, 77020","-95.314049434297,29.776431916702","96079584","R"
"734","2110 JAMES BOWIE DR, BAYTOWN, TX, 77520","Match","Exact","2110 JAMES BOWIE DR, BAYTOWN, TX, 77520","-94.940918788693,29.749107787823","629130607","L"
"735","11303 BISSONNET ST, HOUSTON, TX, 77099","Match","Exact","11303 BISSONNET ST, HOUSTON, TX, 77099","-95.577850210936,29.674580395836","641840351","L"
"736","9443 KEMPWOOD DR, HOUSTON, TX, 77080","Match","Exact","9443 KEMPWOOD DR, HOUSTON, TX, 77080","-95.524513485701,29.821892054056","644889861","L"
"737","9908 BEECHNUT ST STE A, HOUSTON, TX, 77036","Match","Non_Exact","9908 BEECHNUT ST, HOUSTON, TX, 77036","-95.555269922948,29.689272551934","96603590","R"
"738","25241 FM 2978 RD STE C, TOMBALL, TX, 77375","Match","Non_Exact","25241 FM 2978, TOMBALL, TX, 77375","-95.594276006087,30.129094477233","96145870","L"
"739","4531 ALDINE MAIL ROUTE RD, HOUSTON, TX, 77039","Match","Non_Exact","4531 ALDINE MAIL RD, HOUSTON, TX, 77039","-95.327354736322,29.902712405675","96046454","L"
"2023","11315 CASCADING STREAM WAY, HOUSTON, TX, 77044","Match","Exact","11315 CASCADING STREAM WAY, HOUSTON, TX, 77044","-95.144053347871,29.878880055368","656052251","R"
"3354","715 NORMANDY ST, HOUSTON, TX, 77015","Match","Exact","715 NORMANDY ST, HOUSTON, TX, 77015","-95.203603378212,29.785597527417","96580227","R"
"2022","24916 FM 2978 RD, TOMBALL, TX, 77375","Match","Non_Exact","24916 FM 2978, TOMBALL, TX, 77375","-95.593289114083,30.127111438481","96145870","R"
"3353","2114 EL DORADO BLVD STE 100, FRIENDSWOOD, TX, 77546","No_Match"
"2021","1302 BLALOCK RD, HOUSTON, TX, 77055","Match","Exact","1302 BLALOCK RD, HOUSTON, TX, 77055","-95.521990103724,29.793002070994","96630897","R"
"3352","6003 BELLAIRE BLVD STE H, HOUSTON, TX, 77081","Match","Non_Exact","6003 BELLAIRE BLVD, HOUSTON, TX, 77081","-95.487597722838,29.705462286747","96609371","L"
"2020","3061 FRY RD, KATY, TX, 77449","Match","Exact","3061 FRY RD, KATY, TX, 77449","-95.720500542913,29.814050301522","642104255","R"
"3351","10807 S POST OAK RD, HOUSTON, TX, 77035","Match","Exact","10807 S POST OAK RD, HOUSTON, TX, 77035","-95.463940840089,29.664145441216","96039625","L"
"3350","7322 SKYBRIGHT LN, HOUSTON, TX, 77095","Match","Exact","7322 SKYBRIGHT LN, HOUSTON, TX, 77095","-95.65943272851,29.884197582561","96015243","L"
"2019","10470 W BELLFORT ST STE 101, HOUSTON, TX, 77031","Match","Exact","10470 W BELLFORT ST, HOUSTON, TX, 77031","-95.562736911896,29.653099687255","96598447","R"
"2018","984 GESSNER RD, HOUSTON, TX, 77024","Match","Non_Exact","984 GESSNER DR, HOUSTON, TX, 77024","-95.543915692833,29.783810899894","642478507","R"
"3349","23919 AUGUSTA FALLS LN, SPRING, TX, 77389","Match","Non_Exact","23919 AUGUSTA FALLS, SPRING, TX, 77389","-95.547513835594,30.111709061952","635233462","L"
"740","12182 VETERANS MEMORIAL DR, HOUSTON, TX, 77067","Match","Exact","12182 VETERANS MEMORIAL DR, HOUSTON, TX, 77067","-95.478536622631,29.961852845093","96658788","R"
"2017","19803 KENSWICK DR, HUMBLE, TX, 77338","Match","Exact","19803 KENSWICK DR, HUMBLE, TX, 77338","-95.295585552033,30.008806034907","96230522","L"
"3348","13100 S POST OAK RD, HOUSTON, TX, 77045","Match","Exact","13100 S POST OAK RD, HOUSTON, TX, 77045","-95.463536948949,29.635048465596","624748251","R"
"741","15209 WESTHEIMER RD STE 120, HOUSTON, TX, 77082","Match","Exact","15209 WESTHEIMER RD, HOUSTON, TX, 77082","-95.653722674248,29.732326786991","233374001","L"
"2016","12450 BISSONNET ST STE 190, HOUSTON, TX, 77099","Match","Exact","12450 BISSONNET ST, HOUSTON, TX, 77099","-95.598107585715,29.67680188942","96603029","R"
"3347","4900 ALLENDALE RD, HOUSTON, TX, 77017","Match","Exact","4900 ALLENDALE RD, HOUSTON, TX, 77017","-95.249331770399,29.681773669919","96606159","R"
"742","2145 SHADOWDALE DR, HOUSTON, TX, 77043","Match","Exact","2145 SHADOWDALE DR, HOUSTON, TX, 77043","-95.554507981093,29.810977094547","96635248","L"
"2015","11340 BARKER CYPRESS RD STE 100, CYPRESS, TX, 77433","Match","Exact","11340 BARKER CYPRESS RD, CYPRESS, TX, 77433","-95.683557137132,29.931549472915","644883171","L"
"3346","2323 CLEAR LAKE CITY BLVD STE 195, HOUSTON, TX, 77062","Match","Exact","2323 CLEAR LAKE CITY BLVD, HOUSTON, TX, 77062","-95.14965477673,29.583654855965","96545400","R"
"743","9419 MESA DR, HOUSTON, TX, 77028","Match","Exact","9419 MESA DR, HOUSTON, TX, 77028","-95.262462321493,29.849528320565","96644379","L"
"2014","1315 BLUE BELL RD, HOUSTON, TX, 77038","Match","Exact","1315 BLUE BELL RD, HOUSTON, TX, 77038","-95.425750758732,29.904256732013","96573223","R"
"3345","6711 RAMPART ST STE 106, HOUSTON, TX, 77081","Match","Exact","6711 RAMPART ST, HOUSTON, TX, 77081","-95.488755602263,29.70718041994","96609366","L"
"744","2343 FM 1960 RD, HOUSTON, TX, 77073","Tie"
"2013","14710 LUTHE RD, HOUSTON, TX, 77039","Match","Exact","14710 LUTHE RD, HOUSTON, TX, 77039","-95.372018662256,29.929587010595","96654026","R"
"3344","12760 VETERANS MEMORIAL DR, HOUSTON, TX, 77014","Match","Non_Exact","12760 VETERANS MEMORIAL DR, HOUSTON, TX, 77038","-95.486645979432,29.972654445752","233492569","R"
"745","22605 TOMBALL PKWY, TOMBALL, TX, 77375","No_Match"
"746","33 W MAIN ST, HUMBLE, TX, 77338","Match","Exact","33 W MAIN ST, HUMBLE, TX, 77338","-95.266931202236,29.998622878332","96663360","L"
"747","10001 LONG POINT RD STE J, HOUSTON, TX, 77055","Match","Non_Exact","10001 LONG POINT RD, HOUSTON, TX, 77055","-95.540230079702,29.794186036143","96022952","L"
"748","5015 WESTHEIMER RD STE TT115, HOUSTON, TX, 77056","Match","Non_Exact","5015 WESTHEIMER RD, HOUSTON, TX, 77056","-95.462161983697,29.740675374414","649110418","L"
"749","12206 BAMMEL NORTH HOUSTON RD, HOUSTON, TX, 77066","Match","Exact","12206 BAMMEL NORTH HOUSTON RD, HOUSTON, TX, 77066","-95.498228872952,29.955783474646","96118069","R"
"2034","14660 WALLISVILLE RD, HOUSTON, TX, 77049","Match","Exact","14660 WALLISVILLE RD, HOUSTON, TX, 77049","-95.188375688856,29.805639104886","96580282","R"
"3365","6697 HILLCROFT ST, HOUSTON, TX, 77081","Match","Exact","6697 HILLCROFT ST, HOUSTON, TX, 77081","-95.493029774541,29.708259109908","96031808","L"
"2033","14625 MEMORIAL DR, HOUSTON, TX, 77079","Match","Exact","14625 MEMORIAL DR, HOUSTON, TX, 77079","-95.608131690613,29.77000251334","96623873","L"
"3364","9525 WESTHEIMER RD, HOUSTON, TX, 77063","Match","Exact","9525 WESTHEIMER RD, HOUSTON, TX, 77063","-95.532704383474,29.73712255683","96619638","L"
"2032","634 FM 1959 RD, HOUSTON, TX, 77034","Match","Exact","634 FM 1959 RD, HOUSTON, TX, 77034","-95.180069541228,29.592982033993","644887743","R"
"3363","2455 ELDRIDGE PKWY, HOUSTON, TX, 77077","Match","Exact","2455 ELDRIDGE PKWY, HOUSTON, TX, 77077","-95.62366881734,29.736966404281","96294941","L"
"2031","218 W CAVALCADE ST, HOUSTON, TX, 77009","Match","Exact","218 W CAVALCADE ST, HOUSTON, TX, 77009","-95.375271464113,29.803881794189","233349770","R"
"3362","11132 ALDINE WESTFIELD RD, HOUSTON, TX, 77093","No_Match"
"2030","17966 ROBERTS RD, HOCKLEY, TX, 77447","Match","Exact","17966 ROBERTS RD, HOCKLEY, TX, 77447","-95.815241542048,30.035855410347","96170591","R"
"3361","12814 HEMPSTEAD RD, HOUSTON, TX, 77092","Match","Exact","12814 HEMPSTEAD RD, HOUSTON, TX, 77092","-95.505143361914,29.834045915779","96643394","R"
"3360","2531 UNIVERSITY BLVD, HOUSTON, TX, 77005","Match","Exact","2531 UNIVERSITY BLVD, HOUSTON, TX, 77005","-95.417217907751,29.715000631491","96063846","L"
"750","3544 SPENCER HWY STE B, PASADENA, TX, 77504","Match","Non_Exact","3544 SPENCER HWY, PASADENA, TX, 77504","-95.190661837952,29.664977451482","96600692","R"
"2029","2800 REED RD, HOUSTON, TX, 77051","Match","Exact","2800 REED RD, HOUSTON, TX, 77051","-95.38539205759,29.657651976522","96599430","R"
"751","12675 VETERANS MEMORIAL DR STE D, HOUSTON, TX, 77014","Match","Non_Exact","12675 VETERANS MEMORIAL DR, HOUSTON, TX, 77014","-95.486652747325,29.972257006079","233348396","L"
"2028","7042 HARRISBURG BLVD, HOUSTON, TX, 77011","Match","Exact","7042 HARRISBURG BLVD, HOUSTON, TX, 77011","-95.300972485936,29.735214284907","96621475","R"
"3359","8302 SULTAN DR, HOUSTON, TX, 77078","Match","Exact","8302 SULTAN DR, HOUSTON, TX, 77078","-95.254178330542,29.835810022736","96078368","R"
"752","1113 CLEAR LAKE CITY BLVD, HOUSTON, TX, 77062","Match","Exact","1113 CLEAR LAKE CITY BLVD, HOUSTON, TX, 77062","-95.155076825795,29.581881090424","645480233","R"
"2027","5231 FM 2920 RD STE 160, SPRING, TX, 77388","Match","Non_Exact","5231 FM 2920, SPRING, TX, 77388","-95.500629182149,30.073848314415","642114120","L"
"3358","1704 SOUTHMORE AVE, PASADENA, TX, 77502","Match","Exact","1704 SOUTHMORE AVE, PASADENA, TX, 77502","-95.189044170748,29.691545213236","96565831","R"
"753","5663 TREASCHWIG RD, SPRING, TX, 77373","Match","Exact","5663 TREASCHWIG RD, SPRING, TX, 77373","-95.348025499816,30.04444059553","96667174","L"
"2026","13221 OLD RICHMOND RD, HOUSTON, TX, 77083","No_Match"
"3357","3722 DREW ST, HOUSTON, TX, 77004","Match","Exact","3722 DREW ST, HOUSTON, TX, 77004","-95.34674834058,29.730477624998","96073797","R"
"754","13411 STATE HIGHWAY 249 STE 3, HOUSTON, TX, 77086","Match","Exact","13411 STATE HWY 249, HOUSTON, TX, 77086","-95.48817991132,29.916154825497","642479499","L"
"2025","500 BAYBROOK MALL, FRIENDSWOOD, TX, 77546","Match","Exact","500 BAYBROOK MALL, FRIENDSWOOD, TX, 77546","-95.151459744438,29.543865119493","96143229","R"
"3356","7060 BISSONNET ST, HOUSTON, TX, 77074","Match","Exact","7060 BISSONNET ST, HOUSTON, TX, 77074","-95.50697353459,29.687759377549","96604119","R"
"755","4006 LILA ST, HOUSTON, TX, 77026","Match","Exact","4006 LILA ST, HOUSTON, TX, 77026","-95.330849551237,29.787573597614","96078591","R"
"2024","8306 SOUTHWEST FWY, HOUSTON, TX, 77074","Match","Exact","8306 SOUTHWEST FWY, HOUSTON, TX, 77074","-95.530099602879,29.689407999198","96603694","R"
"3355","13340 STATE HIGHWAY 249, HOUSTON, TX, 77086","Match","Exact","13340 STATE HWY 249, HOUSTON, TX, 77086","-95.486649027118,29.915565553457","96578458","R"
"756","5855 HIGHWAY 6 N, HOUSTON, TX, 77084","No_Match"
"757","7439 LANGTRY ST, HOUSTON, TX, 77040","Match","Exact","7439 LANGTRY ST, HOUSTON, TX, 77040","-95.503807096474,29.839217175586","649825373","R"
"758","1119 FREEPORT ST, HOUSTON, TX, 77015","Match","Exact","1119 FREEPORT ST, HOUSTON, TX, 77015","-95.177865601819,29.774479851646","96098593","L"
"759","6010 W TIDWELL RD STE E, HOUSTON, TX, 77092","Match","Non_Exact","6010 W TIDWELL RD, HOUSTON, TX, 77091","-95.477104062316,29.849727442515","96027040","R"
"2045","1210 WEST RD, HOUSTON, TX, 77038","Match","Exact","1210 WEST RD, HOUSTON, TX, 77038","-95.441060704555,29.914641075829","642106956","L"
"3376","11423 VETERANS MEMORIAL DR STE 103, HOUSTON, TX, 77067","Match","Exact","11423 VETERANS MEMORIAL DR, HOUSTON, TX, 77067","-95.468470964633,29.948483491548","96578130","L"
"2044","212 N BENDER AVE, HUMBLE, TX, 77338","Match","Non_Exact","212 BENDER AVE, HUMBLE, TX, 77338","-95.266816702724,30.002260694475","642867573","L"
"3375","10923 BRADFORD WAY DR, HOUSTON, TX, 77075","Match","Exact","10923 BRADFORD WAY DR, HOUSTON, TX, 77075","-95.254182961208,29.60680079581","638399977","L"
"2043","14423 SPRING MOUNTAIN DR, TOMBALL, TX, 77377","Match","Exact","14423 SPRING MOUNTAIN DR, TOMBALL, TX, 77377","-95.643774537525,30.096532261178","630153433","R"
"3374","4211 CAROLINE ST STE C, HOUSTON, TX, 77004","Match","Non_Exact","4211 CAROLINE ST, HOUSTON, TX, 77004","-95.379508125147,29.733607028963","96071146","L"
"2042","13102 CREEKVIEW PARK DR, HOUSTON, TX, 77082","Match","Exact","13102 CREEKVIEW PARK DR, HOUSTON, TX, 77082","-95.619581540882,29.722695748893","637048929","R"
"3373","1117 SPENCER HWY, SOUTH HOUSTON, TX, 77587","Match","Exact","1117 SPENCER HWY, SOUTH HOUSTON, TX, 77587","-95.2172566727,29.664685609593","96103592","L"
"2041","7620 KATY FWY STE 315, HOUSTON, TX, 77024","Match","Exact","7620 KATY FWY, HOUSTON, TX, 77024","-95.464823500121,29.784814096835","96631482","R"
"3372","17005 STATE HIGHWAY 249 STE 300, HOUSTON, TX, 77064","No_Match"
"2040","4103 N MAIN ST, HOUSTON, TX, 77009","Match","Exact","4103 N MAIN ST, HOUSTON, TX, 77009","-95.378066972836,29.794499830195","96065478","L"
"3371","7807 FM 1960 BYPASS RD W, HUMBLE, TX, 77338","Match","Exact","7807 FM 1960 BYPASS RD W, HUMBLE, TX, 77338","-95.308657841436,30.004433690922","96663025","R"
"3370","502 W MOUNT HOUSTON RD, HOUSTON, TX, 77037","Match","Exact","502 W MOUNT HOUSTON RD, HOUSTON, TX, 77037","-95.409215246934,29.897818136226","96053257","R"
"760","13572 STATE HIGHWAY 249, HOUSTON, TX, 77086","Match","Exact","13572 STATE HWY 249, HOUSTON, TX, 77086","-95.488583613791,29.916775352034","638136698","R"
"761","2920 ALICE ST, HOUSTON, TX, 77054","Match","Non_Exact","2920 ALICE, HOUSTON, TX, 77054","-95.384368180055,29.696477727036","642473245","R"
"762","2003 W ALABAMA ST, HOUSTON, TX, 77098","Match","Exact","2003 W ALABAMA ST, HOUSTON, TX, 77098","-95.408205611542,29.738528558155","96064060","L"
"2039","5620 E SAM HOUSTON PKWY N, HOUSTON, TX, 77015","Match","Non_Exact","5620 SAM HOUSTON PKWY, HOUSTON, TX, 77015","-95.162917691498,29.805521151514","233408070","R"
"763","8351 HOWARD DR, HOUSTON, TX, 77017","Match","Exact","8351 HOWARD DR, HOUSTON, TX, 77017","-95.258918918692,29.682429244588","96093011","L"
"2038","3344 CHIMNEY ROCK RD, HOUSTON, TX, 77056","Match","Exact","3344 CHIMNEY ROCK RD, HOUSTON, TX, 77056","-95.47646116472,29.72935093572","96033094","R"
"3369","5800 ALMEDA RD, HOUSTON, TX, 77004","Match","Exact","5800 ALMEDA RD, HOUSTON, TX, 77004","-95.381008593416,29.716480318562","96072140","R"
"764","30006 TOMBALL PKY STE G, TOMBALL, TX, 77375","No_Match"
"2037","11711 BEDFORD ST STE 6, HOUSTON, TX, 77031","Match","Non_Exact","11711 BEDFORD, HOUSTON, TX, 77031","-95.553711197654,29.651470530979","96036619","L"
"3368","23240 NORTHWEST FWY, CYPRESS, TX, 77429","No_Match"
"765","16318 STUEBNER AIRLINE RD, SPRING, TX, 77379","Match","Exact","16318 STUEBNER AIRLINE RD, SPRING, TX, 77379","-95.518099135309,30.01541557134","642112295","L"
"2036","1801 S DAIRY ASHFORD RD STE 116, HOUSTON, TX, 77077","Match","Exact","1801 S DAIRY ASHFORD RD, HOUSTON, TX, 77077","-95.605916010991,29.747501189529","642186998","L"
"3367","381 EL DORADO BLVD # 381, WEBSTER, TX, 77598","Match","Exact","381 EL DORADO BLVD, WEBSTER, TX, 77598","-95.146694368542,29.558066448844","96589966","L"
"766","15875 FM 529 RD, HOUSTON, TX, 77095","Match","Non_Exact","15875 FM 529, HOUSTON, TX, 77095","-95.649016563551,29.879109492499","642187963","R"
"2035","17350 STATE HIGHWAY 249 APT 28096, HOUSTON, TX, 77064","No_Match"
"3366","4349 N MAIN ST, BAYTOWN, TX, 77521","Match","Exact","4349 N MAIN ST, BAYTOWN, TX, 77521","-94.96413942019,29.76841762452","233398583","R"
"767","1050 W RANKIN RD STE 230-240, HOUSTON, TX, 77067","Match","Non_Exact","1050 W RANKIN RD, HOUSTON, TX, 77067","-95.436260155275,29.965466623494","96658870","L"
"768","3131 W HOLCOMBE BLVD, HOUSTON, TX, 77025","Match","Exact","3131 W HOLCOMBE BLVD, HOUSTON, TX, 77025","-95.42586408039,29.706031348047","96063638","L"
"769","13201 BELLAIRE BLVD, HOUSTON, TX, 77083","Match","Exact","13201 BELLAIRE BLVD, HOUSTON, TX, 77083","-95.616442531286,29.703484527572","96608016","R"
"2056","6215 RICHMOND AVE, HOUSTON, TX, 77057","Match","Exact","6215 RICHMOND AVE, HOUSTON, TX, 77057","-95.490321072093,29.731730293682","96620104","L"
"3387","5313 SCOTT ST, HOUSTON, TX, 77004","Match","Exact","5313 SCOTT ST, HOUSTON, TX, 77004","-95.355860517943,29.71125985318","96615812","L"
"2055","24026 KUYKENDAHL RD STE 150, TOMBALL, TX, 77375","Match","Exact","24026 KUYKENDAHL RD, TOMBALL, TX, 77375","-95.551617067168,30.110052781988","642114275","L"
"3386","13602 HIRAM CLARKE RD STE A, HOUSTON, TX, 77045","No_Match"
"2054","3700 N TERMINAL RD UNIT USHL, HOUSTON, TX, 77032","Match","Non_Exact","3700 N TERMINAL RD, HOUSTON, TX, 77032","-95.334863960281,29.987223320239","96045981","L"
"3385","120 VICTORIAN LN, HIGHLANDS, TX, 77562","Match","Exact","120 VICTORIAN LN, HIGHLANDS, TX, 77562","-95.050016107684,29.811636112875","96157134","R"
"2053","3663 WASHINGTON AVE STE 100, HOUSTON, TX, 77007","Match","Exact","3663 WASHINGTON AVE, HOUSTON, TX, 77007","-95.396634083134,29.769423643194","96062212","L"
"3384","440 W LITTLE YORK RD UNIT B, HOUSTON, TX, 77076","Match","Non_Exact","440 W LITTLE YORK RD, HOUSTON, TX, 77076","-95.405405525912,29.869893262642","96647332","R"
"2052","9335 HOWARD DR, HOUSTON, TX, 77017","Match","Exact","9335 HOWARD DR, HOUSTON, TX, 77017","-95.240850602147,29.68387830923","96093542","L"
"3383","17126 PINE FOREST LN, HOUSTON, TX, 77084","Match","Exact","17126 PINE FOREST LN, HOUSTON, TX, 77084","-95.661162554639,29.830669723521","644609670","L"
"2051","6006 S GESSNER DR, HOUSTON, TX, 77036","Match","Non_Exact","6006 S GESSNER RD, HOUSTON, TX, 77036","-95.538993024051,29.714671414325","96613753","R"
"3382","4347 FIELD MEADOW DR, KATY, TX, 77449","Match","Exact","4347 FIELD MEADOW DR, KATY, TX, 77449","-95.7129641125,29.83508907221","96014451","L"
"2050","5750 W GULF BANK RD, HOUSTON, TX, 77088","Match","Exact","5750 W GULF BANK RD, HOUSTON, TX, 77088","-95.473442708959,29.884377434492","96649204","L"
"3381","7055 HIGHWAY 6 N STE A, HOUSTON, TX, 77095","Match","Non_Exact","7055 STATE HWY 6, HOUSTON, TX, 77095","-95.645281511673,29.88257787628","233347648","L"
"3380","4850 E WALLISVILLE RD, BAYTOWN, TX, 77521","No_Match"
"770","5216 RICHMOND AVE, HOUSTON, TX, 77056","Match","Exact","5216 RICHMOND AVE, HOUSTON, TX, 77056","-95.46693317342,29.731615508492","96033281","R"
"771","8014 HOMESTEAD RD, HOUSTON, TX, 77028","Match","Exact","8014 HOMESTEAD RD, HOUSTON, TX, 77028","-95.301961960979,29.835062710808","96076826","R"
"772","1880 BARKER CYPRESS RD, HOUSTON, TX, 77084","Match","Exact","1880 BARKER CYPRESS RD, HOUSTON, TX, 77084","-95.688215449906,29.795442613554","649115590","L"
"773","9804 JONES RD STE F, HOUSTON, TX, 77065","No_Match"
"774","11702 JONES RD, HOUSTON, TX, 77070","Match","Exact","11702 JONES RD, HOUSTON, TX, 77070","-95.584710310863,29.944773938059","642188131","R"
"2049","3201 N MACGREGOR WAY, HOUSTON, TX, 77004","Match","Exact","3201 N MACGREGOR WAY, HOUSTON, TX, 77004","-95.369791295363,29.712333184419","96072448","L"
"775","2727 DUNVALE RD, HOUSTON, TX, 77063","Match","Exact","2727 DUNVALE RD, HOUSTON, TX, 77063","-95.514123991973,29.737118286963","96619864","L"
"2048","520 GULF BANK RD TRLR 250, HOUSTON, TX, 77037","Match","Exact","520 GULF BANK RD, HOUSTON, TX, 77037","-95.385664034107,29.889414481359","96649790","R"
"3379","11730 S SAM HOUSTON PKWY W, HOUSTON, TX, 77031","Match","Non_Exact","11730 SAM HOUSTON PKWY, HOUSTON, TX, 77031","-95.546491414879,29.650925291305","638165754","L"
"776","13823 CADY CT, HOUSTON, TX, 77077","Match","Exact","13823 CADY CT, HOUSTON, TX, 77077","-95.632111800149,29.761402165454","631425972","R"
"2047","5145 PRESTON AVE # 150, PASADENA, TX, 77505","Match","Non_Exact","5145 PRESTON RD, PASADENA, TX, 77505","-95.168463217756,29.6342582046","233479306","L"
"3378","9822 N HOUSTON ROSSLYN RD, HOUSTON, TX, 77088","Match","Exact","9822 N HOUSTON ROSSLYN RD, HOUSTON, TX, 77088","-95.494384074407,29.885018242375","96025051","R"
"777","24224 NORTHWEST FREEWAY, CYPRESS, TX, 77429","No_Match"
"2046","9629 HILLCROFT ST, HOUSTON, TX, 77096","Match","Exact","9629 HILLCROFT ST, HOUSTON, TX, 77096","-95.493554989755,29.676861199065","96037882","L"
"3377","1418 GESSNER RD STE B, HOUSTON, TX, 77080","Match","Non_Exact","1418 GESSNER DR, HOUSTON, TX, 77080","-95.544660147975,29.795845426489","652303642","R"
"778","938 W MAIN ST, TOMBALL, TX, 77375","Match","Non_Exact","938 W MAIN, TOMBALL, TX, 77375","-95.625375078024,30.093026006925","642868633","L"
"779","11916 BISSONNET ST STE 135, HOUSTON, TX, 77099","Match","Exact","11916 BISSONNET ST, HOUSTON, TX, 77099","-95.588756699419,29.675369302684","96603050","R"
"3390","10900 MYKAWA RD, HOUSTON, TX, 77048","Match","Exact","10900 MYKAWA RD, HOUSTON, TX, 77048","-95.304712375832,29.620788038059","96092474","R"
"2067","6036 S GESSNER DR, HOUSTON, TX, 77036","Match","Non_Exact","6036 S GESSNER RD, HOUSTON, TX, 77036","-95.538999991677,29.714307194615","96024158","R"
"3398","747 KRESS ST, HOUSTON, TX, 77020","Match","Exact","747 KRESS ST, HOUSTON, TX, 77020","-95.307335000802,29.77565594282","96080490","L"
"2066","12843 WESTHEIMER RD STE C, HOUSTON, TX, 77077","Match","Non_Exact","12843 WESTHEIMER RD, HOUSTON, TX, 77077","-95.609443559075,29.736050257463","96570906","R"
"3397","7042 BISSONNET ST, HOUSTON, TX, 77074","Match","Exact","7042 BISSONNET ST, HOUSTON, TX, 77074","-95.506684406223,29.687905198807","96604119","R"
"2065","122 N HOLDERRIETH BLVD UNIT 1261, TOMBALL, TX, 77375","Match","Non_Exact","122 HOLDERRIETH BLVD, TOMBALL, TX, 77375","-95.624913250351,30.094831663821","96670204","L"
"3396","3100 FM 528 RD, WEBSTER, TX, 77598","Match","Exact","3100 FM 528 RD, WEBSTER, TX, 77598","-95.157284340997,29.523002652328","654299384","L"
"2064","527 SHELDON RD STE B, CHANNELVIEW, TX, 77530","Match","Non_Exact","527 SHELDON RD, CHANNELVIEW, TX, 77530","-95.124671291523,29.781598740033","656288376","L"
"3395","14130 OLD HUMBLE RD, HUMBLE, TX, 77396","Match","Exact","14130 OLD HUMBLE RD, HUMBLE, TX, 77396","-95.298809711624,29.925897656405","96046856","R"
"2063","7640 AIRLINE DR # 1, HOUSTON, TX, 77037","Match","Exact","7640 AIRLINE DR, HOUSTON, TX, 77037","-95.384842287978,29.872390516087","96649787","R"
"3394","7661 W LITTLE YORK RD, HOUSTON, TX, 77040","Match","Exact","7661 W LITTLE YORK RD, HOUSTON, TX, 77040","-95.50601340624,29.86555531324","96228283","L"
"2062","9807 KATY FWY, HOUSTON, TX, 77024","Match","Exact","9807 KATY FWY, HOUSTON, TX, 77024","-95.53614413008,29.783791087503","96630826","L"
"3393","537 KIRBY RD, SEABROOK, TX, 77586","Match","Exact","537 KIRBY RD, SEABROOK, TX, 77586","-95.058640344959,29.572560262317","96143145","L"
"2061","12943 STATE HIGHWAY 249, HOUSTON, TX, 77086","No_Match"
"3392","9798 BELLAIRE BLVD STE M, HOUSTON, TX, 77036","Match","Non_Exact","9798 BELLAIRE BLVD, HOUSTON, TX, 77036","-95.554106749877,29.704731691771","638594571","R"
"780","3801 CULLEN BLVD, HOUSTON, TX, 77004","Match","Non_Exact","3801 CULLEN BLVD, HOUSTON, TX, 77204","-95.347626363263,29.72020787305","96428217","L"
"2060","1033 BAY AREA BLVD, HOUSTON, TX, 77058","Match","Exact","1033 BAY AREA BLVD, HOUSTON, TX, 77058","-95.119592193048,29.555474749895","96115740","L"
"3391","21411 CLAY RD STE B, KATY, TX, 77449","No_Match"
"781","6606 SOUTHWEST FWY, HOUSTON, TX, 77074","Match","Exact","6606 SOUTHWEST FWY, HOUSTON, TX, 77074","-95.499717188928,29.716770684099","96614594","R"
"782","8227 WINDFERN RD, HOUSTON, TX, 77040","Match","Exact","8227 WINDFERN RD, HOUSTON, TX, 77040","-95.53751309383,29.890697260245","96649069","L"
"783","9006-9008 BEECHNUT ST, HOUSTON, TX, 77036","Match","Non_Exact","9008 BEECHNUT ST, HOUSTON, TX, 77036","-95.5426808532,29.690665118729","96036490","R"
"784","13819 CYPRESS NORTH HOUSTON RD, CYPRESS, TX, 77429","Match","Exact","13819 CYPRESS NORTH HOUSTON RD, CYPRESS, TX, 77429","-95.629098806752,29.947365477925","96579474","R"
"785","18918 FM 529 RD BLDG A, CYPRESS, TX, 77433","Match","Non_Exact","18918 FM 529, CYPRESS, TX, 77433","-95.697740365595,29.879914441304","642106178","L"
"786","7325 SANTIAGO ST, HOUSTON, TX, 77023","Match","Exact","7325 SANTIAGO ST, HOUSTON, TX, 77023","-95.297475681797,29.725201200781","96083235","L"
"2059","5222 BARKER CYPRESS RD STE 120, HOUSTON, TX, 77084","Match","Exact","5222 BARKER CYPRESS RD, HOUSTON, TX, 77084","-95.683152351126,29.851531391967","642105050","L"
"787","9460 W SAM HOUSTON PKWY S, HOUSTON, TX, 77099","Match","Non_Exact","9460 SAM HOUSTON PKWY, HOUSTON, TX, 77099","-95.559839174755,29.679697916728","96159672","L"
"2058","8640 W RAYFORD RD STE 140, SPRING, TX, 77389","Match","Exact","8640 W RAYFORD RD, SPRING, TX, 77389","-95.552973879135,30.11196208749","642114277","R"
"3389","6241 WESTHEIMER RD, HOUSTON, TX, 77057","Match","Exact","6241 WESTHEIMER RD, HOUSTON, TX, 77057","-95.493789224063,29.737548516087","96031552","L"
"788","2098 TAYLOR ST, HOUSTON, TX, 77007","Match","Exact","2098 TAYLOR ST, HOUSTON, TX, 77007","-95.381320308221,29.775839227881","96065737","R"
"2057","4303 KINGWOOD DR, HUMBLE, TX, 77339","Match","Exact","4303 KINGWOOD DR, HUMBLE, TX, 77339","-95.186768427673,30.049311169252","645169851","L"
"3388","7603 MARTIN LUTHER KING BLVD STE C, HOUSTON, TX, 77033","Match","Non_Exact","7603 MARTIN LUTHER KING JR BLVD, HOUSTON, TX, 77033","-95.336608994033,29.672627766554","96605584","L"
"789","12320-12322 FONDREN RD, HOUSTON, TX, 77035","Match","Non_Exact","12322 FONDREN RD, HOUSTON, TX, 77035","-95.508368867614,29.643710642021","96595354","L"
"2070","16607 CACTUS BLOSSOM TRL, CYPRESS, TX, 77433","Match","Exact","16607 CACTUS BLOSSOM TRL, CYPRESS, TX, 77433","-95.746086379985,30.015170130845","642009528","R"
"2078","3110 HILLCROFT ST, HOUSTON, TX, 77057","Match","Exact","3110 HILLCROFT ST, HOUSTON, TX, 77057","-95.501273952183,29.732216061976","96031448","R"
"2077","4904 W BELLFORT ST, HOUSTON, TX, 77035","Match","Exact","4904 W BELLFORT ST, HOUSTON, TX, 77035","-95.462452836314,29.670705419018","96604528","R"
"2076","5420 HIGHWAY 6 N, HOUSTON, TX, 77084","No_Match"
"2075","3301 LEE ST, HOUSTON, TX, 77026","Match","Exact","3301 LEE ST, HOUSTON, TX, 77026","-95.336591154036,29.781881502213","96069102","L"
"2074","22626 IMPERIAL VALLEY DR, HOUSTON, TX, 77073","Match","Exact","22626 IMPERIAL VALLEY DR, HOUSTON, TX, 77073","-95.420475871909,30.025057610325","642212118","R"
"2073","13003 STATE HIGHWAY 249, HOUSTON, TX, 77086","No_Match"
"790","3322 CENTER ST, DEER PARK, TX, 77536","Match","Exact","3322 CENTER ST, DEER PARK, TX, 77536","-95.123390012121,29.681551443751","636298574","L"
"2072","20423 KUYKENDAHL RD STE 300, SPRING, TX, 77379","No_Match"
"791","18311 T C JESTER BLVD STE D, SPRING, TX, 77379","Match","Non_Exact","18311 T C JESTER BLVD, SPRING, TX, 77379","-95.501974144718,30.03111311523","627877604","L"
"2071","4 MAXEY RD, HOUSTON, TX, 77013","Match","Exact","4 MAXEY RD, HOUSTON, TX, 77013","-95.218977200654,29.802495399206","96095202","R"
"792","11945 BARWOOD BEND DR STE A, HOUSTON, TX, 77065","Match","Non_Exact","11945 BARWOOD BEND DR, HOUSTON, TX, 77065","-95.617455006566,29.946726362198","655881208","L"
"793","16206 SPRING CYPRESS RD, CYPRESS, TX, 77429","Match","Exact","16206 SPRING CYPRESS RD, CYPRESS, TX, 77429","-95.672567810518,29.977974579595","642110002","L"
"794","23927 KINGBRIAR DR, SPRING, TX, 77373","Match","Exact","23927 KINGBRIAR DR, SPRING, TX, 77373","-95.428215155659,30.107526974191","629823776","R"
"795","435 SHELDON RD, CHANNELVIEW, TX, 77530","Match","Exact","435 SHELDON RD, CHANNELVIEW, TX, 77530","-95.124605691913,29.779283214515","645761937","L"
"796","2302 STRAWBERRY RD, PASADENA, TX, 77502","Match","Exact","2302 STRAWBERRY RD, PASADENA, TX, 77502","-95.19307871507,29.677064572496","96104239","R"
"797","7207 SAWMILL TRL, HOUSTON, TX, 77040","Match","Exact","7207 SAWMILL TRL, HOUSTON, TX, 77040","-95.499255838189,29.88822576718","96025006","L"
"798","5745 HWY 146 STE A, SEABROOK, TX, 77586","No_Match"
"2069","8621 W AIRPORT BLVD STE D, HOUSTON, TX, 77071","Match","Non_Exact","8621 W AIRPORT BLVD, HOUSTON, TX, 77071","-95.528557760502,29.642144683027","96161128","R"
"799","525 S FRY RD, KATY, TX, 77450","Match","Exact","525 S FRY RD, KATY, TX, 77450","-95.718805933291,29.778414986193","96016395","L"
"2068","13383 GRANADA ST, HOUSTON, TX, 77015","Match","Exact","13383 GRANADA ST, HOUSTON, TX, 77015","-95.187717131371,29.788047805203","96096953","L"
"3399","1525 S MASON RD, KATY, TX, 77450","Match","Exact","1525 S MASON RD, KATY, TX, 77450","-95.751460055262,29.759370980463","96623316","R"
"2081","11302 HUFFMEISTER RD, HOUSTON, TX, 77065","Match","Exact","11302 HUFFMEISTER RD, HOUSTON, TX, 77065","-95.628646096977,29.938595842801","233491393","L"
"2080","2504 SOUTHMORE AVE, PASADENA, TX, 77502","Match","Exact","2504 SOUTHMORE AVE, PASADENA, TX, 77502","-95.177287036747,29.691675514801","642868474","R"
"2089","5222 BRITTMOORE RD, HOUSTON, TX, 77041","Match","Exact","5222 BRITTMOORE RD, HOUSTON, TX, 77041","-95.569914386498,29.843690968707","642866702","R"
"2088","1950 FRY RD, HOUSTON, TX, 77084","Match","Exact","1950 FRY RD, HOUSTON, TX, 77084","-95.718915987807,29.794682811085","635392606","R"
"2087","3117 FOREST OAKS BLVD, HOUSTON, TX, 77017","Match","Exact","3117 FOREST OAKS BLVD, HOUSTON, TX, 77017","-95.240387753732,29.670868165916","96606307","L"
"2086","102 S ALLEN GENOA RD STE A, SOUTH HOUSTON, TX, 77587","Match","Non_Exact","102 S ALLEN-GENOA RD, SOUTH HOUSTON, TX, 77587","-95.21691680284,29.66644386062","96600418","R"
"2085","19717 HIGHWAY 59 N, HUMBLE, TX, 77338","No_Match"
"2084","11130 GULF FWY STE 500, HOUSTON, TX, 77034","Match","Exact","11130 GULF FWY, HOUSTON, TX, 77034","-95.236375108666,29.634049705694","96596676","R"
"2083","2322B LITTLE YORK RD, HOUSTON, TX, 77093","Match","Non_Exact","2322B LITTLE YORK RD, HOUSTON, TX, 77093","-95.350034515762,29.870937483914","647711096","R"
"2082","2520 AIRLINE DR BLDG G, HOUSTON, TX, 77009","Match","Non_Exact","2520 AIRLINE DR, HOUSTON, TX, 77009","-95.381946712073,29.810069603101","96057887","R"
"2079","15216 S POST OAK RD, HOUSTON, TX, 77053","Match","Exact","15216 S POST OAK RD, HOUSTON, TX, 77053","-95.464778505414,29.605361711118","96040709","R"
"2092","5586 WESLAYAN ST, HOUSTON, TX, 77005","Match","Exact","5586 WESLAYAN ST, HOUSTON, TX, 77005","-95.441338068467,29.721476413313","96615455","R"
"2091","7603 MARTIN LUTHER KING BLVD STE B, HOUSTON, TX, 77033","Match","Non_Exact","7603 MARTIN LUTHER KING JR BLVD, HOUSTON, TX, 77033","-95.336608994033,29.672627766554","96605584","L"
"2090","7711 RED ROBIN LN, HOUSTON, TX, 77075","Match","Exact","7711 RED ROBIN LN, HOUSTON, TX, 77075","-95.284928492587,29.618753897866","96092572","L"
"2099","19507 INTERSTATE 45, SPRING, TX, 77388","Match","Exact","19507 I- 45, SPRING, TX, 77388","-95.432080549535,30.051378049365","96576125","L"
"2098","12680 W LAKE HOUSTON PKWY, HOUSTON, TX, 77044","Match","Non_Exact","12680 N LAKE HOUSTON PKWY, HOUSTON, TX, 77044","-95.202242645091,29.895656988896","96586648","R"
"2097","3910 LOUETTA RD STE G, SPRING, TX, 77388","Match","Non_Exact","3910 LOUETTA RD, SPRING, TX, 77388","-95.47220778936,30.049576619133","642113549","L"
"2096","3111 WOODRIDGE STE 500, HOUSTON, TX, 77087","No_Match"
"2095","303 BAYLAND AVE, HOUSTON, TX, 77009","Match","Exact","303 BAYLAND AVE, HOUSTON, TX, 77009","-95.374221362814,29.786829209267","96065642","R"
"2094","5720 BELLAIRE BLVD STE K, HOUSTON, TX, 77081","Match","Non_Exact","5720 BELLAIRE BLVD, HOUSTON, TX, 77081","-95.481993731797,29.705621828733","96609481","R"
"2093","6102 BISSONNET ST STE A, HOUSTON, TX, 77081","Match","Non_Exact","6102 BISSONNET ST, HOUSTON, TX, 77081","-95.488846739426,29.697036066128","96609314","R"
"2909","5800 BELLAIRE BLVD STE 3, HOUSTON, TX, 77081","Match","Exact","5800 BELLAIRE BLVD, HOUSTON, TX, 77081","-95.482607909409,29.705613254389","96033384","R"
"2900","23119 COLONIAL PKWY UNIT A13B, KATY, TX, 77449","Match","Exact","23119 COLONIAL PKWY, KATY, TX, 77449","-95.773288971554,29.793769502255","638127944","R"
"2908","3033 S LOOP W STE B, HOUSTON, TX, 77054","Match","Non_Exact","3033 S LOOP W SVC RD, HOUSTON, TX, 77054","-95.425304140896,29.67703468164","96604744","R"
"2907","4368 TELEPHONE RD, HOUSTON, TX, 77087","Match","Exact","4368 TELEPHONE RD, HOUSTON, TX, 77087","-95.303173736125,29.700897581906","96083808","R"
"2906","11209 BELLAIRE BLVD STE C-29A, HOUSTON, TX, 77072","Match","Non_Exact","11209 BELLAIRE BLVD, HOUSTON, TX, 77072","-95.575584886806,29.703802636624","96608386","L"
"2905","13345 BRIAR FOREST DR STE B, HOUSTON, TX, 77077","Match","Non_Exact","13345 BRIAR FOREST DR, HOUSTON, TX, 77077","-95.624199644304,29.754541650003","654553791","R"
"2904","13745 CROSBY FWY, HOUSTON, TX, 77049","No_Match"
"2903","9908 BEECHNUT ST STE E, HOUSTON, TX, 77036","Match","Non_Exact","9908 BEECHNUT ST, HOUSTON, TX, 77036","-95.555269922948,29.689272551934","96603590","R"
"2902","1602 SAN JACINTO ST, HOUSTON, TX, 77002","Match","Exact","1602 SAN JACINTO ST, HOUSTON, TX, 77002","-95.36683151613,29.751410196527","96067654","R"
"2901","8003 ANTOINE DR, HOUSTON, TX, 77088","Match","Exact","8003 ANTOINE DR, HOUSTON, TX, 77088","-95.474016571399,29.884765354057","96026833","L"
"2911","1198 WILLOWBROOK MALL, HOUSTON, TX, 77070","No_Match"
"2910","6512 S RICE AVE, BELLAIRE, TX, 77401","Match","Exact","6512 S RICE AVE, BELLAIRE, TX, 77401","-95.467992705333,29.707859096969","96033646","L"
"2919","9001 LOUETTA RD, SPRING, TX, 77379","Match","Exact","9001 LOUETTA RD, SPRING, TX, 77379","-95.545548651506,30.00892250989","642111549","R"
"2918","12657 BISSONNET ST, HOUSTON, TX, 77099","Match","Exact","12657 BISSONNET ST, HOUSTON, TX, 77099","-95.600595599062,29.67738238563","96602980","L"
"2917","8813 AIRLINE DR # C36, HOUSTON, TX, 77037","Match","Exact","8813 AIRLINE DR, HOUSTON, TX, 77037","-95.393759709325,29.887515888407","96649663","L"
"2916","8650 N SAM HOUSTON PKWY E STE 160A, HUMBLE, TX, 77396","Match","Exact","8650 N SAM HOUSTON PKWY E, HUMBLE, TX, 77396","-95.260533606322,29.935617934012","638213835","R"
"2915","814 FLANNERS CT, SPRING, TX, 77373","Match","Exact","814 FLANNERS CT, SPRING, TX, 77373","-95.426748001576,30.094889197872","96558746","R"
"2914","3939 HILLCROFT ST STE 110, HOUSTON, TX, 77057","Match","Exact","3939 HILLCROFT ST, HOUSTON, TX, 77057","-95.500999639177,29.724150483077","96614374","L"
"2913","705 FREEPORT ST, HOUSTON, TX, 77015","Match","Exact","705 FREEPORT ST, HOUSTON, TX, 77015","-95.178114560722,29.784004962598","96098525","L"
"2912","1811 W MOUNT HOUSTON RD, HOUSTON, TX, 77038","Match","Exact","1811 W MOUNT HOUSTON RD, HOUSTON, TX, 77038","-95.429468880163,29.897862043519","233431902","R"
"2922","1035 UVALDE RD, HOUSTON, TX, 77015","Match","Exact","1035 UVALDE RD, HOUSTON, TX, 77015","-95.186545326057,29.77583520304","96097085","L"
"2921","2137 BERING DR, HOUSTON, TX, 77057","Match","Exact","2137 BERING DR, HOUSTON, TX, 77057","-95.479414274657,29.744429764051","96620484","L"
"2920","23307 ALDINE WESTFIELD RD, SPRING, TX, 77373","Match","Exact","23307 ALDINE WESTFIELD RD, SPRING, TX, 77373","-95.388248817077,30.050579507706","96042281","L"
"2929","9247 MANCHESTER ST, HOUSTON, TX, 77012","Match","Exact","9247 MANCHESTER ST, HOUSTON, TX, 77012","-95.263306487067,29.718500529685","96085977","L"
"2928","140 APPLEWHITE DR # 172, KATY, TX, 77450","Match","Exact","140 APPLEWHITE DR, KATY, TX, 77450","-95.754568642369,29.783472506622","96579994","L"
"2927","3520 REED RD, HOUSTON, TX, 77051","Match","Exact","3520 REED RD, HOUSTON, TX, 77051","-95.371728603078,29.658161698362","96088748","R"
"2926","2502 HARDY ST, HOUSTON, TX, 77009","Match","Exact","2502 HARDY ST, HOUSTON, TX, 77009","-95.351417546621,29.784404165333","96068321","L"
"2925","1020 CYPRESS CREEK PKWY STE 6, HOUSTON, TX, 77090","No_Match"
"2924","2110 JAMES BOWIE DR, BAYTOWN, TX, 77520","Match","Exact","2110 JAMES BOWIE DR, BAYTOWN, TX, 77520","-94.940918788693,29.749107787823","629130607","L"
"2923","4020 SYNOTT RD STE 50, HOUSTON, TX, 77082","Match","Exact","4020 SYNOTT RD, HOUSTON, TX, 77082","-95.614758341111,29.713592073806","96612700","L"
"1602","9405 LONG POINT RD, HOUSTON, TX, 77055","Match","Exact","9405 LONG POINT RD, HOUSTON, TX, 77055","-95.524612986081,29.797702595314","644736620","L"
"2933","2901 WALNUT BEND LN, HOUSTON, TX, 77042","Match","Exact","2901 WALNUT BEND LN, HOUSTON, TX, 77042","-95.567434350523,29.732411444108","96613437","R"
"1601","1205 ALMEDA GENOA RD, HOUSTON, TX, 77047","Match","Exact","1205 ALMEDA-GENOA RD, HOUSTON, TX, 77047","-95.403257189305,29.613898896483","96087969","L"
"2932","8610 COMPTON ST, HOUSTON, TX, 77016","Match","Exact","8610 COMPTON ST, HOUSTON, TX, 77016","-95.306682625699,29.839059328699","96076705","R"
"1600","5757 BELLAIRE BLVD, HOUSTON, TX, 77081","Match","Exact","5757 BELLAIRE BLVD, HOUSTON, TX, 77081","-95.482186138141,29.705504512358","96609481","L"
"2931","6004 N SHEPHERD DR, HOUSTON, TX, 77091","Match","Exact","6004 N SHEPHERD DR, HOUSTON, TX, 77091","-95.412012197173,29.852350999449","649835700","R"
"2930","5602 ALLENDALE RD, HOUSTON, TX, 77017","Match","Exact","5602 ALLENDALE RD, HOUSTON, TX, 77017","-95.236027702289,29.683254720742","96093699","R"
"1609","6450 FM 1960 RD W, HOUSTON, TX, 77069","Match","Exact","6450 FM 1960 RD W, HOUSTON, TX, 77069","-95.518153291663,29.977004141625","233348264","L"
"1608","12660 BEECHNUT ST STE 180, HOUSTON, TX, 77072","Match","Exact","12660 BEECHNUT ST, HOUSTON, TX, 77072","-95.603288390393,29.689036406163","96602956","L"
"2939","12315 BELLAIRE BLVD STE 300, HOUSTON, TX, 77072","Match","Exact","12315 BELLAIRE BLVD, HOUSTON, TX, 77072","-95.597255274119,29.703538591498","96608212","L"
"1607","4221 YELLOWSTONE BLVD, HOUSTON, TX, 77021","Match","Exact","4221 YELLOWSTONE BLVD, HOUSTON, TX, 77021","-95.356679767496,29.692158047175","96089000","L"
"2938","11020 KATY FWY STE 110, HOUSTON, TX, 77043","Match","Exact","11020 KATY FWY, HOUSTON, TX, 77043","-95.576327939151,29.785255100541","638069672","R"
"1606","11329 BISSONNET ST, HOUSTON, TX, 77099","Match","Exact","11329 BISSONNET ST, HOUSTON, TX, 77099","-95.578161245394,29.674596884421","641840351","L"
"2937","27620 STATE HIGHWAY 249 STE A8, TOMBALL, TX, 77375","No_Match"
"1605","1501 ALDINE MAIL ROUTE RD, HOUSTON, TX, 77039","Match","Non_Exact","1501 ALDINE MAIL RD, HOUSTON, TX, 77039","-95.363378942926,29.902336961432","96651994","L"
"2936","12347 FONDREN RD, HOUSTON, TX, 77035","Match","Exact","12347 FONDREN RD, HOUSTON, TX, 77035","-95.508231789114,29.642422949817","96595350","R"
"1604","3455 S DAIRY ASHFORD RD STE 180, HOUSTON, TX, 77082","Match","Exact","3455 S DAIRY ASHFORD RD, HOUSTON, TX, 77082","-95.605029071076,29.725433606284","645137992","R"
"2935","150 W EL DORADO BLVD, FRIENDSWOOD, TX, 77546","Match","Exact","150 W EL DORADO BLVD, FRIENDSWOOD, TX, 77546","-95.156640185493,29.551723888231","96573526","R"
"1603","6959 HARWIN DR STE 100, HOUSTON, TX, 77036","Match","Exact","6959 HARWIN DR, HOUSTON, TX, 77036","-95.505660970633,29.718152150913","96614533","L"
"2934","510 CROSSTIMBERS ST, HOUSTON, TX, 77022","Match","Exact","510 CROSSTIMBERS ST, HOUSTON, TX, 77022","-95.393313922315,29.828479651282","96055012","R"
"1613","20 N MAIN ST, KINGWOOD, TX, 77339","Match","Exact","20 N MAIN ST, KINGWOOD, TX, 77339","-95.185453795887,30.048610175826","645169832","L"
"2944","8914 WEST RD, HOUSTON, TX, 77064","Match","Exact","8914 WEST RD, HOUSTON, TX, 77064","-95.544378735899,29.902895664222","642106946","L"
"1612","120 S WAYSIDE DR, HOUSTON, TX, 77011","Match","Exact","120 S WAYSIDE DR, HOUSTON, TX, 77011","-95.306431521725,29.73677149354","96082988","R"
"2943","8820 STELLA LINK RD, HOUSTON, TX, 77025","Match","Exact","8820 STELLA LINK RD, HOUSTON, TX, 77025","-95.440066172087,29.68689282145","96040049","R"
"1611","12850 MEMORIAL DR STE 1000, HOUSTON, TX, 77024","Match","Exact","12850 MEMORIAL DR, HOUSTON, TX, 77024","-95.560719702981,29.772803899801","96630345","R"
"2942","3820 N FRY RD, KATY, TX, 77449","Match","Non_Exact","3820 FRY RD, KATY, TX, 77449","-95.719784341474,29.828400904905","96566440","R"
"1610","3149 SOUTHMORE BLVD, HOUSTON, TX, 77004","Match","Exact","3149 SOUTHMORE BLVD, HOUSTON, TX, 77004","-95.368073080195,29.716943707926","644892148","L"
"2941","5264 W 34TH ST, HOUSTON, TX, 77092","Match","Exact","5264 W 34TH ST, HOUSTON, TX, 77092","-95.466358792001,29.819560544148","96225229","R"
"2940","14530 WALLISVILLE RD, HOUSTON, TX, 77049","Match","Exact","14530 WALLISVILLE RD, HOUSTON, TX, 77049","-95.193746599223,29.805962670067","642084243","R"
"1619","10887 S WILCREST DR, HOUSTON, TX, 77099","Match","Non_Exact","10887 WILCREST DR, HOUSTON, TX, 77099","-95.568644067756,29.664910434163","96598049","L"
"1618","7215 SCOTT ST, HOUSTON, TX, 77021","Match","Exact","7215 SCOTT ST, HOUSTON, TX, 77021","-95.364818666839,29.685619028706","96088340","L"
"2949","9000 SPENCER HWY, LA PORTE, TX, 77571","Match","Exact","9000 SPENCER HWY, LA PORTE, TX, 77571","-95.09826876442,29.664082282876","96548964","R"
"1617","16633 KUYKENDAHL RD, HOUSTON, TX, 77068","No_Match"
"2948","5106 BISSONNET ST STE C, BELLAIRE, TX, 77401","Match","Non_Exact","5106 BISSONNET ST, BELLAIRE, TX, 77401","-95.468369570001,29.707470118038","96033647","R"
"1616","2356 W ALABAMA ST, HOUSTON, TX, 77098","Match","Exact","2356 W ALABAMA ST, HOUSTON, TX, 77098","-95.415591664649,29.738585120407","96063156","R"
"2947","8077 FM 1960 RD E # B, HUMBLE, TX, 77346","Match","Non_Exact","8077 FM 1960 RD, HUMBLE, TX, 77346","-95.15607108651,30.001664580378","642211607","L"
"1615","105 ALDINE BENDER RD, HOUSTON, TX, 77060","Match","Exact","105 ALDINE BENDER RD, HOUSTON, TX, 77060","-95.406998057447,29.931783436942","96656455","L"
"2946","17111 CYPRESS ROSEHILL RD # 1, CYPRESS, TX, 77429","Match","Exact","17111 CYPRESS ROSEHILL RD, CYPRESS, TX, 77429","-95.69746365611,30.016188853242","96664360","L"
"1614","703 ST JOSEPH PKWY, HOUSTON, TX, 77002","Match","Exact","703 ST JOSEPH PKWY, HOUSTON, TX, 77002","-95.372710640667,29.751803447182","96067590","L"
"2945","9635 SCOTT ST, HOUSTON, TX, 77051","Match","Exact","9635 SCOTT ST, HOUSTON, TX, 77051","-95.368482275451,29.651997518615","96088897","L"
"1624","6631 BISSONNET ST, HOUSTON, TX, 77074","Match","Exact","6631 BISSONNET ST, HOUSTON, TX, 77074","-95.499729115838,29.691351532269","96609322","L"
"2955","14243 MINETTA ST, HOUSTON, TX, 77035","Match","Exact","14243 MINETTA ST, HOUSTON, TX, 77035","-95.498138348496,29.635553410187","641831676","L"
"1623","10801 WESTHEIMER RD, HOUSTON, TX, 77042","Match","Exact","10801 WESTHEIMER RD, HOUSTON, TX, 77042","-95.566967537634,29.73668375226","96619344","L"
"2954","3029 S RICHEY ST, HOUSTON, TX, 77017","Match","Non_Exact","3029 RICHEY ST, HOUSTON, TX, 77017","-95.233535287951,29.67496099129","96606331","L"
"1622","13442 BELLAIRE BLVD STE C, HOUSTON, TX, 77083","Match","Non_Exact","13442 BELLAIRE BLVD, HOUSTON, TX, 77083","-95.621275987049,29.70367632544","96608081","R"
"2953","14238 STATE HIGHWAY 249, HOUSTON, TX, 77086","Match","Exact","14238 STATE HWY 249, HOUSTON, TX, 77086","-95.49785131273,29.923014643417","645664348","R"
"1621","4707 IRVINGTON BLVD STE A, HOUSTON, TX, 77009","Match","Non_Exact","4707 IRVINGTON BLVD, HOUSTON, TX, 77009","-95.361167140081,29.80347963097","96636593","L"
"2952","5347 ANTOINE DR, HOUSTON, TX, 77091","Match","Exact","5347 ANTOINE DR, HOUSTON, TX, 77091","-95.47326369448,29.841758978655","96028020","L"
"1620","16215 STUEBNER AIRLINE RD STE 100, SPRING, TX, 77379","Match","Exact","16215 STUEBNER AIRLINE RD, SPRING, TX, 77379","-95.518073089304,30.014697019645","645658245","L"
"2951","717 W MAIN ST, BAYTOWN, TX, 77520","Match","Exact","717 W MAIN ST, BAYTOWN, TX, 77520","-94.97866509214,29.720385749048","96109681","R"
"2950","10736 SPENCER HWY, LA PORTE, TX, 77571","No_Match"
"1629","2008 S WAYSIDE DR STE 300, HOUSTON, TX, 77023","Match","Exact","2008 S WAYSIDE DR, HOUSTON, TX, 77023","-95.313714150695,29.718663812228","96616178","R"
"1628","404 FIDELITY ST, HOUSTON, TX, 77029","Match","Exact","404 FIDELITY ST, HOUSTON, TX, 77029","-95.255159127859,29.736238669696","96086163","R"
"2959","802 RANKIN RD, HOUSTON, TX, 77073","Match","Exact","802 RANKIN RD, HOUSTON, TX, 77073","-95.402206979139,29.965914466314","642109389","R"
"1627","12513B WESTHEIMER RD, HOUSTON, TX, 77077","Match","Non_Exact","12513B WESTHEIMER RD, HOUSTON, TX, 77077","-95.602180498756,29.736090520061","647673336","R"
"2958","625 FANNIN ST, HOUSTON, TX, 77002","Match","Exact","625 FANNIN ST, HOUSTON, TX, 77002","-95.361776518769,29.759193726005","96067738","L"
"1626","1381 KINGWOOD DR, KINGWOOD, TX, 77339","Match","Exact","1381 KINGWOOD DR, KINGWOOD, TX, 77339","-95.239530037935,30.049632222533","233457535","R"
"2957","6130 WERNER ST, HOUSTON, TX, 77076","Match","Exact","6130 WERNER ST, HOUSTON, TX, 77076","-95.394973689977,29.85382646289","96053844","R"
"1625","4547 FM 1960 RD W, HOUSTON, TX, 77069","Match","Exact","4547 FM 1960 RD W, HOUSTON, TX, 77069","-95.499066973276,29.987400015859","642110621","R"
"2956","6199 GRIGGS RD, HOUSTON, TX, 77023","Match","Exact","6199 GRIGGS RD, HOUSTON, TX, 77023","-95.312888886916,29.704312932878","96082848","L"
"1635","11056 AIRLINE DR, HOUSTON, TX, 77037","Match","Exact","11056 AIRLINE DR, HOUSTON, TX, 77037","-95.405593484941,29.916913569883","96653968","R"
"2966","4203 RED BLUFF RD, PASADENA, TX, 77503","Match","Exact","4203 RED BLUFF RD, PASADENA, TX, 77503","-95.146335373796,29.679031868533","641939652","L"
"1634","10082 LONG POINT RD, HOUSTON, TX, 77055","Match","Exact","10082 LONG POINT RD, HOUSTON, TX, 77055","-95.543887451523,29.794329862268","96022952","R"
"2965","29220 HUFFMAN CLEVELAND RD UNIT A, HUFFMAN, TX, 77336","Match","Non_Exact","29220 HUFFMAN CLEVELAND RD, HUFFMAN, TX, 77336","-95.110927837594,30.07763997859","645843181","R"
"1633","8548 HIGHWAY 6 N, HOUSTON, TX, 77095","Match","Non_Exact","8548 STATE HWY 6, HOUSTON, TX, 77095","-95.633741537053,29.902740888908","642106883","R"
"2964","3941 FONDREN RD, HOUSTON, TX, 77063","Match","Exact","3941 FONDREN RD, HOUSTON, TX, 77063","-95.520424874446,29.722683523383","96566735","L"
"1632","9245 N HOUSTON ROSSLYN RD, HOUSTON, TX, 77088","Match","Exact","9245 N HOUSTON ROSSLYN RD, HOUSTON, TX, 77088","-95.494215475971,29.874843220882","96025223","L"
"2963","32089 FM 1485 RD, NEW CANEY, TX, 77357","Match","Exact","32089 FM 1485 RD, NEW CANEY, TX, 77357","-95.119502376451,30.145490122142","96047885","R"
"1631","8611 MOSLEY RD, HOUSTON, TX, 77075","Match","Exact","8611 MOSLEY RD, HOUSTON, TX, 77075","-95.253520495035,29.644644069566","96596447","L"
"2962","909 E RICHEY RD, HOUSTON, TX, 77073","Match","Exact","909 E RICHEY RD, HOUSTON, TX, 77073","-95.412605085142,29.996663343679","96043392","L"
"1630","10009 LONG POINT RD STE 10009, HOUSTON, TX, 77055","Match","Non_Exact","10009 LONG POINT RD, HOUSTON, TX, 77055","-95.5405870151,29.794188888786","96022952","L"
"2961","8830 DENTON ST STE A, HOUSTON, TX, 77028","Match","Non_Exact","8830 DENTON ST, HOUSTON, TX, 77028","-95.276977946897,29.840935034116","96077804","R"
"2960","5910 WEST LOOP S, BELLAIRE, TX, 77401","Match","Non_Exact","5910 W W LOOP S, BELLAIRE, TX, 77401","-95.460700947184,29.716874906074","96615282","L"
"1639","10290 FORUM WEST DR, HOUSTON, TX, 77036","Match","Exact","10290 FORUM WEST DR, HOUSTON, TX, 77036","-95.559343990141,29.667705280881","96598330","L"
"1638","4402 W SAM HOUSTON PKWY N, HOUSTON, TX, 77041","Match","Non_Exact","4402 W SAM HOUSTON PKWY S, HOUSTON, TX, 77041","-95.563206662027,29.832479044008","96642751","R"
"2969","5815 FRANZ RD STE B, KATY, TX, 77493","Match","Non_Exact","5815 FRANZ RD, KATY, TX, 77493","-95.82393811292,29.801448514295","96012445","R"
"1637","10804 S POST OAK, HOUSTON, TX, 77035","Match","Non_Exact","10804 S POST OAK RD, HOUSTON, TX, 77035","-95.464070373224,29.664183720752","96039625","R"
"2968","6001 YALE ST, HOUSTON, TX, 77076","Match","Exact","6001 YALE ST, HOUSTON, TX, 77076","-95.403092001134,29.85223676794","633234771","L"
"1636","6900 FM 1960 RD E, HUMBLE, TX, 77346","Match","Non_Exact","6900 FM 1960 RD, HUMBLE, TX, 77346","-95.169449934484,29.998219129425","96663812","R"
"2967","1701 MCCARTY ST, HOUSTON, TX, 77029","Match","Non_Exact","1701 S MCCARTY ST, HOUSTON, TX, 77029","-95.283628277788,29.761102153694","96081351","L"
"2980","10488 KATY FWY, HOUSTON, TX, 77043","Match","Exact","10488 KATY FWY, HOUSTON, TX, 77043","-95.558509173867,29.785153762875","642472175","R"
"1646","305 TUAM ST, HOUSTON, TX, 77006","Match","Exact","305 TUAM ST, HOUSTON, TX, 77006","-95.381452086351,29.747133274044","96070705","L"
"2977","12170 ALMEDA RD, HOUSTON, TX, 77045","Match","Exact","12170 ALMEDA RD, HOUSTON, TX, 77045","-95.411330772415,29.634496334021","96595755","R"
"1645","6811 BELLFORT ST, HOUSTON, TX, 77087","Match","Exact","6811 BELLFORT ST, HOUSTON, TX, 77087","-95.309453449786,29.668012722717","96092155","L"
"2976","1740 JENKINS RD, PASADENA, TX, 77506","Match","Exact","1740 JENKINS RD, PASADENA, TX, 77506","-95.188134478441,29.696071819921","608476331","R"
"1644","705 W DALLAS ST STE A, HOUSTON, TX, 77019","No_Match"
"2975","2811 COLLINGSWORTH ST, HOUSTON, TX, 77026","Match","Exact","2811 COLLINGSWORTH ST, HOUSTON, TX, 77026","-95.341632570968,29.793805090805","96068600","L"
"1643","3501 CHIMIRA LN, HOUSTON, TX, 77051","Match","Exact","3501 CHIMIRA LN, HOUSTON, TX, 77051","-95.371767085592,29.647636987106","96088925","L"
"2974","8217 LOUETTA RD, SPRING, TX, 77379","Match","Exact","8217 LOUETTA RD, SPRING, TX, 77379","-95.536993080123,30.013628626952","642112179","R"
"1642","7800 AIRPORT BLVD, HOUSTON, TX, 77061","Match","Exact","7800 AIRPORT BLVD, HOUSTON, TX, 77061","-95.278526519154,29.657785297389","96093118","R"
"2973","7605 DASHWOOD DR, HOUSTON, TX, 77036","Match","Exact","7605 DASHWOOD DR, HOUSTON, TX, 77036","-95.518771439691,29.707371523106","641824948","L"
"1641","26270 NORTHWEST FWY, CYPRESS, TX, 77429","No_Match"
"2972","3317 LYONS AVE, HOUSTON, TX, 77020","Match","Exact","3317 LYONS AVE, HOUSTON, TX, 77020","-95.336588324951,29.775988479503","96069186","L"
"1640","10265 SCOTT ST, HOUSTON, TX, 77051","Match","Exact","10265 SCOTT ST, HOUSTON, TX, 77051","-95.368422764771,29.649313058379","96088921","L"
"2971","12600 BISSONNET ST STE A5, HOUSTON, TX, 77099","Match","Exact","12600 BISSONNET ST, HOUSTON, TX, 77099","-95.599688053856,29.677251450542","96602978","R"
"2970","1401 STERRETT ST STE 103, HOUSTON, TX, 77002","Match","Exact","1401 STERRETT ST, HOUSTON, TX, 77002","-95.353387995399,29.767417096608","96625292","L"
"1649","1900 BLALOCK RD STE Q, HOUSTON, TX, 77080","Match","Non_Exact","1900 BLALOCK RD, HOUSTON, TX, 77080","-95.524353083233,29.807153083104","96025875","R"
"1648","3870 N TERMINAL RD, HOUSTON, TX, 77035","Match","Non_Exact","3870 N TERMINAL RD, HOUSTON, TX, 77032","-95.332665003715,29.987224220502","96045981","L"
"2979","29300 HIGHWAY 290 STE 1124, CYPRESS, TX, 77433","No_Match"
"1647","3331 TELEPHONE RD STE B, HOUSTON, TX, 77023","Match","Non_Exact","3331 TELEPHONE RD, HOUSTON, TX, 77023","-95.315494875354,29.712105377601","96616176","L"
"2978","4625 LAURA KOPPE RD, HOUSTON, TX, 77016","Match","Exact","4625 LAURA KOPPE RD, HOUSTON, TX, 77016","-95.322302946409,29.840538026569","96076036","L"
"1660","12703 PARK FOREST DR, CYPRESS, TX, 77429","Match","Exact","12703 PARK FOREST DR, CYPRESS, TX, 77429","-95.621364319972,29.956440600213","96004052","R"
"2991","17835 GRANT RD, CYPRESS, TX, 77429","Match","Exact","17835 GRANT RD, CYPRESS, TX, 77429","-95.693684873299,30.024552742379","642029513","R"
"2990","2722 CENTER ST, DEER PARK, TX, 77536","Match","Exact","2722 CENTER ST, DEER PARK, TX, 77536","-95.123511160605,29.686661652118","96607131","L"
"1657","513 S ALLEN GENOA RD STE B-4, SOUTH HOUSTON, TX, 77587","Match","Exact","513 S ALLEN-GENOA RD, SOUTH HOUSTON, TX, 77587","-95.213188015115,29.661730036371","96103636","L"
"2988","14525 BOUDREAUX RD, TOMBALL, TX, 77377","Match","Exact","14525 BOUDREAUX RD, TOMBALL, TX, 77377","-95.635195715874,30.0457120305","96168428","R"
"1656","5560 GASMER DR, HOUSTON, TX, 77035","Match","Exact","5560 GASMER DR, HOUSTON, TX, 77035","-95.478575278473,29.651104705396","96599072","R"
"2987","4901 W PASADENA BLVD STE A, DEER PARK, TX, 77536","Match","Non_Exact","4901 W PASADENA BLVD, DEER PARK, TX, 77536","-95.137430008731,29.681872106873","96543822","L"
"1655","14405 FM 2100 RD STE I, CROSBY, TX, 77532","Match","Non_Exact","14405 FM 2100, CROSBY, TX, 77532","-95.06347082726,29.894945265533","645845738","L"
"2986","14741 CHAPMAN WOODS XING APT 511, HOUSTON, TX, 77044","No_Match"
"1654","20711 TUCKERTON RD, CYPRESS, TX, 77433","No_Match"
"2985","3050 FRY RD, KATY, TX, 77449","Match","Exact","3050 FRY RD, KATY, TX, 77449","-95.720341638353,29.813178017092","642104255","L"
"1653","19515 ENCHANTED OAKS DR, SPRING, TX, 77388","Match","Exact","19515 ENCHANTED OAKS DR, SPRING, TX, 77388","-95.43909872378,30.049439874927","96009067","R"
"2984","3329 ANITA ST, HOUSTON, TX, 77004","Match","Exact","3329 ANITA ST, HOUSTON, TX, 77004","-95.353885684878,29.731396713103","96073197","L"
"1652","7755 W BELLFORT ST, HOUSTON, TX, 77071","Match","Exact","7755 W BELLFORT ST, HOUSTON, TX, 77071","-95.511218063912,29.655936533379","96598665","R"
"2983","9280 BELLAIRE BLVD, HOUSTON, TX, 77036","Match","Exact","9280 BELLAIRE BLVD, HOUSTON, TX, 77036","-95.550272702986,29.70492111607","641190486","R"
"1651","8927 FRY RD, CYPRESS, TX, 77433","No_Match"
"2982","7545 PARK PLACE BLVD STE A, HOUSTON, TX, 77087","Match","Non_Exact","7545 PARK PLACE BLVD, HOUSTON, TX, 77087","-95.291835125762,29.685298168213","649906459","L"
"1650","5930 N FRY RD, KATY, TX, 77449","Match","Non_Exact","5930 FRY RD, KATY, TX, 77449","-95.718577899722,29.85685564741","624657175","R"
"2981","6002 S GESSNER RD # A, HOUSTON, TX, 77036","Match","Non_Exact","6002 S GESSNER RD, HOUSTON, TX, 77036","-95.538994069668,29.714704177034","96613753","R"
"1659","13739 CEDAR POINT DR, HOUSTON, TX, 77070","Match","Exact","13739 CEDAR POINT DR, HOUSTON, TX, 77070","-95.602241239917,29.97761739239","644965936","L"
"1658","11940 WESTHEIMER RD, HOUSTON, TX, 77077","Match","Exact","11940 WESTHEIMER RD, HOUSTON, TX, 77077","-95.590640031136,29.736590577077","233387055","L"
"2989","11700 BARKER CYPRESS RD STE E, CYPRESS, TX, 77433","Match","Non_Exact","11700 BARKER CYPRESS RD, CYPRESS, TX, 77433","-95.682783382627,29.93316116423","644883171","L"
"1671","11506 HAVILAND ST, HOUSTON, TX, 77035","Match","Exact","11506 HAVILAND ST, HOUSTON, TX, 77035","-95.497524881943,29.637852697118","96595420","R"
"1670","7800 AIRPORT BLVD, HOUSTON, TX, 77061","Match","Exact","7800 AIRPORT BLVD, HOUSTON, TX, 77061","-95.278526519154,29.657785297389","96093118","R"
"1668","7045 BELLFORT ST, HOUSTON, TX, 77087","Match","Exact","7045 BELLFORT ST, HOUSTON, TX, 77087","-95.304709928623,29.669825308811","96092173","L"
"2999","13433 STATE HIGHWAY 249 STE 8, HOUSTON, TX, 77086","Match","Exact","13433 STATE HWY 249, HOUSTON, TX, 77086","-95.4892941908,29.91686984334","642479499","L"
"1667","11503 BELLAIRE BLVD, HOUSTON, TX, 77072","Match","Exact","11503 BELLAIRE BLVD, HOUSTON, TX, 77072","-95.580942277169,29.70373231345","96608370","L"
"2998","4620 WASHINGTON AVE, HOUSTON, TX, 77007","Match","Exact","4620 WASHINGTON AVE, HOUSTON, TX, 77007","-95.407507786497,29.770544776507","96061741","R"
"1666","609 W GRAY ST STE B, HOUSTON, TX, 77019","Match","Non_Exact","609 W GRAY ST, HOUSTON, TX, 77019","-95.388141388531,29.753342620358","642475740","L"
"2997","8104 W TIDWELL RD STE L, HOUSTON, TX, 77040","Match","Non_Exact","8104 W TIDWELL RD, HOUSTON, TX, 77040","-95.515514419259,29.850980624964","96024808","R"
"1665","4900 GARTH RD, BAYTOWN, TX, 77521","Match","Exact","4900 GARTH RD, BAYTOWN, TX, 77521","-94.977605418993,29.775437508558","96634354","R"
"2996","2720 CHAPMAN ST, HOUSTON, TX, 77009","Match","Exact","2720 CHAPMAN ST, HOUSTON, TX, 77009","-95.353852230976,29.785890961574","96068300","R"
"1664","8721 JENSEN DR STE H, HOUSTON, TX, 77093","Match","Non_Exact","8721 JENSEN DR, HOUSTON, TX, 77093","-95.34284949628,29.838723263361","96058690","L"
"2995","7605 DASHWOOD DR STE E, HOUSTON, TX, 77036","Match","Non_Exact","7605 DASHWOOD DR, HOUSTON, TX, 77036","-95.518771439691,29.707371523106","641824948","L"
"1663","570 MAXEY RD, HOUSTON, TX, 77013","Match","Exact","570 MAXEY RD, HOUSTON, TX, 77013","-95.218731873316,29.784847544382","651201626","R"
"2994","11212 PERRY RD STE D, HOUSTON, TX, 77064","Match","Non_Exact","11212 PERRY RD, HOUSTON, TX, 77064","-95.565700757482,29.927389036453","642186981","R"
"1662","8102 W TIDWELL RD STE A, HOUSTON, TX, 77040","Match","Non_Exact","8102 W TIDWELL RD, HOUSTON, TX, 77040","-95.515486166375,29.850980960309","96024808","R"
"2993","3419 W OREM DR STE I, HOUSTON, TX, 77045","Match","Non_Exact","3419 W OREM DR, HOUSTON, TX, 77045","-95.42694485772,29.627837295741","96087576","L"
"1661","4740 ALDINE MAIL ROUTE RD STE C, HOUSTON, TX, 77039","Match","Non_Exact","4740 ALDINE MAIL RD, HOUSTON, TX, 77039","-95.322124572275,29.902774341142","96046542","R"
"2992","2539 PRESTON AVE, PASADENA, TX, 77503","Match","Exact","2539 PRESTON AVE, PASADENA, TX, 77503","-95.172320229894,29.673196420631","96105083","L"
"1669","1912 W 18TH ST, HOUSTON, TX, 77008","Match","Exact","1912 W 18TH ST, HOUSTON, TX, 77008","-95.433809183117,29.801556500959","96636357","L"
"1682","25115 GOSLING RD, SPRING, TX, 77389","Match","Exact","25115 GOSLING RD, SPRING, TX, 77389","-95.50583843871,30.129073271831","642121436","L"
"1681","2112 HOLLY HALL ST, HOUSTON, TX, 77054","Match","Exact","2112 HOLLY HALL ST, HOUSTON, TX, 77054","-95.399613818925,29.685217348929","96605044","R"
"1680","9541 MESA DR, HOUSTON, TX, 77078","Match","Exact","9541 MESA DR, HOUSTON, TX, 77078","-95.262451292743,29.850522678295","96077657","L"
"1679","8000 HARWIN DR STE 200, HOUSTON, TX, 77036","Match","Exact","8000 HARWIN DR, HOUSTON, TX, 77036","-95.524515457773,29.717749750683","96614280","R"
"1678","2102 MCCARTY ST, HOUSTON, TX, 77029","Match","Non_Exact","2102 S MCCARTY ST, HOUSTON, TX, 77029","-95.283636971286,29.755521353924","96081433","R"
"1677","3315 MANGUM RD STE B, HOUSTON, TX, 77092","Match","Non_Exact","3315 MANGUM RD, HOUSTON, TX, 77092","-95.459468497343,29.818657902929","96639580","L"
"1676","1103 LATHROP ST STE A, HOUSTON, TX, 77020","Match","Non_Exact","1103 LATHROP ST, HOUSTON, TX, 77020","-95.301135322138,29.769245213423","96081057","L"
"1675","11575 BISSONNET ST, HOUSTON, TX, 77099","Match","Exact","11575 BISSONNET ST, HOUSTON, TX, 77099","-95.58249584317,29.674884654233","96603249","L"
"1674","510 PARK ST, BAYTOWN, TX, 77520","Match","Exact","510 PARK ST, BAYTOWN, TX, 77520","-94.971227220681,29.746610997029","96110385","L"
"1673","10900 KINGSPOINT RD STE 9, HOUSTON, TX, 77075","No_Match"
"1672","8440 BISSONNET ST, HOUSTON, TX, 77074","Match","Exact","8440 BISSONNET ST, HOUSTON, TX, 77074","-95.526007789902,29.678139184445","96604000","R"
"1693","16271 IMPERIAL VALLEY DR, HOUSTON, TX, 77060","Match","Exact","16271 IMPERIAL VALLEY DR, HOUSTON, TX, 77060","-95.398695926792,29.935347597451","96656517","L"
"1692","1550 FRY RD, HOUSTON, TX, 77084","Match","Exact","1550 FRY RD, HOUSTON, TX, 77084","-95.718826859086,29.789419365526","96628219","R"
"1691","2919 FM 1960 RD STE 110, HOUSTON, TX, 77073","Match","Non_Exact","2919 FM 1960 RD W, HOUSTON, TX, 77068","-95.466210929134,30.005771101668","642131587","R"
"1690","21802 TOWNSEN BLVD W STE A, HUMBLE, TX, 77338","Match","Non_Exact","21802 TOWNSEN BLVD, HUMBLE, TX, 77338","-95.268352261373,30.020835175047","653304256","L"
"1689","7050 LAWNDALE ST, HOUSTON, TX, 77023","Match","Exact","7050 LAWNDALE ST, HOUSTON, TX, 77023","-95.296354616327,29.717265277399","96083885","R"
"1688","4505 KINGWOOD DR # 180, KINGWOOD, TX, 77345","Match","Exact","4505 KINGWOOD DR, KINGWOOD, TX, 77345","-95.183321544122,30.050551722567","96668626","L"
"1687","1202 WAYSIDE DR, HOUSTON, TX, 77011","Match","Non_Exact","1202 N WAYSIDE DR, HOUSTON, TX, 77011","-95.303108507821,29.744412506222","96082954","R"
"1686","7721 BELLFORT ST, HOUSTON, TX, 77061","Match","Exact","7721 BELLFORT ST, HOUSTON, TX, 77061","-95.280302385446,29.672370847771","96092804","L"
"1685","2638 BISSONNET ST, HOUSTON, TX, 77005","Match","Exact","2638 BISSONNET ST, HOUSTON, TX, 77005","-95.419388333032,29.725524183961","96063247","R"
"1684","6817 HOMESTEAD RD STE B, HOUSTON, TX, 77028","Match","Non_Exact","6817 HOMESTEAD RD, HOUSTON, TX, 77028","-95.302006464843,29.820621722136","96077073","L"
"1683","904 ST EMANUEL ST, HOUSTON, TX, 77003","Match","Exact","904 ST EMANUEL ST, HOUSTON, TX, 77003","-95.354998373578,29.751973306631","96069698","R"
"1699","7031 FM 1960 RD W STE D, HUMBLE, TX, 77338","Match","Non_Exact","7031 F-M 1960 RD W, HUMBLE, TX, 77338","-95.319748780668,30.007674275639","642111983","L"
"1698","17414 NORTHWEST FWY, JERSEY VILLAGE, TX, 77040","No_Match"
"1697","3050 POST OAK BLVD STE 510, HOUSTON, TX, 77056","Match","Exact","3050 POST OAK BLVD, HOUSTON, TX, 77056","-95.460639787872,29.734242191983","96620572","R"
"1696","1850 WIRT RD # A, HOUSTON, TX, 77055","Match","Non_Exact","1850 WIRT RD, HOUSTON, TX, 77055","-95.484822660646,29.805481629805","96635738","R"
"1695","28550 HIGHWAY 290, CYPRESS, TX, 77433","No_Match"
"1694","11311 HOMESTEAD RD, HOUSTON, TX, 77016","Match","Exact","11311 HOMESTEAD RD, HOUSTON, TX, 77016","-95.300783361647,29.883968165195","96075253","L"
"3406","13051 FM 529 RD, HOUSTON, TX, 77041","Match","Non_Exact","13051 FM 529, HOUSTON, TX, 77041","-95.606341427484,29.879288510808","642105951","R"
"3405","14929 STATE HIGHWAY 249, HOUSTON, TX, 77086","Match","Exact","14929 STATE HWY 249, HOUSTON, TX, 77086","-95.50362027736,29.927138632595","96653496","R"
"3404","4607 HIGHWAY 6 N STE 100, HOUSTON, TX, 77084","Match","Non_Exact","4607 STATE HWY 6, HOUSTON, TX, 77084","-95.645798342328,29.841811120226","642471581","L"
"3403","11801 GLOGER ST, HOUSTON, TX, 77039","Match","Exact","11801 GLOGER ST, HOUSTON, TX, 77039","-95.331151191195,29.894208543563","96652042","L"
"3402","1460 WILCREST DR, HOUSTON, TX, 77042","Match","Exact","1460 WILCREST DR, HOUSTON, TX, 77042","-95.572136306283,29.749281179781","96619124","R"
"3401","10100 BEECHNUT ST STE 130, HOUSTON, TX, 77072","Match","Exact","10100 BEECHNUT ST, HOUSTON, TX, 77072","-95.559787982196,29.689715885128","96603560","R"
"3400","6569 ATASCOCITA RD, HUMBLE, TX, 77346","Match","Exact","6569 ATASCOCITA RD, HUMBLE, TX, 77346","-95.169990475752,29.996047321313","96417039","L"
"800","2533 SOUTHMORE BLVD # B, HOUSTON, TX, 77004","Match","Non_Exact","2533 SOUTHMORE BLVD, HOUSTON, TX, 77004","-95.373849143618,29.720246507708","96072200","L"
"801","2208 MAIN ST, SOUTH HOUSTON, TX, 77587","Match","Exact","2208 MAIN ST, SOUTH HOUSTON, TX, 77587","-95.234291492791,29.653372737608","96121007","R"
"802","2563 AMHERST ST STE A134, HOUSTON, TX, 77005","Match","Exact","2563 AMHERST ST, HOUSTON, TX, 77005","-95.417751748637,29.715798914609","96063824","L"
"803","433 WEST RD, HOUSTON, TX, 77038","Match","Exact","433 WEST RD, HOUSTON, TX, 77038","-95.424414868791,29.914850481206","645200651","R"
"804","13744 N ELDRIDGE PKWY, CYPRESS, TX, 77429","Match","Exact","13744 N ELDRIDGE PKWY, CYPRESS, TX, 77429","-95.611750574793,29.981391830444","647628862","L"
"805","5716 BELLAIRE BLVD STE D-1, HOUSTON, TX, 77081","Match","Exact","5716 BELLAIRE BLVD, HOUSTON, TX, 77081","-95.481968995791,29.705622177127","96609481","R"
"3409","5104 S SHAVER ST, HOUSTON, TX, 77034","Match","Non_Exact","5104 S SHAVER ST EXD, HOUSTON, TX, 77034","-95.211172609037,29.636946516053","96596876","R"
"806","4500 UNIVERSITY DR, HOUSTON, TX, 77004","Match","Exact","4500 UNIVERSITY DR, HOUSTON, TX, 77004","-95.33899305822,29.718921877335","638182025","R"
"3408","1910 HOPPER RD, HOUSTON, TX, 77093","Match","Exact","1910 HOPPER RD, HOUSTON, TX, 77093","-95.357082302561,29.87950073165","96056557","R"
"807","617 W MAIN ST, TOMBALL, TX, 77375","Match","Non_Exact","617 W MAIN, TOMBALL, TX, 77375","-95.619518957967,30.095622215786","96002142","R"
"3407","20153 FM 2920 RD STE B6, TOMBALL, TX, 77377","Match","Non_Exact","20153 FM 2920, TOMBALL, TX, 77377","-95.738279774532,30.080017257078","652311591","R"
"808","5870 RANCHESTER DR STE 625, HOUSTON, TX, 77036","Match","Exact","5870 RANCHESTER DR, HOUSTON, TX, 77036","-95.547836480203,29.714812163126","655913998","R"
"809","10301 HARWIN DR STE 2, HOUSTON, TX, 77036","No_Match"
"3420","4140 FAIRMONT PKWY, PASADENA, TX, 77504","Match","Exact","4140 FAIRMONT PKWY, PASADENA, TX, 77504","-95.180087838495,29.650526346348","96600853","R"
"3417","4519 GARTH RD, BAYTOWN, TX, 77521","Match","Exact","4519 GARTH RD, BAYTOWN, TX, 77521","-94.977621585703,29.77010794383","96627302","L"
"3416","100 N ALEXANDER DR, BAYTOWN, TX, 77520","Match","Exact","100 N ALEXANDER DR, BAYTOWN, TX, 77520","-94.9584763325,29.729134657486","233383533","R"
"3415","2616 WINROCK BLVD, HOUSTON, TX, 77057","Match","Exact","2616 WINROCK BLVD, HOUSTON, TX, 77057","-95.496714451771,29.738741999172","96620080","R"
"3414","414 W GREENS RD, HOUSTON, TX, 77067","Match","Exact","414 W GREENS RD, HOUSTON, TX, 77067","-95.422465307737,29.949048902589","96656291","L"
"3413","2411 W ALABAMA ST, HOUSTON, TX, 77098","Match","Exact","2411 W ALABAMA ST, HOUSTON, TX, 77098","-95.416531019394,29.7384625802","96063154","L"
"3412","714 UVALDE RD, HOUSTON, TX, 77015","Match","Exact","714 UVALDE RD, HOUSTON, TX, 77015","-95.186895518839,29.783633792003","96097027","R"
"3411","9415 KATY FWY, HEDWIG VILLAGE, TX, 77024","Match","Exact","9415 KATY FWY, HEDWIG VILLAGE, TX, 77024","-95.524384788302,29.783722532413","96630860","L"
"810","5367 ANTOINE DR, HOUSTON, TX, 77091","Match","Exact","5367 ANTOINE DR, HOUSTON, TX, 77091","-95.473274812104,29.842332391011","96028019","L"
"3410","1906 SOUTHMORE AVE, PASADENA, TX, 77502","Match","Exact","1906 SOUTHMORE AVE, PASADENA, TX, 77502","-95.185868940635,29.691596936524","96104157","R"
"811","9660 WESTHEIMER RD, HOUSTON, TX, 77063","Match","Exact","9660 WESTHEIMER RD, HOUSTON, TX, 77063","-95.537803016537,29.737328403868","233389625","L"
"812","5631 SELINSKY RD # B, HOUSTON, TX, 77048","Match","Non_Exact","5631 SELINSKY RD, HOUSTON, TX, 77048","-95.333447024366,29.637565049247","644642587","L"
"813","1630 SPENCER HWY, SOUTH HOUSTON, TX, 77587","Match","Exact","1630 SPENCER HWY, SOUTH HOUSTON, TX, 77587","-95.211570944562,29.664663910138","96600474","R"
"814","12815 ALDINE WESTFIELD RD STE 12825, HOUSTON, TX, 77039","Match","Non_Exact","12815 ALDINE WESTFIELD RD, HOUSTON, TX, 77039","-95.355156345592,29.900889020142","96652028","R"
"815","12132 GREENSPOINT DR, HOUSTON, TX, 77060","Match","Exact","12132 GREENSPOINT DR, HOUSTON, TX, 77060","-95.407465830521,29.943486069648","96656246","R"
"816","12087 BEECHNUT ST, HOUSTON, TX, 77072","Match","Exact","12087 BEECHNUT ST, HOUSTON, TX, 77072","-95.591240889348,29.688809152746","96035748","L"
"817","9725 FONDREN RD, HOUSTON, TX, 77096","Match","Exact","9725 FONDREN RD, HOUSTON, TX, 77096","-95.508526046716,29.673168683226","96604148","L"
"3419","6307 DUMFRIES DR, HOUSTON, TX, 77096","Match","Exact","6307 DUMFRIES DR, HOUSTON, TX, 77096","-95.503807729881,29.670858530074","96604183","L"
"818","25702 ALDINE WESTFIELD RD STE 502, SPRING, TX, 77373","Match","Exact","25702 ALDINE WESTFIELD RD, SPRING, TX, 77373","-95.411187467154,30.074440976193","96669702","R"
"3418","1003 STUDEMONT ST, HOUSTON, TX, 77007","Match","Exact","1003 STUDEMONT ST, HOUSTON, TX, 77007","-95.391804271061,29.769194042174","639263502","R"
"819","5800 BELLAIRE BLVD, HOUSTON, TX, 77081","Match","Exact","5800 BELLAIRE BLVD, HOUSTON, TX, 77081","-95.482607909409,29.705613254389","96033384","R"
"2100","225 W CANINO RD, HOUSTON, TX, 77037","Match","Exact","225 W CANINO RD, HOUSTON, TX, 77037","-95.401429906836,29.875392484763","96053565","L"
"3431","5615 S WAYSIDE DR STE 400&500, HOUSTON, TX, 77087","Match","Non_Exact","5615 S WAYSIDE DR, HOUSTON, TX, 77087","-95.319623817176,29.684252872999","96543602","L"
"3430","3634 GARTH RD STE A, BAYTOWN, TX, 77521","Match","Non_Exact","3634 GARTH RD, BAYTOWN, TX, 77521","-94.97730886103,29.761603702823","96627134","R"
"3428","6751 BISSONNET ST, HOUSTON, TX, 77074","Match","Exact","6751 BISSONNET ST, HOUSTON, TX, 77074","-95.501936621481,29.690196330044","96604117","L"
"3427","13626 VETERANS MEMORIAL DR STE H, HOUSTON, TX, 77014","Match","Non_Exact","13626 VETERANS MEMORIAL DR, HOUSTON, TX, 77014","-95.494131707261,29.982612966354","96577908","R"
"3426","4519 GRIGGS RD, HOUSTON, TX, 77021","Match","Exact","4519 GRIGGS RD, HOUSTON, TX, 77021","-95.348210168521,29.701724379081","655899657","L"
"3425","1431 SHAWNEE ST, HOUSTON, TX, 77034","Match","Exact","1431 SHAWNEE ST, HOUSTON, TX, 77034","-95.244880214367,29.646205999429","96094209","R"
"3424","174 YALE ST STE 800, HOUSTON, TX, 77007","Match","Exact","174 YALE ST, HOUSTON, TX, 77007","-95.398579075767,29.773606459894","96061301","R"
"3423","14145 CORPUS CHRISTI ST, HOUSTON, TX, 77015","Match","Exact","14145 CORPUS CHRISTI ST, HOUSTON, TX, 77015","-95.173040435924,29.782982281259","96098635","L"
"820","1705 JENKINS RD APT 487, PASADENA, TX, 77506","Match","Exact","1705 JENKINS RD, PASADENA, TX, 77506","-95.189784001681,29.696147099863","96611736","L"
"3422","2531 CHESTNUT RIDGE DR, KINGWOOD, TX, 77339","Match","Exact","2531 CHESTNUT RIDGE DR, KINGWOOD, TX, 77339","-95.24077110674,30.048788707177","96427402","L"
"821","3506 SOUTH HIGHWAY 6 SOUTH, HOUSTON, TX, 77082","Match","Non_Exact","3506 STATE HWY 6, HOUSTON, TX, 77082","-95.644244223008,29.718417216999","233349373","L"
"3421","7880 ROCKHILL ST STE B, HOUSTON, TX, 77061","Match","Non_Exact","7880 ROCKHILL ST, HOUSTON, TX, 77061","-95.276157972132,29.665513508546","96599877","R"
"822","15205 WESTHEIMER RD STE A, HOUSTON, TX, 77082","Match","Non_Exact","15205 WESTHEIMER RD, HOUSTON, TX, 77082","-95.653612431026,29.732428305926","233374001","L"
"823","13703 FM 529 RD STE A, HOUSTON, TX, 77041","Match","Non_Exact","13703 FM 529, HOUSTON, TX, 77041","-95.613340842859,29.879429510473","645760740","R"
"824","3115 ROLAND ST, HOUSTON, TX, 77026","Match","Exact","3115 ROLAND ST, HOUSTON, TX, 77026","-95.338169926699,29.791124820502","96068719","L"
"825","7844 AVENUE E, HOUSTON, TX, 77012","Match","Exact","7844 AVENUE E, HOUSTON, TX, 77012","-95.284280920661,29.732909075979","96083593","R"
"826","435 EL DORADO BLVD STE 10, WEBSTER, TX, 77598","Match","Exact","435 EL DORADO BLVD, WEBSTER, TX, 77598","-95.146227514007,29.558370209849","96589968","L"
"827","5202 S MAIN ST, CROSBY, TX, 77532","Match","Exact","5202 S MAIN ST, CROSBY, TX, 77532","-95.063639438479,29.905435685783","96052182","R"
"828","3902 S SHAVER ST, HOUSTON, TX, 77034","Match","Non_Exact","3902 S SHAVER ST EXD, HOUSTON, TX, 77034","-95.208016971666,29.650615115674","96596920","R"
"829","11900 VETERANS MEMORIAL DR, HOUSTON, TX, 77067","Match","Exact","11900 VETERANS MEMORIAL DR, HOUSTON, TX, 77067","-95.474011483242,29.955934924486","96658801","L"
"3429","929 FEDERAL RD STE A, HOUSTON, TX, 77015","Match","Non_Exact","929 FEDERAL RD, HOUSTON, TX, 77015","-95.216305368026,29.773654221223","96632688","L"
"2111","13314 WESTHEIMER RD, HOUSTON, TX, 77077","Match","Exact","13314 WESTHEIMER RD, HOUSTON, TX, 77077","-95.625078806385,29.735900741704","96133105","R"
"3442","2401 W LITTLE YORK RD, HOUSTON, TX, 77091","Match","Exact","2401 W LITTLE YORK RD, HOUSTON, TX, 77091","-95.446467541124,29.86342248875","96027663","L"
"2110","10555 WESTHEIMER RD STE F, HOUSTON, TX, 77042","Match","Non_Exact","10555 WESTHEIMER RD, HOUSTON, TX, 77042","-95.562181134383,29.736762666719","96619540","R"
"3441","2835 ANTOINE DR STE B, HOUSTON, TX, 77092","Match","Non_Exact","2835 ANTOINE DR, HOUSTON, TX, 77092","-95.474121560362,29.81245287837","96225178","L"
"3440","2110 GREENHOUSE RD STE A, HOUSTON, TX, 77084","No_Match"
"2108","10092 VETERANS MEMORIAL DR STE M, HOUSTON, TX, 77038","Match","Non_Exact","10092 MEMORIAL DR, HOUSTON, TX, 77024","-95.482722143102,29.777998418465","233403873","R"
"3439","1111 NAGLE ST, HOUSTON, TX, 77003","Match","Exact","1111 NAGLE ST, HOUSTON, TX, 77003","-95.350978575703,29.747271247162","96069920","L"
"2107","10064 ALMEDA GENOA RD, HOUSTON, TX, 77075","Match","Exact","10064 ALMEDA-GENOA RD, HOUSTON, TX, 77075","-95.23722073052,29.627546415272","644874118","R"
"3438","14226 CHEVY CHASE DR, HOUSTON, TX, 77077","Match","Exact","14226 CHEVY CHASE DR, HOUSTON, TX, 77077","-95.639089859082,29.742261633624","96021052","R"
"2106","2470 S DAIRY ASHFORD RD STE 811, HOUSTON, TX, 77077","Match","Exact","2470 S DAIRY ASHFORD RD, HOUSTON, TX, 77077","-95.605935434768,29.737291643696","96618896","L"
"3437","3344 CHIMNEY ROCK RD, HOUSTON, TX, 77056","Match","Exact","3344 CHIMNEY ROCK RD, HOUSTON, TX, 77056","-95.47646116472,29.72935093572","96033094","R"
"2105","10505 W FAIRMONT PKWY, LA PORTE, TX, 77571","Match","Exact","10505 W FAIRMONT PKWY, LA PORTE, TX, 77571","-95.071343927781,29.651961423032","96601634","L"
"3436","3220 FM 528 RD, FRIENDSWOOD, TX, 77546","Match","Non_Exact","3220 E FM 528 RD, FRIENDSWOOD, TX, 77546","-95.162061900929,29.522507794868","654299228","L"
"2104","1742 W MOUNT HOUSTON RD, HOUSTON, TX, 77038","Match","Exact","1742 W MOUNT HOUSTON RD, HOUSTON, TX, 77038","-95.437575950453,29.898008145922","649119327","L"
"3435","9804 JONES RD STE B, HOUSTON, TX, 77065","No_Match"
"830","24807 ALDINE WESTFIELD RD, SPRING, TX, 77373","Match","Exact","24807 ALDINE WESTFIELD RD, SPRING, TX, 77373","-95.404444772165,30.064919870339","96668352","L"
"2103","4800 W BELLFORT ST, HOUSTON, TX, 77035","Match","Exact","4800 W BELLFORT ST, HOUSTON, TX, 77035","-95.458985346486,29.671601158754","96604512","R"
"3434","411 MAIN ST, HOUSTON, TX, 77002","Match","Exact","411 MAIN ST, HOUSTON, TX, 77002","-95.361375170945,29.761353550688","96067506","L"
"831","11210 SOUTH POST OAK RD, HOUSTON, TX, 77035","Match","Exact","11210 S POST OAK RD, HOUSTON, TX, 77035","-95.463995447516,29.656086599595","96599104","R"
"2102","7202 WINDFERN RD, HOUSTON, TX, 77040","Match","Exact","7202 WINDFERN RD, HOUSTON, TX, 77040","-95.537218306009,29.875872128513","96024413","R"
"3433","11975 TIDWELL RD STE A, HOUSTON, TX, 77044","Match","Non_Exact","11975 TIDWELL RD, HOUSTON, TX, 77044","-95.221747478806,29.849546009978","96094917","L"
"832","12600 TELGE RD STE B, CYPRESS, TX, 77429","No_Match"
"2101","227 TIDWELL RD, HOUSTON, TX, 77022","Match","Exact","227 TIDWELL RD, HOUSTON, TX, 77022","-95.373650832622,29.845684812498","96057367","L"
"3432","19430 LONGENBAUGH RD, CYPRESS, TX, 77433","Match","Exact","19430 LONGENBAUGH RD, CYPRESS, TX, 77433","-95.701779525979,29.894838912511","645403064","R"
"833","411 ISAACKS RD, HUMBLE, TX, 77338","Match","Exact","411 ISAACKS RD, HUMBLE, TX, 77338","-95.250529180188,29.992904986564","96047462","L"
"834","1050 FEDERAL RD, HOUSTON, TX, 77015","Match","Exact","1050 FEDERAL RD, HOUSTON, TX, 77015","-95.215542876584,29.772793521802","96632688","R"
"835","10100 BEECHNUT ST, HOUSTON, TX, 77072","Match","Exact","10100 BEECHNUT ST, HOUSTON, TX, 77072","-95.559787982196,29.689715885128","96603560","R"
"836","8303 HIGHWAY 6 N STE B, HOUSTON, TX, 77095","Match","Non_Exact","8303 STATE HWY 6, HOUSTON, TX, 77095","-95.637590639007,29.897412938527","642106810","L"
"837","7106 CLAREWOOD DR, HOUSTON, TX, 77036","Match","Exact","7106 CLAREWOOD DR, HOUSTON, TX, 77036","-95.509892352634,29.708329395339","96609020","R"
"838","5328 FM 1960 RD E STE B, HUMBLE, TX, 77346","Match","Non_Exact","5328 FM 1960 RD E, HUMBLE, TX, 77346","-95.19865685302,29.998895753944","96578923","R"
"839","6117 WILCREST DR, HOUSTON, TX, 77072","Match","Exact","6117 WILCREST DR, HOUSTON, TX, 77072","-95.571340976114,29.71481442473","96613076","L"
"2109","5249 FRANZ RD, KATY, TX, 77493","Match","Exact","5249 FRANZ RD, KATY, TX, 77493","-95.807147121832,29.801731530747","642103960","R"
"2122","24924 MORTON RANCH RD, KATY, TX, 77493","No_Match"
"3453","12228 ANTOINE DR STE C, HOUSTON, TX, 77066","Match","Non_Exact","12228 ANTOINE DR, HOUSTON, TX, 77066","-95.479889501786,29.959964793942","642109052","R"
"2121","2719 S RICHEY ST, HOUSTON, TX, 77017","Match","Non_Exact","2719 RICHEY ST, HOUSTON, TX, 77017","-95.228207245778,29.680114198681","96102841","L"
"3452","6130 PINEMONT DR, HOUSTON, TX, 77092","Match","Exact","6130 PINEMONT DR, HOUSTON, TX, 77092","-95.481108518302,29.840402881357","96643460","R"
"2120","9002 CHESWICK DR, HOUSTON, TX, 77037","Match","Exact","9002 CHESWICK DR, HOUSTON, TX, 77037","-95.405131853327,29.88899500531","96053320","R"
"3451","5505 PAGEWOOD LN, HOUSTON, TX, 77056","Match","Exact","5505 PAGEWOOD LN, HOUSTON, TX, 77056","-95.473550672761,29.727212204087","96033261","L"
"3450","2424 DUNSTAN RD, HOUSTON, TX, 77005","Match","Exact","2424 DUNSTAN RD, HOUSTON, TX, 77005","-95.415422019308,29.719118349413","96063806","R"
"2119","10705 WESTHEIMER RD STE C, HOUSTON, TX, 77042","Match","Non_Exact","10705 WESTHEIMER RD, HOUSTON, TX, 77042","-95.565071017881,29.736712801349","96619375","R"
"2118","909 TEXAS ST UNIT 1015, HOUSTON, TX, 77002","Match","Exact","909 TEXAS ST, HOUSTON, TX, 77002","-95.36326219047,29.760479525665","96067499","L"
"3449","12655 STATE HIGHWAY 249, HOUSTON, TX, 77086","No_Match"
"2117","3663 WASHINGTON AVE STE 100, HOUSTON, TX, 77007","Match","Exact","3663 WASHINGTON AVE, HOUSTON, TX, 77007","-95.396634083134,29.769423643194","96062212","L"
"3448","7239 FAIRBANKS N HOUSTON RD STE 1, HOUSTON, TX, 77040","Match","Exact","7239 FAIRBANKS N HOUSTON RD, HOUSTON, TX, 77040","-95.524742054881,29.879566047509","96649135","L"
"2116","13310 CULLEN BLVD # F, HOUSTON, TX, 77047","Match","Non_Exact","13310 CULLEN BLVD, HOUSTON, TX, 77047","-95.355492570688,29.616411113315","96593692","R"
"3447","901 FAIR OAKS RD, HOUSTON, TX, 77023","Match","Exact","901 FAIR OAKS RD, HOUSTON, TX, 77023","-95.314579712039,29.730359563271","96616098","L"
"840","3701 ALDINE MAIL ROUTE RD, HOUSTON, TX, 77039","Match","Non_Exact","3701 ALDINE MAIL RD, HOUSTON, TX, 77039","-95.336283891787,29.902534487811","96046409","L"
"2115","11435 HALL RD, HOUSTON, TX, 77089","Match","Exact","11435 HALL RD, HOUSTON, TX, 77089","-95.228672029029,29.59591078191","642102538","L"
"3446","2718 SCOTT ST, HOUSTON, TX, 77004","Match","Exact","2718 SCOTT ST, HOUSTON, TX, 77004","-95.348939379449,29.731747986515","96073369","R"
"841","2128 FM 1960 RD, HOUSTON, TX, 77073","Match","Non_Exact","2128 FM 1960 RD W, HOUSTON, TX, 77073","-95.460154796466,30.009086560039","96582038","R"
"2114","5319 CYPRESS ST, PASADENA, TX, 77503","Match","Exact","5319 CYPRESS ST, PASADENA, TX, 77503","-95.159951040817,29.674286854822","96105226","L"
"3445","9005 IRVINGTON BLVD, HOUSTON, TX, 77022","Match","Exact","9005 IRVINGTON BLVD, HOUSTON, TX, 77022","-95.362327314144,29.841659893806","96057443","L"
"842","6743 AIRLINE DR, HOUSTON, TX, 77076","Match","Exact","6743 AIRLINE DR, HOUSTON, TX, 77076","-95.384788001859,29.860524644255","649902755","L"
"2113","3421 SAMPSON ST, HOUSTON, TX, 77004","Match","Exact","3421 SAMPSON ST, HOUSTON, TX, 77004","-95.354101380766,29.72690163949","96073269","L"
"3444","6101 GLENMONT DR STE A, HOUSTON, TX, 77081","No_Match"
"843","2580 SHEARN, HOUSTON, TX, 77007","Match","Non_Exact","2580 SHEARN ST, HOUSTON, TX, 77007","-95.383955920194,29.774575486335","96065716","R"
"2112","3126 FM 528 RD, WEBSTER, TX, 77598","Match","Exact","3126 FM 528 RD, WEBSTER, TX, 77598","-95.157354207788,29.522995226874","654299384","L"
"3443","23119 COLONIAL PKWY STE B15, KATY, TX, 77449","Match","Exact","23119 COLONIAL PKWY, KATY, TX, 77449","-95.773288971554,29.793769502255","638127944","R"
"844","3715 CYPRESS CREEK PKWY, HOUSTON, TX, 77068","No_Match"
"845","250 W 20TH ST STE 100, HOUSTON, TX, 77008","Match","Exact","250 W 20TH ST, HOUSTON, TX, 77008","-95.400339505671,29.803891745985","96055369","L"
"846","100 SHARPSTOWN CTR STE 1240, HOUSTON, TX, 77036","Match","Exact","100 SHARPSTOWN CENTER, HOUSTON, TX, 77036","-95.516652497081,29.705524114809","96609115","R"
"847","4375 HIGHWAY 6 N, HOUSTON, TX, 77084","Match","Non_Exact","4375 STATE HWY 6, HOUSTON, TX, 77084","-95.645749974276,29.837780727746","96642518","L"
"848","301 CEDAR BAYOU RD, BAYTOWN, TX, 77520","Match","Exact","301 CEDAR BAYOU RD, BAYTOWN, TX, 77520","-94.961632331779,29.747876335387","96622948","R"
"849","3262 WESTHEIMER RD # 949, HOUSTON, TX, 77098","Match","Exact","3262 WESTHEIMER RD, HOUSTON, TX, 77098","-95.425208409655,29.742188547138","96062769","R"
"2133","101 W SOUTHMORE AVE, PASADENA, TX, 77502","Match","Exact","101 W SOUTHMORE AVE, PASADENA, TX, 77502","-95.211904543838,29.690730339731","96102992","L"
"3464","9111 CYPRESS CREEK PKWY STE B, HOUSTON, TX, 77070","No_Match"
"2132","13159 NORTHWEST FWY, HOUSTON, TX, 77040","Match","Exact","13159 NORTHWEST FWY, HOUSTON, TX, 77040","-95.503934308724,29.84755931611","96643210","L"
"3463","9611 KEMPWOOD DR, HOUSTON, TX, 77080","Match","Exact","9611 KEMPWOOD DR, HOUSTON, TX, 77080","-95.52971752201,29.821851500084","644636244","L"
"2131","5001 TREASCHWIG RD STE A, SPRING, TX, 77373","Match","Non_Exact","5001 TREASCHWIG RD, SPRING, TX, 77373","-95.35498321261,30.040706126685","642113117","L"
"3462","6206 DECKER DR, BAYTOWN, TX, 77520","Match","Exact","6206 DECKER DR, BAYTOWN, TX, 77520","-95.033006611522,29.783897784321","96634052","R"
"2130","2711 N MAIN ST, BAYTOWN, TX, 77521","Match","Exact","2711 N MAIN ST, BAYTOWN, TX, 77521","-94.963903186779,29.751529745844","233401165","L"
"3461","23119 COLONIAL PKWY STE A12, KATY, TX, 77449","Match","Exact","23119 COLONIAL PKWY, KATY, TX, 77449","-95.773288971554,29.793769502255","638127944","R"
"3460","9938 BELLAIRE BLVD STE E, HOUSTON, TX, 77036","Match","Non_Exact","9938 BELLAIRE BLVD, HOUSTON, TX, 77036","-95.555929808969,29.704632193884","638594571","R"
"2129","128 E PARKER RD, HOUSTON, TX, 77076","Match","Exact","128 E PARKER RD, HOUSTON, TX, 77076","-95.397232016176,29.859575869293","96053802","R"
"2128","4351 TULIP OAK DR, HOUSTON, TX, 77068","Match","Exact","4351 TULIP OAK DR, HOUSTON, TX, 77068","-95.50103236594,29.993633210022","656052676","L"
"3459","520 W MAIN ST, TOMBALL, TX, 77375","Match","Non_Exact","520 W MAIN, TOMBALL, TX, 77375","-95.61834018704,30.096265619466","96002146","L"
"850","12675 FONDREN RD, HOUSTON, TX, 77035","Match","Exact","12675 FONDREN RD, HOUSTON, TX, 77035","-95.508198487518,29.638815768423","96595568","R"
"2127","14130 FM 2100 RD, CROSBY, TX, 77532","Match","Non_Exact","14130 FM 2100, CROSBY, TX, 77532","-95.063227041035,29.889132779739","96100406","R"
"3458","4880 LOUETTA RD, SPRING, TX, 77388","Match","Exact","4880 LOUETTA RD, SPRING, TX, 77388","-95.488349649663,30.040753978257","644891285","L"
"851","7016 FRY RD STE B3, CYPRESS, TX, 77433","Match","Exact","7016 FRY RD, CYPRESS, TX, 77433","-95.723808093623,29.880138488792","642106101","L"
"2126","11514 HIGHLAND MEADOW DR, HOUSTON, TX, 77089","Match","Exact","11514 HIGHLAND MEADOW DR, HOUSTON, TX, 77089","-95.212794945918,29.589695850267","96562010","R"
"3457","7004 BELLFORT ST, HOUSTON, TX, 77087","Match","Exact","7004 BELLFORT ST, HOUSTON, TX, 77087","-95.305756480865,29.669095082125","655855900","R"
"852","21803 MORTON RD STE 110, KATY, TX, 77493","No_Match"
"2125","7313 HILLCROFT ST, HOUSTON, TX, 77081","Match","Exact","7313 HILLCROFT ST, HOUSTON, TX, 77081","-95.492916567622,29.699080856203","96031904","L"
"3456","14850 WUNDERLICH DR, HOUSTON, TX, 77069","Match","Exact","14850 WUNDERLICH DR, HOUSTON, TX, 77069","-95.512447171014,29.99543489329","233348543","R"
"853","1291 N POST OAK RD STE 180, HOUSTON, TX, 77055","Match","Exact","1291 N POST OAK RD, HOUSTON, TX, 77055","-95.457044742053,29.79084942295","96631315","L"
"2124","210 W GREENS RD STE A, HOUSTON, TX, 77067","Match","Non_Exact","210 W GREENS RD, HOUSTON, TX, 77067","-95.420474806555,29.949060337708","96656204","L"
"3455","7026 SCOTT ST, HOUSTON, TX, 77021","Match","Exact","7026 SCOTT ST, HOUSTON, TX, 77021","-95.363627410821,29.68888125779","96088344","R"
"854","5107 EAST FWY, BAYTOWN, TX, 77521","Match","Exact","5107 EAST FWY, BAYTOWN, TX, 77521","-94.97921635055,29.805468937753","96638233","L"
"2123","811 S MASON RD # 158, KATY, TX, 77450","Match","Exact","811 S MASON RD, KATY, TX, 77450","-95.751570569506,29.773107159992","233401348","L"
"3454","10017 W MONTGOMERY RD, HOUSTON, TX, 77088","Match","Exact","10017 W MONTGOMERY RD, HOUSTON, TX, 77088","-95.453539466833,29.887499812949","96649321","L"
"855","12790 SCARSDALE BLVD, HOUSTON, TX, 77089","Match","Exact","12790 SCARSDALE BLVD, HOUSTON, TX, 77089","-95.20135734547,29.595902362837","233352439","R"
"856","3700 BARKER CYPRESS RD STE 100, HOUSTON, TX, 77084","Match","Exact","3700 BARKER CYPRESS RD, HOUSTON, TX, 77084","-95.68650949509,29.82410604451","642104460","R"
"857","10251 KEMPWOOD DR, HOUSTON, TX, 77043","Match","Exact","10251 KEMPWOOD DR, HOUSTON, TX, 77043","-95.545886664186,29.822667178581","96638956","L"
"858","13646 BISSONNET ST STE D, HOUSTON, TX, 77083","Match","Non_Exact","13646 BISSONNET ST, HOUSTON, TX, 77083","-95.622695805017,29.681075704133","96602774","L"
"859","12333 JONES RD, HOUSTON, TX, 77070","Match","Exact","12333 JONES RD, HOUSTON, TX, 77070","-95.584960410037,29.953279103983","642187986","L"
"2144","1360 W 43RD ST, HOUSTON, TX, 77018","Match","Exact","1360 W 43RD ST, HOUSTON, TX, 77018","-95.433523524612,29.828292287289","96054088","R"
"3475","15222 RIO PLAZA DR, HOUSTON, TX, 77083","Match","Exact","15222 RIO PLAZA DR, HOUSTON, TX, 77083","-95.65468108727,29.703087254347","96017625","L"
"2143","10218 WESTHEIMER RD STE D&E, HOUSTON, TX, 77042","Match","Non_Exact","10218 WESTHEIMER RD, HOUSTON, TX, 77042","-95.553957345773,29.737134108059","233387355","L"
"3474","27722 STATE HIGHWAY 249, TOMBALL, TX, 77375","No_Match"
"2142","707 N SHEPHERD DR STE 500, HOUSTON, TX, 77007","Match","Exact","707 N SHEPHERD DR, HOUSTON, TX, 77007","-95.409762117111,29.783591458904","644891564","L"
"3473","6172 HIGHWAY 6 N, HOUSTON, TX, 77084","Match","Non_Exact","6172 STATE HWY 6, HOUSTON, TX, 77084","-95.645156730673,29.870745514954","233347525","R"
"2141","17225 CROSBY FWY, HOUSTON, TX, 77049","No_Match"
"3472","5403 SONORA ST, HOUSTON, TX, 77020","Match","Exact","5403 SONORA ST, HOUSTON, TX, 77020","-95.317252239878,29.769880997431","96625660","L"
"2140","7590 FALLBROOK DR STE 5, HOUSTON, TX, 77086","Match","Exact","7590 FALLBROOK DR, HOUSTON, TX, 77086","-95.501839266556,29.924591534594","233437667","R"
"3471","2930 E WALLISVILLE RD, HIGHLANDS, TX, 77562","Match","Exact","2930 E WALLISVILLE RD, HIGHLANDS, TX, 77562","-95.01811377501,29.8196053043","649849874","R"
"3470","3040 FM 1960 RD STE 156, HOUSTON, TX, 77073","Match","Non_Exact","3040 FM 1960 RD E, HOUSTON, TX, 77073","-95.381584356995,30.020568820266","96578725","R"
"860","2903 VOLLMER RD, HOUSTON, TX, 77092","Match","Exact","2903 VOLLMER RD, HOUSTON, TX, 77092","-95.450161578084,29.814205993549","96028983","L"
"2139","4811 BELLFORT ST, HOUSTON, TX, 77033","Match","Exact","4811 BELLFORT ST, HOUSTON, TX, 77033","-95.355242469445,29.669005779382","96599536","L"
"861","4620 N MAIN ST, HOUSTON, TX, 77009","Match","Exact","4620 N MAIN ST, HOUSTON, TX, 77009","-95.381492531585,29.797194523275","96065354","R"
"2138","8702 TELEPHONE RD, HOUSTON, TX, 77061","Match","Exact","8702 TELEPHONE RD, HOUSTON, TX, 77061","-95.288796193701,29.641856068894","649906402","R"
"3469","11511 KATY FWY STE 640, HOUSTON, TX, 77079","Match","Exact","11511 KATY FWY, HOUSTON, TX, 77079","-95.586561365443,29.784092314715","96629981","L"
"862","14039 WALTERS RD, HOUSTON, TX, 77014","Match","Exact","14039 WALTERS RD, HOUSTON, TX, 77014","-95.479282442613,29.987262975773","96661010","L"
"2137","3502 LYDIA ST, HOUSTON, TX, 77021","Match","Exact","3502 LYDIA ST, HOUSTON, TX, 77021","-95.374887184724,29.685133801785","96088110","R"
"3468","888 WESTHEIMER RD STE 157, HOUSTON, TX, 77006","Match","Exact","888 WESTHEIMER RD, HOUSTON, TX, 77006","-95.390379059464,29.74472810251","96064586","R"
"863","29220 HUFFMAN CLEVELAND RD STE D, HUFFMAN, TX, 77336","Match","Non_Exact","29220 HUFFMAN CLEVELAND RD, HUFFMAN, TX, 77336","-95.110927837594,30.07763997859","645843181","R"
"2136","19416 PARK ROW STE 100, HOUSTON, TX, 77084","Match","Non_Exact","19416 PARK ROW DR, HOUSTON, TX, 77084","-95.711458520175,29.791447103886","96634892","L"
"3467","12325 EAST FWY, HOUSTON, TX, 77015","Match","Exact","12325 EAST FWY, HOUSTON, TX, 77015","-95.219280281885,29.770766750876","96146643","L"
"864","5085 WESTHEIMER RD STE TT116, HOUSTON, TX, 77056","Match","Non_Exact","5085 WESTHEIMER RD, HOUSTON, TX, 77056","-95.462906681388,29.740630241244","649110418","L"
"2135","3511 HILLCROFT ST, HOUSTON, TX, 77057","Match","Exact","3511 HILLCROFT ST, HOUSTON, TX, 77057","-95.501078368282,29.727484440523","96614342","L"
"3466","8631 BEECHNUT ST, HOUSTON, TX, 77036","Match","Exact","8631 BEECHNUT ST, HOUSTON, TX, 77036","-95.536559825897,29.690735717708","96608822","L"
"865","5815 BISSONNET ST, BELLAIRE, TX, 77401","Match","Exact","5815 BISSONNET ST, BELLAIRE, TX, 77401","-95.482777336201,29.700018622542","96033399","L"
"2134","24307 ALDINE WESTFIELD RD STE 1, SPRING, TX, 77373","Match","Exact","24307 ALDINE WESTFIELD RD, SPRING, TX, 77373","-95.398075442166,30.058353499246","96668356","R"
"3465","4923 LOUETTA RD, SPRING, TX, 77379","Match","Exact","4923 LOUETTA RD, SPRING, TX, 77379","-95.48905949797,30.039919793967","642113264","L"
"866","3117 FOREST OAKS BLVD, HOUSTON, TX, 77017","Match","Exact","3117 FOREST OAKS BLVD, HOUSTON, TX, 77017","-95.240387753732,29.670868165916","96606307","L"
"867","4501 BISSONNET ST, BELLAIRE, TX, 77401","Match","Exact","4501 BISSONNET ST, BELLAIRE, TX, 77401","-95.451783987151,29.715801289262","641977569","R"
"868","2020 NASA PKWY STE 260, NASSAU BAY, TX, 77058","Match","Non_Exact","2020 E NASA PKWY, HOUSTON, TX, 77058","-95.088700132182,29.551509719975","233350838","R"
"869","4702 LYONS AVE, HOUSTON, TX, 77020","Match","Exact","4702 LYONS AVE, HOUSTON, TX, 77020","-95.322770854593,29.776185502376","96079417","R"
"2155","10165 N ELDRIDGE PKWY STE A, HOUSTON, TX, 77065","No_Match"
"3486","227 N MAIN ST STE B, HIGHLANDS, TX, 77562","Match","Non_Exact","227 N MAIN ST, HIGHLANDS, TX, 77562","-95.057154946092,29.817771125177","96100976","R"
"2154","2330 S SHEPHERD DR, HOUSTON, TX, 77019","Match","Exact","2330 S SHEPHERD DR, HOUSTON, TX, 77019","-95.410713747378,29.745208913945","96063996","R"
"3485","426 E LITTLE YORK RD, HOUSTON, TX, 77076","Match","Exact","426 E LITTLE YORK RD, HOUSTON, TX, 77076","-95.394064492884,29.869880742575","96053777","R"
"2153","2902 ALMEDA GENOA RD STE B-4, HOUSTON, TX, 77047","Match","Exact","2902 ALMEDA-GENOA RD, HOUSTON, TX, 77047","-95.378471590704,29.614404558675","644742977","R"
"3484","630 S SAM HOUSTON PKWY W STE A, HOUSTON, TX, 77047","Match","Non_Exact","630 W SAM HOUSTON PKWY S, HOUSTON, TX, 77024","-95.562367288228,29.773970991431","638163054","L"
"2152","20300 FRANZ RD, KATY, TX, 77449","Match","Exact","20300 FRANZ RD, KATY, TX, 77449","-95.739162825554,29.801742648982","96014328","L"
"3483","14519 CULLEN BLVD STE A, HOUSTON, TX, 77047","Match","Non_Exact","14519 CULLEN BLVD, HOUSTON, TX, 77047","-95.352627422519,29.597048949016","96549127","L"
"2151","822 W LITTLE YORK RD STE 4, HOUSTON, TX, 77091","Match","Exact","822 W LITTLE YORK RD, HOUSTON, TX, 77091","-95.418141956918,29.867262727028","96053136","R"
"3482","11078 VETERANS MEMORIAL DR, HOUSTON, TX, 77067","Match","Exact","11078 VETERANS MEMORIAL DR, HOUSTON, TX, 77067","-95.463677106329,29.942421969962","642108195","R"
"2150","1640 S MASON RD, KATY, TX, 77450","Match","Exact","1640 S MASON RD, KATY, TX, 77450","-95.751661898635,29.758751987664","96623306","L"
"3481","22506 STATE HIGHWAY 249, HOUSTON, TX, 77070","No_Match"
"3480","20708 KUYKENDAHL RD, SPRING, TX, 77379","No_Match"
"870","11242 S GESSNER DR, HOUSTON, TX, 77071","Match","Exact","11242 S GESSNER DR, HOUSTON, TX, 77071","-95.528103498475,29.656669327948","96552284","L"
"871","12425 JOHN F KENNEDY BLVD STE 100, HOUSTON, TX, 77039","Match","Exact","12425 JOHN F KENNEDY BLVD, HOUSTON, TX, 77039","-95.332020872505,29.904987497414","640061676","L"
"872","7220 ANTOINE DR, HOUSTON, TX, 77088","Match","Exact","7220 ANTOINE DR, HOUSTON, TX, 77088","-95.472809033738,29.865857993716","96027067","R"
"2149","4627 N HIGHWAY 146 STE B, BAYTOWN, TX, 77520","Match","Non_Exact","4627 STATE HWY 146, BAYTOWN, TX, 77520","-94.919842292476,29.76726557408","233398798","R"
"873","11228 AIRLINE DR, HOUSTON, TX, 77037","Match","Exact","11228 AIRLINE DR, HOUSTON, TX, 77037","-95.406403424898,29.919170576104","96653974","R"
"2148","11226 AIRLINE DR, HOUSTON, TX, 77037","Match","Exact","11226 AIRLINE DR, HOUSTON, TX, 77037","-95.406331065471,29.918973758425","96653974","R"
"3479","11360 BELLAIRE BLVD STE 710, HOUSTON, TX, 77072","Match","Exact","11360 BELLAIRE BLVD, HOUSTON, TX, 77072","-95.581312912723,29.703835945591","96608372","R"
"874","7211 FM 1960 RD W STE 260, HUMBLE, TX, 77338","Match","Non_Exact","7211 F-M 1960 RD W, HUMBLE, TX, 77338","-95.315487505186,30.006062361235","642111746","L"
"2147","11900 VETERANS MEMORIAL DR, HOUSTON, TX, 77067","Match","Exact","11900 VETERANS MEMORIAL DR, HOUSTON, TX, 77067","-95.474011483242,29.955934924486","96658801","L"
"3478","7055 HIGHWAY 6 N STE A, HOUSTON, TX, 77095","Match","Non_Exact","7055 STATE HWY 6, HOUSTON, TX, 77095","-95.645281511673,29.88257787628","233347648","L"
"875","2301 MAIN ST, SOUTH HOUSTON, TX, 77587","Match","Exact","2301 MAIN ST, SOUTH HOUSTON, TX, 77587","-95.233461123737,29.65271602148","96094278","L"
"2146","8420 S SAM HOUSTON PKWY W STE 110, HOUSTON, TX, 77085","Match","Non_Exact","8420 SAM HOUSTON PKWY, HOUSTON, TX, 77085","-95.509010461751,29.621372305912","638166529","R"
"3477","12205 WEST RD, HOUSTON, TX, 77065","Match","Exact","12205 WEST RD, HOUSTON, TX, 77065","-95.595949538457,29.903067394639","96553231","R"
"876","902 S ALLEN GENOA RD STE A, SOUTH HOUSTON, TX, 77587","Match","Non_Exact","902 S ALLEN-GENOA RD, SOUTH HOUSTON, TX, 77587","-95.210143291031,29.657507805929","96103773","R"
"2145","22165 FM 529 RD, KATY, TX, 77493","Match","Non_Exact","22165 FM 529, KATY, TX, 77449","-95.772351468791,29.875101829499","96012671","L"
"3476","7127 FANNIN ST, HOUSTON, TX, 77030","Match","Exact","7127 FANNIN ST, HOUSTON, TX, 77030","-95.401667046608,29.69976838016","96609948","L"
"877","13600 EAST FWY, HOUSTON, TX, 77015","Match","Exact","13600 EAST FWY, HOUSTON, TX, 77015","-95.183223179395,29.770094158113","642209329","R"
"878","3400 S SHAVER ST STE A, SOUTH HOUSTON, TX, 77587","No_Match"
"879","225 MAIN ST, HOUSTON, TX, 77002","Match","Exact","225 MAIN ST, HOUSTON, TX, 77002","-95.360255678272,29.762759756541","96069312","L"
"2166","9393 BELLAIRE BLVD STE G, HOUSTON, TX, 77036","Match","Non_Exact","9393 BELLAIRE BLVD, HOUSTON, TX, 77036","-95.548093680891,29.704834910604","96608842","L"
"3497","3370 SHAVER ST, PASADENA, TX, 77504","Match","Exact","3370 SHAVER ST, PASADENA, TX, 77504","-95.208271065142,29.659348451727","96600548","R"
"2165","6927 FM 1960 RD W STE F, HOUSTON, TX, 77069","Match","Non_Exact","6927 FM 1960 RD W, HOUSTON, TX, 77069","-95.533308437346,29.9685376056","233348096","R"
"3496","3001 WOODLAND HILLS DR, KINGWOOD, TX, 77339","Match","Exact","3001 WOODLAND HILLS DR, KINGWOOD, TX, 77339","-95.212975155134,30.056014747372","96048115","L"
"2164","426 CROSSTIMBERS ST, HOUSTON, TX, 77022","Match","Exact","426 CROSSTIMBERS ST, HOUSTON, TX, 77022","-95.394411082025,29.82846796972","96055010","R"
"3495","5960 FAIRMONT PKWY STE 110, PASADENA, TX, 77505","Match","Exact","5960 FAIRMONT PKWY, PASADENA, TX, 77505","-95.149624195166,29.649563843468","96597386","L"
"2163","10601 MARTIN LUTHER KING BLVD, HOUSTON, TX, 77048","Match","Exact","10601 MARTIN LUTHER KING JR BLVD, HOUSTON, TX, 77048","-95.336843107382,29.643817736419","96090678","L"
"3494","2239 RICHMOND AVE, HOUSTON, TX, 77098","Match","Exact","2239 RICHMOND AVE, HOUSTON, TX, 77098","-95.41375336094,29.734144869718","96063289","L"
"2162","22750 MORTON RANCH RD, KATY, TX, 77449","No_Match"
"3493","12039 ANTOINE DR STE 180, HOUSTON, TX, 77066","Match","Exact","12039 ANTOINE DR, HOUSTON, TX, 77066","-95.480629340574,29.959619361061","642109052","L"
"2161","5919 S GESSNER RD, HOUSTON, TX, 77036","Match","Non_Exact","5919 GESSNER RD, HOUSTON, TX, 77041","-95.545214294079,29.854151820724","96019325","L"
"3492","2520 AIRLINE DR # G752, HOUSTON, TX, 77009","Match","Exact","2520 AIRLINE DR, HOUSTON, TX, 77009","-95.381946712073,29.810069603101","96057887","R"
"2160","4914 1/2 LOCKWOOD DR, HOUSTON, TX, 77026","Match","Non_Exact","4914 1/2 LOCKWOOD DR, HOUSTON, TX, 77026","-95.316979130661,29.805091306148","96076608","R"
"3491","2600 CALLIE ST, HOUSTON, TX, 77004","Match","Exact","2600 CALLIE ST, HOUSTON, TX, 77004","-95.345541436645,29.73150440192","96073792","R"
"3490","10103 FONDREN RD STE 1000, HOUSTON, TX, 77096","Match","Exact","10103 FONDREN RD, HOUSTON, TX, 77096","-95.508485261374,29.669697325121","96598744","L"
"880","20311 CHAMPION FOREST DR, SPRING, TX, 77379","Match","Exact","20311 CHAMPION FOREST DR, SPRING, TX, 77379","-95.575156948309,30.055535608247","650493388","L"
"881","5417 HARRISBURG BLVD, HOUSTON, TX, 77011","Match","Exact","5417 HARRISBURG BLVD, HOUSTON, TX, 77011","-95.321247017577,29.741571196004","96082068","L"
"882","9003 WESTHEIMER RD, HOUSTON, TX, 77063","Match","Exact","9003 WESTHEIMER RD, HOUSTON, TX, 77063","-95.523101133538,29.737250067711","96619799","L"
"883","25819 CYPRESSWOOD DR, SPRING, TX, 77373","No_Match"
"884","8110 IRVINGTON BLVD, HOUSTON, TX, 77022","Match","Exact","8110 IRVINGTON BLVD, HOUSTON, TX, 77022","-95.361301161475,29.835770296465","233418716","L"
"2159","2646 S SHEPHERD DR, HOUSTON, TX, 77098","Match","Exact","2646 S SHEPHERD DR, HOUSTON, TX, 77098","-95.410781516893,29.741314089203","96620853","R"
"885","2620 S RICHEY ST, HOUSTON, TX, 77017","Match","Non_Exact","2620 RICHEY ST, HOUSTON, TX, 77017","-95.22795162065,29.680528445923","96102841","R"
"2158","4025 HIGHWAY 6 N STE 105A, HOUSTON, TX, 77084","Match","Non_Exact","4025 STATE HWY 6, HOUSTON, TX, 77082","-95.644119682778,29.721036080962","645391324","R"
"3489","4145 GESSNER RD STE A, HOUSTON, TX, 77080","Match","Non_Exact","4145 GESSNER RD, HOUSTON, TX, 77080","-95.545383024572,29.831574257247","636936207","L"
"886","11528 BELLAIRE BLVD STE E, HOUSTON, TX, 77072","Match","Non_Exact","11528 BELLAIRE BLVD, HOUSTON, TX, 77072","-95.582541835034,29.703832117384","96608375","R"
"2157","5251 FM 2920 RD, SPRING, TX, 77388","Match","Non_Exact","5251 FM 2920, SPRING, TX, 77388","-95.500994765756,30.074013978757","642114071","L"
"3488","1418 GEARS RD STE A, HOUSTON, TX, 77067","Match","Non_Exact","1418 GEARS RD, HOUSTON, TX, 77067","-95.441929192181,29.94611540686","96012025","R"
"887","1701 N MAIN ST, BAYTOWN, TX, 77520","Match","Exact","1701 N MAIN ST, BAYTOWN, TX, 77520","-94.963753331428,29.744169438533","96110510","L"
"2156","22850 MORTON RANCH RD, KATY, TX, 77449","No_Match"
"3487","12289 W HOUSTON CENTER BLVD STE C, HOUSTON, TX, 77082","No_Match"
"888","10103 FONDREN RD STE 150, HOUSTON, TX, 77096","Match","Exact","10103 FONDREN RD, HOUSTON, TX, 77096","-95.508485261374,29.669697325121","96598744","L"
"889","9700 CLUB CREEK DR STE A, HOUSTON, TX, 77036","Match","Non_Exact","9700 CLUB CREEK DR, HOUSTON, TX, 77036","-95.547440482708,29.679441380494","96603913","R"
"2177","5104 HARRISBURG BLVD, HOUSTON, TX, 77011","Match","Exact","5104 HARRISBURG BLVD, HOUSTON, TX, 77011","-95.324242392341,29.742376650725","96081695","R"
"2176","3906 PINEMONT DR, HOUSTON, TX, 77018","Match","Exact","3906 PINEMONT DR, HOUSTON, TX, 77018","-95.442052890771,29.841153311838","641819468","R"
"2175","10810 S POST OAK RD, HOUSTON, TX, 77035","Match","Exact","10810 S POST OAK RD, HOUSTON, TX, 77035","-95.464076729503,29.664088865567","96039625","R"
"2174","10810 CHEEVES DR STE 100, HOUSTON, TX, 77016","Match","Exact","10810 CHEEVES DR, HOUSTON, TX, 77016","-95.292780918714,29.871746650114","96075628","R"
"2173","5108 SPRUCE ST, BELLAIRE, TX, 77401","Match","Exact","5108 SPRUCE ST, BELLAIRE, TX, 77401","-95.468180196802,29.70797023463","96033593","R"
"2172","5805 PINEMONT DR, HOUSTON, TX, 77092","Match","Exact","5805 PINEMONT DR, HOUSTON, TX, 77092","-95.473352505401,29.840882248154","96028024","L"
"2171","11617 KATY FWY STE A, HOUSTON, TX, 77079","Match","Non_Exact","11617 KATY FWY, HOUSTON, TX, 77079","-95.58798963136,29.784093820632","96629660","L"
"890","2401 W LITTLE YORK RD, HOUSTON, TX, 77091","Match","Exact","2401 W LITTLE YORK RD, HOUSTON, TX, 77091","-95.446467541124,29.86342248875","96027663","L"
"2170","6065 BISSONNET ST, HOUSTON, TX, 77081","Match","Exact","6065 BISSONNET ST, HOUSTON, TX, 77081","-95.487963468711,29.697349683108","96609489","L"
"891","13811 CYPRESS NORTH HOUSTON RD, CYPRESS, TX, 77429","Match","Exact","13811 CYPRESS NORTH HOUSTON RD, CYPRESS, TX, 77429","-95.629085357673,29.947365477924","96579474","R"
"892","2800 N TERMINAL RD STE A-7, HOUSTON, TX, 77032","Match","Exact","2800 N TERMINAL RD, HOUSTON, TX, 77032","-95.348412711738,29.987351671091","96044412","L"
"893","19125 W LITTLE YORK RD, KATY, TX, 77449","Match","Exact","19125 W LITTLE YORK RD, KATY, TX, 77449","-95.701995476595,29.864682497254","642105469","R"
"894","8674 S BRAESWOOD BLVD, HOUSTON, TX, 77031","Match","Exact","8674 S BRAESWOOD BLVD, HOUSTON, TX, 77031","-95.53079154902,29.671563378174","96603795","R"
"895","3611 COCHRAN ST, HOUSTON, TX, 77009","Match","Exact","3611 COCHRAN ST, HOUSTON, TX, 77009","-95.356112451463,29.793308033103","96067921","L"
"896","9637 TELEPHONE RD, HOUSTON, TX, 77075","Match","Exact","9637 TELEPHONE RD, HOUSTON, TX, 77075","-95.285407632245,29.625922880097","96593951","L"
"2169","9939 BESSEMER ST STE A, HOUSTON, TX, 77034","Match","Non_Exact","9939 BESSEMER ST, HOUSTON, TX, 77034","-95.236718189419,29.637699769121","96596700","L"
"897","1660 WESTHEIMER RD STE AANDB, HOUSTON, TX, 77006","Match","Non_Exact","1660 WESTHEIMER RD, HOUSTON, TX, 77006","-95.4015212071,29.742847103272","96064140","R"
"2168","25720 KUYKENDAHL RD STE 120, TOMBALL, TX, 77375","Match","Exact","25720 KUYKENDAHL RD, TOMBALL, TX, 77375","-95.553375451555,30.134888030657","644995892","L"
"3499","11831 RUBY SUMMERS RD, HOUSTON, TX, 77089","Match","Exact","11831 RUBY SUMMERS RD, HOUSTON, TX, 77089","-95.198719913321,29.575305743563","651858048","R"
"898","3700 BARKER CYPRESS RD STE A, HOUSTON, TX, 77084","Match","Non_Exact","3700 BARKER CYPRESS RD, HOUSTON, TX, 77084","-95.68650949509,29.82410604451","642104460","R"
"2167","7784 FAIRBANKS N HOUSTON RD, HOUSTON, TX, 77040","Match","Exact","7784 FAIRBANKS N HOUSTON RD, HOUSTON, TX, 77040","-95.524798619119,29.892670159086","96651516","R"
"3498","1291 N POST OAK RD STE 120, HOUSTON, TX, 77055","Match","Exact","1291 N POST OAK RD, HOUSTON, TX, 77055","-95.457044742053,29.79084942295","96631315","L"
"899","2770 N SAM HOUSTON PKWY W, HOUSTON, TX, 77038","Match","Non_Exact","2770 SAM HOUSTON PKWY, HOUSTON, TX, 77038","-95.460149205273,29.938086976673","638179463","L"
"2180","10420 EASTEX FWY, HOUSTON, TX, 77093","Match","Exact","10420 EASTEX FWY, HOUSTON, TX, 77093","-95.332638384356,29.86308733671","96586327","R"
"2188","503 W NASA RD 1 STE 300, WEBSTER, TX, 77598","Match","Exact","503 W NASA RD 1, WEBSTER, TX, 77598","-95.122111141603,29.534677158103","96116157","L"
"2187","1131 UPTOWN PARK BLVD STE 8, HOUSTON, TX, 77056","Match","Exact","1131 UPTOWN PARK BLVD, HOUSTON, TX, 77056","-95.457642777491,29.756177959009","96295058","R"
"2186","8500 MAIN ST, HOUSTON, TX, 77025","Match","Exact","8500 MAIN ST, HOUSTON, TX, 77025","-95.41755907024,29.690606971697","642866556","R"
"2185","8102 BRINKWORTH LN, HOUSTON, TX, 77070","Match","Exact","8102 BRINKWORTH LN, HOUSTON, TX, 77070","-95.556561724113,29.982526059662","96005715","L"
"2184","303 MEMORIAL CITY STE 292, HOUSTON, TX, 77024","No_Match"
"2183","8998 WILL CLAYTON PKWY, HUMBLE, TX, 77338","Match","Exact","8998 WILL CLAYTON PKWY, HUMBLE, TX, 77338","-95.248477017551,29.979078079308","655903245","R"
"2182","503 ILLINOIS ST, SOUTH HOUSTON, TX, 77587","Match","Exact","503 ILLINOIS ST, SOUTH HOUSTON, TX, 77587","-95.235288173154,29.66200470605","96600276","R"
"2181","6830 WALLISVILLE RD, HOUSTON, TX, 77020","Match","Exact","6830 WALLISVILLE RD, HOUSTON, TX, 77020","-95.301873361788,29.787461960661","96080386","R"
"2179","8614 MEMORIAL DR, HOUSTON, TX, 77024","Match","Exact","8614 MEMORIAL DR, HOUSTON, TX, 77024","-95.457538119766,29.773403910487","233403974","R"
"2178","24910 KUYKENDAHL RD STE H, TOMBALL, TX, 77375","Match","Non_Exact","24910 KUYKENDAHL RD, TOMBALL, TX, 77375","-95.55454169771,30.119536159891","644676160","L"
"2191","6037 FRY RD STE 138, KATY, TX, 77449","Match","Exact","6037 FRY RD, KATY, TX, 77449","-95.719682404514,29.859531939161","635221705","L"
"2190","3708 EMANCIPATION AVE, HOUSTON, TX, 77004","No_Match"
"2199","6258 WESTHEIMER RD, HOUSTON, TX, 77057","Match","Exact","6258 WESTHEIMER RD, HOUSTON, TX, 77057","-95.494180196447,29.737803985472","233389901","R"
"2198","14215 FM 2100 RD, CROSBY, TX, 77532","Match","Non_Exact","14215 FM 2100, CROSBY, TX, 77532","-95.063430502308,29.892962981833","642188330","L"
"2197","537 KIRBY BLVD, PASADENA, TX, 77586","Match","Non_Exact","537 KIRBY RD, SEABROOK, TX, 77586","-95.058640344959,29.572560262317","96143145","L"
"2196","10002 STELLA LINK RD, HOUSTON, TX, 77025","Match","Exact","10002 STELLA LINK RD, HOUSTON, TX, 77025","-95.439932353997,29.673232360826","96040186","R"
"2195","122 N HOLDERRIETH BLVD UNIT 1261, TOMBALL, TX, 77375","Match","Non_Exact","122 HOLDERRIETH BLVD, TOMBALL, TX, 77375","-95.624913250351,30.094831663821","96670204","L"
"2194","105 KENNINGS RD STE 15, CROSBY, TX, 77532","Match","Exact","105 KENNINGS RD, CROSBY, TX, 77532","-95.063152421718,29.888790360805","96100411","L"
"2193","9235 N SAM HOUSTON PKWY E, HUMBLE, TX, 77396","Match","Non_Exact","9235 SAM HOUSTON PKWY, HUMBLE, TX, 77396","-95.253301374869,29.935128822481","638189525","L"
"2192","5103 FM 1960 RD E, HUMBLE, TX, 77346","Match","Exact","5103 FM 1960 RD E, HUMBLE, TX, 77346","-95.199529583401,29.999173047775","233492994","L"
"2189","2403 BAYAREA BLVD, HOUSTON, TX, 77058","Match","Non_Exact","2403 BAY AREA BLVD, HOUSTON, TX, 77058","-95.109529519714,29.572630739419","96115636","L"
"1701","4466 HIGHWAY 6 N, HOUSTON, TX, 77084","Match","Non_Exact","4466 STATE HWY 6, HOUSTON, TX, 77084","-95.645631370265,29.838857187367","642099718","R"
"1700","3642 UNIVERSITY BLVD, HOUSTON, TX, 77005","Match","Exact","3642 UNIVERSITY BLVD, HOUSTON, TX, 77005","-95.433368941259,29.714958326865","96615487","R"
"1709","20131 HIGHWAY 59 N STE 6500, HUMBLE, TX, 77338","No_Match"
"1708","5930 VALKEITH DR, HOUSTON, TX, 77096","Match","Exact","5930 VALKEITH DR, HOUSTON, TX, 77096","-95.49396338852,29.671932388996","96037843","R"
"1707","1701 W ALABAMA ST, HOUSTON, TX, 77098","Match","Exact","1701 W ALABAMA ST, HOUSTON, TX, 77098","-95.402051933569,29.738592045884","96064190","L"
"1706","16928 HIGHWAY 3, WEBSTER, TX, 77598","Match","Exact","16928 STATE HWY 3, WEBSTER, TX, 77598","-95.127438515963,29.547538466744","642478898","L"
"1705","401 E LITTLE YORK RD, HOUSTON, TX, 77076","Match","Exact","401 E LITTLE YORK RD, HOUSTON, TX, 77076","-95.39448723905,29.869990784931","96053777","L"
"1704","5851 SCOTT ST STE A, HOUSTON, TX, 77021","Match","Non_Exact","5851 SCOTT ST, HOUSTON, TX, 77021","-95.358243173766,29.705179852314","96074070","L"
"1703","9903 N HOUSTON ROSSLYN RD, HOUSTON, TX, 77088","Match","Exact","9903 N HOUSTON ROSSLYN RD, HOUSTON, TX, 77088","-95.494522295488,29.8861060125","96025047","L"
"1702","2680 HIGHWAY 6 S, HOUSTON, TX, 77082","Match","Non_Exact","2680 STATE HWY 6, HOUSTON, TX, 77082","-95.644036170004,29.729707440918","96017335","L"
"1712","15014 SPRING CYPRESS RD UNIT 145, CYPRESS, TX, 77429","Match","Exact","15014 SPRING CYPRESS RD, CYPRESS, TX, 77429","-95.655356538405,29.985597469707","644967269","R"
"1711","7950 FM 1960 RD W, HOUSTON, TX, 77070","Match","Non_Exact","7950 FM 1960 RD W, HOUSTON, TX, 77069","-95.546853478916,29.961471896404","96658576","L"
"1710","11423 VETERANS MEMORIAL DR STE 103, HOUSTON, TX, 77067","Match","Exact","11423 VETERANS MEMORIAL DR, HOUSTON, TX, 77067","-95.468470964633,29.948483491548","96578130","L"
"1719","4510 GARTH RD, BAYTOWN, TX, 77521","Match","Exact","4510 GARTH RD, BAYTOWN, TX, 77521","-94.977485090248,29.769818676095","96627300","R"
"1718","12201 EAST FWY, HOUSTON, TX, 77015","Match","Exact","12201 EAST FWY, HOUSTON, TX, 77015","-95.221598732971,29.771035292159","96632707","L"
"1717","1514 N MAIN ST, HIGHLANDS, TX, 77562","Match","Exact","1514 N MAIN ST, HIGHLANDS, TX, 77562","-95.057891218808,29.836585764092","655892697","L"
"1716","502 S ALLEN GENOA RD STE A, SOUTH HOUSTON, TX, 77587","Match","Non_Exact","502 S ALLEN-GENOA RD, SOUTH HOUSTON, TX, 77587","-95.214040224191,29.662646397123","96103632","R"
"1715","12901 QUEENSBURY LN, HOUSTON, TX, 77079","Match","Exact","12901 QUEENSBURY LN, HOUSTON, TX, 77079","-95.563314458634,29.777994510183","96160019","L"
"1714","6531 W 43RD ST, HOUSTON, TX, 77092","Match","Exact","6531 W 43RD ST, HOUSTON, TX, 77092","-95.488207325167,29.832969523002","96643501","L"
"1713","1802 WIRT RD STE C, HOUSTON, TX, 77055","Match","Non_Exact","1802 WIRT RD, HOUSTON, TX, 77055","-95.484768784067,29.802995279042","96635736","R"
"1723","8500 ALMEDA GENOA RD STE 101, HOUSTON, TX, 77075","Match","Exact","8500 ALMEDA-GENOA RD, HOUSTON, TX, 77075","-95.266665065012,29.626383794354","96094438","R"
"1722","3929 KINGWOOD DR, KINGWOOD, TX, 77339","No_Match"
"1721","13742 N ELDRIDGE PKWY, CYPRESS, TX, 77429","Match","Exact","13742 N ELDRIDGE PKWY, CYPRESS, TX, 77429","-95.611778587764,29.981324599319","647628862","L"
"1720","3303 SAGE RD STE 100, HOUSTON, TX, 77056","Match","Exact","3303 SAGE RD, HOUSTON, TX, 77056","-95.466622693229,29.733092134418","96620602","L"
"1729","11655 VETERANS MEMORIAL DR, HOUSTON, TX, 77067","Match","Exact","11655 VETERANS MEMORIAL DR, HOUSTON, TX, 77067","-95.470528321668,29.951196177754","642184336","L"
"1728","23645 KATY FWY, KATY, TX, 77494","Match","Exact","23645 KATY FWY, KATY, TX, 77494","-95.781724761039,29.784806116027","646711408","R"
"1727","14555 MEMORIAL DR STE 300, HOUSTON, TX, 77079","Match","Exact","14555 MEMORIAL DR, HOUSTON, TX, 77079","-95.605301929346,29.770052023621","96629868","L"
"1726","11101 FUQUA ST, HOUSTON, TX, 77089","Match","Exact","11101 FUQUA ST, HOUSTON, TX, 77089","-95.221864554045,29.612652389418","96594330","L"
"1725","10590 FUQUA ST, HOUSTON, TX, 77089","Match","Exact","10590 FUQUA ST, HOUSTON, TX, 77089","-95.229305766561,29.611320335664","96594134","R"
"1724","4202 TELEPHONE RD, HOUSTON, TX, 77087","Match","Exact","4202 TELEPHONE RD, HOUSTON, TX, 77087","-95.305208671308,29.703490448865","96083781","R"
"1734","9010 BEECHNUT ST, HOUSTON, TX, 77036","Match","Exact","9010 BEECHNUT ST, HOUSTON, TX, 77036","-95.542829000804,29.690665118734","96036490","R"
"1733","12450 BISSONNET ST STE 190, HOUSTON, TX, 77099","Match","Exact","12450 BISSONNET ST, HOUSTON, TX, 77099","-95.598107585715,29.67680188942","96603029","R"
"1732","3301 LOUETTA RD STE 101, SPRING, TX, 77388","Match","Exact","3301 LOUETTA RD, SPRING, TX, 77388","-95.461043879392,30.053200493293","642113527","L"
"1731","12669 VETERANS MEMORIAL DR, HOUSTON, TX, 77014","Match","Non_Exact","12669 MEMORIAL DR, HOUSTON, TX, 77024","-95.557871253792,29.767626955545","96624151","L"
"1730","3201 N MACGREGOR WAY, HOUSTON, TX, 77004","Match","Exact","3201 N MACGREGOR WAY, HOUSTON, TX, 77004","-95.369791295363,29.712333184419","96072448","L"
"1739","10475 VETERANS MEMORIAL DR, HOUSTON, TX, 77038","Match","Exact","10475 VETERANS MEMORIAL DR, HOUSTON, TX, 77038","-95.453115210505,29.928602044048","96653648","L"
"1738","2508 W MOUNT HOUSTON RD STE G, HOUSTON, TX, 77038","Match","Non_Exact","2508 W MOUNT HOUSTON RD, HOUSTON, TX, 77038","-95.446908426503,29.897837383696","96124242","L"
"1737","9275 RICHMOND AVE STE 168, HOUSTON, TX, 77063","Match","Exact","9275 RICHMOND AVE, HOUSTON, TX, 77063","-95.527554524054,29.728937870156","96613996","L"
"1736","9559 JONES RD, HOUSTON, TX, 77065","Match","Exact","9559 JONES RD, HOUSTON, TX, 77065","-95.584639602324,29.911171397457","96006239","L"
"1735","9440 SHADY DR STE A, HOUSTON, TX, 77016","Match","Non_Exact","9440 SHADY DR, HOUSTON, TX, 77016","-95.30866581659,29.847668874696","96076672","R"
"1745","3700 S SHAVER ST, SOUTH HOUSTON, TX, 77587","Match","Exact","3700 S SHAVER ST, SOUTH HOUSTON, TX, 77587","-95.208177646992,29.654567393071","96103797","R"
"1744","7766 W BELLFORT ST, HOUSTON, TX, 77071","Match","Exact","7766 W BELLFORT ST, HOUSTON, TX, 77071","-95.513708301466,29.655946472846","96598658","L"
"1743","2133 S MASON RD, KATY, TX, 77450","No_Match"
"1742","4941 ANTOINE DR, HOUSTON, TX, 77092","Match","Exact","4941 ANTOINE DR, HOUSTON, TX, 77092","-95.473107927841,29.836544358437","96028167","L"
"1741","17420 FIFE LN, WEBSTER, TX, 77598","No_Match"
"1740","4231 COOK RD, HOUSTON, TX, 77072","Match","Exact","4231 COOK RD, HOUSTON, TX, 77072","-95.596263238476,29.711991040346","96021917","L"
"1749","10109 BISSONNET ST STE A, HOUSTON, TX, 77036","Match","Non_Exact","10109 BISSONNET ST, HOUSTON, TX, 77036","-95.556463944883,29.674840861279","96603502","L"
"1748","5601 SOUTHWEST FWY, HOUSTON, TX, 77057","Match","Exact","5601 SOUTHWEST FWY, HOUSTON, TX, 77057","-95.476509448536,29.725380517991","96614833","R"
"1747","10002 ROCKY HOLLOW RD, LA PORTE, TX, 77571","Match","Exact","10002 ROCKY HOLLOW RD, LA PORTE, TX, 77571","-95.079423293757,29.654869509724","96566013","R"
"1746","5708 S GESSNER RD, HOUSTON, TX, 77036","Match","Exact","5708 S GESSNER RD, HOUSTON, TX, 77036","-95.539119003247,29.719438180766","638214588","R"
"1756","1420 KINGWOOD DR, KINGWOOD, TX, 77339","Match","Exact","1420 KINGWOOD DR, KINGWOOD, TX, 77339","-95.234464090655,30.049355564022","647558468","R"
"1755","3809 SHAVER ST STE 130, PASADENA, TX, 77504","Match","Non_Exact","3809 S SHAVER ST, PASADENA, TX, 77504","-95.207923715068,29.651388232783","96600576","L"
"1754","13110 CROSBY LYNCHBURG RD, CROSBY, TX, 77532","Match","Exact","13110 CROSBY LYNCHBURG RD, CROSBY, TX, 77532","-95.063133530177,29.879254447672","96100441","R"
"1753","11214 BEECHNUT ST, HOUSTON, TX, 77072","Match","Exact","11214 BEECHNUT ST, HOUSTON, TX, 77072","-95.57585899416,29.688100120375","96603108","R"
"1752","4122 FAIRMONT PKWY, PASADENA, TX, 77504","Match","Exact","4122 FAIRMONT PKWY, PASADENA, TX, 77504","-95.180350773165,29.650612960136","96600853","R"
"1751","10675 HUFFMEISTER RD STE 100, HOUSTON, TX, 77065","Match","Exact","10675 HUFFMEISTER RD, HOUSTON, TX, 77065","-95.628975637534,29.931760374761","96579402","L"
"1750","10490 W BELLFORT ST, HOUSTON, TX, 77031","Match","Exact","10490 W BELLFORT ST, HOUSTON, TX, 77031","-95.563236682737,29.653227497528","96598447","R"
"1759","17146 FEATHERCRAFT LN, WEBSTER, TX, 77598","Match","Exact","17146 FEATHERCRAFT LN, WEBSTER, TX, 77598","-95.121415486483,29.548303885235","96546262","R"
"1758","6060 N FRY RD, KATY, TX, 77449","Match","Non_Exact","6060 FRY RD, KATY, TX, 77449","-95.719838104923,29.860240229354","635221705","R"
"1757","6224 SPRING CYPRESS RD STE 112, SPRING, TX, 77379","Match","Exact","6224 SPRING CYPRESS RD, SPRING, TX, 77379","-95.513513777285,30.0482127375","96666816","L"
"1770","18611 EASTFIELD DR, WEBSTER, TX, 77598","No_Match"
"1767","16272 IMPERIAL VALLEY DR STE G, HOUSTON, TX, 77060","No_Match"
"1766","5757 FAIRMONT PKWY, PASADENA, TX, 77505","Match","Exact","5757 FAIRMONT PKWY, PASADENA, TX, 77505","-95.152648207212,29.650044674172","645487443","L"
"1765","3316 LYONS AVE, HOUSTON, TX, 77020","Match","Exact","3316 LYONS AVE, HOUSTON, TX, 77020","-95.337388646685,29.775908011984","96069186","R"
"1764","5124 PERSHING ST, HOUSTON, TX, 77033","Match","Exact","5124 PERSHING ST, HOUSTON, TX, 77033","-95.345680076889,29.677538987348","96089542","R"
"1763","2528 CALUMET ST, HOUSTON, TX, 77004","Match","Exact","2528 CALUMET ST, HOUSTON, TX, 77004","-95.374889483484,29.717600545551","640072963","R"
"1762","12680 W LAKE HOUSTON PKWY, ATASCOCITA, TX, 77044","Match","Non_Exact","12680 N LAKE HOUSTON PKWY, HOUSTON, TX, 77044","-95.202242645091,29.895656988896","96586648","R"
"1761","2301 MAIN ST, SOUTH HOUSTON, TX, 77587","Match","Exact","2301 MAIN ST, SOUTH HOUSTON, TX, 77587","-95.233461123737,29.65271602148","96094278","L"
"1760","11108 BENTLEY ST, HOUSTON, TX, 77093","Match","Exact","11108 BENTLEY ST, HOUSTON, TX, 77093","-95.33544877125,29.877113313962","96056794","R"
"1769","7610 OFFICE CITY DR STE B, HOUSTON, TX, 77012","Match","Non_Exact","7610 OFFICE CITY DR, HOUSTON, TX, 77012","-95.284541425589,29.700899109844","96128579","R"
"1768","11205 BELLAIRE BLVD STE A, HOUSTON, TX, 77072","Match","Non_Exact","11205 BELLAIRE BLVD, HOUSTON, TX, 77072","-95.575514732287,29.703804306968","96608386","L"
"1781","5405 S RICE AVE, HOUSTON, TX, 77081","Match","Exact","5405 S RICE AVE, HOUSTON, TX, 77081","-95.468087369925,29.723456050777","644889774","L"
"1780","6203 BELLAIRE BLVD, HOUSTON, TX, 77081","Match","Exact","6203 BELLAIRE BLVD, HOUSTON, TX, 77081","-95.489488062091,29.705437580553","96609270","L"
"1778","3501 CLEAR LAKE CITY BLVD, HOUSTON, TX, 77059","Match","Exact","3501 CLEAR LAKE CITY BLVD, HOUSTON, TX, 77059","-95.125120995272,29.604700756616","629130753","R"
"1777","2833 GULF CREEK DR STE A2, HOUSTON, TX, 77012","Match","Exact","2833 GULF CREEK DR, HOUSTON, TX, 77012","-95.287071421154,29.699395298868","96611072","R"
"1776","1703 W LITTLE YORK RD, HOUSTON, TX, 77091","Match","Exact","1703 W LITTLE YORK RD, HOUSTON, TX, 77091","-95.436878745079,29.863466076502","96647094","L"
"1775","5130 BELLAIRE BLVD, BELLAIRE, TX, 77401","Match","Exact","5130 BELLAIRE BLVD, BELLAIRE, TX, 77401","-95.468672512228,29.705774137733","96033602","R"
"1774","13519 BAMMEL NORTH HOUSTON RD, HOUSTON, TX, 77066","Match","Exact","13519 BAMMEL NORTH HOUSTON RD, HOUSTON, TX, 77066","-95.494212708185,29.973197180688","649833937","L"
"1773","8270 WILLOW PLACE DR N STE 150, HOUSTON, TX, 77070","Match","Exact","8270 WILLOW PLACE DR N, HOUSTON, TX, 77070","-95.55519063462,29.962060701553","96658284","L"
"1772","2903 WOODRIDGE DR STE 300, HOUSTON, TX, 77087","No_Match"
"1771","6251 E CROSSTIMBERS ST, HOUSTON, TX, 77028","No_Match"
"1779","303 MEMORIAL CITY, HOUSTON, TX, 77024","No_Match"
"1792","2314 W HOLCOMBE BLVD, HOUSTON, TX, 77030","Match","Exact","2314 W HOLCOMBE BLVD, HOUSTON, TX, 77030","-95.412952185315,29.706257664123","96063941","R"
"1791","24826 MORTON RANCH RD STE 200, KATY, TX, 77493","No_Match"
"1790","9819 BISSONNET ST STE I, HOUSTON, TX, 77036","Match","Non_Exact","9819 BISSONNET ST, HOUSTON, TX, 77036","-95.552397333641,29.675104873584","96603424","L"
"1789","13650 WALTERS RD STE E, HOUSTON, TX, 77014","Match","Non_Exact","13650 WALTERS RD, HOUSTON, TX, 77014","-95.472809968344,29.977345452374","96118100","R"
"1788","1932 FOUNTAIN VIEW DR, HOUSTON, TX, 77057","Match","Exact","1932 FOUNTAIN VIEW DR, HOUSTON, TX, 77057","-95.485540959011,29.746199397496","96620239","R"
"1787","9828 BLACKHAWK BLVD, HOUSTON, TX, 77075","Match","Exact","9828 BLACKHAWK BLVD, HOUSTON, TX, 77075","-95.248449502085,29.602841728572","640068347","L"
"1786","7985 BELLFORT ST STE 102, HOUSTON, TX, 77061","Match","Exact","7985 BELLFORT ST, HOUSTON, TX, 77061","-95.269532088276,29.674458077442","96606025","L"
"1785","11503 MOONGLOW DR, HOUSTON, TX, 77038","Match","Exact","11503 MOONGLOW DR, HOUSTON, TX, 77038","-95.449941561369,29.897811421212","96229665","L"
"1784","2700 KIRKWOOD ROAD, HOUSTON, TX, 77077","Match","Non_Exact","2700 S KIRKWOOD RD, HOUSTON, TX, 77077","-95.589329991059,29.732950606693","647711453","R"
"1783","6801 FM 1960 RD W, HOUSTON, TX, 77069","Match","Exact","6801 FM 1960 RD W, HOUSTON, TX, 77069","-95.532961486588,29.968727715597","233348096","R"
"1782","139 LITTLE YORK RD, HOUSTON, TX, 77076","Match","Exact","139 LITTLE YORK RD, HOUSTON, TX, 77076","-95.384089736084,29.870099334144","642867323","L"
"1799","6210 FAIRMONT PKWY, PASADENA, TX, 77505","Match","Exact","6210 FAIRMONT PKWY, PASADENA, TX, 77505","-95.14504614326,29.64963404131","96565996","L"
"1798","10516 TELEPHONE RD, HOUSTON, TX, 77075","Match","Exact","10516 TELEPHONE RD, HOUSTON, TX, 77075","-95.285539633233,29.6132711173","616778638","R"
"1797","6424 CYPRESS CREEK PKWY, HOUSTON, TX, 77069","No_Match"
"1796","17118 W LITTLE YORK RD STE 109, HOUSTON, TX, 77084","Match","Exact","17118 W LITTLE YORK RD, HOUSTON, TX, 77084","-95.669408080603,29.865388577535","642474740","L"
"1795","3726 SCOTT ST, HOUSTON, TX, 77004","Match","Exact","3726 SCOTT ST, HOUSTON, TX, 77004","-95.351587503378,29.722267281583","96615800","R"
"1794","6500 SPENCER HWY, PASADENA, TX, 77505","Match","Exact","6500 SPENCER HWY, PASADENA, TX, 77505","-95.138738383262,29.664663113256","96601300","R"
"1793","20622 INTERSTATE 45 STE A, SPRING, TX, 77373","No_Match"
"3505","6459 HILLCROFT ST, HOUSTON, TX, 77081","Match","Exact","6459 HILLCROFT ST, HOUSTON, TX, 77081","-95.494298309889,29.712566171682","96614704","L"
"3504","14020 HIGHWAY 3 STE 130, WEBSTER, TX, 77598","Match","Exact","14020 STATE HWY 3, WEBSTER, TX, 77598","-95.156104064022,29.578292163726","645205648","R"
"3503","8141 N MAIN ST STE A, BAYTOWN, TX, 77521","Match","Non_Exact","8141 N MAIN ST, BAYTOWN, TX, 77521","-94.967767303819,29.819224525357","641941706","L"
"3502","3418 GARTH RD, BAYTOWN, TX, 77521","Match","Exact","3418 GARTH RD, BAYTOWN, TX, 77521","-94.977234754628,29.759138488648","96627166","R"
"3501","9025 WINKLER DR, HOUSTON, TX, 77017","Match","Exact","9025 WINKLER DR, HOUSTON, TX, 77017","-95.255584327525,29.670384000929","96574131","L"
"3500","12485 SCARSDALE BLVD STE G, HOUSTON, TX, 77089","Match","Non_Exact","12485 SCARSDALE BLVD, HOUSTON, TX, 77089","-95.203342833269,29.594381431148","96592283","L"
"900","16844 FM 2920 RD STE 101, TOMBALL, TX, 77377","Match","Non_Exact","16844 FM 2920, TOMBALL, TX, 77377","-95.680520456997,30.079578725939","96000453","L"
"901","6931 FM 1960 RD E, ATASCOCITA, TX, 77346","Match","Non_Exact","6931 FM 1960 RD, ATASCOCITA, TX, 77346","-95.172924009067,29.998412845692","96663802","L"
"902","9103 JENSEN DR, HOUSTON, TX, 77093","Match","Exact","9103 JENSEN DR, HOUSTON, TX, 77093","-95.342929396126,29.843554906291","96644204","L"
"903","3309 HIGHWAY 90 STE 400, CROSBY, TX, 77532","Match","Exact","3309 US HWY 90, CROSBY, TX, 77532","-95.054978663223,29.900105783523","642865976","L"
"3509","2601 BAYLOR ST, HOUSTON, TX, 77009","Match","Exact","2601 BAYLOR ST, HOUSTON, TX, 77009","-95.38502398259,29.810766434896","96057657","L"
"904","8919 FRY RD, CYPRESS, TX, 77433","No_Match"
"3508","1511 W 18TH ST, HOUSTON, TX, 77008","Match","Exact","1511 W 18TH ST, HOUSTON, TX, 77008","-95.426884296893,29.80171378628","96636361","R"
"905","7710 BELLAIRE BLVD STE S, HOUSTON, TX, 77036","Match","Non_Exact","7710 BELLAIRE BLVD, HOUSTON, TX, 77036","-95.521535679929,29.705198278381","96608930","R"
"3507","1020 CYPRESS CREEK PKWY STE 9, HOUSTON, TX, 77090","No_Match"
"906","3040 LITTLE YORK RD, HOUSTON, TX, 77093","Match","Exact","3040 LITTLE YORK RD, HOUSTON, TX, 77093","-95.336895434497,29.871031809226","96057014","R"
"3506","2406 LEELAND ST, HOUSTON, TX, 77003","Match","Exact","2406 LEELAND ST, HOUSTON, TX, 77003","-95.356048811206,29.744904205848","96072761","R"
"907","1412 SSGT MACARIO GARCIA DR, HOUSTON, TX, 77011","Match","Exact","1412 SSGT MACARIO GARCIA DR, HOUSTON, TX, 77011","-95.300503162316,29.745269141071","96083024","R"
"908","4010 SYNOTT RD STE B, HOUSTON, TX, 77082","Match","Non_Exact","4010 SYNOTT RD, HOUSTON, TX, 77082","-95.614758248878,29.713593272838","96612700","L"
"909","2206 HIALEAH DR, HOUSTON, TX, 77018","Match","Exact","2206 HIALEAH DR, HOUSTON, TX, 77018","-95.451398419638,29.826824339053","96028734","R"
"3516","3814 COLLINGSWORTH ST, HOUSTON, TX, 77026","Match","Exact","3814 COLLINGSWORTH ST, HOUSTON, TX, 77026","-95.332647066224,29.793939169422","96078499","R"
"3515","14330 INTERDRIVE W, HOUSTON, TX, 77032","Match","Exact","14330 INTERDRIVE W, HOUSTON, TX, 77032","-95.345044850954,29.927825618476","96226085","L"
"3514","14001 MEMORIAL DR UNIT A148, HOUSTON, TX, 77079","Match","Exact","14001 MEMORIAL DR, HOUSTON, TX, 77079","-95.590242583126,29.770870468445","96629636","L"
"3513","5210 FM 2920 RD STE 400, SPRING, TX, 77388","No_Match"
"3512","8821 ANTOINE DR STE B, HOUSTON, TX, 77088","No_Match"
"3511","1509 W 18TH ST, HOUSTON, TX, 77008","Match","Exact","1509 W 18TH ST, HOUSTON, TX, 77008","-95.426845573407,29.801714129725","96636361","R"
"3510","9407 RICHMOND AVE UNIT B, HOUSTON, TX, 77063","Match","Non_Exact","9407 RICHMOND AVE, HOUSTON, TX, 77063","-95.531668516682,29.728939793558","96613984","L"
"910","21211 FM 529 RD STE 107, CYPRESS, TX, 77433","No_Match"
"911","2711 LEELAND ST, HOUSTON, TX, 77003","Match","Exact","2711 LEELAND ST, HOUSTON, TX, 77003","-95.353739734291,29.743659011727","96072792","L"
"912","8703 BOONE RD, HOUSTON, TX, 77099","Match","Exact","8703 BOONE RD, HOUSTON, TX, 77099","-95.574524077598,29.683647957514","96603160","L"
"913","4400 LOCKWOOD DR, HOUSTON, TX, 77026","Match","Exact","4400 LOCKWOOD DR, HOUSTON, TX, 77026","-95.316907051198,29.800438578741","96636863","R"
"914","21950 MEADOWHILL DR STE B, SPRING, TX, 77388","Match","Non_Exact","21950 MEADOWHILL DR, SPRING, TX, 77388","-95.468810451572,30.082056251457","96008059","R"
"915","32165 FM 1485 RD, NEW CANEY, TX, 77357","Match","Exact","32165 FM 1485 RD, NEW CANEY, TX, 77357","-95.122272884587,30.145412466087","96047885","R"
"3519","105 KENNINGS RD STE 1A, CROSBY, TX, 77532","Match","Exact","105 KENNINGS RD, CROSBY, TX, 77532","-95.063152421718,29.888790360805","96100411","L"
"916","20660 WESTHEIMER PKWY STE I, KATY, TX, 77450","Match","Non_Exact","20660 WESTHEIMER PKWY, KATY, TX, 77450","-95.733844028688,29.738642857038","96300798","R"
"3518","3637 SUNBEAM ST, HOUSTON, TX, 77051","Match","Exact","3637 SUNBEAM ST, HOUSTON, TX, 77051","-95.369812957097,29.649971636583","96088920","L"
"917","1414 WIRT RD, HOUSTON, TX, 77055","Match","Exact","1414 WIRT RD, HOUSTON, TX, 77055","-95.484844045228,29.795489929638","96635792","R"
"3517","10241 NORTH FREEWAY, HOUSTON, TX, 77037","Match","Non_Exact","10241 N FRWY SERV DR, HOUSTON, TX, 77037","-95.413003660303,29.91409078008","644472982","L"
"918","11249 BISSONNET ST, HOUSTON, TX, 77099","Match","Exact","11249 BISSONNET ST, HOUSTON, TX, 77099","-95.576533619516,29.674522581579","641840382","L"
"919","13133B LOUETTA RD, CYPRESS, TX, 77429","Match","Non_Exact","13133B LOUETTA RD, CYPRESS, TX, 77429","-95.622314523974,29.995118207608","96581609","R"
"3530","10533 WIGGINS ST, JACINTO CITY, TX, 77029","Match","Exact","10533 WIGGINS ST, JACINTO CITY, TX, 77029","-95.24306407097,29.766049293995","96085088","L"
"3527","4750 ALDINE MAIL RD, HOUSTON, TX, 77039","Match","Exact","4750 ALDINE MAIL RD, HOUSTON, TX, 77039","-95.321916801846,29.902777267479","96046542","R"
"3526","6790 SYNOTT RD, HOUSTON, TX, 77083","Match","Exact","6790 SYNOTT RD, HOUSTON, TX, 77083","-95.614918880311,29.704906926203","233371179","R"
"3525","8925 FALLBROOK DR STE 700, HOUSTON, TX, 77064","No_Match"
"3524","5319 FM 1960 RD E STE N, HUMBLE, TX, 77346","Match","Non_Exact","5319 FM 1960 RD E, HUMBLE, TX, 77346","-95.195768119766,29.998904373982","96050016","L"
"3523","2403 NAOMI ST UNIT 11, HOUSTON, TX, 77054","Match","Exact","2403 NAOMI ST, HOUSTON, TX, 77054","-95.393301380974,29.682427215964","96605171","L"
"3522","1980 POST OAK BLVD STE 100 SPC 5134, HOUSTON, TX, 77056","Match","Exact","1980 POST OAK BLVD, HOUSTON, TX, 77056","-95.461163222368,29.745538400978","96553173","R"
"3521","7487 W SAM HOUSTON PKWY S, HOUSTON, TX, 77036","No_Match"
"920","1414 CYPRESS CREEK PKWY, HOUSTON, TX, 77090","No_Match"
"3520","9000 FONDREN RD APT 168, HOUSTON, TX, 77074","Match","Exact","9000 FONDREN RD, HOUSTON, TX, 77074","-95.508768612869,29.680388420801","96604130","R"
"921","6121 HILLCROFT ST STE E, HOUSTON, TX, 77081","Match","Non_Exact","6121 HILLCROFT ST, HOUSTON, TX, 77081","-95.495623671137,29.713737902921","96614645","L"
"922","6806 LONG POINT RD STE E, HOUSTON, TX, 77055","Match","Non_Exact","6806 LONG POINT RD, HOUSTON, TX, 77055","-95.469780881198,29.802958093295","644616002","R"
"923","9889 BELLAIRE BLVD BLDG B, HOUSTON, TX, 77036","Match","Non_Exact","9889 BELLAIRE BLVD, HOUSTON, TX, 77036","-95.555270443126,29.704553363174","638594571","L"
"924","5725 FONDREN RD, HOUSTON, TX, 77036","Match","Exact","5725 FONDREN RD, HOUSTON, TX, 77036","-95.519937300716,29.719143408032","96288764","L"
"925","3950 S TERMINAL RD, HOUSTON, TX, 77032","Match","Non_Exact","3950 S TERMINAL RD, HOUSTON, TX, 77205","-95.331583974888,29.985931445023","96045984","R"
"926","5601 HILLCROFT ST, HOUSTON, TX, 77036","Match","Exact","5601 HILLCROFT ST, HOUSTON, TX, 77036","-95.500976728165,29.72273263861","96614390","L"
"927","27118 HIGHWAY 290 STE I, CYPRESS, TX, 77433","No_Match"
"3529","7411 LONG POINT RD, HOUSTON, TX, 77055","Match","Exact","7411 LONG POINT RD, HOUSTON, TX, 77055","-95.475985779299,29.802798513443","96028450","L"
"928","7550 CREEKBEND DR, HOUSTON, TX, 77071","Match","Exact","7550 CREEKBEND DR, HOUSTON, TX, 77071","-95.509506330486,29.665685542565","96598642","L"
"3528","18744 KENSWICK DR, HUMBLE, TX, 77338","Match","Exact","18744 KENSWICK DR, HUMBLE, TX, 77338","-95.295686038186,29.988042989928","641638387","L"
"929","10402 ANTOINE DR, HOUSTON, TX, 77086","No_Match"
"2210","714 GULF BANK RD, HOUSTON, TX, 77037","Match","Exact","714 GULF BANK RD, HOUSTON, TX, 77037","-95.380926648031,29.889423481195","96649754","R"
"3541","11411 N SAM HOUSTON PKWY E STE 138, HUMBLE, TX, 77396","Match","Non_Exact","11411 SAM HOUSTON PKWY, HUMBLE, TX, 77396","-95.217471651815,29.934766726577","642107855","L"
"3540","20611 FM 529 STE 105, CYPRESS, TX, 77433","No_Match"
"2207","5228 HIGHWAY 6 N UNIT A, HOUSTON, TX, 77084","No_Match"
"3538","3752 S GESSNER RD, HOUSTON, TX, 77063","Match","Exact","3752 S GESSNER RD, HOUSTON, TX, 77063","-95.539159501384,29.723721854868","96613656","R"
"2206","3216 PASADENA BLVD, PASADENA, TX, 77503","Match","Exact","3216 PASADENA BLVD, PASADENA, TX, 77503","-95.166551052328,29.68136151656","96606884","R"
"3537","7915 DE PRIEST ST, HOUSTON, TX, 77088","Match","Exact","7915 DE PRIEST ST, HOUSTON, TX, 77088","-95.420784454415,29.873193966211","96053040","L"
"2205","125 REMINGTON VALLEY DR, HOUSTON, TX, 77073","Match","Exact","125 REMINGTON VALLEY DR, HOUSTON, TX, 77073","-95.41952087727,29.973682984211","642109843","L"
"3536","10241 NORTH FREEWAY, HOUSTON, TX, 77037","Match","Non_Exact","10241 N FRWY SERV DR, HOUSTON, TX, 77037","-95.413003660303,29.91409078008","644472982","L"
"2204","3533 S DAIRY ASHFORD RD STE E, HOUSTON, TX, 77082","Match","Non_Exact","3533 S DAIRY ASHFORD RD, HOUSTON, TX, 77082","-95.604784719866,29.723417367908","96612749","R"
"3535","7721 BELLFORT ST, HOUSTON, TX, 77061","Match","Exact","7721 BELLFORT ST, HOUSTON, TX, 77061","-95.280302385446,29.672370847771","96092804","L"
"2203","1620 PEACH LEAF ST, HOUSTON, TX, 77039","Match","Exact","1620 PEACH LEAF ST, HOUSTON, TX, 77039","-95.363446233806,29.923986050809","642253464","R"
"3534","1257 HOLLYWOOD ST, HOUSTON, TX, 77015","Match","Exact","1257 HOLLYWOOD ST, HOUSTON, TX, 77015","-95.171499609704,29.771373923424","96581400","L"
"2202","12719 BISSONNET ST STE A, HOUSTON, TX, 77099","Match","Non_Exact","12719 BISSONNET ST, HOUSTON, TX, 77099","-95.603383382812,29.678188172775","96602934","L"
"3533","4919 N MAIN ST STE 200, BAYTOWN, TX, 77521","Match","Exact","4919 N MAIN ST, BAYTOWN, TX, 77521","-94.964133460958,29.776496398915","644892134","L"
"930","945 TULLY RD, HOUSTON, TX, 77079","Match","Exact","945 TULLY RD, HOUSTON, TX, 77079","-95.602393837814,29.781752138191","655853410","L"
"2201","7777 W GULF BANK RD, HOUSTON, TX, 77040","Match","Exact","7777 W GULF BANK RD, HOUSTON, TX, 77040","-95.506656472171,29.879476985049","96024882","L"
"3532","342 S MASON RD, KATY, TX, 77450","Match","Exact","342 S MASON RD, KATY, TX, 77450","-95.75190786383,29.781762092756","96013604","L"
"931","3528 NASA RD 1, SEABROOK, TX, 77586","Match","Non_Exact","3528 NASA PKWY, SEABROOK, TX, 77586","-95.049054578374,29.564220072761","96116693","L"
"2200","1106 OXBOROUGH DR, KATY, TX, 77450","Match","Exact","1106 OXBOROUGH DR, KATY, TX, 77450","-95.72778158028,29.771003371303","96016585","L"
"3531","1811 W MOUNT HOUSTON RD, HOUSTON, TX, 77038","Match","Exact","1811 W MOUNT HOUSTON RD, HOUSTON, TX, 77038","-95.429468880163,29.897862043519","233431902","R"
"932","6133 N FRY RD STE C, KATY, TX, 77449","Match","Non_Exact","6133 FRY RD, KATY, TX, 77449","-95.720463601123,29.862931456602","642105386","L"
"933","706 N ALEXANDER DR SPC 101, BAYTOWN, TX, 77520","Match","Exact","706 N ALEXANDER DR, BAYTOWN, TX, 77520","-94.95663635909,29.733328577317","649854044","R"
"934","7410 FAIRBANKS N HOUSTON RD STE E, HOUSTON, TX, 77040","Match","Non_Exact","7410 FAIRBANKS N HOUSTON RD, HOUSTON, TX, 77040","-95.524753548201,29.884459990642","96024513","R"
"935","8318 BROADWAY ST, HOUSTON, TX, 77061","Match","Exact","8318 BROADWAY ST, HOUSTON, TX, 77061","-95.27715932667,29.672114909765","644371398","R"
"936","1940 FRY RD, HOUSTON, TX, 77084","Match","Exact","1940 FRY RD, HOUSTON, TX, 77084","-95.718912494306,29.794544509386","635392606","R"
"937","965 PINEMONT DR # 700, HOUSTON, TX, 77018","Match","Exact","965 PINEMONT DR, HOUSTON, TX, 77018","-95.419233055249,29.840962854045","644889772","L"
"938","1149 HIGHWAY 6 S, HOUSTON, TX, 77077","No_Match"
"2209","915 COLLEGE AVE STE A, SOUTH HOUSTON, TX, 77587","Match","Non_Exact","915 COLLEGE AVE, SOUTH HOUSTON, TX, 77587","-95.240407269515,29.659678168495","96094024","R"
"939","11702 JONES RD, HOUSTON, TX, 77070","Match","Exact","11702 JONES RD, HOUSTON, TX, 77070","-95.584710310863,29.944773938059","642188131","R"
"2208","13125 LOUETTA RD, CYPRESS, TX, 77429","Match","Exact","13125 LOUETTA RD, CYPRESS, TX, 77429","-95.622184678882,29.99517196803","96581609","R"
"3539","2633 WINROCK BLVD, HOUSTON, TX, 77057","Match","Exact","2633 WINROCK BLVD, HOUSTON, TX, 77057","-95.496581982602,29.739314682825","96620078","L"
"2221","10430 HARTSOOK ST, HOUSTON, TX, 77034","Match","Exact","10430 HARTSOOK ST, HOUSTON, TX, 77034","-95.229859925149,29.634725267661","96596746","R"
"3552","10769 EASTEX FWY STE F, HOUSTON, TX, 77093","Match","Non_Exact","10769 EASTEX FWY, HOUSTON, TX, 77093","-95.331421018007,29.869095504372","638223075","L"
"2220","11425 BARKER CYPRESS RD, HOUSTON, TX, 77433","Match","Non_Exact","11425 BARKER CYPRESS RD, CYPRESS, TX, 77433","-95.684493329194,29.930583454239","644551649","L"
"3551","13806 SUNSET VIEW DR, HOUSTON, TX, 77083","Match","Exact","13806 SUNSET VIEW DR, HOUSTON, TX, 77083","-95.628025304284,29.711318197588","96612602","R"
"3550","3305 HIGHWAY 90 STE 100B, CROSBY, TX, 77532","Match","Exact","3305 US HWY 90, CROSBY, TX, 77532","-95.055131995207,29.899849392346","642865976","L"
"2218","7405 FM 1960 RD E, HUMBLE, TX, 77346","Match","Non_Exact","7405 FM 1960 RD, HUMBLE, TX, 77346","-95.164878257267,29.998277556958","96663860","L"
"3549","5500 EAST SAM HOUSTON PKWY N, HOUSTON, TX, 77015","Match","Non_Exact","5500 SAM HOUSTON PKWY, HOUSTON, TX, 77015","-95.162916521031,29.803444165043","233408077","R"
"2217","2808 HIGHWAY 6 S STE 4, HOUSTON, TX, 77082","Match","Non_Exact","2808 STATE HWY 6, HOUSTON, TX, 77082","-95.644024247882,29.728985313146","96612593","L"
"3548","8401 WESTHEIMER RD STE 105, HOUSTON, TX, 77063","Match","Exact","8401 WESTHEIMER RD, HOUSTON, TX, 77063","-95.514259038123,29.737322739048","96030922","L"
"2216","3825 WOODVALLEY DR, HOUSTON, TX, 77025","Match","Exact","3825 WOODVALLEY DR, HOUSTON, TX, 77025","-95.438602702113,29.680216023182","96604634","L"
"3547","9789 BEECHNUT ST, HOUSTON, TX, 77036","Match","Exact","9789 BEECHNUT ST, HOUSTON, TX, 77036","-95.553598867689,29.689416297675","96603347","L"
"2215","11701 FUQUA ST, HOUSTON, TX, 77034","Match","Exact","11701 FUQUA ST, HOUSTON, TX, 77034","-95.211228355993,29.619828717075","96594398","L"
"3546","2450 HIGHWAY 6 S STE A, HOUSTON, TX, 77077","No_Match"
"2214","16740 STUEBNER AIRLINE RD, SPRING, TX, 77379","Match","Exact","16740 STUEBNER AIRLINE RD, SPRING, TX, 77379","-95.52223639586,30.019865858354","96664780","R"
"3545","3719 LOCKWOOD DR, HOUSTON, TX, 77026","Match","Exact","3719 LOCKWOOD DR, HOUSTON, TX, 77026","-95.316204037678,29.793063780005","96079151","L"
"940","1420 FM 1960 RD W, HOUSTON, TX, 77090","Match","Exact","1420 FM 1960 RD W, HOUSTON, TX, 77090","-95.451005476552,30.014070095521","96576691","L"
"2213","12989 BELLAIRE BLVD STE 4A, HOUSTON, TX, 77072","Match","Exact","12989 BELLAIRE BLVD, HOUSTON, TX, 77072","-95.614065365611,29.703436934412","233490032","L"
"3544","12620 FM 1960 RD W STE NO.C6, HOUSTON, TX, 77065","Match","Non_Exact","12620 FM 1960 RD W, HOUSTON, TX, 77065","-95.605662748083,29.921532228734","233349402","L"
"941","13707 KUYKENDAHL RD, HOUSTON, TX, 77090","Match","Exact","13707 KUYKENDAHL RD, HOUSTON, TX, 77090","-95.464946978344,30.008787072761","233348579","R"
"2212","2101 PASADENA BLVD, PASADENA, TX, 77502","Match","Exact","2101 PASADENA BLVD, PASADENA, TX, 77502","-95.183744198674,29.68217946545","96606724","L"
"3543","13125 VETERANS MEMORIAL DR, HOUSTON, TX, 77014","Match","Exact","13125 VETERANS MEMORIAL DR, HOUSTON, TX, 77014","-95.49087263412,29.977840536576","96660940","L"
"942","1621 COLLINGSWORTH ST, HOUSTON, TX, 77009","Match","Exact","1621 COLLINGSWORTH ST, HOUSTON, TX, 77009","-95.351954473427,29.79327806791","96068066","L"
"2211","8076 S GESSNER DR, HOUSTON, TX, 77036","Match","Non_Exact","8076 S GESSNER RD, HOUSTON, TX, 77036","-95.534099791426,29.690096540633","96603684","R"
"3542","6650 BELLFORT ST, HOUSTON, TX, 77087","Match","Exact","6650 BELLFORT ST, HOUSTON, TX, 77087","-95.311812242371,29.667371433629","96091529","R"
"943","3843 FM 2920 RD, SPRING, TX, 77388","Match","Non_Exact","3843 FM 2920, SPRING, TX, 77388","-95.475428230761,30.070553803672","96164900","R"
"944","13769 STATE HIGHWAY 249, HOUSTON, TX, 77086","Match","Exact","13769 STATE HWY 249, HOUSTON, TX, 77086","-95.495180113277,29.920594243547","233437718","L"
"945","9500 WESTVIEW DR STE 102, HOUSTON, TX, 77055","Match","Exact","9500 WESTVIEW DR, HOUSTON, TX, 77055","-95.523731853946,29.792959633576","96635524","R"
"946","6470 W LITTLE YORK RD, HOUSTON, TX, 77091","Match","Exact","6470 W LITTLE YORK RD, HOUSTON, TX, 77091","-95.485905880697,29.865807739069","96026966","R"
"947","3002 W BAKER RD, BAYTOWN, TX, 77521","Match","Exact","3002 W BAKER RD, BAYTOWN, TX, 77521","-94.996616700409,29.771133557519","96634216","L"
"948","11915 CROSBY LYNCHBURG RD, CROSBY, TX, 77532","Match","Exact","11915 CROSBY LYNCHBURG RD, CROSBY, TX, 77532","-95.061944280145,29.868343848693","96100585","L"
"949","11879 BISSONNET ST, HOUSTON, TX, 77099","Match","Exact","11879 BISSONNET ST, HOUSTON, TX, 77099","-95.586184180584,29.675108675415","96603129","L"
"2219","15309 GULF FWY, HOUSTON, TX, 77034","Match","Exact","15309 GULF FWY, HOUSTON, TX, 77034","-95.186661537391,29.589390722142","96590803","L"
"2232","908 W PASADENA BLVD, DEER PARK, TX, 77536","Match","Exact","908 W PASADENA BLVD, DEER PARK, TX, 77536","-95.131369331657,29.681838515279","641868574","R"
"3563","1117 N ALEXANDER DR, BAYTOWN, TX, 77520","Match","Exact","1117 N ALEXANDER DR, BAYTOWN, TX, 77520","-94.955693428317,29.736395292763","96111142","L"
"2231","21003 HIGHLAND KNOLLS DR STE 110, KATY, TX, 77450","Match","Exact","21003 HIGHLAND KNOLLS DR, KATY, TX, 77450","-95.734988491093,29.759461712331","96623372","L"
"3562","1415 EVERGREEN DR, HOUSTON, TX, 77087","Match","Exact","1415 EVERGREEN DR, HOUSTON, TX, 77087","-95.290135470907,29.712783244473","96083955","L"
"2230","9025 SPENCER HWY, DEER PARK, TX, 77536","No_Match"
"3561","9123 SCOTT ST, HOUSTON, TX, 77051","Match","Exact","9123 SCOTT ST, HOUSTON, TX, 77051","-95.367981052754,29.659904324182","96088763","L"
"3560","13150 FM 529 RD STE 120, HOUSTON, TX, 77041","Match","Non_Exact","13150 FM 529, HOUSTON, TX, 77041","-95.603070248132,29.879926270692","642106157","L"
"2229","15955 FM 529 RD, HOUSTON, TX, 77095","Match","Non_Exact","15955 FM 529, HOUSTON, TX, 77095","-95.650191778679,29.879090689295","96580570","R"
"2228","1107 SHAVER ST, PASADENA, TX, 77506","Match","Exact","1107 SHAVER ST, PASADENA, TX, 77506","-95.211335392037,29.693611192938","96103028","L"
"3559","24211 MORTON RANCH RD, KATY, TX, 77493","No_Match"
"2227","4505 HOLMES RD, HOUSTON, TX, 77033","Match","Exact","4505 HOLMES RD, HOUSTON, TX, 77033","-95.355394617526,29.682968222003","96605494","L"
"3558","11886 WILCREST DR, HOUSTON, TX, 77031","Match","Exact","11886 WILCREST DR, HOUSTON, TX, 77031","-95.567633871159,29.650646952573","96595134","R"
"2226","7710 LYONS AVE, HOUSTON, TX, 77020","Match","Exact","7710 LYONS AVE, HOUSTON, TX, 77020","-95.290013307532,29.776702277125","96080945","R"
"3557","5034 LUELLA AVE, DEER PARK, TX, 77536","Match","Exact","5034 LUELLA AVE, DEER PARK, TX, 77536","-95.112964435821,29.66440389267","96106591","L"
"950","12035 ANTOINE DR, HOUSTON, TX, 77066","Match","Exact","12035 ANTOINE DR, HOUSTON, TX, 77066","-95.480724204193,29.959541921374","642109052","L"
"2225","10850 WEST RD STE 109, HOUSTON, TX, 77064","Match","Exact","10850 WEST RD, HOUSTON, TX, 77064","-95.579337904862,29.909682201204","642107150","L"
"3556","1078 BAYBROOK MALL, FRIENDSWOOD, TX, 77546","Match","Exact","1078 BAYBROOK MALL, FRIENDSWOOD, TX, 77546","-95.148283918031,29.546214269761","640055896","R"
"951","2211 SOUTHMORE AVE, PASADENA, TX, 77502","Match","Exact","2211 SOUTHMORE AVE, PASADENA, TX, 77502","-95.180151763584,29.691756001865","96104904","L"
"2224","21155 TOBMALL PKWY, HOUSTON, TX, 77070","No_Match"
"3555","605 E TEXAS AVE, BAYTOWN, TX, 77520","Match","Exact","605 E TEXAS AVE, BAYTOWN, TX, 77520","-94.961557960475,29.729962517141","96555021","R"
"952","21950 MEADOW HILL DR, SPRING, TX, 77388","Match","Exact","21950 MEADOWHILL DR, SPRING, TX, 77388","-95.468810451572,30.082056251457","96008059","R"
"2223","4420 SPRING CYPRESS RD # 300, SPRING, TX, 77388","No_Match"
"3554","9411 MONT ELLIE LN, TOMBALL, TX, 77375","Match","Exact","9411 MONT ELLIE LN, TOMBALL, TX, 77375","-95.567609645147,30.123216937165","656046393","L"
"953","1520 ELDRIDGE PARKWAY, HOUSTON, TX, 77077","Match","Exact","1520 ELDRIDGE PKWY, HOUSTON, TX, 77077","-95.62537350055,29.757717766666","96566593","L"
"2222","6500 FM 2100 RD STE 100, CROSBY, TX, 77532","No_Match"
"3553","10150 ANTOINE DR STE 200, HOUSTON, TX, 77086","Match","Exact","10150 ANTOINE DR, HOUSTON, TX, 77086","-95.481512216077,29.923931030065","96653578","L"
"954","21706 MORGAN PARK LN, SPRING, TX, 77388","Match","Exact","21706 MORGAN PARK LN, SPRING, TX, 77388","-95.479615384246,30.079943591369","656051857","R"
"955","5521 GARTH RD, BAYTOWN, TX, 77521","Match","Exact","5521 GARTH RD, BAYTOWN, TX, 77521","-94.978972852857,29.784054209444","96108757","L"
"956","1023 BOOTH ST, HOUSTON, TX, 77009","Match","Exact","1023 BOOTH ST, HOUSTON, TX, 77009","-95.361827751409,29.786699982939","96139327","L"
"957","6749 AIRLINE DR, HOUSTON, TX, 77076","Match","Exact","6749 AIRLINE DR, HOUSTON, TX, 77076","-95.384791544006,29.860737208011","96056184","L"
"958","3316 S SHAVER, SOUTH HOUSTON, TX, 77587","No_Match"
"959","9365 MAIN ST, HOUSTON, TX, 77025","Match","Exact","9365 MAIN ST, HOUSTON, TX, 77025","-95.423175716179,29.682874174052","654973266","L"
"2243","4620 N MAIN ST, HOUSTON, TX, 77009","Match","Exact","4620 N MAIN ST, HOUSTON, TX, 77009","-95.381492531585,29.797194523275","96065354","R"
"3574","3055 TIDWELL RD, HOUSTON, TX, 77093","Match","Exact","3055 TIDWELL RD, HOUSTON, TX, 77093","-95.34014212811,29.848269844547","644381692","L"
"2242","732 TELEPHONE RD, HOUSTON, TX, 77023","Match","Exact","732 TELEPHONE RD, HOUSTON, TX, 77023","-95.330777793377,29.734779293517","644735560","R"
"3573","5410 ALMEDA RD, HOUSTON, TX, 77004","Match","Exact","5410 ALMEDA RD, HOUSTON, TX, 77004","-95.379262296032,29.721535118879","96072157","R"
"2241","6603 SPRING STUEBNER RD STE 135, SPRING, TX, 77389","Match","Exact","6603 SPRING STUEBNER RD, SPRING, TX, 77389","-95.516187355342,30.084604403","642114197","R"
"3572","12425 JOHN F KENNEDY BLVD STE 106, HOUSTON, TX, 77039","Match","Exact","12425 JOHN F KENNEDY BLVD, HOUSTON, TX, 77039","-95.332020872505,29.904987497414","640061676","L"
"2240","9461 W BELLFORT ST STE B, HOUSTON, TX, 77031","Match","Non_Exact","9461 W BELLFORT ST, HOUSTON, TX, 77031","-95.547762964927,29.654657671179","96353221","L"
"3571","224 ALDINE BENDER RD, HOUSTON, TX, 77060","Match","Exact","224 ALDINE BENDER RD, HOUSTON, TX, 77060","-95.401586418511,29.931712537909","96043945","R"
"3570","13603 BELLAIRE BLVD, HOUSTON, TX, 77083","Match","Exact","13603 BELLAIRE BLVD, HOUSTON, TX, 77083","-95.62466206655,29.703663527447","96608127","L"
"2239","6280 WILCREST DR, HOUSTON, TX, 77072","Match","Exact","6280 WILCREST DR, HOUSTON, TX, 77072","-95.571413914321,29.712088802759","96613078","R"
"2238","3840 S GESSNER RD, HOUSTON, TX, 77063","Match","Exact","3840 S GESSNER RD, HOUSTON, TX, 77063","-95.539144930476,29.721948700976","96613662","R"
"3569","12710 W LAKE HOUSTON PKWY STE G, HOUSTON, TX, 77044","Match","Non_Exact","12710 W LAKE HOUSTON PKWY, HOUSTON, TX, 77044","-95.195206700056,29.924582500094","627679895","L"
"960","5832 MARTIN LUTHER KING BLVD, HOUSTON, TX, 77021","Match","Exact","5832 MARTIN LUTHER KING JR BLVD, HOUSTON, TX, 77021","-95.337611543725,29.695891386014","96610435","R"
"2237","216 S MAIN ST, HIGHLANDS, TX, 77562","Match","Exact","216 S MAIN ST, HIGHLANDS, TX, 77562","-95.057185580435,29.814314804372","96101006","L"
"3568","3404 YALE ST, HOUSTON, TX, 77018","Match","Exact","3404 YALE ST, HOUSTON, TX, 77018","-95.399411214147,29.817275205158","96639896","R"
"961","1701 W ALABAMA ST, HOUSTON, TX, 77098","Match","Exact","1701 W ALABAMA ST, HOUSTON, TX, 77098","-95.402051933569,29.738592045884","96064190","L"
"2236","318 WATERFRONT DR, SEABROOK, TX, 77586","Match","Exact","318 WATERFRONT DR, SEABROOK, TX, 77586","-95.020012234182,29.550177135729","96117388","R"
"3567","3822 HOPPER RD, HOUSTON, TX, 77093","Match","Exact","3822 HOPPER RD, HOUSTON, TX, 77093","-95.329880285329,29.879522922102","96074508","R"
"962","3701 ALDINE MAIL ROUTE RD, HOUSTON, TX, 77039","Match","Non_Exact","3701 ALDINE MAIL RD, HOUSTON, TX, 77039","-95.336283891787,29.902534487811","96046409","L"
"2235","1415 RICHMOND AVE, HOUSTON, TX, 77006","Match","Exact","1415 RICHMOND AVE, HOUSTON, TX, 77006","-95.397806732455,29.734372194191","644589910","L"
"3566","4200 DENMARK ST, HOUSTON, TX, 77016","Match","Exact","4200 DENMARK ST, HOUSTON, TX, 77016","-95.328792814121,29.827253882858","649671217","R"
"963","2013 W GRAY ST STE B, HOUSTON, TX, 77019","Match","Non_Exact","2013 W GRAY ST, HOUSTON, TX, 77019","-95.409276419708,29.752979506103","96624750","L"
"2234","2815 SILVER BOUGH CIR, HOUSTON, TX, 77059","Match","Exact","2815 SILVER BOUGH CIR, HOUSTON, TX, 77059","-95.135706457429,29.5969925437","638592985","R"
"3565","3801 N MACGREGOR WAY, HOUSTON, TX, 77004","No_Match"
"964","9655 HONEYWELL ST, HOUSTON, TX, 77074","Match","Non_Exact","9655 HONEYWELL, HOUSTON, TX, 77074","-95.537329294323,29.675275872341","96603721","L"
"2233","14405 FM 2100 RD STE J, CROSBY, TX, 77532","Match","Non_Exact","14405 FM 2100, CROSBY, TX, 77532","-95.06347082726,29.894945265533","645845738","L"
"3564","16634 CHAMPION FOREST DR STE 16634, SPRING, TX, 77379","Match","Non_Exact","16634 CHAMPION FOREST DR, SPRING, TX, 77379","-95.537477493531,30.011372583923","96007277","R"
"965","5820 HIGHWAY 6 N, HOUSTON, TX, 77084","Tie"
"966","6635 N GRAND PKWY W, SPRING, TX, 77389","Match","Non_Exact","6635 GRAND PKWY, SPRING, TX, 77389","-95.520151396486,30.089743516247","650493347","L"
"967","13133 VETERANS MEMORIAL DR, HOUSTON, TX, 77014","Match","Exact","13133 VETERANS MEMORIAL DR, HOUSTON, TX, 77014","-95.490965148161,29.977961815504","96660940","L"
"968","901 RICHEY ST, PASADENA, TX, 77506","Match","Exact","901 RICHEY ST, PASADENA, TX, 77506","-95.219719294323,29.697909459509","96097633","L"
"969","9919 WESTHEIMER RD, HOUSTON, TX, 77042","Match","Exact","9919 WESTHEIMER RD, HOUSTON, TX, 77042","-95.544595975214,29.736984775045","96619679","L"
"2254","10403 CULLEN BLVD, HOUSTON, TX, 77047","Match","Exact","10403 CULLEN BLVD, HOUSTON, TX, 77047","-95.35599928665,29.646790856252","233356926","R"
"3585","330 ROSAMOND ST, HOUSTON, TX, 77076","Match","Exact","330 ROSAMOND ST, HOUSTON, TX, 77076","-95.395974594792,29.854833342586","637116499","R"
"2253","5874 SAN FELIPE ST, HOUSTON, TX, 77057","Match","Exact","5874 SAN FELIPE ST, HOUSTON, TX, 77057","-95.484828498234,29.75006017201","96620241","R"
"3584","309 MARKET ST STE D, TOMBALL, TX, 77375","Match","Non_Exact","309 MARKET ST, TOMBALL, TX, 77375","-95.615659993204,30.096363917677","96002350","R"
"2252","1230 WAKEFIELD DR, HOUSTON, TX, 77018","Match","Exact","1230 WAKEFIELD DR, HOUSTON, TX, 77018","-95.430521316377,29.823065745799","96054326","R"
"3583","14770 STATE HIGHWAY 249, HOUSTON, TX, 77086","Match","Exact","14770 STATE HWY 249, HOUSTON, TX, 77086","-95.506326321151,29.929376382364","96581924","L"
"2251","7125 SCOTT ST, HOUSTON, TX, 77021","Match","Exact","7125 SCOTT ST, HOUSTON, TX, 77021","-95.364362215227,29.686720968688","96088333","L"
"3582","2720 BISSONNET ST, HOUSTON, TX, 77005","Match","Exact","2720 BISSONNET ST, HOUSTON, TX, 77005","-95.420961349438,29.725486107486","96063237","R"
"2250","2204 RED BLUFF RD, PASADENA, TX, 77506","Match","Exact","2204 RED BLUFF RD, PASADENA, TX, 77506","-95.18212534033,29.700005339282","96098387","R"
"3581","1045 GEMINI ST, HOUSTON, TX, 77058","Match","Exact","1045 GEMINI ST, HOUSTON, TX, 77058","-95.115300373761,29.553858143575","96159340","L"
"3580","6916 ASHCROFT DR, HOUSTON, TX, 77081","Match","Exact","6916 ASHCROFT DR, HOUSTON, TX, 77081","-95.490947757121,29.704426633372","96031894","R"
"970","20903 HIGHLAND KNOLLS DR, KATY, TX, 77450","Match","Exact","20903 HIGHLAND KNOLLS DR, KATY, TX, 77450","-95.730242804093,29.758920100788","96016564","L"
"2249","2009 WARD RD, BAYTOWN, TX, 77520","Match","Exact","2009 WARD RD, BAYTOWN, TX, 77520","-94.941801038903,29.740049469649","96111464","R"
"971","3800 LITTLE YORK RD, HOUSTON, TX, 77093","Match","Exact","3800 LITTLE YORK RD, HOUSTON, TX, 77093","-95.333322427407,29.870982483333","640068897","R"
"2248","9540 RICHMOND AVE STE C, HOUSTON, TX, 77063","Match","Non_Exact","9540 RICHMOND AVE, HOUSTON, TX, 77063","-95.533694010165,29.729008461598","96030867","R"
"3579","6510 FM 1960 RD W, HOUSTON, TX, 77069","Match","Exact","6510 FM 1960 RD W, HOUSTON, TX, 77069","-95.525430756962,29.973039589749","233348269","L"
"972","18934 GRANT SEQUOIA LN, KATY, TX, 77449","No_Match"
"2247","8620 BARKER CYPRESS RD UNIT A, CYPRESS, TX, 77433","Match","Non_Exact","8620 BARKER CYPRESS RD, CYPRESS, TX, 77433","-95.685287790792,29.904310270995","644948090","R"
"3578","5107 FM 2351 RD, FRIENDSWOOD, TX, 77546","No_Match"
"973","9223 STELLA LINK RD, HOUSTON, TX, 77025","Match","Exact","9223 STELLA LINK RD, HOUSTON, TX, 77025","-95.439897011208,29.682873612903","96604597","L"
"2246","24809 ALDINE WESTFIELD RD, SPRING, TX, 77373","Match","Exact","24809 ALDINE WESTFIELD RD, SPRING, TX, 77373","-95.40446277121,30.064944599465","96668352","L"
"3577","7975 BELLFORT ST STE C, HOUSTON, TX, 77061","Match","Non_Exact","7975 BELLFORT ST, HOUSTON, TX, 77061","-95.269814319034,29.674242816701","96606025","L"
"974","3620 N MAIN ST, HOUSTON, TX, 77009","Match","Exact","3620 N MAIN ST, HOUSTON, TX, 77009","-95.372959584408,29.790871189263","96065630","R"
"2245","7503 S KIRKWOOD RD, HOUSTON, TX, 77072","Match","Exact","7503 S KIRKWOOD RD, HOUSTON, TX, 77072","-95.587639989694,29.696481005099","96023774","L"
"3576","2122 CENTER ST, HOUSTON, TX, 77007","Match","Exact","2122 CENTER ST, HOUSTON, TX, 77007","-95.379702857715,29.768866487425","96066495","R"
"975","8484 WILCREST DR, HOUSTON, TX, 77072","Match","Exact","8484 WILCREST DR, HOUSTON, TX, 77072","-95.570113810063,29.687608396267","96603278","R"
"2244","1033 BAY AREA BLVD, HOUSTON, TX, 77058","Match","Exact","1033 BAY AREA BLVD, HOUSTON, TX, 77058","-95.119592193048,29.555474749895","96115740","L"
"3575","13610 MEMORIAL DR, HOUSTON, TX, 77079","Match","Exact","13610 MEMORIAL DR, HOUSTON, TX, 77079","-95.580950955686,29.772982268947","96022553","R"
"976","7324 ANTOINE DR, HOUSTON, TX, 77088","Match","Exact","7324 ANTOINE DR, HOUSTON, TX, 77088","-95.47281117505,29.867452341097","96027065","R"
"977","9902 HOMESTEAD RD, HOUSTON, TX, 77016","Match","Exact","9902 HOMESTEAD RD, HOUSTON, TX, 77016","-95.300302081728,29.854612731944","233421052","R"
"978","9042 DEXTER ST, HOUSTON, TX, 77075","Match","Exact","9042 DEXTER ST, HOUSTON, TX, 77075","-95.252786949716,29.637889260753","96094628","R"
"979","5015 KATY HOCKLEY CUT OFF RD, KATY, TX, 77493","Match","Non_Exact","5015 KATY HOCKLEY RD, KATY, TX, 77493","-95.823679327385,29.846380580149","645212702","L"
"2265","10510 CULLEN BLVD, HOUSTON, TX, 77047","Match","Exact","10510 CULLEN BLVD, HOUSTON, TX, 77047","-95.356211016065,29.645978324745","96089838","R"
"3596","643 WILSON RD, HUMBLE, TX, 77338","Match","Exact","643 WILSON RD, HUMBLE, TX, 77338","-95.249634280858,29.989350814237","96661730","L"
"2264","14050 STATE HIGHWAY 249, HOUSTON, TX, 77086","Match","Exact","14050 STATE HWY 249, HOUSTON, TX, 77086","-95.496586046869,29.922083150446","647643977","R"
"3595","2609 COHN ST, HOUSTON, TX, 77007","Match","Exact","2609 COHN ST, HOUSTON, TX, 77007","-95.422108997159,29.782052394609","96060111","L"
"2263","3200 YALE ST, HOUSTON, TX, 77018","Match","Exact","3200 YALE ST, HOUSTON, TX, 77018","-95.399392411226,29.815855910706","96055194","R"
"3594","15007 LAWNDALE ST, HOUSTON, TX, 77017","Match","Exact","15007 LAWNDALE ST, HOUSTON, TX, 77017","-95.227079355261,29.709921925089","96611347","R"
"2262","1301 ALDINE MAIL RD, HOUSTON, TX, 77039","Match","Exact","1301 ALDINE MAIL RD, HOUSTON, TX, 77039","-95.367523161404,29.902300724966","655870965","L"
"3593","24515 FOREST PATH CT, SPRING, TX, 77373","Match","Exact","24515 FOREST PATH CT, SPRING, TX, 77373","-95.389707589467,30.068074739726","627678003","L"
"2261","9122 WINDFERN RD, HOUSTON, TX, 77064","Match","Exact","9122 WINDFERN RD, HOUSTON, TX, 77064","-95.538432350727,29.905554186392","96142482","R"
"3592","1107 PRESTON AVE, PASADENA, TX, 77503","Match","Non_Exact","1107 PRESTON ST, PASADENA, TX, 77503","-95.172914349191,29.694542704682","96104969","L"
"2260","4080 EAST FWY, BAYTOWNB, TX, 77521","Match","Non_Exact","4080 EAST FWY, BAYTOWN, TX, 77521","-95.00017672245,29.801419290727","96638062","R"
"3591","15011 LAWNDALE ST, HOUSTON, TX, 77017","Match","Exact","15011 LAWNDALE ST, HOUSTON, TX, 77017","-95.226365081285,29.709982286249","96611347","R"
"3590","2212 SHAVER ST, PASADENA, TX, 77502","Match","Exact","2212 SHAVER ST, PASADENA, TX, 77502","-95.208958524893,29.679049963469","96606638","R"
"980","10351 CLUB CREEK DR, HOUSTON, TX, 77036","Match","Exact","10351 CLUB CREEK DR, HOUSTON, TX, 77036","-95.55323547162,29.688211233691","655916519","L"
"981","8633 MARTIN LUTHER KING JR BLVD, HOUSTON, TX, 77033","Match","Exact","8633 MARTIN LUTHER KING JR BLVD, HOUSTON, TX, 77033","-95.336431349212,29.657511395105","96090083","L"
"982","18700 BECKER RD STE 102, HOCKLEY, TX, 77447","Match","Exact","18700 BECKER RD, HOCKLEY, TX, 77447","-95.798410549762,30.046629134915","656049503","R"
"2259","9110 JONES RD STE 134, HOUSTON, TX, 77065","No_Match"
"983","20424 KUYKENDAHL RD, SPRING, TX, 77379","Match","Exact","20424 KUYKENDAHL RD, SPRING, TX, 77379","-95.506631110632,30.067807217036","642193736","R"
"2258","5240 W 34TH ST STE B, HOUSTON, TX, 77092","Match","Non_Exact","5240 W 34TH ST, HOUSTON, TX, 77092","-95.466047387254,29.819563089775","96225229","R"
"3589","7240 LONG DR, HOUSTON, TX, 77087","Match","Exact","7240 LONG DR, HOUSTON, TX, 77087","-95.299902371873,29.685132520274","96091780","R"
"984","7129 BAYWAY DR, BAYTOWN, TX, 77520","Match","Exact","7129 BAYWAY DR, BAYTOWN, TX, 77520","-95.031921523669,29.769445921992","96146782","L"
"2257","963 FM 1959 RD, HOUSTON, TX, 77034","Match","Exact","963 FM 1959 RD, HOUSTON, TX, 77034","-95.181304062081,29.589427930458","96590792","L"
"3588","14150 HUFFMEISTER RD STE 200, CYPRESS, TX, 77429","Match","Exact","14150 HUFFMEISTER RD, CYPRESS, TX, 77429","-95.644140348724,29.97362133509","636784394","L"
"985","1445 WILCREST DR, HOUSTON, TX, 77042","Match","Exact","1445 WILCREST DR, HOUSTON, TX, 77042","-95.572005859624,29.749200143283","96619124","L"
"2256","6120 WALLISVILLE RD, HOUSTON, TX, 77020","Match","Exact","6120 WALLISVILLE RD, HOUSTON, TX, 77020","-95.308851492679,29.787390499607","96632327","R"
"3587","3756 FRY RD STE 2600, KATY, TX, 77449","Match","Exact","3756 FRY RD, KATY, TX, 77449","-95.71978083173,29.827221075009","96292766","R"
"986","2650 W GRAND PARKWAY N, KATY, TX, 77449","No_Match"
"2255","4412 NORTH FWY, HOUSTON, TX, 77022","Match","Exact","4412 NORTH FWY, HOUSTON, TX, 77022","-95.380781951879,29.829042671752","96639972","R"
"3586","3410 ANTOINE DR, HOUSTON, TX, 77092","Match","Exact","3410 ANTOINE DR, HOUSTON, TX, 77092","-95.473693484381,29.819503444896","96639510","R"
"987","3210 HILLCROFT ST, HOUSTON, TX, 77057","Match","Exact","3210 HILLCROFT ST, HOUSTON, TX, 77057","-95.501229006232,29.730516173548","96031572","R"
"988","2040 RICHEY ST, PASADENA, TX, 77502","Match","Exact","2040 RICHEY ST, PASADENA, TX, 77502","-95.227451968836,29.681014463702","96606421","R"
"989","5814A JENSEN DR, HOUSTON, TX, 77026","Match","Non_Exact","5814A JENSEN DR, HOUSTON, TX, 77026","-95.342298084049,29.812499255273","96640352","R"
"2276","16840 CLAY RD STE 112, HOUSTON, TX, 77084","Match","Exact","16840 CLAY RD, HOUSTON, TX, 77084","-95.660303438926,29.83184119684","642104556","L"
"2275","10206 TELEPHONE RD, HOUSTON, TX, 77075","Match","Exact","10206 TELEPHONE RD, HOUSTON, TX, 77075","-95.285342652089,29.618156100544","96593964","R"
"2274","24924 MORTON RANCH RD, KATY, TX, 77493","No_Match"
"2273","2702 AIRLINE DR, HOUSTON, TX, 77009","Match","Exact","2702 AIRLINE DR, HOUSTON, TX, 77009","-95.382077526779,29.811988035777","96057692","R"
"2272","11714 BOUDREAUX RD STE 215, TOMBALL, TX, 77375","Match","Exact","11714 BOUDREAUX RD, TOMBALL, TX, 77375","-95.596957949624,30.054598046417","647729474","L"
"2271","30010 FM 2920 RD, WALLER, TX, 77484","Match","Non_Exact","30010 FM 2920, WALLER, TX, 77484","-95.891630913106,30.065394473978","96667817","R"
"2270","9651 BISSONNET ST STE 201, HOUSTON, TX, 77036","Match","Exact","9651 BISSONNET ST, HOUSTON, TX, 77036","-95.546973619469,29.675479207982","96603484","L"
"990","8615 IRVINGTON BLVD, HOUSTON, TX, 77022","Match","Exact","8615 IRVINGTON BLVD, HOUSTON, TX, 77022","-95.361635635338,29.83782886399","96057449","L"
"991","1173 EDGEBROOK DR # A, HOUSTON, TX, 77034","Match","Non_Exact","1173 EDGEBROOK DR, HOUSTON, TX, 77034","-95.242189743252,29.641836369556","233357429","R"
"992","2305 AIRLINE DR, HOUSTON, TX, 77009","Match","Exact","2305 AIRLINE DR, HOUSTON, TX, 77009","-95.382047389782,29.807648118128","96057897","L"
"993","3519 S SHEPHERD DR, HOUSTON, TX, 77098","Match","Exact","3519 S SHEPHERD DR, HOUSTON, TX, 77098","-95.410583003433,29.73490886733","96064064","L"
"994","10909 SCARSDALE BLVD, HOUSTON, TX, 77089","Match","Exact","10909 SCARSDALE BLVD, HOUSTON, TX, 77089","-95.211572309202,29.586677264618","96590644","L"
"2269","7748 HARRISBURG BLVD, HOUSTON, TX, 77012","Match","Exact","7748 HARRISBURG BLVD, HOUSTON, TX, 77012","-95.28717589539,29.730997450214","96083587","R"
"995","727 FREEPORT ST, HOUSTON, TX, 77015","Match","Exact","727 FREEPORT ST, HOUSTON, TX, 77015","-95.178087406966,29.782880258993","96098527","L"
"2268","9802 HILLCROFT ST, HOUSTON, TX, 77096","Match","Exact","9802 HILLCROFT ST, HOUSTON, TX, 77096","-95.493219347992,29.67365548136","96352323","R"
"3599","313A SIKES ST, HOUSTON, TX, 77018","Match","Non_Exact","313A SIKES ST, HOUSTON, TX, 77018","-95.403702252654,29.830113567779","96054816","L"
"996","7844 HARRISBURG BLVD, HOUSTON, TX, 77012","Match","Exact","7844 HARRISBURG BLVD, HOUSTON, TX, 77012","-95.285287204795,29.730433089328","96083605","R"
"2267","3201 SPENCER HWY, PASADENA, TX, 77504","Match","Exact","3201 SPENCER HWY, PASADENA, TX, 77504","-95.195405119912,29.665029548628","96600726","L"
"3598","650 W BOUGH LN STE 124, HOUSTON, TX, 77024","Match","Exact","650 W BOUGH LN, HOUSTON, TX, 77024","-95.558394438135,29.774270991574","96630318","R"
"997","9769 BEECHNUT ST, HOUSTON, TX, 77036","Match","Exact","9769 BEECHNUT ST, HOUSTON, TX, 77036","-95.55328759387,29.689514053082","96603347","L"
"2266","6916 JENSEN DR, HOUSTON, TX, 77093","Match","Exact","6916 JENSEN DR, HOUSTON, TX, 77093","-95.342469830716,29.822099276795","96058816","R"
"3597","937 W BAY AREA BLVD, WEBSTER, TX, 77598","Match","Exact","937 W BAY AREA BLVD, WEBSTER, TX, 77598","-95.137281713494,29.542438646113","642478985","L"
"998","9525 S KIRKWOOD RD, HOUSTON, TX, 77099","Match","Exact","9525 S KIRKWOOD RD, HOUSTON, TX, 77099","-95.587236723321,29.676009915645","96035831","L"
"999","12699 MEMORIAL DR, HOUSTON, TX, 77024","Match","Exact","12699 MEMORIAL DR, HOUSTON, TX, 77024","-95.557907655429,29.767846164363","96624151","L"
"2287","1900 HIGHWAY 146 S STE 100, LA PORTE, TX, 77571","Match","Non_Exact","1900 STATE HWY 146, LA PORTE, TX, 77571","-95.029391745618,29.689445003275","638130785","R"
"2286","15710 ELLA BLVD STE B, HOUSTON, TX, 77090","Match","Non_Exact","15710 ELLA BLVD, HOUSTON, TX, 77090","-95.436214482814,29.995988937745","642111336","R"
"2285","528 ATASCOCITA RD STE 3, HUMBLE, TX, 77396","Match","Exact","528 ATASCOCITA RD, HUMBLE, TX, 77396","-95.259017811315,29.959296415036","233348190","R"
"2284","2004 HOUSTON AVE, HOUSTON, TX, 77007","Match","Exact","2004 HOUSTON AVE, HOUSTON, TX, 77007","-95.372342525314,29.775341937216","96066186","R"
"2283","21511 BIG WOOD SPRINGS DR, KATY, TX, 77450","Match","Exact","21511 BIG WOOD SPRINGS DR, KATY, TX, 77450","-95.742831985756,29.756484520681","96299364","R"
"2282","911 WEST RD STE A, HOUSTON, TX, 77038","Match","Non_Exact","911 WEST RD, HOUSTON, TX, 77038","-95.439843712249,29.914548840071","642106956","R"
"2281","8208 N WAYSIDE DR, HOUSTON, TX, 77028","Match","Exact","8208 N WAYSIDE DR, HOUSTON, TX, 77028","-95.284376576581,29.837139978686","96076959","R"
"2280","8383 CYPRESS CREEK PKWY, HOUSTON, TX, 77070","No_Match"
"2279","14561 BEECHNUT ST, HOUSTON, TX, 77083","Match","Exact","14561 BEECHNUT ST, HOUSTON, TX, 77083","-95.642444795455,29.689665232656","96602728","L"
"2278","519 JACKSON AVE, PASADENA, TX, 77506","Match","Exact","519 JACKSON AVE, PASADENA, TX, 77506","-95.207127177136,29.705421047883","96098062","L"
"2277","21502 ALDINE WESTFIELD RD STE E, HUMBLE, TX, 77338","Match","Non_Exact","21502 ALDINE WESTFIELD RD, HUMBLE, TX, 77338","-95.381105635286,30.027027837803","642112961","R"
"2290","20003 TIMBER FOREST DR, HUMBLE, TX, 77346","Match","Exact","20003 TIMBER FOREST DR, HUMBLE, TX, 77346","-95.193585723765,30.01267405737","96049053","L"
"2298","1590 WILLOWBROOK MALL, HOUSTON, TX, 77070","No_Match"
"2297","10110 AIRLINE DR, HOUSTON, TX, 77037","Match","Exact","10110 AIRLINE DR, HOUSTON, TX, 77037","-95.400548312935,29.902958231493","634305110","R"
"2296","851 FEDERAL RD, HOUSTON, TX, 77015","Match","Exact","851 FEDERAL RD, HOUSTON, TX, 77015","-95.217809664639,29.775285405761","96096333","L"
"2295","5206 KINGFISHER DR, HOUSTON, TX, 77035","Match","Exact","5206 KINGFISHER DR, HOUSTON, TX, 77035","-95.471599950035,29.658513397644","96039585","R"
"2294","8145 HIGHWAY 6 S STE 100, HOUSTON, TX, 77083","Match","Non_Exact","8145 STATE HWY 6, HOUSTON, TX, 77083","-95.643671924152,29.691622364221","96607962","R"
"2293","2000 WILLOWBROOK MALL # 1358, HOUSTON, TX, 77070","No_Match"
"2292","2302 FM 2920 RD, SPRING, TX, 77388","Match","Non_Exact","2302 F-M 2920, SPRING, TX, 77388","-95.45092892453,30.070475025991","642113472","L"
"2291","7413 AIRLINE DR STE 600, HOUSTON, TX, 77076","Match","Exact","7413 AIRLINE DR, HOUSTON, TX, 77076","-95.384942682385,29.868686486812","96056110","L"
"2289","1216 W CLAY ST STE 100, HOUSTON, TX, 77019","Match","Exact","1216 W CLAY ST, HOUSTON, TX, 77019","-95.394993950645,29.755450283552","96062423","R"
"2288","12968 WESTHEIMER RD, HOUSTON, TX, 77077","Match","Exact","12968 WESTHEIMER RD, HOUSTON, TX, 77077","-95.617900511761,29.736007112009","96618846","L"
"2299","7250 W LITTLE YORK RD, HOUSTON, TX, 77040","Match","Exact","7250 W LITTLE YORK RD, HOUSTON, TX, 77040","-95.499459331332,29.865727253076","96227120","R"
"100","13221 OLD RICHMOND RD, HOUSTON, TX, 77083","No_Match"
"101","8950 WILL CLAYTON PKWY STE D, HUMBLE, TX, 77338","Match","Non_Exact","8950 WILL CLAYTON PKWY, HUMBLE, TX, 77338","-95.250163604327,29.979000458398","655903245","R"
"102","2857 KATY FWY STE 100, HOUSTON, TX, 77007","Match","Exact","2857 KATY FWY, HOUSTON, TX, 77007","-95.389392828017,29.776259374229","96631875","R"
"103","9896 BELLAIRE BLVD STE M, HOUSTON, TX, 77036","Match","Non_Exact","9896 BELLAIRE BLVD, HOUSTON, TX, 77036","-95.555382891241,29.70466204325","638594571","R"
"104","7031 N SHEPHERD DR, HOUSTON, TX, 77091","Match","Exact","7031 N SHEPHERD DR, HOUSTON, TX, 77091","-95.412701094117,29.863496014368","96053154","L"
"105","3535 CLEAR LAKE CITY BLVD STE 200, HOUSTON, TX, 77059","Match","Exact","3535 CLEAR LAKE CITY BLVD, HOUSTON, TX, 77059","-95.124842872725,29.60485146341","629130753","R"
"106","20331 FM 529 RD, CYPRESS, TX, 77433","No_Match"
"107","8328 FAIRBANKS N HOUSTON RD, HOUSTON, TX, 77064","Match","Exact","8328 FAIRBANKS N HOUSTON RD, HOUSTON, TX, 77064","-95.524903152138,29.901463205907","96010455","R"
"108","4100 TELEPHONE RD, HOUSTON, TX, 77087","Match","Exact","4100 TELEPHONE RD, HOUSTON, TX, 77087","-95.307562092774,29.705322920853","96610664","R"
"109","10303 S GESSNER RD, HOUSTON, TX, 77071","Match","Non_Exact","10303 S GESSNER DR, HOUSTON, TX, 77071","-95.528085637475,29.667479008501","96598597","R"
"110","201 SHARPSTOWN CTR SPC K00, HOUSTON, TX, 77036","Match","Exact","201 SHARPSTOWN CENTER, HOUSTON, TX, 77036","-95.516784425992,29.705545097635","96609115","L"
"111","702 W GRAY ST, HOUSTON, TX, 77019","Match","Exact","702 W GRAY ST, HOUSTON, TX, 77019","-95.388980990061,29.753448201001","96062574","R"
"112","1440 S VOSS RD, HOUSTON, TX, 77057","Match","Exact","1440 S VOSS RD, HOUSTON, TX, 77057","-95.501176043293,29.752805061579","96624416","R"
"113","9621 HILLCROFT ST, HOUSTON, TX, 77096","Match","Exact","9621 HILLCROFT ST, HOUSTON, TX, 77096","-95.493546918591,29.676951449315","96037882","L"
"114","3500 FAIRMONT PKWY, PASADENA, TX, 77504","Match","Exact","3500 FAIRMONT PKWY, PASADENA, TX, 77504","-95.19081497264,29.651410990371","96600720","R"
"115","4520 HOLMES RD, HOUSTON, TX, 77033","Match","Exact","4520 HOLMES RD, HOUSTON, TX, 77033","-95.357229669403,29.682284180489","96089216","R"
"116","135 W SOUTHMORE AVE, PASADENA, TX, 77502","Match","Exact","135 W SOUTHMORE AVE, PASADENA, TX, 77502","-95.212397402359,29.690727414771","96102992","L"
"117","1603 HIGHWAY 6 S, HOUSTON, TX, 77077","No_Match"
"118","6806 BINTLIFF DR, HOUSTON, TX, 77074","Match","Exact","6806 BINTLIFF DR, HOUSTON, TX, 77074","-95.505164257067,29.706816595272","96031713","R"
"119","953 FEDERAL RD, HOUSTON, TX, 77015","Match","Exact","953 FEDERAL RD, HOUSTON, TX, 77015","-95.215291707412,29.772731044574","96632689","L"
"120","112 AVENUE F, STAFFORD, TX, 77477","Match","Exact","112 AVE F, STAFFORD, TX, 77477","-95.558654047897,29.616377727132","78268239","L"
"121","2145 SHADOWDALE DR, HOUSTON, TX, 77043","Match","Exact","2145 SHADOWDALE DR, HOUSTON, TX, 77043","-95.554507981093,29.810977094547","96635248","L"
"122","1703 SSGT MACARIO GARCIA DR, HOUSTON, TX, 77011","Match","Exact","1703 SSGT MACARIO GARCIA DR, HOUSTON, TX, 77011","-95.299829669895,29.747230984379","96081184","L"
"123","5990 AIRLINE DR STE 140, HOUSTON, TX, 77076","Match","Exact","5990 AIRLINE DR, HOUSTON, TX, 77076","-95.384399941789,29.85246718679","653304798","L"
"124","14670 FM 2100 RD, CROSBY, TX, 77532","Match","Non_Exact","14670 FM 2100, CROSBY, TX, 77532","-95.06340995401,29.898462614005","96652675","R"
"125","3018 WHITE OAK DR, HOUSTON, TX, 77007","Match","Exact","3018 WHITE OAK DR, HOUSTON, TX, 77007","-95.390621855811,29.781646848655","96061633","R"
"126","14119 GRANT RD STE 100, CYPRESS, TX, 77429","Match","Exact","14119 GRANT RD, CYPRESS, TX, 77429","-95.638339058031,30.005330927052","642111711","R"
"127","7523 LONG POINT RD STE A100A200, HOUSTON, TX, 77055","Match","Non_Exact","7523 LONG POINT RD, HOUSTON, TX, 77055","-95.478542205477,29.802786823814","96028445","L"
"128","11402 N HOUSTON ROSSLYN RD, HOUSTON, TX, 77088","Match","Exact","11402 N HOUSTON ROSSLYN RD, HOUSTON, TX, 77088","-95.495592194134,29.896875249349","642106426","R"
"129","5911 RAMPART ST, HOUSTON, TX, 77081","Match","Exact","5911 RAMPART ST, HOUSTON, TX, 77081","-95.488900269421,29.717025445194","96614781","L"
"130","6285 HIGHWAY 6 S, HOUSTON, TX, 77083","Match","Non_Exact","6285 STATE HWY 6, HOUSTON, TX, 77084","-95.645313113014,29.871981249684","656274010","L"
"131","4703 YELLOWSTONE BLVD, HOUSTON, TX, 77021","Match","Exact","4703 YELLOWSTONE BLVD, HOUSTON, TX, 77021","-95.349611008295,29.690187941677","96089148","L"
"132","6730 CULLEN BLVD, HOUSTON, TX, 77021","Match","Exact","6730 CULLEN BLVD, HOUSTON, TX, 77021","-95.353161558864,29.690678518916","96089105","R"
"133","1215 ALDINE BENDER RD, HOUSTON, TX, 77032","Match","Exact","1215 ALDINE BENDER RD, HOUSTON, TX, 77032","-95.368875644101,29.933064234476","96044729","L"
"134","16811 EL CAMINO REAL, HOUSTON, TX, 77058","Match","Exact","16811 EL CAMINO REAL, HOUSTON, TX, 77058","-95.119380544807,29.554029141631","96115780","L"
"135","3131 HOLCOMBE BLVD, HOUSTON, TX, 77021","Match","Exact","3131 HOLCOMBE BLVD, HOUSTON, TX, 77021","-95.378827697804,29.703019831745","640072936","L"
"136","9204 RICHMOND AVE, HOUSTON, TX, 77063","Match","Exact","9204 RICHMOND AVE, HOUSTON, TX, 77063","-95.525719375783,29.729083301718","655884836","R"
"137","17403 FM 529 RD, HOUSTON, TX, 77095","No_Match"
"138","17375 SH 249 S, HOUSTON, TX, 77064","No_Match"
"139","3301 GREEN ST, HOUSTON, TX, 77020","Match","Exact","3301 GREEN ST, HOUSTON, TX, 77020","-95.336573839872,29.771694059311","96070225","L"
"1809","1590 WILLOWBROOK MALL, HOUSTON, TX, 77070","No_Match"
"140","10101 SHADY LN, HOUSTON, TX, 77093","Match","Exact","10101 SHADY LN, HOUSTON, TX, 77093","-95.343189247792,29.859540033026","96647426","L"
"141","6527 DOGWOOD PARK LN, KATY, TX, 77449","Match","Exact","6527 DOGWOOD PARK LN, KATY, TX, 77449","-95.701988630242,29.872628305871","624621374","R"
"142","5118 SMOKEY RIVER DR, KATY, TX, 77449","Match","Exact","5118 SMOKEY RIVER DR, KATY, TX, 77449","-95.727652532185,29.846978004036","96014282","L"
"143","3910 ALDINE MAIL RD, HOUSTON, TX, 77039","Match","Exact","3910 ALDINE MAIL RD, HOUSTON, TX, 77039","-95.334700913857,29.902424257917","96046409","R"
"1800","13505 NORTHWEST FWY, HOUSTON, TX, 77040","Match","Exact","13505 NORTHWEST FWY, HOUSTON, TX, 77040","-95.510771108584,29.851439657839","96646711","L"
"144","1945 N MASON RD STE 105A, KATY, TX, 77449","Match","Non_Exact","1945 MASON RD, KATY, TX, 77449","-95.752064474556,29.801540857096","642480270","L"
"145","16272 IMPERIAL VALLEY DR STE G, HOUSTON, TX, 77060","No_Match"
"146","14901 STATE HIGHWAY 249 STE 106, HOUSTON, TX, 77086","Match","Exact","14901 STATE HWY 249, HOUSTON, TX, 77086","-95.503398641534,29.926973694284","96653496","R"
"147","7645 CYPRESS CREEK PKWY, HOUSTON, TX, 77070","No_Match"
"148","929 CONKLIN ST, HOUSTON, TX, 77088","Match","Exact","929 CONKLIN ST, HOUSTON, TX, 77088","-95.422255595734,29.879023993159","96052721","L"
"149","20041 KATY FWY, KATY, TX, 77450","Match","Exact","20041 KATY FWY, KATY, TX, 77450","-95.719915397485,29.78309871008","96628274","R"
"1808","2000 ALLEN GENOA RD STE 100, HOUSTON, TX, 77017","Match","Exact","2000 ALLEN-GENOA RD, HOUSTON, TX, 77017","-95.228736524027,29.682097190637","642478339","R"
"1807","8230 LONG POINT RD, HOUSTON, TX, 77055","Match","Exact","8230 LONG POINT RD, HOUSTON, TX, 77055","-95.493312638212,29.803033637787","96026533","R"
"1806","4003 KELLEY ST STE A, HOUSTON, TX, 77026","Match","Non_Exact","4003 KELLEY ST, HOUSTON, TX, 77026","-95.331673514106,29.81342619939","96076304","L"
"1805","13940 BAMMEL NORTH HOUSTON RD STE 201, HOUSTON, TX, 77066","Match","Exact","13940 BAMMEL NORTH HOUSTON RD, HOUSTON, TX, 77066","-95.491990077098,29.978361953887","233348311","R"
"1804","23221 ALDINE WESTFIELD RD STE L, SPRING, TX, 77373","Match","Non_Exact","23221 ALDINE WESTFIELD RD, SPRING, TX, 77373","-95.388015132382,30.050181376355","96042281","L"
"1803","1904 EL MAR LN STE C, SEABROOK, TX, 77586","Match","Non_Exact","1904 EL MAR LN, SEABROOK, TX, 77586","-95.024913582708,29.57019712871","96117118","L"
"1802","12098 VETERANS MEMORIAL DR, HOUSTON, TX, 77067","Match","Exact","12098 VETERANS MEMORIAL DR, HOUSTON, TX, 77067","-95.477899855965,29.961023420611","233348131","R"
"1801","2620 JOANEL ST, HOUSTON, TX, 77027","Match","Exact","2620 JOANEL ST, HOUSTON, TX, 77027","-95.434452435789,29.741313856115","96062694","R"
"150","1162 ALLEN GENOA RD, HOUSTON, TX, 77017","Match","Exact","1162 ALLEN-GENOA RD, HOUSTON, TX, 77017","-95.235335772915,29.691531367101","641190460","R"
"151","5832 FAIRDALE LN, HOUSTON, TX, 77057","Match","Exact","5832 FAIRDALE LN, HOUSTON, TX, 77057","-95.481057678586,29.733161184868","96574905","R"
"152","12639 BISSONNET ST, HOUSTON, TX, 77099","Match","Exact","12639 BISSONNET ST, HOUSTON, TX, 77099","-95.599454481359,29.677064268061","96035510","L"
"153","21802 TOWNSEN BLVD W, HUMBLE, TX, 77338","Match","Non_Exact","21802 TOWNSEN BLVD, HUMBLE, TX, 77338","-95.268352261373,30.020835175047","653304256","L"
"154","5880 RANCHESTER DR STE 100, HOUSTON, TX, 77036","Match","Exact","5880 RANCHESTER DR, HOUSTON, TX, 77036","-95.547694580307,29.714672381121","655913998","R"
"1811","13730 CYPRESS NORTH HOUSTON RD, CYPRESS, TX, 77429","Match","Exact","13730 CYPRESS NORTH HOUSTON RD, CYPRESS, TX, 77429","-95.630105019227,29.947467686156","233347916","L"
"155","14498 BELLAIRE BLVD, HOUSTON, TX, 77083","Match","Exact","14498 BELLAIRE BLVD, HOUSTON, TX, 77083","-95.639917366023,29.704057889993","233346973","R"
"1810","3533 S DAIRY ASHFORD RD STE A, HOUSTON, TX, 77082","Match","Non_Exact","3533 S DAIRY ASHFORD RD, HOUSTON, TX, 77082","-95.604784719866,29.723417367908","96612749","R"
"156","1806 W BAY AREA BLVD, FRIENDSWOOD, TX, 77546","No_Match"
"157","12503 RAIA LN, HOUSTON, TX, 77071","Match","Exact","12503 RAIA LN, HOUSTON, TX, 77071","-95.50959741844,29.641236836944","96130560","R"
"158","5812 HIGHWAY 6 N STE B, HOUSTON, TX, 77084","Tie"
"159","10488 OLD KATY RD, HOUSTON, TX, 77043","Match","Non_Exact","10488 KATY FWY, HOUSTON, TX, 77043","-95.558509173867,29.785153762875","642472175","R"
"1819","6855 HIGHWAY 6 S STE A, HOUSTON, TX, 77083","Match","Non_Exact","6855 STATE HWY 6, HOUSTON, TX, 77083","-95.643874467615,29.703002766037","96607987","R"
"1818","4024 NASA PKWY, EL LAGO, TX, 77586","Match","Non_Exact","4024 E NASA PKWY, EL LAGO, TX, 77586","-95.052316000494,29.564425653108","96129430","L"
"1817","720 FANNIN ST, HOUSTON, TX, 77002","Match","Exact","720 FANNIN ST, HOUSTON, TX, 77002","-95.362470798596,29.7585199746","96067732","R"
"1816","7407 SPENCER HWY STE 160, PASADENA, TX, 77505","Match","Exact","7407 SPENCER HWY, PASADENA, TX, 77505","-95.125147671169,29.663727848357","96601536","L"
"1815","760 W GULF BANK RD, HOUSTON, TX, 77088","Match","Exact","760 W GULF BANK RD, HOUSTON, TX, 77088","-95.413869531227,29.889234179447","96649520","R"
"1814","5219 FM 1960 RD W, HOUSTON, TX, 77069","Match","Exact","5219 FM 1960 RD W, HOUSTON, TX, 77069","-95.506665549859,29.983232483463","233348366","R"
"1813","6060 VICTORY DR, HOUSTON, TX, 77088","Match","Exact","6060 VICTORY DR, HOUSTON, TX, 77088","-95.479628928359,29.865678193437","96027005","R"
"1812","9979 BEECHNUT ST STE D, HOUSTON, TX, 77036","Match","Non_Exact","9979 BEECHNUT ST, HOUSTON, TX, 77036","-95.556524211052,29.68921947035","96603591","L"
"160","1424 SPRING CYPRESS RD, SPRING, TX, 77373","Match","Exact","1424 SPRING CYPRESS RD, SPRING, TX, 77373","-95.433646999504,30.075851876571","638091436","L"
"161","7004 BELLFORT ST, HOUSTON, TX, 77087","Match","Exact","7004 BELLFORT ST, HOUSTON, TX, 77087","-95.305756480865,29.669095082125","655855900","R"
"162","3501 CHIMIRA LN, HOUSTON, TX, 77051","Match","Exact","3501 CHIMIRA LN, HOUSTON, TX, 77051","-95.371767085592,29.647636987106","96088925","L"
"163","4406 TIDWELL RD, HOUSTON, TX, 77093","Match","Non_Exact","4406 W TIDWELL RD, HOUSTON, TX, 77091","-95.452754473987,29.846558970122","96225167","L"
"164","8800 RICHMOND AVE, HOUSTON, TX, 77063","Match","Exact","8800 RICHMOND AVE, HOUSTON, TX, 77063","-95.519641939723,29.729122110084","96030963","R"
"165","5502 HIGHWAY 6 N, HOUSTON, TX, 77084","Tie"
"1822","22944 IMPERIAL VALLEY DR, HOUSTON, TX, 77073","Match","Exact","22944 IMPERIAL VALLEY DR, HOUSTON, TX, 77073","-95.420960524928,30.029378625637","96570321","R"
"166","10028A BISSONNET ST, HOUSTON, TX, 77036","Match","Non_Exact","10028A BISSONNET ST, HOUSTON, TX, 77036","-95.555097625388,29.675045984131","96603391","R"
"1821","4003 RUSTIC WOODS DR STE C, KINGWOOD, TX, 77339","No_Match"
"167","643 E 11TH ST, HOUSTON, TX, 77008","Match","Exact","643 E 11TH ST, HOUSTON, TX, 77008","-95.391119867518,29.790842887019","96061459","L"
"1820","5920 HIGHWAY 6 N STE 1001, HOUSTON, TX, 77084","No_Match"
"168","8821 WESTHEIMER RD STE 107, HOUSTON, TX, 77063","Match","Exact","8821 WESTHEIMER RD, HOUSTON, TX, 77063","-95.520536456837,29.737277672046","96619837","L"
"169","13760 NORTHWEST FWY, HOUSTON, TX, 77040","Match","Exact","13760 NORTHWEST FWY, HOUSTON, TX, 77040","-95.512747837721,29.853469649543","233349172","R"
"1829","10750 WESTVIEW DR, HOUSTON, TX, 77043","Match","Exact","10750 WESTVIEW DR, HOUSTON, TX, 77043","-95.562287122253,29.790858153636","642476551","R"
"1828","9908 BEECHNUT ST STE G, HOUSTON, TX, 77036","Match","Non_Exact","9908 BEECHNUT ST, HOUSTON, TX, 77036","-95.555269922948,29.689272551934","96603590","R"
"1827","18611 EASTFIELD DR, WEBSTER, TX, 77598","No_Match"
"1826","3938 N SHEPHERD DR, HOUSTON, TX, 77018","Match","Exact","3938 N SHEPHERD DR, HOUSTON, TX, 77018","-95.410451369625,29.822783738413","96639812","R"
"1825","6965 HARWIN DR # 152, HOUSTON, TX, 77036","Match","Exact","6965 HARWIN DR, HOUSTON, TX, 77036","-95.505702812108,29.718147989884","96614533","L"
"1824","8830 CLAY RD, HOUSTON, TX, 77080","Match","Exact","8830 CLAY RD, HOUSTON, TX, 77080","-95.513441341507,29.832730088705","96025550","R"
"1823","2165 NORTHPARK DR, KINGWOOD, TX, 77339","Match","Exact","2165 NORTHPARK DR, KINGWOOD, TX, 77339","-95.215467731938,30.068947545658","96668563","R"
"170","15626 CYPRESS ROSEHILL RD STE 600, CYPRESS, TX, 77429","Match","Exact","15626 CYPRESS ROSEHILL RD, CYPRESS, TX, 77429","-95.699224109553,29.990978459249","644830160","L"
"171","411 N COMMERCE ST, BAYTOWN, TX, 77520","Match","Exact","411 N COMMERCE ST, BAYTOWN, TX, 77520","-94.967465892722,29.73508617237","96110573","L"
"172","18010 ISLET CT, TOMBALL, TX, 77377","No_Match"
"173","9451 FM 1960 BYPASS RD W, HUMBLE, TX, 77338","Match","Exact","9451 FM 1960 BYPASS RD W, HUMBLE, TX, 77338","-95.283282224984,30.005101005778","647692508","L"
"174","12622 TELGE RD, CYPRESS, TX, 77429","Match","Exact","12622 TELGE RD, CYPRESS, TX, 77429","-95.649963117089,29.959191358459","642479217","R"
"175","7308 AIRLINE DR, HOUSTON, TX, 77076","Match","Exact","7308 AIRLINE DR, HOUSTON, TX, 77076","-95.384655004678,29.867363005544","233420873","L"
"176","303 MEMORIAL CITY WAY, HOUSTON, TX, 77024","No_Match"
"1833","9251 JONES RD, HOUSTON, TX, 77065","No_Match"
"177","4420 N SHEPHERD DR, HOUSTON, TX, 77018","Match","Exact","4420 N SHEPHERD DR, HOUSTON, TX, 77018","-95.410566687435,29.828352880624","642477747","R"
"1832","10927 LOUETTA RD STE 190, HOUSTON, TX, 77070","Match","Exact","10927 LOUETTA RD, HOUSTON, TX, 77070","-95.576032319494,29.996667466063","642111252","R"
"178","11755 BEECHNUT ST, HOUSTON, TX, 77072","Match","Exact","11755 BEECHNUT ST, HOUSTON, TX, 77072","-95.586093832551,29.688867529167","96603097","L"
"1831","1295 PINEMONT DR, HOUSTON, TX, 77018","Match","Exact","1295 PINEMONT DR, HOUSTON, TX, 77018","-95.425536888392,29.840891847841","96053980","L"
"179","11300 S SAM HOUSTON PKWY W, HOUSTON, TX, 77031","Match","Non_Exact","11300 SAM HOUSTON PKWY, HOUSTON, TX, 77031","-95.54269832648,29.647716246231","638165802","L"
"1830","1720 PINKY WAY, HOUSTON, TX, 77015","Match","Exact","1720 PINKY WAY, HOUSTON, TX, 77015","-95.216879292024,29.759148719347","96096586","R"
"1839","16902 TUCKERTON RD STE A, HOUSTON, TX, 77095","Match","Non_Exact","16902 TUCKERTON RD, HOUSTON, TX, 77095","-95.66857698665,29.917679825096","616953899","L"
"1838","9222 RICHMOND AVE, HOUSTON, TX, 77063","Match","Exact","9222 RICHMOND AVE, HOUSTON, TX, 77063","-95.527090664204,29.729057327011","96613996","R"
"1837","6440 W 43RD ST STE E, HOUSTON, TX, 77092","Match","Non_Exact","6440 W 43RD ST, HOUSTON, TX, 77092","-95.486084522693,29.833257955117","96027871","R"
"1836","22603 MORTON RANCH RD STE 160, KATY, TX, 77449","No_Match"
"1835","677 ALDINE MAIL ROUTE RD, HOUSTON, TX, 77037","Match","Non_Exact","677 ALDINE MAIL RD, HOUSTON, TX, 77037","-95.387274142729,29.902157134649","96044387","L"
"1834","14237 E SAM HOUSTON PKWY N STE 300, HOUSTON, TX, 77044","No_Match"
"180","7502 FULTON ST, HOUSTON, TX, 77022","Match","Exact","7502 FULTON ST, HOUSTON, TX, 77022","-95.376080249002,29.829385014742","96057345","R"
"181","4950 CYPRESS CREEK PKWY STE B1, HOUSTON, TX, 77069","No_Match"
"182","540 YORKSHIRE ST, HOUSTON, TX, 77022","Match","Exact","540 YORKSHIRE ST, HOUSTON, TX, 77022","-95.366867461978,29.827563402027","96057551","R"
"183","5531 FOREST TRAILS DR, HOUSTON, TX, 77084","Match","Exact","5531 FOREST TRAILS DR, HOUSTON, TX, 77084","-95.681751390914,29.854221638774","96289609","L"
"184","706 GREENS RD, HOUSTON, TX, 77060","Match","Exact","706 GREENS RD, HOUSTON, TX, 77060","-95.398448694224,29.950556017601","96659188","R"
"185","9440 LOUETTA RD STE 3, SPRING, TX, 77379","Match","Exact","9440 LOUETTA RD, SPRING, TX, 77379","-95.553907870353,30.004373972686","96662503","L"
"186","18550 STATE HIGHWAY 249, HOUSTON, TX, 77070","No_Match"
"187","2610 BROADWAY ST, HOUSTON, TX, 77012","Match","Exact","2610 BROADWAY ST, HOUSTON, TX, 77012","-95.277984736935,29.703541885001","96085763","R"
"1844","5526 WASHINGTON AVE, HOUSTON, TX, 77007","Match","Exact","5526 WASHINGTON AVE, HOUSTON, TX, 77007","-95.417739417593,29.770742531218","96060521","R"
"188","8423 WINKLER DR, HOUSTON, TX, 77017","Match","Exact","8423 WINKLER DR, HOUSTON, TX, 77017","-95.26491568498,29.674830680796","96606126","L"
"1843","4818 IRVINGTON BLVD, HOUSTON, TX, 77009","No_Match"
"189","5704 ANTOINE DR, HOUSTON, TX, 77091","Match","Exact","5704 ANTOINE DR, HOUSTON, TX, 77091","-95.4732278842,29.848735587991","96027991","R"
"1842","1665 S VOSS RD, HOUSTON, TX, 77057","Match","Exact","1665 S VOSS RD, HOUSTON, TX, 77057","-95.50098295909,29.749045761563","96030629","L"
"1841","1418 GEARS RD, HOUSTON, TX, 77067","Match","Exact","1418 GEARS RD, HOUSTON, TX, 77067","-95.441929192181,29.94611540686","96012025","R"
"1840","7001 LONG DR, HOUSTON, TX, 77087","Match","Exact","7001 LONG DR, HOUSTON, TX, 77087","-95.305634532683,29.68522951502","96091703","L"
"1849","8501 LONG POINT RD STE E, HOUSTON, TX, 77055","Match","Non_Exact","8501 LONG POINT RD, HOUSTON, TX, 77055","-95.497106721985,29.802979144293","96026481","L"
"1848","701 HOLLAND AVE, GALENA PARK, TX, 77547","Match","Non_Exact","701 HOLLAND, GALENA PARK, TX, 77547","-95.232850699309,29.736915794623","96086573","R"
"1847","7640 CLAREWOOD DR, HOUSTON, TX, 77036","Match","Exact","7640 CLAREWOOD DR, HOUSTON, TX, 77036","-95.519659927854,29.709763114044","96608912","R"
"1846","1727 BERRY RD, HOUSTON, TX, 77093","Match","Exact","1727 BERRY RD, HOUSTON, TX, 77093","-95.352406582936,29.837743740884","645213564","L"
"1845","8401 WESTHEIMER RD STE 105, HOUSTON, TX, 77063","Match","Exact","8401 WESTHEIMER RD, HOUSTON, TX, 77063","-95.514259038123,29.737322739048","96030922","L"
"190","15426 FORMASTON DR, HUMBLE, TX, 77346","Match","Exact","15426 FORMASTON DR, HUMBLE, TX, 77346","-95.195065076614,29.945058708461","654218382","R"
"191","9740 BARKER CYPRESS RD STE 104, CYPRESS, TX, 77433","No_Match"
"192","6515 CHIMNEY ROCK RD, HOUSTON, TX, 77081","Match","Exact","6515 CHIMNEY ROCK RD, HOUSTON, TX, 77081","-95.47627786608,29.710868115259","96609422","L"
"193","3810 N MASON RD STE C, KATY, TX, 77449","No_Match"
"194","7202 JENSEN DR, HOUSTON, TX, 77093","Match","Exact","7202 JENSEN DR, HOUSTON, TX, 77093","-95.342506468466,29.824587892194","96058816","R"
"195","3337 CYPRESS CREEK PKWY STE A, HOUSTON, TX, 77068","No_Match"
"196","6503 GARTH RD, BAYTOWN, TX, 77521","Match","Exact","6503 GARTH RD, BAYTOWN, TX, 77521","-94.98068068689,29.796078239746","96554898","L"
"197","1822 S KIRKWOOD RD STE A, HOUSTON, TX, 77077","Match","Non_Exact","1822 S KIRKWOOD RD, HOUSTON, TX, 77077","-95.586021568861,29.74859880027","644859928","R"
"198","9450 AIRLINE DR, HOUSTON, TX, 77037","Match","Exact","9450 AIRLINE DR, HOUSTON, TX, 77037","-95.397695185537,29.895033585713","96556247","R"
"1855","17996 FM 529 RD, HOUSTON, TX, 77095","Match","Non_Exact","17996 FM 529, HOUSTON, TX, 77095","-95.683204409971,29.87999808489","96014846","L"
"199","5085 WESTHEIMER RD, HOUSTON, TX, 77056","Match","Exact","5085 WESTHEIMER RD, HOUSTON, TX, 77056","-95.462906681388,29.740630241244","649110418","L"
"1854","5665 BEECHNUT ST, HOUSTON, TX, 77096","Match","Exact","5665 BEECHNUT ST, HOUSTON, TX, 77096","-95.491430495755,29.688269171576","96037768","L"
"1853","20323 FM 529 RD STE 180, CYPRESS, TX, 77433","No_Match"
"1852","2014 CLINTON DR, GALENA PARK, TX, 77547","No_Match"
"1851","14101 GRANT RD, CYPRESS, TX, 77429","Match","Exact","14101 GRANT RD, CYPRESS, TX, 77429","-95.638266721408,30.005302856119","642111711","R"
"1850","1200 MCKINNEY ST STE 545, HOUSTON, TX, 77010","Match","Exact","1200 MCKINNEY ST, HOUSTON, TX, 77010","-95.363175526691,29.755832047237","96067747","R"
"1859","3907 BLUE GRAMA GRASS DR, HOUSTON, TX, 77084","No_Match"
"1858","6117 WILCREST DR, HOUSTON, TX, 77072","Match","Exact","6117 WILCREST DR, HOUSTON, TX, 77072","-95.571340976114,29.71481442473","96613076","L"
"1857","12675 FONDREN RD, HOUSTON, TX, 77035","Match","Exact","12675 FONDREN RD, HOUSTON, TX, 77035","-95.508198487518,29.638815768423","96595568","R"
"1856","5305 HIGHWAY BLVD, KATY, TX, 77494","Match","Exact","5305 HIGHWAY BLVD, KATY, TX, 77494","-95.811391755372,29.785683357476","641936307","R"
"1866","9947 HARWIN DR STE I, HOUSTON, TX, 77036","Match","Non_Exact","9947 HARWIN DR, HOUSTON, TX, 77036","-95.536798879505,29.717675207321","96613979","L"
"1865","14202 S POST OAK RD, HOUSTON, TX, 77045","Match","Exact","14202 S POST OAK RD, HOUSTON, TX, 77045","-95.465128887991,29.621599652976","96593246","R"
"1864","24417 KATY FWY, KATY, TX, 77494","Match","Exact","24417 KATY FWY, KATY, TX, 77494","-95.79251645207,29.78500629211","649182602","R"
"1863","5170 ALDINE MAIL ROUTE RD, HOUSTON, TX, 77039","Match","Non_Exact","5170 ALDINE MAIL RD, HOUSTON, TX, 77039","-95.317650710952,29.90283796422","96046561","R"
"1862","18322 CLAY RD, HOUSTON, TX, 77084","Match","Exact","18322 CLAY RD, HOUSTON, TX, 77084","-95.681792646069,29.831157414766","96292933","L"
"1861","2818 FAY ST, HOUSTON, TX, 77023","Match","Exact","2818 FAY ST, HOUSTON, TX, 77023","-95.322694768906,29.71059047458","644576615","R"
"1860","8502 VAN HUT LN, HOUSTON, TX, 77044","Match","Exact","8502 VAN HUT LN, HOUSTON, TX, 77044","-95.198355152202,29.84613855393","96644654","R"
"1869","13484 NORTHWEST FWY, HOUSTON, TX, 77040","Match","Exact","13484 NORTHWEST FWY, HOUSTON, TX, 77040","-95.510250602944,29.852048753963","96646723","R"
"1868","605 RICHEY ST, PASADENA, TX, 77506","Match","Exact","605 RICHEY ST, PASADENA, TX, 77506","-95.219778107479,29.702124923459","96611387","L"
"1867","3603 GREENHOUSE RD STE D, HOUSTON, TX, 77084","No_Match"
"1880","16251 S POST OAK RD, HOUSTON, TX, 77053","Match","Exact","16251 S POST OAK RD, HOUSTON, TX, 77053","-95.469475184641,29.590548947423","78271753","R"
"1877","15825 BELLAIRE BLVD STE A, HOUSTON, TX, 77083","Match","Non_Exact","15825 BELLAIRE BLVD, HOUSTON, TX, 77083","-95.664648164058,29.699890115025","96607879","R"
"1876","7074 BISSONNET ST, HOUSTON, TX, 77074","Match","Exact","7074 BISSONNET ST, HOUSTON, TX, 77074","-95.507198412209,29.687645961015","96604119","R"
"1875","11815 WESTHEIMER RD, HOUSTON, TX, 77077","Match","Exact","11815 WESTHEIMER RD, HOUSTON, TX, 77077","-95.585559790733,29.736388110239","96023520","R"
"1874","5720 BELLAIRE BLVD, HOUSTON, TX, 77081","Match","Exact","5720 BELLAIRE BLVD, HOUSTON, TX, 77081","-95.481993731797,29.705621828733","96609481","R"
"1873","5650 ANTOINE DR, HOUSTON, TX, 77091","Match","Exact","5650 ANTOINE DR, HOUSTON, TX, 77091","-95.473229752951,29.848197394528","96027991","R"
"1872","6371 WINDSWEPT LN, HOUSTON, TX, 77057","Match","Exact","6371 WINDSWEPT LN, HOUSTON, TX, 77057","-95.496188382014,29.725756581732","644415800","L"
"1871","5415 FM 1960 RD E, HUMBLE, TX, 77346","Match","Exact","5415 FM 1960 RD E, HUMBLE, TX, 77346","-95.192707203146,29.998852471008","96663764","L"
"1870","13210 BISSONNET ST, HOUSTON, TX, 77083","No_Match"
"1879","1508 HOUSTON BLVD, SOUTH HOUSTON, TX, 77587","Match","Exact","1508 HOUSTON BLVD, SOUTH HOUSTON, TX, 77587","-95.234582034517,29.661880168476","96600279","R"
"1878","534 WAUGH DR, HOUSTON, TX, 77019","Match","Exact","534 WAUGH DR, HOUSTON, TX, 77019","-95.398242920537,29.760809218404","96624809","R"
"1891","5700 W LITTLE YORK RD, HOUSTON, TX, 77091","Match","Exact","5700 W LITTLE YORK RD, HOUSTON, TX, 77091","-95.473508886266,29.863356401796","96646880","R"
"1890","104 TIDWELL RD STE C, HOUSTON, TX, 77022","Match","Non_Exact","104 TIDWELL RD, HOUSTON, TX, 77022","-95.377627323673,29.845524670603","96057219","R"
"1888","6507 MINOLA ST UNIT B, HOUSTON, TX, 77007","Match","Non_Exact","6507 MINOLA ST, HOUSTON, TX, 77007","-95.42750044604,29.773291619349","96059912","L"
"1887","13902 ALMEDA RD, HOUSTON, TX, 77053","Match","Exact","13902 ALMEDA RD, HOUSTON, TX, 77053","-95.423215704834,29.604551582024","653304579","R"
"1886","111 COPPERSMITH DR, KATY, TX, 77450","Match","Exact","111 COPPERSMITH DR, KATY, TX, 77450","-95.767881677762,29.782525491361","96299948","R"
"1885","707 SHAVER ST, PASADENA, TX, 77506","Match","Exact","707 SHAVER ST, PASADENA, TX, 77506","-95.211470773587,29.70153667952","96097866","L"
"1884","6455 WESTHEIMER RD, HOUSTON, TX, 77057","Match","Exact","6455 WESTHEIMER RD, HOUSTON, TX, 77057","-95.498423033153,29.73748209122","647634107","L"
"1883","11730 SPRING CYPRESS RD STE 4, TOMBALL, TX, 77377","Match","Exact","11730 SPRING CYPRESS RD, TOMBALL, TX, 77377","-95.602344653617,30.012881897295","642112281","L"
"1882","1901 ALLEN GENOA RD STE 170, PASADENA, TX, 77502","Match","Exact","1901 ALLEN-GENOA RD, PASADENA, TX, 77502","-95.230248782764,29.684472226122","642479586","L"
"1881","10330 BLACKHAWK BLVD, HOUSTON, TX, 77089","No_Match"
"1889","125 E EDGEBROOK DR STE A, HOUSTON, TX, 77034","Match","Non_Exact","125 E EDGEBROOK DR, HOUSTON, TX, 77034","-95.215635501164,29.650378144365","233364410","L"
"1899","24310 BAR KAY LN, HOCKLEY, TX, 77447","Match","Exact","24310 BAR KAY LN, HOCKLEY, TX, 77447","-95.80433298519,30.018074970301","95999955","L"
"1898","24814 KUYKENDAHL RD STE 130, TOMBALL, TX, 77375","Match","Exact","24814 KUYKENDAHL RD, TOMBALL, TX, 77375","-95.55456691901,30.119028151526","644676160","L"
"1897","9210 W MONTGOMERY RD, HOUSTON, TX, 77088","Match","Exact","9210 W MONTGOMERY RD, HOUSTON, TX, 77088","-95.443159318009,29.877139756408","96553579","R"
"1896","2201 DALLAS ST, HOUSTON, TX, 77003","Match","Exact","2201 DALLAS ST, HOUSTON, TX, 77003","-95.355711150427,29.749257168688","640067229","L"
"1895","916B W 23RD ST, HOUSTON, TX, 77008","Match","Non_Exact","916B W 23RD ST, HOUSTON, TX, 77008","-95.414586569448,29.806721296511","96054640","L"
"1894","11810 BELLAIRE BLVD STE B, HOUSTON, TX, 77072","Match","Non_Exact","11810 BELLAIRE BLVD, HOUSTON, TX, 77072","-95.586146319138,29.703807406251","96608361","R"
"1893","4717 TELEPHONE RD, HOUSTON, TX, 77087","Match","Exact","4717 TELEPHONE RD, HOUSTON, TX, 77087","-95.298823281715,29.692379433552","96091733","L"
"1892","15635 ALDINE WESTFIELD RD, HOUSTON, TX, 77032","Match","Exact","15635 ALDINE WESTFIELD RD, HOUSTON, TX, 77032","-95.357314420723,29.945513630711","96656884","L"
"3604","1508 AHRENS ST, HOUSTON, TX, 77017","Match","Exact","1508 AHRENS ST, HOUSTON, TX, 77017","-95.245673407747,29.687845569259","96606283","R"
"3603","16215 CLAY RD STE 203, HOUSTON, TX, 77084","Match","Exact","16215 CLAY RD, HOUSTON, TX, 77084","-95.646770690347,29.835935781011","96642406","L"
"3602","5534 SIERRA CT, PASADENA, TX, 77505","Match","Exact","5534 SIERRA CT, PASADENA, TX, 77505","-95.119563870407,29.656065751914","656048181","L"
"3601","4905 N SHEPHERD DR STE B, HOUSTON, TX, 77018","Match","Non_Exact","4905 N SHEPHERD DR, HOUSTON, TX, 77018","-95.410897928445,29.837479536701","96643756","L"
"3600","6310 WALLISVILLE RD, HOUSTON, TX, 77020","Match","Exact","6310 WALLISVILLE RD, HOUSTON, TX, 77020","-95.307171026414,29.787402053207","96080346","R"
"3609","9129 MESA DR, HOUSTON, TX, 77028","Match","Exact","9129 MESA DR, HOUSTON, TX, 77028","-95.262362551231,29.844073827355","655866992","L"
"3608","1073B SILBER RD, HOUSTON, TX, 77055","Match","Non_Exact","1073B SILBER RD, HOUSTON, TX, 77055","-95.468117844868,29.787347496422","96032171","L"
"3607","9440 LOUETTA RD STE 7, SPRING, TX, 77379","Match","Exact","9440 LOUETTA RD, SPRING, TX, 77379","-95.553907870353,30.004373972686","96662503","L"
"3606","631 UVALDE RD STE B, HOUSTON, TX, 77015","Match","Non_Exact","631 UVALDE RD, HOUSTON, TX, 77015","-95.18679970716,29.785046547201","96097025","L"
"3605","3604 MANGUM RD STE A, HOUSTON, TX, 77092","Match","Non_Exact","3604 MANGUM RD, HOUSTON, TX, 77092","-95.459366536026,29.821132257505","96639571","R"
"3615","225 E NASA PKWY STE C, WEBSTER, TX, 77598","Match","Non_Exact","225 E NASA PKWY, WEBSTER, TX, 77598","-95.117225108339,29.53846484399","649873023","L"
"3614","14314 BERRINGTON DR, HOUSTON, TX, 77083","Match","Exact","14314 BERRINGTON DR, HOUSTON, TX, 77083","-95.63809701293,29.683944511722","96560138","R"
"3613","11324 BEECHNUT ST, HOUSTON, TX, 77072","Match","Exact","11324 BEECHNUT ST, HOUSTON, TX, 77072","-95.57746027672,29.68820937189","96603112","R"
"3612","9614 BEECHNUT ST STE A, HOUSTON, TX, 77036","Match","Non_Exact","9614 BEECHNUT ST, HOUSTON, TX, 77036","-95.551820530917,29.690122603415","96603394","R"
"3611","5021 CANAL ST, HOUSTON, TX, 77011","Match","Exact","5021 CANAL ST, HOUSTON, TX, 77011","-95.323494572805,29.747023235716","96081671","L"
"3610","14715 T C JESTER BLVD STE 300, HOUSTON, TX, 77068","Match","Exact","14715 T C JESTER BLVD, HOUSTON, TX, 77068","-95.484228880254,30.002354957462","96576974","L"
"3619","25824 CLAY RD STE D, KATY, TX, 77493","Match","Non_Exact","25824 CLAY RD, KATY, TX, 77493","-95.820593640301,29.831397380779","654307507","L"
"3618","6901 BEECHNUT ST, HOUSTON, TX, 77074","Match","Exact","6901 BEECHNUT ST, HOUSTON, TX, 77074","-95.50621973294,29.691665291551","96609088","L"
"3617","14023 S POST OAK RD # A, HOUSTON, TX, 77045","Match","Non_Exact","14023 S POST OAK RD, HOUSTON, TX, 77045","-95.46504896369,29.623436180495","96593314","L"
"3616","1025 S SHEPHERD DR, HOUSTON, TX, 77019","Match","Exact","1025 S SHEPHERD DR, HOUSTON, TX, 77019","-95.408344588133,29.756694952682","96061991","L"
"3626","1201 WAYSIDE DR, HOUSTON, TX, 77011","Match","Non_Exact","1201 N WAYSIDE DR, HOUSTON, TX, 77011","-95.303238147177,29.744437957295","96082954","L"
"3625","5765 FAIRMONT PKWY STE 100, PASADENA, TX, 77505","Match","Exact","5765 FAIRMONT PKWY, PASADENA, TX, 77505","-95.15256150506,29.650048231181","645487443","L"
"3624","1143 LATHROP ST, HOUSTON, TX, 77020","Match","Exact","1143 LATHROP ST, HOUSTON, TX, 77020","-95.301143079406,29.767719427765","96081063","L"
"3623","7640 BELLFORT ST STE B, HOUSTON, TX, 77061","Match","Non_Exact","7640 BELLFORT ST, HOUSTON, TX, 77061","-95.284261699739,29.672226522398","651641410","R"
"3622","911 HARRIS AVE STE B, PASADENA, TX, 77506","Match","Non_Exact","911 HARRIS AVE, PASADENA, TX, 77506","-95.202881635226,29.698212669915","96098158","L"
"3621","8923 APPLE MILL DR, HOUSTON, TX, 77095","Match","Exact","8923 APPLE MILL DR, HOUSTON, TX, 77095","-95.646941216419,29.910451699098","96291524","R"
"3620","312 MAIN ST STE A, SOUTH HOUSTON, TX, 77587","Match","Non_Exact","312 MAIN ST, SOUTH HOUSTON, TX, 77587","-95.248029970838,29.668091399246","96093777","R"
"3629","4321 FRIENDSWOOD LINK RD, FRIENDSWOOD, TX, 77546","Match","Exact","4321 FRIENDSWOOD LINK RD, FRIENDSWOOD, TX, 77546","-95.183542835868,29.52570876851","96120391","R"
"3628","12938 CYPRESS NORTH HOUSTON RD, CYPRESS, TX, 77429","No_Match"
"3627","7997 W AIRPORT BLVD STE D, HOUSTON, TX, 77071","Match","Non_Exact","7997 W AIRPORT BLVD, HOUSTON, TX, 77071","-95.518534050284,29.64184313867","96038490","R"
