0,3423 GARTH RD SPC 10,BAYTOWN,TX,77521
1,9968 BELLAIRE BLVD STE 180,HOUSTON,TX,77036
2,10502 HUFFMEISTER RD STE C,HOUSTON,TX,77065
3,5219 FM 1960 RD W,HOUSTON,TX,77069
4,6806 W MONTGOMERY RD,HOUSTON,TX,77091
5,1005 SAINT EMANUEL ST,HOUSTON,TX,77003
6,9855 FUQUA ST STE A,HOUSTON,TX,77075
7,4829 TODVILLE RD,SEABROOK,TX,77586
8,2817 HARDY ST,HOUSTON,TX,77009
9,11616 T C JESTER BLVD STE 200,HOUSTON,TX,77067
10,11700 BELLAIRE BLVD,HOUSTON,TX,77072
11,12420 PALMSPRINGS DR,HOUSTON,TX,77034
12,11006 AIRLINE DR,HOUSTON,TX,77037
13,4101 W OREM DR,HOUSTON,TX,77045
14,12620 WOODFOREST BLVD STE 350,HOUSTON,TX,77015
15,6015 LONG DR,HOUSTON,TX,77087
16,1002 MERCURY DR,JACINTO CITY,TX,77029
17,2617 W HOLCOMBE BLVD,HOUSTON,TX,77025
18,1518 BRITTMOORE RD STE A,HOUSTON,TX,77043
19,1469 WIRT RD,HOUSTON,TX,77055
20,2922 S SHEPHERD DR,HOUSTON,TX,77098
21,2201 RED BLUFF RD,PASADENA,TX,77506
22,10706 SORSBY WAY,HOUSTON,TX,77047
23,9430 MESA DR,HOUSTON,TX,77028
24,8013 JOHN RALSTON RD,HOUSTON,TX,77044
25,4401 HARRISBURG BLVD,HOUSTON,TX,77011
26,1310 JASMINE AVE,WEBSTER,TX,77598
27,3601 HIGHWAY 6 S,HOUSTON,TX,77082
28,3760 ROMA ST,HOUSTON,TX,77080
29,3733 DRUMMOND ST,HOUSTON,TX,77025
30,1413 GESSNER DR,HOUSTON,TX,77080
31,2104 STRAWBERRY RD,PASADENA,TX,77502
32,3400 LIBERTY RD,HOUSTON,TX,77026
33,10769 W BELLFORT AVE,HOUSTON,TX,77099
34,5700 S GESSNER RD STE G,HOUSTON,TX,77036
35,1567 LITTLE YORK RD,HOUSTON,TX,77093
36,6 UVALDE RD STE A,HOUSTON,TX,77015
37,2111 SPRING CYPRESS RD STE 30,SPRING,TX,77388
38,5900 BELLAIRE BLVD STE A,HOUSTON,TX,77081
39,8419 WINKLER DR STE AB,HOUSTON,TX,77017
40,1603 SPENCER HWY,SOUTH HOUSTON,TX,77587
41,10851 SCARSDALE BLVD STE 170A,HOUSTON,TX,77089
42,1416 W OREM DR STE C,HOUSTON,TX,77047
43,5900 CHIMNEY ROCK RD STE U,HOUSTON,TX,77081
44,7401 ALMEDA GENOA RD,HOUSTON,TX,77075
45,5107 EAST FWY,BAYTOWN,TX,77521
46,8402 N MAIN ST,HOUSTON,TX,77022
47,2225 LOUISIANA ST,HOUSTON,TX,77002
48,7310 LOUETTA RD,SPRING,TX,77379
49,11240 FONDREN RD,HOUSTON,TX,77096
50,9805 FM 1960 BYPASS RD W,HUMBLE,TX,77338
51,8221 GULF FWY STE 100,HOUSTON,TX,77017
52,4038 BOONE RD,HOUSTON,TX,77072
53,9651 BISSONNET ST STE 201,HOUSTON,TX,77036
54,9702 SPRING CYPRESS RD STE 121,SPRING,TX,77379
55,9923 N HOUSTON ROSSLYN RD,HOUSTON,TX,77088
56,6412 N MAIN ST,HOUSTON,TX,77009
57,11300 WEST RD STE L,HOUSTON,TX,77065
58,8901 MESA DR,HOUSTON,TX,77028
59,10105 HAMMERLY BLVD # A,HOUSTON,TX,77080
60,1125 S HOUSTON AVE,HUMBLE,TX,77338
61,12201 EAST FWY,HOUSTON,TX,77015
62,13750 EAST FWY,HOUSTON,TX,77015
63,631 UVALDE RD STE B,HOUSTON,TX,77015
64,7721 ALMEDA GENOA RD STE B,HOUSTON,TX,77075
65,8710 BELLAIRE BLVD,HOUSTON,TX,77036
66,10814 S GESSNER RD,HOUSTON,TX,77071
67,3011 BROOK SHORE CT,KINGWOOD,TX,77345
68,7918 KIRBY DR,HOUSTON,TX,77054
69,19410 CLAY RD STE A,HOUSTON,TX,77449
70,830 CYPRESS CREEK PKWY STE 19,HOUSTON,TX,77090
71,9202 NATHANIEL ST,HOUSTON,TX,77075
72,2201 AIRLINE DR,HOUSTON,TX,77009
73,13740 CYPRESS NORTH HOUSTON RD,CYPRESS,TX,77429
74,8605 WESTHEIMER RD,HOUSTON,TX,77063
75,12230 WESTHEIMER RD STE 100B,HOUSTON,TX,77077
76,6716 SPENCER HWY,PASADENA,TX,77505
77,5161 SAN FELIPE ST STE 200,HOUSTON,TX,77056
78,12280 ALMEDA RD STE A,HOUSTON,TX,77045
79,12660 BEECHNUT ST STE 160,HOUSTON,TX,77072
80,11001 W FAIRMONT PKWY STE A,LA PORTE,TX,77571
81,5546 CAVALCADE ST,HOUSTON,TX,77026
82,2121 FM 2920 RD,SPRING,TX,77388
83,10710 CYPRESS CREEK PKWY,HOUSTON,TX,77070
84,14315 BELLAIRE BLVD,HOUSTON,TX,77083
85,15703 LONGENBAUGH DR STE R,HOUSTON,TX,77095
86,9345 MANCHESTER ST,HOUSTON,TX,77012
87,11711 W BELLFORT ST,STAFFORD,TX,77477
88,14555 HIGHWAY 59 N,HUMBLE,TX,77396
89,9333 MILLSVIEW RD,HOUSTON,TX,77070
90,2009 S MASON RD,KATY,TX,77450
91,11900 BARRYKNOLL LN,HOUSTON,TX,77024
92,520 POST OAK BLVD STE 575,HOUSTON,TX,77027
93,9846 FONDREN RD STE B,HOUSTON,TX,77096
94,6225 CHIMNEY ROCK RD,HOUSTON,TX,77081
95,13526 EAST FWY,HOUSTON,TX,77015
96,1124 GREGG ST,HOUSTON,TX,77020
97,5444 WESTHEIMER RD STE 101,HOUSTON,TX,77056
98,9420 CULLEN BLVD,HOUSTON,TX,77051
99,14800 WESTHEIMER RD STE L,HOUSTON,TX,77082
100,13221 OLD RICHMOND RD,HOUSTON,TX,77083
101,8950 WILL CLAYTON PKWY STE D,HUMBLE,TX,77338
102,2857 KATY FWY STE 100,HOUSTON,TX,77007
103,9896 BELLAIRE BLVD STE M,HOUSTON,TX,77036
104,7031 N SHEPHERD DR,HOUSTON,TX,77091
105,3535 CLEAR LAKE CITY BLVD STE 200,HOUSTON,TX,77059
106,20331 FM 529 RD,CYPRESS,TX,77433
107,8328 FAIRBANKS N HOUSTON RD,HOUSTON,TX,77064
108,4100 TELEPHONE RD,HOUSTON,TX,77087
109,10303 S GESSNER RD,HOUSTON,TX,77071
110,201 SHARPSTOWN CTR SPC K00,HOUSTON,TX,77036
111,702 W GRAY ST,HOUSTON,TX,77019
112,1440 S VOSS RD,HOUSTON,TX,77057
113,9621 HILLCROFT ST,HOUSTON,TX,77096
114,3500 FAIRMONT PKWY,PASADENA,TX,77504
115,4520 HOLMES RD,HOUSTON,TX,77033
116,135 W SOUTHMORE AVE,PASADENA,TX,77502
117,1603 HIGHWAY 6 S,HOUSTON,TX,77077
118,6806 BINTLIFF DR,HOUSTON,TX,77074
119,953 FEDERAL RD,HOUSTON,TX,77015
120,112 AVENUE F,STAFFORD,TX,77477
121,2145 SHADOWDALE DR,HOUSTON,TX,77043
122,1703 SSGT MACARIO GARCIA DR,HOUSTON,TX,77011
123,5990 AIRLINE DR STE 140,HOUSTON,TX,77076
124,14670 FM 2100 RD,CROSBY,TX,77532
125,3018 WHITE OAK DR,HOUSTON,TX,77007
126,14119 GRANT RD STE 100,CYPRESS,TX,77429
127,7523 LONG POINT RD STE A100A200,HOUSTON,TX,77055
128,11402 N HOUSTON ROSSLYN RD,HOUSTON,TX,77088
129,5911 RAMPART ST,HOUSTON,TX,77081
130,6285 HIGHWAY 6 S,HOUSTON,TX,77083
131,4703 YELLOWSTONE BLVD,HOUSTON,TX,77021
132,6730 CULLEN BLVD,HOUSTON,TX,77021
133,1215 ALDINE BENDER RD,HOUSTON,TX,77032
134,16811 EL CAMINO REAL,HOUSTON,TX,77058
135,3131 HOLCOMBE BLVD,HOUSTON,TX,77021
136,9204 RICHMOND AVE,HOUSTON,TX,77063
137,17403 FM 529 RD,HOUSTON,TX,77095
138,17375 SH 249 S,HOUSTON,TX,77064
139,3301 GREEN ST,HOUSTON,TX,77020
140,10101 SHADY LN,HOUSTON,TX,77093
141,6527 DOGWOOD PARK LN,KATY,TX,77449
142,5118 SMOKEY RIVER DR,KATY,TX,77449
143,3910 ALDINE MAIL RD,HOUSTON,TX,77039
144,1945 N MASON RD STE 105A,KATY,TX,77449
145,16272 IMPERIAL VALLEY DR STE G,HOUSTON,TX,77060
146,14901 STATE HIGHWAY 249 STE 106,HOUSTON,TX,77086
147,7645 CYPRESS CREEK PKWY,HOUSTON,TX,77070
148,929 CONKLIN ST,HOUSTON,TX,77088
149,20041 KATY FWY,KATY,TX,77450
150,1162 ALLEN GENOA RD,HOUSTON,TX,77017
151,5832 FAIRDALE LN,HOUSTON,TX,77057
152,12639 BISSONNET ST,HOUSTON,TX,77099
153,21802 TOWNSEN BLVD W,HUMBLE,TX,77338
154,5880 RANCHESTER DR STE 100,HOUSTON,TX,77036
155,14498 BELLAIRE BLVD,HOUSTON,TX,77083
156,1806 W BAY AREA BLVD,FRIENDSWOOD,TX,77546
157,12503 RAIA LN,HOUSTON,TX,77071
158,5812 HIGHWAY 6 N STE B,HOUSTON,TX,77084
159,10488 OLD KATY RD,HOUSTON,TX,77043
160,1424 SPRING CYPRESS RD,SPRING,TX,77373
161,7004 BELLFORT ST,HOUSTON,TX,77087
162,3501 CHIMIRA LN,HOUSTON,TX,77051
163,4406 TIDWELL RD,HOUSTON,TX,77093
164,8800 RICHMOND AVE,HOUSTON,TX,77063
165,5502 HIGHWAY 6 N,HOUSTON,TX,77084
166,10028A BISSONNET ST,HOUSTON,TX,77036
167,643 E 11TH ST,HOUSTON,TX,77008
168,8821 WESTHEIMER RD STE 107,HOUSTON,TX,77063
169,13760 NORTHWEST FWY,HOUSTON,TX,77040
170,15626 CYPRESS ROSEHILL RD STE 600,CYPRESS,TX,77429
171,411 N COMMERCE ST,BAYTOWN,TX,77520
172,18010 ISLET CT,TOMBALL,TX,77377
173,9451 FM 1960 BYPASS RD W,HUMBLE,TX,77338
174,12622 TELGE RD,CYPRESS,TX,77429
175,7308 AIRLINE DR,HOUSTON,TX,77076
176,303 MEMORIAL CITY WAY,HOUSTON,TX,77024
177,4420 N SHEPHERD DR,HOUSTON,TX,77018
178,11755 BEECHNUT ST,HOUSTON,TX,77072
179,11300 S SAM HOUSTON PKWY W,HOUSTON,TX,77031
180,7502 FULTON ST,HOUSTON,TX,77022
181,4950 CYPRESS CREEK PKWY STE B1,HOUSTON,TX,77069
182,540 YORKSHIRE ST,HOUSTON,TX,77022
183,5531 FOREST TRAILS DR,HOUSTON,TX,77084
184,706 GREENS RD,HOUSTON,TX,77060
185,9440 LOUETTA RD STE 3,SPRING,TX,77379
186,18550 STATE HIGHWAY 249,HOUSTON,TX,77070
187,2610 BROADWAY ST,HOUSTON,TX,77012
188,8423 WINKLER DR,HOUSTON,TX,77017
189,5704 ANTOINE DR,HOUSTON,TX,77091
190,15426 FORMASTON DR,HUMBLE,TX,77346
191,9740 BARKER CYPRESS RD STE 104,CYPRESS,TX,77433
192,6515 CHIMNEY ROCK RD,HOUSTON,TX,77081
193,3810 N MASON RD STE C,KATY,TX,77449
194,7202 JENSEN DR,HOUSTON,TX,77093
195,3337 CYPRESS CREEK PKWY STE A,HOUSTON,TX,77068
196,6503 GARTH RD,BAYTOWN,TX,77521
197,1822 S KIRKWOOD RD STE A,HOUSTON,TX,77077
198,9450 AIRLINE DR,HOUSTON,TX,77037
199,5085 WESTHEIMER RD,HOUSTON,TX,77056
200,12515 BEAMER RD,HOUSTON,TX,77089
201,6421 HILLCROFT ST,HOUSTON,TX,77081
202,14041 GRANT RD STE 210,CYPRESS,TX,77429
203,3319 MANGUM RD,HOUSTON,TX,77092
204,5130 WOODWAY DR,HOUSTON,TX,77056
205,14746 OLD HUMBLE RD,HUMBLE,TX,77396
206,813 TURNER DR APT A,HOUSTON,TX,77076
207,3020 GEARS RD,HOUSTON,TX,77067
208,11089 NORTHWEST FWY,HOUSTON,TX,77092
209,4634 MARKET ST,HOUSTON,TX,77020
210,11431 NORTH FWY,HOUSTON,TX,77060
211,7003 HARRISBURG BLVD STE 200,HOUSTON,TX,77011
212,27106 HIGHWAY 290,CYPRESS,TX,77433
213,2111 SPRING CYPRESS RD STE 30,SPRING,TX,77388
214,3410 FM 2920 RD STE 100,SPRING,TX,77388
215,912 FOSBAK ST,HOUSTON,TX,77022
216,8300 W SAM HOUSTON PKWY S # 100,HOUSTON,TX,77072
217,4419 NAVIGATION BLVD,HOUSTON,TX,77011
218,21926 PROVINCIAL BLVD,KATY,TX,77450
219,22704 LOOP 494 STE L,KINGWOOD,TX,77339
220,6610 WILLOW BROOK PARK,HOUSTON,TX,77066
221,6100 MAIN ST,HOUSTON,TX,77005
222,235 CYPRESS CREEK PKWY STE 221D,HOUSTON,TX,77090
223,17402 BEAUMONT HWY,HOUSTON,TX,77049
224,5902 N SHEPHERD DR,HOUSTON,TX,77091
225,8502 JENSEN DR,HOUSTON,TX,77093
226,3002 GREENRIDGE DR,HOUSTON,TX,77057
227,923 WAKEFIELD DR,HOUSTON,TX,77018
228,18379 KUYKENDAHL RD STE B,SPRING,TX,77379
229,9308 BELLAIRE BLVD,HOUSTON,TX,77036
230,FOOD CT HOBBY AIRPORT 7800 AIRPORT BLVD,HOUSTON,TX,77061
231,8388 W SAM HOUSTON PKWY S # 180,HOUSTON,TX,77072
232,4711 AIRLINE DR,HOUSTON,TX,77022
233,949 S MASON RD,KATY,TX,77450
234,4120 DECKER DR,BAYTOWN,TX,77520
235,3010 GEARS RD STE A,HOUSTON,TX,77067
236,2339 N FRY RD,KATY,TX,77449
237,6115 FM 2100 RD STE 105,CROSBY,TX,77532
238,2660 FOUNTAIN VIEW DR,HOUSTON,TX,77057
239,2328 BURKE RD,PASADENA,TX,77502
240,5307 AIRLINE DR,HOUSTON,TX,77022
241,4141 S BRAESWOOD BLVD APT 109,HOUSTON,TX,77025
242,515 BERRY RD,HOUSTON,TX,77022
243,16215 CLAY RD STE 209,HOUSTON,TX,77084
244,701 E MAIN ST STE 135B,TOMBALL,TX,77375
245,2004 EVERGREEN DR,HOUSTON,TX,77087
246,1001 S MAIN ST,BAYTOWN,TX,77520
247,5701 BELLAIRE BLVD STE D,HOUSTON,TX,77081
248,167 HARDWICKE RD,HOUSTON,TX,77060
249,23445 KINGSLAND BLVD STE A,KATY,TX,77494
250,7215 BELLERIVE DR STE A,HOUSTON,TX,77036
251,8200 WILCREST DR STE 16,HOUSTON,TX,77072
252,12251 VETERANS MEMORIAL DR,HOUSTON,TX,77067
253,1820 N MAIN ST STE B,HOUSTON,TX,77009
254,3701 ELIZABETH ST,DEER PARK,TX,77536
255,3500 N TERMINAL RD,HOUSTON,TX,77032
256,431 W LITTLE YORK RD,HOUSTON,TX,77076
257,1050 FEDERAL RD,HOUSTON,TX,77015
258,4002 E FM 528 RD,FRIENDSWOOD,TX,77546
259,14460 HILLCROFT ST STE 103,HOUSTON,TX,77085
260,1853 RICHMOND AVE STE B,HOUSTON,TX,77098
261,6750 LONG POINT RD,HOUSTON,TX,77055
262,3752 ROMA ST,HOUSTON,TX,77080
263,807 QUEENS RD,PASADENA,TX,77502
264,555 E ANDERSON RD,HOUSTON,TX,77047
265,4714 KELLEY ST,HOUSTON,TX,77026
266,1901 S BATTLEGROUND RD STE A,DEER PARK,TX,77536
267,10550 W BELLFORT AVE STE 150,HOUSTON,TX,77031
268,2515 POST OAK BLVD STE A,HOUSTON,TX,77056
269,8244 ANTOINE DR STE A,HOUSTON,TX,77088
270,4955 BEECHNUT ST,HOUSTON,TX,77096
271,3374 FRICK RD,HOUSTON,TX,77086
272,13228 BELLAIRE BLVD,HOUSTON,TX,77083
273,2877 S RICHEY ST,HOUSTON,TX,77017
274,3811 NEWCASTLE DR,HOUSTON,TX,77027
275,11290 HOMESTEAD RD,HOUSTON,TX,77016
276,5801 BISSONNET ST,BELLAIRE,TX,77401
277,13555 KUYKENDAHL RD,HOUSTON,TX,77090
278,8205 W SAM HOUSTON PKWY S,HOUSTON,TX,77072
279,12215 GRANT RD STE B,CYPRESS,TX,77429
280,7220 AIRLINE DR STE C,HOUSTON,TX,77076
281,6845 FRY RD STE 100,KATY,TX,77449
282,2001 KATY MILLS BLVD STE N,KATY,TX,77494
283,5130 CEDAR ST,BELLAIRE,TX,77401
284,7505 SOUTHWEST FWY # 100,HOUSTON,TX,77074
285,3131 CAMPBELL RD,HOUSTON,TX,77080
286,8534 HAMMERLY BLVD STE C,HOUSTON,TX,77055
287,3107 BLALOCK RD,HOUSTON,TX,77080
288,3621 RED BLUFF RD,PASADENA,TX,77503
289,9702 SPRING CYPRESS RD STE 121,SPRING,TX,77379
290,4121 LOCKWOOD DR,HOUSTON,TX,77026
291,1455 WILCREST DR,HOUSTON,TX,77042
292,13650 WALTERS RD STE B,HOUSTON,TX,77014
293,7951 KATY FWY STE B,HOUSTON,TX,77024
294,5506 HARDY ST,HOUSTON,TX,77009
295,11302 SPACE CENTER BLVD STE B4,HOUSTON,TX,77059
296,7139 CHIMNEY ROCK RD,HOUSTON,TX,77081
297,6150 GULF FWY,HOUSTON,TX,77023
298,502 BARBARA MAE ST,HOUSTON,TX,77015
299,8319 GLENLOCH DR,HOUSTON,TX,77061
300,4525 N MAIN ST,HOUSTON,TX,77009
301,3500 GARTH RD,BAYTOWN,TX,77521
302,9725 CLINTON DR,HOUSTON,TX,77029
303,148 EL DORADO BLVD STE 120,WEBSTER,TX,77598
304,6002 ANTOINE DR STE C,HOUSTON,TX,77091
305,9702 VETERANS MEMORIAL DR,HOUSTON,TX,77038
306,6110 EAST FWY,BAYTOWN,TX,77521
307,1010 N SHEPHERD DR,HOUSTON,TX,77008
308,2405 S GESSNER RD STE A2,HOUSTON,TX,77063
309,111 BEARLE ST,PASADENA,TX,77506
310,11435 BARKER CYPRESS RD,HOUSTON,TX,77433
311,6902 N WAYSIDE DR,HOUSTON,TX,77028
312,6425 WESTHEIMER RD APT 1005,HOUSTON,TX,77057
313,3033 ELGIN ST,HOUSTON,TX,77004
314,7603 MARTIN LUTHER KING BLVD STE C,HOUSTON,TX,77033
315,20140 MORTON RD UNIT 105A,KATY,TX,77449
316,14519 LEE RD,HOUSTON,TX,77032
317,821 TELEPHONE RD,HOUSTON,TX,77023
318,8443 AIRLINE DR,HOUSTON,TX,77037
319,810 W TEXAS AVE,BAYTOWN,TX,77520
320,14919 STUEBNER AIRLINE RD,HOUSTON,TX,77069
321,14404 HILLCROFT ST STE R500,HOUSTON,TX,77085
322,4605 W TIDWELL RD,HOUSTON,TX,77091
323,3500 BRITTMOORE RD,HOUSTON,TX,77043
324,144 FAIRMONT PKWY,PASADENA,TX,77504
325,7863 HIGHWAY 6 S,HOUSTON,TX,77083
326,2901 WESTRIDGE ST,HOUSTON,TX,77054
327,2225 LOUISIANA ST,HOUSTON,TX,77002
328,5819 GULF FWY STE 200,HOUSTON,TX,77023
329,6880 TELEPHONE RD STE E,HOUSTON,TX,77061
330,2002 WAUGH DR,HOUSTON,TX,77006
331,9669 FM 1960 BYPASS RD W,HUMBLE,TX,77338
332,806 RICHMOND AVE,HOUSTON,TX,77006
333,1210 WEST RD STE A,HOUSTON,TX,77038
334,2755 GESSNER RD STE W,HOUSTON,TX,77080
335,5313 N WAYSIDE DR,HOUSTON,TX,77028
336,13443 EAST FWY,HOUSTON,TX,77015
337,8361 WINKLER DR,HOUSTON,TX,77017
338,10937 CYPRESS CREEK PKWY,HOUSTON,TX,77070
339,6334 ANTOINE DR,HOUSTON,TX,77091
340,9522 HUFFMEISTER RD STE 900,HOUSTON,TX,77095
341,915 COLLEGE AVE STE E,SOUTH HOUSTON,TX,77587
342,11430 EAST FWY STE 380,HOUSTON,TX,77029
343,8334 FANNIN ST,HOUSTON,TX,77054
344,800 S WAYSIDE DR,HOUSTON,TX,77023
345,8363 SOUTHWEST FWY,HOUSTON,TX,77074
346,2000 WILLOWBROOK MALL SPC 5581,HOUSTON,TX,77070
347,4208 KELLEY ST,HOUSTON,TX,77026
348,1800 SOUTHMORE AVE,PASADENA,TX,77502
349,17160 BECKER RD STE C,HOCKLEY,TX,77447
350,3601 CENTER ST,DEER PARK,TX,77536
351,2145 RED BLUFF RD,PASADENA,TX,77506
352,12989 BELLAIRE BLVD STE 15A,HOUSTON,TX,77072
353,10920 W LITTLE YORK RD,HOUSTON,TX,77041
354,9649 S GESSNER RD,HOUSTON,TX,77071
355,25800 KUYKENDAHL RD,TOMBALL,TX,77375
356,3401 HOLMAN ST,HOUSTON,TX,77004
357,5450 AIRLINE DR,HOUSTON,TX,77076
358,6905 BISSONNET ST STE A,HOUSTON,TX,77074
359,7003 MCHARD RD,HOUSTON,TX,77053
360,11511 VETERANS MEMORIAL DR STE 500,HOUSTON,TX,77067
361,1421 FEDERAL RD,HOUSTON,TX,77015
362,953 NASA PKWY,HOUSTON,TX,77058
363,6912 FM 2920,SPRING,TX,77379
364,13250 FM 529 RD,HOUSTON,TX,77041
365,4412 LYONS AVE,HOUSTON,TX,77020
366,4827 GALVESTON RD,HOUSTON,TX,77017
367,23221 ALDINE WESTFIELD RD # 850,SPRING,TX,77373
368,6700 DIXIE DR,HOUSTON,TX,77087
369,325 RICHEY RD,HOUSTON,TX,77090
370,479 BAY AREA BLVD,HOUSTON,TX,77058
371,6933 FLINTLOCK RD,HOUSTON,TX,77040
372,5620 W TIDWELL RD STE D,HOUSTON,TX,77091
373,11214 VETERANS MEMORIAL DR,HOUSTON,TX,77067
374,14316 SELLERS RD STE A,HOUSTON,TX,77060
375,2339 FM 1960 RD W,HOUSTON,TX,77068
376,8204 BARKER CYPRESS RD,CYPRESS,TX,77433
377,1738 S DAIRY ASHFORD RD,HOUSTON,TX,77077
378,25850 KUYKENDAHL RD,TOMBALL,TX,77375
379,1511 E WALLISVILLE RD,HIGHLANDS,TX,77562
380,3410 CHIMNEY ROCK RD,HOUSTON,TX,77056
381,501 W FAIRMONT PKWY,LA PORTE,TX,77571
382,6702 AVENUE K,HOUSTON,TX,77011
383,10937 FM 1960 RD W,HOUSTON,TX,77070
384,2925 WALNUT BEND LN,HOUSTON,TX,77042
385,111 E NAVIGATION BLVD,HOUSTON,TX,77012
386,1311 GESSNER DR,HOUSTON,TX,77055
387,11721 W BELLFORT ST,STAFFORD,TX,77477
388,19410 CLAY RD STE A,KATY,TX,77449
389,1420 KATY FORT BEND RD STE 135,KATY,TX,77493
390,14905 OLD HUMBLE RD STE A,HUMBLE,TX,77396
391,777 SHELDON RD STE D,CHANNELVIEW,TX,77530
392,18514 KUYKENDAHL RD,SPRING,TX,77379
393,20131 HIGHWAY 59 N # 122,HUMBLE,TX,77338
394,1080 CLEAR LAKE CITY BLVD STE D,HOUSTON,TX,77062
395,1401 HOLLAND AVE STE A,GALENA PARK,TX,77547
396,7303 BREEN DR STE C,HOUSTON,TX,77086
397,9376 RICHMOND AVE # A,HOUSTON,TX,77063
398,16212 LOCH KATRINE LN STE AB,HOUSTON,TX,77084
399,7060 BELLFORT ST,HOUSTON,TX,77087
400,11509 VETERANS MEMORIAL DR,HOUSTON,TX,77067
401,15795 BELLAIRE BLVD,HOUSTON,TX,77083
402,3700 W BAKER RD,BAYTOWN,TX,77521
403,4200 CYPRESS CREEK PKWY APT 823,HOUSTON,TX,77068
404,8130 KIRBY DR,HOUSTON,TX,77054
405,2424 GREENHOUSE RD STE 110,HOUSTON,TX,77084
406,1502 ALDINE MAIL RD STE 2,HOUSTON,TX,77039
407,23647 KATY FWY,KATY,TX,77494
408,6417 HELMERS ST,HOUSTON,TX,77022
409,6906 ATWELL,HOUSTON,TX,77081
410,921 CROSSTIMBERS ST,HOUSTON,TX,77022
411,1514 WHITE OAK DR,HOUSTON,TX,77009
412,4415 OSBY DR,HOUSTON,TX,77096
413,9340 FUQUA ST STE B,HOUSTON,TX,77075
414,1740 JENKINS RD,PASADENA,TX,77506
415,8075 FM 1960 RD E,HUMBLE,TX,77346
416,16340 WALLISVILLE RD STE 200,HOUSTON,TX,77049
417,31710 FM 1485 RD STE B,NEW CANEY,TX,77357
418,1117 COLLINGSWORTH ST,HOUSTON,TX,77009
419,8925 FALLBROOK DR STE 200,HOUSTON,TX,77064
420,10028 AIRLINE DR,HOUSTON,TX,77037
421,11402 HUGHES RD,HOUSTON,TX,77089
422,4919 N SAM HOUSTON PKWY W STE A,HOUSTON,TX,77086
423,6302 CAVALCADE ST,HOUSTON,TX,77026
424,6095 GLENMONT DR,HOUSTON,TX,77081
425,7250 W LITTLE YORK RD,HOUSTON,TX,77040
426,1020 CYPRESS CREEK PKWY STE 14,HOUSTON,TX,77090
427,21121 KUYKENDAHL RD,SPRING,TX,77379
428,2433 BARTLETT ST,HOUSTON,TX,77098
429,5161 SAN FELIPE ST STE 200,HOUSTON,TX,77056
430,4901 LAURA KOPPE RD,HOUSTON,TX,77016
431,6375 SKYLINE DR UNIT C,HOUSTON,TX,77057
432,10100 WEST RD STE E,HOUSTON,TX,77064
433,4114 FULTON ST,HOUSTON,TX,77009
434,1423 SPRING CYPRESS RD,SPRING,TX,77373
435,2501 MONTROSE BLVD,HOUSTON,TX,77006
436,2929 FM 1960 RD,HOUSTON,TX,77073
437,2520 AIRLINE DR,HOUSTON,TX,77009
438,11332 CHIMNEY ROCK RD,HOUSTON,TX,77035
439,9510 BEECHNUT ST,HOUSTON,TX,77036
440,1002 CENTERWOOD DR,HOUSTON,TX,77013
441,6001 BISSONNET ST STE A,HOUSTON,TX,77081
442,4330 HIGHWAY 6 N,HOUSTON,TX,77084
443,5600 MYKAWA RD,HOUSTON,TX,77033
444,28048 STATE HIGHWAY 249 UNIT I,TOMBALL,TX,77375
445,1894 BARKER CYPRESS RD,HOUSTON,TX,77084
446,31315 FM 2920 RD STE 20,WALLER,TX,77484
447,6901 BEECHNUT ST,HOUSTON,TX,77074
448,4204 S SHAVER ST,HOUSTON,TX,77034
449,11411 GREEN PLAZA DR APT 4101,HOUSTON,TX,77038
450,12403 VETERANS MEMORIAL DR,HOUSTON,TX,77014
451,3440 BERTRAND ST,HOUSTON,TX,77093
452,14129 MEMORIAL DR STE E,HOUSTON,TX,77079
453,5800 LYONS AVE,HOUSTON,TX,77020
454,4616 E NASA ROAD 1,PASADENA,TX,77586
455,1905 CENTER ST,DEER PARK,TX,77536
456,3004 YELLOWSTONE BLVD,HOUSTON,TX,77054
457,806 KATY FORT BEND RD STE 160B,KATY,TX,77494
458,15301 WOODFOREST BLVD,CHANNELVIEW,TX,77530
459,9660 WESTHEIMER RD,HOUSTON,TX,77063
460,8503 GULF FWY STE E,HOUSTON,TX,77017
461,20447 1/2 FM 529 RD,CYPRESS,TX,77433
462,14360 BELLAIRE BLVD STE 100,HOUSTON,TX,77083
463,401 S MAIN ST,HIGHLANDS,TX,77562
464,3836 RICHMOND AVE,HOUSTON,TX,77027
465,12430 STATE HIGHWAY 249 STE N,HOUSTON,TX,77086
466,12647 STATE HIGHWAY 249 STE 400,HOUSTON,TX,77086
467,9430 MESA DR,HOUSTON,TX,77028
468,11078 VETERANS MEMORIAL DR STE 263,HOUSTON,TX,77067
469,3425 FM 2920 RD,SPRING,TX,77388
470,10251 KEMPWOOD DR,HOUSTON,TX,77043
471,4203 E CROSSTIMBERS ST,HOUSTON,TX,77016
472,802 SHEPHERD DR,HOUSTON,TX,77007
473,6430 GARTH RD,BAYTOWN,TX,77521
474,3814 CENTER ST,DEER PARK,TX,77536
475,15408 KUYKENDAHL RD,HOUSTON,TX,77090
476,7599 GARTH RD STE 100,BAYTOWN,TX,77521
477,1910 NAVAJO DR,DEER PARK,TX,77536
478,5750 CHIMNEY ROCK RD,HOUSTON,TX,77081
479,644 W RANKIN RD STE 101,HOUSTON,TX,77067
480,6227 HIGHWAY 6 S,HOUSTON,TX,77083
481,3311 MERCER ST,HOUSTON,TX,77027
482,1415 AUBERT ST,HOUSTON,TX,77017
483,2301 YORKTOWN ST STE 100,HOUSTON,TX,77056
484,1001 TELEPHONE RD,HOUSTON,TX,77023
485,20521 FM 529 RD STE 108,CYPRESS,TX,77433
486,11210 NORTH FWY,HOUSTON,TX,77037
487,2128 FM 1960 RD,HOUSTON,TX,77073
488,10320 TELEPHONE RD,HOUSTON,TX,77075
489,7104 IRVINGTON BLVD,HOUSTON,TX,77022
490,18707 TOMATO ST,SPRING,TX,77379
491,2323 WIRT RD,HOUSTON,TX,77055
492,2515 HARVARD ST,HOUSTON,TX,77008
493,10864 CYPRESS CREEK PKWY UNIT 18,HOUSTON,TX,77070
494,10521 JONES RD STE D,HOUSTON,TX,77065
495,4980 HIGHWAY 6 N,HOUSTON,TX,77084
496,12634 GRANT RD,CYPRESS,TX,77429
497,3809 ATASCOCITA RD STE 200,HUMBLE,TX,77396
498,22500 FRANZ RD,KATY,TX,77449
499,2911 N ALEXANDER DR,BAYTOWN,TX,77520
500,1102 BROADWAY ST STE B,HOUSTON,TX,77012
501,18695 CLAY RD STE A,HOUSTON,TX,77084
502,1920 JENSEN DR,HOUSTON,TX,77026
503,7705 WESTHEIMER RD,HOUSTON,TX,77063
504,5820 KATY FWY,HOUSTON,TX,77007
505,1424 W SAM HOUSTON PKWY N STE 110,HOUSTON,TX,77043
506,4955 BEECHNUT ST,HOUSTON,TX,77096
507,2520 LAFFERTY RD,PASADENA,TX,77502
508,2212 SPENCER HWY,PASADENA,TX,77504
509,1313 N FRY RD,KATY,TX,77449
510,501 W 38TH ST,HOUSTON,TX,77018
511,5402 NORDLING RD,HOUSTON,TX,77076
512,15023 SUN GLAZE DR,HUMBLE,TX,77346
513,12355 MAIN ST,HOUSTON,TX,77035
514,8102 LOCKWOOD DR,HOUSTON,TX,77016
515,5211 BARKER CYPRESS RD STE 105,HOUSTON,TX,77084
516,2536 SPENCER HWY UNIT 140,PASADENA,TX,77504
517,6333 BARKER CYPRESS RD,HOUSTON,TX,77084
518,2005 W GRAY ST STE A,HOUSTON,TX,77019
519,3012 HILLCROFT ST,HOUSTON,TX,77057
520,11945 BARWOOD BEND DR STE C,HOUSTON,TX,77065
521,13110 FM 529 RD STE 3,HOUSTON,TX,77041
522,14706 LINDALL CT,CYPRESS,TX,77429
523,13757 WILL CLAYTON PKWY,HUMBLE,TX,77346
524,16140 KUYKENDAHL RD STE 116,HOUSTON,TX,77068
525,15201 MASON RD STE 400,CYPRESS,TX,77433
526,2019 SPRING STUEBNER RD STE 600,SPRING,TX,77389
527,139 TIDWELL RD,HOUSTON,TX,77022
528,8406 N HOUSTON ROSSLYN RD,HOUSTON,TX,77088
529,11146 WESTHEIMER RD,HOUSTON,TX,77042
530,12410 WALLISVILLE RD,HOUSTON,TX,77013
531,3201 N MACGREGOR WAY,HOUSTON,TX,77004
532,6300 GARTH RD STE 330,BAYTOWN,TX,77521
533,4324 W 34TH ST,HOUSTON,TX,77092
534,1201 SOUTH ST,PASADENA,TX,77503
535,4910 N MAIN ST # 100,BAYTOWN,TX,77521
536,13204 FM 529 RD,HOUSTON,TX,77041
537,3451 W GRAND PARKWAY,KATY,TX,77449
538,2121 W LITTLE YORK RD,HOUSTON,TX,77091
539,8035 W AIRPORT BLVD STE 112-14,HOUSTON,TX,77071
540,13150 FM 529 RD STE 102,HOUSTON,TX,77041
541,15118 MOUNTAIN HEIGHTS DR,HOUSTON,TX,77049
542,5770 FRY RD STE A,KATY,TX,77449
543,2620 JOANEL ST,HOUSTON,TX,77027
544,141 WOODVALE ST,HOUSTON,TX,77012
545,6955 NORTH HIGHWAY 6,HOUSTON,TX,77084
546,1143 PORT ST,HOUSTON,TX,77020
547,801 W LITTLE YORK RD,HOUSTON,TX,77091
548,5747 ANTOINE DR,HOUSTON,TX,77091
549,216 W LITTLE YORK RD STE F,HOUSTON,TX,77076
550,9543 BISSONNET ST STE 307,HOUSTON,TX,77036
551,3914 NAVIGATION BLVD # A,HOUSTON,TX,77003
552,2541 PRESTON AVE,PASADENA,TX,77503
553,6320 GARTH RD STE 140,BAYTOWN,TX,77521
554,18814 GLENWOOD CHASE CT,KATY,TX,77449
555,1725 MAIN ST STE 1,HOUSTON,TX,77002
556,4403 TELEPHONE RD,HOUSTON,TX,77087
557,4941 ANTOINE DR,HOUSTON,TX,77092
558,9215 BECKENHAM DR,HOUSTON,TX,77099
559,119 ATASCOCITA RD,HUMBLE,TX,77396
560,2212 HIGHWAY 3,SOUTH HOUSTON,TX,77587
561,5002 S LAKE HOUSTON PKWY,HOUSTON,TX,77049
562,1008 WOODING ST,HOUSTON,TX,77011
563,115 LITTLE YORK RD,HOUSTON,TX,77076
564,1250 BAY AREA BLVD,HOUSTON,TX,77058
565,4351 S KIRKWOOD RD,HOUSTON,TX,77072
566,883 FEDERAL RD STE G,HOUSTON,TX,77015
567,12801 HOMESTEAD RD,HOUSTON,TX,77039
568,5402 LYMBAR DR,HOUSTON,TX,77096
569,5085 WESTHEIMER RD # B2707,HOUSTON,TX,77056
570,15632 WESTPARK DR STE B,HOUSTON,TX,77082
571,5715 AIRLINE DR,HOUSTON,TX,77076
572,1430 PINE CHASE DR,HOUSTON,TX,77055
573,5130 HIGHWAY 6 N,HOUSTON,TX,77084
574,1801 DECKER DR,BAYTOWN,TX,77520
575,4614 N MAIN ST,HOUSTON,TX,77009
576,602 W PARKER RD,HOUSTON,TX,77091
577,1239 BARBARA MAE ST,HOUSTON,TX,77015
578,4810 HIGHWAY 6 N,HOUSTON,TX,77084
579,333B S MASON RD,KATY,TX,77450
580,11709 BOUDREAUX RD STE 150,TOMBALL,TX,77375
581,1220 HOUSTON BLVD STE A,SOUTH HOUSTON,TX,77587
582,12803 N HOUSTON ROSSLYN RD,HOUSTON,TX,77086
583,15935A LEE RD,HOUSTON,TX,77032
584,13065 W LAKE HOUSTON PKWY,HOUSTON,TX,77044
585,1811 LITTLE YORK RD,HOUSTON,TX,77093
586,704 W SAM HOUSTON PKWY S STE 100,HOUSTON,TX,77042
587,5225 BUFFALO SPEEDWAY # A,HOUSTON,TX,77005
588,8103 CREEKBEND DR STE E,HOUSTON,TX,77071
589,16200 HICKORY KNOLL DR,HOUSTON,TX,77059
590,9418 ALMEDA GENOA RD STE A,HOUSTON,TX,77075
591,15854 CHAMPION FOREST DR,SPRING,TX,77379
592,5815 LOCKWOOD DR,HOUSTON,TX,77026
593,5033 FM 1960 RD W STE 100,HOUSTON,TX,77069
594,9700 HILLCROFT ST,HOUSTON,TX,77096
595,1001 TELEPHONE RD,HOUSTON,TX,77023
596,302 N MAIN ST,HIGHLANDS,TX,77562
597,735 STUDEWOOD ST,HOUSTON,TX,77007
598,532 SHELDON RD,CHANNELVIEW,TX,77530
599,1150 BUNKER HILL RD STE 100,HOUSTON,TX,77055
600,951 FM 1959 RD,HOUSTON,TX,77034
601,10902 SCARSDALE BLVD,HOUSTON,TX,77089
602,6345 SKYLINE DR,HOUSTON,TX,77057
603,4714 HOPPER RD,HOUSTON,TX,77093
604,719 BARBARA MAE ST,HOUSTON,TX,77015
605,7510 BELLFORT ST,HOUSTON,TX,77061
606,1703 EAST FWY,BAYTOWN,TX,77521
607,4303 HIGHWAY 90,CROSBY,TX,77532
608,18401 W LAKE HOUSTON PKWY STE A,HUMBLE,TX,77346
609,10333 HARWIN DR STE 147,HOUSTON,TX,77036
610,20820 CYPRESS ROSEHILL RD STE 200,TOMBALL,TX,77377
611,5815 ANTOINE DR,HOUSTON,TX,77091
612,20777 HIGHWAY 59 N,HUMBLE,TX,77338
613,3517 N MAIN ST,BAYTOWN,TX,77521
614,7208 WESTVIEW DR,HOUSTON,TX,77055
615,9906 S GESSNER DR,HOUSTON,TX,77071
616,525 S FRY RD,KATY,TX,77450
617,11290 HOMESTEAD RD,HOUSTON,TX,77016
618,2901 W BAKER RD,BAYTOWN,TX,77521
619,7401 ALABONSON RD STE A,HOUSTON,TX,77088
620,4110 AIRPORT BLVD,HOUSTON,TX,77047
621,1348 N SHEPHERD DR,HOUSTON,TX,77008
622,10919 LOUETTA RD,HOUSTON,TX,77070
623,9888 BELLAIRE BLVD # 136,HOUSTON,TX,77036
624,574 CHIMNEY ROCK RD # 120,HOUSTON,TX,77056
625,3702 ALDINE MAIL ROUTE RD,HOUSTON,TX,77039
626,1801 W BAY AREA BLVD,WEBSTER,TX,77598
627,1105 SAN JACINTO ST,LA PORTE,TX,77571
628,4663 TELEPHONE RD,HOUSTON,TX,77087
629,12584 WESTHEIMER RD,HOUSTON,TX,77077
630,19380 INTERSTATE 45 STE 150,SPRING,TX,77373
631,8620 LONG POINT RD,HOUSTON,TX,77055
632,3363 MCCUE RD APT 430,HOUSTON,TX,77056
633,644 MAXEY RD STE A,HOUSTON,TX,77013
634,728 WILCREST DR,HOUSTON,TX,77042
635,13817 CYPRESS NORTH HOUSTON RD,CYPRESS,TX,77429
636,5231 BURKE RD STE 800,PASADENA,TX,77504
637,8002 S GESSNER RD,HOUSTON,TX,77036
638,6175 ELM ST,HOUSTON,TX,77081
639,9722 FRY RD,CYPRESS,TX,77433
640,3713 JARDIN ST,HOUSTON,TX,77005
641,118 FAIRMONT PKWY,PASADENA,TX,77504
642,9501 LONG POINT RD STE Y,HOUSTON,TX,77055
643,8650 S BRAESWOOD BLVD,HOUSTON,TX,77031
644,11110 BENTLEY ST,HOUSTON,TX,77093
645,9615 KEMPWOOD DR,HOUSTON,TX,77080
646,13110 VETERANS MEMORIAL DR,HOUSTON,TX,77014
647,9010 JONES RD,HOUSTON,TX,77065
648,13455 CUTTEN RD STE 1F,HOUSTON,TX,77069
649,803 CENTER ST,DEER PARK,TX,77536
650,5046 BELLFORT ST,HOUSTON,TX,77033
651,1621 S MASON RD,KATY,TX,77450
652,7006 MARTIN LUTHER KING JR BLVD,HOUSTON,TX,77033
653,10822 HUGHES RD,HOUSTON,TX,77089
654,442 W LITTLE YORK,HOUSTON,TX,77076
655,4212 ELLA BLVD STE A,HOUSTON,TX,77018
656,24120 NORTHWEST FWY STE 250,CYPRESS,TX,77429
657,17539 IMPERIAL VALLEY DR,HOUSTON,TX,77060
658,5803 FRY RD STE 107,KATY,TX,77449
659,3215 ENCHANTED HOLLOW LN,SPRING,TX,77388
660,3130 ALABAMA ST,HOUSTON,TX,77004
661,13655 WESTHEIMER RD,HOUSTON,TX,77077
662,40 CYPRESS CREEK PKWY,HOUSTON,TX,77090
663,11602 BELLAIRE BLVD STE A,HOUSTON,TX,77072
664,7330 S LAKE HOUSTON PKWY,HOUSTON,TX,77049
665,5202 REED RD,HOUSTON,TX,77033
666,6031 LARK HAVEN LN,HOUSTON,TX,77085
667,7960 LONG POINT RD,HOUSTON,TX,77055
668,10811 VETERANS MEMORIAL DR STE 700,HOUSTON,TX,77067
669,627 LATHROP ST,HOUSTON,TX,77020
670,22736 CYPRESSWOOD DR,SPRING,TX,77373
671,801 TOWN AND COUNTRY BLVD STE A130,HOUSTON,TX,77024
672,1904 EL MAR LN STE C,SEABROOK,TX,77586
673,19109 CYPRESS ROSEHILL RD STE 200,TOMBALL,TX,77377
674,11410 LOUETTA RD,HOUSTON,TX,77070
675,5016 SAN FELIPE ST,HOUSTON,TX,77056
676,10508 AIRLINE DR STE B,HOUSTON,TX,77037
677,9168 BELLAIRE BLVD,HOUSTON,TX,77036
678,11926 NEW MEADOW DR,HOUSTON,TX,77064
679,5321 1ST ST,KATY,TX,77493
680,12420 PALMSPRINGS DR,HOUSTON,TX,77034
681,10317 SHELDON RD STE A,HOUSTON,TX,77049
682,25702 ALDINE WESTFIELD RD STE 902,SPRING,TX,77373
683,4901 GRIGGS RD,HOUSTON,TX,77021
684,2409 FLOWERS ST,HOUSTON,TX,77087
685,6433 W 43RD ST,HOUSTON,TX,77092
686,6340 N ELDRIDGE PKWY STE A1,HOUSTON,TX,77041
687,2401 MASSEY TOMPKINS RD,BAYTOWN,TX,77521
688,8102 W TIDWELL RD STE E,HOUSTON,TX,77040
689,14540 MEMORIAL DR,HOUSTON,TX,77079
690,10401 JENSEN DR,HOUSTON,TX,77093
691,23927 FM 529 RD STE 300,KATY,TX,77493
692,611 E WALLISVILLE RD,HIGHLANDS,TX,77562
693,15707 BELLAIRE BLVD,HOUSTON,TX,77083
694,8908 MESA DR,HOUSTON,TX,77028
695,6200 BELLAIRE BLVD,HOUSTON,TX,77081
696,2567 AMHERST ST,HOUSTON,TX,77005
697,3131 PAWNEE ST,HOUSTON,TX,77054
698,1234 MERCURY DR,HOUSTON,TX,77029
699,12222 FM 529 RD,HOUSTON,TX,77041
700,1728 W MOUNT HOUSTON RD,HOUSTON,TX,77038
701,1150 BUNKER HILL RD,HOUSTON,TX,77055
702,8142 FM 1960 RD E,HUMBLE,TX,77346
703,4323 SAN FELIPE ST,HOUSTON,TX,77027
704,18322 CLAY RD,HOUSTON,TX,77084
705,15106 HIGHWAY 3,WEBSTER,TX,77598
706,620 PARK ST,BAYTOWN,TX,77520
707,7403 JENSEN DR,HOUSTON,TX,77093
708,1022 HIGHWAY 146 S,LA PORTE,TX,77571
709,6790 TELEPHONE RD,HOUSTON,TX,77061
710,1175 EDGEBROOK DR,HOUSTON,TX,77034
711,5650 LITTLE YORK RD,HOUSTON,TX,77016
712,6810 LONG DR,HOUSTON,TX,77087
713,7130 FM 1960 RD E,HUMBLE,TX,77346
714,10103 TIDWELL RD,HOUSTON,TX,77078
715,4517 KINGWOOD DR,KINGWOOD,TX,77345
716,5 UVALDE RD,HOUSTON,TX,77015
717,5860 SAN FELIPE ST,HOUSTON,TX,77057
718,11603 SNOWMASS DR,HOUSTON,TX,77070
719,7426 AIRLINE DR,HOUSTON,TX,77076
720,14212 HIGHWAY 3 STE E,WEBSTER,TX,77598
721,6074 FM 2920 RD,SPRING,TX,77379
722,3409 W T C JESTER BLVD,HOUSTON,TX,77018
723,24419 KUYKENDAHL RD,TOMBALL,TX,77375
724,3255 LAS PALMAS ST APT 608,HOUSTON,TX,77027
725,8320 FM 1960 RD W # B,HOUSTON,TX,77070
726,11721 AIRLINE DR,HOUSTON,TX,77037
727,570 EL DORADO BLVD,WEBSTER,TX,77598
728,504 RICHEY ST,PASADENA,TX,77506
729,1100 QUITMAN ST,HOUSTON,TX,77009
730,12150 FONDREN RD,HOUSTON,TX,77035
731,14017 HIRAM CLARKE RD # B2,HOUSTON,TX,77045
732,1208 NASA PKWY,NASSAU BAY,TX,77058
733,1621 WITTE RD,HOUSTON,TX,77080
734,2110 JAMES BOWIE DR,BAYTOWN,TX,77520
735,11303 BISSONNET ST,HOUSTON,TX,77099
736,9443 KEMPWOOD DR,HOUSTON,TX,77080
737,9908 BEECHNUT ST STE A,HOUSTON,TX,77036
738,25241 FM 2978 RD STE C,TOMBALL,TX,77375
739,4531 ALDINE MAIL ROUTE RD,HOUSTON,TX,77039
740,12182 VETERANS MEMORIAL DR,HOUSTON,TX,77067
741,15209 WESTHEIMER RD STE 120,HOUSTON,TX,77082
742,2145 SHADOWDALE DR,HOUSTON,TX,77043
743,9419 MESA DR,HOUSTON,TX,77028
744,2343 FM 1960 RD,HOUSTON,TX,77073
745,22605 TOMBALL PKWY,TOMBALL,TX,77375
746,33 W MAIN ST,HUMBLE,TX,77338
747,10001 LONG POINT RD STE J,HOUSTON,TX,77055
748,5015 WESTHEIMER RD STE TT115,HOUSTON,TX,77056
749,12206 BAMMEL NORTH HOUSTON RD,HOUSTON,TX,77066
750,3544 SPENCER HWY STE B,PASADENA,TX,77504
751,12675 VETERANS MEMORIAL DR STE D,HOUSTON,TX,77014
752,1113 CLEAR LAKE CITY BLVD,HOUSTON,TX,77062
753,5663 TREASCHWIG RD,SPRING,TX,77373
754,13411 STATE HIGHWAY 249 STE 3,HOUSTON,TX,77086
755,4006 LILA ST,HOUSTON,TX,77026
756,5855 HIGHWAY 6 N,HOUSTON,TX,77084
757,7439 LANGTRY ST,HOUSTON,TX,77040
758,1119 FREEPORT ST,HOUSTON,TX,77015
759,6010 W TIDWELL RD STE E,HOUSTON,TX,77092
760,13572 STATE HIGHWAY 249,HOUSTON,TX,77086
761,2920 ALICE ST,HOUSTON,TX,77054
762,2003 W ALABAMA ST,HOUSTON,TX,77098
763,8351 HOWARD DR,HOUSTON,TX,77017
764,30006 TOMBALL PKY STE G,TOMBALL,TX,77375
765,16318 STUEBNER AIRLINE RD,SPRING,TX,77379
766,15875 FM 529 RD,HOUSTON,TX,77095
767,1050 W RANKIN RD STE 230-240,HOUSTON,TX,77067
768,3131 W HOLCOMBE BLVD,HOUSTON,TX,77025
769,13201 BELLAIRE BLVD,HOUSTON,TX,77083
770,5216 RICHMOND AVE,HOUSTON,TX,77056
771,8014 HOMESTEAD RD,HOUSTON,TX,77028
772,1880 BARKER CYPRESS RD,HOUSTON,TX,77084
773,9804 JONES RD STE F,HOUSTON,TX,77065
774,11702 JONES RD,HOUSTON,TX,77070
775,2727 DUNVALE RD,HOUSTON,TX,77063
776,13823 CADY CT,HOUSTON,TX,77077
777,24224 NORTHWEST FREEWAY,CYPRESS,TX,77429
778,938 W MAIN ST,TOMBALL,TX,77375
779,11916 BISSONNET ST STE 135,HOUSTON,TX,77099
780,3801 CULLEN BLVD,HOUSTON,TX,77004
781,6606 SOUTHWEST FWY,HOUSTON,TX,77074
782,8227 WINDFERN RD,HOUSTON,TX,77040
783,9006-9008 BEECHNUT ST,HOUSTON,TX,77036
784,13819 CYPRESS NORTH HOUSTON RD,CYPRESS,TX,77429
785,18918 FM 529 RD BLDG A,CYPRESS,TX,77433
786,7325 SANTIAGO ST,HOUSTON,TX,77023
787,9460 W SAM HOUSTON PKWY S,HOUSTON,TX,77099
788,2098 TAYLOR ST,HOUSTON,TX,77007
789,12320-12322 FONDREN RD,HOUSTON,TX,77035
790,3322 CENTER ST,DEER PARK,TX,77536
791,18311 T C JESTER BLVD STE D,SPRING,TX,77379
792,11945 BARWOOD BEND DR STE A,HOUSTON,TX,77065
793,16206 SPRING CYPRESS RD,CYPRESS,TX,77429
794,23927 KINGBRIAR DR,SPRING,TX,77373
795,435 SHELDON RD,CHANNELVIEW,TX,77530
796,2302 STRAWBERRY RD,PASADENA,TX,77502
797,7207 SAWMILL TRL,HOUSTON,TX,77040
798,5745 HWY 146 STE A,SEABROOK,TX,77586
799,525 S FRY RD,KATY,TX,77450
800,2533 SOUTHMORE BLVD # B,HOUSTON,TX,77004
801,2208 MAIN ST,SOUTH HOUSTON,TX,77587
802,2563 AMHERST ST STE A134,HOUSTON,TX,77005
803,433 WEST RD,HOUSTON,TX,77038
804,13744 N ELDRIDGE PKWY,CYPRESS,TX,77429
805,5716 BELLAIRE BLVD STE D-1,HOUSTON,TX,77081
806,4500 UNIVERSITY DR,HOUSTON,TX,77004
807,617 W MAIN ST,TOMBALL,TX,77375
808,5870 RANCHESTER DR STE 625,HOUSTON,TX,77036
809,10301 HARWIN DR STE 2,HOUSTON,TX,77036
810,5367 ANTOINE DR,HOUSTON,TX,77091
811,9660 WESTHEIMER RD,HOUSTON,TX,77063
812,5631 SELINSKY RD # B,HOUSTON,TX,77048
813,1630 SPENCER HWY,SOUTH HOUSTON,TX,77587
814,12815 ALDINE WESTFIELD RD STE 12825,HOUSTON,TX,77039
815,12132 GREENSPOINT DR,HOUSTON,TX,77060
816,12087 BEECHNUT ST,HOUSTON,TX,77072
817,9725 FONDREN RD,HOUSTON,TX,77096
818,25702 ALDINE WESTFIELD RD STE 502,SPRING,TX,77373
819,5800 BELLAIRE BLVD,HOUSTON,TX,77081
820,1705 JENKINS RD APT 487,PASADENA,TX,77506
821,3506 SOUTH HIGHWAY 6 SOUTH,HOUSTON,TX,77082
822,15205 WESTHEIMER RD STE A,HOUSTON,TX,77082
823,13703 FM 529 RD STE A,HOUSTON,TX,77041
824,3115 ROLAND ST,HOUSTON,TX,77026
825,7844 AVENUE E,HOUSTON,TX,77012
826,435 EL DORADO BLVD STE 10,WEBSTER,TX,77598
827,5202 S MAIN ST,CROSBY,TX,77532
828,3902 S SHAVER ST,HOUSTON,TX,77034
829,11900 VETERANS MEMORIAL DR,HOUSTON,TX,77067
830,24807 ALDINE WESTFIELD RD,SPRING,TX,77373
831,11210 SOUTH POST OAK RD,HOUSTON,TX,77035
832,12600 TELGE RD STE B,CYPRESS,TX,77429
833,411 ISAACKS RD,HUMBLE,TX,77338
834,1050 FEDERAL RD,HOUSTON,TX,77015
835,10100 BEECHNUT ST,HOUSTON,TX,77072
836,8303 HIGHWAY 6 N STE B,HOUSTON,TX,77095
837,7106 CLAREWOOD DR,HOUSTON,TX,77036
838,5328 FM 1960 RD E STE B,HUMBLE,TX,77346
839,6117 WILCREST DR,HOUSTON,TX,77072
840,3701 ALDINE MAIL ROUTE RD,HOUSTON,TX,77039
841,2128 FM 1960 RD,HOUSTON,TX,77073
842,6743 AIRLINE DR,HOUSTON,TX,77076
843,2580 SHEARN,HOUSTON,TX,77007
844,3715 CYPRESS CREEK PKWY,HOUSTON,TX,77068
845,250 W 20TH ST STE 100,HOUSTON,TX,77008
846,100 SHARPSTOWN CTR STE 1240,HOUSTON,TX,77036
847,4375 HIGHWAY 6 N,HOUSTON,TX,77084
848,301 CEDAR BAYOU RD,BAYTOWN,TX,77520
849,3262 WESTHEIMER RD # 949,HOUSTON,TX,77098
850,12675 FONDREN RD,HOUSTON,TX,77035
851,7016 FRY RD STE B3,CYPRESS,TX,77433
852,21803 MORTON RD STE 110,KATY,TX,77493
853,1291 N POST OAK RD STE 180,HOUSTON,TX,77055
854,5107 EAST FWY,BAYTOWN,TX,77521
855,12790 SCARSDALE BLVD,HOUSTON,TX,77089
856,3700 BARKER CYPRESS RD STE 100,HOUSTON,TX,77084
857,10251 KEMPWOOD DR,HOUSTON,TX,77043
858,13646 BISSONNET ST STE D,HOUSTON,TX,77083
859,12333 JONES RD,HOUSTON,TX,77070
860,2903 VOLLMER RD,HOUSTON,TX,77092
861,4620 N MAIN ST,HOUSTON,TX,77009
862,14039 WALTERS RD,HOUSTON,TX,77014
863,29220 HUFFMAN CLEVELAND RD STE D,HUFFMAN,TX,77336
864,5085 WESTHEIMER RD STE TT116,HOUSTON,TX,77056
865,5815 BISSONNET ST,BELLAIRE,TX,77401
866,3117 FOREST OAKS BLVD,HOUSTON,TX,77017
867,4501 BISSONNET ST,BELLAIRE,TX,77401
868,2020 NASA PKWY STE 260,NASSAU BAY,TX,77058
869,4702 LYONS AVE,HOUSTON,TX,77020
870,11242 S GESSNER DR,HOUSTON,TX,77071
871,12425 JOHN F KENNEDY BLVD STE 100,HOUSTON,TX,77039
872,7220 ANTOINE DR,HOUSTON,TX,77088
873,11228 AIRLINE DR,HOUSTON,TX,77037
874,7211 FM 1960 RD W STE 260,HUMBLE,TX,77338
875,2301 MAIN ST,SOUTH HOUSTON,TX,77587
876,902 S ALLEN GENOA RD STE A,SOUTH HOUSTON,TX,77587
877,13600 EAST FWY,HOUSTON,TX,77015
878,3400 S SHAVER ST STE A,SOUTH HOUSTON,TX,77587
879,225 MAIN ST,HOUSTON,TX,77002
880,20311 CHAMPION FOREST DR,SPRING,TX,77379
881,5417 HARRISBURG BLVD,HOUSTON,TX,77011
882,9003 WESTHEIMER RD,HOUSTON,TX,77063
883,25819 CYPRESSWOOD DR,SPRING,TX,77373
884,8110 IRVINGTON BLVD,HOUSTON,TX,77022
885,2620 S RICHEY ST,HOUSTON,TX,77017
886,11528 BELLAIRE BLVD STE E,HOUSTON,TX,77072
887,1701 N MAIN ST,BAYTOWN,TX,77520
888,10103 FONDREN RD STE 150,HOUSTON,TX,77096
889,9700 CLUB CREEK DR STE A,HOUSTON,TX,77036
890,2401 W LITTLE YORK RD,HOUSTON,TX,77091
891,13811 CYPRESS NORTH HOUSTON RD,CYPRESS,TX,77429
892,2800 N TERMINAL RD STE A-7,HOUSTON,TX,77032
893,19125 W LITTLE YORK RD,KATY,TX,77449
894,8674 S BRAESWOOD BLVD,HOUSTON,TX,77031
895,3611 COCHRAN ST,HOUSTON,TX,77009
896,9637 TELEPHONE RD,HOUSTON,TX,77075
897,1660 WESTHEIMER RD STE AANDB,HOUSTON,TX,77006
898,3700 BARKER CYPRESS RD STE A,HOUSTON,TX,77084
899,2770 N SAM HOUSTON PKWY W,HOUSTON,TX,77038
900,16844 FM 2920 RD STE 101,TOMBALL,TX,77377
901,6931 FM 1960 RD E,ATASCOCITA,TX,77346
902,9103 JENSEN DR,HOUSTON,TX,77093
903,3309 HIGHWAY 90 STE 400,CROSBY,TX,77532
904,8919 FRY RD,CYPRESS,TX,77433
905,7710 BELLAIRE BLVD STE S,HOUSTON,TX,77036
906,3040 LITTLE YORK RD,HOUSTON,TX,77093
907,1412 SSGT MACARIO GARCIA DR,HOUSTON,TX,77011
908,4010 SYNOTT RD STE B,HOUSTON,TX,77082
909,2206 HIALEAH DR,HOUSTON,TX,77018
910,21211 FM 529 RD STE 107,CYPRESS,TX,77433
911,2711 LEELAND ST,HOUSTON,TX,77003
912,8703 BOONE RD,HOUSTON,TX,77099
913,4400 LOCKWOOD DR,HOUSTON,TX,77026
914,21950 MEADOWHILL DR STE B,SPRING,TX,77388
915,32165 FM 1485 RD,NEW CANEY,TX,77357
916,20660 WESTHEIMER PKWY STE I,KATY,TX,77450
917,1414 WIRT RD,HOUSTON,TX,77055
918,11249 BISSONNET ST,HOUSTON,TX,77099
919,13133B LOUETTA RD,CYPRESS,TX,77429
920,1414 CYPRESS CREEK PKWY,HOUSTON,TX,77090
921,6121 HILLCROFT ST STE E,HOUSTON,TX,77081
922,6806 LONG POINT RD STE E,HOUSTON,TX,77055
923,9889 BELLAIRE BLVD BLDG B,HOUSTON,TX,77036
924,5725 FONDREN RD,HOUSTON,TX,77036
925,3950 S TERMINAL RD,HOUSTON,TX,77032
926,5601 HILLCROFT ST,HOUSTON,TX,77036
927,27118 HIGHWAY 290 STE I,CYPRESS,TX,77433
928,7550 CREEKBEND DR,HOUSTON,TX,77071
929,10402 ANTOINE DR,HOUSTON,TX,77086
930,945 TULLY RD,HOUSTON,TX,77079
931,3528 NASA RD 1,SEABROOK,TX,77586
932,6133 N FRY RD STE C,KATY,TX,77449
933,706 N ALEXANDER DR SPC 101,BAYTOWN,TX,77520
934,7410 FAIRBANKS N HOUSTON RD STE E,HOUSTON,TX,77040
935,8318 BROADWAY ST,HOUSTON,TX,77061
936,1940 FRY RD,HOUSTON,TX,77084
937,965 PINEMONT DR # 700,HOUSTON,TX,77018
938,1149 HIGHWAY 6 S,HOUSTON,TX,77077
939,11702 JONES RD,HOUSTON,TX,77070
940,1420 FM 1960 RD W,HOUSTON,TX,77090
941,13707 KUYKENDAHL RD,HOUSTON,TX,77090
942,1621 COLLINGSWORTH ST,HOUSTON,TX,77009
943,3843 FM 2920 RD,SPRING,TX,77388
944,13769 STATE HIGHWAY 249,HOUSTON,TX,77086
945,9500 WESTVIEW DR STE 102,HOUSTON,TX,77055
946,6470 W LITTLE YORK RD,HOUSTON,TX,77091
947,3002 W BAKER RD,BAYTOWN,TX,77521
948,11915 CROSBY LYNCHBURG RD,CROSBY,TX,77532
949,11879 BISSONNET ST,HOUSTON,TX,77099
950,12035 ANTOINE DR,HOUSTON,TX,77066
951,2211 SOUTHMORE AVE,PASADENA,TX,77502
952,21950 MEADOW HILL DR,SPRING,TX,77388
953,1520 ELDRIDGE PARKWAY,HOUSTON,TX,77077
954,21706 MORGAN PARK LN,SPRING,TX,77388
955,5521 GARTH RD,BAYTOWN,TX,77521
956,1023 BOOTH ST,HOUSTON,TX,77009
957,6749 AIRLINE DR,HOUSTON,TX,77076
958,3316 S SHAVER,SOUTH HOUSTON,TX,77587
959,9365 MAIN ST,HOUSTON,TX,77025
960,5832 MARTIN LUTHER KING BLVD,HOUSTON,TX,77021
961,1701 W ALABAMA ST,HOUSTON,TX,77098
962,3701 ALDINE MAIL ROUTE RD,HOUSTON,TX,77039
963,2013 W GRAY ST STE B,HOUSTON,TX,77019
964,9655 HONEYWELL ST,HOUSTON,TX,77074
965,5820 HIGHWAY 6 N,HOUSTON,TX,77084
966,6635 N GRAND PKWY W,SPRING,TX,77389
967,13133 VETERANS MEMORIAL DR,HOUSTON,TX,77014
968,901 RICHEY ST,PASADENA,TX,77506
969,9919 WESTHEIMER RD,HOUSTON,TX,77042
970,20903 HIGHLAND KNOLLS DR,KATY,TX,77450
971,3800 LITTLE YORK RD,HOUSTON,TX,77093
972,18934 GRANT SEQUOIA LN,KATY,TX,77449
973,9223 STELLA LINK RD,HOUSTON,TX,77025
974,3620 N MAIN ST,HOUSTON,TX,77009
975,8484 WILCREST DR,HOUSTON,TX,77072
976,7324 ANTOINE DR,HOUSTON,TX,77088
977,9902 HOMESTEAD RD,HOUSTON,TX,77016
978,9042 DEXTER ST,HOUSTON,TX,77075
979,5015 KATY HOCKLEY CUT OFF RD,KATY,TX,77493
980,10351 CLUB CREEK DR,HOUSTON,TX,77036
981,8633 MARTIN LUTHER KING JR BLVD,HOUSTON,TX,77033
982,18700 BECKER RD STE 102,HOCKLEY,TX,77447
983,20424 KUYKENDAHL RD,SPRING,TX,77379
984,7129 BAYWAY DR,BAYTOWN,TX,77520
985,1445 WILCREST DR,HOUSTON,TX,77042
986,2650 W GRAND PARKWAY N,KATY,TX,77449
987,3210 HILLCROFT ST,HOUSTON,TX,77057
988,2040 RICHEY ST,PASADENA,TX,77502
989,5814A JENSEN DR,HOUSTON,TX,77026
990,8615 IRVINGTON BLVD,HOUSTON,TX,77022
991,1173 EDGEBROOK DR # A,HOUSTON,TX,77034
992,2305 AIRLINE DR,HOUSTON,TX,77009
993,3519 S SHEPHERD DR,HOUSTON,TX,77098
994,10909 SCARSDALE BLVD,HOUSTON,TX,77089
995,727 FREEPORT ST,HOUSTON,TX,77015
996,7844 HARRISBURG BLVD,HOUSTON,TX,77012
997,9769 BEECHNUT ST,HOUSTON,TX,77036
998,9525 S KIRKWOOD RD,HOUSTON,TX,77099
999,12699 MEMORIAL DR,HOUSTON,TX,77024
1000,910 N DURHAM DR STE E,HOUSTON,TX,77008
1001,4701 EAST BLVD,DEER PARK,TX,77536
1002,16770 IMPERIAL VALLEY DR,HOUSTON,TX,77060
1003,5311 N WAYSIDE DR,HOUSTON,TX,77028
1004,1724 AIRLINE DR,HOUSTON,TX,77009
1005,14045 FM 2100 RD STE 170,CROSBY,TX,77532
1006,720 RANKIN RD,HOUSTON,TX,77073
1007,221 E LITTLE YORK RD # B,HOUSTON,TX,77076
1008,7811 SANDPIPER DR,HOUSTON,TX,77074
1009,12496 BELLAIRE BLVD,HOUSTON,TX,77072
1010,12009 NORTHWEST FWY,HOUSTON,TX,77092
1011,24350 KUYKENDAHL RD,TOMBALL,TX,77375
1012,5609 UVALDE RD,HOUSTON,TX,77049
1013,1700 DECKER DR,BAYTOWN,TX,77520
1014,6010 W TIDWELL RD,HOUSTON,TX,77092
1015,3024 N FRY RD,KATY,TX,77449
1016,1740 OLD SPANISH TRL,HOUSTON,TX,77054
1017,12825 S POST OAK RD STE F2,HOUSTON,TX,77045
1018,8702 MESA DR,HOUSTON,TX,77028
1019,11907 HIGH STAR DR,HOUSTON,TX,77072
1020,4444 MEMORIAL DR,HOUSTON,TX,77007
1021,313 TODVILLE RD,SEABROOK,TX,77586
1022,6436 BELLAIRE BLVD STE A,HOUSTON,TX,77074
1023,9900 GALVESTON RD,HOUSTON,TX,77034
1024,17902 OLD FOREST LN,HOUSTON,TX,77084
1025,2021 LOUETTA RD,SPRING,TX,77388
1026,375 W 19TH ST,HOUSTON,TX,77008
1027,5137 FM 1960 RD W,HOUSTON,TX,77069
1028,7665 BELLFORT ST,HOUSTON,TX,77061
1029,2106 HOUSTON BLVD,SOUTH HOUSTON,TX,77587
1030,10006 FM 2920 RD STE 100,TOMBALL,TX,77375
1031,5853 W GULF BANK RD,HOUSTON,TX,77088
1032,1611 SPENCER HWY STE A,SOUTH HOUSTON,TX,77587
1033,12516 MEMORIAL DR,HOUSTON,TX,77024
1034,17255 SPRING CYPRESS RD,CYPRESS,TX,77429
1035,14121 E SAM HOUSTON PKWY N,HOUSTON,TX,77044
1036,10996 FUQUA ST,HOUSTON,TX,77089
1037,1801 S VOSS RD,HOUSTON,TX,77057
1038,23119 COLONIAL PKWY STE B13,KATY,TX,77449
1039,5800 LYONS AVE,HOUSTON,TX,77020
1040,10026 BISSONNET ST,HOUSTON,TX,77036
1041,7548 CANAL ST,HOUSTON,TX,77012
1042,9740 BARKER CYPRESS RD STE 104,CYPRESS,TX,77433
1043,6112 DASHWOOD DR STE A,HOUSTON,TX,77081
1044,2004 S MASON RD STE D-3,KATY,TX,77450
1045,303 MEMORIAL CITY WAY STE 736,HOUSTON,TX,77024
1046,14909 FAIRFIELD MEADOWS DR,CYPRESS,TX,77433
1047,714 YALE ST STE 1Z,HOUSTON,TX,77007
1048,16510 LEE RD,HUMBLE,TX,77396
1049,7100 BELLAIRE BLVD,HOUSTON,TX,77074
1050,11328 BEECHNUT ST,HOUSTON,TX,77072
1051,1402 N MARKET LOOP,BAYTOWN,TX,77521
1052,13006 ALDINE WESTFIELD RD,HOUSTON,TX,77039
1053,3834 RICHMOND AVE,HOUSTON,TX,77027
1054,3015 SAUER ST,HOUSTON,TX,77004
1055,803 HARBOR ST,HOUSTON,TX,77020
1056,5424 ANTOINE DR STE B,HOUSTON,TX,77091
1057,9715 TELEPHONE RD STE 105,HOUSTON,TX,77075
1058,3410 NORTHPARK DR,HOUSTON,TX,77339
1059,28102 STATE HIGHWAY 249,TOMBALL,TX,77375
1060,6619 TIDWELL RD,HOUSTON,TX,77016
1061,9125 W SAM HOUSTON PKWY N,HOUSTON,TX,77064
1062,12343 BARKER CYPRESS RD STE 230,CYPRESS,TX,77429
1063,901 ROGERS ST,WEBSTER,TX,77598
1064,2222 SPENCER HWY STE 999,PASADENA,TX,77504
1065,1905 EL MAR LN # 146,SEABROOK,TX,77586
1066,8514 C E KING PKWY STE S,HOUSTON,TX,77044
1067,14960 STATE HIGHWAY 249,HOUSTON,TX,77086
1068,3550 SPENCER HWY,PASADENA,TX,77504
1069,9215 WEST RD,HOUSTON,TX,77064
1070,7111 MARTIN LUTHER KING BLVD STE A,HOUSTON,TX,77033
1071,14650 CROSBY FWY,HOUSTON,TX,77049
1072,4614 NASA PKWY,SEABROOK,TX,77586
1073,1407 N MAIN ST,GALENA PARK,TX,77547
1074,5704 N WAYSIDE DR STE A,HOUSTON,TX,77028
1075,3803 SAN JACINTO ST,HOUSTON,TX,77004
1076,12434 TOMBALL PKWY,HOUSTON,TX,77086
1077,5201 RICHMOND AVE,HOUSTON,TX,77056
1078,10317 SHELDON RD STE A,HOUSTON,TX,77049
1079,4220 SAN FELIPE ST,HOUSTON,TX,77027
1080,18518 KUYKENDAHL RD,SPRING,TX,77379
1081,3002 FRY RD,KATY,TX,77449
1082,2150 SPRING STUEBNER RD,SPRING,TX,77389
1083,5703 GLENMONT DR,HOUSTON,TX,77081
1084,11830 AIRLINE DR,HOUSTON,TX,77037
1085,8781 W BELLFORT ST,HOUSTON,TX,77031
1086,2919 BARKER CYPRESS RD STE E,HOUSTON,TX,77084
1087,12701 FM 1960 RD W,HOUSTON,TX,77065
1088,6301 JENSEN DR,HOUSTON,TX,77026
1089,11120 NORTH FWY STE A,HOUSTON,TX,77037
1090,17019 GAELICGLEN LN,HOUSTON,TX,77084
1091,9550 RICHMOND AVE,HOUSTON,TX,77063
1092,12385 BISSONNET ST,HOUSTON,TX,77099
1093,17509 SANDY CLIFFS DR,HOUSTON,TX,77090
1094,12353 FM 1960 RD W,HOUSTON,TX,77065
1095,9296 WESTHEIMER RD STE 150,HOUSTON,TX,77063
1096,5203 EMANCIPATION AVE,HOUSTON,TX,77004
1097,11701 S SAM HOUSTON PKWY E,HOUSTON,TX,77089
1098,2601 MCGOWEN ST STE A,HOUSTON,TX,77004
1099,1352 W 43RD ST,HOUSTON,TX,77018
1100,7320 ANTOINE DR,HOUSTON,TX,77088
1101,8189 ANTOINE DR,HOUSTON,TX,77088
1102,4711 W 34TH ST,HOUSTON,TX,77092
1103,13132 KATHY LN,CYPRESS,TX,77429
1104,5930 LODGE CREEK DR,HOUSTON,TX,77066
1105,14487 BELLAIRE BLVD,HOUSTON,TX,77083
1106,1780 BLALOCK RD,HOUSTON,TX,77080
1107,5600 MYKAWA RD # A,HOUSTON,TX,77033
1108,1938 W GRAY ST,HOUSTON,TX,77019
1109,85 E EDGEBROOK DR,HOUSTON,TX,77034
1110,1724 WEST LOOP N,HOUSTON,TX,77008
1111,8929 SCOTT ST,HOUSTON,TX,77051
1112,2611 PRESTON AVE,PASADENA,TX,77503
1113,11913 BISSONNET ST # A6,HOUSTON,TX,77099
1114,874 YORKCHESTER DR APT 232,HOUSTON,TX,77079
1115,1300 W FAIRMONT PKWY,LA PORTE,TX,77571
1116,7635 LEY RD,HOUSTON,TX,77028
1117,9514 GRANT RD,HOUSTON,TX,77070
1118,11710 N PERRY AVE,HOUSTON,TX,77071
1119,10211 CYPRESSWOOD DR STE 100,HOUSTON,TX,77070
1120,1002 BOUNDARY ST,HOUSTON,TX,77009
1121,10920 ALMEDA RD STE 100,HOUSTON,TX,77045
1122,1401 HEIGHTS BLVD,HOUSTON,TX,77008
1123,5715 FONDREN RD,HOUSTON,TX,77036
1124,155 LOUETTA XING,SPRING,TX,77373
1125,5915 MOHAWK ST STE 2,HOUSTON,TX,77016
1126,7747 KIRBY DR,HOUSTON,TX,77030
1127,9530 JENSEN DR,HOUSTON,TX,77093
1128,19225 W LITTLE YORK RD,KATY,TX,77449
1129,4750 FM 1960 RD W,HOUSTON,TX,77069
1130,10010 CYPRESSWOOD DR,HOUSTON,TX,77070
1131,12222 JONES RD,HOUSTON,TX,77070
1132,2602 WHEELER ST,HOUSTON,TX,77004
1133,1205 DEEPWATER AVE,PASADENA,TX,77503
1134,15945 KUYKENDAHL RD,HOUSTON,TX,77068
1135,9440 LOUETTA RD,SPRING,TX,77379
1136,8201 BROADWAY ST,HOUSTON,TX,77061
1137,3815 WESTHEIMER RD,HOUSTON,TX,77027
1138,3007 N ALEXANDER DR,BAYTOWN,TX,77520
1139,15210 HIGHWAY 3 # 111-113,WEBSTER,TX,77598
1140,10901 SCARSDALE BLVD,HOUSTON,TX,77089
1141,3801 ALDINE MAIL RD,HOUSTON,TX,77039
1142,6910 CAPITOL ST,HOUSTON,TX,77011
1143,12620 WOODFOREST BLVD STE 200,HOUSTON,TX,77015
1144,6116 WINDSWEPT LN STE A,HOUSTON,TX,77057
1145,13400 VETERANS MEMORIAL DR,HOUSTON,TX,77014
1146,6060 FM 2920 RD,SPRING,TX,77379
1147,7520 W BELLFORT ST,HOUSTON,TX,77071
1148,1505 WIRT RD,HOUSTON,TX,77055
1149,11030 BISSONNET ST STE C1,HOUSTON,TX,77099
1150,9344 JONES RD STE L,HOUSTON,TX,77065
1151,6906 DIXIE DR,HOUSTON,TX,77087
1152,4409 TREASCHWIG RD STE 115,SPRING,TX,77373
1153,19936 SAUMS RD,KATY,TX,77449
1154,5101 BINGLE RD,HOUSTON,TX,77092
1155,13630 RICHMOND AVE STE A,HOUSTON,TX,77082
1156,615 W MAIN ST # 5500,TOMBALL,TX,77375
1157,16143 N ELDRIDGE PKWY STE 6,TOMBALL,TX,77377
1158,9606 CHIMNEY ROCK RD,HOUSTON,TX,77096
1159,638 FREEPORT ST,HOUSTON,TX,77015
1160,3663 BRIARPARK DR,HOUSTON,TX,77042
1161,8103 MARTIN LUTHER KING JR BLVD,HOUSTON,TX,77033
1162,7110 LOUETTA RD STE G,SPRING,TX,77379
1163,9230 BUFFALO SPEEDWAY,HOUSTON,TX,77025
1164,653 PIN OAK RD # A-4&A6,KATY,TX,77494
1165,6626 FM 1960 RD E,HUMBLE,TX,77346
1166,2919 BARKER CYPRESS RD STE K,HOUSTON,TX,77084
1167,504 S MAIN ST STE B,HIGHLANDS,TX,77562
1168,12831 WESTHEIMER RD,HOUSTON,TX,77077
1169,4001 W FUQUA ST,HOUSTON,TX,77045
1170,8703 MARTIN LUTHER KING BLVD STE B,HOUSTON,TX,77033
1171,5825 BELLAIRE BLVD,HOUSTON,TX,77081
1172,7211 ATASCOCITA RD,HUMBLE,TX,77346
1173,515 S FRY RD STE U,KATY,TX,77450
1174,8795 ANTOINE DR STE 101,HOUSTON,TX,77088
1175,1248 GARTH RD STE G,BAYTOWN,TX,77520
1176,10402 TOWN AND COUNTRY WAY APT 239,HOUSTON,TX,77024
1177,715 S MAIN ST,HIGHLANDS,TX,77562
1178,216 FM 1960 BYPASS RD E,HUMBLE,TX,77338
1179,15014 SPRING CYPRESS RD STE 240,CYPRESS,TX,77429
1180,17455 SPRING CYPRESS RD,CYPRESS,TX,77429
1181,3302 DIXIE DR,HOUSTON,TX,77021
1182,10701 NORTH FWY STE C,HOUSTON,TX,77037
1183,13135 LOUETTA RD,CYPRESS,TX,77429
1184,13600 BEECHNUT ST,HOUSTON,TX,77083
1185,9402 KEMPWOOD DR,HOUSTON,TX,77080
1186,1302 HOLLAND AVE,GALENA PARK,TX,77547
1187,6025 CRENSHAW RD,PASADENA,TX,77505
1188,14221 E SAM HOUSTON PKWY N,HOUSTON,TX,77044
1189,4801 WILSON RD STE 1000,HUMBLE,TX,77396
1190,24922 STATE HIGHWAY 249 STE 105,TOMBALL,TX,77375
1191,1111 POST OAK BLVD APT 348,HOUSTON,TX,77056
1192,1800 N MAIN ST,BAYTOWN,TX,77520
1193,8788 HAMMERLY BLVD STE B,HOUSTON,TX,77080
1194,2502 W LITTLE YORK RD STE A,HOUSTON,TX,77091
1195,14710 WOODFOREST BLVD,HOUSTON,TX,77015
1196,25901 HIGHWAY 290,CYPRESS,TX,77429
1197,6767 SPENCER HWY,PASADENA,TX,77505
1198,6315 GARTH RD,BAYTOWN,TX,77521
1199,3211 GREEHOUSE RD UNIT 115,KATY,TX,77449
1200,4711 LOUETTA RD STE 104,SPRING,TX,77388
1201,7302 LEY RD,HOUSTON,TX,77028
1202,7018 WOODRIDGE DR,HOUSTON,TX,77087
1203,805 DUMBLE ST,HOUSTON,TX,77023
1204,6600 W BELLFORT ST,HOUSTON,TX,77035
1205,502 S SHAVER,PASADENA,TX,77506
1206,10902 SHADOW WOOD DR,HOUSTON,TX,77043
1207,4809 N MAIN ST,HOUSTON,TX,77009
1208,10306 S POST OAK RD,HOUSTON,TX,77035
1209,5800 BELLAIRE BLVD STE 104,HOUSTON,TX,77081
1210,1434 SHERWOOD FOREST ST,HOUSTON,TX,77043
1211,7071 LAWNDALE ST,HOUSTON,TX,77023
1212,601 JACKSON AVE,PASADENA,TX,77506
1213,9660 WESTHEIMER RD,HOUSTON,TX,77063
1214,5621 BEECHNUT ST STE D,HOUSTON,TX,77096
1215,10900 JONES RD STE 4,HOUSTON,TX,77065
1216,6101 BELLFORT ST,HOUSTON,TX,77033
1217,3450 FM 1960 RD W,HOUSTON,TX,77068
1218,1622 W 18TH ST,HOUSTON,TX,77008
1219,8315 SPENCER HWY,DEER PARK,TX,77536
1220,2505 BEATTY ST,HOUSTON,TX,77023
1221,3117 MAIN ST,HOUSTON,TX,77002
1222,707 WAYSIDE DR,HOUSTON,TX,77011
1223,2906 N MAIN ST,BAYTOWN,TX,77521
1224,2807 N SHEPHERD DR STE B,HOUSTON,TX,77008
1225,1611 N ALEXANDER DR,BAYTOWN,TX,77520
1226,9330 JONES RD,HOUSTON,TX,77065
1227,10541 CYPRESS CREEK PKWY,HOUSTON,TX,77070
1228,2227 NORTHPARK DR,KINGWOOD,TX,77339
1229,6467 WESTHEIMER RD STE A,HOUSTON,TX,77057
1230,101 TIDWELL RD STE A,HOUSTON,TX,77022
1231,20329 STATE HIGHWAY 249 STE 450,HOUSTON,TX,77070
1232,5816 ALDER DR,HOUSTON,TX,77081
1233,733 STUDEWOOD ST,HOUSTON,TX,77007
1234,6141 GRIGGS RD,HOUSTON,TX,77023
1235,12400 FM 1960 RD W,HOUSTON,TX,77065
1236,11205 BELLAIRE BLVD,HOUSTON,TX,77072
1237,903 GARNER RD STE A,PASADENA,TX,77502
1238,800 S WAYSIDE DR # A,HOUSTON,TX,77023
1239,1107 SHAVER ST BLDG 2,PASADENA,TX,77506
1240,5923 SPENCER HWY,PASADENA,TX,77505
1241,2619 RED BLUFF RD,PASADENA,TX,77506
1242,6626 SOUTHWEST FWY,HOUSTON,TX,77074
1243,6801B HARRISBURG BLVD,HOUSTON,TX,77011
1244,557 UVALDE RD,HOUSTON,TX,77015
1245,6001 RANCHESTER DR APT 22,HOUSTON,TX,77036
1246,6024 GULFTON ST,HOUSTON,TX,77081
1247,17602 W LITTLE YORK RD STE 7,HOUSTON,TX,77084
1248,376 CYPRESS CREEK PKWY STE A,HOUSTON,TX,77090
1249,18030 FM 529 RD,CYPRESS,TX,77433
1250,612 N VICTORY DR,HOUSTON,TX,77088
1251,2370 WW THORNE BLVD,HOUSTON,TX,77073
1252,1901 ALLEN GENOA RD,PASADENA,TX,77502
1253,17023 FM 529 RD,HOUSTON,TX,77095
1254,5920 HIGHWAY 6 N STE 1002,HOUSTON,TX,77084
1255,2954 FULTON ST,HOUSTON,TX,77009
1256,1440 STUDEMONT ST,HOUSTON,TX,77007
1257,4029 BURKE RD APT 3802,PASADENA,TX,77504
1258,13514 TIDWELL RD STE 500,HOUSTON,TX,77044
1259,6929 LONG POINT RD,HOUSTON,TX,77055
1260,5655 E SAM HOUSTON PKWY N,HOUSTON,TX,77015
1261,9503 JONES RD,HOUSTON,TX,77065
1262,8208 BARKER CYPRESS RD,CYPRESS,TX,77433
1263,12401 HILLCROFT ST,HOUSTON,TX,77035
1264,302 WATERFRONT DR,SEABROOK,TX,77586
1265,2520 AIRLINE DR,HOUSTON,TX,77009
1266,10606 HEMPSTEAD RD STE 118,HOUSTON,TX,77092
1267,7200 LYONS AVE,HOUSTON,TX,77020
1268,4820 HIGHWAY 6 N,HOUSTON,TX,77084
1269,2300 N GESSNER,HOUSTON,TX,77080
1270,13484 NORTHWEST FWY BLDG 1,HOUSTON,TX,77040
1271,14710 STERLING GREEN BLVD,HOUSTON,TX,77015
1272,6272 WILCREST DR,HOUSTON,TX,77072
1273,572 EL DORADO BLVD,WEBSTER,TX,77598
1274,4150 LAURA KOPPE RD STE A,HOUSTON,TX,77093
1275,20017 BRIDGELAND CREEK PKWY,CYPRESS,TX,77433
1276,819 ANTOINE DR,HOUSTON,TX,77024
1277,7203 MARTIN LUTHER KING BLVD,HOUSTON,TX,77033
1278,2350 PEASE ST,HOUSTON,TX,77003
1279,16048 WEST RD,HOUSTON,TX,77095
1280,3151 BRIARPARK DR STE 175,HOUSTON,TX,77042
1281,3645 CYPRESS CREEK PKWY,HOUSTON,TX,77068
1282,12701 WINDFERN RD,HOUSTON,TX,77064
1283,8508 FM 1960 BYPASS RD W,HUMBLE,TX,77338
1284,10910 WILL CLAYTON PKWY,HUMBLE,TX,77396
1285,7200 ELDRIDGE PKWY STE O,HOUSTON,TX,77083
1286,7005 HIGHWAY 225,DEER PARK,TX,77536
1287,6715 BISSONNET ST STE 300,HOUSTON,TX,77074
1288,25108 MARKET PLACE DR,KATY,TX,77494
1289,15919 NORTH FWY,HOUSTON,TX,77090
1290,425 PASADENA BLVD,PASADENA,TX,77506
1291,5150 BUFFALO SPEEDWAY,HOUSTON,TX,77005
1292,7701 MAIN ST # A1217,HOUSTON,TX,77030
1293,11683 WESTHEIMER RD,HOUSTON,TX,77077
1294,11230 PLAINFIELD ST,HOUSTON,TX,77031
1295,13750A EAST FWY,HOUSTON,TX,77015
1296,1928 EL DORADO BLVD,HOUSTON,TX,77062
1297,443 UVALDE RD,HOUSTON,TX,77015
1298,20017 BRIDGELAND CREEK PKWY,CYPRESS,TX,77433
1299,2520 AIRLINE DR,HOUSTON,TX,77009
1300,11250 FM 529 RD,HOUSTON,TX,77041
1301,10190 HARWIN DR # C,HOUSTON,TX,77036
1302,7800 AIRPORT BLVD SPC RMU 1,HOUSTON,TX,77061
1303,9710 KATY FWY,HOUSTON,TX,77055
1304,810 LOUETTA RD STE 6,SPRING,TX,77373
1305,3600 KIRBY DR STE C,HOUSTON,TX,77098
1306,19300 W LAKE HOUSTON PKWY,HUMBLE,TX,77346
1307,2430 AIRLINE DR STE A,HOUSTON,TX,77009
1308,6475 HILLCROFT AVE STE B,HOUSTON,TX,77081
1309,15055 FAIRFIELD MEADOWS DR STE 140,CYPRESS,TX,77433
1310,9413 MESA DR # B,HOUSTON,TX,77028
1311,24020 CLAY RD STE 105,KATY,TX,77493
1312,6055 FRY ROAD,KATY,TX,77449
1313,6402 LOUETTA RD STE 115,SPRING,TX,77379
1314,1725 DISMUKE ST,HOUSTON,TX,77023
1315,1601 W FAIRMONT PKWY,LA PORTE,TX,77571
1316,2308 SOUTH SHAVER,PASADENA,TX,77502
1317,2904 FULTON ST # B,HOUSTON,TX,77009
1318,3700 N TERMINAL RD,HOUSTON,TX,77032
1319,5586 WESLAYAN ST,HOUSTON,TX,77005
1320,16215 STUEBNER AIRLINE RD # 400,SPRING,TX,77379
1321,23800 INTERSTATE 45,SPRING,TX,77373
1322,9436 N HOUSTON ROSSLYN RD STE A,HOUSTON,TX,77088
1323,14625 BEECHNUT ST,HOUSTON,TX,77083
1324,5700 S GESSNER RD STE I,HOUSTON,TX,77036
1325,6724 CULLEN BLVD,HOUSTON,TX,77021
1326,12291 S DAIRY ASHFORD ST,HOUSTON,TX,77099
1327,8576 CREEKSIDE FOREST DR STE A-200,SPRING,TX,77389
1328,1035 N SHEPHERD DR,HOUSTON,TX,77008
1329,16400 EL CAMINO REAL,HOUSTON,TX,77062
1330,4711 AIRLINE DR STE A,HOUSTON,TX,77022
1331,14244 WESTHEIMER RD,HOUSTON,TX,77077
1332,2800 N TERMINAL RD # A,HOUSTON,TX,77032
1333,5870 RANCHESTER DR STE 650A,HOUSTON,TX,77036
1334,21003 HUFSMITH KOHRVILLE RD,TOMBALL,TX,77375
1335,6100 W FUQUA ST,HOUSTON,TX,77085
1336,6767 SPENCER HWY,PASADENA,TX,77505
1337,12310 CULLEN BLVD,HOUSTON,TX,77047
1338,17501 TELGE RD,CYPRESS,TX,77429
1339,2510 BERRY RD,HOUSTON,TX,77093
1340,6831 S GESSNER RD,HOUSTON,TX,77036
1341,8301 JONES RD,JERSEY VILLAGE,TX,77065
1342,12002 VETERANS MEMORIAL DR STE B,HOUSTON,TX,77067
1343,21945 FIELDS STORE RD C/O STE 300,WALLER,TX,77484
1344,6315B GARTH RD,BAYTOWN,TX,77521
1345,29220 HUFFMAN CLEVELAND RD STE A,HUFFMAN,TX,77336
1346,2800 N TERMINAL RD,HOUSTON,TX,77032
1347,6350 N ELDRIDGE PKWY,HOUSTON,TX,77041
1348,7914 THOMPSON RD,HIGHLANDS,TX,77562
1349,13300 JOHN F KENNEDY BLVD,HOUSTON,TX,77039
1350,10401 JENSEN DR # A,HOUSTON,TX,77093
1351,6111 WASHINGTON AVE,HOUSTON,TX,77007
1352,1700 N ALEXANDER DR,BAYTOWN,TX,77520
1353,1000 MAIN ST STE 2300,HOUSTON,TX,77002
1354,11320 CHIMNEY ROCK RD,HOUSTON,TX,77035
1355,3406 N SHEPHERD DR,HOUSTON,TX,77018
1356,13655 BISSONNET ST STE 102,HOUSTON,TX,77083
1357,2619 RED BLUFF RD,PASADENA,TX,77506
1358,7310 LOUETTA RD,SPRING,TX,77379
1359,2323 WIRT RD,HOUSTON,TX,77055
1360,4815 LAZY TIMBERS DR,HUMBLE,TX,77346
1361,4801 N SHEPHERD DR,HOUSTON,TX,77018
1362,1035 SHAVER ST,PASADENA,TX,77506
1363,8630 CULLEN BLVD,HOUSTON,TX,77051
1364,14366 MEMORIAL DR STE B,HOUSTON,TX,77079
1365,620 WAYSIDE DR,HOUSTON,TX,77011
1366,10998 FUQUA ST STE C,HOUSTON,TX,77089
1367,11623 S SAM HOUSTON PKWY E,HOUSTON,TX,77089
1368,12311 MAIN ST,HOUSTON,TX,77035
1369,4279 N SHEPHERD DR,HOUSTON,TX,77018
1370,14060 FM 2920 RD,TOMBALL,TX,77377
1371,10411 NORTH FWY,HOUSTON,TX,77037
1372,14512 WEST RD,HOUSTON,TX,77095
1373,4000 POLK ST,HOUSTON,TX,77023
1374,4203 ALDINE MAIL RD,HOUSTON,TX,77039
1375,913A S BROADWAY ST,LA PORTE,TX,77571
1376,8020 FRY RD STE 108,CYPRESS,TX,77433
1377,7913 WESTHEIMER RD,HOUSTON,TX,77063
1378,949 S MASON RD,KATY,TX,77450
1379,360 FM 1960 RD W,HOUSTON,TX,77090
1380,9325 KATY FWY,HOUSTON,TX,77024
1381,2800 N TERMINAL RD STE 125,HOUSTON,TX,77032
1382,5310 S RICE AVE,HOUSTON,TX,77081
1383,14100 SPRING CYPRESS,CYPRESS,TX,77429
1384,110 HARDWICKE RD,HOUSTON,TX,77060
1385,13115 CRIEFFE RD,HOUSTON,TX,77039
1386,2000 BAYPORT BLVD,SEABROOK,TX,77586
1387,15802 CHAMPION FOREST DR,SPRING,TX,77379
1388,9999 FUQUA ST,HOUSTON,TX,77075
1389,9523 ANTOINE DR,HOUSTON,TX,77086
1390,11919 EASTEX FWY,HOUSTON,TX,77039
1391,4786 W BELLFORT ST,HOUSTON,TX,77035
1392,6911 FM 1960 RD W,HOUSTON,TX,77069
1393,7994 BELLFORT ST,HOUSTON,TX,77061
1394,8310 LONG POINT RD,HOUSTON,TX,77055
1395,14400 ALDINE WESTFIELD RD,HOUSTON,TX,77039
1396,2311 PARKER RD,HOUSTON,TX,77093
1397,1250 GARTH RD STE J,BAYTOWN,TX,77520
1398,11017 MARKET ST,JACINTO CITY,TX,77029
1399,156 FM 1960 RD STE B,HOUSTON,TX,77073
1400,9211 WEST RD STE 127,HOUSTON,TX,77064
1401,7614 DASHWOOD DR,HOUSTON,TX,77036
1402,2615 MILLS BRANCH DR SPC B,KINGWOOD,TX,77345
1403,10796 BELLAIRE BLVD STE A1,HOUSTON,TX,77072
1404,15498 FM 529 RD,HOUSTON,TX,77095
1405,8615 HUFSMITH RD,TOMBALL,TX,77375
1406,14302 FM 2920 RD,TOMBALL,TX,77377
1407,6322 TELEPHONE RD,HOUSTON,TX,77087
1408,1907 CLINTON DR,GALENA PARK,TX,77547
1409,1950 EL DORADO BLVD,HOUSTON,TX,77062
1410,254 1ST ST #254,HUMBLE,TX,77338
1411,8002 BOONE RD,HOUSTON,TX,77072
1412,12215 NORTHWOOD FOREST DR STE 141,HOUSTON,TX,77039
1413,231 W GREENS RD,HOUSTON,TX,77067
1414,3622 ALDINE MAIL ROUTE RD,HOUSTON,TX,77039
1415,8501 GULF FWY,HOUSTON,TX,77017
1416,10330 BLACKHAWK BLVD,HOUSTON,TX,77089
1417,15534 W HARDY RD,HOUSTON,TX,77060
1418,188 UVALDE RD,HOUSTON,TX,77015
1419,9051 W BELLFORT ST,HOUSTON,TX,77031
1420,5869 S BRAESWOOD BLVD,HOUSTON,TX,77096
1421,20250 PARK ROW DR,KATY,TX,77449
1422,6095 GLENMONT DR STE C,HOUSTON,TX,77081
1423,2180 SPRING STUEBNER RD,SPRING,TX,77389
1424,412 BLUE BELL RD,HOUSTON,TX,77037
1425,1114 ALDINE BENDER RD,HOUSTON,TX,77032
1426,12288 WESTHEIMER RD STE 210A,HOUSTON,TX,77077
1427,12850 MEMORIAL DR # 1000,HOUSTON,TX,77024
1428,5434 CHIMNEY ROCK RD,HOUSTON,TX,77081
1429,2869 S RICHEY ST,HOUSTON,TX,77017
1430,3100 N TERMINAL RD # A,HOUSTON,TX,77032
1431,7401 CULLEN BLVD STE B,HOUSTON,TX,77051
1432,12931 NYACK DR,HOUSTON,TX,77089
1433,2443 ROLLINGBROOK DR,BAYTOWN,TX,77521
1434,10410 W BELLFORT ST,HOUSTON,TX,77031
1435,1903 FLORIDA ST,BAYTOWN,TX,77520
1436,230 CYPRESSWOOD DR STE D,SPRING,TX,77388
1437,8800 WEST RD STE B,HOUSTON,TX,77064
1438,930 EDGEBROOK DR,HOUSTON,TX,77034
1439,1701 HARVARD ST APT 13,HOUSTON,TX,77008
1440,18740 GULF FWY,FRIENDSWOOD,TX,77546
1441,2700 W GRAND PKWY N,KATY,TX,77449
1442,6101 ROYALTON ST,HOUSTON,TX,77081
1443,1242 WITTE RD,HOUSTON,TX,77055
1444,3135 FM 528 RD,FRIENDSWOOD,TX,77546
1445,6150 SPENCER HWY,PASADENA,TX,77505
1446,5803 FRY RD STE 104,KATY,TX,77449
1447,12405 N GESSNER DR,HOUSTON,TX,77064
1448,9217 MAIN ST,HOUSTON,TX,77025
1449,5001 CHAPMAN ST,HOUSTON,TX,77009
1450,1701 HARVARD ST APT 13,HOUSTON,TX,77008
1451,9889 BELLAIRE BLVD,HOUSTON,TX,77036
1452,18401 W LAKE HOUSTON PKWY STE B,HUMBLE,TX,77346
1453,4953 POLK ST,HOUSTON,TX,77023
1454,7610 N WAYSIDE DR STE A,HOUSTON,TX,77028
1455,23219 MORTON RANCH RD STE A,KATY,TX,77449
1456,5782 BINGLE RD,HOUSTON,TX,77092
1457,914 S FRY RD # 1,KATY,TX,77450
1458,12405 S GESSNER DR,HOUSTON,TX,77071
1459,1440 STUDEMONT ST,HOUSTON,TX,77007
1460,25825 ALDINE WESTFIELD RD,SPRING,TX,77373
1461,2240 NAVIGATION BLVD STE 500,HOUSTON,TX,77003
1462,27650 TOMBALL PKWY,TOMBALL,TX,77375
1463,12312 WILL CLAYTON PKWY,ATASCOCITA,TX,77346
1464,507 S MASON RD,KATY,TX,77450
1465,5453 N SHEPHERD DR,HOUSTON,TX,77091
1466,15795 BELLAIRE BLVD,HOUSTON,TX,77083
1467,3319 MANGUM RD,HOUSTON,TX,77092
1468,19784 INTERSTATE 45,SPRING,TX,77373
1469,9360 N SAM HOUSTON PKWY E STE 600,HUMBLE,TX,77396
1470,416 RICHEY ST,PASADENA,TX,77506
1471,8643 SCOTT ST,HOUSTON,TX,77051
1472,3418 BROADWAY ST STE E,HOUSTON,TX,77017
1473,6700 QUEENSTON BLVD APT 111,HOUSTON,TX,77084
1474,2700 ELDRIDGE PKWY,HOUSTON,TX,77082
1475,7640 CYPRESS CREEK PKWY,HOUSTON,TX,77070
1476,2304 BAYPORT BLVD,SEABROOK,TX,77586
1477,8745 SPRING CYPRESS RD,SPRING,TX,77379
1478,2477 LOUETTA RD,SPRING,TX,77388
1479,20355 CYPRESSWOOD DR,CYPRESS,TX,77433
1480,7302 TIERWESTER ST,HOUSTON,TX,77021
1481,2391 S WAYSIDE DR,HOUSTON,TX,77023
1482,4100 E CROSSTIMBERS ST,HOUSTON,TX,77016
1483,918 W SOUTHMORE AVE STE 175,PASADENA,TX,77502
1484,7334 FRY RD,CYPRESS,TX,77433
1485,1920 JENSEN DR,HOUSTON,TX,77026
1486,9415 MESA DR,HOUSTON,TX,77028
1487,2215 COHN ST,HOUSTON,TX,77007
1488,14230 STATE HIGHWAY 249,HOUSTON,TX,77086
1489,802 MICHIGAN ST,SOUTH HOUSTON,TX,77587
1490,8550 HIGHWAY 6 N,HOUSTON,TX,77095
1491,14344 MEMORIAL DR,HOUSTON,TX,77079
1492,16516 MARKET ST,CHANNELVIEW,TX,77530
1493,6115 CLAREWOOD DR STE C,HOUSTON,TX,77081
1494,14370 S POST OAK RD,HOUSTON,TX,77045
1495,12280 WESTHEIMER RD STE 5,HOUSTON,TX,77077
1496,13824 ALMEDA RD,HOUSTON,TX,77053
1497,1118 SILBER RD,HOUSTON,TX,77055
1498,28520 TOMBALL PKWY,TOMBALL,TX,77375
1499,754 NORMANDY ST,HOUSTON,TX,77015
1500,10732 CYPRESS CREEK PKWY,HOUSTON,TX,77070
1501,5428 CHIMNEY ROCK RD,HOUSTON,TX,77081
1502,22608 ALDINE WESTFIELD RD,SPRING,TX,77373
1503,110 MCCLELLAN RD UNIT B,KINGWOOD,TX,77339
1504,3002 N FRY RD,KATY,TX,77449
1505,239 W 20TH ST,HOUSTON,TX,77008
1506,2002 RUNNELS ST STE C,HOUSTON,TX,77003
1507,4103 W BELLFORT ST,HOUSTON,TX,77025
1508,4125 W LAKE HOUSTON PKWY,KINGWOOD,TX,77339
1509,1231 FREEPORT ST,HOUSTON,TX,77015
1510,3700 BARKER CYPRESS RD STE 700,HOUSTON,TX,77084
1511,20017 BRIDGELAND CREEK PKWY UNIT A,CYPRESS,TX,77433
1512,6211 BARKER CYPRESS RD,HOUSTON,TX,77084
1513,5671 TREASCHWIG RD,SPRING,TX,77373
1514,12510 WRENTHORPE DR,HOUSTON,TX,77031
1515,21150 KUYKENDAHL RD,SPRING,TX,77379
1516,8667 MAIN ST,HOUSTON,TX,77025
1517,2352 CYPRESS CREEK PKWY,HOUSTON,TX,77068
1518,2616 LITTLE YORK RD STE A,HOUSTON,TX,77093
1519,21085 FM 529 RD STE A,CYPRESS,TX,77433
1520,3820 ATASCOCITA RD,HUMBLE,TX,77396
1521,12555 BRIAR FOREST DR,HOUSTON,TX,77077
1522,10811 BISSONNET ST STE D005,HOUSTON,TX,77099
1523,11127-29 ALBURY DR,HOUSTON,TX,77096
1524,303 MEMORIAL CITY STE 850,HOUSTON,TX,77024
1525,12330 KNIGGE CEMETERY RD STE E,CYPRESS,TX,77429
1526,9301 SPENCER HWY,DEER PARK,TX,77536
1527,2516 WARD RD,BAYTOWN,TX,77520
1528,14610 MEMORIAL DR,HOUSTON,TX,77079
1529,5429 MOUNT HOUSTON RD,HOUSTON,TX,77093
1530,11502 WILCREST DR,HOUSTON,TX,77099
1531,5904 JESSAMINE ST STE A-1,HOUSTON,TX,77081
1532,50 ALDINE BENDER RD STE 145,HOUSTON,TX,77060
1533,6655 HARWIN DR STE 103-A,HOUSTON,TX,77036
1534,1305B WAYSIDE DR,HOUSTON,TX,77011
1535,10211 CLUB CREEK DR,HOUSTON,TX,77036
1536,909 SHEPHERD DR STE B,HOUSTON,TX,77007
1537,10625 VETERANS MEMORIAL DR STE S,HOUSTON,TX,77038
1538,12104 N HOUSTON ROSSLYN RD,HOUSTON,TX,77086
1539,9898 WESTPARK DR,HOUSTON,TX,77063
1540,6960 BARKER CYPRESS RD,HOUSTON,TX,77084
1541,2940 HOLLY HALL ST,HOUSTON,TX,77054
1542,2 NRG PARK,HOUSTON,TX,77054
1543,7445 CALHOUN RD,HOUSTON,TX,77033
1544,114 HARDWICKE RD,HOUSTON,TX,77060
1545,16418 DIANA LN,HOUSTON,TX,77062
1546,5000 WESTHEIMER RD STE 602,HOUSTON,TX,77056
1547,8763 LONG POINT RD,HOUSTON,TX,77055
1548,9805 FM 1960 BYPASS RD W,HUMBLE,TX,77338
1549,5558 ANTOINE DR,HOUSTON,TX,77091
1550,9352 LONG POINT RD,HOUSTON,TX,77055
1551,1901 N SHEPHERD DR STE 6,HOUSTON,TX,77008
1552,15915 S POST OAK RD,HOUSTON,TX,77053
1553,2426 AIRLINE DR,HOUSTON,TX,77009
1554,730 GREENS RD,HOUSTON,TX,77060
1555,9555 S POST OAK RD,HOUSTON,TX,77096
1556,3870 N TERMINAL RD,HOUSTON,TX,77032
1557,9401 HARWIN DR,HOUSTON,TX,77036
1558,5520 GESSNER RD UNIT 1,HOUSTON,TX,77041
1559,2101 DUNLAVY ST,HOUSTON,TX,77006
1560,630 FM 1959 RD,HOUSTON,TX,77034
1561,14646 ALDERSON ST,HOUSTON,TX,77015
1562,6631 GRANDVALE DR,HOUSTON,TX,77072
1563,8320 CYPRESS CREEK PKWY STE A,HOUSTON,TX,77070
1564,7055 HIGHWAY 6 N STE B,HOUSTON,TX,77095
1565,9870 LOUETTA RD,HOUSTON,TX,77070
1566,6901 MARTIN LUTHER KING JR BLVD,HOUSTON,TX,77033
1567,3330 HILLCROFT ST STE 1,HOUSTON,TX,77057
1568,3365 OLD SPANISH TRL,HOUSTON,TX,77021
1569,4302 TELEPHONE RD,HOUSTON,TX,77087
1570,2437 UNIVERSITY BLVD,HOUSTON,TX,77005
1571,102 DYNA DR,HOUSTON,TX,77060
1572,8702 BELLAIRE BLVD STE 300,HOUSTON,TX,77036
1573,1369 UNDERWOOD RD,LA PORTE,TX,77571
1574,10900 W BELLFORT AVE,HOUSTON,TX,77099
1575,12580 WESTHEIMER RD,HOUSTON,TX,77077
1576,8250 MESA DR,HOUSTON,TX,77028
1577,18129 EGRET BAY BLVD,HOUSTON,TX,77058
1578,12825 S POST OAK RD STE F2,HOUSTON,TX,77045
1579,15335 IMPERIAL VALLEY DR,HOUSTON,TX,77060
1580,7558 BELLFORT ST,HOUSTON,TX,77061
1581,8503 S SAM HOUSTON PKWY E,HOUSTON,TX,77075
1582,23013 BECKENDORFF RD,KATY,TX,77493
1583,6516 DEL MONTE DR,HOUSTON,TX,77057
1584,10001 WESTHEIMER RD STE 1050,HOUSTON,TX,77042
1585,7843 LEY RD,HOUSTON,TX,77028
1586,8400 WINKLER DR,HOUSTON,TX,77017
1587,15707 WESTPARK DR,HOUSTON,TX,77082
1588,6200 BELLAIRE BLVD # B,HOUSTON,TX,77081
1589,9941 LONG POINT RD,HOUSTON,TX,77055
1590,15743 LEE RD,HOUSTON,TX,77032
1591,2812 CENTER ST,DEER PARK,TX,77536
1592,20131 US 59 STE 5521,HUMBLE,TX,77338
1593,10055 ALMEDA GENOA RD STE F,HOUSTON,TX,77075
1594,10001 W BELLFORT ST STE F,HOUSTON,TX,77031
1595,4039 HOLLISTER ST,HOUSTON,TX,77080
1596,8017 MAIN ST STE 100,HOUSTON,TX,77025
1597,12218 JONES RD STE K,HOUSTON,TX,77070
1598,1624 MERCURY DR,HOUSTON,TX,77029
1599,4425 W FUQUA ST,HOUSTON,TX,77045
1600,5757 BELLAIRE BLVD,HOUSTON,TX,77081
1601,1205 ALMEDA GENOA RD,HOUSTON,TX,77047
1602,9405 LONG POINT RD,HOUSTON,TX,77055
1603,6959 HARWIN DR STE 100,HOUSTON,TX,77036
1604,3455 S DAIRY ASHFORD RD STE 180,HOUSTON,TX,77082
1605,1501 ALDINE MAIL ROUTE RD,HOUSTON,TX,77039
1606,11329 BISSONNET ST,HOUSTON,TX,77099
1607,4221 YELLOWSTONE BLVD,HOUSTON,TX,77021
1608,12660 BEECHNUT ST STE 180,HOUSTON,TX,77072
1609,6450 FM 1960 RD W,HOUSTON,TX,77069
1610,3149 SOUTHMORE BLVD,HOUSTON,TX,77004
1611,12850 MEMORIAL DR STE 1000,HOUSTON,TX,77024
1612,120 S WAYSIDE DR,HOUSTON,TX,77011
1613,20 N MAIN ST,KINGWOOD,TX,77339
1614,703 ST JOSEPH PKWY,HOUSTON,TX,77002
1615,105 ALDINE BENDER RD,HOUSTON,TX,77060
1616,2356 W ALABAMA ST,HOUSTON,TX,77098
1617,16633 KUYKENDAHL RD,HOUSTON,TX,77068
1618,7215 SCOTT ST,HOUSTON,TX,77021
1619,10887 S WILCREST DR,HOUSTON,TX,77099
1620,16215 STUEBNER AIRLINE RD STE 100,SPRING,TX,77379
1621,4707 IRVINGTON BLVD STE A,HOUSTON,TX,77009
1622,13442 BELLAIRE BLVD STE C,HOUSTON,TX,77083
1623,10801 WESTHEIMER RD,HOUSTON,TX,77042
1624,6631 BISSONNET ST,HOUSTON,TX,77074
1625,4547 FM 1960 RD W,HOUSTON,TX,77069
1626,1381 KINGWOOD DR,KINGWOOD,TX,77339
1627,12513B WESTHEIMER RD,HOUSTON,TX,77077
1628,404 FIDELITY ST,HOUSTON,TX,77029
1629,2008 S WAYSIDE DR STE 300,HOUSTON,TX,77023
1630,10009 LONG POINT RD STE 10009,HOUSTON,TX,77055
1631,8611 MOSLEY RD,HOUSTON,TX,77075
1632,9245 N HOUSTON ROSSLYN RD,HOUSTON,TX,77088
1633,8548 HIGHWAY 6 N,HOUSTON,TX,77095
1634,10082 LONG POINT RD,HOUSTON,TX,77055
1635,11056 AIRLINE DR,HOUSTON,TX,77037
1636,6900 FM 1960 RD E,HUMBLE,TX,77346
1637,10804 S POST OAK,HOUSTON,TX,77035
1638,4402 W SAM HOUSTON PKWY N,HOUSTON,TX,77041
1639,10290 FORUM WEST DR,HOUSTON,TX,77036
1640,10265 SCOTT ST,HOUSTON,TX,77051
1641,26270 NORTHWEST FWY,CYPRESS,TX,77429
1642,7800 AIRPORT BLVD,HOUSTON,TX,77061
1643,3501 CHIMIRA LN,HOUSTON,TX,77051
1644,705 W DALLAS ST STE A,HOUSTON,TX,77019
1645,6811 BELLFORT ST,HOUSTON,TX,77087
1646,305 TUAM ST,HOUSTON,TX,77006
1647,3331 TELEPHONE RD STE B,HOUSTON,TX,77023
1648,3870 N TERMINAL RD,HOUSTON,TX,77035
1649,1900 BLALOCK RD STE Q,HOUSTON,TX,77080
1650,5930 N FRY RD,KATY,TX,77449
1651,8927 FRY RD,CYPRESS,TX,77433
1652,7755 W BELLFORT ST,HOUSTON,TX,77071
1653,19515 ENCHANTED OAKS DR,SPRING,TX,77388
1654,20711 TUCKERTON RD,CYPRESS,TX,77433
1655,14405 FM 2100 RD STE I,CROSBY,TX,77532
1656,5560 GASMER DR,HOUSTON,TX,77035
1657,513 S ALLEN GENOA RD STE B-4,SOUTH HOUSTON,TX,77587
1658,11940 WESTHEIMER RD,HOUSTON,TX,77077
1659,13739 CEDAR POINT DR,HOUSTON,TX,77070
1660,12703 PARK FOREST DR,CYPRESS,TX,77429
1661,4740 ALDINE MAIL ROUTE RD STE C,HOUSTON,TX,77039
1662,8102 W TIDWELL RD STE A,HOUSTON,TX,77040
1663,570 MAXEY RD,HOUSTON,TX,77013
1664,8721 JENSEN DR STE H,HOUSTON,TX,77093
1665,4900 GARTH RD,BAYTOWN,TX,77521
1666,609 W GRAY ST STE B,HOUSTON,TX,77019
1667,11503 BELLAIRE BLVD,HOUSTON,TX,77072
1668,7045 BELLFORT ST,HOUSTON,TX,77087
1669,1912 W 18TH ST,HOUSTON,TX,77008
1670,7800 AIRPORT BLVD,HOUSTON,TX,77061
1671,11506 HAVILAND ST,HOUSTON,TX,77035
1672,8440 BISSONNET ST,HOUSTON,TX,77074
1673,10900 KINGSPOINT RD STE 9,HOUSTON,TX,77075
1674,510 PARK ST,BAYTOWN,TX,77520
1675,11575 BISSONNET ST,HOUSTON,TX,77099
1676,1103 LATHROP ST STE A,HOUSTON,TX,77020
1677,3315 MANGUM RD STE B,HOUSTON,TX,77092
1678,2102 MCCARTY ST,HOUSTON,TX,77029
1679,8000 HARWIN DR STE 200,HOUSTON,TX,77036
1680,9541 MESA DR,HOUSTON,TX,77078
1681,2112 HOLLY HALL ST,HOUSTON,TX,77054
1682,25115 GOSLING RD,SPRING,TX,77389
1683,904 ST EMANUEL ST,HOUSTON,TX,77003
1684,6817 HOMESTEAD RD STE B,HOUSTON,TX,77028
1685,2638 BISSONNET ST,HOUSTON,TX,77005
1686,7721 BELLFORT ST,HOUSTON,TX,77061
1687,1202 WAYSIDE DR,HOUSTON,TX,77011
1688,4505 KINGWOOD DR # 180,KINGWOOD,TX,77345
1689,7050 LAWNDALE ST,HOUSTON,TX,77023
1690,21802 TOWNSEN BLVD W STE A,HUMBLE,TX,77338
1691,2919 FM 1960 RD STE 110,HOUSTON,TX,77073
1692,1550 FRY RD,HOUSTON,TX,77084
1693,16271 IMPERIAL VALLEY DR,HOUSTON,TX,77060
1694,11311 HOMESTEAD RD,HOUSTON,TX,77016
1695,28550 HIGHWAY 290,CYPRESS,TX,77433
1696,1850 WIRT RD # A,HOUSTON,TX,77055
1697,3050 POST OAK BLVD STE 510,HOUSTON,TX,77056
1698,17414 NORTHWEST FWY,JERSEY VILLAGE,TX,77040
1699,7031 FM 1960 RD W STE D,HUMBLE,TX,77338
1700,3642 UNIVERSITY BLVD,HOUSTON,TX,77005
1701,4466 HIGHWAY 6 N,HOUSTON,TX,77084
1702,2680 HIGHWAY 6 S,HOUSTON,TX,77082
1703,9903 N HOUSTON ROSSLYN RD,HOUSTON,TX,77088
1704,5851 SCOTT ST STE A,HOUSTON,TX,77021
1705,401 E LITTLE YORK RD,HOUSTON,TX,77076
1706,16928 HIGHWAY 3,WEBSTER,TX,77598
1707,1701 W ALABAMA ST,HOUSTON,TX,77098
1708,5930 VALKEITH DR,HOUSTON,TX,77096
1709,20131 HIGHWAY 59 N STE 6500,HUMBLE,TX,77338
1710,11423 VETERANS MEMORIAL DR STE 103,HOUSTON,TX,77067
1711,7950 FM 1960 RD W,HOUSTON,TX,77070
1712,15014 SPRING CYPRESS RD UNIT 145,CYPRESS,TX,77429
1713,1802 WIRT RD STE C,HOUSTON,TX,77055
1714,6531 W 43RD ST,HOUSTON,TX,77092
1715,12901 QUEENSBURY LN,HOUSTON,TX,77079
1716,502 S ALLEN GENOA RD STE A,SOUTH HOUSTON,TX,77587
1717,1514 N MAIN ST,HIGHLANDS,TX,77562
1718,12201 EAST FWY,HOUSTON,TX,77015
1719,4510 GARTH RD,BAYTOWN,TX,77521
1720,3303 SAGE RD STE 100,HOUSTON,TX,77056
1721,13742 N ELDRIDGE PKWY,CYPRESS,TX,77429
1722,3929 KINGWOOD DR,KINGWOOD,TX,77339
1723,8500 ALMEDA GENOA RD STE 101,HOUSTON,TX,77075
1724,4202 TELEPHONE RD,HOUSTON,TX,77087
1725,10590 FUQUA ST,HOUSTON,TX,77089
1726,11101 FUQUA ST,HOUSTON,TX,77089
1727,14555 MEMORIAL DR STE 300,HOUSTON,TX,77079
1728,23645 KATY FWY,KATY,TX,77494
1729,11655 VETERANS MEMORIAL DR,HOUSTON,TX,77067
1730,3201 N MACGREGOR WAY,HOUSTON,TX,77004
1731,12669 VETERANS MEMORIAL DR,HOUSTON,TX,77014
1732,3301 LOUETTA RD STE 101,SPRING,TX,77388
1733,12450 BISSONNET ST STE 190,HOUSTON,TX,77099
1734,9010 BEECHNUT ST,HOUSTON,TX,77036
1735,9440 SHADY DR STE A,HOUSTON,TX,77016
1736,9559 JONES RD,HOUSTON,TX,77065
1737,9275 RICHMOND AVE STE 168,HOUSTON,TX,77063
1738,2508 W MOUNT HOUSTON RD STE G,HOUSTON,TX,77038
1739,10475 VETERANS MEMORIAL DR,HOUSTON,TX,77038
1740,4231 COOK RD,HOUSTON,TX,77072
1741,17420 FIFE LN,WEBSTER,TX,77598
1742,4941 ANTOINE DR,HOUSTON,TX,77092
1743,2133 S MASON RD,KATY,TX,77450
1744,7766 W BELLFORT ST,HOUSTON,TX,77071
1745,3700 S SHAVER ST,SOUTH HOUSTON,TX,77587
1746,5708 S GESSNER RD,HOUSTON,TX,77036
1747,10002 ROCKY HOLLOW RD,LA PORTE,TX,77571
1748,5601 SOUTHWEST FWY,HOUSTON,TX,77057
1749,10109 BISSONNET ST STE A,HOUSTON,TX,77036
1750,10490 W BELLFORT ST,HOUSTON,TX,77031
1751,10675 HUFFMEISTER RD STE 100,HOUSTON,TX,77065
1752,4122 FAIRMONT PKWY,PASADENA,TX,77504
1753,11214 BEECHNUT ST,HOUSTON,TX,77072
1754,13110 CROSBY LYNCHBURG RD,CROSBY,TX,77532
1755,3809 SHAVER ST STE 130,PASADENA,TX,77504
1756,1420 KINGWOOD DR,KINGWOOD,TX,77339
1757,6224 SPRING CYPRESS RD STE 112,SPRING,TX,77379
1758,6060 N FRY RD,KATY,TX,77449
1759,17146 FEATHERCRAFT LN,WEBSTER,TX,77598
1760,11108 BENTLEY ST,HOUSTON,TX,77093
1761,2301 MAIN ST,SOUTH HOUSTON,TX,77587
1762,12680 W LAKE HOUSTON PKWY,ATASCOCITA,TX,77044
1763,2528 CALUMET ST,HOUSTON,TX,77004
1764,5124 PERSHING ST,HOUSTON,TX,77033
1765,3316 LYONS AVE,HOUSTON,TX,77020
1766,5757 FAIRMONT PKWY,PASADENA,TX,77505
1767,16272 IMPERIAL VALLEY DR STE G,HOUSTON,TX,77060
1768,11205 BELLAIRE BLVD STE A,HOUSTON,TX,77072
1769,7610 OFFICE CITY DR STE B,HOUSTON,TX,77012
1770,18611 EASTFIELD DR,WEBSTER,TX,77598
1771,6251 E CROSSTIMBERS ST,HOUSTON,TX,77028
1772,2903 WOODRIDGE DR STE 300,HOUSTON,TX,77087
1773,8270 WILLOW PLACE DR N STE 150,HOUSTON,TX,77070
1774,13519 BAMMEL NORTH HOUSTON RD,HOUSTON,TX,77066
1775,5130 BELLAIRE BLVD,BELLAIRE,TX,77401
1776,1703 W LITTLE YORK RD,HOUSTON,TX,77091
1777,2833 GULF CREEK DR STE A2,HOUSTON,TX,77012
1778,3501 CLEAR LAKE CITY BLVD,HOUSTON,TX,77059
1779,303 MEMORIAL CITY,HOUSTON,TX,77024
1780,6203 BELLAIRE BLVD,HOUSTON,TX,77081
1781,5405 S RICE AVE,HOUSTON,TX,77081
1782,139 LITTLE YORK RD,HOUSTON,TX,77076
1783,6801 FM 1960 RD W,HOUSTON,TX,77069
1784,2700 KIRKWOOD ROAD,HOUSTON,TX,77077
1785,11503 MOONGLOW DR,HOUSTON,TX,77038
1786,7985 BELLFORT ST STE 102,HOUSTON,TX,77061
1787,9828 BLACKHAWK BLVD,HOUSTON,TX,77075
1788,1932 FOUNTAIN VIEW DR,HOUSTON,TX,77057
1789,13650 WALTERS RD STE E,HOUSTON,TX,77014
1790,9819 BISSONNET ST STE I,HOUSTON,TX,77036
1791,24826 MORTON RANCH RD STE 200,KATY,TX,77493
1792,2314 W HOLCOMBE BLVD,HOUSTON,TX,77030
1793,20622 INTERSTATE 45 STE A,SPRING,TX,77373
1794,6500 SPENCER HWY,PASADENA,TX,77505
1795,3726 SCOTT ST,HOUSTON,TX,77004
1796,17118 W LITTLE YORK RD STE 109,HOUSTON,TX,77084
1797,6424 CYPRESS CREEK PKWY,HOUSTON,TX,77069
1798,10516 TELEPHONE RD,HOUSTON,TX,77075
1799,6210 FAIRMONT PKWY,PASADENA,TX,77505
1800,13505 NORTHWEST FWY,HOUSTON,TX,77040
1801,2620 JOANEL ST,HOUSTON,TX,77027
1802,12098 VETERANS MEMORIAL DR,HOUSTON,TX,77067
1803,1904 EL MAR LN STE C,SEABROOK,TX,77586
1804,23221 ALDINE WESTFIELD RD STE L,SPRING,TX,77373
1805,13940 BAMMEL NORTH HOUSTON RD STE 201,HOUSTON,TX,77066
1806,4003 KELLEY ST STE A,HOUSTON,TX,77026
1807,8230 LONG POINT RD,HOUSTON,TX,77055
1808,2000 ALLEN GENOA RD STE 100,HOUSTON,TX,77017
1809,1590 WILLOWBROOK MALL,HOUSTON,TX,77070
1810,3533 S DAIRY ASHFORD RD STE A,HOUSTON,TX,77082
1811,13730 CYPRESS NORTH HOUSTON RD,CYPRESS,TX,77429
1812,9979 BEECHNUT ST STE D,HOUSTON,TX,77036
1813,6060 VICTORY DR,HOUSTON,TX,77088
1814,5219 FM 1960 RD W,HOUSTON,TX,77069
1815,760 W GULF BANK RD,HOUSTON,TX,77088
1816,7407 SPENCER HWY STE 160,PASADENA,TX,77505
1817,720 FANNIN ST,HOUSTON,TX,77002
1818,4024 NASA PKWY,EL LAGO,TX,77586
1819,6855 HIGHWAY 6 S STE A,HOUSTON,TX,77083
1820,5920 HIGHWAY 6 N STE 1001,HOUSTON,TX,77084
1821,4003 RUSTIC WOODS DR STE C,KINGWOOD,TX,77339
1822,22944 IMPERIAL VALLEY DR,HOUSTON,TX,77073
1823,2165 NORTHPARK DR,KINGWOOD,TX,77339
1824,8830 CLAY RD,HOUSTON,TX,77080
1825,6965 HARWIN DR # 152,HOUSTON,TX,77036
1826,3938 N SHEPHERD DR,HOUSTON,TX,77018
1827,18611 EASTFIELD DR,WEBSTER,TX,77598
1828,9908 BEECHNUT ST STE G,HOUSTON,TX,77036
1829,10750 WESTVIEW DR,HOUSTON,TX,77043
1830,1720 PINKY WAY,HOUSTON,TX,77015
1831,1295 PINEMONT DR,HOUSTON,TX,77018
1832,10927 LOUETTA RD STE 190,HOUSTON,TX,77070
1833,9251 JONES RD,HOUSTON,TX,77065
1834,14237 E SAM HOUSTON PKWY N STE 300,HOUSTON,TX,77044
1835,677 ALDINE MAIL ROUTE RD,HOUSTON,TX,77037
1836,22603 MORTON RANCH RD STE 160,KATY,TX,77449
1837,6440 W 43RD ST STE E,HOUSTON,TX,77092
1838,9222 RICHMOND AVE,HOUSTON,TX,77063
1839,16902 TUCKERTON RD STE A,HOUSTON,TX,77095
1840,7001 LONG DR,HOUSTON,TX,77087
1841,1418 GEARS RD,HOUSTON,TX,77067
1842,1665 S VOSS RD,HOUSTON,TX,77057
1843,4818 IRVINGTON BLVD,HOUSTON,TX,77009
1844,5526 WASHINGTON AVE,HOUSTON,TX,77007
1845,8401 WESTHEIMER RD STE 105,HOUSTON,TX,77063
1846,1727 BERRY RD,HOUSTON,TX,77093
1847,7640 CLAREWOOD DR,HOUSTON,TX,77036
1848,701 HOLLAND AVE,GALENA PARK,TX,77547
1849,8501 LONG POINT RD STE E,HOUSTON,TX,77055
1850,1200 MCKINNEY ST STE 545,HOUSTON,TX,77010
1851,14101 GRANT RD,CYPRESS,TX,77429
1852,2014 CLINTON DR,GALENA PARK,TX,77547
1853,20323 FM 529 RD STE 180,CYPRESS,TX,77433
1854,5665 BEECHNUT ST,HOUSTON,TX,77096
1855,17996 FM 529 RD,HOUSTON,TX,77095
1856,5305 HIGHWAY BLVD,KATY,TX,77494
1857,12675 FONDREN RD,HOUSTON,TX,77035
1858,6117 WILCREST DR,HOUSTON,TX,77072
1859,3907 BLUE GRAMA GRASS DR,HOUSTON,TX,77084
1860,8502 VAN HUT LN,HOUSTON,TX,77044
1861,2818 FAY ST,HOUSTON,TX,77023
1862,18322 CLAY RD,HOUSTON,TX,77084
1863,5170 ALDINE MAIL ROUTE RD,HOUSTON,TX,77039
1864,24417 KATY FWY,KATY,TX,77494
1865,14202 S POST OAK RD,HOUSTON,TX,77045
1866,9947 HARWIN DR STE I,HOUSTON,TX,77036
1867,3603 GREENHOUSE RD STE D,HOUSTON,TX,77084
1868,605 RICHEY ST,PASADENA,TX,77506
1869,13484 NORTHWEST FWY,HOUSTON,TX,77040
1870,13210 BISSONNET ST,HOUSTON,TX,77083
1871,5415 FM 1960 RD E,HUMBLE,TX,77346
1872,6371 WINDSWEPT LN,HOUSTON,TX,77057
1873,5650 ANTOINE DR,HOUSTON,TX,77091
1874,5720 BELLAIRE BLVD,HOUSTON,TX,77081
1875,11815 WESTHEIMER RD,HOUSTON,TX,77077
1876,7074 BISSONNET ST,HOUSTON,TX,77074
1877,15825 BELLAIRE BLVD STE A,HOUSTON,TX,77083
1878,534 WAUGH DR,HOUSTON,TX,77019
1879,1508 HOUSTON BLVD,SOUTH HOUSTON,TX,77587
1880,16251 S POST OAK RD,HOUSTON,TX,77053
1881,10330 BLACKHAWK BLVD,HOUSTON,TX,77089
1882,1901 ALLEN GENOA RD STE 170,PASADENA,TX,77502
1883,11730 SPRING CYPRESS RD STE 4,TOMBALL,TX,77377
1884,6455 WESTHEIMER RD,HOUSTON,TX,77057
1885,707 SHAVER ST,PASADENA,TX,77506
1886,111 COPPERSMITH DR,KATY,TX,77450
1887,13902 ALMEDA RD,HOUSTON,TX,77053
1888,6507 MINOLA ST UNIT B,HOUSTON,TX,77007
1889,125 E EDGEBROOK DR STE A,HOUSTON,TX,77034
1890,104 TIDWELL RD STE C,HOUSTON,TX,77022
1891,5700 W LITTLE YORK RD,HOUSTON,TX,77091
1892,15635 ALDINE WESTFIELD RD,HOUSTON,TX,77032
1893,4717 TELEPHONE RD,HOUSTON,TX,77087
1894,11810 BELLAIRE BLVD STE B,HOUSTON,TX,77072
1895,916B W 23RD ST,HOUSTON,TX,77008
1896,2201 DALLAS ST,HOUSTON,TX,77003
1897,9210 W MONTGOMERY RD,HOUSTON,TX,77088
1898,24814 KUYKENDAHL RD STE 130,TOMBALL,TX,77375
1899,24310 BAR KAY LN,HOCKLEY,TX,77447
1900,12831 WESTHEIMER RD,HOUSTON,TX,77077
1901,10804 S GESSNER RD,HOUSTON,TX,77071
1902,20906 FAIR WALNUT WAY APT D,KATY,TX,77449
1903,1438 W GULF BANK RD,HOUSTON,TX,77088
1904,7203 ATASCOCITA RD STE E,HUMBLE,TX,77346
1905,3940 N MCCARTY ST,HOUSTON,TX,77013
1906,2331 LITTLE YORK RD,HOUSTON,TX,77093
1907,20903 HIGHLAND KNOLLS DR BLDG A,KATY,TX,77450
1908,857 W TIDWELL RD,HOUSTON,TX,77091
1909,9198 BELLAIRE BLVD STE B,HOUSTON,TX,77036
1910,6510 WESTON ST,HOUSTON,TX,77021
1911,7985 BELLFORT ST,HOUSTON,TX,77061
1912,16212 LOCH KATRINE LN STE AB,HOUSTON,TX,77084
1913,5818 MEMORIAL DR,HOUSTON,TX,77007
1914,11203 BEECHNUT ST,HOUSTON,TX,77072
1915,3111 WOODRIDGE DR STE 500,HOUSTON,TX,77087
1916,6362 WINDSWEPT LN,HOUSTON,TX,77057
1917,9740 BARKER CYPRESS RD,CYPRESS,TX,77433
1918,3618 OLD SPANISH TRL,HOUSTON,TX,77021
1919,8020 FAIRBANKS N HOUSTON RD STE D,HOUSTON,TX,77064
1920,17754 FM 529 RD,HOUSTON,TX,77095
1921,9415 FAIRDALE LN,HOUSTON,TX,77063
1922,2104 BAY AREA BLVD,HOUSTON,TX,77058
1923,2121 N MAIN ST STE B,HOUSTON,TX,77009
1924,4800 W BELLFORT ST,HOUSTON,TX,77035
1925,8403 ALMEDA RD STE B,HOUSTON,TX,77054
1926,7055 HIGHWAY 6 N STE B,HOUSTON,TX,77095
1927,11990 WESTHEIMER RD,HOUSTON,TX,77077
1928,29300 HIGHWAY 290,CYPRESS,TX,77433
1929,6050 S GESSNER DR,HOUSTON,TX,77036
1930,5820 FM 1960 RD E,HUMBLE,TX,77346
1931,13215 GRANT RD STE 1800,CYPRESS,TX,77429
1932,11550 LOUETTA RD STE 300,HOUSTON,TX,77070
1933,1419 WILCREST DR,HOUSTON,TX,77042
1934,13411 BEALL WOODS LN,HUMBLE,TX,77346
1935,111 YALE ST,HOUSTON,TX,77007
1936,13521 TORREY FOREST DR,HOUSTON,TX,77014
1937,5607 UVALDE RD,HOUSTON,TX,77049
1938,11911 MEADOW HAWK DR,HOUSTON,TX,77089
1939,10853 KIRKFAIR DR,HOUSTON,TX,77089
1940,11111 W HARDY RD # A,HOUSTON,TX,77076
1941,3831 W GRAND PKWY N,KATY,TX,77449
1942,19325 GULF FWY STE 140,WEBSTER,TX,77598
1943,8190 BARKER CYPRESS RD STE 1000,CYPRESS,TX,77433
1944,13526 TIDWELL RD STE 350,HOUSTON,TX,77044
1945,11707 S SAM HOUSTON PKWY W STE B,HOUSTON,TX,77031
1946,7235 HILLCROFT ST,HOUSTON,TX,77081
1947,2910 ANTOINE DR,HOUSTON,TX,77092
1948,19310 W LITTLE YORK RD STE C,KATY,TX,77449
1949,6348 TELEPHONE RD,HOUSTON,TX,77087
1950,4623 FM 2920 RD STE 100,SPRING,TX,77388
1951,10031 FM 1960 BYPASS RD W,HUMBLE,TX,77338
1952,1201 W PASADENA FWY,PASADENA,TX,77506
1953,2009 POLK ST,HOUSTON,TX,77003
1954,9803 S KIRKWOOD RD,HOUSTON,TX,77099
1955,2470 HIGHWAY 6 S,HOUSTON,TX,77077
1956,20153 FM 2920 RD STE B1,TOMBALL,TX,77377
1957,11727 CROSBY LYNCHBURG RD,CROSBY,TX,77532
1958,14519 CULLEN BLVD STE A,HOUSTON,TX,77047
1959,23053 CLAY RD STE 500,KATY,TX,77493
1960,1201 SOUTH ST,PASADENA,TX,77503
1961,6750 HILLCROFT ST,HOUSTON,TX,77081
1962,130 HEIGHTS BLVD,HOUSTON,TX,77007
1963,5411 MORNINGSIDE DR,HOUSTON,TX,77005
1964,4005 HOLLISTER ST,HOUSTON,TX,77080
1965,11616 BEAMER RD,HOUSTON,TX,77089
1966,15605 ALDINE WESTFIELD RD,HOUSTON,TX,77032
1967,13442 BELLAIRE BLVD STE C-1,HOUSTON,TX,77083
1968,19931 FM 2920 RD,TOMBALL,TX,77377
1969,202 UVALDE RD,HOUSTON,TX,77015
1970,5515 KIRBY DR,HOUSTON,TX,77005
1971,5710 BELLAIRE BLVD STE A,HOUSTON,TX,77081
1972,9347 RICHMOND AVE,HOUSTON,TX,77063
1973,5502 FRY RD STE C,KATY,TX,77449
1974,900 GESSNER RD,HOUSTON,TX,77024
1975,3175 W HOLCOMBE BLVD,HOUSTON,TX,77025
1976,8327 DAYCOACH LN,HOUSTON,TX,77064
1977,10612 S KIRKWOOD RD,HOUSTON,TX,77099
1978,21515 TOMBALL PKWY,HOUSTON,TX,77070
1979,10103 FONDREN RD STE 118,HOUSTON,TX,77096
1980,531 E PARKER RD STE C,HOUSTON,TX,77076
1981,20424 KATY FREEWAY,KATY,TX,77449
1982,8546 BROADWAY ST,HOUSTON,TX,77061
1983,3014 SCOTT ST,HOUSTON,TX,77004
1984,3617 MOONEY RD,HOUSTON,TX,77093
1985,24211 KUYKENDAHL RD STE 100,TOMBALL,TX,77375
1986,8261 RICHMOND AVE STE K,HOUSTON,TX,77063
1987,12010 BAMMEL NORTH HOUSTON RD,HOUSTON,TX,77066
1988,7008 WOODRIDGE DR,HOUSTON,TX,77087
1989,30010 FM 2920 RD,WALLER,TX,77484
1990,10096 S GESSNER DR,HOUSTON,TX,77071
1991,9820 GULF FWY,HOUSTON,TX,77034
1992,13925 CYPRESS NORTH HOUSTON RD STE 200,CYPRESS,TX,77429
1993,505 N SAM HOUSTON PKWY E STE 515,HOUSTON,TX,77060
1994,702 MEMORIAL CITY,HOUSTON,TX,77024
1995,203 E LITTLE YORK RD STE B,HOUSTON,TX,77076
1996,520 W BAY AREA BLVD,WEBSTER,TX,77598
1997,6649 HARRISBURG BLVD,HOUSTON,TX,77011
1998,9002 SPENCER HWY,LA PORTE,TX,77571
1999,224 N MAIN ST,HIGHLANDS,TX,77562
2000,6401 WOODWAY DR STE 149,HOUSTON,TX,77057
2001,5728 TIDWELL RD,HOUSTON,TX,77016
2002,19335 KATY FWY STE 200,HOUSTON,TX,77094
2003,2020 S FRY RD STE G,KATY,TX,77450
2004,7017 BARKER CYPRESS RD,CYPRESS,TX,77433
2005,220 N VISTA DR STE A,HOUSTON,TX,77073
2006,14610 MEMORIAL DR,HOUSTON,TX,77079
2007,9405 MAIN ST,HOUSTON,TX,77025
2008,19410 CLAY RD STE K,KATY,TX,77449
2009,1410 PINE CHASE DR,HOUSTON,TX,77055
2010,7802 HILLCROFT ST,HOUSTON,TX,77081
2011,617 SPRING CYPRESS RD,SPRING,TX,77373
2012,12136 GREENSPOINT DR,HOUSTON,TX,77060
2013,14710 LUTHE RD,HOUSTON,TX,77039
2014,1315 BLUE BELL RD,HOUSTON,TX,77038
2015,11340 BARKER CYPRESS RD STE 100,CYPRESS,TX,77433
2016,12450 BISSONNET ST STE 190,HOUSTON,TX,77099
2017,19803 KENSWICK DR,HUMBLE,TX,77338
2018,984 GESSNER RD,HOUSTON,TX,77024
2019,10470 W BELLFORT ST STE 101,HOUSTON,TX,77031
2020,3061 FRY RD,KATY,TX,77449
2021,1302 BLALOCK RD,HOUSTON,TX,77055
2022,24916 FM 2978 RD,TOMBALL,TX,77375
2023,11315 CASCADING STREAM WAY,HOUSTON,TX,77044
2024,8306 SOUTHWEST FWY,HOUSTON,TX,77074
2025,500 BAYBROOK MALL,FRIENDSWOOD,TX,77546
2026,13221 OLD RICHMOND RD,HOUSTON,TX,77083
2027,5231 FM 2920 RD STE 160,SPRING,TX,77388
2028,7042 HARRISBURG BLVD,HOUSTON,TX,77011
2029,2800 REED RD,HOUSTON,TX,77051
2030,17966 ROBERTS RD,HOCKLEY,TX,77447
2031,218 W CAVALCADE ST,HOUSTON,TX,77009
2032,634 FM 1959 RD,HOUSTON,TX,77034
2033,14625 MEMORIAL DR,HOUSTON,TX,77079
2034,14660 WALLISVILLE RD,HOUSTON,TX,77049
2035,17350 STATE HIGHWAY 249 APT 28096,HOUSTON,TX,77064
2036,1801 S DAIRY ASHFORD RD STE 116,HOUSTON,TX,77077
2037,11711 BEDFORD ST STE 6,HOUSTON,TX,77031
2038,3344 CHIMNEY ROCK RD,HOUSTON,TX,77056
2039,5620 E SAM HOUSTON PKWY N,HOUSTON,TX,77015
2040,4103 N MAIN ST,HOUSTON,TX,77009
2041,7620 KATY FWY STE 315,HOUSTON,TX,77024
2042,13102 CREEKVIEW PARK DR,HOUSTON,TX,77082
2043,14423 SPRING MOUNTAIN DR,TOMBALL,TX,77377
2044,212 N BENDER AVE,HUMBLE,TX,77338
2045,1210 WEST RD,HOUSTON,TX,77038
2046,9629 HILLCROFT ST,HOUSTON,TX,77096
2047,5145 PRESTON AVE # 150,PASADENA,TX,77505
2048,520 GULF BANK RD TRLR 250,HOUSTON,TX,77037
2049,3201 N MACGREGOR WAY,HOUSTON,TX,77004
2050,5750 W GULF BANK RD,HOUSTON,TX,77088
2051,6006 S GESSNER DR,HOUSTON,TX,77036
2052,9335 HOWARD DR,HOUSTON,TX,77017
2053,3663 WASHINGTON AVE STE 100,HOUSTON,TX,77007
2054,3700 N TERMINAL RD UNIT USHL,HOUSTON,TX,77032
2055,24026 KUYKENDAHL RD STE 150,TOMBALL,TX,77375
2056,6215 RICHMOND AVE,HOUSTON,TX,77057
2057,4303 KINGWOOD DR,HUMBLE,TX,77339
2058,8640 W RAYFORD RD STE 140,SPRING,TX,77389
2059,5222 BARKER CYPRESS RD STE 120,HOUSTON,TX,77084
2060,1033 BAY AREA BLVD,HOUSTON,TX,77058
2061,12943 STATE HIGHWAY 249,HOUSTON,TX,77086
2062,9807 KATY FWY,HOUSTON,TX,77024
2063,7640 AIRLINE DR # 1,HOUSTON,TX,77037
2064,527 SHELDON RD STE B,CHANNELVIEW,TX,77530
2065,122 N HOLDERRIETH BLVD UNIT 1261,TOMBALL,TX,77375
2066,12843 WESTHEIMER RD STE C,HOUSTON,TX,77077
2067,6036 S GESSNER DR,HOUSTON,TX,77036
2068,13383 GRANADA ST,HOUSTON,TX,77015
2069,8621 W AIRPORT BLVD STE D,HOUSTON,TX,77071
2070,16607 CACTUS BLOSSOM TRL,CYPRESS,TX,77433
2071,4 MAXEY RD,HOUSTON,TX,77013
2072,20423 KUYKENDAHL RD STE 300,SPRING,TX,77379
2073,13003 STATE HIGHWAY 249,HOUSTON,TX,77086
2074,22626 IMPERIAL VALLEY DR,HOUSTON,TX,77073
2075,3301 LEE ST,HOUSTON,TX,77026
2076,5420 HIGHWAY 6 N,HOUSTON,TX,77084
2077,4904 W BELLFORT ST,HOUSTON,TX,77035
2078,3110 HILLCROFT ST,HOUSTON,TX,77057
2079,15216 S POST OAK RD,HOUSTON,TX,77053
2080,2504 SOUTHMORE AVE,PASADENA,TX,77502
2081,11302 HUFFMEISTER RD,HOUSTON,TX,77065
2082,2520 AIRLINE DR BLDG G,HOUSTON,TX,77009
2083,2322B LITTLE YORK RD,HOUSTON,TX,77093
2084,11130 GULF FWY STE 500,HOUSTON,TX,77034
2085,19717 HIGHWAY 59 N,HUMBLE,TX,77338
2086,102 S ALLEN GENOA RD STE A,SOUTH HOUSTON,TX,77587
2087,3117 FOREST OAKS BLVD,HOUSTON,TX,77017
2088,1950 FRY RD,HOUSTON,TX,77084
2089,5222 BRITTMOORE RD,HOUSTON,TX,77041
2090,7711 RED ROBIN LN,HOUSTON,TX,77075
2091,7603 MARTIN LUTHER KING BLVD STE B,HOUSTON,TX,77033
2092,5586 WESLAYAN ST,HOUSTON,TX,77005
2093,6102 BISSONNET ST STE A,HOUSTON,TX,77081
2094,5720 BELLAIRE BLVD STE K,HOUSTON,TX,77081
2095,303 BAYLAND AVE,HOUSTON,TX,77009
2096,3111 WOODRIDGE STE 500,HOUSTON,TX,77087
2097,3910 LOUETTA RD STE G,SPRING,TX,77388
2098,12680 W LAKE HOUSTON PKWY,HOUSTON,TX,77044
2099,19507 INTERSTATE 45,SPRING,TX,77388
2100,225 W CANINO RD,HOUSTON,TX,77037
2101,227 TIDWELL RD,HOUSTON,TX,77022
2102,7202 WINDFERN RD,HOUSTON,TX,77040
2103,4800 W BELLFORT ST,HOUSTON,TX,77035
2104,1742 W MOUNT HOUSTON RD,HOUSTON,TX,77038
2105,10505 W FAIRMONT PKWY,LA PORTE,TX,77571
2106,2470 S DAIRY ASHFORD RD STE 811,HOUSTON,TX,77077
2107,10064 ALMEDA GENOA RD,HOUSTON,TX,77075
2108,10092 VETERANS MEMORIAL DR STE M,HOUSTON,TX,77038
2109,5249 FRANZ RD,KATY,TX,77493
2110,10555 WESTHEIMER RD STE F,HOUSTON,TX,77042
2111,13314 WESTHEIMER RD,HOUSTON,TX,77077
2112,3126 FM 528 RD,WEBSTER,TX,77598
2113,3421 SAMPSON ST,HOUSTON,TX,77004
2114,5319 CYPRESS ST,PASADENA,TX,77503
2115,11435 HALL RD,HOUSTON,TX,77089
2116,13310 CULLEN BLVD # F,HOUSTON,TX,77047
2117,3663 WASHINGTON AVE STE 100,HOUSTON,TX,77007
2118,909 TEXAS ST UNIT 1015,HOUSTON,TX,77002
2119,10705 WESTHEIMER RD STE C,HOUSTON,TX,77042
2120,9002 CHESWICK DR,HOUSTON,TX,77037
2121,2719 S RICHEY ST,HOUSTON,TX,77017
2122,24924 MORTON RANCH RD,KATY,TX,77493
2123,811 S MASON RD # 158,KATY,TX,77450
2124,210 W GREENS RD STE A,HOUSTON,TX,77067
2125,7313 HILLCROFT ST,HOUSTON,TX,77081
2126,11514 HIGHLAND MEADOW DR,HOUSTON,TX,77089
2127,14130 FM 2100 RD,CROSBY,TX,77532
2128,4351 TULIP OAK DR,HOUSTON,TX,77068
2129,128 E PARKER RD,HOUSTON,TX,77076
2130,2711 N MAIN ST,BAYTOWN,TX,77521
2131,5001 TREASCHWIG RD STE A,SPRING,TX,77373
2132,13159 NORTHWEST FWY,HOUSTON,TX,77040
2133,101 W SOUTHMORE AVE,PASADENA,TX,77502
2134,24307 ALDINE WESTFIELD RD STE 1,SPRING,TX,77373
2135,3511 HILLCROFT ST,HOUSTON,TX,77057
2136,19416 PARK ROW STE 100,HOUSTON,TX,77084
2137,3502 LYDIA ST,HOUSTON,TX,77021
2138,8702 TELEPHONE RD,HOUSTON,TX,77061
2139,4811 BELLFORT ST,HOUSTON,TX,77033
2140,7590 FALLBROOK DR STE 5,HOUSTON,TX,77086
2141,17225 CROSBY FWY,HOUSTON,TX,77049
2142,707 N SHEPHERD DR STE 500,HOUSTON,TX,77007
2143,10218 WESTHEIMER RD STE D&E,HOUSTON,TX,77042
2144,1360 W 43RD ST,HOUSTON,TX,77018
2145,22165 FM 529 RD,KATY,TX,77493
2146,8420 S SAM HOUSTON PKWY W STE 110,HOUSTON,TX,77085
2147,11900 VETERANS MEMORIAL DR,HOUSTON,TX,77067
2148,11226 AIRLINE DR,HOUSTON,TX,77037
2149,4627 N HIGHWAY 146 STE B,BAYTOWN,TX,77520
2150,1640 S MASON RD,KATY,TX,77450
2151,822 W LITTLE YORK RD STE 4,HOUSTON,TX,77091
2152,20300 FRANZ RD,KATY,TX,77449
2153,2902 ALMEDA GENOA RD STE B-4,HOUSTON,TX,77047
2154,2330 S SHEPHERD DR,HOUSTON,TX,77019
2155,10165 N ELDRIDGE PKWY STE A,HOUSTON,TX,77065
2156,22850 MORTON RANCH RD,KATY,TX,77449
2157,5251 FM 2920 RD,SPRING,TX,77388
2158,4025 HIGHWAY 6 N STE 105A,HOUSTON,TX,77084
2159,2646 S SHEPHERD DR,HOUSTON,TX,77098
2160,4914 1/2 LOCKWOOD DR,HOUSTON,TX,77026
2161,5919 S GESSNER RD,HOUSTON,TX,77036
2162,22750 MORTON RANCH RD,KATY,TX,77449
2163,10601 MARTIN LUTHER KING BLVD,HOUSTON,TX,77048
2164,426 CROSSTIMBERS ST,HOUSTON,TX,77022
2165,6927 FM 1960 RD W STE F,HOUSTON,TX,77069
2166,9393 BELLAIRE BLVD STE G,HOUSTON,TX,77036
2167,7784 FAIRBANKS N HOUSTON RD,HOUSTON,TX,77040
2168,25720 KUYKENDAHL RD STE 120,TOMBALL,TX,77375
2169,9939 BESSEMER ST STE A,HOUSTON,TX,77034
2170,6065 BISSONNET ST,HOUSTON,TX,77081
2171,11617 KATY FWY STE A,HOUSTON,TX,77079
2172,5805 PINEMONT DR,HOUSTON,TX,77092
2173,5108 SPRUCE ST,BELLAIRE,TX,77401
2174,10810 CHEEVES DR STE 100,HOUSTON,TX,77016
2175,10810 S POST OAK RD,HOUSTON,TX,77035
2176,3906 PINEMONT DR,HOUSTON,TX,77018
2177,5104 HARRISBURG BLVD,HOUSTON,TX,77011
2178,24910 KUYKENDAHL RD STE H,TOMBALL,TX,77375
2179,8614 MEMORIAL DR,HOUSTON,TX,77024
2180,10420 EASTEX FWY,HOUSTON,TX,77093
2181,6830 WALLISVILLE RD,HOUSTON,TX,77020
2182,503 ILLINOIS ST,SOUTH HOUSTON,TX,77587
2183,8998 WILL CLAYTON PKWY,HUMBLE,TX,77338
2184,303 MEMORIAL CITY STE 292,HOUSTON,TX,77024
2185,8102 BRINKWORTH LN,HOUSTON,TX,77070
2186,8500 MAIN ST,HOUSTON,TX,77025
2187,1131 UPTOWN PARK BLVD STE 8,HOUSTON,TX,77056
2188,503 W NASA RD 1 STE 300,WEBSTER,TX,77598
2189,2403 BAYAREA BLVD,HOUSTON,TX,77058
2190,3708 EMANCIPATION AVE,HOUSTON,TX,77004
2191,6037 FRY RD STE 138,KATY,TX,77449
2192,5103 FM 1960 RD E,HUMBLE,TX,77346
2193,9235 N SAM HOUSTON PKWY E,HUMBLE,TX,77396
2194,105 KENNINGS RD STE 15,CROSBY,TX,77532
2195,122 N HOLDERRIETH BLVD UNIT 1261,TOMBALL,TX,77375
2196,10002 STELLA LINK RD,HOUSTON,TX,77025
2197,537 KIRBY BLVD,PASADENA,TX,77586
2198,14215 FM 2100 RD,CROSBY,TX,77532
2199,6258 WESTHEIMER RD,HOUSTON,TX,77057
2200,1106 OXBOROUGH DR,KATY,TX,77450
2201,7777 W GULF BANK RD,HOUSTON,TX,77040
2202,12719 BISSONNET ST STE A,HOUSTON,TX,77099
2203,1620 PEACH LEAF ST,HOUSTON,TX,77039
2204,3533 S DAIRY ASHFORD RD STE E,HOUSTON,TX,77082
2205,125 REMINGTON VALLEY DR,HOUSTON,TX,77073
2206,3216 PASADENA BLVD,PASADENA,TX,77503
2207,5228 HIGHWAY 6 N UNIT A,HOUSTON,TX,77084
2208,13125 LOUETTA RD,CYPRESS,TX,77429
2209,915 COLLEGE AVE STE A,SOUTH HOUSTON,TX,77587
2210,714 GULF BANK RD,HOUSTON,TX,77037
2211,8076 S GESSNER DR,HOUSTON,TX,77036
2212,2101 PASADENA BLVD,PASADENA,TX,77502
2213,12989 BELLAIRE BLVD STE 4A,HOUSTON,TX,77072
2214,16740 STUEBNER AIRLINE RD,SPRING,TX,77379
2215,11701 FUQUA ST,HOUSTON,TX,77034
2216,3825 WOODVALLEY DR,HOUSTON,TX,77025
2217,2808 HIGHWAY 6 S STE 4,HOUSTON,TX,77082
2218,7405 FM 1960 RD E,HUMBLE,TX,77346
2219,15309 GULF FWY,HOUSTON,TX,77034
2220,11425 BARKER CYPRESS RD,HOUSTON,TX,77433
2221,10430 HARTSOOK ST,HOUSTON,TX,77034
2222,6500 FM 2100 RD STE 100,CROSBY,TX,77532
2223,4420 SPRING CYPRESS RD # 300,SPRING,TX,77388
2224,21155 TOBMALL PKWY,HOUSTON,TX,77070
2225,10850 WEST RD STE 109,HOUSTON,TX,77064
2226,7710 LYONS AVE,HOUSTON,TX,77020
2227,4505 HOLMES RD,HOUSTON,TX,77033
2228,1107 SHAVER ST,PASADENA,TX,77506
2229,15955 FM 529 RD,HOUSTON,TX,77095
2230,9025 SPENCER HWY,DEER PARK,TX,77536
2231,21003 HIGHLAND KNOLLS DR STE 110,KATY,TX,77450
2232,908 W PASADENA BLVD,DEER PARK,TX,77536
2233,14405 FM 2100 RD STE J,CROSBY,TX,77532
2234,2815 SILVER BOUGH CIR,HOUSTON,TX,77059
2235,1415 RICHMOND AVE,HOUSTON,TX,77006
2236,318 WATERFRONT DR,SEABROOK,TX,77586
2237,216 S MAIN ST,HIGHLANDS,TX,77562
2238,3840 S GESSNER RD,HOUSTON,TX,77063
2239,6280 WILCREST DR,HOUSTON,TX,77072
2240,9461 W BELLFORT ST STE B,HOUSTON,TX,77031
2241,6603 SPRING STUEBNER RD STE 135,SPRING,TX,77389
2242,732 TELEPHONE RD,HOUSTON,TX,77023
2243,4620 N MAIN ST,HOUSTON,TX,77009
2244,1033 BAY AREA BLVD,HOUSTON,TX,77058
2245,7503 S KIRKWOOD RD,HOUSTON,TX,77072
2246,24809 ALDINE WESTFIELD RD,SPRING,TX,77373
2247,8620 BARKER CYPRESS RD UNIT A,CYPRESS,TX,77433
2248,9540 RICHMOND AVE STE C,HOUSTON,TX,77063
2249,2009 WARD RD,BAYTOWN,TX,77520
2250,2204 RED BLUFF RD,PASADENA,TX,77506
2251,7125 SCOTT ST,HOUSTON,TX,77021
2252,1230 WAKEFIELD DR,HOUSTON,TX,77018
2253,5874 SAN FELIPE ST,HOUSTON,TX,77057
2254,10403 CULLEN BLVD,HOUSTON,TX,77047
2255,4412 NORTH FWY,HOUSTON,TX,77022
2256,6120 WALLISVILLE RD,HOUSTON,TX,77020
2257,963 FM 1959 RD,HOUSTON,TX,77034
2258,5240 W 34TH ST STE B,HOUSTON,TX,77092
2259,9110 JONES RD STE 134,HOUSTON,TX,77065
2260,4080 EAST FWY,BAYTOWNB,TX,77521
2261,9122 WINDFERN RD,HOUSTON,TX,77064
2262,1301 ALDINE MAIL RD,HOUSTON,TX,77039
2263,3200 YALE ST,HOUSTON,TX,77018
2264,14050 STATE HIGHWAY 249,HOUSTON,TX,77086
2265,10510 CULLEN BLVD,HOUSTON,TX,77047
2266,6916 JENSEN DR,HOUSTON,TX,77093
2267,3201 SPENCER HWY,PASADENA,TX,77504
2268,9802 HILLCROFT ST,HOUSTON,TX,77096
2269,7748 HARRISBURG BLVD,HOUSTON,TX,77012
2270,9651 BISSONNET ST STE 201,HOUSTON,TX,77036
2271,30010 FM 2920 RD,WALLER,TX,77484
2272,11714 BOUDREAUX RD STE 215,TOMBALL,TX,77375
2273,2702 AIRLINE DR,HOUSTON,TX,77009
2274,24924 MORTON RANCH RD,KATY,TX,77493
2275,10206 TELEPHONE RD,HOUSTON,TX,77075
2276,16840 CLAY RD STE 112,HOUSTON,TX,77084
2277,21502 ALDINE WESTFIELD RD STE E,HUMBLE,TX,77338
2278,519 JACKSON AVE,PASADENA,TX,77506
2279,14561 BEECHNUT ST,HOUSTON,TX,77083
2280,8383 CYPRESS CREEK PKWY,HOUSTON,TX,77070
2281,8208 N WAYSIDE DR,HOUSTON,TX,77028
2282,911 WEST RD STE A,HOUSTON,TX,77038
2283,21511 BIG WOOD SPRINGS DR,KATY,TX,77450
2284,2004 HOUSTON AVE,HOUSTON,TX,77007
2285,528 ATASCOCITA RD STE 3,HUMBLE,TX,77396
2286,15710 ELLA BLVD STE B,HOUSTON,TX,77090
2287,1900 HIGHWAY 146 S STE 100,LA PORTE,TX,77571
2288,12968 WESTHEIMER RD,HOUSTON,TX,77077
2289,1216 W CLAY ST STE 100,HOUSTON,TX,77019
2290,20003 TIMBER FOREST DR,HUMBLE,TX,77346
2291,7413 AIRLINE DR STE 600,HOUSTON,TX,77076
2292,2302 FM 2920 RD,SPRING,TX,77388
2293,2000 WILLOWBROOK MALL # 1358,HOUSTON,TX,77070
2294,8145 HIGHWAY 6 S STE 100,HOUSTON,TX,77083
2295,5206 KINGFISHER DR,HOUSTON,TX,77035
2296,851 FEDERAL RD,HOUSTON,TX,77015
2297,10110 AIRLINE DR,HOUSTON,TX,77037
2298,1590 WILLOWBROOK MALL,HOUSTON,TX,77070
2299,7250 W LITTLE YORK RD,HOUSTON,TX,77040
2300,505 MAXEY RD,HOUSTON,TX,77013
2301,7127 SPENCER HWY STE 180,PASADENA,TX,77505
2302,16000 WOODLAND HILLS DR,HUMBLE,TX,77346
2303,5130 RICHMOND AVE,HOUSTON,TX,77056
2304,4765 FM 1960 RD W STE E,HOUSTON,TX,77069
2305,4003 RUSTIC WOODS DR STE B,KINGWOOD,TX,77339
2306,13250 NORTHWEST FWY,HOUSTON,TX,77040
2307,4665 GARTH RD STE 800,BAYTOWN,TX,77521
2308,252 E CROSSTIMBERS ST,HOUSTON,TX,77022
2309,7219 BIRCHTREE FOREST DR,HOUSTON,TX,77088
2310,500 BAYBROOK MALL STE 1188,FRIENDSWOOD,TX,77546
2311,1469 WIRT RD,HOUSTON,TX,77055
2312,19511 I-45 N,SPRING,TX,77388
2313,1876 EAST FWY,BAYTOWN,TX,77521
2314,7604 CLAREWOOD DR,HOUSTON,TX,77036
2315,7503 BOONE RD,HOUSTON,TX,77072
2316,1001 GEORGIA AVE,DEER PARK,TX,77536
2317,8630A CULLEN BLVD,HOUSTON,TX,77051
2318,6055 SOUTH FWY,HOUSTON,TX,77004
2319,155 W EL DORADO BLVD,FRIENDSWOOD,TX,77546
2320,6627 BRITTMOORE RD,HOUSTON,TX,77041
2321,4955 HIGHWAY 6 N,HOUSTON,TX,77084
2322,10333 MARKET STREET RD,JACINTO CITY,TX,77029
2323,3080 S FRY RD,KATY,TX,77450
2324,5330 CHIMNEY ROCK RD,HOUSTON,TX,77081
2325,5610 LANGLEY RD,HOUSTON,TX,77016
2326,20611 FM 529,HOUSTON,TX,77433
2327,3205 NOBLE ST,HOUSTON,TX,77026
2328,7214 WHEATLEY ST,HOUSTON,TX,77088
2329,5000 KATY MILLS CIR STE 136,KATY,TX,77494
2330,2111 SPRING CYPRESS RD STE 80,SPRING,TX,77388
2331,6219 BELLAIRE BLVD,HOUSTON,TX,77081
2332,2119 SOUTHMORE AVE,PASADENA,TX,77502
2333,22508 STATE HIGHWAY 249,HOUSTON,TX,77070
2334,102 E EDGEBROOK DR,HOUSTON,TX,77034
2335,5643 GESSNER RD,HOUSTON,TX,77041
2336,255 PATTON ST,HOUSTON,TX,77009
2337,4005 MONTROSE BLVD,HOUSTON,TX,77006
2338,15000 BAMMEL NORTH HOUSTON RD,HOUSTON,TX,77014
2339,23021 MORTON RANCH RD STE F,KATY,TX,77449
2340,9010 JONES RD,HOUSTON,TX,77065
2341,846 KRESS ST,HOUSTON,TX,77020
2342,9499 SCOTT ST,HOUSTON,TX,77051
2343,3403 LOUETTA RD STE E,SPRING,TX,77388
2344,2160 BAY AREA BLVD,HOUSTON,TX,77058
2345,3010 CLAYMOORE PARK DR,HOUSTON,TX,77043
2346,24224 NORTHWEST FWY,CYPRESS,TX,77429
2347,6240 SYNOTT RD,HOUSTON,TX,77083
2348,13418 REEVESTON RD,HOUSTON,TX,77039
2349,15202 MASON RD STE 800,CYPRESS,TX,77433
2350,1560 ELDRIDGE PKWY STE 140,HOUSTON,TX,77077
2351,3824 ATASCOCITA RD STE 106,HUMBLE,TX,77396
2352,7418 1/2 NORTHLINE DR,HOUSTON,TX,77076
2353,6920 HOMESTEAD RD,HOUSTON,TX,77028
2354,516 W 19TH ST,HOUSTON,TX,77008
2355,6821 AIRLINE DR STE 300,HOUSTON,TX,77076
2356,7123 SOUTHWEST FWY,HOUSTON,TX,77074
2357,8102 WESTHEIMER RD,HOUSTON,TX,77063
2358,1001 MOY ST,HOUSTON,TX,77007
2359,6116 SOUTHWEST FWY STE LB06,HOUSTON,TX,77057
2360,19540 CLAY RD STE G,KATY,TX,77449
2361,9506 MELDRUM LN,HOUSTON,TX,77075
2362,417 GENTRY ST STE J,SPRING,TX,77373
2363,5604 HILLCROFT ST,HOUSTON,TX,77036
2364,1132 BAYBROOK MALL,FRIENDSWOOD,TX,77546
2365,10808 W BELLFORT AVE,HOUSTON,TX,77099
2366,9755 S KIRKWOOD RD,HOUSTON,TX,77099
2367,1501 EVERGREEN DR,HOUSTON,TX,77087
2368,5982 RENWICK DR,HOUSTON,TX,77081
2369,210 PATTON ST,HOUSTON,TX,77009
2370,11495 NORTH FWY,HOUSTON,TX,77060
2371,6405 ANTOINE DR,HOUSTON,TX,77091
2372,4620 FM 1960 RD W,HOUSTON,TX,77069
2373,2002 FRY RD STE 105-106,HOUSTON,TX,77084
2374,15655 JOHN F KENNEDY BLVD STE D,HOUSTON,TX,77032
2375,5413 ALDINE BENDER RD STE 100,HOUSTON,TX,77032
2376,4402 SHERWOOD LN,HOUSTON,TX,77092
2377,11611 ALIEF CLODINE,HOUSTON,TX,77082
2378,8403 ALMEDA RD STE B,HOUSTON,TX,77054
2379,10888 WESTHEIMER RD,HOUSTON,TX,77042
2380,5200 FAIRMONT PKWY,PASADENA,TX,77505
2381,30 LYERLY ST STE 1,HOUSTON,TX,77022
2382,2139 CYPRESS CREEK PKWY,HOUSTON,TX,77090
2383,2313 BAGBY ST STE B,HOUSTON,TX,77006
2384,10226 WESTHEIMER RD STE C,HOUSTON,TX,77042
2385,19955 KATY FWY,HOUSTON,TX,77094
2386,8901 S GESSNER DR,HOUSTON,TX,77074
2387,4501 TREASCHWIG RD,SPRING,TX,77373
2388,5417 S BRAESWOOD BLVD,HOUSTON,TX,77096
2389,4557 E SAM HOUSTON PKWY S,PASADENA,TX,77505
2390,3161 OLD SPANISH TRL,HOUSTON,TX,77054
2391,8554 LONG POINT RD,HOUSTON,TX,77055
2392,23211 KUYKENDAHL RD STE D,TOMBALL,TX,77375
2393,159 ALDINE BENDER RD STE 161,HOUSTON,TX,77060
2394,3951 SAN FELIPE ST,HOUSTON,TX,77027
2395,20203 KATY FWY,KATY,TX,77450
2396,122 N HOLDERRIETH BLVD UNIT 1261,TOMBALL,TX,77375
2397,4750 IRVINGTON BLVD,HOUSTON,TX,77009
2398,8449 ALMEDA GENOA RD,HOUSTON,TX,77075
2399,7206 FULTON ST STE A,HOUSTON,TX,77022
2400,903 EL DORADO BLVD,HOUSTON,TX,77062
2401,15506 HICKORY DALE ST,CYPRESS,TX,77429
2402,612 CENTER ST,DEER PARK,TX,77536
2403,4303 KINGWOOD DR,KINGWOOD,TX,77339
2404,1302 W 20TH ST,HOUSTON,TX,77008
2405,2909 FOUNTAIN VIEW DR,HOUSTON,TX,77057
2406,3348 FOUNTAIN VIEW DR,HOUSTON,TX,77057
2407,8020 FAIRBANKS N HOUSTON RD STE F,HOUSTON,TX,77064
2408,13301 HIRAM CLARKE RD,HOUSTON,TX,77045
2409,2603 BLODGETT ST,HOUSTON,TX,77004
2410,7325 BELLERIVE DR,HOUSTON,TX,77036
2411,2401 W LITTLE YORK RD,HOUSTON,TX,77091
2412,2525 BROADWAY ST,HOUSTON,TX,77012
2413,1405 WILCREST DR,HOUSTON,TX,77042
2414,26500 KUYKENDAHL RD,TOMBALL,TX,77375
2415,19250 W LAKE HOUSTON PKWY STE K,HUMBLE,TX,77346
2416,9501 LONG POINT RD STE B,HOUSTON,TX,77055
2417,12430 GALVESTON RD STE B9,WEBSTER,TX,77598
2418,2502 W LITTLE YORK RD # B,HOUSTON,TX,77091
2419,28595 STATE HIGHWAY 249,TOMBALL,TX,77375
2420,870 S MASON RD STE 106,KATY,TX,77450
2421,8945 HIGHWAY 6 N,HOUSTON,TX,77095
2422,2538 S VOSS RD # A,HOUSTON,TX,77057
2423,2090 AFTON ST,HOUSTON,TX,77055
2424,4501 HIGHWAY 6 N,HOUSTON,TX,77084
2425,1602B SAN JACINTO ST,HOUSTON,TX,77002
2426,9002 S BRAESWOOD BLVD,HOUSTON,TX,77074
2427,11663 NORTHPOST ST,HOUSTON,TX,77093
2428,3533 S DAIRY ASHFORD RD STE F,HOUSTON,TX,77082
2429,1531 LITTLE YORK RD,HOUSTON,TX,77093
2430,8612 MEMORIAL DR,HOUSTON,TX,77024
2431,5020 KIRBY DR,HOUSTON,TX,77098
2432,11722 CULLEN BLVD,HOUSTON,TX,77047
2433,910 LOUISIANA ST STE M165,HOUSTON,TX,77002
2434,1501 SILBER RD,HOUSTON,TX,77055
2435,2504 BEALL ST UNIT C,HOUSTON,TX,77008
2436,4039 HOLLISTER ST,HOUSTON,TX,77080
2437,14623 BUFFALO SPEEDWAY,HOUSTON,TX,77045
2438,20627 FAWN TIMBER TRL,HUMBLE,TX,77346
2439,240 CYPRESS CREEK PKWY STE C,HOUSTON,TX,77090
2440,14320 FM 2920 RD STE F,TOMBALL,TX,77377
2441,3603 GREENHOUSE RD STE D,HOUSTON,TX,77084
2442,6215 BRITTMOORE RD,HOUSTON,TX,77041
2443,3011 ELLA BLVD,HOUSTON,TX,77018
2444,14814 BROWN RD # 1,TOMBALL,TX,77377
2445,7596 CYPRESS CREEK PKWY,HOUSTON,TX,77070
2446,1080 CLEAR LAKE CITY BLVD,HOUSTON,TX,77062
2447,5371 ATASCOCITA RD,HUMBLE,TX,77346
2448,3701 W ALABAMA ST STE 353,HOUSTON,TX,77027
2449,103 LITTLE YORK RD,HOUSTON,TX,77076
2450,13313 KUYKENDAHL RD,HOUSTON,TX,77090
2451,5735 BAYPORT BLVD STE D,SEABROOK,TX,77586
2452,14315 CYPRESS ROSEHILL RD STE 140,CYPRESS,TX,77429
2453,13099 WESTHEIMER RD APT 2507,HOUSTON,TX,77077
2454,16000 WOODLAND HILLS DR,HUMBLE,TX,77396
2455,6959 HARWIN DR STE 100,HOUSTON,TX,77036
2456,5432 HIGHWAY 6 N STE 307,HOUSTON,TX,77084
2457,7222 SCOTT ST,HOUSTON,TX,77021
2458,2020 FOUNTAIN VIEW DR,HOUSTON,TX,77057
2459,2002 YALE ST,HOUSTON,TX,77008
2460,4838 FAIRMONT PKWY,PASADENA,TX,77505
2461,9404 NORTH FWY,HOUSTON,TX,77037
2462,11850 BISSONNET ST,HOUSTON,TX,77099
2463,8130 ROYALWOOD DR,HOUSTON,TX,77049
2464,12802 EAST FWY,HOUSTON,TX,77015
2465,5624 YALE ST,HOUSTON,TX,77076
2466,701 WAUGH DR,HOUSTON,TX,77019
2467,1203 BAY AREA BLVD,HOUSTON,TX,77058
2468,17325 EL CAMINO REAL STE 446,HOUSTON,TX,77058
2469,6154 BELLFORT ST,HOUSTON,TX,77033
2470,1326 S DAIRY ASHFORD RD,HOUSTON,TX,77077
2471,7034 FM 1960 RD E,HUMBLE,TX,77346
2472,18024 KINGSLAND BLVD STE B,HOUSTON,TX,77094
2473,718 W MAIN ST,LA PORTE,TX,77571
2474,1340 WESTHEIMER RD STE B,HOUSTON,TX,77006
2475,6055 SOUTH FWY,HOUSTON,TX,77004
2476,1614 LOUETTA RD,SPRING,TX,77388
2477,11145 WESTHEIMER RD,HOUSTON,TX,77042
2478,8111 N SAM HOUSTON PKWY W STE 250,HOUSTON,TX,77064
2479,14110 STUEBNER AIRLINE RD,HOUSTON,TX,77069
2480,8416 KATY FWY,SPRING VALLEY,TX,77024
2481,6830 CULLEN BLVD,HOUSTON,TX,77021
2482,8906 AIRPORT BLVD STE B,HOUSTON,TX,77061
2483,106 W RITTENHOUSE ST STE A,HOUSTON,TX,77076
2484,1621 UPLAND DR STE D,HOUSTON,TX,77043
2485,9224 CYPRESS CREEK PKWY STE A,HOUSTON,TX,77070
2486,512 S ALLEN GENOA RD STE C,SOUTH HOUSTON,TX,77587
2487,5727 RAMPART ST STE A7,HOUSTON,TX,77081
2488,2075 WESTHEIMER RD,HOUSTON,TX,77098
2489,9440 LOUETTA RD STE 4,SPRING,TX,77379
2490,7350 JACKRABBIT RD,HOUSTON,TX,77095
2491,2545 KIRBY DR,HOUSTON,TX,77019
2492,2410 SMITH ST,HOUSTON,TX,77006
2493,5015 WESTHEIMER RD STE A1171,HOUSTON,TX,77056
2494,10555 PEARLAND PKWY STE I,HOUSTON,TX,77089
2495,8102 LOCKWOOD DR,HOUSTON,TX,77016
2496,2111 SPRING CYPRESS RD STE 110,SPRING,TX,77388
2497,5630 OLD SPANISH TRL,HOUSTON,TX,77023
2498,11548 BELLAIRE BLVD STE C,HOUSTON,TX,77072
2499,12315 FM 1960 RD STE B,HUFFMAN,TX,77336
2500,2420 GESSNER DR,HOUSTON,TX,77080
2501,5959 WESTHEIMER RD STE 114,HOUSTON,TX,77057
2502,5524 CHAPMAN ST,HOUSTON,TX,77009
2503,5530 PETTY ST,HOUSTON,TX,77007
2504,1801 S DAIRY ASHFORD RD STE 105,HOUSTON,TX,77077
2505,5909 SCOTT ST STE E,HOUSTON,TX,77021
2506,11439 NORTH FWY,HOUSTON,TX,77060
2507,12010 SPRING CYPRESS RD,TOMBALL,TX,77377
2508,1207 DUNLAVY ST STE B,HOUSTON,TX,77019
2509,8210 SCOTT ST,HOUSTON,TX,77051
2510,3520 N MAIN ST,BAYTOWN,TX,77521
2511,9733 BUFFALO SPEEDWAY,HOUSTON,TX,77025
2512,10830 BEECHNUT ST,HOUSTON,TX,77072
2513,4111 FAIRMONT PKWY STE 101,PASADENA,TX,77504
2514,901 ROGERS ST,WEBSTER,TX,77598
2515,8446 FONDREN RD,HOUSTON,TX,77074
2516,3126 NASA PKWY STE 1,SEABROOK,TX,77586
2517,20131 HIGHWAY 59 N,HUMBLE,TX,77338
2518,10928 WESTHEIMER RD STE A,HOUSTON,TX,77042
2519,2905 MANGUM RD STE A,HOUSTON,TX,77092
2520,28404 HIGHWAY 290 STE G09,CYPRESS,TX,77433
2521,16701 EL CAMINO REAL,HOUSTON,TX,77062
2522,12001 BISSONNET ST,HOUSTON,TX,77099
2523,5520 SHERMAN ST,HOUSTON,TX,77011
2524,18550 CHAMPION FOREST DR STE 200,SPRING,TX,77379
2525,1387 KINGWOOD DR,KINGWOOD,TX,77339
2526,531 DELL DALE ST,CHANNELVIEW,TX,77530
2527,8800 1/2 BROADWAY ST STE A,HOUSTON,TX,77061
2528,313 INNSDALE DR,HOUSTON,TX,77076
2529,9700 HOMESTEAD RD STE B,HOUSTON,TX,77016
2530,1700 POST OAK BLVD # 1G101,HOUSTON,TX,77056
2531,143 DYNA DR,HOUSTON,TX,77060
2532,1406 AHRENS ST,HOUSTON,TX,77017
2533,8840 WILL CLAYTON PKWY STE H,HUMBLE,TX,77338
2534,4401 BUCK ST,HOUSTON,TX,77020
2535,6678 MARTIN LUTHER KING BLVD,HOUSTON,TX,77033
2536,7314 LOUETTA RD STE A1,SPRING,TX,77379
2537,6312 LAURA KOPPE RD,HOUSTON,TX,77016
2538,4102 CANAL ST,HOUSTON,TX,77003
2539,9180 BELLAIRE BLVD,HOUSTON,TX,77036
2540,700 BAYBROOK MALL STE B111,FRIENDSWOOD,TX,77546
2541,9000 FONDREN RD APT 168,HOUSTON,TX,77074
2542,10108 BISSONNET ST,HOUSTON,TX,77036
2543,13566 BISSONNET ST STE 205,HOUSTON,TX,77083
2544,5200 BISSONNET ST,BELLAIRE,TX,77401
2545,9351 RICHMOND AVE,HOUSTON,TX,77063
2546,16940 ELLA BLVD STE 109,HOUSTON,TX,77090
2547,161 WEST RD,HOUSTON,TX,77037
2548,7434 EAGLE PASS ST,HOUSTON,TX,77020
2549,1900 HIGHWAY 146 S STE 200,LA PORTE,TX,77571
2550,24510 STATE HIGHWAY 249,TOMBALL,TX,77375
2551,9654 KATY FWY STE A,HOUSTON,TX,77055
2552,25820 CLAY RD STE A,KATY,TX,77493
2553,11041 WESTHEIMER RD,HOUSTON,TX,77042
2554,3407 GENOA RED BLUFF RD,PASADENA,TX,77505
2555,3727 W ALABAMA ST,HOUSTON,TX,77027
2556,8705 AIRLINE DR,HOUSTON,TX,77037
2557,4004 BELLAIRE BLVD,HOUSTON,TX,77025
2558,416 ALMEDA MALL,HOUSTON,TX,77075
2559,1808 ANTOINE DR STE B,HOUSTON,TX,77055
2560,5302 MORNINGSIDE DR,HOUSTON,TX,77005
2561,15307 SILVERTON STONE LN,CYPRESS,TX,77429
2562,4934 ANGLETON ST,HOUSTON,TX,77033
2563,3316 S SHAVER ST STE 5A & B,PASADENA,TX,77034
2564,422 W NASA RD 1,WEBSTER,TX,77598
2565,9606 SPENCER HWY STE B,LA PORTE,TX,77571
2566,17590 KUYKENDAHL RD,SPRING,TX,77379
2567,17105 CLAY RD STE A,HOUSTON,TX,77084
2568,5800 N HOUSTON ROSSLYN RD,HOUSTON,TX,77091
2569,2002 FRY RD STE 115B,HOUSTON,TX,77084
2570,4902 TELEPHONE RD,HOUSTON,TX,77087
2571,11410 E FREEWAY STE 100,HOUSTON,TX,77029
2572,2100 BINZ ST,HOUSTON,TX,77004
2573,2955 KIRBY DR,HOUSTON,TX,77098
2574,8102 FRY RD STE C,CYPRESS,TX,77433
2575,21941 ROSEHILL RESERVE DR STE 110,TOMBALL,TX,77377
2576,6742 HILLCROFT ST,HOUSTON,TX,77081
2577,21502 ALDINE WESTFIELD RD STE E,HUMBLE,TX,77338
2578,2404 GESSNER RD STE C,HOUSTON,TX,77080
2579,544 W NASA PKWY,WEBSTER,TX,77598
2580,15914 TELGE RD STE A,CYPRESS,TX,77429
2581,6415 HILLCROFT ST,HOUSTON,TX,77081
2582,6865 S GESSNER RD,HOUSTON,TX,77036
2583,11734 BARKER CYPRESS RD STE 104,CYPRESS,TX,77433
2584,12630 BRIAR FOREST DR,HOUSTON,TX,77077
2585,2104 WARDMONT ST,HOUSTON,TX,77093
2586,12630 BRIAR FOREST DR,HOUSTON,TX,77077
2587,2312 N ALEXANDER DR,BAYTOWN,TX,77520
2588,265 CYPRESSWOOD DR,SPRING,TX,77388
2589,10133 LOUETTA RD,HOUSTON,TX,77070
2590,21502 ALDINE WESTFIELD RD,HUMBLE,TX,77338
2591,1601 HOLLAND ST,JACINTO CITY,TX,77029
2592,5101 YALE ST,HOUSTON,TX,77018
2593,2940 S SHAVER STA,SOUTH HOUSTON,TX,77502
2594,3370 SHAVER ST,PASADENA,TX,77504
2595,8668 S BRAESWOOD BLVD,HOUSTON,TX,77031
2596,1005 BLALOCK RD UNIT E,HOUSTON,TX,77055
2597,19322 HIGHWAY 59 N,HUMBLE,TX,77338
2598,10064 LONG POINT RD,HOUSTON,TX,77055
2599,11916 BISSONNET ST STE 178,HOUSTON,TX,77099
2600,6401 WOODWAY DR # 149,HOUSTON,TX,77057
2601,9103 CYPRESS CREEK PKWY STE K,HOUSTON,TX,77070
2602,1220 HOUSTON BLVD STE B,SOUTH HOUSTON,TX,77587
2603,3224 FM 1960 RD W,HUMBLE,TX,77338
2604,218 GRAY ST STE B,HOUSTON,TX,77002
2605,809 FREEPORT ST,HOUSTON,TX,77015
2606,10880 BISSONNET ST STE 195,HOUSTON,TX,77099
2607,6619 CHIMNEY ROCK RD,HOUSTON,TX,77081
2608,2598 FM 1960 RD STE B,HOUSTON,TX,77073
2609,16902 TUCKERTON RD STE F,HOUSTON,TX,77095
2610,3201 N SHEPHERD DR STE 105,HOUSTON,TX,77018
2611,8036 FM 1960 RD W,HUMBLE,TX,77338
2612,7555 BELLAIRE BLVD STE A,HOUSTON,TX,77036
2613,3902 BISSONNET ST,HOUSTON,TX,77005
2614,12104 VETERANS MEMORIAL DR,HOUSTON,TX,77067
2615,914 W GREENS RD,HOUSTON,TX,77067
2616,14631 BEECHNUT ST STE A,HOUSTON,TX,77083
2617,2418 RICE BLVD,HOUSTON,TX,77005
2618,9646 BEECHNUT ST,HOUSTON,TX,77036
2619,9303 FONDREN RD,HOUSTON,TX,77074
2620,1022 N SHEPHERD DR,HOUSTON,TX,77008
2621,12700 STAFFORD RD APT 135,STAFFORD,TX,77477
2622,13442 BELLAIRE BLVD STE H,HOUSTON,TX,77083
2623,10613 BELLAIRE BLVD STE A135,HOUSTON,TX,77072
2624,2507 CLINTON DR,GALENA PARK,TX,77547
2625,9199 NORTH LOOP E,HOUSTON,TX,77029
2626,23806 ALDINE WESTFIELD RD,SPRING,TX,77373
2627,1900 S SHEPHERD DR,HOUSTON,TX,77019
2628,3950 S TERMINAL RD SPC 30A,HOUSTON,TX,77032
2629,3406 N SHEPHERD DR,HOUSTON,TX,77018
2630,17250 W LAKE HOUSTON PKWY STE A,HUMBLE,TX,77346
2631,9409 FUQUA ST,HOUSTON,TX,77075
2632,5420 HIGHWAY 6 N,HOUSTON,TX,77084
2633,20158 BAUER HOCKLEY RD,TOMBALL,TX,77377
2634,15242 WALLISVILLE RD,HOUSTON,TX,77049
2635,10957 WESTHEIMER RD # S4,HOUSTON,TX,77042
2636,6502 BELLAIRE BLVD STE A3,HOUSTON,TX,77074
2637,23211 KUYKENDAHL RD STE C,TOMBALL,TX,77375
2638,6330 SPENCER HWY STE A,PASADENA,TX,77505
2639,6101 GLENMONT DR STE B,HOUSTON,TX,77081
2640,13104 VETERANS MEMORIAL DR,HOUSTON,TX,77014
2641,2021 NORTHPARK DR,KINGWOOD,TX,77339
2642,1818 NASA PKWY,SEABROOK,TX,77586
2643,2300 N SHEPHERD DR,HOUSTON,TX,77008
2644,4618 NASA PKWY,SEABROOK,TX,77586
2645,7712 W LITTLE YORK RD,HOUSTON,TX,77040
2646,1306 W PASADENA FWY,PASADENA,TX,77506
2647,19221 W LITTLE YORK RD,KATY,TX,77449
2648,714 ALMEDA MALL,HOUSTON,TX,77075
2649,3525 LOCKWOOD DR,HOUSTON,TX,77026
2650,10706 KINGSPOINT RD,HOUSTON,TX,77075
2651,7120 CANAL ST,HOUSTON,TX,77011
2652,4202 LITTLECREST RD,HOUSTON,TX,77093
2653,7803 JENSEN DR,HOUSTON,TX,77093
2654,26835 CYPRESSWOOD DR STE 1,SPRING,TX,77373
2655,6729 LOCKWOOD DR,HOUSTON,TX,77028
2656,14650 WOODFOREST BLVD,HOUSTON,TX,77015
2657,3811 FRY RD STE 4,KATY,TX,77449
2658,2000 WILLOWBROOK MALL,HOUSTON,TX,77070
2659,1182 BAYBROOK MAIL K5534,FRIENDSWOOD,TX,77546
2660,1002 HOLLAND ST STE A,JACINTO CITY,TX,77029
2661,14650 FM 529 RD,HOUSTON,TX,77095
2662,10900 CYPRESS CREEK PKWY STE A,HOUSTON,TX,77070
2663,19227 KATY FWY,HOUSTON,TX,77094
2664,7243 BISSONNET ST,HOUSTON,TX,77074
2665,15121 MEMORIAL DR,HOUSTON,TX,77079
2666,4910 ALDINE MAIL ROUTE RD,HOUSTON,TX,77039
2667,5328A FM 1960 RD E,HUMBLE,TX,77346
2668,6458 W LITTLE YORK RD,HOUSTON,TX,77091
2669,13302 TIDWELL RD,HOUSTON,TX,77044
2670,16618 CLAY RD STE 450,HOUSTON,TX,77084
2671,2702 ALABAMA ST,HOUSTON,TX,77004
2672,1615 RICHEY ST,PASADENA,TX,77502
2673,1514 SPENCER HWY,LA PORTE,TX,77571
2674,101 NORTH LOOP,HOUSTON,TX,77018
2675,1115 FREEPORT ST,HOUSTON,TX,77015
2676,12914 HEMPSTEAD RD,HOUSTON,TX,77040
2677,4500 RICHMOND AVE,HOUSTON,TX,77027
2678,6401 LONG DR,HOUSTON,TX,77087
2679,400 N ALEXANDER DR,BAYTOWN,TX,77520
2680,5858 S GESSNER RD STE 110,HOUSTON,TX,77036
2681,9934 MESA DR STE B,HOUSTON,TX,77078
2682,6533 WILCREST DR STE 105,HOUSTON,TX,77072
2683,1121 S HOUSTON AVE,HUMBLE,TX,77338
2684,8755 FM 1960 BYPASS RD W,HUMBLE,TX,77338
2685,5402 BIRDWOOD RD,HOUSTON,TX,77096
2686,17350 STATE HIGHWAY 249 STE 22026728,HOUSTON,TX,77064
2687,8103 CREEKBEND DR STE I,HOUSTON,TX,77071
2688,9545 ELLA LEE LN APT 42,HOUSTON,TX,77063
2689,10804 BELLAIRE BLVD STE G,HOUSTON,TX,77072
2690,3504 W OREM DR,HOUSTON,TX,77045
2691,422 GANS ST,HOUSTON,TX,77029
2692,9250 W BELLFORT AVE,HOUSTON,TX,77031
2693,46 BRAESWOOD SQ SPC M15,HOUSTON,TX,77096
2694,569 S MASON RD,KATY,TX,77450
2695,1005 BLALOCK RD,HOUSTON,TX,77055
2696,10531 FRY RD BLDG A2 STE 125,CYPRESS,TX,77433
2697,11702 CYPRESS NORTH HOUSTON RD,CYPRESS,TX,77429
2698,503 FIDELITY ST,HOUSTON,TX,77029
2699,8003 FILLMORE ST STE A,HOUSTON,TX,77029
2700,7804 W MONTGOMERY RD,HOUSTON,TX,77088
2701,5959 BONHOMME RD APT 394,HOUSTON,TX,77036
2702,15309A GULF FWY,HOUSTON,TX,77034
2703,5920 DASHWOOD DR,HOUSTON,TX,77081
2704,1109 CONRAD SAUER DR,HOUSTON,TX,77043
2705,3513 KASHMERE ST,HOUSTON,TX,77026
2706,12313 BELLAIRE BLVD STE A,HOUSTON,TX,77072
2707,17667 RED OAK DR STE C,HOUSTON,TX,77090
2708,1000 CONVENTION CENTER BLVD,HOUSTON,TX,77010
2709,12553 WESTHEIMER RD,HOUSTON,TX,77077
2710,824 W LITTLE YORK RD,HOUSTON,TX,77091
2711,705 W DALLAS ST STE B,HOUSTON,TX,77019
2712,6160 HIGHWAY 6 N,HOUSTON,TX,77084
2713,1412 CAVALCADE ST,HOUSTON,TX,77009
2714,5885 S GESSNER RD,HOUSTON,TX,77036
2715,14455 BAMMEL NORTH HOUSTON RD,HOUSTON,TX,77014
2716,17350 STATE HIGHWAY 249 STE 220,HOUSTON,TX,77064
2717,4407 W FUQUA ST STE D,HOUSTON,TX,77045
2718,5251 FM 2920 RD,SPRING,TX,77388
2719,6625 SCOTT ST,HOUSTON,TX,77021
2720,3902 N MAIN ST,HOUSTON,TX,77009
2721,8301 N ELDRIDGE PKWY,HOUSTON,TX,77041
2722,9639 SCARSDALE BLVD,HOUSTON,TX,77089
2723,4804 MARTIN LUTHER KING BLVD,HOUSTON,TX,77021
2724,3310 ALDINE MAIL ROUTE RD STE A,HOUSTON,TX,77039
2725,500 BAYBROOK MALL # 5584,FRIENDSWOOD,TX,77546
2726,20131 HIGHWAY 59 N,HUMBLE,TX,77338
2727,11131 W LITTLE YORK RD STE D,HOUSTON,TX,77041
2728,7925 CYPRESS CREEK PKWY STE 5567,HOUSTON,TX,77070
2729,27000 TOMBALL PKWY,TOMBALL,TX,77375
2730,3718 LEE ST,HOUSTON,TX,77026
2731,6405 ANTOINE DR STE 17,HOUSTON,TX,77091
2732,12800 VETERANS MEMORIAL DR,HOUSTON,TX,77014
2733,16207 N ELDRIDGE PKWY,TOMBALL,TX,77377
2734,7555 BELLAIRE BLVD STE 200,HOUSTON,TX,77036
2735,7061 FM 1960 RD E,HUMBLE,TX,77346
2736,1910 DISMUKE ST,HOUSTON,TX,77023
2737,525 SHARPSTOWN CTR # F17,HOUSTON,TX,77036
2738,5957 WHISPERING LAKES DR,KATY,TX,77493
2739,1029 STRAWBERRY RD STE A,PASADENA,TX,77506
2740,2776 W T C JESTER BLVD,HOUSTON,TX,77018
2741,5803 FRY RD STE 102,KATY,TX,77449
2742,506 HOUSTON BLVD,SOUTH HOUSTON,TX,77587
2743,5300 N BRAESWOOD BLVD,HOUSTON,TX,77096
2744,10101 BISSONNET ST STE C,HOUSTON,TX,77036
2745,3634 GARTH RD STE B,BAYTOWN,TX,77521
2746,21710 WILDCROFT DR,KATY,TX,77449
2747,5842 MARTIN LUTHER KING BLVD,HOUSTON,TX,77021
2748,12136 VETERANS MEMORIAL DR,HOUSTON,TX,77067
2749,13354 JONES RD,HOUSTON,TX,77070
2750,8619 RICHMOND AVE STE 500,HOUSTON,TX,77063
2751,6966 AIRLINE DR STE A-B,HOUSTON,TX,77076
2752,2221 RED BLUFF RD,PASADENA,TX,77506
2753,14300 CORNERSTONE VILLAGE DR STE 218,HOUSTON,TX,77014
2754,21221 FM 2100 RD,CROSBY,TX,77532
2755,10503 ROCKLEY RD STE 107,HOUSTON,TX,77099
2756,7031 FM 1960 RD W STE F,HUMBLE,TX,77338
2757,6118 CLAREWOOD DR STE B,HOUSTON,TX,77081
2758,8608 IRVINGTON BLVD,HOUSTON,TX,77022
2759,5106 BISSONNET ST,BELLAIRE,TX,77401
2760,2212 ROBINHOOD ST,HOUSTON,TX,77005
2761,6320 DUMBLE ST,HOUSTON,TX,77021
2762,4326 FRIENDSWOOD LINK RD,FRIENDSWOOD,TX,77546
2763,10625 VETERANS MEMORIAL DR STE L,HOUSTON,TX,77038
2764,6748 HIGHWAY 6 S,HOUSTON,TX,77083
2765,6601 FONDREN RD,HOUSTON,TX,77036
2766,13020 MARKET STREET RD,HOUSTON,TX,77015
2767,9708 W BELLFORT ST,HOUSTON,TX,77031
2768,29300 HIGHWAY 290 STE 216,CYPRESS,TX,77433
2769,3410 ELLA BLVD,HOUSTON,TX,77018
2770,1041 W BAY AREA BLVD,WEBSTER,TX,77598
2771,91 S LOCKWOOD DR,HOUSTON,TX,77011
2772,1305 WAYSIDE DR,HOUSTON,TX,77011
2773,12280 WESTHEIMER RD,HOUSTON,TX,77077
2774,11246 S WILCREST DR STE 145,HOUSTON,TX,77099
2775,549 GREENS RD,HOUSTON,TX,77060
2776,28610 HIGHWAY 290 STE 17,CYPRESS,TX,77433
2777,1023 S DAIRY ASHFORD ST,HOUSTON,TX,77077
2778,12410 FM 1960 RD W UNIT 15,HOUSTON,TX,77065
2779,4714 RICHMOND AVE,HOUSTON,TX,77027
2780,18311 CLAY RD STE 9,HOUSTON,TX,77084
2781,7317 S KIRKWOOD RD,HOUSTON,TX,77072
2782,9140 EASTEX FWY,HOUSTON,TX,77093
2783,159 SHARPSTOWN CTR STE 102,HOUSTON,TX,77036
2784,2001 GARTH RD,BAYTOWN,TX,77520
2785,1444 SENS RD STE A,LA PORTE,TX,77571
2786,2121 N MAIN ST STE B,HOUSTON,TX,77009
2787,9910 WINDMILL LAKES BLVD,HOUSTON,TX,77075
2788,7700 W MONTGOMERY RD,HOUSTON,TX,77088
2789,11055 S SAM HOUSTON PKWY E,HOUSTON,TX,77089
2790,8405 ALMEDA GENOA RD STE J,HOUSTON,TX,77075
2791,712 MAIN ST,HOUSTON,TX,77002
2792,22165 FM 529 RD,KATY,TX,77493
2793,10828 BEECHNUT ST STE C,HOUSTON,TX,77072
2794,10808 W BELLFORT AVE,HOUSTON,TX,77099
2795,1414 BEAUMONT RD,BAYTOWN,TX,77520
2796,21747 ALDINE WESTFIELD RD,HUMBLE,TX,77338
2797,7734 CANAL ST,HOUSTON,TX,77012
2798,114 E EDGEBROOK DR,HOUSTON,TX,77034
2799,930 S MASON RD STE N,KATY,TX,77450
2800,2835 BARKER CYPRESS RD,HOUSTON,TX,77084
2801,3401 RED BLUFF RD,PASADENA,TX,77503
2802,3013 FOUNTAIN VIEW DR STE G,HOUSTON,TX,77057
2803,2528 CALUMET ST STE A,HOUSTON,TX,77004
2804,8712 AIRLINE DR,HOUSTON,TX,77037
2805,11698 BELLAIRE BLVD STE 11700,HOUSTON,TX,77072
2806,12090 VETERANS MEMORIAL DR,HOUSTON,TX,77067
2807,12775 MEDFIELD DR,HOUSTON,TX,77082
2808,9023 RED HAWK CIR,HOUSTON,TX,77064
2809,6103 GLENMONT DR,HOUSTON,TX,77081
2810,1407 S VOSS RD,HOUSTON,TX,77057
2811,2200 N MAIN ST STE 120,BAYTOWN,TX,77520
2812,8514 HAMMERLY BLVD,HOUSTON,TX,77055
2813,1418 PRESTON ST,HOUSTON,TX,77002
2814,9801 CLAY RD,HOUSTON,TX,77080
2815,525 E LITTLE YORK RD,HOUSTON,TX,77076
2816,2223 SHAVER ST STE 100,PASADENA,TX,77502
2817,2711 HARTWICK RD,HOUSTON,TX,77093
2818,2743 PRESTON AVE,PASADENA,TX,77503
2819,208 W TEXAS AVE,BAYTOWN,TX,77520
2820,21615 HUFSMITH KOHRVILLE RD,TOMBALL,TX,77375
2821,973 FEDERAL RD,HOUSTON,TX,77015
2822,14682 WALLISVILLE RD,HOUSTON,TX,77049
2823,202 UVALDE RD,HOUSTON,TX,77015
2824,5400 W BELLFORT AVE,HOUSTON,TX,77035
2825,1820 HOUSTON AVE,HOUSTON,TX,77007
2826,6303 EASTLAND ST STE A,HOUSTON,TX,77028
2827,7601 E HOUSTON RD,HOUSTON,TX,77028
2828,515 ELGIN ST,HOUSTON,TX,77006
2829,9652 BEECHNUT ST STE B,HOUSTON,TX,77036
2830,2636 SPENCER HWY STE 100,PASADENA,TX,77504
2831,3420 W LITTLE YORK RD STE D,HOUSTON,TX,77091
2832,9166 FM 2920 RD STE 500,TOMBALL,TX,77375
2833,2904 FOUNTAIN VIEW DR,HOUSTON,TX,77057
2834,1101 MAIN ST,HOUSTON,TX,77002
2835,2345 ALDINE MAIL ROUTE RD,HOUSTON,TX,77039
2836,433 WEST RD,HOUSTON,TX,77038
2837,3335 ANTOINE DR,HOUSTON,TX,77092
2838,3 NRG PARK,HOUSTON,TX,77054
2839,10008 TIDWELL RD STE E,HOUSTON,TX,77078
2840,1139 S BROADWAY ST,LA PORTE,TX,77571
2841,12097 BEECHNUT ST STE 2,HOUSTON,TX,77072
2842,1330 NORTH LOOP STE A,HOUSTON,TX,77009
2843,9402 KEMPWOOD DR,HOUSTON,TX,77080
2844,10301 VETERANS MEMORIAL DR STE B,HOUSTON,TX,77038
2845,1139 S BROADWAY ST,LA PORTE,TX,77571
2846,6769 SPENCER HWY,PASADENA,TX,77505
2847,10020 KLECKLEY DR,HOUSTON,TX,77075
2848,7211 FM 1960 RD W STE 190,HUMBLE,TX,77338
2849,25115 GOSLING RD STE 101,SPRING,TX,77389
2850,3308 CENTER ST,DEER PARK,TX,77536
2851,11338 FONDREN RD,HOUSTON,TX,77035
2852,9922 NORTH FWY,HOUSTON,TX,77037
2853,5507 MOUNT HOUSTON RD,HOUSTON,TX,77093
2854,938 W MAIN ST,TOMBALL,TX,77375
2855,5895 SAN FELIPE ST STE CB,HOUSTON,TX,77057
2856,7231 FM 1960 RD W STE C-1,HUMBLE,TX,77338
2857,6119 WILCREST DR,HOUSTON,TX,77072
2858,1055 MCNEE RD,HOUSTON,TX,77054
2859,10525 N SAM HOUSTON PKWY E STE 100,HUMBLE,TX,77396
2860,10750 BARKER CYPRESS RD STE 105,CYPRESS,TX,77433
2861,3821 OLD SPANISH TRL,HOUSTON,TX,77021
2862,3712 W BAKER RD,BAYTOWN,TX,77521
2863,2524 YALE ST STE 1,HOUSTON,TX,77008
2864,15720 WOODLAND HILLS DR STE 700,HUMBLE,TX,77396
2865,1906 N ALEXANDER DR,BAYTOWN,TX,77520
2866,5726 FONDREN RD,HOUSTON,TX,77036
2867,14702 FM 529 RD,HOUSTON,TX,77095
2868,8532 HAMMERLY BLVD,HOUSTON,TX,77055
2869,7060 LAWNDALE ST,HOUSTON,TX,77023
2870,6431 BISSONNET ST,HOUSTON,TX,77074
2871,9526 HUFFMEISTER RD,HOUSTON,TX,77095
2872,24527 GOSLING RD,SPRING,TX,77389
2873,303 BAYLAND AVE,HOUSTON,TX,77009
2874,22621 HUFSMITH KOHRVILLE RD,TOMBALL,TX,77375
2875,7416 FM 1960 RD E,HUMBLE,TX,77346
2876,16507 MUESCHKE RD STE 500,CYPRESS,TX,77433
2877,13328 WESTHEIMER RD APT 6204,HOUSTON,TX,77077
2878,12415 SCARSDALE BLVD,HOUSTON,TX,77089
2879,5199 FM 1960 RD W,HOUSTON,TX,77069
2880,2902 ALMEDA GENOA RD STE A,HOUSTON,TX,77047
2881,4101 PARKER RD,HOUSTON,TX,77093
2882,6415 LANGFIELD RD,HOUSTON,TX,77092
2883,6410 WINDSWEPT LN STE A,HOUSTON,TX,77057
2884,2400 KENTUCKY ST,BAYTOWN,TX,77520
2885,9556B HOMESTEAD RD,HOUSTON,TX,77016
2886,5502 NORTH FWY,HOUSTON,TX,77076
2887,7555 BELLFORT ST,HOUSTON,TX,77061
2888,497 EL DORADO BLVD STE B&C,WEBSTER,TX,77598
2889,159 ALDINE BENDER RD STE 171,HOUSTON,TX,77060
2890,26960 NORTHWEST FWY,CYPRESS,TX,77433
2891,159 ALDINE BENDER RD STE 161,HOUSTON,TX,77060
2892,13071 W LAKE HOUSTON PKWY,HOUSTON,TX,77044
2893,5109 FM 2351 RD,FRIENDSWOOD,TX,77546
2894,3503 S SAM HOUSTON PKWY E STE 100,HOUSTON,TX,77047
2895,3207 GREENHOUSE RD STE A,HOUSTON,TX,77084
2896,1004 ALDINE BENDER RD,HOUSTON,TX,77032
2897,942 CYPRESS CREEK PKWY,HOUSTON,TX,77090
2898,159 SHARPSTOWN CTR STE 106,HOUSTON,TX,77036
2899,6526 W 43RD ST STE B,HOUSTON,TX,77092
2900,23119 COLONIAL PKWY UNIT A13B,KATY,TX,77449
2901,8003 ANTOINE DR,HOUSTON,TX,77088
2902,1602 SAN JACINTO ST,HOUSTON,TX,77002
2903,9908 BEECHNUT ST STE E,HOUSTON,TX,77036
2904,13745 CROSBY FWY,HOUSTON,TX,77049
2905,13345 BRIAR FOREST DR STE B,HOUSTON,TX,77077
2906,11209 BELLAIRE BLVD STE C-29A,HOUSTON,TX,77072
2907,4368 TELEPHONE RD,HOUSTON,TX,77087
2908,3033 S LOOP W STE B,HOUSTON,TX,77054
2909,5800 BELLAIRE BLVD STE 3,HOUSTON,TX,77081
2910,6512 S RICE AVE,BELLAIRE,TX,77401
2911,1198 WILLOWBROOK MALL,HOUSTON,TX,77070
2912,1811 W MOUNT HOUSTON RD,HOUSTON,TX,77038
2913,705 FREEPORT ST,HOUSTON,TX,77015
2914,3939 HILLCROFT ST STE 110,HOUSTON,TX,77057
2915,814 FLANNERS CT,SPRING,TX,77373
2916,8650 N SAM HOUSTON PKWY E STE 160A,HUMBLE,TX,77396
2917,8813 AIRLINE DR # C36,HOUSTON,TX,77037
2918,12657 BISSONNET ST,HOUSTON,TX,77099
2919,9001 LOUETTA RD,SPRING,TX,77379
2920,23307 ALDINE WESTFIELD RD,SPRING,TX,77373
2921,2137 BERING DR,HOUSTON,TX,77057
2922,1035 UVALDE RD,HOUSTON,TX,77015
2923,4020 SYNOTT RD STE 50,HOUSTON,TX,77082
2924,2110 JAMES BOWIE DR,BAYTOWN,TX,77520
2925,1020 CYPRESS CREEK PKWY STE 6,HOUSTON,TX,77090
2926,2502 HARDY ST,HOUSTON,TX,77009
2927,3520 REED RD,HOUSTON,TX,77051
2928,140 APPLEWHITE DR # 172,KATY,TX,77450
2929,9247 MANCHESTER ST,HOUSTON,TX,77012
2930,5602 ALLENDALE RD,HOUSTON,TX,77017
2931,6004 N SHEPHERD DR,HOUSTON,TX,77091
2932,8610 COMPTON ST,HOUSTON,TX,77016
2933,2901 WALNUT BEND LN,HOUSTON,TX,77042
2934,510 CROSSTIMBERS ST,HOUSTON,TX,77022
2935,150 W EL DORADO BLVD,FRIENDSWOOD,TX,77546
2936,12347 FONDREN RD,HOUSTON,TX,77035
2937,27620 STATE HIGHWAY 249 STE A8,TOMBALL,TX,77375
2938,11020 KATY FWY STE 110,HOUSTON,TX,77043
2939,12315 BELLAIRE BLVD STE 300,HOUSTON,TX,77072
2940,14530 WALLISVILLE RD,HOUSTON,TX,77049
2941,5264 W 34TH ST,HOUSTON,TX,77092
2942,3820 N FRY RD,KATY,TX,77449
2943,8820 STELLA LINK RD,HOUSTON,TX,77025
2944,8914 WEST RD,HOUSTON,TX,77064
2945,9635 SCOTT ST,HOUSTON,TX,77051
2946,17111 CYPRESS ROSEHILL RD # 1,CYPRESS,TX,77429
2947,8077 FM 1960 RD E # B,HUMBLE,TX,77346
2948,5106 BISSONNET ST STE C,BELLAIRE,TX,77401
2949,9000 SPENCER HWY,LA PORTE,TX,77571
2950,10736 SPENCER HWY,LA PORTE,TX,77571
2951,717 W MAIN ST,BAYTOWN,TX,77520
2952,5347 ANTOINE DR,HOUSTON,TX,77091
2953,14238 STATE HIGHWAY 249,HOUSTON,TX,77086
2954,3029 S RICHEY ST,HOUSTON,TX,77017
2955,14243 MINETTA ST,HOUSTON,TX,77035
2956,6199 GRIGGS RD,HOUSTON,TX,77023
2957,6130 WERNER ST,HOUSTON,TX,77076
2958,625 FANNIN ST,HOUSTON,TX,77002
2959,802 RANKIN RD,HOUSTON,TX,77073
2960,5910 WEST LOOP S,BELLAIRE,TX,77401
2961,8830 DENTON ST STE A,HOUSTON,TX,77028
2962,909 E RICHEY RD,HOUSTON,TX,77073
2963,32089 FM 1485 RD,NEW CANEY,TX,77357
2964,3941 FONDREN RD,HOUSTON,TX,77063
2965,29220 HUFFMAN CLEVELAND RD UNIT A,HUFFMAN,TX,77336
2966,4203 RED BLUFF RD,PASADENA,TX,77503
2967,1701 MCCARTY ST,HOUSTON,TX,77029
2968,6001 YALE ST,HOUSTON,TX,77076
2969,5815 FRANZ RD STE B,KATY,TX,77493
2970,1401 STERRETT ST STE 103,HOUSTON,TX,77002
2971,12600 BISSONNET ST STE A5,HOUSTON,TX,77099
2972,3317 LYONS AVE,HOUSTON,TX,77020
2973,7605 DASHWOOD DR,HOUSTON,TX,77036
2974,8217 LOUETTA RD,SPRING,TX,77379
2975,2811 COLLINGSWORTH ST,HOUSTON,TX,77026
2976,1740 JENKINS RD,PASADENA,TX,77506
2977,12170 ALMEDA RD,HOUSTON,TX,77045
2978,4625 LAURA KOPPE RD,HOUSTON,TX,77016
2979,29300 HIGHWAY 290 STE 1124,CYPRESS,TX,77433
2980,10488 KATY FWY,HOUSTON,TX,77043
2981,6002 S GESSNER RD # A,HOUSTON,TX,77036
2982,7545 PARK PLACE BLVD STE A,HOUSTON,TX,77087
2983,9280 BELLAIRE BLVD,HOUSTON,TX,77036
2984,3329 ANITA ST,HOUSTON,TX,77004
2985,3050 FRY RD,KATY,TX,77449
2986,14741 CHAPMAN WOODS XING APT 511,HOUSTON,TX,77044
2987,4901 W PASADENA BLVD STE A,DEER PARK,TX,77536
2988,14525 BOUDREAUX RD,TOMBALL,TX,77377
2989,11700 BARKER CYPRESS RD STE E,CYPRESS,TX,77433
2990,2722 CENTER ST,DEER PARK,TX,77536
2991,17835 GRANT RD,CYPRESS,TX,77429
2992,2539 PRESTON AVE,PASADENA,TX,77503
2993,3419 W OREM DR STE I,HOUSTON,TX,77045
2994,11212 PERRY RD STE D,HOUSTON,TX,77064
2995,7605 DASHWOOD DR STE E,HOUSTON,TX,77036
2996,2720 CHAPMAN ST,HOUSTON,TX,77009
2997,8104 W TIDWELL RD STE L,HOUSTON,TX,77040
2998,4620 WASHINGTON AVE,HOUSTON,TX,77007
2999,13433 STATE HIGHWAY 249 STE 8,HOUSTON,TX,77086
3000,6345 WINDSWEPT LN STE 1,HOUSTON,TX,77057
3001,3507 PAINTBRUSH DAWN CT,KATY,TX,77493
3002,2412 PASADENA BLVD STE A,PASADENA,TX,77502
3003,6345 WINDSWEPT LN,HOUSTON,TX,77057
3004,23119 COLONIAL PKWY STE 25,KATY,TX,77449
3005,25111 GOSLING RD,SPRING,TX,77389
3006,3800 IRVINGTON BLVD,HOUSTON,TX,77009
3007,6750 TELEPHONE RD,HOUSTON,TX,77061
3008,16902 TUCKERTON RD,HOUSTON,TX,77095
3009,9230 JENSEN DR STE C,HOUSTON,TX,77093
3010,8021 N MAIN ST,HOUSTON,TX,77022
3011,5827 N SAM HOUSTON PKWY E,HUMBLE,TX,77396
3012,4718 LOCKWOOD DR,HOUSTON,TX,77026
3013,792 NORMANDY ST,HOUSTON,TX,77015
3014,767 KENRICK DR STE 100,HOUSTON,TX,77060
3015,8641 SCOTT ST,HOUSTON,TX,77051
3016,11404 MARTIN LUTHER KING BLVD,HOUSTON,TX,77048
3017,7433 1/2 BISSONNET ST,HOUSTON,TX,77074
3018,1700 POST OAK BLVD STE 600,HOUSTON,TX,77056
3019,9645 HOMESTEAD RD,HOUSTON,TX,77016
3020,5226 REGAL GEM LN,KATY,TX,77493
3021,2332 NASA PKWY,HOUSTON,TX,77058
3022,12141 WESTHEIMER RD,HOUSTON,TX,77077
3023,9665 FM 1960 BYPASS RD W,HUMBLE,TX,77338
3024,4303 CHARRITON DR,HOUSTON,TX,77039
3025,6030 DASHWOOD DR,HOUSTON,TX,77081
3026,18038 UPPER BAY RD,NASSAU BAY,TX,77058
3027,11730 GREEN RIVER DR,HOUSTON,TX,77044
3028,1743 FRY RD,KATY,TX,77449
3029,1544 COLLEGE AVE,SOUTH HOUSTON,TX,77587
3030,1310 JASMINE ST STE A,WEBSTER,TX,77598
3031,6837 LONG DR,HOUSTON,TX,77087
3032,21202 KINGSLAND BLVD STE A,KATY,TX,77450
3033,28550 HIGHWAY 290,CYPRESS,TX,77433
3034,9503 JONES RD,HOUSTON,TX,77065
3035,3815 WESTHEIMER RD,HOUSTON,TX,77027
3036,5251 FM 2920 RD,SPRING,TX,77388
3037,7755 W BELLFORT ST,HOUSTON,TX,77071
3038,4517 KINGWOOD DR,KINGWOOD,TX,77345
3039,3131 CAMPBELL RD,HOUSTON,TX,77080
3040,1630 SPENCER HWY,SOUTH HOUSTON,TX,77587
3041,612 N VICTORY DR,HOUSTON,TX,77088
3042,2121 FM 2920 RD,SPRING,TX,77388
3043,9301 SPENCER HWY,DEER PARK,TX,77536
3044,5225 BUFFALO SPEEDWAY,HOUSTON,TX,77005
3045,20311 CHAMPION FOREST DR,SPRING,TX,77379
3046,2121 W BAKER RD,BAYTOWN,TX,77521
3047,14100 SPRING CYPRESS,CYPRESS,TX,77429
3048,12603 TELGE RD APT H-8,CYPRESS,TX,77429
3049,6210 FAIRMONT PKWY,PASADENA,TX,77505
3050,12131 NORTHPOINTE BLVD,TOMBALL,TX,77377
3051,9722 FRY RD,CYPRESS,TX,77433
3052,2300 N SHEPHERD DR,HOUSTON,TX,77008
3053,1701 W ALABAMA ST,HOUSTON,TX,77098
3054,10439 ANTRIM LN,LA PORTE,TX,77571
3055,9275 RICHMOND AVE STE 184,HOUSTON,TX,77063
3056,10100 BEECHNUT ST,HOUSTON,TX,77072
3057,14100 SPRING CYPRESS RD,CYPRESS,TX,77429
3058,6430 GARTH RD,BAYTOWN,TX,77521
3059,1550 FRY RD,HOUSTON,TX,77084
3060,10919 LOUETTA RD,HOUSTON,TX,77070
3061,26500 KUYKENDAHL RD,TOMBALL,TX,77375
3062,3500 GARTH RD,BAYTOWN,TX,77521
3063,7405 FM 1960 RD E,ATASCOCITA,TX,77346
3064,4955 HIGHWAY 6 N,HOUSTON,TX,77084
3065,9710 KATY FWY,HOUSTON,TX,77055
3066,4701 EAST BLVD,DEER PARK,TX,77536
3067,3501 CLEAR LAKE CITY BLVD,HOUSTON,TX,77059
3068,28520 TOMBALL PKWY,TOMBALL,TX,77375
3069,12009 NORTHWEST FWY,HOUSTON,TX,77092
3070,12035 ANTOINE DR,HOUSTON,TX,77066
3071,10251 KEMPWOOD DR,HOUSTON,TX,77043
3072,5895 SAN FELIPE ST,HOUSTON,TX,77057
3073,2929 FM 1960 RD,HOUSTON,TX,77073
3074,14498 BELLAIRE BLVD,HOUSTON,TX,77083
3075,4625 WINDFERN RD,HOUSTON,TX,77041
3076,11815 WESTHEIMER RD,HOUSTON,TX,77077
3077,3800 LITTLE YORK RD,HOUSTON,TX,77093
3078,1621 S MASON RD,KATY,TX,77450
3079,7310 LOUETTA RD,SPRING,TX,77379
3080,6100 W FUQUA ST,HOUSTON,TX,77085
3081,9828 BLACKHAWK BLVD,HOUSTON,TX,77075
3082,5106 BISSONNET ST,BELLAIRE,TX,77401
3083,5609 UVALDE RD,HOUSTON,TX,77049
3084,4504 STANFORD CT,HOUSTON,TX,77041
3085,9526 N SAM HOUSTON PKWY E STE 3100,HUMBLE,TX,77396
3086,12637 BISSONNET ST,HOUSTON,TX,77099
3087,4131 BENNINGTON ST,HOUSTON,TX,77016
3088,1720 WEST LOOP N,HOUSTON,TX,77008
3089,5715 PURPLE SAGE RD,HOUSTON,TX,77049
3090,28404 HIGHWAY 290 STE G15,CYPRESS,TX,77433
3091,6550 RANCHESTER DR,HOUSTON,TX,77036
3092,8934 CULLEN BLVD,HOUSTON,TX,77051
3093,403 LATHROP ST,HOUSTON,TX,77020
3094,7302 HURTGEN FOREST RD,HOUSTON,TX,77033
3095,35523 HIGHWAY 290 BYP STE B,WALLER,TX,77484
3096,1420 KATY FORT BEND RD STE 130,KATY,TX,77493
3097,114 MAIN ST,HOUSTON,TX,77002
3098,205 E NASA PKWY,WEBSTER,TX,77598
3099,14954 MESA DR # 113,HUMBLE,TX,77396
3100,6015 HILLCROFT ST STE 1300,HOUSTON,TX,77081
3101,13867 CYPRESS NORTH HOUSTON RD STE A,CYPRESS,TX,77429
3102,1515 WALNUT BEND LN,HOUSTON,TX,77042
3103,620 KATY FORT BEND RD STE 320,KATY,TX,77494
3104,6203 BOURGEOIS RD,HOUSTON,TX,77066
3105,3856 S DAIRY ASHFORD ST,HOUSTON,TX,77082
3106,4003 RUSTIC WOODS DR STE C,KINGWOOD,TX,77339
3107,3109 LAURA KOPPE RD,HOUSTON,TX,77093
3108,13954 OLD HUMBLE RD,HUMBLE,TX,77396
3109,3613 RED BLUFF RD,PASADENA,TX,77503
3110,8585 WOODWAY DR APT 1114,HOUSTON,TX,77063
3111,16815 POPLAR HILL ST,HOUSTON,TX,77095
3112,2800 S RICHEY ST,HOUSTON,TX,77017
3113,6130 IRVINGTON BLVD,HOUSTON,TX,77022
3114,9822 FRY RD STE 160,CYPRESS,TX,77433
3115,8650 BARKER CYPRESS RD,CYPRESS,TX,77433
3116,7676 HILLMONT ST STE 108,HOUSTON,TX,77040
3117,20221 CLAY RD STE A,KATY,TX,77449
3118,8619 RICHMOND AVE STE 500B,HOUSTON,TX,77063
3119,2309 BINGLE RD,HOUSTON,TX,77055
3120,5718 WESTHEIMER RD STE 1000,HOUSTON,TX,77057
3121,510 ALDINE BENDER RD,HOUSTON,TX,77060
3122,2840 BROADWAY ST,HOUSTON,TX,77017
3123,10302 HARWIN DR STE A,HOUSTON,TX,77036
3124,11309 FAIRMONT ST,HOUSTON,TX,77035
3125,7724 DECKER DR STE B,BAYTOWN,TX,77520
3126,9945 BARKER CYPRESS RD STE 126,CYPRESS,TX,77433
3127,1904 EL MAR LN,SEABROOK,TX,77586
3128,8011 ELVERA ST,HOUSTON,TX,77012
3129,8805 HOMESTEAD RD,HOUSTON,TX,77016
3130,300 MEYERLAND PLAZA MALL,HOUSTON,TX,77096
3131,6530 W 43RD ST,HOUSTON,TX,77092
3132,3433 W FUQUA ST,HOUSTON,TX,77045
3133,1732 RICHMOND AVE STE A,HOUSTON,TX,77098
3134,2902 MANGUM RD,HOUSTON,TX,77092
3135,9405 JENSEN DR,HOUSTON,TX,77093
3136,2239 N MASON RD STE 105,KATY,TX,77449
3137,9140 LONG POINT RD,HOUSTON,TX,77055
3138,3403 MARIS WAY,HUMBLE,TX,77338
3139,8807 LOMAX ST,HOUSTON,TX,77093
3140,1110 SEAMIST DR,HOUSTON,TX,77008
3141,817 SHELDON RD,CHANNELVIEW,TX,77530
3142,222 MASON CREEK DR APT 231,KATY,TX,77450
3143,7001 5TH ST,BELLAIRE,TX,77401
3144,3737 BURKETT ST APT 41D,HOUSTON,TX,77004
3145,10080 VETERANS MEMORIAL DR,HOUSTON,TX,77038
3146,505 MAXEY RD STE C,HOUSTON,TX,77013
3147,8169 ANTOINE DR,HOUSTON,TX,77088
3148,505 S FRY RD,KATY,TX,77450
3149,5319 SELINSKY RD,HOUSTON,TX,77048
3150,10901 MARKET ST,HOUSTON,TX,77029
3151,17689 STATE HIGHWAY 249,HOUSTON,TX,77064
3152,3337 TELEPHONE RD,HOUSTON,TX,77023
3153,24910 KUYKENDAHL RD STE D,TOMBALL,TX,77375
3154,12131 NORTHPOINTE BLVD STE 3,TOMBALL,TX,77377
3155,402 EDGEBROOK DR,HOUSTON,TX,77034
3156,2919 BARKER CYPRESS RD STE E,HOUSTON,TX,77084
3157,14422 STUEBNER AIRLINE RD,HOUSTON,TX,77069
3158,21502 ALDINE WESTFIELD RD STE D,HUMBLE,TX,77338
3159,6250 WESTPARK DR STE 232,HOUSTON,TX,77057
3160,2440 CANAL ST,HOUSTON,TX,77003
3161,29300 HIGHWAY 290 STE 211,CYPRESS,TX,77433
3162,8257 CREEKBEND DR,HOUSTON,TX,77071
3163,30 LYERLY ST STE 4,HOUSTON,TX,77022
3164,16945 N ELDRIDGE PKWY STE 200,TOMBALL,TX,77377
3165,2500 GESSNER RD,HOUSTON,TX,77080
3166,24818 MORTON RANCH RD STE 200,KATY,TX,77493
3167,20431 IMPERIAL VALLEY DR,HOUSTON,TX,77073
3168,6500 SANDS POINT DR APT 306,HOUSTON,TX,77074
3169,14030 TELGE RD STE D,CYPRESS,TX,77429
3170,3910 TRI CITY BEACH RD # C,BAYTOWN,TX,77523
3171,2615 MILLS BRANCH DR STE B,KINGWOOD,TX,77345
3172,2311 LITTLE YORK RD STE B,HOUSTON,TX,77093
3173,9803 W FAIRMONT PKWY,LA PORTE,TX,77571
3174,4902 TIDWELL RD,HOUSTON,TX,77016
3175,17070 SATURN LN,HOUSTON,TX,77058
3176,6402 N WAYSIDE DR,HOUSTON,TX,77028
3177,5880 RANCHESTER DR STE 450,HOUSTON,TX,77036
3178,11302 SPACE CENTER BLVD STE B4,HOUSTON,TX,77059
3179,11078 VETERANS MEMORIAL DR # 360,HOUSTON,TX,77067
3180,912 1/2 76TH ST STE A,HOUSTON,TX,77012
3181,9441 CULLEN BLVD STE A7,HOUSTON,TX,77051
3182,23410 SNOOK LN STE C4,TOMBALL,TX,77375
3183,1802 RICHMOND AVE,HOUSTON,TX,77098
3184,5900 RENWICK DR,HOUSTON,TX,77081
3185,3101 WISCONSIN ST,BAYTOWN,TX,77520
3186,7804 ALMEDA RD,HOUSTON,TX,77054
3187,743 N SAM HOUSTON PKWY E,HOUSTON,TX,77060
3188,19200 SPACE CENTER BLVD APT 2222,HOUSTON,TX,77058
3189,6019 ALMEDA RD,HOUSTON,TX,77004
3190,1423 GREGG ST,HOUSTON,TX,77020
3191,7979 N ELDRIDGE PKWY,HOUSTON,TX,77041
3192,11023 TELEPHONE RD STE A,HOUSTON,TX,77075
3193,7730 RENWICK DR,HOUSTON,TX,77081
3194,9211 WEST RD STE 127,HOUSTON,TX,77064
3195,9291 S SAM HOUSTON PKWY E STE 300,HOUSTON,TX,77075
3196,9480 LONG POINT RD,HOUSTON,TX,77055
3197,819 E TIDWELL RD STE C,HOUSTON,TX,77022
3198,766 W GULF BANK RD,HOUSTON,TX,77088
3199,23053 CLAY RD STE 500,KATY,TX,77493
3200,8102 CULLEN BLVD,HOUSTON,TX,77051
3201,5230 ALDINE MAIL RD,HOUSTON,TX,77039
3202,14236 WESTHEIMER RD,HOUSTON,TX,77077
3203,5626 RENWICK DR,HOUSTON,TX,77081
3204,6310 ANTOINE DR,HOUSTON,TX,77091
3205,4727 OAKSHIRE DR APT 6,HOUSTON,TX,77027
3206,8403 TIDWELL RD,HOUSTON,TX,77028
3207,5151 ANTOINE DR # 8B,HOUSTON,TX,77092
3208,760 GULFGATE CENTER MALL,HOUSTON,TX,77087
3209,26434 LEXINGTON RD STE A,SPRING,TX,77373
3210,3818 SUN VALLEY DR,HOUSTON,TX,77025
3211,4203 RED BLUFF RD,PASADENA,TX,77503
3212,1029 HIGHWAY 6 N STE 400,HOUSTON,TX,77079
3213,12255 HUFFMEISTER RD STE C,CYPRESS,TX,77429
3214,1806 AVENUE D STE 101,KATY,TX,77493
3215,2221 PARKER RD,HOUSTON,TX,77093
3216,26835 CYPRESSWOOD DR STE 10,SPRING,TX,77373
3217,15441 S POST OAK RD,HOUSTON,TX,77053
3218,13360 NORTHBOROUGH DR,HOUSTON,TX,77067
3219,17337 SPRING CYPRESS RD STE D,CYPRESS,TX,77429
3220,6721 TELEPHONE RD,HOUSTON,TX,77061
3221,1523 LITTLE YORK RD,HOUSTON,TX,77093
3222,18546 BOCA CHICA LN,HOUSTON,TX,77084
3223,4107 FRY RD,KATY,TX,77449
3224,6409A HILLCROFT ST,HOUSTON,TX,77081
3225,11303 VETERANS MEMORIAL DR,HOUSTON,TX,77067
3226,4107 FRY RD,KATY,TX,77449
3227,5550 BINGLE RD,HOUSTON,TX,77092
3228,237 CAVALCADE ST,HOUSTON,TX,77009
3229,10610 FONDREN RD STE 102,HOUSTON,TX,77096
3230,14248 BELLAIRE BLVD STE 100,HOUSTON,TX,77083
3231,7410 SENATE AVE,JERSEY VILLAGE,TX,77040
3232,1660 W LAKE HOUSTON PKWY STE 503,KINGWOOD,TX,77339
3233,649 S MASON RD,KATY,TX,77450
3234,11402 MARTIN LUTHER KING BLVD,HOUSTON,TX,77048
3235,10625 VETERANS MEMORIAL DR STE S,HOUSTON,TX,77038
3236,5859 BISSONNET ST,BELLAIRE,TX,77401
3237,3704 KAPLAN DR,PASADENA,TX,77503
3238,1808 WIRT RD,HOUSTON,TX,77055
3239,7621 COOK RD,HOUSTON,TX,77072
3240,159 SHARPSTOWN CTR # 170,HOUSTON,TX,77036
3241,9645 S GESSNER RD,HOUSTON,TX,77071
3242,2348 BISSONNET ST,HOUSTON,TX,77005
3243,1200 BAKER ST,HOUSTON,TX,77002
3244,8095 SPENCER HWY STE A,DEER PARK,TX,77536
3245,11205 BELLAIRE BLVD STE B,HOUSTON,TX,77072
3246,4701 FM 1960 RD W,HOUSTON,TX,77069
3247,20314 KNOLLS SPRING TRL,KATY,TX,77450
3248,10341 PALESTINE ST,HOUSTON,TX,77029
3249,10611 JONES RD STE E,HOUSTON,TX,77065
3250,7555 SCOTT ST,HOUSTON,TX,77021
3251,4422 W OREM DR,HOUSTON,TX,77045
3252,12811 DUNCAN RD STE A,HOUSTON,TX,77066
3253,16356 MUESCHKE RD STE B,CYPRESS,TX,77433
3254,9741 FM 1960 BYPASS RD W,HUMBLE,TX,77338
3255,9331 S GESSNER RD,HOUSTON,TX,77074
3256,924 CYPRESS CREEK PKWY,HOUSTON,TX,77090
3257,5375 W RICHEY RD,HOUSTON,TX,77066
3258,4725 TELEPHONE RD,HOUSTON,TX,77087
3259,7231 FM 1960 RD W STE G,HUMBLE,TX,77338
3260,9818 FRY RD STE 120,CYPRESS,TX,77433
3261,5114 PARKCREST DR,LA PORTE,TX,77571
3262,8916A NORTH FWY,HOUSTON,TX,77037
3263,15936 WOODLAND HILLS DR STE 400,THE WOODLANDS,TX,77346
3264,12691 BISSONNET ST,HOUSTON,TX,77099
3265,7644 GESSNER RD,HOUSTON,TX,77040
3266,6524 WESTON ST,HOUSTON,TX,77021
3267,1901 S BATTLEGROUND RD,DEER PARK,TX,77536
3268,2311 STRAWBERRY RD,PASADENA,TX,77502
3269,850 UVALDE RD,HOUSTON,TX,77015
3270,14647 WOODFOREST BLVD,HOUSTON,TX,77015
3271,2102 ELROD RD,KATY,TX,77449
3272,4640 MAIN ST # 3-402,HOUSTON,TX,77002
3273,126 HEIGHTS BLVD STE 112A,HOUSTON,TX,77007
3274,3111 FONDREN RD,HOUSTON,TX,77063
3275,730 GREENS RD,HOUSTON,TX,77060
3276,8019 LAVENDER ST,HOUSTON,TX,77016
3277,3141 E FM 528 RD STE 348,FRIENDSWOOD,TX,77546
3278,2567A GESSNER RD,HOUSTON,TX,77080
3279,4120 WASHINGTON AVE,HOUSTON,TX,77007
3280,10780 WESTVIEW DR STE D,HOUSTON,TX,77043
3281,6622 EAGLE PASS ST,HOUSTON,TX,77020
3282,2905 PASADENA BLVD,PASADENA,TX,77503
3283,8550 WINKLER DR STE C,HOUSTON,TX,77017
3284,3107 BLALOCK RD,HOUSTON,TX,77080
3285,22506 STATE HIGHWAY 249,HOUSTON,TX,77070
3286,8920 SPENCER HWY STE A2,LA PORTE,TX,77571
3287,9494 HAMMERLY BLVD,HOUSTON,TX,77080
3288,6100 WESTHEIMER RD STE 150,HOUSTON,TX,77057
3289,2000 WILLOWBROOK MALL,HOUSTON,TX,77070
3290,7160 BARKER CYPRESS RD,CYPRESS,TX,77433
3291,11132 ALDINE WESTFIELD RD,HOUSTON,TX,77093
3292,4806 SPRING STUEBNER RD STE B,SPRING,TX,77389
3293,1505 FREEMAN ST,HOUSTON,TX,77009
3294,1621 UPLAND DR STE A,HOUSTON,TX,77043
3295,10633 W LITTLE YORK RD,HOUSTON,TX,77041
3296,6919 S KIRKWOOD RD,HOUSTON,TX,77072
3297,10407 SHADOW OAKS DR,HOUSTON,TX,77043
3298,4830 WILSON RD STE 300,HUMBLE,TX,77396
3299,2372 CYPRESS CREEK PKWY,HOUSTON,TX,77068
3300,10050 LONG POINT RD,HOUSTON,TX,77055
3301,9715 TOWNE LAKE PKWY,CYPRESS,TX,77433
3302,1801 CORAL ST,HOUSTON,TX,77012
3303,2850 W GRAND PKWY N,KATY,TX,77449
3304,10104 LA PORTE FWY,HOUSTON,TX,77017
3305,601 N CESAR CHAVEZ BLVD,HOUSTON,TX,77011
3306,11717 W BELLFORT ST,STAFFORD,TX,77477
3307,1818 CYPRESS CREEK PKWY,HOUSTON,TX,77090
3308,5509 RICHMOND AVE,HOUSTON,TX,77056
3309,500 BAYBROOK MALL SPC F149,FRIENDSWOOD,TX,77546
3310,216 S BROADWAY ST,LA PORTE,TX,77571
3311,11055 EAST FWY,HOUSTON,TX,77029
3312,5346 W 34TH ST,HOUSTON,TX,77092
3313,1205 DEEPWATER AVE,PASADENA,TX,77503
3314,11380 VETERANS MEMORIAL DR,HOUSTON,TX,77067
3315,9495 KEMPWOOD DR,HOUSTON,TX,77080
3316,5440 LARKIN ST,HOUSTON,TX,77007
3317,4601 RED BLUFF RD,PASADENA,TX,77503
3318,2536 SPENCER HWY UNIT 130,PASADENA,TX,77504
3319,11041 HUFFMEISTER RD,HOUSTON,TX,77065
3320,11711 BEDFORD ST STE 6,HOUSTON,TX,77031
3321,7850 FM 1960 BYPASS RD W,HUMBLE,TX,77338
3322,7410 FAIRBANKS N HOUSTON RD STE E,HOUSTON,TX,77040
3323,6315 FAIRMONT PKWY,PASADENA,TX,77505
3324,2621 AUGUSTA DR,HOUSTON,TX,77057
3325,2625 ALDINE MAIL ROUTE RD STE C,HOUSTON,TX,77039
3326,3075 GEARS RD,HOUSTON,TX,77067
3327,1535 ELTON ST,HOUSTON,TX,77034
3328,1109B BAY AREA BLVD STE B,HOUSTON,TX,77058
3329,270 EL DORADO BLVD,WEBSTER,TX,77598
3330,1001 MCKINNEY ST,HOUSTON,TX,77002
3331,10415 SHELDON RD,HOUSTON,TX,77049
3332,9846 FONDREN RD,HOUSTON,TX,77096
3333,5702 LYONS AVE,HOUSTON,TX,77020
3334,13430 FM 529 RD STE A,HOUSTON,TX,77041
3335,3250 OLD SPANISH TRL,HOUSTON,TX,77021
3336,6625 SCOTT ST,HOUSTON,TX,77021
3337,1807 W 43RD ST,HOUSTON,TX,77018
3338,5829 W AIRPORT BLVD,HOUSTON,TX,77035
3339,195 YALE ST STE 100,HOUSTON,TX,77007
3340,2716 W GRAND PKWY N STE 120,KATY,TX,77449
3341,2541 PRESTON AVE,PASADENA,TX,77503
3342,3728 WAKEFOREST ST STE B,HOUSTON,TX,77098
3343,11940 WESTHEIMER RD,HOUSTON,TX,77077
3344,12760 VETERANS MEMORIAL DR,HOUSTON,TX,77014
3345,6711 RAMPART ST STE 106,HOUSTON,TX,77081
3346,2323 CLEAR LAKE CITY BLVD STE 195,HOUSTON,TX,77062
3347,4900 ALLENDALE RD,HOUSTON,TX,77017
3348,13100 S POST OAK RD,HOUSTON,TX,77045
3349,23919 AUGUSTA FALLS LN,SPRING,TX,77389
3350,7322 SKYBRIGHT LN,HOUSTON,TX,77095
3351,10807 S POST OAK RD,HOUSTON,TX,77035
3352,6003 BELLAIRE BLVD STE H,HOUSTON,TX,77081
3353,2114 EL DORADO BLVD STE 100,FRIENDSWOOD,TX,77546
3354,715 NORMANDY ST,HOUSTON,TX,77015
3355,13340 STATE HIGHWAY 249,HOUSTON,TX,77086
3356,7060 BISSONNET ST,HOUSTON,TX,77074
3357,3722 DREW ST,HOUSTON,TX,77004
3358,1704 SOUTHMORE AVE,PASADENA,TX,77502
3359,8302 SULTAN DR,HOUSTON,TX,77078
3360,2531 UNIVERSITY BLVD,HOUSTON,TX,77005
3361,12814 HEMPSTEAD RD,HOUSTON,TX,77092
3362,11132 ALDINE WESTFIELD RD,HOUSTON,TX,77093
3363,2455 ELDRIDGE PKWY,HOUSTON,TX,77077
3364,9525 WESTHEIMER RD,HOUSTON,TX,77063
3365,6697 HILLCROFT ST,HOUSTON,TX,77081
3366,4349 N MAIN ST,BAYTOWN,TX,77521
3367,381 EL DORADO BLVD # 381,WEBSTER,TX,77598
3368,23240 NORTHWEST FWY,CYPRESS,TX,77429
3369,5800 ALMEDA RD,HOUSTON,TX,77004
3370,502 W MOUNT HOUSTON RD,HOUSTON,TX,77037
3371,7807 FM 1960 BYPASS RD W,HUMBLE,TX,77338
3372,17005 STATE HIGHWAY 249 STE 300,HOUSTON,TX,77064
3373,1117 SPENCER HWY,SOUTH HOUSTON,TX,77587
3374,4211 CAROLINE ST STE C,HOUSTON,TX,77004
3375,10923 BRADFORD WAY DR,HOUSTON,TX,77075
3376,11423 VETERANS MEMORIAL DR STE 103,HOUSTON,TX,77067
3377,1418 GESSNER RD STE B,HOUSTON,TX,77080
3378,9822 N HOUSTON ROSSLYN RD,HOUSTON,TX,77088
3379,11730 S SAM HOUSTON PKWY W,HOUSTON,TX,77031
3380,4850 E WALLISVILLE RD,BAYTOWN,TX,77521
3381,7055 HIGHWAY 6 N STE A,HOUSTON,TX,77095
3382,4347 FIELD MEADOW DR,KATY,TX,77449
3383,17126 PINE FOREST LN,HOUSTON,TX,77084
3384,440 W LITTLE YORK RD UNIT B,HOUSTON,TX,77076
3385,120 VICTORIAN LN,HIGHLANDS,TX,77562
3386,13602 HIRAM CLARKE RD STE A,HOUSTON,TX,77045
3387,5313 SCOTT ST,HOUSTON,TX,77004
3388,7603 MARTIN LUTHER KING BLVD STE C,HOUSTON,TX,77033
3389,6241 WESTHEIMER RD,HOUSTON,TX,77057
3390,10900 MYKAWA RD,HOUSTON,TX,77048
3391,21411 CLAY RD STE B,KATY,TX,77449
3392,9798 BELLAIRE BLVD STE M,HOUSTON,TX,77036
3393,537 KIRBY RD,SEABROOK,TX,77586
3394,7661 W LITTLE YORK RD,HOUSTON,TX,77040
3395,14130 OLD HUMBLE RD,HUMBLE,TX,77396
3396,3100 FM 528 RD,WEBSTER,TX,77598
3397,7042 BISSONNET ST,HOUSTON,TX,77074
3398,747 KRESS ST,HOUSTON,TX,77020
3399,1525 S MASON RD,KATY,TX,77450
3400,6569 ATASCOCITA RD,HUMBLE,TX,77346
3401,10100 BEECHNUT ST STE 130,HOUSTON,TX,77072
3402,1460 WILCREST DR,HOUSTON,TX,77042
3403,11801 GLOGER ST,HOUSTON,TX,77039
3404,4607 HIGHWAY 6 N STE 100,HOUSTON,TX,77084
3405,14929 STATE HIGHWAY 249,HOUSTON,TX,77086
3406,13051 FM 529 RD,HOUSTON,TX,77041
3407,20153 FM 2920 RD STE B6,TOMBALL,TX,77377
3408,1910 HOPPER RD,HOUSTON,TX,77093
3409,5104 S SHAVER ST,HOUSTON,TX,77034
3410,1906 SOUTHMORE AVE,PASADENA,TX,77502
3411,9415 KATY FWY,HEDWIG VILLAGE,TX,77024
3412,714 UVALDE RD,HOUSTON,TX,77015
3413,2411 W ALABAMA ST,HOUSTON,TX,77098
3414,414 W GREENS RD,HOUSTON,TX,77067
3415,2616 WINROCK BLVD,HOUSTON,TX,77057
3416,100 N ALEXANDER DR,BAYTOWN,TX,77520
3417,4519 GARTH RD,BAYTOWN,TX,77521
3418,1003 STUDEMONT ST,HOUSTON,TX,77007
3419,6307 DUMFRIES DR,HOUSTON,TX,77096
3420,4140 FAIRMONT PKWY,PASADENA,TX,77504
3421,7880 ROCKHILL ST STE B,HOUSTON,TX,77061
3422,2531 CHESTNUT RIDGE DR,KINGWOOD,TX,77339
3423,14145 CORPUS CHRISTI ST,HOUSTON,TX,77015
3424,174 YALE ST STE 800,HOUSTON,TX,77007
3425,1431 SHAWNEE ST,HOUSTON,TX,77034
3426,4519 GRIGGS RD,HOUSTON,TX,77021
3427,13626 VETERANS MEMORIAL DR STE H,HOUSTON,TX,77014
3428,6751 BISSONNET ST,HOUSTON,TX,77074
3429,929 FEDERAL RD STE A,HOUSTON,TX,77015
3430,3634 GARTH RD STE A,BAYTOWN,TX,77521
3431,5615 S WAYSIDE DR STE 400&500,HOUSTON,TX,77087
3432,19430 LONGENBAUGH RD,CYPRESS,TX,77433
3433,11975 TIDWELL RD STE A,HOUSTON,TX,77044
3434,411 MAIN ST,HOUSTON,TX,77002
3435,9804 JONES RD STE B,HOUSTON,TX,77065
3436,3220 FM 528 RD,FRIENDSWOOD,TX,77546
3437,3344 CHIMNEY ROCK RD,HOUSTON,TX,77056
3438,14226 CHEVY CHASE DR,HOUSTON,TX,77077
3439,1111 NAGLE ST,HOUSTON,TX,77003
3440,2110 GREENHOUSE RD STE A,HOUSTON,TX,77084
3441,2835 ANTOINE DR STE B,HOUSTON,TX,77092
3442,2401 W LITTLE YORK RD,HOUSTON,TX,77091
3443,23119 COLONIAL PKWY STE B15,KATY,TX,77449
3444,6101 GLENMONT DR STE A,HOUSTON,TX,77081
3445,9005 IRVINGTON BLVD,HOUSTON,TX,77022
3446,2718 SCOTT ST,HOUSTON,TX,77004
3447,901 FAIR OAKS RD,HOUSTON,TX,77023
3448,7239 FAIRBANKS N HOUSTON RD STE 1,HOUSTON,TX,77040
3449,12655 STATE HIGHWAY 249,HOUSTON,TX,77086
3450,2424 DUNSTAN RD,HOUSTON,TX,77005
3451,5505 PAGEWOOD LN,HOUSTON,TX,77056
3452,6130 PINEMONT DR,HOUSTON,TX,77092
3453,12228 ANTOINE DR STE C,HOUSTON,TX,77066
3454,10017 W MONTGOMERY RD,HOUSTON,TX,77088
3455,7026 SCOTT ST,HOUSTON,TX,77021
3456,14850 WUNDERLICH DR,HOUSTON,TX,77069
3457,7004 BELLFORT ST,HOUSTON,TX,77087
3458,4880 LOUETTA RD,SPRING,TX,77388
3459,520 W MAIN ST,TOMBALL,TX,77375
3460,9938 BELLAIRE BLVD STE E,HOUSTON,TX,77036
3461,23119 COLONIAL PKWY STE A12,KATY,TX,77449
3462,6206 DECKER DR,BAYTOWN,TX,77520
3463,9611 KEMPWOOD DR,HOUSTON,TX,77080
3464,9111 CYPRESS CREEK PKWY STE B,HOUSTON,TX,77070
3465,4923 LOUETTA RD,SPRING,TX,77379
3466,8631 BEECHNUT ST,HOUSTON,TX,77036
3467,12325 EAST FWY,HOUSTON,TX,77015
3468,888 WESTHEIMER RD STE 157,HOUSTON,TX,77006
3469,11511 KATY FWY STE 640,HOUSTON,TX,77079
3470,3040 FM 1960 RD STE 156,HOUSTON,TX,77073
3471,2930 E WALLISVILLE RD,HIGHLANDS,TX,77562
3472,5403 SONORA ST,HOUSTON,TX,77020
3473,6172 HIGHWAY 6 N,HOUSTON,TX,77084
3474,27722 STATE HIGHWAY 249,TOMBALL,TX,77375
3475,15222 RIO PLAZA DR,HOUSTON,TX,77083
3476,7127 FANNIN ST,HOUSTON,TX,77030
3477,12205 WEST RD,HOUSTON,TX,77065
3478,7055 HIGHWAY 6 N STE A,HOUSTON,TX,77095
3479,11360 BELLAIRE BLVD STE 710,HOUSTON,TX,77072
3480,20708 KUYKENDAHL RD,SPRING,TX,77379
3481,22506 STATE HIGHWAY 249,HOUSTON,TX,77070
3482,11078 VETERANS MEMORIAL DR,HOUSTON,TX,77067
3483,14519 CULLEN BLVD STE A,HOUSTON,TX,77047
3484,630 S SAM HOUSTON PKWY W STE A,HOUSTON,TX,77047
3485,426 E LITTLE YORK RD,HOUSTON,TX,77076
3486,227 N MAIN ST STE B,HIGHLANDS,TX,77562
3487,12289 W HOUSTON CENTER BLVD STE C,HOUSTON,TX,77082
3488,1418 GEARS RD STE A,HOUSTON,TX,77067
3489,4145 GESSNER RD STE A,HOUSTON,TX,77080
3490,10103 FONDREN RD STE 1000,HOUSTON,TX,77096
3491,2600 CALLIE ST,HOUSTON,TX,77004
3492,2520 AIRLINE DR # G752,HOUSTON,TX,77009
3493,12039 ANTOINE DR STE 180,HOUSTON,TX,77066
3494,2239 RICHMOND AVE,HOUSTON,TX,77098
3495,5960 FAIRMONT PKWY STE 110,PASADENA,TX,77505
3496,3001 WOODLAND HILLS DR,KINGWOOD,TX,77339
3497,3370 SHAVER ST,PASADENA,TX,77504
3498,1291 N POST OAK RD STE 120,HOUSTON,TX,77055
3499,11831 RUBY SUMMERS RD,HOUSTON,TX,77089
3500,12485 SCARSDALE BLVD STE G,HOUSTON,TX,77089
3501,9025 WINKLER DR,HOUSTON,TX,77017
3502,3418 GARTH RD,BAYTOWN,TX,77521
3503,8141 N MAIN ST STE A,BAYTOWN,TX,77521
3504,14020 HIGHWAY 3 STE 130,WEBSTER,TX,77598
3505,6459 HILLCROFT ST,HOUSTON,TX,77081
3506,2406 LEELAND ST,HOUSTON,TX,77003
3507,1020 CYPRESS CREEK PKWY STE 9,HOUSTON,TX,77090
3508,1511 W 18TH ST,HOUSTON,TX,77008
3509,2601 BAYLOR ST,HOUSTON,TX,77009
3510,9407 RICHMOND AVE UNIT B,HOUSTON,TX,77063
3511,1509 W 18TH ST,HOUSTON,TX,77008
3512,8821 ANTOINE DR STE B,HOUSTON,TX,77088
3513,5210 FM 2920 RD STE 400,SPRING,TX,77388
3514,14001 MEMORIAL DR UNIT A148,HOUSTON,TX,77079
3515,14330 INTERDRIVE W,HOUSTON,TX,77032
3516,3814 COLLINGSWORTH ST,HOUSTON,TX,77026
3517,10241 NORTH FREEWAY,HOUSTON,TX,77037
3518,3637 SUNBEAM ST,HOUSTON,TX,77051
3519,105 KENNINGS RD STE 1A,CROSBY,TX,77532
3520,9000 FONDREN RD APT 168,HOUSTON,TX,77074
3521,7487 W SAM HOUSTON PKWY S,HOUSTON,TX,77036
3522,1980 POST OAK BLVD STE 100 SPC 5134,HOUSTON,TX,77056
3523,2403 NAOMI ST UNIT 11,HOUSTON,TX,77054
3524,5319 FM 1960 RD E STE N,HUMBLE,TX,77346
3525,8925 FALLBROOK DR STE 700,HOUSTON,TX,77064
3526,6790 SYNOTT RD,HOUSTON,TX,77083
3527,4750 ALDINE MAIL RD,HOUSTON,TX,77039
3528,18744 KENSWICK DR,HUMBLE,TX,77338
3529,7411 LONG POINT RD,HOUSTON,TX,77055
3530,10533 WIGGINS ST,JACINTO CITY,TX,77029
3531,1811 W MOUNT HOUSTON RD,HOUSTON,TX,77038
3532,342 S MASON RD,KATY,TX,77450
3533,4919 N MAIN ST STE 200,BAYTOWN,TX,77521
3534,1257 HOLLYWOOD ST,HOUSTON,TX,77015
3535,7721 BELLFORT ST,HOUSTON,TX,77061
3536,10241 NORTH FREEWAY,HOUSTON,TX,77037
3537,7915 DE PRIEST ST,HOUSTON,TX,77088
3538,3752 S GESSNER RD,HOUSTON,TX,77063
3539,2633 WINROCK BLVD,HOUSTON,TX,77057
3540,20611 FM 529 STE 105,CYPRESS,TX,77433
3541,11411 N SAM HOUSTON PKWY E STE 138,HUMBLE,TX,77396
3542,6650 BELLFORT ST,HOUSTON,TX,77087
3543,13125 VETERANS MEMORIAL DR,HOUSTON,TX,77014
3544,12620 FM 1960 RD W STE NO.C6,HOUSTON,TX,77065
3545,3719 LOCKWOOD DR,HOUSTON,TX,77026
3546,2450 HIGHWAY 6 S STE A,HOUSTON,TX,77077
3547,9789 BEECHNUT ST,HOUSTON,TX,77036
3548,8401 WESTHEIMER RD STE 105,HOUSTON,TX,77063
3549,5500 EAST SAM HOUSTON PKWY N,HOUSTON,TX,77015
3550,3305 HIGHWAY 90 STE 100B,CROSBY,TX,77532
3551,13806 SUNSET VIEW DR,HOUSTON,TX,77083
3552,10769 EASTEX FWY STE F,HOUSTON,TX,77093
3553,10150 ANTOINE DR STE 200,HOUSTON,TX,77086
3554,9411 MONT ELLIE LN,TOMBALL,TX,77375
3555,605 E TEXAS AVE,BAYTOWN,TX,77520
3556,1078 BAYBROOK MALL,FRIENDSWOOD,TX,77546
3557,5034 LUELLA AVE,DEER PARK,TX,77536
3558,11886 WILCREST DR,HOUSTON,TX,77031
3559,24211 MORTON RANCH RD,KATY,TX,77493
3560,13150 FM 529 RD STE 120,HOUSTON,TX,77041
3561,9123 SCOTT ST,HOUSTON,TX,77051
3562,1415 EVERGREEN DR,HOUSTON,TX,77087
3563,1117 N ALEXANDER DR,BAYTOWN,TX,77520
3564,16634 CHAMPION FOREST DR STE 16634,SPRING,TX,77379
3565,3801 N MACGREGOR WAY,HOUSTON,TX,77004
3566,4200 DENMARK ST,HOUSTON,TX,77016
3567,3822 HOPPER RD,HOUSTON,TX,77093
3568,3404 YALE ST,HOUSTON,TX,77018
3569,12710 W LAKE HOUSTON PKWY STE G,HOUSTON,TX,77044
3570,13603 BELLAIRE BLVD,HOUSTON,TX,77083
3571,224 ALDINE BENDER RD,HOUSTON,TX,77060
3572,12425 JOHN F KENNEDY BLVD STE 106,HOUSTON,TX,77039
3573,5410 ALMEDA RD,HOUSTON,TX,77004
3574,3055 TIDWELL RD,HOUSTON,TX,77093
3575,13610 MEMORIAL DR,HOUSTON,TX,77079
3576,2122 CENTER ST,HOUSTON,TX,77007
3577,7975 BELLFORT ST STE C,HOUSTON,TX,77061
3578,5107 FM 2351 RD,FRIENDSWOOD,TX,77546
3579,6510 FM 1960 RD W,HOUSTON,TX,77069
3580,6916 ASHCROFT DR,HOUSTON,TX,77081
3581,1045 GEMINI ST,HOUSTON,TX,77058
3582,2720 BISSONNET ST,HOUSTON,TX,77005
3583,14770 STATE HIGHWAY 249,HOUSTON,TX,77086
3584,309 MARKET ST STE D,TOMBALL,TX,77375
3585,330 ROSAMOND ST,HOUSTON,TX,77076
3586,3410 ANTOINE DR,HOUSTON,TX,77092
3587,3756 FRY RD STE 2600,KATY,TX,77449
3588,14150 HUFFMEISTER RD STE 200,CYPRESS,TX,77429
3589,7240 LONG DR,HOUSTON,TX,77087
3590,2212 SHAVER ST,PASADENA,TX,77502
3591,15011 LAWNDALE ST,HOUSTON,TX,77017
3592,1107 PRESTON AVE,PASADENA,TX,77503
3593,24515 FOREST PATH CT,SPRING,TX,77373
3594,15007 LAWNDALE ST,HOUSTON,TX,77017
3595,2609 COHN ST,HOUSTON,TX,77007
3596,643 WILSON RD,HUMBLE,TX,77338
3597,937 W BAY AREA BLVD,WEBSTER,TX,77598
3598,650 W BOUGH LN STE 124,HOUSTON,TX,77024
3599,313A SIKES ST,HOUSTON,TX,77018
3600,6310 WALLISVILLE RD,HOUSTON,TX,77020
3601,4905 N SHEPHERD DR STE B,HOUSTON,TX,77018
3602,5534 SIERRA CT,PASADENA,TX,77505
3603,16215 CLAY RD STE 203,HOUSTON,TX,77084
3604,1508 AHRENS ST,HOUSTON,TX,77017
3605,3604 MANGUM RD STE A,HOUSTON,TX,77092
3606,631 UVALDE RD STE B,HOUSTON,TX,77015
3607,9440 LOUETTA RD STE 7,SPRING,TX,77379
3608,1073B SILBER RD,HOUSTON,TX,77055
3609,9129 MESA DR,HOUSTON,TX,77028
3610,14715 T C JESTER BLVD STE 300,HOUSTON,TX,77068
3611,5021 CANAL ST,HOUSTON,TX,77011
3612,9614 BEECHNUT ST STE A,HOUSTON,TX,77036
3613,11324 BEECHNUT ST,HOUSTON,TX,77072
3614,14314 BERRINGTON DR,HOUSTON,TX,77083
3615,225 E NASA PKWY STE C,WEBSTER,TX,77598
3616,1025 S SHEPHERD DR,HOUSTON,TX,77019
3617,14023 S POST OAK RD # A,HOUSTON,TX,77045
3618,6901 BEECHNUT ST,HOUSTON,TX,77074
3619,25824 CLAY RD STE D,KATY,TX,77493
3620,312 MAIN ST STE A,SOUTH HOUSTON,TX,77587
3621,8923 APPLE MILL DR,HOUSTON,TX,77095
3622,911 HARRIS AVE STE B,PASADENA,TX,77506
3623,7640 BELLFORT ST STE B,HOUSTON,TX,77061
3624,1143 LATHROP ST,HOUSTON,TX,77020
3625,5765 FAIRMONT PKWY STE 100,PASADENA,TX,77505
3626,1201 WAYSIDE DR,HOUSTON,TX,77011
3627,7997 W AIRPORT BLVD STE D,HOUSTON,TX,77071
3628,12938 CYPRESS NORTH HOUSTON RD,CYPRESS,TX,77429
3629,4321 FRIENDSWOOD LINK RD,FRIENDSWOOD,TX,77546
3630,2925 W T C JESTER BLVD STE 18,HOUSTON,TX,77018
3631,12087 BEECHNUT ST,HOUSTON,TX,77072
3632,1548B S MASON RD,KATY,TX,77450
3633,4019 PITTS RD STE 103,KATY,TX,77493
3634,9401 KATY FWY STE D,HOUSTON,TX,77024
3635,8815 FAIRBANKS N HOUSTON RD,HOUSTON,TX,77064
3636,22824 HUFSMITH KOHRVILLE RD,TOMBALL,TX,77375
3637,11035B HOMESTEAD RD,HOUSTON,TX,77016
3638,181 W DYNA DR STE E,HOUSTON,TX,77037
3639,7102 NORTH FWY STE B,HOUSTON,TX,77076
3640,18707 MATCH POINT CIR,HUMBLE,TX,77346
3641,20106 SAGEBRUSH HOLLOW DR,CYPRESS,TX,77433
3642,6004 GRIGGS RD,HOUSTON,TX,77023
3643,2200 SOUTHWEST FWY STE 100C,HOUSTON,TX,77098
3644,900 S WAYSIDE DR STE 800,HOUSTON,TX,77023
3645,2409 N MAIN ST,BAYTOWN,TX,77520
3646,1909 WASHINGTON AVE,HOUSTON,TX,77007
3647,502 S ALLEN GENOA RD,SOUTH HOUSTON,TX,77587
3648,8108 MARTIN LUTHER KING BLVD,HOUSTON,TX,77033
3649,9252 RICHMOND AVE,HOUSTON,TX,77063
3650,3220 HIGHWAY 6 S,HOUSTON,TX,77082
3651,631 SOUTHMORE AVE,PASADENA,TX,77502
3652,3729 N MACGREGOR WAY,HOUSTON,TX,77004
3653,6925 CYPRESSWOOD DR STE B,SPRING,TX,77379
3654,8102 W TIDWELL RD STE E,HOUSTON,TX,77040
3655,7908 HILLCROFT ST,HOUSTON,TX,77081
3656,8541 W BELLFORT ST STE F,HOUSTON,TX,77071
3657,5362 KYLA CIR,KATY,TX,77493
3658,16324 SCHIEL RD,CYPRESS,TX,77433
3659,5659 HILLCROFT ST,HOUSTON,TX,77036
3660,2112 FM 1960 RD,HOUSTON,TX,77073
3661,12950 S POST OAK RD STE I,HOUSTON,TX,77045
3662,3100 S TERMINAL RD,HOUSTON,TX,77032
3663,7600 DASHWOOD DR,HOUSTON,TX,77036
3664,13831 HUFFMEISTER RD STE D,CYPRESS,TX,77429
3665,6401 HIRSCH RD,HOUSTON,TX,77026
3666,12302 HILLCROFT AVE,HOUSTON,TX,77035
3667,9532 RICHMOND AVE STE A,HOUSTON,TX,77063
3668,5905 KATY ST,HOUSTON,TX,77007
3669,12312 CROSBY LYNCHBURG RD,CROSBY,TX,77532
3670,303 MASCOT ST UNIT B,HOUSTON,TX,77029
3671,1400 MCKINNEY ST UNIT 2709,HOUSTON,TX,77010
3672,19716 SAUMS RD,HOUSTON,TX,77084
3673,4137 CAVALCADE ST,HOUSTON,TX,77026
3674,10452 ALDINE WESTFIELD RD,HOUSTON,TX,77093
3675,9229 CLAY RD,HOUSTON,TX,77080
3676,9347 RICHMOND AVE,HOUSTON,TX,77063
3677,6074 FM 2920 RD,SPRING,TX,77379
3678,3201 CYPRESS CREEK PKWY,HOUSTON,TX,77068
3679,2450 W LITTLE YORK RD,HOUSTON,TX,77091
3680,20669 W LAKE HOUSTON PKWY STE E,HUMBLE,TX,77346
3681,11460 FUQUA ST STE 700,HOUSTON,TX,77089
3682,5868B WESTHEIMER RD,HOUSTON,TX,77057
3683,12985 SCARSDALE BLVD,HOUSTON,TX,77089
3684,13740 NORTHWEST FWY,HOUSTON,TX,77040
3685,120 W RILEY FUZZEL RD,SPRING,TX,77373
3686,16272 IMPERIAL VALLEY DR STE H,HOUSTON,TX,77060
3687,14333 FM 2920 RD SPC 114,TOMBALL,TX,77377
3688,1472 WILLOWBROOK MALL,HOUSTON,TX,77070
3689,6545 N GRAND PKWY W,SPRING,TX,77389
3690,7720 FM 1960 RD W,HOUSTON,TX,77070
3691,680 MEYERLAND PLAZA MALL,HOUSTON,TX,77096
3692,257 KATY FWY,HOUSTON,TX,77024
3693,19971 KATY FWY,HOUSTON,TX,77094
3694,12850 MEMORIAL DR,HOUSTON,TX,77024
3695,1901 ALLEN GENOA RD STE 170,PASADENA,TX,77502
3696,2415 UNIVERSITY BLVD,HOUSTON,TX,77005
3697,28644 HIGHWAY 290 SPC D03,CYPRESS,TX,77433
3698,414 ALMEDA MALL,HOUSTON,TX,77075
3699,6879 HIGHWAY 6 N,HOUSTON,TX,77084
3700,10490 HUFFMEISTER RD STE C,HOUSTON,TX,77065
3701,951 FM 1959 RD,HOUSTON,TX,77034
3702,11350 JONES RD,HOUSTON,TX,77070
3703,1322 BAYBROOK MALL,FRIENDSWOOD,TX,77546
3704,1908 W DALLAS ST APT A,HOUSTON,TX,77019
3705,5505 FM 1960 RD W,HOUSTON,TX,77069
3706,5800 FAIRMONT PKWY,PASADENA,TX,77505
3707,20520 HIGHWAY 59 N,HUMBLE,TX,77338
3708,2301 N ALEXANDER DR STE A,BAYTOWN,TX,77520
3709,21020 HIGHLAND KNOLLS DR STE 16,KATY,TX,77450
3710,10023 FM 1960 BYPASS RD W,HUMBLE,TX,77338
3711,2640 ELDRIDGE PKWY STE 300,HOUSTON,TX,77082
3712,1331 W BAY AREA BLVD,WEBSTER,TX,77598
3713,5085 WESTHEIMER RD,HOUSTON,TX,77056
3714,5886 SAN FELIPE ST,HOUSTON,TX,77057
3715,223 WYNNE ST STE A,HOUSTON,TX,77009
3716,8301 KNIGHT RD,HOUSTON,TX,77054
3717,8201 KEMPWOOD DR,HOUSTON,TX,77055
3718,13956 WESTHEIMER RD,HOUSTON,TX,77077
3719,21502 ALDINE WESTFIELD RD STE E,HUMBLE,TX,77338
3720,18311 T C JESTER BLVD STE D,SPRING,TX,77379
3721,509 UVALDE RD,HOUSTON,TX,77015
3722,511 W MOUNT HOUSTON RD,HOUSTON,TX,77037
3723,20614 FOOTSTEP PATH,KATY,TX,77449
3724,11102 EAST FWY STE B,JACINTO CITY,TX,77029
3725,20025 KATY FWY,KATY,TX,77450
3726,15831 BELLAIRE BLVD,HOUSTON,TX,77083
3727,8799 NORTH LOOP E,HOUSTON,TX,77029
3728,9301 BISSONNET ST STE 170,HOUSTON,TX,77074
3729,5727 RAMPART ST STE A22,HOUSTON,TX,77081
3730,6223 CHIMNEY ROCK RD STE A,HOUSTON,TX,77081
3731,13646 BISSONNET ST STE A,HOUSTON,TX,77083
3732,1001 MCKINNEY ST STE B4,HOUSTON,TX,77002
3733,500 BAYBROOK MALL,FRIENDSWOOD,TX,77546
3734,7038 GARDEN MIST LN,HUMBLE,TX,77346
3735,12955 SOUTH FWY STE D4,HOUSTON,TX,77047
3736,13310 CULLEN BLVD STE E,HOUSTON,TX,77047
3737,13606 KUYKENDAHL RD,HOUSTON,TX,77090
3738,3928 OLD SPANISH TRL STE E,HOUSTON,TX,77021
3739,13630 ELDRIDGE SPRINGS WAY,HOUSTON,TX,77083
3740,418 N SAM HOUSTON PKWY E,HOUSTON,TX,77060
3741,16203 WESTHEIMER RD STE 106,HOUSTON,TX,77082
3742,20614 FOOTSTEP PATH,KATY,TX,77449
3743,9950 MYKAWA RD,HOUSTON,TX,77048
3744,15655 BELLAIRE BLVD STE 400,HOUSTON,TX,77083
3745,822 FREEPORT ST,HOUSTON,TX,77015
3746,10304 HARWIN DR STE C,HOUSTON,TX,77036
3747,7681 CLAREWOOD DR,HOUSTON,TX,77036
3748,115 LITTLE YORK RD,HOUSTON,TX,77076
3749,9440 SHADY DR STE B,HOUSTON,TX,77016
3750,11709 BOUDREAUX RD STE 330,TOMBALL,TX,77375
3751,2102 ELROD RD,KATY,TX,77449
3752,505 S MASON RD,KATY,TX,77450
3753,3301 GREEN ST,HOUSTON,TX,77020
3754,2450 W LITTLE YORK RD,HOUSTON,TX,77091
3755,1201 WAYSIDE DR,HOUSTON,TX,77011
3756,7201 GONZALES ST,HOUSTON,TX,77020
3757,11707 JONES RD,HOUSTON,TX,77070
3758,6289 HIGHWAY 6 S,HOUSTON,TX,77083
3759,5444 FRY RD STE D,KATY,TX,77449
3760,7801 CANAL ST,HOUSTON,TX,77012
3761,11823 HALLOWING POINT RD,HOUSTON,TX,77067
3762,12816 BELLAIRE BLVD,HOUSTON,TX,77072
3763,7710 BELLAIRE BLVD STE H,HOUSTON,TX,77036
3764,2009 WARD RD,BAYTOWN,TX,77520
3765,4601 RED BLUFF RD,PASADENA,TX,77503
3766,55 LYERLY ST # 114-115,HOUSTON,TX,77022
3767,806 KATY FORT BEND RD STE 400,KATY,TX,77494
3768,15342 SOUTHWOOD TRACE LN,HOUSTON,TX,77049
3769,13155 WESTHEIMER RD STE 140,HOUSTON,TX,77077
3770,7520 COOK RD APT 1404,HOUSTON,TX,77072
3771,13180 FM 529 RD STE E-F,HOUSTON,TX,77041
3772,14607 CONCORD GRV,HOUSTON,TX,77084
3773,2426 GARAPAN ST,HOUSTON,TX,77091
3774,6401 WOODWAY DR STE 115,HOUSTON,TX,77057
3775,17575 BAUER RD STE B,CYPRESS,TX,77433
3776,3501 EASTEX FWY,HOUSTON,TX,77026
3777,8335 VETERANS MEMORIAL DR,HOUSTON,TX,77088
3778,15462 FM 529 RD,HOUSTON,TX,77095
3779,15210 GALVESTON RD,HOUSTON,TX,77598
3780,2321 HIGHWAY 6 S STE B,HOUSTON,TX,77077
3781,1202 HOUSTON BLVD,SOUTH HOUSTON,TX,77587
3782,6015 HILLCROFT AVE STE 2200,HOUSTON,TX,77081
3783,10880 BISSONNET ST,HOUSTON,TX,77099
3784,1202 HOUSTON BLVD,SOUTH HOUSTON,TX,77587
3785,11135 S POST OAK RD STE C,HOUSTON,TX,77035
3786,3939 HILLCROFT AVE STE 110,HOUSTON,TX,77057
3787,9532 RICHMOND AVE,HOUSTON,TX,77063
3788,1809 1ST ST,GALENA PARK,TX,77547
3789,946 N SHEPHERD DR,HOUSTON,TX,77008
3790,2525 W BAY AREA BLVD,FRIENDSWOOD,TX,77546
3791,11698 BELLAIRE BLVD STE 11700,HOUSTON,TX,77072
3792,5712 W LITTLE YORK RD,HOUSTON,TX,77091
3793,6130 PINEMONT DR,HOUSTON,TX,77092
3794,5815 HILLCROFT ST,HOUSTON,TX,77036
3795,9323 LONG POINT RD,HOUSTON,TX,77055
3796,10813 MARKET STREET RD,HOUSTON,TX,77029
3797,17407 WIMBERLY KNOLL LN,HOUSTON,TX,77084
3798,9777 HARWIN DR STE 412,HOUSTON,TX,77036
3799,7914 BRAESDALE LN,HOUSTON,TX,77071
3800,6620 GESSNER RD APT 6206,HOUSTON,TX,77040
3801,11035 EAST FWY,HOUSTON,TX,77029
3802,7850 FM 1960 BYPASS RD W STE B,HUMBLE,TX,77338
3803,4114 DECKER DR,BAYTOWN,TX,77520
3804,1530 ELDRIDGE PKWY,HOUSTON,TX,77077
3805,11121 S POST OAK RD,HOUSTON,TX,77035
3806,9211 LARONA COVE CT,CYPRESS,TX,77433
3807,22314 FM 529 RD STE 475,CYPRESS,TX,77433
3808,11214 BEECHNUT ST,HOUSTON,TX,77072
3809,11055 EAST FWY,HOUSTON,TX,77029
3810,5701 FRANZ RD STE D,KATY,TX,77493
3811,15202 S POST OAK RD,HOUSTON,TX,77053
3812,8136 W TIDWELL RD STE B,HOUSTON,TX,77040
3813,9753 LONG POINT RD,HOUSTON,TX,77055
3814,3002 GREENRIDGE DR STE B,HOUSTON,TX,77057
3815,6900 DIXIE DR,HOUSTON,TX,77087
3816,11030 BISSONNET ST STE C1,HOUSTON,TX,77099
3817,15462 FM 529 RD,HOUSTON,TX,77095
3818,727 FREEPORT ST STE 3,HOUSTON,TX,77015
3819,18006 PARK ROW STE 150,HOUSTON,TX,77084
3820,8484 WILCREST DR,HOUSTON,TX,77072
3821,17013 NANES DR,HOUSTON,TX,77090
3822,1824 SENS RD,LA PORTE,TX,77571
3823,3905 SUMPTER ST,HOUSTON,TX,77020
3824,9815 BAMMEL NORTH HOUSTON RD STE G&I,HOUSTON,TX,77086
