STORE_TYPE,ZIP4,ZIP_CODE,RECORD_ID,STATE,LONGITUDE,STORE_STREET_ADDRESS,INCENTIVE_PROGRAM,Y,ADDITONAL_ADDRESS,CITY,STORE_NAME,LATITUDE,Ï»¿X,OBJECTID,GRANTEE_NAME,COUNTY
Convenience Store,2709,77051,1627166.0,TX,-95.36763,9123 SCOTT ST,,3459920.71001679,,HOUSTON,Sunny Side Food Store,29.660002,-10616276.0097613,176,,HARRIS
Grocery Store,3492,77379,1408288.0,TX,-95.507751,20423 KUYKENDAHL RD,,3512265.05195028,Ste 300,SPRING,Kohinoor Indo/pak Grocery Halal Meat & Cafe,30.067778,-10631874.2081308,220,,HARRIS
Convenience Store,1613,77067,1631464.0,TX,-95.435699,1050 W RANKIN RD,,3499239.70285463,Ste 230 & 240,HOUSTON,La Monarca Meat Market #2,29.966463,-10623853.4161801,715,,HARRIS
Convenience Store,1555,77071,1380675.0,TX,-95.522011,8103 CREEKBEND DR,,3460566.24245925,STE A,HOUSTON,Welcome Food Mart,29.665041,-10633461.6240695,732,,HARRIS
Other,1392,77099,1632322.0,TX,-95.598244,12450 BISSONNET ST,,3462124.54421211,Ste 210,HOUSTON,Mina Halal Meat,29.677204,-10641947.8428111,779,,HARRIS
Grocery Store,5683,77095,1620891.0,TX,-95.638855,15315 FM 529 RD,,3488021.29056961,Ste 140,HOUSTON,Premier Meat Market,29.87912,-10646468.6386517,871,,HARRIS
Other,2734,77072,1631812.0,TX,-95.56929,10796 BELLAIRE BLVD,,3465679.76139569,Ste A,HOUSTON,Sun Wing Bellaire Market Llc,29.704948,-10638724.6982747,954,,HARRIS
Grocery Store,3516,77074,1634664.0,TX,-95.505417,6806 BINTLIFF DR,,3465892.25464388,,HOUSTON,Simply Halal,29.706606,-10631614.3884393,1089,,HARRIS
Convenience Store,    ,77084,1632690.0,TX,-95.683121,5734 BARKER CYPRESS RD,,3485175.44903469,,HOUSTON,1 Stop #12,29.856951,-10651396.3072312,1094,,HARRIS
Convenience Store,1348,77042,1625437.0,TX,-95.576286,740 WILCREST DR,,3472181.87538501,,HOUSTON,Sun Food Store,29.755669,-10639503.4894323,1210,,HARRIS
Convenience Store,1547,77044,1131232.0,TX,-95.192261,13302 TIDWELL RD,,3484628.53555105,,HOUSTON,Express Fuel #9,29.85269,-10596754.0219804,1211,,HARRIS
Convenience Store,2265,77021,1635812.0,TX,-95.369659,3402 OLD SPANISH TRL,,3465215.56940895,,HOUSTON,Delrio Food Mart,29.701326,-10616501.8770081,1214,,HARRIS
Other,6077,77084,1632001.0,TX,-95.646202,4025 HIGHWAY 6 N,,3481926.78398722,Ste 105A,HOUSTON,La Holguinera Latin Market ,29.831638,-10647286.5029506,1224,,HARRIS
Convenience Store,1471,77081,1628722.0,TX,-95.489426,6101 GLENMONT DR,,3467562.97367883,Ste A,HOUSTON,Handi Stop,29.719641,-10629834.278462,1728,,HARRIS
Convenience Store,4338,77032,1633737.0,TX,-95.308487,14521 PICTON DR,,3494696.59026618,,HOUSTON,Prime 24/7,29.931101,-10609692.2411173,1731,,HARRIS
Grocery Store,5775,77449,1634452.0,TX,-95.702103,19125 W LITTLE YORK RD,,3486100.92963074,Ste A,KATY,Dara African Grocery,29.864161,-10653509.3738054,1828,,HARRIS
Convenience Store,8005,77004,1634334.0,TX,-95.35672,3729 N MACGREGOR WAY,,3466452.59745118,,HOUSTON,Best Mini Market,29.710978,-10615061.5141168,1963,,HARRIS
Convenience Store,1906,77022,1634307.0,TX,-95.378365,86 TIDWELL RD,,3483665.17232823,Ste E,HOUSTON,Mr. Express,29.845184,-10617471.024495,1964,,HARRIS
Supermarket,1110,77091,251659.0,TX,-95.485535,6470 W LITTLE YORK RD,,3486320.69296084,,HOUSTON,Lewis Food Town 216,29.865873,-10629401.1343233,2093,,HARRIS
Convenience Store,5705,77338,1564726.0,TX,-95.276863,19555 MCKAY DR,,3503693.55278959,,HUMBLE,Star Stop 19,30.001118,-10606171.8735405,2182,,HARRIS
Convenience Store,8169,77338,1564806.0,TX,-95.282082,7065 WILL CLAYTON PKWY,,3501450.30432401,,HUMBLE,Star Stop 56,29.983665,-10606752.8499629,2184,,HARRIS
Pharmacy,4302,77023,252871.0,TX,-95.294952,806 S 75TH ST,,3467161.77624468,,HOUSTON,CVS/PHARMACY 6239,29.716511,-10608185.5318094,2201,,HARRIS
Super Store,5508,77096,254079.0,TX,-95.509903,11240 FONDREN RD,,3459514.88279507,,HOUSTON,Fiesta Mart 24,29.656834,-10632113.767675,2293,,HARRIS
Convenience Store,7842,77088,254292.0,TX,-95.42952,7214 WHEATLEY ST,,3486243.80103975,,HOUSTON,NEWPORT SUPERMARKET,29.865274,-10623165.5730465,2417,,HARRIS
Super Store,5800,77057,254648.0,TX,-95.501305,3330 HILLCROFT ST,,3468699.85315339,,HOUSTON,Jerusalem Halal Meats,29.72851,-10631156.6426931,2458,,HARRIS
Convenience Store,4729,77017,255224.0,TX,-95.25824,8351 HOWARD DR,,3462862.31459038,,HOUSTON,HOWARD FOOD STORE,29.682962,-10604098.7706634,2511,,HARRIS
Pharmacy,2213,77015,252484.0,TX,-95.187157,388 UVALDE RD,,3476913.00895407,,HOUSTON,Walgreens 04647,29.792559,-10596185.8472994,2569,,HARRIS
Supermarket,1803,77043,252857.0,TX,-95.546303,10251 KEMPWOOD DR,,3480773.84894034,,HOUSTON,HEB 577,29.822653,-10636165.7971398,2599,,HARRIS
Pharmacy,1626,77088,246437.0,TX,-95.479462,8808 ANTOINE DR,,3489946.43372591,,HOUSTON,Walgreens 4021,29.894114,-10628725.0910557,2883,,HARRIS
Super Store,7230,77088,266653.0,TX,-95.472832,7320 ANTOINE DR,,3486580.25474136,,HOUSTON,Cox's Foodarama Inc. #22,29.867895,-10627987.0428318,3180,,HARRIS
Pharmacy,3701,77339,268911.0,TX,-95.186264,4445 KINGWOOD DR,,3510241.37013545,,KINGWOOD,WALGREENS 5671,30.052044,-10596086.4389941,3195,,HARRIS
Super Store,4863,77093,271346.0,TX,-95.333588,10401 JENSEN DR,,3486130.45369065,,HOUSTON,Fiesta Mart 9,29.864391,-10612486.4716557,3369,,HARRIS
Super Store,1756,77493,268177.0,TX,-95.809891,5249 FRANZ RD,,3478065.34050207,,KATY,Brookshire Brothers 9,29.801542,-10665508.279079,3459,,HARRIS
Super Store,4204,77082,268501.0,TX,-95.644768,3506 HIGHWAY 6 S,,3467691.28259125,,HOUSTON,Walmart SUPERCENTER  772,29.720642,-10647126.8708008,3486,,HARRIS
Other,1703,77017,272326.0,TX,-95.277527,2809 BROADWAY ST,,3465091.38615235,,HOUSTON,CARNICERIA AGUASCALIENTES,29.700357,-10606245.7896824,3735,,HARRIS
Pharmacy,3725,77022,236421.0,TX,-95.362106,747 E CROSSTIMBERS ST,,3481589.55419586,,HOUSTON,Walgreens 12015,29.82901,-10615661.0808942,3841,,HARRIS
Pharmacy,1855,77088,239557.0,TX,-95.429077,9375 VETERANS MEMORIAL DR,,3490328.44100402,,HOUSTON,Walgreens 5314,29.897089,-10623116.2585121,4294,,HARRIS
Pharmacy,3102,77035,239934.0,TX,-95.464203,10800 S POST OAK RD,,3460352.68409128,,HOUSTON,Walgreens 04316,29.663374,-10627026.4669457,4328,,HARRIS
Convenience Store,6320,77080,287650.0,TX,-95.54567,1959 GESSNER DR,,3478848.15885411,,HOUSTON,GET N SAVE,29.807644,-10636095.3319022,4383,,HARRIS
Discount Retail,    ,77029,287936.0,TX,-95.232483,11121 MARKET ST,,3473731.83827281,,JACINTO CITY,DOLLAR GENERAL  6550,29.767756,-10601231.5145391,4421,,HARRIS
Super Store,2000,77072,286138.0,TX,-95.579338,11205 BELLAIRE BLVD,,3465517.76648712,,HOUSTON,HONG KONG FOOD MARKET 4,29.703684,-10639843.2365182,4871,,HARRIS
Super Store,4646,77039,226635.0,TX,-95.340096,3910 ALDINE MAIL RD,,3491011.97357792,,HOUSTON,La Michoacana Meat Market 27,29.902412,-10613210.9389018,4910,,HARRIS
Super Store,3323,77086,226938.0,TX,-95.477859,12434 STATE HIGHWAY 249,,3492281.28629874,,HOUSTON,KROGER 366,29.912296,-10628546.645912,4934,,HARRIS
Discount Retail,4753,77099,230186.0,TX,-95.571114,11550 S WILCREST DR,,3459122.39033832,,HOUSTON,DOLLAR GENERAL  1654,29.65377,-10638927.7450259,5051,,HARRIS
Grocery Store,3868,77450,1600727.0,TX,-95.752594,920 S MASON RD,,3473671.82133786,Ste G,KATY,Southwest Farmers Market,29.767288,-10659130.0062151,5087,,HARRIS
Super Store,1198,77047,263811.0,TX,-95.356171,10510 CULLEN BLVD,,3458061.67008565,,HOUSTON,WATKINS CENTER,29.645489,-10615000.3997163,5544,,HARRIS
Super Store,1168,77433,227876.0,TX,-95.68557,18030 FM 529 RD,,3488319.53142446,,CYPRESS,KROGER CO  352,29.881443,-10651668.9286641,5695,,HARRIS
Super Store,1112,77037,275208.0,TX,-95.40522,11006 AIRLINE DR,,3492760.97136058,,HOUSTON,Fiesta Mart 28,29.916031,-10620460.5094202,5828,,HARRIS
Pharmacy,4824,77016,280044.0,TX,-95.302734,6610 TIDWELL RD,,3484026.97051437,,HOUSTON,Walgreens 2135,29.848003,-10609051.8200868,6009,,HARRIS
Super Store,5608,77070,307854.0,TX,-95.545937,8320 FM 1960 RD W,,3498612.78004672,,HOUSTON,Fiesta Mart 20,29.961584,-10636125.0542062,6048,,HARRIS
Pharmacy,4203,77018,308360.0,TX,-95.430298,1215 W 43RD ST,,3481491.13301778,,HOUSTON,Walgreens 6619,29.828243,-10623252.1796104,6088,,HARRIS
Discount Retail,3102,77090,308520.0,TX,-95.460075,2004 CYPRESS CREEK PKWY,,3504718.20321697,,HOUSTON,DOLLAR GENERAL 3114,30.009089,-10626566.9400877,6100,,HARRIS
Super Store,4902,77081,277936.0,TX,-95.491905,6200 BELLAIRE BLVD,,3465760.50329025,,HOUSTON,Fiesta Mart 7,29.705578,-10630110.2394797,6122,,HARRIS
Super Store,3564,77396,278022.0,TX,-95.215897,3820 ATASCOCITA RD,,3501004.22084298,,HUMBLE,KROGER  367,29.980194,-10599385.1694648,6129,,HARRIS
Super Store,6500,77546,249291.0,TX,-95.159126,150 W EL DORADO BLVD,,3446089.17424559,,FRIENDSWOOD,Walmart SUPERCENTER 1062,29.551973,-10593065.450653,6264,,HARRIS
Pharmacy,3205,77063,249393.0,TX,-95.536156,9600 WESTHEIMER RD,,3469821.44880499,,HOUSTON,Walgreens 6484,29.737259,-10635036.2382667,6275,,HARRIS
Super Store,4309,77030,249404.0,TX,-95.415314,7747 KIRBY DR,,3464427.04529919,,HOUSTON,KROGER 740,29.695173,-10621584.1683603,6280,,HARRIS
Super Store,3870,77571,278987.0,TX,-95.099785,9025 SPENCER HWY,,3460447.74082823,,LA PORTE,Walmart SUPERCENTER 5116,29.664116,-10586459.6407498,6355,,HARRIS
Supermarket,1270,77099,276306.0,TX,-95.598312,12385 BISSONNET ST,,3461957.21280112,,HOUSTON,La Michoacana Meat Market 28,29.675898,-10641955.4125365,6422,,HARRIS
Convenience Store,7105,77036,276378.0,TX,-95.55217,10239 CLUB CREEK DR,,3463434.69873392,,HOUSTON,IN N OUT MINI MART #2,29.687429,-10636818.9085923,6428,,HARRIS
Super Store,5929,77015,276503.0,TX,-95.177063,13750 EAST FWY,,3473768.77191061,,HOUSTON,Walmart  SUPERCENTER 1137,29.768044,-10595062.1883593,6438,,HARRIS
Pharmacy,4804,77081,310381.0,TX,-95.494583,6730 HILLCROFT ST,,3465919.1689968,,HOUSTON,Walgreens 1580,29.706816,-10630408.353076,6515,,HARRIS
Super Store,4809,77065,310442.0,TX,-95.603592,12400 FM 1960 RD W,,3493583.60570174,,HOUSTON,KROGER 737,29.922436,-10642543.1794479,6521,,HARRIS
Discount Retail,2801,77088,280496.0,TX,-95.475182,8105 ANTOINE DR,,3488885.47634957,,HOUSTON,DOLLAR GENERAL 8942,29.885851,-10628248.6436351,6601,,HARRIS
Super Store,2310,77023,277111.0,TX,-95.308998,800 S WAYSIDE DR,,3468920.60067537,,HOUSTON,Fiesta Mart 3,29.730232,-10609749.1253771,6616,,HARRIS
Supermarket,1602,77055,277155.0,TX,-95.484863,2030 WIRT RD,,3478984.91963183,,HOUSTON,La Michoacana Meat Market 4,29.80871,-10629326.3276255,6621,,HARRIS
Super Store,3958,77009,311200.0,TX,-95.367874,4114 FULTON ST,,3477524.63102826,,HOUSTON,Fiesta Mart 49,29.797327,-10616303.1717171,6823,,HARRIS
Super Store,    ,77015,279603.0,TX,-95.165123,5655 E SAM HOUSTON PKWY N,,3478636.9907602,,HOUSTON,Walmart 3500,29.805998,-10593733.0336392,6869,,HARRIS
Super Store,2610,77036,281200.0,TX,-95.540306,6036 S GESSNER DR,,3466892.60925938,,HOUSTON,La Michoacana Meat Market 10,29.714411,-10635498.2141535,6933,,HARRIS
Discount Retail,2832,77562,313755.0,TX,-95.057442,500 N MAIN ST,,3480606.4028878,,HIGHLANDS,DOLLAR GENERAL 7979,29.821348,-10581746.0395511,7172,,HARRIS
Grocery Store,4308,77338,294071.0,TX,-95.266991,15 W MAIN ST,,3503300.21995405,,HUMBLE,CARNIC. Y FRUT. CASE DEL PUEBLO,29.998058,-10605072.9275274,7617,,HARRIS
Supermarket,7502,77079,233035.0,TX,-95.606987,14610 MEMORIAL DR,,3474278.41565761,,HOUSTON,RANDALLS  1011,29.772018,-10642921.1091191,7674,,HARRIS
Super Store,4918,77055,291917.0,TX,-95.484978,1505 WIRT RD,,3477400.84190964,,HOUSTON,KROGER  346,29.796362,-10629339.1293669,7709,,HARRIS
Super Store,1823,77026,314880.0,TX,-95.317879,5815 LOCKWOOD DR,,3479472.57475909,,HOUSTON,Fiesta Mart 50,29.812511,-10610737.7537749,7758,,HARRIS
Discount Retail,1640,77520,294324.0,TX,-95.01181,4220 DECKER DR,,3473962.41876333,,BAYTOWN,DOLLAR GENERAL  2011,29.769554,-10576666.3085473,7775,,HARRIS
Convenience Store,3458,77504,233347.0,TX,-95.181068,4401 BURKE RD,,3457865.95681668,,PASADENA,EXPRESS MART #21,29.643961,-10595508.0229199,7840,,HARRIS
Pharmacy,3206,77042,295857.0,TX,-95.571327,11038 WESTHEIMER RD,,3469837.34593747,,HOUSTON,Walgreens 7251,29.737383,-10638951.4560774,8012,,HARRIS
Pharmacy,4016,77011,296184.0,TX,-95.329506,4516 HARRISBURG BLVD,,3470577.09714524,,HOUSTON,CVS/ PHARMACY 6241,29.743153,-10612032.0654943,8055,,HARRIS
Super Store,3134,77379,332483.0,TX,-95.552773,8745 SPRING CYPRESS RD,,3507754.97374093,,SPRING,KROGER 738,30.032709,-10636886.0342453,8187,,HARRIS
Super Store,    ,77429,272858.0,TX,-95.699425,26270 NORTHWEST FWY,,3500223.25886712,,CYPRESS,Walmart Supercenter 5091,29.974117,-10653211.2602091,8310,,HARRIS
Super Store,2832,77586,273386.0,TX,-95.025688,1905 EL MAR LN,,3448394.19104252,,SEABROOK,KROGER  342,29.569984,-10578211.2004405,8346,,HARRIS
Supermarket,1997,77008,331389.0,TX,-95.410194,2300 N SHEPHERD DR,,3478805.56573885,,HOUSTON,HEB Food Store 737,29.807312,-10621014.2125674,8743,,HARRIS
Supermarket,    ,77587,334779.0,TX,-95.208229,3316 S SHAVER ST,,3459748.66743424,,HOUSTON,Lewis Food Town 5,29.658659,-10598531.5716094,8761,,HARRIS
Discount Retail,3509,77530,331501.0,TX,-95.125374,777B SHELDON RD,,3476181.74320996,,CHANNELVIEW,DOLLAR GENERAL  9055,29.786858,-10589308.1951997,8839,,HARRIS
Super Store,3518,77090,297814.0,TX,-95.435081,360 FM 1960 RD W,,3506069.74676083,,HOUSTON,KROGER  395,30.019602,-10623784.6207348,8936,,HARRIS
Super Store,2182,77346,335312.0,TX,-95.160912,19300 W LAKE HOUSTON PKWY,,3503686.61151678,,HUMBLE,KROGER  318,30.001064,-10593264.2672635,8966,,HARRIS
Pharmacy,3404,77379,331868.0,TX,-95.492226,19302 KUYKENDAHL RD,,3510163.56242726,,SPRING,Walgreens 7413,30.051439,-10630145.9730362,8992,,HARRIS
Other,2635,77083,348269.0,TX,-95.615417,13201 BELLAIRE BLVD,,3465356.92704032,,HOUSTON,MY HOA FOOD MARKET,29.702429,-10643859.5324265,9012,,HARRIS
Pharmacy,3334,77502,355605.0,TX,-95.227409,2130 RICHEY ST,,3462611.17578233,,PASADENA,Walgreens 05422,29.681002,-10600666.6794428,9022,,HARRIS
Super Store,    ,77068,356467.0,TX,-95.484215,3450 FM 1960 RD W,,3503313.07377659,,HOUSTON,Walmart 1103,29.998158,-10629254.1925955,9115,,HARRIS
Supermarket,4974,77024,298493.0,TX,-95.560211,12850 MEMORIAL DR,,3474597.7548322,,HOUSTON,RANDALLS 1066,29.774508,-10637714.0286178,9231,,HARRIS
Discount Retail,6559,77536,298763.0,TX,-95.114784,8311 SPENCER HWY,,3460412.25460587,,DEER PARK,DOLLAR GENERAL 11474,29.663839,-10588129.3217922,9246,,HARRIS
Convenience Store,4448,77055,1648451.0,TX,-95.524124,9393 LONG POINT RD,,3477556.70094282,,HOUSTON,Porkys Longpoint,29.797577,-10633696.8421535,9506,,HARRIS
Super Store,4035,77338,347438.0,TX,-95.283401,9451 FM 1960 BYPASS RD W,,3504701.49140925,,HUMBLE,Walmart SUPERCENTER 1837,30.008959,-10606899.6803713,9572,,HARRIS
Super Store,5721,77062,347651.0,TX,-95.124672,16400 EL CAMINO REAL,,3446931.35165904,,HOUSTON,KROGER 385,29.558554,-10589230.0489172,9660,,HARRIS
Supermarket,7234,77379,347761.0,TX,-95.525452,7310 LOUETTA RD,,3506142.00110154,,SPRING,HEB 576,30.020164,-10633844.6744373,9676,,HARRIS
Pharmacy,3129,77346,349105.0,TX,-95.162514,7440 FM 1960 RD E,,3503312.55962344,,HUMBLE,WALGREENS  3025,29.998154,-10593442.6010878,9803,,HARRIS
Supermarket,1735,77093,289684.0,TX,-95.310272,5429 MOUNT HOUSTON RD,,3489559.17344932,,HOUSTON,GUANAJUATO SUPERMARKET,29.891098,-10609890.9464084,9988,,HARRIS
Pharmacy,2058,77035,386468.0,TX,-95.508202,6675 W BELLFORT ST,,3459393.18835956,,HOUSTON,Walgreens 4927,29.655884,-10631924.4132211,10227,,HARRIS
Convenience Store,5609,77020,386910.0,TX,-95.291389,1708 N WAYSIDE DR,,3475206.82975324,,HOUSTON,SPEEDY MART,29.779257,-10607788.9004638,10267,,HARRIS
Super Store,4816,77019,387470.0,TX,-95.405525,1938 W GRAY ST,,3471942.09473122,,HOUSTON,KROGER  355,29.753799,-10620494.4618649,10301,,HARRIS
Super Store,4764,77089,354934.0,TX,-95.214783,11701 S SAM HOUSTON PKWY E,,3452652.21367663,,HOUSTON,KROGER 746,29.603247,-10599261.159552,10391,,HARRIS
Super Store,3443,77520,352563.0,TX,-94.95295,1700 N ALEXANDER DR,,3470286.06342866,,BAYTOWN,KROGER  974,29.740883,-10570114.0433192,10580,,HARRIS
Grocery Store,3440,77084,451591.0,TX,-95.644753,4466 HIGHWAY 6 N,,3482898.61488165,,HOUSTON,La Michoacana Meat Market 26,29.839211,-10647125.2010084,10584,,HARRIS
Super Store,5283,77070,353177.0,TX,-95.583,12222 JONES RD,,3497348.49152348,,HOUSTON,Kroger 371,29.951744,-10640250.8884935,10986,,HARRIS
Super Store,1045,77033,341319.0,TX,-95.326683,5600 MYKAWA RD,,3464273.13943294,,HOUSTON,Fiesta Mart 5,29.693972,-10611717.8105718,11070,,HARRIS
Convenience Store,2312,77035,318560.0,TX,-95.497917,6060 W BELLFORT ST,,3459611.85486776,,HOUSTON,I&A FOOD STORE,29.657591,-10630779.4922583,11103,,HARRIS
Super Store,7176,77379,340628.0,TX,-95.533234,15802 CHAMPION FOREST DR,,3503838.16349892,,SPRING,KROGER 307,30.002243,-10634710.9627146,11190,,HARRIS
Super Store,    ,77346,341258.0,TX,-95.176369,6626 FM 1960 RD E,,3502992.63184366,,HUMBLE,Walmart 744,29.995665,-10594984.9326327,11235,,HARRIS
Convenience Store,2610,77036,341259.0,TX,-95.540527,6050 S GESSNER DR,,3466828.01002073,,HOUSTON,IN AND OUT MINIMART,29.713907,-10635522.815761,11236,,HARRIS
Pharmacy,1131,77037,342065.0,TX,-95.405846,105 WEST RD,,3492657.07017817,,HOUSTON,WALGREENS 06239,29.915222,-10620530.1954215,11359,,HARRIS
Convenience Store,1317,77023,342091.0,TX,-95.326668,805 DUMBLE ST,,3470088.49759801,,HOUSTON,PAT'S FOOD MART,29.739342,-10611716.1407794,11361,,HARRIS
Super Store,1301,77031,282796.0,TX,-95.529251,8650 S BRAESWOOD BLVD,,3461385.79113506,,HOUSTON,Fiesta Mart 43,29.671438,-10634267.5771828,11431,,HARRIS
Super Store,2605,77057,339794.0,TX,-95.500961,1801 S VOSS RD,,3471258.80851773,,HOUSTON,KROGER  309,29.74847,-10631118.3487883,11476,,HARRIS
Pharmacy,4725,77020,317109.0,TX,-95.316132,1515 LOCKWOOD DR,,3474810.78027867,,HOUSTON,Walgreens 02686,29.776169,-10610543.2786244,11630,,HARRIS
Pharmacy,1512,77083,344141.0,TX,-95.644852,6768 HIGHWAY 6 S,,3465611.57974583,,HOUSTON,Walgreens 03661,29.704416,-10647136.221638,11671,,HARRIS
Convenience Store,4925,77072,319573.0,TX,-95.574684,8002 BOONE RD,,3463659.07205806,,HOUSTON,BOONE FOOD STORE,29.68918,-10639325.155608,11863,,HARRIS
Supermarket,7501,77080,316127.0,TX,-95.545181,1413 GESSNER DR,,3477298.09143401,,HOUSTON,La Michoacana Meat Market 06,29.795561,-10636040.8966712,11988,,HARRIS
Convenience Store,1441,77072,241501.0,TX,-95.576057,4040 BOONE RD,,3467051.92979966,,HOUSTON,Stop By Market,29.715654,-10639477.9972689,12142,,HARRIS
Discount Retail,1206,77091,299073.0,TX,-95.473251,6666 ANTOINE DR,,3485735.0936647,,HOUSTON,DOLLAR GENERAL 1840,29.861311,-10628033.6856984,12229,,HARRIS
Discount Retail,3511,77536,302850.0,TX,-95.122482,1813 CENTER ST,,3464486.25021065,,DEER PARK,DOLLAR GENERAL  4765,29.695635,-10588986.2592323,12265,,HARRIS
Super Store,6205,77045,336082.0,TX,-95.445129,4425 W FUQUA ST,,3453804.4240246,,HOUSTON,COX'S FOODARAMA INC,29.612246,-10624903.1589783,12347,,HARRIS
Supermarket,1965,77005,336932.0,TX,-95.442123,5586 WESLAYAN ST,,3467824.33554225,,HOUSTON,RANDALLS  4033,29.72168,-10624568.532589,12755,,HARRIS
Supermarket,4564,77450,302241.0,TX,-95.75045,1621 S MASON RD,,3472348.44222649,,KATY,HEB 497,29.756968,-10658891.3372268,12800,,HARRIS
Super Store,8239,77375,241253.0,TX,-95.5951,22605 STATE HIGHWAY 249,,3505370.62359638,,TOMBALL,Walmart SUPERCENTER 5045,30.014164,-10641597.8543321,12862,,HARRIS
Grocery Store,2012,77081,337300.0,TX,-95.476624,5330 CHIMNEY ROCK RD,,3468075.19152528,,HOUSTON,Supermercado Teloloapan 7,29.723637,-10628409.1663408,12983,,HARRIS
Convenience Store,5900,77039,264676.0,TX,-95.326309,4531 ALDINE MAIL RD,,3491050.24118128,,HOUSTON,NUMBER ONE ALDINE FD STR,29.90271,-10611676.1770823,13133,,HARRIS
Super Store,3826,77067,398204.0,TX,-95.465752,3020 GEARS RD,,3496731.42540205,,HOUSTON,THANG HUNG FOOD MARKET,29.946941,-10627198.9008369,13322,,HARRIS
Supermarket,5813,77084,323228.0,TX,-95.716805,1550 FRY RD,,3476472.78224267,,HOUSTON,HEB 492,29.789127,-10655145.9929591,13355,,HARRIS
Convenience Store,5834,77338,1589718.0,TX,-95.260818,8210 WILL CLAYTON PKWY,,3500874.80685899,,HUMBLE,Fuel Hub,29.979187,-10604385.7523107,13428,,HARRIS
Super Store,3321,77051,455291.0,TX,-95.356674,9420 CULLEN BLVD,,3459307.36244852,,HOUSTON,Fiesta Mart 51,29.655214,-10615056.3934202,13532,,HARRIS
Supermarket,3752,77587,325853.0,TX,-95.209206,1630 SPENCER HWY,,3460526.40016766,,SOUTH HOUSTON,MI TIENDA 066,29.66473,-10598640.3307519,13560,,HARRIS
Super Store,3300,77379,326281.0,TX,-95.51503,21150 KUYKENDAHL RD,,3513279.32899732,,SPRING,Walmart Supercenter 5287,30.075663,-10632684.5027042,13622,,HARRIS
Convenience Store,4707,77032,323963.0,TX,-95.303024,14525 LEE RD,,3494530.24654137,,HOUSTON,FAMILY FOOD STORE,29.929806,-10609084.1027391,13857,,HARRIS
Supermarket,5058,77536,455929.0,TX,-95.123466,3322 CENTER ST,,3462703.30215396,,DEER PARK,Lewis Food Town 208,29.681721,-10589095.7976113,13866,,HARRIS
Convenience Store,7028,77009,454826.0,TX,-95.351669,1620 QUITMAN ST,,3475730.76759516,,HOUSTON,SUNNY FOOD STORE,29.783342,-10614499.2393688,13954,,HARRIS
Super Store,3408,77070,360032.0,TX,-95.56588,10010 CYPRESSWOOD DR,,3501228.99561804,,HOUSTON,KROGER 748,29.981943,-10638345.0988111,14293,,HARRIS
Supermarket,4909,77091,360081.0,TX,-95.474419,5367 ANTOINE DR,,3483303.6410298,,HOUSTON,Lewis Food Town 11,29.842367,-10628163.7068636,14298,,HARRIS
Super Store,1512,77024,360217.0,TX,-95.52227,9325 KATY FWY,,3475571.33944806,,HOUSTON,KROGER 600,29.782099,-10633490.4558176,14319,,HARRIS
Super Store,3343,77449,499643.0,TX,-95.720642,1313 N FRY RD,,3479597.15366648,,KATY,Walmart SUPERCENTER  768,29.813482,-10655573.1258452,14408,,HARRIS
Discount Retail,5655,77532,322505.0,TX,-95.06913,6500 FM 2100 RD STE 150,,3493407.64355572,,CROSBY,DOLLAR GENERAL 1807,29.921066,-10583047.1417595,14754,,HARRIS
Discount Retail,4436,77083,357718.0,TX,-95.647881,14643 BEECHNUT ST,,3463577.95892031,,HOUSTON,DOLLAR GENERAL 9781,29.688547,-10647473.4083756,14858,,HARRIS
Other,3132,77086,442872.0,TX,-95.491592,13572 STATE HIGHWAY 249 # B,,3493077.43207882,,HOUSTON,Casa Del Pueblo Meat Market 3,29.918495,-10630075.396479,15377,,HARRIS
Pharmacy,6205,77045,413104.0,TX,-95.44529,4451 W FUQUA ST,,3453929.3949027,,HOUSTON,CVS/ PHARMACY INC 6238,29.613222,-10624921.0814163,15540,,HARRIS
Pharmacy,2512,77008,413488.0,TX,-95.399559,200 W 20TH ST,,3478370.79049023,,HOUSTON,Walgreens 13786,29.803923,-10619830.3297829,15583,,HARRIS
Pharmacy,2301,77029,412547.0,TX,-95.233391,11107 MARKET ST,,3473730.55585674,,HOUSTON,Walgreens 3444,29.767746,-10601332.5926367,15942,,HARRIS
Grocery Store,2411,77081,327279.0,TX,-95.488548,5911 RAMPART ST,,3467216.76390718,,HOUSTON,LA MEXICANA FRUIT & MEAT MKT #3,29.71694,-10629736.5399491,16026,,HARRIS
Supermarket,2558,77087,374378.0,TX,-95.297806,3111 WOODRIDGE DR,,3464538.27899397,,HOUSTON,HEB 540,29.696041,-10608503.2376362,16233,,HARRIS
Grocery Store,4670,77015,1654824.0,TX,-95.178566,822 FREEPORT ST,,3475423.32828207,,HOUSTON,Ocean's Catch Seafood Market,29.780945,-10595229.501554,16258,,HARRIS
Pharmacy,5307,77039,374868.0,TX,-95.355072,12959 ALDINE WESTFIELD RD,,3490948.53693053,,HOUSTON,Walgreens 07773,29.901918,-10614878.0595959,16274,,HARRIS
Convenience Store,3922,77099,378509.0,TX,-95.602943,12291 S DAIRY ASHFORD ST,,3461134.16864467,,HOUSTON,Stop In Food Store,29.669474,-10642470.9330984,16402,,HARRIS
Discount Retail,3371,77338,377783.0,TX,-95.375267,3115 FM 1960 RD W,,3506051.6189567,,HUMBLE,DOLLAR GENERAL  3206,30.019461,-10617126.1567125,16543,,HARRIS
Supermarket,1505,77025,417981.0,TX,-95.425949,3131 W HOLCOMBE BLVD,,3465669.50849294,,HOUSTON,RANDALLS 1061,29.704868,-10622768.0511449,16600,,HARRIS
Super Store,    ,77036,378261.0,TX,-95.519676,7649 CLAREWOOD DR,,3466221.25442848,,HOUSTON,La Michoacana Meat Market 02,29.709173,-10633201.6930585,16877,,HARRIS
Specialty Store,1844,77502,418635.0,TX,-95.219795,1402 RICHEY ST,,3463749.28379397,,PASADENA,CHOICE MEAT MARKET,29.689884,-10599819.0928399,16919,,HARRIS
Grocery Store,4822,77039,403942.0,TX,-95.318474,4910 ALDINE MAIL RD,,3491063.46792986,,HOUSTON,MERCADO LA MEXICANA,29.902813,-10610803.9888719,17174,,HARRIS
Convenience Store,4307,77035,403957.0,TX,-95.482605,5415 W AIRPORT BLVD,,3457936.0187516,,HOUSTON,Airport Buzzy Bee,29.644508,-10629074.9682153,17176,,HARRIS
Grocery Store,2212,77015,503684.0,TX,-95.183273,202 UVALDE RD,,3477597.49398994,,HOUSTON,Supermercado Teloloapan 5,29.797895,-10595753.4823971,17448,,HARRIS
Supermarket,1416,77015,405019.0,TX,-95.181107,5 UVALDE RD,,3478564.76334586,,HOUSTON,Lewis Food Town 201,29.805435,-10595512.3643801,17680,,HARRIS
Super Store,6528,77008,501321.0,TX,-95.41098,1035 N SHEPHERD DR,,3476498.56433495,,HOUSTON,KROGER  312,29.789328,-10621101.7096872,17683,,HARRIS
Discount Retail,1447,77015,501707.0,TX,-95.181366,15 UVALDE RD,,3478432.11227975,Ste B,HOUSTON,DOLLAR GENERAL 1135,29.804401,-10595541.1961282,17843,,HARRIS
Grocery Store,8848,77377,1600680.0,TX,-95.738586,20153 FM 2920 RD,,3513751.05646242,,TOMBALL,Las Fuentes Meat Market & Bakery,30.07933,-10657570.642788,18412,,HARRIS
Supermarket,2503,77095,477115.0,TX,-95.648613,15875 FM 529 RD,,3488020.263493,,HOUSTON,Lewis Food Town 204,29.879112,-10647554.8942429,18803,,HARRIS
Convenience Store,3387,77396,477473.0,TX,-95.287964,14746 OLD HUMBLE RD,,3495272.32325154,,HUMBLE,Jack's Grocery,29.935583,-10607407.6312078,18931,,HARRIS
Supermarket,2068,77521,519359.0,TX,-94.996231,3002 W BAKER RD,,3474164.27627219,,BAYTOWN,Lewis Food Town 8,29.771128,-10574932.0622002,18938,,HARRIS
Grocery Store,5059,77017,477540.0,TX,-95.265259,8419 WINKLER DR,,3461932.22858857,,HOUSTON,GUERRERO MEAT MARKET,29.675703,-10604880.1221693,18955,,HARRIS
Super Store,6015,77388,477609.0,TX,-95.431885,19511 INTERSTATE 45,,3510070.19380487,,SPRING,TARGET STORE T 1458,30.050713,-10623428.8436422,18983,,HARRIS
Super Store,5006,77080,542391.0,TX,-95.545158,2300 GESSNER DR,,3479661.04733447,,HOUSTON,KROGER  607,29.81398,-10636038.3363229,19064,,HARRIS
Super Store,2511,77008,543382.0,TX,-95.400482,239 W 20TH ST,,3478428.0070462,,HOUSTON,KROGER  609,29.804369,-10619933.0776729,19186,,HARRIS
Supermarket,1700,77016,344669.0,TX,-95.299454,11330 HOMESTEAD RD,,3488673.11567944,,HOUSTON,BIG CITY FOODS,29.884197,-10608686.692157,19287,,HARRIS
Supermarket,2842,77562,482627.0,TX,-95.057373,302 N MAIN ST,,3480306.16026778,,HIGHLANDS,Lewis Food Town 209,29.819008,-10581738.3585063,19387,,HARRIS
Supermarket,7157,77036,539229.0,TX,-95.552971,10301 CLUB CREEK DR,,3463509.53212084,Ste F,HOUSTON,LA MORELIANA 1,29.688013,-10636908.0755044,19668,,HARRIS
Convenience Store,2906,77035,539764.0,TX,-95.480194,11580 CHIMNEY ROCK RD,,3459126.61751065,,HOUSTON,Corner Stop,29.653803,-10628806.576923,19976,,HARRIS
Super Store,5019,77043,432498.0,TX,-95.564926,10750 WESTVIEW DR,,3476994.20626403,,HOUSTON,Walmart Supercenter 1409,29.793192,-10638238.9000169,20692,,HARRIS
Convenience Store,2335,77547,544534.0,TX,-95.240242,1407 N MAIN ST,,3470488.24782741,,GALENA PARK,GALENA FOOD STORE,29.74246,-10602095.2424681,20778,,HARRIS
Super Store,4834,77020,430371.0,TX,-95.311829,5800 LYONS AVE,,3474740.36991177,,HOUSTON,Fiesta Mart 12,29.77562,-10610064.2708556,20856,,HARRIS
Super Store,    ,77506,432811.0,TX,-95.174171,2619 RED BLUFF,,3464454.46918537,,PASADENA,KROGER 337,29.695387,-10594740.2523919,20891,,HARRIS
Super Store,7162,77373,546194.0,TX,-95.347443,5671 TREASCHWIG RD,,3509306.55161701,,SPRING,KROGER  358,30.044775,-10614028.8032007,20943,,HARRIS
Super Store,1910,77071,401521.0,TX,-95.529633,11242 S GESSNER RD,,3459422.77921659,,HOUSTON,Walmart 3542,29.656115,-10634310.1012283,21184,,HARRIS
Pharmacy,4916,77055,405545.0,TX,-95.48632,1413 WIRT RD,,3477281.67195857,,HOUSTON,Walgreens 5423,29.795433,-10629488.5201236,21210,,HARRIS
Convenience Store,8926,77521,405627.0,TX,-94.964111,6730 N MAIN ST,,3478074.44873339,,BAYTOWN,Flowers Bakery Outlet 50000295,29.801613,-10571356.4801559,21242,,HARRIS
Other,1998,77005,400214.0,TX,-95.442123,5560 WESLAYAN ST,,3467907.39819779,,HOUSTON,Walgreen's 489,29.722328,-10624568.532589,21307,,HARRIS
Convenience Store,    ,77099,630317.0,TX,-95.587685,9803 KIRKWOOD,,3461406.80260401,,HOUSTON,DELTA FOOD STORE,29.671602,-10640772.4203078,21413,,HARRIS
Pharmacy,1113,77504,627053.0,TX,-95.187157,3707 SPENCER HWY,,3460578.6691799,,PASADENA,WALGREENS 04133,29.665138,-10596185.8472994,21428,,HARRIS
Supermarket,2579,77520,630476.0,TX,-94.979233,1700 DECKER DR,,3470241.31918163,,BAYTOWN,Lewis Food Town 4,29.740534,-10573039.8534957,21468,,HARRIS
Pharmacy,4326,77072,405905.0,TX,-95.570221,8300 WILCREST DR,,3463482.366526,,HOUSTON,Walgreens 5390,29.687801,-10638828.3367206,21588,,HARRIS
Super Store,1728,77023,628472.0,TX,-95.340416,4000 POLK ST,,3470152.08756651,,HOUSTON,KROGER  223,29.739838,-10613246.5611389,21611,,HARRIS
Grocery Store,4202,77055,628965.0,TX,-95.525261,9480 LONG POINT RD,,3477553.23738819,,HOUSTON,Supermercado Teloloapan 2,29.79755,-10633823.4124146,21652,,HARRIS
Supermarket,6023,77089,459268.0,TX,-95.212799,10902 SCARSDALE BLVD,,3450349.25345585,,HOUSTON,Lewis Food Town 207,29.585258,-10599040.3016823,21828,,HARRIS
Convenience Store,3327,77011,565496.0,TX,-95.318893,5520 SHERMAN ST,,3470583.63586388,,HOUSTON,SHERMAN MERCADO,29.743204,-10610850.6317385,22106,,HARRIS
Super Store,3230,77015,566179.0,TX,-95.159943,14710 WOODFOREST BLVD,,3476647.99887463,,HOUSTON,KROGER 351,29.790493,-10593156.3986769,22263,,HARRIS
Super Store,2683,77429,566541.0,TX,-95.691513,17455 SPRING CYPRESS RD,,3499983.85224941,,CYPRESS,KROGER  362,29.972254,-10652330.5003979,22296,,HARRIS
Pharmacy,1575,77024,411256.0,TX,-95.522385,9329 KATY FWY,,3475574.54594801,,HOUSTON,Walgreens 1583,29.782124,-10633503.257559,22314,,HARRIS
Grocery Store,3520,77093,506326.0,TX,-95.336235,3040 LITTLE YORK RD,,3486906.19065869,,HOUSTON,La Michoacana Meat Market 15,29.870434,-10612781.1343479,22387,,HARRIS
Pharmacy,5102,77072,407100.0,TX,-95.614174,13196 BELLAIRE BLVD,,3465505.46315965,,HOUSTON,WALGREENS 07071,29.703588,-10643721.1622995,22560,,HARRIS
Pharmacy,4002,77401,410446.0,TX,-95.467102,5002 BELLAIRE BLVD,,3465810.61478431,,BELLAIRE,Walgreens 5835,29.705969,-10627349.1821495,22600,,HARRIS
Grocery Store,2303,77014,408192.0,TX,-95.482246,12325 VETERANS MEMORIAL DR,,3499249.98264064,Ste 102,HOUSTON,FRUTILANDIA #6,29.966543,-10629035.0045181,22611,,HARRIS
Pharmacy,7415,77092,408375.0,TX,-95.459572,3403 MANGUM RD,,3480435.87961437,,HOUSTON,Walgreens 6702,29.820019,-10626510.9463838,22663,,HARRIS
Discount Retail,5834,77084,408794.0,TX,-95.718285,2002 FRY RD,,3477397.37839707,Ste 117,HOUSTON,DOLLAR GENERAL  22155,29.796335,-10655310.7458054,22700,,HARRIS
Supermarket,2718,77084,407430.0,TX,-95.645828,4955 HIGHWAY 6 N,,3483997.19461281,,HOUSTON,HEB 553,29.847771,-10647244.869461,22767,,HARRIS
Supermarket,3304,77090,407448.0,TX,-95.451942,1420 FM 1960 RD W,,3505291.94571363,,HOUSTON,Lewis Food Town 217,30.013552,-10625661.5786691,22787,,HARRIS
Super Store,    ,77077,410047.0,TX,-95.591393,2700 S KIRKWOOD RD,,3469289.80360491,,HOUSTON,Walmart 3296,29.733112,-10641185.1929797,22822,,HARRIS
Supermarket,4027,77505,410075.0,TX,-95.145653,6210 FAIRMONT PKWY,,3458597.5912565,,PASADENA,HEB 473,29.649673,-10591565.6431535,22826,,HARRIS
Convenience Store,4900,77506,363981.0,TX,-95.188065,1740 JENKINS RD,,3464539.81679372,,PASADENA,S M FOOD MART,29.696053,-10596286.925397,23126,,HARRIS
Convenience Store,1919,77033,394161.0,TX,-95.336449,6901 MARTIN LUTHER KING JR BLVD,,3462260.48656807,,HOUSTON,Payless Super Market,29.678265,-10612804.9567189,23145,,HARRIS
Pharmacy,5923,77007,391825.0,TX,-95.391922,950 STUDEMONT ST,,3473824.42905147,,HOUSTON,WALGREENS 6857,29.768478,-10618980.1828317,23266,,HARRIS
Convenience Store,1812,77505,303480.0,TX,-95.123199,7448 SPENCER HWY,,3460390.9885411,,PASADENA,M & M FOOD MART,29.663673,-10589066.0753072,23327,,HARRIS
Supermarket,1206,77038,305379.0,TX,-95.461304,2770 N SAM HOUSTON PKWY W,,3495894.45745767,,HOUSTON,Lewis Food Town 15,29.940426,-10626703.7517419,23482,,HARRIS
Supermarket,5003,77027,394647.0,TX,-95.442184,3815 WESTHEIMER RD,,3470395.16824826,,HOUSTON,HEB Central Market 491,29.741734,-10624575.3230779,23681,,HARRIS
Super Store,3568,77015,598706.0,TX,-95.200203,12620 WOODFOREST BLVD,,3476536.40381787,Ste 200,HOUSTON,KROGER  331,29.789623,-10597638.1213763,24060,,HARRIS
Convenience Store,5514,77040,364757.0,TX,-95.51593,8111 W TIDWELL RD,,3484386.34029996,,HOUSTON,STOP N GO 2742345,29.850803,-10632784.690246,24090,,HARRIS
Convenience Store,7127,77017,1650876.0,TX,-95.240082,3117 FOREST OAKS BLVD,,3461326.72859186,,HOUSTON,Richi Food Mart,29.670977,-10602077.4313496,24203,,HARRIS
Super Store,1755,77505,522748.0,TX,-95.134933,6767 SPENCER HWY,,3460372.9252245,,PASADENA,KROGER 322,29.663532,-10590372.2982122,24413,,HARRIS
Pharmacy,7738,77373,443705.0,TX,-95.386673,23110 ALDINE WESTFIELD RD,,3509734.79260843,,SPRING,WALGREENS 03424,30.048105,-10618395.8668245,24444,,HARRIS
Grocery Store,3805,77096,598014.0,TX,-95.493126,9629 HILLCROFT ST,,3462036.77823164,,HOUSTON,Russian General Store,29.676519,-10630246.1605779,24664,,HARRIS
Supermarket,2208,77042,365720.0,TX,-95.57196,1455 WILCREST DR,,3471284.58014771,,HOUSTON,Lewis Food Town 206,29.748671,-10639021.9213151,24697,,HARRIS
Convenience Store,3819,77023,1589986.0,TX,-95.317314,5601 LAWNDALE ST,,3468495.90221896,,HOUSTON,Fresco Mart,29.726919,-10610674.8582626,24715,,HARRIS
Pharmacy,1420,77502,365886.0,TX,-95.182602,2204 SOUTHMORE AVE,,3463977.37878627,,PASADENA,WALGREENS 5767,29.691664,-10595678.7870188,24751,,HARRIS
Convenience Store,4922,77036,366848.0,TX,-95.518234,7604 CLAREWOOD DR,,3466292.13082403,,HOUSTON,SUNNY FOOD STORE,29.709726,-10633041.1703528,24783,,HARRIS
Other,4203,77087,631565.0,TX,-95.305435,7001 LONG DR,,3463157.79335593,,HOUSTON,PANCHO'S MEAT MARKET #3,29.685268,-10609352.4940314,25033,,HARRIS
Super Store,1202,77098,450556.0,TX,-95.418678,2955 KIRBY DR,,3470009.01057963,,HOUSTON,Whole Foods Market 10115,29.738722,-10621958.6471273,25176,,HARRIS
Convenience Store,6018,77013,447553.0,TX,-95.218941,12340 FLEMING DR,,3474758.70991551,,HOUSTON,FLEMING FOOD STORE,29.775763,-10599724.0259948,25254,,HARRIS
Discount Retail,1765,77346,448047.0,TX,-95.151947,8060 FM 1960 RD E,,3503888.93831462,,HUMBLE,DOLLAR GENERAL 7197,30.002638,-10592266.2880286,25288,,HARRIS
Supermarket,4203,77506,368734.0,TX,-95.219711,901 RICHEY ST,,3464788.04571121,,PASADENA,Lewis Food Town 10,29.69799,-10599809.7420027,25349,,HARRIS
Super Store,3007,77373,450843.0,TX,-95.430763,155 LOUETTA XING,,3511718.13482225,,SPRING,Walmart Supercenter 849,30.063526,-10623303.9431736,25408,,HARRIS
Supermarket,5000,77072,446328.0,TX,-95.559097,10100 BEECHNUT ST,,3463734.41931673,,HOUSTON,HEB 541,29.689768,-10637590.018705,25548,,HARRIS
Pharmacy,5909,77004,369482.0,TX,-95.378738,5202 ALMEDA RD,,3467982.0012252,,HOUSTON,Walgreens 02844,29.72291,-10617512.5466651,25889,,HARRIS
Convenience Store,4514,77032,450327.0,TX,-95.305153,5623 ALDINE BENDER RD,,3494635.83280921,,HOUSTON,SUNMART 442,29.930628,-10609321.101935,25912,,HARRIS
Supermarket,1004,77067,600808.0,TX,-95.477798,12182 VETERANS MEMORIAL DR,,3498730.22132902,,HOUSTON,Lewis Food Town 3,29.962498,-10628539.855423,26068,,HARRIS
Super Store,2703,77025,420158.0,TX,-95.417442,8500 S MAIN ST,,3463855.12961942,,HOUSTON,TARGET STORE T 1336,29.69071,-10621821.0562367,26225,,HARRIS
Super Store,2542,77379,716684.0,TX,-95.517014,6060 FM 2920 RD,,3513074.15165942,,SPRING,KROGER  364,30.074068,-10632905.360574,26243,,HARRIS
Grocery Store,2837,77547,599149.0,TX,-95.242409,2014 CLINTON DR,,3469211.0907025,,GALENA PARK,Middleton's Super Market,29.732498,-10602336.4718047,26263,,HARRIS
Super Store,6700,77079,685439.0,TX,-95.598648,14344 MEMORIAL DR,,3474050.26614577,,HOUSTON,KROGER  161,29.770239,-10641992.8158854,26315,,HARRIS
Grocery Store,2438,77081,602062.0,TX,-95.488953,5727 RAMPART ST,,3467418.2591683,Ste A6,HOUSTON,LA PREFERIDA,29.718512,-10629781.6243428,26480,,HARRIS
Super Store,3621,77062,420340.0,TX,-95.121391,1950 EL DORADO BLVD,,3449461.2851445,,HOUSTON,KROGER  300,29.578321,-10588864.8096679,26524,,HARRIS
Super Store,6024,77089,684606.0,TX,-95.213234,10909 SCARSDALE BLVD,,3450501.20109995,,HOUSTON,HONG KONG FOOD MARKET 2,29.586445,-10599088.7256608,26570,,HARRIS
Super Store,6518,77375,602794.0,TX,-95.626587,27650 STATE HIGHWAY 249,,3513102.58042232,,TOMBALL,Walmart SUPERCENTER 703,30.074289,-10645102.9711387,26622,,HARRIS
Convenience Store,4901,77081,635192.0,TX,-95.489159,6203 BELLAIRE BLVD,,3465688.09188519,,HOUSTON,7 DAY GROCERIES STORE,29.705013,-10629804.5561579,26694,,HARRIS
Supermarket,    ,77077,717162.0,TX,-95.588371,11815 WESTHEIMER,,3469708.50280869,,HOUSTON,HEB 551,29.736378,-10640848.7854785,26780,,HARRIS
Super Store,4202,77005,683972.0,TX,-95.42791,5150 BUFFALO SPEEDWAY,,3468582.94310842,,HOUSTON,KROGER  314,29.727598,-10622986.3486663,26960,,HARRIS
Super Store,5485,77546,484764.0,TX,-95.160324,3135 E FM 528 RD,,3442312.14363493,,FRIENDSWOOD,KROGER 744,29.522453,-10593198.8114029,27011,,HARRIS
Supermarket,4546,77375,484768.0,TX,-95.632019,28520 TOMBALL PKWY,,3514877.38133023,,TOMBALL,HEB 574,30.088085,-10645707.6586127,27012,,HARRIS
Grocery Store,5501,77074,434185.0,TX,-95.51339,7501 BISSONNET ST,,3463004.79960156,,HOUSTON,La Michoacana Meat Market 01,29.684074,-10632501.9387393,27119,,HARRIS
Super Store,    ,77065,722352.0,TX,-95.603699,12353 FM 1960 W,,3493568.44974277,,HOUSTON,Walmart SUPERCENTER 3297,29.922318,-10642555.0906334,28093,,HARRIS
Discount Retail,2665,77336,511829.0,TX,-95.088791,24719 FM 2100 RD,,3507580.6162805,,HUFFMAN,DOLLAR GENERAL 9711,30.031353,-10585235.794268,28133,,HARRIS
Super Store,2923,77077,717757.0,TX,-95.605202,12555 BRIAR FOREST DR,,3471944.14631142,,HOUSTON,KROGER 735,29.753815,-10642722.4038281,28234,,HARRIS
Super Store,6102,77571,508830.0,TX,-95.033142,1300 W FAIRMONT PKWY,,3458932.16901804,,LA PORTE,KROGER 319,29.652285,-10579040.9759249,28299,,HARRIS
Super Store,3403,77598,509582.0,TX,-95.151146,1801 W BAY AREA BLVD,,3444052.61384581,,WEBSTER,Target T 1837,29.536057,-10592177.1211164,28408,,HARRIS
Convenience Store,3305,77045,512046.0,TX,-95.446167,13301 HIRAM CLARKE RD,,3456609.38955933,,HOUSTON,TRANCO FOOD MART,29.63415,-10625018.7086098,28528,,HARRIS
Convenience Store,5460,77017,1578870.0,TX,-95.253967,4805 GALVESTON RD,,3463138.31666313,,HOUSTON,Express Fuel #11,29.685116,-10603623.1024793,28577,,HARRIS
Super Store,3003,77022,509627.0,TX,-95.385185,4711 AIRLINE DR,,3482584.4589257,,HOUSTON,Fiesta Mart 11,29.836763,-10618230.2234222,28603,,HARRIS
Super Store,9152,77532,722686.0,TX,-95.066223,14215 FM 2100 RD,,3490107.96684056,,CROSBY,Walmart Supercenter 522,29.895372,-10582723.5359998,28622,,HARRIS
Convenience Store,2206,77072,719273.0,TX,-95.602928,12550B BELLAIRE BLVD,,3465514.04985571,,HOUSTON,Pop Corner,29.703655,-10642469.263306,28631,,HARRIS
Supermarket,8250,77020,723015.0,TX,-95.336311,3317 LYONS AVE,,3474782.43653264,,HOUSTON,LYONS SUPERMARKET,29.775948,-10612789.5946292,28800,,HARRIS
Super Store,6381,77083,723348.0,TX,-95.641052,9303 HIGHWAY 6 S,,3462260.87095,,HOUSTON,KROGER 347,29.678268,-10646713.207573,28947,,HARRIS
Super Store,7816,77009,721339.0,TX,-95.359612,1100 QUITMAN ST,,3475594.04148491,,HOUSTON,Fiesta Mart 1,29.782276,-10615383.4500841,28990,,HARRIS
Super Store,1110,77504,689415.0,TX,-95.189598,3550 SPENCER HWY,,3460335.38947733,,PASADENA,KROGER 354,29.663239,-10596457.5781764,29306,,HARRIS
Pharmacy,3200,77008,723563.0,TX,-95.428146,1770 W T C JESTER BLVD,,3477995.93855743,,HOUSTON,Walgreens 07530,29.801001,-10623012.6200662,29354,,HARRIS
Specialty Store,1528,77037,686874.0,TX,-95.409424,517 W MOUNT HOUSTON RD,,3490370.30199065,,HOUSTON,L&L Seafood,29.897415,-10620928.4965595,29425,,HARRIS
Pharmacy,3317,77051,690534.0,TX,-95.355698,9200 CULLEN BLVD,,3459689.74049536,,HOUSTON,WALGREENS  4605,29.658199,-10614947.7455972,29838,,HARRIS
Pharmacy,7517,77079,424812.0,TX,-95.607147,14616 MEMORIAL DR,,3474276.2354576,,HOUSTON,Walgreens 05094,29.772001,-10642938.9202377,29910,,HARRIS
Other,2706,77086,424886.0,TX,-95.494827,13714 STATE HIGHWAY 249,,3493345.73628164,,HOUSTON,WALGRENS 03370,29.920584,-10630435.5150318,29945,,HARRIS
Discount Retail,1826,77022,837819.0,TX,-95.385941,906 E TIDWELL RD,,3483694.56243471,,HOUSTON,Family Dollar 2934,29.845413,-10618314.3809572,30068,,HARRIS
Pharmacy,3412,77388,462245.0,TX,-95.447372,2103 FM 2920 RD,,3512587.39934369,,SPRING,WALGREENS 7307,30.070284,-10625152.8485962,30206,,HARRIS
Supermarket,2214,77450,460299.0,TX,-95.71701,525 S FRY RD,,3475222.73354939,,KATY,RANDALLS  2671,29.779381,-10655168.8134547,30218,,HARRIS
Super Store,1702,77061,463768.0,TX,-95.288353,7510 BELLFORT ST,,3461484.31472179,,HOUSTON,Fiesta Mart 37,29.672207,-10607450.9344897,30270,,HARRIS
Convenience Store,4632,77017,836945.0,TX,-95.266525,8003 HOWARD DR,,3462066.63141045,,HOUSTON,Buddy's #10,29.676752,-10605021.0526447,30317,,HARRIS
Convenience Store,5047,77502,464471.0,TX,-95.198051,2520 LAFFERTY RD,,3461717.87884837,,PASADENA,Super Seven,29.67403,-10597398.5618321,30375,,HARRIS
Supermarket,1305,77076,460153.0,TX,-95.406151,442 W LITTLE YORK RD,,3486999.26171256,,HOUSTON,Lewis Food Town 7,29.871159,-10620564.1478662,30693,,HARRIS
Grocery Store,5177,77015,462719.0,TX,-95.177444,1115 FREEPORT ST,,3474583.51906137,,HOUSTON,BI-RITE SUPERMARKET,29.774397,-10595104.6010853,30699,,HARRIS
Other,2549,77099,837278.0,TX,-95.587181,9755 S KIRKWOOD RD,,3461638.0591451,,HOUSTON,ALIEF AFRICAN FOOD MEAT & FISH MARKET,29.673407,-10640716.3152845,30805,,HARRIS
Super Store,5155,77429,493948.0,TX,-95.623283,13135 LOUETTA RD,,3502870.52411948,,CYPRESS,KROGER 327,29.994715,-10644735.1715411,30859,,HARRIS
Supermarket,6304,77017,838391.0,TX,-95.240555,9335 HOWARD DR,,3462932.01929099,,HOUSTON,LA MICHOACANA MEAT MARKET 50,29.683506,-10602130.0854688,31107,,HARRIS
Supermarket,3983,77072,838667.0,TX,-95.602959,12660 BEECHNUT ST,,3463724.1679631,Ste 160,HOUSTON,Grocery Services Inc 18,29.689688,-10642472.7142102,31145,,HARRIS
Grocery Store,7510,77093,838672.0,TX,-95.342728,8502 JENSEN DR,,3482636.94604768,,HOUSTON,Grocery Services Inc 8,29.837172,-10613503.9318016,31147,,HARRIS
Supermarket,3128,77346,514561.0,TX,-95.16375,7405 FM 1960 RD E,,3503332.35453469,,HUMBLE,HEB 498,29.998308,-10593580.1919784,31273,,HARRIS
Super Store,3905,77505,555041.0,TX,-95.153053,5757 FAIRMONT PKWY,,3458641.91078268,,PASADENA,Target T1396,29.650019,-10592389.4073854,31339,,HARRIS
Convenience Store,6309,77039,1601871.0,TX,-95.331367,11801 GLOGER ST,,3490002.67475385,,HOUSTON,Sunrise Grocery Store,29.894552,-10612239.2310667,31352,,HARRIS
Convenience Store,4603,77048,603577.0,TX,-95.354103,4130 ALLISON RD,,3454357.32689054,Ste B,HOUSTON,4130 @ ALLISON FOOD MART,29.616564,-10614770.1910094,31457,,HARRIS
Super Store,1202,77028,603750.0,TX,-95.262482,9419 MESA DR,,3484198.43998352,,HOUSTON,Fiesta Mart 23,29.849339,-10604570.9879434,31470,,HARRIS
Super Store,4206,77018,568680.0,TX,-95.432892,1352 W 43RD ST,,3481494.34099733,,HOUSTON,KROGER 356,29.828268,-10623540.9423695,31768,,HARRIS
Discount Retail,    ,77338,568010.0,TX,-95.265182,218 1ST ST W,,3503713.09120742,#A,HUMBLE,DOLLAR GENERAL 1906,30.00127,-10604871.5505685,31911,,HARRIS
Discount Retail,1072,77338,467549.0,TX,-95.381302,21735 ALDINE WESTFIELD RD,,3507783.90496622,,HUMBLE,DOLLAR GENERAL 4646,30.032934,-10617797.9698394,32349,,HARRIS
Pharmacy,5808,77077,467894.0,TX,-95.602974,12550 WESTHEIMER RD,,3469881.0631531,,HOUSTON,Walgreens 03407,29.737724,-10642474.3840026,32373,,HARRIS
Super Store,2209,77338,468146.0,TX,-95.268845,20777 HIGHWAY 59 N,,3506024.36301601,,HUMBLE,TARGET STORE T 1457,30.019249,-10605279.3138633,32407,,HARRIS
Supermarket,4401,77069,472744.0,TX,-95.50885,5219 FM 1960 RD W,,3500931.73856915,,HOUSTON,RANDALLS 1012,29.97963,-10631996.5482511,32717,,HARRIS
Discount Retail,    ,77449,558779.0,TX,-95.712265,19525 CLAY RD,,3481783.83237623,Ste E,KATY,DOLLAR GENERAL 8094,29.830524,-10654640.6024709,32732,,HARRIS
Super Store,3802,77042,559105.0,TX,-95.544678,9919 WESTHEIMER RD,,3469718.5025277,,HOUSTON,KROGER 363,29.736456,-10635984.9029673,32847,,HARRIS
Specialty Store,2406,77081,470155.0,TX,-95.485313,5990 RENWICK DR,,3467233.17052799,,HOUSTON,Lecaroz Bakery,29.717068,-10629376.4213963,32946,,HARRIS
Supermarket,7520,77083,572676.0,TX,-95.641632,14498 BELLAIRE BLVD,,3465783.70065839,,HOUSTON,HEB 575,29.705759,-10646777.7728777,33012,,HARRIS
Other,6400,77023,572886.0,TX,-95.31572,6141 GRIGGS RD,,3465379.35473105,,HOUSTON,PANCHO'S MEAT MARKET,29.702604,-10610497.4149942,33031,,HARRIS
Super Store,1801,77449,499330.0,TX,-95.720421,6055 N FRY RD,,3485706.98249115,,KATY,KROGER  378,29.861092,-10655548.5242378,33170,,HARRIS
Super Store,3762,77587,495969.0,TX,-95.211365,1603 SPENCER HWY,,3460528.0655986,,SOUTH HOUSTON,Fiesta Mart 4,29.664743,-10598880.6695325,33304,,HARRIS
Grocery Store,7210,77057,496214.0,TX,-95.49659,6362 WINDSWEPT LN,,3468356.04835615,,HOUSTON,Amigo Supermarket & Washateria,29.725828,-10630631.771294,33330,,HARRIS
Supermarket,3332,77502,491034.0,TX,-95.226624,2040 RICHEY ST,,3462716.2434634,,PASADENA,Lewis Food Town 1,29.681822,-10600579.2936425,33445,,HARRIS
Super Store,4408,77065,497070.0,TX,-95.584511,9330 JONES RD,,3491796.61074943,,HOUSTON,KROGER  311,29.908522,-10640419.0922441,33557,,HARRIS
Convenience Store,2601,77016,498806.0,TX,-95.309807,10730 WICKLOWE ST,,3486962.28995777,,HOUSTON,FAIRWAY FOOD STORE,29.870871,-10609839.1828452,33985,,HARRIS
Convenience Store,5764,77449,1606018.0,TX,-95.704819,19240 W LITTLE YORK RD,,3486260.74546351,,KATY,Charge up 68,29.865406,-10653811.7175424,34362,,HARRIS
Pharmacy,5036,77013,533207.0,TX,-95.218712,500 MAXEY RD,,3476087.2114575,,HOUSTON,WALGREENS  07289,29.786121,-10599698.5338314,34430,,HARRIS
Grocery Store,4655,77520,800012.0,TX,-94.964561,1021 N MAIN ST,,3470120.80536528,,BAYTOWN,La Azteca De Oro Meat Market 1,29.739594,-10571406.5739268,34435,,HARRIS
Pharmacy,4316,77023,533998.0,TX,-95.295471,6895 GRIGGS RD,,3466894.7882076,,HOUSTON,Walgreens 03095,29.714428,-10608243.3066252,34503,,HARRIS
Supermarket,3405,77026,465446.0,TX,-95.331802,3905 CAVALCADE ST,,3477904.34395918,,HOUSTON,SING-ON SUPERMARKET,29.800287,-10612287.6550452,34653,,HARRIS
Convenience Store,7914,77092,797689.0,TX,-95.450432,2903 VOLLMER RD,,3479718.14134317,,HOUSTON,Mr Paul Express 01,29.814425,-10625493.486238,34883,,HARRIS
Discount Retail,6014,77571,606669.0,TX,-95.065628,10405 W FAIRMONT PKWY,,3458861.2050154,,LA PORTE,DOLLAR GENERAL  7378,29.651731,-10582657.3009028,35168,,HARRIS
Pharmacy,3512,77076,609347.0,TX,-95.384094,6600 AIRLINE DR,,3485542.16753665,,HOUSTON,Walgreens 06907,29.859808,-10618108.7738577,35427,,HARRIS
Convenience Store,4132,77049,608077.0,TX,-95.192909,14209 WALLISVILLE RD,,3478696.64603598,,HOUSTON,STOP N GO 2742237,29.806463,-10596826.1570104,35637,,HARRIS
Discount Retail,2899,77562,840520.0,TX,-95.057373,302 N MAIN ST,,3480307.57164827,,HIGHLANDS,Family Dollar 4273,29.819019,-10581738.3585063,35665,,HARRIS
Discount Retail,6859,77009,841904.0,TX,-95.361679,2617 FULTON ST,,3476108.50348756,,HOUSTON,Family Dollar 1540,29.786287,-10615613.5474716,35687,,HARRIS
Discount Retail,2739,77504,841907.0,TX,-95.206596,114 FAIRMONT PKWY,,3458609.11944229,,PASADENA,Family Dollar 2861,29.649763,-10598349.7868809,35691,,HARRIS
Discount Retail,4719,77401,841908.0,TX,-95.483406,5861 BISSONNET ST,,3464895.95053281,,BELLAIRE,Family Dollar 2094,29.698832,-10629164.1351274,35697,,HARRIS
Discount Retail,4101,77067,606348.0,TX,-95.442612,1455 GEARS RD,,3496578.80152714,,HOUSTON,DOLLAR GENERAL 9493,29.945753,-10624622.96782,35891,,HARRIS
Grocery Store,4901,77081,608740.0,TX,-95.490509,6219 BELLAIRE BLVD,,3465732.82029791,,HOUSTON,MEXICO PRO. FMRS. MKT./LAPLACITA,29.705362,-10629954.8374705,35973,,HARRIS
Super Store,6302,77064,610887.0,TX,-95.553345,9125 W SAM HOUSTON PKWY N,,3491138.84781633,,HOUSTON,KROGER 739,29.9034,-10636949.708994,36004,,HARRIS
Convenience Store,2226,77061,1648583.0,TX,-95.277557,8550 BROADWAY ST,,3460670.14046144,,HOUSTON,Broadway Express,29.665852,-10606249.1292671,36224,,HARRIS
Convenience Store,    ,77493,1642926.0,TX,-95.785179,23955 FRANZ RD,,3478046.99577411,,KATY,Pick N Pay #2,29.801399,-10662757.3518226,36232,,HARRIS
Super Store,3102,77035,562866.0,TX,-95.464813,10810 S POST OAK RD,,3460212.6624391,,HOUSTON,Cox's Foodarama ,29.662281,-10627094.3718351,36281,,HARRIS
Super Store,2513,77095,611596.0,TX,-95.652084,15955 FM 529 RD,,3488015.12811121,,HOUSTON,Walmart SUPERCENTER  1040,29.879072,-10647941.2841954,36343,,HARRIS
Grocery Store,1852,77080,612338.0,TX,-95.5093,4005 HOLLISTER ST,,3481680.66182673,,HOUSTON,R & T FOOD MART,29.82972,-10632046.642022,36416,,HARRIS
Grocery Store,2317,77087,612888.0,TX,-95.298851,4717 TELEPHONE RD,,3464063.87653941,,HOUSTON,La Michoacana Meat Market 12,29.692339,-10608619.5665041,36630,,HARRIS
Convenience Store,1246,77003,528775.0,TX,-95.337257,3306 NAVIGATION BLVD,,3472116.99311955,,HOUSTON,HANDI PLUS 46,29.755163,-10612894.9028675,37110,,HARRIS
Pharmacy,5405,77087,526972.0,TX,-95.289543,6161 TELEPHONE RD,,3462113.52538466,,HOUSTON,CVS/ PHARMACY 6242,29.677118,-10607583.4046837,37242,,HARRIS
Pharmacy,2102,77034,548445.0,TX,-95.222488,390 EDGEBROOK DR,,3458199.61898472,,HOUSTON,WALGREENS 6606,29.646566,-10600118.8762286,37508,,HARRIS
Supermarket,3250,77429,575842.0,TX,-95.629723,13811 CYPRESS NORTH HOUSTON RD,,3496788.33864363,,CYPRESS,Lewis Food Town 203,29.947384,-10645452.0690618,37520,,HARRIS
Super Store,3808,77096,575218.0,TX,-95.495247,9700 HILLCROFT ST,,3461770.9214287,,HOUSTON,Walmart NEIGHBORHOOD MKT  5094,29.674444,-10630482.2692179,37690,,HARRIS
Super Store,5410,77087,577172.0,TX,-95.290993,6322 TELEPHONE RD,,3461836.64840729,,HOUSTON,KROGER  156,29.674957,-10607744.8179454,37797,,HARRIS
Supermarket,3539,77530,576556.0,TX,-95.126007,435 SHELDON RD,,3475189.00213419,,CHANNELVIEW,Lewis Food Town 214,29.779118,-10589378.6604374,37952,,HARRIS
Supermarket,8625,77002,620607.0,TX,-95.374557,2225 LOUISIANA ST,,3471323.68645109,,HOUSTON,RANDALLS  1773,29.748976,-10617047.119874,37966,,HARRIS
Grocery Store,1053,77014,802014.0,TX,-95.495178,13626 VETERANS MEMORIAL DR,,3501441.82203808,Ste H,HOUSTON,EL RANCHITO MEAT MARKET,29.983599,-10630474.588173,38006,,HARRIS
Convenience Store,4233,77072,802701.0,TX,-95.575081,11203 BEECHNUT ST,,3463500.56234263,,HOUSTON,SNAPPY MART,29.687943,-10639369.3494459,38077,,HARRIS
Convenience Store,3935,77502,551985.0,TX,-95.19313,2104 STRAWBERRY RD,,3462683.95427995,,PASADENA,THE NEIGHBORHOOD SHOP,29.68157,-10596850.7586179,38107,,HARRIS
Convenience Store,1116,77055,552141.0,TX,-95.49984,2815 BINGLE RD,,3480448.83879031,,HOUSTON,Mr. Express #1,29.82012,-10630993.5596391,38123,,HARRIS
Discount Retail,    ,77520,554508.0,TX,-94.954674,1350 N ALEXANDER DR,,3469898.49879963,,BAYTOWN,DOLLAR GENERAL 4357,29.73786,-10570305.9581213,38222,,HARRIS
Super Store,4014,77065,800874.0,TX,-95.605827,12701 FM 1960 RD W,,3493442.19359626,,HOUSTON,TARGET STORE T 2144,29.921335,-10642791.9785098,38292,,HARRIS
Pharmacy,6218,77449,804270.0,TX,-95.720657,3103 N FRY RD,,3479852.73024785,,KATY,CVS PHARMACY INC 3702,29.815474,-10655574.7956376,38387,,HARRIS
Pharmacy,2930,77071,804277.0,TX,-95.527161,8550 W AIRPORT BLVD,,3457658.07876377,,HOUSTON,CVS PHARMACY INC 5320,29.642338,-10634034.9194471,38392,,HARRIS
Pharmacy,1250,77085,804281.0,TX,-95.465919,5510 W OREM DR,,3455740.96832474,,HOUSTON,CVS PHARMACY INC 5269,29.627369,-10627217.4911919,38394,,HARRIS
Pharmacy,3516,77065,804284.0,TX,-95.595467,11600 FM 1960 RD W,,3494221.45667031,,HOUSTON,CVS PHARMACY INC 4983,29.927402,-10641638.7085852,38396,,HARRIS
Pharmacy,2487,77082,804332.0,TX,-95.605217,12585 RICHMOND AVE,,3468782.9214627,,HOUSTON,CVS PHARMACY INC 4427,29.729158,-10642724.0736204,38410,,HARRIS
Pharmacy,6802,77036,804339.0,TX,-95.535446,7950 S GESSNER DR,,3463920.61094705,,HOUSTON,CVS PHARMACY INC 3693,29.691221,-10634957.2014283,38414,,HARRIS
Pharmacy,2302,77095,804351.0,TX,-95.629219,9101 HIGHWAY 6 N,,3491905.77030684,,HOUSTON,CVS PHARMACY INC 3190,29.909372,-10645395.9640384,38424,,HARRIS
Pharmacy,    ,77042,804354.0,TX,-95.571495,11112 RICHMOND AVE,,3468620.88748022,,HOUSTON,CVS PHARMACY INC 3181,29.727894,-10638970.1577519,38427,,HARRIS
Pharmacy,7502,77056,804409.0,TX,-95.467285,5204 RICHMOND AVE,,3469103.53427438,,HOUSTON,CVS PHARMACY INC 3177,29.731659,-10627369.5536163,38441,,HARRIS
Pharmacy,5926,77074,804411.0,TX,-95.510765,7102 BEECHNUT ST,,3464091.04336105,,HOUSTON,CVS PHARMACY INC 3176,29.692551,-10632209.725076,38444,,HARRIS
Pharmacy,5448,77080,804414.0,TX,-95.523911,9455 HAMMERLY BLVD,,3479047.78389299,,HOUSTON,CVS PHARMACY INC 3006,29.8092,-10633673.131102,38447,,HARRIS
Pharmacy,4717,77027,804416.0,TX,-95.457451,4755 WESTHEIMER RD,,3470225.16513644,,HOUSTON,CVS PHARMACY INC 2988,29.740408,-10626274.8377439,38449,,HARRIS
Pharmacy,4302,77079,804418.0,TX,-95.618736,15010 MEMORIAL DR,,3475146.16464715,,HOUSTON,CVS PHARMACY INC 1753,29.778784,-10644229.0018165,38455,,HARRIS
Grocery Store,6902,77036,551675.0,TX,-95.542374,9006 BEECHNUT ST,,3463898.82651538,,HOUSTON,LA PLACITA,29.691051,-10635728.4228605,38572,,HARRIS
Pharmacy,2139,77429,804441.0,TX,-95.61351,12550 LOUETTA RD,,3503171.03975662,,CYPRESS,CVS PHARMACY INC 4397,29.997053,-10643647.2461576,38592,,HARRIS
Pharmacy,3913,77401,804445.0,TX,-95.475494,5430 BISSONNET ST,,3465544.93637696,,BELLAIRE,CVS PHARMACY INC 5273,29.703896,-10628283.3753162,38601,,HARRIS
Super Store,1759,77077,549751.0,TX,-95.627426,1520 ELDRIDGE PKWY,,3472421.78874126,,HOUSTON,KROGER  349,29.75754,-10645196.3681915,38614,,HARRIS
Convenience Store,3136,77093,553741.0,TX,-95.355286,11103 ALDINE WESTFIELD RD,,3487808.43070415,,HOUSTON,Bestop 2,29.877462,-10614901.881967,38902,,HARRIS
Convenience Store,4106,77530,1643688.0,TX,-95.139351,15340 EAST FWY,,3474484.25385467,,CHANNELVIEW,QuikTrip 4611,29.773623,-10590864.1077225,39001,,HARRIS
Super Store,5143,77433,1645853.0,TX,-95.726494,8927 FRY RD,,3492179.70068646,,CYPRESS,Walmart 6930,29.911505,-10656224.5675054,39040,,HARRIS
Convenience Store,2007,77505,1645129.0,TX,-95.172783,3490 PRESTON AVE,,3459810.92531885,,PASADENA,Charge Up 88,29.659145,-10594585.7409387,39041,,HARRIS
Convenience Store,1450,77502,1645067.0,TX,-95.173264,2721 SOUTHMORE AVE,,3464014.0281337,,PASADENA,Charge Up 84,29.69195,-10594639.2856138,39469,,HARRIS
Convenience Store,1021,77504,1645095.0,TX,-95.202126,2626 SPENCER HWY,,3460480.02440783,,PASADENA,Charge Up 86,29.664368,-10597852.1887571,39529,,HARRIS
Convenience Store,2141,77504,1645094.0,TX,-95.178925,4213 VISTA RD,,3459808.74756884,,PASADENA,Charge Up 85,29.659128,-10595269.4652512,39535,,HARRIS
Convenience Store,6297,77041,1635024.0,TX,-95.60141,13237 WEST RD,,3490481.76074549,,HOUSTON,Falcon Express,29.898283,-10642300.280319,39537,,HARRIS
Convenience Store,3500,77091,1634349.0,TX,-95.472946,6000 ANTOINE DR,,3484815.03029757,,HOUSTON,Fuel Run,29.854143,-10627999.7332537,39543,,HARRIS
Supermarket,2947,77075,536031.0,TX,-95.285362,10206 TELEPHONE RD,,3454551.45032792,,HOUSTON,La Michoacana Meat Market 24,29.61808,-10607117.9778927,39574,,HARRIS
Specialty Store,3105,77388,1638489.0,TX,-95.491585,4618 FM 2920 RD,,3512955.16318251,,SPRING,Brothers Halal Farm Inc 2,30.073143,-10630074.6172426,39646,,HARRIS
Convenience Store,4739,77388,1641199.0,TX,-95.439529,1641 LOUETTA RD,,3511743.4735963,,SPRING,Louetta Food,30.063723,-10624279.7698299,39647,,HARRIS
Convenience Store,3649,77004,1409989.0,TX,-95.350006,3014 SCOTT ST,,3468846.24858977,,HOUSTON,Friendly Neigborhood Store,29.729652,-10614314.1150556,39649,,HARRIS
Convenience Store,3114,77042,1635276.0,TX,-95.552841,10146 WESTHEIMER RD,,3469838.11515405,,HOUSTON,Kroozin Market,29.737389,-10636893.6039706,39651,,HARRIS
Convenience Store,4208,77032,1645096.0,TX,-95.314438,5008 ALDINE BENDER RD,,3494567.49707158,,HOUSTON,Charge Up 87,29.930096,-10610354.703407,39735,,HARRIS
Convenience Store,3042,77032,1634401.0,TX,-95.356873,1950 N SAM HOUSTON PKWY E,,3495598.99452936,,HOUSTON,Handi Stop #39,29.938126,-10615078.5459989,39745,,HARRIS
Convenience Store,2712,77087,1640610.0,TX,-95.293633,7008 WOODRIDGE DR,,3465471.50091046,,HOUSTON,Variedades Centroamerica,29.703323,-10608038.7014011,39749,,HARRIS
Convenience Store,1218,77055,1258958.0,TX,-95.48468,2230 WIRT RD,,3479686.0660261,,HOUSTON,Stop N In #2,29.814175,-10629305.9561587,39881,,HARRIS
Convenience Store,    ,77074,1638163.0,TX,-95.50042,7433 1/2 BISSONNET ST,,3479241.6386867,,HOUSTON,Speedy Mart,29.810711,-10631058.1249438,39928,,HARRIS
Discount Retail,5813,77493,845704.0,TX,-95.808563,2050 KATY HOCKLEY CUT OFF RD,,3478243.7860422,,KATY,Family Dollar 5085,29.802933,-10665360.4467953,40023,,HARRIS
Discount Retail,4431,77336,845709.0,TX,-95.102226,11515 FM 1960 RD,,3506225.69836756,,HUFFMAN,Family Dollar 5498,30.020815,-10586731.3716268,40025,,HARRIS
Convenience Store,    ,77089,1650106.0,TX,-95.218414,11418 S SAM HOUSTON PKWY E,,3452295.64980016,,HOUSTON,24 Seven #42,29.600462,-10599665.3606231,40080,,HARRIS
Convenience Store,6868,77093,1654704.0,TX,-95.337845,3208 TIDWELL RD,,3484016.70295429,,HOUSTON,Zapco #6,29.847923,-10612960.358728,40092,,HARRIS
Pharmacy,    ,77054,844674.0,TX,-95.413246,7929 KIRBY DR,,3464181.38626976,,HOUSTON,Walgreens 10818,29.693256,-10621353.9596533,40176,,HARRIS
Convenience Store,6328,77022,992625.0,TX,-95.360817,7104 IRVINGTON BLVD,,3481013.15303244,,HOUSTON,Thrif-tee Super Market,29.824518,-10615517.5900705,40398,,HARRIS
Discount Retail,8022,77484,845343.0,TX,-95.913696,31315 FM 2920 RD,,3510920.1821731,Ste 26,WALLER,Family Dollar 2075,30.057322,-10677063.7988208,40503,,HARRIS
Convenience Store,5565,77036,538443.0,TX,-95.532791,7707 TANGLEWILDE ST,,3464740.88569316,,HOUSTON,SHOP N GET FOOD STORE #2,29.697622,-10634661.6481802,40557,,HARRIS
Discount Retail,7056,77090,844551.0,TX,-95.433441,15045 ELLA BLVD,,3501713.90059518,,HOUSTON,DOLLAR GENERAL 11010,29.985716,-10623602.0567699,40650,,HARRIS
Convenience Store,    ,77449,894955.0,TX,-95.69854,18909 W LITTLE YORK,,3486082.70176686,,HOUSTON,Chevron Food Mart,29.864019,-10653112.7424597,40707,,HARRIS
Other,3925,77586,586724.0,TX,-95.02195,511 WATERFRONT DR,,3445983.7299724,,SEABROOK,Golden Seafood Inc.,29.551149,-10577795.0881839,40733,,HARRIS
Supermarket,3916,77084,538802.0,TX,-95.683708,18322 CLAY RD,,3481869.03853058,,HOUSTON,RANDALLS  2672,29.831188,-10651461.6517723,40788,,HARRIS
Grocery Store,3632,77011,704581.0,TX,-95.304749,620 WAYSIDE DR,,3470240.54994092,,HOUSTON,La Michoacana Meat Market 08,29.740528,-10609276.1288607,41589,,HARRIS
Supermarket,4117,77521,704602.0,TX,-94.96405,3517 N MAIN ST,,3472800.06849797,,BAYTOWN,Lewis Food Town 14,29.76049,-10571349.689667,41590,,HARRIS
Convenience Store,5408,77587,616533.0,TX,-95.248299,1544 COLLEGE AVE,,3459138.53045831,,SOUTH HOUSTON,Union Drive In Grocery,29.653896,-10602992.1436055,41634,,HARRIS
Convenience Store,    ,77088,618745.0,TX,-95.479729,8670 ANTOINE DR,,3489776.6849075,,HOUSTON,RAINBOW QUICK STOP,29.892792,-10628754.8133598,41782,,HARRIS
Super Store,    ,77339,703349.0,TX,-95.214523,2165 NORTHPARK DR,,3512463.27019105,,KINGWOOD,Walmart 3579,30.069319,-10599232.2164844,41793,,HARRIS
Super Store,6108,77345,707109.0,TX,-95.187233,3410 NORTHPARK DR,,3512284.86077259,,KINGWOOD,KROGER 310,30.067932,-10596194.3075807,41908,,HARRIS
Grocery Store,1719,77087,579688.0,TX,-95.289795,1501 EVERGREEN DR,,3466608.45193743,,HOUSTON,TODO MARKET,29.712194,-10607611.4571954,42175,,HARRIS
Grocery Store,1269,77099,624729.0,TX,-95.603645,12719 BISSONNET ST,,3462156.0632357,Ste A,HOUSTON,GLORY OF GOD AFR CARR DISC FD/STR,29.67745,-10642549.0793809,42193,,HARRIS
Convenience Store,5134,77063,623561.0,TX,-95.539223,3840 S GESSNER RD,,3467811.38909641,,HOUSTON,LA COSTENA MEAT MARKET 1,29.721579,-10635377.655145,42341,,HARRIS
Discount Retail,2838,77080,625039.0,TX,-95.523361,9411 KEMPWOOD DR,,3480575.60844946,,HOUSTON,DOLLAR GENERAL 1751,29.821108,-10633611.905382,42571,,HARRIS
Convenience Store,5933,77082,1588782.0,TX,-95.609619,12775 MEDFIELD DR,,3467225.99262881,,HOUSTON,Medfield Food Store,29.717012,-10643214.1020189,42741,,HARRIS
Grocery Store,6000,77081,579581.0,TX,-95.482552,6906 ATWELL DR,,3465563.51958935,,HOUSTON,La Michoacana Meat Market 07,29.704041,-10629069.0682823,42984,,HARRIS
Convenience Store,5132,77063,713168.0,TX,-95.539253,3770 S GESSNER RD,,3467953.92890123,,HOUSTON,STOP N GO #2166 2742166,29.722691,-10635380.9947297,43192,,HARRIS
Other,1004,77037,585720.0,TX,-95.409615,11830 AIRLINE DR,,3494327.81107501,,HOUSTON,La Michoacana Meat Market 21,29.92823,-10620949.7585823,43778,,HARRIS
Pharmacy,3106,77521,709889.0,TX,-94.977463,3920 GARTH RD,,3473496.77354573,,BAYTOWN,WALGREENS 3138,29.765923,-10572842.817997,43846,,HARRIS
Supermarket,1039,77076,586146.0,TX,-95.384811,7426 AIRLINE DR,,3486790.39837454,,HOUSTON,Lewis Food Town 202,29.869532,-10618188.5899326,43935,,HARRIS
Pharmacy,4632,77011,660388.0,TX,-95.307243,220 S WAYSIDE DR,,3469674.78586474,,HOUSTON,Walgreens 02809,29.736115,-10609553.7596708,44039,,HARRIS
Convenience Store,1403,77087,660451.0,TX,-95.304199,4305 TELEPHONE RD,,3465391.40162106,,HOUSTON,OSCARS SERVICE STATION,29.702698,-10609214.9031408,44047,,HARRIS
Pharmacy,5806,77036,660497.0,TX,-95.520569,7634 BELLAIRE BLVD,,3465723.33632349,,HOUSTON,WALGREENS  03198,29.705288,-10633301.1013638,44054,,HARRIS
Discount Retail,9646,77521,660660.0,TX,-94.980522,6930 GARTH RD,,3478245.45376923,,BAYTOWN,DOLLAR GENERAL 1776,29.802946,-10573183.3443193,44063,,HARRIS
Pharmacy,1001,77067,665272.0,TX,-95.477875,12097 VETERANS MEMORIAL DR,,3498518.72500644,,HOUSTON,Walgreens 6865,29.960852,-10628548.4270238,44255,,HARRIS
Super Store,4035,77338,661248.0,TX,-95.283455,9475 FM 1960 BYPASS RD W,,3504193.72000068,,HUMBLE,Kroger 190,30.005009,-10606905.6916238,44287,,HARRIS
Other,2004,77014,764457.0,TX,-95.487198,12800 VETERANS MEMORIAL DR,,3500258.34137343,,HOUSTON,G & J African Market,29.97439,-10629586.2586365,44610,,HARRIS
Super Store,6607,77077,644912.0,TX,-95.595085,12141 WESTHEIMER RD,,3469501.0744937,,HOUSTON,PHOENICIA SPECIALTY FOODS,29.73476,-10641596.1845397,44758,,HARRIS
Pharmacy,5526,77087,663273.0,TX,-95.290848,3900 REVEILLE ST,,3463095.00675444,,HOUSTON,Walgreens 3082,29.684778,-10607728.6766192,44917,,HARRIS
Convenience Store,1142,77012,638915.0,TX,-95.288712,7548 CANAL ST,,3469656.58131578,,HOUSTON,Shew Food Market,29.735973,-10607490.8981869,45233,,HARRIS
Super Store,9686,77521,640313.0,TX,-94.980186,6315 GARTH RD,,3476903.64500033,,BAYTOWN,Kroger 150,29.792486,-10573145.9409704,45372,,HARRIS
Super Store,    ,77063,641337.0,TX,-95.511711,2727 DUNVALE RD,,3469599.91661708,,HOUSTON,Walmart 2066,29.735531,-10632315.0333143,45651,,HARRIS
Pharmacy,4932,77498,635603.0,TX,-95.650681,11525 S HIGHWAY 6,,3458674.06174817,,SUGAR LAND,Walgreens 06855,29.65027,-10647785.1029498,45710,,HARRIS
Super Store,1850,77099,766655.0,TX,-95.561188,9460 W SAM HOUSTON PKWY S,,3462388.99889854,,HOUSTON,Walmart SUPERCENTER 3302,29.679268,-10637822.7877603,45711,,HARRIS
Discount Retail,2685,77493,766827.0,TX,-95.789818,24210 FRANZ RD,,3478211.71441067,,KATY,Dollar General 7990,29.802683,-10663273.7629404,45866,,HARRIS
Super Store,3812,77038,646803.0,TX,-95.428413,1728 W MOUNT HOUSTON RD,,3490448.88801639,,HOUSTON,Fiesta Mart 41,29.898027,-10623042.3423702,45959,,HARRIS
Super Store,1803,77034,638819.0,TX,-95.241959,1175 EDGEBROOK DR,,3457617.98929673,,HOUSTON,Fiesta Mart 31,29.642025,-10602286.3780338,45998,,HARRIS
Pharmacy,    ,77090,725420.0,TX,-95.45076,1403 CYPRESS CREEK PKWY,,3505289.50310739,,HOUSTON,Walgreens 4513,30.013533,-10625529.999031,46058,,HARRIS
Convenience Store,4117,77013,1647960.0,TX,-95.248352,10303 WALLISVILLE RD,,3477295.39761237,,HOUSTON,Pitstop Express #26,29.79554,-10602998.0435385,46065,,HARRIS
Grocery Store,2106,77506,725620.0,TX,-95.211594,502 SHAVER ST,,3465687.57923952,,PASADENA,La Michoacana Meat Market 19,29.705009,-10598906.1616959,46075,,HARRIS
Other,7418,77429,1660175.0,TX,-95.614548,13202 LISMORE PT,,3499694.84830901,,CYPRESS,Affordable Mobile Groceries 2819281084,29.970005,-10643762.795789,46088,,HARRIS
Super Store,7514,77083,726112.0,TX,-95.638458,14315 BELLAIRE BLVD,,3465552.24149863,,HOUSTON,Fiesta Mart 14,29.703953,-10646424.4448139,46120,,HARRIS
Supermarket,    ,77035,726172.0,TX,-95.464058,11210 S POST OAK,,3459409.07262069,,HOUSTON,La Michoacana Meat Market 23,29.656008,-10627010.3256195,46160,,HARRIS
Supermarket,3400,77035,649902.0,TX,-95.460915,4800 W BELLFORT ST,,3461398.09052736,,HOUSTON,RANDALLS  1041,29.671534,-10626660.44846,46175,,HARRIS
Super Store,4339,77096,726380.0,TX,-95.459106,9555 S POST OAK RD,,3461999.49388659,,HOUSTON,Walmart 2718,29.676228,-10626459.0715011,46178,,HARRIS
Super Store,1232,77055,726395.0,TX,-95.48716,2323 WIRT RD,,3479826.42820599,,HOUSTON,Fiesta Mart 8,29.815269,-10629582.0284958,46180,,HARRIS
Pharmacy,4015,77338,726890.0,TX,-95.2966,8505 FM 1960 BYPASS RD W,,3504180.73674365,,HUMBLE,Walgreens 7681,30.004908,-10608368.9863303,46232,,HARRIS
Super Store,2242,77095,727010.0,TX,-95.631569,8550 HIGHWAY 6 N,,3490889.59506434,,HOUSTON,KROGER  374,29.901459,-10645657.5648418,46245,,HARRIS
Super Store,1122,77025,667657.0,TX,-95.441193,4004 BELLAIRE BLVD,,3465824.58451947,,HOUSTON,WHOLE FOODS MARKET 10134,29.706078,-10624465.0054625,46357,,HARRIS
Grocery Store,5802,77088,724398.0,TX,-95.443047,9210 W MONTGOMERY RD,,3487753.09798933,,HOUSTON,WAYNE FOOD MARKET,29.877031,-10624671.3917985,46383,,HARRIS
Super Store,2979,77084,727404.0,TX,-95.644875,4810 HIGHWAY 6 N,,3483551.59110919,,HOUSTON,Walmart NEIGHBORHOOD MKT 3452,29.844299,-10647138.7819863,46547,,HARRIS
Supermarket,4503,77081,649065.0,TX,-95.47583,6515 CHIMNEY ROCK RD,,3466274.05922859,,HOUSTON,Matamoros Meat Mkt 12,29.709585,-10628320.7786652,46568,,HARRIS
Super Store,    ,77072,728686.0,TX,-95.586075,11755 BEECHNUT ST,,3463434.05803899,,HOUSTON,Walmart 3509,29.687424,-10640593.1959277,46678,,HARRIS
Supermarket,3509,77530,805221.0,TX,-95.124741,777 SHELDON RD,,3476171.61019369,Ste D,CHANNELVIEW,La Sabrosa Meat Market #2 Inc 2,29.786779,-10589237.729962,46802,,HARRIS
Pharmacy,3931,77006,648396.0,TX,-95.391212,3317 MONTROSE BLVD,,3470539.65983978,,HOUSTON,Walgreens 3157,29.742861,-10618901.1459932,46825,,HARRIS
Super Store,6200,77035,676354.0,TX,-95.461014,12355 MAIN ST,,3458411.98888414,,HOUSTON,Fiesta Mart 22,29.648224,-10626671.4690896,46944,,HARRIS
Super Store,3801,77060,651086.0,TX,-95.404366,159 ALDINE BENDER RD,,3494782.26776284,,HOUSTON,Carnicerias Teloloapan 1,29.931768,-10620365.4425751,46953,,HARRIS
Discount Retail,2411,77520,651197.0,TX,-94.978348,1721 GARTH RD,,3470891.47224462,,BAYTOWN,DOLLAR GENERAL 1744,29.745605,-10572941.3357463,46975,,HARRIS
Pharmacy,3316,77092,731484.0,TX,-95.473083,5212 ANTOINE DR,,3483099.97133848,,HOUSTON,CVS PHARMACY INC 6294,29.84078,-10628014.9840239,47073,,HARRIS
Convenience Store,4223,77055,731506.0,TX,-95.526634,9501 LONG POINT RD,,3477485.76239922,Ste B,HOUSTON,KQ Food Mart,29.797024,-10633976.2540754,47122,,HARRIS
Convenience Store,4233,77011,732017.0,TX,-95.320869,5417 HARRISBURG BLVD,,3470353.24419512,,HOUSTON,STOP-N-SHOP GROCERY,29.741407,-10611070.5990523,47628,,HARRIS
Pharmacy,2330,77055,729281.0,TX,-95.500351,8590 LONG POINT RD,,3478258.41073279,,HOUSTON,Walgreens 3820,29.803047,-10631050.4438989,47636,,HARRIS
Supermarket,4002,77055,806025.0,TX,-95.542168,10050 LONG POINT RD,,3477225.10189543,,HOUSTON,El Ahorro Supermarket 1,29.794992,-10635705.4910454,47783,,HARRIS
Grocery Store,1826,77084,806625.0,TX,-95.64373,5420 HIGHWAY 6 N,,3485061.59771844,,HOUSTON,Supermercado Teloloapan 8,29.856064,-10647011.3211693,47871,,HARRIS
Supermarket,2545,77099,769357.0,TX,-95.587219,9525 S KIRKWOOD RD,,3462012.81886349,,HOUSTON,Lewis Food Town 17,29.676332,-10640720.5454251,48408,,HARRIS
Grocery Store,2416,77081,769420.0,TX,-95.48793,6024 GULFTON ST,,3467185.23249155,,HOUSTON,Mi Tienda Meat Market,29.716694,-10629667.7445038,48413,,HARRIS
Pharmacy,3991,77379,769621.0,TX,-95.554901,18535 CHAMPION FOREST DR,,3507737.10070568,,SPRING,WALGREENS 06750,30.03257,-10637122.9221217,48439,,HARRIS
Pharmacy,2935,77396,769628.0,TX,-95.248619,9510 N SAM HOUSTON PKWY E,,3495092.4841926,,HUMBLE,WALGREENS 09203,29.934183,-10603027.7658425,48441,,HARRIS
Supermarket,3134,77015,808508.0,TX,-95.161552,14646 ALDERSON ST,,3476372.2197507,,HOUSTON,La Michoacana Meat Market 37,29.788343,-10593335.5117376,48657,,HARRIS
Pharmacy,2504,77080,808604.0,TX,-95.545197,2808 GESSNER DR,,3480842.88097621,,HOUSTON,WALGREENS 05536,29.823191,-10636042.677783,48667,,HARRIS
Convenience Store,5000,77080,872608.0,TX,-95.541573,10112 HAMMERLY BLVD,,3479530.82262494,Ste B,HOUSTON,AMIGO FOOD MART,29.812965,-10635639.2559484,48746,,HARRIS
Supermarket,2246,77075,768246.0,TX,-95.249397,9828 BLACKHAWK BLVD,,3452450.69306222,,HOUSTON,HEB 054,29.601673,-10603114.3724064,48863,,HARRIS
Convenience Store,6803,77081,771230.0,TX,-95.489258,6102 BISSONNET ST,,3464641.44013435,Ste A,HOUSTON,9 STOP FOOD STORE,29.696846,-10629815.5767875,48983,,HARRIS
Pharmacy,4123,77388,873913.0,TX,-95.477127,3850 FM 2920 RD,,3512705.09805202,,SPRING,CVS/ PHARMACY INC 19,30.071199,-10628465.1600447,49229,,HARRIS
Other,3170,77086,781624.0,TX,-95.491302,13433 STATE HIGHWAY 249,,3493045.32328858,Ste 8,HOUSTON,Hung Dong Food Market 249 ,29.918245,-10630043.1138267,49380,,HARRIS
Convenience Store,5533,77035,1646621.0,TX,-95.481689,12303 CHIMNEY ROCK RD,,3457911.17041667,,HOUSTON,Chimney Rock Food Mart,29.644314,-10628972.9995617,49561,,HARRIS
Super Store,1706,77054,708226.0,TX,-95.415237,8130 KIRBY DR,,3463831.42315434,,HOUSTON,Fiesta Mart 18,29.690525,-10621575.5967595,49900,,HARRIS
Grocery Store,2040,77033,592516.0,TX,-95.337059,7006 MARTIN LUTHER KING JR BLVD,,3462064.45327918,,HOUSTON,SHEFFIELD INC,29.676735,-10612872.8616083,49939,,HARRIS
Pharmacy,2915,77025,592976.0,TX,-95.439392,8413 STELLA LINK RD,,3464034.01873081,,HOUSTON,Walgreens 04328,29.692106,-10624264.5190596,49975,,HARRIS
Super Store,7126,77055,996356.0,TX,-95.465591,1118 SILBER RD,,3476392.10130335,,HOUSTON,Walmart Supercenter 3640,29.788498,-10627180.9783989,50171,,HARRIS
Pharmacy,4613,77049,782269.0,TX,-95.166077,15411 WALLISVILLE RD,,3478903.70972592,,HOUSTON,CVS/ PHARMACY INC 6773,29.808077,-10593839.2324335,50193,,HARRIS
Convenience Store,3275,77433,996380.0,TX,-95.722801,7202 FRY RD,,3488579.90406735,,CYPRESS,Texan Market,29.883471,-10655813.4646259,50195,,HARRIS
Pharmacy,2839,77346,782271.0,TX,-95.191994,5440 ATASCOCITA RD,,3502094.07486968,,HUMBLE,CVS/ PHARMACY 5328,29.988674,-10596724.2996764,50210,,HARRIS
Pharmacy,5078,77536,782276.0,TX,-95.123207,3505 CENTER ST,,3462438.07224036,,DEER PARK,CVS/ PHARMACY INC 3699,29.679651,-10589066.9658632,50218,,HARRIS
Pharmacy,1114,77502,782283.0,TX,-95.200623,930 SOUTHMORE AVE,,3463870.76309596,,PASADENA,CVS/ PHARMACY INC 5970,29.690832,-10597684.8755624,50233,,HARRIS
Pharmacy,3301,77504,782305.0,TX,-95.183167,4101 FAIRMONT PKWY,,3458864.66354077,,PASADENA,CVS/ PHARMACY INC 6000,29.651758,-10595741.6825311,50246,,HARRIS
Pharmacy,2336,77029,782308.0,TX,-95.248528,10222 EAST FRWY,,3474435.77577672,,JACINTO CITY,CVS/ PHARMACY INC 6665,29.773245,-10603017.6357689,50263,,HARRIS
Pharmacy,2900,77396,782312.0,TX,-95.269363,8000 N SAM HOUSTON PKWY E,,3495623.14515584,,HUMBLE,CVS/ PHARMACY INC 7151,29.938314,-10605336.9773595,50274,,HARRIS
Pharmacy,9153,77532,782318.0,TX,-95.062866,14630 FM 2100 RD,,3490573.8305183,,CROSBY,CVS/ PHARMACY INC 7296,29.899,-10582349.8364692,50369,,HARRIS
Convenience Store,5031,77036,996586.0,TX,-95.515388,159 SHARPSTOWN CTR,,3466016.95828615,Ste 170,HOUSTON,Snacks N More,29.707579,-10632724.355082,50371,,HARRIS
Pharmacy,3133,77346,782322.0,TX,-95.166992,7214 FM 1960 RD E,,3503321.30022982,,HUMBLE,CVS/ PHARMACY INC 7416,29.998222,-10593941.0897675,50386,,HARRIS
Supermarket,2507,77373,993767.0,TX,-95.434113,1424 SPRING CYPRESS RD,,3513364.23093226,,SPRING,Lmmm Houston 54,30.076323,-10623676.8634677,50535,,HARRIS
Convenience Store,1801,77036,994839.0,TX,-95.520103,5726 FONDREN RD,,3467359.04076795,,HOUSTON,Handi Stop 54,29.71805,-10633249.226481,50756,,HARRIS
Other,1008,77071,995926.0,TX,-95.528313,9924 S GESSNER DR,,3461240.88980349,,HOUSTON,C.K.C African Foods Store And Groceries,29.670307,-10634163.1595005,50804,,HARRIS
Convenience Store,2442,77036,994977.0,TX,-95.547554,5880 RANCHESTER DR,,3466912.86067477,Ste 100,HOUSTON,Irrawaddy Food Store LLC,29.714569,-10636305.0578228,50815,,HARRIS
Super Store,1606,77014,677413.0,TX,-95.491722,13400 VETERANS MEMORIAL DR,,3501178.74545342,,HOUSTON,HONG KONG FOOD MARKET 3,29.981552,-10630089.8680128,51012,,HARRIS
Super Store,1124,77037,682466.0,TX,-95.415504,10411 NORTH FWY,,3492987.01393165,,HOUSTON,Walmart SUPERCENTER  1279,29.917791,-10621605.3190636,51045,,HARRIS
Supermarket,3752,77506,733689.0,TX,-95.182434,2145 RED BLUFF RD,,3465083.18420441,,PASADENA,MEXICO LINDO,29.700293,-10595660.0853444,51098,,HARRIS
Other,2727,77009,643530.0,TX,-95.360748,4818 IRVINGTON BLVD,,3478474.19099942,,HOUSTON,MATAMOROS MEAT MARKET #3 INC.,29.804729,-10615509.9090257,51179,,HARRIS
Pharmacy,2850,77071,643648.0,TX,-95.53006,12611 S GESSNER DR,,3457087.10379373,,HOUSTON,Walgreens 4105,29.63788,-10634357.6346509,51273,,HARRIS
Super Store,2257,77521,692919.0,TX,-94.977661,4900 GARTH RD,,3474872.21331848,,BAYTOWN,Walmart SUPERCENTER 194,29.776648,-10572864.8592562,51496,,HARRIS
Super Store,8160,77379,695314.0,TX,-95.487823,18518 KUYKENDAHL RD,,3508614.83779109,,SPRING,KROGER  376,30.039396,-10629655.8333182,51660,,HARRIS
Grocery Store,2313,77087,680049.0,TX,-95.299324,4663 TELEPHONE RD,,3464339.51992232,,HOUSTON,Capital Sales Grocery,29.69449,-10608672.2206232,51671,,HARRIS
Super Store,4606,77036,680771.0,TX,-95.538246,8710 BELLAIRE BLVD,,3465706.93162747,,HOUSTON,Fiesta Mart 39,29.70516,-10635268.8960025,51729,,HARRIS
Pharmacy,5302,77571,679323.0,TX,-95.019035,1102 S BROADWAY ST,,3458897.19934337,,LA PORTE,Walgreens 03001,29.652012,-10577470.5918682,51869,,HARRIS
Supermarket,3205,77063,694691.0,TX,-95.537125,9660 WESTHEIMER RD,,3469986.44661235,,HOUSTON,RANDALLS 2961,29.738546,-10635144.1068533,51957,,HARRIS
Convenience Store,2446,77044,678467.0,TX,-95.198402,8502 VAN HUT LN,,3483807.24652431,,HOUSTON,VAN HUT NEIGHBORHOOD STORE,29.846291,-10597437.6349734,51979,,HARRIS
Super Store,1903,77014,695927.0,TX,-95.491516,13133 VETERANS MEMORIAL DR,,3500571.64656571,,HOUSTON,KROGER  275,29.976828,-10630066.9361977,51994,,HARRIS
Discount Retail,5438,77087,826090.0,TX,-95.292679,5920 TELEPHONE RD,,3462410.26826134,,HOUSTON,Family Dollar 4386,29.679434,-10607932.5026069,52040,,HARRIS
Discount Retail,1803,77034,826091.0,TX,-95.242096,1169 EDGEBROOK DR,,3457610.94483456,,HOUSTON,Family Dollar 4407,29.64197,-10602301.6288041,52042,,HARRIS
Discount Retail,3455,77520,826092.0,TX,-94.949066,2300 N ALEXANDER DR,,3470896.21613656,,BAYTOWN,Family Dollar 5352,29.745642,-10569681.6784169,52043,,HARRIS
Discount Retail,7906,77520,826095.0,TX,-94.978737,710 W MAIN ST,,3467670.00450127,,BAYTOWN,Family Dollar 6405,29.720476,-10572984.6390283,52046,,HARRIS
Discount Retail,1305,77076,826101.0,TX,-95.405304,428 W LITTLE YORK RD,,3486994.76861166,,HOUSTON,Family Dollar 1759,29.871124,-10620469.8602575,52049,,HARRIS
Discount Retail,    ,77037,826102.0,TX,-95.404839,11046 AIRLINE DR,,3492920.4850782,,HOUSTON,Family Dollar 1807,29.917273,-10620418.0966942,52050,,HARRIS
Discount Retail,4909,77091,826103.0,TX,-95.474823,5337 ANTOINE DR,,3483197.1215059,,HOUSTON,Family Dollar 2188,29.841537,-10628208.6799379,52051,,HARRIS
Discount Retail,8362,77036,826109.0,TX,-95.551964,9819 BISSONNET,,3461851.12632484,,HOUSTON,Family Dollar 6993,29.67507,-10636795.9767772,52055,,HARRIS
Discount Retail,3826,77067,826110.0,TX,-95.465752,3040 GEARS RD,,3496731.42540205,,HOUSTON,Family Dollar 7271,29.946941,-10627198.9008369,52056,,HARRIS
Discount Retail,4243,77023,826111.0,TX,-95.295746,7053 LAWNDALE ST,,3467380.83105673,,HOUSTON,Family Dollar 1278,29.71822,-10608273.9194851,52057,,HARRIS
Discount Retail,5129,77020,826112.0,TX,-95.304604,6526 LYONS AVE,,3474780.127995,,HOUSTON,Family Dollar 1489,29.77593,-10609259.9875346,52058,,HARRIS
Discount Retail,3321,77051,826114.0,TX,-95.356659,9430 CULLEN BLVD,,3459207.95882393,,HOUSTON,Family Dollar Store 1524,29.654438,-10615054.7236278,52059,,HARRIS
Discount Retail,7640,77093,826115.0,TX,-95.342781,8826 JENSEN DR,,3483025.5370981,,HOUSTON,Family Dollar 1547,29.8402,-10613509.8317346,52060,,HARRIS
Discount Retail,3203,77091,826123.0,TX,-95.405609,436 W PARKER RD,,3485537.28986781,,HOUSTON,Family Dollar 5590,29.85977,-10620503.8127022,52064,,HARRIS
Discount Retail,3443,77015,826124.0,TX,-95.202324,514 NORMANDY ST,,3476586.04425782,,HOUSTON,Family Dollar 6914,29.79001,-10597874.2300162,52065,,HARRIS
Convenience Store,4076,77032,774691.0,TX,-95.304276,15935 LEE RD STE A,,3497362.49566016,,HOUSTON,MJ's ALL SEASON FOOD STORE,29.951853,-10609223.4747416,52150,,HARRIS
Supermarket,3467,77015,824869.0,TX,-95.203331,715 NORMANDY ST,,3475950.22502415,,HOUSTON,LA MICHOACANA MEAT MARKET 45,29.785053,-10597986.3287435,52181,,HARRIS
Other,0309,77433,1578190.0,TX,-95.718376,8020 FRY RD,,3490157.01784017,Ste 108,CYPRESS,Cypress Indian Grocery,29.895754,-10655320.8758791,52186,,HARRIS
Super Store,2414,77075,773723.0,TX,-95.23436,9598 ROWLETT RD,,3456190.34756395,,HOUSTON,Walmart SUPERCENTER 3425,29.630878,-10601440.4612233,52302,,HARRIS
Discount Retail,3804,77039,827086.0,TX,-95.313103,5218 ALDINE MAIL RD,,3491066.93513807,,HOUSTON,Family Dollar 1396,29.90284,-10610206.0918868,52342,,HARRIS
Discount Retail,6205,77039,827088.0,TX,-95.320923,11739B EASTEX FWY,,3489654.44660824,,HOUSTON,Family Dollar 4574,29.89184,-10611076.6103048,52353,,HARRIS
Grocery Store,6502,77036,773167.0,TX,-95.552536,9652 BEECHNUT ST,,3463758.63817207,Ste B,HOUSTON,LA HACIENDA SUPERMARKET 2,29.689957,-10636859.6515259,52382,,HARRIS
Discount Retail,4856,77093,827128.0,TX,-95.334702,3415 ORLANDO ST,,3486208.62859532,,HOUSTON,Family Dollar 4607,29.865,-10612610.4815685,52390,,HARRIS
Discount Retail,    ,77028,827132.0,TX,-95.302834,7501 HOMESTEAD RD,,3481792.68660386,,HOUSTON,Family Dollar 5731,29.830593,-10609062.9520359,52398,,HARRIS
Discount Retail,5225,77076,827133.0,TX,-95.362503,9605 IRVINGTON BLVD,,3484049.81586506,,HOUSTON,Family Dollar 5805,29.848181,-10615705.274732,52406,,HARRIS
Convenience Store,4556,77018,774884.0,TX,-95.399734,4400 YALE ST,,3481499.98704329,Ste C,HOUSTON,BONJOUR FOOD STORE,29.828312,-10619849.8106937,52431,,HARRIS
Discount Retail,4514,77032,827134.0,TX,-95.304489,5625 ALDINE BENDER RD,,3494637.24577004,,HOUSTON,Family Dollar 5828,29.930639,-10609247.1857931,52483,,HARRIS
Pharmacy,3512,77530,733944.0,TX,-95.123978,814 SHELDON RD,,3476437.38005106,,CHANNELVIEW,CVS PHARMACY INC 6742,29.788851,-10589152.7931906,52486,,HARRIS
Discount Retail,8713,77093,827136.0,TX,-95.342628,7600 JENSEN DR,,3481445.83643216,,HOUSTON,Family Dollar 7042,29.82789,-10613492.7998525,52488,,HARRIS
Discount Retail,1018,77028,827137.0,TX,-95.284714,9201 N WAYSIDE DR,,3483771.18237416,,HOUSTON,Family Dollar 7075,29.84601,-10607045.8428627,52497,,HARRIS
Discount Retail,4461,77028,827138.0,TX,-95.284836,5901 N WAYSIDE DR,,3479864.14919989,,HOUSTON,Family Dollar 7113,29.815563,-10607059.4238406,52498,,HARRIS
Discount Retail,4646,77039,827139.0,TX,-95.340096,3900 ALDINE MAIL RD,,3491011.97357792,,HOUSTON,Family Dollar 7185,29.902412,-10613210.9389018,52499,,HARRIS
Discount Retail,2403,77520,827140.0,TX,-94.979935,1305 GARTH RD,,3470493.37619847,,BAYTOWN,Family Dollar 1470,29.7425,-10573117.9997782,52500,,HARRIS
Pharmacy,7335,77007,775677.0,TX,-95.409729,415 SHEPHERD DR,,3473576.1538973,,HOUSTON,WALGREENS 09294,29.766542,-10620962.4490042,52527,,HARRIS
Pharmacy,3532,77396,775678.0,TX,-95.218376,3755 ATASCOCITA RD,,3500833.68253106,,HUMBLE,WALGREENS 09601,29.978867,-10599661.1304825,52534,,HARRIS
Pharmacy,5413,77056,775680.0,TX,-95.467171,5200 WESTHEIMER RD,,3470186.06217455,,HOUSTON,WALGREENS 04027,29.740103,-10627356.8631944,52541,,HARRIS
Pharmacy,5727,77089,775686.0,TX,-95.214363,10850 SCARSDALE BLVD,,3450166.45781589,,HOUSTON,WALGREENS 04396,29.58383,-10599214.4053659,52577,,HARRIS
Super Store,4240,77587,772581.0,TX,-95.234314,1508 HOUSTON BLVD,,3460135.4141824,,SOUTH HOUSTON,MEXICO MARKET,29.661678,-10601435.3405267,52662,,HARRIS
Convenience Store,2452,77091,1411067.0,TX,-95.416695,801 W LITTLE YORK RD,,3486507.8541905,,HOUSTON,Friendly Store 6,29.867331,-10621737.9005771,52696,,HARRIS
Discount Retail,5346,77375,773275.0,TX,-95.541992,23220 KUYKENDAHL RD,,3516499.56728212,,TOMBALL,DOLLAR GENERAL 5702,30.100693,-10635685.898815,52789,,HARRIS
Grocery Store,6137,77089,772929.0,TX,-95.204155,12415 SCARSDALE BLVD,,3451434.43181178,,HOUSTON,SCARSDALE GROCERY,29.593735,-10598078.0560039,52943,,HARRIS
Discount Retail,2502,77346,654924.0,TX,-95.195007,5358 FM 1960 RD E,,3503390.19698383,,HUMBLE,DOLLAR GENERAL 1833,29.998758,-10597059.7053021,53029,,HARRIS
Supermarket,3634,77056,655099.0,TX,-95.465874,5161 SAN FELIPE ST,,3471304.58204539,,HOUSTON,RANDALLS 3067,29.748827,-10627212.4818148,53046,,HARRIS
Super Store,4405,77506,655456.0,TX,-95.211372,1107 SHAVER ST,,3464289.67044945,,PASADENA,Walmart Supercenter 2724,29.694101,-10598881.4487689,53079,,HARRIS
Pharmacy,5131,77044,874048.0,TX,-95.200615,14115 E SAM HOUSTON PKWY N,,3493920.38088256,,HOUSTON,CVS/ PHARMACY INC 5517,29.925058,-10597683.9850065,53176,,HARRIS
Pharmacy,5513,77018,874052.0,TX,-95.409882,4150 N SHEPHERD DR,,3481323.54928198,,HOUSTON,CVS/ PHARMACY INC 5910,29.826937,-10620979.4808863,53180,,HARRIS
Pharmacy,2510,77008,874057.0,TX,-95.398911,110 W 20TH ST,,3478371.94508189,,HOUSTON,CVS/ PHARMACY INC 7092,29.803932,-10619758.1947528,53184,,HARRIS
Super Store,3302,77035,653443.0,TX,-95.462494,10306 S POST OAK RD,,3461149.03012161,,HOUSTON,KROGER  313,29.66959,-10626836.2219359,53267,,HARRIS
Pharmacy,8008,77484,875365.0,TX,-95.910637,31013 FM 2920 RD,,3511544.23759146,,WALLER,CVS/ PHARMACY INC 7485,30.062174,-10676723.2724985,53326,,HARRIS
Pharmacy,2611,77057,875367.0,TX,-95.499901,6532 SAN FELIPE ST,,3471522.68168056,,HOUSTON,CVS/ PHARMACY INC 7486,29.750528,-10631000.350128,53327,,HARRIS
Other,5541,77375,874449.0,TX,-95.623314,815 W MAIN ST,,3515549.23559829,,TOMBALL,CV/ PHARMACY INC 7448,30.093307,-10644738.6224453,53725,,HARRIS
Super Store,3803,77069,777012.0,TX,-95.530594,6801 FM 1960 RD W,,3499401.99594237,,HOUSTON,TARGET STORE T 2066,29.967726,-10634417.079259,53743,,HARRIS
Pharmacy,6446,77586,874469.0,TX,-95.032837,2242 REPSDORPH RD,,3449276.32609357,,SEABROOK,CVS/ PHARMACY 7465,29.576876,-10579007.0234802,53754,,HARRIS
Grocery Store,3621,77022,654077.0,TX,-95.376099,7502 FULTON ST,,3481648.58160117,,HOUSTON,La Michoacana Meat Market 09,29.82947,-10617218.7745288,53791,,HARRIS
Pharmacy,3038,77339,874517.0,TX,-95.234856,1350 KINGWOOD DR,,3509892.84674982,,KINGWOOD,CVS/ PHARMACY INC 7475,30.049334,-10601495.6756907,53824,,HARRIS
Pharmacy,6426,77375,653049.0,TX,-95.631348,28426 STATE HIGHWAY 249,,3514779.98985096,,TOMBALL,Walgreens 3233,30.087328,-10645632.9632343,53835,,HARRIS
Pharmacy,5131,77007,874527.0,TX,-95.416893,5401 WASHINGTON AVE,,3474095.79312776,,HOUSTON,CVS/ PHARMACY INC 7476,29.770594,-10621759.9418363,53837,,HARRIS
Pharmacy,3103,77005,874529.0,TX,-95.418121,6011 KIRBY DR,,3467347.24839176,,HOUSTON,CVS/ PHARMACY INC 7479,29.717958,-10621896.642171,53847,,HARRIS
Pharmacy,3036,77339,777556.0,TX,-95.237625,1210 KINGWOOD DR,,3509888.86000612,,KINGWOOD,WALGREENS 09700,30.049303,-10601803.9193607,53973,,HARRIS
Super Store,3802,77505,696110.0,TX,-95.161407,5200 FAIRMONT PKWY,,3458586.70353494,,PASADENA,Walmart Supercenter 752,29.649588,-10593319.3704115,54137,,HARRIS
Convenience Store,9420,77064,1586738.0,TX,-95.555939,8902 FALLBROOK DR,,3493854.74627457,,HOUSTON,Swift Legacy,29.924547,-10637238.4717531,54451,,HARRIS
Pharmacy,3514,77006,783974.0,TX,-95.378143,2612 SMITH ST,,3471088.66576964,,HOUSTON,WALGREENS 09808,29.747143,-10617446.311568,54557,,HARRIS
Convenience Store,7105,77036,783157.0,TX,-95.552094,10211 CLUB CREEK DR,,3463424.44761889,,HOUSTON,Mi Tienda Meat Market,29.687349,-10636810.448311,54621,,HARRIS
Super Store,1099,77429,783284.0,TX,-95.696236,25901 HIGHWAY 290,,3499592.43274218,,CYPRESS,TARGET STORE T 1894,29.969208,-10652856.2623529,54658,,HARRIS
Super Store,5504,77377,783285.0,TX,-95.639465,14302 FM 2920 RD,,3515048.87963115,,TOMBALL,TARGET STORE T 1904,30.089418,-10646536.5435411,54659,,HARRIS
Convenience Store,2501,77016,697823.0,TX,-95.314453,10714 HIRSCH RD,,3486819.53890622,,HOUSTON,Handi Plus #22,29.869759,-10610356.3731994,54816,,HARRIS
Other,4748,77099,658192.0,TX,-95.570045,10769 W BELLFORT ST,,3459213.59509143,,HOUSTON,LA MORELIANA 2,29.654482,-10638808.7444902,54927,,HARRIS
Convenience Store,1017,77087,1653677.0,TX,-95.319145,6155 SOUTH LOOP E,,3464517.26241579,,HOUSTON,Loop & Go Market,29.695877,-10610878.6842502,54953,,HARRIS
Convenience Store,5135,77087,1656720.0,TX,-95.307655,6846 DIXIE DR,,3462565.17690877,,HOUSTON,Dixie Swift,29.680643,-10609599.623301,54983,,HARRIS
Convenience Store,2006,77076,784466.0,TX,-95.398216,106 W RITTENHOUSE ST,,3486162.5451373,,HOUSTON,Northline Foodmart & Deli,29.864641,-10619680.8277067,54993,,HARRIS
Convenience Store,4209,77013,1001687.0,TX,-95.218941,4 MAXEY RD,,3478112.54943305,,HOUSTON,Star Stop 1,29.80191,-10599724.0259948,55040,,HARRIS
Convenience Store,3916,77009,998459.0,TX,-95.369911,210 PATTON ST,,3477590.18201912,,HOUSTON,Love's Travel Stop 419,29.797838,-10616529.9295198,55207,,HARRIS
Convenience Store,    ,77521,998462.0,TX,-95.032852,1703 I-10,,3477559.1382596,,BAYTOWN,Love's Travel Stop 401,29.797596,-10579008.6932725,55213,,HARRIS
Convenience Store,    ,77083,999520.0,TX,-95.687881,9445 FM 1464,,3461843.31080981,,RICHMOND,Texan Food Mart,29.675009,-10651926.1880074,55400,,HARRIS
Convenience Store,2009,77028,698332.0,TX,-95.261894,8702 MESA DR,,3483111.77818875,,HOUSTON,Jack's Food Store,29.840872,-10604505.5320828,55600,,HARRIS
Discount Retail,4503,77073,1000779.0,TX,-95.403397,657 RANKIN RD,,3499237.51840116,,HOUSTON,Family Dollar 8569,29.966446,-10620257.5739885,55620,,HARRIS
Discount Retail,2410,77089,1000782.0,TX,-95.223465,10996 FUQUA ST,,3453759.86502872,,HOUSTON,Family Dollar 8621,29.611898,-10600227.6353711,55687,,HARRIS
Convenience Store,2647,77029,1000157.0,TX,-95.247292,1624 MERCURY DR,,3473003.83125971,,HOUSTON,McCarty Food Store,29.762079,-10602880.0448782,55859,,HARRIS
Supermarket,2204,77072,734275.0,TX,-95.60231,12496 BELLAIRE BLVD,,3465516.48488996,,HOUSTON,La Michoacana Meat Market 14,29.703674,-10642400.4678607,55979,,HARRIS
Discount Retail,2815,77028,827821.0,TX,-95.261963,7944 MESA DR,,3482386.70375318,,HOUSTON,DOLLAR GENERAL 10782,29.835222,-10604513.2131277,56037,,HARRIS
Discount Retail,1702,77505,827822.0,TX,-95.13945,6422 SPENCER HWY,,3460575.7226368,,PASADENA,DOLLAR GENERAL 10747,29.665115,-10590875.1283521,56038,,HARRIS
Discount Retail,1004,77067,829753.0,TX,-95.477798,12130 VETERANS MEMORIAL DR,,3498730.22132902,,HOUSTON,Family Dollar 1834,29.962498,-10628539.855423,56167,,HARRIS
Discount Retail,1110,77091,829758.0,TX,-95.484955,6448 W LITTLE YORK RD,,3486321.20643097,,HOUSTON,Family Dollar 2257,29.865877,-10629336.5690186,56171,,HARRIS
Discount Retail,    ,77075,827141.0,TX,-95.285118,10601 TELEPHONE RD,,3453668.57078482,,HOUSTON,Family Dollar 1696,29.611185,-10607090.815937,56238,,HARRIS
Discount Retail,5325,77571,827142.0,TX,-95.019012,913 S BROADWAY ST,,3459224.8676338,,LA PORTE,Family Dollar 2258,29.65457,-10577468.03152,56239,,HARRIS
Discount Retail,6024,77089,827144.0,TX,-95.213234,10903 SCARSDALE BLVD,,3450501.20109995,,HOUSTON,Family Dollar 3498,29.586445,-10599088.7256608,56240,,HARRIS
Discount Retail,5005,77017,827145.0,TX,-95.266418,8404 WINKLER DR,,3461919.28806676,,HOUSTON,Family Dollar 4537,29.675602,-10605009.1414592,56241,,HARRIS
Discount Retail,4643,77087,827148.0,TX,-95.279503,8011 PARK PLACE BLVD,,3463262.73735894,,HOUSTON,Family Dollar 5313,29.686087,-10606465.7569962,56243,,HARRIS
Discount Retail,4305,77521,827246.0,TX,-94.961784,305 MASSEY TOMPKINS RD,,3472938.30367548,,BAYTOWN,Family Dollar 5603,29.761568,-10571097.4397008,56253,,HARRIS
Discount Retail,5404,77587,827247.0,TX,-95.245583,1314 COLLEGE AVE,,3459392.16356919,,SOUTH HOUSTON,Family Dollar 7223,29.655876,-10602689.7998685,56254,,HARRIS
Discount Retail,    ,77022,827249.0,TX,-95.361015,806 POST ST,,3481256.18277715,,HOUSTON,Family Dollar 7346,29.826412,-10615539.6313297,56255,,HARRIS
Convenience Store,3703,77068,829042.0,TX,-95.465958,2403 FM 1960 RD W,,3504296.17250247,,HOUSTON,STEP IN EXPRESS 2,30.005806,-10627221.832652,56259,,HARRIS
Discount Retail,2006,77055,829759.0,TX,-95.489929,8122 LONG POINT RD,,3478354.36964236,,HOUSTON,Family Dollar 4849,29.803795,-10629890.2721658,56277,,HARRIS
Pharmacy,2725,77009,734595.0,TX,-95.360947,4702 IRVINGTON BLVD,,3478320.37342253,,HOUSTON,CVS PHARMACY INC 7231,29.80353,-10615532.0616043,56318,,HARRIS
Super Store,3201,77042,829776.0,TX,-95.568123,10801 WESTHEIMER RD,,3469747.60431829,,HOUSTON,TARGET STORE T 75,29.736683,-10638594.7884289,56405,,HARRIS
Discount Retail,2158,77009,828684.0,TX,-95.356819,1111 CAVALCADE ST,,3478309.85385578,,HOUSTON,Family Dollar 7553,29.803448,-10615072.5347464,56511,,HARRIS
Pharmacy,1632,77093,735365.0,TX,-95.318947,4841 MOUNT HOUSTON RD,,3489610.14835314,,HOUSTON,Walgreens 03717,29.891495,-10610856.642991,56629,,HARRIS
Pharmacy,6570,77532,735370.0,TX,-95.062592,14402 FM 2100 RD,,3490149.44188816,,CROSBY,Walgreens 01518,29.895695,-10582319.3349287,56631,,HARRIS
Discount Retail,2647,77036,829507.0,TX,-95.539063,5858 S GESSNER DR STE 150,,3467117.04286508,,HOUSTON,Family Dollar 4776,29.716162,-10635359.8440265,56797,,HARRIS
Discount Retail,6704,77015,829529.0,TX,-95.213234,1506 FEDERAL RD,,3473105.39326394,,HOUSTON,Family Dollar 1282,29.762871,-10599088.7256608,56803,,HARRIS
Discount Retail,3333,77502,829533.0,TX,-95.226929,2115 RICHEY ST,,3462662.17194,,PASADENA,Family Dollar 1814,29.6814,-10600613.2460872,56804,,HARRIS
Discount Retail,2836,77547,829538.0,TX,-95.24231,2001 CLINTON DR,,3469160.1967859,,GALENA PARK,Family Dollar 2505,29.732101,-10602325.4511751,56806,,HARRIS
Discount Retail,3120,77023,829541.0,TX,-95.329735,804 TELEPHONE RD,,3469357.87655233,,HOUSTON,Family Dollar 1355,29.733643,-10612057.5576577,56807,,HARRIS
Discount Retail,5907,77004,829542.0,TX,-95.378853,5110 ALMEDA RD,,3468080.31893415,,HOUSTON,Family Dollar 2690,29.723677,-10617525.3484065,56808,,HARRIS
Discount Retail,3648,77096,829544.0,TX,-95.509735,9890 FONDREN RD,,3461491.61754039,,HOUSTON,Family Dollar 3105,29.672264,-10632095.0660005,56810,,HARRIS
Discount Retail,3542,77530,829547.0,TX,-95.126007,443 SHELDON RD,,3475189.00213419,,CHANNELVIEW,Family Dollar 3664,29.779118,-10589378.6604374,56812,,HARRIS
Discount Retail,1722,77003,829548.0,TX,-95.336075,3411 NAVIGATION BLVD,,3472188.15846764,,HOUSTON,Family Dollar 6075,29.755718,-10612763.3232293,56813,,HARRIS
Discount Retail,4456,77506,829549.0,TX,-95.211418,901 SHAVER ST,,3464740.62938918,Unit A,PASADENA,Family Dollar 6616,29.69762,-10598886.5694655,56814,,HARRIS
Discount Retail,6203,77045,829550.0,TX,-95.443405,4333 W FUQUA ST,,3453807.24097779,,HOUSTON,Family Dollar 1556,29.612268,-10624711.2441762,56815,,HARRIS
Discount Retail,1331,77099,829955.0,TX,-95.60183,12671 BISSONNET ST,,3462077.65019779,,HOUSTON,Family Dollar 2259,29.676838,-10642347.0345051,56831,,HARRIS
Discount Retail,6022,77013,829963.0,TX,-95.219582,804 MAXEY RD,,3474923.51462073,,HOUSTON,Family Dollar 4387,29.777048,-10599795.3817884,56855,,HARRIS
Supermarket,2712,77086,778758.0,TX,-95.496681,14050 STATE HIGHWAY 249,,3493526.7067283,Ste E,HOUSTON,La Michoacana Meat Market 36,29.921993,-10630641.9013677,57187,,HARRIS
Supermarket,2208,77042,877076.0,TX,-95.571297,1419 WILCREST DR,,3471379.46122078,,HOUSTON,LA MICHOACANA MEAT MARKET 3,29.749411,-10638948.1164927,57236,,HARRIS
Convenience Store,1704,77586,1363192.0,TX,-94.996391,4829 TODVILLE RD,,3452441.85900305,,SEABROOK,Speed Fuel,29.601604,-10574949.8733187,57322,,HARRIS
Convenience Store,2306,77033,1586735.0,TX,-95.336945,8520 MARTIN LUTHER KING BLVD,,3459784.27993225,,HOUSTON,Pitstop Express #29,29.658937,-10612860.1711863,57325,,HARRIS
Discount Retail,4757,77020,830116.0,TX,-95.316719,5401 EAST FWY,,3474674.70521799,,HOUSTON,Family Dollar 4513,29.775108,-10610608.6231655,57331,,HARRIS
Discount Retail,    ,77021,830117.0,TX,-95.348862,4429 GRIGGS RD,,3465299.25601503,,HOUSTON,Family Dollar 4775,29.701979,-10614186.7655581,57332,,HARRIS
Discount Retail,2403,77031,830143.0,TX,-95.528618,8707 W BELLFORT ST,,3459277.64375878,,HOUSTON,DOLLARTREE 6761,29.654982,-10634197.1119451,57346,,HARRIS
Discount Retail,    ,77044,830148.0,TX,-95.214294,8535 CE KING PKWY,,3483997.19461281,,HOUSTON,Family Dollar 5007,29.847771,-10599206.724321,57367,,HARRIS
Discount Retail,1501,77038,830149.0,TX,-95.451973,10425 VETERANS MEMORIAL DR,,3494191.91393714,,HOUSTON,Family Dollar 5534,29.927172,-10625665.0295733,57377,,HARRIS
Discount Retail,3746,77047,830171.0,TX,-95.355499,13222 CULLEN BLVD,,3454401.75989986,,HOUSTON,DOLLARTREE 6969,29.616911,-10614925.5930185,57490,,HARRIS
Discount Retail,4523,77049,830186.0,TX,-95.18251,5613 UVALDE RD,,3478808.2598775,,HOUSTON,Family Dollar 5216,29.807333,-10595668.5456257,57509,,HARRIS
Discount Retail,4553,77025,830191.0,TX,-95.422935,9425 S MAIN ST,,3462691.00151546,,HOUSTON,Family Dollar 6193,29.681625,-10622432.5341996,57515,,HARRIS
Discount Retail,5549,77521,847631.0,TX,-94.978249,5175 GARTH RD,,3475402.03738815,Ste 100,BAYTOWN,Dollar Tree 481,29.780779,-10572930.3151167,57527,,HARRIS
Discount Retail,7121,77088,830202.0,TX,-95.43782,8624 W MONTGOMERY RD,,3487106.19797917,,HOUSTON,Family Dollar 5857,29.871992,-10624089.5248201,57537,,HARRIS
Discount Retail,3105,77015,830206.0,TX,-95.162308,14650 WOODFOREST BLVD STE A,,3476532.55572977,,HOUSTON,Family Dollar 6194,29.789593,-10593419.6692727,57539,,HARRIS
Discount Retail,3719,77015,830210.0,TX,-95.186394,565 UVALDE RD,,3476272.68418228,#B,HOUSTON,Family Dollar 6355,29.787567,-10596100.9105279,57541,,HARRIS
Discount Retail,3701,77068,830211.0,TX,-95.464226,2323 FM 1960 RD W,,3504408.26702314,,HOUSTON,Family Dollar 6442,30.006678,-10627029.027294,57542,,HARRIS
Convenience Store,5813,77057,777862.0,TX,-95.500984,3635 HILLCROFT ST,,3468435.52515857,,HOUSTON,IN N OUT MART,29.726448,-10631120.9091366,57561,,HARRIS
Convenience Store,4441,77009,780086.0,TX,-95.381622,4620 N MAIN ST,,3477510.00717382,,HOUSTON,KAY B STORE,29.797213,-10617833.5920765,57604,,HARRIS
Convenience Store,2429,77076,847707.0,TX,-95.384743,6909 AIRLINE DR,,3485891.56748864,,HOUSTON,Circle K 2740086,29.86253,-10618181.0202073,57655,,HARRIS
Convenience Store,4934,77036,847709.0,TX,-95.521759,7702 BELLAIRE BLVD,,3465722.05470586,,HOUSTON,Corner Store 2742091,29.705278,-10633433.5715578,57660,,HARRIS
Discount Retail,1348,77087,847109.0,TX,-95.306061,4122 TELEPHONE RD,,3465539.2973385,,HOUSTON,Family Dollar 7587,29.703852,-10609422.1800327,57674,,HARRIS
Convenience Store,1749,77017,847713.0,TX,-95.278488,8040 SOUTH LOOP E,,3465247.86494132,,HOUSTON,Circle K 2742305,29.701578,-10606352.767713,57675,,HARRIS
Convenience Store,1638,77026,669880.0,TX,-95.322708,4714 KELLEY ST,,3479575.47094786,,HOUSTON,Lloyds Food Market,29.813313,-10611275.3155959,58160,,HARRIS
Pharmacy,    ,77056,877768.0,TX,-95.471153,5402 WESTHEIMER ROAD,,3470114.90790964,SUITE K,HOUSTON,CVS/ PHARMACY INC 7753,29.739548,-10627800.1374067,58495,,HARRIS
Pharmacy,4324,77093,787686.0,TX,-95.330147,10660 EASTEX FWY,,3486730.32030703,,HOUSTON,WALGREENS 10259,29.869064,-10612103.4212879,58505,,HARRIS
Convenience Store,2210,77068,1585873.0,TX,-95.472313,16633 KUYKENDAHL RD,,3505881.14171922,,HOUSTON,Super 7 Food Mart,30.018135,-10627929.268016,58523,,HARRIS
Super Store,2124,77521,786719.0,TX,-94.9776,4510 GARTH RD,,3474250.58607351,,BAYTOWN,TARGET STORE T 887,29.771801,-10572858.0687672,58617,,HARRIS
Pharmacy,3135,77379,877816.0,TX,-95.555695,8754 SPRING CYPRESS RD,,3507751.11624919,,SPRING,CVS/ PHARMACY INC 8335,30.032679,-10637211.3097974,58631,,HARRIS
Pharmacy,8086,77377,786930.0,TX,-95.60743,11970 SPRING CYPRESS RD,,3505188.71386854,,TOMBALL,WALGREENS 07372,30.012749,-10642970.4236535,58674,,HARRIS
Pharmacy,6604,77598,877847.0,TX,-95.160019,980 CLEAR LAKE CITY BLVD,,3449416.61313123,,WEBSTER,CVS/ PHARMACY INC 8442,29.577972,-10593164.8589582,58710,,HARRIS
Supermarket,3615,77096,788064.0,TX,-95.50853,9725 FONDREN RD,,3461834.72656106,,HOUSTON,Lewis Food Town 18,29.674942,-10631960.9260141,58720,,HARRIS
Specialty Store,    ,77015,671491.0,TX,-95.178139,727 FREEPORT,,3475692.41744172,,HOUSTON,STARK BROS N SHORE MEAT,29.783043,-10595181.9681314,58810,,HARRIS
Pharmacy,6215,77388,658691.0,TX,-95.43354,19710 HOLZWARTH RD,,3510429.78250541,,SPRING,Walgreens 06510,30.053509,-10623613.0773995,58871,,HARRIS
Supermarket,    ,77040,790070.0,TX,-95.500702,7306 W.TIDWELL RD,,3484382.23315976,#108,HOUSTON,LA MORELIANA MEAT MARKET 10,29.850771,-10631089.5170402,59058,,HARRIS
Pharmacy,2317,77072,812426.0,TX,-95.595642,12260 BELLAIRE BLVD,,3465523.6618357,,HOUSTON,CVS PHARMACY INC 5884,29.70373,-10641658.1894961,59060,,HARRIS
Pharmacy,3105,77521,812275.0,TX,-94.977531,3923 GARTH RD,,3473502.8007927,,BAYTOWN,CVS PHARMACY INC 5388,29.76597,-10572850.3877224,59204,,HARRIS
Pharmacy,5301,77388,812278.0,TX,-95.434097,4343 CYPRESSWOOD CT,,3510223.75082766,,SPRING,CVS PHARMACY INC 5662,30.051907,-10623675.0823559,59207,,HARRIS
Pharmacy,3101,77070,812280.0,TX,-95.568329,19715 STATE HIGHWAY 249,,3501174.11884974,,HOUSTON,CVS PHARMACY INC 5667,29.981516,-10638617.720244,59208,,HARRIS
Pharmacy,5004,77098,812281.0,TX,-95.418877,4700 KIRBY DR,,3468903.03816121,,HOUSTON,CVS PHARMACY INC 5685,29.730095,-10621980.799706,59209,,HARRIS
Pharmacy,2008,77030,812393.0,TX,-95.411949,2266 W HOLCOMBE BLVD,,3465927.49964125,,HOUSTON,CVS PHARMACY INC 5833,29.706881,-10621209.5782738,59223,,HARRIS
Pharmacy,3104,77068,812394.0,TX,-95.478012,3140 FM 1960 RD W,,3503551.51453327,,HOUSTON,CVS PHARMACY INC 5838,30.000013,-10628563.6777941,59224,,HARRIS
Pharmacy,1644,77433,812395.0,TX,-95.685898,8960 BARKER CYPRESS RD,,3491724.82279531,,CYPRESS,CVS PHARMACY INC 5839,29.907963,-10651705.4414571,59225,,HARRIS
Pharmacy,3901,77019,812396.0,TX,-95.397507,1001 WAUGH DR,,3472351.7761499,,HOUSTON,CVS PHARMACY INC 5840,29.756994,-10619601.9021878,59226,,HARRIS
Pharmacy,2603,77058,812400.0,TX,-95.120667,959 BAY AREA BLVD,,3446430.97827972,,HOUSTON,CVS PHARMACY INC 5880,29.554644,-10588784.2143565,59229,,HARRIS
Grocery Store,2200,77042,1649224.0,TX,-95.572678,1460 WILCREST DR,,3471367.40872132,,HOUSTON,Tehran Kabul Supermarket  Inc,29.749317,-10639101.8487095,59324,,HARRIS
Pharmacy,8218,77375,812584.0,TX,-95.60511,24203 STATE HIGHWAY 249,,3508090.1942332,,TOMBALL,CVS PHARMACY INC 5906,30.035316,-10642712.1624349,59367,,HARRIS
Convenience Store,3361,77006,815048.0,TX,-95.381203,305 TUAM ST,,3471107.89806987,,HOUSTON,SUNNY'S FOOD STORE,29.747293,-10617786.9492099,59417,,HARRIS
Grocery Store,7953,77064,814272.0,TX,-95.524109,8328 FAIRBANKS N HOUSTON RD,,3490915.53458855,,HOUSTON,LA GUERRERO MEAT MARKET,29.901661,-10633695.1723612,59425,,HARRIS
Pharmacy,8608,77002,812655.0,TX,-95.376297,402 GRAY ST,,3471666.28839921,,HOUSTON,CVS PHARMACY INC 5968,29.751648,-10617240.815788,59428,,HARRIS
Pharmacy,6520,77041,812656.0,TX,-95.6064,5725 N ELDRIDGE PKWY,,3484422.66287837,,HOUSTON,CVS PHARMACY INC 5969,29.851086,-10642855.764578,59433,,HARRIS
Supermarket,3807,77338,812747.0,TX,-95.264313,254 1ST ST E,,3503497.65609669,No. 254,HUMBLE,La Michoacana Meat Market 38,29.999594,-10604774.813931,59566,,HARRIS
Pharmacy,5926,77373,812808.0,TX,-95.404594,24802 ALDINE WESTFIELD RD,,3511969.3381962,,SPRING,CVS PHARMACY INC 5977,30.065479,-10620390.823419,59584,,HARRIS
Pharmacy,1012,77067,812813.0,TX,-95.462914,2828 SPEARS RD,,3499030.89649246,,HOUSTON,CVS PHARMACY INC 5981,29.964838,-10626882.9761221,59589,,HARRIS
Pharmacy,6056,77083,812814.0,TX,-95.621506,13555 BEECHNUT ST,,3463560.91625648,,HOUSTON,CVS PHARMACY INC 6001,29.688414,-10644537.356806,59593,,HARRIS
Pharmacy,5181,77040,812815.0,TX,-95.540756,7710 GESSNER RD,,3489018.49244529,,HOUSTON,CVS PHARMACY INC 6005,29.886887,-10635548.3079244,59599,,HARRIS
Pharmacy,1119,77025,812817.0,TX,-95.439552,3939 BELLAIRE BLVD,,3465799.59280213,,HOUSTON,CVS PHARMACY INC 6240,29.705883,-10624282.3301782,59605,,HARRIS
Pharmacy,3146,77058,812818.0,TX,-95.09549,1610 NASA PKWY,,3445654.22215987,,HOUSTON,CVS PHARMACY INC 6247,29.548574,-10585981.5235368,59611,,HARRIS
Pharmacy,3808,77090,812825.0,TX,-95.450111,1325 FM 1960 RD W,,3505414.46230049,,HOUSTON,CVS PHARMACY INC 6514,30.014505,-10625457.7526814,59718,,HARRIS
Pharmacy,2307,77077,812826.0,TX,-95.60601,1339 S DAIRY ASHFORD ST,,3472030.95409882,,HOUSTON,CVS PHARMACY INC 6650,29.754492,-10642812.3499766,59723,,HARRIS
Pharmacy,6708,77077,812836.0,TX,-95.581604,11540 WESTHEIMER RD,,3469751.96318247,,HOUSTON,CVS PHARMACY INC 6728,29.736717,-10640095.4864843,59746,,HARRIS
Discount Retail,1757,77505,815897.0,TX,-95.134483,6800 SPENCER HWY,,3460359.73005177,,PASADENA,Dollar Tree 0928,29.663429,-10590322.2044413,59835,,HARRIS
Discount Retail,1919,77031,815904.0,TX,-95.565666,11817 WILCREST DR,,3458701.72957549,Ste B,HOUSTON,Dollar Tree 0950,29.650486,-10638321.2764401,59840,,HARRIS
Pharmacy,2409,77089,739204.0,TX,-95.223793,10997 FUQUA ST,,3453778.94343054,,HOUSTON,Walgreens 02115,29.612047,-10600264.1481641,60126,,HARRIS
Super Store,5502,77377,738409.0,TX,-95.634148,14060 FM 2920 RD,,3515062.38859779,,TOMBALL,KROGER 390,30.089523,-10645944.6578086,60207,,HARRIS
Convenience Store,2805,77090,1003755.0,TX,-95.438828,455 HOLLOW TREE LN,,3506772.50831453,,HOUSTON,Exclusive Food Mart 3,30.025068,-10624201.7348668,60475,,HARRIS
Grocery Store,5528,77375,1646374.0,TX,-95.62487,938 W MAIN ST,,3515578.95651282,,TOMBALL,El Ahorrito Meat Market & Taqueria,30.093538,-10644911.835573,60542,,HARRIS
Convenience Store,1149,77029,1004094.0,TX,-95.283607,829 MCCARTY ST,,3474333.30552096,,HOUSTON,Amigo Mart,29.772446,-10606922.6121864,60737,,HARRIS
Convenience Store,4801,77015,1004097.0,TX,-95.215836,929 FEDERAL RD,,3474430.38933491,,HOUSTON,Sunrise Super Stop,29.773203,-10599378.3789758,60744,,HARRIS
Discount Retail,2404,77038,1005499.0,TX,-95.439171,10036 VETERANS MEMORIAL DR,,3492211.29359701,,HOUSTON,Dollar General 20791,29.911751,-10624239.9174522,60813,,HARRIS
Discount Retail,1728,77023,1005502.0,TX,-95.339432,4002 POLK ST,,3470182.3441942,,HOUSTON,Dollar General 13083,29.740074,-10613137.0227599,60850,,HARRIS
Super Store,2005,77019,1005586.0,TX,-95.397606,701 WAUGH DR,,3472488.98067116,,HOUSTON,Whole Foods Market 10346,29.758064,-10619612.9228173,60884,,HARRIS
Convenience Store,3995,77082,1004493.0,TX,-95.659477,15632 WESTPARK DR,,3467178.82367668,,HOUSTON,All Discount 1 Food Store 01,29.716644,-10648764.2691909,60938,,HARRIS
Specialty Store,4904,77009,1004622.0,TX,-95.356331,1117 COLLINGSWORTH ST,,3477024.73555925,,HOUSTON,Lucero Bakery,29.79343,-10615018.2108348,60965,,HARRIS
Convenience Store,4415,77055,1008407.0,TX,-95.521553,9323 LONG POINT RD,,3477694.98733216,,HOUSTON,Diermissen Dollar Store Y Mas,29.798655,-10633410.6397427,61302,,HARRIS
Convenience Store,7212,77057,1008530.0,TX,-95.499794,6410 WINDSWEPT LN,,3468350.92083738,,HOUSTON,El Sol Market,29.725788,-10630988.4389425,61319,,HARRIS
Discount Retail,    ,77502,1007659.0,TX,-95.221962,1002 SOUTHMORE AVE,,3463879.86127546,Ste. 180,PASADENA,Dollar Tree 4645,29.690903,-10600060.3221764,61410,,HARRIS
Convenience Store,1422,77084,1007819.0,TX,-95.640869,15410 W LITTLE YORK RD,,3486561.38434558,,HOUSTON,Sams Food Mart,29.867748,-10646692.8361062,61429,,HARRIS
Grocery Store,1402,77060,1008035.0,TX,-95.398399,730 GREENS RD,,3497141.00083836,,HOUSTON,La Fiesta Meat Market,29.950129,-10619701.1991735,61447,,HARRIS
Discount Retail,4638,77039,1009124.0,TX,-95.340096,3528 ALDINE MAIL RD,,3491011.97357792,,HOUSTON,Dollar General 12475,29.902412,-10613210.9389018,61505,,HARRIS
Discount Retail,    ,77087,1009125.0,TX,-95.309158,4000 TELEPHONE RD,,3465718.46617718,STE B-1,HOUSTON,Dollar General 12959,29.70525,-10609766.9364957,61510,,HARRIS
Convenience Store,4402,77025,1010235.0,TX,-95.427322,9230 BUFFALO SPEEDWAY,,3463137.54784691,,HOUSTON,First Stop Food Store 11,29.68511,-10622920.8928058,61675,,HARRIS
Discount Retail,    ,77040,1010661.0,TX,-95.50415,5770 HOLLISTER ST,,3484438.9631502,Ste 1,HOUSTON,Dollar Tree 4598,29.851213,-10631473.3466444,61829,,HARRIS
Convenience Store,4603,77051,1599342.0,TX,-95.377121,3135 AKARD ST,,3457759.13551327,,HOUSTON,Sugar Valley Food Mart,29.643127,-10617332.5430484,61884,,HARRIS
Pharmacy,    ,77082,818448.0,TX,-95.645195,14606 RICHMOND AVE,,3468814.45679469,,HOUSTON,CVS PHARMACY INC 6744,29.729404,-10647174.4042234,62153,,HARRIS
Pharmacy,5322,77520,818449.0,TX,-94.953964,1514 N ALEXANDER DR,,3470091.70273002,,BAYTOWN,CVS PHARMACY INC 6746,29.739367,-10570226.9212828,62162,,HARRIS
Supermarket,3203,77037,831100.0,TX,-95.391098,8443 AIRLINE DR,,3488528.93326624,,HOUSTON,La Michoacana Meat Market Houston 40,29.883074,-10618888.4555713,63005,,HARRIS
Grocery Store,2988,77082,831132.0,TX,-95.660866,15707 WESTPARK DR,,3467061.03022798,,HOUSTON,LA MICHOACANA MEAT MARKET HOUSTON 47,29.715725,-10648918.8919636,63009,,HARRIS
Supermarket,2224,77075,831135.0,TX,-95.265511,8500 ALMEDA GENOA RD,,3455614.6992894,Ste 101,HOUSTON,LA MICHOACANA MEAT MARKET HOUSTON 46,29.626383,-10604908.174681,63010,,HARRIS
Discount Retail,3626,77088,831407.0,TX,-95.423058,1420 W GULF BANK RD,,3489118.64061096,,HOUSTON,DOLLAR GENERAL 11001,29.887667,-10622446.226497,63070,,HARRIS
Super Store,4201,77063,795593.0,TX,-95.517128,8605 WESTHEIMER RD,,3469842.47404891,,HOUSTON,TARGET STORE T 2139,29.737423,-10632918.0509959,63197,,HARRIS
Discount Retail,6205,77035,830394.0,TX,-95.460999,12323 MAIN ST,,3458406.60914508,,HOUSTON,Dollar Tree 6880,29.648182,-10626669.7992972,63348,,HARRIS
Discount Retail,    ,77012,830395.0,TX,-95.27861,1810 BROADWAY ST,,3466354.5485155,,HOUSTON,Family Dollar 7240,29.710213,-10606366.3486909,63349,,HARRIS
Discount Retail,5507,77096,830399.0,TX,-95.507538,11253 FONDREN RD,,3459518.21339577,,HOUSTON,Family Dollar 7428,29.65686,-10631850.4970792,63351,,HARRIS
Discount Retail,1255,77088,830402.0,TX,-95.478989,5835 W MOUNT HOUSTON RD,,3489866.82356097,,HOUSTON,Family Dollar 5491,29.893494,-10628672.4369366,63352,,HARRIS
Discount Retail,2336,77029,830407.0,TX,-95.235558,11007 MARKET ST,,3473786.5975585,,HOUSTON,Family Dollar 7034,29.768183,-10601573.8219733,63355,,HARRIS
Discount Retail,4738,77011,830409.0,TX,-95.29557,7321 HARRISBURG BLVD,,3469381.08040772,,HOUSTON,Family Dollar 7058,29.733824,-10608254.3272548,63356,,HARRIS
Discount Retail,1301,77031,830413.0,TX,-95.529716,8646 S BRAESWOOD BLVD,,3461505.32635141,,HOUSTON,Family Dollar 7072,29.672371,-10634319.340746,63358,,HARRIS
Discount Retail,6205,77021,830426.0,TX,-95.365814,7302 SCOTT ST,,3462931.25048709,,HOUSTON,Family Dollar 7427,29.6835,-10616073.853566,63363,,HARRIS
Discount Retail,5746,77449,819931.0,TX,-95.718719,5502 N FRY RD,,3484311.0001564,,KATY,Dollar Tree 0490,29.850216,-10655359.0584644,63492,,HARRIS
Discount Retail,4067,77338,819934.0,TX,-95.276726,9741 FM 1960 BYPASS RD W,,3504413.66609603,Ste A,HUMBLE,Dollar Tree 0572,30.00672,-10606156.6227702,63493,,HARRIS
Discount Retail,2704,77095,819936.0,TX,-95.643311,15540 FM 529 RD,,3488036.18318964,,HOUSTON,Dollar Tree 0586,29.879236,-10646964.6783027,63494,,HARRIS
Convenience Store,4150,77021,795757.0,TX,-95.356644,4221 YELLOWSTONE BLVD,,3464034.01873081,,HOUSTON,CT FOOD MART,29.692106,-10615053.0538355,63540,,HARRIS
Supermarket,1029,77037,819021.0,TX,-95.411568,11120 NORTH FWY,,3494173.54609832,Ste A,HOUSTON,La Michoacana Meat Market 39,29.927029,-10621167.1655478,63574,,HARRIS
Super Store,    ,77007,794351.0,TX,-95.385574,2580 SHEARN ST,,3474565.43580765,,HOUSTON,TARGET STORE T 2093,29.774256,-10618273.5267041,63835,,HARRIS
Discount Retail,1902,77014,1011779.0,TX,-95.489944,13092 VETERANS MEMORIAL DR,,3500789.21700056,,HOUSTON,Family Dollar Store 8728,29.978521,-10629891.9419582,64034,,HARRIS
Convenience Store,2534,77078,1012056.0,TX,-95.262466,9905 MESA DR,,3485218.96181174,,HOUSTON,Mesa Food Mart,29.85729,-10604569.2068315,64069,,HARRIS
Pharmacy,3745,77450,916156.0,TX,-95.735886,110 WESTGREEN BLVD,,3475852.87319445,,KATY,CVS/ PHARMAICY INC 3573,29.784294,-10657270.0801629,64479,,HARRIS
Super Store,2601,77503,849519.0,TX,-95.172844,1107 PRESTON AVE,,3464234.18270278,,PASADENA,La Montana Meat Market,29.693668,-10594592.5314277,64533,,HARRIS
Discount Retail,9107,77532,848109.0,TX,-95.063255,14022 FM 2100 RD,,3489487.39804733,,CROSBY,Family Dollar 3868,29.890539,-10582393.1397511,64615,,HARRIS
Convenience Store,6038,77045,916332.0,TX,-95.465103,14522 S POST OAK RD,,3454265.90037276,Ste A,HOUSTON,Post Oak Valero,29.61585,-10627126.6544874,64659,,HARRIS
Super Store,6428,77055,849979.0,TX,-95.521667,1302 BLALOCK RD,,3476828.60534375,,HOUSTON,Super H Mart,29.791901,-10633423.3301646,64814,,HARRIS
Convenience Store,3712,77012,915512.0,TX,-95.278427,1102 BROADWAY ST,,3467000.14720333,,HOUSTON,Conoco Food Mart,29.71525,-10606345.9772241,64860,,HARRIS
Discount Retail,2217,77018,848520.0,TX,-95.410873,4917 N SHEPHERD DR,,3482758.60406628,,HOUSTON,Family Dollar 7488,29.83812,-10621089.7985017,64900,,HARRIS
Convenience Store,1626,77018,850932.0,TX,-95.410934,5121 N SHEPHERD DR,,3483115.24324469,,HOUSTON,Corner Store 2742386,29.840899,-10621096.5889906,65021,,HARRIS
Convenience Store,4509,77023,850558.0,TX,-95.332764,4707 GULF FWY,,3468365.79064746,,HOUSTON,Circle K 2742314,29.725904,-10612394.7443953,65088,,HARRIS
Convenience Store,6504,77036,850929.0,TX,-95.551682,9710 BEECHNUT ST,,3463838.47101778,,HOUSTON,Corner Store 2742328,29.69058,-10636764.5846808,65138,,HARRIS
Convenience Store,1802,77506,1012508.0,TX,-95.22036,204 RICHEY ST,,3466203.95193188,,PASADENA,Prime Mart 30,29.709038,-10599881.9883522,65237,,HARRIS
Convenience Store,2068,77521,850972.0,TX,-94.99559,3000 W BAKER RD,,3474165.43048562,,BAYTOWN,Circle K 2742201,29.771137,-10574860.7064066,65265,,HARRIS
Convenience Store,3934,77006,850977.0,TX,-95.391655,926 WESTHEIMER RD,,3470772.61909075,,HOUSTON,Circle K 2742148,29.744678,-10618950.4605276,65273,,HARRIS
Convenience Store,7109,77008,1014596.0,TX,-95.390236,645 E 11TH ST,,3476712.39094645,,HOUSTON,Metro Mart,29.790995,-10618792.4981702,65290,,HARRIS
Discount Retail,1201,77061,853023.0,TX,-95.276237,8219 BROADWAY ST,,3461715.44453229,,HOUSTON,Family Dollar 7920,29.674011,-10606102.1875392,65318,,HARRIS
Convenience Store,6712,77077,850991.0,TX,-95.585411,11730 WESTHEIMER RD,,3469745.68129045,,HOUSTON,Circle K 2742174,29.736668,-10640519.2797858,65388,,HARRIS
Convenience Store,6361,77520,850996.0,TX,-94.996017,2219 HIGHWAY 201,,3467451.45748167,,BAYTOWN,VALERO CORNER STORE 2007,29.718771,-10574908.2398292,65415,,HARRIS
Grocery Store,3752,77008,853518.0,TX,-95.409958,1348 N SHEPHERD DR,,3477331.31528059,,HOUSTON,LA MICHOACANA MEAT MARKET,29.79582,-10620987.9411676,65539,,HARRIS
Convenience Store,4304,77072,851892.0,TX,-95.569717,8303 WILCREST DR,,3463506.3286279,,HOUSTON,Circle K 2742302,29.687988,-10638772.2316973,65578,,HARRIS
Convenience Store,2741,77536,852058.0,TX,-95.123871,515 CENTER ST,,3465885.20565599,,DEER PARK,Circle K 2740277,29.706551,-10589140.882005,65597,,HARRIS
Grocery Store,6271,77083,1013806.0,TX,-95.614723,13210 BISSONNET ST,,3462633.59869111,,HOUSTON,La Frontera Meat Market,29.681177,-10643782.2766999,65647,,HARRIS
Grocery Store,2949,77075,1013819.0,TX,-95.2854,10320 TELEPHONE RD,,3454230.55920331,,HOUSTON,K &t Stores,29.615574,-10607122.2080334,65656,,HARRIS
Super Store,    ,77449,851140.0,TX,-95.720314,6060 N FRY RD,,3485779.12179107,,KATY,Walmart Supercenter 4538,29.861654,-10655536.6130523,65675,,HARRIS
Convenience Store,7163,77373,851161.0,TX,-95.346855,5626 TREASCHWIG RD,,3509340.11593151,,SPRING,Circle K 2742652,30.045036,-10613963.3473401,65689,,HARRIS
Grocery Store,1008,77081,1014086.0,TX,-95.495491,6121 HILLCROFT ST,,3466808.27142917,Ste T,HOUSTON,Gulshan-e-iqbal Halal Meat,29.713753,-10630509.4311736,65857,,HARRIS
Convenience Store,7938,77095,851364.0,TX,-95.654442,8402 FAIRBANKS ST. N,,3491402.48828887,,HOUSTON,Circle K 2742731,29.905453,-10648203.7755547,65882,,HARRIS
Supermarket,4901,77092,1014138.0,TX,-95.482475,12009 NORTHWEST FWY,,3481907.79211944,,HOUSTON,Joe V's Smart Shop 646,29.83149,-10629060.4966815,65888,,HARRIS
Convenience Store,6311,77083,851433.0,TX,-95.633804,14195 BISSONNET ST,,3462569.14894987,,HOUSTON,Corner Store 2636,29.680674,-10645906.3639037,65921,,HARRIS
Pharmacy,7016,77093,821356.0,TX,-95.335213,3401 TIDWELL RD,,3484130.28829553,,HOUSTON,CVS PHARMACY INC 7106,29.848808,-10612667.3658283,66061,,HARRIS
Supermarket,5683,77429,833651.0,TX,-95.673241,24224 NORTHWEST FWY,,3498084.95006846,,CYPRESS,HEB 20,29.957476,-10650296.4706621,66161,,HARRIS
Grocery Store,3955,77022,833655.0,TX,-95.393959,426 CROSSTIMBERS ST,,3481516.92519609,,HOUSTON,EL PAISANO MEAT MARKET 2,29.828444,-10619206.9406344,66162,,HARRIS
Pharmacy,1112,77098,821361.0,TX,-95.421959,2910 WESTHEIMER RD,,3470498.24815286,,HOUSTON,CVS PHARMACY INC 7126,29.742538,-10622323.8863766,66177,,HARRIS
Pharmacy,    ,77069,821362.0,TX,-95.513878,5603 FM 1960 W,,3500884.83093401,,HOUSTON,CVS PHARMACY INC 7154,29.979265,-10632556.2626509,66190,,HARRIS
Pharmacy,5419,77006,821368.0,TX,-95.391495,1003 RICHMOND AVE,,3469454.153596,,HOUSTON,CVS PHARMACY INC 7162,29.734394,-10618932.6494091,66204,,HARRIS
Pharmacy,4649,77039,821379.0,TX,-95.333214,4131 ALDINE MAIL RD,,3491021.86150473,,HOUSTON,CVS PHARMACY INC 7222,29.902489,-10612444.8381662,66240,,HARRIS
Discount Retail,1746,77450,820041.0,TX,-95.749146,315 S MASON RD,,3475431.15205317,,KATY,Dollar Tree 1192,29.781006,-10658746.1766108,66322,,HARRIS
Discount Retail,5010,77546,820045.0,TX,-95.164322,3210 E FM 528 RD,,3442265.32151549,,FRIENDSWOOD,Dollar Tree 1348,29.522087,-10593643.8667271,66323,,HARRIS
Discount Retail,2417,77075,820135.0,TX,-95.229614,9990 KLECKLY DR,,3455201.70828608,,HOUSTON,Dollar Tree 2089,29.623158,-10600912.13892,66336,,HARRIS
Discount Retail,3204,77042,820138.0,TX,-95.570251,10964 WESTHEIMER RD,,3469858.37120737,,HOUSTON,Dollar Tree 2100,29.737547,-10638831.6763053,66337,,HARRIS
Discount Retail,2704,77346,820190.0,TX,-95.172859,7034 FM 1960 RD E,,3503126.95169013,Ste 0,HUMBLE,Dollar Tree 2709,29.99671,-10594594.20122,66353,,HARRIS
Discount Retail,    ,77085,820202.0,TX,-95.495224,14404 HILLCROFT ST,,3453928.8827245,Ste 300,HOUSTON,Dollar Tree 2884,29.613218,-10630479.7088696,66360,,HARRIS
Discount Retail,1050,77429,820204.0,TX,-95.695152,26076 HIGHWAY 290,,3500223.51588147,,CYPRESS,Dollar Tree 3050,29.974119,-10652735.5920249,66362,,HARRIS
Discount Retail,1270,77037,820205.0,TX,-95.412987,10261 NORTH FWY,,3492452.73792951,Ste 100,HOUSTON,Dollar Tree 3068,29.913631,-10621325.1279052,66363,,HARRIS
Discount Retail,1903,77016,822190.0,TX,-95.300735,10925 HOMESTEAD RD,,3487455.12708618,,HOUSTON,DOLLAR GENERAL 10755,29.87471,-10608829.2924247,66379,,HARRIS
Convenience Store,2203,77012,821443.0,TX,-95.262604,9247 MANCHESTER ST,,3467413.7729163,,HOUSTON,MOONLIGHT FOOD STORE,29.718477,-10604584.5689213,66416,,HARRIS
Pharmacy,1519,77058,821492.0,TX,-95.109695,2469 BAY AREA BLVD,,3448958.38191202,,HOUSTON,CVS Pharmacy 7286,29.574392,-10587562.8169036,66462,,HARRIS
Pharmacy,4563,77450,821537.0,TX,-95.752434,1616 S MASON RD,,3472496.16150888,,KATY,CVS PHARMACY INC 7291,29.75812,-10659112.1950965,66493,,HARRIS
Grocery Store,5821,77084,834100.0,TX,-95.718979,1940 FRY RD,,3477218.55979537,,HOUSTON,GUERRERO MEAT MARKET,29.794941,-10655388.001532,66567,,HARRIS
Pharmacy,5394,77065,821591.0,TX,-95.584412,8620 JONES RD,,3490546.86440746,,HOUSTON,CVS PHARMACY INC 7364,29.89879,-10640408.0716145,66569,,HARRIS
Pharmacy,6735,77379,821605.0,TX,-95.539452,8317 LOUETTA RD,,3505136.90542439,,SPRING,CVS PHARMACY INC 7428,30.012346,-10635403.1473084,66686,,HARRIS
Supermarket,1667,77070,835276.0,TX,-95.577461,10919 LOUETTA RD,,3503077.20819454,,HOUSTON,HEB 099,29.996323,-10639634.289834,66817,,HARRIS
Super Store,    ,77396,820741.0,TX,-95.252747,9235 N SAM HOUSTON PKWY E,,3495392.68837811,,HUMBLE,Walmart 4298,29.93652,-10603487.2927005,66822,,HARRIS
Pharmacy,4802,77040,821296.0,TX,-95.487656,6504 W LITTLE YORK RD,,3486313.6327485,,HOUSTON,CVS PHARMACY INC 7038,29.865818,-10629637.2429633,66921,,HARRIS
Pharmacy,4001,77066,750399.0,TX,-95.498451,12702 BAMMEL NORTH HOUSTON RD,,3498611.10966428,,HOUSTON,Walgreens 09291,29.961571,-10630838.9368664,67146,,HARRIS
Pharmacy,2603,77073,750413.0,TX,-95.386421,2717 FM 1960 RD E,,3506323.79586266,,HOUSTON,Walgreens 02428,30.021578,-10618367.8143128,67181,,HARRIS
Convenience Store,2654,77064,1647998.0,TX,-95.579659,10850 WEST RD,,3491996.69450814,Ste 109,HOUSTON,Sam's Food Mart,29.91008,-10639878.9700747,67373,,HARRIS
Convenience Store,1520,77058,917167.0,TX,-95.109177,2404 BAY AREA BLVD,,3448729.65637455,,HOUSTON,Valero Corner Store 2742385,29.572605,-10587505.1534073,67430,,HARRIS
Grocery Store,6201,77081,750468.0,TX,-95.492828,7235 HILLCROFT ST,,3465140.59794974,,HOUSTON,FRUITLANDIA 2,29.700741,-10630212.9873697,67435,,HARRIS
Pharmacy,5400,77080,750485.0,TX,-95.523987,9450 HAMMERLY BLVD,,3479202.25167152,,HOUSTON,Walgreens 06668,29.810404,-10633681.5913833,67508,,HARRIS
Pharmacy,2247,77075,750486.0,TX,-95.247276,9885 BLACKHAWK BLVD,,3452478.09148706,,HOUSTON,Walgreens 09163,29.601887,-10602878.2637664,67515,,HARRIS
Grocery Store,3948,77063,1634063.0,TX,-95.52903,9347 RICHMOND AVE,,3468708.18559848,,HOUSTON,Aryana Halal Market 1,29.728575,-10634242.9755754,67563,,HARRIS
Super Store,3504,77041,673473.0,TX,-95.608162,6350 N ELDRIDGE PKWY,,3486133.14936908,,HOUSTON,KROGER  396,29.864412,-10643051.9095208,67571,,HARRIS
Convenience Store,2009,77032,1643548.0,TX,-95.358017,15635 ALDINE WESTFIELD RD,,3496658.71043292,,HOUSTON,A3 Fuels #4,29.946375,-10615205.8954963,67573,,HARRIS
Convenience Store,2009,77032,1643551.0,TX,-95.357407,15605 ALDINE WESTFIELD RD,,3496546.17005981,,HOUSTON,A3 Fuels #3,29.945499,-10615137.9906069,67654,,HARRIS
Grocery Store,2509,77090,750329.0,TX,-95.446312,1020 FM 1960 RD W,,3505625.68726022,Ste 14,HOUSTON,EL TAQUITO MEAT MARKET,30.016148,-10625034.8499359,67814,,HARRIS
Super Store,6007,77040,673837.0,TX,-95.510941,13484 NORTHWEST FWY,,3484595.9345458,,HOUSTON,Walmart Supercenter 2257,29.852436,-10632229.3173064,67855,,HARRIS
Super Store,7441,77055,917658.0,TX,-95.521446,1005 BLALOCK RD,,3476014.87012519,,HOUSTON,99 Ranch Market 101,29.785557,-10633398.7285572,67949,,HARRIS
Pharmacy,1212,77433,919160.0,TX,-95.684113,8207 BARKER CYPRESS RD,,3490367.6054199,,CYPRESS,Walgreens 07560,29.897394,-10651506.736166,68001,,HARRIS
Pharmacy,1865,77433,919162.0,TX,-95.676437,11803 BARKER CYPRESS RD,,3496789.75184247,,CYPRESS,Walgreens 07561,29.947395,-10650652.2477547,68002,,HARRIS
Pharmacy,3504,77041,919168.0,TX,-95.606361,6320 N ELDRIDGE PKWY,,3486028.66015387,,HOUSTON,Walgreens 09002,29.863598,-10642851.4231179,68003,,HARRIS
Pharmacy,4802,77070,919171.0,TX,-95.584389,12300 JONES RD,,3497511.91689997,,HOUSTON,Walgreens 09473,29.953016,-10640405.5112662,68006,,HARRIS
Pharmacy,6702,77429,919174.0,TX,-95.700058,14127 CYPRESS ROSEHILL RD,,3500458.55766853,,CYPRESS,Walgreens 09946,29.975948,-10653281.7254467,68007,,HARRIS
Pharmacy,8700,77520,919276.0,TX,-94.917786,4849 N HIGHWAY 146,,3473912.01900344,,BAYTOWN,Walgreens 10138,29.769161,-10566199.6047449,68029,,HARRIS
Pharmacy,1601,77025,919335.0,TX,-95.418724,2605 W HOLCOMBE BLVD,,3465822.5339152,,HOUSTON,Walgreens 09696,29.706062,-10621963.7678239,68064,,HARRIS
Convenience Store,    ,77520,918772.0,TX,-94.963715,1701 N MAIN ST,,3470744.79709802,,BAYTOWN,CIRCLE T FOOD MART,29.744461,-10571312.3976376,68698,,HARRIS
Pharmacy,3300,77379,919083.0,TX,-95.513733,21106 KUYKENDAHL RD,,3513122.26191076,,SPRING,Walgreens 07720,30.074442,-10632540.1213247,68948,,HARRIS
Pharmacy,1743,77339,919084.0,TX,-95.212051,2240 NORTHPARK DR,,3512359.72296382,,KINGWOOD,Walgreens 04840,30.068514,-10598957.0347032,68951,,HARRIS
Pharmacy,4985,77024,919087.0,TX,-95.560623,12850 MEMORIAL DR,,3474372.16460809,Ste 900,HOUSTON,Walgreens 03328,29.772749,-10637759.892248,68955,,HARRIS
Pharmacy,3244,77429,919088.0,TX,-95.629135,12025 HUFFMEISTER RD,,3496868.63428017,,CYPRESS,Walgreens 03449,29.948009,-10645386.6132012,68959,,HARRIS
Discount Retail,3302,77504,878940.0,TX,-95.181381,4118 FAIRMONT PKWY,,3458739.90102732,,PASADENA,Family Dollar Store 5016,29.650784,-10595542.8659206,68960,,HARRIS
Pharmacy,4801,77019,919089.0,TX,-95.40406,1919 W GRAY ST,,3471801.30582224,,HOUSTON,Walgreens 03735,29.752701,-10620331.3788109,68963,,HARRIS
Pharmacy,2718,77084,919090.0,TX,-95.646523,4995 HIGHWAY 6 N,,3484217.94863136,,HOUSTON,Walgreens 03870,29.849491,-10647322.2365071,68966,,HARRIS
Pharmacy,1220,77056,919093.0,TX,-95.479179,510 CHIMNEY ROCK RD,,3473340.7073056,,HOUSTON,Walgreens 04114,29.764706,-10628693.5876398,68969,,HARRIS
Pharmacy,4204,77005,919094.0,TX,-95.427811,5280 BUFFALO SPEEDWAY,,3468352.45909279,,HOUSTON,Walgreens 04745,29.7258,-10622975.3280367,68975,,HARRIS
Pharmacy,2420,77429,919096.0,TX,-95.611649,12407 GRANT RD,,3501556.07633268,,CYPRESS,Walgreens 04901,29.984488,-10643440.0805852,68978,,HARRIS
Pharmacy,2710,77057,919101.0,TX,-95.496895,6360 SAN FELIPE ST,,3471461.13643516,,HOUSTON,Walgreens 06643,29.750048,-10630665.7237387,68981,,HARRIS
Pharmacy,1707,77429,919102.0,TX,-95.672211,16211 SPRING CYPRESS RD,,3500665.4597066,,CYPRESS,Walgreens 07101,29.977558,-10650181.8115866,68984,,HARRIS
Pharmacy,1206,77095,919104.0,TX,-95.668831,17150 FM 529 RD,,3488019.74995473,,HOUSTON,Walgreens 07381,29.879108,-10649805.5517077,68987,,HARRIS
Pharmacy,3902,77069,919105.0,TX,-95.525475,6402 FM 1960 RD W,,3500077.66107086,,HOUSTON,Walgreens 07492,29.972984,-10633847.2347856,68989,,HARRIS
Convenience Store,1909,77031,823809.0,TX,-95.561119,10410 W BELLFORT ST,,3459000.57151306,,HOUSTON,AMIGOS MEAT MARKET,29.652819,-10637815.1067154,69026,,HARRIS
Convenience Store,3611,77096,1287753.0,TX,-95.508148,6665 S BRAESWOOD BLVD,,3461908.26941487,,HOUSTON,Amigo,29.675516,-10631918.4019686,69492,,HARRIS
Pharmacy,2435,77450,856668.0,TX,-95.751678,411 S MASON RD,,3475243.25460579,,KATY,Walgreens 04696,29.779541,-10659028.0375615,69594,,HARRIS
Grocery Store,6106,77536,1288489.0,TX,-95.123329,3814 CENTER ST,,3462092.00026055,,DEER PARK,The Carniceria 1,29.67695,-10589080.546841,69763,,HARRIS
Grocery Store,1402,77034,856794.0,TX,-95.218513,102 E EDGEBROOK DR,,3458535.08305079,,HOUSTON,Panchos Meat Market 5,29.649185,-10599676.3812527,69837,,HARRIS
Other,2311,77055,1287299.0,TX,-95.499657,8564 LONG POINT RD,,3478262.64419896,,HOUSTON,Pancho's Meat Market 4 4,29.80308,-10630973.1881723,69921,,HARRIS
Convenience Store,3208,77017,1287415.0,TX,-95.268913,8322 PARK PLACE BLVD,,3464010.56822581,,HOUSTON,R & F Food Store,29.691923,-10605286.8835887,69941,,HARRIS
Convenience Store,3648,77013,1287573.0,TX,-95.268158,4440 N MCCARTY ST,,3477975.28481643,,HOUSTON,Pilot Travel Center 375,29.80084,-10605202.8373731,69982,,HARRIS
Discount Retail,2202,77598,920383.0,TX,-95.141495,550 EL DORADO BLVD,,3447084.66686671,,WEBSTER,Family Dollar 8190,29.559752,-10591102.7767108,70003,,HARRIS
Convenience Store,3915,77084,920972.0,TX,-95.684532,18323 CLAY RD,,3481851.71494431,,HOUSTON,One Stop - Deerfield,29.831053,-10651553.3790327,70163,,HARRIS
Convenience Store,5406,77587,921042.0,TX,-95.246025,1402 COLLEGE AVE,,3459350.65962774,,SOUTH HOUSTON,Diamond Shamrock Corner Store 27475,29.655552,-10602739.0030834,70167,,HARRIS
Convenience Store,5809,77041,921092.0,TX,-95.608498,13215 W LITTLE YORK RD,,3485947.14888862,,HOUSTON,Valero Corner Store 2742605,29.862963,-10643089.3128697,70185,,HARRIS
Super Store,6303,77045,901194.0,TX,-95.437279,4001 W FUQUA ST,,3453938.22997983,,HOUSTON,LA MICHOACANA MEAT MARKET 52,29.613291,-10624029.3009756,70357,,HARRIS
Supermarket,1625,77084,901199.0,TX,-95.684013,6333 BARKER CYPRESS RD,,3486430.190934,,HOUSTON,LA MICHOACANA MEAT MARKET 22,29.866726,-10651495.604217,70369,,HARRIS
Convenience Store,2312,77503,902100.0,TX,-95.153137,1331 E SAM HOUSTON PKWY S,,3463819.24958112,,PASADENA,Circle K 2741413,29.69043,-10592398.7582226,70799,,HARRIS
Convenience Store,4706,77035,922655.0,TX,-95.475586,5518 S WILLOW DR,,3458923.07433162,,HOUSTON,B K FOOD MART,29.652214,-10628293.6167094,70857,,HARRIS
Pharmacy,7234,77379,902307.0,TX,-95.525345,7304 LOUETTA RD,,3506228.65542387,,SPRING,WALGREENS 07599,30.020838,-10633832.7632518,70930,,HARRIS
Grocery Store,3602,77396,930748.0,TX,-95.265533,119 ATASCOCITA RD,,3497955.05173154,,HUMBLE,A1-Supermarket,29.956465,-10604910.6237098,71141,,HARRIS
Convenience Store,6155,77377,1632938.0,TX,-95.653976,15222 FM 2920 RD,,3514775.10099847,Ste A,TOMBALL,Walter's Quick Stop,30.08729,-10648151.900672,71227,,HARRIS
Grocery Store,2838,77080,1634789.0,TX,-95.525719,9495 KEMPWOOD DR,,3480547.25196954,,HOUSTON,Guadalupana Meat Market Llc #1,29.820887,-10633874.3967413,71237,,HARRIS
Convenience Store,3010,77018,746071.0,TX,-95.449646,2012 W 43RD ST,,3482093.22068061,,HOUSTON,43RD FOOD STORE,29.832935,-10625405.9891182,71323,,HARRIS
Grocery Store,8025,77373,836193.0,TX,-95.363098,4409 TREASCHWIG RD,,3508200.65048116,Suite 115,SPRING,Casa Del Pueblo Meat Market #5 5,30.036175,-10615771.509829,71446,,HARRIS
Convenience Store,1423,77095,922852.0,TX,-95.654228,16250 FM 529 RD,,3488031.30457082,,HOUSTON,Valero Corner Store 2742348,29.879198,-10648179.9531837,71451,,HARRIS
Convenience Store,5003,77080,922858.0,TX,-95.545303,2203 GESSNER DR,,3479538.00740204,,HOUSTON,Valero Corner Store 2742039,29.813021,-10636054.477649,71534,,HARRIS
Convenience Store,6210,77070,922869.0,TX,-95.564415,9403 FM 1960 RD W,,3496594.98882139,,HOUSTON,Valero Corner Store 2742587,29.945879,-10638182.0157571,71549,,HARRIS
Convenience Store,3110,77379,922873.0,TX,-95.539482,7505 SPRING CYPRESS RD,,3509401.71503763,,SPRING,Valero Corner Store 2741427,30.045515,-10635406.4868931,71555,,HARRIS
Convenience Store,3116,77388,922879.0,TX,-95.497459,5050 FM 2920 RD,,3513145.54527952,,SPRING,Valero Corner Store 2741431,30.074623,-10630728.5079315,71562,,HARRIS
Other,2143,77038,747227.0,TX,-95.441345,1210 WEST RD,,3492592.46949776,Ste A,HOUSTON,LA VERACRUZANA MEAT MARKET,29.914719,-10624481.9260251,71597,,HARRIS
Specialty Store,1452,77021,746538.0,TX,-95.358299,5851 SCOTT ST,,3465687.57923952,Ste A,HOUSTON,BELLFORT SEAFOOD MARKET,29.705009,-10615237.2875927,71972,,HARRIS
Specialty Store,3923,77586,932799.0,TX,-95.020073,302 WATERFRONT DR,,3445861.52318287,,SEABROOK,T & H Seafood,29.550194,-10577586.1414997,72192,,HARRIS
Pharmacy,8213,77375,753856.0,TX,-95.603722,24424 STATE HIGHWAY 249,,3508336.43968362,,TOMBALL,Walgreens 07671,30.037231,-10642557.6509817,72459,,HARRIS
Pharmacy,3311,77504,752332.0,TX,-95.172699,4615 FAIRMONT PKWY,,3458612.57790004,,PASADENA,Walgreens 07073,29.64979,-10594576.3901015,72657,,HARRIS
Discount Retail,5607,77377,752333.0,TX,-95.73101,19726 FM 2920 RD,,3513994.70983892,,TOMBALL,Dollar General 6845,30.081224,-10656727.2863258,72665,,HARRIS
Discount Retail,8153,77484,752335.0,TX,-95.912544,31414 FM 2920 RD,,3510615.4968115,,WALLER,Dollar General 6991,30.054953,-10676935.5587674,72677,,HARRIS
Pharmacy,1328,77021,752541.0,TX,-95.360069,3811 OLD SPANISH TRL,,3465346.67439472,,HOUSTON,CVS/ PHARMACY INC 7198,29.702349,-10615434.3230914,72887,,HARRIS
Convenience Store,1003,77503,882078.0,TX,-95.167114,3202 PASADENA FWY,,3466585.25308265,,PASADENA,The Express,29.712013,-10593954.6707454,73305,,HARRIS
Discount Retail,5641,77070,882935.0,TX,-95.55217,12914 WILLOW CHASE DR,,3498433.40791877,,HOUSTON,Family Dollar Store 7978,29.960188,-10636818.9085923,73508,,HARRIS
Pharmacy,5801,77084,858212.0,TX,-95.718933,1710 FRY RD,,3476633.50428946,,HOUSTON,Walgreens 03441,29.79038,-10655382.8808355,73596,,HARRIS
Super Store,2705,77346,858060.0,TX,-95.172707,6931 FM 1960 RD E,,3503350.47847388,,ATASCOCITA,Target T 2389,29.998449,-10594577.2806574,73850,,HARRIS
Convenience Store,4301,77088,1290189.0,TX,-95.474045,8003 ANTOINE DR,,3488754.90108267,,HOUSTON,Handi Plus 333,29.884834,-10628122.0733741,74254,,HARRIS
Discount Retail,4298,77018,902961.0,TX,-95.432899,1345 W 43RD ST,,3481413.88511248,,HOUSTON,Dollar Tree 1289,29.827641,-10623541.7216059,74377,,HARRIS
Discount Retail,2607,77379,902962.0,TX,-95.516273,21330 KUYKENDAHL RD,,3513444.631014,,SPRING,Dollar Tree 3009,30.076948,-10632822.8728313,74384,,HARRIS
Discount Retail,3708,77015,902967.0,TX,-95.186691,1238 UVALDE RD,,3474354.33814758,,HOUSTON,Dollar Tree 578,29.77261,-10596133.9724167,74489,,HARRIS
Convenience Store,6239,77449,1292301.0,TX,-95.720421,3110 FRY RD,,3479819.88477956,,KATY,Circle A Food Store 4,29.815218,-10655548.5242378,74515,,HARRIS
Discount Retail,6874,77082,902988.0,TX,-95.623901,2618 ELDRIDGE PKWY,,3469371.97833791,,HOUSTON,Dollar Tree 4088,29.733753,-10644803.9669864,74576,,HARRIS
Convenience Store,9511,77571,1291159.0,TX,-95.046875,1444 SENS RD,,3463270.55373527,,LA PORTE,Sens Food Mart,29.686148,-10580569.7264919,74668,,HARRIS
Discount Retail,3606,77022,903014.0,TX,-95.37854,4428 NORTH FWY,,3482098.86699029,,HOUSTON,Dollar Tree 3998,29.832979,-10617490.5054059,74713,,HARRIS
Grocery Store,6551,77379,902449.0,TX,-95.554787,9440 LOUETTA RD,,3504069.80113587,Ste 3,SPRING,Zamani Market & Grill,30.004045,-10637110.2316997,74786,,HARRIS
Pharmacy,1551,77044,902463.0,TX,-95.188095,13631 TIDWELL RD,,3484786.92114277,,HOUSTON,WALGREENS 12377,29.853924,-10596290.2649818,74803,,HARRIS
Discount Retail,1006,77504,1292062.0,TX,-95.196671,3030 SPENCER HWY,,3460546.89779425,,PASADENA,Family Dollar 11887,29.66489,-10597244.9409348,74858,,HARRIS
Pharmacy,5319,77040,886968.0,TX,-95.55043,8942 W SAM HOUSTON PKWY N,,3490938.26381884,,HOUSTON,WALGREENS 06401,29.901838,-10636625.2126783,75420,,HARRIS
Convenience Store,3702,77055,1647611.0,TX,-95.478088,7440 LONG POINT RD,,3478263.02905959,,HOUSTON,Supermarket,29.803083,-10628572.1380754,75443,,HARRIS
Super Store,1170,77064,923761.0,TX,-95.547768,12405 N GESSNER RD,,3497737.65806373,,HOUSTON,Costco Wholesale 0675,29.954773,-10636328.8801938,75470,,HARRIS
Super Store,6208,77055,923763.0,TX,-95.531303,1150 BUNKER HILL RD,,3476340.02452751,,HOUSTON,Costco Wholesale 0680,29.788092,-10634496.0047779,75487,,HARRIS
Convenience Store,2301,77082,1647604.0,TX,-95.605232,3151 S DAIRY ASHFORD RD,,3468921.62622438,,HOUSTON,Pitstop Express #37,29.73024,-10642725.7434128,75507,,HARRIS
Convenience Store,4213,77021,1598916.0,TX,-95.352409,6643 CULLEN BLVD,,3463933.29719189,,HOUSTON,Cullen Mart,29.69132,-10614581.615792,75772,,HARRIS
Grocery Store,1205,77095,1587579.0,TX,-95.667282,17117 FM 529 RD,,3487926.28633233,,HOUSTON,Southwest Farmers Market,29.87838,-10649633.1178165,76069,,HARRIS
Convenience Store,3430,77061,1589800.0,TX,-95.263847,8610 AIRPORT BLVD,,3459250.99947451,,HOUSTON,Pitstop Express #30,29.654774,-10604722.9390483,76072,,HARRIS
Convenience Store,3058,77071,1647610.0,TX,-95.518074,7997 W AIRPORT BLVD,,3457562.27411019,Ste A,HOUSTON,Pitstop Express #39,29.64159,-10633023.3592342,76169,,HARRIS
Convenience Store,3111,77065,934586.0,TX,-95.629753,11185 HUFFMEISTER RD,,3495470.02067973,,HOUSTON,Bonaire Food Mart,29.937122,-10645455.4086465,76403,,HARRIS
Convenience Store,1912,77073,1647564.0,TX,-95.419998,702 FM 1960 RD,,3506538.89301256,,HOUSTON,Grab N Go #11,30.023251,-10622105.5888552,76446,,HARRIS
Convenience Store,5918,77015,1658578.0,TX,-95.184631,13526 EAST FWY,,3473794.16384818,,HOUSTON,777 Asian Food Mart,29.768242,-10595904.6542656,76565,,HARRIS
Discount Retail,5304,77571,755599.0,TX,-95.019028,1218 S BROADWAY ST,,3458745.02472073,,LA PORTE,Dollar General 10014,29.650824,-10577469.8126318,76778,,HARRIS
Convenience Store,2709,77057,947949.0,TX,-95.497131,6333 SAN FELIPE ST,,3471394.84740674,,HOUSTON,Stop N Go 2742588,29.749531,-10630691.9951385,77048,,HARRIS
Super Store,4857,77075,884473.0,TX,-95.264076,8503 S SAM HOUSTON PKWY E,,3452548.38023537,,HOUSTON,Target Store 2494,29.602436,-10604748.4312117,77144,,HARRIS
Convenience Store,3313,77338,948872.0,TX,-95.376869,20631 ALDINE WESTFIELD RD,,3505344.65469906,,HUMBLE,Mo's Convenient Store,30.013962,-10617304.4905368,77173,,HARRIS
Specialty Store,5510,77060,948875.0,TX,-95.391029,14602 LILLJA RD,,3492217.58650314,,HOUSTON,Lillja Farm,29.9118,-10618880.7745264,77174,,HARRIS
Supermarket,3807,77090,949073.0,TX,-95.448753,1220 FM 1960 RD W,,3505527.33801528,,HOUSTON,LA MICHOACANA MEAT MARKET 11,30.015383,-10625306.5808129,77186,,HARRIS
Convenience Store,3302,77016,1576043.0,TX,-95.300117,10102 HOMESTEAD RD,,3485305.60273711,,HOUSTON,One Stop Express New,29.857965,-10608760.4969794,77557,,HARRIS
Convenience Store,2202,77598,885645.0,TX,-95.143875,502 EL DORADO BLVD,,3447071.22931756,,WEBSTER,Circle K 2742089,29.559647,-10591367.7170989,77602,,HARRIS
Supermarket,1506,77034,758630.0,TX,-95.207962,3902 S SHAVER ST,,3458730.29410766,,HOUSTON,LA MICHOACANA MEAT MARKKET 32,29.650709,-10598501.8493053,77809,,HARRIS
Discount Retail,3741,77075,885878.0,TX,-95.277412,8005 FUQUA ST,,3453779.45560279,,HOUSTON,Dollar General 11362,29.612051,-10606232.9879409,77864,,HARRIS
Convenience Store,2431,77521,1600879.0,TX,-94.984627,2121 W BAKER RD,,3473911.5060298,,BAYTOWN,Corner Market,29.769157,-10573640.310829,78191,,HARRIS
Convenience Store,1104,77091,939459.0,TX,-95.480827,6100 W LITTLE YORK RD,,3486314.91642318,,HOUSTON,SUPER K C-STORE,29.865828,-10628877.0421606,78311,,HARRIS
Convenience Store,1305,77502,950842.0,TX,-95.192932,1402 SOUTHMORE AVE,,3463965.84579642,,PASADENA,POWER MART # 8,29.691574,-10596828.7173587,78584,,HARRIS
Other,    ,77036,937007.0,TX,-95.499413,6655 HARWIN DR,,3467571.0490272,Suite 103A,HOUSTON,PARIVAR GROCERS,29.719704,-10630946.0262165,78678,,HARRIS
Convenience Store,1306,77504,939632.0,TX,-95.207771,3409 SHAVER ST,,3459796.57779614,,PASADENA,Vista Food Mart #101,29.659033,-10598480.5872826,78687,,HARRIS
Specialty Store,1040,77034,951420.0,TX,-95.250206,9803 GULF FWY,,3458831.23116772,,HOUSTON,Arandas Bakery Inc 3,29.651497,-10603204.4298744,78701,,HARRIS
Convenience Store,7422,77093,937478.0,TX,-95.346581,2510 BERRY RD,,3482675.83028885,,HOUSTON,Pick n Pay,29.837475,-10613932.8457996,78764,,HARRIS
Discount Retail,2925,77373,939717.0,TX,-95.433708,20622 INTERSTATE 45 N,,3511955.44663592,Ste C,SPRING,Dollar Tree 923,30.065371,-10623631.779074,78782,,HARRIS
Specialty Store,3924,77586,937534.0,TX,-95.021248,416 WATERFRONT DR,,3445965.17494047,,SEABROOK,Baybrook Fresh Seafood,29.551004,-10577716.9419014,78822,,HARRIS
Grocery Store,2593,77084,939796.0,TX,-95.644089,5812 HIGHWAY 6 N,,3485638.82277853,Ste B,HOUSTON,New Awami Markaz,29.860561,-10647051.2848665,78855,,HARRIS
Convenience Store,4006,77092,937596.0,TX,-95.486061,6450 W 43RD ST,,3482142.49764894,,HOUSTON,Valero Corner Store 2742369,29.833319,-10629459.6883755,78886,,HARRIS
Specialty Store,2303,77072,939859.0,TX,-95.587708,6919 S KIRKWOOD RD,,3465298.2307547,,HOUSTON,Lafitte's Crawfish,29.701971,-10640774.9806561,78906,,HARRIS
Convenience Store,5418,77017,950402.0,TX,-95.249329,4900 ALLENDALE RD,,3462701.12391504,,HOUSTON,Step N Go,29.681704,-10603106.802681,78908,,HARRIS
Convenience Store,2401,77005,937708.0,TX,-95.418503,5415 KIRBY DR,,3468020.84111692,,HOUSTON,Valero Corner Store 2742609,29.723213,-10621939.1662164,78942,,HARRIS
Convenience Store,6108,77018,937712.0,TX,-95.436043,2025 W 34TH ST,,3480068.28072044,,HOUSTON,Circle K 2740079,29.817154,-10623891.710085,78947,,HARRIS
Convenience Store,7137,77008,937714.0,TX,-95.38781,911 STUDEWOOD ST,,3476302.57042523,,HOUSTON,Valero Corner Store 274713,29.7878,-10618522.4370855,78962,,HARRIS
Convenience Store,5951,77373,937716.0,TX,-95.408569,25500 ALDINE WESTFIELD RD,,3512666.379559,,SPRING,Valero Corner Store 2741405,30.070898,-10620833.3183949,78966,,HARRIS
Convenience Store,5802,77013,940076.0,TX,-95.2192,644 MAXEY RD,,3475488.61202628,,HOUSTON,Maxey Gas & Food Mart,29.781454,-10599752.8577429,78970,,HARRIS
Convenience Store,2436,77450,942269.0,TX,-95.752197,402 S MASON RD,,3475234.02012635,,KATY,Valero Corner Store 2741420,29.779469,-10659085.8123772,79214,,HARRIS
Convenience Store,3357,77051,1596456.0,TX,-95.368042,9635 SCOTT ST,,3458874.3986542,,HOUSTON,Green Light Food Store,29.651834,-10616321.8733915,79305,,HARRIS
Supermarket,4210,77005,906168.0,TX,-95.427803,5225 BUFFALO SPEEDWAY,,3468474.62279803,,HOUSTON,HEB Food Store 599,29.726753,-10622974.4374808,79323,,HARRIS
Convenience Store,3255,77530,942557.0,TX,-95.157524,14821 WOODFOREST BLVD,,3476621.31858892,,CHANNELVIEW,Valero Corner Store 2742637,29.790285,-10592887.1168287,79375,,HARRIS
Grocery Store,5616,77074,942865.0,TX,-95.508919,8446 FONDREN RD,,3463401.76705589,,HOUSTON,Supermercado Teloloapan 10,29.687172,-10632004.229296,79410,,HARRIS
Convenience Store,4718,77025,943047.0,TX,-95.43998,9954 STELLA LINK RD,,3461653.94617342,,HOUSTON,Corner Drive In Grocery,29.673531,-10624329.9749202,79431,,HARRIS
Convenience Store,7553,77532,904589.0,TX,-95.077782,18615 FM 2100 RD,,3496980.66359546,,CROSBY,Circle K 2742320,29.948881,-10584010.2779939,79873,,HARRIS
Pharmacy,8705,77521,904657.0,TX,-94.98143,7216 GARTH RD,,3478687.15248967,,BAYTOWN,WALGREENS 12715,29.806389,-10573284.422417,79909,,HARRIS
Grocery Store,6312,77070,1586335.0,TX,-95.580956,10710 CYPRESS CREEK PKWY,,3495399.49668489,,HOUSTON,East West Foods,29.936573,-10640023.3514543,80275,,HARRIS
Convenience Store,3622,77013,953641.0,TX,-95.270111,3940 N MCCARTY ST,,3477686.90561906,,HOUSTON,Love's Travel Stops & Country Stores Inc 315,29.798592,-10605420.2443387,80557,,HARRIS
Convenience Store,8156,77484,953258.0,TX,-95.905594,30711 FM 2920 RD,,3511838.65522849,,WALLER,Love's Travel Stops & Country Stores Inc 233,30.064463,-10676161.8883064,80794,,HARRIS
Other,4743,77396,1583758.0,TX,-95.247215,9635 N SAM HOUSTON PKWY E,,3495415.42556773,Ste 350,HUMBLE,Authentic Afrobeats Food Store 02,29.936697,-10602871.4732774,80942,,HARRIS
Convenience Store,2258,77009,1583501.0,TX,-95.353691,1412 CAVALCADE ST,,3478268.03224884,,HOUSTON,B & B Food Store,29.803122,-10614724.3273792,80947,,HARRIS
Convenience Store,2706,77070,1589775.0,TX,-95.602348,13739 CEDAR POINT DR,,3500719.69172719,,HOUSTON,Lucky Star,29.97798,-10642404.6980013,80962,,HARRIS
Convenience Store,    ,77039,1293570.0,TX,-95.302719,14103 HOMESTEAD ROAD,,3493650.65176967,,HOSUTON,Charge Up 25,29.922958,-10609050.1502944,81066,,HARRIS
Convenience Store,1846,77051,1293995.0,TX,-95.367157,8210 SCOTT ST,,3461560.80234306,,HOUSTON,Scott Food Store,29.672804,-10616223.3556422,81223,,HARRIS
Convenience Store,5804,77057,1037651.0,TX,-95.501366,3110 HILLCROFT ST,,3469151.22306834,,HOUSTON,Sahreen Food Mart,29.732031,-10631163.433182,81245,,HARRIS
Specialty Store,1052,77338,1293082.0,TX,-95.361366,4519 THEISS RD,,3507216.479189,,HUMBLE,Cabritos Garza Inc.,30.028521,-10615578.704471,81478,,HARRIS
Discount Retail,5206,77035,1295245.0,TX,-95.508377,12550 FONDREN RD,,3457497.84972332,,HOUSTON,Dollar General 19298,29.641087,-10631943.894132,81732,,HARRIS
Discount Retail,3934,77022,1295246.0,TX,-95.39241,525 CROSSTIMBERS ST,,3481538.61119712,,HOUSTON,Dollar General 19302,29.828613,-10619034.5067432,81739,,HARRIS
Convenience Store,7325,77088,1294392.0,TX,-95.464096,4006 VICTORY DR,,3486860.10469069,,HOUSTON,Victory Food Mart,29.870075,-10627014.5557602,81787,,HARRIS
Convenience Store,5701,77050,1294770.0,TX,-95.287292,6901 MOUNT HOUSTON RD,,3489595.89590366,,HOUSTON,Maisah Food,29.891384,-10607332.82451,81884,,HARRIS
Convenience Store,5256,77063,1294782.0,TX,-95.532928,9802 WESTPARK DR,,3467664.36453152,,HOUSTON,Westpark Fuel Center,29.720432,-10634676.8989505,81898,,HARRIS
Convenience Store,2303,77034,1294889.0,TX,-95.207893,4204 S SHAVER ST,,3458247.01124051,,HOUSTON,Sa & Mk Inc Dba Pak N Go,29.646936,-10598494.1682605,81945,,HARRIS
Pharmacy,4619,77049,886360.0,TX,-95.172997,15111 WALLISVILLE RD,,3478690.7446415,,HOUSTON,WALGREENS 06182,29.806417,-10594609.5633098,81987,,HARRIS
Convenience Store,6463,77015,1040480.0,TX,-95.165474,14455 MARKET STREET RD,,3474224.4237545,,HOUSTON,Stop N Zip 00001,29.771597,-10593772.1067805,82009,,HARRIS
Convenience Store,1863,77003,1040669.0,TX,-95.338226,3326 CANAL ST,,3471815.92317819,Ste A,HOUSTON,Canal Food Stop,29.752815,-10613002.771454,82026,,HARRIS
Discount Retail,4857,77075,943705.0,TX,-95.265648,8501C S SAM HOUSTON PKWY E,,3452346.73321266,Ste 110,HOUSTON,Dollar Tree 4185,29.600861,-10604923.4254512,82078,,HARRIS
Discount Retail,4416,77022,943799.0,TX,-95.374428,136 E CROSSTIMBERS ST,,3481495.11091254,,HOUSTON,Dollar General 12029,29.828274,-10617032.7596597,82091,,HARRIS
Convenience Store,2309,77033,1653328.0,TX,-95.335991,8703 MLK BLVD,,3459504.63479831,Ste B,HOUSTON,Friendly Store 55,29.656754,-10612753.9723921,82094,,HARRIS
Convenience Store,2308,77023,943843.0,TX,-95.309059,730 S WAYSIDE DR,,3469018.92555898,,HOUSTON,Valero Corner Store 274902,29.730999,-10609755.9158661,82095,,HARRIS
Grocery Store,5537,77081,945756.0,TX,-95.483498,5800 BELLAIRE BLVD,,3465888.79423116,Ste 104,HOUSTON,BONITO MICHOACAN MEAT MARKET 5,29.706579,-10629174.3765206,82467,,HARRIS
Convenience Store,5213,77082,945833.0,TX,-95.615005,3825 SYNOTT RD,,3467215.48214081,,HOUSTON,Synott Food Mart,29.71693,-10643813.6687963,82583,,HARRIS
Supermarket,3812,77521,1040327.0,TX,-94.977341,3500 GARTH RD,,3472749.03213856,,BAYTOWN,Joe V's Smart Shop 645,29.760092,-10572829.2370191,82959,,HARRIS
Super Store,6003,77040,763376.0,TX,-95.503586,13250 NORTHWEST FWY,,3484063.29207417,,HOUSTON,Target Store 858,29.848286,-10631410.5624516,83080,,HARRIS
Super Store,1313,77084,763380.0,TX,-95.647491,6955 HIGHWAY 6 N,,3487798.41687725,,HOUSTON,Target Store 993,29.877384,-10647429.9937742,83081,,HARRIS
Super Store,1647,77070,763381.0,TX,-95.582695,21515 TOMBALL PKWY,,3503567.19650743,,HOUSTON,Target Store 1124,30.000135,-10640216.9360488,83082,,HARRIS
Supermarket,2463,77072,908478.0,TX,-95.586624,11810 BELLAIRE BLVD,,3465699.11377189,Ste B,HOUSTON,CHO THANH BINH MARKET,29.705099,-10640654.3103281,83115,,HARRIS
Pharmacy,5895,77062,909478.0,TX,-95.123184,16590 EL CAMINO REAL,,3446769.46403498,,HOUSTON,WALGREENS 05709,29.557289,-10589064.4055149,83122,,HARRIS
Discount Retail,8239,77375,861347.0,TX,-95.593437,22625 TOMBALL PKWY,,3505688.42547554,,TOMBALL,Dollar Tree 1146,30.016636,-10641412.7300189,83159,,HARRIS
Pharmacy,3296,77433,909485.0,TX,-95.724541,20500 FM 529 RD,,3488169.19046092,,CYPRESS,WALGREENS 03691,29.880272,-10656007.1605398,83251,,HARRIS
Discount Retail,5270,77506,908621.0,TX,-95.174164,2619 RED BLUFF RD,,3464455.49437851,Ste A,PASADENA,Family Dollar Store 8089,29.695395,-10594739.4731555,83312,,HARRIS
Convenience Store,3237,77429,955508.0,TX,-95.62854,13750 CYPRESS NORTH HOUSTON RD,,3496795.14769402,,CYPRESS,Valero Corner Store 2741411,29.947437,-10645320.3781042,83344,,HARRIS
Convenience Store,2244,77433,955703.0,TX,-95.685928,9010 BARKER CYPRESS RD,,3491882.5256642,,CYPRESS,Circle K 2741425,29.909191,-10651708.7810418,83396,,HARRIS
Convenience Store,1001,77071,1599559.0,TX,-95.52771,9645 S GESSNER RD,,3461951.83158202,,HOUSTON,Mini Market Centro America,29.675856,-10634096.0338475,83440,,HARRIS
Grocery Store,7814,77092,908877.0,TX,-95.455269,4402 SHERWOOD LN,,3479680.1641765,,HOUSTON,Los Paisanos Carniceria & Taqueria,29.814129,-10626031.938615,83687,,HARRIS
Grocery Store,0919,77375,909807.0,TX,-95.6063,701 E MAIN ST,,3516487.21483075,Ste 135B,TOMBALL,Grocery Services Inc 23,30.100597,-10642844.632629,83717,,HARRIS
Pharmacy,    ,77070,909469.0,TX,-95.58429,10965 CYPRESS CREEK PKWY,,3494794.85610908,,HOUSTON,WALGREENS 05085,29.931866,-10640394.4906366,83892,,HARRIS
Pharmacy,8103,77062,909475.0,TX,-95.155151,1180 CLEAR LAKE CITY BLVD,,3449879.08474561,,HOUSTON,WALGREENS 04538,29.581585,-10592622.9556771,83896,,HARRIS
Convenience Store,1301,77024,955303.0,TX,-95.531723,901 BUNKER HILL RD,,3475169.89198011,,HOUSTON,Valero Corner Store 274565,29.778969,-10634542.7589641,83907,,HARRIS
Super Store,2505,77024,860609.0,TX,-95.541206,984 GESSNER RD,,3475676.51306386,,HOUSTON,Target T 1435,29.782919,-10635598.4016953,83925,,HARRIS
Convenience Store,5808,77041,1043908.0,TX,-95.608681,13214 W LITTLE YORK RD,,3486016.59388662,Ste A,HOUSTON,Fuel Expo 3,29.863504,-10643109.6843365,84020,,HARRIS
Discount Retail,9151,77532,1043964.0,TX,-95.063354,14290 FM 2100 RD,,3490099.23526871,,CROSBY,Dollar Tree 4612,29.895304,-10582404.1603807,84027,,HARRIS
Convenience Store,3732,77503,1044186.0,TX,-95.172409,2501 PRESTON AVE,,3461897.2507724,,PASADENA,Big C Food Mart,29.67543,-10594544.1074492,84055,,HARRIS
Discount Retail,4424,77016,959012.0,TX,-95.301903,9520 HOMESTEAD RD,,3484176.62113624,,HOUSTON,Family Dollar 8070,29.849169,-10608959.3135899,84208,,HARRIS
Convenience Store,1123,77061,1042296.0,TX,-95.281143,7702 BELLFORT ST,,3461459.84390366,,HOUSTON,Star Mart,29.672016,-10606648.3209611,84407,,HARRIS
Convenience Store,5724,77026,958174.0,TX,-95.33075,4006 LILA ST,,3476255.62468422,,HOUSTON,Best Food Market,29.787434,-10612170.5469409,84657,,HARRIS
Other,3038,77091,1043155.0,TX,-95.446999,2426 GARAPAN ST,,3485160.94480852,,HOUSTON,Wingate Mobile Groceries,29.856838,-10625111.3264261,84833,,HARRIS
Pharmacy,1253,77085,862213.0,TX,-95.465904,5501 W OREM DR,,3455713.30684821,,HOUSTON,Walgreens 09471,29.627153,-10627215.8213995,84849,,HARRIS
Convenience Store,1834,77084,1043317.0,TX,-95.644112,5820 HIGHWAY 6 N,,3485762.04964247,,HOUSTON,Pick Quick Mini Market,29.861521,-10647053.8452148,84858,,HARRIS
Supermarket,3622,77338,1590246.0,TX,-95.267288,156 1ST ST W,,3503845.74757247,,HUMBLE,Gordon Restruant Market MP225,30.002302,-10605105.9894161,84913,,HARRIS
Other,5447,77080,1045368.0,TX,-95.526009,9496 HAMMERLY BLVD,,3479219.3150867,,HOUSTON,Tierra Caliente 2,29.810537,-10633906.6793937,84934,,HARRIS
Other,5530,77081,1045374.0,TX,-95.483559,5800 BELLAIRE BLVD,,3465771.90972571,Ste 128,HOUSTON,Panaderia Tierra Caliente 3,29.705667,-10629181.1670095,84943,,HARRIS
Grocery Store,2414,77031,1297528.0,TX,-95.535721,9051 W BELLFORT ST,,3459428.54367716,,HOUSTON,Makola Marketplace NO 2,29.65616,-10634987.8142883,85059,,HARRIS
Pharmacy,6827,77082,864265.0,TX,-95.588882,11994 RICHMOND AVE,,3469054.56370761,,HOUSTON,Walgreens 07722,29.731277,-10640905.6697383,85141,,HARRIS
Discount Retail,2904,77032,863436.0,TX,-95.367249,1212 ALDINE BENDER RD,,3494845.98033655,,HOUSTON,Family Dollar 7621,29.932264,-10616233.5970353,85172,,HARRIS
Supermarket,6576,77375,863856.0,TX,-95.62944,28048 STATE HIGHWAY 249,,3514033.56101975,Unit I,TOMBALL,La Preferida,30.081526,-10645420.5656459,85302,,HARRIS
Supermarket,4244,77023,863938.0,TX,-95.295357,7071 LAWNDALE ST,,3467381.98466128,,HOUSTON,LA MICHOACANA MEAT MARKET 48,29.718229,-10608230.6162032,85315,,HARRIS
Supermarket,5027,77017,863951.0,TX,-95.262299,8501 GULF FWY,,3461228.7186783,Ste A,HOUSTON,LA MICHOACANA MEAT MARKET 41,29.670212,-10604550.6164766,85316,,HARRIS
Pharmacy,1904,77095,864257.0,TX,-95.636322,8206 HIGHWAY 6 N,,3490352.19645509,,HOUSTON,Walgreens 04161,29.897274,-10646186.6663815,85384,,HARRIS
Discount Retail,5307,77039,1295402.0,TX,-95.35511,12955 ALDINE WESTFIELD RD,,3491008.37797006,,HOUSTON,Dollar General 19299,29.902384,-10614882.2897366,85486,,HARRIS
Discount Retail,3006,77018,1295403.0,TX,-95.445251,1804 W 43RD ST,,3482074.61354131,,HOUSTON,Dollar General 19826,29.83279,-10624916.7399562,85487,,HARRIS
Convenience Store,3352,77502,1296967.0,TX,-95.22995,1901 ALLEN GENOA RD,,3462989.93598358,,PASADENA,Speedy Perez,29.683958,-10600949.5422689,85638,,HARRIS
Grocery Store,    ,77066,1096020.0,TX,-95.479027,12228 ANTOINE DR,,3498449.08360599,Ste C,HOUSTON,Hafiz Brothers Inc,29.96031,-10628676.6670772,86203,,HARRIS
Convenience Store,5317,77039,1643233.0,TX,-95.363159,1501 ALDINE MAIL ROUTE RD,,3491045.10458357,,HOUSTON,La Guerrero Meat Market #2,29.90267,-10615778.300318,86544,,HARRIS
Convenience Store,3835,77067,1094866.0,TX,-95.465675,11242 VETERANS MEMORIAL DR,,3496546.68394054,,HOUSTON,Fast Track Food Mart,29.945503,-10627190.3292361,86571,,HARRIS
Grocery Store,    ,77450,1125487.0,TX,-95.750923,1025 S MASON RD,,3473393.284874,Ste 120,KATY,Las Tarascas,29.765116,-10658943.9913459,86734,,HARRIS
Super Store,4813,77389,1297940.0,TX,-95.44986,2150 SPRING STUEBNER RD,,3514223.44465652,,SPRING,Kroger 130,30.083002,-10625429.8114893,86864,,HARRIS
Supermarket,1531,77070,1097383.0,TX,-95.588287,22506 TOMBALL PKWY,,3504865.01096135,,HOUSTON,Sprouts 0130,30.010231,-10640839.4346413,86904,,HARRIS
Discount Retail,6731,77449,1095187.0,TX,-95.720116,3909 N FRY RD,,3481739.0480432,,KATY,Family Dollar 9090,29.830175,-10655514.5717931,86946,,HARRIS
Supermarket,3415,77388,1093849.0,TX,-95.451881,2302 FM 2920 RD,,3512686.44627158,,SPRING,Aldi 78002,30.071054,-10625654.7881801,86961,,HARRIS
Supermarket,3302,77504,1093850.0,TX,-95.179741,4140 FAIRMONT PKWY,,3458592.46762168,,PASADENA,Aldi 78011,29.649633,-10595360.3019557,86965,,HARRIS
Supermarket,5922,77450,1093853.0,TX,-95.750214,2009 S MASON RD,,3471400.74544957,,KATY,Aldi 78001,29.749577,-10658865.065827,86969,,HARRIS
Supermarket,1808,77449,1093854.0,TX,-95.718269,5930 N FRY RD,,3485307.39974028,,KATY,Aldi 78009,29.857979,-10655308.9646936,86973,,HARRIS
Supermarket,3129,77086,1093859.0,TX,-95.486343,13340 TOMBALL PKWY,,3492661.56526748,,HOUSTON,Aldi 78005,29.915257,-10629491.0804719,86984,,HARRIS
Supermarket,2706,77346,1093861.0,TX,-95.172859,6900 FM 1960 RD E,,3503126.95169013,,HUMBLE,Aldi 78007,29.99671,-10594594.20122,86987,,HARRIS
Grocery Store,3867,77450,889955.0,TX,-95.75061,873 S MASON RD,,3474088.61139594,Ste 304,KATY,ALSAFA Import Inc,29.770538,-10658909.1483453,86993,,HARRIS
Convenience Store,3756,77008,925273.0,TX,-95.410049,1544 N SHEPHERD DR,,3477809.92780264,,HOUSTON,Valero Corner Store 2742591,29.799551,-10620998.0712413,87027,,HARRIS
Convenience Store,2352,77089,925352.0,TX,-95.229057,11499 BEAMER RD,,3452216.52852258,,HOUSTON,Valero Corner Store 2742191,29.599844,-10600850.1339636,87051,,HARRIS
Convenience Store,4133,77598,925355.0,TX,-95.133972,17310 HIGHWAY 3,,3446182.20649666,,WEBSTER,Valero Corner Store 2742150,29.5527,-10590265.3201815,87052,,HARRIS
Convenience Store,4114,77375,912460.0,TX,-95.639366,29926 STATE HIGHWAY 249,,3517132.77515821,,TOMBALL,Valero Corner Store 2742233,30.105614,-10646525.5229115,87156,,HARRIS
Pharmacy,4071,77571,912278.0,TX,-95.086159,9705 W MAIN ST,,3460482.71470978,,LA PORTE,WALGREENS 03286,29.664389,-10584942.8013682,87190,,HARRIS
Pharmacy,5058,77536,912283.0,TX,-95.123848,3300 CENTER ST,,3462691.51404183,,DEER PARK,WALGREENS 03848,29.681629,-10589138.3216568,87191,,HARRIS
Pharmacy,4219,77505,912288.0,TX,-95.142998,6302 FAIRMONT PKWY,,3458603.99580289,,PASADENA,WALGREENS 05733,29.649723,-10591270.0899054,87192,,HARRIS
Pharmacy,6210,77062,912291.0,TX,-95.112167,16185 SPACE CENTER BLVD,,3448852.65824496,,HOUSTON,WALGREENS 07005,29.573566,-10587837.9986848,87194,,HARRIS
Pharmacy,3112,77058,912300.0,TX,-95.101982,1301 NASA PKWY,,3445577.70077005,,HOUSTON,WALGREENS 11854,29.547976,-10586704.2096711,87195,,HARRIS
Convenience Store,2790,77375,912360.0,TX,-95.554176,25525 KUYKENDAHL RD,,3520497.63120011,,TOMBALL,Circle K 2741424,30.13176,-10637042.2154908,87199,,HARRIS
Pharmacy,1628,77084,912376.0,TX,-95.683144,6200 BARKER CYPRESS RD,,3485914.28780083,,HOUSTON,WALGREENS 03160,29.862707,-10651398.8675795,87201,,HARRIS
Convenience Store,7365,77375,912392.0,TX,-95.590759,11510 BOUDREAUX RD,,3510645.33481957,,TOMBALL,Circle K 2741437,30.055185,-10641114.6164225,87204,,HARRIS
Super Store,5802,77027,923808.0,TX,-95.439484,3836 RICHMOND AVE,,3469422.87309264,,HOUSTON,Costco Wholesale 1018,29.73415,-10624274.7604528,87550,,HARRIS
Convenience Store,1208,77008,924611.0,TX,-95.435463,2000 W 18TH ST,,3478060.20910699,,HOUSTON,Valero Corner Store 2742172,29.801502,-10623827.1447803,87651,,HARRIS
Convenience Store,8014,77007,924684.0,TX,-95.420372,5802 MEMORIAL DR,,3472928.04498413,,HOUSTON,Valero Corner Store 2742347,29.761488,-10622147.2223447,87657,,HARRIS
Convenience Store,2520,77012,911577.0,TX,-95.2789,8001 LAWNDALE ST,,3467103.32807785,,HOUSTON,LAWNDALE CHEVON,29.716055,-10606398.6313432,87858,,HARRIS
Discount Retail,1039,77076,910368.0,TX,-95.383507,7404A AIRLINE DR,,3486701.43672104,,HOUSTON,Family Dollar Store 5916,29.868839,-10618043.4293166,87914,,HARRIS
Convenience Store,2562,77075,912865.0,TX,-95.26712,8450 ALMEDA GENOA RD,,3455561.16978736,,HOUSTON,PLANTATION FOOD CENTER,29.625965,-10605087.2877417,87968,,HARRIS
Discount Retail,6055,77083,959900.0,TX,-95.620544,13516 BEECHNUT ST,,3463644.97653141,,HOUSTON,Family Dollar 8387,29.68907,-10644430.2674558,88230,,HARRIS
Discount Retail,5903,77087,959904.0,TX,-95.308487,6901 BELLFORT ST,,3461008.99981639,,HOUSTON,Family Dollar 8210,29.668497,-10609692.2411173,88231,,HARRIS
Convenience Store,2776,77015,926389.0,TX,-95.193497,13030 WOODFOREST BLVD,,3477076.43028771,Ste A,HOUSTON,Save A Step 4,29.793833,-10596891.612871,88350,,HARRIS
Super Store,2508,77089,865040.0,TX,-95.219597,11101 FUQUA ST,,3454270.38204971,,HOUSTON,Sam's Club 8244,29.615885,-10599797.0515807,88746,,HARRIS
Super Store,6038,77073,865052.0,TX,-95.421417,325 E RICHEY RD,,3503397.13809536,,HOUSTON,Sam's Club 8245,29.998812,-10622263.5512126,88794,,HARRIS
Super Store,5106,77043,865069.0,TX,-95.556763,10488 KATY FWY,,3475960.48612957,,HOUSTON,Sam's Club 4712,29.785133,-10637330.1990135,88859,,HARRIS
Super Store,    ,77070,865094.0,TX,-95.54641,7950 FM 1960,,3498673.8134011,,HOUSTON,Sam's Club 4721,29.962059,-10636177.7083253,88931,,HARRIS
Super Store,7636,77449,865115.0,TX,-95.726273,20424 KATY FWY,,3476031.67277419,,KATY,Sam's Club 4764,29.785688,-10656199.9658979,89004,,HARRIS
Super Store,2112,77081,865123.0,TX,-95.468193,5310 S RICE AVE,,3468244.78165774,,HOUSTON,Sam's Club 4769,29.72496,-10627470.631714,89028,,HARRIS
Convenience Store,3625,77004,1048102.0,TX,-95.350273,3506 ELGIN ST,,3468578.84102087,,HOUSTON,Jeffy's Chevron 2,29.727566,-10614343.8373596,89208,,HARRIS
Supermarket,1833,77084,1098032.0,TX,-95.646507,5855 HIGHWAY 6 N,,3485776.68291131,,HOUSTON,Aldi 78005,29.861635,-10647320.4553953,89368,,HARRIS
Supermarket,3501,77068,1098034.0,TX,-95.486519,3715 FM 1960 RD W,,3502822.4525571,,HOUSTON,Aldi 78017,29.994341,-10629510.6727022,89369,,HARRIS
Convenience Store,8131,77338,1098230.0,TX,-95.296303,6355 WILL CLAYTON PKWY,,3501488.08912076,,HUMBLE,Handi Stop 40,29.983959,-10608335.9244415,89382,,HARRIS
Convenience Store,    ,77375,1049086.0,TX,-95.589516,18712 HUFSMITH KHORVILLE RD,,3508299.02035555,,TOMBALL,Lacey Food Mart,30.03694,-10640976.2462955,89563,,HARRIS
Super Store,4598,77065,865180.0,TX,-95.596878,12205 WEST RD,,3491038.04176509,,HOUSTON,Sam's Club 8274,29.902615,-10641795.7803867,89630,,HARRIS
Super Store,5917,77015,865195.0,TX,-95.182335,13600 EAST FWY,,3474031.67066432,,HOUSTON,Sam's Club 8281,29.770094,-10595649.0647148,89679,,HARRIS
Convenience Store,3760,77047,1046665.0,TX,-95.35479,12805 CULLEN BLVD,,3455298.39181652,Ste A,HOUSTON,Cullen Texaco/Hartz Chicken,29.623913,-10614846.6674995,89711,,HARRIS
Super Store,4043,77338,865233.0,TX,-95.279526,9665 FM 1960 BYPASS RD W,,3504329.20943197,,HUMBLE,Sam's Club 6367,30.006063,-10606468.3173445,89816,,HARRIS
Supermarket,2338,77029,865357.0,TX,-95.238106,10813 MARKET STREET RD,,3473720.55301577,,HOUSTON,LA MICHOACANA MEAT MARKET 33,29.767668,-10601857.4640358,89884,,HARRIS
Supermarket,1051,77034,865358.0,TX,-95.248291,1535 ELTON ST,,3458549.55725999,,HOUSTON,LA MICHOACANA MEAT MARKET 42,29.649298,-10602991.2530495,89888,,HARRIS
Supermarket,6601,77092,865359.0,TX,-95.45993,4711 W 34TH ST,,3480373.39347455,,HOUSTON,LA MICHOACANA SUPERMARKET 44,29.819532,-10626550.7987615,89892,,HARRIS
Supermarket,1112,77091,865360.0,TX,-95.474495,5712 W LITTLE YORK RD,,3485995.79885697,,HOUSTON,LA MICHOACANA MEAT MARKET 49,29.863342,-10628172.1671449,89896,,HARRIS
Discount Retail,1376,77494,1099531.0,TX,-95.793198,24423 KATY FWY,,3475727.81757929,,KATY,Dollar Tree 5127,29.783319,-10663650.0228192,90463,,HARRIS
Convenience Store,2306,77396,1441131.0,TX,-95.28669,14905 OLD HUMBLE RD,,3495655.00349888,Ste A,HUMBLE,Sunrise Food Store,29.938562,-10607265.8101765,90554,,HARRIS
Discount Retail,1148,77504,1298694.0,TX,-95.19072,3431 SPENCER HWY,,3460575.08208405,,PASADENA,Dollar General 19305,29.66511,-10596582.4786451,90581,,HARRIS
Other,2642,77051,1100057.0,TX,-95.355888,8630A CULLEN BLVD,,3460854.10987894,,HOUSTON,Farmer's Fresh Meat 2,29.667288,-10614968.8963004,90839,,HARRIS
Convenience Store,1925,77044,1441501.0,TX,-95.221603,11975 TIDWELL RD,,3484280.58185939,Ste A,HOUSTON,Kings Mart,29.849979,-10600020.3584793,91135,,HARRIS
Supermarket,2605,77067,1060609.0,TX,-95.471474,11655 VETERANS MEMORIAL DR,,3497307.37855035,,HOUSTON,La Michoacana Meat Market 25,29.951424,-10627835.8709633,91283,,HARRIS
Discount Retail,6424,77016,914508.0,TX,-95.318733,7728 LOCKWOOD DR,,3481757.65469552,,HOUSTON,Dollar General 11578,29.83032,-10610832.82062,91373,,HARRIS
Grocery Store,4541,77017,1060824.0,TX,-95.27092,8221 GULF FWY,,3462393.35527119,Ste 100,HOUSTON,Grocery Services Inc 24,29.679302,-10605510.3018067,91752,,HARRIS
Grocery Store,3409,77090,1060837.0,TX,-95.441666,830 CYPRESS CREEK PKWY,,3505800.27510882,Ste 19,HOUSTON,Grocery Services Inc 27,30.017506,-10624517.6595817,91781,,HARRIS
Convenience Store,5204,77587,1061252.0,TX,-95.20813,3602 S SHAVER ST,,3459414.70897612,#A,SOUTH HOUSTON,Hitek Shaver Gas & Food Mart,29.656052,-10598520.5509798,91936,,HARRIS
Grocery Store,7206,77036,1078292.0,TX,-95.547966,9700 CLUB CREEK DR,,3462476.7672788,Ste A,HOUSTON,Supermercado El Paisano,29.679953,-10636350.921453,92121,,HARRIS
Convenience Store,5202,77066,1062229.0,TX,-95.497299,11530 BAMMEL NORTH HOUSTON RD,,3496601.79776875,,HOUSTON,STRIPES 40955,29.945932,-10630710.696813,92130,,HARRIS
Pharmacy,6802,77084,927392.0,TX,-95.685097,4007 BARKER CYPRESS RD,,3481889.18524925,,HOUSTON,Walgreens 06909,29.831345,-10651616.274545,92375,,HARRIS
Pharmacy,3509,77095,927397.0,TX,-95.628151,14625 FM 529 RD,,3487972.76129005,,HOUSTON,Walgreens 07725,29.878742,-10645277.0748223,92383,,HARRIS
Convenience Store,4248,77023,927413.0,TX,-95.29335,7129 LAWNDALE ST,,3467274.18717154,,HOUSTON,Valero Corner Store 274712,29.717388,-10608007.1979852,92528,,HARRIS
Convenience Store,1618,77091,1077613.0,TX,-95.449432,2502 W LITTLE YORK RD,,3485976.03077366,,HOUSTON,Lucky Mart,29.863188,-10625382.1667472,92613,,HARRIS
Convenience Store,2905,77081,927557.0,TX,-95.468704,5105 GULFTON ST,,3467158.57184269,,HOUSTON,Valero Corner Store 2742304,29.716486,-10627527.5159738,92733,,HARRIS
Supermarket,4288,77433,1078139.0,TX,-95.744469,28550 HIGHWAY 290,,3502585.82485937,,CYPRESS,HEB 656,29.9925,-10658225.5353524,92864,,HARRIS
Grocery Store,6219,77449,1063089.0,TX,-95.719261,2339 N FRY RD,,3478069.06076478,,KATY,Alameda Meat Market 1,29.801571,-10655419.3936285,92966,,HARRIS
Convenience Store,4202,77039,1063135.0,TX,-95.355026,13006 ALDINE WESTFIELD RD,,3491041.38055152,,HOUSTON,Circle M Grocery,29.902641,-10614872.9388994,92975,,HARRIS
Supermarket,6209,77055,868198.0,TX,-95.532082,9710 KATY FWY,,3475961.76876832,,HOUSTON,HEB 109,29.785143,-10634582.7226613,93507,,HARRIS
Other,1501,77083,1113638.0,TX,-95.642769,6289 HIGHWAY 6 S,,3466331.73462191,,HOUSTON,Dominion African Food Mart,29.710035,-10646904.3431387,93744,,HARRIS
Super Store,6870,77082,867755.0,TX,-95.627319,2700 ELDRIDGE PKWY,,3469228.52544065,,HOUSTON,Target T 2419,29.732634,-10645184.4570059,93813,,HARRIS
Discount Retail,1144,77073,868009.0,TX,-95.420448,22522 IMPERIAL VALLEY DR,,3506618.35002061,,HOUSTON,Family Dollar Store 7769,30.023869,-10622155.682626,93936,,HARRIS
Supermarket,    ,77095,1106981.0,TX,-95.646866,7055 STATE HWY 6 NORTH,,3488197.82058518,Ste A,HOUSTON,Sprouts Farmers Market 131,29.880495,-10647360.4190925,94019,,HARRIS
Convenience Store,2679,77029,1052222.0,TX,-95.247269,1509 MERCURY DR,,3473243.75996313,,HOUSTON,Come and Save Food Store,29.76395,-10602877.48453,94205,,HARRIS
Convenience Store,5005,77099,1052266.0,TX,-95.584709,10612 S KIRKWOOD RD,,3460058.03828329,,HOUSTON,Sunny's Food & Gas,29.661074,-10640441.1335032,94213,,HARRIS
Other,5132,77063,1103568.0,TX,-95.54023,3774 S GESSNER RD,,3468013.79096284,,HOUSTON,La Congolaise,29.723158,-10635489.7538722,94269,,HARRIS
Convenience Store,2131,77088,1103741.0,TX,-95.494591,9875 N HOUSTON ROSSLYN RD,,3488864.93344643,,HOUSTON,Shell Food Mart,29.885691,-10630409.2436319,94294,,HARRIS
Convenience Store,5101,77339,1104225.0,TX,-95.210152,2306 NORTHPARK DR,,3512354.57778195,,KINGWOOD,Speedy Stop 309,30.068474,-10598745.6389902,94362,,HARRIS
Convenience Store,1206,77095,1104978.0,TX,-95.667892,17140 FM 529 RD,,3488069.56326298,,HOUSTON,Copperfield Food Mart,29.879496,-10649701.0227059,94462,,HARRIS
Convenience Store,2031,77038,1102918.0,TX,-95.443932,10102 VETERANS MEMORIAL DR,,3492868.46951688,,HOUSTON,Memorial Food Mart,29.916868,-10624769.9095478,94515,,HARRIS
Convenience Store,    ,77041,1053078.0,TX,-95.563461,6666 W. SAM HOUSTON TOLLWAY,,3486443.41290969,,HOUSTON,Valero Corner Store 2741406,29.866829,-10638075.8169629,94916,,HARRIS
Convenience Store,3803,77090,1105951.0,TX,-95.449982,16943 ELLA BLVD,,3505200.92680787,,HOUSTON,Orbit 4,30.012844,-10625443.3924671,94953,,HARRIS
Grocery Store,7861,77009,1442313.0,TX,-95.36145,1002 BOUNDARY ST,,3475863.13422207,,HOUSTON,La Michoacana Meat Market #17,29.784374,-10615588.0553082,95109,,HARRIS
Convenience Store,4202,77506,1442182.0,TX,-95.219887,816 RICHEY ST,,3465029.87167017,,PASADENA,V 4 U #7,29.699877,-10599829.334233,95202,,HARRIS
Convenience Store,6700,77079,897453.0,TX,-95.599976,14360 MEMORIAL DR,,3474047.57300541,,HOUSTON,Circle K 2740527,29.770218,-10642140.6481692,95290,,HARRIS
Convenience Store,6440,77586,897455.0,TX,-95.042343,3324 NASA PKWY,,3447582.12196778,,SEABROOK,Circle K 2742584,29.563639,-10580065.2265597,95298,,HARRIS
Grocery Store,2220,77091,894938.0,TX,-95.421478,6806 W MONTGOMERY RD,,3485303.93409153,,HOUSTON,O-LAN-O,29.857952,-10622270.3417016,95414,,HARRIS
Pharmacy,5290,77450,896477.0,TX,-95.723,2010 S FRY RD,,3471839.6443614,,KATY,WALGREENS 04839,29.753,-10655835.6172045,95737,,HARRIS
Pharmacy,8306,77450,896479.0,TX,-95.755905,22202 WESTHEIMER PKWY,,3469468.6400844,,KATY,WALGREENS 05100,29.734507,-10659498.5850491,95741,,HARRIS
Pharmacy,6098,77055,897237.0,TX,-95.543922,1002 GESSNER DR,,3475979.34093215,,HOUSTON,CVS/ PHARMACY INC 8912,29.78528,-10635900.7454322,95858,,HARRIS
Convenience Store,5827,77084,897333.0,TX,-95.718575,2230 FRY RD,,3477859.57316793,,HOUSTON,Circle K 2742021,29.799938,-10655343.0284578,95893,,HARRIS
Convenience Store,    ,77450,897336.0,TX,-95.752258,1102 S MASON RD,,3473345.83681499,,KATY,Circle K 2742016,29.764746,-10659092.6028662,95901,,HARRIS
Convenience Store,5064,77449,897340.0,TX,-95.7351,1546 N WESTGREEN BLVD,,3476498.30779646,,KATY,Circle K 2741432,29.789326,-10657182.5830431,95909,,HARRIS
Convenience Store,2026,77075,1442504.0,TX,-95.286247,9700 TELEPHONE RD,,3455472.03981737,,HOUSTON,Fox Express,29.625269,-10607216.4956421,95929,,HARRIS
Convenience Store,9166,77532,1442511.0,TX,-95.063927,15005 FM 2100 RD,,3491268.29165584,,CROSBY,Crosby Chevron,29.904408,-10582467.9464489,95935,,HARRIS
Convenience Store,2693,77373,1442537.0,TX,-95.42247,802 LOUETTA RD,,3512766.71343824,,SPRING,Fuel Zone 07,30.071678,-10622380.7706364,95946,,HARRIS
Convenience Store,4001,77041,1554713.0,TX,-95.56472,10707 W LITTLE YORK RD,,3486441.87248464,,HOUSTON,I T Shell,29.866817,-10638215.9682018,96121,,HARRIS
Convenience Store,2533,77041,1056066.0,TX,-95.612373,13204 FM 529 RD,,3488074.44189637,,HOUSTON,Circle A Food Store 2,29.879534,-10643520.6758965,96598,,HARRIS
Grocery Store,2132,77088,1056349.0,TX,-95.49437,9822 N HOUSTON ROSSLYN RD,,3488783.78930131,,HOUSTON,El Ranchito Meat Market & Taqueria 2,29.885059,-10630384.6420245,96637,,HARRIS
Convenience Store,2311,77093,1057855.0,TX,-95.355858,11603 ALDINE WESTFIELD RD,,3488140.04685759,,HOUSTON,Hope Food Mart,29.880045,-10614965.5567157,96799,,HARRIS
Convenience Store,6602,77090,1057997.0,TX,-95.421394,14834 NORTH FWY,,3501179.5165542,,HOUSTON,STRIPES 40961,29.981558,-10622260.9908643,96843,,HARRIS
Discount Retail,2341,77051,1060148.0,TX,-95.384132,2714 REED RD,,3459588.4124108,,HOUSTON,Family Dollar 8856,29.657408,-10618113.0039984,96850,,HARRIS
Convenience Store,3740,77015,1058111.0,TX,-95.186539,1035 UVALDE RD,,3474785.25807922,,HOUSTON,Stop N Joy,29.77597,-10596117.0518541,96882,,HARRIS
Convenience Store,6322,77087,1135051.0,TX,-95.314026,6524 BELLFORT ST,,3460790.56582779,,HOUSTON,American A M Market,29.666792,-10610308.8397768,96983,,HARRIS
Convenience Store,    ,77433,1136169.0,TX,-95.718391,8040 FRY ROAD,,3490184.23994202,,CYPRESS,STRIPES 40967H,29.895966,-10655322.5456715,96994,,HARRIS
Specialty Store,3458,77379,1444302.0,TX,-95.490051,18908 KUYKENDAHL RD,,3509198.9149291,,SPRING,La Boucherie,30.043938,-10629903.8531437,97165,,HARRIS
Convenience Store,2508,77044,1444557.0,TX,-95.227631,11730 GREEN RIVER DR,,3482800.82531519,,HOUSTON,Speedy Trac,29.838449,-10600691.3923698,97273,,HARRIS
Convenience Store,1835,77048,1110498.0,TX,-95.339188,11403 MARTIN LUTHER KING JR BLVD,,3456916.89205499,,HOUSTON,Daily Stop 1,29.636551,-10613109.8608042,97446,,HARRIS
Convenience Store,2425,77536,1110630.0,TX,-95.09494,7005 HIGHWAY 225,,3465772.42237474,,DEER PARK,Love's Travel Shop 481,29.705671,-10585920.2978169,97463,,HARRIS
Other,5308,77039,1136258.0,TX,-95.354973,12900 ALDINE WESTFIELD RD,,3490843.49475258,,HOUSTON,Tierra Caliente Bakery 5,29.9011,-10614867.0389664,97567,,HARRIS
Other,1247,77082,1108049.0,TX,-95.670708,16203 WESTHEIMER RD,,3467572.71536955,Ste 106,HOUSTON,Wazobia Market,29.719717,-10650014.498392,97601,,HARRIS
Convenience Store,2139,77377,1443563.0,TX,-95.614204,12131 NORTHPOINTE BLVD,,3507722.31368108,,TOMBALL,Northpointe Business Llc ,30.032455,-10643724.5018842,97716,,HARRIS
Convenience Store,4006,77065,1107289.0,TX,-95.614632,13155 FM 1960 RD W,,3492919.71447574,,HOUSTON,Speedy Stop 303,29.917267,-10643772.1466262,97761,,HARRIS
Discount Retail,7215,77017,1110063.0,TX,-95.230682,2885 S RICHEY ST,,3462015.38136063,,HOUSTON,Dollar Tree 5324,29.676352,-10601031.0281362,97777,,HARRIS
Grocery Store,3603,77063,1443634.0,TX,-95.523163,9003 WESTHEIMER RD,,3469782.98808192,,HOUSTON,Dijlah Grocery & Bakery,29.736959,-10633589.8641229,97778,,HARRIS
Convenience Store,2269,77015,1444004.0,TX,-95.182808,221 UVALDE RD,,3477590.95170007,,HOUSTON,Pick N Pay,29.797844,-10595701.7188339,97814,,HARRIS
Convenience Store,2718,77084,1107430.0,TX,-95.646622,4981 HIGHWAY 6 N,,3484089.98784453,,HOUSTON,Speedy Stop 301,29.848494,-10647333.2571367,97933,,HARRIS
Farmers and Markets,7099,77088,1443754.0,TX,-95.447945,2500 S VICTORY DR,,3486999.26171256,,HOUSTON,Acres Homes Farmers Market NAFMNP,29.871159,-10625216.6346644,97956,,HARRIS
Convenience Store,1256,77433,1523962.0,TX,-95.679932,11323 BARKER CYPRESS RD,,3495893.94360317,,CYPRESS,Samratt Investors LLC,29.940422,-10651041.309375,98043,,HARRIS
Convenience Store,8586,77433,1641903.0,TX,-95.685493,8620 BARKER CYPRESS RD,,3491416.2290762,Unit A,CYPRESS,Panthers 1 00008,29.90556,-10651660.3570633,98044,,HARRIS
Convenience Store,    ,77034,1578457.0,TX,-95.173439,12210 HWY 3,,3451827.07454272,,HOUSTON,Motu's Truck Stop,29.596802,-10594658.7665247,98076,,HARRIS
Super Store,1611,77096,898238.0,TX,-95.462097,300 MEYERLAND PLAZA MALL,,3463355.76535868,,HOUSTON,Target Store 1975,29.686813,-10626792.0280981,98122,,HARRIS
Pharmacy,1759,77077,898241.0,TX,-95.62542,1506 ELDRIDGE PKWY,,3472299.97220695,,HOUSTON,WALGREENS 05313,29.75659,-10644973.0612929,98164,,HARRIS
Supermarket,4405,77065,1137083.0,TX,-95.584702,9251 JONES RD,,3491695.41425064,,HOUSTON,ALDI 78013,29.907734,-10640440.3542668,98180,,HARRIS
Pharmacy,6239,77449,898246.0,TX,-95.720413,3120 N FRY RD,,3479858.50387401,,KATY,WALGREENS 07019,29.815519,-10655547.6336818,98241,,HARRIS
Discount Retail,6105,77045,1137614.0,TX,-95.449677,4750 W FUQUA ST,,3453951.67467403,,HOUSTON,DOLLAR GENERAL 14858,29.613396,-10625409.4400224,98252,,HARRIS
Super Store,1019,77094,898206.0,TX,-95.716888,19955 KATY FWY,,3475806.18562232,,HOUSTON,Target Store 907,29.78393,-10655155.2324768,98487,,HARRIS
Super Store,3406,77027,898216.0,TX,-95.453133,4323 SAN FELIPE ST,,3471019.42972706,,HOUSTON,Target Store 955,29.746603,-10625794.1601826,98491,,HARRIS
Super Store,    ,77375,1138122.0,TX,-95.554527,24350 KUYKENDAHL RD,,3518431.32953313,,TOMBALL,Kroger 117,30.115705,-10637081.2886321,98660,,HARRIS
Convenience Store,3114,77058,1444865.0,TX,-95.099251,1419 NASA PKWY,,3445700.41672974,,HOUSTON,Orbits,29.548935,-10586400.1961417,98722,,HARRIS
Convenience Store,4210,77022,1111193.0,TX,-95.376221,7206 FULTON ST,,3481326.24394953,Ste A,HOUSTON,Fulton Food & Gas,29.826958,-10617232.3555067,99090,,HARRIS
Supermarket,7209,77057,1063745.0,TX,-95.497238,6371 WINDSWEPT LN,,3468347.71613918,,HOUSTON,Pop Super Market 01,29.725763,-10630703.9063241,99145,,HARRIS
Pharmacy,6000,77024,1063875.0,TX,-95.550766,12502 MEMORIAL DR,,3473547.55639587,,HOUSTON,CVS/ PHARMACY INC 6752,29.766319,-10636662.6160272,99163,,HARRIS
Convenience Store,1900,77031,1064475.0,TX,-95.561966,10470 W BELLFORT ST,,3459017.09576573,,HOUSTON,Mi Gente,29.652948,-10637909.3943241,99213,,HARRIS
Convenience Store,1627,77084,1066826.0,TX,-95.683395,6285 BARKER CYPRESS RD,,3486185.5226625,,HOUSTON,Circle A Food Store 3,29.86482,-10651426.8087717,99224,,HARRIS
Supermarket,    ,77373,1066872.0,TX,-95.387482,23221 ALDINE WESTFIELD,,3509895.03302916,Suite 850,SPRING,Lewis Food Town 215,30.049351,-10618485.9242925,99261,,HARRIS
Convenience Store,5230,77093,1140382.0,TX,-95.351089,2222 PARKER RD,,3485489.54015515,,HOUSTON,Super K Food Store,29.859398,-10614434.6740641,99298,,HARRIS
Supermarket,5739,77083,1141009.0,TX,-95.643723,8145 HIGHWAY 6 S,,3463883.70557859,Ste 100,HOUSTON,La Michoacana Meat Market 63,29.690933,-10647010.5419329,99397,,HARRIS
Convenience Store,7001,77080,1065001.0,TX,-95.512108,1603 GESSNER DR,,3502968.33874015,,HOUSTON,Sunny Food Store,29.995476,-10632359.2271522,99599,,HARRIS
Discount Retail,4143,77449,1067167.0,TX,-95.751556,2714 N MASON RD,,3479835.79429276,,KATY,Family Dollar 9027,29.815342,-10659014.4565836,99744,,HARRIS
Convenience Store,2325,77037,900651.0,TX,-95.402077,360 W GULF BANK RD,,3489293.51659437,,HOUSTON,Circle K 274310,29.889029,-10620110.6322607,100165,,HARRIS
Convenience Store,4212,77065,1015954.0,TX,-95.584282,10502 JONES RD,,3493902.27032106,,HOUSTON,Handi Stop 67,29.924917,-10640393.6000807,100300,,HARRIS
Convenience Store,3461,77338,1016256.0,TX,-95.317642,7017 FM 1960 RD W,,3504493.10986127,,HUMBLE,H S Chevron,30.007338,-10610711.3710555,100398,,HARRIS
Convenience Store,7378,77379,1016492.0,TX,-95.518349,16350 STUEBNER AIRLINE RD,,3505567.96323234,,SPRING,Speedo Gas Food Store,30.015699,-10633053.9720942,100427,,HARRIS
Grocery Store,3655,77502,1016747.0,TX,-95.20845,2223 SHAVER ST,,3462311.48133739,,PASADENA,Teloloapan Meat Market 6,29.678663,-10598556.1732168,100466,,HARRIS
Convenience Store,3611,77024,1233207.0,TX,-95.475586,819 ANTOINE DR,,3475577.8807088,,HOUSTON,Richard's Grocery Store,29.78215,-10628293.6167094,100588,,HARRIS
Discount Retail,    ,77041,1017454.0,TX,-95.612938,8784 13225 FM 529,,3488065.58332659,Ste 100,HOUSTON,Family Dollar Store 8784,29.879465,-10643583.5714088,100613,,HARRIS
Convenience Store,    ,77521,1017115.0,TX,-95.036743,I-10 & THOMPSON ROAD  EXIT 789,,3477309.5081129,,BAYTOWN,TA Baytown 017,29.79565,-10579441.8374112,100738,,HARRIS
Discount Retail,1152,77047,1233366.0,TX,-95.356064,10818 CULLEN BLVD,,3457580.07732754,,HOUSTON,Family Dollar Store 11342,29.641729,-10614988.4885308,100808,,HARRIS
Convenience Store,5410,77080,1446230.0,TX,-95.52433,2340 BLALOCK RD,,3479801.28093835,,HOUSTON,Polar Express #3,29.815073,-10633719.7739686,100978,,HARRIS
Super Store,3496,77036,1145869.0,TX,-95.554993,9896 BELLAIRE BLVD,,3465654.89812063,Ste M,HOUSTON,H Mart Houston II LLC,29.704754,-10637133.1635148,101047,,HARRIS
Convenience Store,3125,77009,1647999.0,TX,-95.375496,218 W CAVALCADE ST,,3478410.81639495,,HOUSTON,Snap Grocery,29.804235,-10617151.6488759,101130,,HARRIS
Convenience Store,4918,77084,1446589.0,TX,-95.688026,1520 BARKER CYPRESS RD,,3476494.33145057,,HOUSTON,Race One,29.789295,-10651942.3293335,101578,,HARRIS
Convenience Store,1958,77061,1446624.0,TX,-95.270508,7975 BELLFORT ST,,3461780.2743701,Ste C,HOUSTON,A&m Food Mart,29.674517,-10605464.4381765,101621,,HARRIS
Convenience Store,5804,77015,1446726.0,TX,-95.192314,13205 EAST FWY,,3474235.7094542,,HOUSTON,Handi Plus 6 Food Mart,29.771685,-10596759.9219134,101792,,HARRIS
Discount Retail,2600,77073,1142386.0,TX,-95.381218,3040 FM 1960 RD,,3506178.12842546,Ste 140,HOUSTON,Dollar Tree 5557,30.020445,-10617788.6190022,101917,,HARRIS
Convenience Store,5765,77449,1446811.0,TX,-95.705482,19225 W LITTLE YORK RD,,3486181.67167775,,KATY,Katy Food & Fuel,29.86479,-10653885.5223648,101938,,HARRIS
Grocery Store,2791,77433,1447446.0,TX,-95.676964,11700 BARKER CYPRESS RD,,3496552.85051091,Ste E,CYPRESS,Cypress Grocery And Halal Meat No,29.945551,-10650710.9131264,101990,,HARRIS
Convenience Store,2501,77379,1082144.0,TX,-95.526711,22017 KUYKENDAHL RD,,3514637.1846706,,SPRING,STRIPES 40950,30.086218,-10633984.8256762,102090,,HARRIS
Convenience Store,4202,77047,1152211.0,TX,-95.407684,900 ALMEDA GENOA RD,,3453987.01507986,,HOUSTON,Almeda Genoa Valero,29.613672,-10620734.8006456,102110,,HARRIS
Discount Retail,7163,77373,1067817.0,TX,-95.347153,5622 TREASCHWIG RD,,3509235.69391014,,SPRING,Family Dollar 9080,30.044224,-10613996.5205483,102189,,HARRIS
Convenience Store,3205,77091,1082472.0,TX,-95.409698,602 W PARKER RD,,3485460.91608476,,HOUSTON,Sunrise Mini Mart,29.859175,-10620958.9981,102281,,HARRIS
Convenience Store,4482,77396,1405168.0,TX,-95.243881,9723 N SAM HOUSTON PKWY E,,3495217.21515673,,HUMBLE,Breeze Market #51,29.935154,-10602500.3340951,102315,,HARRIS
Convenience Store,1500,77054,1149312.0,TX,-95.422066,2901 WESTRIDGE ST,,3462767.49630176,,HOUSTON,Speedy Mart  50,29.682222,-10622335.7975621,102327,,HARRIS
Discount Retail,2402,77530,1079449.0,TX,-95.141083,1220 DELL DALE ST,,3477360.43432109,,CHANNELVIEW,Family Dollar 9218,29.796047,-10591056.9130806,102493,,HARRIS
Pharmacy,6928,77090,1080254.0,TX,-95.422356,107 W RANKIN RD,,3499120.07245342,,HOUSTON,Walgreens 15155,29.965532,-10622368.0802145,102607,,HARRIS
Discount Retail,1330,77060,1601070.0,TX,-95.415634,141 GREENS RD,,3497152.94912693,,HOUSTON,DOLLARTREE 9371,29.950222,-10621619.7905974,102612,,HARRIS
Convenience Store,4611,77017,1079459.0,TX,-95.267174,7925 HOWARD DR,,3462007.95012034,,HOUSTON,STRIPES 40995,29.676294,-10605093.2989942,102632,,HARRIS
Discount Retail,3969,77082,1081253.0,TX,-95.660049,15645 WESTPARK DR,,3467114.09482547,,HOUSTON,Family Dollar 10150,29.716139,-10648827.9439396,102705,,HARRIS
Convenience Store,5715,77021,1605378.0,TX,-95.364731,7140 SCOTT ST,,3463356.2779115,,HOUSTON,Texaco Food Mart,29.686817,-10615953.2945575,102793,,HARRIS
Convenience Store,1501,77038,1080074.0,TX,-95.453346,10475 VETERANS MEMORIAL DR,,3494416.82576781,,HOUSTON,Exclusive Food Mart 1,29.928923,-10625817.8712342,102922,,HARRIS
Convenience Store,2204,77598,1635361.0,TX,-95.148979,245 EL DORADO BLVD,,3446741.69379247,,WEBSTER,El Dorado Food Mart,29.557072,-10591935.8917799,102970,,HARRIS
Discount Retail,4553,77025,1237287.0,TX,-95.424873,9499 MAIN ST,,3462593.75000589,,HOUSTON,Dollar Tree 6355,29.680866,-10622648.2713728,103055,,HARRIS
Discount Retail,2411,77520,1237289.0,TX,-94.978241,1713 1/2 GARTH RD,,3470717.23158858,,BAYTOWN,Dollar Tree 6360,29.744246,-10572929.4245608,103057,,HARRIS
Convenience Store,    ,77028,1237352.0,TX,-95.301842,6566 HOMESTEAD ROAD,,3480033.25352217,,HOUSTON,Homestead Food Mart,29.816881,-10608952.523101,103063,,HARRIS
Convenience Store,7802,77449,1665174.0,TX,-95.77742,23169 MORTON RANCH RD,,3480033.25352217,,KATY,QuikTrip 4622,29.816881,-10661893.6238935,103357,,HARRIS
Convenience Store,2234,77093,1071353.0,TX,-95.318085,4714 HOPPER RD,,3488094.72676042,,HOUSTON,Hopper Food,29.879692,-10610760.68559,103390,,HARRIS
Grocery Store,6515,77036,1235639.0,TX,-95.555801,9979 BEECHNUT ST,,3463647.41121218,,HOUSTON,Supermercado Teloloapan 12,29.689089,-10637223.1096634,103401,,HARRIS
Convenience Store,    ,77075,1069212.0,TX,-95.266464,11191 MONROE ROAD,,3452503.44148332,,HOUSTON,STRIPES 40997,29.602085,-10605014.2621557,103489,,HARRIS
Convenience Store,3533,77039,1235896.0,TX,-95.33152,13143 JOHN F KENNEDY BLVD,,3491998.10717738,,HOUSTON,24 Seven 9,29.910091,-10612256.2629488,103778,,HARRIS
Super Store,    ,77338,1238264.0,TX,-95.268181,21802 TOWNSEN W,,3506208.72744893,,HUMBLE,Costco 1228,30.020683,-10605205.3977214,103850,,HARRIS
Convenience Store,1411,77088,1019197.0,TX,-95.495537,11402 N HOUSTON ROSSLYN RD,,3490236.37299684,,HOUSTON,Inwood Food Mart,29.896372,-10630514.5518702,104020,,HARRIS
Convenience Store,    ,77035,1664855.0,TX,-95.507874,14711 S MAIN ST,,3456072.91066917,Ste A,HOUSTON,Big Mart #16,29.629961,-10631887.9004281,104029,,HARRIS
Convenience Store,6533,77546,1019345.0,TX,-95.159546,205 W EL DORADO BLVD,,3445692.86691341,,FRIENDSWOOD,Sammy's,29.548876,-10593112.2048391,104040,,HARRIS
Convenience Store,1926,77034,1018681.0,TX,-95.236389,930 EDGEBROOK DR,,3457927.94944171,,HOUSTON,Sunny Food Mart 21,29.644445,-10601666.3284701,104171,,HARRIS
Grocery Store,1436,77015,1238875.0,TX,-95.182472,6 UVALDE RD,,3478541.2863165,Ste A,HOUSTON,Tienda Rio Lempa Pupuseria 3,29.805252,-10595664.315485,104349,,HARRIS
Pharmacy,1760,77429,871040.0,TX,-95.700745,26265 NORTHWEST FWY,,3500085.11440404,,CYPRESS,CVS/ PHARMACY INC 1339,29.973042,-10653358.2019369,104369,,HARRIS
Pharmacy,1754,77493,872014.0,TX,-95.808487,5161 FRANZ RD,,3478014.02664362,,KATY,WALGREENS 04078,29.801142,-10665351.986514,104740,,HARRIS
Discount Retail,5207,77070,1020241.0,TX,-95.584183,12022 JONES RD,,3496935.82605664,,HOUSTON,Family Dollar Store 8577,29.948532,-10640382.5794511,104858,,HARRIS
Other,4559,77450,1566474.0,TX,-95.751129,1525 S MASON RD,,3472794.68274193,,KATY,Sun Wing Katy Supermarket,29.760448,-10658966.9231611,104959,,HARRIS
Convenience Store,6525,77074,1571804.0,TX,-95.499985,6611 BISSONNET ST,,3463832.19201198,Ste 103a,HOUSTON,Tienda La Favorita,29.690531,-10631009.7009653,104971,,HARRIS
Convenience Store,4734,77049,1116283.0,TX,-95.142242,16222 WALLISVILLE RD,,3479868.63980179,,HOUSTON,Circle K 2741477,29.815598,-10591185.9323704,105091,,HARRIS
Convenience Store,1472,77489,1117781.0,TX,-95.5364,13110 S GESSNER RD,,3456308.16973228,,MISSOURI CITY,Singh Mart 1,29.631798,-10635063.4002225,105206,,HARRIS
Convenience Store,    ,77082,1083986.0,TX,-95.614235,13155 ALIEF CLODINE,,3466714.32127524,,HOUSTON,All Season Express Mart,29.71302,-10643727.9527884,105489,,HARRIS
Supermarket,2104,77071,1084201.0,TX,-95.513107,7755 W BELLFORT ST,,3459305.18478359,,HOUSTON,Joe v's Smart Shop 667,29.655197,-10632470.4353235,105500,,HARRIS
Discount Retail,1318,77067,1114592.0,TX,-95.452011,2128 SPEARS RD,,3499063.79129894,Ste 700,HOUSTON,Family Dollar 9192,29.965094,-10625669.2597139,105551,,HARRIS
Pharmacy,5326,77375,1116690.0,TX,-95.552559,24048 KUYKENDAHL RD,,3517874.23848021,,TOMBALL,CVS 285,30.111376,-10636862.2118742,105717,,HARRIS
Supermarket,1025,77057,1082797.0,TX,-95.500984,1409 S VOSS RD,,3471673.34055619,,HOUSTON,Trader Joe's 427,29.751703,-10631120.9091366,105747,,HARRIS
Convenience Store,5603,77039,1447807.0,TX,-95.345329,2625 ALDINE MAIL ROUTE RD,,3491016.46808916,,HOUSTON,Road Stop 2,29.902447,-10613793.4737971,106019,,HARRIS
Convenience Store,5125,77057,1241814.0,TX,-95.497704,6425 WESTHEIMER RD,,3469868.11463679,Apt 1005,HOUSTON,4 T's Mini Mart,29.737623,-10630755.7812068,106083,,HARRIS
Convenience Store,2098,77429,1086698.0,TX,-95.634499,13821 SPRING CYPRESS RD,,3504198.34769945,,CYPRESS,Circle K 2741469,30.005045,-10645983.7309498,106287,,HARRIS
Grocery Store,5135,77072,1603611.0,TX,-95.612846,12989 BELLAIRE BLVD,,3465428.05499403,Ste 15a,HOUSTON,Maki Mart,29.702984,-10643573.3300157,106474,,HARRIS
Pharmacy,4705,77433,1240175.0,TX,-95.723053,10515 FRY RD,,3495741.07280661,,CYPRESS,CVS/PHARMACY 10602,29.939232,-10655841.5171375,106503,,HARRIS
Convenience Store,4000,77084,1239099.0,TX,-95.653519,16630 CLAY RD,,3482418.01585497,,HOUSTON,Power Mart 15,29.835466,-10648101.0276647,106668,,HARRIS
Convenience Store,1402,77034,1447694.0,TX,-95.217522,114 E EDGEBROOK DR,,3458535.33923134,,HOUSTON,7 To 11 Food Store,29.649187,-10599566.0636373,106703,,HARRIS
Convenience Store,6902,77036,1239587.0,TX,-95.542809,9010 BEECHNUT ST,,3463852.43861308,,HOUSTON,Super K Food Stores,29.690689,-10635776.846839,106794,,HARRIS
Convenience Store,1302,77081,1448003.0,TX,-95.490562,5600 RAMPART ST,,3467755.88616438,,HOUSTON,Jk Store,29.721146,-10629960.7374035,106795,,HARRIS
Convenience Store,4059,77035,1448067.0,TX,-95.508705,12260 FONDREN RD,,3457944.34423534,,HOUSTON,Fuel Point # 2,29.644573,-10631980.406925,106887,,HARRIS
Convenience Store,    ,77076,1447794.0,TX,-95.367203,12095 W HARDY RD,,3487537.41822807,,HOUSTON,V Stop 6,29.875351,-10616228.4763388,106978,,HARRIS
Convenience Store,1729,77091,1154468.0,TX,-95.443321,2121 W LITTLE YORK RD,,3486011.20257939,,HOUSTON,K Food Mart,29.863462,-10624701.893339,107081,,HARRIS
Convenience Store,1703,77006,1448399.0,TX,-95.401878,2101 DUNLAVY ST,,3471052.25269335,,HOUSTON,Time Food Mart,29.746859,-10620088.479682,107134,,HARRIS
Grocery Store,2350,77044,1448722.0,TX,-95.21328,8514 C E KING PKWY,,3483871.03283195,Ste S,HOUSTON,Guerrero Meat Market No. 4 Inc.,29.846788,-10599093.8463574,107165,,HARRIS
Convenience Store,2104,77037,964739.0,TX,-95.409004,606 W GULF BANK RD,,3489332.42104774,,HOUSTON,Andy's Food Mart,29.889332,-10620881.7423734,107270,,HARRIS
Convenience Store,2313,77017,1448567.0,TX,-95.278107,3034 BROADWAY ST,,3464527.51440086,,HOUSTON,Checkpoint # 3,29.695957,-10606310.354987,107782,,HARRIS
Discount Retail,2052,77099,965815.0,TX,-95.577164,11302 BISSONNET ST,,3461807.56449821,,HOUSTON,Family Dollar 8271,29.67473,-10639601.2279452,107811,,HARRIS
Convenience Store,4901,77090,1647738.0,TX,-95.429878,17503 NORTH FWY,,3506338.96697124,,HOUSTON,Grab N Go #12,30.021696,-10623205.4254242,107831,,HARRIS
Convenience Store,3440,77029,1448919.0,TX,-95.267776,8772 MARKET ST,,3473976.39735771,,HOUSTON,Texas Truck Stop,29.769663,-10605160.3133276,107885,,HARRIS
Other,1711,77099,1448998.0,TX,-95.573448,11030 BISSONNET ST,,3461823.70798149,Ste C,HOUSTON,JML Worldwide Mini Market 001,29.674856,-10639187.5647174,107975,,HARRIS
Convenience Store,1126,77073,1244955.0,TX,-95.421127,22944 IMPERIAL VALLEY DR,,3507352.00074697,,HOUSTON,Best Market,30.029575,-10622231.2685603,108091,,HARRIS
Super Store,1214,77433,1156940.0,TX,-95.686333,9703 BARKER CYPRESS RD,,3493064.97385864,,CYPRESS,Kroger 115,29.918398,-10651753.8654356,108128,,HARRIS
Convenience Store,2844,77029,1245129.0,TX,-95.233826,1318 HOLLAND ST,,3473580.89878038,,HOUSTON,J.c. Market & Deli,29.766579,-10601381.0166152,108236,,HARRIS
Pharmacy,4609,77069,1242747.0,TX,-95.498962,14021 STUEBNER AIRLINE RD,,3502082.37900813,,HOUSTON,Walgreens 16061,29.988583,-10630895.8211262,108423,,HARRIS
Convenience Store,6103,77045,1155472.0,TX,-95.447762,4616 W FUQUA ST,,3453954.36361455,,HOUSTON,Champion Food Mart,29.613417,-10625196.2631976,108424,,HARRIS
Convenience Store,5410,77009,1243353.0,TX,-95.372147,2211 NORTH FWY,,3476694.94605047,,HOUSTON,Star Stop 59,29.790859,-10616778.8399012,108498,,HARRIS
Super Store,2117,77070,1155060.0,TX,-95.561241,10133 LOUETTA RD,,3503596.63239623,,HOUSTON,Whole Foods Market 10497,30.000364,-10637828.6876933,108594,,HARRIS
Convenience Store,4418,77022,1243453.0,TX,-95.371719,252 E CROSSTIMBERS ST,,3481464.05770232,,HOUSTON,Quick Mart 1,29.828032,-10616731.1951592,108639,,HARRIS
Convenience Store,8713,77093,1587773.0,TX,-95.34227,7626 JENSEN DR,,3481515.12872428,,HOUSTON,Jensen Gas And Food,29.82843,-10613452.9474748,108864,,HARRIS
Discount Retail,5010,77080,1022258.0,TX,-95.543762,10138 HAMMERLY BLVD,,3479583.29725036,,HOUSTON,Dollar Tree 4743,29.813374,-10635882.9343137,109186,,HARRIS
Discount Retail,1890,77075,1022380.0,TX,-95.245956,9010 CLEARWOOD DR,,3457292.79531818,,HOUSTON,Dollar General 13098,29.639486,-10602731.3220385,109203,,HARRIS
Convenience Store,2529,77082,1025518.0,TX,-95.580437,11414 RICHMOND AVE,,3468650.88412364,Ste A,HOUSTON,Richmond Conoco Gas Station,29.728128,-10639965.5766386,109322,,HARRIS
Grocery Store,    ,77450,1022673.0,TX,-95.748245,5205 S MASON RD,,3467497.60199774,Suite # 2020,KATY,Vishala Grocery,29.719131,-10658645.8777496,109400,,HARRIS
Pharmacy,4021,77338,1120006.0,TX,-95.291885,8789 FM 1960 BYPASS RD W,,3504282.16075665,,HUMBLE,CVS Pharmacy 10267,30.005697,-10607844.1149312,109486,,HARRIS
Discount Retail,2936,77396,1024726.0,TX,-95.248589,9535 N SAM HOUSTON PKWY E,,3495401.16664748,,HUMBLE,Dollar Tree 4698,29.936586,-10603024.4262578,109590,,HARRIS
Convenience Store,3213,77009,1599147.0,TX,-95.368637,226 CAVALCADE ST,,3478233.26653823,,HOUSTON,Metro Food,29.802851,-10616388.1084886,109592,,HARRIS
Discount Retail,4641,77063,1024739.0,TX,-95.502655,7560 WESTHEIMER RD,,3469866.19159093,Ste B,HOUSTON,Dollar Tree 4757,29.737608,-10631306.9240057,109613,,HARRIS
Convenience Store,4006,77084,1118863.0,TX,-95.651543,16500 CLAY RD,,3482523.5022689,,HOUSTON,Save A Step 3,29.836288,-10647881.0603509,109705,,HARRIS
Discount Retail,4459,77072,1024561.0,TX,-95.569283,10828 BEECHNUT ST,,3463598.07698108,Ste A,HOUSTON,Dollar General 13187,29.688704,-10638723.9190383,109886,,HARRIS
Grocery Store,1429,77066,1023548.0,TX,-95.52179,16711 HOLLISTER ST,,3500021.37569528,Ste A,HOUSTON,Rani's World Foods,29.972546,-10633437.022462,109917,,HARRIS
Convenience Store,3869,77095,1521262.0,TX,-95.648422,16050 WEST RD,,3491762.5788426,,HOUSTON,Exclusive Food Mart,29.908257,-10647533.6322201,110063,,HARRIS
Convenience Store,2605,77503,1072590.0,TX,-95.17189,2817 RED BLUFF RD,,3464283.90381338,,PASADENA,STRIPES 40987,29.694056,-10594486.3326334,110232,,HARRIS
Convenience Store,9078,77520,1072599.0,TX,-94.919205,4627 N HIGHWAY 146,,3473731.32530637,,BAYTOWN,Jr's Corner Store 01,29.767752,-10566357.5671023,110233,,HARRIS
Convenience Store,1701,77061,1026357.0,TX,-95.286453,7555 BELLFORT ST,,3461556.83061286,,HOUSTON,Bellfort Food Mart,29.672773,-10607239.4274572,110328,,HARRIS
Grocery Store,2800,77449,1520961.0,TX,-95.752686,1945 N MASON RD,,3477953.9896897,Ste 105a,KATY,Triumphant Food Store,29.800674,-10659140.2476082,110410,,HARRIS
Convenience Store,4017,77015,1449228.0,TX,-95.172157,14145 CORPUS CHRISTI ST,,3475709.34793012,,HOUSTON,J's Mini Mart,29.783175,-10594516.0549375,110487,,HARRIS
Supermarket,1538,77098,1071692.0,TX,-95.41114,2922 S SHEPHERD DR,,3470071.83092441,,HOUSTON,Trader Joe's 426,29.739212,-10621119.5208057,110584,,HARRIS
Discount Retail,1147,77073,1073832.0,TX,-95.419579,22428 IMPERIAL VALLEY DR,,3506373.29488527,,HOUSTON,DOLLAR GENERAL 13621,30.021963,-10622058.9459885,110763,,HARRIS
Convenience Store,8602,77375,1073965.0,TX,-95.585434,10770 SPRING CYPRESS RD,,3505416.26213321,,TOMBALL,Corner Store 2741443,30.014519,-10640521.8401341,110912,,HARRIS
Convenience Store,1221,77433,1073971.0,TX,-95.684448,8191 BARKER CYPRESS RD,,3490147.00217575,,CYPRESS,Corner Store 2741442,29.895676,-10651544.0281955,110931,,HARRIS
Convenience Store,7054,77026,1521527.0,TX,-95.337082,3205 NOBLE ST,,3475430.89553601,,HOUSTON,Noble Corner Food Mart,29.781004,-10612875.4219566,111187,,HARRIS
Super Store,5094,77493,1521573.0,TX,-95.763992,22165 FM 529 RD,,3487512.8977233,,KATY,Target Store T2882,29.87516,-10660398.8257711,111202,,HARRIS
Other,2210,77074,1089919.0,TX,-95.500061,6606 SOUTHWEST FWY,,3467219.96832366,,HOUSTON,Subhlaxmi Grocers,29.716965,-10631018.1612466,111304,,HARRIS
Convenience Store,4738,77388,1089966.0,TX,-95.440094,1626 LOUETTA RD,,3511906.82629428,,SPRING,Murphy Express 8619,30.064993,-10624342.6653422,111309,,HARRIS
Convenience Store,3628,77031,1088272.0,TX,-95.565086,11503 SOUTHWEST FWY,,3459046.17337804,,HOUSTON,West Bellfort Shell,29.653175,-10638256.7111354,111475,,HARRIS
Convenience Store,2505,77041,1088933.0,TX,-95.62104,14004 FM 529 RD,,3488064.55624643,,HOUSTON,Corner Store 274937,29.879457,-10644485.4819232,111521,,HARRIS
Convenience Store,1900,77031,968997.0,TX,-95.562691,10490 W BELLFORT ST,,3459041.30575555,,HOUSTON,Handy Stop 24,29.653137,-10637990.1009549,111620,,HARRIS
Discount Retail,2705,77016,1090661.0,TX,-95.300613,10747 HOMESTEAD RD,,3486980.13395109,,HOUSTON,Family Dollar 10130,29.87101,-10608815.7114468,111756,,HARRIS
Discount Retail,2363,77037,967206.0,TX,-95.395004,9000 AIRLINE DR,,3489374.02198019,,HOUSTON,Family Dollar 8071,29.889656,-10619323.2695023,111932,,HARRIS
Super Store,3910,77023,1125296.0,TX,-95.31501,2391 S WAYSIDE DR,,3467078.0775265,,HOUSTON,Walmart Supercenter 5612,29.715858,-10610418.3781558,112017,,HARRIS
Super Store,    ,77007,1074675.0,TX,-95.389633,1440 STUDEMONT ST,,3474515.5466794,,HOUSTON,Kroger 17,29.773867,-10618725.3725172,112052,,HARRIS
Convenience Store,3898,77377,1075094.0,TX,-95.649506,14814 BROWN RD,,3516660.27891488,,TOMBALL,Park Food Store,30.101942,-10647654.3025482,112101,,HARRIS
Grocery Store,2605,77036,1122928.0,TX,-95.538864,5885 S GESSNER RD,,3467070.13066272,,HOUSTON,Supermercado Teloloapan 13,29.715796,-10635337.6914478,112107,,HARRIS
Convenience Store,4605,77063,1122967.0,TX,-95.505859,7802 WESTHEIMER RD,,3469863.4993272,,HOUSTON,Circle K 2742334,29.737587,-10631663.5916542,112121,,HARRIS
Convenience Store,1408,77079,1122969.0,TX,-95.617165,13155 KATY FWY,,3475852.61666887,,HOUSTON,Circle K 2741416,29.784292,-10644054.1188964,112127,,HARRIS
Grocery Store,6614,77083,1076049.0,TX,-95.681725,17130 BEECHNUT ST,,3463475.57513624,Suite A,HOUSTON,God's Glory Enterprise,29.687748,-10651240.905222,112134,,HARRIS
Discount Retail,5511,77082,970256.0,TX,-95.605042,3508 S DAIRY ASHFORD ST,,3468025.71213471,,HOUSTON,Family Dollar 8289,29.723251,-10642704.5927095,112294,,HARRIS
Supermarket,4508,77598,1120983.0,TX,-95.160347,3100 FM 528 RD,,3442317.51667586,Ste B,WEBSTER,ALDI 78015,29.522495,-10593201.3717512,112375,,HARRIS
Convenience Store,3620,77039,1121280.0,TX,-95.32338,4702 LAUDER RD,,3492029.05751541,,HOUSTON,Convenience Plus 3,29.910332,-10611350.1222937,112414,,HARRIS
Convenience Store,3803,77038,1075757.0,TX,-95.425224,1303 W MOUNT HOUSTON RD,,3490446.06302018,,HOUSTON,Circle K 2740196,29.898005,-10622687.3445141,112814,,HARRIS
Pharmacy,    ,77520,1122735.0,TX,-94.954117,1515 N ALEXANDER DR,,3470117.0874038,,BAYTOWN,WALGREENS 15338,29.739565,-10570243.9531649,112815,,HARRIS
Super Store,    ,77007,1075812.0,TX,-95.401352,111 YALE ST,,3474378.70525807,,HOUSTON,Walmart 5959,29.7728,-10620029.9256299,112864,,HARRIS
Discount Retail,4147,77338,1075940.0,TX,-95.30735,7815 FM 1960 RD W,,3503920.3031119,,HUMBLE,Family Dollar 9093,30.002882,-10609565.6708563,112902,,HARRIS
Grocery Store,6503,77036,1623954.0,TX,-95.553154,9789 BEECHNUT ST,,3463657.6625047,,HOUSTON,Healthy Babies 0001,29.689169,-10636928.4469713,112972,,HARRIS
Supermarket,6152,77532,1188281.0,TX,-95.063309,14130 FM 2100 RD,,3489705.67869449,,CROSBY,Aldi 52,29.892239,-10582399.1510036,113011,,HARRIS
Convenience Store,4217,77070,1093136.0,TX,-95.556824,18555 STATE HIGHWAY 249,,3499270.41373991,,HOUSTON,7-Eleven 36579H,29.966702,-10637336.9895025,113198,,HARRIS
Convenience Store,1452,77086,1209464.0,TX,-95.498543,4919 N SAM HOUSTON PKWY W,,3495437.90587972,Ste B,HOUSTON,Bammel Express,29.936872,-10630849.1782595,113359,,HARRIS
Discount Retail,3604,77503,1093166.0,TX,-95.152733,3924 RED BLUFF RD,,3462743.53557444,,PASADENA,Family Dollar 9417,29.682035,-10592353.7851483,113369,,HARRIS
Discount Retail,3223,77093,1208920.0,TX,-95.362602,1515 LITTLE YORK RD,,3486965.88442925,,HOUSTON,Dollar Tree 6109,29.870899,-10615716.2953616,113434,,HARRIS
Pharmacy,5227,77027,1188721.0,TX,-95.441345,3745 WESTHEIMER RD,,3470391.19379087,,HOUSTON,Walgreens 16293,29.741703,-10624481.9260251,113619,,HARRIS
Convenience Store,2303,77095,1091979.0,TX,-95.62896,9030 HIGHWAY 6 N,,3491925.93282114,,HOUSTON,Shell Food Mart,29.909529,-10645367.1322903,113675,,HARRIS
Discount Retail,1601,77060,1210116.0,TX,-95.392555,925 GREENS RD,,3497225.53843205,,HOUSTON,Family Dollar 11292,29.950787,-10619050.6480693,113802,,HARRIS
Convenience Store,6512,77375,1209245.0,TX,-95.626877,27137 STATE HIGHWAY 249,,3512477.41956702,,TOMBALL,CIrcle K 1486,30.069429,-10645135.253791,113826,,HARRIS
Supermarket,4847,77433,1210134.0,TX,-95.728172,9722 FRY RD,,3494025.31988929,,CYPRESS,HEB Food Store 709,29.925875,-10656411.3616109,113885,,HARRIS
Supermarket,4798,77065,1076865.0,TX,-95.58606,9503 JONES RD,,3492128.45869259,,HOUSTON,HEB 657,29.911106,-10640591.5261353,113922,,HARRIS
Grocery Store,1344,77093,1076983.0,TX,-95.33197,3440 BERTRAND ST,,3489012.84308493,,HOUSTON,Lou's Supermercado,29.886843,-10612306.3567196,113992,,HARRIS
Grocery Store,5036,77016,1217437.0,TX,-95.322113,4625 LAURA KOPPE RD,,3483065.19252754,,HOUSTON,OK Food Market,29.840509,-10611209.0804989,114016,,HARRIS
Convenience Store,4104,77433,1217631.0,TX,-95.704597,19219 FM 529 RD,,3488106.02467331,,CYPRESS,Circle K 1490,29.87978,-10653787.0046155,114054,,HARRIS
Supermarket,    ,77536,1217796.0,TX,-95.102531,4701 EAST BLVD,,3465801.25891511,,DEER PARK,HEB Food Store 715,29.705896,-10586765.3240715,114072,,HARRIS
Pharmacy,3907,77075,1217804.0,TX,-95.249512,9410 FUQUA ST,,3453631.95083477,,HOUSTON,CVS 10638,29.610899,-10603127.1741478,114074,,HARRIS
Convenience Store,4327,77072,1217936.0,TX,-95.569672,8484 WILCREST DR,,3463213.78901181,,HOUSTON,Chase Food Mart,29.685705,-10638767.2223202,114083,,HARRIS
Super Store,1490,77450,1216546.0,TX,-95.732697,20903 HIGHLAND KNOLLS DR,,3472665.1688123,,KATY,Walmart Neighborhood Market 4468,29.759438,-10656915.0823067,114190,,HARRIS
Convenience Store,2302,77014,1189153.0,TX,-95.481453,12300 VETERANS MEMORIAL DR,,3499131.8940973,,HOUSTON,Circle K 2073303,29.965624,-10628946.7281619,114466,,HARRIS
Convenience Store,5845,77338,1189154.0,TX,-95.247551,8985 WILL CLAYTON PKWY,,3500873.52172174,,HUMBLE,Circle K 2703308,29.979177,-10602908.8766264,114467,,HARRIS
Supermarket,4072,77085,1214788.0,TX,-95.477287,6100 W FUQUA ST,,3453246.55136664,,HOUSTON,Joe V's Smart Shop 559,29.607889,-10628482.9711632,114747,,HARRIS
Discount Retail,    ,77090,1215988.0,TX,-95.462326,2217 FM 1960 RD W,,3504535.91714383,,HOUSTON,Dollar Tree 5813,30.007671,-10626817.5202615,114758,,HARRIS
Discount Retail,    ,77055,1216004.0,TX,-95.486557,7960 LONG POINT RD,,3478408.63549308,Ste A,HOUSTON,Dollar Tree 6163,29.804218,-10629514.9028429,114805,,HARRIS
Discount Retail,1002,77040,1216007.0,TX,-95.583298,17418 NORTHWEST FWY,,3489427.9493161,,JERSEY VILLAGE,Dollar Tree 6176,29.890076,-10640284.0617017,114818,,HARRIS
Convenience Store,4503,77073,1647352.0,TX,-95.402885,647 RANKIN RD,,3499236.74741768,,HOUSTON,Texan Mart 7,29.96644,-10620200.5784092,114928,,HARRIS
Convenience Store,    ,77532,1643409.0,TX,-95.087921,20409 FM 2100,,3500076.76153095,,CROSBY,Stop 'n Serv #4,29.972977,-10585138.946311,114940,,HARRIS
Convenience Store,6598,77045,1641155.0,TX,-95.427437,3318 W FUQUA ST,,3454022.48362792,,HOUSTON,Kwik Food Mart,29.613949,-10622933.6945472,115112,,HARRIS
Convenience Store,3467,77015,1573675.0,TX,-95.20311,703 NORMANDY ST,,3475992.55213685,,HOUSTON,Corner Mercado,29.785383,-10597961.727136,115137,,HARRIS
Convenience Store,4602,77067,1643559.0,TX,-95.418434,108 W GREENS RD,,3497091.40913643,,HOUSTON,A3 Fuels #6,29.949743,-10621931.4851716,115148,,HARRIS
Convenience Store,5702,77050,1521850.0,TX,-95.287323,6900 MOUNT HOUSTON RD,,3489517.31511587,,HOUSTON,Roadwaze #2,29.890772,-10607336.2754142,115318,,HARRIS
Convenience Store,3535,77038,1499651.0,TX,-95.446442,2508 W MOUNT HOUSTON RD,,3490496.27100044,Ste G,HOUSTON,Country Food Mart,29.898396,-10625049.3214697,115320,,HARRIS
Convenience Store,5502,77017,1521856.0,TX,-95.245766,1406 AHRENS ST,,3463563.35092136,,HOUSTON,Lucky Stop & Shop,29.688433,-10602710.1713353,115326,,HARRIS
Grocery Store,5108,77598,1522390.0,TX,-95.122154,416 W NASA PKWY,,3443938.86970603,,WEBSTER,Berakah Food Market,29.535168,-10588949.7464393,115359,,HARRIS
Convenience Store,1237,77028,1521866.0,TX,-95.270355,8435 TIDWELL RD,,3484313.69545202,,HOUSTON,7's Mart,29.850237,-10605447.4062944,115385,,HARRIS
Super Store,    ,77057,1190680.0,TX,-95.501038,1407 S VOSS RD,,3471760.1465145,,HOUSTON,Whole Foods Market 10552,29.75238,-10631126.9203891,115471,,HARRIS
Convenience Store,5205,77598,1601066.0,TX,-95.118164,103 W NASA PKWY,,3444181.45684082,,WEBSTER,Express 28,29.537064,-10588505.5816711,115534,,HARRIS
Convenience Store,3821,77022,1522400.0,TX,-95.356003,1211 E CROSSTIMBERS ST,,3481603.02781879,,HOUSTON,7-Eleven 41916H,29.829115,-10614981.6980419,115586,,HARRIS
Supermarket,2156,77070,1218562.0,TX,-95.603813,9870 LOUETTA RD,,3503102.65833084,,HOUSTON,ALDI 78059 78059,29.996521,-10642567.7810553,116122,,HARRIS
Super Store,2410,77089,1129943.0,TX,-95.223145,10998 FUQUA ST,,3453775.9984405,,HOUSTON,Ben Thanh Food Market,29.612024,-10600192.0131341,116152,,HARRIS
Convenience Store,    ,77032,1129993.0,TX,-95.314003,5102 ALDINE BENDER RD,,3494611.0417945,,HOUSTON,Aldine Food Mart,29.930435,-10610306.2794285,116158,,HARRIS
Discount Retail,    ,77039,1130255.0,TX,-95.354973,12900 ALDINE  WESTFIELD RD,,3490843.49475258,Ste E,HOUSTON,Dollar Tree 5325,29.9011,-10614867.0389664,116193,,HARRIS
Discount Retail,2146,77092,1130436.0,TX,-95.488983,5723 BINGLE RD,,3484164.55661311,,HOUSTON,Family Dollar Store 10774,29.849075,-10629784.9639276,116231,,HARRIS
Discount Retail,6608,77388,1128893.0,TX,-95.486656,4880 LOUETTA RD,,3508886.16928272,,SPRING,Dollar Tree 5344,30.041506,-10629525.9234725,116361,,HARRIS
Pharmacy,5811,77493,1221714.0,TX,-95.798622,24950 FRANZ RD,,3478091.25407855,,KATY,CVS 1996,29.801744,-10664253.8197373,116371,,HARRIS
Discount Retail,4360,77021,1223291.0,TX,-95.349373,4712 YELLOWSTONE BLVD,,3463765.94228024,,HOUSTON,Family Dollar 11499,29.690014,-10614243.6498179,116410,,HARRIS
Discount Retail,4402,77060,1223297.0,TX,-95.396935,366 ALDINE BENDER RD,,3494790.36026972,,HOUSTON,Family Dollar 11489,29.931831,-10619538.227439,116443,,HARRIS
Grocery Store,4410,77091,1223352.0,TX,-95.47319,5704 ANTOINE DR,,3484074.7147768,,HOUSTON,Grocery Services Inc 17,29.848375,-10628026.8952095,116463,,HARRIS
Supermarket,3101,77081,1223418.0,TX,-95.494064,6421 HILLCROFT ST,,3466717.5255666,,HOUSTON,Grocery Services Inc 19,29.713045,-10630350.5782603,116478,,HARRIS
Discount Retail,1519,77058,1220464.0,TX,-95.108742,2435 BAY AREA BLVD,,3448911.02374598,,HOUSTON,Dollar Tree 6208,29.574022,-10587456.7294288,116879,,HARRIS
Supermarket,4021,77338,1128697.0,TX,-95.29277,8755 FM 1960 BYPASS WEST RD,,3504194.36273653,,HUMBLE,ALDI 78014,30.005014,-10607942.6326805,116911,,HARRIS
Convenience Store,4468,77066,1220511.0,TX,-95.479027,12228 ANTOINE DR,,3498449.85454193,Ste A,HOUSTON,Antoine Express,29.960316,-10628676.6670772,116937,,HARRIS
Pharmacy,    ,77054,1126282.0,TX,-95.400818,1525 N LOOP W,,3462344.28209972,,HOUSTON,CVS Pharmacy 10301,29.678919,-10619970.4810218,116971,,HARRIS
Pharmacy,2903,77096,1027376.0,TX,-95.492699,9125 HILLCROFT ST,,3462396.55848732,,HOUSTON,CVS/ PHARMACY INC 3156,29.679327,-10630198.6271553,117021,,HARRIS
Convenience Store,6443,77586,1027399.0,TX,-95.044403,3528 NASA PKWY,,3447673.37320605,,SEABROOK,See & Stop Grocery,29.564352,-10580294.5447107,117026,,HARRIS
Convenience Store,3516,77084,1159906.0,TX,-95.640472,4302 HICKORY DOWNS DR,,3482530.17540457,,HOUSTON,Super K,29.83634,-10646648.6422683,117228,,HARRIS
Convenience Store,2603,77092,1028726.0,TX,-95.473412,5805 PINEMONT DR,,3483112.03485953,,HOUSTON,Haiqa Fuels,29.840874,-10628051.6081364,117246,,HARRIS
Supermarket,5414,77586,1573272.0,TX,-95.059433,4614 NASA PKWY,,3448082.28393069,,SEABROOK,Arlan's Market #2,29.567547,-10581967.6766573,117278,,HARRIS
Convenience Store,3660,77088,1027038.0,TX,-95.413986,760 W GULF BANK RD,,3489347.3151932,,HOUSTON,Xpress Stop 00001,29.889448,-10621436.3360765,117375,,HARRIS
Discount Retail,    ,77396,1029972.0,TX,-95.212616,10803 WILL CLAYTON PKWY,,3500723.80411729,,HUMBLE,Family Dollar 8749,29.978012,-10599019.9302155,117589,,HARRIS
Grocery Store,2027,77080,1158388.0,TX,-95.502853,3752 ROMA ST,,3481389.63295913,,HOUSTON,Grocery Services Inc 12,29.827452,-10631328.9652649,117629,,HARRIS
Grocery Store,5494,77084,1158464.0,TX,-95.647903,16215 CLAY RD,,3482477.04707455,Ste 209,HOUSTON,Grocery Services Inc 22,29.835926,-10647475.8574044,117662,,HARRIS
Grocery Store,2603,77067,1158539.0,TX,-95.469513,11511 VETERANS MEMORIAL DR,,3497114.53477659,,HOUSTON,Grocery Services Inc 21,29.949923,-10627617.5734418,117669,,HARRIS
Grocery Store,1630,77086,1158540.0,TX,-95.508392,14901 STATE HIGHWAY 249,,3494659.59626222,Ste 106,HOUSTON,Grocery Services Inc 32,29.930813,-10631945.5639244,117670,,HARRIS
Discount Retail,8632,77064,1030175.0,TX,-95.554031,9215 WEST RD,,3491050.75484116,,HOUSTON,Dollar Tree 4771,29.902714,-10637026.0741647,117772,,HARRIS
Supermarket,2807,77098,1030839.0,TX,-95.402802,1701 W ALABAMA ST,,3469996.31834316,,HOUSTON,HEB Food Store 630,29.738623,-10620191.3388915,117809,,HARRIS
Super Store,3205,77042,1249174.0,TX,-95.570839,11041 WESTHEIMER RD,,3469743.88646473,,HOUSTON,Whole Foods Market 10612,29.736654,-10638897.1321659,118115,,HARRIS
Discount Retail,3496,77532,1248486.0,TX,-95.091515,21621 FM 2100 RD,,3502249.46376189,,CROSBY,Dollar General 16659,29.989883,-10585539.0285609,118116,,HARRIS
Convenience Store,2735,77062,972514.0,TX,-95.140999,959 PINELOCH DR,,3449204.51917546,,HOUSTON,Valero Corner Store 2741419,29.576315,-10591047.5622433,118135,,HARRIS
Convenience Store,2807,77546,972515.0,TX,-95.192764,5091 FM 2351 RD,,3445237.19887105,,FRIENDSWOOD,Valero Corner Store 2741409,29.545315,-10596810.0156843,118136,,HARRIS
Convenience Store,3418,77586,972516.0,TX,-95.02742,1910 NASA PKWY,,3447571.1155506,,SEABROOK,Valero Corner Store 2741404,29.563553,-10578404.0057985,118137,,HARRIS
Convenience Store,4749,77389,972910.0,TX,-95.467491,3232 SPRING STUEBNER RD,,3514180.47616004,,SPRING,Timemart,30.082668,-10627392.4854314,118183,,HARRIS
Convenience Store,3103,77036,1246734.0,TX,-95.513054,7325 BELLERIVE DR,,3466717.26922326,,HOUSTON,Dalami Food Mart,29.713043,-10632464.5353904,118280,,HARRIS
Supermarket,6129,77074,1246976.0,TX,-95.502037,6751 BISSONNET ST,,3463780.29422415,,HOUSTON,ALDI 78062 78062,29.690126,-10631238.1285604,118316,,HARRIS
Supermarket,    ,77379,1163109.0,TX,-95.510361,20708 KUYKENDAHL RD,,3512709.85747624,,SPRING,Sprouts Farmers Market 139,30.071236,-10632164.7520017,118355,,HARRIS
Convenience Store,3636,77396,1589636.0,TX,-95.247452,3103 WILSON RD,,3498609.31079113,,HUMBLE,Buckaroo #1,29.961557,-10602897.8559968,118384,,HARRIS
Convenience Store,2226,77042,1249120.0,TX,-95.57196,1437 WILCREST DR,,3471302.65878465,,HOUSTON,Prince Dollar 1,29.748812,-10639021.9213151,118429,,HARRIS
Convenience Store,7811,77520,1247803.0,TX,-94.943893,2206 E JAMES ST,,3468677.54786541,,BAYTOWN,Munchiez,29.728336,-10569105.8226911,118469,,HARRIS
Convenience Store,4609,77035,971744.0,TX,-95.480072,13407 MAIN ST,,3457463.39625685,,HOUSTON,Singh Mart,29.640818,-10628792.9959451,118536,,HARRIS
Other,1737,77008,972084.0,TX,-95.412575,803 W 24TH ST,,3478874.33059747,,HOUSTON,Bags & Boxes Mobile Grocery,29.807848,-10621279.264275,118777,,HARRIS
Discount Retail,3302,77521,971418.0,TX,-94.963387,3606 N MAIN ST,,3473004.85713453,,BAYTOWN,Dollar General 12377,29.762087,-10571275.8848446,118943,,HARRIS
Convenience Store,5018,77013,1604180.0,TX,-95.219315,490 MAXEY RD,,3476187.13038642,,HOUSTON,Golden Mart,29.7869,-10599765.6594843,119001,,HARRIS
Grocery Store,2242,77506,1194104.0,TX,-95.206688,519 JACKSON AVE,,3465783.70065839,,PASADENA,Super Rancho,29.705759,-10598360.0282741,119063,,HARRIS
Super Store,3606,77022,973293.0,TX,-95.377213,4412 NORTH FWY,,3481703.88796012,,HOUSTON,Walmart Supercenter 4526,29.829901,-10617342.7844416,119168,,HARRIS
Discount Retail,1434,77502,973499.0,TX,-95.173538,2720 SOUTHMORE AVE,,3463924.83969394,,PASADENA,Dollar General 12449,29.691254,-10594669.7871543,119178,,HARRIS
Convenience Store,1617,77037,1613792.0,TX,-95.391502,575 ALDINE MAIL ROUTE RD,,3491045.36141341,,HOUSTON,All Season Food Market,29.902672,-10618933.4286455,119287,,HARRIS
Convenience Store,2302,77504,1630374.0,TX,-95.186943,3510 BURKE RD,,3459684.36022306,,PASADENA,Brake Time,29.658157,-10596162.0249284,119342,,HARRIS
Grocery Store,    ,77035,1523169.0,TX,-95.500595,11449 BOB WHITE DR,,3457278.19444178,,HOUSTON,Mi Tienda Meat Market,29.639372,-10631077.6058546,119343,,HARRIS
Convenience Store,2304,77031,1523585.0,TX,-95.538612,9250 W BELLFORT AVE,,3459507.96539636,,HOUSTON,Bellfort Food Mart,29.65678,-10635309.6389361,119564,,HARRIS
Convenience Store,2347,77083,1523591.0,TX,-95.665497,15825 BELLAIRE BLVD,,3464971.68949293,Ste A,HOUSTON,Tios Market  Llc ,29.699423,-10649434.4125254,119581,,HARRIS
Convenience Store,1431,77021,1645939.0,TX,-95.358688,5820 SCOTT ST,,3465701.54884115,,HOUSTON,Rush Hour,29.705118,-10615280.5908746,119618,,HARRIS
Convenience Store,3205,77063,1647748.0,TX,-95.53833,9670 WESTHEIMER RD,,3469882.85799798,,HOUSTON,Grab N Go #13,29.737738,-10635278.2468397,119623,,HARRIS
Convenience Store,3525,77037,1304963.0,TX,-95.369141,12635 W HARDY RD,,3488474.23938297,,HOUSTON,MM Food Mart,29.882648,-10616444.2135119,119668,,HARRIS
Convenience Store,1957,77099,974290.0,TX,-95.582664,11575 BISSONNET ST,,3461822.04238307,,HOUSTON,Fuel Depot 8,29.674843,-10640213.4851446,119744,,HARRIS
Convenience Store,6731,77449,1195414.0,TX,-95.720085,3959 N FRY RD,,3481806.41708488,,KATY,Valero Corner Store 2741426,29.8307,-10655511.1208889,119918,,HARRIS
Other,8616,77433,1523121.0,TX,-95.725052,20521 FM 529 RD,,3488083.17208708,Ste 108,CYPRESS,Carniceria Prime Meat Market Llc,29.879602,-10656064.0447996,119963,,HARRIS
Convenience Store,2847,77067,1523704.0,TX,-95.453072,11550 T C JESTER BLVD,,3497252.64711018,,HOUSTON,Elite Fuel,29.950998,-10625787.3696937,120018,,HARRIS
Grocery Store,4811,77015,1523782.0,TX,-95.217789,851 FEDERAL RD,,3474775.76742502,,HOUSTON,La Campesina Meat Mkt 1,29.775896,-10599595.7859414,120060,,HARRIS
Convenience Store,4831,77072,1523808.0,TX,-95.595375,12297 BEECHNUT ST,,3463587.31317396,,HOUSTON,Grab N Go #7,29.68862,-10641628.467192,120066,,HARRIS
Convenience Store,1101,77055,1523907.0,TX,-95.496803,8403 HAMMERLY BLVD,,3479215.20960128,,HOUSTON,Grab-n-go #1,29.810505,-10630655.4823456,120099,,HARRIS
Convenience Store,1836,77048,1228671.0,TX,-95.339592,11402 MARTIN LUTHER KING BLVD,,3456918.04472286,,HOUSTON,Fast Track II,29.63656,-10613154.8338785,120130,,HARRIS
Discount Retail,3508,77336,1223999.0,TX,-95.111,29310 HUFFMAN CLEVELAND RD,,3513570.9566484,,HUFFMAN,Dollar General Store 16290,30.07793,-10587708.088839,120252,,HARRIS
Discount Retail,3250,77429,1131149.0,TX,-95.629768,13815 CYPRESS NORTH HOUSTON RD,,3496788.59558886,,CYPRESS,Dollar Tree 5486,29.947386,-10645457.0784389,120368,,HARRIS
Convenience Store,3444,77022,1131417.0,TX,-95.361328,8110 IRVINGTON BLVD,,3482400.94818345,,HOUSTON,La Potosina Taqueria Llc,29.835333,-10615574.4743303,120409,,HARRIS
Super Store,6477,77433,1229551.0,TX,-95.734009,20355 CYPRESSWOOD DR,,3502157.82392988,,CYPRESS,Kroger 179,29.98917,-10657061.1334787,120430,,HARRIS
Grocery Store,4250,77388,1524024.0,TX,-95.449158,2111 SPRING CYPRESS RD,,3512179.64283564,,SPRING,Ararat International Supermarket ,30.067114,-10625351.6652067,120650,,HARRIS
Convenience Store,6944,77041,1524047.0,TX,-95.584686,11855 TANNER RD,,3484282.89210726,,HOUSTON,Refuel Market,29.849997,-10640438.5731549,120720,,HARRIS
Convenience Store,9549,77521,1229714.0,TX,-94.988167,5035 E WALLISVILLE RD,,3480531.98312171,,BAYTOWN,Stripes 40982,29.820768,-10574034.3818264,120725,,HARRIS
Super Store,    ,77433,1228307.0,TX,-95.679047,11425 BARKER CYPRESS RD,,3496057.86423694,,CYPRESS,Walmart Neighborhood Market 4465,29.941698,-10650942.7916257,120749,,HARRIS
Super Store,5927,77373,1228313.0,TX,-95.404465,24809 ALDINE WESTFIELD RD,,3511898.46567223,,SPRING,Walmart Neighborhood Market 5353,30.064928,-10620376.4632047,120761,,HARRIS
Convenience Store,1918,77033,1524100.0,TX,-95.337128,6850 MARTIN LUTHER KING BLVD,,3462289.57149971,,HOUSTON,King Food Mart,29.678492,-10612880.5426531,120845,,HARRIS
Discount Retail,6844,77079,1229408.0,TX,-95.591087,14034 MEMORIAL DR,,3474087.45718941,,HOUSTON,Dollar Tree 6257,29.770529,-10641151.1292155,120911,,HARRIS
Discount Retail,    ,77067,1229441.0,TX,-95.429741,703 W RANKIN RD,,3499075.74138634,,HOUSTON,Family Dollar 11339,29.965187,-10623190.174654,120969,,HARRIS
Convenience Store,5675,77065,1271161.0,TX,-95.587936,12453 STEEPLE WAY BLVD,,3491379.372979,,HOUSTON,Steeple Park Food Store,29.905273,-10640800.3615,121168,,HARRIS
Super Store,5806,77057,1271228.0,TX,-95.50135,3210 HILLCROFT ST,,3469003.79860488,,HOUSTON,Almadina Supermarket,29.730881,-10631161.6520702,121181,,HARRIS
Convenience Store,4248,77008,1271440.0,TX,-95.397972,1401 HEIGHTS BLVD,,3477412.38695831,,HOUSTON,Sunny Food Store,29.796452,-10619653.665751,121215,,HARRIS
Specialty Store,3925,77586,1032101.0,TX,-95.0215,510A WATERFRONT DR,,3445989.87233366,,SEABROOK,Emery Seafood Market,29.551197,-10577744.994413,121313,,HARRIS
Discount Retail,3503,77063,1032206.0,TX,-95.5271,9253 WESTHEIMER RD,,3469812.85923353,,HOUSTON,Dollar Tree 4763,29.737192,-10634028.1289581,121327,,HARRIS
Convenience Store,3949,77063,1032585.0,TX,-95.527794,9275 RICHMOND AVE,,3468747.79683435,Ste 199,HOUSTON,Ocee Food Mart,29.728884,-10634105.3846847,121358,,HARRIS
Convenience Store,3831,77562,1032808.0,TX,-95.049141,611 E WALLISVILLE RD,,3480302.95258542,,HIGHLANDS,Time Saver,29.818983,-10580821.9764581,121377,,HARRIS
Convenience Store,6028,77055,1033683.0,TX,-95.53981,1242 WITTE RD,,3476740.9954963,,HOUSTON,Amigo Food Mart,29.791218,-10635442.9996861,121500,,HARRIS
Convenience Store,4432,77070,1035481.0,TX,-95.579582,10730 GRANT RD,,3499355.35092444,,HOUSTON,Shop & Go 1001,29.967363,-10639870.3984739,121515,,HARRIS
Other,3873,77450,1035675.0,TX,-95.750359,949 S MASON RD,,3473860.46525515,,KATY,K T Bombay Bazaar,29.768759,-10658881.2071531,121585,,HARRIS
Grocery Store,6839,77084,1133130.0,TX,-95.67012,17118 W LITTLE YORK RD,,3486270.11625294,Ste 109,HOUSTON,Shapla Grocers,29.865479,-10649949.0425314,121715,,HARRIS
Supermarket,    ,77088,1034592.0,TX,-95.414932,612 N VICTORY DR,,3486988.47827305,,HOUSTON,Joe V's Smart Shop 649,29.871075,-10621541.6443148,121815,,HARRIS
Supermarket,3616,77093,1034632.0,TX,-95.331795,3800 LITTLE YORK RD,,3486965.11418527,,HOUSTON,Mi Tienda 648,29.870893,-10612286.8758087,121829,,HARRIS
Discount Retail,4002,77055,1034715.0,TX,-95.541801,10034 LONG POINT RD,,3477224.46051292,,HOUSTON,Family Dollar 8930,29.794987,-10635664.6367923,121852,,HARRIS
Convenience Store,7077,77429,1270931.0,TX,-95.658867,17500 TELGE RD,,3507128.91811377,,CYPRESS,Corner Store 2741915,30.02784,-10648696.3643015,121977,,HARRIS
Convenience Store,7928,77379,1274541.0,TX,-95.502129,5725 LOUETTA RD,,3507782.49054924,,SPRING,Circle K 2703353,30.032923,-10631248.3699535,122009,,HARRIS
Convenience Store,2662,77076,1036157.0,TX,-95.371857,310 RITTENHOUSE ST,,3486124.80560436,,HOUSTON,EZ Store Stop,29.864347,-10616746.5572489,122055,,HARRIS
Super Store,    ,77086,1036263.0,TX,-95.487656,13003 TOMBALL PKWY,,3492746.97226455,,HOUSTON,Walmart 4416,29.915922,-10629637.2429633,122066,,HARRIS
Convenience Store,1501,77083,1036488.0,TX,-95.642731,6227 HIGHWAY 6 S,,3466368.90334568,,HOUSTON,Mitty Mart,29.710325,-10646900.112998,122087,,HARRIS
Convenience Store,1837,77429,1169177.0,TX,-95.652985,14004 TELGE RD,,3500817.23283699,,CYPRESS,Corner Store 2741487,29.978739,-10648041.5830566,122118,,HARRIS
Discount Retail,1408,77049,1273136.0,TX,-95.192795,13320 BEAUMONT HWY,,3483010.90697065,,HOUSTON,Dollar General Store 17293,29.840086,-10596813.4665885,122156,,HARRIS
Convenience Store,6142,77021,1359547.0,TX,-95.367035,3839 SOUTH LOOP E,,3462654.35593289,,HOUSTON,Pitstop,29.681339,-10616209.7746643,122160,,HARRIS
Discount Retail,6219,77520,1272111.0,TX,-95.000298,2600 W MAIN ST,,3468353.10003261,,BAYTOWN,Dollar General Store 17252,29.725805,-10575384.7985692,122223,,HARRIS
Convenience Store,3606,77058,1169186.0,TX,-95.089188,2000 NASA PKWY,,3446011.62655327,,HOUSTON,Corner Store 2741900,29.551367,-10585279.9881059,122246,,HARRIS
Convenience Store,8684,77373,1273531.0,TX,-95.394562,23806 ALDINE WESTFIELD RD,,3510856.77512107,,SPRING,Bright Food Mart,30.056829,-10619274.0662874,122283,,HARRIS
Discount Retail,4780,77077,1273961.0,TX,-95.605927,1801 S DAIRY ASHFORD RD,,3471289.96527094,Ste 128,HOUSTON,Dollar Tree 7101,29.748713,-10642803.1104589,122343,,HARRIS
Other,6903,77081,1167887.0,TX,-95.488007,6065 BISSONNET ST,,3464608.5053699,,HOUSTON,Maru Food Store,29.696589,-10629676.3161045,122378,,HARRIS
Convenience Store,1771,77389,1272455.0,TX,-95.449715,22710 HOLZWARTH RD,,3515463.67577751,,SPRING,Speedy Stop 119,30.092642,-10625413.6701631,122573,,HARRIS
Supermarket,    ,77429,1168856.0,TX,-95.637314,14100 SPRING CYPRESS RD,,3503907.32013318,,CYPRESS,HEB Food Store 698,30.002781,-10646297.0953164,122666,,HARRIS
Convenience Store,2713,77081,1037095.0,TX,-95.476563,5700 CHIMNEY ROCK RD,,3467533.62047114,,HOUSTON,Courtesy Food Mart,29.719412,-10628402.3758519,122895,,HARRIS
Convenience Store,4616,77388,1169157.0,TX,-95.465378,3421 LOUETTA RD,,3510231.5959179,,SPRING,Corner Store 2741479,30.051968,-10627157.2673474,122982,,HARRIS
Convenience Store,2904,77069,1276884.0,TX,-95.50634,14856 STUEBNER AIRLINE RD,,3503405.49314201,,HOUSTON,Xtraa Mile 11,29.998877,-10631717.1363293,123058,,HARRIS
Grocery Store,4026,77092,1165570.0,TX,-95.487625,6526 W 43RD ST,,3482123.12048515,Ste B,HOUSTON,Carnicerias Teloloapan 4 Inc,29.833168,-10629633.7920591,123125,,HARRIS
Grocery Store,3448,77093,1165583.0,TX,-95.350441,2311 LITTLE YORK RD,,3486979.87720281,Ste B,HOUSTON,Carnicerias Teloloapan 3 Inc,29.871008,-10614362.5390341,123149,,HARRIS
Convenience Store,3810,77096,1165616.0,TX,-95.493126,9802 HILLCROFT ST,,3461634.08739108,,HOUSTON,Sunny Food Mart,29.673376,-10630246.1605779,123154,,HARRIS
Discount Retail,3599,77087,1276137.0,TX,-95.298798,5010 TELEPHONE RD,,3463783.24150033,,HOUSTON,Family Dollar 11836,29.690149,-10608613.666571,123180,,HARRIS
Convenience Store,1020,77076,744754.0,TX,-95.384544,103 LITTLE YORK RD,,3486938.66917031,,HOUSTON,Matamoros Meat Market # 17 Inc 17,29.870687,-10618158.8676286,123187,,HARRIS
Convenience Store,5211,77002,1642851.0,TX,-95.368851,1100 LOUISIANA ST,,3472438.20200469,Ste 87,HOUSTON,Pier Newstand,29.757668,-10616411.9308596,123196,,HARRIS
Farmers and Markets,1005,77098,1275104.0,TX,-95.430168,2752 BUFFALO SPEEDWAY,,3470350.80824517,,HOUSTON,Urban Harvest Farmers Market At Eastside Street 1,29.741388,-10623237.7080765,123210,Sustainable Food Center Inc.,HARRIS
Convenience Store,2525,77091,1641096.0,TX,-95.413139,7031 N SHEPHERD DR,,3486082.44503657,,HOUSTON,My Lucky Stop,29.864017,-10621342.0484678,123221,,HARRIS
Grocery Store,5549,77016,1520729.0,TX,-95.302567,8805 HOMESTEAD RD,,3483153.87226514,,HOUSTON,Family Discount Food,29.8412,-10609033.2297318,123231,,HARRIS
Convenience Store,4035,77338,1342326.0,TX,-95.285332,9445 FM 1960 BYPASS WEST RD,,3504193.20581204,,HUMBLE,Murphy Express 8692,30.005005,-10607114.638308,123367,,HARRIS
Convenience Store,2003,77026,1275237.0,TX,-95.345787,2405 KELLEY ST,,3479616.01381249,,HOUSTON,Omaha Mini Mart,29.813629,-10613844.4581239,123454,,HARRIS
Super Store,    ,77389,1275285.0,TX,-95.4356,6635 N GRAND PKWY W,,3515470.75213183,,SPRING,Target 2865,30.092697,-10623842.3955505,123491,,HARRIS
Pharmacy,2657,77375,1164609.0,TX,-95.551064,26288 KUYKENDAHL RD,,3521638.97094592,,TOMBALL,Walgreens 15638,30.140627,-10636695.7892355,123512,,HARRIS
Supermarket,2603,77375,1275846.0,TX,-95.556282,8615 HUFSMITH RD,,3520447.6910783,,TOMBALL,ALDI 78035,30.131372,-10637276.6543385,123537,,HARRIS
Grocery Store,4321,77077,1274766.0,TX,-95.64415,2223 HIGHWAY 6 S,,3470285.29418528,,HOUSTON,Southwest Farmers Market IV,29.740877,-10647058.0753555,123572,,HARRIS
Convenience Store,4908,77536,1275027.0,TX,-95.123535,2722 CENTER ST,,3463294.0028927,,DEER PARK,Speed Fuel,29.686331,-10589103.4786561,123695,,HARRIS
Convenience Store,7058,77092,1276023.0,TX,-95.473862,3411 ANTOINE DR,,3480403.80250251,,HOUSTON,All Season Food,29.819769,-10628101.7019073,123875,,HARRIS
Convenience Store,5558,77015,1167495.0,TX,-95.214409,12546 EAST FWY,,3474035.38975846,,HOUSTON,Star Stop 3,29.770123,-10599219.5260625,123960,,HARRIS
Discount Retail,4824,77571,1164824.0,TX,-95.029816,112 HIGHWAY 146 SOUTH,,3460473.61892925,Ste D,LA PORTE,Dollar Tree 5538,29.664318,-10578670.7272985,124000,,HARRIS
Specialty Store,3839,77067,1249844.0,TX,-95.462189,10811 VETERANS MEMORIAL DR,,3495891.50279458,Ste 300,HOUSTON,Sugar Rush Too,29.940403,-10626802.2694912,124022,,HARRIS
Convenience Store,2022,77092,1250045.0,TX,-95.499702,7292 W TIDWELL RD,,3484378.12602088,,HOUSTON,Tidwell Conoco,29.850739,-10630978.1975494,124048,,HARRIS
Convenience Store,4103,77039,1250436.0,TX,-95.367516,1301 ALDINE MAIL RD,,3490990.91360342,,HOUSTON,Quick Shop 1301,29.902248,-10616263.3193394,124107,,HARRIS
Super Store,    ,77056,1171867.0,TX,-95.461418,1700 POST OAK RD,,3471484.60052521,Ste 1G101,HOUSTON,Whole Foods Market 10251,29.750231,-10626716.4421638,124181,,HARRIS
Discount Retail,    ,77064,1171875.0,TX,-95.543846,17355 TOMBALL PKWY,,3497540.56794788,Ste D,HOUSTON,Dollar Tree 5787,29.953239,-10635892.2851509,124184,,HARRIS
Supermarket,    ,77095,1250582.0,TX,-95.683441,8650 BARKER CYPRESS RD,,3489479.05209648,,HOUSTON,ALDI 78060 78060,29.890474,-10651431.9294682,124298,,HARRIS
Convenience Store,4420,77004,1312331.0,TX,-95.365417,2702 ALABAMA ST,,3468762.92348736,,HOUSTON,Adam Food Store,29.729002,-10616029.6597282,124335,,HARRIS
Other,6053,77063,1312335.0,TX,-95.513565,8261 RICHMOND AVE,,3468786.89542305,Ste K,HOUSTON,Lebanon Halal Meat,29.729189,-10632521.4196502,124337,,HARRIS
Supermarket,    ,77375,1170308.0,TX,-95.550529,26500 KUYKENDAHL RD,,3522038.40615748,,TOMBALL,HEB Food Store 686,30.14373,-10636636.2333079,124438,,HARRIS
Grocery Store,3701,77069,1172518.0,TX,-95.532097,6911 FM 1960 RD W,,3499598.72928406,,HOUSTON,Keemat 3,29.969257,-10634584.3924536,124701,,HARRIS
Pharmacy,1860,77002,1311923.0,TX,-95.362679,300 MILAM ST,,3473131.29683291,,HOUSTON,CVS Pharmacy 11094,29.763073,-10615724.8669624,124776,,HARRIS
Pharmacy,3881,77346,1311931.0,TX,-95.161903,17900 W LAKE HOUSTON PKWY,,3503277.72579576,,HOUSTON,CVS Pharmacy 10979,29.997883,-10593374.5848789,124800,,HARRIS
Convenience Store,2340,77051,1313019.0,TX,-95.389091,2665 REED RD,,3459635.04116494,,HOUSTON,Hamlet's Market Place,29.657772,-10618665.0373532,124871,,HARRIS
Convenience Store,7584,77571,1343612.0,TX,-95.098335,4926 EAST BLVD,,3460555.99362649,,LA PORTE,Murphy USA 7675,29.664961,-10586298.2274881,125122,,HARRIS
Pharmacy,1140,77047,1173451.0,TX,-95.356285,10200 CULLEN BLVD,,3458261.74130144,,HOUSTON,CVS 10178,29.647051,-10615013.0901383,125133,,HARRIS
Convenience Store,5333,77023,976487.0,TX,-95.316223,2490 S WAYSIDE DR,,3466727.52296077,,HOUSTON,Star Stop 12,29.713123,-10610553.4086981,125147,,HARRIS
Other,5898,77450,1342754.0,TX,-95.740585,21202 KINGSLAND BLVD,,3474742.80669397,,KATY,Kabiyesi African Store,29.775639,-10657793.1704501,125253,,HARRIS
Convenience Store,2406,77075,1343733.0,TX,-95.234344,9612 ROWLETT RD,,3456147.9574601,,HOUSTON,Murphy USA 7676,29.630547,-10601438.6801114,125321,,HARRIS
Convenience Store,1701,77017,1342786.0,TX,-95.27784,2709 BROADWAY ST,,3465279.64792529,,HOUSTON,Broadway Phillips,29.701826,-10606280.632683,125322,,HARRIS
Convenience Store,3802,77505,1343734.0,TX,-95.161575,5204 FAIRMONT PKWY,,3458587.08780731,,PASADENA,Murphy USA 7682,29.649591,-10593338.0720859,125330,,HARRIS
Convenience Store,8239,77375,1343737.0,TX,-95.59259,22611 STATE HIGHWAY 249,,3505501.11167808,,TOMBALL,Murphy USA 7686,30.015179,-10641318.4424102,125356,,HARRIS
Convenience Store,5318,77023,1343742.0,TX,-95.315681,2401 S WAYSIDE DR,,3466872.99874194,,HOUSTON,Murphy Express 8767,29.714258,-10610493.0735341,125398,,HARRIS
Discount Retail,4813,77065,976091.0,TX,-95.584778,9567 JONES RD,,3492239.67591246,,JERSEY VILLAGE,Family Dollar 8418,29.911972,-10640448.8145481,125445,,HARRIS
Discount Retail,3800,77017,976099.0,TX,-95.25383,8560 HOWARD DR,,3463236.98179184,,HOUSTON,Family Dollar 8304,29.685886,-10603607.851709,125476,,HARRIS
Convenience Store,6930,77433,1343770.0,TX,-95.726082,8778 FRY RD,,3491770.15574987,,CYPRESS,Murphy Express 8815,29.908316,-10656178.7038752,125605,,HARRIS
Convenience Store,3303,77035,1343775.0,TX,-95.462418,10431 S POST OAK RD,,3461002.46596007,,HOUSTON,Murphy Express 8832,29.668446,-10626827.7616546,125693,,HARRIS
Convenience Store,    ,77375,1343776.0,TX,-95.641785,14510 FM 2920,,3515049.65157171,,TOMBALL,Murphy Express 8669,30.089424,-10646794.8047598,125701,,HARRIS
Convenience Store,4804,77081,1173243.0,TX,-95.49324,6708 HILLCROFT ST,,3465951.85078672,,HOUSTON,Dollar & More,29.707071,-10630258.8509999,125792,,HARRIS
Convenience Store,4206,77047,976467.0,TX,-95.405045,1102 ALMEDA GENOA RD,,3453925.29747767,,HOUSTON,Us Supermarket #5,29.61319,-10620441.0285094,125869,,HARRIS
Convenience Store,4642,77087,1280235.0,TX,-95.280518,7922 PARK PLACE BLVD,,3463182.77994575,,HOUSTON,Park Place Food Mart,29.685463,-10606578.7462793,126053,,HARRIS
Convenience Store,5231,77025,1280296.0,TX,-95.428627,3215 SOUTH LOOP W,,3462139.66308372,,HOUSTON,Star Stop 15,29.677322,-10623066.1647412,126076,,HARRIS
Convenience Store,2902,77032,1280340.0,TX,-95.371437,1114 ALDINE BENDER RD,,3494983.0405181,,HOUSTON,Star Stop 96,29.933331,-10616699.8030628,126082,,HARRIS
Pharmacy,    ,77375,1277800.0,TX,-95.578499,GLEANNLOCH FOREST DR & 99 GRAND PKWY,,3510441.22880746,,SPRING,CVS Pharmacy 10980,30.053598,-10639749.8394654,126223,,HARRIS
Convenience Store,    ,77056,1653786.0,TX,-95.463524,5085 WESTHEIMER RD,,3470122.98486044,#B2707,HOUSTON,B & B Convenience Store 00001,29.739611,-10626950.8810115,126274,,HARRIS
Supermarket,1250,77037,1660756.0,TX,-95.414627,10241 NORTH FWY,,3492236.46524013,,HOUSTON,Joe V's Smart Shop 813,29.911947,-10621507.6918701,126290,,HARRIS
Discount Retail,3722,77505,1279660.0,TX,-95.170303,4826 FAIRMONT PKWY,,3458577.60909221,,PASADENA,Dollar Tree 464,29.649517,-10594309.6686016,126319,,HARRIS
Super Store,    ,77449,1279773.0,TX,-95.769127,22850 MORTON RANCH RD,,3480062.63530473,,KATY,Walmart 4512,29.81711,-10660970.4513563,126351,,HARRIS
Convenience Store,    ,77339,1196821.0,TX,-95.257446,19506 NORTHPARK DR,,3512320.49100458,,HOUSTON,Corner Store 2741495,30.068209,-10604010.3829878,126536,,HARRIS
Grocery Store,1004,77067,977295.0,TX,-95.478561,12104 VETERANS MEMORIAL DR,,3498652.9977822,,HOUSTON,Disco Latino Bakery,29.961897,-10628624.7921945,126553,,HARRIS
Grocery Store,1414,77055,1196108.0,TX,-95.498993,8514 HAMMERLY BLVD,,3479286.67089455,,HOUSTON,Supermercado Teloloapan 4,29.811062,-10630899.2720304,126765,,HARRIS
Convenience Store,4033,77338,1196232.0,TX,-95.286148,9377 FM 1960 BYPASS RD W,,3504194.61983087,,HUMBLE,Circle K 1488,30.005016,-10607205.4750125,126814,,HARRIS
Convenience Store,    ,77031,1279070.0,TX,-95.549789,9630 W. BELLFORT AVE,,3459136.60901439,,HOUSTON,Circle K 2703354,29.653881,-10636553.8568847,126830,,HARRIS
Convenience Store,3592,77388,1279071.0,TX,-95.48278,4343 FM 2920 RD,,3512628.56160974,,SPRING,Circle K 2703590,30.070604,-10629094.4491262,126834,,HARRIS
Convenience Store,2601,77073,1279073.0,TX,-95.387131,2697 FM 1960 RD,,3506361.59509895,,HOUSTON,Circle K 2703309,30.021872,-10618446.8511513,126839,,HARRIS
Discount Retail,6010,77074,1197047.0,TX,-95.50737,7090 BISSONNET ST,,3463455.07284927,,HOUSTON,Dollar Tree 5975,29.687588,-10631831.7954048,126908,,HARRIS
Convenience Store,1923,77034,1196418.0,TX,-95.234116,823 EDGEBROOK DR,,3458041.17641039,,HOUSTON,Corner Store 274163,29.645329,-10601413.2992675,126954,,HARRIS
Grocery Store,5255,77043,1313786.0,TX,-95.549088,1109 CONRAD SAUER DR,,3476347.07925078,,HOUSTON,Two Brothers Halal Meat Market,29.788147,-10636475.8219217,127268,,HARRIS
Discount Retail,3164,77086,1313898.0,TX,-95.493576,13654 TOMBALL PKWY,,3493242.08722195,,HOUSTON,Family Dollar 12027,29.919777,-10630296.2543488,127298,,HARRIS
Convenience Store,3217,77401,1198995.0,TX,-95.451149,4439 BISSONNET ST,,3467114.99205485,,BELLAIRE,Corner Store 2742387,29.716146,-10625573.3023129,127434,,HARRIS
Convenience Store,5617,77057,1198996.0,TX,-95.482124,5838 WESTHEIMER RD,,3469899.39622325,,HOUSTON,Corner Store 2742392,29.737867,-10629021.4235402,127435,,HARRIS
Convenience Store,2907,77032,1231091.0,TX,-95.364525,1435 ALDINE BENDER RD,,3494868.3311937,,HOUSTON,Best Town And County Market,29.932438,-10615930.3627424,127529,,HARRIS
Grocery Store,1530,77076,1231978.0,TX,-95.396599,221 E LITTLE YORK RD,,3486851.50370666,,HOUSTON,Morelia's Meat Market,29.870008,-10619500.8240901,127537,,HARRIS
Convenience Store,2617,77091,1315545.0,TX,-95.473076,6310 ANTOINE DR,,3485328.45036765,,HOUSTON,Stop By Food Mart,29.858143,-10628014.2047875,127731,,HARRIS
Discount Retail,2009,77032,1230938.0,TX,-95.357475,15625 ALDINE WESTFIELD RD,,3496614.64484912,,HOUSTON,Dollar General Store 15925,29.946032,-10615145.5603323,127946,,HARRIS
Supermarket,9643,77521,1230945.0,TX,-94.978729,5521 GARTH RD,,3475727.17627158,,BAYTOWN,ALDI 78068 78068,29.783314,-10572983.7484723,127954,,HARRIS
Supermarket,    ,77059,1230993.0,TX,-95.119492,3501 CLEAR LAKE CITY BLVD,,3453103.6619959,,HOUSTON,HEB Food Store 713,29.606773,-10588653.4139549,127979,,HARRIS
Convenience Store,2136,77396,1314991.0,TX,-95.295433,15415 HIGHWAY 59 N,,3496186.07322002,,HUMBLE,Humble Grocers Inc.,29.942696,-10608239.0764845,127982,,HARRIS
Super Store,3522,77076,1345421.0,TX,-95.384735,6749 AIRLINE DR,,3485593.76825234,,HOUSTON,El Ahorro Supermarket 14,29.86021,-10618180.1296513,128092,,HARRIS
Grocery Store,4901,77036,1318610.0,TX,-95.519264,7605 DASHWOOD DR,,3465977.99627842,,HOUSTON,Great Lake African Food Store,29.707275,-10633155.8294283,128122,,HARRIS
Supermarket,3004,77388,1317985.0,TX,-95.501465,5251 FM 2920 RD,,3513065.53299724,,SPRING,HEB Food Store 748,30.074001,-10631174.4538116,128284,,HARRIS
Convenience Store,6812,77040,1344839.0,TX,-95.540726,7644 GESSNER RD,,3488733.84482216,,HOUSTON,Express Food Mart 2,29.88467,-10635544.9683397,128397,,HARRIS
Convenience Store,4802,77075,1344842.0,TX,-95.266739,10658 MONROE RD,,3453802.63141835,,HOUSTON,Checkpoint 6,29.612232,-10605044.8750157,128398,,HARRIS
Pharmacy,    ,77449,1344164.0,TX,-95.770035,3950 W GRAND PKWY,,3480124.6067087,,KATY,CVS Pharmacy 10952,29.817593,-10661071.529454,128423,,HARRIS
Convenience Store,2904,77038,1318421.0,TX,-95.434052,9702 VETERANS MEMORIAL DR,,3491244.91975459,,HOUSTON,Blue Bell Corner Store,29.904226,-10623670.0729788,128473,,HARRIS
Convenience Store,    ,77007,1344187.0,TX,-95.408043,4620 WASHINGTON AVENUE,,3474085.5335121,,HOUSTON,I.T.A. Business Inc.,29.770514,-10620774.7643427,128565,,HARRIS
Convenience Store,2462,77506,1344904.0,TX,-95.201149,524 PASADENA BLVD,,3465504.56604248,,PASADENA,Pasadena Food Mart,29.703581,-10597743.4296146,128679,,HARRIS
Supermarket,3608,77503,1345618.0,TX,-95.146385,4203 RED BLUFF RD,,3462358.37620294,,PASADENA,Joe V's Smart Shop 753,29.679029,-10591647.1290208,128756,,HARRIS
Convenience Store,6951,77074,1344323.0,TX,-95.50856,9303 FONDREN RD,,3462275.34934432,,HOUSTON,Sunny's Food Mart,29.678381,-10631964.2655988,128859,,HARRIS
Convenience Store,3178,77493,1282901.0,TX,-95.801689,1484 KATY FORT BEND RD,,3477061.67866903,,KATY,24 Seven 24,29.793718,-10664595.2366156,129026,,HARRIS
Grocery Store,6855,77449,1524316.0,TX,-95.719788,3756 FRY RD,,3481239.6299187,Ste 2800,KATY,Asanis Market,29.826283,-10655478.0590001,129070,,HARRIS
Convenience Store,1021,77506,1280748.0,TX,-95.22467,1305 W PASADENA FWY,,3466176.01165315,,PASADENA,Pilot Travel Center 1057,29.70882,-10600361.7753575,129113,,HARRIS
Convenience Store,1448,77064,1282308.0,TX,-95.524536,8800 WEST RD,,3491049.47069149,,HOUSTON,West Road Express,29.902704,-10633742.7057837,129115,,HARRIS
Supermarket,    ,77379,1174899.0,TX,-95.528259,6912 FM 2920 RD,,3513037.61886277,,SPRING,Aldi 63,30.073784,-10634157.148248,129241,,HARRIS
Convenience Store,5712,77021,1281402.0,TX,-95.36425,7120 SCOTT ST,,3463430.08573115,,HOUSTON,Fuel Depot 23,29.687393,-10615899.7498824,129253,,HARRIS
Supermarket,    ,77379,1281450.0,TX,-95.541481,20311 CHAMPION FOREST,,3505610.13131607,,SPRING,HEB 725,30.016027,-10635629.0145552,129258,,HARRIS
Convenience Store,7716,77521,1281679.0,TX,-94.982521,7415 GARTH RD,,3479005.44670365,,BAYTOWN,Circle K 2703593,29.80887,-10573405.8719814,129290,,HARRIS
Supermarket,2609,77073,1281802.0,TX,-95.382957,2929 FM 1960 RD,,3506224.15555584,,HOUSTON,Joe V's Smart Shop 731,30.020803,-10617982.2035967,129306,,HARRIS
Discount Retail,4514,77016,1176317.0,TX,-95.322632,4603 TIDWELL RD,,3484053.40951944,,HOUSTON,Family Dollar 10679,29.848209,-10611266.8553146,129402,,HARRIS
Convenience Store,4101,77037,1524469.0,TX,-95.387115,7901 AIRLINE DR,,3487593.77705315,,HOUSTON,Krm Food Mart,29.87579,-10618445.0700394,129405,,HARRIS
Convenience Store,5502,77090,1280712.0,TX,-95.426231,15919 NORTH FWY,,3503400.09449586,,HOUSTON,Pilot Travel Center 729,29.998835,-10622799.4432413,129479,,HARRIS
Convenience Store,    ,77530,1280740.0,TX,-95.12426,102 S SHELDON RD,,3474282.3913174,,CHANNELVIEW,Pilot Travel Center 1025,29.772049,-10589184.185287,129497,,HARRIS
Convenience Store,1117,77064,1524480.0,TX,-95.537514,17005 STATE HIGHWAY 249,,3497434.31528127,,HOUSTON,Kroozin 249 Cs,29.952412,-10635187.4101352,129512,,HARRIS
Convenience Store,1345,77521,1282177.0,TX,-95.034431,1876 EAST FWY,,3477380.95879462,,BAYTOWN,Pilot Travel Center 725,29.796207,-10579184.4667485,129580,,HARRIS
Convenience Store,1301,77502,1175370.0,TX,-95.193146,1401 SOUTHMORE AVE,,3463972.76558909,,PASADENA,7-Eleven 40998H,29.691628,-10596852.5397297,129694,,HARRIS
Convenience Store,5064,77536,1175400.0,TX,-95.123466,3002 CENTER ST,,3462920.99977278,,DEER PARK,7-Eleven 40989H,29.68342,-10589095.7976113,129700,,HARRIS
Supermarket,4311,77082,1175491.0,TX,-95.644157,3601 HIGHWAY 6 S,,3467407.87670178,,HOUSTON,Aldi 53,29.718431,-10647058.8545919,129716,,HARRIS
Specialty Store,6240,77449,1175632.0,TX,-95.720367,3024 N FRY RD,,3479377.24897651,,KATY,Papa Murphy's Pizza TX228,29.811768,-10655542.5129853,129747,,HARRIS
Convenience Store,    ,77020,1178931.0,TX,-95.302505,6715 LYONS AVE,,3474856.69471493,,HOUSTON,All In 1,29.776527,-10609026.3279234,129853,,HARRIS
Super Store,3333,77433,1179258.0,TX,-95.720917,20331 FM 529 RD,,3488093.57129261,,CYPRESS,Fiesta Mart 82,29.879683,-10655603.7387052,129911,,HARRIS
Convenience Store,4325,77019,1524929.0,TX,-95.389153,702 W GRAY ST,,3471917.21934733,,HOUSTON,Gray Stop & Shop,29.753605,-10618671.9391617,130004,,HARRIS
Convenience Store,3536,77503,1525038.0,TX,-95.146896,4201 PASADENA BLVD,,3462770.44334617,Ste 100,PASADENA,Pasadena Food Mart,29.682245,-10591704.0132806,130048,,HARRIS
Convenience Store,2132,77004,1525438.0,TX,-95.348511,2324 SCOTT ST,,3469383.77257045,,HOUSTON,Best Handi Stop #122,29.733845,-10614147.6924168,130152,,HARRIS
Convenience Store,3002,77083,1649086.0,TX,-95.664032,15795 BELLAIRE BLVD,,3464985.14569997,,HOUSTON,Aryan Food Mart,29.699528,-10649271.3294714,130199,,HARRIS
Super Store,2113,77081,1203846.0,TX,-95.468109,5405 S RICE AVE,,3468070.4486739,,HOUSTON,Walmart Supercenter 3584,29.7236,-10627461.2808767,130245,,HARRIS
Discount Retail,3531,77090,1200997.0,TX,-95.430626,90 FM 1960 W,,3506270.3114205,,HOUSTON,Dollar Tree 6017,30.021162,-10623288.6924033,130385,,HARRIS
Convenience Store,2600,77339,1525490.0,TX,-95.187195,4003 RUSTIC WOODS DR,,3510610.73817013,Ste C,KINGWOOD,Kingwood Mart,30.054916,-10596190.07744,130423,,HARRIS
Convenience Store,5040,77028,925059.0,TX,-95.302475,6565 HOMESTEAD RD,,3480027.60812188,,HOUSTON,A To Z Food Mart #8,29.816837,-10609022.9883387,130599,,HARRIS
Grocery Store,3102,77090,1525553.0,TX,-95.460281,2054 FM 1960 RD W,,3504769.11008928,,HOUSTON,Panaderia Las Delicias,30.009485,-10626589.8719028,130641,,HARRIS
Convenience Store,1236,77039,1201346.0,TX,-95.355881,14540 ALDINE WESTFIELD RD,,3494222.74113852,,HOUSTON,Expresso Food,29.927412,-10614968.117064,130681,,HARRIS
Convenience Store,2237,77099,979188.0,TX,-95.611076,13102 BISSONNET ST,,3462555.43900675,,HOUSTON,Texaco Food Mart,29.680567,-10643376.294517,130789,,HARRIS
Supermarket,4523,77049,979190.0,TX,-95.183578,5609 UVALDE RD,,3478773.23611925,,HOUSTON,Joe V's Smart Shop 640,29.80706,-10595787.4348418,130796,,HARRIS
Pharmacy,5500,77433,1205362.0,TX,-95.738564,15110 MASON RD,,3502665.51430549,,CYPRESS,Walgreens 15968,29.99312,-10657568.1937592,130995,,HARRIS
Discount Retail,6626,77092,981448.0,TX,-95.467728,5360 W 34TH ST,,3480515.81612617,,HOUSTON,DOLLAR TREE 417,29.820642,-10627418.8681507,131029,,HARRIS
Discount Retail,4112,77598,981451.0,TX,-95.129547,100 W BAY AREA BLVD,,3445614.55382435,,WEBSTER,DOLLAR TREE 608,29.548264,-10589772.7314348,131030,,HARRIS
Discount Retail,4309,77096,981490.0,TX,-95.459007,9929 S POST OAK RD,,3461667.27079293,,HOUSTON,DOLLAR TREE 2094,29.673635,-10626448.0508715,131041,,HARRIS
Grocery Store,5031,77036,1317559.0,TX,-95.516197,159 SHARPSTOWN CTR,,3466239.32594976,,HOUSTON,Clarewood Wholefood Market Llc 01,29.709314,-10632814.41255,131387,,HARRIS
Convenience Store,5804,77017,1317597.0,TX,-95.257843,8900 WINKLER DR,,3461216.41944768,,HOUSTON,Smart Stop,29.670116,-10604054.5768256,131513,,HARRIS
Convenience Store,1433,77011,1317618.0,TX,-95.300552,1412 SSGT MACARIO GARCIA DR,,3470862.62429075,,HOUSTON,La Amigo Food Mart,29.74538,-10608808.9209579,131627,,HARRIS
Convenience Store,4402,77043,980084.0,TX,-95.54837,10150 WESTVIEW DR,,3476688.40422059,,HOUSTON,Sunrise Grocery 9,29.790808,-10636395.8945273,131748,,HARRIS
Convenience Store,4402,77042,980087.0,TX,-95.542847,9834 MEADOWGLEN LN,,3469214.29561583,,HOUSTON,Sunrise Grocery 15,29.732523,-10635781.0769796,131753,,HARRIS
Discount Retail,5504,77377,981928.0,TX,-95.639244,14324 FM 2920 RD,,3515054.79784334,,TOMBALL,DOLLAR TREE 4340,30.089464,-10646511.9419336,131790,,HARRIS
Convenience Store,1202,77028,1316056.0,TX,-95.262482,9425 MESA DR,,3484242.20613622,,HOUSTON,Bunny Stop 1,29.84968,-10604570.9879434,131804,,HARRIS
Discount Retail,    ,77091,1317791.0,TX,-95.458916,6865 TC JESTER BLVD,,3485802.61207783,,HOUSTON,Family Dollar 12026,29.861837,-10626437.9207979,131813,,HARRIS
Discount Retail,3236,77093,1317793.0,TX,-95.353531,2100 LITTLE YORK RD,,3486962.67507966,,HOUSTON,Family Dollar 12024,29.870874,-10614706.5162606,131823,,HARRIS
Convenience Store,5448,77080,1374897.0,TX,-95.525635,9481 HAMMERLY BLVD,,3479109.23721335,,HOUSTON,Swift Mart,29.809679,-10633865.0459041,131864,,HARRIS
Convenience Store,3040,77058,1316131.0,TX,-95.107124,914 NASA PKWY,,3445206.36092303,,HOUSTON,Flash,29.545074,-10587276.6144927,131865,,HARRIS
Discount Retail,6412,77018,1318916.0,TX,-95.410454,3832 N SHEPHERD DR,,3480670.30158323,,HOUSTON,Dollar Tree 7096,29.821846,-10621043.1556351,131914,,HARRIS
Super Store,    ,77076,1346329.0,TX,-95.392647,5402 NORTH FWY,,3483807.24652431,,HOUSTON,El Rancho 1632,29.846291,-10619060.8894625,132046,,HARRIS
Super Store,1335,77477,1346331.0,TX,-95.584625,11711 W BELLFORT ST,,3459594.04884465,,STAFFORD,El Rancho 1635,29.657452,-10640431.782666,132048,,HARRIS
Convenience Store,3257,77015,1346495.0,TX,-95.163971,5745 E SAM HOUSTON PKWY N,,3478810.95401671,,HOUSTON,Murphy USA 7707,29.807354,-10593604.7935859,132099,,HARRIS
Grocery Store,5597,77449,1320684.0,TX,-95.718826,5444 FRY RD,,3484222.56910494,Ste D,KATY,Dominion African Food Marts Dominion 2,29.849527,-10655370.96965,132109,,HARRIS
Convenience Store,5627,77048,1319473.0,TX,-95.311256,14191 FAYRIDGE DR,,3452464.90438747,,HOUSTON,Fayridge Kroozin Mart,29.601784,-10610000.4847873,132155,,HARRIS
Convenience Store,5801,77074,1319027.0,TX,-95.509186,7201 BISSONNET ST,,3463271.70697152,,HOUSTON,Swift Food Mart,29.686157,-10632033.9516001,132296,,HARRIS
Convenience Store,1631,77060,1345938.0,TX,-95.3909,950 LANGWICK DR,,3497491.61709326,,HOUSTON,Zip In Zip Out,29.952858,-10618866.4143121,132347,,HARRIS
Convenience Store,3701,77020,1345953.0,TX,-95.339279,1302 EASTEX FWY,,3474379.21825037,,HOUSTON,Friendly Food Mart,29.772804,-10613119.9908778,132350,,HARRIS
Convenience Store,5244,77339,1346044.0,TX,-95.249603,150 FOREST CENTER DR,,3511790.2925805,,KINGWOOD,Stripes 41017,30.064087,-10603137.3042215,132375,,HARRIS
Convenience Store,4035,77072,1319123.0,TX,-95.590881,12097 BEECHNUT ST,,3463573.34586622,Ste 2,HOUSTON,Tienda Y Panaderia Rio Grande,29.688511,-10641128.1974004,132513,,HARRIS
Grocery Store,6359,77449,1320074.0,TX,-95.722,20140 MORTON RD,,3479778.82806246,,KATY,Andalucia Mediterranean Grocery And Pastry,29.814898,-10655724.2977137,132749,,HARRIS
Convenience Store,2289,77433,1320098.0,TX,-95.676476,11750 BARKER CYPRESS RD,,3496701.36297947,,CYPRESS,24 Seven 23,29.946707,-10650656.5892149,132790,,HARRIS
Discount Retail,2104,77033,1320172.0,TX,-95.332962,5784 BELLFORT ST,,3460722.4100567,,HOUSTON,Family Dollar 12025,29.66626,-10612416.7856545,132909,,HARRIS
Super Store,    ,77346,1181292.0,TX,-95.189873,12312 WILL CLAYTON PKWY,,3500815.94770553,,HUMBLE,Walmart Neighborhood Market 7309,29.978729,-10596488.1910364,133194,,HARRIS
Super Store,1211,77433,1181297.0,TX,-95.683876,8208 BARKER CYPRESS RD,,3490335.50343082,,CYPRESS,Walmart Neighborhood Market 7357,29.897144,-10651480.3534467,133197,,HARRIS
Discount Retail,1930,77029,1182737.0,TX,-95.234825,11027 EAST FWY,,3474533.11686442,,HOUSTON,Dollar Tree 5845,29.774004,-10601492.2247865,133573,,HARRIS
Discount Retail,6562,77373,1283515.0,TX,-95.385643,23041 ALDINE WESTFIELD RD,,3509491.9923451,,SPRING,Family Dollar 11846,30.046217,-10618281.207749,133653,,HARRIS
Convenience Store,1408,77034,1285452.0,TX,-95.219604,85 E EDGEBROOK DR,,3458509.20884121,,HOUSTON,Zip N,29.648983,-10599797.8308172,133659,,HARRIS
Convenience Store,5638,77084,1283517.0,TX,-95.68737,3003 BARKER CYPRESS RD,,3479245.10269707,,HOUSTON,Circle K 2703595,29.810738,-10651869.3037476,133668,,HARRIS
Discount Retail,6527,77045,1284567.0,TX,-95.425995,3315 W FUQUA ST,,3453957.94886945,,HOUSTON,Family Dollar 11791,29.613445,-10622773.1718415,133677,,HARRIS
Convenience Store,3411,77396,1525629.0,TX,-95.298622,6306 ALDINE BENDER RD,,3494573.27733599,,HUMBLE,QuikTrip 7949,29.930141,-10608594.0743407,134010,,HARRIS
Convenience Store,4251,77091,1525638.0,TX,-95.411873,5605 N SHEPHERD DR,,3483966.77706067,,HOUSTON,Hs27,29.847534,-10621201.1179925,134014,,HARRIS
Specialty Store,1903,77022,1525904.0,TX,-95.384842,5307 AIRLINE DR,,3483520.27623825,,HOUSTON,Arandas Bakery Inc. 1,29.844055,-10618192.0408369,134104,,HARRIS
Other,1700,77099,1526802.0,TX,-95.573448,11030 BISSONNET ST,,3461823.96422742,Ste H,HOUSTON,Variedades 5 Estrellas,29.674858,-10639187.5647174,134186,,HARRIS
Convenience Store,4109,77086,1205785.0,TX,-95.465515,11720 TOMBALL PKWY,,3490862.62828799,,HOUSTON,7-Eleven 40957H,29.901249,-10627172.5181176,134252,,HARRIS
Convenience Store,1539,77011,1526209.0,TX,-95.296906,7045 NAVIGATION BLVD,,3470615.43203331,,HOUSTON,Super Amigo Food Mart,29.743452,-10608403.0500945,134269,,HARRIS
Convenience Store,2507,77087,1285636.0,TX,-95.294632,7001 GULF FWY,,3465352.95413918,,HOUSTON,Woodridge Shell,29.702398,-10608149.9095724,134283,,HARRIS
Convenience Store,4614,77076,1563848.0,TX,-95.402634,5624 YALE ST,,3484104.61920381,,HOUSTON,Yale Groceries,29.848608,-10620172.637217,134388,,HARRIS
Pharmacy,2401,77098,1207223.0,TX,-95.411392,2111 W ALABAMA ST,,3469984.77995725,,HOUSTON,CVS Pharmacy 10554,29.738533,-10621147.5733174,134455,,HARRIS
Pharmacy,5189,77057,1207764.0,TX,-95.500183,6520 WESTHEIMER RD,,3469870.03768294,,HOUSTON,Walgreens 15942,29.737638,-10631031.7422244,134630,,HARRIS
Discount Retail,    ,77092,1207797.0,TX,-95.495255,12210 HEMPSTEAD RD,,3481390.2745499,,HOUSTON,Family Dollar 11355,29.827457,-10630483.1597738,134644,,HARRIS
Convenience Store,    ,77429,1526566.0,TX,-95.720299,14710 MUESCHKE RD.,,3502149.98380652,Suite A,CYPRESS,Mueschke Shell,29.989109,-10655534.9432599,134701,,HARRIS
Convenience Store,5515,77520,1375677.0,TX,-94.934265,2516 WARD RD,,3470320.03839073,,BAYTOWN,Baytown Mart,29.741148,-10568034.0386337,135111,,HARRIS
Convenience Store,2447,77037,985157.0,TX,-95.385307,520 GULF BANK RD,,3489342.94966601,Trlr 250,HOUSTON,GULF BANK GROCERY,29.889414,-10618243.8044001,135197,,HARRIS
Convenience Store,5101,77070,1375704.0,TX,-95.564026,12803 PERRY RD,,3498279.73580707,,HOUSTON,Handi Stop 89,29.958992,-10638138.7124752,135269,,HARRIS
Convenience Store,    ,77074,987215.0,TX,-95.497025,6436 BELLAIRE BLVD,,3465793.44100222,,HOUSTON,Shop N Go Food Store,29.705835,-10630680.1952725,135270,,HARRIS
Convenience Store,5505,77081,986145.0,TX,-95.482224,5757 BELLAIRE BLVD,,3465743.0732511,,HOUSTON,Sunny's Phillips 66,29.705442,-10629032.5554893,135296,,HARRIS
Convenience Store,2746,77449,1375830.0,TX,-95.775391,1414 W GRAND PKWY N,,3477013.06258485,,KATY,Handi Stop 109,29.793339,-10661667.7566467,135434,,HARRIS
Convenience Store,3810,77530,1374923.0,TX,-95.092163,17124 EAST FWY,,3476511.26299644,,CHANNELVIEW,Zeeshon's Truck Stop,29.789427,-10585611.163591,135793,,HARRIS
Discount Retail,    ,77044,1375239.0,TX,-95.215454,12356 TIDWELL RD,,3484288.02599291,,HOUSTON,Dollar General 20527,29.850037,-10599335.8549304,135878,,HARRIS
Convenience Store,3057,77015,1376252.0,TX,-95.178291,495 FREEPORT ST,,3476375.68298669,,HOUSTON,Speedy Mart,29.78837,-10595198.888694,136084,,HARRIS
Discount Retail,6375,77073,1322027.0,TX,-95.40715,919 E AIRTEX DR,,3501401.08144026,,HOUSTON,DOLLAR GENERAL 18725,29.983282,-10620675.3560375,136185,,HARRIS
Discount Retail,5110,77532,1322972.0,TX,-94.997574,4477 FM 1942 RD,,3484779.73342359,,CROSBY,DOLLAR GENERAL 18621,29.853868,-10575081.5642763,136313,,HARRIS
Convenience Store,4241,77091,1348083.0,TX,-95.412003,5701 N SHEPHERD DR,,3484350.91625906,,HOUSTON,Dsr Business Inc,29.850527,-10621215.5895263,136436,,HARRIS
Discount Retail,    ,77039,1375999.0,TX,-95.313271,5235 ALDINE MAIL RTE. RD,,3491082.34496366,Ste B,HOUSTON,Dollar Tree 7939,29.90296,-10610224.7935613,136732,,HARRIS
Discount Retail,6207,77379,1376000.0,TX,-95.524879,16854 STUEBNER AIRLINE RD,,3506369.82351898,,SPRING,Dollar Tree 7941,30.021936,-10633780.8883691,136733,,HARRIS
Convenience Store,4201,77039,1376199.0,TX,-95.355087,13003 ALDINE WESTFIELD RD,,3491040.73847714,,HOUSTON,Acosta Food Mart,29.902636,-10614879.7293883,136800,,HARRIS
Super Store,1012,77037,1322478.0,TX,-95.411499,11210 NORTH FWY,,3494314.32405442,,HOUSTON,El Rancho 1631,29.928125,-10621159.4845029,136822,,HARRIS
Grocery Store,2477,77346,1376324.0,TX,-95.206268,4451 FM 1960 RD E,,3503462.30760439,Ste A,HUMBLE,Bellin's International Grocery,29.999319,-10598313.2740879,136929,,HARRIS
Convenience Store,3734,77015,1376330.0,TX,-95.186882,850 UVALDE RD,,3475364.32950602,,HOUSTON,Texas Fuel,29.780485,-10596155.2344394,136930,,HARRIS
Convenience Store,3602,77086,1321113.0,TX,-95.49559,11602 N HOUSTON ROSSLYN RD,,3490703.14022998,,HOUSTON,Conoco Food Mart,29.900007,-10630520.4518032,136975,,HARRIS
Convenience Store,1904,77028,1365957.0,TX,-95.277023,8830 DENTON ST,,3483159.77571374,,HOUSTON,Friendly Store 2,29.841246,-10606189.684659,137065,,HARRIS
Discount Retail,1212,77091,1366053.0,TX,-95.473312,6926 ANTOINE DR,,3485926.99578962,,HOUSTON,Dollar Tree 7921,29.862806,-10628040.4761873,137097,,HARRIS
Supermarket,3061,77057,1184044.0,TX,-95.485611,5895 SAN FELIPE ST,,3471431.00501622,,HOUSTON,HEB Food Store 687,29.749813,-10629409.5946046,137195,,HARRIS
Other,6360,77449,1185154.0,TX,-95.722084,20140 MORTON RD,,3479778.9563645,Ste 100,KATY,Agege Farmers Market,29.814899,-10655733.648551,137314,,HARRIS
Supermarket,3710,77007,1187038.0,TX,-95.398705,195 YALE ST,,3474632.63894997,Ste 100,HOUSTON,Sprouts Farmers Market 136,29.77478,-10619735.2629377,137379,,HARRIS
Convenience Store,1234,77082,1187156.0,TX,-95.667099,15961 WESTHEIMER RD,,3467907.65456484,,HOUSTON,Super K Grocery,29.72233,-10649612.7463497,137384,,HARRIS
Convenience Store,3322,77083,1349118.0,TX,-95.643768,7821 HIGHWAY 6 S,,3464210.47553981,,HOUSTON,Super Stop,29.693483,-10647015.55131,137395,,HARRIS
Other,2706,77081,1134736.0,TX,-95.47654,5900 CHIMNEY ROCK RD,,3467294.3110101,Ste U,HOUSTON,Tana Grocery Store 1,29.717545,-10628399.8155036,137451,,HARRIS
Supermarket,2213,77036,1185667.0,TX,-95.500954,5601 HILLCROFT ST,,3467837.28200112,,HOUSTON,Keemat 1,29.721781,-10631117.5695518,137500,,HARRIS
Supermarket,2418,77075,1185946.0,TX,-95.237007,10064 ALMEDA GENOA RD,,3455758.0006523,,HOUSTON,Aldi 95,29.627502,-10601735.1239154,137528,,HARRIS
Convenience Store,8024,77009,1634168.0,TX,-95.362518,2102 N MAIN ST,,3475148.85801788,,HOUSTON,Buddy's Stop #11,29.778805,-10615706.9445244,137572,,HARRIS
Convenience Store,2055,77095,1643104.0,TX,-95.644798,7006 HIGHWAY 6 N,,3488089.33457823,,HOUSTON,Pitstop Express #45,29.87965,-10647130.2103855,137574,,HARRIS
Convenience Store,2824,77093,1643589.0,TX,-95.326035,11219 EASTEX FWY,,3488025.6556461,,HOUSTON,A3 Fuels #8,29.879154,-10611645.6755418,137575,,HARRIS
Convenience Store,5304,77088,1366483.0,TX,-95.482765,7355 ALABONSON RD,,3487688.52206073,,HOUSTON,Express Stop,29.876528,-10629092.7793338,137595,,HARRIS
Specialty Store,2601,77057,1577428.0,TX,-95.50058,1625 S VOSS RD,,3471615.89764467,,HOUSTON,Tanglewood 9071,29.751255,-10631075.9360623,137604,,HARRIS
Convenience Store,3413,77093,1599582.0,TX,-95.34919,2331 LITTLE YORK RD,,3487028.40271951,,HOUSTON,A Diamond Food Mart,29.871386,-10614223.2783511,137619,,HARRIS
Convenience Store,3130,77086,1366190.0,TX,-95.489014,13403 STATE HIGHWAY 249,,3492861.40569153,,HOUSTON,Express Fuel 3,29.916813,-10629788.4148318,137621,,HARRIS
Convenience Store,4704,77076,1272171.0,TX,-95.395218,5716 NORTH FWY,,3484269.80070816,,HOUSTON,Nobin Food Store,29.849895,-10619347.0918733,137627,,HARRIS
Discount Retail,6239,77026,1185311.0,TX,-95.336601,3302 LIBERTY RD,,3475899.43267309,,HOUSTON,Family Dollar 11138,29.784657,-10612821.8772815,137716,,HARRIS
Discount Retail,4643,77026,1103036.0,TX,-95.338013,3103 COLLINGSWORTH ST,,3477148.39277496,,HOUSTON,Family Dollar 10269,29.794394,-10612979.0604025,137719,,HARRIS
Grocery Store,2545,77058,1577731.0,TX,-95.116013,1250 BAY AREA BLVD,,3447008.00903562,,HOUSTON,La Michoacana Meat Market H86,29.559153,-10588266.1334464,137737,,HARRIS
Convenience Store,7241,77084,1366624.0,TX,-95.687683,18691 CLAY RD,,3481844.14390284,,HOUSTON,Clay Mart,29.830994,-10651904.1467482,137799,,HARRIS
Convenience Store,9204,77571,1366632.0,TX,-95.046753,1906 SENS RD,,3462506.10895828,,LA PORTE,La Porte Express Mart,29.680182,-10580556.145514,137801,,HARRIS
Convenience Store,3106,77090,1184396.0,TX,-95.462524,2230 CYPRESS CREEK PKWY,,3504547.22960287,,HOUSTON,Circle K 2703300,30.007759,-10626839.5615207,137837,,HARRIS
Convenience Store,5316,77023,1567021.0,TX,-95.315941,3235 TELEPHONE RD,,3466693.81382944,,HOUSTON,Star Stop 104,29.71286,-10610522.0166017,138095,,HARRIS
Convenience Store,3506,77530,1660381.0,TX,-95.124252,540 SHELDON RD,,3475628.28700627,,CHANNELVIEW,Corner Market ,29.782543,-10589183.294731,138146,,HARRIS
Convenience Store,6263,77077,1367270.0,TX,-95.585968,1822 S KIRKWOOD RD,,3471297.53009073,Ste A,HOUSTON,Kirkwood Food Mart,29.748772,-10640581.2847421,138164,,HARRIS
Convenience Store,2527,77028,1590071.0,TX,-95.285019,7755 N WAYSIDE DR,,3481984.52970392,,HOUSTON,Pitstop Express,29.832088,-10607079.7953074,138165,,HARRIS
Other,5255,77077,1367390.0,TX,-95.623657,2455 ELDRIDGE PKWY,,3469719.91274511,,HOUSTON,La Michoacana Meat Market H61 61,29.736467,-10644776.8050306,138195,,HARRIS
Discount Retail,3654,77087,1576117.0,TX,-95.297142,5305 TELEPHONE RD,,3463426.62598015,,HOUSTON,DOLLARTREE 9633,29.687366,-10608429.3214943,138270,,HARRIS
Grocery Store,3723,77336,1416648.0,TX,-95.089684,26926 FM 2100 RD,,3511610.99223868,,HUFFMAN,Betos Meat Market / Grocery Store,30.062693,-10585335.2025733,138378,,HARRIS
Convenience Store,7802,77036,1526931.0,TX,-95.554207,10000 BISSONNET ST,,3461953.24094871,,HOUSTON,Primos Dollar & Grocery Store,29.675867,-10637045.6663951,138504,,HARRIS
Grocery Store,2522,77041,1527384.0,TX,-95.616501,13703 FM 529,,3488059.03569199,Ste A,HOUSTON,Huy Market,29.879414,-10643980.2027545,138612,,HARRIS
Convenience Store,4936,77082,1366968.0,TX,-95.61795,13180 WESTPARK DR,,3467803.56996216,Ste 300,HOUSTON,Gibby's Food Mart,29.721518,-10644141.5046967,138625,,HARRIS
Pharmacy,3202,77035,1527525.0,TX,-95.463455,4930 W BELLFORT AVE,,3461260.74797981,,HOUSTON,CVS Pharmacy CVS11463,29.670462,-10626943.1999666,138746,,HARRIS
Grocery Store,7904,77429,1367113.0,TX,-95.698959,15626 CYPRESS ROSEHILL RD,,3503095.58884344,Ste 600,CYPRESS,Taza Food Style,29.996466,-10653159.3853264,138751,,HARRIS
Convenience Store,3050,77020,1367126.0,TX,-95.308701,6120 WALLISVILLE RD,,3476254.34201611,,HOUSTON,Al Baik Food Mart,29.787424,-10609716.0634884,138757,,HARRIS
Supermarket,1600,77096,1393056.0,TX,-95.463501,4955 BEECHNUT ST,,3463647.6674944,,HOUSTON,HEB Food Store 745,29.689091,-10626948.3206632,138817,,HARRIS
Supermarket,4751,77099,1631370.0,TX,-95.569901,10822 W BELLFORT AVE,,3459355.2711702,,HOUSTON,Panificadora La Michoacana,29.655588,-10638792.7144836,138825,,HARRIS
Convenience Store,2409,77055,1393320.0,TX,-95.48452,1920 WIRT RD,,3478690.61635035,,HOUSTON,Swift Mart,29.806416,-10629288.1450401,138990,,HARRIS
Convenience Store,2132,77493,1601463.0,TX,-95.801704,1774 KATY FORT BEND RD,,3477651.62835957,,KATY,Tristar # 16 ,29.798317,-10664596.9064079,139051,,HARRIS
Pharmacy,4721,77020,1324376.0,TX,-95.314423,5602 LYONS AVE,,3474846.17798598,,HOUSTON,CVS Pharmacy CVS11066,29.776445,-10610353.0336147,139183,,HARRIS
Farmers and Markets,6840,77020,1323825.0,TX,-95.305771,6402 MARKET ST,,3474258.40913023,,HOUSTON,Get Moving Houston Farmers Market,29.771862,-10609389.8973803,139288,Sustainable Food Center Inc.,HARRIS
Grocery Store,2216,77017,1324449.0,TX,-95.277733,3418 BROADWAY ST,,3463992.49983306,,HOUSTON,Food Valley ,29.691782,-10606268.7214975,139313,,HARRIS
Convenience Store,5728,77089,1394293.0,TX,-95.214226,10855 SCARSDALE BLVD,,3450221.37304098,,HOUSTON,Jack's Grocery #13,29.584259,-10599199.1545957,139405,,HARRIS
Convenience Store,1613,77055,1324513.0,TX,-95.485458,2047 WIRT RD,,3479182.62235732,,HOUSTON,Swift Mart,29.810251,-10629392.5627225,139416,,HARRIS
Grocery Store,2208,77054,1324594.0,TX,-95.386467,2802 OLD SPANISH TRL,,3464897.10391465,,HOUSTON,Med Center Fueling Inc,29.698841,-10618372.9350094,139435,,HARRIS
Grocery Store,6749,77379,1324703.0,TX,-95.548248,9001 LOUETTA RD,,3504510.72124841,,SPRING,Al Eman Halal Meat And International Groceries,30.007475,-10636382.3135494,139450,,HARRIS
Convenience Store,4310,77049,1324967.0,TX,-95.192917,14400 WALLISVILLE RD,,3478635.9644353,,HOUSTON,Wallisville Express N/A,29.80599,-10596827.0475664,139499,,HARRIS
Convenience Store,2204,77096,1325117.0,TX,-95.479836,5402 BIRDWOOD RD,,3462672.67871114,,HOUSTON,Quik Food Store,29.681482,-10628766.7245453,139531,,HARRIS
Convenience Store,7020,77093,1325135.0,TX,-95.33297,9140 EASTEX FWY,,3483603.31214965,,HOUSTON,Shahzor Express,29.844702,-10612417.6762104,139534,,HARRIS
Supermarket,4007,77401,1325165.0,TX,-95.468697,5106 BISSONNET ST,,3465981.20038645,,BELLAIRE,HEB Food Store 738,29.7073,-10627526.7367373,139540,,HARRIS
Grocery Store,2166,77099,1324265.0,TX,-95.570267,10880 BISSONNET ST,,3461754.13740019,Ste 195,HOUSTON,NFS Enterprises Inc,29.674313,-10638833.4574172,139797,,HARRIS
Other,3399,77083,1324268.0,TX,-95.643753,7863 HIGHWAY 6 S,,3464239.1804346,,HOUSTON,Onola African Imports,29.693707,-10647013.8815176,139798,,HARRIS
Convenience Store,3245,77072,1324285.0,TX,-95.595909,7621 COOK RD,,3464400.39036299,,HOUSTON,A-1 Food Mart,29.694965,-10641687.9118001,139811,,HARRIS
Convenience Store,3948,77063,1324353.0,TX,-95.529083,9349 RICHMOND AVE,,3468741.13085732,,HOUSTON,Totopan Bakery,29.728832,-10634248.8755084,139825,,HARRIS
Convenience Store,5400,77092,1393445.0,TX,-95.462708,3825 MANGUM RD,,3481118.88452011,,HOUSTON,Blue Bell Express,29.825342,-10626860.044307,139923,,HARRIS
Convenience Store,3689,77034,1393499.0,TX,-95.220268,11211 ALMEDA GENOA RD,,3455079.79842998,,HOUSTON,Time Saver Gas & Grocery #3,29.622206,-10599871.746959,139939,,HARRIS
Convenience Store,1850,77080,1393534.0,TX,-95.509293,3911 HOLLISTER ST,,3481575.82394706,,HOUSTON,Hollister Food Mart,29.828903,-10632045.8627856,139948,,HARRIS
Convenience Store,    ,77033,1640322.0,TX,-95.354553,9607 CULLEN BLVD,,3463184.44572013,,HOUSTON,Cullen Food Mart,29.685476,-10614820.2847802,140008,,HARRIS
Convenience Store,6607,77090,1395058.0,TX,-95.434196,589 W AIRTEX BLVD,,3501527.28775261,,HOUSTON,24 Seven #35,29.984264,-10623686.1029855,140025,,HARRIS
Convenience Store,4816,77389,1395093.0,TX,-95.436432,2213 SPRING STUEBNER RD,,3514409.47161762,,SPRING,7-Eleven Store 38838H,30.084448,-10623935.0133669,140033,,HARRIS
Convenience Store,5339,77095,1368427.0,TX,-95.668495,7127 QUEENSTON BLVD,,3488453.69713976,,HOUSTON,Queenston Food Mart,29.882488,-10649768.1483588,140547,,HARRIS
Convenience Store,3724,77045,1368156.0,TX,-95.411316,12170 ALMEDA RD,,3456649.09167682,,HOUSTON,Almeda Stores Inc.,29.63446,-10621139.1130361,140657,,HARRIS
Convenience Store,2419,77506,1595381.0,TX,-95.209724,602 MAIN ST,,3465477.90887515,,PASADENA,Roadstar #17,29.703373,-10598697.9942481,140793,,HARRIS
Other,3711,77060,1481232.0,TX,-95.408012,50 ALDINE BENDER RD,,3494718.17015126,Ste 145,HOUSTON,Tortilleria Zacatecas 7,29.931269,-10620771.3134385,140958,,HARRIS
Convenience Store,5500,77375,1528347.0,TX,-95.620003,615 W MAIN ST,,3515820.45760074,,TOMBALL,Nick's Food Store ,30.095415,-10644370.0436113,140986,,HARRIS
Discount Retail,    ,77373,1326859.0,TX,-95.382706,22618 ALDINE WESTFIELD RD,,3509121.62797579,Ste B,SPRING,Dollar Tree 7568,30.043337,-10617954.2624045,141082,,HARRIS
Convenience Store,    ,77057,1154244.0,TX,-95.495255,6345 WINDSWEPT LN,,3468378.60946305,Ste 1,HOUSTON,Supermercado Americas,29.726004,-10630483.1597738,141164,,HARRIS
Supermarket,2201,77060,1326134.0,TX,-95.400955,549 GREENS RD,,3497216.41656751,,HOUSTON,Food Max,29.950716,-10619985.731792,141249,,HARRIS
Discount Retail,    ,77084,1325873.0,TX,-95.703484,2424 GREENHOUSE RD,,3477565.93709308,Ste 150,HOUSTON,Dollar Tree 7554,29.797649,-10653663.1060222,141457,,HARRIS
Super Store,5881,77449,1326093.0,TX,-95.775917,23119 COLONIAL PKWY,,3477075.4040876,,KATY,H Mart Katy Llc,29.793825,-10661726.3106988,141513,,HARRIS
Grocery Store,4907,77076,1216124.0,TX,-95.384537,5715 AIRLINE DR,,3484220.38721443,,HOUSTON,Airline Market Y Taqueria,29.84951,-10618158.0883922,141610,,HARRIS
Convenience Store,6537,77035,1300573.0,TX,-95.50708,14647 MAIN ST,,3456135.66307537,Ste A & B,HOUSTON,Time Square/eskimo Hut,29.630451,-10631799.5127524,141712,,HARRIS
Discount Retail,    ,77026,1326541.0,TX,-95.317085,5001 LOCKWOOD DR,,3478669.70490935,,HOUSTON,DOLLAR GENERAL 18197,29.806253,-10610649.3660992,141723,,HARRIS
Convenience Store,3618,77506,1578470.0,TX,-95.19413,1324 HARRIS AVE,,3464743.06427714,Ste 100,PASADENA,Harris Food Mart,29.697639,-10596962.0781087,141738,,HARRIS
Discount Retail,2836,77521,1325482.0,TX,-94.926369,3315 MASSEY TOMPKINS RD,,3473647.32732745,,BAYTOWN,Family Dollar 12141,29.767097,-10567155.0599344,141813,,HARRIS
Convenience Store,3718,77029,1326217.0,TX,-95.283661,1701 MCCARTY ST,,3472857.64493571,,HOUSTON,Saru Goodiya Inc,29.760939,-10606928.6234389,141923,,HARRIS
Discount Retail,6537,77571,1326305.0,TX,-95.018532,3052 S BROADWAY ST,,3455807.4329483,,LA PORTE,DOLLAR GENERAL 18672,29.627888,-10577414.5981644,141950,,HARRIS
Convenience Store,3150,77562,1326436.0,TX,-95.024063,2404 E WALLISVILLE RD,,3480306.93011166,,HIGHLANDS,Breaktime,29.819014,-10578030.3062679,141985,,HARRIS
Convenience Store,2747,77093,1079864.0,TX,-95.335541,11218 BENTLEY ST,,3488036.95349804,,HOUSTON,Rainbow Food Store,29.879242,-10612703.8786213,142053,,HARRIS
Convenience Store,2131,77053,1072697.0,TX,-95.464348,15509 S POST OAK RD,,3452382.06922526,,HOUSTON,Buzzy Bee,29.601137,-10627042.6082719,142071,,HARRIS
Grocery Store,2282,77433,1263722.0,TX,-95.680954,10750 BARKER CYPRESS RD,,3495493.78568368,Ste 105,CYPRESS,Himalya Bazaar 2,29.937307,-10651155.0778946,142075,,HARRIS
Convenience Store,1726,77008,1397026.0,TX,-95.412628,801 NORTH LOOP W,,3479455.25440946,,HOUSTON,Checkout #43 43,29.812376,-10621285.164208,142141,,HARRIS
Convenience Store,7520,77373,1397100.0,TX,-95.362679,4501 TREASCHWIG RD,,3508281.78949916,,SPRING,Birnam Food Store,30.036806,-10615724.8669624,142252,,HARRIS
Grocery Store,    ,77449,1301331.0,TX,-95.719803,3820 N. FRY RD,,3481560.68219439,,KATY,Supermercado Teloloapan 16,29.828785,-10655479.7287925,142271,,HARRIS
Supermarket,3037,77339,1301774.0,TX,-95.233688,1387 KINGWOOD DR,,3509939.14451007,,KINGWOOD,Aldi 78055,30.049694,-10601365.6545255,142363,,HARRIS
Grocery Store,7325,77379,1302070.0,TX,-95.517906,16215 STUEBNER AIRLINE RD,,3505428.98952894,,SPRING,Lmmm Houston 65 Ltd. 65,30.014618,-10633004.6575598,142431,,HARRIS
Grocery Store,    ,77036,1302109.0,TX,-95.552177,9817 BISSONNET ST,,3461853.30442004,Ste I,HOUSTON,Mex African Foods,29.675087,-10636819.6878287,142433,,HARRIS
Other,1737,77008,1160402.0,TX,-95.412514,803 W 24TH ST,,3478874.33059747,,HOUSTON,Elite Mobile Grocery,29.807848,-10621272.4737861,142572,,HARRIS
Pharmacy,    ,77204,1634315.0,TX,-95.485291,8201 KATY FREEWAY,,3475685.74786151,,HOUSTON,CVS Pharmacy 6726,29.782991,-10629373.9723675,142628,,HARRIS
Specialty Store,5231,77072,1302378.0,TX,-95.566933,10600 BELLAIRE BLVD,,3465571.72184336,Ste 114,HOUSTON,Linda's Tropical Fruits,29.704105,-10638462.3182349,142673,,HARRIS
Convenience Store,8810,77093,1302430.0,TX,-95.338333,3118 E CROSSTIMBERS ST,,3481597.38172746,,HOUSTON,V Stop,29.829071,-10613014.6826396,142686,,HARRIS
Convenience Store,3784,77346,1396160.0,TX,-95.191261,12331 WILL CLAYTON PKWY,,3500867.48157838,,HUMBLE,Time Saver,29.97913,-10596642.7024896,142699,,HARRIS
Discount Retail,3037,77339,1302450.0,TX,-95.23378,1385 KINGWOOD DR,,3509937.72985379,,KINGWOOD,Dollar Tree 7035,30.049683,-10601375.8959186,142700,,HARRIS
Convenience Store,4102,77057,1396166.0,TX,-95.501068,2424 S VOSS RD,,3470305.16632081,Ste S,HOUSTON,Voss Park Mart,29.741032,-10631130.2599738,142703,,HARRIS
Discount Retail,6328,77090,1302457.0,TX,-95.424416,15135 NORTH FWY,,3502143.8145325,Ste 120,HOUSTON,Dollar Tree 7369,29.989061,-10622597.3983655,142710,,HARRIS
Grocery Store,6402,77083,1302579.0,TX,-95.61631,13221 OLD RICHMOND RD,,3461887.25712808,,HOUSTON,Texas Grocers And Halal Meat Market,29.675352,-10643958.9407318,142727,,HARRIS
Convenience Store,3320,77051,1302616.0,TX,-95.355392,9421 CULLEN BLVD,,3459300.82945482,,HOUSTON,Cullen Food Mart,29.655163,-10614913.681833,142734,,HARRIS
Convenience Store,2726,77017,1395631.0,TX,-95.245316,10010 LA PORTE FWY,,3465758.96534467,,HOUSTON,Checkpoint  9,29.705566,-10602660.0775644,142753,,HARRIS
Convenience Store,6027,77089,1395649.0,TX,-95.204788,12375 SCARSDALE BLVD,,3451279.1447138,,HOUSTON,Food Mart,29.592522,-10598148.5212416,142757,,HARRIS
Convenience Store,7835,77036,1395689.0,TX,-95.555458,10101 BISSONNET ST,,3461794.62410162,Ste C,HOUSTON,99 Cent Mart,29.674629,-10637184.927078,142770,,HARRIS
Convenience Store,3346,77009,1396356.0,TX,-95.360947,4634 IRVINGTON BLVD,,3478230.3159472,,HOUSTON,Corner Food Mart,29.802828,-10615532.0616043,142824,,HARRIS
Convenience Store,2529,77044,1396495.0,TX,-95.227348,8005 JOHN RALSTON RD,,3482854.46831833,,HOUSTON,Peecee Food Mart,29.838867,-10600659.8889539,142846,,HARRIS
Convenience Store,8368,77379,1395829.0,TX,-95.480888,17627 KUYKENDAHL RD,,3507307.38390795,,SPRING,Cw Express Food Mart,30.029228,-10628883.8326496,142873,,HARRIS
Other,1737,77008,1396633.0,TX,-95.412498,803 W 24TH ST,,3478904.86436553,,HOUSTON,On The Go Grocery Supply,29.808086,-10621270.6926742,142904,,HARRIS
Convenience Store,6466,77571,1395886.0,TX,-95.012291,1105 SAN JACINTO ST,,3459186.18235904,,LA PORTE,Sylvan Beach Grocer,29.654268,-10576719.8532223,142942,,HARRIS
Convenience Store,5562,77449,1370497.0,TX,-95.720406,6120 FRY RD,,3485934.44087982,,KATY,Circle A Food Store 5,29.862864,-10655546.8544454,143128,,HARRIS
Convenience Store,3407,77070,1576040.0,TX,-95.570427,10203 CYPRESSWOOD DR,,3500812.60636435,,HOUSTON,Checkout #45,29.978703,-10638851.2685357,143135,,HARRIS
Convenience Store,2602,77067,1576321.0,TX,-95.46788,11470 VETERANS MEMORIAL DR,,3496918.22511737,,HOUSTON,Pitstop Express #24,29.948395,-10627435.7887133,143138,,HARRIS
Grocery Store,1331,77099,1370864.0,TX,-95.600876,12639 BISSONNET ST,,3462152.21944821,,HOUSTON,Sunrise African Supermarket,29.67742,-10642240.8357109,143175,,HARRIS
Convenience Store,1948,77093,1301803.0,TX,-95.354965,2104 WARDMONT ST,,3488178.94780549,,HOUSTON,Vy Food Store,29.880348,-10614866.1484104,143376,,HARRIS
Convenience Store,1107,77095,1130895.0,TX,-95.672562,17355 FM 529 RD,,3487988.16739062,,HOUSTON,Z's Corner Food Mart,29.878862,-10650220.8847279,143396,,HARRIS
Convenience Store,8809,77093,1370433.0,TX,-95.338013,3141 E CROSSTIMBERS ST,,3481648.06831822,,HOUSTON,Welcome Corner Store 1,29.829466,-10612979.0604025,143522,,HARRIS
Convenience Store,9001,77571,1370436.0,TX,-95.093208,1806 S BATTLEGROUND RD,,3464511.62382748,Ste A,LA PORTE,Battleground Food Mart 1,29.695833,-10585727.4924588,143525,,HARRIS
Supermarket,    ,77044,966519.0,TX,-95.196991,12680 WEST LAKE HOUSTON PKWY,,3493881.97624716,,HOUSTON,HEB Food Store 614,29.924759,-10597280.5631718,143582,,HARRIS
Convenience Store,3113,77004,1370185.0,TX,-95.365746,3305 EMANCIPATION AVE,,3469346.59513501,,HOUSTON,Star Food Mart,29.733555,-10616066.2838407,143679,,HARRIS
Convenience Store,1404,77087,988975.0,TX,-95.304665,4302 TELEPHONE RD,,3465416.00806972,,HOUSTON,Fuel Express 9,29.70289,-10609266.7780235,143722,,HARRIS
Convenience Store,4414,77087,989348.0,TX,-95.296638,5418 TELEPHONE RD,,3463188.41795221,,HOUSTON,Star Stop 18,29.685507,-10608373.2164709,143757,,HARRIS
Discount Retail,4215,77065,989424.0,TX,-95.586571,10719 JONES RD,,3494559.91850664,,HOUSTON,Dollar Tree 428,29.930037,-10640648.4103951,143767,,HARRIS
Convenience Store,1847,77502,1267589.0,TX,-95.220497,1615 RICHEY ST,,3463478.52234268,,PASADENA,El Pulgarcito De America,29.687771,-10599897.2391224,143829,,HARRIS
Super Store,    ,77433,1368856.0,TX,-95.715202,26960 NORTHWEST FWY,,3500834.83915097,,CYPRESS,Costco Wholesale 1208,29.978876,-10654967.5478153,143879,,HARRIS
Convenience Store,2047,77099,1303102.0,TX,-95.576912,11249 BISSONNET ST,,3461733.25348686,,HOUSTON,N P Food Mart,29.67415,-10639573.1754335,144181,,HARRIS
Specialty Store,1501,77083,1303362.0,TX,-95.643776,6275 HIGHWAY 6 S,,3466310.07427722,,HOUSTON,Jolly Jollybakery Inc,29.709866,-10647016.4418659,144230,,HARRIS
Convenience Store,2745,77080,1303416.0,TX,-95.526344,3231 CAMPBELL RD,,3480843.13760157,,HOUSTON,Mundo Latino,29.823193,-10633943.9714231,144234,,HARRIS
Pharmacy,1110,77091,1303610.0,TX,-95.486366,6486 W LITTLE YORK RD,,3486319.5376531,,HOUSTON,Walgreens 16261,29.865864,-10629493.6408202,144267,,HARRIS
Supermarket,2337,77521,1302941.0,TX,-94.964058,4910 N MAIN ST,,3474940.95711017,#100,BAYTOWN,Lmmm Houston 69 Ltd. 69,29.777184,-10571350.5802229,144337,,HARRIS
Convenience Store,5852,77493,1328968.0,TX,-95.802322,25010 FRANZ RD,,3478148.59767392,,KATY,Speedy Express #39,29.802191,-10664665.7018532,144453,,HARRIS
Convenience Store,    ,77036,991121.0,TX,-95.532951,8331-C BEECHNUT ST.,,3463936.75707902,,HOUSTON,Arandas Bakery Inc 2,29.691347,-10634679.4592988,144534,,HARRIS
Convenience Store,3275,77429,1328009.0,TX,-95.633293,13925 CYPRESS NORTH HOUSTON RD,,3496714.33863182,,CYPRESS,Prime Mart 50,29.946808,-10645849.4796439,144574,,HARRIS
Convenience Store,1916,77095,1328120.0,TX,-95.634132,15204 WEST RD,,3491021.60467537,,HOUSTON,Super K Food Store,29.902487,-10645942.8766967,144610,,HARRIS
Discount Retail,2219,77091,1328161.0,TX,-95.422531,6831 W MONTGOMERY RD,,3485387.23827848,,HOUSTON,Family Dollar 12197,29.858601,-10622387.5611254,144625,,HARRIS
Convenience Store,4610,77045,1327647.0,TX,-95.429901,3504 W OREM DR,,3455859.93896237,,HOUSTON,Shop N Carry,29.628298,-10623207.9857725,144655,,HARRIS
Convenience Store,3351,77004,1327819.0,TX,-95.353783,3329 ANITA ST,,3469062.63999243,,HOUSTON,Anita Food Store,29.73134,-10614734.5687723,144722,,HARRIS
Grocery Store,5536,77082,1327194.0,TX,-95.604706,3533 S DAIRY ASHFORD RD,,3467634.37018846,Ste E,HOUSTON,Aa&t African Food Market,29.720198,-10642667.1893606,144828,,HARRIS
Convenience Store,1103,77095,1327200.0,TX,-95.673073,17403 FM 529 RD,,3487987.91062212,,HOUSTON,Houston FM 529 Food Store,29.87886,-10650277.7689877,144830,,HARRIS
Convenience Store,1635,77084,1327270.0,TX,-95.68338,5803 BARKER CYPRESS RD,,3485327.68022214,,HOUSTON,Kroozin Market,29.858137,-10651425.1389793,144842,,HARRIS
Convenience Store,2546,77016,1328362.0,TX,-95.314072,5175 LITTLE YORK RD,,3486901.69759045,,HOUSTON,Little York C-Store,29.870399,-10610313.9604734,144947,,HARRIS
Convenience Store,2507,77088,1328368.0,TX,-95.479164,8501 ANTOINE DR,,3489573.1690576,,HOUSTON,Inwood Express,29.891207,-10628691.9178475,144951,,HARRIS
Convenience Store,4227,77018,1328446.0,TX,-95.429718,4303 ELLA BLVD,,3481530.14210359,,HOUSTON,Handi Stop 12,29.828547,-10623187.6143057,144971,,HARRIS
Convenience Store,6352,77026,1328461.0,TX,-95.342186,2724 QUITMAN ST,,3475723.45668751,,HOUSTON,Fuel Stop,29.783285,-10613443.5966376,144974,,HARRIS
Convenience Store,2125,77091,1328542.0,TX,-95.428116,7615 W MONTGOMERY RD,,3486001.19015771,,HOUSTON,A-Little York Food Mart,29.863384,-10623009.2804814,144991,,HARRIS
Supermarket,9638,77521,1305638.0,TX,-94.980591,6430 GARTH RD,,3477380.06084821,,BAYTOWN,HEB 742,29.7962,-10573191.0253642,145008,,HARRIS
Discount Retail,1331,77099,1253473.0,TX,-95.601196,12653 BISSONNET ST,,3462163.87894047,A,HOUSTON,Dollar Tree 6437,29.677511,-10642276.4579479,145059,,HARRIS
Super Store,6291,77044,1253560.0,TX,-95.200836,14221 E SAM HOUSTON PKWY N,,3494009.90651733,,HOUSTON,Kroger 128,29.925755,-10597708.5866139,145073,,HARRIS
Grocery Store,2909,77520,1574747.0,TX,-94.961456,301 CEDAR BAYOU RD,,3471162.77439137,,BAYTOWN,Asian Avenue.,29.747721,-10571060.9269079,145169,,HARRIS
Convenience Store,4315,77530,1305099.0,TX,-95.113808,16121 EAST FWY,,3475629.82613297,,CHANNELVIEW,Diamond Food Mart,29.782555,-10588020.6739692,145264,,HARRIS
Supermarket,6709,77077,1253979.0,TX,-95.582863,11683 WESTHEIMER RD,,3469721.19476107,,HOUSTON,HOUSTON (WEST) 431,29.736477,-10640235.6377232,145291,,HARRIS
Discount Retail,4748,77045,1251488.0,TX,-95.417801,2913 W OREM DR,,3455823.82504683,,HOUSTON,Family Dollar 11487,29.628016,-10621861.0199339,145402,,HARRIS
Supermarket,1144,77037,1305333.0,TX,-95.40937,161 WEST RD,,3492637.6770967,,HOUSTON,Aldi 78073,29.915071,-10620922.485307,145436,,HARRIS
Convenience Store,3713,77012,1251538.0,TX,-95.278091,1225 BROADWAY ST,,3466851.72200518,,HOUSTON,Star Stop 57,29.714092,-10606308.5738752,145482,,HARRIS
Discount Retail,4338,77073,1304615.0,TX,-95.408524,20741 IMPERIAL VALLEY DR,,3502734.1504532,,HOUSTON,Family Dollar 11955,29.993654,-10620828.3090178,145489,,HARRIS
Other,8364,77036,1304641.0,TX,-95.549789,9801 BISSONNET ST,,3461779.50563494,Suite H,HOUSTON,Holyland Meat Market,29.674511,-10636553.8568847,145509,,HARRIS
Convenience Store,3737,77080,1252476.0,TX,-95.544846,2750 GESSNER RD,,3480727.27177292,,HOUSTON,Kempwood Chervon,29.82229,-10636003.6046417,145637,,HARRIS
Super Store,2739,77504,1397358.0,TX,-95.206573,118 FAIRMONT PKWY,,3458581.32372297,,PASADENA,El Rancho 1638,29.649546,-10598347.2265326,145662,,HARRIS
Super Store,2437,77450,1252559.0,TX,-95.751648,569 S MASON RD,,3474815.14086053,,KATY,99 Ranch Market 106,29.776203,-10659024.6979768,145667,,HARRIS
Convenience Store,6577,77008,1252561.0,TX,-95.411713,910 N DURHAM DR,,3476218.42736105,Ste E,HOUSTON,Runny Food Store,29.787144,-10621183.306874,145668,,HARRIS
Convenience Store,8039,77377,1641905.0,TX,-95.608665,12010 SPRING CYPRESS RD,,3505249.77868217,,TOMBALL,Panthers 2 00009,30.013224,-10643107.9032247,145784,,HARRIS
Convenience Store,4221,77009,1305918.0,TX,-95.354187,3701 CHAPMAN ST,,3477120.17214364,,HOUSTON,Chapman Food Store,29.794174,-10614779.5418466,145847,,HARRIS
Convenience Store,3018,77083,1577345.0,TX,-95.661591,15655 BELLAIRE BLVD,,3464892.74669491,,HOUSTON,Family Food Store,29.698807,-10648999.5985944,146020,,HARRIS
Specialty Store,7597,77083,1569596.0,TX,-95.64579,6704 HIGHWAY 6 S,,3465610.42629997,,HOUSTON,El Bolillo Bakery #4 4,29.704407,-10647240.6393204,146031,,HARRIS
Grocery Store,3850,77063,1359982.0,TX,-95.534271,9540 RICHMOND AVE,,3468768.05117038,Ste C,HOUSTON,Regios Meat Market 2,29.729042,-10634826.4010266,146089,,HARRIS
Discount Retail,    ,77521,1605569.0,TX,-94.987366,4900 E. WALLISVILLE RD.,,3480547.25196954,Suite 500,BAYTOWN,DOLLARTREE 9678,29.820887,-10573945.2149143,146139,,HARRIS
Convenience Store,7001,77080,1323128.0,TX,-95.544968,1653 GESSNER RD,,3478153.72910434,,HOUSTON,Korner Store,29.802231,-10636017.1856196,146151,,HARRIS
Supermarket,5821,77062,1323154.0,TX,-95.121284,16701 EL CAMINO REAL,,3446610.77773829,,HOUSTON,Aldi 78066,29.556049,-10588852.8984824,146158,,HARRIS
Other,6300,77099,1323288.0,TX,-95.598335,12450 BISSONNET ST,,3462086.8752363,Ste 190,HOUSTON,Freetown International Market,29.67691,-10641957.9728848,146188,,HARRIS
Convenience Store,4219,77065,1664429.0,TX,-95.584991,10957 JONES RD,,3494697.74633053,,HOUSTON,QuikTrip 4629,29.93111,-10640472.5255996,146294,,HARRIS
Convenience Store,6910,77040,1660536.0,TX,-95.541435,7677 GESSNER RD,,3488842.84986232,,HOUSTON,Get N Go 501,29.885519,-10635623.8938586,146369,,HARRIS
Convenience Store,6029,77007,1329282.0,TX,-95.390182,3000 WASHINGTON AVE,,3473872.90482224,,HOUSTON,Flowers Bakery Outlet 299,29.768856,-10618786.4869177,146460,,HARRIS
Pharmacy,3307,77096,265315.0,TX,-95.47847,5300 N BRAESWOOD BLVD,,3462340.82264038,,HOUSTON,Walgreens 553,29.678892,-10628614.6621208,146503,,HARRIS
Grocery Store,4830,77015,1397444.0,TX,-95.217171,883 FEDERAL RD,,3474725.10797057,Ste G,HOUSTON,Coastal Seafood Market,29.775501,-10599526.9904961,146539,,HARRIS
Convenience Store,4405,77025,1397522.0,TX,-95.422569,9200 MAIN ST,,3463132.16613468,,HOUSTON,Grab N Go 4,29.685068,-10622391.791266,146569,,HARRIS
Convenience Store,4267,77506,1397528.0,TX,-95.219673,1219 RICHEY ST,,3463925.99298879,,PASADENA,Classic Fuel,29.691263,-10599805.511862,146573,,HARRIS
Convenience Store,6751,77090,1397697.0,TX,-95.431427,13102 KUYKENDAHL RD,,3500480.14728971,,HOUSTON,Kuykendahl Texaco,29.976116,-10623377.8593155,146635,,HARRIS
Convenience Store,3429,77338,1638321.0,TX,-95.318611,7031 FM 1960 RD W,,3504541.31627076,Ste F,HUMBLE,A&M Convenience Store & More 00001,30.007713,-10610819.2396421,146829,,HARRIS
Convenience Store,2248,77396,1397855.0,TX,-95.273254,15742 OLD HUMBLE RD,,3497030.89724276,,HUMBLE,Cougars Mart ,29.949272,-10605770.1214982,146871,,HARRIS
Convenience Store,4513,77530,1360322.0,TX,-95.114525,16141 MARKET ST,,3474863.36386457,,CHANNELVIEW,Magic Stop,29.776579,-10588100.4900441,146884,,HARRIS
Super Store,4547,77072,1360382.0,TX,-95.569283,10828 BEECHNUT ST,,3463598.07698108,Ste C,HOUSTON,Wazobia African Market,29.688704,-10638723.9190383,146892,,HARRIS
Convenience Store,5409,77092,1635458.0,TX,-95.462631,3801 MANGUM RD,,3481000.19328628,,HOUSTON,A J Mart,29.824417,-10626851.4727062,147147,,HARRIS
Convenience Store,5008,77021,1373654.0,TX,-95.353722,6802 CULLEN BLVD,,3463665.7354033,,HOUSTON,Sunmart 290 ,29.689232,-10614727.7782834,147181,,HARRIS
Convenience Store,4513,77091,1373827.0,TX,-95.45459,4590 W TIDWELL RD,,3483849.08619933,,HOUSTON,Roadster 15,29.846617,-10625956.3526807,147241,,HARRIS
Supermarket,3106,77388,1350519.0,TX,-95.491524,4623 FM 2920 RD,,3512926.73474887,Ste 100,SPRING,Lmmm Houston 75 Ltd. 75,30.072922,-10630067.8267537,147283,,HARRIS
Super Store,4234,77072,1350566.0,TX,-95.575539,11214 BEECHNUT ST,,3463520.80842233,,HOUSTON,El Ahorro Supermarket 18 Llc. 18,29.688101,-10639420.3337727,147297,,HARRIS
Other,2838,77080,1094875.0,TX,-95.524437,9443 KEMPWOOD DR,,3480574.58196945,,HOUSTON,Thang Hung Food Market,29.8211,-10633731.6851541,147444,,HARRIS
Specialty Store,    ,77433,1650767.0,TX,-95.725388,20611 FM 529,,3488104.48404824,Suite 106,CYPRESS,Seafood Central,29.879768,-10656101.4481485,147460,,HARRIS
Convenience Store,1657,77075,1371365.0,TX,-95.252762,9042 DEXTER ST,,3457051.49874461,,HOUSTON,Shah Food Mart,29.637602,-10603488.9624929,147627,,HARRIS
Convenience Store,3008,77066,1372356.0,TX,-95.520607,11602 CUTTEN RD,,3497199.71457889,,HOUSTON,Roadster 6,29.950586,-10633305.3315044,147825,,HARRIS
Convenience Store,2897,77028,1373576.0,TX,-95.262062,8000 MESA DR,,3482478.9720102,,HOUSTON,Mesa Food Mart,29.835941,-10604524.2337573,147901,,HARRIS
Discount Retail,    ,77045,1349885.0,TX,-95.446144,13239 HIRAM CLARKE RD,,3456684.05525568,,HOUSTON,Family Dollar 12273,29.634733,-10625016.1482615,147930,,HARRIS
Convenience Store,3648,77051,1638856.0,TX,-95.368729,3637 SUNBEAM ST,,3458651.64572791,,HOUSTON,J & B Food Market,29.650095,-10616398.3498817,148042,,HARRIS
Convenience Store,5310,77048,1378035.0,TX,-95.30233,6297 FUQUA ST,,3453778.43125831,,HOUSTON,Fuqua Express,29.612043,-10609006.8470125,148082,,HARRIS
Specialty Store,6741,77449,1306268.0,TX,-95.720474,3111 N FRY ROAD,,3478071.7547488,Ste 200,HOUSTON,Panaderia Tierra Caliente 6,29.801592,-10655554.4241708,148113,,HARRIS
Convenience Store,1714,77051,990238.0,TX,-95.356003,7410 CULLEN BLVD,,3462458.5729085,,HOUSTON,Star Stop 28,29.679811,-10614981.6980419,148370,,HARRIS
Convenience Store,1529,77037,1113994.0,TX,-95.409241,502 W MOUNT HOUSTON RD,,3490415.37332874,,HOUSTON,Okay Food Store,29.897766,-10620908.1250927,148510,,HARRIS
Convenience Store,2322,77049,1295914.0,TX,-95.18866,8130 ROYALWOOD DR,,3483179.53945274,,HOUSTON,Cherry's Food Mart,29.8414,-10596353.160494,148593,,HARRIS
Convenience Store,3301,77042,1377689.0,TX,-95.567711,2901 WALNUT BEND LN,,3469129.17338894,,HOUSTON,Korner Stop & Go NA,29.731859,-10638548.9247987,148857,,HARRIS
Specialty Store,3903,77586,1254760.0,TX,-95.02269,313 TODVILLE RD,,3446138.05768334,,SEABROOK,L & A  Seafood Wholesale. Retail. Fishing Supplied,29.552355,-10577877.4646071,149114,,HARRIS
Convenience Store,2607,77504,1257058.0,TX,-95.207214,4363 SHAVER ST,,3457912.5793416,,PASADENA,Shaver Food Mart,29.644325,-10598418.5823262,149225,,HARRIS
Discount Retail,1204,77520,1255745.0,TX,-95.032005,7916 BAYWAY DR,,3475412.5545723,,BAYTOWN,Dollar General 16989,29.780861,-10578914.4056638,149299,,HARRIS
Pharmacy,    ,77433,1255214.0,TX,-95.769508,22125 CUMBERLAND RIDGE DR,,3505527.33801528,,CYPRESS,CVS 10906,30.015383,-10661012.8640823,149308,,HARRIS
Convenience Store,6216,77022,1308622.0,TX,-95.377975,45 E CROSSTIMBERS ST,,3481522.69957148,,HOUSTON,Murphy USA 7589,29.828489,-10617427.6098936,149506,,HARRIS
Convenience Store,5101,77072,1255636.0,TX,-95.61454,13197 BELLAIRE BLVD,,3465476.49912264,,HOUSTON,Circle K 2703310,29.703362,-10643761.9052331,149585,,HARRIS
Grocery Store,1600,77598,1255693.0,TX,-95.154999,14212 HIGHWAY 3,,3449315.87766808,Ste E,WEBSTER,Hwy 3 Halal Grocers,29.577185,-10592606.0351145,149596,,HARRIS
Convenience Store,4413,77502,1398497.0,TX,-95.218819,807 QUEENS RD,,3461928.51299187,,PASADENA,Queens Corner Store,29.675674,-10599710.4450169,149745,,HARRIS
Convenience Store,4422,77587,1631853.0,TX,-95.208672,3400 S SHAVER ST,,3459719.33203317,Ste A,SOUTH HOUSTON,L & J Market,29.65843,-10598580.8861438,149762,,HARRIS
Other,4212,77072,1398570.0,TX,-95.578056,11328 BEECHNUT ST,,3463553.22784409,,HOUSTON,Motherland African Food Market & Halal Meat,29.688354,-10639700.524931,149793,,HARRIS
Convenience Store,7203,77027,1398688.0,TX,-95.451485,3811 NEWCASTLE DR,,3468538.46116643,,HOUSTON,Korner Food Mart #3,29.727251,-10625610.7056618,149830,,HARRIS
Supermarket,2010,77035,1360849.0,TX,-95.508545,11338 FONDREN RD,,3459324.27138878,,HOUSTON,Bonito Michoacan Inc 1,29.655346,-10631962.5958065,150008,,HARRIS
Convenience Store,1436,77093,1399817.0,TX,-95.330177,4302 MOUNT HOUSTON RD,,3489466.59737994,,HOUSTON,US Super Mart #3,29.890377,-10612106.7608726,150095,,HARRIS
Convenience Store,3701,77082,1360824.0,TX,-95.667068,16116 WESTPARK DR,,3466531.54981686,,HOUSTON,Vineyard Market,29.711594,-10649609.2954455,150114,,HARRIS
Convenience Store,2000,77074,1398941.0,TX,-95.518211,7324 SOUTHWEST FWY,,3465272.85558744,Ste 150,HOUSTON,Arena Mart,29.701773,-10633038.6100045,150220,,HARRIS
Discount Retail,4602,77048,1399330.0,TX,-95.342377,4712 ALMEDA GENOA RD,,3454856.98297174,,HOUSTON,Dollar General 20738,29.620466,-10613464.8586603,150281,,HARRIS
Discount Retail,3604,77047,1399331.0,TX,-95.377098,3050 ALMEDA GENOA RD,,3454129.91422922,,HOUSTON,Dollar General 20582,29.614788,-10617329.9827002,150288,,HARRIS
Convenience Store,2900,77571,1361757.0,TX,-95.084969,9803 W FAIRMONT PKWY,,3458857.87458444,,LA PORTE,Kbk Food Mart,29.651705,-10584810.3311742,150368,,HARRIS
Convenience Store,1942,77076,1361271.0,TX,-95.364952,11419 W HARDY RD,,3486538.40614609,,HOUSTON,Hardy Food Mart,29.867569,-10615977.896165,150480,,HARRIS
Convenience Store,2288,77598,1362404.0,TX,-95.144043,497 EL DORADO BLVD,,3447135.85765811,,WEBSTER,Teloloapan Meat Market 7 7,29.560152,-10591386.4187733,150526,,HARRIS
Discount Retail,4109,77086,1350941.0,TX,-95.465851,11740 TOMBALL PKWY,,3490903.4637143,,HOUSTON,Family Dollar 12229,29.901567,-10627209.9214665,150754,,HARRIS
Convenience Store,6302,77002,1361966.0,TX,-95.365555,1101 MAIN ST,,3472226.11348109,,HOUSTON,Main Food Store,29.756014,-10616045.0218179,150776,,HARRIS
Convenience Store,3702,77043,1326342.0,TX,-95.576965,1621 UPLAND DR,,3477429.44799368,Ste A,HOUSTON,Upland Mart,29.796585,-10639579.0753665,150818,,HARRIS
Convenience Store,5801,77090,1574619.0,TX,-95.426369,121 RICHEY RD,,3503231.32368597,,HOUSTON,QuikTrip 7941,29.997522,-10622814.805331,150910,,HARRIS
Convenience Store,2028,77502,1399493.0,TX,-95.209564,1700 SHAVER ST,,3463351.4086605,,PASADENA,Checkpoint 13,29.686779,-10598680.1831296,150970,,HARRIS
Grocery Store,1919,77031,1351790.0,TX,-95.567261,11821 WILCREST DR,,3458711.20838184,,HOUSTON,Acacia Food Mart,29.65056,-10638498.8310279,151097,,HARRIS
Grocery Store,6321,77084,1351243.0,TX,-95.675652,17550 W LITTLE YORK RD,,3486268.31911471,,HOUSTON,Ruben Foods,29.865465,-10650564.8619544,151111,,HARRIS
Convenience Store,2901,77088,1351269.0,TX,-95.464096,5251 W GULF BANK RD,,3488497.09266728,,HOUSTON,Time Express 3,29.882826,-10627014.5557602,151129,,HARRIS
Discount Retail,    ,77086,1351352.0,TX,-95.465843,11740 TOMBALL PKWY,,3490903.7205413,St. D,HOUSTON,Dollar Tree 7517,29.901569,-10627209.0309106,151160,,HARRIS
Convenience Store,5136,77429,1426709.0,TX,-95.614578,12607 LOUETTA RD,,3503018.59595253,,CYPRESS,Louetta Food Mart,29.995867,-10643766.1353737,151219,,HARRIS
Grocery Store,6218,77070,1426921.0,TX,-95.5606,9111 FM 1960 RD W,,3497026.52909168,Ste B,HOUSTON,Hi-lo African Caribbean Food Market,29.949238,-10637757.3318997,151320,,HARRIS
Farmers and Markets,3108,77021,1599289.0,TX,-95.329979,5400 BEEKMAN RD,,3465033.46000689,,HOUSTON,Palm Center Farmers Market,29.699905,-10612084.7196135,151326,,HARRIS
Super Store,    ,77095,1374747.0,TX,-95.645149,6160 HIGHWAY 6 N,,3486758.9472143,,HOUSTON,El Rancho 1641,29.869287,-10647169.2835268,151327,,HARRIS
Convenience Store,5418,77090,1373914.0,TX,-95.434624,15710 ELLA BLVD,,3503004.07146927,,HOUSTON,Time Maxx 7,29.995754,-10623733.7477275,151370,,HARRIS
Specialty Store,3842,77067,1426632.0,TX,-95.46347,11078 VETERANS MEMORIAL DR,,3496122.35396544,Ste 263,HOUSTON,Dong Hung Meat Market,29.9422,-10626944.8697589,151460,,HARRIS
Convenience Store,4662,77048,1624524.0,TX,-95.341904,4720 ALMEDA GENOA RD,,3454860.4404236,Ste 106,HOUSTON,Almeda Food Store,29.620493,-10613412.2045412,151501,,HARRIS
Grocery Store,5972,77057,1378927.0,TX,-95.501053,3511 HILLCROFT ST,,3468571.02142012,,HOUSTON,Mecca Halal Meat & Supermarket,29.727505,-10631128.5901814,151558,,HARRIS
Supermarket,5938,77007,1379038.0,TX,-95.396957,3663 WASHINGTON AVE,,3473949.4661344,,HOUSTON,HEB Food Store 744,29.769453,-10619540.6764678,151644,,HARRIS
Convenience Store,1021,77338,1374070.0,TX,-95.381035,21505 ALDINE WESTFIELD RD,,3507101.40271655,,HUMBLE,Roadster 9,30.027626,-10617768.2475354,151699,,HARRIS
Super Store,3800,77067,1352147.0,TX,-95.466583,11303 VETERANS MEMORIAL DR,,3496616.31497051,,HOUSTON,El Rancho 1636,29.946045,-10627291.4073338,151771,,HARRIS
Convenience Store,5420,77096,1373830.0,TX,-95.508659,10600 FONDREN RD,,3460746.62324988,,HOUSTON,Polar Express,29.666449,-10631975.2862284,151777,,HARRIS
Supermarket,3366,77063,1379810.0,TX,-95.533966,9525 WESTHEIMER RD,,3469813.11563857,,HOUSTON,ALDI 78032,29.737194,-10634792.4485819,152125,,HARRIS
Supermarket,6417,77018,1379812.0,TX,-95.410469,3938 N SHEPHERD DR,,3480765.50866377,,HOUSTON,ALDI 78077,29.822588,-10621044.8254274,152139,,HARRIS
Convenience Store,5906,77087,1379145.0,TX,-95.303864,7060 BELLFORT ST,,3461175.42209706,,HOUSTON,A2z Food Store,29.669796,-10609177.6111114,152223,,HARRIS
Convenience Store,5548,77449,1379192.0,TX,-95.710861,19550 CLAY RD,,3481876.8662328,,KATY,Sal's Mart,29.831249,-10654484.3099058,152250,,HARRIS
Supermarket,3929,77084,1379369.0,TX,-95.686668,3700 BARKER CYPRESS RD,,3481039.07256405,,HOUSTON,La Michoacana Supermarket 20,29.82472,-10651791.157465,152320,,HARRIS
Convenience Store,6504,77047,1257391.0,TX,-95.375336,3331 S SAM HOUSTON PKWY E,,3452007.71725236,,HOUSTON,Circle K 1912,29.598213,-10617133.8377574,152390,,HARRIS
Convenience Store,5615,77050,1257483.0,TX,-95.288109,6835 MOUNT HOUSTON RD,,3489595.12550144,,HOUSTON,Star Food & Grocery,29.891378,-10607423.7725339,152402,,HARRIS
Discount Retail,2613,77502,1257703.0,TX,-95.193092,2017 STRAWBERRY RD,,3462828.87184404,,PASADENA,Family Dollar 11690,29.682701,-10596846.5284772,152439,,HARRIS
Convenience Store,2607,77043,1257773.0,TX,-95.554848,2145 SHADOWDALE DR,,3479292.31596879,,HOUSTON,Happy Food Mart,29.811106,-10637117.0221887,152443,,HARRIS
Discount Retail,    ,77068,1311017.0,TX,-95.496956,4425 FM 1960,,3502088.93383032,Ste A,HOUSTON,Dollar Tree 2215,29.988634,-10630672.5142277,152675,,HARRIS
Discount Retail,2009,77033,1311161.0,TX,-95.336395,7545 MARTIN LUTHER KING BLVD,,3461595.7792458,,HOUSTON,Family Dollar 12010,29.673077,-10612798.9454664,152721,,HARRIS
Discount Retail,3024,77078,1311162.0,TX,-95.262314,9630 MESA DR,,3484456.4185824,,HOUSTON,Family Dollar 11990,29.851349,-10604552.2862689,152722,,HARRIS
Convenience Store,3785,77029,1310603.0,TX,-95.28479,8003 FILLMORE ST,,3472535.52795837,Ste A,HOUSTON,Vegas Mini Mart,29.758427,-10607054.303144,152838,,HARRIS
Convenience Store,6217,77449,1310265.0,TX,-95.720612,3051 FRY RD,,3479543.78088656,,KATY,Fuel Depot 31,29.813066,-10655569.7862605,152864,,HARRIS
Discount Retail,3544,77396,1310294.0,TX,-95.242363,1703 ATASCOCITA RD,,3498934.52547688,,HUMBLE,DOLLAR GENERAL 18431,29.964088,-10602331.3511081,152879,,HARRIS
Discount Retail,    ,77044,1259917.0,TX,-95.22731,12020 RALSTON RD,,3489903.03328426,,HOUSTON,Dollar General 17135,29.893776,-10600655.6588132,153023,,HARRIS
Discount Retail,    ,77048,1260249.0,TX,-95.34079,12375 MARTIN LUTHER KING JR BLVD,,3452198.73270331,,HOUSTON,Family Dollar 11649,29.599705,-10613288.1946284,153087,,HARRIS
Grocery Store,5400,77083,1258416.0,TX,-95.651276,15036 BEECHNUT ST,,3463726.60265885,,HOUSTON,La Dispensa,29.689707,-10647851.3380469,153233,,HARRIS
Supermarket,1602,77036,1458501.0,TX,-95.540344,5708 S GESSNER RD,,3467463.24995336,,HOUSTON,Sun Wing Supermarket,29.718863,-10635502.4442942,153347,,HARRIS
Convenience Store,2103,77014,1458617.0,TX,-95.486641,12675 VETERANS MEMORIAL DR,,3499985.52281144,,HOUSTON,Revolution #3,29.972267,-10629524.2536801,153384,,HARRIS
Convenience Store,5324,77035,1400039.0,TX,-95.49334,12540 HILLCROFT ST,,3457314.05627303,,HOUSTON,Swift Stop,29.639652,-10630269.9829489,153466,,HARRIS
Convenience Store,4600,77054,1400044.0,TX,-95.393478,8550 ALMEDA RD,,3462653.71527677,,HOUSTON,Almeda Express,29.681334,-10619153.3959593,153471,,HARRIS
Convenience Store,3219,77389,1258792.0,TX,-95.505936,24834 GOSLING RD,,3519688.9600213,,SPRING,Circle K 1907,30.125477,-10631672.163255,153508,,HARRIS
Supermarket,2205,77021,1258810.0,TX,-95.363556,3618 OLD SPANISH TRL,,3465298.99969994,,HOUSTON,ALDI 78018 78018,29.701977,-10615822.4941558,153524,,HARRIS
Convenience Store,    ,77338,1626723.0,TX,-95.258888,1432 FM 1960 E,,3504182.92204342,,HUMBLE,Shop N Go 7,30.004925,-10604170.9056935,153591,,HARRIS
Convenience Store,4428,77028,1458015.0,TX,-95.284096,6402 N WAYSIDE DR,,3480554.82224538,,HOUSTON,Friendly Store 8,29.820946,-10606977.0474174,153853,,HARRIS
Convenience Store,4007,77503,1458090.0,TX,-95.155167,2449 E SAM HOUSTON PKWY S,,3462026.27197916,,PASADENA,Beltway Express,29.676437,-10592624.7367889,153877,,HARRIS
Convenience Store,4602,77004,1458155.0,TX,-95.361053,3130 ALABAMA ST,,3468410.40018085,,HOUSTON,Alabama Food Mart,29.726252,-10615543.8614704,153898,,HARRIS
Convenience Store,4133,77028,1400336.0,TX,-95.318916,6729 LOCKWOOD DR,,3480682.49112957,,HOUSTON,Sun Food Mart,29.821941,-10610853.1920868,153909,,HARRIS
Convenience Store,3203,77091,1625469.0,TX,-95.406738,470 W PARKER RD,,3485455.26829367,,HOUSTON,Parker Food Mart,29.859131,-10620629.4924073,153914,,HARRIS
Discount Retail,    ,77449,1363392.0,TX,-95.723885,6871 N FRY RD,,3488091.51712789,,CYPRESS,Family Dollar 12283,29.879667,-10655934.1349539,154028,,HARRIS
Convenience Store,3809,77074,1384717.0,TX,-95.528404,9331 S GESSNER RD,,3462526.3534748,,HOUSTON,Save N Go Market #3,29.68034,-10634173.2895741,154034,,HARRIS
Convenience Store,1422,77086,1363091.0,TX,-95.482552,3551 N SAM HOUSTON PKWY W,,3495466.16689947,,HOUSTON,Chevron Food Mart,29.937092,-10629069.0682823,154079,,HARRIS
Pharmacy,3604,77038,1384412.0,TX,-95.429977,1802 W MOUNT HOUSTON RD,,3490491.5198532,,HOUSTON,CVS Pharmacy 11278,29.898359,-10623216.4460538,154144,,HARRIS
Convenience Store,3340,77587,1362835.0,TX,-95.240631,406 S RICHEY ST,,3461226.0282206,,SOUTH HOUSTON,Gas Mart,29.670191,-10602138.5457501,154424,,HARRIS
Discount Retail,4745,77521,1384258.0,TX,-94.941307,2203 MASSEY TOMPKINS RD,,3473450.22277611,,BAYTOWN,Dollar General 20107,29.76556,-10568817.9504879,154487,,HARRIS
Grocery Store,3416,77038,1372122.0,TX,-95.450356,11503 MOONGLOW DR,,3490457.23459977,,HOUSTON,La Esperanza Meat Market 5,29.898092,-10625485.0259567,154586,,HARRIS
Convenience Store,2007,77028,1260666.0,TX,-95.262222,8620 MESA DR,,3483042.22059716,,HOUSTON,Mesa Food Mart 1,29.84033,-10604542.0448758,154628,,HARRIS
Super Store,6240,77449,1363847.0,TX,-95.718903,3050 FRY RD,,3479608.70069136,,KATY,El Rancho 1639,29.813572,-10655379.5412507,154653,,HARRIS
Convenience Store,3224,77064,1570996.0,TX,-95.542786,8635 FALLBROOK DR,,3494127.94773142,,HOUSTON,Swift Fallbrook,29.926674,-10635774.2864907,154743,,HARRIS
Convenience Store,5500,77040,1363596.0,TX,-95.515823,8102 W TIDWELL RD,,3484412.78004648,,HOUSTON,M & G Market,29.851009,-10632772.7790604,154772,,HARRIS
Discount Retail,5208,77035,1311898.0,TX,-95.5084,12620 FONDREN RD,,3457490.03684739,,HOUSTON,Family Dollar 11983,29.641026,-10631946.4544803,154809,,HARRIS
Discount Retail,    ,77433,1364146.0,TX,-95.705162,19130 FM 529 RD,,3488116.0387408,,CYPRESS,Dollar General 20090,29.879858,-10653849.9001278,154926,,HARRIS
Super Store,1912,77449,1260749.0,TX,-95.775002,2700 W GRAND PKWY N,,3478071.24160895,,KATY,Kroger 122,29.801588,-10661624.4533648,155006,,HARRIS
Convenience Store,3967,77346,1385583.0,TX,-95.167313,17950 W LAKE HOUSTON PKWY,,3500796.79926215,,HUMBLE,24 Seven 8,29.97858,-10593976.8233241,155188,,HARRIS
Convenience Store,1129,77076,1385600.0,TX,-95.372643,620 LITTLE YORK RD,,3486834.43012863,,HOUSTON,My Stop #2,29.869875,-10616834.0543687,155192,,HARRIS
Convenience Store,4512,77084,1385615.0,TX,-95.688507,1635 BARKER CYPRESS RD,,3476923.27082903,,HOUSTON,Park View Chevron,29.792639,-10651995.8740086,155199,,HARRIS
Grocery Store,3840,77029,1263274.0,TX,-95.283623,2102 MCCARTY ST,,3472153.92211586,,HOUSTON,Supermercado El Rey LLC,29.755451,-10606924.3932982,155210,,HARRIS
Supermarket,1402,77089,1263379.0,TX,-95.228745,10590 FUQUA ST,,3453679.83848266,,HOUSTON,Lmmm Houston no. 73 Ltd.,29.611273,-10600815.4022825,155220,,HARRIS
Convenience Store,3229,77028,1263442.0,TX,-95.284271,7590 N WAYSIDE DR,,3481825.79377004,,HOUSTON,Nancy Food Mart,29.830851,-10606996.5283283,155229,,HARRIS
Super Store,2123,77034,1386256.0,TX,-95.220673,402 EDGEBROOK DR,,3458159.39974752,,HOUSTON,Sellers Bros. 14,29.646252,-10599916.8313528,155233,,HARRIS
Convenience Store,1024,77043,1263565.0,TX,-95.57,4295 BRITTMOORE RD,,3481914.07996444,,HOUSTON,Corner Store 274934,29.831539,-10638803.7351132,155261,,HARRIS
Convenience Store,2245,77007,1263566.0,TX,-95.409569,1816 SHEPHERD DR,,3474881.44753777,,HOUSTON,Corner Store 2742318,29.77672,-10620944.6378857,155262,,HARRIS
Supermarket,    ,77064,1263684.0,TX,-95.57576,10161 W GRAND PKWY S,,3493230.01415191,,HOUSTON,HEB Food Store 724,29.919683,-10639444.9353801,155280,,HARRIS
Convenience Store,5713,77084,1386098.0,TX,-95.668671,17702 KIETH HARROW BLVD,,3484188.55732456,,HOUSTON,Best Handi Stop 25,29.849262,-10649787.7405892,155383,,HARRIS
Grocery Store,3700,77068,1386120.0,TX,-95.465919,2372 FM 1960 RD W,,3504327.79539821,,HOUSTON,Los Comales Meat Market,30.006052,-10627217.4911919,155392,,HARRIS
Super Store,3299,77012,1386148.0,TX,-95.2799,8011 ELVERA ST,,3466175.11448924,,HOUSTON,Sellers Bros Inc.,29.708813,-10606509.950834,155398,,HARRIS
Super Store,2337,77029,1386238.0,TX,-95.236633,10901 MARKET ST,,3473723.24608757,,HOUSTON,Sellers Bros. 10 10,29.767689,-10601693.4904259,155435,,HARRIS
Super Store,5401,77023,1386252.0,TX,-95.312775,3337 TELEPHONE RD,,3466552.05700407,,HOUSTON,Sellers Bros. 11,29.711754,-10610169.5790939,155436,,HARRIS
Grocery Store,1103,77504,1385649.0,TX,-95.195145,3201 SPENCER HWY,,3460563.295919,,PASADENA,La Michoacana Supermarket 76,29.665018,-10597075.0673918,155513,,HARRIS
Convenience Store,4438,77049,1385794.0,TX,-95.182793,14760 WALLISVILLE RD,,3478611.33266237,,HOUSTON,Corner Market Wallisville,29.805798,-10595700.0490416,155555,,HARRIS
Super Store,3223,77093,1386262.0,TX,-95.362793,1523 LITTLE YORK RD,,3486969.60727577,,HOUSTON,Sellers Bros. 16,29.870928,-10615737.5573844,155605,,HARRIS
Super Store,2406,77081,1386267.0,TX,-95.484909,5900 RENWICK DR,,3467333.14882573,,HOUSTON,Sellers Bros. 17,29.717848,-10629331.4483221,155606,,HARRIS
Super Store,3531,77011,1386284.0,TX,-95.307404,601 N CESAR CHAVEZ BLVD,,3470354.78269007,,HOUSTON,Sellers Bros. 20,29.741419,-10609571.6821088,155610,,HARRIS
Super Store,5447,77080,1386286.0,TX,-95.525673,9494 HAMMERLY BLVD,,3479221.7527193,,HOUSTON,Sellers Bros. 21,29.810556,-10633869.2760448,155611,,HARRIS
Super Store,5005,77502,1386287.0,TX,-95.192909,2311 STRAWBERRY RD,,3461959.64716288,,PASADENA,Sellers Bros. 22,29.675917,-10596826.1570104,155612,,HARRIS
Super Store,4804,77015,1386288.0,TX,-95.21624,1050 FEDERAL RD,,3474312.91416584,,HOUSTON,Sellers Bros. 24,29.772287,-10599423.3520501,155613,,HARRIS
Supermarket,    ,77004,1386320.0,TX,-95.369499,6055 SOUTH FREEWAY,,3469604.2754312,,HOUSTON,HEB Food Store 756,29.735565,-10616484.0658896,155634,,HARRIS
Grocery Store,3566,77060,1263204.0,TX,-95.397858,16272 IMPERIAL VALLEY DR,,3495406.56191273,Ste G,HOUSTON,Guerrerense Meat Market #4,29.936628,-10619640.975329,155798,,HARRIS
Specialty Store,3467,77338,1385004.0,TX,-95.315063,7231 FM 1960 RD W,,3504355.69045671,Ste C,HUMBLE,The Shrimp Net,30.006269,-10610424.2780888,155816,,HARRIS
Supermarket,3871,77571,1261885.0,TX,-95.097939,9002 SPENCER HWY,,3460445.3067521,,LA PORTE,ALDI 78064 78064,29.664097,-10586254.1449698,155980,,HARRIS
Convenience Store,3252,77015,1261897.0,TX,-95.203171,12557 WOODFOREST BLVD,,3476764.212689,,HOUSTON,Stripes 40984H,29.791399,-10597968.517625,155982,,HARRIS
Supermarket,2621,77345,1262025.0,TX,-95.183975,4517 KINGWOOD DR,,3510009.49170677,,HOUSTON,HEB Food Store 720,30.050241,-10595831.6286797,155996,,HARRIS
Convenience Store,2142,77493,1265960.0,TX,-95.801735,1950 KATY FORT BEND RD,,3477907.55104192,,KATY,Circle K 2703317,29.800312,-10664600.3573121,156107,,HARRIS
Convenience Store,1601,77060,1387154.0,TX,-95.392754,909 GREENS RD,,3497225.66690906,,HOUSTON,Citgo Handi Plus 57,29.950788,-10619072.800648,156136,,HARRIS
Convenience Store,3441,77033,1386810.0,TX,-95.345108,7302 HURTGEN FOREST RD,,3462426.66875784,,HOUSTON,5 Star Food Store,29.679562,-10613768.8721897,156370,,HARRIS
Convenience Store,3160,77015,1386934.0,TX,-95.164207,14525 WOODFOREST BLVD,,3476701.35961241,,HOUSTON,Oscar Food Corp,29.790909,-10593631.0649857,156391,,HARRIS
Convenience Store,5898,77450,1387244.0,TX,-95.740013,21206 KINGSLAND BLVD,,3474834.76349724,,KATY,Kingsland Food Mart,29.776356,-10657729.4957014,156498,,HARRIS
Convenience Store,4604,77070,1387265.0,TX,-95.58503,12722 JONES RD,,3498204.69926049,Ste 300,HOUSTON,Motion Market,29.958408,-10640476.8670598,156502,,HARRIS
Convenience Store,    ,77449,1387945.0,TX,-95.719124,19906A KIETH HARROW BLVD,,3483753.85621712,,HOUSTON,Handi Stop 125,29.845875,-10655404.1428582,156589,,HARRIS
Convenience Store,2213,77015,1388041.0,TX,-95.185715,350 UVALDE RD,,3477217.79013675,,HOUSTON,Swift Uvalde,29.794935,-10596025.3245937,156627,,HARRIS
Discount Retail,2665,77021,1459766.0,TX,-95.359962,6102 SCOTT ST,,3465200.70323874,,HOUSTON,Dollar Tree 8545,29.70121,-10615422.4119059,156659,,HARRIS
Super Store,7215,77017,1266798.0,TX,-95.23156,2877 S RICHEY ST,,3462087.64398981,,HOUSTON,Fiesta Mart 201,29.676916,-10601128.7666491,156685,,HARRIS
Grocery Store,5856,77338,1267412.0,TX,-95.248177,8950 WILL CLAYTON PKWY,,3500865.93941458,Ste D,HUMBLE,Grocery Services Inc 35,29.979118,-10602978.5626276,156770,,HARRIS
Convenience Store,3567,77015,1264275.0,TX,-95.204811,754 NORMANDY ST,,3475751.16120167,,HOUSTON,Normandy Food Mart,29.783501,-10598151.0815899,156886,,HARRIS
Convenience Store,5038,77338,1264281.0,TX,-95.249725,607 WILSON RD,,3502308.07247075,,HUMBLE,All Season Food Store,29.990339,-10603150.8851993,156887,,HARRIS
Grocery Store,3101,77081,1264297.0,TX,-95.494736,6409 HILLCROFT ST,,3466725.08769737,A,HOUSTON,Afghan Halal Market,29.713104,-10630425.3849581,156889,,HARRIS
Other,    ,77449,1266191.0,TX,-95.720474,6845 FRY RD,,3478071.7547488,Suite 100,HOUSTON,Lmmm Houston 70 Ltd. 70,29.801592,-10655554.4241708,156936,,HARRIS
Discount Retail,4719,77401,1266280.0,TX,-95.484406,5867 BISSONNET ST,,3464937.47234409,,BELLAIRE,Dollar Tree 7066,29.699156,-10629275.4546182,156950,,HARRIS
Discount Retail,6551,77379,1266281.0,TX,-95.554214,9440 LOUETTA RD,,3504099.49527698,Ste 1,SPRING,Dollar Tree 7075,30.004276,-10637046.4456315,156951,,HARRIS
Farmers and Markets,3735,77051,1266373.0,TX,-95.368332,10401 SCOTT ST,,3458189.88438077,,HOUSTON,Recipe For Success' Hope Farms,29.64649,-10616354.1560439,156970,Sustainable Food Center Inc.,HARRIS
Other,2516,77072,1460703.0,TX,-95.576584,11210 BELLAIRE BLVD,,3465633.87971938,Ste 119,HOUSTON,Bellaire Fresh Food And Snacks,29.70459,-10639536.6626405,157003,,HARRIS
Convenience Store,3833,77063,1583412.0,TX,-95.534897,9545 RICHMOND AVE,,3468673.4457477,,HOUSTON,4 Star Food Mart,29.728304,-10634896.0870278,157110,,HARRIS
Convenience Store,    ,77484,1428353.0,TX,-95.920296,40203 HIGHWAY 290 BUSINESS,,3510626.04299602,,WALLER,Waller Travel Plaza,30.055035,-10677798.5074601,157188,,HARRIS
Convenience Store,2501,77073,1427409.0,TX,-95.391991,2343 FM 1960 RD,,3506699.99325513,,HOUSTON,Siwa Food Mart,30.024504,-10618987.8638765,157225,,HARRIS
Convenience Store,3828,77063,1460150.0,TX,-95.531799,2716 WESTERLAND DR,,3469721.96397071,,HOUSTON,Lucky Store,29.736483,-10634551.2192454,157247,,HARRIS
Convenience Store,2005,77028,1460162.0,TX,-95.261971,8506 MESA DR,,3482901.18154699,,HOUSTON,Z Mart,29.839231,-10604514.1036836,157251,,HARRIS
Convenience Store,5719,77023,1460180.0,TX,-95.307571,6420 GULF FWY,,3466227.91910004,,HOUSTON,Z Mart,29.709225,-10609590.2724638,157258,,HARRIS
Discount Retail,4500,77067,1460248.0,TX,-95.42363,430 W GREENS RD,,3497089.73895293,,HOUSTON,Family Dollar 12711,29.94973,-10622509.9012457,157285,,HARRIS
Convenience Store,1626,77053,1460266.0,TX,-95.422714,13740 ALMEDA RD,,3453102.50966869,,HOUSTON,Almeda Swift,29.606764,-10622407.9325922,157292,,HARRIS
Convenience Store,1862,77070,1460447.0,TX,-95.565269,16911 MEMORIAL CHASE RD,,3505003.84996282,,HOUSTON,Brownie's Market,30.011311,-10638277.0826022,157478,,HARRIS
Convenience Store,6508,77040,1459953.0,TX,-95.506996,12914 HEMPSTEAD RD,,3482397.99663353,,HOUSTON,Hempstead Express Truck Stop,29.83531,-10631790.1619152,157570,,HARRIS
Convenience Store,1123,77003,1427874.0,TX,-95.348976,2002 RUNNELS ST,,3472882.52214008,Ste A,HOUSTON,Ritestop 5,29.761133,-10614199.4559801,157733,,HARRIS
Convenience Store,3684,77009,1461222.0,TX,-95.382263,1777 AIRLINE DR,,3478215.81957504,Ste D,HOUSTON,Las Delicias Mexicanas Llc,29.802715,-10617904.9478701,157841,,HARRIS
Convenience Store,1603,77018,1427220.0,TX,-95.403175,5101 YALE ST,,3483035.41886031,,HOUSTON,Yale Food Mart,29.840277,-10620232.8610616,157851,,HARRIS
Convenience Store,3164,77086,1364402.0,TX,-95.493591,13648 STATE HIGHWAY 249,,3493238.61942407,,HOUSTON,Chevron Food Mart,29.91975,-10630297.9241411,157959,,HARRIS
Discount Retail,2619,77032,1353268.0,TX,-95.303619,15411 LEE RD,,3496217.16216521,,HOUSTON,Dollar General 19817,29.942938,-10609150.3378362,158064,,HARRIS
Convenience Store,2205,77009,1365199.0,TX,-95.354462,5001 CHAPMAN ST,,3478550.77975489,,HOUSTON,Pepe's Supermarket,29.805326,-10614810.1547066,158175,,HARRIS
Convenience Store,3005,77504,1353605.0,TX,-95.190163,3501 FAIRMONT PKWY,,3458864.15116658,,PASADENA,Bunny Stop 12,29.651754,-10596520.4736887,158243,,HARRIS
Convenience Store,2943,77075,1364591.0,TX,-95.285408,10000 TELEPHONE RD,,3454860.4404236,,HOUSTON,Genoa Food Mart,29.620493,-10607123.0985893,158387,,HARRIS
Convenience Store,4401,77075,1352519.0,TX,-95.285851,10855 TELEPHONE RD,,3453252.18503015,,HOUSTON,New Harry's Food Mart,29.607933,-10607172.4131237,158422,,HARRIS
Grocery Store,4436,77049,1352538.0,TX,-95.186691,14660 WALLISVILLE RD,,3478593.88518514,,HOUSTON,Matamoros Meat Market 9,29.805662,-10596133.9724167,158516,,HARRIS
Convenience Store,6832,77020,1352262.0,TX,-95.301247,904 LATHROP ST,,3474326.89314165,,HOUSTON,1 Stop 7,29.772396,-10608886.288004,158626,,HARRIS
Other,3647,77034,1365815.0,TX,-95.21978,5530 S SHAVER ST,,3456190.34756395,,HOUSTON,Flying Freezer Llc,29.630878,-10599817.4230475,158708,,HARRIS
Convenience Store,4843,77016,1365083.0,TX,-95.303658,6515 TIDWELL RD,,3484097.04683157,,HOUSTON,Tidwell Park Food Store,29.848549,-10609154.6792963,158853,,HARRIS
Convenience Store,6601,77090,1267917.0,TX,-95.423355,14811 NORTH FWY,,3501368.30912946,,HOUSTON,Stripes No. 5218 5218,29.983027,-10622479.2883858,158868,,HARRIS
Discount Retail,9022,77523,1364779.0,TX,-94.899544,8820 N HIGHWAY 146,,3480406.49697682,,BAYTOWN,Dollar Tree 7444,29.81979,-10564168.9145939,158910,,HARRIS
Farmers and Markets,4798,77096,1564631.0,TX,-95.490402,10425 HILLCROFT ST,,3460913.42648365,,HOUSTON,Braeswood Farmers Market NAFMNP,29.667751,-10629942.926285,158977,,HARRIS
Grocery Store,3279,77502,1329561.0,TX,-95.178856,2412 PASADENA BLVD,,3462751.35163567,Ste A,PASADENA,Bernal Meat Market,29.682096,-10595261.7842063,159014,,HARRIS
Discount Retail,5724,77077,1329562.0,TX,-95.612373,12867 WESTHEIMER RD,,3469650.29947036,,HOUSTON,Family Dollar 12241,29.735924,-10643520.6758965,159015,,HARRIS
Convenience Store,1216,77033,1388210.0,TX,-95.318504,6154 BELLFORT ST,,3460677.9552649,,HOUSTON,1 Stop 2,29.665913,-10610807.3284566,159091,,HARRIS
Convenience Store,3701,77078,1389906.0,TX,-95.236702,10103 TIDWELL RD,,3484458.08711761,,HOUSTON,Sun Mart,29.851362,-10601701.1714707,159110,,HARRIS
Convenience Store,6807,77447,1269219.0,TX,-95.760704,21830 FM 2920 RD,,3513352.65336233,,HOCKLEY,Corner Store 2741916,30.076233,-10660032.8072854,159240,,HARRIS
Convenience Store,6720,77015,1268682.0,TX,-95.21302,1363 FEDERAL RD,,3473345.32386396,,HOUSTON,Shop N Go,29.764742,-10599064.9032898,159509,,HARRIS
Discount Retail,5709,77047,1268764.0,TX,-95.353569,14445 CULLEN BLVD,,3452218.4489362,,HOUSTON,Family Dollar 11606,29.599859,-10614710.7464013,159524,,HARRIS
Grocery Store,3429,77338,1270604.0,TX,-95.319382,7031 FM 1960 RD W,,3504500.18012326,Ste D,HUMBLE,New Iqra World Food Market,30.007393,-10610905.0669695,159546,,HARRIS
Convenience Store,1519,77091,1270701.0,TX,-95.45742,3340 W LITTLE YORK RD,,3486013.76986827,,HOUSTON,Circle K 2703352,29.863482,-10626271.3868396,159631,,HARRIS
Convenience Store,3325,77396,1269950.0,TX,-95.299149,14130 OLD HUMBLE RD,,3493996.4198321,,HUMBLE,7 Days Market,29.92565,-10608652.7397123,159674,,HARRIS
Convenience Store,2007,77073,1269979.0,TX,-95.41803,805 FM 1960 RD,,3506648.69295695,,HOUSTON,Corner Store 2741923,30.024105,-10621886.5120973,159679,,HARRIS
Convenience Store,3103,77083,1390444.0,TX,-95.652687,15103 BELLAIRE BLVD,,3465162.12817026,,HOUSTON,First Choice Food Mart,29.700909,-10648008.4098484,159706,,HARRIS
Convenience Store,1403,77339,1270750.0,TX,-95.212929,3001 WOODLAND HILLS DR,,3510767.00259341,,KINGWOOD,Woods Food Mart,30.056131,-10599054.7732161,159708,,HARRIS
Convenience Store,2112,77598,1390110.0,TX,-95.128593,16810 HIGHWAY 3,,3445623.25525527,,WEBSTER,7-Eleven Store 38884H,29.548332,-10589666.5326406,159738,,HARRIS
Grocery Store,8412,77064,1270057.0,TX,-95.524773,8020 FAIRBANKS N HOUSTON RD,,3490323.56151143,Ste F,HOUSTON,La Esperanza Meat Market,29.897051,-10633769.088503,159745,,HARRIS
Grocery Store,5020,77036,1390518.0,TX,-95.515633,7555 BELLAIRE BLVD,,3465680.78668641,Ste A,HOUSTON,Asante African Market,29.704956,-10632751.6283572,159899,,HARRIS
Super Store,    ,77375,1270329.0,TX,-95.550613,25800 KUYKENDAHL RD,,3520925.99164792,,TOMBALL,Walmart 351,30.135088,-10636645.5841451,159953,,HARRIS
Grocery Store,4501,77093,1389874.0,TX,-95.349525,2311 PARKER RD,,3485497.11335039,,HOUSTON,El Paisano 1,29.859457,-10614260.5703805,159979,,HARRIS
Super Store,8486,77018,1330648.0,TX,-95.398491,101 NORTH LOOP,,3479577.90864813,,HOUSTON,Indepence Heights 10652,29.813332,-10619711.4405667,160068,,HARRIS
Convenience Store,6816,77009,1462225.0,TX,-95.361488,1023 BOOTH ST,,3476183.15413691,,HOUSTON,JF Food Marts,29.786869,-10615592.2854489,160126,,HARRIS
Convenience Store,1706,77521,1461842.0,TX,-95.009827,4221 W BAKER RD,,3474063.21887633,,BAYTOWN,Baytown Food Mart,29.77034,-10576445.561997,160205,,HARRIS
Convenience Store,2201,77042,1461491.0,TX,-95.572464,11101 BRIAR FOREST DR,,3471166.10800724,,HOUSTON,In And Out Mini Mart,29.747747,-10639078.0263385,160214,,HARRIS
Convenience Store,3634,77396,1331295.0,TX,-95.24868,1245 ATASCOCITA RD,,3498667.0033492,,HUMBLE,Humble Shell LLC,29.962006,-10603034.5563315,160224,,HARRIS
Convenience Store,2707,77098,1331311.0,TX,-95.408249,2003 W ALABAMA ST,,3469987.98506341,,HOUSTON,Hollywood Food Store,29.738558,-10620797.6961579,160226,,HARRIS
Grocery Store,5513,77040,1331535.0,TX,-95.516197,8104 W TIDWELL RD,,3484412.78004648,,HOUSTON,La Guerrera Meat Market,29.851009,-10632814.41255,160291,,HARRIS
Convenience Store,3235,77562,1461530.0,TX,-95.017448,2930 E WALLISVILLE RD,,3480349.27159647,,HIGHLANDS,La Tiendita,29.819344,-10577293.9278364,160348,,HARRIS
Convenience Store,1333,77074,1461570.0,TX,-95.543282,9602 SOUTHWEST FWY,,3461891.86957834,,HOUSTON,Breaktime,29.675388,-10635829.5009581,160364,,HARRIS
Convenience Store,1609,77036,1461631.0,TX,-95.538567,9995 HARWIN DR,,3467281.23692032,,HOUSTON,Breaktime Harwin,29.717443,-10635304.6295591,160382,,HARRIS
Convenience Store,7011,77009,1461661.0,TX,-95.351273,2502 HARDY ST,,3475884.16935433,,HOUSTON,Isaac Food Mart,29.784538,-10614455.1568504,160391,,HARRIS
Convenience Store,5911,77083,1461671.0,TX,-95.6241,13646 BISSONNET ST,,3462619.24802499,,HOUSTON,Now & Forever Bissonet,29.681065,-10644826.1195651,160395,,HARRIS
Convenience Store,4831,77084,1461798.0,TX,-95.704521,19002 SAUMS RD,,3477958.73619079,,HOUSTON,Greenhouse Swift,29.800711,-10653778.5443342,160432,,HARRIS
Convenience Store,3567,77015,1331711.0,TX,-95.205841,796 NORMANDY ST,,3475392.41801994,,HOUSTON,Normandy Food Store,29.780704,-10598265.7406654,160451,,HARRIS
Convenience Store,4532,77025,1462496.0,TX,-95.426018,9598 MAIN ST,,3462529.30046403,,HOUSTON,Grab N Go #5,29.680363,-10622775.7321898,160513,,HARRIS
Convenience Store,2503,77058,1462499.0,TX,-95.117691,1203 BAY AREA BLVD,,3446907.93221727,,HOUSTON,Foodie's,29.558371,-10588452.9275519,160516,,HARRIS
Convenience Store,4644,77502,1462646.0,TX,-95.208664,2308 SHAVER ST,,3462079.05957825,,PASADENA,Jack's Grocery #11,29.676849,-10598579.9955879,160562,,HARRIS
Farmers and Markets,3818,77028,1462649.0,TX,-95.310875,7110 HOFFMAN ST,,3481060.88607184,,HOUSTON,Paris And Britney Chickens,29.82489,-10609958.0720613,160563,,HARRIS
Other,1512,77083,1461879.0,TX,-95.64579,6706 HIGHWAY 6 S,,3465610.42629997,,HOUSTON,Blessed African Food Market,29.704407,-10647240.6393204,160666,,HARRIS
Other,2600,77504,1461974.0,TX,-95.207909,3823 SHAVER ST,,3458873.75818599,,PASADENA,Tortilleria Zacatecas 3,29.651829,-10598495.9493723,160774,,HARRIS
Other,    ,77093,1461987.0,TX,-95.344444,2616 LITTLE YORK RD,,3486925.96017769,Suite A,HOUSTON,Tortilleria Zacatecas 4,29.870588,-10613694.9560478,160779,,HARRIS
Other,4148,77012,1462025.0,TX,-95.286697,2833 GULF CREEK DR,,3464985.78647208,,HOUSTON,Tortilleria Zacatecas 9,29.699533,-10607266.5894129,160790,,HARRIS
Convenience Store,4509,77017,1331033.0,TX,-95.267242,8353 WINKLER DR,,3462118.26604183,,HOUSTON,Winkler Food Mart,29.677155,-10605100.8687196,160871,,HARRIS
Convenience Store,3869,77450,1428742.0,TX,-95.75267,930 S MASON RD,,3473597.9547259,Ste N,KATY,Mason Food Mart #1,29.766712,-10659138.4664964,160903,,HARRIS
Convenience Store,1130,77028,1428789.0,TX,-95.279213,7989 TIDWELL RD,,3484276.47475309,Ste B,HOUSTON,Julia's 2,29.849947,-10606433.4743439,160920,,HARRIS
Convenience Store,6709,77016,1331169.0,TX,-95.329056,4131 BENNINGTON ST,,3480714.82556122,,HOUSTON,King Discount Store,29.822193,-10611981.9717235,160981,,HARRIS
Convenience Store,2212,77042,1331171.0,TX,-95.571404,11054 BRIAR FOREST DR,,3471205.98324863,,HOUSTON,Westchase Food Store,29.748058,-10638960.0276782,160985,,HARRIS
Convenience Store,6628,77090,1356343.0,TX,-95.426575,210 AIRTEX DR,,3501190.82603759,,HOUSTON,20 Star,29.981646,-10622837.7371461,161098,,HARRIS
Convenience Store,7629,77093,1429464.0,TX,-95.338814,3109 LAURA KOPPE RD,,3483106.90144493,,HOUSTON,Laura Koppe Food Store,29.840834,-10613068.2273146,161140,,HARRIS
Convenience Store,4114,77075,1380320.0,TX,-95.229843,10640 KINGSPOINT RD,,3454556.31625634,,HOUSTON,Kingspoint Mart,29.618118,-10600937.6310834,161146,,HARRIS
Convenience Store,4316,77338,1355479.0,TX,-95.267685,212 N BENDER AVE,,3503549.84350437,,HUMBLE,Jo Jo's Food Store,30.0,-10605150.183254,161156,,HARRIS
Convenience Store,3447,77379,1429475.0,TX,-95.49469,4740 SPRING CYPRESS RD,,3510061.83438859,,SPRING,Spring Sunmart,30.050648,-10630420.2642615,161167,,HARRIS
Convenience Store,7309,77004,1429806.0,TX,-95.381439,6019 ALMEDA RD,,3466818.01254849,,HOUSTON,Almeda Shell,29.713829,-10617813.2206097,161205,,HARRIS
Convenience Store,2162,77449,1585304.0,TX,-95.753922,21823 CLAY RD,,3481919.72619523,,KATY,Charge Up 64,29.831583,-10659277.8384988,161296,,HARRIS
Grocery Store,3307,77373,1356751.0,TX,-95.427528,26434 LEXINGTON RD,,3513580.34750429,Ste A,SPRING,K&K Grocery and Halal Meat,30.078003,-10622943.8246209,161372,,HARRIS
Convenience Store,7253,77532,1353989.0,TX,-95.063255,13203 CROSBY LYNCHBURG RD,,3488168.93368879,,CROSBY,Croslyn Enterprises Inc,29.88027,-10582393.1397511,161478,,HARRIS
Grocery Store,1552,77044,1429522.0,TX,-95.189095,13526 TIDWELL RD,,3484596.96134785,Ste 700,HOUSTON,Don Javier,29.852444,-10596401.5844725,161540,,HARRIS
Discount Retail,4733,77049,1355376.0,TX,-95.142555,16211 WALLISVILLE RD,,3479864.91901724,,HOUSTON,Dollar General 19496,29.815569,-10591220.775371,161611,,HARRIS
Supermarket,3802,77080,1429545.0,TX,-95.544762,2550 GESSNER RD,,3480189.4011469,,HOUSTON,ALDI 78056,29.818098,-10635994.2538045,161686,,HARRIS
Specialty Store,4602,77079,1355715.0,TX,-95.606506,1023 DAIRY ASHFORD RD,,3475132.44129081,,HOUSTON,Catlett's Specialty Foods Inc.,29.778677,-10642867.5644441,161760,,HARRIS
Convenience Store,4638,77091,853398.0,TX,-95.472748,5620 W TIDWELL RD,,3484153.39052203,Ste D,HOUSTON,Fuel Depot #7,29.848988,-10627977.6919945,161802,,HARRIS
Convenience Store,6318,77080,1392092.0,TX,-95.545662,1801 GESSNER RD,,3478480.34887241,,HOUSTON,Roadster#21,29.804777,-10636094.4413462,162049,,HARRIS
Convenience Store,3204,77090,1392190.0,TX,-95.457558,1818 CYPRESS CREEK PKWY,,3504978.26747765,,HOUSTON,Marketsquare African Farmer's Market,30.011112,-10626286.7489294,162078,,HARRIS
Convenience Store,5018,77003,1381279.0,TX,-95.362251,1818 HAMILTON ST,,3470928.26950639,,HOUSTON,Grab N Go #3,29.745892,-10615677.2222203,162109,,HARRIS
Convenience Store,1621,77076,1391767.0,TX,-95.393433,426 E LITTLE YORK RD,,3486830.70732141,,HOUSTON,Fast Mart & Fuel,29.869846,-10619148.3865823,162195,,HARRIS
Convenience Store,8695,77532,1380962.0,TX,-95.062302,11915 CROSBY LYNCHBURG RD,,3486638.02143188,,CROSBY,Barrett Grocery,29.868345,-10582287.0522764,162372,,HARRIS
Convenience Store,2442,77016,1417917.0,TX,-95.282967,7874 LITTLE YORK RD,,3486999.00496389,,HOUSTON,Maisah Food #3 00004,29.871157,-10606851.3677123,162536,,HARRIS
Grocery Store,3467,77338,1381019.0,TX,-95.315063,7231 FM 1960 RD W,,3504355.69045671,Ste G,HUMBLE,El Toro Meat Market,30.006269,-10610424.2780888,162554,,HARRIS
Convenience Store,4250,77067,1625467.0,TX,-95.428635,13450 ELLA BLVD,,3498360.42628401,,HOUSTON,Fuel Depot 29,29.95962,-10623067.0552972,162632,,HARRIS
Supermarket,5453,77020,1381426.0,TX,-95.297272,7200 LYONS AVE,,3474827.83785733,,HOUSTON,Sol Supermarket,29.776302,-10608443.7930281,162653,,HARRIS
Convenience Store,2455,77036,1631710.0,TX,-95.547943,5870 RANCHESTER DR,,3466874.28047419,Ste 625,HOUSTON,TG Twingirls - Asian Shop,29.714268,-10636348.3611047,162784,,HARRIS
Convenience Store,4012,77061,1381700.0,TX,-95.289429,7050 TELEPHONE RD,,3459417.14285763,,HOUSTON,Hobby Food Mart,29.656071,-10607570.7142618,162788,,HARRIS
Convenience Store,1101,77080,1628357.0,TX,-95.533218,9801 CLAY RD,,3481967.71925734,,HOUSTON,In-time Clay,29.831957,-10634709.1816028,162800,,HARRIS
Grocery Store,4093,77084,1380857.0,TX,-95.652893,16618 CLAY RD,,3482440.85833813,Ste 450,HOUSTON,Al-tawil,29.835644,-10648031.3416635,162834,,HARRIS
Convenience Store,4700,77049,1418165.0,TX,-95.139977,16340 WALLISVILLE RD,,3479967.43344131,Ste 300,HOUSTON,Everyday Plus Market,29.816368,-10590933.7937238,162977,,HARRIS
Convenience Store,2601,77022,1585067.0,TX,-95.38485,5115 AIRLINE DR,,3483182.7478548,,HOUSTON,Airway,29.841425,-10618192.9313928,163009,,HARRIS
Convenience Store,4822,77039,1433920.0,TX,-95.317528,4930 ALDINE MAIL ROUTE RD,,3491027.25492258,,HOUSTON,Budget Food Store,29.902531,-10610698.6806336,163096,,HARRIS
Discount Retail,    ,77058,1433608.0,TX,-95.106117,101 MANSKER DRIVE,,3446737.72661984,,WEBSTER,Family Dollar 12654,29.557041,-10587164.5157655,163186,,HARRIS
Convenience Store,4703,77066,1392438.0,TX,-95.498322,12003 BAMMEL NORTH HOUSTON RD,,3497207.55166314,,HOUSTON,Texaco Food Mart Bammel,29.950647,-10630824.5766521,163258,,HARRIS
Convenience Store,4103,77067,1463473.0,TX,-95.445328,1503 GEARS RD,,3496562.8711941,,HOUSTON,1 Stop 1,29.945629,-10624925.311557,163420,,HARRIS
Grocery Store,1616,77042,1463511.0,TX,-95.573174,1100 WILCREST DR,,3471550.89001652,Ste 250,HOUSTON,Umoja African Mart ,29.750748,-10639157.0631769,163429,,HARRIS
Grocery Store,4613,77036,1463025.0,TX,-95.537781,6831 S GESSNER RD,,3465908.40324888,,HOUSTON,La Giradilla Cuban Bakery,29.706732,-10635217.1324393,163590,,HARRIS
Convenience Store,6267,77083,1463150.0,TX,-95.614227,9107 SYNOTT RD,,3462724.05950807,#100,HOUSTON,La Chona Bakery,29.681883,-10643727.0622325,163634,,HARRIS
Convenience Store,2045,77091,1463662.0,TX,-95.436928,1703 W LITTLE YORK RD,,3485987.32681753,,HOUSTON,Grab & Go,29.863276,-10623990.2278343,163784,,HARRIS
Convenience Store,4809,77060,1464076.0,TX,-95.400978,15335 IMPERIAL VALLEY DR,,3493807.99306066,,HOUSTON,Imperial Food Store,29.924183,-10619988.2921403,163797,,HARRIS
Discount Retail,    ,77433,1462796.0,TX,-95.725052,20521 FM 529,,3488083.17208708,Ste 206,CYPRESS,DOLLARTREE 8689,29.879602,-10656064.0447996,163813,,HARRIS
Convenience Store,2607,77036,1464091.0,TX,-95.538483,5919 S GESSNER RD,,3466969.64171195,,HOUSTON,South Gessner Convenience Store,29.715012,-10635295.2787218,163819,,HARRIS
Farmers and Markets,5530,77019,1463739.0,TX,-95.379189,1108 VICTOR ST,,3471976.33051871,,HOUSTON,Freemen's Town Farmers Market NAFMNP,29.754066,-10617562.7517554,163847,,HARRIS
Convenience Store,3932,77022,1462844.0,TX,-95.3955,401 CROSSTIMBERS ST,,3481567.48314889,,HOUSTON,Pitstop Express #5,29.828838,-10619378.4839697,163889,,HARRIS
Convenience Store,1916,77047,1336299.0,TX,-95.387863,12602 SOUTH FWY,,3453779.45560279,,HOUSTON,Almeda Swift Store Llc,29.612051,-10618528.3370185,164122,,HARRIS
Convenience Store,5478,77084,1430414.0,TX,-95.646179,4011 HIGHWAY 6 N,,3481840.1658998,,HOUSTON,7-Eleven 41682H,29.830963,-10647283.9426023,164274,,HARRIS
Convenience Store,4008,77092,1430605.0,TX,-95.488541,6530 W 43RD ST,,3482139.28950721,,HOUSTON,Breaktime,29.833294,-10629735.7607126,164345,,HARRIS
Convenience Store,3303,77072,1430615.0,TX,-95.587578,7503 S KIRKWOOD RD,,3464610.4276301,,HOUSTON,Royal Meat Market,29.696604,-10640760.5091223,164349,,HARRIS
Convenience Store,6252,77083,1357028.0,TX,-95.614632,9705 SYNOTT RD,,3461708.65407408,,HOUSTON,New Time Mart,29.673958,-10643772.1466262,164391,,HARRIS
Convenience Store,6368,77073,1357041.0,TX,-95.40786,802 E AIRTEX DR,,3501377.30544169,,HOUSTON,Airtex Food Mart,29.983097,-10620754.3928759,164393,,HARRIS
Convenience Store,1600,77055,1357132.0,TX,-95.484833,2000 WIRT RD,,3478762.20301375,Ste A,HOUSTON,Latino 1.09 & Corner Store,29.806974,-10629322.9880408,164413,,HARRIS
Convenience Store,3405,77042,1430035.0,TX,-95.563416,10612 WESTHEIMER RD,,3469790.16740816,,HOUSTON,Oncue Express 201,29.737015,-10638070.8075858,164475,,HARRIS
Convenience Store,3900,77020,1430968.0,TX,-95.335457,1124 GREGG ST,,3474212.62507905,,HOUSTON,M N M Food Mart,29.771505,-10612694.527784,164489,,HARRIS
Convenience Store,4443,77087,1430969.0,TX,-95.291008,7545 PARK PLACE BLVD,,3463235.8285587,,HOUSTON,Quick Stuff,29.685877,-10607746.4877378,164494,,HARRIS
Convenience Store,1827,77598,1357347.0,TX,-95.148582,14810 HIGHWAY 3,,3448432.58800666,,WEBSTER,Webster In & Out,29.570284,-10591891.697942,164498,,HARRIS
Pharmacy,5802,77090,1431038.0,TX,-95.426323,110 RICHEY RD,,3503269.62790849,,HOUSTON,CVS Pharmacy CVS11326,29.99782,-10622809.6846344,164534,,HARRIS
Grocery Store,7744,77449,1336401.0,TX,-95.726006,20221 CLAY RD,,3481812.83320255,Ste A,HOUSTON,Lmmm 30 Houston Ltd. 30,29.83075,-10656170.2435938,164620,,HARRIS
Convenience Store,3038,77058,1430697.0,TX,-95.107048,18003 EL CAMINO REAL,,3445456.39354136,,HOUSTON,El Camino Food Mart,29.547028,-10587268.1542114,164633,,HARRIS
Other,4503,77081,1430710.0,TX,-95.47583,6509 CHIMNEY ROCK RD,,3466302.25605525,,HOUSTON,Bahel Ethiopian Mart & Dining ,29.709805,-10628320.7786652,164648,,HARRIS
Convenience Store,8060,77036,1430810.0,TX,-95.549492,9780 BISSONNET ST,,3461997.18764199,,HOUSTON,Big Shot,29.67621,-10636520.794996,164860,,HARRIS
Convenience Store,1969,77061,1430814.0,TX,-95.269974,7985 BELLFORT ST,,3461791.29291252,Ste 102,HOUSTON,Neighbours Food Store,29.674603,-10605404.9935684,164870,,HARRIS
Convenience Store,2495,77396,1337575.0,TX,-95.24971,4802 WILSON RD,,3495470.02067973,,HUMBLE,Murphy USA 7467,29.937122,-10603149.215407,164884,,HARRIS
Convenience Store,6516,77035,1217777.0,TX,-95.498413,11506 HAVILAND ST,,3457108.62056171,,HOUSTON,Speedy Mart #55,29.638048,-10630834.7067257,165084,,HARRIS
Grocery Store,7966,77484,1421133.0,TX,-95.921669,40308 HIGHWAY 290 BUSINESS,,3510706.42578693,,WALLER,La Potosina Meat Market / Solution Cellular,30.05566,-10677951.3491209,165150,,HARRIS
Convenience Store,7525,77083,1420804.0,TX,-95.639145,14360 BELLAIRE BLVD,,3465634.39236291,,HOUSTON,Lecaroz Bakery 3 3,29.704594,-10646500.9213041,165178,,HARRIS
Convenience Store,2220,77017,1357702.0,TX,-95.27816,3602 BROADWAY ST,,3463767.35184545,,HOUSTON,Broadway Food Store,29.690025,-10606316.25492,165360,,HARRIS
Convenience Store,1831,77048,1357986.0,TX,-95.333664,5631 SELINSKY RD,,3457043.68613906,,HOUSTON,Stop Mini Mart,29.637541,-10612494.931937,165711,,HARRIS
Convenience Store,4102,77069,1645488.0,TX,-95.517387,5902 FM 1960 RD W,,3500684.60795296,,HOUSTON,Breaktime,29.977707,-10632946.882744,165751,,HARRIS
Grocery Store,4586,77096,1421451.0,TX,-95.507927,10103 FONDREN RD,,3461073.82609972,Ste 118,HOUSTON,Fresh Green Delights,29.669003,-10631893.8003611,165800,,HARRIS
Convenience Store,3816,77047,1382482.0,TX,-95.367607,3509 ALMEDA GENOA RD,,3454514.82787286,,HOUSTON,Zip In Zip Out,29.617794,-10616273.449413,165868,,HARRIS
Convenience Store,1216,77029,1381857.0,TX,-95.272339,8870 NORTH LOOP E,,3477468.31645218,,HOUSTON,Check-in Check-Out Truck Stop,29.796888,-10605668.2641641,165914,,HARRIS
Discount Retail,    ,77449,1381920.0,TX,-95.683411,6211 BARKER CYPRESS RD,,3486040.85479722,Bldg A,KATY,Dollar Tree 8296,29.863693,-10651428.5898835,165997,,HARRIS
Grocery Store,4116,77075,1464915.0,TX,-95.229225,10706 KINGSPOINT RD,,3454625.97606438,,HOUSTON,Dai Hoa Market,29.618662,-10600868.8356381,166143,,HARRIS
Convenience Store,2527,77090,1421822.0,TX,-95.444244,924 CYPRESS CREEK PKWY,,3505781.63343513,,HOUSTON,Flamingo Food Store,30.017361,-10624804.641229,166280,,HARRIS
Convenience Store,    ,77088,1435349.0,TX,-95.430336,1110 S VICTORY DR,,3486992.84299747,,HOUSTON,Victory Food Store,29.871109,-10623256.409751,166349,,HARRIS
Convenience Store,5065,77449,1434931.0,TX,-95.735542,1505 N WESTGREEN BLVD,,3476507.03010788,,KATY,7-Eleven 41660H,29.789394,-10657231.7862581,166443,,HARRIS
Grocery Store,4832,77020,1434266.0,TX,-95.314011,5702 LYONS AVE,,3474827.19659457,,HOUSTON,Telo Market #8 Inc. 8,29.776297,-10610307.1699845,166481,,HARRIS
Convenience Store,2010,77033,1434298.0,TX,-95.336647,7506 MARTIN LUTHER KING BLVD,,3461656.12423529,,HOUSTON,Fuel Depot #27,29.673548,-10612826.9979781,166537,,HARRIS
Convenience Store,4214,77021,1434364.0,TX,-95.352951,6626 CULLEN BLVD,,3463963.66734394,,HOUSTON,Quick Lane #1,29.691557,-10614641.950956,166611,,HARRIS
Other,4904,77036,1435049.0,TX,-95.51973,7646 DE MOSS DR,,3466188.82828724,,HOUSTON,Panaderia La Vienesa 1,29.70892,-10633207.704311,166673,,HARRIS
Convenience Store,6411,77070,1645130.0,TX,-95.571205,9811 SPRING CYPRESS RD,,3506326.23866706,,HOUSTON,Charge Up 89,30.021597,-10638937.8750996,166698,,HARRIS
Convenience Store,3602,77047,1465094.0,TX,-95.379257,2902 ALMEDA GENOA RD,,3453930.41925916,,HOUSTON,Stephen's Market Place,29.61323,-10617570.3214808,166744,,HARRIS
Convenience Store,3905,77026,1422019.0,TX,-95.320236,5001 CRANE ST,,3477501.41246012,,HOUSTON,Friendly Store 9,29.797146,-10611000.1338147,166785,,HARRIS
Convenience Store,3442,77338,1422021.0,TX,-95.329643,6301 FM 1960 RD W,,3505047.1731829,,HUMBLE,Fuel Zone,30.011648,-10612047.3162646,166791,,HARRIS
Convenience Store,2045,77072,1422024.0,TX,-95.596466,6920 COOK RD,,3465209.80235812,Ste 103,HOUSTON,Zoom Corner Store,29.701281,-10641749.9167565,166798,,HARRIS
Convenience Store,2856,77429,1422025.0,TX,-95.604301,12150 CYPRESS NORTH HOUSTON RD,,3497497.78411973,,CYPRESS,Cypress Food Mart,29.952906,-10642622.1049669,166805,,HARRIS
Convenience Store,3205,77090,1435130.0,TX,-95.458527,1999 CYPRESS CREEK PKWY,,3504771.29548986,,HOUSTON,Stop N Go 1960,30.009502,-10626394.617516,166852,,HARRIS
Convenience Store,6115,77532,1434822.0,TX,-95.062729,2219 HIGHWAY 90,,3489108.62575913,,CROSBY,7-Eleven #41680H,29.887589,-10582334.585699,166911,,HARRIS
Convenience Store,2811,77339,1464622.0,TX,-95.253822,22325 LOOP 494,,3508324.22373969,,KINGWOOD,Stop N Gas,30.037136,-10603606.9611531,166915,,HARRIS
Convenience Store,7013,77375,1465669.0,TX,-95.589691,21003 HUFSMITH KOHRVILLE RD,,3512524.62714424,,TOMBALL,Hufsmith Exxon,30.069796,-10640995.7272064,167107,,HARRIS
Convenience Store,1829,77055,1338158.0,TX,-95.475304,2099 ANTOINE DR,,3479234.58237216,,HOUSTON,Antoine Citgo Mini Mart,29.810656,-10628262.224613,167108,,HARRIS
Convenience Store,3224,77547,1338172.0,TX,-95.238113,1701 CLINTON DR,,3469209.16775489,,GALENA PARK,Handi Stop 47,29.732483,-10601858.2432722,167121,,HARRIS
Convenience Store,3121,77088,1465626.0,TX,-95.453705,10017 W MONTGOMERY RD,,3489043.40101841,,HOUSTON,Friendly Store 17,29.887081,-10625857.8349314,167215,,HARRIS
Convenience Store,5502,77091,1341264.0,TX,-95.430328,1183 W TIDWELL RD,,3483889.64257911,,HOUSTON,Ella Capital Inc,29.846933,-10623255.5191951,167284,,HARRIS
Convenience Store,2308,77072,1378634.0,TX,-95.587334,7317 S KIRKWOOD RD,GusNIP,3464935.55003505,,HOUSTON,Amigos Mini Market n/a,29.699141,-10640733.3471666,167394,Tulsa Community Foundation,HARRIS
Convenience Store,7101,77020,1431760.0,TX,-95.326172,4401 BUCK ST,,3474036.287471,,HOUSTON,Buck Friendly Food Mart,29.77013,-10611660.926312,167405,,HARRIS
Convenience Store,2002,77044,1431764.0,TX,-95.213585,8650 C E KING PKWY,,3484258.1211379,,HOUSTON,24 Seven # 11,29.849804,-10599127.7988021,167407,,HARRIS
Grocery Store,1709,77502,1431898.0,TX,-95.222298,1724 RICHEY ST,,3463327.95939854,,PASADENA,Dulcerias Pinkis,29.686596,-10600097.7255254,167438,,HARRIS
Convenience Store,7435,77026,1431899.0,TX,-95.341667,1920 JENSEN DR,,3475231.0702246,,HOUSTON,Payless A To Z Food Mart,29.779446,-10613385.8218219,167439,,HARRIS
Convenience Store,1906,77003,1431936.0,TX,-95.332664,4102 CANAL ST,,3471402.92516173,,HOUSTON,Anz Food Mart,29.749594,-10612383.6124462,167449,,HARRIS
Convenience Store,1623,77076,1431957.0,TX,-95.391655,522 E LITTLE YORK RD,,3486797.4588497,,HOUSTON,Moon Mart,29.869587,-10618950.4605276,167456,,HARRIS
Convenience Store,    ,77086,1465912.0,TX,-95.480774,10010 ANTOINE DR,,3493270.47182515,,HOUSTON,Roadstar #5,29.919998,-10628871.1422276,167537,,HARRIS
Convenience Store,2123,77021,1590895.0,TX,-95.376854,3250 OLD SPANISH TRL,,3465084.85022466,,HOUSTON,Raceone #3,29.700306,-10617302.8207444,167573,,HARRIS
Super Store,6624,77092,1338730.0,TX,-95.465973,5264 W 34TH ST,,3480380.5787236,,HOUSTON,El Rancho 1634,29.819588,-10627223.5024444,167657,,HARRIS
Convenience Store,3457,77015,1580780.0,TX,-95.201378,12611 WOODFOREST BL,,3476808.21002572,Ste E,HOUSTON,La Perla Del Sur Market Llc 1,29.791742,-10597768.921778,167942,,HARRIS
Convenience Store,1801,77521,1338155.0,TX,-95.004219,3700 W BAKER RD,,3474147.09132897,,BAYTOWN,Breaktime At Baker,29.770994,-10575821.2822926,168000,,HARRIS
Convenience Store,7124,77429,1402794.0,TX,-95.694862,17835 GRANT RD,,3506708.35046612,,CYPRESS,Don Tomate Meat Market And More LLC ,30.024569,-10652703.3093726,168063,,HARRIS
Convenience Store,2279,77429,1450087.0,TX,-95.649391,12630 TELGE RD,,3498208.93932757,,CYPRESS,Neighbor Mart,29.958441,-10647641.5008067,168123,,HARRIS
Grocery Store,5630,77021,1402110.0,TX,-95.365486,7222 SCOTT ST,,3463128.70646372,,HOUSTON,Theresa Grocery 1,29.685041,-10616037.3407731,168160,,HARRIS
Discount Retail,6034,77089,1401830.0,TX,-95.211029,10904 SCARSDALE BLVD,,3450365.38260708,Ste 200,HOUSTON,Dollar Tree 8458,29.585384,-10598843.2661836,168210,,HARRIS
Convenience Store,6009,77571,1432590.0,TX,-95.063644,10901 W FAIRMONT PKWY,,3458917.95056745,,LA PORTE,Food Mart,29.652174,-10582436.443033,168251,,HARRIS
Convenience Store,3304,77090,1451944.0,TX,-95.451118,1402 CYPRESS CREEK PKWY,,3505383.8651832,,HOUSTON,Checkpoint #103,30.014267,-10625569.8514087,168310,,HARRIS
Convenience Store,5609,77082,1452295.0,TX,-95.605484,3880 S DAIRY ASHFORD RD,,3467058.8512516,,HOUSTON,Dairy Ashford Texaco ,29.715708,-10642753.7959245,168342,,HARRIS
Grocery Store,1461,77095,1452360.0,TX,-95.66098,16510 FM 529 RD,,3488089.59134876,Ste 101,HOUSTON,Don Chepe Meat Market #3,29.879652,-10648931.5823855,168358,,HARRIS
Convenience Store,2270,77015,1452495.0,TX,-95.186684,389 UVALDE RD,,3476876.4510912,,HOUSTON,New Sam's Chevron Service,29.792274,-10596133.1931802,168393,,HARRIS
Convenience Store,4202,77587,1563929.0,TX,-95.23629,516 COLLEGE AVE,,3460181.66059555,,SOUTH HOUSTON,Kep Food Store 1,29.662039,-10601655.3078405,168437,,HARRIS
Discount Retail,2982,77429,1400619.0,TX,-95.599419,11710 GRANT RD,,3500242.40645019,,CYPRESS,Dollar Tree 8424,29.974266,-10642078.6432128,168467,,HARRIS
Convenience Store,3202,77045,1400685.0,TX,-95.445648,12951 HIRAM CLARKE RD,,3457133.59542671,,HOUSTON,Zip In Zip Out,29.638243,-10624960.933794,168478,,HARRIS
Convenience Store,6921,77373,1400727.0,TX,-95.347176,22811 CYPRESSWOOD DR,,3509382.55369713,,SPRING,Handi Stop 17,30.045366,-10613999.0808966,168491,,HARRIS
Convenience Store,2215,77074,1578148.0,TX,-95.499199,6590 SOUTHWEST FWY,,3467290.59386557,,HOUSTON,Chevron Hillcroft,29.717516,-10630922.2038455,168517,,HARRIS
Convenience Store,    ,77373,1577346.0,TX,-95.348572,23240 CYPRESSWOOD DR,,3509768.48665472,,SPRING,Julia's #4,30.048367,-10614154.4829058,168560,,HARRIS
Convenience Store,3813,77012,1450653.0,TX,-95.277458,2525 BROADWAY ST,,3465565.69831256,,HOUSTON,Friendly Store 10,29.704058,-10606238.1086375,168591,,HARRIS
Convenience Store,2027,77080,1432754.0,TX,-95.502495,3760 ROMA ST,,3481577.10714725,,HOUSTON,Amigo Food Mart,29.828913,-10631289.1128872,168775,,HARRIS
Convenience Store,17ND,77571,1402349.0,TX,-95.030197,1103 SPENCER HWY,,3460583.79360427,,LA PORTE,7-Eleven 38881H,29.665178,-10578713.1400245,168869,,HARRIS
Convenience Store,3746,77587,1452140.0,TX,-95.218338,415 N ALLEN GENOA RD,,3461009.76850559,,SOUTH HOUSTON,Checkpoint #14,29.668503,-10599656.9003418,168946,,HARRIS
Convenience Store,3174,77504,1579412.0,TX,-95.184952,3933 FAIRMONT PKWY,,3458824.82650845,,PASADENA,7-Eleven 42208H,29.651447,-10595940.3878222,168958,,HARRIS
Discount Retail,4927,77019,1402702.0,TX,-95.399551,1430 W GRAY ST,,3471954.1477696,,HOUSTON,Dollar Tree 1191,29.753893,-10619829.4392269,168993,,HARRIS
Convenience Store,4704,77077,1475991.0,TX,-95.606415,1900 S DAIRY ASHFORD RD,,3470929.1670019,,HOUSTON,Ashford Chevron,29.745899,-10642857.4343704,169007,,HARRIS
Convenience Store,1001,77071,1341471.0,TX,-95.528107,9649 S GESSNER RD,,3461980.4033187,,HOUSTON,New Save N Go,29.676079,-10634140.2276854,169193,,HARRIS
Convenience Store,3637,77088,1574026.0,TX,-95.423264,8935 VETERANS MEMORIAL DR,,3489374.02198019,,HOUSTON,Circle Food Mart,29.889656,-10622469.1583121,169194,,HARRIS
Convenience Store,6604,77057,1341480.0,TX,-95.484329,3362 FOUNTAIN VIEW DR,,3468761.25699081,,HOUSTON,Super K,29.728989,-10629266.8830174,169195,,HARRIS
Super Store,3402,77598,1341591.0,TX,-95.136406,1310 JASMINE AVE,,3443786.61533597,,WEBSTER,Costco Wholesale 1330,29.533978,-10590536.2718221,169275,,HARRIS
Convenience Store,6209,77088,1409177.0,TX,-95.421089,8015 DE PRIEST ST,,3487533.69521646,,HOUSTON,Sunco Market Place,29.875322,-10622227.0384196,169369,,HARRIS
Convenience Store,4625,77011,1409197.0,TX,-95.306007,6801B HARRISBURG BLVD,,3469775.03954683,,HOUSTON,Brother's Food Mart,29.736897,-10609416.1687802,169376,,HARRIS
Convenience Store,4356,77049,1433403.0,TX,-95.197533,14530 WALLISVILLE RD,,3478584.39171486,,HOUSTON,Sunny Food Mart,29.805588,-10597340.8983359,169614,,HARRIS
Grocery Store,7380,77379,1408822.0,TX,-95.519211,16335 STUEBNER AIRLINE RD,,3505621.70185124,,SPRING,La Hacienda Meat Market 1,30.016117,-10633149.9294953,169788,,HARRIS
Convenience Store,    ,77504,1578809.0,TX,-95.204308,2536 SPENCER HWY,,3460530.37158027,Unit 130,PASADENA,Cinco Estrellas Honduras,29.664761,-10598095.087886,169818,,HARRIS
Other,1913,77054,1476359.0,TX,-95.40081,7505 FANNIN ST,,3464047.47395788,,HOUSTON,Texas Rxsolutions And Compounding Pharmacy,29.692211,-10619969.5904658,169886,,HARRIS
Grocery Store,5520,77081,1433307.0,TX,-95.483948,5817 BELLAIRE BLVD,,3465690.14246804,,HOUSTON,Lacosechaswfoodstore,29.705029,-10629224.4702914,169970,,HARRIS
Convenience Store,4201,77063,1475965.0,TX,-95.519432,8621 WESTHEIMER RD,,3469787.98796941,,HOUSTON,A&a Food Mart,29.736998,-10633174.5311027,169999,,HARRIS
Convenience Store,1328,77060,1436690.0,TX,-95.416367,3 GREENS RD,,3497070.08219428,,HOUSTON,Tristar 11,29.949577,-10621701.3877841,170045,,HARRIS
Convenience Store,5396,77073,1410614.0,TX,-95.425034,220 N VISTA DR,,3504302.98555874,Ste A,HOUSTON,Vista Mart,30.005859,-10622666.1938108,170132,,HARRIS
Convenience Store,1416,77023,1410666.0,TX,-95.328323,4910 POLK ST,,3469706.70798816,,HOUSTON,Polk Shell Street,29.736364,-10611900.3745367,170143,,HARRIS
Convenience Store,2508,77028,1409950.0,TX,-95.284218,8208 N WAYSIDE DR,,3482651.31908678,,HOUSTON,Wayside Loyal Food Mart,29.837284,-10606990.6283953,170420,,HARRIS
Convenience Store,2827,77336,1436217.0,TX,-95.111076,11105 FM 1960,,3505975.25104357,,HUFFMAN,Huffman Food Mart,30.018867,-10587716.5491203,170426,,HARRIS
Grocery Store,1318,77502,1410303.0,TX,-95.184822,2119 SOUTHMORE AVE,,3463980.32610756,,PASADENA,El Jalapeno Meat Market 1,29.691687,-10595925.9162884,170482,,HARRIS
Convenience Store,6702,77015,1409466.0,TX,-95.213501,1402 FEDERAL RD,,3473246.45293499,,HOUSTON,7-Eleven 40980H,29.763971,-10599118.4479648,170744,,HARRIS
Convenience Store,1376,77049,1409468.0,TX,-95.128044,9735 SHELDON RD,,3485147.08237761,,HOUSTON,7-Eleven 40983H,29.85673,-10589605.4182401,170750,,HARRIS
Convenience Store,3603,77503,1409475.0,TX,-95.152115,3949 RED BLUFF RD,,3462790.9445433,,PASADENA,7-Eleven 40986H,29.682405,-10592284.989703,170762,,HARRIS
Other,4697,77036,1436401.0,TX,-95.544731,9180 BELLAIRE BLVD,,3465898.66281804,,HOUSTON,Welcome Food Center,29.706656,-10635990.8029003,170769,,HARRIS
Convenience Store,1970,77449,1409490.0,TX,-95.764709,22643 MORTON RANCH RD,,3480056.09175781,,KATY,7-Eleven 40969H,29.817059,-10660478.641846,170800,,HARRIS
Convenience Store,3005,77503,1410475.0,TX,-95.167992,3119 PASADENA BLVD,,3462669.34729497,,PASADENA,Bunny Stop #4,29.681456,-10594052.4092583,170805,,HARRIS
Convenience Store,0814,77449,1409493.0,TX,-95.753746,21751 CLAY RD,,3481853.38314049,,HOUSTON,7-Eleven 40962H,29.831066,-10659258.2462685,170809,,HARRIS
Convenience Store,2643,77083,1410132.0,TX,-95.621147,13438 BELLAIRE BLVD,,3465568.77415772,,HOUSTON,All Bengal Sweets & Restaurant Inc,29.704082,-10644497.3931088,170839,,HARRIS
Convenience Store,7580,77523,1409881.0,TX,-94.901993,8102 N HIGHWAY 146,,3479164.0194402,,BAYTOWN,7-Eleven 40978H,29.810106,-10564441.5360268,170923,,HARRIS
Convenience Store,4417,77571,1409886.0,TX,-95.093658,8929 W FAIRMONT PKWY,,3458785.24578474,,LA PORTE,7-Eleven 40991H,29.651138,-10585777.5862297,170933,,HARRIS
Convenience Store,4571,77571,1409887.0,TX,-95.060043,2601 W MAIN ST,,3460532.29323197,,LA PORTE,7-Eleven 41029H,29.664776,-10582035.5815467,170939,,HARRIS
Convenience Store,5365,77077,1436157.0,TX,-95.639801,14244 WESTHEIMER RD,,3469662.99136529,,HOUSTON,Super K Food Store,29.736023,-10646573.94689,170957,,HARRIS
Convenience Store,5914,77021,1453987.0,TX,-95.374924,3502 LYDIA ST,,3463121.40271696,,HOUSTON,B.k. Food Mart,29.684984,-10617087.9741272,171049,,HARRIS
Grocery Store,6050,77077,1403175.0,TX,-95.597298,12280 WESTHEIMER RD,,3469710.93863697,Ste 5,HOUSTON,Westheimer Halal Meat Llc 1,29.736397,-10641842.5345728,171069,,HARRIS
Convenience Store,3005,77018,1452786.0,TX,-95.44519,1807 W 43RD ST,,3482011.47779406,,HOUSTON,Breaktime,29.832298,-10624909.9494672,171136,,HARRIS
Convenience Store,4603,77505,1422424.0,TX,-95.12648,7303 FAIRMONT PKWY,,3458708.26226561,,PASADENA,7-Eleven 41116H,29.650537,-10589431.3145565,171220,,HARRIS
Grocery Store,5807,77520,1423115.0,TX,-94.95697,400 N ALEXANDER DR,,3469070.07530675,,BAYTOWN,La Sabrosa Meat Market 1,29.731398,-10570561.5476722,171365,,HARRIS
Convenience Store,5509,77022,1423163.0,TX,-95.365746,6417 HELMERS ST,,3480037.48757402,,HOUSTON,Helmers Food Store,29.816914,-10616066.2838407,171374,,HARRIS
Convenience Store,3737,77587,1423404.0,TX,-95.212784,416 N PEREZ ST,,3461179.77805937,,SOUTH HOUSTON,Big 7 Food Market,29.66983,-10599038.6318899,171584,,HARRIS
Convenience Store,1614,77067,1452880.0,TX,-95.428139,650 W RANKIN RD,,3499108.37931643,,HOUSTON,24 Seven #40,29.965441,-10623011.8408297,171675,,HARRIS
Convenience Store,4757,77022,1422761.0,TX,-95.394981,8021 N MAIN ST,,3480773.07906843,,HOUSTON,Payless Loyal Foodmart,29.822647,-10619320.709154,171685,,HARRIS
Convenience Store,2705,77008,1422785.0,TX,-95.42942,2221 ELLA BLVD,,3478686.38274298,,HOUSTON,Charge Up 57,29.806383,-10623154.4410974,171718,,HARRIS
Convenience Store,5732,77044,1453275.0,TX,-95.21048,9627 C E KING PKWY,,3485795.29542652,,HOUSTON,CE King Operations LLC,29.86178,-10598782.1517832,171729,,HARRIS
Convenience Store,4755,77088,1452960.0,TX,-95.449486,9623 W MONTGOMERY RD,,3488465.76570365,Ste 100,HOUSTON,Montgomery Food Store,29.882582,-10625388.1779997,171796,,HARRIS
Grocery Store,1559,77036,1453055.0,TX,-95.546959,10302 HARWIN DR,,3467282.26233864,Ste A,HOUSTON,Suan Khai Dba Asian Food Mart n/a,29.717451,-10636238.8227258,172000,,HARRIS
Convenience Store,7218,77017,1403740.0,TX,-95.23243,2902 S RICHEY ST,,3462074.9595628,,HOUSTON,Handi Stop #135,29.676817,-10601225.6146061,172038,,HARRIS
Convenience Store,2335,77031,1403746.0,TX,-95.540039,10927 S SAM HOUSTON PKWY W,,3457904.25387836,,HOUSTON,Handi Stop #133,29.64426,-10635468.4918495,172048,,HARRIS
Convenience Store,    ,77536,1477393.0,TX,-95.102646,1901 EAST BLVD.,,3466266.49736286,,DEER PARK,7-Eleven 41749H,29.709526,-10586778.125813,172061,,HARRIS
Convenience Store,    ,77084,1477395.0,TX,-95.687912,1206 BARKER CYPRESS RD,,3476144.28956942,,HOUSTON,7-Eleven 41305H,29.786566,-10651929.6389116,172068,,HARRIS
Convenience Store,5437,77035,1410945.0,TX,-95.496437,14111 MAIN ST,,3456616.68961692,,HOUSTON,Fuel Depot #11,29.634207,-10630614.7394119,172133,,HARRIS
Convenience Store,4310,77040,1404457.0,TX,-95.52494,6751 FAIRBANKS N HOUSTON RD,,3486224.54603996,,HOUSTON,Handi Plus #4,29.865124,-10633787.678858,172168,,HARRIS
Convenience Store,2205,77018,1411048.0,TX,-95.403175,5051 YALE ST,,3482957.77664822,,HOUSTON,Yale Grocery Store,29.839672,-10620232.8610616,172170,,HARRIS
Supermarket,5504,77073,1477669.0,TX,-95.410927,20431 IMPERIAL VALLEY DR,,3502063.22866456,,HOUSTON,La Michoacana Meat Market H85,29.988434,-10621095.8097542,172268,,HARRIS
Convenience Store,6219,77002,1403802.0,TX,-95.364876,914 MAIN ST,,3472446.66510183,Ste F,HOUSTON,Houston Newstand,29.757734,-10615969.4358837,172342,,HARRIS
Specialty Store,2439,77081,1403635.0,TX,-95.486359,5930 RENWICK DR,,3467259.31862314,Ste D,HOUSTON,Horn Of Africa,29.717272,-10629492.8615837,172424,,HARRIS
Convenience Store,5305,77035,1403673.0,TX,-95.492584,12303 HILLCROFT ST,,3457879.40560465,,HOUSTON,Hillcroft Food Mart,29.644066,-10630185.8254139,172431,,HARRIS
Convenience Store,2938,77396,1477449.0,TX,-95.227272,10655 N SAM HOUSTON PKWY E,,3495202.69954425,,HUMBLE,Checkout #42,29.935041,-10600651.4286726,172453,,HARRIS
Convenience Store,7009,77026,1411096.0,TX,-95.336464,3301 LEE ST,,3475555.43522017,,HOUSTON,Speedy Mart 52,29.781975,-10612806.6265113,172492,,HARRIS
Convenience Store,6514,77375,1411112.0,TX,-95.624428,27015 TOMBALL PKWY,,3512224.27674425,,TOMBALL,7-Eleven Inc. dba Stripes 40953H,30.067461,-10644862.632358,172493,,HARRIS
Convenience Store,2459,77091,1411117.0,TX,-95.411896,7480 N SHEPHERD DR,,3486721.33429552,,HOUSTON,Charge Up 28,29.868994,-10621203.6783408,172495,,HARRIS
Convenience Store,9672,77571,1411127.0,TX,-95.087883,1700 UNDERWOOD RD,,3462470.10454867,,LA PORTE,7-Eleven Inc. dba Stripes 40990H,29.679901,-10585134.7161704,172504,,HARRIS
Supermarket,6472,77375,1411223.0,TX,-95.628792,27722 STATE HIGHWAY 249,,3513602.47393187,,TOMBALL,La Michoacana Meat Market #82,30.078175,-10645348.4306159,172535,,HARRIS
Other,4002,77055,1411264.0,TX,-95.542656,10064 LONG POINT RD,,3477222.40808912,,HOUSTON,Tres Amigos Bakery 1,29.794971,-10635759.8149569,172543,,HARRIS
Convenience Store,4519,77026,1411280.0,TX,-95.340698,3425 EASTEX FWY,,3477030.37963858,,HOUSTON,Charge Up 23,29.793474,-10613277.9532353,172549,,HARRIS
Grocery Store,5802,77520,1601416.0,TX,-94.957672,100 N ALEXANDER DR,,3468786.89542305,,BAYTOWN,Fresco Supermarket,29.729189,-10570639.6939547,172742,,HARRIS
Convenience Store,2506,77053,1477231.0,TX,-95.424828,14024 ALMEDA RD,,3452669.75405679,,HOUSTON,Jackpot Truck Stop,29.603384,-10622643.2619957,172874,,HARRIS
Convenience Store,4025,77026,1404330.0,TX,-95.313248,5546 CAVALCADE ST,,3477883.5620825,,HOUSTON,Mikhael Food Mart,29.800125,-10610222.233213,172888,,HARRIS
Convenience Store,5956,77373,1477597.0,TX,-95.398872,24307 ALDINE WESTFIELD RD,,3511031.30604406,Ste I,SPRING,24/7 Stop N Go #2,30.058186,-10619753.8532927,172904,,HARRIS
Convenience Store,3637,77013,1405229.0,TX,-95.266052,9221 WALLISVILLE RD,,3477023.58108878,,HOUSTON,Trucker's Paradise,29.793421,-10604968.3985255,173004,,HARRIS
Convenience Store,3533,77038,1423924.0,TX,-95.449623,2526 W MOUNT HOUSTON RD,,3490465.58118859,,HOUSTON,Ritestop  4,29.898157,-10625403.4287699,173363,,HARRIS
Convenience Store,6433,77093,1423940.0,TX,-95.328842,4015 TIDWELL RD,,3484154.54563445,,HOUSTON,Tidwell Quick Mart,29.848997,-10611958.1493524,173404,,HARRIS
Grocery Store,6412,77036,1411988.0,TX,-95.555283,9908 BEECHNUT ST,,3463736.85401441,Ste A,HOUSTON,Tierra Caliente #1 1,29.689787,-10637165.4461672,173522,,HARRIS
Discount Retail,    ,77586,1411432.0,TX,-95.025673,2000 BAYPORT BLVD,,3448556.86696271,Ste 210,SEABROOK,Dollar Tree 8434,29.571255,-10578209.5306481,173525,,HARRIS
Grocery Store,1008,77095,1411675.0,TX,-95.67971,17754 FM 529 RD,,3488042.34565817,,HOUSTON,Al Barakah Halal Meat,29.879284,-10651016.5964481,173551,,HARRIS
Convenience Store,6407,77090,1631965.0,TX,-95.437218,13555 KUYKENDAHL RD,,3501037.12073429,,HOUSTON,Panthers 5 00012,29.98045,-10624022.5104866,173580,,HARRIS
Convenience Store,6207,77088,1404698.0,TX,-95.420746,7915 DE PRIEST ST,,3487251.39138633,,HOUSTON,Friendly Store 5,29.873123,-10622188.8558343,173644,,HARRIS
Convenience Store,4180,77396,1411581.0,TX,-95.281662,7015 N SAM HOUSTON PKWY E,,3496034.35511407,,HUMBLE,Charge Up 26,29.941515,-10606706.0957768,173906,,HARRIS
Grocery Store,6343,77057,1424806.0,TX,-95.483269,5922 RICHMOND AVE,,3469104.55983798,Ste C,HOUSTON,La Vienesa Bakery Llc,29.731667,-10629148.8843572,174022,,HARRIS
Convenience Store,3222,77433,1465962.0,TX,-95.714188,19940 FM 529 RD,,3488165.72403766,,CYPRESS,Rakib & Associates Inc,29.880245,-10654854.6698517,174070,,HARRIS
Grocery Store,5369,77077,1512877.0,TX,-95.633186,13711 WESTHEIMER RD,,3469546.58536405,Ste A,HOUSTON,Aso Rock Market Houston ,29.735115,-10645837.5684584,174123,,HARRIS
Super Store,1539,77098,1424162.0,TX,-95.40976,2075 WESTHEIMER RD,,3470388.2450007,,HOUSTON,Target Store T3375,29.74168,-10620965.8999084,174134,,HARRIS
Convenience Store,3607,77037,1454503.0,TX,-95.412682,8201 NORTH FWY,,3487748.21947838,,HOUSTON,Time Mart,29.876993,-10621291.1754605,174154,,HARRIS
Convenience Store,1616,77091,1454661.0,TX,-95.448891,2450 W LITTLE YORK RD,,3486013.25641045,,HOUSTON,Mary's Convenience Store,29.863478,-10625321.9429027,174212,,HARRIS
Convenience Store,1929,77009,1424688.0,TX,-95.36161,5711 IRVINGTON BLVD,,3479334.91069996,,HOUSTON,Step In,29.811438,-10615605.8664267,174360,,HARRIS
Other,    ,77433,1512082.0,TX,-95.720421,7334 FRY RD,,3488968.03347406,Ste D,HOUSTON,Central African Market Llc,29.886494,-10655548.5242378,174409,,HARRIS
Convenience Store,4639,77389,1512746.0,TX,-95.49382,4806 SPRING STUEBNER RD,,3514408.6997159,,SPRING,Time Saver Food Mart,30.084442,-10630323.4163045,174469,,HARRIS
Convenience Store,4007,77045,1512380.0,TX,-95.464149,13535 S POST OAK RD,,3455895.0284665,,HOUSTON,Post Oak Food Mart,29.628572,-10627020.4556932,174558,,HARRIS
Convenience Store,3807,77562,1652445.0,TX,-95.057167,227 N MAIN ST,,3480235.84805449,,HIGHLANDS,Zapco # 11,29.81846,-10581715.4266912,174628,,HARRIS
Convenience Store,4337,77503,1512443.0,TX,-95.139793,4601 RED BLUFF RD,,3461902.37572122,,PASADENA,Papu's Grocery,29.67547,-10590913.3109375,174673,,HARRIS
Convenience Store,4853,77021,1512142.0,TX,-95.363861,7026 SCOTT ST,,3463670.09220782,,HOUSTON,Friendly Store 201,29.689266,-10615856.4466005,174681,,HARRIS
Convenience Store,2343,77037,1424229.0,TX,-95.391701,213 GULF BANK RD,,3489432.82846723,,HOUSTON,Gulf Bank Mart,29.890114,-10618955.5812242,174695,,HARRIS
Discount Retail,9728,77521,1424309.0,TX,-95.016685,7214 WADE RD,,3478141.02881779,,BAYTOWN,Dollar General 20368,29.802132,-10577208.9910649,174868,,HARRIS
Convenience Store,4406,77067,1424311.0,TX,-95.427933,914 W GREENS RD,,3497046.05730811,,HOUSTON,Road Star #2,29.94939,-10622988.9090146,174869,,HARRIS
Convenience Store,5156,77532,1424387.0,TX,-95.024284,2233 FM 1942 RD,,3487720.8741751,,CROSBY,Quick Time,29.87678,-10578054.9078754,174896,,HARRIS
Convenience Store,5738,77009,1454175.0,TX,-95.35984,2958 FULTON ST,,3476439.0475434,,HOUSTON,Dollar Kingdom #2,29.788864,-10615408.830928,174930,,HARRIS
Grocery Store,2956,77066,1512258.0,TX,-95.494896,13519 BAMMEL NORTH HOUSTON RD,,3500228.01363339,,HOUSTON,Carribbean Supermarket,29.974154,-10630443.1960766,174931,,HARRIS
Convenience Store,2450,77336,1413195.0,TX,-95.089157,12315 FM 1960,,3506584.664303,,HUFFMAN,Sunmart 374,30.023607,-10585276.5372016,175167,,HARRIS
Convenience Store,5761,77084,1478444.0,TX,-95.682587,5418 BARKER CYPRESS RD,,3484673.0732789,,HOUSTON,J's Mart 3,29.853037,-10651336.8626231,175194,,HARRIS
Other,1047,77038,1413214.0,TX,-95.457527,10625 VETERANS MEMORIAL DR,,3495004.74934147,Ste S,HOUSTON,HD Food Market,29.9335,-10626283.2980252,175213,,HARRIS
Convenience Store,1511,77505,1412303.0,TX,-95.162666,5211 SPENCER HWY,,3460638.36885028,,PASADENA,Swift Spencer,29.665604,-10593459.5216504,175252,,HARRIS
Convenience Store,3625,77088,1454835.0,TX,-95.425247,1441 W GULF BANK RD,,3488917.83148888,,HOUSTON,Fuel Valley,29.886103,-10622689.9048624,175316,,HARRIS
Convenience Store,2336,77029,1569546.0,TX,-95.234245,11037 MARKET ST,,3473789.29064415,,HOUSTON,Pause & Go #11,29.768204,-10601427.6594819,175326,,HARRIS
Convenience Store,4422,77020,1413242.0,TX,-95.315559,2124 LOCKWOOD DR,,3475442.18229592,,HOUSTON,Friendly Store 7,29.781092,-10610479.4925562,175327,,HARRIS
Grocery Store,2055,77022,1412633.0,TX,-95.376289,139 TIDWELL RD,,3483754.75460987,,HOUSTON,Montana Meat,29.845882,-10617239.9252321,175386,,HARRIS
Convenience Store,    ,77521,1579265.0,TX,-94.984085,8206 GARTH RD,,3480184.26890223,Ste 100,BAYTOWN,Ashley's,29.818058,-10573579.975665,175465,,HARRIS
Convenience Store,2464,77016,1477970.0,TX,-95.293266,7455 LITTLE YORK RD,,3487084.88767952,,HOUSTON,New Era Grocery Store,29.871826,-10607997.847148,175502,,HARRIS
Convenience Store,1847,77071,1454888.0,TX,-95.509697,7550 CREEKBEND DR,,3460686.41063136,,HOUSTON,Ricks Grocery,29.665979,-10632090.8358598,175511,,HARRIS
Convenience Store,3303,77081,1455572.0,TX,-95.490547,6175 ELM ST,,3466668.94859524,,HOUSTON,Elm Food Store,29.712666,-10629959.0676112,175551,,HARRIS
Convenience Store,1276,77338,1455602.0,TX,-95.330002,20750 CYPRESSWOOD DR,,3505880.11320585,,HUMBLE,Cypress Point Food Mart,30.018127,-10612087.2799617,175682,,HARRIS
Convenience Store,1803,77505,1413061.0,TX,-95.13118,7015 SPENCER HWY,,3460386.63284542,,PASADENA,Bunny Stop  3,29.663639,-10589954.5161633,175734,,HARRIS
Convenience Store,1636,77520,1478693.0,TX,-95.011978,4300 DECKER DR,,3474040.51954524,,BAYTOWN,Pick N Pay #2,29.770163,-10576685.0102217,175869,,HARRIS
Convenience Store,2810,77074,1413135.0,TX,-95.528084,8901 S GESSNER RD,,3463099.87590851,,HOUSTON,Stop N Buy,29.684816,-10634137.6673371,175892,,HARRIS
Convenience Store,3538,77530,1455068.0,TX,-95.124016,704 SHELDON RD,,3476015.38318285,,CHANNELVIEW,Speed Stop,29.785561,-10589157.0233312,175917,,HARRIS
Convenience Store,5531,77034,1412536.0,TX,-95.170021,5411 E SAM HOUSTON PKWY S,,3456045.24848093,,HOUSTON,Checkpoint #15,29.629745,-10594278.2765052,175975,,HARRIS
Convenience Store,9704,77521,1478749.0,TX,-94.968292,8141 N MAIN ST,,3480367.61961662,,BAYTOWN,Zip In Zip Out #7,29.819487,-10571821.9069469,175982,,HARRIS
Convenience Store,3326,77429,1658018.0,TX,-95.611732,15010 N ELDRIDGE PKWY,,3502495.33938204,,CYPRESS,Julia's 8 00001,29.991796,-10643449.3201029,176020,,HARRIS
Convenience Store,2752,77080,1406395.0,TX,-95.525986,3506 CAMPBELL RD,,3481099.38058788,,HOUSTON,Shop N Go,29.82519,-10633904.1190454,176066,,HARRIS
Convenience Store,3849,77506,1406396.0,TX,-95.18203,2204 RED BLUFF RD,,3464994.88543956,,PASADENA,Prime Mart #40,29.699604,-10595615.1122701,176067,,HARRIS
Convenience Store,8238,77375,1437327.0,TX,-95.589912,22610 STATE HIGHWAY 249,,3505295.54534473,,TOMBALL,7-Eleven 38949H,30.01358,-10641020.3288138,176134,,HARRIS
Convenience Store,2131,77099,1437415.0,TX,-95.571083,9402 WILCREST DR,,3462016.53448451,,HOUSTON,Quick Express,29.676361,-10638924.2941217,176171,,HARRIS
Convenience Store,4420,77087,1437546.0,TX,-95.294418,5738 TELEPHONE RD,,3462706.50544717,,HOUSTON,Diamond Super Mart,29.681746,-10608126.0872014,176233,,HARRIS
Convenience Store,3242,77028,1478958.0,TX,-95.283928,7112 N WAYSIDE DR,,3481297.62917538,,HOUSTON,1 Stop #10,29.826735,-10606958.3457429,176330,,HARRIS
Convenience Store,6301,77016,1478966.0,TX,-95.318344,5001 E CROSSTIMBERS ST,,3481894.31817626,,HOUSTON,24 Seven At Crosstimbers #34,29.831385,-10610789.5173381,176334,,HARRIS
Convenience Store,    ,77520,1437098.0,TX,-94.942703,2911 N ALEXANDER DR,,3471988.38358919,,BAYTOWN,Baytown Chevron,29.75416,-10568973.352497,176378,,HARRIS
Convenience Store,3100,77520,1595746.0,TX,-94.955055,1414 BEAUMONT RD,,3470635.43288986,,BAYTOWN,Super Stop,29.743608,-10570348.3708473,176384,,HARRIS
Convenience Store,5358,77077,1437101.0,TX,-95.634514,13905 WESTHEIMER RD,,3469603.76262946,,HOUSTON,Now & Forever Westheimer,29.735561,-10645985.4007422,176394,,HARRIS
Other,7905,77520,530661.0,TX,-94.979187,709 W MAIN ST,,3467611.55402561,,BAYTOWN,Monyroth Seafood Market,29.72002,-10573034.7327991,176502,,HARRIS
Convenience Store,4237,77530,1479108.0,TX,-95.124779,15741 MARKET ST,,3474334.97274011,,CHANNELVIEW,Sunrise Super Stop,29.772459,-10589241.9601027,176541,,HARRIS
Convenience Store,5240,77020,1479153.0,TX,-95.300926,445 LATHROP ST,,3475359.19919047,,HOUSTON,7 Seas,29.780445,-10608850.5544474,176559,,HARRIS
Convenience Store,6880,77084,1479156.0,TX,-95.682922,5210 BARKER CYPRESS RD,,3484141.06932938,,HOUSTON,Indigo Store,29.848892,-10651374.1546525,176560,,HARRIS
Convenience Store,5655,77044,1605485.0,TX,-95.191147,11206 E SAM HOUSTON PKWY N,,3487690.19101701,,HOUSTON,B8 Break Stop #7,29.876541,-10596630.0120677,176636,,HARRIS
Supermarket,3250,77429,1405567.0,TX,-95.630699,13867 CYPRESS NORTH HOUSTON RD,,3496781.40112431,,CYPRESS,La Michoacana Meat Market  78 Ltd.,29.94733,-10645560.7168848,176645,,HARRIS
Convenience Store,3862,77036,1603102.0,TX,-95.538155,6607 S GESSNER RD,,3466037.46465339,Ste A,HOUSTON,Variedades Nuevo Amanecer Llc,29.707739,-10635258.7659288,176690,,HARRIS
Convenience Store,1872,77449,1437742.0,TX,-95.717964,5770 FRY RD,,3484870.35032113,Ste A,KATY,Guerrerense Meat Market,29.854574,-10655275.0122489,176721,,HARRIS
Convenience Store,9591,77521,1437747.0,TX,-94.9888,10214 GARTH RD,,3483728.57290406,,BAYTOWN,Snappy Mart,29.845678,-10574104.8470641,176729,,HARRIS
Convenience Store,8412,77036,1603420.0,TX,-95.553162,9935 BISSONNET ST,,3461804.87391963,,HOUSTON,Swift,29.674709,-10636929.3375272,176751,,HARRIS
Supermarket,2452,77072,1437768.0,TX,-95.58429,11700 BELLAIRE BLVD,,3465676.68552401,,HOUSTON,Tan Binh Market 00002,29.704924,-10640394.4906366,176754,,HARRIS
Discount Retail,2514,77089,1437828.0,TX,-95.220062,11293 FUQUA ST,,3454126.45697306,,HOUSTON,DOLLARTREE 8691,29.614761,-10599848.8151439,176852,,HARRIS
Convenience Store,5751,77536,1662678.0,TX,-95.131523,908 W PASADENA BLVD,,3462680.75099235,,DEER PARK,Molinas Deerpark Grocery,29.681545,-10589992.6987486,176902,,HARRIS
Convenience Store,8139,77493,1437315.0,TX,-95.822739,23013 CLAY RD,,3481873.27318857,,KATY,7-Eleven 41623H,29.831221,-10666938.5118968,176976,,HARRIS
Convenience Store,8271,77521,1437319.0,TX,-94.997231,4061 EAST FWY,,3478206.58295707,,BAYTOWN,7-Eleven 41222H,29.802643,-10575043.381691,176991,,HARRIS
Convenience Store,1319,77014,1425790.0,TX,-95.479309,14451 T C JESTER BLVD,,3503005.09975073,,HOUSTON,Julia's #2,29.995762,-10628708.0591736,177032,,HARRIS
Convenience Store,1439,77099,1438313.0,TX,-95.594849,12222 BISSONNET ST,,3462011.15324063,Ste Z,HOUSTON,Shop N Go,29.676319,-10641569.9131399,177157,,HARRIS
Convenience Store,2902,77060,1425050.0,TX,-95.399452,332 BENMAR DR,,3496337.02231886,,HOUSTON,Fuel On Time,29.943871,-10619818.4185973,177232,,HARRIS
Convenience Store,5916,77048,1425053.0,TX,-95.342957,4741 S SAM HOUSTON PKWY E,,3452312.54955335,,HOUSTON,Singh Mart #4,29.600594,-10613529.423965,177233,,HARRIS
Convenience Store,6331,77073,1438319.0,TX,-95.401619,1201 E AIRTEX DR,,3501444.26390769,Ste A,HOUSTON,24/7 Stop N Go #5,29.983618,-10620059.6479339,177283,,HARRIS
Convenience Store,5270,77028,1438034.0,TX,-95.284241,5704 N WAYSIDE DR,,3479613.83270575,Ste A,HOUSTON,Loyal Food Mart,29.813612,-10606993.1887436,177308,,HARRIS
Convenience Store,5637,77084,1438060.0,TX,-95.675758,3010 CYPRESS RD,,3479423.94954058,Ste B,HOUSTON,Handi Stop #136,29.812132,-10650576.6618205,177316,,HARRIS
Convenience Store,2642,77089,1513570.0,TX,-95.266426,11530 PEARLAND PKWY,,3451800.70168665,,HOUSTON,7-Eleven 41922H,29.596596,-10605010.0320151,177495,,HARRIS
Convenience Store,2851,77071,1425547.0,TX,-95.52755,12405 S GESSNER RD,,3457557.40704786,,HOUSTON,Fuel Hub,29.641552,-10634078.222729,177708,,HARRIS
Convenience Store,8502,77092,1582331.0,TX,-95.4524,4401 W 18TH ST,,3478024.54596789,,HOUSTON,Lucky Food Mart,29.801224,-10625712.5629959,177731,,HARRIS
Convenience Store,3710,77058,1513152.0,TX,-95.084709,2330 NASA PKWY,,3446193.72360318,,HOUSTON,Checkpoint #22,29.55279,-10584781.3881066,177900,,HARRIS
Convenience Store,4072,77433,1425684.0,TX,-95.704269,19204 FM 529 RD,,3488166.49435386,,CYPRESS,7-Eleven 40965H,29.880251,-10653750.4918225,177958,,HARRIS
Convenience Store,5363,77088,1631763.0,TX,-95.483528,7401 ALABONSON RD,,3487723.05666195,Ste A,HOUSTON,SS Food Mart,29.876797,-10629177.7161053,178017,,HARRIS
Other,4522,77055,1533160.0,TX,-95.517113,9140 LONG POINT RD,,3477836.86712431,,HOUSTON,Mr N Food Store 00001,29.799761,-10632916.3812036,178033,,HARRIS
Convenience Store,3945,77072,1414000.0,TX,-95.596321,12306 BEECHNUT ST,,3463692.90138496,,HOUSTON,Tristar #8,29.689444,-10641733.7754303,178073,,HARRIS
Discount Retail,2740,77504,1239180.0,TX,-95.206184,154 FAIRMONT PKWY,,3458752.58217223,,PASADENA,DOLLARTREE 6314,29.650883,-10598303.9232507,178082,,HARRIS
Convenience Store,1551,77040,1415083.0,TX,-95.537857,8360 WINDFERN RD,,3490165.62104534,,HOUSTON,New Quick N Easy ,29.895821,-10635225.5927206,178094,,HARRIS
Convenience Store,2437,77028,1456496.0,TX,-95.290054,7635 LEY RD,,3481938.33310975,,HOUSTON,Family Neighborhood Store,29.831728,-10607640.2889435,178124,,HARRIS
Convenience Store,2025,77520,1415139.0,TX,-95.002045,3312 DECKER DR,,3472774.9349891,,BAYTOWN,Snack Time Food Mart,29.760294,-10575579.2737197,178254,,HARRIS
Convenience Store,3332,77089,1456653.0,TX,-95.217834,10715 SAGETREE DR,,3453237.58872521,,HOUSTON,Sabo Mart,29.607819,-10599600.7953185,178329,,HARRIS
Convenience Store,3307,77063,1456722.0,TX,-95.53183,9503 WESTHEIMER RD,,3469770.55247274,,HOUSTON,Westheimer Shell,29.736862,-10634554.6701496,178348,,HARRIS
Convenience Store,5208,77060,1456992.0,TX,-95.390663,14802 LILLJA RD,,3492636.26435681,,HOUSTON,Best Food #2,29.91506,-10618840.0315928,178467,,HARRIS
Convenience Store,3781,77389,1457004.0,TX,-95.513092,6114 ROOT RD,,3516215.59260438,,SPRING,Root Mart,30.098486,-10632468.7655311,178472,,HARRIS
Convenience Store,5265,77506,1457075.0,TX,-95.176353,2513 PENFIELD ST,,3464129.35892861,,PASADENA,Chachito's Distributor Llc,29.69285,-10594983.1515209,178490,,HARRIS
Supermarket,8146,77493,1583386.0,TX,-95.805206,24924 MORTON RANCH RD,,3480046.98211962,,KATY,HEB Food Store #797 797,29.816988,-10664986.7472647,178558,,HARRIS
Convenience Store,    ,77429,1455891.0,TX,-95.630615,12255 HUFFMEISTER RD,,3497409.51883693,,HOUSTON,Home Run Express #1,29.952219,-10645551.3660476,178639,,HARRIS
Convenience Store,4103,77521,1413660.0,TX,-94.964447,2829 N MAIN ST,,3471884.13772582,,BAYTOWN,Kroozin Baytown,29.753347,-10571393.8835048,178712,,HARRIS
Grocery Store,4949,77076,1456077.0,TX,-95.38327,5406 AIRLINE DR,,3483780.29465874,Unit E,HOUSTON,Panaderia Tierra Caliente #4 4,29.846081,-10618017.0465973,178802,,HARRIS
Convenience Store,    ,77493,1574445.0,TX,-95.840225,4011 PITTS RD,,3481600.07645256,,KATY,Checkout #74,29.829092,-10668885.0445128,178804,,HARRIS
Convenience Store,5058,77017,1456376.0,TX,-95.262611,8550 WINKLER DR,,3461421.79251439,Ste A,HOUSTON,7 Eleven Latinos,29.671719,-10604585.3481577,178822,,HARRIS
Convenience Store,5656,77065,1456459.0,TX,-95.628159,10502 HUFFMEISTER RD,,3494249.20121233,Ste B,HOUSTON,Pitstop Express #13,29.927618,-10645277.9653782,178933,,HARRIS
Convenience Store,3009,77064,1480623.0,TX,-95.572151,12701 WINDFERN RD,,3494969.03898885,,HOUSTON,The Right Choice,29.933222,-10639043.1833379,179080,,HARRIS
Convenience Store,2367,77031,1479625.0,TX,-95.551544,9708 W BELLFORT AVE,,3459092.92826663,,HOUSTON,Bellfort Food Mart,29.65354,-10636749.2225911,179183,,HARRIS
Convenience Store,5906,77087,1479815.0,TX,-95.305717,7004 BELLFORT ST,,3461039.61930483,,HOUSTON,Space City Foodmart,29.668736,-10609383.8861278,179253,,HARRIS
Convenience Store,4259,77081,1480201.0,TX,-95.489685,6118 CLAREWOOD DR,,3466254.32148669,Ste B,HOUSTON,Amigos Food Mart,29.709431,-10629863.1102101,179292,,HARRIS
Convenience Store,2302,77043,1479394.0,TX,-95.562668,10680 HAMMERLY BLVD,,3479580.73124901,,HOUSTON,Handi Stop #138,29.813354,-10637987.5406067,179447,,HARRIS
Other,3204,77042,1415855.0,TX,-95.56913,10928 WESTHEIMER RD,,3469879.90932439,,HOUSTON,K.C. African  Food Store N/A,29.737715,-10638706.8871562,179534,,HARRIS
Convenience Store,3006,77064,1415765.0,TX,-95.575974,13003 WINDFERN RD,,3494979.82915683,,HOUSTON,Ritestop  3,29.933306,-10639468.7577512,179609,,HARRIS
Grocery Store,3814,77521,1653546.0,TX,-94.977303,3626 GARTH RD,,3472938.30367548,,BAYTOWN,La Bodeguita Del Medio 1,29.761568,-10572825.0068785,179656,,HARRIS
Convenience Store,2502,77040,1407432.0,TX,-95.524109,7402 FAIRBANKS N HOUSTON RD,,3488542.15740925,,HOUSTON,Littlebuddy#290,29.883177,-10633695.1723612,179690,,HARRIS
Convenience Store,3263,77506,1407099.0,TX,-95.220009,901 W HARRIS AVE,,3464748.70296682,,PASADENA,Pasadena Buzzy Bee,29.697683,-10599842.9152109,179713,,HARRIS
Grocery Store,2638,77520,1480001.0,TX,-94.971809,510 PARK ST,,3471018.14758164,,BAYTOWN,La Nueva Campesina,29.746593,-10572213.417596,179740,,HARRIS
Convenience Store,4642,77039,1480020.0,TX,-95.336166,3702 ALDINE MAIL ROUTE RD,,3490955.98494165,,HOUSTON,Time Saving Food Mart,29.901976,-10612773.453303,179764,,HARRIS
Convenience Store,6022,77077,1407142.0,TX,-95.59761,2505 SHADOWBRIAR DR,,3469899.01161312,,HOUSTON,Save-a-step,29.737864,-10641877.266254,179814,,HARRIS
Convenience Store,4203,77086,1407536.0,TX,-95.501373,14409 STATE HIGHWAY 249,,3493912.28892638,,HOUSTON,KKJ Mart,29.924995,-10631164.2124185,179825,,HARRIS
Convenience Store,1243,77520,1652436.0,TX,-95.032623,6206 DECKER DR,,3475861.46680453,,BAYTOWN,Zapco # 10,29.784361,-10578983.2011091,179873,,HARRIS
Grocery Store,3758,77067,481494.0,TX,-95.464569,11214 VETERANS MEMORIAL DR,,3496480.26502756,,HOUSTON,Mi Favorita Meat Market #2,29.944986,-10627067.2098793,179885,,HARRIS
Convenience Store,1718,77082,1480431.0,TX,-95.634865,13939 RICHMOND AVE,,3468736.51595217,,HOUSTON,Bunny Stop #7,29.728796,-10646024.4738835,179952,,HARRIS
Convenience Store,2334,77058,1438795.0,TX,-95.113014,17070 SATURN LN,,3447030.91675389,,HOUSTON,Food Mart 00001,29.559332,-10587932.2862935,180045,,HARRIS
Grocery Store,4143,77012,1438821.0,TX,-95.286491,7610 OFFICE CITY DR,,3465064.60168543,Ste B,HOUSTON,Supermercado Gigante #1,29.700148,-10607243.6575978,180057,,HARRIS
Farmers and Markets,4935,77493,1439356.0,TX,-95.83223,26261 SHARP RD,,3491183.6650292,,KATY,Saadi's Farm,29.903749,-10667995.0451839,180164,,HARRIS
Convenience Store,4532,77089,1439504.0,TX,-95.222672,10822 HUGHES RD,,3451080.07783424,,HOUSTON,B & G Food Store,29.590967,-10600139.3590149,180217,,HARRIS
Convenience Store,4225,77051,1408060.0,TX,-95.369957,3555 AIRPORT BLVD,,3457970.72965012,,HOUSTON,Prime Express #2,29.644779,-10616535.0502164,180258,,HARRIS
Convenience Store,2154,77053,1426442.0,TX,-95.464088,5417 ANDERSON RD,,3452926.2048178,,HOUSTON,New Connect,29.605387,-10627013.6652043,180449,,HARRIS
Discount Retail,    ,77502,1426450.0,TX,-95.18602,2702 CHERRY LANE,,3461452.79734161,Suite A,PASADENA,Family Dollar 12583,29.671961,-10596059.2770384,180455,,HARRIS
Convenience Store,6338,77016,1439763.0,TX,-95.321564,8019 LAVENDER ST,,3482214.2319075,,HOUSTON,Lavender Food Mart,29.833878,-10611147.9660984,180596,,HARRIS
Discount Retail,5201,77066,1490932.0,TX,-95.498184,11515 BAMMEL NORTH HOUSTON RD,,3496358.9903789,,HOUSTON,Family Dollar 12788,29.944042,-10630809.2145623,180667,,HARRIS
Grocery Store,6611,77083,1439283.0,TX,-95.622498,13655 BISSONNET ST,,3462538.01330571,Ste 205,HOUSTON,Mama Mata,29.680431,-10644647.7857408,180793,,HARRIS
Convenience Store,2502,77061,1407753.0,TX,-95.262901,7241 MONROE RD,,3460586.48392789,,HOUSTON,24 Express,29.665199,-10604617.63081,180802,,HARRIS
Convenience Store,2304,77081,1407829.0,TX,-95.48938,6116 GULFTON ST,,3467200.35730729,,HOUSTON,Handi Stop  8,29.716812,-10629829.1577654,180828,,HARRIS
Convenience Store,7014,77520,1407870.0,TX,-94.970871,1001 S MAIN ST,,3468282.98140654,,BAYTOWN,M&m Food Mart,29.725258,-10572108.9999137,180851,,HARRIS
Convenience Store,2901,77014,1491044.0,TX,-95.435349,14121 ELLA BLVD,,3499956.3522598,,HOUSTON,Ella X-press Mart,29.97204,-10623814.4543584,180912,,HARRIS
Convenience Store,2632,77082,1491159.0,TX,-95.576088,11305 MEADOWGLEN LN,,3469184.93863959,,HOUSTON,Westchase Gulf,29.732294,-10639481.4481731,180949,,HARRIS
Convenience Store,5915,77015,1516525.0,TX,-95.165527,14502 EAST FWY,,3474034.87677989,,HOUSTON,Main Street Market 149,29.770119,-10593778.0067135,181074,,HARRIS
Other,1306,77494,1457223.0,TX,-95.81134,5305 HIGHWAY BLVD,,3475997.1696485,,KATY,Cherry Block Craft Butcher & Texas Market,29.785419,-10665669.5810212,181102,,HARRIS
Farmers and Markets,4516,77096,1515081.0,TX,-95.508377,10595 FONDREN RD,,3460780.06059145,,HOUSTON,Hope Farm,29.66671,-10631943.894132,181148,,HARRIS
Grocery Store,5684,77063,1457368.0,TX,-95.514702,8619 RICHMOND AVE,,3468742.15639202,,HOUSTON,Al Arabi,29.72884,-10632647.9899113,181205,,HARRIS
Convenience Store,1860,77016,1457466.0,TX,-95.300911,5915 MOHAWK ST,,3487838.60061459,,HOUSTON,Quick Stop #1,29.877697,-10608848.8846551,181236,,HARRIS
Grocery Store,4105,77063,1491745.0,TX,-95.520485,2735 FONDREN RD,,3469611.19825664,,HOUSTON,Zaina Supermarket,29.735619,-10633291.7505265,181326,,HARRIS
Convenience Store,1181,77433,1643096.0,TX,-95.683922,18001 FM 529 RD,,3488058.77892208,,CYPRESS,Pitstop Express #44,29.879412,-10651485.4741433,181328,,HARRIS
Grocery Store,1877,77449,1491437.0,TX,-95.719185,5803 FRY RD,,3485001.39940431,Ste 107,KATY,Cafe Pinar Cuban Market,29.855595,-10655410.9333471,181385,,HARRIS
Convenience Store,5423,77045,1514349.0,TX,-95.445435,14151 HIRAM CLARKE RD,,3454930.99825469,,HOUSTON,Trek Market,29.621044,-10624937.2227425,181478,,HARRIS
Convenience Store,4261,77081,1589619.0,TX,-95.49073,6112 DASHWOOD DR,,3466014.26682788,Ste A,HOUSTON,Latino 1.09 Plus Store,29.707558,-10629979.439078,181529,,HARRIS
Convenience Store,4078,77520,1491518.0,TX,-94.967468,411 N COMMERCE ST,,3469599.14741475,,BAYTOWN,Disney Food Store #1,29.735525,-10571730.1796865,181623,,HARRIS
Grocery Store,2801,77088,1596493.0,TX,-95.475182,8169 ANTOINE DR,,3488885.47634957,,HOUSTON,Mini Mercado,29.885851,-10628248.6436351,181627,,HARRIS
Convenience Store,3856,77521,1515266.0,TX,-94.978249,3135 GARTH RD,,3472189.44072978,,BAYTOWN,Parkway Market #5,29.755728,-10572930.3151167,181677,,HARRIS
Convenience Store,5044,77018,1515271.0,TX,-95.447052,3409 WTC JESTER BLVD,,3480128.96909625,,HOUSTON,1 Stop Food Mart,29.817627,-10625117.2263591,181678,,HARRIS
Convenience Store,5953,77087,1515282.0,TX,-95.307564,6920 BELLFORT ST,,3460967.23443901,,HOUSTON,Bellfort Shell,29.668171,-10609589.4932273,181683,,HARRIS
Farmers and Markets,5317,77035,1515298.0,TX,-95.495277,12581 DUNLAP ST,,3457225.93880905,,HOUSTON,The M.A.R.S. Farm,29.638964,-10630485.6088026,181689,,HARRIS
Convenience Store,8330,77020,1515299.0,TX,-95.336052,1423 GREGG ST,,3474543.12033816,,HOUSTON,L & L Market,29.774082,-10612760.762881,181690,,HARRIS
Convenience Store,2549,77547,1515304.0,TX,-95.233406,1302 HOLLAND AVE,,3470363.62903958,,GALENA PARK,Holland Grocery,29.741488,-10601334.2624291,181693,,HARRIS
Convenience Store,3654,77502,1457668.0,TX,-95.209297,2008 SHAVER ST,,3462842.83834441,,PASADENA,Shaver Food Store,29.68281,-10598650.4608255,181725,,HARRIS
Convenience Store,4502,77066,1643241.0,TX,-95.497963,12206 BAMMEL NORTH HOUSTON RD,,3497952.8674978,,HOUSTON,Panthers 4 00011,29.956448,-10630784.6129549,181881,,HARRIS
Convenience Store,5172,77088,1413247.0,TX,-95.416237,8349 VETERANS MEMORIAL DR,,3488216.69339268,,HOUSTON,Fast & Easy Macolins,29.880642,-10621686.9162503,181961,,HARRIS
Convenience Store,6006,77050,1491989.0,TX,-95.256752,9000 MOUNT HOUSTON RD,,3489579.2038659,,HOUSTON,Lake Houston Grocery,29.891254,-10603933.1272611,181982,,HARRIS
Convenience Store,1850,77099,1481110.0,TX,-95.560074,9450 W SAM HOUSTON PKWY S,,3462564.40812676,,HOUSTON,Murphy USA 7237,29.680637,-10637698.7778475,182295,,HARRIS
Convenience Store,6527,77379,1481112.0,TX,-95.557449,9610 LOUETTA RD,,3503968.63590132,,SPRING,Louetta Express,30.003258,-10637406.5641842,182297,,HARRIS
Other,5128,77532,1481123.0,TX,-95.062386,105 KENNINGS RD,,3489382.36786255,Ste 1a,CROSBY,Lmmm Houston 83 Ltd.,29.889721,-10582296.4031136,182299,,HARRIS
Other,2524,77011,1481219.0,TX,-95.302902,1202 WAYSIDE DR,,3470735.56585107,,HOUSTON,Tortilleria Zacatecas 2,29.744389,-10609070.5217613,182323,,HARRIS
Convenience Store,4435,77049,1628651.0,TX,-95.187233,14619 WALLISVILLE RD,,3478629.93477818,,HOUSTON,Wallisville Swift,29.805943,-10596194.3075807,182337,,HARRIS
Convenience Store,4079,77032,1497633.0,TX,-95.303856,5795 N SAM HOUSTON PKWY E,,3495940.31905508,,HOUSTON,Azm Express,29.940783,-10609176.7205555,182478,,HARRIS
Convenience Store,3143,77015,1440301.0,TX,-95.162231,14647 WOODFOREST BLVD,,3476706.23392163,,HOUSTON,Breaktime,29.790947,-10593411.0976719,182552,,HARRIS
Supermarket,3455,77520,1480845.0,TX,-94.948448,2312 N ALEXANDER DR,,3470984.94005981,,BAYTOWN,La Michoacana Supermarket #21,29.746334,-10569612.8829716,182607,,HARRIS
Convenience Store,4727,77061,1416316.0,TX,-95.289017,8702 TELEPHONE RD,,3457571.62399825,,HOUSTON,Hobby Express Truck Stop,29.641663,-10607524.8506316,182825,,HARRIS
Discount Retail,3908,77505,1498774.0,TX,-95.151894,5838 FAIRMONT PKWY,,3458580.81136005,,PASADENA,Dollar General 24342,29.649542,-10592260.3880955,183022,,HARRIS
Convenience Store,6446,77520,1597541.0,TX,-94.998329,1617 MISSOURI ST,,3467173.44027466,,BAYTOWN,Spades Fuel,29.716602,-10575165.6104919,183042,,HARRIS
Convenience Store,5146,77041,1516841.0,TX,-95.562706,5712 W SAM HOUSTON PKWY N,,3484431.00553459,,HOUSTON,Amigo,29.851151,-10637991.7707473,183132,,HARRIS
Supermarket,    ,77598,1481549.0,TX,-95.146614,18611 EASTFIELD DR.,,3445521.52565667,,WEBSTER,HEB Food Store 769,29.547537,-10591672.6211842,183159,,HARRIS
Convenience Store,3005,77070,1517170.0,TX,-95.567833,19619 TOMBALL PKWY,,3501033.65081988,,HOUSTON,Mr.express,29.980423,-10638562.5057766,183160,,HARRIS
Convenience Store,5219,77091,1517453.0,TX,-95.45829,4750 T C JESTER BLVD,,3483702.13456913,,HOUSTON,Ritestop 7,29.845472,-10626368.2347966,183219,,HARRIS
Convenience Store,2803,77047,1516625.0,TX,-95.38839,1225 W OREM DR,,3455755.31133592,,HOUSTON,7-Eleven 41979H,29.627481,-10618587.0023902,183225,,HARRIS
Convenience Store,6207,77070,1516628.0,TX,-95.562988,9275 CYPRESS CREEK PKWY,,3496685.68943678,,HOUSTON,7-Eleven 41904H,29.946585,-10638023.1628437,183242,,HARRIS
Convenience Store,3404,77064,1516630.0,TX,-95.525032,10002 FAIRBANKS N HOUSTON RD,,3494045.10041054,,HOUSTON,7-Eleven 41896H,29.926029,-10633797.9202512,183260,,HARRIS
Convenience Store,    ,77049,1516638.0,TX,-95.189896,5720 W LAKE HOUSTON PKWY,,3514381.03993505,,HOUSTON,7-Eleven 41583H,30.084227,-10596490.7513847,183290,,HARRIS
Convenience Store,2423,77021,1481723.0,TX,-95.365089,6402 TIERWESTER ST,,3465208.77710491,,HOUSTON,Z Mart Loyal,29.701273,-10615993.1469352,183348,,HARRIS
Grocery Store,5743,77449,1498193.0,TX,-95.710342,19540 CLAY RD,,3481917.80134355,Ste G,KATY,Havilah African Food Market,29.831568,-10654426.5350901,183392,,HARRIS
Convenience Store,4841,77034,1517748.0,TX,-95.177063,11912 GALVESTON RD,,3452201.42127875,,HOUSTON,Ellington Express,29.599726,-10595062.1883593,183404,,HARRIS
Convenience Store,7739,77018,1601222.0,TX,-95.3992,3200 YALE ST,,3479911.1081432,,HOUSTON,Lee Food Mart,29.815929,-10619790.3660857,183457,,HARRIS
Convenience Store,2831,77562,1517009.0,TX,-95.057076,519 N MAIN ST,,3480786.03858509,,HIGHLANDS,Pitstop Express #8,29.822748,-10581705.2966175,183556,,HARRIS
Convenience Store,2839,77346,1635735.0,TX,-95.19326,5410 ATASCOCITA RD,,3501969.01967471,,HUMBLE,Flash Fuels,29.987701,-10596865.2301517,183623,,HARRIS
Convenience Store,6414,77088,1643515.0,TX,-95.488983,8415 N HOUSTON ROSSLYN RD,,3486604.00323814,,HOUSTON,Speed Max,29.86808,-10629784.9639276,183753,,HARRIS
Convenience Store,5326,77375,1498412.0,TX,-95.551254,24026 KUYKENDAHL RD,,3517742.59405655,Ste 150,TOMBALL,Don Tomate Meat Market And More,30.110353,-10636716.9399387,183934,,HARRIS
Discount Retail,5805,77084,1517832.0,TX,-95.715385,1172 FRY RD,,3476084.13309463,,HOUSTON,Dollar General 24797,29.786097,-10654987.9192821,183935,,HARRIS
Convenience Store,3731,77051,1594036.0,TX,-95.368317,10265 SCOTT ST,,3458413.65404193,,HOUSTON,Fuel Depot 40,29.648237,-10616352.4862515,184025,,HARRIS
Convenience Store,4549,77048,1499208.0,TX,-95.305412,6617 ALMEDA GENOA RD,,3454975.43323922,,HOUSTON,Almeda Neighbor Store,29.621391,-10609349.9336831,184085,,HARRIS
Convenience Store,4107,77072,1499557.0,TX,-95.587105,11725 BEECHNUT ST,,3463396.64151046,,HOUSTON,Murphy USA 6765,29.687132,-10640707.8550032,184135,,HARRIS
Convenience Store,7027,77020,1499336.0,TX,-95.29277,7501 LYONS AVE,,3474901.45503565,,HOUSTON,Boulos Capital Inc.,29.776876,-10607942.6326805,184259,,HARRIS
Convenience Store,6312,77070,1499350.0,TX,-95.581696,10732 CYPRESS CREEK PKWY,,3495191.78073157,,HOUSTON,Indo Pak Grocery And Halal Meat,29.934956,-10640105.7278775,184298,,HARRIS
Convenience Store,3307,77401,1492146.0,TX,-95.46833,6512 S RICE AVE,,3466033.23521248,,BELLAIRE,Bellaire Exxon,29.707706,-10627485.8824842,184342,,HARRIS
Convenience Store,2544,77067,1492152.0,TX,-95.422417,12800 NORTHBOROUGH DR,,3497698.47106447,,HOUSTON,Sunshine Food Mart,29.954468,-10622374.8707034,184344,,HARRIS
Convenience Store,6524,77084,1484164.0,TX,-95.662865,16955 W LITTLE YORK RD,,3486137.12870493,,HOUSTON,Shell Food Mart,29.864443,-10649141.4196257,184387,,HARRIS
Convenience Store,3601,77068,1499631.0,TX,-95.484459,3675 CYPRESS CREEK PKWY,,3502923.73723666,,HOUSTON,Pit Stop Express #3,29.995129,-10629281.3545512,184441,,HARRIS
Farmers and Markets,    ,77003,1492382.0,TX,-95.339172,3201 CANAL STREET,,3471900.55030259,,HOUSTON,Urban Harvest Mobile Market ,29.753475,-10613108.0796923,184464,,HARRIS
Convenience Store,1441,77396,1484013.0,TX,-95.277924,7400 RANKIN RD,,3499002.49909096,,HUMBLE,Rankin Corner Store,29.964617,-10606289.9835202,184612,,HARRIS
Convenience Store,1863,77505,1484388.0,TX,-95.129059,7127 SPENCER HWY,,3460437.74830808,,PASADENA,Fahim Express Food,29.664038,-10589718.4075233,184815,,HARRIS
Other,1854,77493,1483513.0,TX,-95.778107,3507 PAINTBRUSH DAWN CT,,3480777.31336452,,KATY,Hisway African Grocery Store N/A,29.82268,-10661970.1003837,184817,,HARRIS
Convenience Store,4002,77035,1573183.0,TX,-95.508835,12150 FONDREN RD,,3458341.1558329,,HOUSTON,Fondren Food Market,29.647671,-10631994.8784588,184895,,HARRIS
Convenience Store,8009,77484,1060300.0,TX,-95.910934,31100 FM 2920 RD,,3511410.47210702,,WALLER,Town & Country Exxon,30.061134,-10676756.3343873,184957,,HARRIS
Convenience Store,5309,77059,1518252.0,TX,-95.11261,16200 HICKORY KNOLL DR,,3451565.0126798,,HOUSTON,U Stop Grocery,29.594755,-10587887.3132192,185034,,HARRIS
Convenience Store,5590,77084,1518253.0,TX,-95.703194,4909 GREENHOUSE RD,,3483881.42861841,,HOUSTON,Oasis Market,29.846869,-10653630.8233699,185035,,HARRIS
Convenience Store,2747,77051,1518379.0,TX,-95.36779,8929 SCOTT ST,,3460273.25716682,,HOUSTON,D & T Food Store,29.662754,-10616293.8208798,185082,,HARRIS
Convenience Store,5821,77377,1518930.0,TX,-95.700798,17902 FM 2920 RD,,3513898.09698626,,TOMBALL,Timewise Food Store 142,30.080473,-10653364.1018699,185261,,HARRIS
Convenience Store,3308,77063,1518931.0,TX,-95.534546,9530 WESTHEIMER RD,,3469849.52520548,,HOUSTON,Timewise Food Store 151,29.737478,-10634857.0138866,185262,,HARRIS
Convenience Store,5003,77505,1518932.0,TX,-95.168381,2001 GENOA RED BLUFF RD,,3456226.84670758,,PASADENA,Timewise Food Store 153,29.631163,-10594095.7125403,185263,,HARRIS
Convenience Store,3501,77077,1519010.0,TX,-95.623337,13259 WESTHEIMER RD,,3469560.81555657,,HOUSTON,Timewise Food Store 170,29.735226,-10644741.1827936,185296,,HARRIS
Convenience Store,4534,77025,1519011.0,TX,-95.425995,9805 MAIN ST,,3462275.60559923,,HOUSTON,Timewise Food Store 175,29.678383,-10622773.1718415,185297,,HARRIS
Convenience Store,2513,77083,1519019.0,TX,-95.652519,15030 BELLAIRE BLVD,,3465268.88271225,,HOUSTON,Swift Bellaire,29.701742,-10647989.7081739,185301,,HARRIS
Convenience Store,7607,77521,1519050.0,TX,-94.979675,5907 GARTH RD,,3476371.5784108,,BAYTOWN,7-Eleven 41369H,29.788338,-10573089.0567106,185316,,HARRIS
Convenience Store,5149,77041,1519051.0,TX,-95.563293,5606 W SAM HOUSTON PKWY N,,3484054.43627802,,HOUSTON,7-Eleven 42015H,29.848217,-10638057.1152884,185317,,HARRIS
Convenience Store,3236,77093,1518472.0,TX,-95.352119,2144 LITTLE YORK RD,,3486923.7778267,,HOUSTON,1 Stop #15,29.870571,-10614549.3331396,185385,,HARRIS
Convenience Store,5404,77505,1518489.0,TX,-95.142296,3407 GENOA RED BLUFF RD,,3456300.61371311,,PASADENA,Pitstop Express #10,29.631739,-10591191.9436229,185390,,HARRIS
Convenience Store,3596,77059,1518497.0,TX,-95.143074,11302 SPACE CENTER BLVD,,3456187.53009049,Ste A,HOUSTON,Pitstop Express #11,29.630856,-10591278.5501867,185395,,HARRIS
Discount Retail,    ,77070,1518549.0,TX,-95.589539,22505 TOMBALL PKWY #1,,3504869.63890371,,HOUSTON,Dollar General 30837,30.010267,-10640978.8066438,185422,,HARRIS
Convenience Store,5633,77377,1518582.0,TX,-95.709305,18402 FM 2920 RD,,3513790.8074076,,TOMBALL,Rosehill Mini Mart,30.079639,-10654311.0967781,185436,,HARRIS
Convenience Store,4876,77075,1519148.0,TX,-95.271767,8495 S SAM HOUSTON PKWY E,,3452319.07900938,,HOUSTON,Timewise Food Store 194,29.600645,-10605604.5894154,185475,,HARRIS
Convenience Store,4135,77338,1519168.0,TX,-95.297401,8435 FM 1960 RD W,,3504230.99873294,,HUMBLE,Timewise Food Store 201,30.005299,-10608458.1532424,185487,,HARRIS
Supermarket,2047,77014,1492894.0,TX,-95.487198,12760 VETERANS MEMORIAL DR,,3500258.34137343,,HOUSTON,Tan Dinh Food Market,29.97439,-10629586.2586365,185490,,HARRIS
Convenience Store,2160,77014,1518100.0,TX,-95.485817,12672 VETERANS MEMORIAL DR,,3499967.91766878,,HOUSTON,Vm Food Mart,29.97213,-10629432.5264197,185551,,HARRIS
Convenience Store,2407,77073,1518116.0,TX,-95.392975,2233 FM 1960 RD E,,3506748.722301,,HOUSTON,Pala Food Store,30.024883,-10619097.4022555,185555,,HARRIS
Convenience Store,1524,77009,1482496.0,TX,-95.354317,5524 CHAPMAN ST,,3479162.60818552,,HOUSTON,Chapman Food Market,29.810095,-10614794.0133804,185581,,HARRIS
Convenience Store,1907,77073,1519171.0,TX,-95.421082,535 FM 1960 RD,,3506627.09289316,,HOUSTON,Timewise Food Store 206,30.023937,-10622226.2591832,185582,,HARRIS
Convenience Store,2200,77029,1493195.0,TX,-95.233597,1002 HOLLAND ST,,3474253.27925643,,HOUSTON,Danny's Food Store,29.771822,-10601355.5244518,185584,,HARRIS
Convenience Store,4705,77088,1493229.0,TX,-95.447426,9525 W MONTGOMERY RD,,3488288.20489533,,HOUSTON,Fuel Depot 26,29.881199,-10625158.8598487,185635,,HARRIS
Convenience Store,5313,77070,1482019.0,TX,-95.585419,11825 JONES RD,,3496712.79696947,,HOUSTON,Pic Way,29.946796,-10640520.1703417,185806,,HARRIS
Convenience Store,2014,77081,1493066.0,TX,-95.47699,5428 CHIMNEY ROCK RD,,3467893.29801785,,HOUSTON,Dos Amigas Food Store,29.722218,-10628449.9092745,185849,,HARRIS
Convenience Store,2621,77047,1493083.0,TX,-95.396133,12703 KIRBY DR,,3455737.76676193,,HOUSTON,Kirby Primetime,29.627344,-10619448.9492074,185872,,HARRIS
Convenience Store,1548,77081,1482405.0,TX,-95.48835,6095 GLENMONT DR,,3467560.28189717,,HOUSTON,New Grocers Super Market,29.71962,-10629714.4986899,185931,,HARRIS
Convenience Store,5414,77586,1482406.0,TX,-95.059128,4610 NASA PKWY,,3448006.38809868,,SEABROOK,Nasa One Food Mart,29.566954,-10581933.7242126,185935,,HARRIS
Convenience Store,2334,77051,1493151.0,TX,-95.371147,3520 REED RD,,3459639.65280913,,HOUSTON,Southland Market,29.657808,-10616667.5204104,185990,,HARRIS
Convenience Store,4949,77506,1536044.0,TX,-95.190491,1705 JENKINS RD,,3464582.10635883,Apt 487,PASADENA,Kings Food,29.696383,-10596556.9864817,186012,,HARRIS
Convenience Store,1634,77067,1590479.0,TX,-95.43605,1127 W RANKIN RD,,3499044.38849268,,HOUSTON,Snappys Food Mart Rankin,29.964943,-10623892.4893214,186028,,HARRIS
Convenience Store,7310,77520,1408325.0,TX,-94.954796,1212 E TEXAS AVE,,3468678.06063022,,BAYTOWN,Speed Fuel,29.72834,-10570319.5390992,186048,,HARRIS
Convenience Store,8203,77093,1408330.0,TX,-95.342697,7803 JENSEN DR,,3481756.49979907,,HOUSTON,Fuel Depot 28,29.830311,-10613500.4808974,186050,,HARRIS
Convenience Store,7002,77036,1408372.0,TX,-95.537941,8702 BEECHNUT ST,,3463859.48648802,,HOUSTON,Kwik Food Mart,29.690744,-10635234.9435578,186063,,HARRIS
Convenience Store,5000,77013,1653718.0,TX,-95.218086,505 MAXEY RD,,3476060.53233715,Ste I,HOUSTON,Maxey Cuba,29.785913,-10599628.8478301,186113,,HARRIS
Convenience Store,6313,77084,1535729.0,TX,-95.682861,17930 W LITTLE YORK RD,,3486294.506011,,HOUSTON,Tejas Little York,29.865669,-10651367.3641636,186147,,HARRIS
Convenience Store,1655,77021,1440254.0,TX,-95.343948,4620 OLD SPANISH TRL,,3465770.24361653,,HOUSTON,Aydin's Shop & Go,29.705654,-10613639.7415804,186302,,HARRIS
Convenience Store,7735,77373,1440319.0,TX,-95.38839,23307 ALDINE WESTFIELD RD,,3510087.81290023,,SPRING,Breaktime,30.05085,-10618587.0023902,186318,,HARRIS
Discount Retail,    ,77025,1607601.0,TX,-95.439125,9333 STELLA LINK RD.,,3462695.74238516,,HOUSTON,DOLLARTREE 10398,29.681662,-10624234.7967556,186333,,HARRIS
Convenience Store,5043,77004,1408589.0,TX,-95.382408,4615 SAN JACINTO ST,,3469056.87121705,,HOUSTON,7-Eleven 41281,29.731295,-10617921.0891963,186530,,HARRIS
Convenience Store,    ,77389,1408591.0,TX,-95.548462,26620 KUYKENDAHL RD,,3522255.70006879,,SPRING,7-Eleven 38472H,30.145418,-10636406.1359205,186540,,HARRIS
Convenience Store,5644,77003,1466729.0,TX,-95.342247,4085 GULF FWY,,3469458.12776376,,HOUSTON,7-Eleven 38935,29.734425,-10613450.3871265,186724,,HARRIS
Convenience Store,5306,77035,1466808.0,TX,-95.493752,12302 HILLCROFT ST,,3457882.35153151,,HOUSTON,New Quick Food Store,29.644089,-10630315.8465791,186756,,HARRIS
Convenience Store,4138,77055,1468293.0,TX,-95.539757,9941 LONG POINT RD,,3477053.3408051,,HOUSTON,Ez Food Mart,29.793653,-10635437.0997531,186818,,HARRIS
Convenience Store,3913,77530,1466431.0,TX,-95.139,403 DELL DALE ST,,3475168.60942045,,CHANNELVIEW,Bunny Stop #6,29.778959,-10590825.0345813,186836,,HARRIS
Convenience Store,6597,77373,1535931.0,TX,-95.394394,26835 CYPRESSWOOD DR,,3511555.29903097,Ste 1,SPRING,Superior Foods & Beverages,30.06226,-10619255.3646129,186852,,HARRIS
Supermarket,2502,77053,1499639.0,TX,-95.422928,13824 ALMEDA RD,,3453022.87130427,,HOUSTON,Pyburns Food Market,29.606142,-10622431.7549632,187037,,HARRIS
Convenience Store,3917,77099,1499662.0,TX,-95.597511,12751 S DAIRY ASHFORD RD,,3460074.82010275,,HOUSTON,Pitstop Express #13,29.661205,-10641866.2456244,187048,,HARRIS
Convenience Store,1218,77045,1500786.0,TX,-95.400627,10924 ALMEDA RD,,3460097.87912697,,HOUSTON,Med Ctr Food Mart,29.661385,-10619949.218999,187219,,HARRIS
Specialty Store,1991,77029,1500835.0,TX,-95.229897,11410 EAST FWY,,3474152.22116036,Ste 150,HOUSTON,Deleite Bakery & Cakes,29.771034,-10600943.6423359,187240,,HARRIS
Convenience Store,3506,77074,1505174.0,TX,-95.509262,7100 BELLAIRE BLVD,,3465592.3556617,,HOUSTON,Primespot 30,29.704266,-10632042.4118814,187268,,HARRIS
Convenience Store,6056,77520,1499896.0,TX,-95.000999,2400 KENTUCKY ST,,3468029.94223061,,BAYTOWN,La Mini Mix,29.723284,-10575462.8335323,187547,,HARRIS
Convenience Store,2016,77051,1484806.0,TX,-95.356621,8102 CULLEN BLVD,,3461413.46478425,,HOUSTON,Fuel Depot #43,29.671654,-10615050.4934872,187582,,HARRIS
Convenience Store,1621,77068,1484841.0,TX,-95.47538,17049 KUYKENDAHL RD,,3506327.91005982,,HOUSTON,Shell Food Mart,30.02161,-10628270.6848943,187597,,HARRIS
Convenience Store,8324,77379,1484849.0,TX,-95.477577,17446 KUYKENDAHL RD,,3507096.51681111,,SPRING,Valero Food Mart,30.027588,-10628515.2538156,187601,,HARRIS
Convenience Store,6200,77040,1505286.0,TX,-95.506981,7700 PINEMONT DR,,3483222.40377061,Ste J,HOUSTON,Pinemont Grocery,29.841734,-10631788.4921229,187653,,HARRIS
Convenience Store,2419,77051,1500504.0,TX,-95.367783,8635 SCOTT ST,,3460694.22544468,,HOUSTON,Z Mart,29.66604,-10616293.0416434,187696,,HARRIS
Grocery Store,3458,77084,1505319.0,TX,-95.654343,4221 JURA DR,,3482475.63545525,# B,HOUSTON,Panaderia El Horno,29.835915,-10648192.7549251,187780,,HARRIS
Convenience Store,2207,77071,1505372.0,TX,-95.52758,8599 W BELLFORT ST,,3459308.64342807,,HOUSTON,Munch-n-go,29.655224,-10634081.5623137,187848,,HARRIS
Other,6576,77536,1485516.0,TX,-95.122543,3709 CENTER ST,,3462142.09747996,Ste G,DEER PARK,A&a Bakery Panaderia Y Pasterleria Llc,29.677341,-10588993.0497213,187890,,HARRIS
Discount Retail,1049,77429,1499964.0,TX,-95.694305,25837 HIGHWAY 290,,3499457.63609018,,CYPRESS,Dollar General 24244,29.968159,-10652641.3044162,187919,,HARRIS
Discount Retail,4202,77069,1499965.0,TX,-95.514023,5634 FM 1960 RD W,,3500893.44136371,,HOUSTON,Dollar General 24525,29.979332,-10632572.403977,187923,,HARRIS
Discount Retail,3404,77598,1499966.0,TX,-95.146713,1513 W BAY AREA BLVD,,3444148.70219414,,WEBSTER,Dollar General 24514,29.536808,-10591683.6418137,187927,,HARRIS
Discount Retail,6525,77045,1499967.0,TX,-95.42411,3225 W FUQUA ST,,3453957.69277978,,HOUSTON,Dollar General 22923,29.613443,-10622563.3346013,187930,,HARRIS
Convenience Store,2420,77029,1485245.0,TX,-95.277122,8434 MARKET ST,,3474136.06219842,,HOUSTON,Andy's Grocery Store,29.770908,-10606200.7052886,187964,,HARRIS
Grocery Store,3905,77088,1485248.0,TX,-95.493698,9436 N HOUSTON ROSSLYN RD,,3487802.91026015,Ste A,HOUSTON,Supermercado Gigante #2,29.877419,-10630309.8353266,187970,,HARRIS
Convenience Store,4911,77020,1485554.0,TX,-95.30706,747 KRESS ST,,3474668.16441727,,HOUSTON,Kress Food And Fuel,29.775057,-10609533.388204,188036,,HARRIS
Grocery Store,3618,77068,1501918.0,TX,-95.479935,3337 CYPRESS CREEK PKWY,,3503296.62088606,,HOUSTON,District Market,29.99803,-10628777.7451749,188164,,HARRIS
Convenience Store,4415,77057,1501926.0,TX,-95.49427,6241 WESTHEIMER RD,,3469820.16677904,,HOUSTON,Mr. T' S Food Mart,29.737249,-10630373.5100754,188188,,HARRIS
Convenience Store,6409,77087,1485598.0,TX,-95.313011,6611 BELLFORT ST,,3460871.91764303,,HOUSTON,Checkpoint #109,29.667427,-10610195.8504937,188238,,HARRIS
Convenience Store,6518,77375,1485946.0,TX,-95.627792,27630 TOMBALL PKWY,,3513322.42309049,,TOMBALL,Murphy USA 5663,30.075998,-10645237.1111251,188245,,HARRIS
Convenience Store,1106,77502,1485984.0,TX,-95.206619,510 SOUTHMORE AVE,,3463823.8627233,,PASADENA,Murphy Express 8661,29.690466,-10598352.3472292,188262,,HARRIS
Convenience Store,4419,77084,1493576.0,TX,-95.704285,3207 GREENHOUSE RD,,3479835.79429276,,HOUSTON,Greenhouse Food Mart,29.815342,-10653752.2729343,188609,,HARRIS
Convenience Store,3724,77016,1494108.0,TX,-95.30014,10030 HOMESTEAD RD,,3485219.73195072,,HOUSTON,Stop N Go,29.857296,-10608763.0573277,188723,,HARRIS
Convenience Store,3155,77057,1485743.0,TX,-95.484749,5860 SAN FELIPE ST,,3471504.60273415,,HOUSTON,Super K Corner Store,29.750387,-10629313.6372035,188862,,HARRIS
Convenience Store,2449,77091,1494185.0,TX,-95.414078,727 W LITTLE YORK RD,,3486581.92355321,,HOUSTON,Road Stop #4,29.867908,-10621446.5774697,188886,,HARRIS
Convenience Store,4810,77065,1485772.0,TX,-95.603455,12411 FM 1960 RD W,,3493499.99127056,,HOUSTON,Murphy USA 6706,29.921785,-10642527.9286776,188969,,HARRIS
Convenience Store,2144,77521,1485774.0,TX,-94.977615,4906 GARTH RD,,3474959.68216197,,BAYTOWN,Murphy USA 6718,29.77733,-10572859.7385596,188972,,HARRIS
Convenience Store,3126,77346,1536170.0,TX,-95.162079,7501 FM 1960 RD E,,3503445.59744213,,HUMBLE,Timewise Food Store 208,29.999189,-10593394.1771093,189040,,HARRIS
Convenience Store,4504,77069,1536172.0,TX,-95.507172,5103 FM 1960 RD W,,3501317.28730719,,HOUSTON,Timewise Food Store 219,29.98263,-10631809.7541456,189042,,HARRIS
Convenience Store,2627,77346,1536175.0,TX,-95.192825,5408 FM 1960 RD E,,3503343.15177196,,HUMBLE,Timewise Food Store 250,29.998392,-10596816.8061732,189044,,HARRIS
Convenience Store,6005,77040,1536183.0,TX,-95.505615,13300 NORTHWEST FWY,,3484255.93924134,,HOUSTON,Timewise Food Store 252,29.849787,-10631636.4296984,189046,,HARRIS
Convenience Store,1013,77037,1536184.0,TX,-95.41246,11311 NORTH FWY,,3494700.44381441,,HOUSTON,Timewise Food Store 872,29.931131,-10621266.4625336,189047,,HARRIS
Convenience Store,8657,77064,1536214.0,TX,-95.552826,9191 WEST RD,,3491002.47090221,,HOUSTON,Breaktime,29.902338,-10636891.9341783,189060,,HARRIS
Convenience Store,2530,77011,1537091.0,TX,-95.305374,6702 AVENUE K,,3470701.33336814,,HOUSTON,Magnolia Super Market,29.744122,-10609345.7035425,189280,,HARRIS
Other,    ,77082,1536452.0,TX,-95.65274,14929 WESTPARK DR,,3467363.91153518,#500a,HOUSTON,Afrik Kalabash Market,29.718088,-10648014.3097814,189345,,HARRIS
Grocery Store,4143,77012,1469073.0,TX,-95.286499,7610 OFFICE CITY DR,,3465062.16673666,Ste D,HOUSTON,Panaderia Tierra Caliente 9,29.700129,-10607244.5481538,189535,,HARRIS
Grocery Store,6869,77084,1596392.0,TX,-95.687927,2919 BARKER CYPRESS RD,,3479302.32315196,,HOUSTON,Supermercados Teloloapan # 19 LLC 19,29.811184,-10651931.3087039,189587,,HARRIS
Convenience Store,5022,77070,1537173.0,TX,-95.564789,9703 MILLS RD,,3498198.40340591,,HOUSTON,M C Food Store,29.958359,-10638223.6492466,189638,,HARRIS
Convenience Store,1237,77028,1494853.0,TX,-95.271568,8403 TIDWELL RD,,3484324.47664018,,HOUSTON,New Am Mini Mart,29.850321,-10605582.4368367,189940,,HARRIS
Convenience Store,3802,77043,1536801.0,TX,-95.579254,1446 SHERWOOD FOREST ST,,3476886.84121006,,HOUSTON,Sunrise Grocery #10,29.792355,-10639833.885681,189976,,HARRIS
Convenience Store,2402,77031,1486087.0,TX,-95.529633,8610 W BELLFORT AVE,,3459422.77921659,,HOUSTON,Murphy USA 7011,29.656115,-10634310.1012283,190010,,HARRIS
Convenience Store,1102,77086,1506032.0,TX,-95.516205,15405 STATE HIGHWAY 249,,3495299.55624392,,HOUSTON,Checkpoint #106,29.935795,-10632815.3031059,190017,,HARRIS
Convenience Store,    ,77449,1486264.0,TX,-95.719002,6010 FRY RD,,3485451.28916963,Ste 1,KATY,Murphy USA 7488,29.8591,-10655390.5618803,190053,,HARRIS
Convenience Store,    ,77084,1486281.0,TX,-95.64373,5432 HWY 6 N,,3485061.59771844,Ste 307,HOUSTON,Stop-n-in,29.856064,-10647011.3211693,190066,,HARRIS
Convenience Store,7109,77081,1469877.0,TX,-95.484894,7730 RENWICK DR,,3464381.80882953,,HOUSTON,Super Way Food Store,29.69482,-10629329.7785297,190138,,HARRIS
Convenience Store,5039,77026,1469273.0,TX,-95.337677,3115 ROLAND ST,,3476746.89599433,,HOUSTON,Village Food Market,29.791264,-10612941.6570536,190147,,HARRIS
Convenience Store,3717,77015,1579239.0,TX,-95.186501,469 UVALDE RD,,3476507.79972388,,HOUSTON,El Rancho Bakery ,29.7894,-10596112.8217134,190266,,HARRIS
Grocery Store,1501,77083,1506076.0,TX,-95.642731,6267 HIGHWAY 6 S,,3466368.90334568,,HOUSTON,Carniceria Mexico Lindo,29.710325,-10646900.112998,190289,,HARRIS
Convenience Store,3808,77093,1469286.0,TX,-95.324829,4205 LITTLE YORK RD,,3486880.00251168,,HOUSTON,Road Stop,29.87023,-10611511.4242359,190301,,HARRIS
Convenience Store,4200,77546,1584329.0,TX,-95.184723,4326 FRIENDSWOOD LINK RD,,3442681.35349398,,FRIENDSWOOD,E-Z Food Mart,29.525339,-10595914.8956588,190349,,HARRIS
Supermarket,    ,77396,1587496.0,TX,-95.211884,16000 WOODLAND HILLS DR,,3496639.82516411,,HUMBLE,HEB Food Store 798,29.946228,-10598938.4443482,190387,,HARRIS
Convenience Store,2208,77044,1506088.0,TX,-95.21463,8309 C E KING PKWY,,3483340.6022281,,HOUSTON,All Seasons Food Mart,29.842655,-10599244.12767,190404,,HARRIS
Specialty Store,4830,77521,1637843.0,TX,-94.988152,4850 E WALLISVILLE RD,,3480515.43119795,Unit 200,BAYTOWN,Coastal Seafood Market ,29.820639,-10574032.7120341,190571,,HARRIS
Convenience Store,1009,77504,1458061.0,TX,-95.201439,2636 SPENCER HWY,,3460497.06299633,Ste 100,PASADENA,Las Delicias Mexicanas #2 Llc,29.664501,-10597775.7122669,190632,,HARRIS
Grocery Store,2411,77520,1653346.0,TX,-94.977669,1713 GARTH RD,,3470796.59477333,,BAYTOWN,Lagar Enterprises Llc,29.744865,-10572865.7498121,190661,,HARRIS
Convenience Store,1650,77008,1486012.0,TX,-95.428818,1527 NORTH LOOP W,,3479330.67687999,,HOUSTON,Murphy Express 8628,29.811405,-10623087.426764,190733,,HARRIS
Convenience Store,7301,77057,1506496.0,TX,-95.489662,6155 SOUTHWEST FWY,,3468135.56689437,,HOUSTON,Timewise Food Store 152,29.724108,-10629860.5498618,190828,,HARRIS
Convenience Store,1244,77082,1506504.0,TX,-95.687607,17255 WESTHEIMER RD,,3466240.86395274,,HOUSTON,Timewise Food Store 314,29.709326,-10651895.6864669,190844,,HARRIS
Convenience Store,5042,77081,1469770.0,TX,-95.486992,6002 DASHWOOD DR,,3466029.90292667,,HOUSTON,Santos Express,29.70768,-10629563.3268214,190901,,HARRIS
Convenience Store,2717,77084,1486050.0,TX,-95.645134,4814 HIGHWAY 6 N,,3483734.47661736,,HOUSTON,Murphy USA 6717,29.845724,-10647167.6137344,190917,,HARRIS
Convenience Store,6713,77015,1506558.0,TX,-95.212563,1301 FEDERAL RD,,3473617.83198423,,HOUSTON,Federal Market Llc,29.766867,-10599014.0302825,190923,,HARRIS
Convenience Store,3849,77521,1650597.0,TX,-94.976578,3418 GARTH RD,,3472631.05942028,,BAYTOWN,Zapco #12,29.759172,-10572744.3002476,190926,,HARRIS
Convenience Store,    ,77346,1486205.0,TX,-95.175758,6610 FM 1960 RD E,,3503276.18334065,Ste 1,HUMBLE,Murphy USA 6817,29.997871,-10594916.9164238,190943,,HARRIS
Convenience Store,2000,77069,1486576.0,TX,-95.512077,14850 WUNDERLICH DR,,3502970.52383222,,HOUSTON,Sunny Food Store,29.995493,-10632355.7762479,191050,,HARRIS
Convenience Store,4116,77075,1486597.0,TX,-95.229401,10722 KINGSPOINT RD,,3454715.10019059,,HOUSTON,Almeda Food Mart,29.619358,-10600888.4278685,191058,,HARRIS
Convenience Store,2809,77546,1486599.0,TX,-95.193497,5103 FM 2351 RD,,3445195.74040193,,FRIENDSWOOD,Smart Stop Food Mart,29.544991,-10596891.612871,191060,,HARRIS
Convenience Store,2254,77072,1486630.0,TX,-95.596992,12313 BELLAIRE BLVD,,3465435.10373157,Ste Q,HOUSTON,1 Dollar Plus,29.703039,-10641808.4708086,191082,,HARRIS
Discount Retail,5801,77074,1486650.0,TX,-95.50927,7215 BISSONNET ST,,3463174.45107709,,HOUSTON,Family Dollar 13121,29.685398,-10632043.3024373,191097,,HARRIS
Convenience Store,3608,77068,1470292.0,TX,-95.482353,3500 FM 1960 RD W,,3503139.16265539,,HOUSTON,Murphy USA 7788,29.996805,-10629046.9157036,191125,,HARRIS
Convenience Store,6927,77090,1519304.0,TX,-95.420311,110 W RANKIN RD,,3499238.67487648,,HOUSTON,Timewise Food Store 263,29.966455,-10622140.4318558,191132,,HARRIS
Convenience Store,2114,77598,1519305.0,TX,-95.129158,16760 HIGHWAY 3,,3445688.26024799,,WEBSTER,Timewise Food Store 277,29.54884,-10589729.4281529,191147,,HARRIS
Convenience Store,7332,77379,1520371.0,TX,-95.518044,16318 STUEBNER AIRLINE RD,,3505556.26418504,,SPRING,Just Convenience Store,30.015608,-10633020.0196495,191156,,HARRIS
Convenience Store,    ,77084,1470296.0,TX,-95.648857,6914 LAKEVIEW HAVEN DR.,,3487836.16134259,,HOUSTON,Murphy USA 7792,29.877678,-10647582.0561986,191158,,HARRIS
Convenience Store,3259,77020,1520232.0,TX,-95.301384,6830 WALLISVILLE RD,,3476227.91908155,,HOUSTON,El Rincon Super Market,29.787218,-10608901.5387742,191214,,HARRIS
Convenience Store,    ,77373,1586365.0,TX,-95.446747,25819 CYPRESSWOOD DR,,3509246.23895226,,HOUSTON,Top Stop,30.044306,-10625083.2739144,191242,,HARRIS
Convenience Store,5699,77020,1519312.0,TX,-95.290848,7604 EAST FWY,,3474929.15777649,,HOUSTON,Timewise Food Store 282,29.777092,-10607728.6766192,191264,,HARRIS
Convenience Store,3710,77060,1519607.0,TX,-95.410301,10 ALDINE BENDER RD,,3494718.81241031,,HOUSTON,Timewise Food Store 320,29.931274,-10621026.123753,191282,,HARRIS
Convenience Store,3129,77086,1486402.0,TX,-95.488823,13350 TOMBALL PKWY,,3492859.47919439,,HOUSTON,Murphy Express 8677,29.916798,-10629767.152809,191301,,HARRIS
Convenience Store,4511,77047,1519320.0,TX,-95.385498,2503 ALMEDA GENOA RD,,3454113.78037506,,HOUSTON,Timewise Food Store 297,29.614662,-10618265.0664228,191303,,HARRIS
Convenience Store,5132,77044,1519321.0,TX,-95.175797,14106 W LAKE HOUSTON PKWY,,3494679.63466774,,HOUSTON,Timewise Food Store 315,29.930969,-10594921.257884,191312,,HARRIS
Convenience Store,2102,77011,1519322.0,TX,-95.322937,511 LOCKWOOD DR,,3471632.56632023,,HOUSTON,Timewise Food Store 317,29.751385,-10611300.8077593,191320,,HARRIS
Convenience Store,6306,77045,1519664.0,TX,-95.4394,4104 W FUQUA ST,,3453995.08192519,,HOUSTON,Handi Stop #49,29.613735,-10624265.4096156,191552,,HARRIS
Convenience Store,4015,77092,1486807.0,TX,-95.485573,6440 WEST 43RD,,3482183.30528169,,HOUSTON,G Dollar Store,29.833637,-10629405.364464,191553,,HARRIS
Convenience Store,6846,77047,1486841.0,TX,-95.35305,14770 CULLEN BLVD,,3451421.88587634,,HOUSTON,Everyday #1,29.593637,-10614652.9715856,191647,,HARRIS
Convenience Store,2487,77091,1557660.0,TX,-95.415253,740 W LITTLE YORK RD,,3486677.94478581,Ste A,HOUSTON,1 Stop Express #19,29.868656,-10621577.3778714,191648,,HARRIS
Convenience Store,2956,77047,1470422.0,TX,-95.356041,12310 CULLEN BLVD,,3455815.50093169,,HOUSTON,Orem Food Mart,29.627951,-10614985.9281825,191706,,HARRIS
Convenience Store,3310,77040,1470437.0,TX,-95.536743,9132 W LITTLE YORK RD,,3486729.93519212,,HOUSTON,Tejas Market Windfern,29.869061,-10635101.5828078,191741,,HARRIS
Convenience Store,3010,77373,1519296.0,TX,-95.433266,110 E LOUETTA RD,,3511987.73167435,,SPRING,Timewise Food Store 229,30.065622,-10623582.575859,191993,,HARRIS
Convenience Store,1705,77082,1519297.0,TX,-95.643539,2747 HIGHWAY 6 S,,3468830.60906786,,HOUSTON,Timewise Food Store 258,29.72953,-10646990.0591466,191995,,HARRIS
Convenience Store,6517,77092,1470916.0,TX,-95.470642,11404 NORTHWEST FWY,,3480696.47704437,,HOUSTON,Jack's Grocery # 2,29.82205,-10627743.2531469,192038,,HARRIS
Convenience Store,1430,77098,1470534.0,TX,-95.410995,2103 WESTHEIMER RD,,3470474.40123578,,HOUSTON,Corner Mart 37,29.742352,-10621103.3794796,192131,,HARRIS
Convenience Store,1538,77026,1574335.0,TX,-95.328239,4208 KELLEY ST,,3479535.31311016,,HOUSTON,Key Grocery,29.813,-10611891.0236995,192138,,HARRIS
Specialty Store,1018,77504,1471125.0,TX,-95.203331,2622 SPENCER HWY,,3460467.46967282,,PASADENA,Tepatitlan Bakery Inc,29.66427,-10597986.3287435,192143,,HARRIS
Convenience Store,3701,77060,1502370.0,TX,-95.413185,11495 NORTH FWY,,3494875.65303472,,HOUSTON,Wak Mart,29.932495,-10621347.1691644,192148,,HARRIS
Convenience Store,6052,77039,1502377.0,TX,-95.317986,12215 NORTHWOOD FOREST DR,,3490809.97903131,Ste 141,HOUSTON,Rosa's Neighbor Store,29.900839,-10610749.6649604,192257,,HARRIS
Convenience Store,3802,77033,1471191.0,TX,-95.348885,5046 BELLFORT ST,,3460757.51279604,,HOUSTON,St Paul Food Mart,29.666534,-10614189.3259064,192302,,HARRIS
Convenience Store,2915,77076,1495333.0,TX,-95.400932,251 W PARKER RD,,3485449.36378747,,HOUSTON,Now & Forever Parker,29.859085,-10619983.1714437,192397,,HARRIS
Convenience Store,6430,77055,1470584.0,TX,-95.522392,1315 BLALOCK RD,,3476945.46216168,,HOUSTON,La Bodega #1,29.792812,-10633504.0367955,192413,,HARRIS
Convenience Store,1922,77044,1495383.0,TX,-95.223885,11850 TIDWELL RD,,3484142.99451495,,HOUSTON,Checkpoint #104,29.848907,-10600274.3895572,192645,,HARRIS
Convenience Store,3411,77586,1495105.0,TX,-95.025574,1802 MAIN ST,,3447688.47515613,,SEABROOK,Checkpoint #17,29.56447,-10578198.5100185,192729,,HARRIS
Convenience Store,3324,77098,1495496.0,TX,-95.410362,3519 S SHEPHERD DR,,3469480.04980799,,HOUSTON,Primespot #31,29.734596,-10621032.9142419,192831,,HARRIS
Convenience Store,5508,77096,1507054.0,TX,-95.508835,11290 FONDREN RD,,3459453.26683729,,HOUSTON,Timewise Food Store 028,29.656353,-10631994.8784588,193071,,HARRIS
Convenience Store,1707,77090,1507058.0,TX,-95.432892,90 HOLLOW TREE LN,,3507278.19660786,,HOUSTON,Timewise Food Store 141,30.029001,-10623540.9423695,193074,,HARRIS
Convenience Store,4202,77022,1507077.0,TX,-95.381607,1336 CROSSTIMBERS ST,,3481488.1816773,,HOUSTON,Timewise Food Store 007,29.82822,-10617831.9222841,193084,,HARRIS
Discount Retail,1430,77015,1588958.0,TX,-95.184181,10 UVALDE RD,,3478555.01331752,,HOUSTON,DOLLARTREE 9168,29.805359,-10595854.5604948,193091,,HARRIS
Convenience Store,2917,77012,1507109.0,TX,-95.289459,7201 LAWNDALE ST,,3467221.37826716,,HOUSTON,Kroozin Market,29.716976,-10607574.0538465,193095,,HARRIS
Convenience Store,2942,77075,1507129.0,TX,-95.284859,10025 TELEPHONE RD,,3454818.95106239,,HOUSTON,Ritestop 6,29.620169,-10607061.9841889,193104,,HARRIS
Supermarket,5807,77077,1538209.0,TX,-95.604271,12553 WESTHEIMER RD,,3469492.74153489,,HOUSTON,Gordon Food Service Store MP214,29.734695,-10642618.7653821,193157,,HARRIS
Supermarket,3469,77450,1538211.0,TX,-95.74987,649 S MASON RD,,3474481.94537062,,KATY,Gordon Food Service Store MP215,29.773605,-10658826.7719221,193165,,HARRIS
Convenience Store,2904,77396,1495736.0,TX,-95.267792,8011A E NORTH BELT,,3495693.02807679,,HUMBLE,Mesa Valero,29.938858,-10605162.0944395,193177,,HARRIS
Convenience Store,2409,77502,1495802.0,TX,-95.199333,1701 PASADENA BLVD,,3463386.39042572,,PASADENA,Mexican Food Mart,29.687052,-10597541.2734193,193214,,HARRIS
Convenience Store,4103,77015,1495874.0,TX,-95.169502,719 BARBARA MAE ST,,3475806.95519631,,HOUSTON,Barbara Mae Food Mart,29.783936,-10594220.5016894,193246,,HARRIS
Grocery Store,3648,77096,1537402.0,TX,-95.509827,9846 FONDREN RD,,3461658.04605488,,HOUSTON,Kosher Butcher,29.673563,-10632105.3073937,193349,,HARRIS
Convenience Store,3721,77505,1537409.0,TX,-95.171066,4815 FAIRMONT PKWY,,3458648.9558081,,PASADENA,On My Way,29.650074,-10594394.605373,193351,,HARRIS
Convenience Store,2647,77020,1537447.0,TX,-95.325874,4412 LYONS AVE,,3474782.18002844,,HOUSTON,Lyons Grocery Store,29.775946,-10611627.7531038,193360,,HARRIS
Convenience Store,5360,77064,1537456.0,TX,-95.569885,10110 WEST RD,,3491971.00964001,,HOUSTON,Easygas 3,29.90988,-10638790.9333717,193363,,HARRIS
Supermarket,4603,77069,1538218.0,TX,-95.499161,4601 FM 1960 RD W,,3501670.71721539,,HOUSTON,Gordon Food Service Store MP218,29.98538,-10630917.9737049,193367,,HARRIS
Convenience Store,2215,77021,1537502.0,TX,-95.371651,3354 OLD SPANISH TRL,,3465190.19440464,,HOUSTON,Roadstar #26,29.701128,-10616723.6254338,193372,,HARRIS
Supermarket,    ,77092,1538220.0,TX,-95.474785,5151 ANTOINE DR,,3482984.2134478,#8B,HOUSTON,Gordon Food Service Store MP219,29.839878,-10628204.4497973,193382,,HARRIS
Convenience Store,5118,77015,1537511.0,TX,-95.177605,911 FREEPORT ST,,3475224.14437097,,HOUSTON,Swift Freeport,29.779392,-10595122.5235233,193385,,HARRIS
Supermarket,2907,77096,1538221.0,TX,-95.47847,99 BRAESWOOD SQ,,3462340.82264038,,HOUSTON,Gordon Food Service Store MP223,29.678892,-10628614.6621208,193388,,HARRIS
Convenience Store,3004,77041,1537547.0,TX,-95.581978,11510 FM 529 RD,,3488214.25404865,,JERSEY VILLAGE,7-Eleven 42117H,29.880623,-10640137.1199739,193580,,HARRIS
Convenience Store,7444,77041,1538110.0,TX,-95.545593,5643 GESSNER RD,,3484265.43691144,,HOUSTON,Speedy Mart #53 1,29.849861,-10636086.7603014,193695,,HARRIS
Convenience Store,4220,77546,1653944.0,TX,-95.183716,4321 FRIENDSWOOD LINK RD,,3442703.35801772,,FRIENDSWOOD,Super Rancho 2,29.525511,-10595802.7969316,193702,,HARRIS
Convenience Store,5233,77338,1507479.0,TX,-95.249855,1702 1ST ST E,,3503371.30175494,,HUMBLE,Corner Store #1,29.998611,-10603165.3567331,193900,,HARRIS
Convenience Store,    ,77075,1506931.0,TX,-95.250053,9450 BLACKHAWK BLVD,,3453599.94047401,,HOUSTON,7-Eleven 41966H,29.610649,-10603187.3979923,193967,,HARRIS
Convenience Store,5691,77065,1506932.0,TX,-95.593796,12122 WEST RD,,3491394.91159937,,JERSEY VILLAGE,7-Eleven 41823H,29.905394,-10641452.6937161,193971,,HARRIS
Convenience Store,6219,77571,1506934.0,TX,-95.026855,800 W FAIRMONT PKWY,,3459020.81052312,,LA PORTE,7-Eleven 41627H,29.652977,-10578341.1102862,193977,,HARRIS
Convenience Store,5856,77449,1506939.0,TX,-95.721222,6841 FRY RD,,3487232.00649492,,KATY,Highstone Food Mart,29.872972,-10655637.6911499,193989,,HARRIS
Convenience Store,5217,77081,1520612.0,TX,-95.481895,5720 CLAREWOOD DR,,3466413.37778726,,HOUSTON,Sunny's Food,29.710672,-10628995.9313768,194051,,HARRIS
Convenience Store,1702,77061,1109002.0,TX,-95.286469,7558 BELLFORT ST,,3461477.39626588,,HOUSTON,Today's Food Mart,29.672153,-10607241.208569,194076,,HARRIS
Convenience Store,2144,77038,972527.0,TX,-95.434677,903 WEST RD,,3492522.8603823,,HOUSTON,Ella Food Mart,29.914177,-10623739.6476605,194109,,HARRIS
Convenience Store,1669,77070,1596188.0,TX,-95.580452,21103 TOMBALL PKWY,,3503199.7035084,,HOUSTON,Honey Farms #880826 800826,29.997276,-10639967.2464309,194126,,HARRIS
Convenience Store,1044,77038,1487524.0,TX,-95.460083,10755 VETERANS MEMORIAL DR,,3495445.61342436,,HOUSTON,Pit Stop Express #12,29.936932,-10626567.8306436,194322,,HARRIS
Convenience Store,9118,77532,1487032.0,TX,-95.063164,15106 FM 2100 RD,,3491252.49635527,,CROSBY,Azteca De Oro Meat Market ,29.904285,-10582383.0096775,194369,,HARRIS
Convenience Store,4246,77070,1487135.0,TX,-95.564056,13521 PERRY RD,,3499525.74098911,,HOUSTON,S&k Mart,29.968689,-10638142.0520599,194405,,HARRIS
Convenience Store,5815,77062,1507568.0,TX,-95.122589,16600 EL CAMINO REAL,,3446705.4773907,,HOUSTON,Clear Lake Food Mart,29.556789,-10588998.1704178,194475,,HARRIS
Convenience Store,2018,77043,1510219.0,TX,-95.564644,2303 W SAM HOUSTON PKWY N,,3479567.38805029,,HOUSTON,7-Eleven Inc. 41119H,29.81325,-10638207.5079205,194535,,HARRIS
Convenience Store,3352,77587,1285504.0,TX,-95.241753,506 HOUSTON BLVD,,3461172.21918453,,SOUTH HOUSTON,Nho Grocery,29.669771,-10602263.4462187,194543,,HARRIS
Convenience Store,1318,77086,1579557.0,TX,-95.497581,10910 BAMMEL NORTH HOUSTON RD,,3495319.85256844,,HOUSTON,Time Rise No.2,29.935953,-10630742.0889094,194576,,HARRIS
Convenience Store,3533,77396,1487327.0,TX,-95.216866,3810 ATASCOCITA RD,,3500894.21244725,,HUMBLE,Three Jacks,29.979338,-10599493.0380514,194634,,HARRIS
Discount Retail,3710,77060,1487612.0,TX,-95.406799,98 ALDINE BENDER RD,,3494734.48354095,,HOUSTON,Dollar General 23991,29.931396,-10620636.2828962,194732,,HARRIS
Convenience Store,1554,77086,1487914.0,TX,-95.486595,4000 N SAM HOUSTON PKWY W,,3495553.13415681,,HOUSTON,24 Seven #22,29.937769,-10629519.1329835,194819,,HARRIS
Convenience Store,6006,77003,1507659.0,TX,-95.359245,2002 EMANCIPATION AVE,,3470453.7595852,,HOUSTON,Z Mart,29.742191,-10615342.595831,194831,,HARRIS
Grocery Store,5420,77034,1487944.0,TX,-95.180336,630 FM 1959 RD,,3451468.61314673,,HOUSTON,Nahim Trading Inc,29.594002,-10595426.5370527,194890,,HARRIS
Convenience Store,5605,77020,1507992.0,TX,-95.290443,7614 LYONS AVE,,3474846.94750244,,HOUSTON,Check-in Check-out Truck-stop #3,29.776451,-10607683.5922255,194937,,HARRIS
Pharmacy,    ,77003,1487667.0,TX,-95.354584,2410 POLK ST,,3471051.73983386,,HOUSTON,CVS Pharmacy CVS11202,29.746855,-10614823.7356844,194955,,HARRIS
Convenience Store,3241,77095,1503618.0,TX,-95.629066,14711 FM 529 RD,,3488008.32373352,,HOUSTON,Handi-stop #21,29.879019,-10645378.9321564,195278,,HARRIS
Grocery Store,2006,77521,1503946.0,TX,-95.003876,3604 W BAKER RD,,3474180.8200079,,BAYTOWN,Carnitas Y Barbacoa Los Compadres Meat Market,29.771257,-10575783.0997073,195322,,HARRIS
Specialty Store,2633,77011,1471446.0,TX,-95.300835,6941 CANAL ST,,3470194.65199533,,HOUSTON,Luis Meat Sales Llc,29.74017,-10608840.4243738,195333,,HARRIS
Convenience Store,7017,77090,1503697.0,TX,-95.431824,15303 ELLA BLVD,,3502317.45503028,,HOUSTON,Bella Mart Inc.,29.990412,-10623422.0531533,195457,,HARRIS
Convenience Store,4133,77338,1519049.0,TX,-95.297768,8535 FM 1960 RD W,,3503731.47277256,,HUMBLE,7-Eleven 42059,30.001413,-10608499.0074955,195546,,HARRIS
Discount Retail,    ,77449,1472430.0,TX,-95.720543,21803 MORTON RANCH RD,,3479759.19786603,Ste 100,KATY,DOLLARTREE 8870,29.814745,-10655562.1052156,195551,,HARRIS
Convenience Store,3445,77520,1472127.0,TX,-94.95311,1600 N ALEXANDER DR,,3470161.31839453,,BAYTOWN,Rps Discount Tobacco And Store,29.73991,-10570131.8544377,195553,,HARRIS
Convenience Store,5235,77020,1650647.0,TX,-95.300919,403 LATHROP ST,,3475549.53526967,,HOUSTON,Lathrop Food Mart,29.781929,-10608849.775211,195707,,HARRIS
Convenience Store,1531,77087,1570699.0,TX,-95.299149,2409 FLOWERS ST,,3465765.88610123,,HOUSTON,Flower Food Store,29.70562,-10608652.7397123,195764,,HARRIS
Convenience Store,3387,77449,1472790.0,TX,-95.734909,20230 FRANZ RD,,3478092.28035989,Ste A,KATY,New Franz Food Mart,29.801752,-10657161.3210204,195814,,HARRIS
Convenience Store,2526,77028,1472793.0,TX,-95.283966,7610 N WAYSIDE DR,,3481951.55045164,,HOUSTON,Pit Stop Express,29.831831,-10606962.5758836,195825,,HARRIS
Convenience Store,6225,77057,1472807.0,TX,-95.49192,6223 RICHMOND AVE,,3469059.94789693,,HOUSTON,Bas Business Inc,29.731319,-10630111.909272,195848,,HARRIS
Convenience Store,1223,77029,1497021.0,TX,-95.2668,9201 NORTH LOOP E,,3476771.52418932,,HOUSTON,Check-in Check-out Truck Stop #4,29.791456,-10605051.6655046,196500,,HARRIS
Convenience Store,6429,77020,1596757.0,TX,-95.322983,4634 MARKET ST,,3474359.7245575,,HOUSTON,Peters Friendly Food Mart,29.772652,-10611305.9284559,196642,,HARRIS
Grocery Store,4002,77035,1504887.0,TX,-95.508835,12148 FONDREN RD,,3458341.1558329,,HOUSTON,Lule Umoja Store,29.647671,-10631994.8784588,196766,,HARRIS
Convenience Store,2445,77038,1543288.0,TX,-95.443092,10080 VETERANS MEMORIAL DR,,3492860.63509264,,HOUSTON,La Raza Taqueria Y Carniceria,29.916807,-10624676.4011756,196839,,HARRIS
Convenience Store,2204,77061,1497174.0,TX,-95.277428,8600 BROADWAY ST,,3460586.48392789,,HOUSTON,Airport Express,29.665199,-10606234.7690528,196983,,HARRIS
Convenience Store,2314,77087,1539421.0,TX,-95.300377,4670 TELEPHONE RD,,3464346.43991581,,HOUSTON,Swift #101,29.694544,-10608789.440047,197078,,HARRIS
Convenience Store,7332,77379,1539017.0,TX,-95.517937,16302 STUEBNER AIRLINE RD,,3505556.26418504,Ste A,SPRING,Quetzaltenango Productos Centroamericanos Y Mas,30.015608,-10633008.108464,197167,,HARRIS
Convenience Store,3011,77068,1508625.0,TX,-95.485847,14648 WALTERS RD,,3503238.7788612,Ste 102,HOUSTON,E-z Food Store,29.99758,-10629435.8660044,197172,,HARRIS
Convenience Store,1359,77009,1508640.0,TX,-95.361694,718 NORTH LOOP E,,3479581.24444924,,HOUSTON,Fuel Mart,29.813358,-10615615.217264,197180,,HARRIS
Convenience Store,5831,77084,1509302.0,TX,-95.719002,2450 FRY RD,,3478247.12149648,,HOUSTON,Market at Fry,29.802959,-10655390.5618803,197316,,HARRIS
Farmers and Markets,5317,77035,1539212.0,TX,-95.495277,12581 DUNLAP ST,,3457225.93880905,,HOUSTON,Louanba Farm,29.638964,-10630485.6088026,197410,,HARRIS
Convenience Store,4168,77051,1539257.0,TX,-95.402153,1898 AIRPORT BLVD,,3457712.51354311,,HOUSTON,Airport Primetime,29.642763,-10620119.092542,197434,,HARRIS
Discount Retail,5248,77077,1509147.0,TX,-95.646355,2306 HIGHWAY 6 S,,3469946.83156103,,HOUSTON,Dollar General 24719,29.738237,-10647303.5348327,197639,,HARRIS
Convenience Store,2408,77401,1508360.0,TX,-95.461479,5910 WEST LOOP S,,3467222.91638753,,BELLAIRE,Breaktime,29.716988,-10626723.2326528,197642,,HARRIS
Convenience Store,1804,77036,1509453.0,TX,-95.519394,5715 FONDREN RD,,3467415.95195279,,HOUSTON,Kwiks Top,29.718494,-10633170.3009621,197813,,HARRIS
Convenience Store,    ,77047,1539750.0,TX,-95.368172,13610 SCOTT ST,,3453776.25452656,,HOUSTON,Always Market #5,29.612026,-10616336.3449253,197884,,HARRIS
Convenience Store,1215,77033,1508519.0,TX,-95.320595,6101 BELLFORT ST,,3460783.2634065,,HOUSTON,Roadway 01,29.666735,-10611040.0975119,197972,,HARRIS
Convenience Store,2316,77087,1545942.0,TX,-95.29908,4736 TELEPHONE RD,,3463984.93930745,Ste 100,HOUSTON,Kroozin 101,29.691723,-10608645.0586674,198025,,HARRIS
Convenience Store,3601,77034,1136694.0,TX,-95.221603,9112 N BROADWAY ST,,3455931.27064578,,HOUSTON,Shaver Express,29.628855,-10600020.3584793,198113,,HARRIS
Convenience Store,3630,77026,1364197.0,TX,-95.336578,3145 CRANE ST,,3477466.3922683,,HOUSTON,Joy's Food Mart,29.796873,-10612819.3169332,198299,,HARRIS
Other,2315,77011,1645589.0,TX,-95.316772,5715 CANAL ST,,3470805.18500204,,HOUSTON,Finca Tres Robles Farm Store,29.744932,-10610614.5230986,198309,,HARRIS
Convenience Store,3754,77067,1545206.0,TX,-95.464111,2950 W GEARS RD,,3496653.05769647,,HOUSTON,Speedy Mart,29.946331,-10627016.2255525,198426,,HARRIS
Grocery Store,3336,77396,1191910.0,TX,-95.292,14615 OLD HUMBLE RD,,3494935.89781561,,HUMBLE,My Favorite Meat Market,29.932964,-10607856.9166726,198447,,HARRIS
Convenience Store,1301,77521,1545215.0,TX,-95.031471,1901 EAST FWY,,3477658.42724204,,BAYTOWN,Baytown Truck Center,29.79837,-10578854.9610557,198450,,HARRIS
Convenience Store,2114,77493,1544648.0,TX,-95.802246,5002 E 5TH ST,,3476625.67978568,,KATY,Pitstop Express #28,29.790319,-10664657.2415719,198469,,HARRIS
Convenience Store,2705,77086,1544812.0,TX,-95.495575,13755 STATE HIGHWAY 249,,3493228.08759923,,HOUSTON,Tienda Mi Honduras 505,29.919668,-10630518.7820109,198558,,HARRIS
Specialty Store,1620,77076,1544819.0,TX,-95.394356,401 E LITTLE YORK RD,,3486879.74576541,,HOUSTON,Nustea Bazzar,29.870228,-10619251.1344723,198560,,HARRIS
Convenience Store,4100,77051,1545036.0,TX,-95.385551,2910 AIRPORT BLVD,,3457800.50624881,,HOUSTON,Handi Stop #134 ,29.64345,-10618270.9663558,198808,,HARRIS
Convenience Store,1919,77044,1545331.0,TX,-95.222549,11909 TIDWELL RD,,3484259.53295352,,HOUSTON,Fuel Depot 24,29.849815,-10600125.6667175,198853,,HARRIS
Convenience Store,4410,77091,1544356.0,TX,-95.473167,5720 ANTOINE DR,,3484104.87589447,,HOUSTON,Pulperia La Hondurena 504 #1,29.84861,-10628024.3348612,198926,,HARRIS
Convenience Store,2231,77071,1545116.0,TX,-95.527496,8541 W BELLFORT ST,,3459245.106996,Ste F,HOUSTON,Di Caribbean Stop Grocery Llc,29.654728,-10634072.2114765,198968,,HARRIS
Discount Retail,3853,77061,1546843.0,TX,-95.30497,6955 AIRPORT BLVD,,3458382.65652458,,HOUSTON,Dollar General 23788,29.647995,-10609300.7304682,199006,,HARRIS
Convenience Store,6802,77016,1649775.0,TX,-95.328636,4200 DENMARK ST,,3481316.3635046,,HOUSTON,Jtm Stores Inc,29.826881,-10611935.2175373,199147,,HARRIS
Convenience Store,2631,77072,1216664.0,TX,-95.575005,11140 BELLAIRE BLVD,,3465553.01045905,,HOUSTON,Express Food Mart,29.703959,-10639360.8891646,199162,,HARRIS
Convenience Store,2821,77099,1257173.0,TX,-95.568932,10555 S WILCREST DR,,3460854.10987894,,HOUSTON,24 Seven 17,29.667288,-10638684.845897,199219,,HARRIS
Convenience Store,    ,77449,1547127.0,TX,-95.719025,20155 FM 529,,3488091.00358676,,KATY,Kroozin Market,29.879663,-10655393.1222286,199326,,HARRIS
Grocery Store,1801,77521,1032447.0,TX,-95.005295,3712 W BAKER RD,,3474181.0765001,,BAYTOWN,La Potosina Del Pueblo Llc,29.771259,-10575941.0620647,199510,,HARRIS
Convenience Store,5460,77017,997554.0,TX,-95.254539,4827 GALVESTON RD,,3463040.29296558,,HOUSTON,One Stop Food Mart,29.684351,-10603686.777228,199546,,HARRIS
Supermarket,5600,77449,993766.0,TX,-95.736031,20300 FRANZ RD,,3478072.90931356,,KATY,La Michoacana Meat Market 18,29.801601,-10657286.2214891,199604,,HARRIS
Convenience Store,1708,77429,1546385.0,TX,-95.672371,16206 SPRING CYPRESS RD,,3500784.59053808,,CYPRESS,Charge Up 61,29.978485,-10650199.6227052,199659,,HARRIS
Convenience Store,5003,77045,1079877.0,TX,-95.46476,13717 S POST OAK RD,,3455783.99740612,,HOUSTON,Handy Spot #2,29.627705,-10627088.4719021,199707,,HARRIS
Convenience Store,    ,77449,1579091.0,TX,-95.771019,3021 W GRAND PKWY M,,3480290.50678548,A,KATY,Handi Stop #132,29.818886,-10661181.0678329,199742,,HARRIS
Discount Retail,2210,77338,1546348.0,TX,-95.268188,20845 HIGHWAY 59 N,,3506113.84500193,,HUMBLE,Dollar General 25418,30.019945,-10605206.1769579,199841,,HARRIS
Other,1117,77009,1488725.0,TX,-95.382477,2517 AIRLINE DR,,3479152.60111132,,HOUSTON,El Bolillo Bakery- Airline 1,29.810017,-10617928.7702411,199886,,HARRIS
Other,5318,77023,1488726.0,TX,-95.315498,2421 S WAYSIDE DR,,3466735.34144111,,HOUSTON,El Bolillo Bakery- Wayside 3,29.713184,-10610472.7020673,199889,,HARRIS
Specialty Store,1122,77502,1488727.0,TX,-95.201523,917 SOUTHMORE AVE,,3463955.08168188,,PASADENA,El Bolillo Bakery- Pasadena 2,29.69149,-10597785.0631041,199892,,HARRIS
Convenience Store,1000,77084,1546570.0,TX,-95.683861,6495 BARKER CYPRESS RD,,3486985.78241459,Ste A,HOUSTON,Kwik N Easy Food Store,29.871054,-10651478.6836544,199971,,HARRIS
Convenience Store,3701,77069,1546579.0,TX,-95.532898,6951 FM 1960 RD W,,3499450.0546239,,HOUSTON,Checkout #47,29.9681,-10634673.5593657,199977,,HARRIS
Grocery Store,2527,77090,1510658.0,TX,-95.444427,904 CYPRESS CREEK PKWY,,3505763.24891467,,HOUSTON,Cuban Bakery La Exquisita LLC,30.017218,-10624825.0126958,200138,,HARRIS
Convenience Store,    ,77084,1539805.0,TX,-95.651443,16503 CLAY RD,,3482404.41304726,Ste A,HOUSTON,Express 9,29.83536,-10647869.9284018,200224,,HARRIS
Convenience Store,1124,77033,1489505.0,TX,-95.32196,7102 MYKAWA RD,,3461952.98470021,,HOUSTON,Mykawa Truck Stop,29.675865,-10611192.0486168,200341,,HARRIS
Convenience Store,4422,77082,1510392.0,TX,-95.644722,4010 HIGHWAY 6 S,,3466717.78190995,Ste A,HOUSTON,First Stop Food Store #14,29.713047,-10647121.7501042,200351,,HARRIS
Convenience Store,3858,77562,1489258.0,TX,-95.056778,413 S MAIN ST,,3479193.14263963,,HIGHLANDS,Snappy Mart,29.810333,-10581672.1234092,200426,,HARRIS
Convenience Store,2915,77039,1489306.0,TX,-95.36393,13745 CHRISMAN RD,,3492476.75418415,,HOUSTON,Amigo Food Mart,29.913818,-10615864.1276454,200438,,HARRIS
Convenience Store,1517,77505,1510217.0,TX,-95.15667,5513 SPENCER HWY,,3460696.91579135,,PASADENA,7-Eleven 41876H,29.666061,-10592792.0499836,200543,,HARRIS
Convenience Store,8215,77521,1510223.0,TX,-94.965767,6012 EAST FWY,,3478820.06277727,,BAYTOWN,7-Eleven 41754H,29.807425,-10571540.8252327,200544,,HARRIS
Grocery Store,2716,77086,1151503.0,TX,-95.498573,14230 STATE HIGHWAY 249,,3493804.01133881,,HOUSTON,La Esperanza Meat Market 2,29.924152,-10630852.5178443,200593,,HARRIS
Other,2406,77073,1509844.0,TX,-95.394081,2128 FM 1960 RD E,,3506670.55020161,,HOUSTON,Islazul Cuban Market Llc,30.024275,-10619220.5216123,200633,,HARRIS
Convenience Store,4116,77336,1540131.0,TX,-95.089302,25709 FM 2100 RD,,3509192.48504821,,HUFFMAN,Best Stop #12,30.043888,-10585292.6785278,200705,,HARRIS
Convenience Store,5245,77077,1540139.0,TX,-95.643219,14531 WESTHEIMER RD,,3469542.48296913,,HOUSTON,Now & Forever Highway 6,29.735083,-10646954.4369095,200727,,HARRIS
Grocery Store,4606,77069,1509901.0,TX,-95.503197,4750 FM 1960 RD W,,3501722.51158422,,HOUSTON,Ramadan Meat Market Inc,29.985783,-10631367.2591697,200749,,HARRIS
Convenience Store,1517,77070,1489647.0,TX,-95.585831,22030 STATE HIGHWAY 249,,3504379.47200637,,HOUSTON,Texas Pride,30.006454,-10640566.0339719,200775,,HARRIS
Convenience Store,5403,77074,1489658.0,TX,-95.516579,7717 BISSONNET ST,,3462813.23963224,,HOUSTON,Shop N Joy,29.682579,-10632856.9365955,200781,,HARRIS
Grocery Store,3502,77071,1509924.0,TX,-95.528954,10814 S GESSNER RD,,3460151.29935823,,HOUSTON,Texas African Grocery Store,29.661802,-10634234.5152941,200792,,HARRIS
Convenience Store,3404,77078,1509624.0,TX,-95.238571,10012 TIDWELL RD,,3484359.51556433,,HOUSTON,King Stop,29.850594,-10601909.227599,200801,,HARRIS
Convenience Store,1016,77071,1509666.0,TX,-95.52755,10619 S GESSNER RD,,3460606.34109573,,HOUSTON,Tri-fuel,29.665354,-10634078.222729,200884,,HARRIS
Convenience Store,3910,77530,1510614.0,TX,-95.138062,222 DELL DALE ST,,3474797.3137852,,CHANNELVIEW,Bud's Mart,29.776064,-10590720.6168989,200928,,HARRIS
Convenience Store,1458,77012,1510006.0,TX,-95.290543,7530 HARRISBURG BLVD,,3469113.02074081,,HOUSTON,Fuel Stop N Go,29.731733,-10607694.7241745,200948,,HARRIS
Convenience Store,1351,77033,1509707.0,TX,-95.320213,7454 MYKAWA RD,,3461347.73996449,,HOUSTON,Quik Mart,29.671141,-10610997.5734664,200958,,HARRIS
Convenience Store,8745,77002,1117122.0,TX,-95.370438,2111 FANNIN ST,,3471145.08059857,,HOUSTON,Fannin Eagle Mart,29.747583,-10616588.5948915,201070,,HARRIS
Farmers and Markets,1515,77003,1189333.0,TX,-95.343452,2600 NAVIGATION BLVD,,3472435.6374309,,HOUSTON,East End Market,29.757648,-10613584.5271129,201409,,HARRIS
Convenience Store,2055,77493,1540533.0,TX,-95.824104,5815 FRANZ RD,,3478011.97409356,Ste B,KATY,Avenue D Shell,29.801126,-10667090.4630017,201550,,HARRIS
Convenience Store,3613,77021,1540710.0,TX,-95.337837,5832 MARTIN LUTHER KING BLVD,,3464590.05168656,,HOUSTON,Mlk Food Store,29.696445,-10612959.4681721,201611,,HARRIS
Convenience Store,6407,77087,1610159.0,TX,-95.311523,6650 BELLFORT ST,,3460841.81100587,,HOUSTON,Bellfort Corner Food Mart,29.667192,-10610030.2070914,201619,,HARRIS
Convenience Store,6826,77017,1540957.0,TX,-95.22982,2000 ALLEN GENOA RD,,3462846.04167231,,HOUSTON,Big Mart #6,29.682835,-10600935.0707351,201841,,HARRIS
Convenience Store,4002,77401,1540394.0,TX,-95.4674,5020 BELLAIRE BLVD,,3465849.70444837,,BELLAIRE,Corner Market,29.706274,-10627382.3553578,201860,,HARRIS
Convenience Store,3519,77090,1541036.0,TX,-95.435829,475 CYPRESS CREEK PKWY,,3505938.22434126,,HOUSTON,Big Mart #5,30.018579,-10623867.8877139,201990,,HARRIS
Convenience Store,3112,77069,1547665.0,TX,-95.534508,13202 CUTTEN RD,,3499731.08588325,,HOUSTON,Rush #5,29.970287,-10634852.7837459,201998,,HARRIS
Grocery Store,6483,77074,1510966.0,TX,-95.497635,6502 BELLAIRE BLVD,,3465796.64506431,Ste A3,HOUSTON,Kabul Grocery,29.70586,-10630748.1001619,202002,,HARRIS
Convenience Store,1416,77506,1490170.0,TX,-95.202362,921 PASADENA FWY,,3466641.51999056,,PASADENA,Checkpoint #20,29.712452,-10597878.4601569,202109,,HARRIS
Convenience Store,3207,77087,1548010.0,TX,-95.319244,5615 S WAYSIDE DR,,3463017.61307909,,HOUSTON,Wayside Mercado,29.684174,-10610889.7048798,202189,,HARRIS
Convenience Store,4014,77067,1548307.0,TX,-95.44191,1421 GREENS PKWY,,3496173.48350341,,HOUSTON,Ez Mart,29.942598,-10624544.8215374,202315,,HARRIS
Grocery Store,3101,77081,1490647.0,TX,-95.494064,6415 HILLCROFT ST,,3466717.5255666,,HOUSTON,Mini Indian Fiesta,29.713045,-10630350.5782603,202559,,HARRIS
Grocery Store,4965,77493,1548370.0,TX,-95.823708,5015 KATY HOCKLEY RD,,3483779.01123799,,KATY,La Michoacana Supermarket #24,29.846071,-10667046.3804833,202622,,HARRIS
Convenience Store,4417,77078,1511377.0,TX,-95.261185,8807 LEYCREST RD,,3482062.67932135,,HOUSTON,Energize #1,29.832697,-10604426.6065638,202635,,HARRIS
Convenience Store,4116,77388,1548390.0,TX,-95.468643,3405 FM 2920 RD,,3512553.95510054,,SPRING,Star Express #4,30.070024,-10627520.7254848,202640,,HARRIS
Convenience Store,1615,77072,1550686.0,TX,-95.556053,6707 W SAM HOUSTON PKWY S,,3465521.61127937,,HOUSTON,Courtesy Chevron #3,29.703714,-10637251.1621751,202736,,HARRIS
Grocery Store,5901,77087,1548424.0,TX,-95.309402,6811 BELLFORT ST,,3461036.16019579,,HOUSTON,La Michoacana Supermarket #23,29.668709,-10609794.0984514,202788,,HARRIS
Convenience Store,7739,77373,1548451.0,TX,-95.386536,23115 ALDINE WESTFIELD RD,,3509604.13256955,,SPRING,Charlie Food Mart #10 ,30.047089,-10618380.6160543,202848,,HARRIS
Convenience Store,4639,77338,1548760.0,TX,-95.25959,618 E 1ST ST,,3503394.18169554,,HUMBLE,Cynthia's Kitchen,29.998789,-10604249.051976,202861,,HARRIS
Grocery Store,2465,77036,1511619.0,TX,-95.548698,5880 RANCHESTER DR,,3466908.50277256,Ste 450,HOUSTON,Muhajir Grocery Store,29.714535,-10636432.4073203,203041,,HARRIS
Grocery Store,1055,77067,1511631.0,TX,-95.47715,12033 VETERANS MEMORIAL DR,,3498262.5184783,Ste 123,HOUSTON,Los Pipiles Bakery & Cafe,29.958858,-10628467.720393,203045,,HARRIS
Convenience Store,2559,77075,1511680.0,TX,-95.270508,8305 ALMEDA GENOA RD,,3455645.17790893,,HOUSTON,Checkpoint #21,29.626621,-10605464.4381765,203060,,HARRIS
Convenience Store,3002,77027,1558105.0,TX,-95.4562,1620 WEST LOOP S,,3471592.43331493,,HOUSTON,Handi Stop #100,29.751072,-10626135.5770609,203215,,HARRIS
Super Store,5006,77021,1541907.0,TX,-95.353836,6730 CULLEN BLVD,,3463753.5124846,,HOUSTON,Bud's House Of Meat,29.689917,-10614740.4687053,203330,,HARRIS
Convenience Store,4069,77571,1558232.0,TX,-95.082703,9901 SPENCER HWY,,3460537.4176379,Ste A,LA PORTE,Express Lane,29.664816,-10584558.0812081,203367,,HARRIS
Convenience Store,3868,77598,1511920.0,TX,-95.152336,18335 GULF FWY,,3446513.00747348,,WEBSTER,Timewise Food Store 157,29.555285,-10592309.5913105,203449,,HARRIS
Convenience Store,6003,77040,1511923.0,TX,-95.504753,13290 NORTHWEST FWY,,3484189.58409397,,HOUSTON,Timewise Food Store 203,29.84927,-10631540.4722974,203450,,HARRIS
Convenience Store,4520,77396,1511925.0,TX,-95.276009,18040 HIGHWAY 59 N,,3501191.21158834,,HUMBLE,Timewise Food Store 214,29.981649,-10606076.8066954,203451,,HARRIS
Convenience Store,8168,77338,1542051.0,TX,-95.281998,7064 WILL CLAYTON PKWY,,3501271.92046777,,HUMBLE,Z's Chevron,29.982277,-10606743.4991257,203699,,HARRIS
Convenience Store,4707,77039,1548854.0,TX,-95.331001,4303 CHARRITON DR,,3491438.44552058,,HOUSTON,Tex Mex Food Store,29.905733,-10612198.4881331,203769,,HARRIS
Other,6901,77057,1541420.0,TX,-95.494972,6345 SKYLINE DR,,3468571.66237082,,HOUSTON,El Castillo Commissaria,29.72751,-10630451.6563579,203818,,HARRIS
Convenience Store,8367,77521,1541451.0,TX,-94.983185,5027 INTERSTATE 10 E,,3478488.43108519,,BAYTOWN,Jack's Grocery Chevron #22,29.80484,-10573479.7881233,203894,,HARRIS
Convenience Store,3619,77338,1172832.0,TX,-95.266479,110 1ST ST W,,3503594.70427916,,HUMBLE,Humble Speedy Stop,30.000349,-10605015.9319481,204305,,HARRIS
Other,3902,77025,1062646.0,TX,-95.439156,9223 STELLA LINK RD,,3462685.61998981,,HOUSTON,La Michoacana Meat Market 58,29.681583,-10624238.2476598,204428,,HARRIS
Convenience Store,    ,77093,1654693.0,TX,-95.343323,2637 LITTLE YORK RD,,3487045.99005535,,HOUSTON,Valero Food Store,29.871523,-10613570.1668986,204551,,HARRIS
Convenience Store,2225,77093,1411701.0,TX,-95.32296,4335 HOPPER RD,,3488130.54631401,Ste 100,HOUSTON,Maisah Food #5,29.879971,-10611303.3681076,204628,,HARRIS
Convenience Store,3105,77049,912325.0,TX,-95.127518,6533 SHELDON RD,,3480437.03439189,,HOUSTON,Sheldon Food Mart,29.820028,-10589546.864188,204701,,HARRIS
Convenience Store,1118,77073,1155880.0,TX,-95.420547,22626 IMPERIAL VALLEY DR,,3506787.03709057,,HOUSTON,Super Quick Food Store,30.025181,-10622166.7032556,204747,,HARRIS
Convenience Store,3001,77007,1220244.0,TX,-95.423615,6111 WASHINGTON AVE,,3474241.09581437,,HOUSTON,Super K Food Store,29.771727,-10622508.2314534,204852,,HARRIS
Convenience Store,1709,77081,1549742.0,TX,-95.481361,5703 GLENMONT DR,,3467581.81616623,,HOUSTON,Amigos Food Mart,29.719788,-10628936.4867687,204917,,HARRIS
Convenience Store,    ,77084,1549880.0,TX,-95.673569,17441 W LITTLE YORK RD,,3486239.43657059,,HOUSTON,In-time Food Store,29.86524,-10650332.9834551,204959,,HARRIS
Convenience Store,6967,77081,1474982.0,TX,-95.48674,6001 BISSONNET ST,,3464633.11032215,Ste A,HOUSTON,Shop N Go,29.696781,-10629535.2743097,205011,,HARRIS
Convenience Store,2360,77506,1472965.0,TX,-95.200668,425 PASADENA BLVD,,3465803.05319087,,PASADENA,Roadstar #6,29.70591,-10597689.8849395,205074,,HARRIS
Convenience Store,8011,77489,1474726.0,TX,-95.531174,12725 S GESSNER RD,,3456881.92784499,,MISSOURI CITY,Singh Mart #5,29.636278,-10634481.6445636,205146,,HARRIS
Convenience Store,    ,77433,1590086.0,TX,-95.731628,21085 FM 529,,3488096.90931099,,CYPRESS,Settler's Food Mart,29.879709,-10656796.0817711,205249,,HARRIS
Other,4328,77099,1474432.0,TX,-95.571342,11246 S WILCREST DR,,3459668.4756227,Ste 145,HOUSTON,Savoy Supermarket,29.658033,-10638953.1258698,205262,,HARRIS
Convenience Store,2602,77047,1558766.0,TX,-95.479416,5410 W BELLFORT ST,,3459719.33203317,,HOUSTON,Singh Mart #6,29.65843,-10628719.9703591,205372,,HARRIS
Convenience Store,4941,77502,1558850.0,TX,-95.208183,3028 SHAVER ST,,3460567.01112203,,PASADENA,Pasadena Shell,29.665047,-10598526.4509128,205390,,HARRIS
Convenience Store,4590,77396,1558900.0,TX,-95.265785,122 ATASCOCITA RD,,3497839.80179082,,HUMBLE,AM/PM Food Mart,29.955568,-10604938.6762215,205406,,HARRIS
Convenience Store,1906,77003,1579567.0,TX,-95.332687,4102 CANAL ST,,3471402.66872499,,HOUSTON,Bentkes Food Mart,29.749592,-10612386.1727945,205439,,HARRIS
Convenience Store,5002,77017,1475111.0,TX,-95.26561,8450 GULF FWY,,3461500.71403953,,HOUSTON,Texmart Llc,29.672335,-10604919.1953106,205477,,HARRIS
Convenience Store,6044,77088,1474521.0,TX,-95.430367,1111 S VICTORY DR,,3486946.75671763,,HOUSTON,Swift Food Mart,29.87075,-10623259.8606552,205648,,HARRIS
Convenience Store,4813,77061,1264312.0,TX,-95.26545,8404 MONROE RD,,3458298.8867472,,HOUSTON,Monroe Xpress,29.647341,-10604901.3841921,205856,,HARRIS
Convenience Store,1740,77048,1640386.0,TX,-95.341896,5319 SELINSKY RD,,3456995.78600525,,HOUSTON,Sarina Investment,29.637167,-10613411.3139852,205867,,HARRIS
Convenience Store,4522,77346,1474658.0,TX,-95.14402,8750 FM 1960 RD E,,3504586.95183963,,HUMBLE,Quick Serve,30.008068,-10591383.858425,205873,,HARRIS
Convenience Store,5624,77065,1552431.0,TX,-95.607224,10907 N ELDRIDGE PKWY,,3494959.91873494,,HOUSTON,Wortham Food Mart,29.933151,-10642947.4918384,206097,,HARRIS
Convenience Store,2449,77040,1552065.0,TX,-95.537552,8235 WINDFERN RD,,3489608.35074602,,HOUSTON,Windfern Food Mart,29.891481,-10635191.6402759,206201,,HARRIS
Convenience Store,    ,77058,1552555.0,TX,-95.146339,435 EL DORADO BLVD,,3446959.37825987,Ste 14,HOUSTON,Sara's Food Mart,29.558773,-10591642.0083242,206285,,HARRIS
Convenience Store,5408,77587,1551732.0,TX,-95.247169,1504 COLLEGE AVE,,3459243.44173082,,SOUTH HOUSTON,Soho Express,29.654715,-10602866.3525809,206288,,HARRIS
Convenience Store,3754,77022,1559149.0,TX,-95.365891,540 YORKSHIRE ST,,3481362.68617587,,HOUSTON,Handi Foodmart,29.827242,-10616082.4251668,206366,,HARRIS
Convenience Store,1309,77067,1551758.0,TX,-95.451996,11616 T C JESTER BLVD,,3497378.68394738,,HOUSTON,Everyday Plus Market,29.951979,-10625667.5899216,206497,,HARRIS
Convenience Store,2902,77082,1551325.0,TX,-95.660965,3750 ADDICKS CLODINE RD,,3467138.06368885,,HOUSTON,Corner Market,29.716326,-10648929.9125932,206682,,HARRIS
Convenience Store,2254,77072,1543057.0,TX,-95.596992,12313 BELLAIRE BLVD,,3465435.10373157,Ste A,HOUSTON,Cook Food Store,29.703039,-10641808.4708086,207004,,HARRIS
Convenience Store,2903,77571,1172590.0,TX,-95.065628,9701 W FAIRMONT PKWY,,3458861.2050154,,LA PORTE,Snack Time Food Mart 2,29.651731,-10582657.3009028,207243,,HARRIS
Convenience Store,4910,77598,1652728.0,TX,-95.127502,950 W NASA RD 1,,3443455.62819293,,WEBSTER,Webster Food Mart,29.531391,-10589545.0830761,207257,,HARRIS
Convenience Store,3534,77092,1596475.0,TX,-95.466751,5032 PINEMONT DR,,3483160.16072135,,HOUSTON,1 Stop Express #22,29.841249,-10627310.1090082,207263,,HARRIS
Convenience Store,6980,77532,1130830.0,TX,-95.063217,13110 CROSBY LYNCHBURG RD,,3488069.94841818,,CROSBY,Crosby Food Mart,29.879499,-10582388.9096105,207388,,HARRIS
Convenience Store,4007,77092,1542941.0,TX,-95.488388,6531 W 43RD ST,,3482071.53374155,,HOUSTON,Sam Food Store,29.832766,-10629718.7288305,207493,,HARRIS
Convenience Store,    ,77375,1550318.0,TX,-95.541817,23211 KUYKENDAHL RD,,3516378.35937173,,TOMBALL,Express Mart,30.099751,-10635666.4179041,207665,,HARRIS
Supermarket,3869,77339,1384651.0,TX,-95.251289,19529 NORTHPARK DR,,3512609.00951677,,KINGWOOD,HEB Food Store 759,30.070452,-10603324.9888829,207909,,HARRIS
Convenience Store,2933,77022,1543043.0,TX,-95.384628,4401 AIRLINE DR,,3481572.23098718,,HOUSTON,Shop N Carry #9,29.828875,-10618168.2184658,207955,,HARRIS
Convenience Store,7107,77081,1543046.0,TX,-95.485069,7526 RENWICK DR,,3464687.83087934,,HOUSTON,Road Trip 3,29.697208,-10629349.2594406,207962,,HARRIS
Convenience Store,1117,77075,1133221.0,TX,-95.25354,8611 MOSLEY RD,,3457823.94545509,,HOUSTON,Center Point Food Market,29.643633,-10603575.5690567,208061,,HARRIS
Convenience Store,1544,77014,1255660.0,TX,-95.481873,14317 WALTERS RD,,3502319.64001089,Ste 100,HOUSTON,Walters Food Mart,29.990429,-10628993.482348,208084,,HARRIS
Discount Retail,2603,77503,1576107.0,TX,-95.172577,2783 RED BLUFF RD,,3464338.6228864,,PASADENA,DOLLARTREE 9483,29.694483,-10594562.8091236,208300,,HARRIS
Other,7835,77447,1142610.0,TX,-95.815308,17966 ROBERTS RD,,3508142.27185596,,HOCKLEY,Chepes Meat Market,30.035721,-10666111.2967607,208303,,HARRIS
Supermarket,4624,77011,941931.0,TX,-95.304329,6910 CAPITOL ST,,3469515.81743407,,HOUSTON,El Ahorro Supermarket 15,29.734875,-10609229.3746746,208437,,HARRIS
Convenience Store,4801,77082,1134270.0,TX,-95.623543,13575 ALIEF CLODINE RD,,3466627.5493686,,HOUSTON,Z's Exxon,29.712343,-10644764.1146087,208438,,HARRIS
Convenience Store,3645,77587,1115968.0,TX,-95.220779,820 SPENCER HWY,,3460502.4436079,,SOUTH HOUSTON,Papa's Food Mart,29.664543,-10599928.6312188,208472,,HARRIS
Grocery Store,2641,77083,1586778.0,TX,-95.621811,13442 BELLAIRE BLVD,,3465586.71660247,Ste H,HOUSTON,Bangla Bazar,29.704222,-10644571.3092506,208656,,HARRIS
Convenience Store,5487,77034,1384333.0,TX,-95.181953,975 FM 1959 RD,,3450785.38767475,,HOUSTON,New Ellington Food Store,29.588665,-10595606.5406693,208869,,HARRIS
Grocery Store,4310,77045,1203879.0,TX,-95.445229,4411 W OREM DR,,3455763.12316122,,HOUSTON,Orem Food Market,29.627542,-10624914.2909274,208901,,HARRIS
Convenience Store,3304,77038,1562677.0,TX,-95.45826,2851 W MOUNT HOUSTON RD,,3490296.85274281,,HOUSTON,7-Eleven Inc. 42201H,29.896843,-10626364.8952119,209007,,HARRIS
Convenience Store,3004,77035,1529231.0,TX,-95.475174,5310 W BELLFORT AVE,,3459982.45631378,,HOUSTON,Bellfort Buzzy Bee,29.660484,-10628247.7530792,209070,,HARRIS
Convenience Store,3871,77503,1528983.0,TX,-95.172844,2816 PRESTON AVE,,3461191.5647883,Ste 100,PASADENA,La Estacion Dulceria,29.669922,-10594592.5314277,209092,,HARRIS
Convenience Store,3450,77022,1529446.0,TX,-95.361076,8400 IRVINGTON BLVD,,3482522.09064449,,HOUSTON,Mikes Food Mart,29.836277,-10615546.4218187,209217,,HARRIS
Convenience Store,4707,77429,1565716.0,TX,-95.590942,11321 CYPRESS NORTH HOUSTON RD,,3497373.80176336,,CYPRESS,Basanti Fuel And Shop,29.951941,-10641134.9878893,209513,,HARRIS
Convenience Store,6713,77089,1529411.0,TX,-95.198891,1980 DIXIE FARM RD,,3448899.88820241,,HOUSTON,Coyote Express,29.573935,-10597492.0702044,209631,,HARRIS
Convenience Store,3241,77433,1563630.0,TX,-95.702797,19140 FM 529 RD,,3488177.79233009,,CYPRESS,Circle A Food Store #6,29.880339,-10653586.629532,209638,,HARRIS
Convenience Store,3452,77530,1585490.0,TX,-95.140015,15301 WOODFOREST BLVD,,3476482.65895847,,CHANNELVIEW,Sunny Food Mart,29.789204,-10590938.0238644,209950,,HARRIS
Convenience Store,3824,77047,1528908.0,TX,-95.356033,13306 CULLEN BLVD,,3454229.79091809,,HOUSTON,Cullen Chevron Food Mart,29.615568,-10614985.0376266,209963,,HARRIS
Discount Retail,6003,77040,1552890.0,TX,-95.501244,13244 NORTHWEST FWY,,3484124.64109094,,HOUSTON,Dollar General 25855,29.848764,-10631149.8522042,209983,,HARRIS
Super Store,2318,77087,838233.0,TX,-95.298767,4725 TELEPHONE RD,,3463988.52735295,,HOUSTON,EL AHORRO SUPERMARKET 5,29.691751,-10608610.2156668,210048,,HARRIS
Convenience Store,1410,77049,1061341.0,TX,-95.18924,13438 BEAUMONT HWY,,3483200.58658492,,HOUSTON,Express Truck Stop 01,29.841564,-10596417.7257987,210232,,HARRIS
Convenience Store,1831,77049,1553431.0,TX,-95.1567,17225 CROSBY FWY,,3483198.91821343,,HOUSTON,Sheldon Travel Center 00002,29.841551,-10592795.3895683,210283,,HARRIS
Convenience Store,9311,77002,1092547.0,TX,-95.376801,3117 MAIN ST,,3470402.73254152,,HOUSTON,Main Super Express,29.741793,-10617296.9208114,210752,,HARRIS
Convenience Store,    ,77092,1170588.0,TX,-95.478745,6010 W TIDWELL RD,,3484333.07592771,,HOUSTON,Metro Mart,29.850388,-10628645.2749808,210803,,HARRIS
Convenience Store,3144,77429,1553300.0,TX,-95.616272,12938 CYPRESS NORTH HOUSTON RD,,3496849.8771743,,CYPRESS,53 Max Food Mart ,29.947863,-10643954.7105911,210851,,HARRIS
Grocery Store,1821,77598,1195002.0,TX,-95.146812,15106 HIGHWAY 3,,3448190.94501232,,WEBSTER,Bismillah Grocers And Halal Meat,29.568396,-10591694.6624433,211019,,HARRIS
Super Store,3005,77010,1003941.0,TX,-95.36142,1001 AUSTIN ST,,3472033.90326585,,HOUSTON,Phoenicia Specialty Foods,29.754515,-10615584.7157235,211067,,HARRIS
Supermarket,2404,77038,1171497.0,TX,-95.443703,10092 VETERANS MEMORIAL DR,,3492831.22393629,,HOUSTON,LMMM Houston 64,29.916578,-10624744.4173844,211146,,HARRIS
Convenience Store,2119,77033,1302426.0,TX,-95.337029,8103 MARTIN LUTHER KING BLVD,,3460695.50656207,,HOUSTON,Redi Mart,29.66605,-10612869.5220236,211177,,HARRIS
Grocery Store,1316,77072,1031307.0,TX,-95.588539,11907 HIGH STAR DR,,3466448.11153585,,HOUSTON,Panchos Meat Market 7,29.710943,-10640867.487153,211259,,HARRIS
Convenience Store,6515,77020,990243.0,TX,-95.315971,5440 EAST FWY,,3474509.90370537,,HOUSTON,Star Stop 43,29.773823,-10610525.3561864,211273,,HARRIS
Convenience Store,2151,77099,1115538.0,TX,-95.570702,10841 BISSONNET ST,,3461700.582402,,HOUSTON,Swift,29.673895,-10638881.8813957,211329,,HARRIS
Convenience Store,2406,77055,1074263.0,TX,-95.485245,1825 WIRT RD,,3478444.4279883,,HOUSTON,Stop N Joy,29.804497,-10629368.851671,211449,,HARRIS
Convenience Store,8635,77064,1299197.0,TX,-95.543945,8914 WEST RD,,3491088.89414516,,HOUSTON,Rush Lane 1,29.903011,-10635903.3057805,211680,,HARRIS
Supermarket,4246,77091,997943.0,TX,-95.411949,5902 N SHEPHERD DR,,3484459.88400192,,HOUSTON,La Michoacana Meat Market 53,29.851376,-10621209.5782738,211690,,HARRIS
Convenience Store,2057,77035,1246736.0,TX,-95.507507,6600 W BELLFORT ST,,3459420.98582938,,HOUSTON,Fondren Food Store,29.656101,-10631847.046175,211695,,HARRIS
Grocery Store,1730,77014,1247167.0,TX,-95.48822,13521 TORREY FOREST DR,,3500535.02107455,,HOUSTON,La Moreliana Meat Market 3,29.976543,-10629700.0271561,211763,,HARRIS
Convenience Store,4311,77029,1571717.0,TX,-95.266869,9009 CLINTON DR,,3470155.93374404,,HOUSTON,Handi Stop #102,29.739868,-10605059.3465495,211822,,HARRIS
Supermarket,2529,77041,1273978.0,TX,-95.614388,13430 FM 529 RD,,3488071.74580927,,HOUSTON,Lmmm Houston 62 Ltd 62,29.879513,-10643744.9846705,211953,,HARRIS
Convenience Store,4239,77067,1241798.0,TX,-95.432564,11095 ELLA BLVD,,3496212.53735866,,HOUSTON,Zip In Zip Out,29.942902,-10623504.4295765,212015,,HARRIS
Convenience Store,6759,77375,1031779.0,TX,-95.608421,500 E MAIN ST,,3516469.07218954,,TOMBALL,All Season Food Mart,30.100456,-10643080.7412689,212089,,HARRIS
Convenience Store,2943,77047,1291972.0,TX,-95.35585,11722 CULLEN BLVD,,3456456.21737375,,HOUSTON,Quickway And Wash,29.632954,-10614964.6661598,212099,,HARRIS
Convenience Store,5036,77013,909077.0,TX,-95.219345,570 MAXEY RD,,3475888.65856384,,HOUSTON,Maxey Shell,29.784573,-10599768.999069,212130,,HARRIS
Convenience Store,4360,77055,1277753.0,TX,-95.524498,9500 WESTVIEW DR,,3476960.47019452,Ste 102,HOUSTON,Smilley's Food Store,29.792929,-10633738.4756431,212155,,HARRIS
Convenience Store,3613,77021,1304103.0,TX,-95.337906,5820 MARTIN LUTHER KING BLVD,,3464539.04789382,,HOUSTON,Mlk C-store,29.696047,-10612967.149217,212242,,HARRIS
Supermarket,5207,77035,1207867.0,TX,-95.508163,12675 FONDREN RD,,3457215.43647704,,HOUSTON,Pyburn's Food Market no.2,29.638882,-10631920.071761,212264,,HARRIS
Convenience Store,    ,77379,1108737.0,TX,-95.514687,15920 STUEBNER AIRLINE ROAD,,3504892.90719492,,SPRING,Sunmart  179,30.010448,-10632646.3201189,212519,,HARRIS
Other,1020,77034,1577841.0,TX,-95.251877,9820 GULF FWY,,3458829.95023561,,HOUSTON,Hong Kong Food Market #5 5,29.651487,-10603390.4447435,212672,,HARRIS
Convenience Store,2602,77530,987330.0,TX,-95.123398,1300 SHELDON RD,,3478167.45569079,,CHANNELVIEW,Exxon Food Mart,29.802338,-10589088.2278859,212711,,HARRIS
Other,3373,77433,1233586.0,TX,-95.704025,18918 FM 529 RD,,3488113.34264494,Ste. A,CYPRESS,Ca Mau Foods Market,29.879837,-10653723.3298667,212742,,HARRIS
Convenience Store,3476,77033,1253081.0,TX,-95.35276,7445 CALHOUN RD,,3462100.84093217,,HOUSTON,K & H Meat Market,29.677019,-10614620.6889332,212913,,HARRIS
Grocery Store,4638,77045,1554398.0,TX,-95.42955,3419 W OREM DR,,3455744.68213861,,HOUSTON,Panaderia Y Refresqueria Ciccia,29.627398,-10623168.9126312,213033,,HARRIS
Convenience Store,1909,77024,1554538.0,TX,-95.484085,8155 KATY FWY,,3475687.54351738,,HOUSTON,Timewise 880839,29.783005,-10629239.7210617,213075,,HARRIS
Convenience Store,4762,77089,1554542.0,TX,-95.216766,11575 S SAM HOUSTON PKWY E,,3452476.29906497,,HOUSTON,Timewise 880853,29.601873,-10599481.9061023,213076,,HARRIS
Discount Retail,3355,77051,1555047.0,TX,-95.368423,9585 SCOTT ST,,3458960.22168278,,HOUSTON,Dollar General 24032,29.652504,-10616364.2861175,213165,,HARRIS
Specialty Store,7001,77057,1598463.0,TX,-95.484024,3507 FOUNTAIN VIEW DR,,3468555.1258529,,HOUSTON,El Bolillo Bakery 5,29.727381,-10629232.9305727,213322,,HARRIS
Convenience Store,4027,77021,1554088.0,TX,-95.361145,6625 SCOTT ST,,3464236.61749496,,HOUSTON,6625 Food Mart,29.693687,-10615554.1028635,213506,,HARRIS
Convenience Store,4220,77346,1554092.0,TX,-95.213425,4028 FM 1960 RD E,,3503473.87619109,,HUMBLE,Teddy's Food Mart,29.999409,-10599109.9876835,213510,,HARRIS
Convenience Store,1401,77502,1554098.0,TX,-95.182526,2201 SOUTHMORE AVE,,3464025.04858724,,PASADENA,Southmore Corner Store,29.692036,-10595670.3267375,213514,,HARRIS
Grocery Store,4712,77401,1554107.0,TX,-95.482666,5801 BISSONNET ST,,3465001.67763074,,BELLAIRE,Variedades El Salvador,29.699657,-10629081.7587042,213524,,HARRIS
Convenience Store,4405,77503,1255226.0,TX,-95.135811,5010 RED BLUFF RD,,3461303.66736865,,PASADENA,Fuel Express,29.670797,-10590470.0367251,213681,,HARRIS
Convenience Store,2434,77076,1554892.0,TX,-95.384697,7110 AIRLINE DR,,3486157.92396403,,HOUSTON,Swift Airline,29.864605,-10618175.8995107,213722,,HARRIS
Convenience Store,4405,77037,1266837.0,TX,-95.39756,115 E CANINO RD,,3487557.70224132,,HOUSTON,Quik Food Store,29.875509,-10619607.8021208,213755,,HARRIS
Convenience Store,5775,77084,1220947.0,TX,-95.683144,5222 BARKER CYPRESS RD,,3484229.49981843,Ste 120,HOUSTON,Carniceria Y Taqueria Irapuato,29.849581,-10651398.8675795,213773,,HARRIS
Convenience Store,1003,77081,1553924.0,TX,-95.495865,6115 HILLCROFT ST,,3466915.03962643,,HOUSTON,Vava Express,29.714586,-10630551.0646632,213867,,HARRIS
Other,2241,77447,1214926.0,TX,-95.792549,17331 WILLOW LEXINGTON CT,,3506066.78974138,,HOCKLEY,B And B Mobile Grocery,30.019579,-10663577.7764697,213924,,HARRIS
Convenience Store,3621,77050,1179690.0,TX,-95.301071,12115 HOMESTEAD RD,,3490673.73403378,,HOUSTON,Bunny Stop,29.899778,-10608866.6957736,214142,,HARRIS
Convenience Store,1348,77087,1163832.0,TX,-95.307533,4100 TELEPHONE RD,,3465686.68210966,,HOUSTON,Latino Corner Store Inc.,29.705002,-10609586.0423231,214158,,HARRIS
Convenience Store,2404,77074,1302250.0,TX,-95.534317,8924 BISSONNET ST,,3462023.83760481,,HOUSTON,Quick Food Store,29.676418,-10634831.5217232,214285,,HARRIS
Convenience Store,2525,77373,1075827.0,TX,-95.424202,617 SPRING CYPRESS RD,,3513737.42024446,,SPRING,Master Food Store,30.079224,-10622573.5759945,214473,,HARRIS
Convenience Store,1501,77505,1564009.0,TX,-95.17189,4701 SPENCER HWY,,3460659.63532328,,PASADENA,Spencer Food Mart,29.66577,-10594486.3326334,214537,,HARRIS
Convenience Store,4502,77092,1005464.0,TX,-95.493942,12102 HEMPSTEAD RD,,3481205.11278648,,HOUSTON,U-Save Fuel Express,29.826014,-10630336.9972824,214559,,HARRIS
Supermarket,3412,77388,920421.0,TX,-95.44838,2121 FM 2920 RD,,3512545.46542203,,SPRING,HEB Food Store 610,30.069958,-10625265.0586429,214594,,HARRIS
Convenience Store,9900,77075,986523.0,TX,-95.241302,9880 ALMEDA GENOA RD,,3455692.56077973,,HOUSTON,Almeda Corner Store 21,29.626991,-10602213.2411284,214633,,HARRIS
Convenience Store,6106,77057,1244147.0,TX,-95.484383,2904 FOUNTAIN VIEW DR,,3469567.61015855,,HOUSTON,Sunny's Food Store,29.735279,-10629272.8942699,214666,,HARRIS
Convenience Store,1271,77087,1279582.0,TX,-95.310638,3410 BROAD ST,,3464731.91505711,,HOUSTON,Broad Mini Mart,29.697552,-10609931.689342,214859,,HARRIS
Supermarket,2506,77073,1225648.0,TX,-95.389488,2598 FM 1960 RD,,3506485.40766793,,HOUSTON,La Michoacana Super Market 72,30.022835,-10618709.2311911,214861,,HARRIS
Convenience Store,1615,77032,1247234.0,TX,-95.381943,816 SALTER DR,,3496270.60449568,,HOUSTON,Gatewood Grocery,29.943354,-10617869.325633,215052,,HARRIS
Grocery Store,3180,77065,1203925.0,TX,-95.628792,10675 HUFFMEISTER RD,,3494647.52185355,Ste 100,HOUSTON,Guerrerense Meat Market 3,29.930719,-10645348.4306159,215136,,HARRIS
Convenience Store,3805,77530,1307872.0,TX,-95.095642,16955 I 10 E,,3476467.01013955,,CHANNELVIEW,Magic Food 2,29.789082,-10585998.4440994,215166,,HARRIS
Super Store,4436,77083,1653780.0,TX,-95.646355,14625 BEECHNUT ST,,3463577.44635867,,HOUSTON,World Food Mart,29.688543,-10647303.5348327,215214,,HARRIS
Convenience Store,3344,77009,1285450.0,TX,-95.361458,4401 IRVINGTON BLVD,,3477894.85099899,,HOUSTON,Shop N Go,29.800213,-10615588.9458641,215238,,HARRIS
Convenience Store,2132,77345,1286461.0,TX,-95.16922,2615 MILLS BRANCH DR,,3512673.96888888,Ste A,KINGWOOD,Prime Stop,30.070957,-10594189.109593,215286,,HARRIS
Grocery Store,5202,77035,1280100.0,TX,-95.508392,12320 FONDREN RD,,3457803.83640667,,HOUSTON,African Farms Market,29.643476,-10631945.5639244,215303,,HARRIS
Grocery Store,2049,77099,1235284.0,TX,-95.578285,11303 BISSONNET ST,,3461787.57735647,,HOUSTON,Carniceria Villagran,29.674574,-10639726.0170944,215343,,HARRIS
Convenience Store,1625,77084,1290737.0,TX,-95.683403,6309 BARKER CYPRESS RD,,3486303.10662097,,HOUSTON,Nazma Food Mart,29.865736,-10651427.6993276,215398,,HARRIS
Supermarket,4719,77401,824868.0,TX,-95.483406,5859 BISSONNET ST,,3464895.95053281,,BELLAIRE,El Ahorro Supermarket 3,29.698832,-10629164.1351274,215550,,HARRIS
Convenience Store,2299,77036,1653667.0,TX,-95.504944,6959 HARWIN DR,,3467300.33535005,Ste 100,HOUSTON,Houston Halal Supermarket,29.717592,-10631561.7343201,215602,,HARRIS
Convenience Store,5236,77003,1293079.0,TX,-95.357506,2350 PEASE ST,,3470775.56796909,,HOUSTON,Handi Plus 41,29.744701,-10615149.0112365,215623,,HARRIS
Discount Retail,3332,77502,1575614.0,TX,-95.227119,2052 RICHEY ST,,3462761.73034726,,PASADENA,Dollar General 30603,29.682177,-10600634.3967905,215648,,HARRIS
Convenience Store,3101,77036,1539304.0,TX,-95.510567,7205 BELLERIVE DR,,3466679.45863682,,HOUSTON,Panco Food Mart #2,29.712748,-10632187.6838168,215736,,HARRIS
Convenience Store,3817,77048,1299873.0,TX,-95.323891,12551 MARTINDALE RD,,3455602.66153514,,HOUSTON,Koko Market,29.626289,-10611407.0065535,215750,,HARRIS
Convenience Store,3365,77338,1290183.0,TX,-95.375481,3411 FM 1960 RD W,,3506051.36182491,,HUMBLE,N K Food Store,30.019459,-10617149.9790835,215830,,HARRIS
Convenience Store,4033,77076,1173964.0,TX,-95.394981,6130 WERNER ST,,3484805.01881071,,HOUSTON,Diamond Food Mart,29.854065,-10619320.709154,215838,,HARRIS
Convenience Store,2930,77021,1633879.0,TX,-95.336708,4804 MARTIN LUTHER KING BLVD,,3466098.08679261,,HOUSTON,Nicks Grocery,29.708212,-10612833.788467,215896,,HARRIS
Supermarket,1747,77450,1640780.0,TX,-95.751945,342 S MASON RD,,3475324.69787169,,KATY,La Michoacana Supermarket #32,29.780176,-10659057.7598655,215902,,HARRIS
Convenience Store,6320,77093,1168361.0,TX,-95.342247,9602 JENSEN DR,,3484224.62264928,,HOUSTON,Jensen Mart,29.849543,-10613450.3871265,215941,,HARRIS
Convenience Store,1014,77011,1245084.0,TX,-95.32383,4700 NAVIGATION BLVD,,3471573.32850979,,HOUSTON,Fas Food Mart,29.750923,-10611400.2160646,215962,,HARRIS
Convenience Store,1236,77041,1074327.0,TX,-95.60611,8301 N ELDRIDGE PKWY,,3490460.44482559,,HOUSTON,Eldridge Venture Llc,29.898117,-10642823.4819257,215965,,HARRIS
Supermarket,4415,77066,946342.0,TX,-95.481056,12035 ANTOINE DR,,3498482.36238282,,HOUSTON,Joe V Smart Shop 616,29.960569,-10628902.534324,216058,,HARRIS
Supermarket,2529,77503,1260896.0,TX,-95.17173,1201 SOUTH ST,,3469744.65567572,,PASADENA,Pancho's Super Market,29.73666,-10594468.5215149,216107,,HARRIS
Convenience Store,3914,77075,1091354.0,TX,-95.25032,9350 FUQUA ST,,3453577.53326871,,HOUSTON,Mr Express #2,29.610474,-10603217.1202964,216137,,HARRIS
Convenience Store,6309,77571,1255256.0,TX,-95.023575,501 W FAIRMONT PKWY,,3458903.98832041,,LA PORTE,Fuel Express #10,29.652065,-10577975.9823564,216152,,HARRIS
Specialty Store,6402,77083,1092789.0,TX,-95.617599,13235 OLD RICHMOND RD,,3461886.10401578,,HOUSTON,Old Richmond Farm 1,29.675343,-10644102.4315554,216191,,HARRIS
Convenience Store,1533,77506,1306000.0,TX,-95.184898,2117 PASADENA FWY,,3466743.67261391,,PASADENA,Motu's Truck Stop,29.713249,-10595934.3765697,216343,,HARRIS
Convenience Store,2006,77058,1123482.0,TX,-95.110817,2104 BAY AREA BLVD,,3448339.283582,,HOUSTON,Bay Mart,29.569555,-10587687.7173722,216426,,HARRIS
Convenience Store,1904,77506,1170142.0,TX,-95.219894,504 RICHEY ST,,3465684.50336597,,PASADENA,MC FOOD STORE,29.704985,-10599830.1134695,216454,,HARRIS
Supermarket,2543,77028,1212677.0,TX,-95.28595,7843 LEY RD,,3481907.79211944,,HOUSTON,Payless Supermarket,29.83149,-10607183.4337533,216488,,HARRIS
Convenience Store,1098,77429,1291975.0,TX,-95.693291,25950 HIGHWAY 290,,3499853.67758839,,CYPRESS,C-mart,29.971241,-10652528.4264525,216537,,HARRIS
Convenience Store,2757,77086,1247661.0,TX,-95.497871,10131 OLD BAMMEL N HOUSTON RD,,3493947.61099494,,HOUSTON,Ja Bammel Food Mart,29.92527,-10630774.3715617,216683,,HARRIS
Grocery Store,1704,77505,1040442.0,TX,-95.139107,6500 SPENCER HWY,,3460446.20351694,,PASADENA,La Michoacana Meat Market Houston 43,29.664104,-10590836.9457668,216795,,HARRIS
Specialty Store,2213,77036,1220156.0,TX,-95.500526,5659 HILLCROFT ST,,3467763.70526964,,HOUSTON,Al Aqsa Halal Meat NO,29.721207,-10631069.9248098,216869,,HARRIS
Convenience Store,3625,77070,1303366.0,TX,-95.556351,13602 SCHROEDER RD,,3500386.97805476,,HOUSTON,Pick N Go,29.975391,-10637284.3353833,216904,,HARRIS
Convenience Store,3265,77396,1175513.0,TX,-95.299881,6047 DWYER DR,,3494987.92178878,,HUMBLE,Eastex Truck Stop,29.933369,-10608734.2255796,216926,,HARRIS
Convenience Store,3854,77338,1054161.0,TX,-95.26442,213 1ST ST E,,3503509.35325571,,HUMBLE,Humble Express,29.999685,-10604786.7251165,217224,,HARRIS
Convenience Store,3969,77082,1556638.0,TX,-95.659264,15639 WESTPARK DR,,3467089.35695448,,HOUSTON,Best Handi Stop 121,29.715946,-10648740.5581393,217282,,HARRIS
Convenience Store,3903,77080,1555247.0,TX,-95.530533,9615 KEMPWOOD DR,,3480614.48644011,,HOUSTON,One Stop Food Store,29.821411,-10634410.28877,217319,,HARRIS
Convenience Store,1169,77064,1556079.0,TX,-95.546249,12404 N GESSNER RD,,3497598.64112103,,HOUSTON,24/7 #25,29.953691,-10636159.7858873,217362,,HARRIS
Convenience Store,4307,77020,1556090.0,TX,-95.322693,4702 LYONS AVE,,3474802.18737168,,HOUSTON,Friendly Store #33,29.776102,-10611273.6458035,217393,,HARRIS
Convenience Store,2610,77036,1556100.0,TX,-95.539635,6002 S GESSNER RD,,3466866.71825574,#A,HOUSTON,Mama Store 01,29.714209,-10635423.5187752,217415,,HARRIS
Pharmacy,1301,77084,1556728.0,TX,-95.64592,6079 HIGHWAY 6 N,,3486486.54488646,,HOUSTON,CVS/Pharmacy 3178,29.867165,-10647255.1108542,217454,,HARRIS
Convenience Store,3816,77012,1555945.0,TX,-95.278397,2610 BROADWAY ST,,3465456.37812645,,HOUSTON,Fuel Depot 6,29.703205,-10606342.6376394,217691,,HARRIS
Convenience Store,7620,77026,1555662.0,TX,-95.325928,4415 LIBERTY RD,,3476223.04495393,,HOUSTON,Karri All Foods,29.78718,-10611633.7643563,217701,,HARRIS
Convenience Store,1580,77036,1637740.0,TX,-95.547127,10304 HARWIN DR,,3467241.63020002,Ste C,HOUSTON,Mercedes Express Store,29.717134,-10636257.5244002,217789,,HARRIS
Convenience Store,2539,77016,1556003.0,TX,-95.306648,5650 LITTLE YORK RD,,3486996.56585183,,HOUSTON,Fuel Depot 49,29.871138,-10609487.5245738,217883,,HARRIS
Convenience Store,3904,77023,1556018.0,TX,-95.313461,2001 S WAYSIDE DR,,3467407.74852323,,HOUSTON,Little Buddy 2,29.71843,-10610245.9442645,217913,,HARRIS
Convenience Store,4557,77084,1556279.0,TX,-95.688576,1893 BARKER CYPRESS RD,,3477421.36644778,,HOUSTON,Cypress Mart,29.796522,-10652003.5550535,217958,,HARRIS
Convenience Store,2812,77074,1289812.0,TX,-95.528442,9091 S GESSNER RD,,3462925.86886106,,HOUSTON,Gessner Food 55,29.683458,-10634177.5197148,218307,,HARRIS
Convenience Store,4301,77009,1557566.0,TX,-95.351501,1621 COLLINGSWORTH ST,,3477043.33537554,,HOUSTON,Hardy Express,29.793575,-10614480.5376943,218419,,HARRIS
Convenience Store,6601,77009,1557569.0,TX,-95.374374,303 BAYLAND AVE,,3476208.42258218,,HOUSTON,Everest Food Mart #2,29.787066,-10617026.7484072,218422,,HARRIS
Convenience Store,1131,77011,1557608.0,TX,-95.31179,6091 NAVIGATION BLVD,,3471185.46863954,,HOUSTON,Charge Up 62,29.747898,-10610059.9293954,218438,,HARRIS
Convenience Store,1233,77094,1557673.0,TX,-95.688835,18010 KINGSLAND BLVD,,3474903.50708848,,HOUSTON,Hk Food Store,29.776892,-10652032.3868016,218453,,HARRIS
Convenience Store,5208,77090,1557696.0,TX,-95.449051,14518 KUYKENDAHL RD,,3502531.97049939,,HOUSTON,Swipe For Fuel #4,29.992081,-10625339.7540212,218463,,HARRIS
Convenience Store,3834,77063,1266232.0,TX,-95.533981,9550 RICHMOND AVE,,3468769.46128357,,HOUSTON,Richmond Corner,29.729053,-10634794.1183743,218487,,HARRIS
Convenience Store,3225,77047,1216746.0,TX,-95.40451,13334 CHISWICK RD,,3454062.30583233,,HOUSTON,Eagle Mart 2,29.61426,-10620381.4725818,218535,,HARRIS
Convenience Store,1821,77598,1167399.0,TX,-95.145752,15164 HIGHWAY 3,,3448038.12862851,,WEBSTER,Express Lane Food,29.567202,-10591576.6637831,218845,,HARRIS
Convenience Store,5923,77074,1249218.0,TX,-95.509125,8203 FONDREN RD,,3463742.49226344,,HOUSTON,Amigo Market 01,29.689831,-10632027.1611111,218936,,HARRIS
Convenience Store,4518,77069,1133140.0,TX,-95.504585,4950 FM 1960 RD W,,3501556.97597686,Ste B1,HOUSTON,Click Food Mart,29.984495,-10631521.7706229,219048,,HARRIS
Convenience Store,6002,77063,1167591.0,TX,-95.513474,8265 RICHMOND AVE,,3468788.3055383,,HOUSTON,Nancy Qs Super Mart,29.7292,-10632511.2895766,219105,,HARRIS
Supermarket,9299,77093,1081524.0,TX,-95.342522,6916 JENSEN DR,,3480682.49112957,,HOUSTON,Jensen Supermarket,29.821941,-10613480.9999865,219157,,HARRIS
Convenience Store,7416,77004,1585955.0,TX,-95.375648,2329 SOUTHMORE BLVD,,3467826.00191741,,HOUSTON,Stop N Bye #5,29.721693,-10617168.5694385,219171,,HARRIS
Convenience Store,2010,77035,990184.0,TX,-95.508522,11302 FONDREN RD,,3459383.58095306,,HOUSTON,Star Stop 21,29.655809,-10631960.0354582,219270,,HARRIS
Convenience Store,4134,77011,1300017.0,TX,-95.325195,5001 HARRISBURG BLVD,,3470536.45459609,,HOUSTON,Fuel Depot 36,29.742836,-10611552.1671695,219581,,HARRIS
Convenience Store,2308,77055,1157036.0,TX,-95.495842,8401 LONG POINT RD,,3478219.28330849,,HOUSTON,Sunny's Citgo,29.802742,-10630548.5043149,219602,,HARRIS
Supermarket,2501,77346,1266008.0,TX,-95.194122,5319 FM 1960 RD E,,3503400.73719171,,HUMBLE,La Michoacana Meat Market 74,29.99884,-10596961.1875528,219612,,HARRIS
Convenience Store,7204,77081,1137501.0,TX,-95.493126,7802 HILLCROFT ST,,3464342.08288244,,HOUSTON,Sunny's Conoco,29.69451,-10630246.1605779,219646,,HARRIS
Super Store,2215,77018,1112296.0,TX,-95.411469,4801 N SHEPHERD DR,,3482384.00886275,,HOUSTON,B And W Meat Company,29.835201,-10621156.1449182,219758,,HARRIS
Convenience Store,2518,77088,1576982.0,TX,-95.480209,8795 ANTOINE DR,,3489824.83581861,Ste 101,HOUSTON,Lucky Stop & Save,29.893167,-10628808.2467153,219779,,HARRIS
Convenience Store,1504,77088,1585487.0,TX,-95.493835,10206 N HOUSTON ROSSLYN RD,,3489387.76058944,,HOUSTON,Home Run Food Mart,29.889763,-10630325.0860969,219970,,HARRIS
Convenience Store,3002,77061,978131.0,TX,-95.277557,8800 1/2 BROADWAY ST.,,3459905.97806018,,HOUSTON,Airport Food Center,29.659887,-10606249.1292671,219978,,HARRIS
Convenience Store,6509,77047,1305624.0,TX,-95.378746,2944 S SAM HOUSTON PKWY E,,3451789.69167529,,HOUSTON,Singh Mart #2,29.59651,-10617513.437221,219984,,HARRIS
Convenience Store,6606,77081,1193093.0,TX,-95.476166,7139 CHIMNEY ROCK RD,,3465407.80591494,,HOUSTON,Sunny 7,29.702826,-10628358.1820141,220074,,HARRIS
Grocery Store,5633,77063,1653757.0,TX,-95.519905,8800 RICHMOND AVE,,3468790.10023067,,HOUSTON,Dukkan International Market,29.729214,-10633227.1852219,220223,,HARRIS
Convenience Store,7859,77036,1648029.0,TX,-95.556358,10109 BISSONNET ST,,3461732.86912067,Ste A,HOUSTON,Raceone #2,29.674147,-10637285.1146198,220228,,HARRIS
Farmers and Markets,2717,77546,1574450.0,TX,-95.152802,18650 GULF FWY,,3445680.83840159,,FRIENDSWOOD,Bay Area Farmers Market NAFMNP,29.548782,-10592361.4661932,220421,,HARRIS
Convenience Store,1828,77084,1016688.0,TX,-95.644753,5502 HIGHWAY 6 N,,3485200.35013385,,HOUSTON,Courtesy Mart,29.857145,-10647125.2010084,220519,,HARRIS
Grocery Store,2256,77011,1283062.0,TX,-95.321678,5202 CANAL ST,,3470988.4018438,,HOUSTON,Flemingo Supermarket,29.746361,-10611160.6565204,220550,,HARRIS
Convenience Store,7112,77080,1151325.0,TX,-95.540291,1621 WITTE RD,,3478122.94055259,,HOUSTON,Metro Food Mart,29.801991,-10635496.5443612,220587,,HARRIS
Convenience Store,3268,77502,1045373.0,TX,-95.173035,2740 PASADENA BLVD,,3462756.34879206,,PASADENA,Speed Fuel,29.682135,-10594613.7934504,220683,,HARRIS
Convenience Store,6602,77080,815122.0,TX,-95.501198,8606 HAMMERLY BLVD,,3479275.89394153,,HOUSTON,Stop Then Buy Food Store,29.810978,-10631144.7315076,220774,,HARRIS
Convenience Store,2410,77502,1290753.0,TX,-95.199684,1702 PASADENA BLVD,,3463369.47615375,,PASADENA,Ms Food Mart,29.68692,-10597580.3465606,220819,,HARRIS
Convenience Store,1301,77014,1242914.0,TX,-95.479195,14039 WALTERS RD,,3501889.59162611,,HOUSTON,Walter Corner Store,29.987083,-10628695.3687517,220820,,HARRIS
Convenience Store,6204,77089,1195306.0,TX,-95.196236,12931 NYACK DR,,3451571.92582138,,HOUSTON,Stop N Save,29.594809,-10597196.5169563,220851,,HARRIS
Convenience Store,2610,77036,1301664.0,TX,-95.539078,6004 S GESSNER RD,,3466888.8922309,,HOUSTON,Tortilleria San Luis,29.714382,-10635361.5138188,220874,,HARRIS
Specialty Store,6627,77027,867194.0,TX,-95.456299,4722 RICHMOND AVE,,3469252.24185034,,HOUSTON,Hebert's Specialty Meats 1,29.732819,-10626146.5976905,220918,,HARRIS
Convenience Store,9491,77083,980523.0,TX,-95.681725,17130 BEECHNUT ST,,3463475.57513624,,HOUSTON,Food Mart,29.687748,-10651240.905222,220927,,HARRIS
Convenience Store,1521,77091,1075651.0,TX,-95.459221,3400 W LITTLE YORK RD,,3486011.972766,,HOUSTON,Fass Stop,29.863468,-10626471.8732426,221108,,HARRIS
Convenience Store,3307,77506,1240960.0,TX,-95.21981,605 RICHEY ST,,3465281.82660046,Apt 108,PASADENA,Royal Food Store,29.701843,-10599820.7626323,221169,,HARRIS
Grocery Store,4508,77018,1285972.0,TX,-95.410599,4420 N SHEPHERD DR,,3481630.23174824,,HOUSTON,La Carniceria Meat Market,29.829327,-10621059.2969612,221264,,HARRIS
Convenience Store,5430,77017,1086744.0,TX,-95.245461,8901 HOWARD DR,,3463377.80514853,,HOUSTON,On The Go Mart,29.686985,-10602676.2188906,221266,,HARRIS
Specialty Store,3924,77586,1196488.0,TX,-95.020828,415 WATERFRONT DR,,3445920.51500725,,SEABROOK,Rose's Seafood Inc.,29.550655,-10577670.1877152,221471,,HARRIS
Convenience Store,    ,77396,1574329.0,TX,-95.28363,17010 HIGHWAY 59  N.,,3499174.04091671,,HUMBLE,7-Eleven 42255H,29.965952,-10606925.1725347,221622,,HARRIS
Convenience Store,5348,77375,1272772.0,TX,-95.540154,23106 KUYKENDAHL RD,,3516296.26804609,,TOMBALL,Jet Quik Stop,30.099113,-10635481.2935909,222034,,HARRIS
Grocery Store,3370,77338,1529560.0,TX,-95.376816,3224 FM 1960 RD W,,3506072.18951655,,HUMBLE,Dulcerias Pinkis 2,30.019621,-10617298.5906037,222083,,HARRIS
Convenience Store,    ,77377,1529892.0,TX,-95.652702,15215 FM 2920 RD,,3514282.36576485,,TOMBALL,2920 On The Go,30.08346,-10648010.0796407,222104,,HARRIS
Convenience Store,4012,77079,982834.0,TX,-95.644478,802 HIGHWAY 6 S,,3474649.82454282,,HOUSTON,Express Fuel #6,29.774914,-10647094.5881485,222242,,HARRIS
Convenience Store,2289,77598,1123490.0,TX,-95.145287,501 EL DORADO BLVD,,3446990.34836433,Ste 2,WEBSTER,El Dorado Food Mart,29.559015,-10591524.9002199,222325,,HARRIS
Grocery Store,4801,77015,1530325.0,TX,-95.21447,953 FEDERAL RD,,3474337.15295008,,HOUSTON,Tienda Rio Lempa #1 1,29.772476,-10599226.3165514,222413,,HARRIS
Convenience Store,4503,77066,1529963.0,TX,-95.499176,12311 BAMMEL NORTH HOUSTON RD,,3498064.13540927,Ste A,HOUSTON,Kroozin Bammel,29.957314,-10630919.6434972,222545,,HARRIS
Specialty Store,4651,77063,1530359.0,TX,-95.503937,7705 WESTHEIMER RD,,3469810.67979094,,HOUSTON,Moussa Butcher Shop & Grill,29.737175,-10631449.6355929,222552,,HARRIS
Discount Retail,1317,77084,1530229.0,TX,-95.646965,6745 HIGHWAY 6 N,,3487406.471574,,HOUSTON,Dollar General 24798,29.874331,-10647371.4397221,222712,,HARRIS
Convenience Store,3303,77076,1529720.0,TX,-95.391266,6205 NORDLING RD,,3484948.77424413,,HOUSTON,Union Food Store,29.855185,-10618907.1572457,222737,,HARRIS
Convenience Store,2102,77037,1529732.0,TX,-95.408119,540 W GULF BANK RD,,3489310.85024711,,HOUSTON,Swift Sweetwater,29.889164,-10620783.224624,222747,,HARRIS
Grocery Store,6058,77074,1530494.0,TX,-95.504074,6905 BISSONNET ST,,3463608.71265648,Ste A,HOUSTON,Amigo Food Mart #3,29.688787,-10631464.8863631,222896,,HARRIS
Convenience Store,4304,77045,1530520.0,TX,-95.43837,4101 W OREM DR,,3455752.8781454,,HOUSTON,Starmart Foodstore,29.627462,-10624150.75054,222957,,HARRIS
Convenience Store,4408,77016,1529876.0,TX,-95.299599,7202 TIDWELL RD,,3484046.35055644,,HOUSTON,Swipe For Fuel,29.848154,-10608702.8334832,222970,,HARRIS
Convenience Store,6838,77077,990196.0,TX,-95.5765,11302 WESTHEIMER RD,,3469762.21933929,,HOUSTON,Star Stop 23,29.736797,-10639527.3118033,223059,,HARRIS
Other,3504,77077,1236957.0,TX,-95.624557,13314 WESTHEIMER RD,,3469656.19671291,,HOUSTON,Vishala Grocery 3,29.73597,-10644876.9925724,223105,,HARRIS
Convenience Store,4466,77336,1069873.0,TX,-95.105286,11403 FM 1960 RD,,3506167.32878765,,HUFFMAN,Fuel Maxx 4,30.020361,-10587072.0092687,223140,,HARRIS
Convenience Store,5710,77083,1307329.0,TX,-95.643013,8559 HIGHWAY 6 S,,3463217.24870563,,HOUSTON,Now & Forever Laterna,29.685732,-10646931.5050944,223197,,HARRIS
Convenience Store,2728,77006,1248410.0,TX,-95.391884,2501 MONTROSE BLVD,,3471105.46197691,,HOUSTON,Sunny's Hollywood Food & Cigar,29.747274,-10618975.952691,223327,,HARRIS
Convenience Store,3801,77060,1292411.0,TX,-95.402397,195 ALDINE BENDER RD,,3494789.20419699,,HOUSTON,Aldine Food Store,29.931822,-10620146.2544977,223377,,HARRIS
Super Store,3804,77039,824870.0,TX,-95.313103,5230 ALDINE MAIL RD,,3491066.93513807,,HOUSTON,Food City,29.90284,-10610206.0918868,223435,,HARRIS
Grocery Store,5104,77081,1252938.0,TX,-95.485245,5920 DASHWOOD DR,,3465991.19720862,,HOUSTON,Renwick Food Market,29.707378,-10629368.851671,223544,,HARRIS
Convenience Store,3011,77038,1308037.0,TX,-95.426331,1315 BLUE BELL RD,,3491250.82693439,,HOUSTON,Max Food Mart,29.904272,-10622810.5751904,223547,,HARRIS
Convenience Store,1299,77047,1131523.0,TX,-95.356003,11022 CULLEN BLVD,,3457301.12038669,,HOUSTON,All Star Corner Store,29.639551,-10614981.6980419,223586,,HARRIS
Convenience Store,4019,77062,1268577.0,TX,-95.134949,903 EL DORADO BLVD,,3447897.72856852,,HOUSTON,Snack Zone,29.566105,-10590374.0793241,223688,,HARRIS
Supermarket,2830,77080,840532.0,TX,-95.52346,3107 BLALOCK RD,,3480781.1627258,,HOUSTON,EL AHORRO SUPERMARKET 4,29.82271,-10633622.9260116,223699,,HARRIS
Grocery Store,2514,77099,1579025.0,TX,-95.587852,9710 S KIRKWOOD RD,,3461605.00393926,,HOUSTON,Ibom Mart LLC ,29.673149,-10640791.0106628,223802,,HARRIS
Convenience Store,6808,77081,1301656.0,TX,-95.488899,6106 BISSONNET ST,,3464669.76153614,,HOUSTON,Tortilleria San Luis 4 Inc,29.697067,-10629775.6130903,223867,,HARRIS
Supermarket,2817,77021,1538217.0,TX,-95.347816,4519 GRIGGS RD,,3465319.24860787,,HOUSTON,Gordon Restaurant Market MP217,29.702135,-10614070.3253707,223917,,HARRIS
Convenience Store,6513,77020,1564710.0,TX,-95.317764,5320 EAST FWY,,3474498.36126622,,HOUSTON,Lockwood Food Mart,29.773733,-10610724.9520334,224098,,HARRIS
Convenience Store,3138,77016,1561207.0,TX,-95.308006,5610 LANGLEY RD,,3486405.15907565,,HOUSTON,Neighborhood Food Store,29.866531,-10609638.6964423,224099,,HARRIS
Other,6348,77070,1565943.0,TX,-95.584038,10900 CYPRESS CREEK PKWY,,3495194.60677631,Ste A,HOUSTON,La Michoacana Supermarket #25,29.934978,-10640366.4381249,224100,,HARRIS
Convenience Store,3856,77338,1292829.0,TX,-95.26329,301 1ST ST E,,3503461.27928609,,HUMBLE,Speedy Express 35,29.999311,-10604660.9340919,224101,,HARRIS
Convenience Store,1918,77026,990204.0,TX,-95.317261,5505 LOCKWOOD DR,,3479174.79629924,,HOUSTON,Star Stop 25,29.81019,-10610668.9583296,224417,,HARRIS
Convenience Store,4313,77099,1582206.0,TX,-95.570198,11200 S WILCREST DR,,3459815.92133497,,HOUSTON,Big Mart #15,29.659184,-10638825.7763723,224533,,HARRIS
Convenience Store,4846,77396,1564885.0,TX,-95.212173,11863 N SAM HOUSTON PKWY E,,3495240.72277651,,HUMBLE,Star Stop 97,29.935337,-10598970.6156811,224645,,HARRIS
Convenience Store,2467,77036,797697.0,TX,-95.548676,5860 RANCHESTER DR,,3466892.09656573,Ste 625,HOUSTON,YOUNG STORE,29.714407,-10636429.9582915,225002,,HARRIS
Convenience Store,1815,77037,1531795.0,TX,-95.382301,801 ALDINE MAIL ROUTE RD,,3491023.53089573,,HOUSTON,Check Fuel #4,29.902502,-10617909.1780107,225098,,HARRIS
Grocery Store,1425,77099,1531867.0,TX,-95.588081,11913 BISSONNET ST,,3461698.66057606,,HOUSTON,Royal Halal Meat Supper Market,29.67388,-10640816.5028262,225124,,HARRIS
Grocery Store,2208,77014,1530819.0,TX,-95.483231,12403 VETERANS MEMORIAL DR,,3499298.55474149,Ste 2,HOUSTON,Fyza Food And Halal Meat,29.966921,-10629144.6542165,225152,,HARRIS
Convenience Store,4651,77039,1531037.0,TX,-95.336807,3635 ALDINE MAIL ROUTE RD,,3491082.08813309,Ste B,HOUSTON,King Express,29.902958,-10612844.8090966,225154,,HARRIS
Convenience Store,    ,77571,1260432.0,TX,-95.018471,3124 OLD HWY 146,,3455634.03655646,,LA PORTE,Jack's Supermart,29.626534,-10577407.8076754,225417,,HARRIS
Grocery Store,5357,77020,1531298.0,TX,-95.300323,6930 LYONS AVE,,3474831.04417164,,HOUSTON,Wadani Garifuna Store & Products,29.776327,-10608783.4287945,225434,,HARRIS
Convenience Store,3143,77076,883996.0,TX,-95.396652,128 E PARKER RD,,3485512.00303544,,HOUSTON,Skywood Food Market,29.859573,-10619506.7240231,225436,,HARRIS
Convenience Store,2331,77083,1282793.0,TX,-95.666573,15831 BELLAIRE BLVD,,3465094.33372867,,HOUSTON,Teloloapan Meat Market 10 Inc. 10,29.70038,-10649554.1922975,225546,,HARRIS
Discount Retail,4306,77090,1531090.0,TX,-95.4468,16620 ELLA BLVD,,3504740.44281043,,HOUSTON,Dollar General 22621,30.009262,-10625089.1738474,225602,,HARRIS
Convenience Store,6002,77041,1532004.0,TX,-95.544846,5700 GESSNER RD,,3484340.39174403,,HOUSTON,Sd All Season Food Store,29.850445,-10636003.6046417,225632,,HARRIS
Convenience Store,4772,77066,1075948.0,TX,-95.498161,12010 BAMMEL NORTH HOUSTON RD,,3497476.71345823,Ste A,HOUSTON,Super Food Store,29.952742,-10630806.6542141,225703,,HARRIS
Convenience Store,2933,77026,1532103.0,TX,-95.316315,4400 LOCKWOOD DR,,3477965.53523595,,HOUSTON,Lockwood Grocery,29.800764,-10610563.6500913,225875,,HARRIS
Supermarket,5817,77057,993763.0,TX,-95.501373,3012 HILLCROFT ST,,3469252.4982442,,HOUSTON,Lmmm Houston 31,29.732821,-10631164.2124185,225968,,HARRIS
Convenience Store,6506,77047,1282300.0,TX,-95.372169,3405 S SAM HOUSTON PKWY E,,3452014.88668206,,HOUSTON,24 Seven 28,29.598269,-10616781.28893,226023,,HARRIS
Convenience Store,2658,77546,1578086.0,TX,-95.163376,2525 W BAY AREA BLVD,,3443295.83109129,Ste K,FRIENDSWOOD,Andy's Food Store 7,29.530142,-10593538.5584888,226284,,HARRIS
Super Store,1201,77061,953657.0,TX,-95.277046,8201 BROADWAY ST,,3461792.44601634,,HOUSTON,El Ahorro Supermarket with Save A Lot #17,29.674612,-10606192.2450073,226390,,HARRIS
Grocery Store,1556,77071,1311168.0,TX,-95.521988,8103 CREEKBEND DR,,3460618.51163308,Ste I,HOUSTON,Veritas African Food Store,29.665449,-10633459.0637212,226444,,HARRIS
Super Store,4502,77036,1031834.0,TX,-95.54641,9280 BELLAIRE BLVD,,3465691.29592104,,HOUSTON,Jusgo Supermarket,29.705038,-10636177.7083253,226514,,HARRIS
Convenience Store,2611,77049,1001724.0,TX,-95.210587,7330 S LAKE HOUSTON PKWY,,3481972.85221579,,HOUSTON,Star Stop 17,29.831997,-10598794.0629687,226530,,HARRIS
Convenience Store,5050,77017,1115261.0,TX,-95.261154,8615 WINKLER DR,,3461335.18438404,,HOUSTON,La Latinos Food Mart,29.671043,-10604423.1556596,226558,,HARRIS
Convenience Store,1148,77047,1067872.0,TX,-95.356133,10600 CULLEN BLVD,,3457897.97776347,,HOUSTON,New Era Food Mart,29.644211,-10614996.1695757,226611,,HARRIS
Convenience Store,2044,77022,1216679.0,TX,-95.376755,101 TIDWELL RD,,3483727.41783003,Ste A,HOUSTON,Tidwell Food Store,29.845669,-10617291.8001148,226614,,HARRIS
Convenience Store,1895,77075,1176079.0,TX,-95.246346,9220 CLEARWOOD DR,,3456888.58768721,,HOUSTON,All In One Food Mart,29.63633,-10602774.73664,226687,,HARRIS
Convenience Store,4641,77016,1183415.0,TX,-95.316879,5101 TIDWELL RD,,3484092.68309367,Ste 200,HOUSTON,V Stop 4,29.848515,-10610626.4342841,226859,,HARRIS
Convenience Store,2318,77075,1185189.0,TX,-95.247887,9418 ALMEDA GENOA RD,,3455704.34249354,,HOUSTON,Quick Stop,29.627083,-10602946.2799753,226953,,HARRIS
Grocery Store,1601,77028,1172992.0,TX,-95.261681,8908 MESA DR,,3483356.51611019,,HOUSTON,La Michoacana Meat Market 66,29.842779,-10604481.8210313,227027,,HARRIS
Convenience Store,5857,77060,1096538.0,TX,-95.385956,14316 SELLERS RD,,3491658.68577015,Ste A,HOUSTON,Judy Food Store 01,29.907448,-10618316.0507496,227060,,HARRIS
Convenience Store,2107,77037,1121793.0,TX,-95.405159,9002 CHESWICK DR,,3489283.37320847,,HOUSTON,K-Stop Food Store,29.88895,-10620453.7189313,227108,,HARRIS
Convenience Store,3515,77396,1532448.0,TX,-95.226929,2920 ATASCOCITA RD,,3500155.40726032,,HUMBLE,Buddy's #9,29.973589,-10600613.2460872,227197,,HARRIS
Convenience Store,6413,77088,1225957.0,TX,-95.487877,8398 N HOUSTON ROSSLYN RD,,3486531.98766198,,HOUSTON,Speedy Express Food Mart,29.867519,-10629661.8445707,227306,,HARRIS
Specialty Store,2071,77038,1196707.0,TX,-95.446953,10176 VETERANS MEMORIAL DR,,3493375.14862137,Ste A,HOUSTON,Pandoro Bakery,29.920813,-10625106.2057295,227312,,HARRIS
Convenience Store,5979,77089,1532244.0,TX,-95.24498,9700 RIVERSTONE RANCH RD,,3450217.53280785,Ste A,HOUSTON,Pak's Food Store,29.584229,-10602622.6742155,227402,,HARRIS
Convenience Store,4734,77065,1244589.0,TX,-95.591423,11415 WEST RD,,3491668.95946037,,HOUSTON,West Rd Chevro,29.907528,-10641188.5325644,227412,,HARRIS
Convenience Store,5516,77020,1532501.0,TX,-95.294472,803 HARBOR ST,,3474586.2123141,,HOUSTON,Harbor Food Store,29.774418,-10608132.0984539,227507,,HARRIS
Convenience Store,    ,77073,1245351.0,TX,-95.418861,125 REMINGTON VALLEY DR,,3500118.65445721,,HOUSTON,Ashley's,29.973303,-10621979.0185942,227560,,HARRIS
Convenience Store,1586,77026,1308590.0,TX,-95.331436,4003 KELLEY ST,,3479602.28567625,Ste A,HOUSTON,Friendly Tommy Grocery,29.813522,-10612246.9121115,227630,,HARRIS
Grocery Store,    ,77090,1299000.0,TX,-95.443398,921 CYPRESS CREEK PKWY,,3505593.2897781,Ste 100,HOUSTON,Cindy's All African Food Market,30.015896,-10624710.4649397,227660,,HARRIS
Convenience Store,4804,77081,1560123.0,TX,-95.493576,6750 HILLCROFT ST,,3465795.74792684,,HOUSTON,Brake Time,29.705853,-10630296.2543488,227695,,HARRIS
Grocery Store,6203,77081,1566471.0,TX,-95.492455,7313 HILLCROFT ST,,3464903.51159341,,HOUSTON,Nuestra Tienda Latina,29.698891,-10630171.4651996,227710,,HARRIS
Convenience Store,1012,77071,1123061.0,TX,-95.52829,10096 S GESSNER RD,,3461171.45048565,,HOUSTON,Metro Food 2,29.669765,-10634160.5991522,227753,,HARRIS
Grocery Store,1506,77015,1265163.0,TX,-95.182877,188 UVALDE RD,,3477667.53518457,,HOUSTON,Tienda Santa Rosa,29.798441,-10595709.3998788,227772,,HARRIS
Convenience Store,5906,77057,1532572.0,TX,-95.495697,6316 RICHMOND AVE,,3469131.35271603,,HOUSTON,Nimer Nuts Llc,29.731876,-10630532.3629887,227777,,HARRIS
Grocery Store,    ,77045,1532367.0,TX,-95.464149,14023 S POST OAK,,3455207.21474585,Suit A,HOUSTON,Estrellas Bakery,29.623201,-10627020.4556932,227800,,HARRIS
Convenience Store,3810,77587,1532415.0,TX,-95.215782,1202 SPENCER HWY,,3460485.14879298,,SOUTH HOUSTON,7-Eleven 41725H,29.664408,-10599372.3677233,227937,,HARRIS
Super Store,5711,77021,1199091.0,TX,-95.364151,7125 SCOTT ST,,3463402.53588788,,HOUSTON,Pyburns Farm Fresh Foods,29.687178,-10615888.7292529,228015,,HARRIS
Convenience Store,6000,77092,1050900.0,TX,-95.483345,11650 HEMPSTEAD RD,,3480238.79910679,,HOUSTON,Hempstead food Mart,29.818483,-10629157.3446385,228034,,HARRIS
Super Store,1746,77450,846688.0,TX,-95.749146,333B S MASON RD,,3475431.15205317,,KATY,Fiesta Mart 66,29.781006,-10658746.1766108,228082,,HARRIS
Convenience Store,1551,77521,1242624.0,TX,-95.016235,4612 W CEDAR BAYOU LYNCHBURG RD,,3475876.34530721,,BAYTOWN,Duckees Food Mart,29.784477,-10577158.897294,228117,,HARRIS
Specialty Store,6402,77083,1280814.0,TX,-95.616928,13227 OLD RICHMOND RD,,3461886.23213936,,HOUSTON,Tai Hung Farm,29.675344,-10644027.7361771,228169,,HARRIS
Other,6229,77450,1237385.0,TX,-95.751282,2133 S MASON RD,,3471242.52497716,,KATY,Keemat 4,29.748343,-10658983.9550431,228210,,HARRIS
Convenience Store,4510,77070,1532673.0,TX,-95.571449,10210 GRANT RD,,3499422.55578399,,HOUSTON,Grant Express,29.967886,-10638965.0370553,228227,,HARRIS
Convenience Store,4202,77055,1532704.0,TX,-95.5252,9414 LONG POINT RD,,3477659.45348876,,HOUSTON,Migente 1 Plus Store,29.798378,-10633816.6219256,228441,,HARRIS
Convenience Store,5430,77063,1533018.0,TX,-95.528854,9430 WESTPARK DR,,3467724.09706404,,HOUSTON,La Petite Market,29.720898,-10634223.383345,228489,,HARRIS
Convenience Store,4351,77562,1533046.0,TX,-95.032738,7914 THOMPSON RD,,3479276.92031762,,HIGHLANDS,Snappy Mart #2,29.810986,-10578996.0028506,228627,,HARRIS
Grocery Store,1106,77055,1533328.0,TX,-95.501205,2309 BINGLE RD,,3479857.34914857,,HOUSTON,Casa Del Pueblo Meat Market #8,29.81551,-10631145.510744,228673,,HARRIS
Convenience Store,3208,77004,1259485.0,TX,-95.358597,3033 ELGIN ST,,3469015.72069434,,HOUSTON,Woodbridge Mini Market,29.730974,-10615270.460801,228677,,HARRIS
Convenience Store,2936,77075,1533393.0,TX,-95.291504,7401 ALMEDA GENOA RD,,3454938.80958094,,HOUSTON,E Z Day Grocery,29.621105,-10607801.7022052,228818,,HARRIS
Convenience Store,4803,77082,1532887.0,TX,-95.625107,13629 ALIEF CLODINE RD,,3466573.33324535,,HOUSTON,Now & Forever Eldridge,29.71192,-10644938.2182923,228968,,HARRIS
Super Store,3001,77078,1305389.0,TX,-95.262482,9541 MESA DR,,3484394.68293253,,HOUSTON,Farmer's Fresh Meat 1,29.850868,-10604570.9879434,229019,,HARRIS
Convenience Store,4639,77089,1156461.0,TX,-95.21611,11402 HUGHES RD,,3452039.46761409,,HOUSTON,Corner Stop,29.598461,-10599408.8805163,229260,,HARRIS
Grocery Store,1521,77003,1132579.0,TX,-95.345306,2440 CANAL ST,,3472376.52414685,,HOUSTON,La Familia Meat Market,29.757187,-10613790.9134489,229343,,HARRIS
Convenience Store,3408,77017,1216924.0,TX,-95.242058,634 ALLEN GENOA RD,,3465215.18493881,,HOUSTON,Smart Stop 2,29.701323,-10602297.3986634,229376,,HARRIS
Convenience Store,1116,77037,1647472.0,TX,-95.405991,11228 AIRLINE DR,,3493169.77740892,,HOUSTON,Variedades La Oriental,29.919214,-10620546.3367476,229740,,HARRIS
Convenience Store,6257,77092,1573086.0,TX,-95.473892,11603 NORTHWEST FWY,,3480860.71645108,,HOUSTON,Star Stop 118,29.82333,-10628105.041492,229783,,HARRIS
Convenience Store,5603,77077,1597694.0,TX,-95.614517,12913 WESTHEIMER RD,,3469571.8407616,,HOUSTON,Los Reyes De Cuba,29.735312,-10643759.3448848,229786,,HARRIS
Convenience Store,1102,77055,1573095.0,TX,-95.497841,8430 HAMMERLY BLVD,,3479288.33875713,,HOUSTON,Star Stop 124,29.811075,-10630771.031977,229823,,HARRIS
Convenience Store,4203,77082,1573094.0,TX,-95.643211,3535 HIGHWAY 6 S,,3467487.8603639,,HOUSTON,Star Stop 125,29.719055,-10646953.5463536,229829,,HARRIS
Convenience Store,4928,77092,1573079.0,TX,-95.48291,12110 NORTHWEST FWY,,3482174.3224583,,HOUSTON,Star Stop 116,29.833567,-10629108.92066,229854,,HARRIS
Grocery Store,5800,77084,1027199.0,TX,-95.719002,2002 FRY RD,,3477375.57111714,,HOUSTON,New Katy Halal Meat And Grocries,29.796165,-10655390.5618803,229891,,HARRIS
Convenience Store,4814,77076,1302443.0,TX,-95.390419,603 E WITCHER LN,,3484345.52565272,,HOUSTON,A J Mart,29.850485,-10618812.869637,229938,,HARRIS
Convenience Store,1414,77055,1282532.0,TX,-95.500099,8532 HAMMERLY BLVD,,3479279.74285228,,HOUSTON,Metro Food Mart 2,29.811008,-10631022.3913872,230164,,HARRIS
Convenience Store,8907,77375,1646567.0,TX,-95.563271,9210 FM 2920 RD,,3513948.14003675,,TOMBALL,Valero Food Mart,30.080862,-10638054.6662596,230196,,HARRIS
Convenience Store,4057,77587,1055431.0,TX,-95.236908,1220 HOUSTON BLVD,,3460412.7670416,,SOUTH HOUSTON,Coco Loco Tropical,29.663843,-10601724.1032858,230277,,HARRIS
Convenience Store,1106,77012,1533647.0,TX,-95.28756,912 1/2 76TH ST,,3469901.44747748,,HOUSTON,Whosnexz,29.737883,-10607362.6581335,230310,,HARRIS
Convenience Store,3456,77064,1602537.0,TX,-95.543015,8055 N SAM HOUSTON PKWY W,,3494464.09500527,Ste A,HOUSTON,Checkout #32,29.929291,-10635799.7786541,230369,,HARRIS
Convenience Store,1314,77038,1533763.0,TX,-95.432991,1111 N SAM HOUSTON PKWY W,,3495475.15905522,,HOUSTON,Swift Ella,29.937162,-10623551.9629991,230550,,HARRIS
Supermarket,2546,77029,838029.0,TX,-95.245674,10341 PALESTINE ST,,3473597.44176481,,HOUSTON,El Ahorro Supermarket 6,29.766708,-10602699.9299421,230653,,HARRIS
Convenience Store,9526,77523,1533800.0,TX,-94.91288,5490 N HIGHWAY 146,,3474943.39393044,,BAYTOWN,Oasis Market Place,29.777203,-10565653.4713231,230672,,HARRIS
Convenience Store,2453,77072,1634193.0,TX,-95.587456,11831 BELLAIRE BLVD,,3465474.961211,,HOUSTON,Bellaire Shell,29.70335,-10640746.9281444,230694,,HARRIS
Convenience Store,1530,77076,1140795.0,TX,-95.397415,203 E LITTLE YORK RD,,3486850.34835104,,HOUSTON,Express Fuel,29.869999,-10619591.6607946,230709,,HARRIS
Convenience Store,6654,77083,1533926.0,TX,-95.622818,13600 BEECHNUT ST,,3463642.28556898,,HOUSTON,Texas Forever Beechnut,29.689049,-10644683.4079779,230748,,HARRIS
Convenience Store,2103,77014,1534081.0,TX,-95.486603,12669 VETERANS MEMORIAL DR,,3499884.77546177,,HOUSTON,Quick Mart,29.971483,-10629520.0235395,230828,,HARRIS
Other,1011,77064,1533493.0,TX,-95.545357,17689 STATE HIGHWAY 249,,3498186.0686794,,HOUSTON,Sangam Supermarket,29.958263,-10636060.4889015,230976,,HARRIS
Convenience Store,8404,77064,1533559.0,TX,-95.52433,8110 FAIRBANKS N HOUSTON RD,,3490486.12666118,,HOUSTON,Fuel Depot #35,29.898317,-10633719.7739686,230996,,HARRIS
Convenience Store,3356,77521,1569576.0,TX,-94.964516,4349 N MAIN ST,,3473859.95228357,,BAYTOWN,Dj Main Food Mart,29.768755,-10571401.5645497,231039,,HARRIS
Super Store,    ,77036,1264708.0,TX,-95.55442,9889 BELLAIRE BLVD,,3465631.44466292,Bldg B,HOUSTON,Gw Supermarket Of Houston,29.704571,-10637069.3774466,231273,,HARRIS
Convenience Store,3301,77503,1208323.0,TX,-95.163223,3401 RED BLUFF RD,,3463621.2704532,,PASADENA,Speedy Mart,29.688885,-10593521.5266067,231298,,HARRIS
Other,5350,77598,1534301.0,TX,-95.118095,17926 HIGHWAY 3,,3444123.62447382,Ste 105,WEBSTER,Vishala Grocery #5,29.536612,-10588497.9006262,231353,,HARRIS
Convenience Store,1206,77067,1534348.0,TX,-95.451653,2116 SPEARS RD,,3499066.87519139,,HOUSTON,Sunrise Mart,29.965118,-10625629.4073362,231365,,HARRIS
Convenience Store,4901,77081,1534362.0,TX,-95.492149,6229 BELLAIRE BLVD,,3465695.26892662,,HOUSTON,Izzi Market #2,29.705069,-10630137.4014354,231366,,HARRIS
Convenience Store,3221,77028,922415.0,TX,-95.284058,6902 N WAYSIDE DR,,3481082.69961674,,HOUSTON,Ks Supermarket,29.82506,-10606972.8172767,231550,,HARRIS
Convenience Store,5842,77084,1253830.0,TX,-95.720345,2850 FRY RD,,3479013.78583596,,HOUSTON,1 Stop no.3,29.808935,-10655540.0639565,231638,,HARRIS
Convenience Store,3211,77009,1564831.0,TX,-95.371704,102 CAVALCADE ST,,3478427.49389209,,HOUSTON,Star Stop 68,29.804365,-10616729.5253668,231668,,HARRIS
Convenience Store,1240,77009,1564719.0,TX,-95.38221,1302 NORTH LOOP,,3479590.610357,,HOUSTON,Star Stop 11,29.813431,-10617899.0479371,231677,,HARRIS
Convenience Store,4622,77006,1564718.0,TX,-95.391609,1010 W ALABAMA ST,,3470041.57455677,,HOUSTON,Star Stop 9,29.738976,-10618945.3398311,231700,,HARRIS
Convenience Store,3569,77379,1564891.0,TX,-95.504501,20424 KUYKENDAHL RD,,3512339.52813691,,SPRING,Star Stop 98,30.068357,-10631512.4197857,231716,,HARRIS
Grocery Store,1415,77023,1292838.0,TX,-95.326736,4953 POLK ST,,3469687.86238764,,HOUSTON,Matamoros Meat Market 2,29.736217,-10611723.7105048,231870,,HARRIS
Grocery Store,6412,77036,1124854.0,TX,-95.555283,9908 BEECHNUT ST,,3463675.47414485,Ste E,HOUSTON,Teloloapan Meat Market #9 ,29.689308,-10637165.4461672,231983,,HARRIS
Convenience Store,3101,77081,1635717.0,TX,-95.49382,6459 HILLCROFT ST,,3466681.63754896,,HOUSTON,Mi Paiz Market,29.712765,-10630323.4163045,232079,,HARRIS
Convenience Store,8800,77041,1649395.0,TX,-95.54493,4310 GESSNER RD,,3482046.25374646,,HOUSTON,BZ Mart-3,29.832569,-10636012.955479,232080,,HARRIS
Convenience Store,1812,77055,1649376.0,TX,-95.475105,7230 LONG POINT RD,,3478273.42030098,,HOUSTON,BZ Mart-2 ,29.803164,-10628240.0720343,232086,,HARRIS
Convenience Store,5601,77070,1641507.0,TX,-95.547394,8015 FM 1960 RD W,,3498371.34780493,,HOUSTON,Zoom Mart #5,29.959705,-10636287.2467043,232099,,HARRIS
Other,2404,77089,1132279.0,TX,-95.22747,10602 FUQUA ST,,3453632.20691797,,HOUSTON,Sunrise Super Stop NO,29.610901,-10600673.4699317,232117,,HARRIS
Convenience Store,2817,77029,977767.0,TX,-95.23365,1601 HOLLAND ST,,3473088.72267787,,HOUSTON,Holland Food Market,29.762741,-10601361.4243848,232121,,HARRIS
Convenience Store,3000,77598,1157054.0,TX,-95.161995,17420 FIFE LN,,3442817.47510143,,WEBSTER,Mary's Food Mart,29.526403,-10593384.826272,232484,,HARRIS
Convenience Store,3616,77093,990235.0,TX,-95.331078,3810 LITTLE YORK RD,,3486891.17097959,,HOUSTON,Star Stop 26,29.870317,-10612207.0597338,232510,,HARRIS
Convenience Store,4427,77011,1535493.0,TX,-95.311111,6503 HARRISBURG BLVD,,3470033.49765712,,HOUSTON,Express Mart,29.738913,-10609984.3434612,233046,,HARRIS
Convenience Store,3758,77067,1535537.0,TX,-95.464569,11232 VETERANS MEMORIAL DR,,3496480.26502756,,HOUSTON,Hondutienda MARKET,29.944986,-10627067.2098793,233072,,HARRIS
Discount Retail,    ,77447,1535589.0,TX,-95.798317,18150 BECKER ROAD,,3508613.68046536,,HOCKLEY,Dollar General 23576,30.039387,-10664219.8672926,233094,,HARRIS
Convenience Store,2806,77025,1625231.0,TX,-95.414352,7901 MAIN ST,,3464270.44833924,,HOUSTON,Brake Time 101022,29.693951,-10621477.0790102,233164,,HARRIS
Convenience Store,4605,77065,1535315.0,TX,-95.585182,8223 JONES RD,,3489939.49991766,Ste 101,JERSEY VILLAGE,Polar Express 4,29.89406,-10640493.7876224,233227,,HARRIS
Grocery Store,    ,77075,818833.0,TX,-95.239159,9855 FUQUA ST,,3453729.64694662,Ste A,HOUSTON,Supermercado Monterrey,29.611662,-10601974.6834596,233243,,HARRIS
Specialty Store,5739,77083,1535367.0,TX,-95.642426,8145 HIGHWAY 6 S,,3463972.76558909,Ste 108B,HOUSTON,Desh 2 Bdesh,29.691628,-10646866.1605533,233247,,HARRIS
Grocery Store,1714,77099,1215128.0,TX,-95.572517,10950 BISSONNET ST,,3461771.43391846,Ste A210,HOUSTON,Tienda Goascoran,29.674448,-10639083.9262715,233324,,HARRIS
Grocery Store,4417,77022,1534945.0,TX,-95.372009,241 E CROSSTIMBERS ST,,3481561.70875333,,HOUSTON,Pulperia La Hondurena 504 #2,29.828793,-10616763.4778115,233664,,HARRIS
Convenience Store,9514,77064,1190049.0,TX,-95.556473,8925 FALLBROOK DR,,3493816.08495083,Ste 200,HOUSTON,Los Burritos Meat Market & Taqueria 2,29.924246,-10637297.9163612,233732,,HARRIS
Convenience Store,1495,77023,1273684.0,TX,-95.320358,5304 POLK ST,,3469443.89768488,,HOUSTON,Fast Stop,29.734314,-10611013.7147925,233813,,HARRIS
Discount Retail,2206,77072,829504.0,TX,-95.603119,12518 BELLAIRE BLVD,,3465514.81881384,,HOUSTON,Family Dollar Store 3777,29.703661,-10642490.5253287,234035,,HARRIS
Convenience Store,1406,77037,1604478.0,TX,-95.399719,10110 AIRLINE DR,,3491077.72201404,,HOUSTON,Airline Foodmart,29.902924,-10619848.1409014,234045,,HARRIS
Supermarket,2305,77093,838230.0,TX,-95.354752,11132 ALDINE WESTFIELD RD,,3488027.45303097,,HOUSTON,EL AHORRO SUPERMARKET 7,29.879168,-10614842.4373589,234086,,HARRIS
Convenience Store,2899,77082,1164882.0,TX,-95.591911,12289 WEST HOUSTON CENTER BLVD,,3469067.12681953,,HOUSTON,All Seasons Food Mart,29.731375,-10641242.8564759,234100,,HARRIS
Convenience Store,1781,77038,1017062.0,TX,-95.449127,10301 VETERANS MEMORIAL DR,,3493720.52390806,,HOUSTON,First Stop,29.923502,-10625348.2143025,234149,,HARRIS
Convenience Store,4717,77026,1200029.0,TX,-95.329544,4101 COLLINGSWORTH ST,,3477046.2856937,,HOUSTON,Mike's Pit Stop Food Store,29.793598,-10612036.295635,234240,,HARRIS
Convenience Store,8947,77373,983262.0,TX,-95.378532,25502 CYPRESSWOOD DR,,3512626.11759648,,SPRING,In Town Food Mart,30.070585,-10617489.6148499,234602,,HARRIS
Convenience Store,5123,77015,1266321.0,TX,-95.177994,1108 FREEPORT ST,,3474640.20573802,,HOUSTON,Magic Stop,29.774839,-10595165.8268052,234710,,HARRIS
Super Store,5808,77077,1056613.0,TX,-95.605515,12584 WESTHEIMER RD,,3469701.57993086,,HOUSTON,Fiesta Mart 79,29.736324,-10642757.2468287,234837,,HARRIS
Convenience Store,1457,77055,1178926.0,TX,-95.500763,2134 BINGLE RD,,3479486.55935474,,HOUSTON,Fuel Depot 16,29.81262,-10631096.3075291,234899,,HARRIS
Convenience Store,1002,77067,1102877.0,TX,-95.477325,12098 VETERANS MEMORIAL DR,,3498550.07660957,,HOUSTON,Goonga 2 Food Mart ,29.961096,-10628487.2013039,235013,,HARRIS
Convenience Store,2824,77099,1298522.0,TX,-95.569069,10606 S WILCREST DR,,3460803.24899039,,HOUSTON,Tx Food,29.666891,-10638700.0966672,235076,,HARRIS
Convenience Store,4200,77015,1266224.0,TX,-95.178139,727 FREEPORT ST,,3475693.5717925,Ste 8,HOUSTON,Victoria Food Mart,29.783052,-10595181.9681314,235122,,HARRIS
Convenience Store,3012,77055,1263285.0,TX,-95.505775,8763 LONG POINT RD,,3478252.12467953,,HOUSTON,La Costena Meat Market 2 Inc.,29.802998,-10631654.240817,235175,,HARRIS
Convenience Store,3117,77039,1283355.0,TX,-95.346466,2501 LAUDER RD,,3492376.83658697,,HOUSTON,Lauder Food Mart,29.91304,-10613920.0440582,235221,,HARRIS
Convenience Store,4816,77040,963633.0,TX,-95.499832,7250 W LITTLE YORK RD,,3486307.08600963,,HOUSTON,Best Stop,29.865767,-10630992.6690832,235223,,HARRIS
Specialty Store,5108,77020,1286766.0,TX,-95.304237,647 GAZIN ST,,3474872.59807749,,HOUSTON,Matamoros Meat Market 1 1,29.776651,-10609219.1332815,235229,,HARRIS
Convenience Store,5552,77449,1229432.0,TX,-95.708839,19410 CLAY RD,,3481875.45467959,Ste A,KATY,Texas Food Supermarket,29.831238,-10654259.2218954,235243,,HARRIS
Convenience Store,5950,77022,1211604.0,TX,-95.361275,6121 IRVINGTON BLVD,,3479729.30357232,,HOUSTON,Irvington Food Mart,29.814512,-10615568.5743973,235350,,HARRIS
Supermarket,4081,77015,994527.0,TX,-95.178246,638 FREEPORT ST,,3475920.46786481,,HOUSTON,La Michoacana Meat Market 56,29.784821,-10595193.8793169,235414,,HARRIS
Grocery Store,2559,77031,1109827.0,TX,-95.554619,10001 W BELLFORT AVE,,3458942.16037109,Ste F,HOUSTON,Super Mercado El Sol Inc,29.652363,-10637091.5300253,235427,,HARRIS
Convenience Store,6102,77536,1654569.0,TX,-95.123566,3614 CENTER ST,,3462265.86791611,,DEER PARK,Brake Time 80,29.678307,-10589106.9295604,235459,,HARRIS
Convenience Store,2014,77081,1004093.0,TX,-95.476616,5410 CHIMNEY ROCK RD,,3467949.95519822,,HOUSTON,Amigo Mart,29.72266,-10628408.2757849,235517,,HARRIS
Convenience Store,4722,77506,1174464.0,TX,-95.200844,1002 1002 PASADENA FWY,,3466540.52170724,,PASADENA,Oscar Food Mart/DBA Checkpoint #4. 101,29.711664,-10597709.4771699,235653,,HARRIS
Convenience Store,2532,77493,1048636.0,TX,-95.811493,5304 E 5TH ST,,3476574.37168233,Ste 101,KATY,Short Stop Market,29.789919,-10665686.6129033,235710,,HARRIS
Supermarket,2713,77081,997161.0,TX,-95.476563,5700 CHIMNEY ROCK RD,,3467533.62047114,,HOUSTON,La Michoacana Meat Market 55,29.719412,-10628402.3758519,235984,,HARRIS
Other,2793,77036,1137454.0,TX,-95.546677,10301 HARWIN DR,,3467227.53074972,Ste 2,HOUSTON,Golden Asian Market,29.717024,-10636207.4306294,235992,,HARRIS
Convenience Store,1067,77012,1278596.0,TX,-95.280144,111 E NAVIGATION BLVD,,3468817.02064622,,HOUSTON,Latino Food Store,29.729424,-10606537.1127898,236041,,HARRIS
Convenience Store,1333,77099,1200065.0,TX,-95.596146,12300 BISSONNET ST,,3462008.20636993,,HOUSTON,Citgo Gas Grocery,29.676296,-10641714.2945194,236042,,HARRIS
Convenience Store,2100,77018,872238.0,TX,-95.415939,4730 BRINKMAN ST,,3482293.92285141,,HOUSTON,LUCKY 7 FOOD MART,29.834499,-10621653.7430421,236098,,HARRIS
Convenience Store,2839,77080,1230070.0,TX,-95.525925,9492 KEMPWOOD DR,,3480695.06562108,,HOUSTON,Kempwood Food Mart,29.822039,-10633897.3285564,236181,,HARRIS
Grocery Store,6669,77532,1218010.0,TX,-95.063354,14045 FM 2100 RD,,3489541.83946027,Ste 170,CROSBY,Campos Guerrero Llc,29.890963,-10582404.1603807,236214,,HARRIS
Convenience Store,5511,77082,1239393.0,TX,-95.605003,3504 S DAIRY ASHFORD RD,,3468069.55137789,,HOUSTON,24 Seven 19,29.723593,-10642700.2512494,236247,,HARRIS
Grocery Store,4618,77016,1293562.0,TX,-95.318733,4902 TIDWELL RD,,3484039.29159732,,HOUSTON,In And Out Tidwell,29.848099,-10610832.82062,236260,,HARRIS
Convenience Store,1924,77015,1128772.0,TX,-95.162582,14710 STERLING GREEN BLVD,,3477848.54084793,,HOUSTON,Stop N Save,29.799852,-10593450.1708131,236477,,HARRIS
Other,6203,77081,1172125.0,TX,-95.492477,7333 HILLCROFT ST,,3464845.97075241,,HOUSTON,Droubi's Bakery & Deli Inc. ,29.698442,-10630173.9142284,236532,,HARRIS
Convenience Store,3511,77530,1586451.0,TX,-95.125137,817 SHELDON RD,,3476497.28164257,,CHANNELVIEW,Woodforest Texaco,29.789318,-10589281.8124804,236542,,HARRIS
Super Store,7418,77036,953696.0,TX,-95.535133,8002 S GESSNER RD,,3463888.57503088,,HOUSTON,La Michoacana Supermarket,29.690971,-10634922.3584277,236556,,HARRIS
Supermarket,1401,77502,978070.0,TX,-95.181931,2211 SOUTHMORE AVE,,3463985.70817425,,PASADENA,El Ahorro Supermarket #23,29.691729,-10595604.0916405,236561,,HARRIS
Convenience Store,1219,77504,1650382.0,TX,-95.172691,4646 SPENCER HWY,,3460560.34937942,,PASADENA,Rally Stop #5,29.664995,-10594575.4995456,236599,,HARRIS
Supermarket,4516,77092,820208.0,TX,-95.505463,12814 HEMPSTEAD RD,,3482258.76124666,,HOUSTON,EL AHORRO 2,29.834225,-10631619.5091358,236639,,HARRIS
Convenience Store,3108,77081,1656781.0,TX,-95.493324,6475 HILLCROFT ST,,3466584.74040125,,HOUSTON,Hillcroft Fuel,29.712009,-10630268.2018371,236666,,HARRIS
Other,2262,77099,1573251.0,TX,-95.613174,13151 BISSONNET ST,,3462530.45363391,Ste 700,HOUSTON,Viet Nam Food Market,29.680372,-10643609.8428087,236685,,HARRIS
Convenience Store,3602,77571,1286259.0,TX,-95.110596,8300 SPENCER HWY,,3460340.51380497,,LA PORTE,Rowdy's Food Mart,29.663279,-10587663.1157648,237004,,HARRIS
Convenience Store,1201,77061,1289055.0,TX,-95.276672,8235 BROADWAY ST,,3461558.11181601,,HOUSTON,Hobby Buzzy Bee,29.672783,-10606150.6115177,237088,,HARRIS
Convenience Store,3105,77065,1647238.0,TX,-95.629433,10803 HUFFMEISTER RD,,3494787.40586185,,HOUSTON,Landmark,29.931808,-10645419.7864095,237124,,HARRIS
Convenience Store,    ,77057,1154253.0,TX,-95.495255,6345 WINDSWEPT LANE,,3468378.60946305,,HOUSTON,Marathon Phillips,29.726004,-10630483.1597738,237142,,HARRIS
Convenience Store,1001,77093,1223654.0,TX,-95.35498,11967 ALDINE WESTFIELD RD,,3489034.54177809,,HOUSTON,Century Gold Market Inc.,29.887012,-10614867.8182028,237156,,HARRIS
Grocery Store,4799,77065,1309782.0,TX,-95.584961,10521 JONES RD,,3494065.90852437,Ste A,HOUSTON,Fahad Grocery & Halal Meat,29.926191,-10640469.1860149,237198,,HARRIS
Grocery Store,1507,77502,1274480.0,TX,-95.234344,1301 ALLEN GENOA RD,,3463807.2041621,,PASADENA,Flamingo 101,29.690336,-10601438.6801114,237221,,HARRIS
Convenience Store,    ,77081,1196918.0,TX,-95.476616,5600 CHIMNEY ROCK,,3467750.75888481,Suite 43,HOUSTON,The Village Store Market ,29.721106,-10628408.2757849,237239,,HARRIS
Grocery Store,1726,77009,1184275.0,TX,-95.381973,2430 AIRLINE DR,,3479073.57115859,,HOUSTON,El Rey Meat Market,29.809401,-10617872.6652178,237260,,HARRIS
Grocery Store,7617,77523,1200771.0,TX,-94.903313,7816 N HIGHWAY 146,,3478696.00457993,,BAYTOWN,Carnicerias Teloloapan 6,29.806458,-10564588.4777547,237348,,HARRIS
Convenience Store,1401,77081,1290480.0,TX,-95.490044,6103 GLENMONT DR,,3467606.68316462,,HOUSTON,Tienda Vecina Neighbor Store,29.719982,-10629903.0739073,237441,,HARRIS
Grocery Store,    ,77084,1055285.0,TX,-95.682373,18174 RIVER SAGE DR,,3484778.0648465,,HOUSTON,Afrimart Foods Logistics,29.853855,-10651313.0402521,237495,,HARRIS
Convenience Store,6137,77073,982584.0,TX,-95.407562,611 E RICHEY RD,,3503133.12143953,,HOUSTON,Richey Road Food Mart,29.996758,-10620721.2196677,237496,,HARRIS
Convenience Store,2904,77036,1100690.0,TX,-95.51989,5803 FONDREN RD,,3467276.87889335,,HOUSTON,Fondwin Shell,29.717409,-10633225.5154295,237569,,HARRIS
Convenience Store,1805,77433,1284630.0,TX,-95.675171,11911 BARKER CYPRESS RD,,3497070.85304699,,CYPRESS,Indigo Mart 1,29.949583,-10650511.3172794,237616,,HARRIS
Convenience Store,3827,77506,1208182.0,TX,-95.180939,2221 RED BLUFF RD,,3464966.81963099,,PASADENA,Checkpoint 5,29.699385,-10595493.6627056,237717,,HARRIS
Convenience Store,4306,77571,1176515.0,TX,-95.065773,10736 SPENCER HWY,,3460516.15136659,,LA PORTE,Breaktime At Fairmont Park,29.66465,-10582673.4422289,238163,,HARRIS
Convenience Store,5858,77338,1245785.0,TX,-95.242935,9241 WILL CLAYTON PKWY,,3500873.13618059,,HUMBLE,Best Stop 8,29.979174,-10602395.0258569,238259,,HARRIS
Convenience Store,1809,77075,984890.0,TX,-95.244087,9202 NATHANIEL ST,,3456928.54681272,,HOUSTON,Sunny's Food Store,29.636642,-10602523.2659102,238322,,HARRIS
Convenience Store,2302,77040,1207987.0,TX,-95.5373,7202 WINDFERN RD,,3487692.6302612,,HOUSTON,First Stop Food Store,29.87656,-10635163.5877642,238335,,HARRIS
Convenience Store,3021,77022,1180288.0,TX,-95.384262,4904 AIRLINE DR,,3482682.88849709,,HOUSTON,Best Handi Plus 14,29.83753,-10618127.4755322,238429,,HARRIS
Convenience Store,5530,77021,1262027.0,TX,-95.370941,7302 TIERWESTER ST,,3463349.23031196,,HOUSTON,Pleasant Food Mart,29.686762,-10616644.5885953,238513,,HARRIS
Convenience Store,3123,77092,1564712.0,TX,-95.488434,6625 PINEMONT DR,,3483128.84680672,,HOUSTON,Star Stop 7,29.841005,-10629723.8495271,238630,,HARRIS
Convenience Store,8523,77092,1564817.0,TX,-95.459061,1751 MANGUM RD,,3478014.28321241,,HOUSTON,Star Stop 65,29.801144,-10626454.062124,238631,,HARRIS
Supermarket,8224,77036,1245252.0,TX,-95.550621,9801 BISSONNET ST,,3461868.16672651,Ste U,HOUSTON,Southwest Farmers Market,29.675203,-10636646.4747011,238697,,HARRIS
Convenience Store,5010,77043,1567034.0,TX,-95.562012,1150 W SAM HOUSTON PKWY N,,3476619.13799109,,HOUSTON,Star Stop 126,29.790268,-10637914.5150207,238778,,HARRIS
Convenience Store,6316,77093,1180277.0,TX,-95.342918,9501 JENSEN DR,,3484093.06812931,,HOUSTON,Best Handi Stop 26,29.848518,-10613525.0825048,238828,,HARRIS
Convenience Store,2978,77032,1661385.0,TX,-95.372406,1104 N SAM HOUSTON PKWY E,,3495572.01781969,,HOUSTON,Ta Aldine,29.937916,-10616807.6716493,238897,,HARRIS
Convenience Store,5006,77502,1261850.0,TX,-95.193054,2302 STRAWBERRY RD,,3462160.93203484,,PASADENA,Strawberry Mini Mart,29.677488,-10596842.2983366,239027,,HARRIS
Convenience Store,5707,77015,1307928.0,TX,-95.205521,12811 EAST FWY,,3474247.89289115,,HOUSTON,Normandy Fuel Stop,29.77178,-10598230.1184283,239036,,HARRIS
Grocery Store,4751,77099,1669269.0,TX,-95.569901,10822 W BELLFORT AVE,,3459355.2711702,,HOUSTON,Panificadora La Michoacana,29.655588,-10638792.7144836,239044,,HARRIS
Convenience Store,2556,77031,978279.0,TX,-95.560638,10310 W BELLFORT ST,,3458993.91058,Ste A,HOUSTON,Bellfort Food Store,29.652767,-10637761.5620403,239338,,HARRIS
Convenience Store,1950,77082,1196220.0,TX,-95.63076,13630 RICHMOND AVE,,3468817.405224,Ste A,HOUSTON,West Wind Mini Market,29.729427,-10645567.5073738,239445,,HARRIS
Convenience Store,2449,77061,1163874.0,TX,-95.262939,7051 MONROE RD,,3460853.59742566,,HOUSTON,V 4 U 1,29.667284,-10604621.8609507,239601,,HARRIS
Specialty Store,5155,77429,1146006.0,TX,-95.622116,13125 LOUETTA RD,,3502933.50585233,,CYPRESS,Papa Murphy's Take N Bake Pizza TX155,29.995205,-10644605.2616953,239610,,HARRIS
Convenience Store,1561,77493,1021245.0,TX,-95.808708,2855 KATY HOCKLEY CUT OFF RD,,3479970.64103976,,KATY,Hockley Citgo Food Mart,29.816393,-10665376.5881214,239831,,HARRIS
Convenience Store,1825,77004,1563267.0,TX,-95.358871,3015 SAUER ST,,3469192.50222095,,HOUSTON,Eddy Lim Food Market,29.732353,-10615300.9623415,240083,,HARRIS
Convenience Store,5614,77015,1567141.0,TX,-95.213036,12602 EAST FWY,,3474018.97445452,,HOUSTON,Star Stop 137,29.769995,-10599066.6844016,240084,,HARRIS
Convenience Store,1906,77029,1567026.0,TX,-95.247932,10230 EAST FWY,,3474414.99951361,,HOUSTON,Star Stop 114,29.773083,-10602951.2893523,240085,,HARRIS
Convenience Store,4005,77065,1567032.0,TX,-95.617104,13250 FM 1960 RD W,,3492848.9476818,,HOUSTON,Star Stop 120,29.916716,-10644047.3284075,240086,,HARRIS
Convenience Store,1908,77029,1567163.0,TX,-95.246765,10302 EAST FWY,,3474394.86452526,,HOUSTON,Star Stop 140,29.772926,-10602821.3795066,240087,,HARRIS
Convenience Store,2908,77032,1564720.0,TX,-95.364265,1450 ALDINE BENDER RD,,3494795.75527715,,HOUSTON,Star Stop 14,29.931873,-10615901.4196748,240142,,HARRIS
Farmers and Markets,4516,77096,1562753.0,TX,-95.508377,10595 FONDREN RD,,3460780.06059145,Lot #2 (MID PLOT),HOUSTON,Grace Farm,29.66671,-10631943.894132,240144,,HARRIS
Convenience Store,3801,77060,1564874.0,TX,-95.406616,105 ALDINE BENDER RD,,3494861.6516231,,HOUSTON,Star Stop 94,29.932386,-10620615.9114294,240147,,HARRIS
Convenience Store,2043,77037,1564792.0,TX,-95.411606,9350 NORTH FWY,,3490427.44374253,,HOUSTON,Star Stop 48,29.89786,-10621171.3956884,240152,,HARRIS
Convenience Store,4611,77049,1564728.0,TX,-95.162247,15505 WALLISVILLE RD,,3479095.76620979,,HOUSTON,Star Stop 31,29.809574,-10593412.8787837,240163,,HARRIS
Convenience Store,5433,77050,1564711.0,TX,-95.30056,6001 MOUNT HOUSTON RD,,3489622.34640809,,HOUSTON,Star Stop 5,29.89159,-10608809.8115138,240196,,HARRIS
Grocery Store,3844,77063,1561004.0,TX,-95.534393,9532 RICHMOND AVE,,3468795.74069402,Ste A,HOUSTON,Latins Good Grocery Store Llc,29.729258,-10634839.9820045,240262,,HARRIS
Grocery Store,2486,77071,801467.0,TX,-95.529266,8621 W AIRPORT BLVD,,3457632.20631391,Ste D,HOUSTON,SUPERMERCADO POPULAR,29.642136,-10634269.2469752,240267,,HARRIS
Convenience Store,4614,77054,1564713.0,TX,-95.394257,8610 ALMEDA RD,,3462397.83977399,,HOUSTON,Star Stop 8,29.679337,-10619240.1138427,240349,,HARRIS
Convenience Store,5013,77040,1564808.0,TX,-95.524773,14101 NORTHWEST FWY,,3485420.22637281,,HOUSTON,Star Stop 61,29.858858,-10633769.088503,240356,,HARRIS
Convenience Store,1041,77087,1564791.0,TX,-95.319931,6141 SOUTH LOOP E,,3464443.19206622,,HOUSTON,Star Stop 47,29.695299,-10610966.18137,240367,,HARRIS
Convenience Store,3543,77530,1564780.0,TX,-95.124077,424 SHELDON RD,,3475164.76174224,,CHANNELVIEW,Star Stop 44,29.778929,-10589163.8138201,240410,,HARRIS
Convenience Store,6928,77090,1564727.0,TX,-95.420219,111 W RANKIN RD,,3499052.22670888,,HOUSTON,Star Stop 29,29.965004,-10622130.1904626,240439,,HARRIS
Convenience Store,4918,77520,1252352.0,TX,-94.964584,2 E FAYLE ST,,3469976.19027667,,BAYTOWN,Mike's,29.738466,-10571409.1342751,240474,,HARRIS
Convenience Store,3629,77023,1567025.0,TX,-95.327911,1202 TELEPHONE RD,,3469098.66284839,,HOUSTON,Star Stop 112,29.731621,-10611854.5109065,240580,,HARRIS
Convenience Store,3601,77093,1564816.0,TX,-95.33091,10801 EASTEX FWY,,3487007.7344214,,HOUSTON,Star Stop 64,29.871225,-10612188.3580594,240655,,HARRIS
Convenience Store,4913,77039,1564818.0,TX,-95.312286,12303 EASTEX FWY,,3491148.22217738,,HOUSTON,Star Stop 67,29.903473,-10610115.1438629,240676,,HARRIS
Grocery Store,2651,77041,1325277.0,TX,-95.611092,13180 FM 529 RD,,3488144.92551784,,HOUSTON,Supermercado Teloloapan 17 17,29.880083,-10643378.0756288,240681,,HARRIS
Convenience Store,1301,77064,1564793.0,TX,-95.546539,8255 MILLS RD,,3497500.7391543,,HOUSTON,Star Stop 49,29.952929,-10636192.0685397,240728,,HARRIS
Convenience Store,3787,77346,1564803.0,TX,-95.164665,13757 WILL CLAYTON PKWY,,3501111.40283203,,HUMBLE,Star Stop 51,29.981028,-10593682.0493125,240764,,HARRIS
Convenience Store,3304,77087,1567142.0,TX,-95.318298,6214 LONG DR,,3464030.1743828,,HOUSTON,Star Stop 139,29.692076,-10610784.3966415,240912,,HARRIS
Grocery Store,2214,77036,1563262.0,TX,-95.501633,5604 HILLCROFT ST,,3467829.46285113,,HOUSTON,Global Halal Supermarket Llc,29.72172,-10631193.1554861,240932,,HARRIS
Convenience Store,3212,77389,1562059.0,TX,-95.506866,24421 GOSLING RD,,3518812.64663117,,SPRING,Krooz-in #9,30.118668,-10631775.6903814,240942,,HARRIS
Convenience Store,2988,77086,1650541.0,TX,-95.493759,9815 BAMMEL NORTH HOUSTON RD,,3493429.47814297,Ste H,HOUSTON,249 Food Mart,29.921236,-10630316.6258156,240945,,HARRIS
Convenience Store,3941,77035,1464764.0,TX,-95.499977,6275 W AIRPORT BLVD,,3457857.11904937,,HOUSTON,24 Seven #4,29.643892,-10631008.8104093,241167,,HARRIS
Convenience Store,1608,77042,1561194.0,TX,-95.572792,1080 WILCREST DR,,3471643.72152288,,HOUSTON,1 Stop Express #20,29.751472,-10639114.5391314,241171,,HARRIS
Convenience Store,1012,77067,1359162.0,TX,-95.463737,2824 SPEARS RD,,3499103.23947939,,HOUSTON,Express Fuel #2,29.965401,-10626974.592063,241174,,HARRIS
Convenience Store,2713,77086,1563112.0,TX,-95.498192,14151 TOMBALL PKWY,,3493657.58758986,,HOUSTON,Kroozin Market,29.923012,-10630810.1051183,241233,,HARRIS
Convenience Store,1240,77009,1560939.0,TX,-95.381561,1330 NORTH LOOP,,3479615.75721167,,HOUSTON,Busy Bee,29.813627,-10617826.8015876,241247,,HARRIS
Convenience Store,2042,77037,1567033.0,TX,-95.412956,9351 NORTH FWY,,3490413.96083426,,HOUSTON,Star Stop 121,29.897755,-10621321.677001,241290,,HARRIS
Convenience Store,8788,77041,1567140.0,TX,-95.546143,10231 CLAY RD,,3481918.95625453,,HOUSTON,Star Stop 127,29.831577,-10636147.9860213,241291,,HARRIS
Convenience Store,5261,77028,1560404.0,TX,-95.284874,5313 N WAYSIDE DR,,3479042.90869437,,HOUSTON,Wayside Super Market,29.809162,-10607063.6539812,241346,,HARRIS
Convenience Store,3501,77060,1567022.0,TX,-95.400352,16271 IMPERIAL VALLEY DR,,3495213.48990948,,HOUSTON,Star Stop 105,29.935125,-10619918.6061391,241354,,HARRIS
Convenience Store,5008,77021,1565749.0,TX,-95.354332,6830 CULLEN BLVD,,3463555.53436733,,HOUSTON,Am Mini Mart,29.688372,-10614795.6831728,241364,,HARRIS
Convenience Store,5757,77045,1567024.0,TX,-95.430939,12805 BUFFALO SPEEDWAY,,3457515.65285173,,HOUSTON,Star Stop 109,29.641226,-10623323.535404,241434,,HARRIS
Convenience Store,6501,77092,1567018.0,TX,-95.473221,11525 NORTHWEST FWY,,3480786.03858509,,HOUSTON,Star Stop 103,29.822748,-10628030.3461137,241440,,HARRIS
Convenience Store,5149,77396,1567023.0,TX,-95.211357,15640 WOODLAND HILLS DR,,3496863.36687094,,HUMBLE,Star Stop 107,29.947968,-10598879.7789766,241576,,HARRIS
Convenience Store,2900,77396,1563432.0,TX,-95.267921,8012 N SAM HOUSTON PKWY E,,3495492.62954733,,HUMBLE,Timewise #880864 880864,29.937298,-10605176.4546538,241698,,HARRIS
Farmers and Markets,1618,77002,1560005.0,TX,-95.36219,301 MILAM ST,,3473074.10387404,,HOUSTON,Market Square Park Farmers Market,29.762627,-10615670.4317314,241869,,HARRIS
Convenience Store,1704,77503,1567164.0,TX,-95.154366,550 E SAM HOUSTON PKWY S,,3465299.51233013,,PASADENA,Star Stop 141,29.701981,-10592535.5698768,241913,,HARRIS
Convenience Store,1440,77049,1566432.0,TX,-95.210999,12520 BEAUMONT HWY,,3481946.93079662,,HOUSTON,Fuelz Pro,29.831795,-10598839.9265989,242018,,HARRIS
Convenience Store,5554,77065,1569557.0,TX,-95.595245,12123 WEST RD,,3491100.19470152,,JERSEY VILLAGE,Charge Up 18,29.903099,-10641613.9956582,242050,,HARRIS
Convenience Store,5609,77082,1565826.0,TX,-95.605492,3884 S DAIRY ASHFORD RD,,3467093.97126878,,HOUSTON,Food Galaxy African Kitchen And Store,29.715982,-10642754.6864804,242110,,HARRIS
Convenience Store,4109,77375,1565203.0,TX,-95.639091,29733 STATE HIGHWAY 249,,3516664.26778028,,TOMBALL,Checkout 73,30.101973,-10646494.9100516,242118,,HARRIS
Convenience Store,2319,77032,1563426.0,TX,-95.332169,15931 JFK BLVD,,3497263.43920659,,HOUSTON,Timewise #880816 880816,29.951082,-10612328.5092983,242149,,HARRIS
Convenience Store,4036,77026,1559855.0,TX,-95.316521,4002 LOCKWOOD DR,,3477534.38027381,,HOUSTON,Lockwood Food Store,29.797403,-10610586.5819064,242152,,HARRIS
Convenience Store,2130,77028,1564357.0,TX,-95.301903,8012 HOMESTEAD RD,,3482379.3890519,,HOUSTON,Homestead Food Mart,29.835165,-10608959.3135899,242153,,HARRIS
Convenience Store,1402,77060,1558289.0,TX,-95.398956,706 GREENS RD,,3497170.8073425,,HOUSTON,Tesco Stop,29.950361,-10619763.2041299,242155,,HARRIS
Supermarket,    ,77449,1568498.0,TX,-95.719398,4107 FRY RD.,,3482324.84974406,,KATY,Joe V's Smart Shop 792,29.83474,-10655434.6443987,242268,,HARRIS
Convenience Store,2708,77015,1368155.0,TX,-95.198006,510 CHARLIE VOIX ST,,3476852.97714992,,HOUSTON,Charlie Food Mart,29.792091,-10597393.552455,242287,,HARRIS
Other,3949,77063,1565715.0,TX,-95.526993,9275 RICHMOND AVE,,3468675.36861522,Ste 184,HOUSTON,La Michoacana Meat Market H89,29.728319,-10634016.2177726,242409,,HARRIS
Convenience Store,3643,77036,1567303.0,TX,-95.545273,6001 RANCHESTER DR,,3466691.1222296,Apt 22,HOUSTON,Town Market,29.712839,-10636051.1380643,242410,,HARRIS
Convenience Store,3641,77072,1567099.0,TX,-95.570435,7911 WILCREST DR,,3463957.51642129,,HOUSTON,On Way,29.691509,-10638852.1590916,242464,,HARRIS
Convenience Store,4318,77029,1563277.0,TX,-95.256271,9709 CLINTON DR,,3469217.50052996,,HOUSTON,Clinton Fuel Express,29.732548,-10603879.5825861,242507,,HARRIS
Convenience Store,3603,77040,1563415.0,TX,-95.525215,7335 FAIRBANKS N HOUSTON RD,,3488477.19233314,,HOUSTON,1st Choice Food Store #1,29.882671,-10633818.291718,242511,,HARRIS
Convenience Store,3607,77065,1564023.0,TX,-95.594467,11595 FM 1960 RD W,,3494137.45272969,,HOUSTON,Corner Market,29.926748,-10641527.3890944,242516,,HARRIS
Convenience Store,3013,77032,1561697.0,TX,-95.356377,1909 ALDINE BENDER RD,,3494790.61717478,,HOUSTON,Ritestop,29.931833,-10615023.3315314,242743,,HARRIS
Super Store,    ,77077,1570872.0,TX,-95.594917,12230 WESTHEIMER RD.,,3469813.62844865,Bldg B. Suite B100,HOUSTON,99 Ranch Market 109,29.737198,-10641577.4828653,242876,,HARRIS
Grocery Store,5494,77084,1564101.0,TX,-95.649536,16215 CLAY RD,,3482298.41430422,Ste 203,HOUSTON,Dong Khanh Market 1,29.834534,-10647657.6421329,242922,,HARRIS
Convenience Store,3822,77020,1385620.0,TX,-95.336395,3301 GREEN ST,,3474234.17049457,,HOUSTON,Green Store,29.771673,-10612798.9454664,242926,,HARRIS
Convenience Store,3325,77520,1289494.0,TX,-94.940971,2110 JAMES BOWIE DR,,3471365.74188717,,BAYTOWN,Bowie Food Mart,29.749304,-10568780.547139,242929,,HARRIS
Grocery Store,7189,77449,1566031.0,TX,-95.754135,3810 N MASON RD,,3481757.26973003,Ste C,KATY,Tinda Filipino Store,29.830317,-10659301.5495504,243110,,HARRIS
Convenience Store,9087,77523,1573048.0,TX,-94.899574,8909 N HIGHWAY 146,,3480828.3816516,,BAYTOWN,Star Stop 45,29.823078,-10564172.2541786,243113,,HARRIS
Convenience Store,4733,77049,1573088.0,TX,-95.142342,16225 WALLISVILLE RD,,3479874.92664709,,HOUSTON,Star Stop 123,29.815647,-10591197.0643195,243174,,HARRIS
Convenience Store,4235,77013,1573035.0,TX,-95.21843,12410 WALLISVILLE RD,,3478182.59343868,,HOUSTON,Star Stop 20,29.802456,-10599667.141735,243198,,HARRIS
Discount Retail,2802,77004,1573436.0,TX,-95.377037,1000 ELGIN ST,,3470304.90990596,,HOUSTON,DOLLARTREE 9644,29.74103,-10617323.1922112,243244,,HARRIS
Supermarket,5647,77532,1568026.0,TX,-95.06913,6500 FM 2100 RD,,3493407.64355572,,CROSBY,Arlan's Market #8 ,29.921066,-10583047.1417595,243491,,HARRIS
Convenience Store,5504,77098,1571808.0,TX,-95.419037,2602 RICHMOND AVE,,3469458.12776376,,HOUSTON,Breaktime Stores 36,29.734425,-10621998.6108245,243512,,HARRIS
Convenience Store,3606,77090,1569371.0,TX,-95.459473,15408 KUYKENDAHL RD,,3503901.92127463,,HOUSTON,Stop N Fly,30.002739,-10626499.9257542,243516,,HARRIS
Convenience Store,7004,77018,1573087.0,TX,-95.44606,2819 W T C JESTER BLVD,,3479644.36823382,,HOUSTON,Star Stop 122,29.81385,-10625006.7974242,243633,,HARRIS
Convenience Store,7339,77018,1573115.0,TX,-95.42981,3003 ELLA BLVD,,3479577.90864813,,HOUSTON,Star Stop 66,29.813332,-10623197.8556988,243669,,HARRIS
Grocery Store,5471,77065,1566651.0,TX,-95.584351,10900 JONES RD,,3494702.75594391,Ste 4,HOUSTON,Mi Bodeguita Cubana,29.931149,-10640401.2811255,243749,,HARRIS
Supermarket,8022,77484,1568261.0,TX,-95.913696,31315 FM 2920 RD,,3510920.1821731,Ste 20,WALLER,Arlan's Market #20,30.057322,-10677063.7988208,243899,,HARRIS
Convenience Store,5629,77388,1565041.0,TX,-95.506981,21939 GOSLING RD,,3514249.94625664,,SPRING,Buzzin Market #3,30.083208,-10631788.4921229,243920,,HARRIS
Convenience Store,0000,77008,1573049.0,TX,-95.39994,202 NORTH LOOP W,,3479608.70069136,,HOUSTON,Star Stop 53,29.813572,-10619872.7425089,243929,,HARRIS
Convenience Store,7406,77027,1570157.0,TX,-95.442024,4910 WESLAYAN ST,,3468648.96125979,,HOUSTON,Intime Weslayan,29.728113,-10624557.5119594,243935,,HARRIS
Convenience Store,1147,77076,1174640.0,TX,-95.376083,432 LITTLE YORK RD,,3486820.95100416,,HOUSTON,Mi Tierra Honduras,29.86977,-10617216.993417,243938,,HARRIS
Convenience Store,1958,77008,1573076.0,TX,-95.409912,2440 N SHEPHERD DR,,3478988.12698464,,HOUSTON,Star Stop 108,29.808735,-10620982.820471,243943,,HARRIS
Grocery Store,1699,77076,1569666.0,TX,-95.391685,525 E LITTLE YORK RD,,3486925.44668331,,HOUSTON,Manzanos Meat Market Llc,29.870584,-10618953.8001124,243951,,HARRIS
Convenience Store,1920,77031,1669267.0,TX,-95.567909,11814 WILCREST DR,,3458679.69778226,,HOUSTON,Honey Farms 880846,29.650314,-10638570.9660579,243991,,HARRIS
Convenience Store,5140,77017,1660663.0,TX,-95.261406,8525 GULF FWY,,3461103.54893155,,HOUSTON,Monroe Shell,29.669235,-10604451.2081713,244012,,HARRIS
Convenience Store,2814,77051,1647112.0,TX,-95.355858,8934 CULLEN BLVD,,3460166.28780822,,HOUSTON,Cullen Food Store,29.661919,-10614965.5567157,244020,,HARRIS
Grocery Store,3303,77083,1646682.0,TX,-95.642227,6921 HIGHWAY 6 S,,3465216.33834925,,HOUSTON,Ruposhi Bangla,29.701332,-10646844.0079747,244038,,HARRIS
Convenience Store,5305,77039,1567479.0,TX,-95.355637,12815 ALDINE WESTFIELD RD,,3490798.16508152,,HOUSTON,Baratos Supermarket,29.900747,-10614940.9551082,244340,,HARRIS
Convenience Store,3920,77034,1569874.0,TX,-95.198456,9900 GALVESTON RD,,3455141.00932721,,HOUSTON,Jack's Grocery # 7,29.622684,-10597443.6462259,244342,,HARRIS
Convenience Store,4429,77011,1563286.0,TX,-95.308456,6649 HARRISBURG BLVD,,3469906.96022484,,HOUSTON,Los Vecinos Dollar Store Y Mas,29.737926,-10609688.7902131,244416,,HARRIS
Convenience Store,5349,77034,1573047.0,TX,-95.199074,14304 GULF FWY,,3451879.564368,,HOUSTON,Star Stop 42,29.597212,-10597512.4416712,244417,,HARRIS
Convenience Store,3619,77034,1569610.0,TX,-95.211845,5104 S SHAVER ST,,3456995.78600525,,HOUSTON,Sj South Shaver Food Mart,29.637167,-10598934.1028881,244418,,HARRIS
Convenience Store,6502,77035,1582225.0,TX,-95.50901,12712 FONDREN RD,,3457102.98521425,,HOUSTON,Rally Stop #2,29.638004,-10632014.3593697,244433,,HARRIS
Convenience Store,3113,77058,1573096.0,TX,-95.101006,1306 NASA PKWY,,3445518.32662566,,HOUSTON,Star Stop 128,29.547512,-10586595.5618481,244484,,HARRIS
Grocery Store,1201,77095,1584173.0,TX,-95.666168,17023 FM 529 RD,,3487927.05663412,,HOUSTON,Hira Halal Meat And Grocers,29.878386,-10649509.1079038,244550,,HARRIS
Convenience Store,3640,77587,1568888.0,TX,-95.224449,601 SPENCER HWY,,3460544.2074789,,SOUTH HOUSTON,Korner Food Mart,29.664869,-10600337.1737501,244712,,HARRIS
Convenience Store,2257,77007,1573097.0,TX,-95.417488,5333 KATY FWY,,3474885.16687796,,HOUSTON,Star Stop 135,29.776749,-10621826.1769333,244716,,HARRIS
Convenience Store,3803,77007,1573078.0,TX,-95.390579,1415 STUDEMONT ST,,3474610.4516141,,HOUSTON,Star Stop 110,29.774607,-10618830.6807555,244721,,HARRIS
Convenience Store,1846,77007,1573056.0,TX,-95.418541,451 T C JESTER BLVD,,3475225.68344923,,HOUSTON,Star Stop 106,29.779404,-10621943.3963571,244731,,HARRIS
Convenience Store,2847,77346,1568451.0,TX,-95.198715,5006 ATASCOCITA RD,,3501738.44835538,,HUMBLE,Humble Express,29.985907,-10597472.477974,244736,,HARRIS
Convenience Store,8087,77375,1565361.0,TX,-95.607513,11931 SPRING CYPRESS RD,,3505149.50398449,,TOM BALL,Handi Stop #37,30.012444,-10642979.6631713,244741,,HARRIS
Convenience Store,3773,77389,1566862.0,TX,-95.507248,5706 ROOT RD,,3516071.22730167,,SPRING,Daves Express,30.097364,-10631818.2144269,244755,,HARRIS
Grocery Store,6802,77433,1566130.0,TX,-95.73719,21211 FM 529 RD,,3487984.82940059,Ste 107,CYPRESS,Noah's African Market,29.878836,-10657415.2407789,244832,,HARRIS
Convenience Store,4502,77035,1565730.0,TX,-95.478455,5560 GASMER DR,,3458812.6576646,,HOUSTON,Gasmer Food Mart,29.651352,-10628612.9923285,244855,,HARRIS
Convenience Store,5268,77035,1566450.0,TX,-95.507782,6690 W AIRPORT BLVD,,3457940.75787245,,HOUSTON,Home Run Food Mart #4,29.644545,-10631877.659035,244864,,HARRIS
Convenience Store,1627,77086,1569579.0,TX,-95.508942,14929 STATE HIGHWAY 249,,3494635.83280921,,HOUSTON,Dj Tomball Food Mart,29.930628,-10632006.7896443,244872,,HARRIS
Convenience Store,4001,77338,1569598.0,TX,-95.308434,7807 FM 1960 BYPASS RD W,,3504179.70836743,,HUMBLE,Sj 1960 Food Mart,30.0049,-10609686.3411843,244877,,HARRIS
Convenience Store,2302,77082,1582115.0,TX,-95.606285,3150 S DAIRY ASHFORD RD,,3468919.70332005,,HOUSTON,Fresh Mart #1,29.730225,-10642842.9628366,244977,,HARRIS
Convenience Store,2023,77075,1590866.0,TX,-95.284988,9637 TELEPHONE RD,,3455557.32796561,,HOUSTON,Audrey Shell #1,29.625935,-10607076.3444032,245097,,HARRIS
Convenience Store,7744,77057,1585195.0,TX,-95.50032,3939 HILLCROFT ST,,3468143.12985867,Ste 110,HOUSTON,Gihon Grocery Llc,29.724167,-10631046.9929947,245201,,HARRIS
Convenience Store,4015,77081,1517902.0,TX,-95.476028,6225 CHIMNEY ROCK RD,,3466729.57370926,,HOUSTON,Breaktime,29.713139,-10628342.8199243,245369,,HARRIS
Grocery Store,7104,77054,1595035.0,TX,-95.39122,8403 ALMEDA RD,,3463124.09357055,Ste B,HOUSTON,Prime Bazaar,29.685005,-10618902.0365491,245378,,HARRIS
Convenience Store,6436,77045,1591141.0,TX,-95.430527,14623 BUFFALO SPEEDWAY,,3454129.65813613,,HOUSTON,Buffalo Food Mart,29.614786,-10623277.6717737,245419,,HARRIS
Convenience Store,7040,77009,1589830.0,TX,-95.352287,2817 HARDY ST,,3476212.5271059,,HOUSTON,Neighborhood Grocery Store,29.787098,-10614568.0348141,245420,,HARRIS
Convenience Store,4523,77028,1589762.0,TX,-95.281296,6303 EASTLAND ST,,3480372.75193465,Ste A,HOUSTON,Eastland Market,29.819527,-10606665.3528432,245421,,HARRIS
Convenience Store,5503,77077,1583495.0,TX,-95.619186,13103 WESTHEIMER RD,,3469562.73855676,,HOUSTON,Speedy Express 48,29.735241,-10644279.0955873,245503,,HARRIS
Convenience Store,1045,77520,1496807.0,TX,-95.056877,7724 DECKER DR,,3476625.03843312,,BAYTOWN,Pit Stop Express #17,29.790314,-10581683.1440388,245707,,HARRIS
Discount Retail,4414,77346,1595162.0,TX,-95.196877,18010 NOBLE FOREST DR,,3500934.30885551,,HUMBLE,DOLLARTREE 9407,29.97965,-10597267.8727499,245713,,HARRIS
Convenience Store,1613,77067,1576150.0,TX,-95.436272,1050 W RANKIN RD,,3499206.93609193,Ste 100,HOUSTON,Coastal Food Mart 1,29.966208,-10623917.2022484,245842,,HARRIS
Discount Retail,1655,77070,1589556.0,TX,-95.581398,21169 TOMBALL PKWY,,3503352.02093797,,HOUSTON,DOLLARTREE 9882,29.998461,-10640072.5546692,245843,,HARRIS
Grocery Store,1836,77048,1589168.0,TX,-95.340057,11404 MARTIN LUTHER KING BLVD,,3456849.26905313,,HOUSTON,Crestmont Park Supermarket,29.636023,-10613206.5974417,246117,,HARRIS
Convenience Store,1721,77051,1588969.0,TX,-95.355576,7401 CULLEN BLVD,,3462470.61706625,,HOUSTON,Cullen Food Mart,29.679905,-10614934.1646193,246265,,HARRIS
Convenience Store,2957,77086,1591182.0,TX,-95.498093,10103 BAMMEL NORTH HOUSTON RD,,3493729.12951033,,HOUSTON,Dee Best Food Mart,29.923569,-10630799.0844887,246266,,HARRIS
Specialty Store,4308,77429,1595065.0,TX,-95.625229,13215 GRANT RD,,3502854.328867,Ste 1800,CYPRESS,Stone Cold Meats,29.994589,-10644951.7992702,246352,,HARRIS
Convenience Store,1338,77031,896812.0,TX,-95.531052,8700 S BRAESWOOD BLVD,,3461459.84390366,,HOUSTON,Texas Food Store,29.672016,-10634468.0635857,246410,,HARRIS
Convenience Store,4301,77032,1621531.0,TX,-95.309669,5413 ALDINE BENDER RD,,3494630.69477112,Ste 900,HOUSTON,La Palma Cuban & Latin Market 1,29.930588,-10609823.8207555,246499,,HARRIS
Specialty Store,    ,77504,1585301.0,TX,-95.206337,2222 SPENCER HIGHWAY,,3460300.92842688,Suite 999,PASADENA,El General Seafood Market LLC,29.66297,-10598320.9551328,246590,,HARRIS
Convenience Store,2317,77032,1179112.0,TX,-95.332481,15811 JOHN F KENNEDY BLVD,,3496861.05435051,,HOUSTON,Airport Shell,29.94795,-10612363.2409794,246592,,HARRIS
Convenience Store,1072,77338,1360717.0,TX,-95.382195,21747 ALDINE WESTFIELD RD,,3507986.81113865,,HUMBLE,Prime Spot #27,30.034512,-10617897.3781447,246630,,HARRIS
Other,5127,77598,1596328.0,TX,-95.123169,544 W NASA PKWY,,3443796.33909092,,WEBSTER,Casa Del Pueblo Meat Market #10 10,29.534054,-10589062.7357225,246645,,HARRIS
Convenience Store,1503,77079,1596189.0,TX,-95.606064,12355 KATY FWY,,3475811.05959169,,HOUSTON,Honey Farms #880834 880834,29.783968,-10642818.3612291,246668,,HARRIS
Grocery Store,4338,77072,1112207.0,TX,-95.570702,8200 WILCREST DR,,3463706.74068068,Ste 16,HOUSTON,Tien Hung 01,29.689552,-10638881.8813957,246669,,HARRIS
Convenience Store,    ,77507,1601007.0,TX,-95.046265,11921 W FAIRMONT PKWY,,3458895.02174772,,LA PORTE,7-Eleven 42227H,29.651995,-10580501.8216025,246686,,HARRIS
Convenience Store,4708,77506,1591167.0,TX,-95.202667,906 HARRIS AVE,,3464777.28090927,,PASADENA,Reliance,29.697906,-10597912.4126016,246731,,HARRIS
Other,3648,77096,1595177.0,TX,-95.509827,9846 FONDREN RD,,3461658.04605488,Ste B,HOUSTON,La Moreliana Meat Market #4 4,29.673563,-10632105.3073937,246916,,HARRIS
Convenience Store,7910,77009,1596924.0,TX,-95.353691,2720 CHAPMAN ST,,3476096.83134623,,HOUSTON,Luzon Grocery Mart,29.786196,-10614724.3273792,247155,,HARRIS
Grocery Store,5211,77063,1596715.0,TX,-95.534485,9892 WESTPARK DR,,3467698.33256858,,HOUSTON,Bestfood International Market,29.720697,-10634850.2233976,247160,,HARRIS
Grocery Store,3948,77063,1599055.0,TX,-95.530197,9357 RICHMOND AVE,,3468622.04119598,,HOUSTON,Kabul Halal Supermarket ,29.727903,-10634372.8854211,247161,,HARRIS
Convenience Store,2972,77009,1599859.0,TX,-95.381676,1836 AIRLINE DR,,3478388.87910478,,HOUSTON,Airline Xpress Mart,29.804064,-10617839.603329,247190,,HARRIS
Convenience Store,2208,77074,1604047.0,TX,-95.497955,6500 SOUTHWEST FWY,,3467452.48291356,,HOUSTON,Now & Forever Southwest Freeway,29.718779,-10630783.722399,247258,,HARRIS
Convenience Store,3626,77088,1606019.0,TX,-95.422272,1406 W GULF BANK RD,,3489214.8092665,,HOUSTON,Charge up 70,29.888416,-10622358.7293772,247290,,HARRIS
Other,3823,77015,1641153.0,TX,-95.186638,13402 HALIFAX ST,,3476068.22823156,Ste A,HOUSTON,La Bodeguita Del Este,29.785973,-10596128.0724837,247325,,HARRIS
Convenience Store,4919,77015,1638168.0,TX,-95.20562,911 NORMANDY ST,,3474501.05450109,,HOUSTON,R&k Bbq,29.773754,-10598241.1390579,247329,,HARRIS
Convenience Store,7820,77088,1600078.0,TX,-95.428162,7700 W MONTGOMERY RD,,3486081.03302006,,HOUSTON,Check N Go,29.864006,-10623014.401178,247363,,HARRIS
Convenience Store,3813,77587,1601091.0,TX,-95.212578,1417 SPENCER HWY,,3460580.84706001,,SOUTH HOUSTON,Sm Food Mart,29.665155,-10599015.7000748,247441,,HARRIS
Convenience Store,1165,77067,1598094.0,TX,-95.476608,12038 VETERANS MEMORIAL DR,,3498321.62283815,,HOUSTON,Revolution #5,29.959318,-10628407.385229,247660,,HARRIS
Grocery Store,1930,77029,1597826.0,TX,-95.233635,11055 EAST FWY,,3474654.18507004,,HOUSTON,Tu Casa,29.774948,-10601359.7545925,247662,,HARRIS
Convenience Store,4838,77070,1603522.0,TX,-95.585739,12531 JONES RD,,3497873.46443077,,HOUSTON,Variedades Miranda,29.95583,-10640555.7925788,247670,,HARRIS
Discount Retail,1717,77429,1602883.0,TX,-95.670708,16155 SPRING CYPRESS RD,,3500722.39048305,,CYPRESS,DOLLARTREE 10297,29.978001,-10650014.498392,247755,,HARRIS
Convenience Store,4760,77520,1598951.0,TX,-94.977089,810 W TEXAS AVE,,3469630.42834689,,BAYTOWN,Lee Food Mart,29.735769,-10572801.1845074,247773,,HARRIS
Convenience Store,3508,77076,1599856.0,TX,-95.3843,6402 AIRLINE DR,,3485316.89818981,,HOUSTON,Stop & Shop,29.858053,-10618131.7056728,247850,,HARRIS
Grocery Store,3014,77055,1599208.0,TX,-95.50296,8700 LONG POINT RD,,3478334.22847483,Ste 103,HOUSTON,La Munecatracha,29.803638,-10631340.8764504,247858,,HARRIS
Convenience Store,2407,77055,1594540.0,TX,-95.483154,1808 WIRT RD,,3478306.90324714,,HOUSTON,Mi Tierra Centroamerica,29.803425,-10629136.0826157,247862,,HARRIS
Convenience Store,1905,77078,1599271.0,TX,-95.26342,10405 MESA DR,,3486030.32889385,,HOUSTON,Pitstop Express #23,29.863611,-10604675.4056258,247874,,HARRIS
Convenience Store,2602,77035,1596431.0,TX,-95.479256,5400 W BELLFORT AVE,,3459727.40246436,,HOUSTON,La Joya Tienda Latina,29.658493,-10628702.1592406,247973,,HARRIS
Grocery Store,1002,77067,1596393.0,TX,-95.476776,12090 VETERANS MEMORIAL DR,,3498498.55208938,,HOUSTON,Al-Huda Grocery & Halal Meat Inc,29.960695,-10628426.0869034,247981,,HARRIS
Grocery Store,5251,77077,1600359.0,TX,-95.646355,2450 HIGHWAY 6 S,,3469946.83156103,Ste A,HOUSTON,El Horno #2,29.738237,-10647303.5348327,248018,,HARRIS
Convenience Store,1450,77396,1605568.0,TX,-95.269844,7839 RANKIN RD,,3499093.0883073,,HUMBLE,Road Trip,29.965322,-10605390.5220346,248024,,HARRIS
Convenience Store,3068,77071,1602994.0,TX,-95.519722,8035 W AIRPORT BLVD,,3457551.25918227,Ste 112,HOUSTON,Stop N Shop,29.641504,-10633206.8137551,248081,,HARRIS
Supermarket,2301,77022,870983.0,TX,-95.361664,8615 IRVINGTON BLVD,,3482743.07592157,,HOUSTON,El Ahorro Supermarket #10,29.837999,-10615611.8776792,248115,,HARRIS
Grocery Store,4227,77035,1606080.0,TX,-95.492027,5829 W AIRPORT BLVD,,3457849.81828964,,HOUSTON,Guerrero Meat Market No 5 Inc.,29.643835,-10630123.8204575,248188,,HARRIS
Convenience Store,8204,77036,1599106.0,TX,-95.55397,9986 BISSONNET ST,,3461903.14446371,,HOUSTON,Check Point,29.675476,-10637019.2836757,248405,,HARRIS
Discount Retail,    ,77338,1607574.0,TX,-95.267097,216 FM 1960,,3503622.59773444,,HUMBLE,DOLLARTREE 10387,30.000566,-10605084.7273934,248417,,HARRIS
Convenience Store,6208,77070,1596122.0,TX,-95.563225,9224 FM 1960 RD W,,3496836.9013843,Suite A,HOUSTON,Neas Market,29.947762,-10638049.545563,248506,,HARRIS
Convenience Store,4012,77040,1603400.0,TX,-95.543671,14632 HEMPSTEAD RD,,3485803.3822519,,HOUSTON,Hempstead Mart,29.861843,-10635872.8042401,248597,,HARRIS
Convenience Store,2350,77061,1605230.0,TX,-95.275566,7880 ROCKHILL ST,,3460585.84337459,Ste B,HOUSTON,Rockhill Super Market,29.665194,-10606027.4921609,248708,,HARRIS
Discount Retail,4702,77076,1609737.0,TX,-95.39135,5550 NORTH FWY,,3483952.65923399,,HOUSTON,DOLLARTREE 10393,29.847424,-10618916.5080829,248713,,HARRIS
Convenience Store,3117,77076,1607039.0,TX,-95.39151,531 E PARKER RD,,3485577.20979107,Ste C,HOUSTON,CJ Express #1,29.860081,-10618934.3192015,248722,,HARRIS
Other,2406,77073,1600026.0,TX,-95.394081,2112 FM 1960 RD,,3506670.55020161,,HOUSTON,Bolingo Food And Lounge ,30.024275,-10619220.5216123,248765,,HARRIS
Convenience Store,3106,77503,1594222.0,TX,-95.166458,3216 PASADENA BLVD,,3462653.71527677,,PASADENA,Nick Food Mart #786,29.681334,-10593881.6451595,248787,,HARRIS
Convenience Store,1567,77037,1604808.0,TX,-95.41153,9404 NORTH FWY,,3490538.38935578,,HOUSTON,Brake Time,29.898724,-10621162.9354071,248790,,HARRIS
Discount Retail,3424,77396,1609299.0,TX,-95.302811,14434 LEE RD,,3494326.91193986,,HUMBLE,Dollar General 25867,29.928223,-10609060.3916876,248813,,HARRIS
Convenience Store,3616,77075,1599891.0,TX,-95.283096,7735 FUQUA ST,,3453783.80906773,,HOUSTON,Xpressway 7001,29.612085,-10606865.7279266,248903,,HARRIS
Discount Retail,5024,77077,1610843.0,TX,-95.586845,1838 S KIRKWOOD RD,,3471213.54801899,,HOUSTON,Dollar General 31123,29.748117,-10640678.9119356,248907,,HARRIS
Convenience Store,2200,77092,1604666.0,TX,-95.479004,6010 W TIDWELL RD,,3484390.83248605,Ste E,HOUSTON,Hondumex Variedades,29.850838,-10628674.1067289,248911,,HARRIS
Convenience Store,3908,77075,1607383.0,TX,-95.248978,9409 FUQUA ST,,3453774.33388121,,HOUSTON,24 Seven,29.612011,-10603067.7295397,248921,,HARRIS
Pharmacy,3708,77339,875375.0,TX,-95.184654,4420 KINGWOOD DR,,3509869.69793281,,KINGWOOD,CVS/ PHARMACY INC 7522,30.049154,-10595907.2146139,248930,,HARRIS
Convenience Store,6408,77090,1465536.0,TX,-95.436813,13550 KUYKENDAHL RD,,3501088.78401601,,HOUSTON,Gas Express,29.980852,-10623977.4260929,248985,,HARRIS
Convenience Store,4720,77023,1405310.0,TX,-95.320274,1910 DISMUKE ST,,3467781.77895737,,HOUSTON,Cd Food Market,29.721348,-10611004.3639553,249156,,HARRIS
Convenience Store,1439,77012,1607220.0,TX,-95.288597,7647 HARRISBURG BLVD,,3469121.86623608,,HOUSTON,Zip In Zip Out,29.731802,-10607478.0964455,249238,,HARRIS
Super Store,3511,77375,1609865.0,TX,-95.622955,27000 TOMBALL PKWY,,3512216.17316996,,TOMBALL,Costco Wholesale 1687,30.067398,-10644698.6587481,249250,,HARRIS
Discount Retail,5537,77081,1611092.0,TX,-95.483727,5800 BELLAIRE BLVD,,3465907.89059444,,HOUSTON,DOLLARTREE 10559,29.706728,-10629199.8686839,249299,,HARRIS
Convenience Store,4409,77091,1607058.0,TX,-95.47377,5747 ANTOINE DR,,3484100.25546333,,HOUSTON,Antoine Chevron,29.848574,-10628091.4605141,249470,,HARRIS
Discount Retail,1999,77099,1609797.0,TX,-95.585899,11873 BISSONNET ST,,3461742.3501566,,HOUSTON,DOLLARTREE 10413,29.674221,-10640573.6036973,249821,,HARRIS
Convenience Store,3433,77520,1647486.0,TX,-94.949577,2215 N ALEXANDER DR,,3470866.59889388,,BAYTOWN,Seafood Paradise,29.745411,-10569738.5626767,249986,,HARRIS
Discount Retail,    ,77521,1654758.0,TX,-94.978729,6616 GARTH RD.,,3477755.40791989,,BAYTOWN,DOLLARTREE 11010,29.799126,-10572983.7484723,249990,,HARRIS
Discount Retail,2501,77049,1612190.0,TX,-95.166733,5809 E SAM HOUSTON PKWY N,,3479137.84710592,,HOUSTON,DOLLARTREE 10590,29.809902,-10593912.2580194,250031,,HARRIS
Convenience Store,2654,77032,1609604.0,TX,-95.31617,15207 VICKERY DR,,3495861.82773788,,HOUSTON,Beltway Express,29.940172,-10610547.5087651,250067,,HARRIS
Convenience Store,3405,77002,1611981.0,TX,-95.361824,625 FANNIN ST,,3472575.15098859,,HOUSTON,Fannin Food Mart,29.758736,-10615629.6887978,250114,,HARRIS
Discount Retail,2760,77086,1612195.0,TX,-95.495575,13749 STATE HIGHWAY 249,,3493228.08759923,,HOUSTON,DOLLARTREE 10591,29.919668,-10630518.7820109,250136,,HARRIS
Convenience Store,1803,77047,1609241.0,TX,-95.35553,11555 CULLEN BLVD,,3456643.32845864,,HOUSTON,Citgo #1 Food Mart,29.634415,-10614929.0439227,250138,,HARRIS
Convenience Store,1450,77072,1603946.0,TX,-95.572075,6198 WILCREST DR,,3466899.14610517,,HOUSTON,La Familia Meat Market And Taqueria ,29.714462,-10639034.7230566,250261,,HARRIS
Convenience Store,1703,77061,1604276.0,TX,-95.281898,7665 BELLFORT ST,,3461558.11181601,,HOUSTON,Home Run Food Mart #3,29.672783,-10606732.3671766,250298,,HARRIS
Convenience Store,4198,77043,1604475.0,TX,-95.554359,10407 SHADOW OAKS DR,,3477003.05718668,,HOUSTON,Lindell's Midget Market,29.793261,-10637062.5869577,250314,,HARRIS
Discount Retail,4243,77023,1612189.0,TX,-95.295731,7061 LAWNDALE ST,,3467381.34376985,,HOUSTON,DOLLARTREE 10589,29.718224,-10608272.2496928,250341,,HARRIS
Convenience Store,4738,77048,1236215.0,TX,-95.340469,12989 MARTIN LUTHER KING BLVD,,3454973.76852523,,HOUSTON,Raza Shell Mart,29.621378,-10613252.4610719,250342,,HARRIS
Convenience Store,3238,77571,1610085.0,TX,-95.028465,904 W BARBOURS CUT BLVD,,3461730.81916787,,LA PORTE,Pats Travel Center 1,29.674131,-10578520.3346664,250453,,HARRIS
Discount Retail,6741,77449,1609788.0,TX,-95.721176,3111 FRY RD,,3479960.37672754,,KATY,DOLLARTREE 10411,29.816313,-10655632.5704533,250605,,HARRIS
Convenience Store,4308,77338,1610633.0,TX,-95.267212,33 W MAIN ST,,3503384.54126613,,HUMBLE,Top Grocery,29.998714,-10605097.5291348,250668,,HARRIS
Other,5005,77017,1604623.0,TX,-95.266403,8400 WINKLER DR,,3461892.89456752,,HOUSTON,Tortilleria Zacatecas 5,29.675396,-10605007.4716668,250683,,HARRIS
Convenience Store,2941,77504,1648404.0,TX,-95.191322,1121 FAIRMONT PKWY,,3458905.01307198,,PASADENA,Rai Sons (oper) LLC,29.652073,-10596649.4929785,250687,,HARRIS
Convenience Store,7825,77449,1657562.0,TX,-95.778496,23206 MORTON RANCH RD,,3480069.05055005,,KATY,Checkout #81,29.81716,-10662013.4036656,250706,,HARRIS
Convenience Store,2712,77087,1611532.0,TX,-95.293823,7000 WOODRIDGE DR,,3465463.4268795,,HOUSTON,Super K C Store,29.70326,-10608059.8521043,250717,,HARRIS
Discount Retail,4400,77433,1612517.0,TX,-95.723381,7010 FRY RD,,3488185.36711519,,CYPRESS,Dollar General 31138,29.880398,-10655878.0299305,250854,,HARRIS
Convenience Store,2056,77022,1612564.0,TX,-95.376923,104 TIDWELL RD,,3483659.39698771,,HOUSTON,Dollar +,29.845139,-10617310.5017893,251011,,HARRIS
Convenience Store,1847,77044,1614162.0,TX,-95.188118,8835 E SAM HOUSTON PKWY N,,3484636.62163999,Ste 100,HOUSTON,Express Fuel #4,29.852753,-10596292.82533,251098,,HARRIS
Convenience Store,3912,77038,1609787.0,TX,-95.418839,1010 W MOUNT HOUSTON RD,,3490518.48584741,,HOUSTON,X711 Llc,29.898569,-10621976.5695654,251134,,HARRIS
Convenience Store,1742,77033,1605953.0,TX,-95.34066,6500 MARTIN LUTHER KING BLVD,,3462957.13357704,,HOUSTON,6500 Street Shell #1,29.683702,-10613273.7230946,251137,,HARRIS
Convenience Store,2332,77042,1330305.0,TX,-95.564827,1515 WALNUT BEND LN,,3470996.99220067,,HOUSTON,First Stop Food Store,29.746428,-10638227.8793873,251213,,HARRIS
Convenience Store,6707,77015,1610078.0,TX,-95.21244,1731 FEDERAL RD,,3472605.66978124,,HOUSTON,Elan #11,29.758974,-10599000.3379851,251313,,HARRIS
Convenience Store,3714,77015,1612580.0,TX,-95.18718,714 UVALDE RD,,3475800.79860569,,HOUSTON,Uvalde Market,29.783888,-10596188.4076477,251321,,HARRIS
Farmers and Markets,3947,77091,1613589.0,TX,-95.428543,6112 WHEATLEY ST,,3484770.49207628,,HOUSTON,Acres Home Chamber Farmers Market NAFMNP,29.853796,-10623056.813904,251366,,HARRIS
Convenience Store,3628,77096,1613652.0,TX,-95.504036,6307 DUMFRIES DR,,3461278.3000708,,HOUSTON,Shop N Carry #1,29.670599,-10631460.6562225,251369,,HARRIS
Other,1602,77074,1614400.0,TX,-95.529694,8363 SOUTHWEST FWY,,3463511.06979774,,HOUSTON,Demessiah African Market Inc.,29.688025,-10634316.8917172,251534,,HARRIS
Convenience Store,1617,77015,1645177.0,TX,-95.177925,3 EVANSTON ST,,3478627.8821296,,HOUSTON,M K Food & Fuel Mart,29.805927,-10595158.1457604,251585,,HARRIS
Convenience Store,3836,77450,1071681.0,TX,-95.751106,875 S MASON RD,,3474029.23401702,,KATY,Mason Road Food Mart,29.770075,-10658964.3628128,251635,,HARRIS
Convenience Store,1103,77047,1649670.0,TX,-95.363091,4110 AIRPORT BLVD,,3458047.96493671,,HOUSTON,A. M. Mini Mart #23,29.645382,-10615770.7305926,251652,,HARRIS
Convenience Store,5013,77028,1613065.0,TX,-95.303001,6900 NORTH LOOP E,,3478777.46975528,,HOUSTON,Express Fuel #14,29.807093,-10609081.5423908,251664,,HARRIS
Convenience Store,4500,77375,1558355.0,TX,-95.627724,110 ELLA ST,,3515241.09427795,,TOMBALL,West Main Market,30.090912,-10645229.5413997,251707,,HARRIS
Convenience Store,3121,77011,1614553.0,TX,-95.326462,91 S LOCKWOOD DR,,3471149.56815241,,HOUSTON,Amigo's Mart,29.747618,-10611693.2089643,251720,,HARRIS
Convenience Store,    ,77086,1611949.0,TX,-95.503258,14610 TOMBALL PKWY BLDG A,,3494227.36522514,,HOUSTON,Liger Food Mart,29.927448,-10631374.0496586,251975,,HARRIS
Convenience Store,4402,77338,1613705.0,TX,-95.273575,18228 HIGHWAY 59 N,,3501276.29007135,,HUMBLE,Mr. Express,29.982311,-10605805.8550548,251980,,HARRIS
Convenience Store,    ,77063,1612849.0,TX,-95.51989,3941 FONDREN RD,,3467868.55864858,,HOUSTON,On My Way,29.722025,-10633225.5154295,252021,,HARRIS
Specialty Store,6123,77039,1197357.0,TX,-95.315437,11919 EASTEX FWY,,3490372.99856197,,HOUSTON,Arandas Bakery #4 ,29.897436,-10610465.9115783,252081,,HARRIS
Convenience Store,2514,77506,1607472.0,TX,-95.197975,1202 RED BLUFF RD,,3466691.1222296,,PASADENA,Checkpoint #26,29.712839,-10597390.1015508,252124,,HARRIS
Convenience Store,4551,77064,1613415.0,TX,-95.564362,11296 PERRY RD,,3494931.78728849,,HOUSTON,Pitstop Express #19,29.932932,-10638176.1158241,252133,,HARRIS
Convenience Store,2404,77038,1615364.0,TX,-95.439888,10040 VETERANS MEMORIAL DR,,3492292.07419876,,HOUSTON,Ritestop 10,29.91238,-10624319.7335271,252147,,HARRIS
Super Store,5047,77072,335795.0,TX,-95.558235,8300 W SAM HOUSTON PKWY S,,3463511.06979774,Ste 100,HOUSTON,VIET HOA INTERNATIONAL FOODS,29.688025,-10637494.061304,252152,,HARRIS
Convenience Store,3504,77079,1603828.0,TX,-95.575195,934 N WILCREST DR,,3475677.53915216,,HOUSTON,Sunny Food Store 01,29.782927,-10639382.0398678,252161,,HARRIS
Convenience Store,2652,77493,1606219.0,TX,-95.78595,24002 FRANZ RD,,3478153.2159612,,KATY,Franz Market,29.802227,-10662843.17915,252239,,HARRIS
Convenience Store,6241,77026,1611548.0,TX,-95.335571,3400 LIBERTY RD,,3475882.50193405,,HOUSTON,Payless Food Mart,29.784525,-10612707.218206,252253,,HARRIS
Convenience Store,4013,77011,1600660.0,TX,-95.331909,4401 HARRISBURG BLVD,,3470748.89987658,,HOUSTON,D J Supermarket,29.744493,-10612299.5662307,252303,,HARRIS
Convenience Store,4702,77004,1456614.0,TX,-95.354271,3401 HOLMAN ST,,3468391.81285647,,HOUSTON,Holman Food Mart,29.726107,-10614788.8926838,252308,,HARRIS
Convenience Store,4331,77077,1605313.0,TX,-95.6436,2243 HIGHWAY 6 S,,3470187.21603074,,HOUSTON,EZ Food Mart,29.740112,-10646996.8496355,252347,,HARRIS
Convenience Store,4844,77009,1607355.0,TX,-95.360657,3800 IRVINGTON BLVD,,3477250.11583818,,HOUSTON,Amigo Food Market,29.795187,-10615499.778952,252360,,HARRIS
Convenience Store,4007,77045,1517542.0,TX,-95.463837,13501 S POST OAK RD,,3456080.72268678,,HOUSTON,Post Oak Corner Store,29.630022,-10626985.7240121,252368,,HARRIS
Convenience Store,4707,77077,1611204.0,TX,-95.609596,12702 WHITTINGTON DR,,3471010.58292627,,HOUSTON,Whittington Food Mart,29.746534,-10643211.5416706,252374,,HARRIS
Convenience Store,3110,77002,1614451.0,TX,-95.362442,914 PRAIRIE ST,,3472847.1298432,,HOUSTON,Downtown Scooters & Convenience Store,29.760857,-10615698.4842431,252409,,HARRIS
Convenience Store,6430,77016,1612431.0,TX,-95.31842,8020 LOCKWOOD DR,,3482224.49802385,,HOUSTON,B & J Valero,29.833958,-10610797.9776194,252425,,HARRIS
Grocery Store,4844,77016,1612155.0,TX,-95.304321,6502 TIDWELL RD,,3484057.38820939,Ste A,HOUSTON,Neighbors Fresh Food Market,29.84824,-10609228.4841187,252433,,HARRIS
Grocery Store,3665,77587,1609920.0,TX,-95.216873,1111 SPENCER HWY,,3460589.68669482,,SOUTH HOUSTON,Panaderia Tierra Caliente 8,29.665224,-10599493.8172878,252477,,HARRIS
Convenience Store,2658,77520,1611106.0,TX,-94.963654,2300 N MAIN ST,,3471261.75750759,,BAYTOWN,Tristar #14 ,29.748493,-10571305.6071486,252683,,HARRIS
Convenience Store,4207,77081,1613005.0,TX,-95.489929,6115 CLAREWOOD DR,,3466168.44984502,,HOUSTON,La Pachanga Market,29.708761,-10629890.2721658,252739,,HARRIS
Convenience Store,2252,77085,1612828.0,TX,-95.495735,7416 S SAM HOUSTON PKWY W,,3454227.87020524,,HOUSTON,Handi Stop #112,29.615553,-10630536.5931294,252741,,HARRIS
Grocery Store,5801,77074,1611304.0,TX,-95.509987,7249 BISSONNET ST,,3463160.2279446,,HOUSTON,Goshen International Store,29.685287,-10632123.1185122,252800,,HARRIS
Grocery Store,2532,77088,1614830.0,TX,-95.480942,8821 ANTOINE DR,,3489979.9471854,Ste B,HOUSTON,La Monarca Meat Market,29.894375,-10628889.8439021,252804,,HARRIS
Convenience Store,2701,77016,1612994.0,TX,-95.301605,10553 HOMESTEAD RD,,3486369.72945207,Ste A,HOUSTON,Ena Food Mart,29.866255,-10608926.1403817,252950,,HARRIS
Convenience Store,3825,77017,1615669.0,TX,-95.249382,8765 HOWARD DR,,3463653.69012788,,HOUSTON,Checkpoint #27,29.689138,-10603112.702614,252960,,HARRIS
Convenience Store,8138,77493,1614594.0,TX,-95.790787,24001 CLAY RD,,3481830.67002654,,KATY,Clay Porter Stores Group Llc,29.830889,-10663381.6315269,253032,,HARRIS
Convenience Store,4909,77091,1614755.0,TX,-95.473755,5301 ANTOINE DR,,3483165.16582135,,HOUSTON,Texas Wodie,29.841288,-10628089.7907218,253110,,HARRIS
Convenience Store,7003,77018,1653528.0,TX,-95.51825,2776 WTC JESTER BLVD,,3466315.20098273,,HOUSTON,Sunny Food Store,29.709906,-10633042.9514646,253168,,HARRIS
Convenience Store,4305,77057,1395367.0,TX,-95.49649,2633 WINROCK BLVD,,3469972.3441529,,HOUSTON,Stop N In,29.738436,-10630620.6393449,253208,,HARRIS
Supermarket,    ,77433,1619295.0,TX,-95.753418,20017 BRIDGELAND CREEK PKWY,,3495639.33123955,,CYPRESS,HEB Food Store 806,29.93844,-10659221.7334755,253212,,HARRIS
Convenience Store,4113,77045,1614890.0,TX,-95.454597,4909 W OREM DR,,3455694.99395888,,HOUSTON,H K  Food Mart,29.62701,-10625957.1319171,253296,,HARRIS
Convenience Store,3015,77028,1618095.0,TX,-95.302391,7525 HOMESTEAD RD,,3481856.59121067,,HOUSTON,Lucky Spot,29.831091,-10609013.6375015,253297,,HARRIS
Convenience Store,3245,77015,1653690.0,TX,-95.15789,3702 E SAM HOUSTON PKWY N,,3475669.2021871,,HOUSTON,Channelview Corner Store,29.782862,-10592927.8597623,253332,,HARRIS
Convenience Store,1404,77037,1614973.0,TX,-95.399879,10028 AIRLINE DR,,3490982.43825761,,HOUSTON,Aldine Mail Food Store,29.902182,-10619865.9520199,253333,,HARRIS
Convenience Store,1001,77037,1612469.0,TX,-95.409149,11703 AIRLINE DR,,3493910.10538352,,HOUSTON,N 1 Airline Food Store,29.924978,-10620897.8836996,253334,,HARRIS
Convenience Store,5567,77034,1618239.0,TX,-95.179993,550 FM 1959 RD,,3451596.24986745,Ste A,HOUSTON,Malia Food Mart,29.594999,-10595388.3544673,253369,,HARRIS
Convenience Store,6403,77084,1614882.0,TX,-95.669533,17102 W LITTLE YORK RD,,3486291.16846242,,HOUSTON,Big Mart #13,29.865643,-10649883.6979903,253377,,HARRIS
Convenience Store,4513,77004,1611966.0,TX,-95.364532,3801 DELANO ST,,3468684.72657457,,HOUSTON,Best Brain Business Solutions,29.728392,-10615931.1419788,253385,,HARRIS
Convenience Store,5308,77025,806039.0,TX,-95.444412,4103 W BELLFORT ST,,3461565.41467645,,HOUSTON,Sunnys Grocery,29.67284,-10624823.3429034,253456,,HARRIS
Convenience Store,5313,77520,1616432.0,TX,-94.955811,1101 N ALEXANDER DR,,3469725.04080972,,BAYTOWN,Alexander Food Mart,29.736507,-10570432.5283823,253546,,HARRIS
Convenience Store,8286,77433,1613615.0,TX,-95.685448,21860 WEST RD,,3497573.20195517,,CYPRESS,Checkout #75,29.953493,-10651655.3476863,253558,,HARRIS
Convenience Store,5441,77026,1608022.0,TX,-95.316437,3525 LOCKWOOD DR,,3476834.24933685,,HOUSTON,Salina Food Store,29.791945,-10610577.2310691,253576,,HARRIS
Convenience Store,2004,77065,872710.0,TX,-95.628059,11302 HUFFMEISTER RD,,3495716.27964808,,HOUSTON,Circle A Food Store ,29.939039,-10645266.8334291,253651,,HARRIS
Convenience Store,2744,77536,788558.0,TX,-95.124184,612 CENTER ST,,3465830.35184575,,DEER PARK,HANDI STOP 74,29.706123,-10589175.7250057,253671,,HARRIS
Convenience Store,2669,77379,1616358.0,TX,-95.522774,21810 KUYKENDAHL RD,,3514337.29900899,,SPRING,Stop N Bye #6,30.083887,-10633546.560841,253779,,HARRIS
Convenience Store,4658,77022,1612738.0,TX,-95.395462,8402 N MAIN ST,,3481005.32585745,,HOUSTON,May Food Store,29.824457,-10619374.2538291,253804,,HARRIS
Convenience Store,5962,77022,1617114.0,TX,-95.360832,6130 IRVINGTON BLVD,,3479743.54505119,,HOUSTON,Amigo Mart,29.814623,-10615519.2598629,253809,,HARRIS
Convenience Store,6036,77015,1615700.0,TX,-95.196602,13020 MARKET STREET RD,,3473716.32104694,,HOUSTON,Ahsan's Food Mart,29.767635,-10597237.2598899,253891,,HARRIS
Convenience Store,2712,77506,1614803.0,TX,-95.189964,1621 RED BLUFF RD,,3465718.20985374,,PASADENA,Primespot #32,29.705248,-10596498.32111,253973,,HARRIS
Grocery Store,3510,77095,1620968.0,TX,-95.628288,14650 FM 529 RD,,3488115.26842764,,HOUSTON,Saigon Asian Market,29.879852,-10645292.3255925,254098,,HARRIS
Convenience Store,2151,77053,1614949.0,TX,-95.464081,15441 S POST OAK RD,,3452486.41345004,,HOUSTON,Ingo Food Mart,29.601952,-10627012.8859678,254241,,HARRIS
Convenience Store,1304,77084,1625224.0,TX,-95.644791,6102 HIGHWAY 6 N,,3486595.40242611,,HOUSTON,Brake Time 101020,29.868013,-10647129.4311491,254315,,HARRIS
Convenience Store,6019,77023,1621409.0,TX,-95.309692,6275 GRIGGS RD,,3465854.06199205,,HOUSTON,Akaal Mart,29.706308,-10609826.3811037,254320,,HARRIS
Convenience Store,    ,77002,1622083.0,TX,-95.384918,4640 MAIN ST,,3469273.90714932,Suite 3-402,HOUSTON,Seema Traders,29.732988,-10618200.5011182,254328,,HARRIS
Convenience Store,5402,77379,1618263.0,TX,-95.532593,17638 STUEBNER AIRLINE RD,,3507512.9826865,,SPRING,A Pluss,30.030827,-10634639.6069211,254340,,HARRIS
Convenience Store,6527,77026,1617037.0,TX,-95.332993,3718 LEE ST,,3475520.67685519,,HOUSTON,Dollar Plus Store,29.781704,-10612420.2365587,254430,,HARRIS
Convenience Store,    ,77026,1619199.0,TX,-95.332382,3814 COLLINGSWORTH ST,,3477066.16829031,,HOUSTON,Collingsworth Food Mart,29.793753,-10612352.2203498,254437,,HARRIS
Discount Retail,    ,77084,1620635.0,TX,-95.647926,4707 HWY. 6,,3483586.37123996,,HOUSTON,DOLLARTREE 10324,29.84457,-10647478.4177527,254444,,HARRIS
Convenience Store,2855,77047,1625593.0,TX,-95.385414,2450 E OREM DR,,3455704.85474221,,HOUSTON,QuikTrip 7940,29.627087,-10618255.7155856,254502,,HARRIS
Supermarket,    ,77449,1620742.0,TX,-95.767662,3451 W GRAND PARKWAY,,3480807.8516625,,KATY,La Michoacana Supermarket #33,29.822918,-10660807.3683023,254537,,HARRIS
Convenience Store,4062,77449,1620423.0,TX,-95.702827,19218 CLAY RD,,3481926.78398722,,KATY,BK Mart,29.831638,-10653589.9691168,254544,,HARRIS
Convenience Store,2821,77084,1617758.0,TX,-95.64637,4607 HIGHWAY 6 N,,3483220.73539628,Ste 100,HOUSTON,Nisa Food Mart,29.841721,-10647305.204625,254585,,HARRIS
Convenience Store,5351,77015,1617270.0,TX,-95.169281,1239 BARBARA MAE ST,,3474238.65912735,,HOUSTON,Jerry's Food Mart,29.771708,-10594195.900082,254639,,HARRIS
Convenience Store,5934,77373,1614702.0,TX,-95.405045,24930 ALDINE WESTFIELD RD,,3512128.57772003,,SPRING,Buzzin Express #3,30.066717,-10620441.0285094,254678,,HARRIS
Convenience Store,5901,77015,1625225.0,TX,-95.186028,13401 EAST FWY,,3474185.94985276,,HOUSTON,Brake Time 101016,29.771297,-10596060.1675943,254765,,HARRIS
Convenience Store,7411,77004,1427873.0,TX,-95.375458,5203 EMANCIPATION AVE,,3467724.99433596,,HOUSTON,Southmore Market,29.720905,-10617147.4187353,254773,,HARRIS
Grocery Store,2509,77090,1621743.0,TX,-95.446396,1020 CYPRESS CREEK PKWY,,3505686.23991777,Ste 9,HOUSTON,Pa Cuba Multiservices,30.016619,-10625044.2007731,254933,,HARRIS
Convenience Store,3809,77090,1623784.0,TX,-95.45034,1314 CYPRESS CREEK PKWY,,3505472.18563344,,HOUSTON,Wow Que Barato,30.014954,-10625483.2448448,254940,,HARRIS
Convenience Store,5486,77546,1619177.0,TX,-95.162102,2932 W BAY AREA BLVD,,3442412.44076678,,FRIENDSWOOD,Checkpoint #25,29.523237,-10593396.7374576,254944,,HARRIS
Convenience Store,3226,77389,1620240.0,TX,-95.506599,25115 GOSLING RD,,3520198.50824903,Ste 101,SPRING,Bazaar Istanbul Spring,30.129436,-10631745.9680774,254948,,HARRIS
Convenience Store,4056,77504,1613450.0,TX,-95.180435,5231 BURKE RD,,3456206.09981327,Ste A,PASADENA,Burke Food Mart,29.631001,-10595437.5576823,255108,,HARRIS
Convenience Store,3579,77379,1620960.0,TX,-95.49057,19006 KUYKENDAHL RD,,3509530.44398515,,SPRING,Country Pines Shell,30.046516,-10629961.6279594,255117,,HARRIS
Convenience Store,1014,77071,1374380.0,TX,-95.527817,10303 S GESSNER RD,,3460861.15611358,,HOUSTON,Thrify Food Store,29.667343,-10634107.945033,255369,,HARRIS
Convenience Store,2276,77071,1658905.0,TX,-95.524139,8330 W BELLFORT AVE,,3459416.11806536,,HOUSTON,Strike 3,29.656063,-10633698.5119459,255385,,HARRIS
Other,1920,77031,1622269.0,TX,-95.567139,11886 WILCREST DR,,3458520.22458745,,HOUSTON,Vishala Grocery 9,29.649069,-10638485.25005,255524,,HARRIS
Convenience Store,3392,77051,1613711.0,TX,-95.35508,9323 CULLEN BLVD,,3459427.39078484,Ste A,HOUSTON,365 Fuel,29.656151,-10614878.9501519,255526,,HARRIS
Convenience Store,1663,77429,1621421.0,TX,-95.67466,16714 HUFFMEISTER RD,,3502946.2307708,,CYPRESS,The Market At Huffmeister,29.995304,-10650454.4330196,255529,,HARRIS
Convenience Store,7077,77433,1621273.0,TX,-95.718674,8102 FRY RD,,3490323.30469608,Ste B,CYPRESS,Imperial Food Mart,29.897049,-10655354.0490874,255530,,HARRIS
Convenience Store,2917,77028,1621038.0,TX,-95.27037,7601 E HOUSTON RD,,3481933.4568123,,HOUSTON,Husky's Mart,29.83169,-10605449.0760868,255746,,HARRIS
Convenience Store,4311,77045,1620652.0,TX,-95.445396,4430 W OREM DR,,3455884.14302618,,HOUSTON,Express Food Mart,29.628487,-10624932.8812824,255766,,HARRIS
Convenience Store,3002,77045,1619242.0,TX,-95.464119,12912 S POST OAK RD,,3457380.27284491,,HOUSTON,Post Oak Express,29.640169,-10627017.1161085,255769,,HARRIS
Convenience Store,6415,77004,1277891.0,TX,-95.354279,4702 SCOTT ST,,3467172.03033641,,HOUSTON,24 Seven #6,29.716591,-10614789.7832397,255956,,HARRIS
Convenience Store,5521,77015,1217398.0,TX,-95.218712,12325 EAST FWY,,3474142.21799105,,HOUSTON,Ice Box 4023,29.770956,-10599698.5338314,255957,,HARRIS
Convenience Store,    ,77521,1619744.0,TX,-94.899689,7730 IH 10 EAST,,3480552.640979,,BAYTOWN,On Route,29.820929,-10564185.05592,256042,,HARRIS
Convenience Store,    ,77093,1620368.0,TX,-95.323265,4703 E MT. HOUSTON RD,,3489565.59345122,,HOUSTON,Lonestar Express #2,29.891148,-10611337.3205523,256150,,HARRIS
Convenience Store,2406,77016,1615745.0,TX,-95.292496,10810 CHEEVES DR,,3487131.87308608,STE 100,HOUSTON,Z Mini Mart,29.872192,-10607912.1311401,256225,,HARRIS
Convenience Store,6504,77536,1617100.0,TX,-95.113312,5034 LUELLA AVE,,3460568.9327792,,DEER PARK,M&m Food Market,29.665062,-10587965.4595018,256228,,HARRIS
Convenience Store,1717,77087,1618251.0,TX,-95.289925,1415 EVERGREEN DR,,3466671.38384801,,HOUSTON,7 Star Food Mart,29.712685,-10607625.9287292,256237,,HARRIS
Convenience Store,2309,77087,1622380.0,TX,-95.30127,7025 SOUTH LOOP E,,3464600.175579,,HOUSTON,Charge up 80,29.696524,-10608888.8483523,256238,,HARRIS
Convenience Store,2204,77028,1618287.0,TX,-95.301682,7702 HOMESTEAD RD,,3482097.71206311,,HOUSTON,Moorish Mini Mart,29.83297,-10608934.7119825,256425,,HARRIS
Convenience Store,5614,77532,1617089.0,TX,-95.069077,5926 FM 2100 RD,,3492560.10506485,,CROSBY,Crosby Stop N Drive,29.914467,-10583041.2418265,256429,,HARRIS
Convenience Store,1703,77014,1617463.0,TX,-95.48941,14455 BAMMEL NORTH HOUSTON RD,,3501833.04121319,,HOUSTON,Lala's Mini Mart & Smoke Shop LLC,29.986643,-10629832.4973501,256430,,HARRIS
Convenience Store,1609,77505,1619351.0,TX,-95.141312,6335 SPENCER HWY,,3460722.15383267,,PASADENA,Big Mart #11,29.666258,-10591082.405244,256667,,HARRIS
Convenience Store,    ,77002,1492011.0,TX,-95.357452,1418 PRESTON STREET,,3472591.9491386,,HOUSTON,Seema Traders #1,29.758867,-10615142.999984,256818,,HARRIS
Discount Retail,3833,77598,1620323.0,TX,-95.143089,1355 W BAY AREA BLVD,,3444244.40741024,,WEBSTER,DOLLARTREE 10271,29.537556,-10591280.2199791,256823,,HARRIS
Convenience Store,2052,77099,1330312.0,TX,-95.578156,11300 BISSONNET ST,,3461884.0540386,,HOUSTON,Elan #1,29.675327,-10639711.6568801,256844,,HARRIS
Convenience Store,3518,77066,1618894.0,TX,-95.49501,13306 BAMMEL NORTH HOUSTON RD,,3499620.57445347,,HOUSTON,2q-2557,29.969427,-10630455.8864986,256853,,HARRIS
Convenience Store,1313,77038,1619522.0,TX,-95.433212,1110 N SAM HOUSTON PKWY W,,3495642.02892217,,HOUSTON,H & J Food Mart Inc.,29.938461,-10623576.5646065,256854,,HARRIS
Convenience Store,2333,77031,1618158.0,TX,-95.540031,11002 S SAM HOUSTON PKWY W,,3458146.20684035,,HOUSTON,Beltway 8 Express,29.646149,-10635467.6012936,256857,,HARRIS
Convenience Store,3918,77530,1113807.0,TX,-95.139832,638 DELL DALE ST,,3475758.98517251,,CHANNELVIEW,Fuel Express #77,29.783562,-10590917.6523976,256920,,HARRIS
Convenience Store,4470,77587,1616958.0,TX,-95.214409,502 S ALLEN GENOA RD,,3460237.13088894,,SOUTH HOUSTON,Nuestra Tienda Latina 2,29.662472,-10599219.5260625,256922,,HARRIS
Convenience Store,1834,77067,1617121.0,TX,-95.473534,11900 VETERANS MEMORIAL DR,,3497891.06668621,,HOUSTON,Happy Food Mart,29.955967,-10628065.1891143,257035,,HARRIS
Convenience Store,4479,77388,1619715.0,TX,-95.470032,3331 SPRING CYPRESS RD,,3511495.87606181,,SPRING,Chevron Food Mart,30.061798,-10627675.3482575,257048,,HARRIS
Convenience Store,7822,77088,1615360.0,TX,-95.429214,7804 W MONTGOMERY RD,,3486179.7461858,,HOUSTON,Winns Food Mart,29.864775,-10623131.5092823,257049,,HARRIS
Grocery Store,4604,77069,1617131.0,TX,-95.501778,4620 FM 1960 RD W,,3501900.13059441,,HOUSTON,K&V Bulgarian Market,29.987165,-10631209.2968123,257089,,HARRIS
Convenience Store,4820,77338,1031426.0,TX,-95.259094,1125 S HOUSTON AVE,,3501585.37906123,,HUMBLE,Get-N-Go,29.984716,-10604193.8375086,257090,,HARRIS
Convenience Store,1020,77028,1623314.0,TX,-95.28524,9309 N WAYSIDE,,3484053.40951944,,HOUSTON,1 Stop Express #23,29.848209,-10607104.3969149,257115,,HARRIS
Convenience Store,7920,77020,1616240.0,TX,-95.315338,990 LOCKWOOD DR,,3473107.06032374,,HOUSTON,Pitstop Express #36,29.762884,-10610454.8909488,257121,,HARRIS
Convenience Store,3805,77505,1628970.0,TX,-95.157898,5499 FAIRMONT PKWY,,3458676.36739818,,PASADENA,Honey Farms 880855,29.650288,-10592928.7503183,257238,,HARRIS
Convenience Store,2437,77450,1628854.0,TX,-95.750069,585 S MASON RD,,3474689.71059694,,KATY,Honey Farms 880832,29.775225,-10658848.9245008,257247,,HARRIS
Convenience Store,4937,77060,1623511.0,TX,-95.405899,110 HARDWICKE RD,,3493254.54561469,,HOUSTON,Kelly's Food Store,29.919874,-10620536.0953545,257277,,HARRIS
Convenience Store,5720,77057,1628865.0,TX,-95.477219,5702 WESTHEIMER RD,,3469986.70302085,,HOUSTON,Honey Farms 880840,29.738548,-10628475.4014379,257280,,HARRIS
Convenience Store,6600,77080,1623813.0,TX,-95.508568,8790 HAMMERLY BLVD,,3479352.23088711,,HOUSTON,Swift Hollister,29.811573,-10631965.1561547,257320,,HARRIS
Convenience Store,7017,77019,1628960.0,TX,-95.410431,2525 S SHEPHERD DR,,3470569.91737958,,HOUSTON,Honey Farms 880849,29.743097,-10621040.5952868,257321,,HARRIS
Convenience Store,    ,77598,1628975.0,TX,-95.157875,13902 GALVESTON RD,,3449590.31005007,,WEBSTER,Honey Farms 880858,29.579329,-10592926.18997,257323,,HARRIS
Convenience Store,4563,77069,1624166.0,TX,-95.50573,5033 FM 1960 RD W,,3501392.4706681,Ste 100,HOUSTON,Willowbrook Food Store,29.983215,-10631649.2314399,257357,,HARRIS
Convenience Store,3128,77346,1628580.0,TX,-95.16288,7435 FM 1960 RD E,,3503416.16190185,,HUMBLE,Honey Farms 880812,29.99896,-10593483.3440214,257394,,HARRIS
Other,0104,77083,1593949.0,TX,-95.616371,13242 RUSTIC GARDEN DR,,3464032.86542629,,HOUSTON,Just Kelly's Meat & Food Delivery,29.692097,-10643965.7312207,257443,,HARRIS
Convenience Store,2171,77099,1621369.0,TX,-95.562355,10445 BISSONNET ST,,3461718.39133602,,HOUSTON,Andy's,29.674034,-10637952.697606,257473,,HARRIS
Convenience Store,2421,77429,1628742.0,TX,-95.611877,12360 GRANT RD,,3501671.48834589,,CYPRESS,Honey Farms 880827,29.985386,-10643465.4614291,257632,,HARRIS
Convenience Store,5710,77070,1628738.0,TX,-95.547264,17906 TOMBALL PKWY,,3498650.29946371,,HOUSTON,Honey Farms 880824,29.961876,-10636272.7751705,257636,,HARRIS
Convenience Store,3112,77070,1628739.0,TX,-95.566788,19712 STATE HIGHWAY 249,,3501211.90282884,,HOUSTON,Honey Farms 880825,29.98181,-10638446.1769087,257637,,HARRIS
Convenience Store,5411,77084,1628745.0,TX,-95.646072,4255 HIGHWAY 6 N,,3482430.84870567,,HOUSTON,Honey Farms 880829,29.835566,-10647272.0314168,257639,,HARRIS
Convenience Store,3327,77086,1628729.0,TX,-95.480949,12610 TOMBALL PKWY,,3492227.21850833,,HOUSTON,Honey Farms 880819,29.911875,-10628890.6231385,257739,,HARRIS
Convenience Store,3951,77072,1649164.0,TX,-95.603714,12680 BEECHNUT ST,,3463705.07483874,,HOUSTON,Quick Stuff #7774,29.689539,-10642556.7604258,257925,,HARRIS
Convenience Store,3916,77033,1623912.0,TX,-95.344223,5202 REED RD,,3459720.10064544,,HOUSTON,Reed Food Mart,29.658436,-10613670.3544403,258042,,HARRIS
Convenience Store,1303,77018,1621366.0,TX,-95.428375,1295 PINEMONT DR,,3483061.34248047,,HOUSTON,Swift Pinemont,29.840479,-10623038.1122296,258043,,HARRIS
Convenience Store,3506,77042,1628862.0,TX,-95.558945,10410 WESTHEIMER RD,,3469858.88401926,,HOUSTON,Honey Farms 880837,29.737551,-10637573.0981424,258106,,HARRIS
Convenience Store,    ,77373,1622367.0,TX,-95.367409,24606 CYPRESSWOOD DR,,3511899.23742173,,HOUSTON,Toprock,30.064934,-10616251.4081539,258136,,HARRIS
Convenience Store,2901,77373,1628573.0,TX,-95.435181,21334 NORTH FWY,,3512925.70566649,,SPRING,Honey Farms 880808,30.072914,-10623795.7526839,258137,,HARRIS
Pharmacy,7502,77571,1628233.0,TX,-95.087471,3122 UNDERWOOD RD,,3460396.62532594,,LA PORTE,CVS Pharmacy 11209,29.663717,-10585088.8525402,258159,,HARRIS
Convenience Store,1601,77338,1628581.0,TX,-95.308624,7704 FM 1960 BYPASS RD W,,3504040.23560949,,HUMBLE,Honey Farms 880813,30.003815,-10609707.4918876,258204,,HARRIS
Convenience Store,2801,77061,1625501.0,TX,-95.288239,6915 TELEPHONE RD,,3459643.36774592,Ste A,HOUSTON,Takeoff,29.657837,-10607438.2440678,258208,,HARRIS
Convenience Store,4701,77076,1628866.0,TX,-95.392738,5402 NORTH FWY,,3483822.13424578,,HOUSTON,Honey Farms 880841,29.846407,-10619071.0195362,258213,,HARRIS
Convenience Store,3113,77562,1624495.0,TX,-95.036377,1511 E WALLISVILLE RD,,3480332.07837063,,HIGHLANDS,Kroozin Highlands,29.81921,-10579401.0944776,258279,,HARRIS
Convenience Store,    ,77447,1624710.0,TX,-95.773605,22550 FM 2920 RD,,3512713.20193756,,HOCKLEY,Always Market #3,30.071262,-10661468.9400361,258282,,HARRIS
Convenience Store,3307,77096,1649385.0,TX,-95.479057,5330 N BRAESWOOD BLVD,,3462193.73241383,,HOUSTON,BZ Mart-3,29.677744,-10628680.0066619,258311,,HARRIS
Grocery Store,4031,77063,1626031.0,TX,-95.527206,9222 RICHMOND AVE,,3468815.48233524,,HOUSTON,Afghan Dubai,29.729412,-10634039.9288241,258341,,HARRIS
Convenience Store,2108,77079,1628857.0,TX,-95.575264,11035 KATY FWY,,3475787.07454972,,HOUSTON,Honey Farms 880835,29.783781,-10639389.7209127,258383,,HARRIS
Convenience Store,4003,77079,1628753.0,TX,-95.643654,745 HIGHWAY 6 S,,3474774.99791283,,HOUSTON,Honey Farms 880831,29.77589,-10647002.860888,258384,,HARRIS
Convenience Store,3454,77520,1472805.0,TX,-94.95034,2110 N ALEXANDER DR,,3470643.51016767,,BAYTOWN,Tejano Mart,29.743671,-10569823.4994482,258387,,HARRIS
Convenience Store,1752,77037,1621412.0,TX,-95.387123,677 ALDINE MAIL ROUTE RD,,3490996.82066594,,HOUSTON,Quick Food Store,29.902294,-10618445.9605954,258423,,HARRIS
Convenience Store,1123,77037,1628726.0,TX,-95.413635,10303 NORTH FWY,,3492730.27611501,,HOUSTON,Honey Farms 880818,29.915792,-10621397.2629353,258511,,HARRIS
Convenience Store,6315,77064,1628734.0,TX,-95.555946,10955 W SAM HOUSTON PKWY N,,3493692.78051328,,HOUSTON,Honey Farms 88021,29.923286,-10637239.2509895,258514,,HARRIS
Convenience Store,4508,77098,1628867.0,TX,-95.427811,3140 SOUTHWEST FWY,,3468974.44210914,,HOUSTON,Honey Farms 880842,29.730652,-10622975.3280367,258518,,HARRIS
Convenience Store,4102,77067,1218040.0,TX,-95.444374,1418 GEARS RD,,3496676.05407172,,HOUSTON,Chevron Food Mart,29.94651,-10624819.1127628,258523,,HARRIS
Convenience Store,4800,77571,1660656.0,TX,-95.028358,105 HIGHWAY 146 S,,3460560.09315862,,LA PORTE,Port Shamrock,29.664993,-10578508.4234809,258612,,HARRIS
Convenience Store,1920,77031,1628872.0,TX,-95.567909,11814 WILCREST DR,,3458679.69778226,,HOUSTON,Honey Farms 880846,29.650314,-10638570.9660579,258648,,HARRIS
Convenience Store,1206,77038,1628730.0,TX,-95.460457,2780 N SAM HOUSTON PKWY W,,3495676.84192506,,HOUSTON,Honey Farms 880820,29.938732,-10626609.4641332,258651,,HARRIS
Convenience Store,1406,77074,1628871.0,TX,-95.540581,9322 BISSONNET ST,,3462018.20010808,,HOUSTON,Honey Farms 880845,29.676374,-10635528.8270135,258655,,HARRIS
Convenience Store,3601,77503,1306877.0,TX,-95.153816,3821 RED BLUFF RD,,3462974.81611394,,PASADENA,Checkpoint #2,29.68384,-10592474.3441568,258678,,HARRIS
Farmers and Markets,6523,77022,1618403.0,TX,-95.383018,3201 AIRLINE DR,,3479844.90378098,,HOUSTON,Beauty's Community Garden NAFMNP,29.815413,-10617988.9940856,258686,,HARRIS
Convenience Store,1002,77040,1628735.0,TX,-95.584,17438 HIGHWAY 290,,3489494.97360743,,JERSEY VILLAGE,Honey Farms 880822,29.890598,-10640362.2079843,258690,,HARRIS
Convenience Store,1765,77346,1623720.0,TX,-95.152977,8010 FM 1960 RD E,,3503922.7454559,,HUMBLE,Mirha Food Mart,30.002901,-10592380.9471041,258742,,HARRIS
Convenience Store,1744,77339,1628575.0,TX,-95.211853,2279 NORTHPARK DR,,3512430.08353459,,KINGWOOD,Honey Farms 880810,30.069061,-10598934.993444,258770,,HARRIS
Convenience Store,1648,77021,1615645.0,TX,-95.34919,4303 OLD SPANISH TRL,,3465594.02174786,,HOUSTON,Sunny's Old Spanish Trail,29.704279,-10614223.2783511,258816,,HARRIS
Convenience Store,3906,77065,1628737.0,TX,-95.627739,20600 NORTHWEST FWY,,3493827.51635996,,JERSEY VILLAGE,Honey Farms 880823,29.924335,-10645231.2111921,258859,,HARRIS
Convenience Store,2003,77061,1347375.0,TX,-95.28875,6721 TELEPHONE RD,,3460665.01600273,,HOUSTON,Speedy Mart & More,29.665812,-10607495.1283275,258882,,HARRIS
Convenience Store,3925,77076,1623360.0,TX,-95.403351,6001 YALE ST,,3484589.1319843,,HOUSTON,Neighbourhood Market,29.852383,-10620252.4532919,258883,,HARRIS
Convenience Store,2721,77076,1382005.0,TX,-95.364479,11111 W HARDY RD,,3486140.0811162,,HOUSTON,West Hardy Express,29.864466,-10615925.2420458,258884,,HARRIS
Convenience Store,6551,77379,1619132.0,TX,-95.554939,9440 LOUETTA RD,,3504165.95384332,,SPRING,Mc Food Store 01,30.004793,-10637127.1522623,258951,,HARRIS
Convenience Store,3507,77003,1627158.0,TX,-95.35537,904 ST EMANUEL ST,,3471710.7811635,,HOUSTON,Super K Food Mart,29.751995,-10614911.2328042,258954,,HARRIS
Convenience Store,1859,77034,1618826.0,TX,-95.239738,1069 EDGEBROOK DR,,3457759.90400869,,HOUSTON,Edgebrook Express,29.643133,-10602039.1374448,258993,,HARRIS
Convenience Store,5316,77020,1628965.0,TX,-95.301468,738 LATHROP ST,,3474674.96172005,,HOUSTON,Honey Farms 880851,29.77511,-10608910.8896115,258994,,HARRIS
Convenience Store,5333,77023,1643125.0,TX,-95.315987,2402 S WAYSIDE DR,,3466919.26935717,,HOUSTON,Pitstop Express #47,29.714619,-10610527.1372983,259152,,HARRIS
Convenience Store,1607,77029,1375905.0,TX,-95.283623,8101 EAST FWY,,3475138.34104968,,HOUSTON,Mccarthy Shell,29.778723,-10606924.3932982,259357,,HARRIS
Convenience Store,2636,77345,1628579.0,TX,-95.183617,4502 KINGWOOD DR,,3509945.57476785,,KINGWOOD,Honey Farms 880811,30.049744,-10595791.776302,259495,,HARRIS
Convenience Store,1268,77072,1386434.0,TX,-95.588737,4264 S KIRKWOOD RD,,3466479.38480667,,HOUSTON,Super Quick,29.711187,-10640889.5284121,259529,,HARRIS
Convenience Store,9673,77571,1647254.0,TX,-95.087013,2427 UNDERWOOD RD,,3461173.75658245,,LA PORTE,Checkpoint #24,29.669783,-10585037.8682134,259558,,HARRIS
Convenience Store,7002,77080,1648094.0,TX,-95.544357,1624 GESSNER RD,,3477945.00982758,,HOUSTON,Kare Market #8,29.800604,-10635949.1694107,259648,,HARRIS
Convenience Store,4402,77060,1649359.0,TX,-95.395737,390 ALDINE BENDER RD,,3494751.95302071,,HOUSTON,1 Stop #14,29.931532,-10619404.866689,259854,,HARRIS
Convenience Store,4645,77075,1645397.0,TX,-95.285469,7805 S SAM HOUSTON PKWY E,,3452357.87172793,,HOUSTON,Pitstop Express #43,29.600948,-10607129.8890783,259857,,HARRIS
Convenience Store,4921,77587,1620694.0,TX,-95.2332,2301 MAIN ST,,3458996.34438206,,SOUTH HOUSTON,Jack's Drive In Grocery,29.652786,-10601311.330614,259912,,HARRIS
Other,5203,77586,1636092.0,TX,-95.058937,537 KIRBY RD,,3448725.04862692,,PASADENA,Bay Area Meat Market & Deli,29.572569,-10581912.4621899,260156,,HARRIS
Grocery Store,5303,77598,1635972.0,TX,-95.110229,803 E NASA PRWY,,3445163.75093325,Ste 112,WEBSTER,El Super Meat Market And Taqueria,29.544741,-10587622.2615116,260159,,HARRIS
Convenience Store,4241,77078,1638389.0,TX,-95.254013,8302 SULTAN DR,,3482487.31340135,,HOUSTON,Sultan Food Mart,29.836006,-10603628.2231759,260185,,HARRIS
Convenience Store,3122,77012,1650877.0,TX,-95.288101,1801 CORAL ST,,3466318.27700702,,HOUSTON,Star Grocery Mart,29.70993,-10607422.881978,260271,,HARRIS
Convenience Store,    ,77449,1156905.0,TX,-95.706238,19310 WEST LITTLE YORK RD,,3486234.04516957,,KATY,Don Chepe Meat Market Inc,29.865198,-10653969.6798998,260279,,HARRIS
Convenience Store,3102,77015,1633573.0,TX,-95.170235,502 BARBARA MAE ST,,3476321.16919524,,HOUSTON,Sam's 7 Days Food Store,29.787945,-10594302.0988762,260452,,HARRIS
Convenience Store,7078,77429,1158856.0,TX,-95.658272,17501 TELGE RD,,3506944.66894654,,CYPRESS,Telge Express,30.026407,-10648630.1292045,260454,,HARRIS
Convenience Store,    ,77081,1632499.0,TX,-95.48201,5720 BELLAIRE BOULEVARD,,3465832.40245127,K,HOUSTON,Tienda Rio Lempa 4,29.706139,-10629008.7331183,260568,,HARRIS
Convenience Store,1448,77087,1633813.0,TX,-95.303108,4368 TELEPHONE RD,,3465089.72013125,,HOUSTON,Amigo Food Mart,29.700344,-10609093.4535764,260600,,HARRIS
Convenience Store,4604,77079,1634446.0,TX,-95.602379,945 TULLY RD,,3475390.49414717,,HOUSTON,Tully Food Mart,29.780689,-10642408.1489056,260699,,HARRIS
Convenience Store,4593,77396,1416435.0,TX,-95.286156,14925 OLD HUMBLE RD,,3495644.98352759,Ste A,HUMBLE,Hammar Usa Llc,29.938484,-10607206.3655684,260749,,HARRIS
Grocery Store,1114,77040,1411825.0,TX,-95.581276,17342 NORTHWEST FWY,,3489250.88874824,,JERSEY VILLAGE,Fuel Time,29.888697,-10640058.9736913,260806,,HARRIS
Convenience Store,1108,77091,1634438.0,TX,-95.482841,6310 W LITTLE YORK RD,,3486323.00357663,,HOUSTON,Home Run Food Mart #5,29.865891,-10629101.2396151,260880,,HARRIS
Convenience Store,4544,77095,1423917.0,TX,-95.621078,14512 WEST RD,,3490701.72770373,,HOUSTON,Country Mart,29.899996,-10644489.7120639,260911,,HARRIS
Convenience Store,5561,77449,1640401.0,TX,-95.710144,19533 CLAY RD,,3481851.71494431,,KATY,Kroozin Market,29.831053,-10654404.4938309,260916,,HARRIS
Convenience Store,5204,77587,1621751.0,TX,-95.208549,3600 1/2 S SHAVER ST,,3459281.99907972,,SOUTH HOUSTON,Shaver Food Store,29.655016,-10598567.1938464,261013,,HARRIS
Convenience Store,3702,77043,1625516.0,TX,-95.576942,1621 UPLAND DR,,3477426.75414448,Ste D,HOUSTON,Latin American Mart,29.796564,-10639576.5150182,261157,,HARRIS
Grocery Store,2557,77041,1625045.0,TX,-95.609558,13150 FM 529 RD,,3488189.21870255,Ste 120,HOUSTON,Atonsu Royal African Market LLC 120,29.880428,-10643207.31153,261161,,HARRIS
Convenience Store,4528,77022,1626791.0,TX,-95.361664,7419 IRVINGTON BLVD,,3481546.43869762,,HOUSTON,Cj Express #2,29.828674,-10615611.8776792,261208,,HARRIS
Convenience Store,2004,77029,1625504.0,TX,-95.247902,1002 MERCURY DR,,3474230.96432926,,HOUSTON,Fuel Depot 58,29.771648,-10602947.9497676,261209,,HARRIS
Convenience Store,4301,77023,1625729.0,TX,-95.29425,821 S 75TH ST,,3467164.98064746,,HOUSTON,Tienda Rio Lempa 2,29.716536,-10608107.3855269,261265,,HARRIS
Convenience Store,4621,77389,1628088.0,TX,-95.476608,3910 SPRING STUEBNER RD,,3514292.40039127,,SPRING,Snack N Go,30.083538,-10628407.385229,261310,,HARRIS
Convenience Store,5657,77017,1632286.0,TX,-95.235115,1202 ALLEN GENOA RD,,3463868.58465956,,HOUSTON,Spark Plus #3,29.690815,-10601524.5074388,261341,,HARRIS
Convenience Store,4917,77020,1619417.0,TX,-95.30558,6422 LYONS AVE,,3474830.14640355,,HOUSTON,Lyons Food & Fuel,29.77632,-10609368.6353576,261348,,HARRIS
Specialty Store,1318,77521,1624318.0,TX,-95.031784,6010 THOMPSON RD,,3476358.1102804,,BAYTOWN,Daniel's Meat Market,29.788233,-10578889.8040564,261357,,HARRIS
Convenience Store,2815,77061,1628516.0,TX,-95.289375,6880 TELEPHONE RD,,3459799.01174976,Ste E,HOUSTON,Super Amigo Food Store,29.659052,-10607564.7030093,261672,,HARRIS
Convenience Store,1809,77505,1640374.0,TX,-95.125984,7339 SPENCER HWY,,3460454.78684069,,PASADENA,Texan Food Mart,29.664171,-10589376.1000891,261711,,HARRIS
Supermarket,1011,77504,1632422.0,TX,-95.206924,2212 SPENCER HWY,,3460468.23832971,,PASADENA,Gordon Food Service Store MP216,29.664276,-10598386.2996739,261903,,HARRIS
Grocery Store,4102,77096,1626869.0,TX,-95.477295,9606 CHIMNEY ROCK RD,,3461937.3535513,,HOUSTON,Globus Market,29.675743,-10628483.8617192,261905,,HARRIS
Liquor Store,,77521,7.412260292517711e+18,TX,-94.977348575877,3423 GARTH RD SPC 10,,,,BAYTOWN,BAYTOWN DISCOUNT LIQUOR STORE,29.758530546512,,,,HARRIS
Liquor Store,,77036,1.0130089758722445e+19,TX,-95.556320464488,9968 BELLAIRE BLVD STE 180,,,,HOUSTON,CHINA PLACE LIQUOR CITY,29.704610872909,,,,HARRIS
Liquor Store,,77065,1.7125582676656345e+19,TX,-95.628601370337,10502 HUFFMEISTER RD STE C,,,,HOUSTON,BEST BUY LIQUOR,29.929202642243,,,,HARRIS
Supermarket,,77003,1.0866595179555869e+19,TX,-95.355492369961,1005 SAINT EMANUEL ST,,,,HOUSTON,KIM HUNG SUPER MARKET,29.751152792454,,,,HARRIS
Supermarket,,77075,1.4495195130458556e+19,TX,-95.238919606356,9855 FUQUA ST STE A,,,,HOUSTON,SUPERMERCADO MONTERREY,29.611258926906,,,,HARRIS
Liquor Store,,77067,4.38469443252501e+18,TX,-95.452620506193,11616 T C JESTER BLVD STE 200,,,,HOUSTON,EXCLUSIVE WINE & LIQUOR #1,29.952139620644,,,,HARRIS
Convenience Store,,77034,1.6124382342783779e+19,TX,-95.204191807255,12420 PALMSPRINGS DR,,,,HOUSTON,#1 FOOD STORE,29.623610208746,,,,HARRIS
Liquor Store,,77015,1.0287684039429214e+19,TX,-95.201808767338,12620 WOODFOREST BLVD STE 350,,,,HOUSTON,EAST SIDE LIQUOR & WINE,29.791331061212,,,,HARRIS
Convenience Store,,77087,6.731335541458423e+18,TX,-95.323851066949,6015 LONG DR,,,,HOUSTON,STAR STOP 147,29.693955263034,,,,HARRIS
Convenience Store,,77029,7.902738699208312e+18,TX,-95.247696773277,1002 MERCURY DR,,,,JACINTO CITY,FUEL DEPOT #58,29.771825269342,,,,HARRIS
Liquor Store,,77025,2.337928206642463e+18,TX,-95.418613195118,2617 W HOLCOMBE BLVD,,,,HOUSTON,TOTAL WINE SPIRITS BEER & MORE,29.706100817833,,,,HARRIS
Convenience Store,,77043,4.5285765757358095e+18,TX,-95.569816051612,1518 BRITTMOORE RD STE A,,,,HOUSTON,SAM'S MART #6,29.811629234244,,,,HARRIS
Liquor Store,,77055,1.0264134137894158e+19,TX,-95.484959281468,1469 WIRT RD,,,,HOUSTON,VILLAGE LIQUOR,29.796099586497,,,,HARRIS
Convenience Store,,77506,5.941036701939614e+18,TX,-95.182052059084,2201 RED BLUFF RD,,,,PASADENA,BLUE DREAMZ,29.70010062424,,,,HARRIS
Convenience Store,,77047,1.7417200742644204e+19,TX,-95.362508284043,10706 SORSBY WAY,,,,HOUSTON,AL ALIN SERVICES LLC,29.643215931258,,,,HARRIS
Convenience Store,,77028,3.915250926844464e+18,TX,-95.262189250867,9430 MESA DR,,,,HOUSTON,T & S FOOD MART,29.849497421189,,,,HARRIS
Liquor Store,,77044,2.991092632475812e+18,TX,-95.227352340351,8013 JOHN RALSTON RD,,,,HOUSTON,PEECEE LIQUOR,29.838910126546,,,,HARRIS
Bakery,,77025,4.659001646019923e+18,TX,-95.434948368585,3733 DRUMMOND ST,,,,HOUSTON,WORDS AND FOOD LLC,29.696180671553,,,,HARRIS
Meat Market,,77099,9.064784471374841e+18,TX,-95.569963331314,10769 W BELLFORT AVE,,,,HOUSTON,LA MORELIANA MEAT MARKET #2 INC,29.655155751461,,,,HARRIS
Liquor Store,,77036,3.2899385455394985e+18,TX,-95.539120098683,5700 S GESSNER RD STE G,,,,HOUSTON,LA SULTANA LIQUOR,29.719465566694,,,,HARRIS
Specialty Food,,77093,1.4916413679043407e+18,TX,-95.36029779529,1567 LITTLE YORK RD,,,,HOUSTON,AGUA PURA,29.870895967516,,,,HARRIS
Convenience Store,,77015,5.919160009785532e+17,TX,-95.182313066036,6 UVALDE RD STE A,,,,HOUSTON,TIENDA RIO LEMPA PUPUSERIA #3,29.80531644477,,,,HARRIS
Bakery,,77388,8.69578327979598e+18,TX,-95.446323001122,2111 SPRING CYPRESS RD STE 30,,,,SPRING,YANKEE DONUTS,30.069159713651,,,,HARRIS
Convenience Store,,77081,2.6587024074898335e+18,TX,-95.484694934238,5900 BELLAIRE BLVD STE A,,,,HOUSTON,AMIGO MART,29.705587113716,,,,HARRIS
Meat Market,,77017,4.2153468919757046e+18,TX,-95.264966066554,8419 WINKLER DR STE AB,,,,HOUSTON,GUERRERO MEAT MARKET NO.1 INC,29.674884794345,,,,HARRIS
Supermarket,,77089,7.322673564474494e+18,TX,-95.214903377881,10851 SCARSDALE BLVD STE 170A,,,,HOUSTON,HAS MORGAN INDUSTRIES LLC,29.583642430695,,,,HARRIS
Liquor Store,,77047,1.1264492131324875e+19,TX,-95.390739040398,1416 W OREM DR STE C,,,,HOUSTON,ARLO LIQUOR LLC,29.627890758021,,,,HARRIS
Convenience Store,,77081,4.878019106753366e+18,TX,-95.476495165089,5900 CHIMNEY ROCK RD STE U,,,,HOUSTON,TANA GROCERY STORE,29.717720851117,,,,HARRIS
Convenience Store,,77521,1.708280300432381e+19,TX,-94.97921635055,5107 EAST FWY,,,,BAYTOWN,MAK'S,29.805468937753,,,,HARRIS
Liquor Store,,77338,1.1342179208007026e+18,TX,-95.282985158148,9805 FM 1960 BYPASS RD W,,,,HUMBLE,"TOTAL WINE, SPIRITS, BEER & MORE",30.005103182082,,,,HARRIS
Supermarket,,77017,2.3923097990105185e+18,TX,-95.271123684502,8221 GULF FWY STE 100,,,,HOUSTON,"GROCERY SERVICES, INC. #24",29.679593888256,,,,HARRIS
Supermarket,,77072,4.5098416394999736e+18,TX,-95.575665043803,4038 BOONE RD,,,,HOUSTON,FRUTERIA Y HIERVERIA LAS LINDA,29.716017013989,,,,HARRIS
Convenience Store,,77036,1.0180214087674282e+18,TX,-95.546973619469,9651 BISSONNET ST STE 201,,,,HOUSTON,EVANGEL SUPERMARKET,29.675479207982,,,,HARRIS
Bakery,,77379,4.714056341007256e+18,TX,-95.570239055287,9702 SPRING CYPRESS RD STE 121,,,,SPRING,KARMA KOLACHE 3,30.023247791622,,,,HARRIS
Food Store,,77088,4.98984313296757e+18,TX,-95.494520129527,9923 N HOUSTON ROSSLYN RD,,,,HOUSTON,SPRINKLE DONUTS,29.88634080157,,,,HARRIS
Convenience Store,,77009,1.4854184476630665e+19,TX,-95.389520094336,6412 N MAIN ST,,,,HOUSTON,STOP AT JOES FOOD STORE,29.808317847128,,,,HARRIS
Bakery,,77065,5.839315630132908e+18,TX,-95.590061481089,11300 WEST RD STE L,,,,HOUSTON,DONUTS DELIGHT,29.908886638984,,,,HARRIS
Food Store,,77028,1.7820038544941533e+19,TX,-95.262332688388,8901 MESA DR,,,,HOUSTON,SHIPLEY DONUTS #2,29.842296541316,,,,HARRIS
Bakery,,77080,1.844056312281414e+19,TX,-95.542403153699,10105 HAMMERLY BLVD # A,,,,HOUSTON,PANADERIA DISCO LATINO #3,29.812642934773,,,,HARRIS
Supermarket,,77015,1.7673205569601421e+19,TX,-95.221598732971,12201 EAST FWY,,,,HOUSTON,FIESTA MART # 10,29.771035292159,,,,HARRIS
Supermarket,,77015,7.613088903571719e+18,TX,-95.18679970716,631 UVALDE RD STE B,,,,HOUSTON,NIMRAT 2 INC,29.785046547201,,,,HARRIS
Liquor Store,,77075,1.0077604678866848e+19,TX,-95.284642571783,7721 ALMEDA GENOA RD STE B,,,,HOUSTON,ANDREW LIQUOR #101,29.625523724544,,,,HARRIS
Supermarket,,77345,1.1413351819871013e+19,TX,-95.169557823531,3011 BROOK SHORE CT,,,,KINGWOOD,PANTRY PICKUP,30.082847050099,,,,HARRIS
Specialty Food,,77054,2.2085715631560635e+18,TX,-95.413576096901,7918 KIRBY DR,,,,HOUSTON,SMOOTHIE KING #1265,29.693484159718,,,,HARRIS
Supermarket,,77449,1.344800929038305e+19,TX,-95.69437621603,19410 CLAY RD STE A,,,,HOUSTON,TEXAS FOOD SUPERMARKET,29.831144618711,,,,HARRIS
Specialty Food,,77009,1.3925239290197068e+19,TX,-95.382033014352,2201 AIRLINE DR,,,,HOUSTON,"HOUSTON DAIRYMAIDS, LLC",29.806845215913,,,,HARRIS
Specialty Food,,77429,4.0407215198109875e+18,TX,-95.630201269344,13740 CYPRESS NORTH HOUSTON RD,,,,CYPRESS,CITY BREW,29.947466769491,,,,HARRIS
Liquor Store,,77077,8.608465050755943e+18,TX,-95.594940676105,12230 WESTHEIMER RD STE 100B,,,,HOUSTON,99 RANCH MARKET,29.736469841307,,,,HARRIS
Liquor Store,,77505,9.28043516302061e+18,TX,-95.136056209965,6716 SPENCER HWY,,,,PASADENA,SMOKE & DRINK,29.663495426542,,,,HARRIS
Supermarket,,77056,7.153405170211047e+18,TX,-95.46541972766,5161 SAN FELIPE ST STE 200,,,,HOUSTON,RANDALL'S #3067,29.750117202733,,,,HARRIS
Liquor Store,,77045,2.7015630397267835e+18,TX,-95.412331748157,12280 ALMEDA RD STE A,,,,HOUSTON,E & R LIQUOR #2,29.632005146791,,,,HARRIS
Supermarket,,77072,9.5431584984906e+18,TX,-95.603288390393,12660 BEECHNUT ST STE 160,,,,HOUSTON,"GROCERY SERVICES, INC. #18",29.689036406163,,,,HARRIS
Bakery,,77571,1.7726422614269774e+19,TX,-95.060377361815,11001 W FAIRMONT PKWY STE A,,,,LA PORTE,DONUT HOLE,29.652003527786,,,,HARRIS
Supermarket,,77095,1.138371266256688e+19,TX,-95.641414819932,15703 LONGENBAUGH DR STE R,,,,HOUSTON,M & M FOOD MARKET,29.891087150329,,,,HARRIS
Convenience Store,,77012,2.596213417884403e+18,TX,-95.261258439849,9345 MANCHESTER ST,,,,HOUSTON,SHOP N GO,29.718549434774,,,,HARRIS
Liquor Store,,77070,8.296808021091437e+18,TX,-95.558362074266,9333 MILLSVIEW RD,,,,HOUSTON,"WINE.COM OF TEXAS, LLC",29.964073001701,,,,HARRIS
Supermarket,,77024,1.6653711087520074e+19,TX,-95.536962465685,11900 BARRYKNOLL LN,,,,HOUSTON,TERRACE FOOD & GIFT SHOP,29.778631100553,,,,HARRIS
Liquor Store,,77027,9.936116022033956e+17,TX,-95.45238378877,520 POST OAK BLVD STE 575,,,,HOUSTON,FOUR REASONS,29.753863059816,,,,HARRIS
Meat Market,,77096,4.240540611996959e+18,TX,-95.508656665795,9846 FONDREN RD STE B,,,,HOUSTON,LA MORELIANA MEAT MARKET # 4,29.673096782725,,,,HARRIS
Supermarket,,77056,1.4632861370415794e+19,TX,-95.471545095926,5444 WESTHEIMER RD STE 101,,,,HOUSTON,"FIESTA MART, L.L.C. CORPORATE OFFICE",29.739012972834,,,,HARRIS
Supermarket,,77082,1.352119891957044e+19,TX,-95.647065905525,14800 WESTHEIMER RD STE L,,,,HOUSTON,CHI GROCERY STORE,29.735645327327,,,,HARRIS
Supermarket,,77338,2.935923973128277e+18,TX,-95.250163604327,8950 WILL CLAYTON PKWY STE D,,,,HUMBLE,"GROCERY SERVICES, INC. #35",29.979000458398,,,,HARRIS
Liquor Store,,77007,6.88835107292501e+18,TX,-95.389392828017,2857 KATY FWY STE 100,,,,HOUSTON,TOTAL WINE SPIRITS BEER AND MORE,29.776259374229,,,,HARRIS
Supermarket,,77036,5.355846865292379e+18,TX,-95.555382891241,9896 BELLAIRE BLVD STE M,,,,HOUSTON,"H MART HOUSTON II, LLC",29.70466204325,,,,HARRIS
Liquor Store,,77059,9.772832974002125e+17,TX,-95.124842872725,3535 CLEAR LAKE CITY BLVD STE 200,,,,HOUSTON,STONEFIELD LIQUOR,29.60485146341,,,,HARRIS
Specialty Food,,77036,1.3961428226864726e+19,TX,-95.516784425992,201 SHARPSTOWN CTR SPC K00,,,,HOUSTON,THE NUTTY BAVARIAN,29.705545097635,,,,HARRIS
Supermarket,,77057,1.4027641411425094e+19,TX,-95.501176043293,1440 S VOSS RD,,,,HOUSTON,TRADER JOE'S #427,29.752805061579,,,,HARRIS
Liquor Store,,77096,7.885972152032465e+17,TX,-95.493546918591,9621 HILLCROFT ST,,,,HOUSTON,H LIQUOR,29.676951449315,,,,HARRIS
Supermarket,,77504,8.492523645108111e+18,TX,-95.19081497264,3500 FAIRMONT PKWY,,,,PASADENA,FUEL EXPO #1,29.651410990371,,,,HARRIS
Supermarket,,77033,1.3018296724584155e+19,TX,-95.357229669403,4520 HOLMES RD,,,,HOUSTON,HEB EFC #7 ASTRODOME,29.682284180489,,,,HARRIS
Convenience Store,,77502,5.380723947248898e+18,TX,-95.212397402359,135 W SOUTHMORE AVE,,,,PASADENA,CIGS FOR LESS,29.690727414771,,,,HARRIS
Meat Market,,77477,4.216858025417655e+18,TX,-95.558654047897,112 AVENUE F,,,,STAFFORD,LA MICHOACANA #5,29.616377727132,,,,HARRIS
Supermarket,,77011,6.221950481151902e+18,TX,-95.299829669895,1703 SSGT MACARIO GARCIA DR,,,,HOUSTON,RUIZ CASH N CARRY CO,29.747230984379,,,,HARRIS
Supermarket,,77076,7.932883894586722e+18,TX,-95.384399941789,5990 AIRLINE DR STE 140,,,,HOUSTON,"GROCERY SERVICES, INC. #15",29.85246718679,,,,HARRIS
Liquor Store,,77532,1.348823614234875e+19,TX,-95.06340995401,14670 FM 2100 RD,,,,CROSBY,HEB PANTRY FOODS #023,29.898462614005,,,,HARRIS
Liquor Store,,77007,4.122849016749707e+18,TX,-95.390621855811,3018 WHITE OAK DR,,,,HOUSTON,CHARLIE LIQUOR,29.781646848655,,,,HARRIS
Specialty Food,,77429,1.7210506108733049e+19,TX,-95.638339058031,14119 GRANT RD STE 100,,,,CYPRESS,JEREMIAH'S ITALIAN ICE,30.005330927052,,,,HARRIS
Convenience Store,,77055,4.245426901506213e+18,TX,-95.478542205477,7523 LONG POINT RD STE A100A200,,,,HOUSTON,LATINO FOOD MART,29.802786823814,,,,HARRIS
Liquor Store,,77083,1.612664630011103e+19,TX,-95.645313113014,6285 HIGHWAY 6 S,,,,HOUSTON,SPIRITS LIQUOR,29.871981249684,,,,HARRIS
Supermarket,,77021,1.0189342269179054e+19,TX,-95.349611008295,4703 YELLOWSTONE BLVD,,,,HOUSTON,JIM'S SUPERMARKET,29.690187941677,,,,HARRIS
Bakery,,77032,7.216443977011316e+18,TX,-95.368875644101,1215 ALDINE BENDER RD,,,,HOUSTON,SNOWFLAKE DONUTS,29.933064234476,,,,HARRIS
Liquor Store,,77058,3.713522230063434e+17,TX,-95.119380544807,16811 EL CAMINO REAL,,,,HOUSTON,MI TIENDA,29.554029141631,,,,HARRIS
Supermarket,,77021,1.3594589651132893e+19,TX,-95.378827697804,3131 HOLCOMBE BLVD,,,,HOUSTON,RANDALL'S #1061,29.703019831745,,,,HARRIS
Supermarket,,77063,3.6062135305509443e+18,TX,-95.525719375783,9204 RICHMOND AVE,,,,HOUSTON,BEVERAGE BARN,29.729083301718,,,,HARRIS
Convenience Store,,77093,5.756335575940483e+18,TX,-95.343189247792,10101 SHADY LN,,,,HOUSTON,HAPPYLAND FOOD STORE,29.859540033026,,,,HARRIS
Specialty Food,,77449,1.2971854905469979e+19,TX,-95.701988630242,6527 DOGWOOD PARK LN,,,,KATY,DARA AFRICAN GROCERY,29.872628305871,,,,HARRIS
Convenience Store,,77449,1.066441350932413e+19,TX,-95.727652532185,5118 SMOKEY RIVER DR,,,,KATY,KVY DISTRIBUTIONS LLC,29.846978004036,,,,HARRIS
Supermarket,,77449,6.835212290384741e+18,TX,-95.752064474556,1945 N MASON RD STE 105A,,,,KATY,TRIUMPHANT FOOD STORE,29.801540857096,,,,HARRIS
Supermarket,,77086,8.693912746897134e+18,TX,-95.503398641534,14901 STATE HIGHWAY 249 STE 106,,,,HOUSTON,"GROCERY SERVICES, INC. #32",29.926973694284,,,,HARRIS
Supermarket,,77088,4.08246337508529e+18,TX,-95.422255595734,929 CONKLIN ST,,,,HOUSTON,HARRIS LIQUOR,29.879023993159,,,,HARRIS
Liquor Store,,77450,6.84607632110697e+18,TX,-95.719915397485,20041 KATY FWY,,,,KATY,SONNY'S LIQUOR & CIGARS,29.78309871008,,,,HARRIS
Convenience Store,,77017,1.6560635721584626e+19,TX,-95.235335772915,1162 ALLEN GENOA RD,,,,HOUSTON,BEVERAGE MART II,29.691531367101,,,,HARRIS
Convenience Store,,77057,3.9643579794389934e+18,TX,-95.481057678586,5832 FAIRDALE LN,,,,HOUSTON,7-ELEVEN 42237H,29.733161184868,,,,HARRIS
Liquor Store,,77338,1.893180407600663e+18,TX,-95.268352261373,21802 TOWNSEN BLVD W,,,,HUMBLE,"COSTCO TEXAS BEVERAGE, INC #1228",30.020835175047,,,,HARRIS
Convenience Store,,77036,5.520124912706537e+18,TX,-95.547694580307,5880 RANCHESTER DR STE 100,,,,HOUSTON,IRRAWADDY FOOD STORE,29.714672381121,,,,HARRIS
Bakery,,77071,3.9372062107416863e+18,TX,-95.50959741844,12503 RAIA LN,,,,HOUSTON,SWEETS FROM THE HART,29.641236836944,,,,HARRIS
Liquor Store,,77043,9.53444417884568e+18,TX,-95.558509173867,10488 OLD KATY RD,,,,HOUSTON,QUALITY LICENSING CORP STORE #4712,29.785153762875,,,,HARRIS
Convenience Store,,77051,2.519319992697899e+18,TX,-95.371767085592,3501 CHIMIRA LN,,,,HOUSTON,ASHVILLE FOOD MART,29.647636987106,,,,HARRIS
Convenience Store,,77093,1.4651951482233833e+19,TX,-95.452754473987,4406 TIDWELL RD,,,,HOUSTON,FUEL DEPOT #56,29.846558970122,,,,HARRIS
Supermarket,,77036,1.1881663019825054e+19,TX,-95.555097625388,10028A BISSONNET ST,,,,HOUSTON,HAS MORGAN INDUSTRIES LLC,29.675045984131,,,,HARRIS
Liquor Store,,77008,2.3277400139477335e+18,TX,-95.391119867518,643 E 11TH ST,,,,HOUSTON,HEIGHTS LIQUOR,29.790842887019,,,,HARRIS
Bakery,,77063,5.343979013927618e+18,TX,-95.520536456837,8821 WESTHEIMER RD STE 107,,,,HOUSTON,OLDE TOWNE KOLACHES # 5,29.737277672046,,,,HARRIS
Supermarket,,77040,1.4616580208828762e+19,TX,-95.512747837721,13760 NORTHWEST FWY,,,,HOUSTON,LA MICHOACANA MEAT MARKET  H94,29.853469649543,,,,HARRIS
Supermarket,,77429,1.5380118336313313e+19,TX,-95.699224109553,15626 CYPRESS ROSEHILL RD STE 600,,,,CYPRESS,TAZA FOOD STYLE,29.990978459249,,,,HARRIS
Liquor Store,,77429,8.033355028852396e+18,TX,-95.649963117089,12622 TELGE RD,,,,CYPRESS,FAIRBANKS LIQUOR SELECTION 2,29.959191358459,,,,HARRIS
Liquor Store,,77076,1.6491708793948228e+19,TX,-95.384655004678,7308 AIRLINE DR,,,,HOUSTON,LA MERA MADRE DE TODAS LAS MICHELADAS,29.867363005544,,,,HARRIS
Supermarket,,77031,1.1407520651401056e+19,TX,-95.54269832648,11300 S SAM HOUSTON PKWY W,,,,HOUSTON,DISHAKA GOURMET IMPORTS,29.647716246231,,,,HARRIS
Specialty Food,,77084,1.1211749624443847e+19,TX,-95.681751390914,5531 FOREST TRAILS DR,,,,HOUSTON,SUM REALNESS LLC,29.854221638774,,,,HARRIS
Meat Market,,77379,7.735936612560752e+18,TX,-95.553907870353,9440 LOUETTA RD STE 3,,,,SPRING,ZAMANI MARKET AND GRILL INC,30.004373972686,,,,HARRIS
Meat Market,,77017,1.2074401709641454e+19,TX,-95.26491568498,8423 WINKLER DR,,,,HOUSTON,PAM'S GROCERY,29.674830680796,,,,HARRIS
Convenience Store,,77346,1.0155522493152643e+19,TX,-95.195065076614,15426 FORMASTON DR,,,,HUMBLE,ALWAYS VENDING SOLUTIONS,29.945058708461,,,,HARRIS
Convenience Store,,77093,2.460646183912558e+18,TX,-95.342506468466,7202 JENSEN DR,,,,HOUSTON,TONIA FOOD STORE,29.824587892194,,,,HARRIS
Specialty Food,,77521,3.871908363699834e+18,TX,-94.98068068689,6503 GARTH RD,,,,BAYTOWN,"SMOOTHIE MANAGEMENT, INC.",29.796078239746,,,,HARRIS
Convenience Store,,77077,1.4871629596240973e+18,TX,-95.586021568861,1822 S KIRKWOOD RD STE A,,,,HOUSTON,KIRKWOOD FOOD MART,29.74859880027,,,,HARRIS
Convenience Store,,77037,4.4613824746546324e+18,TX,-95.397695185537,9450 AIRLINE DR,,,,HOUSTON,METRO MART,29.895033585713,,,,HARRIS
Meat Market,,77089,1.2399984375329739e+19,TX,-95.215851766293,12515 BEAMER RD,,,,HOUSTON,LA MORELIANA MEAT MARKET # 13,29.587106585898,,,,HARRIS
Liquor Store,,77429,1.5758579142863835e+19,TX,-95.63802559933,14041 GRANT RD STE 210,,,,CYPRESS,M & R LIQUOR XII,30.005209286343,,,,HARRIS
Liquor Store,,77092,4.99682831447178e+18,TX,-95.459468806127,3319 MANGUM RD,,,,HOUSTON,INTERNATIONAL SPIRITS & WHOLESALES,29.818666754753,,,,HARRIS
Supermarket,,77056,1.0405521191110265e+19,TX,-95.466294242257,5130 WOODWAY DR,,,,HOUSTON,EXPRESS MART #11,29.762301420444,,,,HARRIS
Produce Market,,77076,1.4179515575840885e+19,TX,-95.365522700855,813 TURNER DR APT A,,,,HOUSTON,JAVI PRODUCE,29.851894107859,,,,HARRIS
Liquor Store,,77092,1.5798384768444682e+19,TX,-95.469108048152,11089 NORTHWEST FWY,,,,HOUSTON,SPEC'S LIQUOR #222,29.819285456273,,,,HARRIS
Supermarket,,77060,1.249259471953496e+19,TX,-95.412459342776,11431 NORTH FWY,,,,HOUSTON,VARIEDADES CORINA'S,29.932521553996,,,,HARRIS
Supermarket,,77011,4.386802486241153e+18,TX,-95.301975690126,7003 HARRISBURG BLVD STE 200,,,,HOUSTON,"GROCERY SERVICES, INC. #20",29.735668907759,,,,HARRIS
Bakery,,77388,1.8443073285487546e+19,TX,-95.446323001122,2111 SPRING CYPRESS RD STE 30,,,,SPRING,YANKEE DONUTS,30.069159713651,,,,HARRIS
Liquor Store,,77388,4.912537803387848e+18,TX,-95.467845845614,3410 FM 2920 RD STE 100,,,,SPRING,SPRING LIQUOR MEADOWHILL,30.070592404113,,,,HARRIS
Bakery,,77022,5.818179401667005e+18,TX,-95.385352648927,912 FOSBAK ST,,,,HOUSTON,ARANDAS BAKERY INC.,29.844591654582,,,,HARRIS
Supermarket,,77072,8.789661527994026e+18,TX,-95.558063161707,8300 W SAM HOUSTON PKWY S # 100,,,,HOUSTON,VIET HOA INTERNATIONAL FOODS,29.688984901064,,,,HARRIS
Supermarket,,77011,7.771689500956314e+18,TX,-95.326972774333,4419 NAVIGATION BLVD,,,,HOUSTON,THE WHITE SWAN DRIVEN IN GROCERY,29.752064201934,,,,HARRIS
Liquor Store,,77450,7.556517962894886e+18,TX,-95.752253577857,21926 PROVINCIAL BLVD,,,,KATY,SUNNY'S LIQUOR & CIGARS,29.779936107622,,,,HARRIS
Liquor Store,,77339,4.5446112227372104e+18,TX,-95.251024050683,22704 LOOP 494 STE L,,,,KINGWOOD,B & G LIQUORS,30.041760076333,,,,HARRIS
Specialty Food,,77066,1.3714422869071516e+19,TX,-95.516784959993,6610 WILLOW BROOK PARK,,,,HOUSTON,SIERRA SPRINGS,29.955449722153,,,,HARRIS
Liquor Store,,77005,1.521903338724919e+19,TX,-95.393748661811,6100 MAIN ST,,,,HOUSTON,LOCAL FOODS MARKET,29.720625722209,,,,HARRIS
Supermarket,,77049,1.8343149974937092e+19,TX,-95.128051957263,17402 BEAUMONT HWY,,,,HOUSTON,STAR FOOD & GROCERY,29.867914361941,,,,HARRIS
Supermarket,,77057,6.932161458599542e+17,TX,-95.489883450867,3002 GREENRIDGE DR,,,,HOUSTON,SUNNY'S FOOD STORE,29.734315108013,,,,HARRIS
Liquor Store,,77018,2.912193881158142e+18,TX,-95.421220077973,923 WAKEFIELD DR,,,,HOUSTON,LAZY LANE RESTAURANT,29.821441855926,,,,HARRIS
Specialty Food,,77379,1.3087360545633925e+18,TX,-95.487018004092,18379 KUYKENDAHL RD STE B,,,,SPRING,BODEGUITA QUISQUEYA LLC,30.03812973568,,,,HARRIS
Specialty Food,,77036,1.5963877554769383e+19,TX,-95.550272702986,9308 BELLAIRE BLVD,,,,HOUSTON,TAK SING HONG,29.70492111607,,,,HARRIS
Specialty Food,,77061,8.355340645704178e+17,TX,-95.278526519154,FOOD CT HOBBY AIRPORT 7800 AIRPORT BLVD,,,,HOUSTON,PEACOLE ICE CREAM,29.657785297389,,,,HARRIS
Supermarket,,77072,2.6101846666211036e+18,TX,-95.558232509301,8388 W SAM HOUSTON PKWY S # 180,,,,HOUSTON,SUN'S WHOLESALE CLUB,29.688028087358,,,,HARRIS
Specialty Food,,77067,1.3049445227391427e+18,TX,-95.465263603176,3010 GEARS RD STE A,,,,HOUSTON,GIO CHA DUC HUONG,29.945915137505,,,,HARRIS
Liquor Store,,77532,1.4276192454299107e+19,TX,-95.069725853742,6115 FM 2100 RD STE 105,,,,CROSBY,D R'S PACKAGE STORE,29.914907715316,,,,HARRIS
Liquor Store,,77057,1.8300470391839801e+19,TX,-95.484518357423,2660 FOUNTAIN VIEW DR,,,,HOUSTON,HEB FOOD STORE #472,29.7388857541,,,,HARRIS
Convenience Store,,77502,8.660952421914792e+18,TX,-95.183888437922,2328 BURKE RD,,,,PASADENA,713 FOOD STORE,29.676870931072,,,,HARRIS
Supermarket,,77025,1.7327844227106558e+19,TX,-95.44486673952,4141 S BRAESWOOD BLVD APT 109,,,,HOUSTON,BAYOU MANOR RESIDENTS ASSOCIATION,29.68738154621,,,,HARRIS
Convenience Store,,77022,7.784663451113374e+18,TX,-95.368710432785,515 BERRY RD,,,,HOUSTON,MUNCHIES MART LLC,29.837644082757,,,,HARRIS
Supermarket,,77084,1.4979518728433715e+19,TX,-95.646770690347,16215 CLAY RD STE 209,,,,HOUSTON,"GROCERY SERVICES, INC. #22",29.835935781011,,,,HARRIS
Supermarket,,77375,3.103221915231277e+18,TX,-95.607236818818,701 E MAIN ST STE 135B,,,,TOMBALL,"GROCERY SERVICES, INC. #23",30.10062371108,,,,HARRIS
Convenience Store,,77087,5.008351187730122e+18,TX,-95.290176226999,2004 EVERGREEN DR,,,,HOUSTON,FIRST STOP NEIGHBOR STORE,29.708533028244,,,,HARRIS
Convenience Store,,77081,1.3653128607274715e+19,TX,-95.480514435351,5701 BELLAIRE BLVD STE D,,,,HOUSTON,SELAM ETHIO ERITREA SPECIALTY STORE,29.705535522188,,,,HARRIS
Produce Market,,77060,2.4064226606119834e+18,TX,-95.403488558468,167 HARDWICKE RD,,,,HOUSTON,CRUZ,29.920779344212,,,,HARRIS
Liquor Store,,77494,3.5183003532245274e+18,TX,-95.782029003106,23445 KINGSLAND BLVD STE A,,,,KATY,BOB'S LIQUOR,29.77208151884,,,,HARRIS
Liquor Store,,77036,2.1943020678073093e+18,TX,-95.511107132257,7215 BELLERIVE DR STE A,,,,HOUSTON,TOYO'S LIQUOR & BEER,29.713030827357,,,,HARRIS
Supermarket,,77072,1.5315350440133675e+19,TX,-95.570254436609,8200 WILCREST DR STE 16,,,,HOUSTON,TIEN HUNG,29.688124983697,,,,HARRIS
Convenience Store,,77067,3.267457988918331e+18,TX,-95.480112656919,12251 VETERANS MEMORIAL DR,,,,HOUSTON,M-Z FOOD,29.963710723031,,,,HARRIS
Supermarket,,77009,1.737411043719586e+19,TX,-95.361224090645,1820 N MAIN ST STE B,,,,HOUSTON,"GROCERY SERVICES, INC. #34",29.775427810512,,,,HARRIS
Meat Market,,77536,1.529946627947884e+19,TX,-95.110022451386,3701 ELIZABETH ST,,,,DEER PARK,AANDR BROS. L.L.C.,29.678165562735,,,,HARRIS
Confectionery,,77032,1.7085943708886909e+19,TX,-95.337364456591,3500 N TERMINAL RD,,,,HOUSTON,EINSTEIN BROS. BAGELS,29.987475954856,,,,HARRIS
Supermarket,,77076,1.3339117253821024e+19,TX,-95.406559278421,431 W LITTLE YORK RD,,,,HOUSTON,A&Q CHEVRON FOOD MART,29.869769481073,,,,HARRIS
Liquor Store,,77546,1.2889087628162124e+19,TX,-95.173627865743,4002 E FM 528 RD,,,,FRIENDSWOOD,FRIENDSWOOD LIQUOR,29.521129807596,,,,HARRIS
Specialty Food,,77085,1.0581812883631393e+19,TX,-95.494887185459,14460 HILLCROFT ST STE 103,,,,HOUSTON,BASKIN ROBBINS,29.621665069608,,,,HARRIS
Supermarket,,77098,1.629214376280505e+19,TX,-95.406442522096,1853 RICHMOND AVE STE B,,,,HOUSTON,SUPER MERCADO MICHOACANA,29.734202807885,,,,HARRIS
Supermarket,,77055,5.072916135199569e+17,TX,-95.469413489116,6750 LONG POINT RD,,,,HOUSTON,"GROCERY SERVICES, INC.",29.802958093283,,,,HARRIS
Convenience Store,,77047,9.344382895125189e+18,TX,-95.41254308182,555 E ANDERSON RD,,,,HOUSTON,DEL PAPA STORE,29.606546981983,,,,HARRIS
Specialty Food,,77056,3.531600679519667e+18,TX,-95.460973714634,2515 POST OAK BLVD STE A,,,,HOUSTON,JAMBA JUICE,29.74185390176,,,,HARRIS
Convenience Store,,77086,5.543005111722855e+18,TX,-95.47797044639,3374 FRICK RD,,,,HOUSTON,CHAMPS FOOD MART,29.922909407101,,,,HARRIS
Liquor Store,,77083,9.498195115723473e+18,TX,-95.617435673381,13228 BELLAIRE BLVD,,,,HOUSTON,THREE STAR LIQUOR,29.703617602403,,,,HARRIS
Liquor Store,,77016,1.0894291692254022e+19,TX,-95.300604953083,11290 HOMESTEAD RD,,,,HOUSTON,JAY'S DISCOUNT LIQUOR,29.883263393516,,,,HARRIS
Liquor Store,,77429,4.867321206422064e+18,TX,-95.608752717479,12215 GRANT RD STE B,,,,CYPRESS,GRANT SPIRITS & WINE,29.981939425356,,,,HARRIS
Convenience Store,,77076,1.716345515458647e+19,TX,-95.384632416984,7220 AIRLINE DR STE C,,,,HOUSTON,EL AMIGO,29.866111597651,,,,HARRIS
Supermarket,,77449,7.372107322437749e+18,TX,-95.72386001508,6845 FRY RD STE 100,,,,KATY,"LMMM HOUSTON #70, LTD.",29.877399024493,,,,HARRIS
Liquor Store,,77401,2.1721308550379139e+18,TX,-95.469371695329,5130 CEDAR ST,,,,BELLAIRE,HEB PANTRY FOODS #352,29.707037463232,,,,HARRIS
Bakery,,77074,2.39573496663843e+18,TX,-95.522333765622,7505 SOUTHWEST FWY # 100,,,,HOUSTON,SHIPLEY DONUTS,29.695634937731,,,,HARRIS
Liquor Store,,77080,5.840542560896503e+18,TX,-95.526336743003,3131 CAMPBELL RD,,,,HOUSTON,HEB PANTRY FOODS #328,29.821283198713,,,,HARRIS
Supermarket,,77055,1.0307749503688983e+19,TX,-95.499750615229,8534 HAMMERLY BLVD STE C,,,,HOUSTON,"GROCERY SERVICES, INC.",29.811002658422,,,,HARRIS
Supermarket,,77503,3.118438580108822e+17,TX,-95.158629475672,3621 RED BLUFF RD,,,,PASADENA,"GROCERY SERVICES, INC. #13",29.686232903743,,,,HARRIS
Bakery,,77379,5.585209336499095e+18,TX,-95.570239055287,9702 SPRING CYPRESS RD STE 121,,,,SPRING,KARMA KOLACHE 3,30.023247791622,,,,HARRIS
Liquor Store,,77026,1.4174428173612237e+19,TX,-95.316997077121,4121 LOCKWOOD DR,,,,HOUSTON,M & M LIQUOR,29.798010657969,,,,HARRIS
Convenience Store,,77014,9.102676174546685e+18,TX,-95.472809968344,13650 WALTERS RD STE B,,,,HOUSTON,URSTOP,29.977345452374,,,,HARRIS
Liquor Store,,77024,6.511309244927461e+18,TX,-95.476896599304,7951 KATY FWY STE B,,,,HOUSTON,MEMORIAL WINE CELLAR,29.783065390358,,,,HARRIS
Specialty Food,,77009,9.562517473706166e+17,TX,-95.3525322598,5506 HARDY ST,,,,HOUSTON,MIELIPOSA LLC,29.809503756586,,,,HARRIS
Liquor Store,,77059,1.4494729037685019e+19,TX,-95.142801277186,11302 SPACE CENTER BLVD STE B4,,,,HOUSTON,A3 LIQUOR #1,29.631118760027,,,,HARRIS
Bakery,,77023,9.323283790111853e+18,TX,-95.31129614093,6150 GULF FWY,,,,HOUSTON,MARYLEE DONUT SHOP,29.711982137812,,,,HARRIS
Supermarket,,77061,1.4214240297251981e+19,TX,-95.281438948795,8319 GLENLOCH DR,,,,HOUSTON,S & S DISTRIBUTOR GROCERIES AND MORE,29.670851748864,,,,HARRIS
Liquor Store,,77009,9.998450739947786e+18,TX,-95.380794750096,4525 N MAIN ST,,,,HOUSTON,THE HEIGHTS GROCER HTX,29.796524778531,,,,HARRIS
Liquor Store,,77029,8.536582192927752e+18,TX,-95.256054410077,9725 CLINTON DR,,,,HOUSTON,CLINTON DRIVE SHOPPING CENTER,29.732215268669,,,,HARRIS
Liquor Store,,77091,7.676865643169008e+18,TX,-95.473240354698,6002 ANTOINE DR STE C,,,,HOUSTON,LIQUOR MART,29.854500603101,,,,HARRIS
Specialty Food,,77008,7.205387800899568e+18,TX,-95.409794799716,1010 N SHEPHERD DR,,,,HOUSTON,UNDERGROUND CREAMERY LLC,29.789083296994,,,,HARRIS
Liquor Store,,77063,1.44972502799892e+19,TX,-95.538303382929,2405 S GESSNER RD STE A2,,,,HOUSTON,SHELBY'S LIQUOR,29.74131268455,,,,HARRIS
Convenience Store,,77506,6.578725153219824e+18,TX,-95.184065999955,111 BEARLE ST,,,,PASADENA,SILVIA'S KITCHEN,29.712229528405,,,,HARRIS
Liquor Store,,77433,1.085035730836798e+19,TX,-95.684456553779,11435 BARKER CYPRESS RD,,,,HOUSTON,QUALITY LICENSING CORP.(#4465)FUEL CENTER,29.930659893768,,,,HARRIS
Convenience Store,,77057,8.356663766202403e+18,TX,-95.497261192909,6425 WESTHEIMER RD APT 1005,,,,HOUSTON,4 T'S MINI MART,29.737502560293,,,,HARRIS
Convenience Store,,77033,1.345489537210701e+19,TX,-95.336608994033,7603 MARTIN LUTHER KING BLVD STE C,,,,HOUSTON,SOUTH PARK FOOD STORE,29.672627766554,,,,HARRIS
Specialty Food,,77449,1.6932557700695605e+19,TX,-95.721887866969,20140 MORTON RD UNIT 105A,,,,KATY,ANDALUCIA MEDITERRANEAN GROCERY AND PASTRY,29.814943888585,,,,HARRIS
Liquor Store,,77032,1.4884586642586683e+19,TX,-95.303106315483,14519 LEE RD,,,,HOUSTON,DANIEL LIQUOR,29.930040009543,,,,HARRIS
Liquor Store,,77023,1.8071588736698827e+19,TX,-95.329021458656,821 TELEPHONE RD,,,,HOUSTON,KING LIQUOR #2,29.733758100706,,,,HARRIS
Bakery,,77069,9.806647916439028e+18,TX,-95.506690173324,14919 STUEBNER AIRLINE RD,,,,HOUSTON,FRIENDLY DONUTS,29.999279848305,,,,HARRIS
Liquor Store,,77085,2.49970321644318e+18,TX,-95.49524636823,14404 HILLCROFT ST STE R500,,,,HOUSTON,AJ7 LIQUOR,29.625678755919,,,,HARRIS
Convenience Store,,77091,1.5289465931540679e+19,TX,-95.458821674068,4605 W TIDWELL RD,,,,HOUSTON,PANTHERS 3,29.845885889458,,,,HARRIS
Specialty Food,,77043,9.10003095388483e+18,TX,-95.569873900418,3500 BRITTMOORE RD,,,,HOUSTON,SNACKIT,29.823595092497,,,,HARRIS
Supermarket,,77504,3.355037902889633e+18,TX,-95.206589258231,144 FAIRMONT PKWY,,,,PASADENA,"GROCERY SERVICES, INC. #31",29.650960411449,,,,HARRIS
Liquor Store,,77023,4.4149210525639813e+18,TX,-95.3170813303,5819 GULF FWY STE 200,,,,HOUSTON,VANESSA'S LIQUOR,29.716691038197,,,,HARRIS
Convenience Store,,77061,1.6772365128864907e+19,TX,-95.289063100095,6880 TELEPHONE RD STE E,,,,HOUSTON,SUPER AMIGO FOOD STORE,29.658975954268,,,,HARRIS
Supermarket,,77006,9.050439366870388e+18,TX,-95.396645984895,2002 WAUGH DR,,,,HOUSTON,AL QUICK STOP,29.750270300575,,,,HARRIS
Liquor Store,,77338,1.4078166035096226e+19,TX,-95.283763435642,9669 FM 1960 BYPASS RD W,,,,HUMBLE,QUALITY LICENSING CORP #6367,30.005096744264,,,,HARRIS
Convenience Store,,77006,2.6440258199202883e+18,TX,-95.388963907086,806 RICHMOND AVE,,,,HOUSTON,D & Q MINI MART,29.734567104543,,,,HARRIS
Meat Market,,77038,1.5831817192962933e+19,TX,-95.441060704555,1210 WEST RD STE A,,,,HOUSTON,CARNICERIA Y TAQUERIA LA VERACRUZANA,29.914641075829,,,,HARRIS
Liquor Store,,77080,8.6667523090011e+17,TX,-95.545308981708,2755 GESSNER RD STE W,,,,HOUSTON,VILLAGE LIQUOR,29.820788848162,,,,HARRIS
Supermarket,,77015,1.1819326269845217e+18,TX,-95.1839396294,13443 EAST FWY,,,,HOUSTON,SIEMPRE,29.770999098314,,,,HARRIS
Bakery,,77017,1.3417733988295723e+19,TX,-95.267163975299,8361 WINKLER DR,,,,HOUSTON,SNOWFLAKE DONUTS,29.677092034679,,,,HARRIS
Convenience Store,,77091,1.7730343719262767e+19,TX,-95.473276900797,6334 ANTOINE DR,,,,HOUSTON,SULLIVAN'S FOOD STORE,29.858480652406,,,,HARRIS
Bakery,,77095,5.166576820471874e+18,TX,-95.630610865811,9522 HUFFMEISTER RD STE 900,,,,HOUSTON,MR DONUT & KOLACHES,29.915792391756,,,,HARRIS
Bakery,,77587,3.5236623837156474e+17,TX,-95.240407269515,915 COLLEGE AVE STE E,,,,SOUTH HOUSTON,CHERRY TOP BAKERY #1,29.659678168495,,,,HARRIS
Supermarket,,77029,1.0175509681701736e+19,TX,-95.229011118399,11430 EAST FWY STE 380,,,,HOUSTON,"GROCERY SERVICES, INC. #16",29.771832863974,,,,HARRIS
Specialty Food,,77054,5.608843357691466e+18,TX,-95.403283638933,8334 FANNIN ST,,,,HOUSTON,COWBOY KETTLE CORN,29.684200485214,,,,HARRIS
Convenience Store,,77502,1.4478741142155444e+19,TX,-95.187620843697,1800 SOUTHMORE AVE,,,,PASADENA,SERV CAR LA JOYA 2,29.691559171872,,,,HARRIS
Liquor Store,,77536,8.293127497109688e+18,TX,-95.123210735172,3601 CENTER ST,,,,DEER PARK,HEB PANTRY FOODS #021,29.679149662213,,,,HARRIS
Specialty Food,,77072,1.6845585645181682e+19,TX,-95.614065365611,12989 BELLAIRE BLVD STE 15A,,,,HOUSTON,MAKI MART LLC,29.703436934412,,,,HARRIS
Convenience Store,,77041,1.3997637118235787e+19,TX,-95.570466379338,10920 W LITTLE YORK RD,,,,HOUSTON,FUEL DEPOT #15,29.867277807391,,,,HARRIS
Liquor Store,,77076,6.565764816955195e+18,TX,-95.38428510182,5450 AIRLINE DR,,,,HOUSTON,HEB FOOD STORE #439,29.845938145942,,,,HARRIS
Convenience Store,,77074,8.13849094290621e+17,TX,-95.503865577795,6905 BISSONNET ST STE A,,,,HOUSTON,AMIGO FOOD MART #3,29.68919637235,,,,HARRIS
Supermarket,,77053,1.7509230035428854e+19,TX,-95.462222529403,7003 MCHARD RD,,,,HOUSTON,STOP 4 ALL FOOD STORE,29.581031146733,,,,HARRIS
Supermarket,,77067,1.0915543930545918e+19,TX,-95.468939030893,11511 VETERANS MEMORIAL DR STE 500,,,,HOUSTON,"GROCERY SERVICES, INC. #21",29.949105893256,,,,HARRIS
Bakery,,77015,3.0912065423214715e+18,TX,-95.212918343578,1421 FEDERAL RD,,,,HOUSTON,LOCAL DONUTS & BREAKFAST,29.764033391024,,,,HARRIS
Supermarket,,77041,9.919070117872749e+18,TX,-95.604930798834,13250 FM 529 RD,,,,HOUSTON,CHO QUE,29.879775542591,,,,HARRIS
Supermarket,,77373,2.796534056557235e+18,TX,-95.388015132382,23221 ALDINE WESTFIELD RD # 850,,,,SPRING,FOOD TOWN #215,30.050181376355,,,,HARRIS
Convenience Store,,77087,2.235716960691348e+17,TX,-95.310228255178,6700 DIXIE DR,,,,HOUSTON,DIXIE MICHELADA & FASTFOOD,29.680314821096,,,,HARRIS
Liquor Store,,77090,9.10523789450355e+18,TX,-95.429845017331,325 RICHEY RD,,,,HOUSTON,QUALITY LICENSING CORP #8245,29.997235658963,,,,HARRIS
Specialty Food,,77058,1.4799299828589349e+19,TX,-95.127211245454,479 BAY AREA BLVD,,,,HOUSTON,FROZEN IN THYME,29.550110960857,,,,HARRIS
Bakery,,77040,3.6075492639355884e+18,TX,-95.520680008256,6933 FLINTLOCK RD,,,,HOUSTON,LOS PINOS BAKERY,29.86899348233,,,,HARRIS
Convenience Store,,77091,6.612084442800343e+18,TX,-95.471379750148,5620 W TIDWELL RD STE D,,,,HOUSTON,FUEL DEPOT # 7,29.848954257352,,,,HARRIS
Convenience Store,,77060,1.3997209953942718e+19,TX,-95.386769918342,14316 SELLERS RD STE A,,,,HOUSTON,JUDY FOOD STORE,29.908231948864,,,,HARRIS
Bakery,,77068,6.564423710416061e+18,TX,-95.463940805605,2339 FM 1960 RD W,,,,HOUSTON,"1960 S&L MANAGEMENT, LLC",30.006891329912,,,,HARRIS
Liquor Store,,77433,3.8314431576941706e+18,TX,-95.684066973415,8204 BARKER CYPRESS RD,,,,CYPRESS,QUALITY LICENSING CORP. # 7357,29.897842257316,,,,HARRIS
Convenience Store,,77077,3.3666696325354153e+18,TX,-95.606121599263,1738 S DAIRY ASHFORD RD,,,,HOUSTON,K AND K FOOD MART,29.749877749616,,,,HARRIS
Liquor Store,,77375,1.07648403864317e+19,TX,-95.553051624811,25850 KUYKENDAHL RD,,,,TOMBALL,QUALITY LICENSING CORP. (STORE #351) FUEL CENTER,30.136135063938,,,,HARRIS
Convenience Store,,77056,5.69440863437431e+18,TX,-95.476473448349,3410 CHIMNEY ROCK RD,,,,HOUSTON,ELAN #5,29.728371334684,,,,HARRIS
Liquor Store,,77042,1.7719198672555395e+18,TX,-95.567731833488,2925 WALNUT BEND LN,,,,HOUSTON,ROYAL LIQUOR,29.731757407894,,,,HARRIS
Supermarket,,77055,1.4215226513726654e+19,TX,-95.544680847095,1311 GESSNER DR,,,,HOUSTON,EZ STOP & SHOP,29.791437328186,,,,HARRIS
Liquor Store,,77477,2.459467853059363e+17,TX,-95.583858023311,11721 W BELLFORT ST,,,,STAFFORD,AVALON DISCOUNT LIQUOR FINE WINE AND BEER,29.657763375916,,,,HARRIS
Convenience Store,,77449,1.2049441941890351e+19,TX,-95.708369735124,19410 CLAY RD STE A,,,,KATY,TEXAS FOOD SUPERMARKET,29.831200872955,,,,HARRIS
Convenience Store,,77396,1.0579366719353853e+18,TX,-95.286294138469,14905 OLD HUMBLE RD STE A,,,,HUMBLE,SUNRISE FOOD STORE,29.93785980076,,,,HARRIS
Meat Market,,77530,1.5065123295497044e+19,TX,-95.124711929657,777 SHELDON RD STE D,,,,CHANNELVIEW,LA SABROSA MEAT MARKET #2,29.786874615166,,,,HARRIS
Liquor Store,,77379,5.449435096979399e+17,TX,-95.487858982199,18514 KUYKENDAHL RD,,,,SPRING,A & R LIQUOR,30.039492891053,,,,HARRIS
Supermarket,,77062,5.767283350266857e+18,TX,-95.156085443406,1080 CLEAR LAKE CITY BLVD STE D,,,,HOUSTON,ABE'S CAJUN MARKET,29.581127613214,,,,HARRIS
Convenience Store,,77547,1.1116510490668454e+19,TX,-95.2330044172,1401 HOLLAND AVE STE A,,,,GALENA PARK,MI FAMILIA,29.742037419856,,,,HARRIS
Liquor Store,,77086,1.202953881612978e+19,TX,-95.495778960608,7303 BREEN DR STE C,,,,HOUSTON,HILL COUNTRY LIQUOR,29.899619614032,,,,HARRIS
Liquor Store,,77063,1.2448256467974965e+19,TX,-95.528326070663,9376 RICHMOND AVE # A,,,,HOUSTON,RICHMOND LIQUOR,29.729044007724,,,,HARRIS
Supermarket,,77084,9.733953789499294e+18,TX,-95.648470927545,16212 LOCH KATRINE LN STE AB,,,,HOUSTON,CELAYA MEAT MARKET,29.846014720125,,,,HARRIS
Supermarket,,77067,1.1241442148046033e+19,TX,-95.468928393024,11509 VETERANS MEMORIAL DR,,,,HOUSTON,SIEMPRE,29.949091747763,,,,HARRIS
Liquor Store,,77084,1.5589378982552095e+19,TX,-95.703915380126,2424 GREENHOUSE RD STE 110,,,,HOUSTON,SAM'S LIQOUR,29.803928925289,,,,HARRIS
Bakery,,77039,1.4742517106636638e+19,TX,-95.363349433105,1502 ALDINE MAIL RD STE 2,,,,HOUSTON,PANADERIA REYNOSA,29.902222757433,,,,HARRIS
Liquor Store,,77494,9.540769021518981e+17,TX,-95.781751900793,23647 KATY FWY,,,,KATY,WB LIQUORS AND WINE,29.784807389734,,,,HARRIS
Meat Market,,77081,1.0305976661163528e+19,TX,-95.482604529581,6906 ATWELL,,,,HOUSTON,LA MICHOACANA MEAT MARKET #7,29.705394497109,,,,HARRIS
Supermarket,,77022,9.472000825073488e+18,TX,-95.387310965276,921 CROSSTIMBERS ST,,,,HOUSTON,MESTANZA PRODUCE LLC,29.828671085227,,,,HARRIS
Supermarket,,77009,1.409967201527859e+19,TX,-95.372915671717,1514 WHITE OAK DR,,,,HOUSTON,SUNRISE GROCERY #11,29.781117386464,,,,HARRIS
Supermarket,,77096,1.2280113659687263e+18,TX,-95.452240219684,4415 OSBY DR,,,,HOUSTON,"MARCHESE SAUSAGE COMPANY, INC.",29.676247101882,,,,HARRIS
Meat Market,,77075,1.0285636782393805e+19,TX,-95.251483923243,9340 FUQUA ST STE B,,,,HOUSTON,PANCHO'S MEAT MARKET #8,29.610932161097,,,,HARRIS
Convenience Store,,77346,1.0291874462963552e+19,TX,-95.156077490953,8075 FM 1960 RD E,,,,HUMBLE,COUNTRY FOOD MART 2,30.001660720167,,,,HARRIS
Liquor Store,,77049,1.183914859505158e+19,TX,-95.153001921485,16340 WALLISVILLE RD STE 200,,,,HOUSTON,EXCLUSIVE WINE & LIQUOR #2,29.811515717955,,,,HARRIS
Liquor Store,,77357,1.6673124120546068e+19,TX,-95.110365547405,31710 FM 1485 RD STE B,,,,NEW CANEY,CHEERS & CLOUDS 1,30.139286052409,,,,HARRIS
Liquor Store,,77086,8.427857956275048e+18,TX,-95.4986658685,4919 N SAM HOUSTON PKWY W STE A,,,,HOUSTON,"BAMMEL LIQUOR, LLC",29.936851469287,,,,HARRIS
Produce Market,,77026,1.6107474042572392e+19,TX,-95.30653996785,6302 CAVALCADE ST,,,,HOUSTON,MOY PRODUCE LLC,29.800241573477,,,,HARRIS
Bakery,,77379,1.6134476759009413e+19,TX,-95.51429898609,21121 KUYKENDAHL RD,,,,SPRING,TOP DONUTS,30.074860888283,,,,HARRIS
Liquor Store,,77098,1.8362515635010226e+19,TX,-95.415440380246,2433 BARTLETT ST,,,,HOUSTON,FRENCH COUNTRY WINES,29.727149295784,,,,HARRIS
Supermarket,,77056,9.409445180235923e+18,TX,-95.46541972766,5161 SAN FELIPE ST STE 200,,,,HOUSTON,RANDALL'S FOOD AND DRUG #3067,29.750117202733,,,,HARRIS
Convenience Store,,77016,6.525500552358481e+18,TX,-95.318878932952,4901 LAURA KOPPE RD,,,,HOUSTON,SAV MART,29.840588336331,,,,HARRIS
Convenience Store,,77057,5.39303512815652e+17,TX,-95.496711852829,6375 SKYLINE DR UNIT C,,,,HOUSTON,98 CENTS PLUS STOP,29.728097216188,,,,HARRIS
Liquor Store,,77373,1.6019493032813873e+19,TX,-95.434395838253,1423 SPRING CYPRESS RD,,,,SPRING,GRAHAM LIQUOR,30.075435030475,,,,HARRIS
Produce Market,,77009,1.2745464036353393e+19,TX,-95.381946712073,2520 AIRLINE DR,,,,HOUSTON,"LIMON SAL, Y CHILE",29.810069603101,,,,HARRIS
Liquor Store,,77035,1.0993161350570592e+19,TX,-95.477432238695,11332 CHIMNEY ROCK RD,,,,HOUSTON,LO PRICE LIQUOR & TOBACCO,29.656617407227,,,,HARRIS
Liquor Store,,77036,6.649541809184851e+18,TX,-95.548914674132,9510 BEECHNUT ST,,,,HOUSTON,HEB PANTRY FOODS #316,29.690595554818,,,,HARRIS
Convenience Store,,77013,1.658592689521605e+19,TX,-95.225803113144,1002 CENTERWOOD DR,,,,HOUSTON,SUNNY'S FOOD STORE #101,29.773133131773,,,,HARRIS
Convenience Store,,77081,1.6096067850674717e+19,TX,-95.48665366188,6001 BISSONNET ST STE A,,,,HOUSTON,SHOP N GO,29.698009179541,,,,HARRIS
Supermarket,,77084,7.754560920045113e+18,TX,-95.645619930342,4330 HIGHWAY 6 N,,,,HOUSTON,FIESTA MART # 56,29.838097778686,,,,HARRIS
Bakery,,77084,4.1065514269823647e+18,TX,-95.688215596791,1894 BARKER CYPRESS RD,,,,HOUSTON,EL PRODUCTO DE PERU,29.795502249671,,,,HARRIS
Convenience Store,,77074,1.5201704293330866e+19,TX,-95.50621973294,6901 BEECHNUT ST,,,,HOUSTON,SUPER BRILLANTE MEAT MARKET,29.691665291551,,,,HARRIS
Supermarket,,77038,9.003565596561414e+17,TX,-95.41479659177,11411 GREEN PLAZA DR APT 4101,,,,HOUSTON,CORINA'S STORE,29.931917960544,,,,HARRIS
Liquor Store,,77079,1.2481700557711952e+19,TX,-95.592871630686,14129 MEMORIAL DR STE E,,,,HOUSTON,MONARCH LOUNGE,29.769967907707,,,,HARRIS
Convenience Store,,77536,4.9653595095284486e+17,TX,-95.123583283856,1905 CENTER ST,,,,DEER PARK,DEER PARK FUEL SERVICES,29.694528569717,,,,HARRIS
Liquor Store,,77054,1.1966838807324019e+19,TX,-95.381097269818,3004 YELLOWSTONE BLVD,,,,HOUSTON,BARRELS AND BOTTLES YST LLC,29.699490719734,,,,HARRIS
Liquor Store,,77017,1.1297545288546273e+19,TX,-95.262366761258,8503 GULF FWY STE E,,,,HOUSTON,JR FAMILY LIQUOR STORE,29.669959753207,,,,HARRIS
Specialty Food,,77433,4.625950370652701e+18,TX,-95.718809413132,20447 1/2 FM 529 RD,,,,CYPRESS,"HOUSTON'S SUPERIOR ICE & WATER COMPANY, LLC",29.87968015711,,,,HARRIS
Convenience Store,,77083,3.8282627887216236e+18,TX,-95.637199296149,14360 BELLAIRE BLVD STE 100,,,,HOUSTON,VARIEDADES RIOS,29.704084119183,,,,HARRIS
Bakery,,77562,5.310739202471053e+18,TX,-95.056940904222,401 S MAIN ST,,,,HIGHLANDS,DANNAY'S DONUTS,29.811155320109,,,,HARRIS
Liquor Store,,77086,1.7826861395860867e+19,TX,-95.478303330659,12430 STATE HIGHWAY 249 STE N,,,,HOUSTON,LIQUOR R,29.910314772865,,,,HARRIS
Convenience Store,,77028,3.8847134771523927e+18,TX,-95.262189250867,9430 MESA DR,,,,HOUSTON,MESA FOOD,29.849497421189,,,,HARRIS
Meat Market,,77067,1.9894255263744858e+18,TX,-95.463677106329,11078 VETERANS MEMORIAL DR STE 263,,,,HOUSTON,DONG HUNG MEAT MARKET,29.942421969962,,,,HARRIS
Specialty Food,,77388,8.964285776238103e+18,TX,-95.46886969836,3425 FM 2920 RD,,,,SPRING,WATER TREE TSALACH LLC,30.0705869436,,,,HARRIS
Convenience Store,,77016,1.1968891690688662e+19,TX,-95.328808498041,4203 E CROSSTIMBERS ST,,,,HOUSTON,PHILLIPS 66 FOOD STORE,29.829292083104,,,,HARRIS
Specialty Food,,77007,7.708949628123824e+18,TX,-95.409382345829,802 SHEPHERD DR,,,,HOUSTON,WEST END CHURCH,29.769041247945,,,,HARRIS
Bakery,,77521,1.8214609816395006e+19,TX,-94.982879376518,7599 GARTH RD STE 100,,,,BAYTOWN,DANNY'S DONUTS,29.810516264942,,,,HARRIS
Specialty Food,,77536,1.4501198305995868e+19,TX,-95.106175846213,1910 NAVAJO DR,,,,DEER PARK,LDR CAPITAL,29.694472202601,,,,HARRIS
Meat Market,,77081,9.709588648634372e+18,TX,-95.476527444736,5750 CHIMNEY ROCK RD,,,,HOUSTON,LA MICHOACANA MEAT MARKET #55,29.719048413652,,,,HARRIS
Produce Market,,77067,7.126155966735663e+18,TX,-95.429339912182,644 W RANKIN RD STE 101,,,,HOUSTON,DELI CENTRO MARKET LLC,29.965354058762,,,,HARRIS
Confectionery,,77027,1.3971265285905662e+19,TX,-95.43206076018,3311 MERCER ST,,,,HOUSTON,ELEGANT EDIBLES,29.736319848357,,,,HARRIS
Bakery,,77017,1.1443037337219058e+19,TX,-95.247494844773,1415 AUBERT ST,,,,HOUSTON,HEARTH & HOME BAKING,29.690354332281,,,,HARRIS
Convenience Store,,77056,1.6998143601698816e+19,TX,-95.470693244881,2301 YORKTOWN ST STE 100,,,,HOUSTON,CROWN MART 1,29.744263160779,,,,HARRIS
Convenience Store,,77023,9.310858033079732e+18,TX,-95.328493772874,1001 TELEPHONE RD,,,,HOUSTON,7 MART,29.733406123523,,,,HARRIS
Meat Market,,77433,1.0148025984864567e+19,TX,-95.719495255984,20521 FM 529 RD STE 108,,,,CYPRESS,CARNECERIA PRIME MEAT MARKET LLC,29.87967427007,,,,HARRIS
Supermarket,,77073,1.6969919175525878e+19,TX,-95.460154796466,2128 FM 1960 RD,,,,HOUSTON,ISLAZUL FOOD TRUCK,30.009086560039,,,,HARRIS
Bakery,,77379,8.069006840053713e+18,TX,-95.492913014382,18707 TOMATO ST,,,,SPRING,COOKING WITH AMI SANTHA,30.042365312101,,,,HARRIS
Supermarket,,77008,1.7472739425319406e+19,TX,-95.397551724313,2515 HARVARD ST,,,,HOUSTON,CENTRAL CITY CO-OP,29.809205592856,,,,HARRIS
Liquor Store,,77429,1.7677864092068626e+19,TX,-95.614676546379,12634 GRANT RD,,,,CYPRESS,SHIBA LIQUOR,29.987280869306,,,,HARRIS
Specialty Food,,77396,1.564791779226074e+19,TX,-95.217284481774,3809 ATASCOCITA RD STE 200,,,,HUMBLE,CLAYTON BASKIN ROBBINS,29.979486607875,,,,HARRIS
Convenience Store,,77449,1.1138990285213483e+19,TX,-95.762102290064,22500 FRANZ RD,,,,KATY,PRIMESPOT#28,29.802075782818,,,,HARRIS
Bakery,,77012,1.289441022382285e+19,TX,-95.27832931826,1102 BROADWAY ST STE B,,,,HOUSTON,DANNY DONUTS,29.715602736661,,,,HARRIS
Liquor Store,,77084,5.249471278586742e+18,TX,-95.686382349141,18695 CLAY RD STE A,,,,HOUSTON,METRO LIQUOR,29.831049503565,,,,HARRIS
Convenience Store,,77007,3.3741156590899876e+18,TX,-95.428644226723,5820 KATY FWY,,,,HOUSTON,HAMPTON INN & SUITES,29.77803198369,,,,HARRIS
Liquor Store,,77018,2.738706935113533e+18,TX,-95.406556862424,501 W 38TH ST,,,,HOUSTON,GOODY GOODY #96,29.82097779604,,,,HARRIS
Supermarket,,77076,9.697240956052916e+18,TX,-95.390770002625,5402 NORDLING RD,,,,HOUSTON,BEST FOOD MARKET,29.845624173856,,,,HARRIS
Bakery,,77346,1.3671789114551583e+19,TX,-95.209981396784,15023 SUN GLAZE DR,,,,HUMBLE,"BIG DAWG BUTTA BONES, LLC",29.938768787968,,,,HARRIS
Convenience Store,,77016,1.0342557842518264e+19,TX,-95.31879409367,8102 LOCKWOOD DR,,,,HOUSTON,Z FOOD MART,29.834238465843,,,,HARRIS
Meat Market,,77504,9.4236970578375e+18,TX,-95.203912895446,2536 SPENCER HWY UNIT 140,,,,PASADENA,CARNICERIA PRIME MEAT MARKET LLC,29.664796602443,,,,HARRIS
Confectionery,,77019,2.9937391949790116e+18,TX,-95.408701244029,2005 W GRAY ST STE A,,,,HOUSTON,"LAFINN IMPORTS, LLC",29.752993146614,,,,HARRIS
Liquor Store,,77065,3.716433649361504e+18,TX,-95.617455006566,11945 BARWOOD BEND DR STE C,,,,HOUSTON,KC LIQUOR,29.946726362198,,,,HARRIS
Bakery,,77041,3.469226615262171e+18,TX,-95.602255769001,13110 FM 529 RD STE 3,,,,HOUSTON,SNOWFLAKE DONUTS,29.879986413326,,,,HARRIS
Confectionery,,77429,9.08765061205559e+18,TX,-95.634679982062,14706 LINDALL CT,,,,CYPRESS,A HEART POPCORN,29.990683925059,,,,HARRIS
Liquor Store,,77433,1.3467974366064757e+19,TX,-95.738480785364,15201 MASON RD STE 400,,,,CYPRESS,THE LIQUOR SHOPPE,29.994175630642,,,,HARRIS
Liquor Store,,77088,1.0190900954253707e+19,TX,-95.488165099585,8406 N HOUSTON ROSSLYN RD,,,,HOUSTON,LIQUOR BARGAIN,29.867824834128,,,,HARRIS
Supermarket,,77042,1.3438352739780936e+19,TX,-95.573560283173,11146 WESTHEIMER RD,,,,HOUSTON,DAIDO MARKET,29.736849474371,,,,HARRIS
Convenience Store,,77004,1.5409646908076214e+19,TX,-95.369791295363,3201 N MACGREGOR WAY,,,,HOUSTON,MACGREGOR CORNER STORE,29.712333184419,,,,HARRIS
Liquor Store,,77521,1.5686379175567905e+19,TX,-94.980220514098,6300 GARTH RD STE 330,,,,BAYTOWN,TWIN LIQUORS # 107,29.79355929094,,,,HARRIS
Convenience Store,,77092,7.341703461360914e+18,TX,-95.454345396125,4324 W 34TH ST,,,,HOUSTON,CORNER STOP 2,29.818420456965,,,,HARRIS
Supermarket,,77521,1.61575856262792e+19,TX,-94.963998732056,4910 N MAIN ST # 100,,,,BAYTOWN,LA MICHOACANA MEAT MARKET,29.777281288873,,,,HARRIS
Convenience Store,,77071,1.160136828449471e+19,TX,-95.519532510432,8035 W AIRPORT BLVD STE 112-14,,,,HOUSTON,STOP N SHOP,29.641825372136,,,,HARRIS
Liquor Store,,77041,2.3694053068346015e+18,TX,-95.603070248132,13150 FM 529 RD STE 102,,,,HOUSTON,T & S LIQUOR STORE,29.879926270692,,,,HARRIS
Liquor Store,,77049,1.8090992548543877e+19,TX,-95.170060163135,15118 MOUNTAIN HEIGHTS DR,,,,HOUSTON,BUBBLY CELEBRATION,29.815331964428,,,,HARRIS
Meat Market,,77449,1.3170612456810758e+19,TX,-95.718544840976,5770 FRY RD STE A,,,,KATY,GUERRERENSE MEAT MARKET #1,29.854266240341,,,,HARRIS
Supermarket,,77027,1.2229967321634652e+19,TX,-95.434452435789,2620 JOANEL ST,,,,HOUSTON,THE COTTAGE GROCERY,29.741313856115,,,,HARRIS
Specialty Food,,77012,6.91046456726882e+18,TX,-95.289028990792,141 WOODVALE ST,,,,HOUSTON,AVEREE GOURMET & IMPORTS,29.729292496993,,,,HARRIS
Liquor Store,,77084,1.040213337383602e+19,TX,-95.645379639743,6955 NORTH HIGHWAY 6,,,,HOUSTON,TARGET STORE T-0993,29.877120769918,,,,HARRIS
Convenience Store,,77020,8.406814456515319e+17,TX,-95.296050165089,1143 PORT ST,,,,HOUSTON,PORT STOP,29.767769080507,,,,HARRIS
Convenience Store,,77076,4.3280594726775885e+18,TX,-95.40179688843,216 W LITTLE YORK RD STE F,,,,HOUSTON,MY C STORE,29.86992634667,,,,HARRIS
Confectionery,,77036,9.911263277062902e+18,TX,-95.544441423497,9543 BISSONNET ST STE 307,,,,HOUSTON,CONFETTERIA E CIOCCOLATERIA ITALIANA CORPORATION,29.67565651602,,,,HARRIS
Liquor Store,,77003,1.1191159076484762e+19,TX,-95.331613838352,3914 NAVIGATION BLVD # A,,,,HOUSTON,LY'S LIQUOR,29.753838314716,,,,HARRIS
Convenience Store,,77503,3.0530361987274675e+18,TX,-95.172319980314,2541 PRESTON AVE,,,,PASADENA,BEVERAGE MART DAIQUIRI TO GO,29.673183941584,,,,HARRIS
Specialty Food,,77521,5.04876379395164e+18,TX,-94.980252137131,6320 GARTH RD STE 140,,,,BAYTOWN,PUER,29.793802319903,,,,HARRIS
Bakery,,77002,1.0398709575054348e+19,TX,-95.369167491346,1725 MAIN ST STE 1,,,,HOUSTON,MADEMOISELLE LOUISE,29.751489182787,,,,HARRIS
Bakery,,77087,1.1224977207243723e+19,TX,-95.302511833762,4403 TELEPHONE RD,,,,HOUSTON,LESLY'S BAKERY INC,29.700123640149,,,,HARRIS
Convenience Store,,77092,4.3603228739660856e+18,TX,-95.473107927841,4941 ANTOINE DR,,,,HOUSTON,SAM'S FOOD MART,29.836544358437,,,,HARRIS
Supermarket,,77099,6.029253564023393e+18,TX,-95.612820536886,9215 BECKENHAM DR,,,,HOUSTON,AGAPE LOVE AFRICAN FOOD,29.679242598867,,,,HARRIS
Convenience Store,,77049,1.640959154239539e+19,TX,-95.214786769733,5002 S LAKE HOUSTON PKWY,,,,HOUSTON,STAR STOP 02,29.80757609652,,,,HARRIS
Specialty Food,,77011,8.947562361013489e+18,TX,-95.298109110703,1008 WOODING ST,,,,HOUSTON,AMJ ICE CREAM,29.741020663995,,,,HARRIS
Liquor Store,,77076,1.2635732404251478e+19,TX,-95.384504291242,115 LITTLE YORK RD,,,,HOUSTON,SPORTSMAN LIQUOR,29.870102653051,,,,HARRIS
Supermarket,,77072,6.481396299477988e+17,TX,-95.587913129805,4351 S KIRKWOOD RD,,,,HOUSTON,PANCHO'S MEAT MARKET #7,29.709960154077,,,,HARRIS
Supermarket,,77015,1.5261998633365176e+18,TX,-95.217570516544,883 FEDERAL RD STE G,,,,HOUSTON,"COASTAL SEAFOOD MARKET & WHOLESALE, INC",29.774944149443,,,,HARRIS
Convenience Store,,77039,7.03420075561735e+18,TX,-95.301691994562,12801 HOMESTEAD RD,,,,HOUSTON,BEST STOP #3 FOOD STORE,29.906585428981,,,,HARRIS
Specialty Food,,77096,7.154151371926688e+18,TX,-95.476919880992,5402 LYMBAR DR,,,,HOUSTON,KRISTI'S KITCHEN,29.668010622456,,,,HARRIS
Convenience Store,,77056,1.451798604707734e+19,TX,-95.462906681388,5085 WESTHEIMER RD # B2707,,,,HOUSTON,B & B NEWS & MORE,29.740630241244,,,,HARRIS
Supermarket,,77082,2.0263992239180529e+18,TX,-95.66007662832,15632 WESTPARK DR STE B,,,,HOUSTON,ALL DISCOUNT # 1 FOOD STORE,29.716236788213,,,,HARRIS
Seafood Market,,77055,1.8417957280931924e+19,TX,-95.488869441017,1430 PINE CHASE DR,,,,HOUSTON,TEXAS BLUE PACIFIC CRAB LLC,29.795588314568,,,,HARRIS
Meat Market,,77520,1.4393891597168034e+19,TX,-94.983974692696,1801 DECKER DR,,,,BAYTOWN,BAY AREA MEATS,29.743216888659,,,,HARRIS
Meat Market,,77009,1.1843151845551836e+18,TX,-95.381267746031,4614 N MAIN ST,,,,HOUSTON,EL OFERTON MEAT MARKET INC.,29.797028750264,,,,HARRIS
Liquor Store,,77375,1.0623513227995466e+19,TX,-95.59223847015,11709 BOUDREAUX RD STE 150,,,,TOMBALL,LIQUORS & MORE LLC,30.054524896674,,,,HARRIS
Specialty Food,,77587,1.2176053342361178e+19,TX,-95.236968708809,1220 HOUSTON BLVD STE A,,,,SOUTH HOUSTON,FRESCO & SABROSO,29.664429484655,,,,HARRIS
Convenience Store,,77032,1.7438861840309438e+19,TX,-95.304179918928,15935A LEE RD,,,,HOUSTON,MJ'S ALL SEASON FOOD STORE,29.951329220279,,,,HARRIS
Bakery,,77044,1.1529075974359872e+16,TX,-95.189193519061,13065 W LAKE HOUSTON PKWY,,,,HOUSTON,WESTCO DONUTS,29.924666177532,,,,HARRIS
Convenience Store,,77093,9.853098380614715e+18,TX,-95.35883456872,1811 LITTLE YORK RD,,,,HOUSTON,YORK QUICK STOP,29.870918625772,,,,HARRIS
Convenience Store,,77042,8.076706317230098e+18,TX,-95.562411309386,704 W SAM HOUSTON PKWY S STE 100,,,,HOUSTON,BELTWAY STOP FOOD MART,29.77645342909,,,,HARRIS
Liquor Store,,77005,2.702941313040402e+18,TX,-95.427767075162,5225 BUFFALO SPEEDWAY # A,,,,HOUSTON,HEB FOOD STORE #599,29.727270945691,,,,HARRIS
Convenience Store,,77071,5.00512476855011e+18,TX,-95.522555433134,8103 CREEKBEND DR STE E,,,,HOUSTON,LAZO'S BAKERY AND RESTAURANT,29.665414495277,,,,HARRIS
Convenience Store,,77075,7.974525542332974e+18,TX,-95.249162201776,9418 ALMEDA GENOA RD STE A,,,,HOUSTON,QUICK STOP,29.627073014521,,,,HARRIS
Liquor Store,,77379,1.6993004053504018e+19,TX,-95.533452241074,15854 CHAMPION FOREST DR,,,,SPRING,FOREST CHAMPION LIQUOR,30.004326513335,,,,HARRIS
Convenience Store,,77069,3.8888806903692186e+18,TX,-95.505601261157,5033 FM 1960 RD W STE 100,,,,HOUSTON,WILLOWBROOK FOOD STORE,29.983837898956,,,,HARRIS
Convenience Store,,77023,9.467031632766104e+17,TX,-95.328493772874,1001 TELEPHONE RD,,,,HOUSTON,PRIME FOOD MART,29.733406123523,,,,HARRIS
Convenience Store,,77007,9.33113595920812e+18,TX,-95.387795016351,735 STUDEWOOD ST,,,,HOUSTON,WOODS FOOD STORE,29.784555951783,,,,HARRIS
Liquor Store,,77530,1.629028671675415e+19,TX,-95.124544461967,532 SHELDON RD,,,,CHANNELVIEW,EL PATRON LIQUOR,29.782090004098,,,,HARRIS
Liquor Store,,77055,3.7205954226429164e+18,TX,-95.531245935555,1150 BUNKER HILL RD STE 100,,,,HOUSTON,COSTCO LIQUORS,29.787974327329,,,,HARRIS
Supermarket,,77034,1.024271722899717e+19,TX,-95.181208294808,951 FM 1959 RD,,,,HOUSTON,DESI BAZAAR GROCERIES,29.589577675643,,,,HARRIS
Liquor Store,,77521,1.6153377060446097e+19,TX,-95.032468147181,1703 EAST FWY,,,,BAYTOWN,LOVE'S TRAVEL STOP #401,29.797755203744,,,,HARRIS
Convenience Store,,77532,5.592006520679256e+18,TX,-95.048012642679,4303 HIGHWAY 90,,,,CROSBY,SNAPPY FOOD MART,29.911834389737,,,,HARRIS
Liquor Store,,77346,1.5317281040904176e+19,TX,-95.161659189142,18401 W LAKE HOUSTON PKWY STE A,,,,HUMBLE,AR'S LIQUOR,29.984749129499,,,,HARRIS
Specialty Food,,77036,5.635471634241965e+18,TX,-95.548642705388,10333 HARWIN DR STE 147,,,,HOUSTON,THE PROLOGUE DELI,29.716539762153,,,,HARRIS
Liquor Store,,77377,1.668226339961342e+19,TX,-95.699989111623,20820 CYPRESS ROSEHILL RD STE 200,,,,TOMBALL,SAS LIQUOR #9,30.06710074206,,,,HARRIS
Liquor Store,,77091,1.3052605243183417e+19,TX,-95.473376254175,5815 ANTOINE DR,,,,HOUSTON,HEB FOOD STORE #309,29.849633410896,,,,HARRIS
Convenience Store,,77055,1.8551293722129375e+18,TX,-95.475114733832,7208 WESTVIEW DR,,,,HOUSTON,F M EXPRESS FOOD MART,29.794582048825,,,,HARRIS
Liquor Store,,77071,1.6207227082025552e+19,TX,-95.528236902182,9906 S GESSNER DR,,,,HOUSTON,BRAEBURN LIQUOR,29.671222791521,,,,HARRIS
Liquor Store,,77016,7.878897111148968e+17,TX,-95.300604953083,11290 HOMESTEAD RD,,,,HOUSTON,JAY'S DISCOUNT LIQUOR,29.883263393516,,,,HARRIS
Bakery,,77521,1.8254331839923833e+19,TX,-94.990613477896,2901 W BAKER RD,,,,BAYTOWN,SERENA DONUT,29.769665142061,,,,HARRIS
Supermarket,,77036,8.421344760781097e+18,TX,-95.555278716436,9888 BELLAIRE BLVD # 136,,,,HOUSTON,YIN WALL CITY,29.704667728844,,,,HARRIS
Bakery,,77056,1.5788215148645075e+19,TX,-95.478095334959,574 CHIMNEY ROCK RD # 120,,,,HOUSTON,THREE BROTHERS BAKERY,29.764246982047,,,,HARRIS
Liquor Store,,77373,1.3958763711943332e+18,TX,-95.430141155116,19380 INTERSTATE 45 STE 150,,,,SPRING,SPRING VILLAGE BUSINESS LLC,30.04695554346,,,,HARRIS
Supermarket,,77055,1.1038802297457297e+19,TX,-95.50160206143,8620 LONG POINT RD,,,,HOUSTON,TIENDA HONDURENA LENCA'S,29.803061896351,,,,HARRIS
Bakery,,77056,1.3138347152138715e+19,TX,-95.464082175105,3363 MCCUE RD APT 430,,,,HOUSTON,BAKE AND BEYOND LLC,29.729197685311,,,,HARRIS
Convenience Store,,77013,2.1341620091578122e+18,TX,-95.218678701255,644 MAXEY RD STE A,,,,HOUSTON,MAXEY GAS & FOODMART,29.781729246816,,,,HARRIS
Liquor Store,,77042,3.030468964387015e+18,TX,-95.576171899136,728 WILCREST DR,,,,HOUSTON,D&R DISCOUNT LIQUOR,29.756751528949,,,,HARRIS
Convenience Store,,77429,1.8435852436554795e+19,TX,-95.629095444482,13817 CYPRESS NORTH HOUSTON RD,,,,CYPRESS,S A S LIQUOR #3,29.947365477925,,,,HARRIS
Bakery,,77504,7.163722616298737e+17,TX,-95.180960847698,5231 BURKE RD STE 800,,,,PASADENA,SNOWFLAKE DONUTS,29.631658464372,,,,HARRIS
Specialty Food,,77005,1.6262905655637524e+19,TX,-95.434287374529,3713 JARDIN ST,,,,HOUSTON,LA GRINGA GOURMET INC,29.713926380371,,,,HARRIS
Supermarket,,77055,8.739166929146302e+18,TX,-95.525884326995,9501 LONG POINT RD STE Y,,,,HOUSTON,VARIEDADES EL SALVADOR #2,29.79723550557,,,,HARRIS
Specialty Food,,77093,1.4456851114042544e+19,TX,-95.335450334981,11110 BENTLEY ST,,,,HOUSTON,LA CENTRO AMERICANA STORE,29.877264996567,,,,HARRIS
Liquor Store,,77014,8.612760441678942e+18,TX,-95.490553605875,13110 VETERANS MEMORIAL DR,,,,HOUSTON,S A S LIQUOR #6,29.977718417816,,,,HARRIS
Convenience Store,,77065,5.947615292633338e+18,TX,-95.584451809573,9010 JONES RD,,,,HOUSTON,RACEWAY #6782,29.903916658263,,,,HARRIS
Bakery,,77069,2.8563709809450225e+18,TX,-95.550683211012,13455 CUTTEN RD STE 1F,,,,HOUSTON,SNOWFLAKE DONUTS,29.989239676489,,,,HARRIS
Bakery,,77536,1.6692404741385767e+19,TX,-95.12379715002,803 CENTER ST,,,,DEER PARK,DONALD'S DONUTS,29.704963850016,,,,HARRIS
Supermarket,,77076,1.3564048214803761e+19,TX,-95.405440731229,442 W LITTLE YORK,,,,HOUSTON,FOOD TOWN #7,29.869892382511,,,,HARRIS
Liquor Store,,77018,1.7246970616257663e+19,TX,-95.429539662929,4212 ELLA BLVD STE A,,,,HOUSTON,LIM LIQUOR,29.827013590653,,,,HARRIS
Liquor Store,,77060,5.362728116291538e+16,TX,-95.399825108113,17539 IMPERIAL VALLEY DR,,,,HOUSTON,NEW GREEN'S DISCOUNT LIQUOR,29.952516969781,,,,HARRIS
Convenience Store,,77449,8.278645289026471e+18,TX,-95.718676966276,5803 FRY RD STE 107,,,,KATY,CAFE PINAR LLC,29.854999630145,,,,HARRIS
Specialty Food,,77388,5.202315650735951e+18,TX,-95.464986235537,3215 ENCHANTED HOLLOW LN,,,,SPRING,"VENDEXTX, LLC",30.064276675531,,,,HARRIS
Convenience Store,,77077,4.822097954883587e+18,TX,-95.631686012151,13655 WESTHEIMER RD,,,,HOUSTON,WEST OAK FOOD STORE,29.735608653287,,,,HARRIS
Specialty Food,,77072,8.905781022952934e+18,TX,-95.583217837947,11602 BELLAIRE BLVD STE A,,,,HOUSTON,GA U MUOI HOA TIEU HOUSTON,29.70383095494,,,,HARRIS
Supermarket,,77085,1.4961994936708055e+19,TX,-95.474101987913,6031 LARK HAVEN LN,,,,HOUSTON,HMNOS BARRERA PRODUCE,29.635561621017,,,,HARRIS
Liquor Store,,77067,1.1167343430318967e+19,TX,-95.462374799094,10811 VETERANS MEMORIAL DR STE 700,,,,HOUSTON,M & N LIQUOR,29.940504212713,,,,HARRIS
Convenience Store,,77020,1.4014422815383393e+18,TX,-95.301107001367,627 LATHROP ST,,,,HOUSTON,FRANCO'S DRIVE IN GROCERY,29.777773972478,,,,HARRIS
Liquor Store,,77373,1.308454889179259e+19,TX,-95.34527697508,22736 CYPRESSWOOD DR,,,,SPRING,CYPRESS BEVERAGE,30.043086138167,,,,HARRIS
Specialty Food,,77024,3.2811465093508163e+18,TX,-95.560897961778,801 TOWN AND COUNTRY BLVD STE A130,,,,HOUSTON,"JENI'S SPLENDID ICE CREAMS, LLC",29.782665509147,,,,HARRIS
Liquor Store,,77586,1.4819313375259152e+19,TX,-95.024913582708,1904 EL MAR LN STE C,,,,SEABROOK,LI HILLS,29.57019712871,,,,HARRIS
Liquor Store,,77377,3.8525819039961093e+18,TX,-95.69767232106,19109 CYPRESS ROSEHILL RD STE 200,,,,TOMBALL,SAS LIQUOR #10,30.045037893404,,,,HARRIS
Convenience Store,,77070,1.5934998381938362e+19,TX,-95.58970643894,11410 LOUETTA RD,,,,HOUSTON,EXPRESS FOOD STOP #5,29.996692057929,,,,HARRIS
Liquor Store,,77056,9.231130354659054e+18,TX,-95.461870631295,5016 SAN FELIPE ST,,,,HOUSTON,TOTAL WINE SPIRITS BEER & MORE,29.750381759679,,,,HARRIS
Liquor Store,,77037,9.051648469243481e+18,TX,-95.402257203037,10508 AIRLINE DR STE B,,,,HOUSTON,AIRLINE LIQUOR STORE,29.907707286384,,,,HARRIS
Supermarket,,77036,2.8649006085612667e+18,TX,-95.544743163381,9168 BELLAIRE BLVD,,,,HOUSTON,YAN ON GINSENG CO,29.704993115868,,,,HARRIS
Convenience Store,,77064,8.720650356896583e+18,TX,-95.550770904402,11926 NEW MEADOW DR,,,,HOUSTON,LA RANCHERITA DELI MINI MART,29.946314107615,,,,HARRIS
Convenience Store,,77034,6.532303039125604e+18,TX,-95.204191807255,12420 PALMSPRINGS DR,,,,HOUSTON,#1 FOOD STORE,29.623610208746,,,,HARRIS
Liquor Store,,77049,1.6240804787443945e+19,TX,-95.128144724976,10317 SHELDON RD STE A,,,,HOUSTON,CHEERS LIQUOR STORE,29.86477863678,,,,HARRIS
Supermarket,,77373,1.1488237783727229e+19,TX,-95.411187467154,25702 ALDINE WESTFIELD RD STE 902,,,,SPRING,DELICITALY,30.074440976193,,,,HARRIS
Convenience Store,,77021,6.876250249479672e+18,TX,-95.342141292593,4901 GRIGGS RD,,,,HOUSTON,GRIGGS FOOD STORE,29.699829779266,,,,HARRIS
Liquor Store,,77092,1.7534028462507182e+19,TX,-95.486209724885,6433 W 43RD ST,,,,HOUSTON,HEB FOOD STORE #646,29.833136968329,,,,HARRIS
Convenience Store,,77521,4.65899569894708e+18,TX,-94.939423381375,2401 MASSEY TOMPKINS RD,,,,BAYTOWN,SNACK TIME FOOD MART #3,29.765860352059,,,,HARRIS
Liquor Store,,77040,7.720408450039892e+18,TX,-95.515486166375,8102 W TIDWELL RD STE E,,,,HOUSTON,EAGLE LIQUOR 2,29.850980960309,,,,HARRIS
Liquor Store,,77079,6.465109236177979e+18,TX,-95.604350176796,14540 MEMORIAL DR,,,,HOUSTON,HEB E-COMMERCE FULFILLMENT CENTER #758,29.77018910457,,,,HARRIS
Liquor Store,,77083,7.055597250382217e+18,TX,-95.66407298132,15707 BELLAIRE BLVD,,,,HOUSTON,HEB PANTRY FOODS #317,29.699702712118,,,,HARRIS
Confectionery,,77005,1.2923240435205951e+19,TX,-95.417818179628,2567 AMHERST ST,,,,HOUSTON,"SEE'S CANDY SHOPS, INCORPORATED",29.71579857481,,,,HARRIS
Supermarket,,77054,7.135879677016972e+17,TX,-95.383506848177,3131 PAWNEE ST,,,,HOUSTON,GERLAND CORPORATION,29.689149692708,,,,HARRIS
Convenience Store,,77029,1.049816899136981e+19,TX,-95.247626280593,1234 MERCURY DR,,,,HOUSTON,JACK'S GROCERY #18,29.768356156091,,,,HARRIS
Convenience Store,,77041,1.555552050800514e+19,TX,-95.588143892541,12222 FM 529 RD,,,,HOUSTON,CIRCLE S FOOD STORE #2,29.880129475059,,,,HARRIS
Liquor Store,,77346,5.832016807332236e+18,TX,-95.151874762861,8142 FM 1960 RD E,,,,HUMBLE,STAGECOACH LIQUOR,30.004071849567,,,,HARRIS
Convenience Store,,77520,5.826556688670281e+18,TX,-94.973260915174,620 PARK ST,,,,BAYTOWN,JACKS GROCERY #2,29.746576137991,,,,HARRIS
Convenience Store,,77093,1.2218194683948319e+19,TX,-95.342671282097,7403 JENSEN DR,,,,HOUSTON,JENSEN FOOD MART,29.826632296297,,,,HARRIS
Convenience Store,,77571,1.5265312414357539e+19,TX,-95.030543215719,1022 HIGHWAY 146 S,,,,LA PORTE,JACK'S GROCERY # 1,29.653358572035,,,,HARRIS
Liquor Store,,77061,5.183013703243023e+18,TX,-95.28912319928,6790 TELEPHONE RD,,,,HOUSTON,ROMA LIQUOR,29.662055036311,,,,HARRIS
Convenience Store,,77087,5.332082150365742e+18,TX,-95.307331666113,6810 LONG DR,,,,HOUSTON,HANDI STOP #51,29.685535417333,,,,HARRIS
Liquor Store,,77346,8.0756424137286e+17,TX,-95.168202714985,7130 FM 1960 RD E,,,,HUMBLE,HEB PANTRY FOODS #336,29.998189725384,,,,HARRIS
Liquor Store,,77345,1.0914436836282094e+19,TX,-95.18195494606,4517 KINGWOOD DR,,,,KINGWOOD,HEB FOOD STORE #720,30.051008340728,,,,HARRIS
Bakery,,77070,2.8421054906910157e+18,TX,-95.597608305069,11603 SNOWMASS DR,,,,HOUSTON,"3 LECHES BAKERY AND CAFE, LLC",29.974921416623,,,,HARRIS
Supermarket,,77598,4.083278091408919e+18,TX,-95.154605661142,14212 HIGHWAY 3 STE E,,,,WEBSTER,HWY 3 HALAL GROCERS,29.576688269633,,,,HARRIS
Liquor Store,,77379,3.0808502713524435e+17,TX,-95.519347058272,6074 FM 2920 RD,,,,SPRING,CHAMPIONS LIQUOR,30.074116506084,,,,HARRIS
Convenience Store,,77018,1.7607574436637524e+19,TX,-95.446121552591,3409 W T C JESTER BLVD,,,,HOUSTON,1 STOP FOOD MART,29.817268516769,,,,HARRIS
Supermarket,,77375,1.471980277058393e+19,TX,-95.55476793864,24419 KUYKENDAHL RD,,,,TOMBALL,KUYKENDAHL CITGO,30.115968987893,,,,HARRIS
Supermarket,,77027,1.226511322655509e+18,TX,-95.444175572707,3255 LAS PALMAS ST APT 608,,,,HOUSTON,HISPANO MARKET LLC,29.736378950079,,,,HARRIS
Supermarket,,77070,1.4844395462944768e+19,TX,-95.551926746661,8320 FM 1960 RD W # B,,,,HOUSTON,FIESTA MART # 20,29.957090159344,,,,HARRIS
Supermarket,,77037,8.52175836477373e+18,TX,-95.408826188549,11721 AIRLINE DR,,,,HOUSTON,SIEMPRE GROCERY,29.925529069726,,,,HARRIS
Supermarket,,77598,1.704167649512281e+19,TX,-95.14143881409,570 EL DORADO BLVD,,,,WEBSTER,FOOD TOWN #210,29.561322608572,,,,HARRIS
Liquor Store,,77045,1.5903385614260062e+19,TX,-95.445997455485,14017 HIRAM CLARKE RD # B2,,,,HOUSTON,O & D LIQUOR,29.623602772087,,,,HARRIS
Bakery,,77058,1.133042496375759e+19,TX,-95.101529584392,1208 NASA PKWY,,,,NASSAU BAY,DONUT FACTORY,29.54730469344,,,,HARRIS
Bakery,,77036,6.703706248499185e+18,TX,-95.555269922948,9908 BEECHNUT ST STE A,,,,HOUSTON,PANADERIA TIERRA CALIENTE,29.689272551934,,,,HARRIS
Liquor Store,,77375,7.069359784882226e+18,TX,-95.594276006087,25241 FM 2978 RD STE C,,,,TOMBALL,H & D LIQUOR,30.129094477233,,,,HARRIS
Supermarket,,77039,1.211130038384619e+19,TX,-95.327354736322,4531 ALDINE MAIL ROUTE RD,,,,HOUSTON,NUMBER ONE ALDINE FOOD STORE,29.902712405675,,,,HARRIS
Liquor Store,,77082,1.6774758392207593e+19,TX,-95.653722674248,15209 WESTHEIMER RD STE 120,,,,HOUSTON,LIQUOR EXPRESS & WHOLESALE INC.,29.732326786991,,,,HARRIS
Liquor Store,,77055,9.583811917725977e+18,TX,-95.540230079702,10001 LONG POINT RD STE J,,,,HOUSTON,"USA NO2 LIQUOR, LLC",29.794186036143,,,,HARRIS
Convenience Store,,77056,4.3131248678613325e+18,TX,-95.462161983697,5015 WESTHEIMER RD STE TT115,,,,HOUSTON,GRAB N GO,29.740675374414,,,,HARRIS
Liquor Store,,77504,7.774976399798322e+18,TX,-95.190661837952,3544 SPENCER HWY STE B,,,,PASADENA,DOS AMIGOS LIQUOR,29.664977451482,,,,HARRIS
Convenience Store,,77014,9.306765284423256e+18,TX,-95.486652747325,12675 VETERANS MEMORIAL DR STE D,,,,HOUSTON,VARIEDADES LA ORIENTAL,29.972257006079,,,,HARRIS
Bakery,,77062,1.2544096841948545e+19,TX,-95.155076825795,1113 CLEAR LAKE CITY BLVD,,,,HOUSTON,JUSTIN FOODS INC,29.581881090424,,,,HARRIS
Liquor Store,,77373,5.611904811333731e+18,TX,-95.348025499816,5663 TREASCHWIG RD,,,,SPRING,A N LIQUOR,30.04444059553,,,,HARRIS
Bakery,,77086,6.957417478647927e+18,TX,-95.48817991132,13411 STATE HIGHWAY 249 STE 3,,,,HOUSTON,"HSNG, LLC",29.916154825497,,,,HARRIS
Supermarket,,77040,7.610681219939255e+18,TX,-95.503807096474,7439 LANGTRY ST,,,,HOUSTON,WEI-CHUAN U S A INC,29.839217175586,,,,HARRIS
Supermarket,,77015,1.788732001067056e+19,TX,-95.177865601819,1119 FREEPORT ST,,,,HOUSTON,NUEVO LEON MEAT MARKET #1,29.774479851646,,,,HARRIS
Supermarket,,77092,3.5316670928763494e+17,TX,-95.477104062316,6010 W TIDWELL RD STE E,,,,HOUSTON,HONDUMEX VARIEDADES,29.849727442515,,,,HARRIS
Meat Market,,77086,1.215984748172085e+19,TX,-95.488583613791,13572 STATE HIGHWAY 249,,,,HOUSTON,CASA DEL PUEBLO MEAT MARKET #3 STE B,29.916775352034,,,,HARRIS
Convenience Store,,77054,1.8378777666064828e+19,TX,-95.384368180055,2920 ALICE ST,,,,HOUSTON,CURATED CONVENIENCES LLC,29.696477727036,,,,HARRIS
Supermarket,,77067,1.8443274641248633e+19,TX,-95.436260155275,1050 W RANKIN RD STE 230-240,,,,HOUSTON,LA MONARCA MEAT MARKET #2,29.965466623494,,,,HARRIS
Convenience Store,,77056,1.1258598671467762e+19,TX,-95.46693317342,5216 RICHMOND AVE,,,,HOUSTON,EKKO FUEL,29.731615508492,,,,HARRIS
Liquor Store,,77028,9.95684910099381e+18,TX,-95.301961960979,8014 HOMESTEAD RD,,,,HOUSTON,HOMESTEAD LIQUOR INC,29.835062710808,,,,HARRIS
Liquor Store,,77084,1.055664175611919e+19,TX,-95.688215449906,1880 BARKER CYPRESS RD,,,,HOUSTON,NEW EXPRESS LIQUOR,29.795442613554,,,,HARRIS
Convenience Store,,77070,1.681330532556474e+19,TX,-95.584710310863,11702 JONES RD,,,,HOUSTON,ROYAL #1,29.944773938059,,,,HARRIS
Specialty Food,,77077,5.93612347359024e+18,TX,-95.632111800149,13823 CADY CT,,,,HOUSTON,LUCKY STAR TRADING,29.761402165454,,,,HARRIS
Convenience Store,,77099,3.521451043650453e+17,TX,-95.588756699419,11916 BISSONNET ST STE 135,,,,HOUSTON,ANA MULTISERVICE,29.675369302684,,,,HARRIS
Specialty Food,,77004,1.2667470057568485e+19,TX,-95.347626363263,3801 CULLEN BLVD,,,,HOUSTON,SMOOTHIE KING #262,29.72020787305,,,,HARRIS
Liquor Store,,77040,1.635752194430188e+19,TX,-95.53751309383,8227 WINDFERN RD,,,,HOUSTON,PARTY PANTRY LIQUOR,29.890697260245,,,,HARRIS
Supermarket,,77036,1.4836963255498394e+19,TX,-95.5426808532,9006-9008 BEECHNUT ST,,,,HOUSTON,LA PLACITA II,29.690665118729,,,,HARRIS
Convenience Store,,77429,1.2402933278432055e+19,TX,-95.629098806752,13819 CYPRESS NORTH HOUSTON RD,,,,CYPRESS,S A S LIQUOR #3,29.947365477925,,,,HARRIS
Convenience Store,,77433,1.6983991957382844e+19,TX,-95.697740365595,18918 FM 529 RD BLDG A,,,,CYPRESS,CA MAU FOODS MARKET,29.879914441304,,,,HARRIS
Convenience Store,,77023,8.328804484141044e+18,TX,-95.297475681797,7325 SANTIAGO ST,,,,HOUSTON,HOMIES,29.725201200781,,,,HARRIS
Liquor Store,,77007,1.809187055769933e+19,TX,-95.381320308221,2098 TAYLOR ST,,,,HOUSTON,TWIN LIQUORS,29.775839227881,,,,HARRIS
Convenience Store,,77035,8.637178772597522e+18,TX,-95.508368867614,12320-12322 FONDREN RD,,,,HOUSTON,AFRICAN FARMS,29.643710642021,,,,HARRIS
Liquor Store,,77379,5.982523736474668e+18,TX,-95.501974144718,18311 T C JESTER BLVD STE D,,,,SPRING,ALL DAY LIQUOR LLC,30.03111311523,,,,HARRIS
Convenience Store,,77065,7.389683814831246e+18,TX,-95.617455006566,11945 BARWOOD BEND DR STE A,,,,HOUSTON,GET N GO,29.946726362198,,,,HARRIS
Specialty Food,,77373,1.4852592310267298e+19,TX,-95.428215155659,23927 KINGBRIAR DR,,,,SPRING,WITCHES BREW COFFEE,30.107526974191,,,,HARRIS
Produce Market,,77040,1.0848942627109685e+19,TX,-95.499255838189,7207 SAWMILL TRL,,,,HOUSTON,NICA CASTRO PRODUCE,29.88822576718,,,,HARRIS
Liquor Store,,77004,5.952190943239491e+18,TX,-95.373849143618,2533 SOUTHMORE BLVD # B,,,,HOUSTON,HAUS OF MARGARITA,29.720246507708,,,,HARRIS
Convenience Store,,77587,5.797494542502022e+18,TX,-95.234291492791,2208 MAIN ST,,,,SOUTH HOUSTON,GRAB N GO,29.653372737608,,,,HARRIS
Bakery,,77005,1.779607409992003e+19,TX,-95.417751748637,2563 AMHERST ST STE A134,,,,HOUSTON,"SPRINKLES CUPCAKES, LLC",29.715798914609,,,,HARRIS
Convenience Store,,77038,1.696975950739592e+19,TX,-95.424414868791,433 WEST RD,,,,HOUSTON,MAK'S,29.914850481206,,,,HARRIS
Liquor Store,,77429,1.0111767114989191e+19,TX,-95.611750574793,13744 N ELDRIDGE PKWY,,,,CYPRESS,QUALITY LICENSING CORP.(STORE #3506)FUEL CENTER,29.981391830444,,,,HARRIS
Liquor Store,,77081,5.762340535172629e+17,TX,-95.481968995791,5716 BELLAIRE BLVD STE D-1,,,,HOUSTON,W&S LIQUOR STORE,29.705622177127,,,,HARRIS
Specialty Food,,77004,3.5460483225972424e+18,TX,-95.33899305822,4500 UNIVERSITY DR,,,,HOUSTON,SMOOTHIE KING #403,29.718921877335,,,,HARRIS
Supermarket,,77375,2.775239628045765e+18,TX,-95.619518957967,617 W MAIN ST,,,,TOMBALL,JACK'S SUPER STORE,30.095622215786,,,,HARRIS
Convenience Store,,77036,1.140784711040364e+19,TX,-95.547836480203,5870 RANCHESTER DR STE 625,,,,HOUSTON,TG TWINGIRLS - ASIAN SHOP,29.714812163126,,,,HARRIS
Convenience Store,,77048,5.695578201529469e+18,TX,-95.333447024366,5631 SELINSKY RD # B,,,,HOUSTON,STOP MINI MART,29.637565049247,,,,HARRIS
Convenience Store,,77039,1.3928088450345945e+19,TX,-95.355156345592,12815 ALDINE WESTFIELD RD STE 12825,,,,HOUSTON,BARATOS SUPERMARKET,29.900889020142,,,,HARRIS
Specialty Food,,77060,8.032427801174954e+18,TX,-95.407465830521,12132 GREENSPOINT DR,,,,HOUSTON,"SMOOTHIE MANAGEMENT, INC.",29.943486069648,,,,HARRIS
Liquor Store,,77072,3.335519684221092e+18,TX,-95.591240889348,12087 BEECHNUT ST,,,,HOUSTON,NOVA LIQUOR,29.688809152746,,,,HARRIS
Supermarket,,77373,1.3020219389791914e+19,TX,-95.411187467154,25702 ALDINE WESTFIELD RD STE 502,,,,SPRING,IMPORT39 LLC,30.074440976193,,,,HARRIS
Convenience Store,,77506,1.5444702717628072e+19,TX,-95.189784001681,1705 JENKINS RD APT 487,,,,PASADENA,KINGS FOOD,29.696147099863,,,,HARRIS
Liquor Store,,77082,5.130390607984281e+18,TX,-95.644244223008,3506 SOUTH HIGHWAY 6 SOUTH,,,,HOUSTON,QUALITY LICENSING CORP STORE # 772,29.718417216999,,,,HARRIS
Convenience Store,,77082,8.353903024868444e+18,TX,-95.653612431026,15205 WESTHEIMER RD STE A,,,,HOUSTON,WESTOAK FOOD MART,29.732428305926,,,,HARRIS
Supermarket,,77041,1.3000837757575221e+17,TX,-95.613340842859,13703 FM 529 RD STE A,,,,HOUSTON,HUY MARKET LLC,29.879429510473,,,,HARRIS
Convenience Store,,77012,1.0664862699535252e+18,TX,-95.284280920661,7844 AVENUE E,,,,HOUSTON,MI PUEBLITO FOOD MART,29.732909075979,,,,HARRIS
Bakery,,77598,2.9569873316186194e+18,TX,-95.146227514007,435 EL DORADO BLVD STE 10,,,,WEBSTER,DONALD'S DONUTS,29.558370209849,,,,HARRIS
Convenience Store,,77532,1.2248079149225757e+19,TX,-95.063639438479,5202 S MAIN ST,,,,CROSBY,DANNY'S,29.905435685783,,,,HARRIS
Liquor Store,,77373,1.3280211380726483e+19,TX,-95.404444772165,24807 ALDINE WESTFIELD RD,,,,SPRING,QUALITY LICENSING CORP STORE #5353 FUEL CENTER,30.064919870339,,,,HARRIS
Meat Market,,77035,1.4070661052770961e+19,TX,-95.463995447516,11210 SOUTH POST OAK RD,,,,HOUSTON,LA MICHOACANA MEAT MARKET #23,29.656086599595,,,,HARRIS
Convenience Store,,77338,9.694512299063527e+18,TX,-95.250529180188,411 ISAACKS RD,,,,HUMBLE,ISAACKS FOOD MART,29.992904986564,,,,HARRIS
Specialty Food,,77095,9.142349726330339e+18,TX,-95.637590639007,8303 HIGHWAY 6 N STE B,,,,HOUSTON,LA MICHOACANA AUTENTICA,29.897412938527,,,,HARRIS
Convenience Store,,77036,1.163287986423284e+18,TX,-95.509892352634,7106 CLAREWOOD DR,,,,HOUSTON,EVERYBODY'S SMOKE & CONVENIENCE STORE,29.708329395339,,,,HARRIS
Specialty Food,,77346,2.5741370443386245e+18,TX,-95.19865685302,5328 FM 1960 RD E STE B,,,,HUMBLE,WATER TREE HUMBLE,29.998895753944,,,,HARRIS
Convenience Store,,77072,1.8172303168751485e+19,TX,-95.571340976114,6117 WILCREST DR,,,,HOUSTON,TIENDA EL TIKAL,29.71481442473,,,,HARRIS
Convenience Store,,77039,1.7897280694272936e+19,TX,-95.336283891787,3701 ALDINE MAIL ROUTE RD,,,,HOUSTON,MI TIENDA FOOD MART,29.902534487811,,,,HARRIS
Supermarket,,77073,1.574759512685781e+19,TX,-95.460154796466,2128 FM 1960 RD,,,,HOUSTON,ISLAZUL CUBAN MARKET LLC,30.009086560039,,,,HARRIS
Liquor Store,,77076,1.2508457569924895e+19,TX,-95.384788001859,6743 AIRLINE DR,,,,HOUSTON,TEXANS DISCOUNT LIQUOR,29.860524644255,,,,HARRIS
Liquor Store,,77007,9.504152805607164e+18,TX,-95.383955920194,2580 SHEARN,,,,HOUSTON,TARGET STORE T-2093,29.774575486335,,,,HARRIS
Specialty Food,,77008,1.6469306454401696e+19,TX,-95.400339505671,250 W 20TH ST STE 100,,,,HOUSTON,SNAP KITCHEN #15,29.803891745985,,,,HARRIS
Specialty Food,,77036,1.0566438200130882e+19,TX,-95.516652497081,100 SHARPSTOWN CTR STE 1240,,,,HOUSTON,HIELO BELLO,29.705524114809,,,,HARRIS
Bakery,,77084,1.7872940788154649e+19,TX,-95.645749974276,4375 HIGHWAY 6 N,,,,HOUSTON,CAFE LATINO PANADERIA Y PUPUSERIA,29.837780727746,,,,HARRIS
Confectionery,,77098,1.6531181055145955e+19,TX,-95.425208409655,3262 WESTHEIMER RD # 949,,,,HOUSTON,CHOCOLOTTA,29.742188547138,,,,HARRIS
Liquor Store,,77433,1.513749933222332e+19,TX,-95.723808093623,7016 FRY RD STE B3,,,,CYPRESS,DIVINE LIQUOR,29.880138488792,,,,HARRIS
Supermarket,,77055,2.2298428496872264e+18,TX,-95.457044742053,1291 N POST OAK RD STE 180,,,,HOUSTON,"DRDELICACY, LLC",29.79084942295,,,,HARRIS
Convenience Store,,77521,7.167223964686567e+18,TX,-94.97921635055,5107 EAST FWY,,,,BAYTOWN,GARTH RD VALERO,29.805468937753,,,,HARRIS
Supermarket,,77089,1.3400540826112311e+19,TX,-95.20135734547,12790 SCARSDALE BLVD,,,,HOUSTON,MY QUANG MARKET,29.595902362837,,,,HARRIS
Supermarket,,77084,9.093789287053215e+18,TX,-95.68650949509,3700 BARKER CYPRESS RD STE 100,,,,HOUSTON,LA MICHOACANA SUPERMARKET #20,29.82410604451,,,,HARRIS
Bakery,,77083,1.291302270360042e+19,TX,-95.622695805017,13646 BISSONNET ST STE D,,,,HOUSTON,SHIPLEY'S DONUTS,29.681075704133,,,,HARRIS
Specialty Food,,77070,6.123484704328599e+18,TX,-95.584960410037,12333 JONES RD,,,,HOUSTON,CRESCENT MOON COFFEE BAR,29.953279103983,,,,HARRIS
Liquor Store,,77336,1.5723879998258432e+19,TX,-95.110927837594,29220 HUFFMAN CLEVELAND RD STE D,,,,HUFFMAN,S A S LIQUOR #2,30.07763997859,,,,HARRIS
Bakery,,77056,1.2306467628276992e+19,TX,-95.462906681388,5085 WESTHEIMER RD STE TT116,,,,HOUSTON,NOIX BAKERY & COFFEE LLC,29.740630241244,,,,HARRIS
Liquor Store,,77401,8.440784870174706e+18,TX,-95.482777336201,5815 BISSONNET ST,,,,BELLAIRE,BARGAIN LIQUOR,29.700018622542,,,,HARRIS
Bakery,,77401,6.638360506882868e+18,TX,-95.451783987151,4501 BISSONNET ST,,,,BELLAIRE,SHIPLEY'S DONUTS,29.715801289262,,,,HARRIS
Specialty Food,,77058,1.7619512329453745e+18,TX,-95.088700132182,2020 NASA PKWY STE 260,,,,NASSAU BAY,DANIEL CASSO MD,29.551509719975,,,,HARRIS
Liquor Store,,77071,4.2317905732254406e+17,TX,-95.528103498475,11242 S GESSNER DR,,,,HOUSTON,QUALITY LICENSING CORP #3542,29.656669327948,,,,HARRIS
Convenience Store,,77039,5.663630860571593e+18,TX,-95.332020872505,12425 JOHN F KENNEDY BLVD STE 100,,,,HOUSTON,STAR FOOD,29.904987497414,,,,HARRIS
Bakery,,77088,1.4931197488999778e+19,TX,-95.472809033738,7220 ANTOINE DR,,,,HOUSTON,SHIPLEY DONUTS #3,29.865857993716,,,,HARRIS
Liquor Store,,77338,1.6458002649917247e+19,TX,-95.315487505186,7211 FM 1960 RD W STE 260,,,,HUMBLE,A1 LIQUOR,30.006062361235,,,,HARRIS
Convenience Store,,77587,4.307868193696007e+18,TX,-95.210143291031,902 S ALLEN GENOA RD STE A,,,,SOUTH HOUSTON,A J FOOD STORE,29.657507805929,,,,HARRIS
Produce Market,,77002,2.0695054133952038e+18,TX,-95.360255678272,225 MAIN ST,,,,HOUSTON,DIFFERENTTOUCH LLC,29.762759756541,,,,HARRIS
Liquor Store,,77379,6.832294624764513e+18,TX,-95.575156948309,20311 CHAMPION FOREST DR,,,,SPRING,HEB FOOD STORE #725,30.055535608247,,,,HARRIS
Liquor Store,,77017,2.0850400004359626e+18,TX,-95.22795162065,2620 S RICHEY ST,,,,HOUSTON,RICHEY HILL'S LIQUOR,29.680528445923,,,,HARRIS
Bakery,,77072,1.826649522752332e+19,TX,-95.582541835034,11528 BELLAIRE BLVD STE E,,,,HOUSTON,LEDUC GOURMET BAKERY,29.703832117384,,,,HARRIS
Liquor Store,,77096,9.986245145641795e+17,TX,-95.508485261374,10103 FONDREN RD STE 150,,,,HOUSTON,HAROVA LIQUOR LC,29.669697325121,,,,HARRIS
Convenience Store,,77036,1.2501709102764673e+19,TX,-95.547440482708,9700 CLUB CREEK DR STE A,,,,HOUSTON,SUPERMERCADO EL PAISANO,29.679441380494,,,,HARRIS
Convenience Store,,77091,1.717583766589383e+19,TX,-95.446467541124,2401 W LITTLE YORK RD,,,,HOUSTON,LUCKY FOOD STORE,29.86342248875,,,,HARRIS
Confectionery,,77032,1.4669694253476563e+19,TX,-95.348412711738,2800 N TERMINAL RD STE A-7,,,,HOUSTON,WHICH WICH,29.987351671091,,,,HARRIS
Liquor Store,,77031,1.2160797323737055e+19,TX,-95.53079154902,8674 S BRAESWOOD BLVD,,,,HOUSTON,CAMELOT WINE AND SPIRITS,29.671563378174,,,,HARRIS
Supermarket,,77009,1.5193764438370306e+19,TX,-95.356112451463,3611 COCHRAN ST,,,,HOUSTON,LEUNG'S FOOD MARKET,29.793308033103,,,,HARRIS
Convenience Store,,77006,1.1448164672743293e+19,TX,-95.4015212071,1660 WESTHEIMER RD STE AANDB,,,,HOUSTON,HOLLYWOOD FOOD STORE,29.742847103272,,,,HARRIS
Supermarket,,77084,3.462514770827038e+18,TX,-95.68650949509,3700 BARKER CYPRESS RD STE A,,,,HOUSTON,LA MICHOACANA SUPERMARKET #20,29.82410604451,,,,HARRIS
Liquor Store,,77377,1.0388473310379592e+19,TX,-95.680520456997,16844 FM 2920 RD STE 101,,,,TOMBALL,S A S LIQUOR #8,30.079578725939,,,,HARRIS
Convenience Store,,77093,1.7473695878763991e+19,TX,-95.342929396126,9103 JENSEN DR,,,,HOUSTON,HANDISTOP,29.843554906291,,,,HARRIS
Liquor Store,,77532,2.122216392014578e+18,TX,-95.054978663223,3309 HIGHWAY 90 STE 400,,,,CROSBY,S A S LIQUOR #5,29.900105783523,,,,HARRIS
Liquor Store,,77036,1.2924820810513334e+19,TX,-95.521535679929,7710 BELLAIRE BLVD STE S,,,,HOUSTON,LULU LIQUOR,29.705198278381,,,,HARRIS
Liquor Store,,77082,1.024333421177178e+19,TX,-95.614758248878,4010 SYNOTT RD STE B,,,,HOUSTON,UNIQUE LIQUOR,29.713593272838,,,,HARRIS
Bakery,,77018,1.2158645851630879e+19,TX,-95.451398419638,2206 HIALEAH DR,,,,HOUSTON,BREAD & BUTTER HTX LLC,29.826824339053,,,,HARRIS
Convenience Store,,77003,1.0819100501842477e+19,TX,-95.353739734291,2711 LEELAND ST,,,,HOUSTON,GROCERY ONE,29.743659011727,,,,HARRIS
Convenience Store,,77099,9.081312777377745e+17,TX,-95.574524077598,8703 BOONE RD,,,,HOUSTON,SHORT TRIP FOOD MART,29.683647957514,,,,HARRIS
Liquor Store,,77388,1.7616873833461928e+19,TX,-95.468810451572,21950 MEADOWHILL DR STE B,,,,SPRING,SAVE A STEP LIQUOR,30.082056251457,,,,HARRIS
Liquor Store,,77357,1.5833338184229865e+19,TX,-95.122272884587,32165 FM 1485 RD,,,,NEW CANEY,CASEY RIDGE PACKAGE STORE,30.145412466087,,,,HARRIS
Liquor Store,,77450,7.550822547875712e+18,TX,-95.733844028688,20660 WESTHEIMER PKWY STE I,,,,KATY,HAPPY DAY DAIQUIRIS,29.738642857038,,,,HARRIS
Liquor Store,,77055,1.6967687989181172e+19,TX,-95.484844045228,1414 WIRT RD,,,,HOUSTON,HEB PANTRY FOODS #440,29.795489929638,,,,HARRIS
Liquor Store,,77429,1.4527967836522564e+19,TX,-95.622314523974,13133B LOUETTA RD,,,,CYPRESS,M & R LIQUORS VIII,29.995118207608,,,,HARRIS
Bakery,,77081,6.409981501449455e+18,TX,-95.495623671137,6121 HILLCROFT ST STE E,,,,HOUSTON,ALL OCASION CAKE SUPPLY,29.713737902921,,,,HARRIS
Supermarket,,77055,1.7473591500301552e+19,TX,-95.469780881198,6806 LONG POINT RD STE E,,,,HOUSTON,HOUSTON CARIBBEAN MARKET,29.802958093295,,,,HARRIS
Supermarket,,77036,7.878145891024782e+18,TX,-95.555270443126,9889 BELLAIRE BLVD BLDG B,,,,HOUSTON,"GW SUPERMARKET OF HOUSTON, INC",29.704553363174,,,,HARRIS
Convenience Store,,77036,5.919364814908903e+18,TX,-95.519937300716,5725 FONDREN RD,,,,HOUSTON,FONDREN CONOCO,29.719143408032,,,,HARRIS
Specialty Food,,77032,1.8298439461732554e+18,TX,-95.331583974888,3950 S TERMINAL RD,,,,HOUSTON,YOGEN FRUZ-BAGELS,29.985931445023,,,,HARRIS
Convenience Store,,77586,3.4699019888344607e+18,TX,-95.049054578374,3528 NASA RD 1,,,,SEABROOK,SEE N STOP GROCERY,29.564220072761,,,,HARRIS
Liquor Store,,77449,5.947145718568239e+17,TX,-95.720463601123,6133 N FRY RD STE C,,,,KATY,GM LIQUOR,29.862931456602,,,,HARRIS
Liquor Store,,77520,1.3001977802923854e+19,TX,-94.95663635909,706 N ALEXANDER DR SPC 101,,,,BAYTOWN,U F O LIQUOR STORE,29.733328577317,,,,HARRIS
Liquor Store,,77040,1.4393157712854272e+19,TX,-95.524753548201,7410 FAIRBANKS N HOUSTON RD STE E,,,,HOUSTON,"FARIBANKS LIQUOR SELECTION, INC.",29.884459990642,,,,HARRIS
Supermarket,,77061,3.3608304515745434e+17,TX,-95.27715932667,8318 BROADWAY ST,,,,HOUSTON,STOP N DRIVE,29.672114909765,,,,HARRIS
Specialty Food,,77018,3.425388510495558e+17,TX,-95.419233055249,965 PINEMONT DR # 700,,,,HOUSTON,MARCHESE'S KITCHEN,29.840962854045,,,,HARRIS
Convenience Store,,77070,2.204604707694792e+18,TX,-95.584710310863,11702 JONES RD,,,,HOUSTON,ROYAL #2,29.944773938059,,,,HARRIS
Convenience Store,,77090,3.6846829313799127e+18,TX,-95.464946978344,13707 KUYKENDAHL RD,,,,HOUSTON,RUSHLANE 2,30.008787072761,,,,HARRIS
Convenience Store,,77388,1.4666577538239971e+19,TX,-95.475428230761,3843 FM 2920 RD,,,,SPRING,FUEL ZONE #17,30.070553803672,,,,HARRIS
Liquor Store,,77086,2.947949567116765e+17,TX,-95.495180113277,13769 STATE HIGHWAY 249,,,,HOUSTON,H & D LIQUOR II,29.920594243547,,,,HARRIS
Convenience Store,,77055,1.7664424978412554e+19,TX,-95.523731853946,9500 WESTVIEW DR STE 102,,,,HOUSTON,SMILLEY'S FOOD STORE,29.792959633576,,,,HARRIS
Liquor Store,,77099,1.801269469671236e+19,TX,-95.586184180584,11879 BISSONNET ST,,,,HOUSTON,ROYAL LIQUOR,29.675108675415,,,,HARRIS
Convenience Store,,77388,1.5338605164460986e+19,TX,-95.468810451572,21950 MEADOW HILL DR,,,,SPRING,SAVE A STEP MART,30.082056251457,,,,HARRIS
Supermarket,,77077,1.3292637777850552e+19,TX,-95.62537350055,1520 ELDRIDGE PARKWAY,,,,HOUSTON,KROGER TEXAS L.P. #349,29.757717766666,,,,HARRIS
Confectionery,,77388,1.4391458071871705e+19,TX,-95.479615384246,21706 MORGAN PARK LN,,,,SPRING,CANDY KRUSH CITY,30.079943591369,,,,HARRIS
Convenience Store,,77025,1.630448912698306e+19,TX,-95.423175716179,9365 MAIN ST,,,,HOUSTON,PRIMESPOT #29,29.682874174052,,,,HARRIS
Convenience Store,,77039,1.7996938574682343e+19,TX,-95.336283891787,3701 ALDINE MAIL ROUTE RD,,,,HOUSTON,QUICK SHOP #3701,29.902534487811,,,,HARRIS
Liquor Store,,77019,1.6983219273526168e+19,TX,-95.409276419708,2013 W GRAY ST STE B,,,,HOUSTON,CACAO & CARDAMOM CHOCOLATIER,29.752979506103,,,,HARRIS
Convenience Store,,77074,1.0706652507983399e+19,TX,-95.537329294323,9655 HONEYWELL ST,,,,HOUSTON,LITTLE STOP,29.675275872341,,,,HARRIS
Convenience Store,,77009,3.3525860792634117e+18,TX,-95.372959584408,3620 N MAIN ST,,,,HOUSTON,THAI LAO MARKET,29.790871189263,,,,HARRIS
Liquor Store,,77088,1.1674611202984724e+19,TX,-95.47281117505,7324 ANTOINE DR,,,,HOUSTON,VALU DISCOUNT LIQUOR #1,29.867452341097,,,,HARRIS
Liquor Store,,77016,7.317268759625091e+18,TX,-95.300302081728,9902 HOMESTEAD RD,,,,HOUSTON,T LIQUOR,29.854612731944,,,,HARRIS
Food Store,,77036,4.122292659342165e+18,TX,-95.55323547162,10351 CLUB CREEK DR,,,,HOUSTON,PANADERIA SALVADORENA,29.688211233691,,,,HARRIS
Liquor Store,,77033,1.3514154956215697e+19,TX,-95.336431349212,8633 MARTIN LUTHER KING JR BLVD,,,,HOUSTON,V O LIQUOR #2,29.657511395105,,,,HARRIS
Liquor Store,,77447,5.622877828657992e+18,TX,-95.798410549762,18700 BECKER RD STE 102,,,,HOCKLEY,SILVER DOLLAR SPIRITS & WINE #4,30.046629134915,,,,HARRIS
Convenience Store,,77520,1.6525839806649158e+19,TX,-95.031921523669,7129 BAYWAY DR,,,,BAYTOWN,"BW FOOD MART, LLC",29.769445921992,,,,HARRIS
Liquor Store,,77042,1.3694537378613772e+19,TX,-95.572005859624,1445 WILCREST DR,,,,HOUSTON,GIO'S LIQUOR,29.749200143283,,,,HARRIS
Supermarket,,77026,1.9981432475473856e+18,TX,-95.342298084049,5814A JENSEN DR,,,,HOUSTON,MVM FISH MARKET,29.812499255273,,,,HARRIS
Liquor Store,,77034,1.2211419905219447e+19,TX,-95.242189743252,1173 EDGEBROOK DR # A,,,,HOUSTON,ALAMO LIQUORS,29.641836369556,,,,HARRIS
Produce Market,,77009,2.606277637538792e+18,TX,-95.382047389782,2305 AIRLINE DR,,,,HOUSTON,"ALVARADO'S MEXICAN PRODUCTS, LLC",29.807648118128,,,,HARRIS
Convenience Store,,77012,1.1798321313716847e+19,TX,-95.285287204795,7844 HARRISBURG BLVD,,,,HOUSTON,PANCHO'S TAQUERIA & GROCERY,29.730433089328,,,,HARRIS
Liquor Store,,77036,1.5197911476095086e+18,TX,-95.55328759387,9769 BEECHNUT ST,,,,HOUSTON,TEX MEX LIQUOR,29.689514053082,,,,HARRIS
Meat Market,,77024,3.093380181826781e+17,TX,-95.557907655429,12699 MEMORIAL DR,,,,HOUSTON,A&V FOODS LLC,29.767846164363,,,,HARRIS
Convenience Store,,77008,1.4198357317792449e+19,TX,-95.411664700095,910 N DURHAM DR STE E,,,,HOUSTON,RUNNY FOOD STORE,29.786638711942,,,,HARRIS
Supermarket,,77060,8.567837771033363e+18,TX,-95.395869847596,16770 IMPERIAL VALLEY DR,,,,HOUSTON,KROGER TEXAS L.P./ HOUSTON OFF,29.943161314103,,,,HARRIS
Liquor Store,,77028,1.6049934922624418e+19,TX,-95.284664796313,5311 N WAYSIDE DR,,,,HOUSTON,WAYSIDE LIQUOR,29.808859343412,,,,HARRIS
Liquor Store,,77009,1.1894866464196872e+19,TX,-95.381833574299,1724 AIRLINE DR,,,,HOUSTON,NEIGHBORHOOD LIQUOR MART,29.802482038404,,,,HARRIS
Meat Market,,77532,1.1380416147129516e+19,TX,-95.063393314324,14045 FM 2100 RD STE 170,,,,CROSBY,CAMPOS MEAT MARKET,29.891185173767,,,,HARRIS
Convenience Store,,77073,1.4266071370636218e+19,TX,-95.402206979139,720 RANKIN RD,,,,HOUSTON,KING FUELS AT RANKIN,29.965914466314,,,,HARRIS
Supermarket,,77076,1.759613889421609e+19,TX,-95.397335289492,221 E LITTLE YORK RD # B,,,,HOUSTON,MORELIA'S MEAT MARKET,29.869977000178,,,,HARRIS
Confectionery,,77074,1.6008686656699912e+19,TX,-95.506191251427,7811 SANDPIPER DR,,,,HOUSTON,BIANCA SKYLARK ENTERPRISES,29.694346178508,,,,HARRIS
Convenience Store,,77054,5.773871452461027e+18,TX,-95.402736922557,1740 OLD SPANISH TRL,,,,HOUSTON,FANNIN FOOD MART,29.695136622869,,,,HARRIS
Supermarket,,77045,1.7943656096449448e+19,TX,-95.463545225948,12825 S POST OAK RD STE F2,,,,HOUSTON,HAS MORGAN INDUSTRIES,29.64200832856,,,,HARRIS
Convenience Store,,77007,7.394642139994998e+18,TX,-95.405027526105,4444 MEMORIAL DR,,,,HOUSTON,SPEEDY MART #56,29.761847608149,,,,HARRIS
Supermarket,,77074,1.465386326952282e+19,TX,-95.496084152167,6436 BELLAIRE BLVD STE A,,,,HOUSTON,SHOP N GO FOOD STORE,29.70550030514,,,,HARRIS
Bakery,,77084,4.923301042681103e+18,TX,-95.673650946604,17902 OLD FOREST LN,,,,HOUSTON,MAMADAY'S BREADS LLC,29.843280817803,,,,HARRIS
Convenience Store,,77388,1.6143360846183942e+19,TX,-95.447782202335,2021 LOUETTA RD,,,,SPRING,FUEL ZONE #12,30.062707030959,,,,HARRIS
Specialty Food,,77008,1.01965287546215e+19,TX,-95.403041629264,375 W 19TH ST,,,,HOUSTON,JENI'S SPLENDID ICE CREAMS,29.802947109207,,,,HARRIS
Supermarket,,77069,1.6359771187500438e+19,TX,-95.506575143132,5137 FM 1960 RD W,,,,HOUSTON,ELYON-ARENA,29.98328449829,,,,HARRIS
Liquor Store,,77587,1.6487340043034575e+19,TX,-95.230397984879,2106 HOUSTON BLVD,,,,SOUTH HOUSTON,LUPE'S BEER STORE,29.657463533361,,,,HARRIS
Liquor Store,,77375,8.995761715138939e+18,TX,-95.577712658446,10006 FM 2920 RD STE 100,,,,TOMBALL,SAS LIQUOR #7,30.09395200785,,,,HARRIS
Supermarket,,77088,1.136870957446629e+19,TX,-95.475559697082,5853 W GULF BANK RD,,,,HOUSTON,PULPERIA CENTROAMERICANA LOS CATRACHOS,29.884393300527,,,,HARRIS
Liquor Store,,77587,7.452751430877922e+18,TX,-95.21147184894,1611 SPENCER HWY STE A,,,,SOUTH HOUSTON,UNO MAS LIQUOR #104,29.664781832099,,,,HARRIS
Liquor Store,,77024,1.3585342984786563e+19,TX,-95.55186382893,12516 MEMORIAL DR,,,,HOUSTON,TOTAL WINE SPIRITS BEER & MORE,29.766296362652,,,,HARRIS
Specialty Food,,77429,1.26081142678153e+19,TX,-95.688821646151,17255 SPRING CYPRESS RD,,,,CYPRESS,SMOOTHIE KING #896,29.972989614381,,,,HARRIS
Bakery,,77449,1.13647274670535e+19,TX,-95.773288971554,23119 COLONIAL PKWY STE B13,,,,KATY,MEETFRESH,29.793769502255,,,,HARRIS
Liquor Store,,77036,1.6851053052231305e+19,TX,-95.555079709266,10026 BISSONNET ST,,,,HOUSTON,THE LIQUOR STORE,29.675047371999,,,,HARRIS
Convenience Store,,77081,1.81581853437768e+19,TX,-95.489780672037,6112 DASHWOOD DR STE A,,,,HOUSTON,LATINO $1.09 PLUS STORE,29.707366811435,,,,HARRIS
Specialty Food,,77450,6.76470761091087e+18,TX,-95.751674455929,2004 S MASON RD STE D-3,,,,KATY,"TKA-IDEAL.COM, LLC",29.751244916495,,,,HARRIS
Supermarket,,77433,1.3936567011231027e+19,TX,-95.736609426137,14909 FAIRFIELD MEADOWS DR,,,,CYPRESS,KROGER #179 FUEL CENTER,29.987429815975,,,,HARRIS
Specialty Food,,77007,2.9553173031374863e+18,TX,-95.398780226666,714 YALE ST STE 1Z,,,,HOUSTON,"PRESSED JUICERY, INC.",29.783704483015,,,,HARRIS
Convenience Store,,77396,1.66462464800935e+17,TX,-95.306045244473,16510 LEE RD,,,,HUMBLE,AIRPORT FOOD STORE,29.959813035497,,,,HARRIS
Meat Market,,77521,4.4200094974090445e+18,TX,-95.032379882015,1402 N MARKET LOOP,,,,BAYTOWN,DANIELS MEAT MARKET,29.787051444528,,,,HARRIS
Liquor Store,,77027,4.330549752979604e+18,TX,-95.439255861811,3834 RICHMOND AVE,,,,HOUSTON,COSTCO LIQUORS,29.732736804873,,,,HARRIS
Convenience Store,,77091,1.7684612038805834e+19,TX,-95.473159910763,5424 ANTOINE DR STE B,,,,HOUSTON,STOP N JOY #2,29.843995905379,,,,HARRIS
Convenience Store,,77075,1.1755343508016286e+19,TX,-95.285394501951,9715 TELEPHONE RD STE 105,,,,HOUSTON,504 VAPE & SMOKE SHOP,29.625189808636,,,,HARRIS
Food Store,,77016,1.5224423713041435e+19,TX,-95.303163070027,6619 TIDWELL RD,,,,HOUSTON,SHIPLEY DONUTS #1,29.84852895942,,,,HARRIS
Liquor Store,,77429,5.720948137263448e+18,TX,-95.671856598804,12343 BARKER CYPRESS RD STE 230,,,,CYPRESS,TWIN LIQUORS #102,29.957917888165,,,,HARRIS
Convenience Store,,77598,5.238658272756058e+18,TX,-95.140554507125,901 ROGERS ST,,,,WEBSTER,TRU BY HILTON WEBSTER,29.53620791252,,,,HARRIS
Seafood Market,,77504,9.7238451452979e+18,TX,-95.206670508323,2222 SPENCER HWY STE 999,,,,PASADENA,EL GENERAL SEAFOOD MARKET,29.664758028308,,,,HARRIS
Supermarket,,77586,3.9782353085108255e+18,TX,-95.02489232108,1905 EL MAR LN # 146,,,,SEABROOK,KROGER TEXAS L.P. #342,29.570084039141,,,,HARRIS
Meat Market,,77044,1.2422092061525821e+19,TX,-95.214026695399,8514 C E KING PKWY STE S,,,,HOUSTON,GUERRERO MEAT MARKET NO. 4 INC.,29.84677736034,,,,HARRIS
Convenience Store,,77033,9.43611536986409e+18,TX,-95.336363950183,7111 MARTIN LUTHER KING BLVD STE A,,,,HOUSTON,PANTHERS 34,29.675297065065,,,,HARRIS
Convenience Store,,77049,1.8302968687415673e+19,TX,-95.166243296655,14650 CROSBY FWY,,,,HOUSTON,CHARLEYS PHILLY STEAKS & WINGS 2-2022 & CINNABON 1,29.83601106059,,,,HARRIS
Convenience Store,,77028,1.1943375938688141e+19,TX,-95.284320872237,5704 N WAYSIDE DR STE A,,,,HOUSTON,LOYAL FOOD MART,29.813464702932,,,,HARRIS
Convenience Store,,77004,4.824242320543138e+18,TX,-95.378259400178,3803 SAN JACINTO ST,,,,HOUSTON,KING FUELS AT SAN JACINTO,29.736784469249,,,,HARRIS
Convenience Store,,77056,9.138000626689459e+18,TX,-95.466683829435,5201 RICHMOND AVE,,,,HOUSTON,SAGE FOOD MART,29.731507728466,,,,HARRIS
Liquor Store,,77049,9.428556753516253e+18,TX,-95.128144724976,10317 SHELDON RD STE A,,,,HOUSTON,CHEERS LIQUOR STORE,29.86477863678,,,,HARRIS
Liquor Store,,77027,7.462398808846518e+18,TX,-95.448745864292,4220 SAN FELIPE ST,,,,HOUSTON,CHRISTY'S LIQUOR,29.746708104083,,,,HARRIS
Supermarket,,77449,4.5412028052909757e+18,TX,-95.720268261883,3002 FRY RD,,,,KATY,EL RANCHO EXPRESS #4610 FUEL STATION,29.811008536455,,,,HARRIS
Liquor Store,,77031,9.647793006599356e+18,TX,-95.531384473811,8781 W BELLFORT ST,,,,HOUSTON,JELLO'S LIQUOR,29.656100659564,,,,HARRIS
Supermarket,,77084,1.488335806709139e+19,TX,-95.687345022961,2919 BARKER CYPRESS RD STE E,,,,HOUSTON,SUPERMERCADOS TELOLOAPAN #19,29.810790528635,,,,HARRIS
Convenience Store,,77026,7.615999347840731e+18,TX,-95.342523885904,6301 JENSEN DR,,,,HOUSTON,TEXAS FOOD MARKET #1,29.817032437622,,,,HARRIS
Meat Market,,77037,1.5498170292795558e+19,TX,-95.411541655032,11120 NORTH FWY STE A,,,,HOUSTON,LA MICHOACANA MEAT MARKET # 39,29.926963155424,,,,HARRIS
Meat Market,,77084,1.5599379411613143e+19,TX,-95.662066773234,17019 GAELICGLEN LN,,,,HOUSTON,LA SUPERIOR ENTERPRISE LLC,29.853054498251,,,,HARRIS
Confectionery,,77090,1.135839716362291e+19,TX,-95.467485207648,17509 SANDY CLIFFS DR,,,,HOUSTON,CHOCOLATES BY JEANNE,30.015442883242,,,,HARRIS
Liquor Store,,77065,1.5958905659306689e+19,TX,-95.601328023023,12353 FM 1960 RD W,,,,HOUSTON,QUALITY LICENSING CORP. (STORE #3297),29.92335802564,,,,HARRIS
Liquor Store,,77004,6.60926623474207e+17,TX,-95.360274161925,2601 MCGOWEN ST STE A,,,,HOUSTON,RALSTON DRUG & DISCOUNT LIQUORS #4,29.737152175817,,,,HARRIS
Liquor Store,,77088,5.030982019592504e+18,TX,-95.474813510524,8189 ANTOINE DR,,,,HOUSTON,J C LIQUOR,29.887459958681,,,,HARRIS
Specialty Food,,77429,1.4536796531979274e+19,TX,-95.624057343906,13132 KATHY LN,,,,CYPRESS,KICKIN ICE,29.997056252245,,,,HARRIS
Confectionery,,77066,1.6061978918018941e+18,TX,-95.515206028725,5930 LODGE CREEK DR,,,,HOUSTON,"NUTS ABOUT TEXAS, INC.",29.974082696296,,,,HARRIS
Liquor Store,,77083,1.8170634014928228e+19,TX,-95.640720934581,14487 BELLAIRE BLVD,,,,HOUSTON,UNO MAS LIQUOR #14,29.703936103287,,,,HARRIS
Meat Market,,77080,8.514311547178391e+17,TX,-95.524271658118,1780 BLALOCK RD,,,,HOUSTON,POLONIA RESTAURANT,29.805725301333,,,,HARRIS
Liquor Store,,77033,3.136702090159803e+18,TX,-95.326846815484,5600 MYKAWA RD # A,,,,HOUSTON,UNO MAS LIQUOR #5,29.694722475552,,,,HARRIS
Specialty Food,,77008,9.15056000434414e+18,TX,-95.44887884228,1724 WEST LOOP N,,,,HOUSTON,ZWITA LLC,29.799545650998,,,,HARRIS
Liquor Store,,77503,1.2190410330272385e+19,TX,-95.172311245001,2611 PRESTON AVE,,,,PASADENA,PRESTON PUBB,29.672747174941,,,,HARRIS
Supermarket,,77099,1.5892565313829358e+19,TX,-95.587670510563,11913 BISSONNET ST # A6,,,,HOUSTON,HOUSTON BANGLA INC,29.675185272279,,,,HARRIS
Convenience Store,,77079,3.7821304467525663e+18,TX,-95.581550048073,874 YORKCHESTER DR APT 232,,,,HOUSTON,THE HUNGARIAN TRADER,29.779222440679,,,,HARRIS
Meat Market,,77071,1.2156268062030776e+19,TX,-95.512007528465,11710 N PERRY AVE,,,,HOUSTON,LABOVE'S FAMILY MEAT MARKET,29.635679119033,,,,HARRIS
Bakery,,77070,1.7012538450350592e+19,TX,-95.571373300445,10211 CYPRESSWOOD DR STE 100,,,,HOUSTON,KARMA KOLACHE CYPRESSWOOD,29.978632640581,,,,HARRIS
Liquor Store,,77045,8.099939222461565e+18,TX,-95.399822338145,10920 ALMEDA RD STE 100,,,,HOUSTON,MED CTR LIQUOR,29.663419835858,,,,HARRIS
Convenience Store,,77016,1.4973847090918738e+19,TX,-95.300329149465,5915 MOHAWK ST STE 2,,,,HOUSTON,PANTHERS 27,29.877721307546,,,,HARRIS
Convenience Store,,77093,4.2391235858771e+18,TX,-95.342495111487,9530 JENSEN DR,,,,HOUSTON,JENSEN FOOD MART,29.849055553274,,,,HARRIS
Convenience Store,,77004,5.908345788540209e+18,TX,-95.369224201296,2602 WHEELER ST,,,,HOUSTON,IM FOOD MART #2,29.725807596021,,,,HARRIS
Convenience Store,,77503,9.13762496988986e+18,TX,-95.168550188344,1205 DEEPWATER AVE,,,,PASADENA,E-Z 1 FOOD STORE,29.693285707781,,,,HARRIS
Supermarket,,77068,8.887514571086436e+17,TX,-95.463882848535,15945 KUYKENDAHL RD,,,,HOUSTON,MOLLY MAGUIRE'S,30.007047583927,,,,HARRIS
Supermarket,,77598,1.6708963416499964e+19,TX,-95.144541787523,15210 HIGHWAY 3 # 111-113,,,,WEBSTER,RAJ GROCERS I INC,29.565918587822,,,,HARRIS
Liquor Store,,77089,1.2427825007928693e+19,TX,-95.211563222105,10901 SCARSDALE BLVD,,,,HOUSTON,TEXAS LIQUOR STORE,29.586685112564,,,,HARRIS
Liquor Store,,77039,1.801674143541109e+19,TX,-95.335340148179,3801 ALDINE MAIL RD,,,,HOUSTON,HEART'S LIQUOR,29.902540498884,,,,HARRIS
Supermarket,,77015,1.4162681101974915e+19,TX,-95.201808767338,12620 WOODFOREST BLVD STE 200,,,,HOUSTON,KROGER TEXAS L.P. #331,29.791331061212,,,,HARRIS
Specialty Food,,77057,1.083727362988142e+19,TX,-95.488905648395,6116 WINDSWEPT LN STE A,,,,HOUSTON,HUARACHE MEXICANO,29.726447833552,,,,HARRIS
Liquor Store,,77071,2.479155533477268e+18,TX,-95.510008344009,7520 W BELLFORT ST,,,,HOUSTON,JIM'S LIQUOR,29.656057985584,,,,HARRIS
Supermarket,,77099,1.4112553014537112e+19,TX,-95.573334937871,11030 BISSONNET ST STE C1,,,,HOUSTON,JML WORLDWIDE MINI MARKET LLC,29.674449882138,,,,HARRIS
Liquor Store,,77065,1.2818427120125495e+19,TX,-95.58447365929,9344 JONES RD STE L,,,,HOUSTON,POUR N' MORE #3,29.907913108154,,,,HARRIS
Liquor Store,,77087,1.4911243421882012e+19,TX,-95.306459487838,6906 DIXIE DR,,,,HOUSTON,ROSE LIQUOR,29.681271509975,,,,HARRIS
Meat Market,,77373,6.063642509371264e+18,TX,-95.364168847808,4409 TREASCHWIG RD STE 115,,,,SPRING,CASA DEL PUEBLO MEAT MARKET #5,30.03567283368,,,,HARRIS
Convenience Store,,77449,1.3931587481726632e+19,TX,-95.722411456844,19936 SAUMS RD,,,,KATY,TOSTADAS ORTIZ USA LLC,29.800637826608,,,,HARRIS
Specialty Food,,77092,1.6325078606988762e+18,TX,-95.488901051977,5101 BINGLE RD,,,,HOUSTON,"BINGLE, LLC",29.839776591814,,,,HARRIS
Convenience Store,,77082,1.3864451900973992e+19,TX,-95.63084237619,13630 RICHMOND AVE STE A,,,,HOUSTON,WEST WIND MINI MARKET,29.729318160088,,,,HARRIS
Convenience Store,,77375,5.863705683566478e+18,TX,-95.619494944287,615 W MAIN ST # 5500,,,,TOMBALL,NICK'S FOOD STORE,30.095632221485,,,,HARRIS
Supermarket,,77042,1.06646062912407e+19,TX,-95.54885400581,3663 BRIARPARK DR,,,,HOUSTON,RANDALL'S FOOD AND DRUGS #6710,29.724697861623,,,,HARRIS
Convenience Store,,77033,1.0737009741543131e+19,TX,-95.33712829777,8103 MARTIN LUTHER KING JR BLVD,,,,HOUSTON,REDI MART,29.666244684188,,,,HARRIS
Bakery,,77379,1.0544963104085971e+18,TX,-95.521246889959,7110 LOUETTA RD STE G,,,,SPRING,HORNO MONTERREY BAKERY,30.022437543413,,,,HARRIS
Liquor Store,,77084,2.362992083642108e+18,TX,-95.687345022961,2919 BARKER CYPRESS RD STE K,,,,HOUSTON,ALCO LIQUOR,29.810790528635,,,,HARRIS
Liquor Store,,77562,1.3957774543471198e+19,TX,-95.057426100767,504 S MAIN ST STE B,,,,HIGHLANDS,ZIPPS LIQUOR #12,29.822559171659,,,,HARRIS
Liquor Store,,77077,1.2188272694427992e+19,TX,-95.609439848865,12831 WESTHEIMER RD,,,,HOUSTON,M K LIQUOR,29.736050463586,,,,HARRIS
Convenience Store,,77033,1.57247416749356e+19,TX,-95.336403451836,8703 MARTIN LUTHER KING BLVD STE B,,,,HOUSTON,FRIENDLY STORE 55,29.656882975464,,,,HARRIS
Convenience Store,,77081,8.786956053383937e+17,TX,-95.48308498678,5825 BELLAIRE BLVD,,,,HOUSTON,BFM FOOD MART,29.705492481244,,,,HARRIS
Bakery,,77346,1.0202297004012947e+19,TX,-95.165198394838,7211 ATASCOCITA RD,,,,HUMBLE,ATASCOCITA ROAD DO-NUT INC,29.997855222902,,,,HARRIS
Liquor Store,,77450,8.03778321619244e+18,TX,-95.71880746236,515 S FRY RD STE U,,,,KATY,SHELBYS LIQUOR II,29.778525079506,,,,HARRIS
Liquor Store,,77520,6.839640493945474e+18,TX,-94.980655025081,1248 GARTH RD STE G,,,,BAYTOWN,LIQUOR TOWN,29.740755287872,,,,HARRIS
Supermarket,,77024,9.142134158578977e+17,TX,-95.553759795224,10402 TOWN AND COUNTRY WAY APT 239,,,,HOUSTON,TUNDA LLC (NIA),29.781473667187,,,,HARRIS
Supermarket,,77562,1.5897526209199622e+19,TX,-95.056413800154,715 S MAIN ST,,,,HIGHLANDS,DEVILLIERS BOUDIN 2,29.807811100292,,,,HARRIS
Liquor Store,,77429,1.827529023065537e+19,TX,-95.655356538405,15014 SPRING CYPRESS RD STE 240,,,,CYPRESS,OASIS LIQUOR,29.985597469707,,,,HARRIS
Liquor Store,,77021,6.029426954750215e+18,TX,-95.372795945167,3302 DIXIE DR,,,,HOUSTON,RALSTON DRUG & DISCOUNT LIQUORS #11,29.705125084671,,,,HARRIS
Liquor Store,,77080,2.561016895772773e+18,TX,-95.523263493418,9402 KEMPWOOD DR,,,,HOUSTON,ZIMMER'S LIQUOR STORE,29.82202893156,,,,HARRIS
Bakery,,77505,1.0080441394597415e+19,TX,-95.158195964117,6025 CRENSHAW RD,,,,PASADENA,"JANUARY BABY CAKES, INC.",29.638835180263,,,,HARRIS
Liquor Store,,77396,1.224682944025882e+19,TX,-95.249496683948,4801 WILSON RD STE 1000,,,,HUMBLE,STONEFIELD LIQUOR & DISCOUNT TOBACCO,29.93733922402,,,,HARRIS
Confectionery,,77056,1.6401906340066578e+19,TX,-95.458561780299,1111 POST OAK BLVD APT 348,,,,HOUSTON,PEEKABOOM LLC,29.753280069915,,,,HARRIS
Convenience Store,,77520,1.2726080368531884e+19,TX,-94.99030725585,1800 N MAIN ST,,,,BAYTOWN,QUE LINDO ES MEXICO,29.723209027946,,,,HARRIS
Liquor Store,,77080,1.525745748483495e+19,TX,-95.509371846685,8788 HAMMERLY BLVD STE B,,,,HOUSTON,MC LIQUOR-2,29.811127472311,,,,HARRIS
Convenience Store,,77091,6.99979433791136e+18,TX,-95.449253844421,2502 W LITTLE YORK RD STE A,,,,HOUSTON,LUCKY MART,29.863207228105,,,,HARRIS
Convenience Store,,77388,1.6100394330129125e+19,TX,-95.485615683553,4711 LOUETTA RD STE 104,,,,SPRING,FOREVER VAPES #2,30.041786958759,,,,HARRIS
Liquor Store,,77028,7.475180290231453e+18,TX,-95.297883844284,7302 LEY RD,,,,HOUSTON,"YO MOMMA FAVORITE CORNER STORE, LLC",29.831292490243,,,,HARRIS
Liquor Store,,77087,1.118419099642405e+19,TX,-95.294052306534,7018 WOODRIDGE DR,,,,HOUSTON,LIQUOR WORLD DISCOUNT,29.703511841022,,,,HARRIS
Supermarket,,77506,1.1567428318378545e+19,TX,-95.211620817056,502 S SHAVER,,,,PASADENA,LA MICHOACANA #19,29.705212563181,,,,HARRIS
Convenience Store,,77043,7.987900229653253e+18,TX,-95.570045212033,10902 SHADOW WOOD DR,,,,HOUSTON,SAM'S MART #4,29.804701487381,,,,HARRIS
Convenience Store,,77009,8.204980201638021e+18,TX,-95.383763954834,4809 N MAIN ST,,,,HOUSTON,SHOP 4 U,29.798769609838,,,,HARRIS
Meat Market,,77081,1.8222575232108743e+19,TX,-95.482607909409,5800 BELLAIRE BLVD STE 104,,,,HOUSTON,BONITO MICHOACAN #5,29.705613254389,,,,HARRIS
Specialty Food,,77043,1.6999791766375057e+19,TX,-95.579497136644,1434 SHERWOOD FOREST ST,,,,HOUSTON,MI QUERENCIA LATIN MARKET HOUSTON,29.791600886722,,,,HARRIS
Specialty Food,,77506,1.077604165118888e+19,TX,-95.20627684237,601 JACKSON AVE,,,,PASADENA,NEVADO DE TOLUCA,29.705409409872,,,,HARRIS
Liquor Store,,77096,1.8327985376235639e+19,TX,-95.489451990834,5621 BEECHNUT ST STE D,,,,HOUSTON,RIO LIQUOR LLC,29.688754385859,,,,HARRIS
Supermarket,,77065,1.2818119332887808e+19,TX,-95.584717092563,10900 JONES RD STE 4,,,,HOUSTON,MI BODEGUITA CUBANA,29.931323758769,,,,HARRIS
Convenience Store,,77008,1.7905945968737143e+19,TX,-95.429000973377,1622 W 18TH ST,,,,HOUSTON,HEIGHT'S MOBIL,29.801587978242,,,,HARRIS
Liquor Store,,77536,7.890837107284266e+18,TX,-95.112196858685,8315 SPENCER HWY,,,,DEER PARK,RALSTON DRUG & DISCOUNT LIQUORS #32,29.66395675632,,,,HARRIS
Convenience Store,,77023,9.661683178438543e+18,TX,-95.310186045262,2505 BEATTY ST,,,,HOUSTON,AMIGO FOOD MART,29.710058653656,,,,HARRIS
Supermarket,,77011,1.3261317515840276e+19,TX,-95.304588631673,707 WAYSIDE DR,,,,HOUSTON,WAYSIDE TEXACO,29.741142822721,,,,HARRIS
Convenience Store,,77521,8.616988236903106e+18,TX,-94.963774613372,2906 N MAIN ST,,,,BAYTOWN,ANGELS GAS & GROCERY #8,29.753648023001,,,,HARRIS
Liquor Store,,77008,5.424667739624131e+18,TX,-95.410373679381,2807 N SHEPHERD DR STE B,,,,HOUSTON,UNO MAS LIQUOR #2,29.812004506427,,,,HARRIS
Convenience Store,,77520,5.52576240600173e+17,TX,-94.953838085233,1611 N ALEXANDER DR,,,,BAYTOWN,RYAN'S MART,29.740054580791,,,,HARRIS
Supermarket,,77070,7.492241120580929e+17,TX,-95.579731505591,10541 CYPRESS CREEK PKWY,,,,HOUSTON,LA VIOLETA CUBAN LLC,29.934973846605,,,,HARRIS
Liquor Store,,77339,9.100330918343296e+18,TX,-95.215087677019,2227 NORTHPARK DR,,,,KINGWOOD,PASCALES OF KINGWOOD,30.068906027038,,,,HARRIS
Confectionery,,77057,5.467928022400389e+18,TX,-95.498886459094,6467 WESTHEIMER RD STE A,,,,HOUSTON,HALO 11 LLC,29.737467758474,,,,HARRIS
Convenience Store,,77022,1.5813082478882669e+19,TX,-95.37767042736,101 TIDWELL RD STE A,,,,HOUSTON,TIDWELL FOOD STORE,29.845645600185,,,,HARRIS
Convenience Store,,77081,8.874528414463313e+18,TX,-95.480708722989,5816 ALDER DR,,,,HOUSTON,MI FAMILIA FOOD MART #1,29.718510300341,,,,HARRIS
Liquor Store,,77007,2.655823383382215e+18,TX,-95.387794717585,733 STUDEWOOD ST,,,,HOUSTON,PREMIUM DRAUGHT COMPANY,29.784537428201,,,,HARRIS
Convenience Store,,77502,2.601202803299798e+18,TX,-95.201517006291,903 GARNER RD STE A,,,,PASADENA,DAY 2 DAY GROCERY,29.683711039471,,,,HARRIS
Liquor Store,,77023,4.342156421344741e+18,TX,-95.308870562693,800 S WAYSIDE DR # A,,,,HOUSTON,UNO MAS LIQUOR #3,29.730630724875,,,,HARRIS
Liquor Store,,77506,1.6687024166130895e+19,TX,-95.211335392037,1107 SHAVER ST BLDG 2,,,,PASADENA,QUALITY LICENSING CORP (STORE 2724) FUEL CENTER,29.693611192938,,,,HARRIS
Liquor Store,,77505,1.640134403263282e+19,TX,-95.150434359565,5923 SPENCER HWY,,,,PASADENA,GENE'S BETTER TIMES,29.665789747184,,,,HARRIS
Liquor Store,,77074,1.0167649545692596e+19,TX,-95.500020406603,6626 SOUTHWEST FWY,,,,HOUSTON,DESI KORNER BAR,29.716522334391,,,,HARRIS
Liquor Store,,77015,1.5864237239892396e+19,TX,-95.186835205809,557 UVALDE RD,,,,HOUSTON,RALSTON DRUG & DISCOUNT LIQUORS #28,29.786444876265,,,,HARRIS
Supermarket,,77036,2.0279050547232957e+18,TX,-95.545915431399,6001 RANCHESTER DR APT 22,,,,HOUSTON,TOWN MARKET,29.712857516155,,,,HARRIS
Specialty Food,,77084,8.928938468583756e+18,TX,-95.676142205662,17602 W LITTLE YORK RD STE 7,,,,HOUSTON,TORTILLERIA LOS COMPAS,29.865435421203,,,,HARRIS
Grocery Store,,77009,6.159180833708593e+18,TX,-95.360341460864,2954 FULTON ST,,,,HOUSTON,LITTLE CAESARS #4564,29.788403721598,,,,HARRIS
Specialty Food,,77504,4.163617727918328e+18,TX,-95.181056670132,4029 BURKE RD APT 3802,,,,PASADENA,JIMMY JAMS,29.646553030434,,,,HARRIS
Liquor Store,,77044,1.342275460046802e+18,TX,-95.188954788434,13514 TIDWELL RD STE 500,,,,HOUSTON,STONEFIELD LIQUOR,29.853234442457,,,,HARRIS
Supermarket,,77055,5.648201903555168e+18,TX,-95.470375610009,6929 LONG POINT RD,,,,HOUSTON,VIENG THAI MARKET,29.802826077425,,,,HARRIS
Liquor Store,,77035,1.0516513513680226e+19,TX,-95.492931276286,12401 HILLCROFT ST,,,,HOUSTON,RALSTON DRUG & DISCOUNT LIQUORS #27,29.642800950165,,,,HARRIS
Produce Market,,77009,6.553541366263399e+18,TX,-95.381946712073,2520 AIRLINE DR,,,,HOUSTON,MI JARDIN,29.810069603101,,,,HARRIS
Liquor Store,,77092,6.077563611008681e+18,TX,-95.469965799181,10606 HEMPSTEAD RD STE 118,,,,HOUSTON,"LA FUENTE WINERY, LLC",29.808776523075,,,,HARRIS
Liquor Store,,77084,1.6474772911046218e+19,TX,-95.645705409902,4820 HIGHWAY 6 N,,,,HOUSTON,SPEC'S BEAR CREEK #40,29.846688683041,,,,HARRIS
Supermarket,,77080,3.710871189756201e+18,TX,-95.545137413459,2300 N GESSNER,,,,HOUSTON,KROGER TEXAS L.P. #607,29.814073093595,,,,HARRIS
Liquor Store,,77040,1.3016107107062446e+18,TX,-95.510250602944,13484 NORTHWEST FWY BLDG 1,,,,HOUSTON,QUALITY LICENSING CORP. STORE #2257 FUEL CENTER,29.852048753963,,,,HARRIS
Liquor Store,,77072,1.0921808158538025e+19,TX,-95.571417461358,6272 WILCREST DR,,,,HOUSTON,"NAPA LIQUOR STORE, BEER, WINE & SPIRIT",29.712239298764,,,,HARRIS
Liquor Store,,77598,1.638403965574141e+19,TX,-95.14138473192,572 EL DORADO BLVD,,,,WEBSTER,VALUE DISCOUNT LIQUOR,29.561356765731,,,,HARRIS
Liquor Store,,77093,3.901627534702298e+18,TX,-95.327812419523,4150 LAURA KOPPE RD STE A,,,,HOUSTON,N&W LIQUOR,29.840359456815,,,,HARRIS
Liquor Store,,77033,4.88906670515967e+18,TX,-95.336338186905,7203 MARTIN LUTHER KING BLVD,,,,HOUSTON,RALSTON DRUG & DISCOUNT LIQUORS #16,29.674615360918,,,,HARRIS
Liquor Store,,77095,4.150625213946155e+18,TX,-95.648789829204,16048 WEST RD,,,,HOUSTON,NEW LIQUOR SMOKE & VAPE,29.907786718587,,,,HARRIS
Meat Market,,77042,1.602492003162517e+19,TX,-95.548976441288,3151 BRIARPARK DR STE 175,,,,HOUSTON,TEE'S DELI,29.731494929551,,,,HARRIS
Convenience Store,,77338,1.379339009354415e+19,TX,-95.296650688555,8508 FM 1960 BYPASS RD W,,,,HUMBLE,FUEL ZONE #14,30.004754651588,,,,HARRIS
Convenience Store,,77396,3.694699493158833e+18,TX,-95.217498463707,10910 WILL CLAYTON PKWY,,,,HUMBLE,EXPRESS FOOD MART,29.979123001695,,,,HARRIS
Convenience Store,,77083,1.5874077298470618e+18,TX,-95.62402782725,7200 ELDRIDGE PKWY STE O,,,,HOUSTON,SONNY FOOD MART,29.703321037842,,,,HARRIS
Liquor Store,,77074,6.216209085001122e+18,TX,-95.501203144512,6715 BISSONNET ST STE 300,,,,HOUSTON,ELITE WINE & SPIRITS,29.690567976395,,,,HARRIS
Liquor Store,,77030,3.1244602927017006e+18,TX,-95.412399987904,7701 MAIN ST # A1217,,,,HOUSTON,DISTILLARE,29.696873228008,,,,HARRIS
Convenience Store,,77031,6.763535146199696e+18,TX,-95.542480097816,11230 PLAINFIELD ST,,,,HOUSTON,LA VILLA FOOD MART,29.656741878955,,,,HARRIS
Liquor Store,,77015,6.472636964162522e+18,TX,-95.177406030139,13750A EAST FWY,,,,HOUSTON,QUALITY LICENSING CORP.(STORE #1137)FUEL CENTER,29.770191943372,,,,HARRIS
Liquor Store,,77062,5.815891656603681e+18,TX,-95.12186028485,1928 EL DORADO BLVD,,,,HOUSTON,FLAK'S LIQUOR,29.577628544518,,,,HARRIS
Liquor Store,,77015,7.872129773817577e+18,TX,-95.186858416247,443 UVALDE RD,,,,HOUSTON,HEB PANTRY FOODS #304,29.790558509589,,,,HARRIS
Produce Market,,77009,1.4003768927117265e+19,TX,-95.381946712073,2520 AIRLINE DR,,,,HOUSTON,MANZANO'S PRODUCE,29.810069603101,,,,HARRIS
Convenience Store,,77041,1.509280710864e+19,TX,-95.574921453745,11250 FM 529 RD,,,,HOUSTON,JOHNNY'S FOOD MART,29.880454432829,,,,HARRIS
Supermarket,,77036,1.4397813076444203e+19,TX,-95.543957207947,10190 HARWIN DR # C,,,,HOUSTON,HAIDA GROUP LLC,29.718178523462,,,,HARRIS
Confectionery,,77061,1.078889184412797e+19,TX,-95.278526519154,7800 AIRPORT BLVD SPC RMU 1,,,,HOUSTON,HOBBY AIRPORT,29.657785297389,,,,HARRIS
Liquor Store,,77373,6.628665912886838e+18,TX,-95.422683979161,810 LOUETTA RD STE 6,,,,SPRING,JP LIQUOR,30.072291005298,,,,HARRIS
Liquor Store,,77098,1.292214766267448e+19,TX,-95.418738104621,3600 KIRBY DR STE C,,,,HOUSTON,B & B FINE WINE CRAFT SPIRITS,29.733408200374,,,,HARRIS
Supermarket,,77009,1.5138623008099025e+19,TX,-95.381938972637,2430 AIRLINE DR STE A,,,,HOUSTON,EL REY MEAT MARKET INC.,29.809049274237,,,,HARRIS
Supermarket,,77081,1.171164389657846e+19,TX,-95.4938444492,6475 HILLCROFT AVE STE B,,,,HOUSTON,DE AFGHANAN GROCERY,29.712038984231,,,,HARRIS
Bakery,,77433,1.1902716839415267e+19,TX,-95.735731764128,15055 FAIRFIELD MEADOWS DR STE 140,,,,CYPRESS,DUCK DONUTS,29.989485972699,,,,HARRIS
Grocery Store,,77028,1.4076935488425576e+19,TX,-95.262461404247,9413 MESA DR # B,,,,HOUSTON,LITTLE CAESAR ENTERPRISES #4555,29.849493465172,,,,HARRIS
Liquor Store,,77493,8.416730218204844e+18,TX,-95.790526144137,24020 CLAY RD STE 105,,,,KATY,BIG BOTTLE LIQUOR STORE,29.831497098438,,,,HARRIS
Supermarket,,77449,8.139557835471276e+18,TX,-95.719892338183,6055 FRY ROAD,,,,KATY,KROGER TEXAS L.P. #378,29.860033849631,,,,HARRIS
Specialty Food,,77379,1.4775478087913458e+19,TX,-95.512023070922,6402 LOUETTA RD STE 115,,,,SPRING,CHILL... THE MILKSHAKE BAR,30.027524864658,,,,HARRIS
Convenience Store,,77023,2.1719808318509056e+18,TX,-95.319107191875,1725 DISMUKE ST,,,,HOUSTON,SAM'S GROCERY,29.723312126382,,,,HARRIS
Convenience Store,,77571,1.3658992772905652e+19,TX,-95.034610892311,1601 W FAIRMONT PKWY,,,,LA PORTE,ANGELS,29.651806630857,,,,HARRIS
Liquor Store,,77009,4.7810137907077146e+17,TX,-95.360337237456,2904 FULTON ST # B,,,,HOUSTON,PRESIDENTE LIQUOR STORE,29.788139053935,,,,HARRIS
Liquor Store,,77032,1.68911402972266e+19,TX,-95.334863960281,3700 N TERMINAL RD,,,,HOUSTON,"DUFRY HOUSTON, INC.",29.987223320239,,,,HARRIS
Liquor Store,,77379,4.5043810284309914e+18,TX,-95.518073089304,16215 STUEBNER AIRLINE RD # 400,,,,SPRING,& LIQUOR #408,30.014697019645,,,,HARRIS
Convenience Store,,77373,1.5983853582428817e+19,TX,-95.435611786615,23800 INTERSTATE 45,,,,SPRING,THE SUITE SHOP,30.109764413593,,,,HARRIS
Supermarket,,77088,1.553827762998977e+19,TX,-95.494382847901,9436 N HOUSTON ROSSLYN RD STE A,,,,HOUSTON,SUPERMERCADO GIGANTE #2,29.87715511654,,,,HARRIS
Convenience Store,,77036,1.2086555249614692e+18,TX,-95.539120098683,5700 S GESSNER RD STE I,,,,HOUSTON,VARIEDADES CENTROAMERICA LLC,29.719465566694,,,,HARRIS
Liquor Store,,77021,1.648470737967922e+19,TX,-95.35312338397,6724 CULLEN BLVD,,,,HOUSTON,RALSTON DRUG & DISCOUNT LIQUORS #10,29.69077601965,,,,HARRIS
Liquor Store,,77022,7.696194760941914e+18,TX,-95.384462604193,4711 AIRLINE DR STE A,,,,HOUSTON,UNO MAS LIQUOR #11,29.836252836787,,,,HARRIS
Confectionery,,77032,2.778928299428758e+18,TX,-95.348412711738,2800 N TERMINAL RD # A,,,,HOUSTON,"SUBWAY, TERMINAL A",29.987351671091,,,,HARRIS
Supermarket,,77036,1.553444794394431e+18,TX,-95.547836480203,5870 RANCHESTER DR STE 650A,,,,HOUSTON,ENVIOS EL PAISA LLC,29.714812163126,,,,HARRIS
Specialty Food,,77065,1.4461913051737137e+18,TX,-95.584458923793,8301 JONES RD,,,,JERSEY VILLAGE,LA ARGENTINA GELATO,29.894569157885,,,,HARRIS
Liquor Store,,77067,2.0953360246333944e+18,TX,-95.475500732249,12002 VETERANS MEMORIAL DR STE B,,,,HOUSTON,SIP & SAVORS,29.957911842523,,,,HARRIS
Supermarket,,77521,2.8050693244112916e+18,TX,-94.980226924243,6315B GARTH RD,,,,BAYTOWN,KROGER # 150 FUEL CENTER,29.792587327479,,,,HARRIS
Bakery,,77336,1.605968293596465e+19,TX,-95.110927837594,29220 HUFFMAN CLEVELAND RD STE A,,,,HUFFMAN,DONUT DELIGHT,30.07763997859,,,,HARRIS
Confectionery,,77032,1.4873961817710416e+19,TX,-95.348412711738,2800 N TERMINAL RD,,,,HOUSTON,FRESHENS,29.987351671091,,,,HARRIS
Liquor Store,,77039,7.202008038915394e+18,TX,-95.331314239588,13300 JOHN F KENNEDY BLVD,,,,HOUSTON,QUALITY LICENSING CORP. STORE #4807,29.911284822226,,,,HARRIS
Liquor Store,,77093,1.770149098456346e+19,TX,-95.334494332457,10401 JENSEN DR # A,,,,HOUSTON,UNO MAS LIQUOR #9,29.862647420849,,,,HARRIS
Convenience Store,,77002,4.81790118916989e+18,TX,-95.365007245443,1000 MAIN ST STE 2300,,,,HOUSTON,CHANDLER PLAZA LLC,29.756940918955,,,,HARRIS
Liquor Store,,77035,1.9540753078933448e+18,TX,-95.477390039845,11320 CHIMNEY ROCK RD,,,,HOUSTON,HEB PANTRY FOODS #365,29.656671531837,,,,HARRIS
Liquor Store,,77018,3.397343355069287e+18,TX,-95.41036747367,3406 N SHEPHERD DR,,,,HOUSTON,VILLAGE LIQUOR,29.817695467764,,,,HARRIS
Convenience Store,,77083,1.3058915930879626e+18,TX,-95.622790634549,13655 BISSONNET ST STE 102,,,,HOUSTON,TNI DOLLAR STORE N GAMEROOM,29.680962564748,,,,HARRIS
Bakery,,77346,1.6374343608852763e+19,TX,-95.202755544315,4815 LAZY TIMBERS DR,,,,HUMBLE,DIVINE BUTTERCREAM CAKES LLC,29.982253794775,,,,HARRIS
Specialty Food,,77506,1.2774636751817886e+19,TX,-95.211345582507,1035 SHAVER ST,,,,PASADENA,REFRESQUERIA-ARCO-IRIS,29.694908985768,,,,HARRIS
Liquor Store,,77051,1.2279176564763281e+19,TX,-95.355755387675,8630 CULLEN BLVD,,,,HOUSTON,RALSTON DRUG & DISCOUNT LIQUORS #25,29.667419622442,,,,HARRIS
Liquor Store,,77079,7.477737377416652e+17,TX,-95.598586994594,14366 MEMORIAL DR STE B,,,,HOUSTON,S & R LIQUOR #2,29.770270104358,,,,HARRIS
Supermarket,,77089,1.7957343445788082e+19,TX,-95.223064171489,10998 FUQUA ST STE C,,,,HOUSTON,BEN THANH FOOD MARKET,29.612107891518,,,,HARRIS
Liquor Store,,77089,1.602028698257636e+19,TX,-95.199148743136,11623 S SAM HOUSTON PKWY E,,,,HOUSTON,LIQUOR DEPOT,29.883874400166,,,,HARRIS
Liquor Store,,77018,8.655572924533527e+18,TX,-95.410668099167,4279 N SHEPHERD DR,,,,HOUSTON,RALSTON DRUG & DISCOUNT LIQUORS #36,29.827125832043,,,,HARRIS
Convenience Store,,77039,5.072971545242193e+18,TX,-95.331800502919,4203 ALDINE MAIL RD,,,,HOUSTON,ALDINE EXPRESS,29.902561068222,,,,HARRIS
Supermarket,,77571,1.2938713350571246e+19,TX,-95.019022703165,913A S BROADWAY ST,,,,LA PORTE,LA PORTE TOBACCO SHOP,29.65486994506,,,,HARRIS
Supermarket,,77433,1.308740285209846e+19,TX,-95.718417853299,8020 FRY RD STE 108,,,,CYPRESS,CYPRESS INDIAN GROCERY LLC,29.894997920718,,,,HARRIS
Convenience Store,,77063,3.249812131197927e+17,TX,-95.506809696865,7913 WESTHEIMER RD,,,,HOUSTON,CHAPINITA STORE,29.737406995896,,,,HARRIS
Confectionery,,77032,9.415340568137847e+18,TX,-95.348412711738,2800 N TERMINAL RD STE 125,,,,HOUSTON,PANDA EXPRESS A17,29.987351671091,,,,HARRIS
Liquor Store,,77429,1.3008712317315072e+19,TX,-95.637039608882,14100 SPRING CYPRESS,,,,CYPRESS,HEB FOOD STORE #698,30.003084115309,,,,HARRIS
Convenience Store,,77039,9.669801313601203e+16,TX,-95.320644816355,13115 CRIEFFE RD,,,,HOUSTON,LATINO SUPERMARKET,29.910009952701,,,,HARRIS
Convenience Store,,77086,1.6871947072550486e+19,TX,-95.48037569203,9523 ANTOINE DR,,,,HOUSTON,SMOKE & DAIQUIRI TO GO,29.907366564903,,,,HARRIS
Liquor Store,,77035,5.77565942211794e+18,TX,-95.458678173915,4786 W BELLFORT ST,,,,HOUSTON,COLONY LIQUOR,29.671765783638,,,,HARRIS
Liquor Store,,77061,1.7793595514223673e+19,TX,-95.268987928411,7994 BELLFORT ST,,,,HOUSTON,HEB PANTRY FOODS #460,29.674725022221,,,,HARRIS
Liquor Store,,77055,1.686417793452378e+19,TX,-95.493974050427,8310 LONG POINT RD,,,,HOUSTON,5 STAR LIQUOR,29.80306295678,,,,HARRIS
Convenience Store,,77039,1.6888413144558684e+19,TX,-95.355657397163,14400 ALDINE WESTFIELD RD,,,,HOUSTON,FUEL DEPOT #54,29.924162346645,,,,HARRIS
Grocery Store,,77520,6.330766357595111e+18,TX,-94.980639759258,1250 GARTH RD STE J,,,,BAYTOWN,LITTLE CAESAR #4579,29.740769943062,,,,HARRIS
Liquor Store,,77029,1.0902991887466189e+19,TX,-95.23532390504,11017 MARKET ST,,,,JACINTO CITY,RALSTON DRUG & DISCOUNT LIQUORS #13,29.76777008624,,,,HARRIS
Liquor Store,,77073,1.4151660907369744e+19,TX,-95.427163368025,156 FM 1960 RD STE B,,,,HOUSTON,"MPM DISCOUNT LIQUOR, INC",30.021632901577,,,,HARRIS
Liquor Store,,77064,1.668845218431869e+19,TX,-95.554356729894,9211 WEST RD STE 127,,,,HOUSTON,TEXAN LIQUOR,29.902717689624,,,,HARRIS
Supermarket,,77036,1.4121438416240132e+19,TX,-95.519460463382,7614 DASHWOOD DR,,,,HOUSTON,"GROCERY SERVICES, INC. #39",29.707486114503,,,,HARRIS
Liquor Store,,77345,4.95339509738742e+18,TX,-95.170187604986,2615 MILLS BRANCH DR SPC B,,,,KINGWOOD,LIQUOR CABINET,30.071541952408,,,,HARRIS
Supermarket,,77072,1.708883799060246e+19,TX,-95.567555179425,10796 BELLAIRE BLVD STE A1,,,,HOUSTON,ENSON MARKET 29 BELLAIRE TX,29.704030116837,,,,HARRIS
Convenience Store,,77095,1.7078318934643134e+19,TX,-95.641495842753,15498 FM 529 RD,,,,HOUSTON,"G & H GROUP USA, INC.",29.879296083599,,,,HARRIS
Bakery,,77547,1.1050748351944081e+19,TX,-95.241609512027,1907 CLINTON DR,,,,GALENA PARK,LA ROSITA BAKERY AND TAQUERIA,29.732513357113,,,,HARRIS
Meat Market,,77338,1.5707200297378791e+19,TX,-95.264292076997,254 1ST ST #254,,,,HUMBLE,LA MICHOACANA MEAT MARKET # 38,29.999491906303,,,,HARRIS
Convenience Store,,77039,3.6843285092042844e+18,TX,-95.317137430605,12215 NORTHWOOD FOREST DR STE 141,,,,HOUSTON,ROSA'S NEIGHBOR STORE,29.900266547005,,,,HARRIS
Specialty Food,,77067,1.3288183032452303e+19,TX,-95.420469939268,231 W GREENS RD,,,,HOUSTON,NYANU NUTRITION LLC,29.948945814058,,,,HARRIS
Convenience Store,,77039,1.756088706202929e+19,TX,-95.337226136687,3622 ALDINE MAIL ROUTE RD,,,,HOUSTON,THE INDIAN DECK,29.902414711573,,,,HARRIS
Supermarket,,77060,1.7224513310765828e+19,TX,-95.384087087875,15534 W HARDY RD,,,,HOUSTON,J.E.T. REFRIGERATION INC.,29.942578529491,,,,HARRIS
Bakery,,77096,1.8446574297959713e+19,TX,-95.491974795857,5869 S BRAESWOOD BLVD,,,,HOUSTON,BEST DONUTS,29.676904350973,,,,HARRIS
Convenience Store,,77449,5.648285189118251e+18,TX,-95.729890773967,20250 PARK ROW DR,,,,KATY,EXPRESS FOOD STORE #11,29.789698125369,,,,HARRIS
Bakery,,77081,5.668683055732114e+18,TX,-95.488055078198,6095 GLENMONT DR STE C,,,,HOUSTON,PANADERIA  Y PASTELERIA MANA,29.71996135887,,,,HARRIS
Supermarket,,77389,9.56064065553526e+18,TX,-95.4492105639,2180 SPRING STUEBNER RD,,,,SPRING,KROGER #130 FUEL CENTER,30.08299187774,,,,HARRIS
Specialty Food,,77037,1.3741733814685094e+19,TX,-95.407228856911,412 BLUE BELL RD,,,,HOUSTON,TEXAS ICE CREAM CORPORATION,29.907538069795,,,,HARRIS
Specialty Food,,77077,7.997998305399688e+18,TX,-95.596626171122,12288 WESTHEIMER RD STE 210A,,,,HOUSTON,"EMPORIO MARKET, LLC",29.736459161161,,,,HARRIS
Supermarket,,77024,1.1388542275304112e+19,TX,-95.560719702981,12850 MEMORIAL DR # 1000,,,,HOUSTON,RANDALL'S #1066,29.772803899801,,,,HARRIS
Liquor Store,,77081,2.634714286022542e+18,TX,-95.476551419979,5434 CHIMNEY ROCK RD,,,,HOUSTON,GOOD TIMES SPIRITS,29.722298934511,,,,HARRIS
Grocery Store,,77017,2.2488681015328955e+18,TX,-95.230495197631,2869 S RICHEY ST,,,,HOUSTON,LITTLE CAESAR ENTERPRISES #4548,29.677927339106,,,,HARRIS
Confectionery,,77032,9.940414373552542e+18,TX,-95.341222099995,3100 N TERMINAL RD # A,,,,HOUSTON,FIRST GLASS,29.987461295553,,,,HARRIS
Convenience Store,,77051,1.1186542482142022e+19,TX,-95.355730884183,7401 CULLEN BLVD STE B,,,,HOUSTON,H-TOWN LIQUORS,29.68027916719,,,,HARRIS
Convenience Store,,77521,1.1003434665287045e+19,TX,-94.983972407446,2443 ROLLINGBROOK DR,,,,BAYTOWN,OASIS ROLLINGBROOK,29.76069765041,,,,HARRIS
Specialty Food,,77520,1.1654742578100259e+19,TX,-94.998411271175,1903 FLORIDA ST,,,,BAYTOWN,NOIR BLANC TEA LLC,29.721485244578,,,,HARRIS
Liquor Store,,77388,1.2989992565470216e+19,TX,-95.437012544417,230 CYPRESSWOOD DR STE D,,,,SPRING,OMKAR LIQUOR #1,30.050979752396,,,,HARRIS
Liquor Store,,77064,6.098013342316382e+18,TX,-95.543478540612,8800 WEST RD STE B,,,,HOUSTON,KROOZIN TOP SHELF LLC,29.902903075423,,,,HARRIS
Produce Market,,77008,1.7877031240471036e+19,TX,-95.39667748587,1701 HARVARD ST APT 13,,,,HOUSTON,FERAL FOODS,29.800956279916,,,,HARRIS
Liquor Store,,77546,1.6537714445298911e+19,TX,-95.150655754433,18740 GULF FWY,,,,FRIENDSWOOD,"TOTAL WINE, SPIRITS, BEER & MORE",29.549239091487,,,,HARRIS
Liquor Store,,77081,1.2599205987408167e+19,TX,-95.472124289706,6101 ROYALTON ST,,,,HOUSTON,HAPPY SPIRITS,29.714680145391,,,,HARRIS
Supermarket,,77546,9.81397813099543e+18,TX,-95.16043874472,3135 FM 528 RD,,,,FRIENDSWOOD,KROGER TEXAS L.P. #744,29.522383889397,,,,HARRIS
Convenience Store,,77505,8.866260950347368e+18,TX,-95.146268372715,6150 SPENCER HWY,,,,PASADENA,SJ SPENCER FOOD MART,29.665733028347,,,,HARRIS
Liquor Store,,77449,1.4619993317783652e+19,TX,-95.718676966276,5803 FRY RD STE 104,,,,KATY,J.K. BOTTLES LIQUOR STORE,29.854999630145,,,,HARRIS
Liquor Store,,77064,1.5127590173660695e+19,TX,-95.546750538946,12405 N GESSNER DR,,,,HOUSTON,COSTCO LIQUORS,29.953628261486,,,,HARRIS
Liquor Store,,77025,1.2758663104874955e+19,TX,-95.421478102827,9217 MAIN ST,,,,HOUSTON,LIQUOR & MORE BY CDOT,29.685023971592,,,,HARRIS
Bakery,,77008,4.883903544428807e+18,TX,-95.39667748587,1701 HARVARD ST APT 13,,,,HOUSTON,SWEET AND SALVAGED,29.800956279916,,,,HARRIS
Bakery,,77346,1.8408815404763927e+19,TX,-95.161659189142,18401 W LAKE HOUSTON PKWY STE B,,,,HUMBLE,BAKERY DONUTS,29.984749129499,,,,HARRIS
Liquor Store,,77028,1.406173572497364e+19,TX,-95.284206388367,7610 N WAYSIDE DR STE A,,,,HOUSTON,"BIG MIKES LIQUOR, LLC",29.831446854533,,,,HARRIS
Liquor Store,,77449,1.1852389643247569e+19,TX,-95.77856724859,23219 MORTON RANCH RD STE A,,,,KATY,LIQUOR & SMOKE,29.816981085281,,,,HARRIS
Liquor Store,,77092,1.0846597689628512e+19,TX,-95.488816461176,5782 BINGLE RD,,,,HOUSTON,TRIPLE CROWN LIQUOR,29.850260891082,,,,HARRIS
Liquor Store,,77450,2.816673014283913e+18,TX,-95.7190462345,914 S FRY RD # 1,,,,KATY,SHELBY'S LIQUOR 4,29.77328953723,,,,HARRIS
Liquor Store,,77071,1.5048417650554585e+19,TX,-95.528051805199,12405 S GESSNER DR,,,,HOUSTON,COSTCO TEXAS BEVERAGES INC,29.641229439052,,,,HARRIS
Bakery,,77373,1.4285780512176622e+19,TX,-95.412476408157,25825 ALDINE WESTFIELD RD,,,,SPRING,"E & S IMPORT, LLC",30.076017737612,,,,HARRIS
Liquor Store,,77003,3.672434135389523e+18,TX,-95.347627604537,2240 NAVIGATION BLVD STE 500,,,,HOUSTON,VAL MAR SPIRITS & FINE WINES LLC,29.758315564234,,,,HARRIS
Liquor Store,,77375,7.304205351907378e+18,TX,-95.628049020535,27650 TOMBALL PKWY,,,,TOMBALL,QUALITY LICENSING CORP #703,30.07637344241,,,,HARRIS
Liquor Store,,77346,8.50346438203122e+18,TX,-95.193095498678,12312 WILL CLAYTON PKWY,,,,ATASCOCITA,QUALITY LICENSING CORP. # 7309,29.979091752004,,,,HARRIS
Specialty Food,,77450,1.4544246772051886e+19,TX,-95.751674449415,507 S MASON RD,,,,KATY,MARBLE SLAB CREAMERY #40,29.779123810103,,,,HARRIS
Convenience Store,,77091,8.742503543896032e+18,TX,-95.411052584667,5453 N SHEPHERD DR,,,,HOUSTON,KROOZIN MARKET,29.845806388146,,,,HARRIS
Liquor Store,,77092,6.360558627309438e+18,TX,-95.459468806127,3319 MANGUM RD,,,,HOUSTON,MIKE'S LIQUOR,29.818666754753,,,,HARRIS
Bakery,,77373,1.5227718321792633e+19,TX,-95.430836518746,19784 INTERSTATE 45,,,,SPRING,ICY DONUTS,30.051577988587,,,,HARRIS
Supermarket,,77396,1.0546107849015183e+19,TX,-95.25210660093,9360 N SAM HOUSTON PKWY E STE 600,,,,HUMBLE,LA MORELIANA MEAT MARKET #5,29.934078030503,,,,HARRIS
Convenience Store,,77506,1.6967510618043666e+19,TX,-95.219976745451,416 RICHEY ST,,,,PASADENA,LA FOGATA DEL REY TAQUERIA Y SERVI-CAR LA JOYA,29.705881142124,,,,HARRIS
Convenience Store,,77051,1.7232184724936083e+19,TX,-95.368115130265,8643 SCOTT ST,,,,HOUSTON,Z MART,29.666193869049,,,,HARRIS
Supermarket,,77017,3.4681712733040993e+18,TX,-95.277706529865,3418 BROADWAY ST STE E,,,,HOUSTON,FOOD VALLEY,29.692230835197,,,,HARRIS
Bakery,,77084,2.92765472275276e+18,TX,-95.669113203719,6700 QUEENSTON BLVD APT 111,,,,HOUSTON,DULCITA DESSERTS LLC,29.868596457682,,,,HARRIS
Liquor Store,,77586,5.222463366963218e+18,TX,-95.027127372006,2304 BAYPORT BLVD,,,,SEABROOK,HILL'S LIQUOR STORE,29.572358899248,,,,HARRIS
Convenience Store,,77388,3.169517096804765e+18,TX,-95.453470557505,2477 LOUETTA RD,,,,SPRING,FOOD TOWN # 3,30.059196957373,,,,HARRIS
Convenience Store,,77016,1.153736686321443e+19,TX,-95.330599957644,4100 E CROSSTIMBERS ST,,,,HOUSTON,CROSSTIMBERS MINIT MARKET,29.829177491792,,,,HARRIS
Convenience Store,,77502,1.1794250672354183e+19,TX,-95.221314751129,918 W SOUTHMORE AVE STE 175,,,,PASADENA,6-11 GROCERY & SMOKE,29.690689540203,,,,HARRIS
Liquor Store,,77028,4.688754564706746e+18,TX,-95.262461709995,9415 MESA DR,,,,HOUSTON,UNO MAS LIQUOR #23,29.849505083637,,,,HARRIS
Convenience Store,,77007,9.84557031566274e+18,TX,-95.422068463848,2215 COHN ST,,,,HOUSTON,COHN CORNER STORE,29.779211014945,,,,HARRIS
Convenience Store,,77587,1.2145509510068257e+19,TX,-95.24338703348,802 MICHIGAN ST,,,,SOUTH HOUSTON,SOUTH HOUSTON LLC,29.665167539693,,,,HARRIS
Supermarket,,77530,9.329164762826623e+18,TX,-95.106094404562,16516 MARKET ST,,,,CHANNELVIEW,IMAGINE MINI MART,29.780914861715,,,,HARRIS
Convenience Store,,77081,1.4582034510471683e+18,TX,-95.489201626962,6115 CLAREWOOD DR STE C,,,,HOUSTON,LA PACHANGA MARKET,29.709068862418,,,,HARRIS
Liquor Store,,77045,5.992764184599613e+18,TX,-95.465081414602,14370 S POST OAK RD,,,,HOUSTON,RALSTON DRUG & DISCOUNT LIQUORS #26,29.617369469416,,,,HARRIS
Supermarket,,77077,2.3463390632811745e+18,TX,-95.596319665832,12280 WESTHEIMER RD STE 5,,,,HOUSTON,WESTHEIMER HALAL MEAT LLC,29.736460560718,,,,HARRIS
Liquor Store,,77373,7.451755672399136e+18,TX,-95.383306626899,22608 ALDINE WESTFIELD RD,,,,SPRING,POP'S BEVERAGE,30.042550657798,,,,HARRIS
Supermarket,,77449,1.225411967392136e+19,TX,-95.720268261883,3002 N FRY RD,,,,KATY,RANDALL'S #1772 FUEL STATION,29.811008536455,,,,HARRIS
Liquor Store,,77003,4.5938449280676854e+18,TX,-95.349248522387,2002 RUNNELS ST STE C,,,,HOUSTON,VAL MAR SPIRITS & FINE WINES,29.76134098546,,,,HARRIS
Bakery,,77339,3.753317544201832e+18,TX,-95.188082063388,4125 W LAKE HOUSTON PKWY,,,,KINGWOOD,CITIZEN DONUTS,30.065152798335,,,,HARRIS
Supermarket,,77015,9.800552376435818e+18,TX,-95.177813245859,1231 FREEPORT ST,,,,HOUSTON,FAST BREAK FOOD STORE,29.771572491097,,,,HARRIS
Liquor Store,,77084,1.3007644186630902e+19,TX,-95.68650949509,3700 BARKER CYPRESS RD STE 700,,,,HOUSTON,& LIQUOR #407,29.82410604451,,,,HARRIS
Supermarket,,77031,2.2206262489931625e+18,TX,-95.538329697239,12510 WRENTHORPE DR,,,,HOUSTON,"RED RIVER INTERNATIONAL, LLC",29.646855305413,,,,HARRIS
Liquor Store,,77025,1.1399716389815603e+19,TX,-95.397205838014,8667 MAIN ST,,,,HOUSTON,UNO MAS LIQUOR #18,29.82724809807,,,,HARRIS
Supermarket,,77093,1.4771311759260533e+19,TX,-95.345324098233,2616 LITTLE YORK RD STE A,,,,HOUSTON,TORTILLERIA ZACATECAS NO1 INC,29.870975392387,,,,HARRIS
Supermarket,,77099,5.991174089842903e+18,TX,-95.569009806229,10811 BISSONNET ST STE D005,,,,HOUSTON,MARTHAS DISTRIBUTION,29.674084567766,,,,HARRIS
Convenience Store,,77096,1.3231536436137578e+19,TX,-95.498040534991,11127-29 ALBURY DR,,,,HOUSTON,ALBURY FOOD STORE,29.658078532496,,,,HARRIS
Liquor Store,,77429,1.2751426203889453e+19,TX,-95.637456002165,12330 KNIGGE CEMETERY RD STE E,,,,CYPRESS,CAIPIRA COUNTRY,29.950270737858,,,,HARRIS
Supermarket,,77099,5.832998558029268e+18,TX,-95.570873818605,11502 WILCREST DR,,,,HOUSTON,COX'S FOODARAMA NO 7,29.655373247243,,,,HARRIS
Liquor Store,,77081,5.383298672758508e+18,TX,-95.485927877149,5904 JESSAMINE ST STE A-1,,,,HOUSTON,LIQUID ASSETS,29.701952280041,,,,HARRIS
Supermarket,,77060,6.11994786169797e+18,TX,-95.408412356604,50 ALDINE BENDER RD STE 145,,,,HOUSTON,TORTILLERIA ZACATECAS NO1 INC,29.931648509339,,,,HARRIS
Supermarket,,77036,1.0917114819427189e+19,TX,-95.500878807158,6655 HARWIN DR STE 103-A,,,,HOUSTON,PARIVAR GROCERS,29.71959795068,,,,HARRIS
Liquor Store,,77011,8.732464760421274e+17,TX,-95.302926013659,1305B WAYSIDE DR,,,,HOUSTON,LA REFRESQUERIA,29.74520042843,,,,HARRIS
Liquor Store,,77007,1.2882871825540334e+19,TX,-95.409526124243,909 SHEPHERD DR STE B,,,,HOUSTON,HTX LIQUOR & SMOKE,29.76980937929,,,,HARRIS
Supermarket,,77038,1.3091137989731699e+19,TX,-95.45675670096,10625 VETERANS MEMORIAL DR STE S,,,,HOUSTON,HD FOOD MARKET,29.933314120399,,,,HARRIS
Convenience Store,,77086,9.39069878991174e+18,TX,-95.495677861422,12104 N HOUSTON ROSSLYN RD,,,,HOUSTON,TEXAS K FOOD MART,29.905587559298,,,,HARRIS
Supermarket,,77063,5.642314165700152e+18,TX,-95.534268141665,9898 WESTPARK DR,,,,HOUSTON,ZAITOUNE SUPERMARKET,29.72035271843,,,,HARRIS
Liquor Store,,77084,1.2169513679382202e+19,TX,-95.683257909683,6960 BARKER CYPRESS RD,,,,HOUSTON,HEB FOOD STORE #456,29.878405747827,,,,HARRIS
Bakery,,77054,4.188975306937878e+18,TX,-95.383239706136,2940 HOLLY HALL ST,,,,HOUSTON,MONA'S CRAWFISH PIES LLC,29.685707616857,,,,HARRIS
Supermarket,,77060,1.811662020371515e+19,TX,-95.405729979517,114 HARDWICKE RD,,,,HOUSTON,TORTILLERIA ZACATECAS NO1 INC,29.920217599524,,,,HARRIS
Bakery,,77062,1.4197915549957376e+19,TX,-95.122207760132,16418 DIANA LN,,,,HOUSTON,MAIDEN THE HERETIC,29.560818505132,,,,HARRIS
Liquor Store,,77056,5.468938107998916e+18,TX,-95.461420961857,5000 WESTHEIMER RD STE 602,,,,HOUSTON,CACAO & CARDAMOM,29.740930105695,,,,HARRIS
Liquor Store,,77338,2.5533217596787456e+18,TX,-95.282985158148,9805 FM 1960 BYPASS RD W,,,,HUMBLE,GOODY GOODY LIQUOR #41,30.005103182082,,,,HARRIS
Liquor Store,,77091,1.7310880135899533e+19,TX,-95.473200440547,5558 ANTOINE DR,,,,HOUSTON,RALSTON DRUG & DISCOUNT LIQUORS #33,29.847287255739,,,,HARRIS
Liquor Store,,77055,4.064779514885328e+18,TX,-95.522413518748,9352 LONG POINT RD,,,,HOUSTON,BARGAIN LIQUOR WAREHOUSE,29.798544400633,,,,HARRIS
Specialty Food,,77008,1.6785037629965292e+19,TX,-95.410190003188,1901 N SHEPHERD DR STE 6,,,,HOUSTON,SMOOTHIE KING 1155,29.802839768334,,,,HARRIS
Supermarket,,77053,8.125219827430475e+18,TX,-95.467171999405,15915 S POST OAK RD,,,,HOUSTON,FOODARAMA #21,29.595088490845,,,,HARRIS
Supermarket,,77009,3.714644864083447e+18,TX,-95.38193865905,2426 AIRLINE DR,,,,HOUSTON,REYES PRODUCE COMPANY,29.809021992026,,,,HARRIS
Confectionery,,77032,1.2418886016070928e+19,TX,-95.332665003715,3870 N TERMINAL RD,,,,HOUSTON,PANDA EXPRESS C SOUTH,29.987224220502,,,,HARRIS
Liquor Store,,77041,1.127904851147406e+19,TX,-95.545020390672,5520 GESSNER RD UNIT 1,,,,HOUSTON,UNITED LIQUOR AND SMOKE,29.847085640131,,,,HARRIS
Supermarket,,77072,4.122636997997577e+18,TX,-95.568707828211,6631 GRANDVALE DR,,,,HOUSTON,"VDAN, LLC",29.707117241897,,,,HARRIS
Liquor Store,,77095,1.5330590488492327e+19,TX,-95.645281511673,7055 HIGHWAY 6 N STE B,,,,HOUSTON,"TOTAL WINE, SPIRITS, BEER & MORE",29.88257787628,,,,HARRIS
Supermarket,,77057,5.178195188940164e+18,TX,-95.501225173446,3330 HILLCROFT ST STE 1,,,,HOUSTON,JERUSALEM HALAL MEATS INC,29.729949654769,,,,HARRIS
Convenience Store,,77021,3.0501388925419725e+18,TX,-95.370367342042,3365 OLD SPANISH TRL,,,,HOUSTON,RUNNERS,29.701804631908,,,,HARRIS
Specialty Food,,77005,1.0446703560837253e+19,TX,-95.415567793491,2437 UNIVERSITY BLVD,,,,HOUSTON,"PRESSED JUICERY, INC.",29.715009123176,,,,HARRIS
Convenience Store,,77060,8.08076427865039e+18,TX,-95.407451984396,102 DYNA DR,,,,HOUSTON,# 1 FOOD MART,29.922117756799,,,,HARRIS
Liquor Store,,77036,1.0912677253492263e+19,TX,-95.538085395168,8702 BELLAIRE BLVD STE 300,,,,HOUSTON,UNO MAS LIQUOR #139,29.705054688834,,,,HARRIS
Convenience Store,,77571,2.1682384278190336e+18,TX,-95.087904087018,1369 UNDERWOOD RD,,,,LA PORTE,NU Q-T,29.686525026324,,,,HARRIS
Liquor Store,,77099,8.892275329023516e+17,TX,-95.570859896116,10900 W BELLFORT AVE,,,,HOUSTON,LE'S SUNSHINE LIQUOR,29.655563846071,,,,HARRIS
Liquor Store,,77077,1.0509157905584767e+19,TX,-95.61322096544,12580 WESTHEIMER RD,,,,HOUSTON,FIESTA BEVERAGE MART #79,29.736076490375,,,,HARRIS
Liquor Store,,77028,1.7963376672178459e+19,TX,-95.262153234801,8250 MESA DR,,,,HOUSTON,RALSTON DRUG & DISCOUNT LIQUORS #20,29.836825167949,,,,HARRIS
Convenience Store,,77058,1.1268894614827778e+19,TX,-95.105924042421,18129 EGRET BAY BLVD,,,,HOUSTON,DELICIAS MARKET,29.545439383291,,,,HARRIS
Supermarket,,77045,1.409426467112657e+19,TX,-95.463545225948,12825 S POST OAK RD STE F2,,,,HOUSTON,SIEMPRE,29.64200832856,,,,HARRIS
Liquor Store,,77057,1.1410777916115665e+19,TX,-95.499872812028,6516 DEL MONTE DR,,,,HOUSTON,KILLER VINO CORP,29.745761578313,,,,HARRIS
Specialty Food,,77042,1.628866446450251e+19,TX,-95.548440534934,10001 WESTHEIMER RD STE 1050,,,,HOUSTON,MARBLE SLAB CREAMERY/GREAT AMERICAN COOKIES,29.736917325804,,,,HARRIS
Liquor Store,,77081,1.9397177204449124e+18,TX,-95.490963432596,6200 BELLAIRE BLVD # B,,,,HOUSTON,UNO MAS LIQUOR #7,29.705524113941,,,,HARRIS
Convenience Store,,77032,1.4508333977762152e+19,TX,-95.30390031488,15743 LEE RD,,,,HOUSTON,SAM'S GROCERY & BITE CLUB KITCHEN,29.948104984824,,,,HARRIS
Liquor Store,,77536,3.7753890848347464e+18,TX,-95.123496867499,2812 CENTER ST,,,,DEER PARK,LAST DROP LIQUOR,29.685942911434,,,,HARRIS
Liquor Store,,77075,1.7201706485226557e+19,TX,-95.237436961261,10055 ALMEDA GENOA RD STE F,,,,HOUSTON,ADDIS LIQUOR,29.627658710867,,,,HARRIS
Convenience Store,,77031,1.3121153481914204e+19,TX,-95.553881200829,10001 W BELLFORT ST STE F,,,,HOUSTON,SUPER MERCADO EL SOL,29.652677525187,,,,HARRIS
Convenience Store,,77080,1.2023202582499967e+19,TX,-95.509347839949,4039 HOLLISTER ST,,,,HOUSTON,DOLLAR + MART,29.829805672648,,,,HARRIS
Supermarket,,77025,7.689881020596045e+18,TX,-95.415066857076,8017 MAIN ST STE 100,,,,HOUSTON,BELLE'S ASIAN MARKET MC,29.693460099066,,,,HARRIS
Liquor Store,,77070,2.7453450370479073e+18,TX,-95.584772140037,12218 JONES RD STE K,,,,HOUSTON,GT LIQUORS INC,29.951101504638,,,,HARRIS
Liquor Store,,77047,1.4188089466363098e+18,TX,-95.403257189305,1205 ALMEDA GENOA RD,,,,HOUSTON,CT LIQUOR,29.613898896483,,,,HARRIS
Specialty Food,,77055,9.0481330278971e+18,TX,-95.524612986081,9405 LONG POINT RD,,,,HOUSTON,NEVERIA LAS MICHOACANAS #2,29.797702595314,,,,HARRIS
Supermarket,,77036,1.7071477480559624e+19,TX,-95.505660970633,6959 HARWIN DR STE 100,,,,HOUSTON,HOUSTON HALAL SUPERMARKET LLC,29.718152150913,,,,HARRIS
Bakery,,77082,1.2229377486519552e+19,TX,-95.605029071076,3455 S DAIRY ASHFORD RD STE 180,,,,HOUSTON,MACARON MASTERS LLC,29.725433606284,,,,HARRIS
Supermarket,,77099,1.605514435708789e+19,TX,-95.578161245394,11329 BISSONNET ST,,,,HOUSTON,EAGLE AFRICAN STORE,29.674596884421,,,,HARRIS
Supermarket,,77072,1.0394735922278519e+19,TX,-95.603288390393,12660 BEECHNUT ST STE 180,,,,HOUSTON,EL MERCADITO MEAT MARKET,29.689036406163,,,,HARRIS
Liquor Store,,77069,1.0478636438616359e+19,TX,-95.518153291663,6450 FM 1960 RD W,,,,HOUSTON,ISW CHAMPIONS,29.977004141625,,,,HARRIS
Liquor Store,,77004,9.323676295440056e+18,TX,-95.368073080195,3149 SOUTHMORE BLVD,,,,HOUSTON,RALSTON DRUG & DISCOUNT LIQUORS #7,29.716943707926,,,,HARRIS
Supermarket,,77024,8.284041511438992e+18,TX,-95.560719702981,12850 MEMORIAL DR STE 1000,,,,HOUSTON,RANDALL'S FOOD AND DRUG #1066,29.772803899801,,,,HARRIS
Grocery Store,,77011,8.41282030342087e+18,TX,-95.306431521725,120 S WAYSIDE DR,,,,HOUSTON,LITTLE CAESARS #4560,29.73677149354,,,,HARRIS
Specialty Food,,77339,8.177218844415029e+16,TX,-95.185453795887,20 N MAIN ST,,,,KINGWOOD,"ACAI BRASIL, KINGWOOD",30.048610175826,,,,HARRIS
Specialty Food,,77002,5.068947248459696e+18,TX,-95.372710640667,703 ST JOSEPH PKWY,,,,HOUSTON,STACK BURGER,29.751803447182,,,,HARRIS
Liquor Store,,77098,1.7905556324207118e+19,TX,-95.415591664649,2356 W ALABAMA ST,,,,HOUSTON,SUNNY'S LIQUOR & DISCOUNT TOBACCO,29.738585120407,,,,HARRIS
Liquor Store,,77021,5.678409428222298e+18,TX,-95.364818666839,7215 SCOTT ST,,,,HOUSTON,PARTY LIQUOR STORE,29.685619028706,,,,HARRIS
Specialty Food,,77099,6.198298286229505e+18,TX,-95.568644067756,10887 S WILCREST DR,,,,HOUSTON,LENA'S ASIAN KITCHEN,29.664910434163,,,,HARRIS
Supermarket,,77379,6.124403650158086e+18,TX,-95.518073089304,16215 STUEBNER AIRLINE RD STE 100,,,,SPRING,LA MICHOACANA MEAT MARKET,30.014697019645,,,,HARRIS
Liquor Store,,77009,1.3043819338686218e+19,TX,-95.361167140081,4707 IRVINGTON BLVD STE A,,,,HOUSTON,TWILITE LIQUOR,29.80347963097,,,,HARRIS
Seafood Market,,77083,4.313041133884312e+16,TX,-95.621275987049,13442 BELLAIRE BLVD STE C,,,,HOUSTON,BANGLA BAZAR INC,29.70367632544,,,,HARRIS
Convenience Store,,77074,1.069193383363355e+19,TX,-95.499729115838,6631 BISSONNET ST,,,,HOUSTON,DIAMOND FOOD STORE,29.691351532269,,,,HARRIS
Specialty Food,,77069,1.3240600732560343e+19,TX,-95.499066973276,4547 FM 1960 RD W,,,,HOUSTON,"D & C EATS, INC.",29.987400015859,,,,HARRIS
Bakery,,77339,8.682868093346728e+18,TX,-95.239530037935,1381 KINGWOOD DR,,,,KINGWOOD,DONALD'S DONUTS,30.049632222533,,,,HARRIS
Specialty Food,,77077,1.3804972938689333e+19,TX,-95.602180498756,12513B WESTHEIMER RD,,,,HOUSTON,SMOOTHIE KING,29.736090520061,,,,HARRIS
Convenience Store,,77029,2.511131398566069e+18,TX,-95.255159127859,404 FIDELITY ST,,,,HOUSTON,U & C FOOD STORE,29.736238669696,,,,HARRIS
Supermarket,,77023,1.163830427128963e+19,TX,-95.313714150695,2008 S WAYSIDE DR STE 300,,,,HOUSTON,ENVIOS EL PAISA LLC,29.718663812228,,,,HARRIS
Supermarket,,77055,6.840185510242305e+18,TX,-95.5405870151,10009 LONG POINT RD STE 10009,,,,HOUSTON,GUATEMALA GROCERY,29.794188888786,,,,HARRIS
Convenience Store,,77088,1.623553857034717e+19,TX,-95.494215475971,9245 N HOUSTON ROSSLYN RD,,,,HOUSTON,ROSSLYN FOOD MART,29.874843220882,,,,HARRIS
Liquor Store,,77095,1.1734876006281073e+19,TX,-95.633741537053,8548 HIGHWAY 6 N,,,,HOUSTON,GT LIQUORS INC,29.902740888908,,,,HARRIS
Bakery,,77055,4.733471620639707e+18,TX,-95.543887451523,10082 LONG POINT RD,,,,HOUSTON,KONG JU FOODS INC,29.794329862268,,,,HARRIS
Liquor Store,,77037,1.803462617853377e+19,TX,-95.405593484941,11056 AIRLINE DR,,,,HOUSTON,ACE LIQUOR,29.916913569883,,,,HARRIS
Grocery Store,,77035,1.5680676315421279e+18,TX,-95.464070373224,10804 S POST OAK,,,,HOUSTON,LITTLE CAESAR'S #4554,29.664183720752,,,,HARRIS
Supermarket,,77041,7.826402551604464e+18,TX,-95.563206662027,4402 W SAM HOUSTON PKWY N,,,,HOUSTON,HNJ SHELL,29.832479044008,,,,HARRIS
Convenience Store,,77036,1.1557950850720092e+19,TX,-95.559343990141,10290 FORUM WEST DR,,,,HOUSTON,SUPER K,29.667705280881,,,,HARRIS
Confectionery,,77061,1.7197395891790629e+19,TX,-95.278526519154,7800 AIRPORT BLVD,,,,HOUSTON,ROCKY MOUNTAIN CHOCOLATE FACTORY,29.657785297389,,,,HARRIS
Convenience Store,,77051,3.538530457389581e+18,TX,-95.371767085592,3501 CHIMIRA LN,,,,HOUSTON,NEIGHBORHOOD FOOD MART,29.647636987106,,,,HARRIS
Supermarket,,77023,8.892578625952829e+18,TX,-95.315494875354,3331 TELEPHONE RD STE B,,,,HOUSTON,"GROCERY SERVICES, INC. #38",29.712105377601,,,,HARRIS
Confectionery,,77035,9.801568921213223e+18,TX,-95.332665003715,3870 N TERMINAL RD,,,,HOUSTON,STEAK'N SHAKE C SOUTH,29.987224220502,,,,HARRIS
Liquor Store,,77080,1.5335129704716216e+18,TX,-95.524353083233,1900 BLALOCK RD STE Q,,,,HOUSTON,SENORITAS LIQUOR STORE LLC,29.807153083104,,,,HARRIS
Specialty Food,,77388,1.1302659691338813e+19,TX,-95.43909872378,19515 ENCHANTED OAKS DR,,,,SPRING,FOREVER FOODS LLC,30.049439874927,,,,HARRIS
Liquor Store,,77532,2.082020236078303e+18,TX,-95.06347082726,14405 FM 2100 RD STE I,,,,CROSBY,STONEFIELD LIQUOR,29.894945265533,,,,HARRIS
Convenience Store,,77587,2.1048978401703547e+18,TX,-95.213188015115,513 S ALLEN GENOA RD STE B-4,,,,SOUTH HOUSTON,A&M BOOTS & MORE,29.661730036371,,,,HARRIS
Liquor Store,,77077,1.5824760931373894e+19,TX,-95.590640031136,11940 WESTHEIMER RD,,,,HOUSTON,HEB PANTRY FOODS #330,29.736590577077,,,,HARRIS
Liquor Store,,77429,1.1061752120182067e+19,TX,-95.621364319972,12703 PARK FOREST DR,,,,CYPRESS,PARTY ESSENTIAL VENDING,29.956440600213,,,,HARRIS
Convenience Store,,77039,1.1804882357746356e+19,TX,-95.322124572275,4740 ALDINE MAIL ROUTE RD STE C,,,,HOUSTON,LATINA ESQUINA,29.902774341142,,,,HARRIS
Convenience Store,,77040,5.955120883807502e+18,TX,-95.515486166375,8102 W TIDWELL RD STE A,,,,HOUSTON,M & G MARKET,29.850980960309,,,,HARRIS
Supermarket,,77093,4.1578097227898747e+18,TX,-95.34284949628,8721 JENSEN DR STE H,,,,HOUSTON,DOLLAR RX PHARMACY,29.838723263361,,,,HARRIS
Specialty Food,,77019,1.383309869899467e+18,TX,-95.388141388531,609 W GRAY ST STE B,,,,HOUSTON,R & B TEA,29.753342620358,,,,HARRIS
Convenience Store,,77072,1.5850152663274166e+18,TX,-95.580942277169,11503 BELLAIRE BLVD,,,,HOUSTON,QUIK FOOD # 15,29.70373231345,,,,HARRIS
Liquor Store,,77087,1.6452710953460388e+19,TX,-95.304709928623,7045 BELLFORT ST,,,,HOUSTON,RALSTON DRUG & DISCOUNT LIQUORS #23,29.669825308811,,,,HARRIS
Supermarket,,77008,1.3614768790491711e+19,TX,-95.433809183117,1912 W 18TH ST,,,,HOUSTON,KOJAK'S,29.801556500959,,,,HARRIS
Confectionery,,77061,1.7027497175997645e+18,TX,-95.278526519154,7800 AIRPORT BLVD,,,,HOUSTON,MY SWEET'S II,29.657785297389,,,,HARRIS
Liquor Store,,77074,1.3547595198834885e+19,TX,-95.526007789902,8440 BISSONNET ST,,,,HOUSTON,HEB PANTRY FOODS #320,29.678139184445,,,,HARRIS
Convenience Store,,77020,2.635910512578744e+18,TX,-95.301135322138,1103 LATHROP ST STE A,,,,HOUSTON,QUIK FOOD STORE,29.769245213423,,,,HARRIS
Bakery,,77092,8.620628799253071e+18,TX,-95.459468497343,3315 MANGUM RD STE B,,,,HOUSTON,LEE DONUTS,29.818657902929,,,,HARRIS
Convenience Store,,77036,1.8290491083486858e+18,TX,-95.524515457773,8000 HARWIN DR STE 200,,,,HOUSTON,MALIK GLOBAL LLC,29.717749750683,,,,HARRIS
Liquor Store,,77054,2.5929512325297807e+18,TX,-95.399613818925,2112 HOLLY HALL ST,,,,HOUSTON,THE LIQUOR STORE # 5,29.685217348929,,,,HARRIS
Bakery,,77028,3.8120740125619814e+18,TX,-95.302006464843,6817 HOMESTEAD RD STE B,,,,HOUSTON,A & K CAKE SHOP,29.820621722136,,,,HARRIS
Liquor Store,,77005,1.6642174730522413e+19,TX,-95.419388333032,2638 BISSONNET ST,,,,HOUSTON,HEB PANTRY FOODS #321,29.725524183961,,,,HARRIS
Convenience Store,,77061,1.3880760341735686e+19,TX,-95.280302385446,7721 BELLFORT ST,,,,HOUSTON,FLO'S MART,29.672370847771,,,,HARRIS
Liquor Store,,77345,6.410141273769461e+18,TX,-95.183321544122,4505 KINGWOOD DR # 180,,,,KINGWOOD,TWIN LIQOURS #85,30.050551722567,,,,HARRIS
Supermarket,,77023,1.213210274869626e+18,TX,-95.296354616327,7050 LAWNDALE ST,,,,HOUSTON,TORTILLERIA ZACATECAS NO1 INC,29.717265277399,,,,HARRIS
Liquor Store,,77338,1.682196526026433e+19,TX,-95.268352261373,21802 TOWNSEN BLVD W STE A,,,,HUMBLE,WB LIQUORS AND WINE,30.020835175047,,,,HARRIS
Liquor Store,,77073,9.248018045368572e+17,TX,-95.466210929134,2919 FM 1960 RD STE 110,,,,HOUSTON,POP'S BEVERAGE,30.005771101668,,,,HARRIS
Supermarket,,77016,1.4576430301473952e+19,TX,-95.300783361647,11311 HOMESTEAD RD,,,,HOUSTON,FISH & GROCERY STORE,29.883968165195,,,,HARRIS
Convenience Store,,77055,6.281820888972019e+18,TX,-95.484822660646,1850 WIRT RD # A,,,,HOUSTON,EL CHITO FOOD MART,29.805481629805,,,,HARRIS
Bakery,,77056,1.0555394495849583e+19,TX,-95.460639787872,3050 POST OAK BLVD STE 510,,,,HOUSTON,"SWEETWELL USA, LLC",29.734242191983,,,,HARRIS
Supermarket,,77338,1.5608541667234238e+19,TX,-95.319748780668,7031 FM 1960 RD W STE D,,,,HUMBLE,NEW IQRA WORLD FOOD MARKET,30.007674275639,,,,HARRIS
Convenience Store,,77005,1.8254548052706937e+19,TX,-95.433368941259,3642 UNIVERSITY BLVD,,,,HOUSTON,MERCATO AND COMPANY,29.714958326865,,,,HARRIS
Liquor Store,,77082,1.0686120041585201e+19,TX,-95.644036170004,2680 HIGHWAY 6 S,,,,HOUSTON,GOODY GOODY LIQUOR #40,29.729707440918,,,,HARRIS
Supermarket,,77088,1.995971758245168e+18,TX,-95.494522295488,9903 N HOUSTON ROSSLYN RD,,,,HOUSTON,E Z 7,29.8861060125,,,,HARRIS
Supermarket,,77021,1.314990489434104e+19,TX,-95.358243173766,5851 SCOTT ST STE A,,,,HOUSTON,BELLFORT SEAFOOD MARKET,29.705179852314,,,,HARRIS
Supermarket,,77598,3.788794268973352e+18,TX,-95.127438515963,16928 HIGHWAY 3,,,,WEBSTER,JINGO'S ASIAN MART,29.547538466744,,,,HARRIS
Specialty Food,,77096,1.6483540537549736e+19,TX,-95.49396338852,5930 VALKEITH DR,,,,HOUSTON,SOARING FORK,29.671932388996,,,,HARRIS
Liquor Store,,77067,1.1309855801125275e+18,TX,-95.468470964633,11423 VETERANS MEMORIAL DR STE 103,,,,HOUSTON,RYANS LIQUOR AND SMOKE,29.948483491548,,,,HARRIS
Liquor Store,,77070,1.6111983783974833e+18,TX,-95.546853478916,7950 FM 1960 RD W,,,,HOUSTON,QUALITY LICENSING CORP STORE # 4721,29.961471896404,,,,HARRIS
Confectionery,,77429,1.1486291825089071e+19,TX,-95.655356538405,15014 SPRING CYPRESS RD UNIT 145,,,,CYPRESS,COPPER KETTLE CHOCOLATE FACTORY,29.985597469707,,,,HARRIS
Bakery,,77055,2.3133476635412288e+17,TX,-95.484768784067,1802 WIRT RD STE C,,,,HOUSTON,PANAMEX PANADERIA Y PASTELERIA GOURMET,29.802995279042,,,,HARRIS
Liquor Store,,77079,7.168465821407856e+18,TX,-95.563314458634,12901 QUEENSBURY LN,,,,HOUSTON,SPEC'S #49,29.777994510183,,,,HARRIS
Convenience Store,,77587,1.3207747803269448e+19,TX,-95.214040224191,502 S ALLEN GENOA RD STE A,,,,SOUTH HOUSTON,A & M MOBILE PAYMENT & SERVICES,29.662646397123,,,,HARRIS
Bakery,,77562,5.099068048955228e+18,TX,-95.057891218808,1514 N MAIN ST,,,,HIGHLANDS,WHISK AND VINE,29.836585764092,,,,HARRIS
Liquor Store,,77015,7.305023738027887e+17,TX,-95.221598732971,12201 EAST FWY,,,,HOUSTON,FIESTA BEVERAGE MART #10,29.771035292159,,,,HARRIS
Liquor Store,,77056,1.0515149192243794e+19,TX,-95.466622693229,3303 SAGE RD STE 100,,,,HOUSTON,"TMC BEVERAGES OF HOUSTON, INC.",29.733092134418,,,,HARRIS
Liquor Store,,77429,1.0772074116018885e+19,TX,-95.611778587764,13742 N ELDRIDGE PKWY,,,,CYPRESS,QUALITY LICENSING CORP #3506,29.981324599319,,,,HARRIS
Supermarket,,77075,1.6800414883827239e+19,TX,-95.266665065012,8500 ALMEDA GENOA RD STE 101,,,,HOUSTON,LA MICHOACANA MEAT MARKET #46,29.626383794354,,,,HARRIS
Liquor Store,,77087,3.571438124471436e+18,TX,-95.305208671308,4202 TELEPHONE RD,,,,HOUSTON,GOOSE CAP LIQUOR #1,29.703490448865,,,,HARRIS
Specialty Food,,77079,4.864475603556583e+18,TX,-95.605301929346,14555 MEMORIAL DR STE 300,,,,HOUSTON,SMOOTHIE KING,29.770052023621,,,,HARRIS
Liquor Store,,77494,2.4804221692201723e+18,TX,-95.781724761039,23645 KATY FWY,,,,KATY,"COSTCO TEXAS BEVERAGES, INC.",29.784806116027,,,,HARRIS
Supermarket,,77004,1.3588402585494766e+19,TX,-95.369791295363,3201 N MACGREGOR WAY,,,,HOUSTON,TIP TOP GROCERY,29.712333184419,,,,HARRIS
Liquor Store,,77388,3.188338685249668e+18,TX,-95.461043879392,3301 LOUETTA RD STE 101,,,,SPRING,LV LIQUOR,30.053200493293,,,,HARRIS
Supermarket,,77099,7.612663885305038e+18,TX,-95.598107585715,12450 BISSONNET ST STE 190,,,,HOUSTON,FAITH STOP,29.67680188942,,,,HARRIS
Convenience Store,,77016,1.1097202735343396e+18,TX,-95.30866581659,9440 SHADY DR STE A,,,,HOUSTON,PANTHERS 33,29.847668874696,,,,HARRIS
Liquor Store,,77065,1.3299679026549836e+19,TX,-95.584639602324,9559 JONES RD,,,,HOUSTON,VALUE DISCOUNT LIQUOR,29.911171397457,,,,HARRIS
Convenience Store,,77063,5.726429870045741e+18,TX,-95.527554524054,9275 RICHMOND AVE STE 168,,,,HOUSTON,HOUSTON BEST CLAW,29.728937870156,,,,HARRIS
Convenience Store,,77038,5.832188254743625e+17,TX,-95.446908426503,2508 W MOUNT HOUSTON RD STE G,,,,HOUSTON,COUNTRY FOOD MART,29.897837383696,,,,HARRIS
Seafood Market,,77072,2.969926947017475e+18,TX,-95.596263238476,4231 COOK RD,,,,HOUSTON,ALL BENGAL SWEETS AND RESTAURANT,29.711991040346,,,,HARRIS
Convenience Store,,77092,1.7886985991418825e+19,TX,-95.473107927841,4941 ANTOINE DR,,,,HOUSTON,SAM'S FOOD MART,29.836544358437,,,,HARRIS
Liquor Store,,77071,9.757800229257366e+18,TX,-95.513708301466,7766 W BELLFORT ST,,,,HOUSTON,NAMI LIQUOR,29.655946472846,,,,HARRIS
Liquor Store,,77587,1.0159821329684775e+19,TX,-95.208177646992,3700 S SHAVER ST,,,,SOUTH HOUSTON,BEVERAGE KING,29.654567393071,,,,HARRIS
Bakery,,77571,2.2185735920422943e+18,TX,-95.079423293757,10002 ROCKY HOLLOW RD,,,,LA PORTE,HOUSE OF CRUMBZILLA,29.654869509724,,,,HARRIS
Convenience Store,,77057,2.4565242770118574e+18,TX,-95.476509448536,5601 SOUTHWEST FWY,,,,HOUSTON,CHIMNEY ROCK EXXON,29.725380517991,,,,HARRIS
Convenience Store,,77036,6.33723524991997e+18,TX,-95.556463944883,10109 BISSONNET ST STE A,,,,HOUSTON,RACEONE #2,29.674840861279,,,,HARRIS
Meat Market,,77065,4.631737276488174e+18,TX,-95.628975637534,10675 HUFFMEISTER RD STE 100,,,,HOUSTON,GUERRERENSE MEAT MARKET #3,29.931760374761,,,,HARRIS
Liquor Store,,77504,1.3740437296834888e+19,TX,-95.180350773165,4122 FAIRMONT PKWY,,,,PASADENA,"SPEC'S WINE, SPIRITS & FINER FOODS, SPEC'S LIQUOR",29.650612960136,,,,HARRIS
Supermarket,,77504,2.480291775900962e+18,TX,-95.207923715068,3809 SHAVER ST STE 130,,,,PASADENA,TORTILLERIA ZACATECAS NO1 INC,29.651388232783,,,,HARRIS
Liquor Store,,77339,5.0169589170119014e+17,TX,-95.234464090655,1420 KINGWOOD DR,,,,KINGWOOD,SPEC'S BEVERAGE & MORE #01,30.049355564022,,,,HARRIS
Liquor Store,,77379,1.0874638153526233e+19,TX,-95.513513777285,6224 SPRING CYPRESS RD STE 112,,,,SPRING,PINELAKE LIQUOR,30.0482127375,,,,HARRIS
Convenience Store,,77598,1.501054105702451e+18,TX,-95.121415486483,17146 FEATHERCRAFT LN,,,,WEBSTER,DOORDASH ESSENTIALS,29.548303885235,,,,HARRIS
Convenience Store,,77093,1.3483842604734632e+19,TX,-95.33544877125,11108 BENTLEY ST,,,,HOUSTON,CARNES FOOD MART,29.877113313962,,,,HARRIS
Liquor Store,,77044,1.214608626912836e+19,TX,-95.202242645091,12680 W LAKE HOUSTON PKWY,,,,ATASCOCITA,HEB FOOD STORE #614,29.895656988896,,,,HARRIS
Liquor Store,,77004,1.2668876457759232e+19,TX,-95.374889483484,2528 CALUMET ST,,,,HOUSTON,H TOWN LIQUOR,29.717600545551,,,,HARRIS
Convenience Store,,77033,7.441864234555969e+17,TX,-95.345680076889,5124 PERSHING ST,,,,HOUSTON,SMOKEY'S FAST STOP,29.677538987348,,,,HARRIS
Liquor Store,,77020,1.6478775668109002e+18,TX,-95.337388646685,3316 LYONS AVE,,,,HOUSTON,RALSTON DRUG & DISCOUNT LIQUORS #1,29.775908011984,,,,HARRIS
Supermarket,,77072,4.1429591173080863e+18,TX,-95.575514732287,11205 BELLAIRE BLVD STE A,,,,HOUSTON,HONG KONG MARKET #4,29.703804306968,,,,HARRIS
Supermarket,,77012,2.0100419654455304e+18,TX,-95.284541425589,7610 OFFICE CITY DR STE B,,,,HOUSTON,SUPERMERCARDO GIGANTE #1,29.700899109844,,,,HARRIS
Convenience Store,,77070,6.442382508171019e+18,TX,-95.55519063462,8270 WILLOW PLACE DR N STE 150,,,,HOUSTON,DOORDASH ESSENTIALS,29.962060701553,,,,HARRIS
Supermarket,,77401,9.889330257678324e+18,TX,-95.468672512228,5130 BELLAIRE BLVD,,,,BELLAIRE,RANDALL'S #3064,29.705774137733,,,,HARRIS
Supermarket,,77012,1.1257385196012065e+19,TX,-95.287071421154,2833 GULF CREEK DR STE A2,,,,HOUSTON,TORTILLERIA ZACATECAS NO1 INC,29.699395298868,,,,HARRIS
Grocery Store,,77076,8.743320660928775e+18,TX,-95.384089736084,139 LITTLE YORK RD,,,,HOUSTON,LITTLE CAESARS ENTERPRISE #4566,29.870099334144,,,,HARRIS
Liquor Store,,77077,1.5629293797732207e+19,TX,-95.589329991059,2700 KIRKWOOD ROAD,,,,HOUSTON,QUALITY LICENSING CORP #3296,29.732950606693,,,,HARRIS
Convenience Store,,77061,1.4459322063056394e+17,TX,-95.269532088276,7985 BELLFORT ST STE 102,,,,HOUSTON,NEIGHBOURS FOOD STORE,29.674458077442,,,,HARRIS
Liquor Store,,77057,1.6326082616412226e+19,TX,-95.485540959011,1932 FOUNTAIN VIEW DR,,,,HOUSTON,FOUNTAINVIEW LIQUOR,29.746199397496,,,,HARRIS
Convenience Store,,77014,3.175054751693948e+18,TX,-95.472809968344,13650 WALTERS RD STE E,,,,HOUSTON,URSTOP LIQUOR,29.977345452374,,,,HARRIS
Supermarket,,77036,4.611687515714047e+18,TX,-95.552397333641,9819 BISSONNET ST STE I,,,,HOUSTON,MEX AFRICAN FOODS,29.675104873584,,,,HARRIS
Liquor Store,,77030,4.646684683337614e+18,TX,-95.412952185315,2314 W HOLCOMBE BLVD,,,,HOUSTON,SPEC'S LIQUOR #21,29.706257664123,,,,HARRIS
Bakery,,77004,1.2514195353867928e+19,TX,-95.351587503378,3726 SCOTT ST,,,,HOUSTON,SHIPLEY DONUTS,29.722267281583,,,,HARRIS
Supermarket,,77084,1.036730913627926e+19,TX,-95.669408080603,17118 W LITTLE YORK RD STE 109,,,,HOUSTON,SHAPLA GROCERS,29.865388577535,,,,HARRIS
Convenience Store,,77075,1.1531342299369064e+19,TX,-95.285539633233,10516 TELEPHONE RD,,,,HOUSTON,TELEPHONE RD SWIFT,29.6132711173,,,,HARRIS
Liquor Store,,77040,1.3825094381861226e+19,TX,-95.510771108584,13505 NORTHWEST FWY,,,,HOUSTON,LIQUOR BANK / TOBACCO,29.851439657839,,,,HARRIS
Supermarket,,77027,1.3073433591286513e+18,TX,-95.434452435789,2620 JOANEL ST,,,,HOUSTON,THE COTTAGE GROCERY,29.741313856115,,,,HARRIS
Liquor Store,,77586,5.362561754835078e+18,TX,-95.024913582708,1904 EL MAR LN STE C,,,,SEABROOK,HILL LIQUOR STORE,29.57019712871,,,,HARRIS
Liquor Store,,77373,1.4028481930550137e+19,TX,-95.388015132382,23221 ALDINE WESTFIELD RD STE L,,,,SPRING,ALDINE CHAMPION LIQUOR,30.050181376355,,,,HARRIS
Convenience Store,,77066,8.179662829062266e+17,TX,-95.491990077098,13940 BAMMEL NORTH HOUSTON RD STE 201,,,,HOUSTON,TIENDA HISPANA LAS DELICIAS,29.978361953887,,,,HARRIS
Convenience Store,,77026,1.1781985714977851e+19,TX,-95.331673514106,4003 KELLEY ST STE A,,,,HOUSTON,FRIENDLY TOMMY GROCERY,29.81342619939,,,,HARRIS
Specialty Food,,77055,7.765469342169059e+18,TX,-95.493312638212,8230 LONG POINT RD,,,,HOUSTON,LA MICHOACANA NATURAL ICE CREAM,29.803033637787,,,,HARRIS
Liquor Store,,77017,1.0187318928922266e+19,TX,-95.228736524027,2000 ALLEN GENOA RD STE 100,,,,HOUSTON,ROAD STOP LIQUOR #4,29.682097190637,,,,HARRIS
Convenience Store,,77082,3.7749345194965263e+18,TX,-95.604784719866,3533 S DAIRY ASHFORD RD STE A,,,,HOUSTON,ONESTOP,29.723417367908,,,,HARRIS
Liquor Store,,77429,9.343877903733246e+18,TX,-95.630105019227,13730 CYPRESS NORTH HOUSTON RD,,,,CYPRESS,HEB PANTRY FOODS #310,29.947467686156,,,,HARRIS
Meat Market,,77036,3.1266070209899566e+18,TX,-95.556524211052,9979 BEECHNUT ST STE D,,,,HOUSTON,"SUPERMERCADO TELOLOAPAN # 12, INC.",29.68921947035,,,,HARRIS
Meat Market,,77088,1.2681430349529262e+18,TX,-95.479628928359,6060 VICTORY DR,,,,HOUSTON,EL PUEBLO MEAT MARKET,29.865678193437,,,,HARRIS
Meat Market,,77505,5.477663948240864e+18,TX,-95.125147671169,7407 SPENCER HWY STE 160,,,,PASADENA,1836 BUTCHERS,29.663727848357,,,,HARRIS
Convenience Store,,77002,1.317072920589281e+17,TX,-95.362470798596,720 FANNIN ST,,,,HOUSTON,"FANNIN & RUSK BEVERAGE CO., L.L.C.",29.7585199746,,,,HARRIS
Supermarket,,77586,1.650515416851856e+19,TX,-95.052316000494,4024 NASA PKWY,,,,EL LAGO,PICK N PAY #5,29.564425653108,,,,HARRIS
Specialty Food,,77083,1.116981059606887e+19,TX,-95.643874467615,6855 HIGHWAY 6 S STE A,,,,HOUSTON,LA MICHOACANA NATURAL ICE CREAM,29.703002766037,,,,HARRIS
Liquor Store,,77080,1.7350436781852606e+19,TX,-95.513441341507,8830 CLAY RD,,,,HOUSTON,"SPEC'S LIQUOR #91 SPECS WINE, SPIRITS & FINER FOOD",29.832730088705,,,,HARRIS
Liquor Store,,77036,6.142254798607569e+18,TX,-95.505702812108,6965 HARWIN DR # 152,,,,HOUSTON,LIQUOR PALACE,29.718147989884,,,,HARRIS
Supermarket,,77036,1.1296723406726515e+19,TX,-95.555269922948,9908 BEECHNUT ST STE G,,,,HOUSTON,GROCERY SERVICES #45,29.689272551934,,,,HARRIS
Bakery,,77015,1.023937747888579e+19,TX,-95.216879292024,1720 PINKY WAY,,,,HOUSTON,CUQUIS DECORATIONS & CAKES,29.759148719347,,,,HARRIS
Liquor Store,,77070,4.8702668963179885e+17,TX,-95.576032319494,10927 LOUETTA RD STE 190,,,,HOUSTON,M & R LIQUORS XI,29.996667466063,,,,HARRIS
Liquor Store,,77092,6.414413867628188e+18,TX,-95.486084522693,6440 W 43RD ST STE E,,,,HOUSTON,EXCEL LIQUOR,29.833257955117,,,,HARRIS
Bakery,,77095,1.508157332712672e+18,TX,-95.66857698665,16902 TUCKERTON RD STE A,,,,HOUSTON,HOMIE DONUTS,29.917679825096,,,,HARRIS
Liquor Store,,77057,6.207312756580042e+18,TX,-95.50098295909,1665 S VOSS RD,,,,HOUSTON,RICHARDS LIQUORS AND FINE WINES #82,29.749045761563,,,,HARRIS
Meat Market,,77007,1.0088130015190733e+19,TX,-95.417739417593,5526 WASHINGTON AVE,,,,HOUSTON,EL TIEMPO MEAT MARKET,29.770742531218,,,,HARRIS
Liquor Store,,77063,1.0377743032012917e+19,TX,-95.514259038123,8401 WESTHEIMER RD STE 105,,,,HOUSTON,AL'S LIQUOR,29.737322739048,,,,HARRIS
Convenience Store,,77093,2.2874153968140475e+18,TX,-95.352406582936,1727 BERRY RD,,,,HOUSTON,M H FOOD STORE,29.837743740884,,,,HARRIS
Convenience Store,,77036,1.7933763983358314e+19,TX,-95.519659927854,7640 CLAREWOOD DR,,,,HOUSTON,SUPERWAY FOOD STORE,29.709763114044,,,,HARRIS
Supermarket,,77547,1.2086253248140624e+19,TX,-95.232850699309,701 HOLLAND AVE,,,,GALENA PARK,MARTINEZ GROCERY,29.736915794623,,,,HARRIS
Convenience Store,,77055,1.3304110180249324e+19,TX,-95.497106721985,8501 LONG POINT RD STE E,,,,HOUSTON,LA MEXICANA,29.802979144293,,,,HARRIS
Specialty Food,,77010,1.5153968324557558e+19,TX,-95.363175526691,1200 MCKINNEY ST STE 545,,,,HOUSTON,SNAP KITCHEN #14,29.755832047237,,,,HARRIS
Specialty Food,,77429,7.762876323151696e+18,TX,-95.638266721408,14101 GRANT RD,,,,CYPRESS,SONRISE OPERATIONS LLC,30.005302856119,,,,HARRIS
Supermarket,,77096,3.339573467005133e+17,TX,-95.491430495755,5665 BEECHNUT ST,,,,HOUSTON,COX FOODARAMA #2,29.688269171576,,,,HARRIS
Liquor Store,,77095,2.5089422259218196e+18,TX,-95.683204409971,17996 FM 529 RD,,,,HOUSTON,SPEC'S #48,29.87999808489,,,,HARRIS
Convenience Store,,77072,9.979974371640558e+18,TX,-95.571340976114,6117 WILCREST DR,,,,HOUSTON,SUN DOLLARS PLUS STORE,29.71481442473,,,,HARRIS
Supermarket,,77023,1.1328433385131692e+19,TX,-95.322694768906,2818 FAY ST,,,,HOUSTON,RUIZ WHOLESALE #5,29.71059047458,,,,HARRIS
Liquor Store,,77039,1.6994045394626497e+19,TX,-95.317650710952,5170 ALDINE MAIL ROUTE RD,,,,HOUSTON,SPACE LIQUOR,29.90283796422,,,,HARRIS
Liquor Store,,77494,2.5346766487726515e+18,TX,-95.79251645207,24417 KATY FWY,,,,KATY,"SPEC'S WINES, SPIRITS & FINER FOOD #139",29.78500629211,,,,HARRIS
Supermarket,,77045,8.691226179316105e+18,TX,-95.465128887991,14202 S POST OAK RD,,,,HOUSTON,VARIEDADES PASAQUINA,29.621599652976,,,,HARRIS
Supermarket,,77036,3.7037491127585505e+18,TX,-95.536798879505,9947 HARWIN DR STE I,,,,HOUSTON,"FOISON PACKAGING TX, INC.",29.717675207321,,,,HARRIS
Bakery,,77346,1.2527364004276226e+19,TX,-95.192707203146,5415 FM 1960 RD E,,,,HUMBLE,TIMBER FOREST DO-NUT INC,29.998852471008,,,,HARRIS
Convenience Store,,77091,1.403433622827698e+19,TX,-95.473229752951,5650 ANTOINE DR,,,,HOUSTON,GOLDEN STORE,29.848197394528,,,,HARRIS
Specialty Food,,77081,1.5588075743164123e+19,TX,-95.481993731797,5720 BELLAIRE BLVD,,,,HOUSTON,LA MICHOACANA NATURAL ICE CREAM,29.705621828733,,,,HARRIS
Liquor Store,,77077,1.6203092710676187e+19,TX,-95.585559790733,11815 WESTHEIMER RD,,,,HOUSTON,HEB FOOD STORE #551,29.736388110239,,,,HARRIS
Convenience Store,,77074,9.229918859151034e+18,TX,-95.507198412209,7074 BISSONNET ST,,,,HOUSTON,MERCADITO LATINO,29.687645961015,,,,HARRIS
Convenience Store,,77083,1.1299318473952545e+19,TX,-95.664648164058,15825 BELLAIRE BLVD STE A,,,,HOUSTON,"TIOS MARKET, LLC",29.699890115025,,,,HARRIS
Liquor Store,,77019,1.7115119076534733e+19,TX,-95.398242920537,534 WAUGH DR,,,,HOUSTON,BAYOU LIQUOR,29.760809218404,,,,HARRIS
Meat Market,,77053,9.215831159707747e+18,TX,-95.469475184641,16251 S POST OAK RD,,,,HOUSTON,LA MICHOACANA MEAT MARKET #35,29.590548947423,,,,HARRIS
Bakery,,77502,1.33348414063897e+19,TX,-95.230248782764,1901 ALLEN GENOA RD STE 170,,,,PASADENA,7 BRIGHT DONUTS,29.684472226122,,,,HARRIS
Liquor Store,,77377,1.1697988978713182e+19,TX,-95.602344653617,11730 SPRING CYPRESS RD STE 4,,,,TOMBALL,MIRA'S LIQUOR,30.012881897295,,,,HARRIS
Convenience Store,,77057,1.2513214158354794e+19,TX,-95.498423033153,6455 WESTHEIMER RD,,,,HOUSTON,"CAXAJ STORE # 2 INTERNATIONAL COURIER, LLC",29.73748209122,,,,HARRIS
Specialty Food,,77506,1.3498741420305566e+19,TX,-95.211470773587,707 SHAVER ST,,,,PASADENA,MONTEMICH ICE CREAM CO,29.70153667952,,,,HARRIS
Confectionery,,77450,1.5884838962743034e+19,TX,-95.767881677762,111 COPPERSMITH DR,,,,KATY,"EVERLIGHT GLOBAL, LLC",29.782525491361,,,,HARRIS
Supermarket,,77053,2.854780071019957e+18,TX,-95.423215704834,13902 ALMEDA RD,,,,HOUSTON,KOUNTRY KUBBARD,29.604551582024,,,,HARRIS
Confectionery,,77007,1.075349146865895e+19,TX,-95.42750044604,6507 MINOLA ST UNIT B,,,,HOUSTON,"AU CHOCOLAT, INC.",29.773291619349,,,,HARRIS
Convenience Store,,77034,9.064380766763436e+18,TX,-95.215635501164,125 E EDGEBROOK DR STE A,,,,HOUSTON,S-N-S FOOD STORE,29.650378144365,,,,HARRIS
Specialty Food,,77022,1.4776486707529468e+19,TX,-95.377627323673,104 TIDWELL RD STE C,,,,HOUSTON,TEXAS SPICES,29.845524670603,,,,HARRIS
Grocery Store,,77091,8.29096843346466e+18,TX,-95.473508886266,5700 W LITTLE YORK RD,,,,HOUSTON,LITTLE CAESAR PIZZA #4530,29.863356401796,,,,HARRIS
Supermarket,,77072,1.3936399170174734e+19,TX,-95.586146319138,11810 BELLAIRE BLVD STE B,,,,HOUSTON,CHO THANH BINH MARKET,29.703807406251,,,,HARRIS
Specialty Food,,77008,1.6211554909787998e+19,TX,-95.414586569448,916B W 23RD ST,,,,HOUSTON,THE FRENCH FARM,29.806721296511,,,,HARRIS
Convenience Store,,77003,1.1016680242926731e+19,TX,-95.355711150427,2201 DALLAS ST,,,,HOUSTON,8TH WONDER,29.749257168688,,,,HARRIS
Liquor Store,,77375,7.946098473107146e+18,TX,-95.55456691901,24814 KUYKENDAHL RD STE 130,,,,TOMBALL,SMOKEY SKIES TOBACCO AND LIQUOR,30.119028151526,,,,HARRIS
Liquor Store,,77077,1.3195892578215718e+18,TX,-95.609439848865,12831 WESTHEIMER RD,,,,HOUSTON,M K LIQUORS,29.736050463586,,,,HARRIS
Convenience Store,,77071,4.5129343853751347e+18,TX,-95.528165660767,10804 S GESSNER RD,,,,HOUSTON,SAMWAY FOOD STORE,29.664367598218,,,,HARRIS
Liquor Store,,77449,1.4973866098633361e+19,TX,-95.728142818281,20906 FAIR WALNUT WAY APT D,,,,KATY,RITECARE INITIATIVES,29.840197963133,,,,HARRIS
Supermarket,,77088,1.1009300467283347e+19,TX,-95.424587944994,1438 W GULF BANK RD,,,,HOUSTON,AM SEAFOOD,29.886820412049,,,,HARRIS
Specialty Food,,77346,5.113691264353781e+18,TX,-95.165185203707,7203 ATASCOCITA RD STE E,,,,HUMBLE,SMOOTHIE KING,29.99788160516,,,,HARRIS
Liquor Store,,77450,6.063777410498578e+18,TX,-95.730242804093,20903 HIGHLAND KNOLLS DR BLDG A,,,,KATY,QUALITY LICENSING CORP #4468 FUEL CENTER,29.758920100788,,,,HARRIS
Convenience Store,,77091,1.8060149712775039e+19,TX,-95.364820559173,857 W TIDWELL RD,,,,HOUSTON,FUEL EXPO SUPER MARKET,29.846279029355,,,,HARRIS
Convenience Store,,77036,1.3140306851963617e+19,TX,-95.545227490148,9198 BELLAIRE BLVD STE B,,,,HOUSTON,"CAXAJ STORE # 2 INTERNATIONAL COURIER, LLC",29.704993115884,,,,HARRIS
Seafood Market,,77021,1.3895072272164932e+19,TX,-95.346129735526,6510 WESTON ST,,,,HOUSTON,MAXIM SEAFOOD,29.691359387154,,,,HARRIS
Supermarket,,77084,5.68991640101895e+18,TX,-95.648470927545,16212 LOCH KATRINE LN STE AB,,,,HOUSTON,MI TIENDA AZTECA MEAT MARKET,29.846014720125,,,,HARRIS
Liquor Store,,77007,2.422327386520439e+18,TX,-95.420272800834,5818 MEMORIAL DR,,,,HOUSTON,SPEC'S @ MEMORIAL PARK #59,29.761414100107,,,,HARRIS
Liquor Store,,77064,1.289072049209857e+19,TX,-95.52485271938,8020 FAIRBANKS N HOUSTON RD STE D,,,,HOUSTON,LIQUOR HUB,29.896958123553,,,,HARRIS
Bakery,,77063,3.610398324561215e+17,TX,-95.530275474554,9415 FAIRDALE LN,,,,HOUSTON,BAKED BY JU KANEW,29.730921934192,,,,HARRIS
Bakery,,77009,1.8015669799195267e+19,TX,-95.363098020769,2121 N MAIN ST STE B,,,,HOUSTON,DONUTS DELIGHT #2,29.779055278174,,,,HARRIS
Supermarket,,77054,1.2049150514043177e+19,TX,-95.391336918253,8403 ALMEDA RD STE B,,,,HOUSTON,PRIME BAZAAR,29.685200555111,,,,HARRIS
Liquor Store,,77095,1.760185568178424e+18,TX,-95.645281511673,7055 HIGHWAY 6 N STE B,,,,HOUSTON,GOODY GOODY #42,29.88257787628,,,,HARRIS
Liquor Store,,77077,1.0703914281282259e+19,TX,-95.591586210223,11990 WESTHEIMER RD,,,,HOUSTON,SPEC'S LIQUORS #2,29.736553399828,,,,HARRIS
Convenience Store,,77346,4.6304558810577325e+17,TX,-95.192830571914,5820 FM 1960 RD E,,,,HUMBLE,LAKEWOOD FOOD STORE,29.998740064757,,,,HARRIS
Meat Market,,77429,1.9853014858477924e+18,TX,-95.624430511254,13215 GRANT RD STE 1800,,,,CYPRESS,STONE COLD MEATS-CYPRESS LLC,29.995449076998,,,,HARRIS
Liquor Store,,77070,1.2248475180343052e+19,TX,-95.592458504465,11550 LOUETTA RD STE 300,,,,HOUSTON,BAY LIQUOR,29.996700949894,,,,HARRIS
Bakery,,77346,1.0796904340016613e+19,TX,-95.176954362228,13411 BEALL WOODS LN,,,,HUMBLE,PAYETON'S PASTRIES,29.968855876551,,,,HARRIS
Liquor Store,,77049,2.129318260937214e+18,TX,-95.18240888137,5607 UVALDE RD,,,,HOUSTON,HEB FOOD STORE #640,29.809389529332,,,,HARRIS
Produce Market,,77089,7.537668071603654e+18,TX,-95.223562598744,11911 MEADOW HAWK DR,,,,HOUSTON,COCO TROPICALFRUITS,29.573353006642,,,,HARRIS
Liquor Store,,77089,1.326502369240195e+19,TX,-95.229198907828,10853 KIRKFAIR DR,,,,HOUSTON,TNT LIQUOR,29.599609103075,,,,HARRIS
Convenience Store,,77076,1.421281880679103e+19,TX,-95.364203657497,11111 W HARDY RD # A,,,,HOUSTON,WEST HARDY EXPRESS,29.864504278686,,,,HARRIS
Bakery,,77449,1.127697631468423e+19,TX,-95.764737481166,3831 W GRAND PKWY N,,,,KATY,DD-412,29.826692773542,,,,HARRIS
Specialty Food,,77598,1.490142523485856e+19,TX,-95.145500268225,19325 GULF FWY STE 140,,,,WEBSTER,SNAP KITCHEN #45,29.545062266447,,,,HARRIS
Bakery,,77433,6.970864928711922e+18,TX,-95.683869240504,8190 BARKER CYPRESS RD STE 1000,,,,CYPRESS,MR DONUT AND KOLACHESE,29.896797991098,,,,HARRIS
Bakery,,77044,7.329638741846346e+18,TX,-95.188752065296,13526 TIDWELL RD STE 350,,,,HOUSTON,D HAPPY DONUTS,29.853239365087,,,,HARRIS
Convenience Store,,77031,1.1084286987383425e+19,TX,-95.544902954157,11707 S SAM HOUSTON PKWY W STE B,,,,HOUSTON,DOORDASH ESSENTIALS,29.648506154734,,,,HARRIS
Bakery,,77092,1.1635191149106053e+19,TX,-95.473582605938,2910 ANTOINE DR,,,,HOUSTON,DONUTS-N-MORE #1,29.813591389954,,,,HARRIS
Bakery,,77449,2.2634279745142295e+18,TX,-95.706185133373,19310 W LITTLE YORK RD STE C,,,,KATY,MAYTENA BAKERY # 3,29.865201396899,,,,HARRIS
Grocery Store,,77087,1.1302647050935486e+19,TX,-95.289327464899,6348 TELEPHONE RD,,,,HOUSTON,LITTLE CAESAR'S #4572,29.673694730298,,,,HARRIS
Supermarket,,77388,3.619879894421357e+18,TX,-95.488616868331,4623 FM 2920 RD STE 100,,,,SPRING,LA MICHOACANA MEAT MARKET,30.072063603372,,,,HARRIS
Specialty Food,,77338,2.885273227225352e+18,TX,-95.270807062796,10031 FM 1960 BYPASS RD W,,,,HUMBLE,TUTTI FRUTTI FROZEN YOGURT,30.005091525258,,,,HARRIS
Bakery,,77506,6.248075717847241e+18,TX,-95.200893136182,1201 W PASADENA FWY,,,,PASADENA,DONUT HOLE,29.693130591791,,,,HARRIS
Bakery,,77003,1.6386879268870439e+19,TX,-95.357953722561,2009 POLK ST,,,,HOUSTON,350�,29.749515490164,,,,HARRIS
Supermarket,,77099,2.2679114654375145e+18,TX,-95.587797509361,9803 S KIRKWOOD RD,,,,HOUSTON,DELTA FOOD STORE,29.671446139143,,,,HARRIS
Meat Market,,77377,2.224380169088487e+18,TX,-95.738279774532,20153 FM 2920 RD STE B1,,,,TOMBALL,LAS FUENTES MEAT MARKET,30.080017257078,,,,HARRIS
Liquor Store,,77047,1.42298933994448e+19,TX,-95.352627422519,14519 CULLEN BLVD STE A,,,,HOUSTON,PEARLAND LIQUOR,29.597048949016,,,,HARRIS
Convenience Store,,77007,1.7071447443171265e+19,TX,-95.397259410117,130 HEIGHTS BLVD,,,,HOUSTON,HEIGHTS FOOD MART,29.771644970805,,,,HARRIS
Specialty Food,,77005,1.7377702389851245e+19,TX,-95.414868448582,5411 MORNINGSIDE DR,,,,HOUSTON,JENI'S SPLENDID ICE CREAMS,29.71734491895,,,,HARRIS
Liquor Store,,77089,1.8327374743099363e+19,TX,-95.228685611327,11616 BEAMER RD,,,,HOUSTON,HEB PANTRY FOODS #329,29.598887139912,,,,HARRIS
Convenience Store,,77083,1.2398285524799214e+19,TX,-95.621275987049,13442 BELLAIRE BLVD STE C-1,,,,HOUSTON,JC STORE & MORE,29.70367632544,,,,HARRIS
Bakery,,77377,5.323854595509339e+18,TX,-95.734886918624,19931 FM 2920 RD,,,,TOMBALL,K.C. DONUTS,30.080377346791,,,,HARRIS
Specialty Food,,77005,5.19451977741286e+18,TX,-95.418456127346,5515 KIRBY DR,,,,HOUSTON,PRIMO HOUSTON LLC,29.722940347522,,,,HARRIS
Bakery,,77081,7.071482008959236e+17,TX,-95.481579829684,5710 BELLAIRE BLVD STE A,,,,HOUSTON,ESTRELLA'S BAKERY,29.705638004881,,,,HARRIS
Specialty Food,,77449,8.04456280896853e+18,TX,-95.718722688953,5502 FRY RD STE C,,,,KATY,NEVERIA PREMIUM,29.849934605995,,,,HARRIS
Specialty Food,,77024,1.4010824264353491e+17,TX,-95.543914692358,900 GESSNER RD,,,,HOUSTON,"HICKORY FARMS, LLC #10274",29.783564170425,,,,HARRIS
Specialty Food,,77025,8.977626879990842e+18,TX,-95.426819602289,3175 W HOLCOMBE BLVD,,,,HOUSTON,MARBLE SLAB CREAMERY #927,29.70603952027,,,,HARRIS
Specialty Food,,77064,1.9170179923776832e+18,TX,-95.511624699433,8327 DAYCOACH LN,,,,HOUSTON,ARY ICE CREAM,29.902270007102,,,,HARRIS
Supermarket,,77096,1.2650060157844385e+18,TX,-95.508485261374,10103 FONDREN RD STE 118,,,,HOUSTON,HAROVA MARKET,29.669697325121,,,,HARRIS
Convenience Store,,77076,7.189634739278464e+18,TX,-95.391375196753,531 E PARKER RD STE C,,,,HOUSTON,CJ EXPRESS #1,29.85971873441,,,,HARRIS
Convenience Store,,77061,1.1090698232351904e+19,TX,-95.277029312923,8546 BROADWAY ST,,,,HOUSTON,HOBBY MARKET,29.666416553573,,,,HARRIS
Liquor Store,,77093,9.335215396924768e+18,TX,-95.332304687121,3617 MOONEY RD,,,,HOUSTON,C&W DRIVE INN,29.88165687277,,,,HARRIS
Bakery,,77375,1.4220677261833097e+19,TX,-95.554599627032,24211 KUYKENDAHL RD STE 100,,,,TOMBALL,DD-411,30.113693277609,,,,HARRIS
Meat Market,,77063,1.7286065465937295e+18,TX,-95.512713792113,8261 RICHMOND AVE STE K,,,,HOUSTON,LEBANON HALAL MEAT,29.729259518424,,,,HARRIS
Convenience Store,,77071,5.746070891453498e+18,TX,-95.52822544186,10096 S GESSNER DR,,,,HOUSTON,METRO FOOD #2,29.669744588127,,,,HARRIS
Convenience Store,,77429,1.5348105811741133e+19,TX,-95.632437549741,13925 CYPRESS NORTH HOUSTON RD STE 200,,,,CYPRESS,DAIQUIRI HIDEOUT GRILL N'MORE,29.94732392728,,,,HARRIS
Liquor Store,,77060,1.551026552281847e+19,TX,-95.393124984035,505 N SAM HOUSTON PKWY E STE 515,,,,HOUSTON,SELER LLC,29.939032561029,,,,HARRIS
Supermarket,,77024,4.5897548731133635e+18,TX,-95.535987471823,702 MEMORIAL CITY,,,,HOUSTON,THE ROCKETS SHOP,29.782881820608,,,,HARRIS
Liquor Store,,77076,1.7273757895543767e+19,TX,-95.397721661496,203 E LITTLE YORK RD STE B,,,,HOUSTON,EXPRESS LIQUOR,29.869966116472,,,,HARRIS
Confectionery,,77598,5.619275115501078e+18,TX,-95.133843582506,520 W BAY AREA BLVD,,,,WEBSTER,LA QUINTA WEBSTER CANDY SHOP,29.545139199564,,,,HARRIS
Bakery,,77562,1.6480703446532948e+18,TX,-95.057288781998,224 N MAIN ST,,,,HIGHLANDS,PALACE DONUTS,29.81784620826,,,,HARRIS
Liquor Store,,77057,1.6029402997799731e+19,TX,-95.498014493188,6401 WOODWAY DR STE 149,,,,HOUSTON,GOODY GOODY LIQUOR #43,29.755578904647,,,,HARRIS
Convenience Store,,77016,9.165603790887076e+18,TX,-95.313506728688,5728 TIDWELL RD,,,,HOUSTON,TIDWELL SUPERMARKET,29.848250826854,,,,HARRIS
Specialty Food,,77094,1.5076153573298553e+19,TX,-95.706833365881,19335 KATY FWY STE 200,,,,HOUSTON,SNAP KITCHEN #29,29.784639715646,,,,HARRIS
Meat Market,,77450,1.4157494452127482e+19,TX,-95.722729842322,2020 S FRY RD STE G,,,,KATY,MEAT MASTERS INC,29.75326926127,,,,HARRIS
Convenience Store,,77073,7.751683546442384e+18,TX,-95.426062529191,220 N VISTA DR STE A,,,,HOUSTON,VISTA MART,30.005968887978,,,,HARRIS
Bakery,,77025,4.3564243253041106e+18,TX,-95.42371457502,9405 MAIN ST,,,,HOUSTON,DD-403,29.68218815926,,,,HARRIS
Bakery,,77449,1.6413696788118127e+19,TX,-95.708369735124,19410 CLAY RD STE K,,,,KATY,MAYTENA BAKERY #2,29.831200872955,,,,HARRIS
Bakery,,77055,8.837895387383091e+18,TX,-95.488867990035,1410 PINE CHASE DR,,,,HOUSTON,JESSIES BITES,29.795204101136,,,,HARRIS
Bakery,,77060,1.237945675155723e+19,TX,-95.407466852306,12136 GREENSPOINT DR,,,,HOUSTON,LONE STAR DONUT & YOGURT,29.943511954896,,,,HARRIS
Liquor Store,,77039,5.26272228849512e+18,TX,-95.372018662256,14710 LUTHE RD,,,,HOUSTON,SALUUD SPIRITS,29.929587010595,,,,HARRIS
Liquor Store,,77433,4.229580463131608e+18,TX,-95.683557137132,11340 BARKER CYPRESS RD STE 100,,,,CYPRESS,CYPRESS WINE & LIQUOR,29.931549472915,,,,HARRIS
Supermarket,,77099,1.6015021983905567e+19,TX,-95.598107585715,12450 BISSONNET ST STE 190,,,,HOUSTON,FAITH STOP,29.67680188942,,,,HARRIS
Convenience Store,,77338,1.599426300739435e+19,TX,-95.295585552033,19803 KENSWICK DR,,,,HUMBLE,7 DAY'S GROCERIES,30.008806034907,,,,HARRIS
Convenience Store,,77031,4.063207266996602e+18,TX,-95.562736911896,10470 W BELLFORT ST STE 101,,,,HOUSTON,MI GENTE,29.653099687255,,,,HARRIS
Bakery,,77449,1.4270933519564296e+19,TX,-95.720500542913,3061 FRY RD,,,,KATY,DD-409,29.814050301522,,,,HARRIS
Convenience Store,,77375,1.264995641103655e+19,TX,-95.593289114083,24916 FM 2978 RD,,,,TOMBALL,SPEEDY TOMBALL MART,30.127111438481,,,,HARRIS
Supermarket,,77044,5.785192222410754e+18,TX,-95.144053347871,11315 CASCADING STREAM WAY,,,,HOUSTON,MR FRICKLZ,29.878880055368,,,,HARRIS
Liquor Store,,77074,9.834137161393654e+18,TX,-95.530099602879,8306 SOUTHWEST FWY,,,,HOUSTON,"COPPERFIELD SOUTHWEST FWY, COPPERFIELD #42",29.689407999198,,,,HARRIS
Confectionery,,77546,1.7856309194399044e+19,TX,-95.151459744438,500 BAYBROOK MALL,,,,FRIENDSWOOD,LOLLI & POPS,29.543865119493,,,,HARRIS
Liquor Store,,77388,2.4030749964231823e+18,TX,-95.500629182149,5231 FM 2920 RD STE 160,,,,SPRING,TWIN LIQUORS #101,30.073848314415,,,,HARRIS
Convenience Store,,77011,1.4272798512805136e+19,TX,-95.300972485936,7042 HARRISBURG BLVD,,,,HOUSTON,EL AMIGO LATINO,29.735214284907,,,,HARRIS
Supermarket,,77051,1.5321177453064374e+19,TX,-95.38539205759,2800 REED RD,,,,HOUSTON,REED DIAMOND ST,29.657651976522,,,,HARRIS
Liquor Store,,77034,1.916582466777271e+18,TX,-95.180069541228,634 FM 1959 RD,,,,HOUSTON,BAYWOOD LIQUOR #2,29.592982033993,,,,HARRIS
Liquor Store,,77079,1.1067678176597721e+19,TX,-95.608131690613,14625 MEMORIAL DR,,,,HOUSTON,SPEC'S LIQUOR STORE #12,29.77000251334,,,,HARRIS
Supermarket,,77077,6.030333453578424e+18,TX,-95.605916010991,1801 S DAIRY ASHFORD RD STE 116,,,,HOUSTON,SEIWA MARKET,29.747501189529,,,,HARRIS
Liquor Store,,77031,2.4672076689020887e+18,TX,-95.553711197654,11711 BEDFORD ST STE 6,,,,HOUSTON,HAPPY SPIRITS,29.651470530979,,,,HARRIS
Liquor Store,,77056,1.549817178321409e+19,TX,-95.47646116472,3344 CHIMNEY ROCK RD,,,,HOUSTON,SUNNY FOOD & LIQUOR,29.72935093572,,,,HARRIS
Convenience Store,,77015,4.256808175988984e+18,TX,-95.162917691498,5620 E SAM HOUSTON PKWY N,,,,HOUSTON,TRUMED PHARMACY,29.805521151514,,,,HARRIS
Supermarket,,77009,1.6615909140798196e+19,TX,-95.378066972836,4103 N MAIN ST,,,,HOUSTON,AM MINI MART,29.794499830195,,,,HARRIS
Specialty Food,,77024,1.4412145267244028e+19,TX,-95.464823500121,7620 KATY FWY STE 315,,,,HOUSTON,ROCKET FIZZ SODA POP AND CANDY SHOP MARQE,29.784814096835,,,,HARRIS
Specialty Food,,77082,4.3363281244692326e+18,TX,-95.619581540882,13102 CREEKVIEW PARK DR,,,,HOUSTON,KHANSA LAIBA CANDY WORLD,29.722695748893,,,,HARRIS
Bakery,,77377,1.4742618133094943e+19,TX,-95.643774537525,14423 SPRING MOUNTAIN DR,,,,TOMBALL,ERIKA'S TREATS,30.096532261178,,,,HARRIS
Convenience Store,,77505,7.841903258758957e+18,TX,-95.168463217756,5145 PRESTON AVE # 150,,,,PASADENA,PRIMETIME 2,29.6342582046,,,,HARRIS
Convenience Store,,77037,8.188164075532144e+18,TX,-95.385664034107,520 GULF BANK RD TRLR 250,,,,HOUSTON,GULF BANK GROCERY,29.889414481359,,,,HARRIS
Convenience Store,,77004,1.1961189174262122e+19,TX,-95.369791295363,3201 N MACGREGOR WAY,,,,HOUSTON,7 TO 11 GROCERY,29.712333184419,,,,HARRIS
Convenience Store,,77088,4.836320454360648e+18,TX,-95.473442708959,5750 W GULF BANK RD,,,,HOUSTON,MAX FOOD MART,29.884377434492,,,,HARRIS
Liquor Store,,77036,2.1698590109631974e+18,TX,-95.538993024051,6006 S GESSNER DR,,,,HOUSTON,SLICKER'S LIQUOR,29.714671414325,,,,HARRIS
Liquor Store,,77007,8.861454374260591e+18,TX,-95.396634083134,3663 WASHINGTON AVE STE 100,,,,HOUSTON,HEB FOOD STORE #744,29.769423643194,,,,HARRIS
Liquor Store,,77032,1.425931917446567e+19,TX,-95.334863960281,3700 N TERMINAL RD UNIT USHL,,,,HOUSTON,"DUFRY HOUSTON, INC.",29.987223320239,,,,HARRIS
Meat Market,,77375,3.3036000754347745e+18,TX,-95.551617067168,24026 KUYKENDAHL RD STE 150,,,,TOMBALL,DON TOMATE MEAT MARKET AND MORE,30.110052781988,,,,HARRIS
Seafood Market,,77057,7.157194499862646e+18,TX,-95.490321072093,6215 RICHMOND AVE,,,,HOUSTON,"OCEAN WAVES PRODUCTS, INC.",29.731730293682,,,,HARRIS
Liquor Store,,77339,1.7406815123856773e+19,TX,-95.186768427673,4303 KINGWOOD DR,,,,HUMBLE,HEB FOOD STORE #578,30.049311169252,,,,HARRIS
Liquor Store,,77389,2.1867598709902746e+18,TX,-95.552973879135,8640 W RAYFORD RD STE 140,,,,SPRING,RAYFORD LIQUOR,30.11196208749,,,,HARRIS
Meat Market,,77084,3.3053506405096e+18,TX,-95.683152351126,5222 BARKER CYPRESS RD STE 120,,,,HOUSTON,CARNICERIA Y TAQUERIA IRAPUATO,29.851531391967,,,,HARRIS
Liquor Store,,77058,1.247000518300869e+19,TX,-95.119592193048,1033 BAY AREA BLVD,,,,HOUSTON,SPEC'S LIQUOR STORE #6,29.555474749895,,,,HARRIS
Specialty Food,,77024,1.1644812799210375e+19,TX,-95.53614413008,9807 KATY FWY,,,,HOUSTON,SNAP KITCHEN 26,29.783791087503,,,,HARRIS
Convenience Store,,77037,1.5542953492984187e+19,TX,-95.384842287978,7640 AIRLINE DR # 1,,,,HOUSTON,ANAIYA FOOD MART,29.872390516087,,,,HARRIS
Liquor Store,,77530,3.6431111613530296e+18,TX,-95.124671291523,527 SHELDON RD STE B,,,,CHANNELVIEW,EL PATRON 2,29.781598740033,,,,HARRIS
Liquor Store,,77375,1.5301387914107765e+19,TX,-95.624913250351,122 N HOLDERRIETH BLVD UNIT 1261,,,,TOMBALL,HERSHEY DIOR WINERY,30.094831663821,,,,HARRIS
Meat Market,,77077,9.479479922177362e+18,TX,-95.609443559075,12843 WESTHEIMER RD STE C,,,,HOUSTON,SHOPSMART AFRICAN MARKET,29.736050257463,,,,HARRIS
Bakery,,77015,7.016841253632037e+18,TX,-95.187717131371,13383 GRANADA ST,,,,HOUSTON,PASTELERIA MARIA ENELA,29.788047805203,,,,HARRIS
Convenience Store,,77071,7.224244873669201e+18,TX,-95.528557760502,8621 W AIRPORT BLVD STE D,,,,HOUSTON,SUPERMERCADO POPULAR,29.642144683027,,,,HARRIS
Bakery,,77433,8.459505123032058e+18,TX,-95.746086379985,16607 CACTUS BLOSSOM TRL,,,,CYPRESS,ALEXDOESCOOKIES,30.015170130845,,,,HARRIS
Convenience Store,,77035,6.084475896139893e+18,TX,-95.462452836314,4904 W BELLFORT ST,,,,HOUSTON,BREAKTIME,29.670705419018,,,,HARRIS
Liquor Store,,77053,4.926559499605987e+18,TX,-95.464778505414,15216 S POST OAK RD,,,,HOUSTON,ANDREW LIQUOR #5,29.605361711118,,,,HARRIS
Convenience Store,,77502,1.207157201137705e+19,TX,-95.177287036747,2504 SOUTHMORE AVE,,,,PASADENA,PALETERIA EL ESKIMAL,29.691675514801,,,,HARRIS
Produce Market,,77009,1.6799209667394947e+19,TX,-95.381946712073,2520 AIRLINE DR BLDG G,,,,HOUSTON,EV PRODUCE LLC,29.810069603101,,,,HARRIS
Liquor Store,,77093,1.8170102993365977e+19,TX,-95.350034515762,2322B LITTLE YORK RD,,,,HOUSTON,LITTLE YORK LIQUOR,29.870937483914,,,,HARRIS
Liquor Store,,77034,1.2711930935739632e+19,TX,-95.236375108666,11130 GULF FWY STE 500,,,,HOUSTON,"SPEC'S LIQUOR #45, SPEC'S LIQUOR, WINE & BEER",29.634049705694,,,,HARRIS
Convenience Store,,77587,1.4909881536118213e+19,TX,-95.21691680284,102 S ALLEN GENOA RD STE A,,,,SOUTH HOUSTON,STOP N SAVE,29.66644386062,,,,HARRIS
Convenience Store,,77084,4.423135841304594e+18,TX,-95.718915987807,1950 FRY RD,,,,HOUSTON,CHARLIE'S FOOD MART,29.794682811085,,,,HARRIS
Convenience Store,,77041,1.4250291665669522e+18,TX,-95.569914386498,5222 BRITTMOORE RD,,,,HOUSTON,DOORDASH ESSENTIALS,29.843690968707,,,,HARRIS
Supermarket,,77075,1.6084927990922168e+19,TX,-95.284928492587,7711 RED ROBIN LN,,,,HOUSTON,EL CAPULIN ANTOJITOS HONDURENOS,29.618753897866,,,,HARRIS
Specialty Food,,77033,8.635892492259836e+18,TX,-95.336608994033,7603 MARTIN LUTHER KING BLVD STE B,,,,HOUSTON,WATERTREE SOUTH PARK LLC,29.672627766554,,,,HARRIS
Convenience Store,,77081,2.6658966458986844e+18,TX,-95.488846739426,6102 BISSONNET ST STE A,,,,HOUSTON,9 STOP FOOD STORE,29.697036066128,,,,HARRIS
Convenience Store,,77081,1.402041086085682e+19,TX,-95.481993731797,5720 BELLAIRE BLVD STE K,,,,HOUSTON,"CUELLAR COMPANY, LLC",29.705621828733,,,,HARRIS
Liquor Store,,77388,1.2031780307299287e+19,TX,-95.47220778936,3910 LOUETTA RD STE G,,,,SPRING,BENSEAN LIQUOR,30.049576619133,,,,HARRIS
Supermarket,,77044,2.5343089068589225e+18,TX,-95.202242645091,12680 W LAKE HOUSTON PKWY,,,,HOUSTON,HEB FOOD STORE #614,29.895656988896,,,,HARRIS
Specialty Food,,77388,9.057342736167913e+17,TX,-95.432080549535,19507 INTERSTATE 45,,,,SPRING,"HICKORY FARMS, LLC #10386",30.051378049365,,,,HARRIS
Convenience Store,,77037,6.866799921496739e+18,TX,-95.401429906836,225 W CANINO RD,,,,HOUSTON,CANINO FOOD MART,29.875392484763,,,,HARRIS
Convenience Store,,77022,4.2744373418022175e+18,TX,-95.373650832622,227 TIDWELL RD,,,,HOUSTON,LA SUPER BODEGUITA,29.845684812498,,,,HARRIS
Liquor Store,,77038,1.3522249751191306e+19,TX,-95.437575950453,1742 W MOUNT HOUSTON RD,,,,HOUSTON,K & M LIQUORS,29.898008145922,,,,HARRIS
Liquor Store,,77571,2.3706057515744174e+18,TX,-95.071343927781,10505 W FAIRMONT PKWY,,,,LA PORTE,"SPEC'S WINE, SPIRITS & FINER FOODS, SPECS LIQUOR",29.651961423032,,,,HARRIS
Specialty Food,,77077,1.543953470929799e+19,TX,-95.605935434768,2470 S DAIRY ASHFORD RD STE 811,,,,HOUSTON,MIX VIXEN,29.737291643696,,,,HARRIS
Supermarket,,77038,1.1221084835236956e+19,TX,-95.482722143102,10092 VETERANS MEMORIAL DR STE M,,,,HOUSTON,"LMMM HOUSTON #64, LTD.",29.777998418465,,,,HARRIS
Liquor Store,,77042,1.1818578370438253e+19,TX,-95.562181134383,10555 WESTHEIMER RD STE F,,,,HOUSTON,VALU LIQUOR & WINE,29.736762666719,,,,HARRIS
Liquor Store,,77598,1.5049450248183171e+19,TX,-95.157354207788,3126 FM 528 RD,,,,WEBSTER,SPEC'S LIQUORS #52,29.522995226874,,,,HARRIS
Liquor Store,,77004,9.883834309545052e+18,TX,-95.354101380766,3421 SAMPSON ST,,,,HOUSTON,SAMPSON LIQUOR,29.72690163949,,,,HARRIS
Bakery,,77503,2.170680068168108e+18,TX,-95.159951040817,5319 CYPRESS ST,,,,PASADENA,DARLENE'S CUISINE,29.674286854822,,,,HARRIS
Convenience Store,,77089,4.494618096334357e+18,TX,-95.228672029029,11435 HALL RD,,,,HOUSTON,FRIENDLY MART,29.59591078191,,,,HARRIS
Liquor Store,,77047,1.2227880101528816e+19,TX,-95.355492570688,13310 CULLEN BLVD # F,,,,HOUSTON,ANDREW LIQUOR,29.616411113315,,,,HARRIS
Supermarket,,77007,5.452043814495393e+17,TX,-95.396634083134,3663 WASHINGTON AVE STE 100,,,,HOUSTON,HEB FOOD STORE #744,29.769423643194,,,,HARRIS
Specialty Food,,77002,1.5187717550723977e+19,TX,-95.36326219047,909 TEXAS ST UNIT 1015,,,,HOUSTON,TETA'S OLIVES LLC,29.760479525665,,,,HARRIS
Bakery,,77042,2.1748098811824223e+18,TX,-95.565071017881,10705 WESTHEIMER RD STE C,,,,HOUSTON,DD-400,29.736712801349,,,,HARRIS
Supermarket,,77017,1.441739115514366e+19,TX,-95.228207245778,2719 S RICHEY ST,,,,HOUSTON,LA MICHOACANA MEAT MARKET H81,29.680114198681,,,,HARRIS
Bakery,,77450,1.3977415778676593e+19,TX,-95.751570569506,811 S MASON RD # 158,,,,KATY,"COLOMBIAN HOUSE BAKERY & COFFEE, INC.",29.773107159992,,,,HARRIS
Liquor Store,,77067,1.504371282965386e+19,TX,-95.420474806555,210 W GREENS RD STE A,,,,HOUSTON,S APPLEJACK LIQUOR,29.949060337708,,,,HARRIS
Convenience Store,,77089,9.632181343060115e+18,TX,-95.212794945918,11514 HIGHLAND MEADOW DR,,,,HOUSTON,EZSNACKSNMORE,29.589695850267,,,,HARRIS
Bakery,,77068,4.2547137723304694e+18,TX,-95.50103236594,4351 TULIP OAK DR,,,,HOUSTON,MS. T'S CUPCAKE FACTORY,29.993633210022,,,,HARRIS
Bakery,,77521,1.684014057069611e+19,TX,-94.963903186779,2711 N MAIN ST,,,,BAYTOWN,MARY'S CAKES AND COOKIES,29.751529745844,,,,HARRIS
Convenience Store,,77373,2.967074913688701e+18,TX,-95.35498321261,5001 TREASCHWIG RD STE A,,,,SPRING,EZ STOP,30.040706126685,,,,HARRIS
Convenience Store,,77040,5.836288150474739e+18,TX,-95.503934308724,13159 NORTHWEST FWY,,,,HOUSTON,"SONGWRITERS TEXAS, LLC - BIG EASY SALOON #9",29.84755931611,,,,HARRIS
Supermarket,,77502,1.6922852773493623e+19,TX,-95.211904543838,101 W SOUTHMORE AVE,,,,PASADENA,LUCKY'S SUPERMARKET,29.690730339731,,,,HARRIS
Supermarket,,77373,1.1722126952133183e+19,TX,-95.398075442166,24307 ALDINE WESTFIELD RD STE 1,,,,SPRING,24/7 STOP N GO # 2,30.058353499246,,,,HARRIS
Convenience Store,,77084,9.077049238262006e+18,TX,-95.711458520175,19416 PARK ROW STE 100,,,,HOUSTON,DASHMART,29.791447103886,,,,HARRIS
Convenience Store,,77033,1.1864865050371834e+19,TX,-95.355242469445,4811 BELLFORT ST,,,,HOUSTON,TIME RISE MART,29.669005779382,,,,HARRIS
Convenience Store,,77086,6.017538423210166e+17,TX,-95.501839266556,7590 FALLBROOK DR STE 5,,,,HOUSTON,TEX LANKA FOOD STORE,29.924591534594,,,,HARRIS
Convenience Store,,77007,9.610951710585539e+18,TX,-95.409762117111,707 N SHEPHERD DR STE 500,,,,HOUSTON,"DOORDASH ESSENTIALS, LLC",29.783591458904,,,,HARRIS
Liquor Store,,77042,2.726122749042838e+18,TX,-95.553957345773,10218 WESTHEIMER RD STE D&E,,,,HOUSTON,EVEREST LIQUOR,29.737134108059,,,,HARRIS
Liquor Store,,77018,5.058552933678731e+18,TX,-95.433523524612,1360 W 43RD ST,,,,HOUSTON,U P LIQUOR,29.828292287289,,,,HARRIS
Liquor Store,,77085,1.1341328373626063e+19,TX,-95.509010461751,8420 S SAM HOUSTON PKWY W STE 110,,,,HOUSTON,ANDREW LIQUOR #2,29.621372305912,,,,HARRIS
Bakery,,77037,7.630760653831489e+18,TX,-95.406331065471,11226 AIRLINE DR,,,,HOUSTON,RAMOS BAKERY,29.918973758425,,,,HARRIS
Liquor Store,,77520,5.186139867865763e+18,TX,-94.919842292476,4627 N HIGHWAY 146 STE B,,,,BAYTOWN,JR'S LIQUOR STORE #2,29.76726557408,,,,HARRIS
Liquor Store,,77450,1.2790038081975503e+19,TX,-95.751661898635,1640 S MASON RD,,,,KATY,"SPEC'S WINES & SPIRITS, SPEC'S LIQUORS #8",29.758751987664,,,,HARRIS
Seafood Market,,77091,1.5413724543957813e+19,TX,-95.418141956918,822 W LITTLE YORK RD STE 4,,,,HOUSTON,KSEAFOOD MARKET,29.867262727028,,,,HARRIS
Liquor Store,,77047,1.5163567845281776e+19,TX,-95.378471590704,2902 ALMEDA GENOA RD STE B-4,,,,HOUSTON,MARPHA LIQUOR,29.614404558675,,,,HARRIS
Bakery,,77019,6.614914835436661e+16,TX,-95.410713747378,2330 S SHEPHERD DR,,,,HOUSTON,DD-401,29.745208913945,,,,HARRIS
Supermarket,,77084,6.419457100740579e+18,TX,-95.644119682778,4025 HIGHWAY 6 N STE 105A,,,,HOUSTON,LA HOLGUINERA LATIN MARKET,29.721036080962,,,,HARRIS
Liquor Store,,77098,1.2937336748348052e+18,TX,-95.410781516893,2646 S SHEPHERD DR,,,,HOUSTON,HOUSTON WINE MERCHANT,29.741314089203,,,,HARRIS
Liquor Store,,77026,1.51470605624949e+19,TX,-95.316979130661,4914 1/2 LOCKWOOD DR,,,,HOUSTON,SPACE LIQUOR,29.805091306148,,,,HARRIS
Convenience Store,,77048,5.555859746292125e+18,TX,-95.336843107382,10601 MARTIN LUTHER KING BLVD,,,,HOUSTON,SOUTH ACRES MART INC,29.643817736419,,,,HARRIS
Liquor Store,,77069,2.6909891255486556e+18,TX,-95.533308437346,6927 FM 1960 RD W STE F,,,,HOUSTON,"SPEC'S WINE, SPIRITS, FINER FOODS & CIGARS #72",29.9685376056,,,,HARRIS
Bakery,,77036,1.2568297472608453e+19,TX,-95.548093680891,9393 BELLAIRE BLVD STE G,,,,HOUSTON,CAPTAIN BBANG,29.704834910604,,,,HARRIS
Convenience Store,,77040,4.341515272419561e+18,TX,-95.524798619119,7784 FAIRBANKS N HOUSTON RD,,,,HOUSTON,FUEL ZONE #10,29.892670159086,,,,HARRIS
Specialty Food,,77375,1.3826520372191578e+19,TX,-95.553375451555,25720 KUYKENDAHL RD STE 120,,,,TOMBALL,WISE STREET EATS,30.134888030657,,,,HARRIS
Convenience Store,,77034,1.1326848474013387e+19,TX,-95.236718189419,9939 BESSEMER ST STE A,,,,HOUSTON,QUEEN MARKET,29.637699769121,,,,HARRIS
Bakery,,77079,1.2316190604887345e+19,TX,-95.58798963136,11617 KATY FWY STE A,,,,HOUSTON,"ZSR DONUT, INC.",29.784093820632,,,,HARRIS
Liquor Store,,77401,6.206326629077241e+18,TX,-95.468180196802,5108 SPRUCE ST,,,,BELLAIRE,RICE FINE WINES & LIQUOR,29.70797023463,,,,HARRIS
Convenience Store,,77016,1.7428857600932727e+19,TX,-95.292780918714,10810 CHEEVES DR STE 100,,,,HOUSTON,Z MINI MART,29.871746650114,,,,HARRIS
Convenience Store,,77018,4.909966234181782e+18,TX,-95.442052890771,3906 PINEMONT DR,,,,HOUSTON,PINE GRILL FOOD STORE,29.841153311838,,,,HARRIS
Liquor Store,,77011,8.281766352511123e+18,TX,-95.324242392341,5104 HARRISBURG BLVD,,,,HOUSTON,HEB PANTRY FOODS #438,29.742376650725,,,,HARRIS
Supermarket,,77375,1.0524100905094722e+16,TX,-95.55454169771,24910 KUYKENDAHL RD STE H,,,,TOMBALL,"ORGANIC SPHERE, LLC.",30.119536159891,,,,HARRIS
Convenience Store,,77024,1.6468862226203167e+19,TX,-95.457538119766,8614 MEMORIAL DR,,,,HOUSTON,MEMORIAL FOOD MART,29.773403910487,,,,HARRIS
Supermarket,,77093,4.1596900201293604e+18,TX,-95.332638384356,10420 EASTEX FWY,,,,HOUSTON,LA ESTRELLA FLEA MARKET BAR,29.86308733671,,,,HARRIS
Bakery,,77587,1.3695910874077783e+18,TX,-95.235288173154,503 ILLINOIS ST,,,,SOUTH HOUSTON,MALENEE DONUTS/TACOS EXPRESS,29.66200470605,,,,HARRIS
Convenience Store,,77338,9.34586506700543e+18,TX,-95.248477017551,8998 WILL CLAYTON PKWY,,,,HUMBLE,S MART FOOD & FUEL,29.979078079308,,,,HARRIS
Bakery,,77070,9.960233528821303e+18,TX,-95.556561724113,8102 BRINKWORTH LN,,,,HOUSTON,BAKING BITS BAKERY,29.982526059662,,,,HARRIS
Liquor Store,,77025,7.686381860877454e+18,TX,-95.41755907024,8500 MAIN ST,,,,HOUSTON,SUPERTARGET # T1336,29.690606971697,,,,HARRIS
Specialty Food,,77056,1.7448181430006467e+19,TX,-95.457642777491,1131 UPTOWN PARK BLVD STE 8,,,,HOUSTON,VAN LEEUWEN HOUSTON UPTOWN PARK LLC,29.756177959009,,,,HARRIS
Supermarket,,77598,3.637441300194544e+18,TX,-95.122111141603,503 W NASA RD 1 STE 300,,,,WEBSTER,VARIEDADES SANTA ROSA,29.534677158103,,,,HARRIS
Specialty Food,,77058,1.5943069533981067e+19,TX,-95.109529519714,2403 BAYAREA BLVD,,,,HOUSTON,SMOOTHIE KING,29.572630739419,,,,HARRIS
Liquor Store,,77449,6.935233462337226e+18,TX,-95.719682404514,6037 FRY RD STE 138,,,,KATY,S & R LIQUOR,29.859531939161,,,,HARRIS
Convenience Store,,77346,1.3143365811978588e+19,TX,-95.199529583401,5103 FM 1960 RD E,,,,HUMBLE,SUPER K FOOD STORE,29.999173047775,,,,HARRIS
Liquor Store,,77532,2.6208555980182195e+18,TX,-95.063152421718,105 KENNINGS RD STE 15,,,,CROSBY,G. S. LIQUOR,29.888790360805,,,,HARRIS
Liquor Store,,77375,1.7211690068547946e+19,TX,-95.624913250351,122 N HOLDERRIETH BLVD UNIT 1261,,,,TOMBALL,HERSHEY DIOR FORENSIC MEDICAL GROUP,30.094831663821,,,,HARRIS
Meat Market,,77025,3.433578610553409e+18,TX,-95.439932353997,10002 STELLA LINK RD,,,,HOUSTON,SUPER LA MEXICANA,29.673232360826,,,,HARRIS
Meat Market,,77586,6.032266417207854e+18,TX,-95.058640344959,537 KIRBY BLVD,,,,PASADENA,BAY AREA MEAT MARKET,29.572560262317,,,,HARRIS
Liquor Store,,77057,8.240017034577552e+16,TX,-95.494180196447,6258 WESTHEIMER RD,,,,HOUSTON,JAMES LIQUOR,29.737803985472,,,,HARRIS
Supermarket,,77450,2.115688866524317e+18,TX,-95.72778158028,1106 OXBOROUGH DR,,,,KATY,"SWEET DOUBLE BITES, LLC",29.771003371303,,,,HARRIS
Convenience Store,,77040,1.555329764559179e+18,TX,-95.506656472171,7777 W GULF BANK RD,,,,HOUSTON,MINIT STOP FOOD STORE #21,29.879476985049,,,,HARRIS
Supermarket,,77099,1.4012113363371575e+19,TX,-95.603383382812,12719 BISSONNET ST STE A,,,,HOUSTON,GLORY OF GOD AFRICAN CARIBBEAN DISCOUNT FOOD STORE,29.678188172775,,,,HARRIS
Supermarket,,77039,5.033141887285086e+18,TX,-95.363446233806,1620 PEACH LEAF ST,,,,HOUSTON,"HOUSTON METRO RV PARK, INC.",29.923986050809,,,,HARRIS
Specialty Food,,77082,5.02527875223285e+18,TX,-95.604784719866,3533 S DAIRY ASHFORD RD STE E,,,,HOUSTON,AA&T AFRICAN FOOD MARKET INC,29.723417367908,,,,HARRIS
Meat Market,,77587,6.931122277586847e+18,TX,-95.240407269515,915 COLLEGE AVE STE A,,,,SOUTH HOUSTON,GONZALEZ MEAT MARKET,29.659678168495,,,,HARRIS
Supermarket,,77037,7.114970551419064e+17,TX,-95.380926648031,714 GULF BANK RD,,,,HOUSTON,EL RANCHITO GROCERY LLC,29.889423481195,,,,HARRIS
Specialty Food,,77036,5.544719296661834e+18,TX,-95.534099791426,8076 S GESSNER DR,,,,HOUSTON,BASKIN ROBBINS #971,29.690096540633,,,,HARRIS
Supermarket,,77502,7.605309828506927e+18,TX,-95.183744198674,2101 PASADENA BLVD,,,,PASADENA,ARK FOOD STATION #2,29.68217946545,,,,HARRIS
Specialty Food,,77072,1.1863256592105818e+19,TX,-95.614065365611,12989 BELLAIRE BLVD STE 4A,,,,HOUSTON,NGA KIM LE,29.703436934412,,,,HARRIS
Seafood Market,,77379,7.859927708893399e+18,TX,-95.52223639586,16740 STUEBNER AIRLINE RD,,,,SPRING,CHAMPIONS SEAFOOD MARKET,30.019865858354,,,,HARRIS
Convenience Store,,77034,5.778568331588683e+18,TX,-95.211228355993,11701 FUQUA ST,,,,HOUSTON,MIDDLE EASTERN HALAL SUPERMARKET INC.,29.619828717075,,,,HARRIS
Seafood Market,,77025,7.495329157116347e+18,TX,-95.438602702113,3825 WOODVALLEY DR,,,,HOUSTON,J AND J SEAFOOD MARKET,29.680216023182,,,,HARRIS
Bakery,,77082,5.902802912753701e+18,TX,-95.644024247882,2808 HIGHWAY 6 S STE 4,,,,HOUSTON,DD-402,29.728985313146,,,,HARRIS
Convenience Store,,77034,1.5466145384252396e+19,TX,-95.186661537391,15309 GULF FWY,,,,HOUSTON,DIXIE FOOD MART,29.589390722142,,,,HARRIS
Liquor Store,,77433,1.3416144782861158e+19,TX,-95.684493329194,11425 BARKER CYPRESS RD,,,,HOUSTON,QUALITY LICENSING CORP. #4465,29.930583454239,,,,HARRIS
Convenience Store,,77034,7.514587871751065e+18,TX,-95.229859925149,10430 HARTSOOK ST,,,,HOUSTON,HARTSOOK STOP & SHOP,29.634725267661,,,,HARRIS
Convenience Store,,77064,8.06822709580053e+18,TX,-95.579337904862,10850 WEST RD STE 109,,,,HOUSTON,SAM'S FOOD MART,29.909682201204,,,,HARRIS
Produce Market,,77020,1.6506596842531738e+19,TX,-95.290013307532,7710 LYONS AVE,,,,HOUSTON,WILMER EUCEDA PRODUCE,29.776702277125,,,,HARRIS
Liquor Store,,77033,4.668629932324377e+18,TX,-95.355394617526,4505 HOLMES RD,,,,HOUSTON,KING STOP,29.682968222003,,,,HARRIS
Specialty Food,,77450,3.491117098830744e+18,TX,-95.734988491093,21003 HIGHLAND KNOLLS DR STE 110,,,,KATY,HUNGRY HOWIE'S PIZZA #1540,29.759461712331,,,,HARRIS
Bakery,,77532,1.5259305375946017e+18,TX,-95.06347082726,14405 FM 2100 RD STE J,,,,CROSBY,DAWN DONUTS,29.894945265533,,,,HARRIS
Bakery,,77059,4.425273124481749e+18,TX,-95.135706457429,2815 SILVER BOUGH CIR,,,,HOUSTON,PIAZZA ENTERPRISES,29.5969925437,,,,HARRIS
Convenience Store,,77006,1.0054669633092932e+19,TX,-95.397806732455,1415 RICHMOND AVE,,,,HOUSTON,THE C-STORE,29.734372194191,,,,HARRIS
Supermarket,,77586,1.1768715284177111e+19,TX,-95.020012234182,318 WATERFRONT DR,,,,SEABROOK,ALFREDO'S GROCERIES,29.550177135729,,,,HARRIS
Convenience Store,,77562,1.7127999285954691e+19,TX,-95.057185580435,216 S MAIN ST,,,,HIGHLANDS,VAPE LAND SMOKE N MORE,29.814314804372,,,,HARRIS
Supermarket,,77072,3.071278910695362e+18,TX,-95.571413914321,6280 WILCREST DR,,,,HOUSTON,DESHI GROCERIES,29.712088802759,,,,HARRIS
Convenience Store,,77031,5.56978413506778e+18,TX,-95.547762964927,9461 W BELLFORT ST STE B,,,,HOUSTON,PRIMETIME,29.654657671179,,,,HARRIS
Liquor Store,,77389,7.060284824680483e+18,TX,-95.516187355342,6603 SPRING STUEBNER RD STE 135,,,,SPRING,"SPEC'S WINE SPIRITS & FINER FOODS, SPEC'S #89",30.084604403,,,,HARRIS
Bakery,,77023,3.552827569116041e+18,TX,-95.330777793377,732 TELEPHONE RD,,,,HOUSTON,IMPERIAL BAKERY,29.734779293517,,,,HARRIS
Liquor Store,,77058,7.371271093179598e+18,TX,-95.119592193048,1033 BAY AREA BLVD,,,,HOUSTON,HEB FOOD STORE #305,29.555474749895,,,,HARRIS
Convenience Store,,77433,1.1999690909432433e+19,TX,-95.685287790792,8620 BARKER CYPRESS RD UNIT A,,,,CYPRESS,PANTHERS 1,29.904310270995,,,,HARRIS
Supermarket,,77063,1.535868228165437e+19,TX,-95.533694010165,9540 RICHMOND AVE STE C,,,,HOUSTON,REGIOS MEAT MARKET #2,29.729008461598,,,,HARRIS
Convenience Store,,77520,1.338311727246169e+19,TX,-94.941801038903,2009 WARD RD,,,,BAYTOWN,GREEN TREE FOOD MART,29.740049469649,,,,HARRIS
Confectionery,,77018,1.6052678488205967e+19,TX,-95.430521316377,1230 WAKEFIELD DR,,,,HOUSTON,BAYOU CITY TOFFEE,29.823065745799,,,,HARRIS
Liquor Store,,77057,6.530720601782307e+18,TX,-95.484828498234,5874 SAN FELIPE ST,,,,HOUSTON,LIQUOR SOURCE,29.75006017201,,,,HARRIS
Convenience Store,,77047,1.4575261736791134e+19,TX,-95.35599928665,10403 CULLEN BLVD,,,,HOUSTON,PRIME EXPRESS,29.646790856252,,,,HARRIS
Bakery,,77034,5.735259898801441e+18,TX,-95.181304062081,963 FM 1959 RD,,,,HOUSTON,MATINEE DONUTS,29.589427930458,,,,HARRIS
Liquor Store,,77092,1.0066647000143053e+19,TX,-95.466047387254,5240 W 34TH ST STE B,,,,HOUSTON,CIVIC LIQUOR & WINE,29.819563089775,,,,HARRIS
Convenience Store,,77521,1.1720077431873882e+19,TX,-95.00017672245,4080 EAST FWY,,,,BAYTOWNB,BUC-EE'S #34,29.801419290727,,,,HARRIS
Convenience Store,,77064,7.427121092667065e+18,TX,-95.538432350727,9122 WINDFERN RD,,,,HOUSTON,CIRCLE S FOOD STORE #1,29.905554186392,,,,HARRIS
Convenience Store,,77012,7.51435842519114e+18,TX,-95.28717589539,7748 HARRISBURG BLVD,,,,HOUSTON,HARRISBURG FOOD MARKET,29.730997450214,,,,HARRIS
Convenience Store,,77036,1.3162184430326333e+19,TX,-95.546973619469,9651 BISSONNET ST STE 201,,,,HOUSTON,EVANGEL SUPERMARKET,29.675479207982,,,,HARRIS
Specialty Food,,77375,1.2865541340215984e+19,TX,-95.596957949624,11714 BOUDREAUX RD STE 215,,,,TOMBALL,FIVE STAR SEASONINGS LLC,30.054598046417,,,,HARRIS
Seafood Market,,77009,4.5920479862792384e+17,TX,-95.382077526779,2702 AIRLINE DR,,,,HOUSTON,"SEAFOOD MG BROTHERS, LLC",29.811988035777,,,,HARRIS
Specialty Food,,77084,1.1161971827995132e+19,TX,-95.660303438926,16840 CLAY RD STE 112,,,,HOUSTON,"TEXASFOOD.COM, LLC",29.83184119684,,,,HARRIS
Liquor Store,,77338,9.387874061277763e+17,TX,-95.381105635286,21502 ALDINE WESTFIELD RD STE E,,,,HUMBLE,50/50 LIQUOR,30.027027837803,,,,HARRIS
Convenience Store,,77083,1.074106316114502e+19,TX,-95.642444795455,14561 BEECHNUT ST,,,,HOUSTON,ESKIMO HUT,29.689665232656,,,,HARRIS
Specialty Food,,77038,7.950796413311578e+17,TX,-95.439843712249,911 WEST RD STE A,,,,HOUSTON,EL MICHOACANO PALETERIA,29.914548840071,,,,HARRIS
Specialty Food,,77450,1.0871126342725326e+18,TX,-95.742831985756,21511 BIG WOOD SPRINGS DR,,,,KATY,BEAN & SKIPPY'S,29.756484520681,,,,HARRIS
Supermarket,,77007,1.7386012017873797e+19,TX,-95.372342525314,2004 HOUSTON AVE,,,,HOUSTON,24/7 STOP N GO #7,29.775341937216,,,,HARRIS
Convenience Store,,77396,1.6049598792760248e+19,TX,-95.259017811315,528 ATASCOCITA RD STE 3,,,,HUMBLE,SLIM'S FOOD STORE,29.959296415036,,,,HARRIS
Liquor Store,,77090,2.6169651106011745e+18,TX,-95.436214482814,15710 ELLA BLVD STE B,,,,HOUSTON,TM LIQUOR,29.995988937745,,,,HARRIS
Convenience Store,,77571,2.6619719000986276e+18,TX,-95.029391745618,1900 HIGHWAY 146 S STE 100,,,,LA PORTE,SWIFT 146,29.689445003275,,,,HARRIS
Supermarket,,77077,9.488574037755052e+18,TX,-95.617900511761,12968 WESTHEIMER RD,,,,HOUSTON,ICEBOX 4583,29.736007112009,,,,HARRIS
Liquor Store,,77019,1.7787911617082771e+19,TX,-95.394993950645,1216 W CLAY ST STE 100,,,,HOUSTON,MR. NICE LLC,29.755450283552,,,,HARRIS
Convenience Store,,77346,4.5419056238688507e+18,TX,-95.193585723765,20003 TIMBER FOREST DR,,,,HUMBLE,SUNSET SUPERMARKET #5,30.01267405737,,,,HARRIS
Meat Market,,77076,1.5442591615529798e+19,TX,-95.384942682385,7413 AIRLINE DR STE 600,,,,HOUSTON,CPMM AIRLINE LLC,29.868686486812,,,,HARRIS
Meat Market,,77083,1.1515211727314307e+19,TX,-95.643671924152,8145 HIGHWAY 6 S STE 100,,,,HOUSTON,LA MICHOACANA MEAT MARKET,29.691622364221,,,,HARRIS
Specialty Food,,77035,1.1790698802032234e+19,TX,-95.471599950035,5206 KINGFISHER DR,,,,HOUSTON,INTERGALACTIC TEA LLC,29.658513397644,,,,HARRIS
Convenience Store,,77505,3.254948692126879e+18,TX,-95.129333329503,7127 SPENCER HWY STE 180,,,,PASADENA,FAHIM EXPRESS FOOD,29.663615032143,,,,HARRIS
Liquor Store,,77056,1.55052086990472e+19,TX,-95.461376205102,5130 RICHMOND AVE,,,,HOUSTON,SPEC'S WINE/SPIRITS & FINER FOODS/SPEC'S LIQUOR#23,29.731975868952,,,,HARRIS
Specialty Food,,77069,1.5381763492522574e+19,TX,-95.502282972779,4765 FM 1960 RD W STE E,,,,HOUSTON,EDIBLE ARRANGEMENTS,29.985665117892,,,,HARRIS
Liquor Store,,77521,7.93918337538774e+18,TX,-94.977744062568,4665 GARTH RD STE 800,,,,BAYTOWN,SPEC'S LIQUOR #36,29.775886304406,,,,HARRIS
Specialty Food,,77088,7.492005248037701e+18,TX,-95.459660855556,7219 BIRCHTREE FOREST DR,,,,HOUSTON,BEV'S BLESSED BRITTLE,29.865933447611,,,,HARRIS
Confectionery,,77546,1.272678144931432e+19,TX,-95.151459744438,500 BAYBROOK MALL STE 1188,,,,FRIENDSWOOD,LOLLI AND POPS - BAYBROOK MALL,29.543865119493,,,,HARRIS
Liquor Store,,77055,2.9598693100402304e+18,TX,-95.484959281468,1469 WIRT RD,,,,HOUSTON,POUR N MORE #2,29.796099586497,,,,HARRIS
Liquor Store,,77388,6.260192438702329e+18,TX,-95.432093155277,19511 I-45 N,,,,SPRING,TARGET STORE T1458,30.051394648232,,,,HARRIS
Convenience Store,,77072,1.584826315541475e+19,TX,-95.575215380008,7503 BOONE RD,,,,HOUSTON,BOONE DRIVE IN,29.696681191043,,,,HARRIS
Supermarket,,77536,1.424788047830544e+19,TX,-95.134986855625,1001 GEORGIA AVE,,,,DEER PARK,ZACHS SPICE COMPANY,29.702555355939,,,,HARRIS
Liquor Store,,77546,1.6210667810903704e+19,TX,-95.157382883052,155 W EL DORADO BLVD,,,,FRIENDSWOOD,QUALITY LICENSING CORP #4702,29.551048581653,,,,HARRIS
Liquor Store,,77041,1.2258675784706572e+19,TX,-95.569246076642,6627 BRITTMOORE RD,,,,HOUSTON,BRITTMOORE LIQUOR,29.866203511836,,,,HARRIS
Supermarket,,77029,9.31709308491152e+18,TX,-95.246520422702,10333 MARKET STREET RD,,,,JACINTO CITY,JOE'S GAS N GROCERY,29.767570092952,,,,HARRIS
Convenience Store,,77450,1.497174013528246e+19,TX,-95.732657141228,3080 S FRY RD,,,,KATY,SMILEY'S EXPRESS CINCO RANCH,29.738825049448,,,,HARRIS
Specialty Food,,77388,1.0176600332778752e+19,TX,-95.446323001122,2111 SPRING CYPRESS RD STE 80,,,,SPRING,HUNGRY HOWIE'S PIZZA #1533,30.069159713651,,,,HARRIS
Other,,77009,5.194325413587012e+18,TX,-95.369003894068,255 PATTON ST,,,,HOUSTON,OBANION WILLIAMS JR,29.798221744668,,,,HARRIS
Specialty Food,,77006,5.800713102226048e+18,TX,-95.391079547155,4005 MONTROSE BLVD,,,,HOUSTON,SNAP KITCHEN #25,29.736933554365,,,,HARRIS
Convenience Store,,77065,1.836774831456471e+18,TX,-95.584451809573,9010 JONES RD,,,,HOUSTON,FUEL ZONE #13,29.903916658263,,,,HARRIS
Convenience Store,,77020,4.1903692888375465e+18,TX,-95.307474133896,846 KRESS ST,,,,HOUSTON,EL PRIMO FOOD MART,29.773394262995,,,,HARRIS
Liquor Store,,77051,1.33594668458555e+19,TX,-95.368518942209,9499 SCOTT ST,,,,HOUSTON,H O LIQUOR,29.65386890853,,,,HARRIS
Bakery,,77058,7.615201780763543e+18,TX,-95.110940087684,2160 BAY AREA BLVD,,,,HOUSTON,ASHLEY'S DONUTS,29.569248602361,,,,HARRIS
Supermarket,,77043,1.820453257487596e+19,TX,-95.567274323199,3010 CLAYMOORE PARK DR,,,,HOUSTON,KELLOGG SALES COMPANY,29.823947892507,,,,HARRIS
Convenience Store,,77083,8.326160879151519e+17,TX,-95.614845825809,6240 SYNOTT RD,,,,HOUSTON,SUNNY'S FOOD STORE,29.711355163231,,,,HARRIS
Specialty Food,,77039,8.128709784771795e+17,TX,-95.367584458387,13418 REEVESTON RD,,,,HOUSTON,TACOS EL JAIVO,29.908379015525,,,,HARRIS
Liquor Store,,77433,9.154139769219075e+18,TX,-95.738163461561,15202 MASON RD STE 800,,,,CYPRESS,CIVIC LIQUOR,29.994107679543,,,,HARRIS
Liquor Store,,77077,2.3757577811734897e+18,TX,-95.625350642777,1560 ELDRIDGE PKWY STE 140,,,,HOUSTON,LIQUOR MART ENERGY CORRIDOR,29.756403676025,,,,HARRIS
Liquor Store,,77396,2.610621307140981e+18,TX,-95.216671505682,3824 ATASCOCITA RD STE 106,,,,HUMBLE,FIRE & ICE LIQUOR,29.979689660195,,,,HARRIS
Specialty Food,,77076,9.252019514473728e+18,TX,-95.397744898591,7418 1/2 NORTHLINE DR,,,,HOUSTON,TROPICAL REFRESQUERIA,29.868895286296,,,,HARRIS
Specialty Food,,77008,9.437053153631438e+17,TX,-95.406261651082,516 W 19TH ST,,,,HOUSTON,PENZEYS SPICES,29.802775541765,,,,HARRIS
Liquor Store,,77076,6.849349432677977e+18,TX,-95.384806319963,6821 AIRLINE DR STE 300,,,,HOUSTON,EL BOTANERO LIQUOR STORE,29.861586827808,,,,HARRIS
Supermarket,,77074,8.300739952125036e+18,TX,-95.510630817926,7123 SOUTHWEST FWY,,,,HOUSTON,BELLE'S ASIAN MARKET,29.706020497604,,,,HARRIS
Liquor Store,,77063,9.906160245144504e+18,TX,-95.51016702319,8102 WESTHEIMER RD,,,,HOUSTON,SPEC'S LIQUOR #5 SPEC'S WINES SPIRITS & FINER FOOD,29.73764510802,,,,HARRIS
Convenience Store,,77007,1.7129204687184087e+19,TX,-95.414439106346,1001 MOY ST,,,,HOUSTON,D.F FOOD STORE,29.770532689399,,,,HARRIS
Specialty Food,,77057,1.422799994810396e+19,TX,-95.489972138515,6116 SOUTHWEST FWY STE LB06,,,,HOUSTON,NIUNIU ICE CREAM,29.725293737502,,,,HARRIS
Convenience Store,,77449,1.895014661338451e+18,TX,-95.710917827756,19540 CLAY RD STE G,,,,KATY,HAVILAH AFRICAN FOOD MARKET INC,29.831208434148,,,,HARRIS
Supermarket,,77075,8.413783347929369e+18,TX,-95.247490936345,9506 MELDRUM LN,,,,HOUSTON,JR'S MARKET,29.634495143991,,,,HARRIS
Bakery,,77373,1.0372096695007203e+19,TX,-95.420882029929,417 GENTRY ST STE J,,,,SPRING,"CHEFS PROVIDENCE, LLC",30.078681745556,,,,HARRIS
Specialty Food,,77546,1.7409797313467793e+19,TX,-95.148138117254,1132 BAYBROOK MALL,,,,FRIENDSWOOD,"HICKORY FARMS, LLC #10689",29.546318899394,,,,HARRIS
Liquor Store,,77099,2.495155336404748e+18,TX,-95.569480938481,10808 W BELLFORT AVE,,,,HOUSTON,ROAD STOP LIQUOR #5,29.655128506269,,,,HARRIS
Supermarket,,77081,5.79591433307064e+18,TX,-95.484876533972,5982 RENWICK DR,,,,HOUSTON,SIEMPRE,29.717255550654,,,,HARRIS
Supermarket,,77091,1.50644106997829e+19,TX,-95.473412813146,6405 ANTOINE DR,,,,HOUSTON,TORTILLERIA ZACATECAS NO1 INC,29.859509326153,,,,HARRIS
Liquor Store,,77032,5.972210669258883e+18,TX,-95.331848121079,15655 JOHN F KENNEDY BLVD STE D,,,,HOUSTON,JFK LIQUORS,29.944769961826,,,,HARRIS
Convenience Store,,77032,5.48603909583905e+18,TX,-95.310125060903,5413 ALDINE BENDER RD STE 100,,,,HOUSTON,SIP N SNACKX DAIQUIRIS TO GO,29.93054206176,,,,HARRIS
Supermarket,,77082,7.054585009978951e+18,TX,-95.582742188438,11611 ALIEF CLODINE,,,,HOUSTON,COASTAL MART,29.715764942387,,,,HARRIS
Supermarket,,77054,7.899596272488457e+17,TX,-95.391336918253,8403 ALMEDA RD STE B,,,,HOUSTON,PRIME BAZAAR MEDICAL CENTER LLC,29.685200555111,,,,HARRIS
Liquor Store,,77042,8.63414425512662e+18,TX,-95.568393995981,10888 WESTHEIMER RD,,,,HOUSTON,DAISY'S LIQUOR STORE,29.736927856158,,,,HARRIS
Produce Market,,77022,1.5252253083232193e+19,TX,-95.381702617681,30 LYERLY ST STE 1,,,,HOUSTON,"E & J FRESH PRODUCE, LLC",29.834594642886,,,,HARRIS
Convenience Store,,77006,4.412567371495701e+17,TX,-95.377775031637,2313 BAGBY ST STE B,,,,HOUSTON,MIDTOWN FOOD STORE,29.750221558654,,,,HARRIS
Liquor Store,,77042,1.3372308361574631e+19,TX,-95.554264328307,10226 WESTHEIMER RD STE C,,,,HOUSTON,SHELBY'S LIQUORS,29.737131268924,,,,HARRIS
Convenience Store,,77074,9.213181571740681e+18,TX,-95.528505508368,8901 S GESSNER DR,,,,HOUSTON,STOP N BUY,29.684833721594,,,,HARRIS
Liquor Store,,77096,1.3668951817849096e+19,TX,-95.478064894818,5417 S BRAESWOOD BLVD,,,,HOUSTON,HEB PANTRY FOODS #322,29.676468443389,,,,HARRIS
Specialty Food,,77505,5.867608825213371e+18,TX,-95.15812848866,4557 E SAM HOUSTON PKWY S,,,,PASADENA,"BATH & BODY WORKS, LLC. #5977",29.641666878983,,,,HARRIS
Convenience Store,,77054,2.025534734466106e+18,TX,-95.378211821449,3161 OLD SPANISH TRL,,,,HOUSTON,JOHNNY QUICK,29.700643522893,,,,HARRIS
Supermarket,,77055,3.672718391907143e+18,TX,-95.49871393982,8554 LONG POINT RD,,,,HOUSTON,PANCHO'S MEAT MARKET #4,29.8030907387,,,,HARRIS
Meat Market,,77375,6.925300041777236e+18,TX,-95.541338339266,23211 KUYKENDAHL RD STE D,,,,TOMBALL,SJR BBQ CORP.,30.100011933559,,,,HARRIS
Supermarket,,77060,1.117652757268931e+19,TX,-95.405362463823,159 ALDINE BENDER RD STE 161,,,,HOUSTON,"LAS CALIENTITAS, LLC.",29.931797462571,,,,HARRIS
Specialty Food,,77027,1.3174578302915596e+19,TX,-95.443004705978,3951 SAN FELIPE ST,,,,HOUSTON,RELISH FINE FOODS,29.746674006674,,,,HARRIS
Supermarket,,77450,1.533682956048874e+19,TX,-95.721390737106,20203 KATY FWY,,,,KATY,BEST MINI MART,29.784467376526,,,,HARRIS
Liquor Store,,77375,3.393295553939655e+18,TX,-95.624913250351,122 N HOLDERRIETH BLVD UNIT 1261,,,,TOMBALL,GREER'S & ASSOCIATES,30.094831663821,,,,HARRIS
Convenience Store,,77075,7.667480338946936e+18,TX,-95.26790340678,8449 ALMEDA GENOA RD,,,,HOUSTON,BROWNIE'S,29.626443611113,,,,HARRIS
Convenience Store,,77022,3.019053626143687e+18,TX,-95.376273043348,7206 FULTON ST STE A,,,,HOUSTON,FULTON FOOD & GAS,29.8264540544,,,,HARRIS
Specialty Food,,77429,8.125581256816739e+18,TX,-95.69996424524,15506 HICKORY DALE ST,,,,CYPRESS,MOCKTAIL EXPRESS LLC,29.995566531706,,,,HARRIS
Supermarket,,77339,3.902463944026311e+18,TX,-95.186768427673,4303 KINGWOOD DR,,,,KINGWOOD,SPROUTS FARMERS MARKET,30.049311169252,,,,HARRIS
Convenience Store,,77008,2.0567759527609152e+18,TX,-95.422413080234,1302 W 20TH ST,,,,HOUSTON,1ST STOP FOOD STORE,29.803774771253,,,,HARRIS
Specialty Food,,77057,1.3364077817229655e+18,TX,-95.484169766825,2909 FOUNTAIN VIEW DR,,,,HOUSTON,"SNAP KITCHEN #10, LLC",29.735266865139,,,,HARRIS
Liquor Store,,77057,2.747460488374603e+18,TX,-95.4842276047,3348 FOUNTAIN VIEW DR,,,,HOUSTON,LOYAL LIQUOR,29.728990055931,,,,HARRIS
Meat Market,,77064,9.744041445704552e+18,TX,-95.52485271938,8020 FAIRBANKS N HOUSTON RD STE F,,,,HOUSTON,LA ESPERANZA MEAT MARKET,29.896958123553,,,,HARRIS
Seafood Market,,77004,1.1955039255697641e+19,TX,-95.370635126555,2603 BLODGETT ST,,,,HOUSTON,BLODGETT'S FISH MARKET,29.724030995407,,,,HARRIS
Convenience Store,,77091,7.592086290441455e+18,TX,-95.446467541124,2401 W LITTLE YORK RD,,,,HOUSTON,LUCKY FOOD STORE,29.86342248875,,,,HARRIS
Bakery,,77042,1.422629729949334e+19,TX,-95.572003748189,1405 WILCREST DR,,,,HOUSTON,SOUTHERN MAID DONUTS,29.749409955718,,,,HARRIS
Convenience Store,,77055,3.733333009950001e+18,TX,-95.525884326995,9501 LONG POINT RD STE B,,,,HOUSTON,K Q FOOD STORE,29.79723550557,,,,HARRIS
Meat Market,,77598,8.66170411787133e+18,TX,-95.171932904303,12430 GALVESTON RD STE B9,,,,WEBSTER,BERRONES MEAT DISTRIBUTION,29.595166279901,,,,HARRIS
Liquor Store,,77091,1.5503051573981039e+19,TX,-95.449253844421,2502 W LITTLE YORK RD # B,,,,HOUSTON,JT LIQUOR,29.863207228105,,,,HARRIS
Other,,77450,1.4420327967113038e+19,TX,-95.751786622776,870 S MASON RD STE 106,,,,KATY,THE GREAT TEXAS PECAN CANDY CO,29.77087116137,,,,HARRIS
Liquor Store,,77095,6.568445347234596e+18,TX,-95.630277478866,8945 HIGHWAY 6 N,,,,HOUSTON,"SPEC'S WINE & SPIRITS, SPEC'S #9",29.908220162679,,,,HARRIS
Bakery,,77057,3.820431471511162e+18,TX,-95.500973347671,2538 S VOSS RD # A,,,,HOUSTON,SHIPLEY DONUTS,29.739895393478,,,,HARRIS
Specialty Food,,77055,4.096169043342477e+18,TX,-95.472091547827,2090 AFTON ST,,,,HOUSTON,CEDARS DISTRIBUTION INC,29.807293020262,,,,HARRIS
Convenience Store,,77002,1.1961172469029816e+19,TX,-95.36683151613,1602B SAN JACINTO ST,,,,HOUSTON,"HOUSTON DOWNTOWN MARKET, LLC",29.751410196527,,,,HARRIS
Convenience Store,,77074,1.4019592374467056e+19,TX,-95.534714615249,9002 S BRAESWOOD BLVD,,,,HOUSTON,TOP 10 FOOD MART,29.673986807369,,,,HARRIS
Convenience Store,,77093,1.371227848380549e+19,TX,-95.32879239617,11663 NORTHPOST ST,,,,HOUSTON,PESO+,29.890207016727,,,,HARRIS
Liquor Store,,77082,1.620782232844693e+19,TX,-95.604784719866,3533 S DAIRY ASHFORD RD STE F,,,,HOUSTON,S & B LIQUOR & FINE CIGARS,29.723417367908,,,,HARRIS
Bakery,,77093,7.039907629865783e+18,TX,-95.360643919288,1531 LITTLE YORK RD,,,,HOUSTON,LA CALENTANA PANADERIA Y MAS LLC,29.870892540557,,,,HARRIS
Liquor Store,,77024,1.4470380097804126e+19,TX,-95.457418755526,8612 MEMORIAL DR,,,,HOUSTON,WEST LOOP LIQUOR,29.773407241578,,,,HARRIS
Liquor Store,,77098,3.5320205534595845e+18,TX,-95.418669704759,5020 KIRBY DR,,,,HOUSTON,"LUMEN LOUNGE, INC.",29.727525568604,,,,HARRIS
Convenience Store,,77002,7.535287139051653e+18,TX,-95.367066787298,910 LOUISIANA ST STE M165,,,,HOUSTON,PARADISE GIFTS #4,29.759187339607,,,,HARRIS
Convenience Store,,77055,6.114892233153768e+17,TX,-95.468210276998,1501 SILBER RD,,,,HOUSTON,SUNNY FOOD STORE,29.796146131661,,,,HARRIS
Specialty Food,,77008,1.802141912878857e+19,TX,-95.418096373699,2504 BEALL ST UNIT C,,,,HOUSTON,NERO SAUCE,29.808864797809,,,,HARRIS
Convenience Store,,77080,1.465698196327814e+19,TX,-95.509347839949,4039 HOLLISTER ST,,,,HOUSTON,AMIGO FOOD MART 2,29.829805672648,,,,HARRIS
Specialty Food,,77346,4.3039149552162084e+18,TX,-95.180117881671,20627 FAWN TIMBER TRL,,,,HUMBLE,RUIZ COFFEE CO,30.010404377717,,,,HARRIS
Convenience Store,,77377,6.648897690500663e+17,TX,-95.643650960828,14320 FM 2920 RD STE F,,,,TOMBALL,WATER TREE TOMBALL,30.089361666908,,,,HARRIS
Convenience Store,,77041,4.700611745219889e+18,TX,-95.569422086572,6215 BRITTMOORE RD,,,,HOUSTON,SPEEDY FOOD MARKET,29.85854768249,,,,HARRIS
Bakery,,77018,5.400639306816833e+18,TX,-95.429426320106,3011 ELLA BLVD,,,,HOUSTON,DD-406,29.813901637787,,,,HARRIS
Convenience Store,,77377,1.2310183312313242e+19,TX,-95.648428062394,14814 BROWN RD # 1,,,,TOMBALL,PARK FOOD MART,30.101871234739,,,,HARRIS
Supermarket,,77062,9.035611402282124e+17,TX,-95.156085443406,1080 CLEAR LAKE CITY BLVD,,,,HOUSTON,ABE'S CAJUN MARKET,29.581127613214,,,,HARRIS
Bakery,,77346,3.658940543061086e+18,TX,-95.196124025725,5371 ATASCOCITA RD,,,,HUMBLE,WESTCO BREAKFAST HOUSE,29.987353479221,,,,HARRIS
Liquor Store,,77027,6.42320077136516e+18,TX,-95.437390966405,3701 W ALABAMA ST STE 353,,,,HOUSTON,"INNOVATIVE WINE RESOURCES, LLC",29.738196514043,,,,HARRIS
Bakery,,77586,6.582600928319785e+18,TX,-95.028474293156,5735 BAYPORT BLVD STE D,,,,SEABROOK,DONUT FACTORY,29.590321578095,,,,HARRIS
Liquor Store,,77429,9.943993201981473e+18,TX,-95.699493023641,14315 CYPRESS ROSEHILL RD STE 140,,,,CYPRESS,"SPEC'S WINE, SPIRITS & CIGARS, SPEC'S LIQUOR #55",29.975987114819,,,,HARRIS
Supermarket,,77077,3.7786706606090015e+18,TX,-95.619485705902,13099 WESTHEIMER RD APT 2507,,,,HOUSTON,ASHAKA GLOBAL FOOD PRODUCTS CO/NEW ERA PRODUCTS CO,29.735861098741,,,,HARRIS
Supermarket,,77036,1.6163153573853088e+19,TX,-95.505660970633,6959 HARWIN DR STE 100,,,,HOUSTON,INTERNATIONAL SUPERMARKET AND HALAL MEAT,29.718152150913,,,,HARRIS
Liquor Store,,77057,8.091147510952838e+18,TX,-95.485540959014,2020 FOUNTAIN VIEW DR,,,,HOUSTON,SPEC'S WINE SPIRITS & FINER FOODS SPEC'S LIQ #24,29.74613032702,,,,HARRIS
Bakery,,77008,3.032626558267245e+18,TX,-95.39915120432,2002 YALE ST,,,,HOUSTON,DD-404,29.804039903712,,,,HARRIS
Liquor Store,,77505,1.3690687163134527e+19,TX,-95.170312734071,4838 FAIRMONT PKWY,,,,PASADENA,NASA LIQUOR AND LOTTO,29.649470771663,,,,HARRIS
Specialty Food,,77099,1.3832291166764351e+19,TX,-95.586248617725,11850 BISSONNET ST,,,,HOUSTON,"TEXAS ICE VENDING, LLC",29.675226485254,,,,HARRIS
Specialty Food,,77015,9.272006407416533e+18,TX,-95.205675459146,12802 EAST FWY,,,,HOUSTON,NORMANDY CHURCHS,29.770882266416,,,,HARRIS
Meat Market,,77058,4.2923358882669066e+18,TX,-95.113634419267,17325 EL CAMINO REAL STE 446,,,,HOUSTON,"ALAQSA MARKET, LLC",29.551243589051,,,,HARRIS
Convenience Store,,77077,3.2359972934963236e+18,TX,-95.606242418286,1326 S DAIRY ASHFORD RD,,,,HOUSTON,NEW SUPER K CORNER STORE,29.757763457587,,,,HARRIS
Liquor Store,,77094,9.040393683780784e+18,TX,-95.688629215704,18024 KINGSLAND BLVD STE B,,,,HOUSTON,TIPSY LIQUOR & SPIRITS,29.776573137747,,,,HARRIS
Meat Market,,77571,7.358281760060753e+18,TX,-95.025836212375,718 W MAIN ST,,,,LA PORTE,LA TAMAULIPECA MEAT MARKET INC.,29.665463091023,,,,HARRIS
Liquor Store,,77006,1.5755390415336526e+19,TX,-95.395248889846,1340 WESTHEIMER RD STE B,,,,HOUSTON,MONTROSE GROCER LLC,29.743757369491,,,,HARRIS
Liquor Store,,77388,1.2441035809918829e+19,TX,-95.438380274954,1614 LOUETTA RD,,,,SPRING,SPEC'S LIQUOR #28,30.065030858541,,,,HARRIS
Supermarket,,77042,8.945517794601616e+18,TX,-95.572799041345,11145 WESTHEIMER RD,,,,HOUSTON,WHOLE FOODS MARKET,29.736611337367,,,,HARRIS
Liquor Store,,77069,1.5906831728500165e+19,TX,-95.499737176061,14110 STUEBNER AIRLINE RD,,,,HOUSTON,SPEC'S WINES AND SPIRITS #54,29.989873765384,,,,HARRIS
Liquor Store,,77024,1.4105647602782587e+19,TX,-95.493415522511,8416 KATY FWY,,,,SPRING VALLEY,"SPEC'S WINE, SPIRITS AND FINER FOODS, SPEC'S #53",29.784730736189,,,,HARRIS
Liquor Store,,77061,6.653648179040834e+18,TX,-95.257683989961,8906 AIRPORT BLVD STE B,,,,HOUSTON,LIQUOR,29.652055597226,,,,HARRIS
Convenience Store,,77076,1.9206324885693573e+18,TX,-95.397885833899,106 W RITTENHOUSE ST STE A,,,,HOUSTON,NORTHLINE FOODMART & DELI,29.864373585327,,,,HARRIS
Supermarket,,77043,1.3120699354611206e+19,TX,-95.576677820898,1621 UPLAND DR STE D,,,,HOUSTON,LATIN AMERICAN MART,29.794888690839,,,,HARRIS
Convenience Store,,77587,1.7868234819911633e+19,TX,-95.21397185319,512 S ALLEN GENOA RD STE C,,,,SOUTH HOUSTON,TIENDA LATINOS,29.662556064515,,,,HARRIS
Supermarket,,77081,1.5089590620729133e+19,TX,-95.48893134067,5727 RAMPART ST STE A7,,,,HOUSTON,LA PREFERIDA DE NEUVO LEON,29.71964982397,,,,HARRIS
Liquor Store,,77379,1.8204703570093298e+19,TX,-95.553907870353,9440 LOUETTA RD STE 4,,,,SPRING,LOUETTA DISCOUNT LIQUORS,30.004373972686,,,,HARRIS
Liquor Store,,77019,7.80201446585056e+18,TX,-95.41871845731,2545 KIRBY DR,,,,HOUSTON,RICHARD'S LIQUORS #88,29.743218983603,,,,HARRIS
Liquor Store,,77006,1.1419608526943213e+18,TX,-95.376736280522,2410 SMITH ST,,,,HOUSTON,SPEC'S WAREHOUSE #00,29.748570569563,,,,HARRIS
Specialty Food,,77056,1.1427017637443422e+19,TX,-95.462161983697,5015 WESTHEIMER RD STE A1171,,,,HOUSTON,POPBAR,29.740675374414,,,,HARRIS
Liquor Store,,77089,1.4556522102117648e+19,TX,-95.266089504933,10555 PEARLAND PKWY STE I,,,,HOUSTON,SPEC'S LIQUORS - PEARLAND #46,29.596989593829,,,,HARRIS
Supermarket,,77016,8.941284716453842e+18,TX,-95.31879409367,8102 LOCKWOOD DR,,,,HOUSTON,JOHN HANDI PLUS #300,29.834238465843,,,,HARRIS
Supermarket,,77388,1.258516000276495e+19,TX,-95.446323001122,2111 SPRING CYPRESS RD STE 110,,,,SPRING,ARARAT INTERNATIONAL SUPERMARKET,30.069159713651,,,,HARRIS
Liquor Store,,77023,1.5950303546983926e+19,TX,-95.323811975044,5630 OLD SPANISH TRL,,,,HOUSTON,IZZI MARKET #10,29.711213220809,,,,HARRIS
Confectionery,,77072,9.951526293122402e+18,TX,-95.58293963985,11548 BELLAIRE BLVD STE C,,,,HOUSTON,MK FOOD & MORE,29.703832117398,,,,HARRIS
Liquor Store,,77336,7.110269244618393e+18,TX,-95.089774651762,12315 FM 1960 RD STE B,,,,HUFFMAN,SUNNY LIQUOR,30.023026829566,,,,HARRIS
Liquor Store,,77080,8.848635888916187e+18,TX,-95.545136717756,2420 GESSNER DR,,,,HOUSTON,H LIQUOR,29.815080483976,,,,HARRIS
Specialty Food,,77057,1.2659566500886124e+18,TX,-95.486956605754,5959 WESTHEIMER RD STE 114,,,,HOUSTON,"POP BRANDS STORES, LLC",29.737643331798,,,,HARRIS
Seafood Market,,77007,6.64704574642915e+18,TX,-95.420716984444,5530 PETTY ST,,,,HOUSTON,"NOLA SHRIMP COMPANY, LLC",29.780593462865,,,,HARRIS
Liquor Store,,77077,7.453173977388174e+18,TX,-95.605916010991,1801 S DAIRY ASHFORD RD STE 105,,,,HOUSTON,ASHFORD LIQUOR,29.747501189529,,,,HARRIS
Liquor Store,,77021,4.9824987821790016e+17,TX,-95.358481428795,5909 SCOTT ST STE E,,,,HOUSTON,SUN LIQUOR,29.704563464176,,,,HARRIS
Liquor Store,,77060,1.5856935154125853e+19,TX,-95.412459917797,11439 NORTH FWY,,,,HOUSTON,KING LIQUOR,29.932576756293,,,,HARRIS
Liquor Store,,77019,1.2376236347443204e+19,TX,-95.40223942425,1207 DUNLAVY ST STE B,,,,HOUSTON,HTX LIQUOR & WINE,29.755702271327,,,,HARRIS
Convenience Store,,77521,4.941372716934514e+18,TX,-94.963897318849,3520 N MAIN ST,,,,BAYTOWN,ANGELS IN TOWN 7,29.759653146866,,,,HARRIS
Liquor Store,,77025,1.6262367945623226e+19,TX,-95.426436027225,9733 BUFFALO SPEEDWAY,,,,HOUSTON,"SPEC'S WINES & SPIRIT FINER FOODS, SPEC'S LIQ #189",29.680295170943,,,,HARRIS
Liquor Store,,77072,8.433264803547662e+18,TX,-95.56960876715,10830 BEECHNUT ST,,,,HOUSTON,THE LIQUOR STORE,29.688554829788,,,,HARRIS
Supermarket,,77504,9.414915147825498e+18,TX,-95.182485970973,4111 FAIRMONT PKWY STE 101,,,,PASADENA,RINCON LATINO SUPERMARKET,29.651022061504,,,,HARRIS
Convenience Store,,77598,1.2110876938562614e+18,TX,-95.140554507125,901 ROGERS ST,,,,WEBSTER,TRU BY HILTON,29.53620791252,,,,HARRIS
Liquor Store,,77586,1.3953828175204532e+19,TX,-95.040800752679,3126 NASA PKWY STE 1,,,,SEABROOK,SPEC'S LIQUOR STORE #10,29.561079664939,,,,HARRIS
Supermarket,,77042,1.3099644716746492e+19,TX,-95.569064168058,10928 WESTHEIMER RD STE A,,,,HOUSTON,K.C. AFRICAN STORE,29.736920175715,,,,HARRIS
Convenience Store,,77092,5.855638873121444e+18,TX,-95.459323147257,2905 MANGUM RD STE A,,,,HOUSTON,PESO+ & MORE,29.814203494235,,,,HARRIS
Convenience Store,,77099,5.546646286786446e+18,TX,-95.590133689156,12001 BISSONNET ST,,,,HOUSTON,SONIC FOOD STORE,29.675345352798,,,,HARRIS
Liquor Store,,77379,7.054984878898563e+18,TX,-95.555894284723,18550 CHAMPION FOREST DR STE 200,,,,SPRING,GRAND LIQUOR,30.033617110036,,,,HARRIS
Convenience Store,,77530,1.189964217902814e+19,TX,-95.13936861395,531 DELL DALE ST,,,,CHANNELVIEW,DELL DALE FOOD STORE,29.781021652338,,,,HARRIS
Liquor Store,,77061,1.5085188352405865e+18,TX,-95.276811729534,8800 1/2 BROADWAY ST STE A,,,,HOUSTON,AIRPORT LIQUOR,29.6599854753,,,,HARRIS
Specialty Food,,77076,1.5737197475458861e+19,TX,-95.371648855584,313 INNSDALE DR,,,,HOUSTON,M & M ICE CREAM,29.850992581142,,,,HARRIS
Convenience Store,,77016,1.5116526394433356e+19,TX,-95.300289730896,9700 HOMESTEAD RD STE B,,,,HOUSTON,ALAYA FOOD MART,29.852611955762,,,,HARRIS
Supermarket,,77056,1.1201529113035227e+19,TX,-95.461335196305,1700 POST OAK BLVD # 1G101,,,,HOUSTON,WHOLE FOODS MARKET,29.74883965074,,,,HARRIS
Bakery,,77060,1.5836922862530806e+19,TX,-95.407123459686,143 DYNA DR,,,,HOUSTON,RESTAURANTE Y TAQUERIA RAMOS,29.922325256221,,,,HARRIS
Liquor Store,,77338,1.564869513314083e+19,TX,-95.254022311499,8840 WILL CLAYTON PKWY STE H,,,,HUMBLE,SUNNY LIQUOR,29.979018392064,,,,HARRIS
Liquor Store,,77033,1.965035327139106e+18,TX,-95.33927126509,6678 MARTIN LUTHER KING BLVD,,,,HOUSTON,RUN IT UP LIQUOR,29.681345791308,,,,HARRIS
Liquor Store,,77379,7.226193668249634e+18,TX,-95.523945128839,7314 LOUETTA RD STE A1,,,,SPRING,SPEC'S LIQUOR STORE #14,30.020988803376,,,,HARRIS
Convenience Store,,77016,2.0879567567346276e+18,TX,-95.306913671645,6312 LAURA KOPPE RD,,,,HOUSTON,QWIK STOP,29.840644921547,,,,HARRIS
Convenience Store,,77074,1.3235590775680221e+19,TX,-95.508768612869,9000 FONDREN RD APT 168,,,,HOUSTON,SPEEDELIVERY,29.680388420801,,,,HARRIS
Convenience Store,,77036,7.264794346679387e+18,TX,-95.557041773517,10108 BISSONNET ST,,,,HOUSTON,BREAKTIME,29.674915788049,,,,HARRIS
Specialty Food,,77401,9.137602444352836e+18,TX,-95.470431726984,5200 BISSONNET ST,,,,BELLAIRE,MARBLE SLAB CREAMERY,29.706432317065,,,,HARRIS
Liquor Store,,77063,1.6062244053183971e+19,TX,-95.531559467576,9351 RICHMOND AVE,,,,HOUSTON,COWBOY LIQUOR,29.72894169006,,,,HARRIS
Bakery,,77090,1.2137788006761976e+19,TX,-95.450348776897,16940 ELLA BLVD STE 109,,,,HOUSTON,"BUNDT CAKE-A-HOLIC, INC.",30.014186172782,,,,HARRIS
Convenience Store,,77020,1.7055688068075768e+19,TX,-95.294304905095,7434 EAGLE PASS ST,,,,HOUSTON,EAGLE PASS FOODSTORE,29.783494221664,,,,HARRIS
Specialty Food,,77571,4.361389185058817e+18,TX,-95.029391745618,1900 HIGHWAY 146 S STE 200,,,,LA PORTE,DUNKIN DONUTS,29.689445003275,,,,HARRIS
Specialty Food,,77055,6.761889476133473e+18,TX,-95.531565574922,9654 KATY FWY STE A,,,,HOUSTON,"WONDERFUL VENTURES, LLC",29.785120099044,,,,HARRIS
Convenience Store,,77027,3.3292352269946245e+18,TX,-95.43769859619,3727 W ALABAMA ST,,,,HOUSTON,STOP N BUY,29.738196514053,,,,HARRIS
Specialty Food,,77037,3.5086855819277926e+18,TX,-95.39274019652,8705 AIRLINE DR,,,,HOUSTON,REFRESQUERIA BONILLA,29.885831518316,,,,HARRIS
Liquor Store,,77055,4.475043524434349e+18,TX,-95.475399935426,1808 ANTOINE DR STE B,,,,HOUSTON,SPRING BRANCH LIQUOR,29.803204164145,,,,HARRIS
Specialty Food,,77005,4.1490507958270894e+18,TX,-95.415007182446,5302 MORNINGSIDE DR,,,,HOUSTON,A CHEESE AFFAIR LLC,29.718237241707,,,,HARRIS
Supermarket,,77429,1.0680979116420385e+19,TX,-95.669888336041,15307 SILVERTON STONE LN,,,,CYPRESS,WORLD'S BEST LEMONADE,29.998659064464,,,,HARRIS
Bakery,,77033,1.1215304241701409e+19,TX,-95.350278580055,4934 ANGLETON ST,,,,HOUSTON,KAREN AUTHORLEE,29.66496094667,,,,HARRIS
Liquor Store,,77034,1.423533218929969e+19,TX,-95.208290856451,3316 S SHAVER ST STE 5A & B,,,,PASADENA,MAS PISTO BOTANERO LIQUOR STORE,29.660539573378,,,,HARRIS
Supermarket,,77598,2.5275008754223206e+18,TX,-95.121307460997,422 W NASA RD 1,,,,WEBSTER,NASA FOOD MART,29.535404119716,,,,HARRIS
Liquor Store,,77571,1.0483184671350542e+19,TX,-95.089133248731,9606 SPENCER HWY STE B,,,,LA PORTE,BAKERS LIQUOR STORE #05,29.664269582127,,,,HARRIS
Liquor Store,,77379,1.6319179924184125e+19,TX,-95.479352379425,17590 KUYKENDAHL RD,,,,SPRING,SPRING DISCOUNT LIQUOR,30.028738377475,,,,HARRIS
Convenience Store,,77084,1.8163845812961298e+19,TX,-95.669785173035,17105 CLAY RD STE A,,,,HOUSTON,ABARROTES Y NOVEDADES YENI,29.831004913293,,,,HARRIS
Convenience Store,,77091,1.806317371416604e+19,TX,-95.473636902428,5800 N HOUSTON ROSSLYN RD,,,,HOUSTON,LA ESQUINITA VARIEDADES LATINAS LLC,29.85108553269,,,,HARRIS
Convenience Store,,77087,6.744343255261528e+18,TX,-95.298860717061,4902 TELEPHONE RD,,,,HOUSTON,SUNNY FRIEND FOOD MART,29.691289353869,,,,HARRIS
Specialty Food,,77081,2.104411026602676e+18,TX,-95.493134314573,6742 HILLCROFT ST,,,,HOUSTON,TEXAS ICE VENDING,29.706484552662,,,,HARRIS
Liquor Store,,77338,1.499324860809572e+19,TX,-95.381105635286,21502 ALDINE WESTFIELD RD STE E,,,,HUMBLE,50/50 LIQUOR STORE,30.027027837803,,,,HARRIS
Confectionery,,77080,3.2128623265620495e+18,TX,-95.545134047543,2404 GESSNER RD STE C,,,,HOUSTON,"LAS DELICIAS MEXICANAS #3, LLC",29.814610909918,,,,HARRIS
Liquor Store,,77429,1.3562677739312251e+17,TX,-95.65414177898,15914 TELGE RD STE A,,,,CYPRESS,BREW: 30 TAP HOUSE,30.008068936889,,,,HARRIS
Supermarket,,77036,1.071854129198519e+19,TX,-95.538040180607,6865 S GESSNER RD,,,,HOUSTON,LA PLACITA CHAPIN,29.706261352254,,,,HARRIS
Liquor Store,,77433,1.7254396344314057e+19,TX,-95.682710281086,11734 BARKER CYPRESS RD STE 104,,,,CYPRESS,STAR LIQUOR,29.93331335136,,,,HARRIS
Liquor Store,,77077,9.274096355577905e+18,TX,-95.607563480115,12630 BRIAR FOREST DR,,,,HOUSTON,SHOPPERS LIQUOR,29.754060727641,,,,HARRIS
Liquor Store,,77077,1.290673021675558e+19,TX,-95.607563480115,12630 BRIAR FOREST DR,,,,HOUSTON,ALOHA LIQUOR #3,29.754060727641,,,,HARRIS
Convenience Store,,77388,7.137473598015359e+18,TX,-95.43663896245,265 CYPRESSWOOD DR,,,,SPRING,RYAN'S LIQUOR,30.050911761953,,,,HARRIS
Convenience Store,,77338,1.1351402018153976e+19,TX,-95.381105635286,21502 ALDINE WESTFIELD RD,,,,HUMBLE,CORNER SHELL,30.027027837803,,,,HARRIS
Supermarket,,77029,1.145471401631084e+19,TX,-95.233628023577,1601 HOLLAND ST,,,,JACINTO CITY,HOLLAND FOOD MARKET,29.762614839859,,,,HARRIS
Convenience Store,,77502,1.8131897620081234e+19,TX,-95.207998208707,2940 S SHAVER STA,,,,SOUTH HOUSTON,FASTRAK EXPRESS,29.667523736262,,,,HARRIS
Liquor Store,,77504,1.8115883179421549e+19,TX,-95.208271065142,3370 SHAVER ST,,,,PASADENA,EL BARRILITO LIQUOR STORE,29.659348451727,,,,HARRIS
Bakery,,77031,3.008580165173268e+18,TX,-95.530766187134,8668 S BRAESWOOD BLVD,,,,HOUSTON,BAKERY DONUTS,29.67155679067,,,,HARRIS
Liquor Store,,77055,1.4819364492814664e+19,TX,-95.521338300777,1005 BLALOCK RD UNIT E,,,,HOUSTON,99 RANCH MARKET,29.785186530431,,,,HARRIS
Liquor Store,,77338,1.7575529301768227e+19,TX,-95.270568422549,19322 HIGHWAY 59 N,,,,HUMBLE,"SPEC'S WINES, SPIRITS & FINER FOODS SPECS #200",29.99734449478,,,,HARRIS
Supermarket,,77099,9.087827023232549e+17,TX,-95.588756699419,11916 BISSONNET ST STE 178,,,,HOUSTON,BBF FOOD MART,29.675369302684,,,,HARRIS
Supermarket,,77057,1.1023614570607604e+18,TX,-95.498014493188,6401 WOODWAY DR # 149,,,,HOUSTON,WHOLE FOODS MARKET,29.755578904647,,,,HARRIS
Convenience Store,,77587,1.499514667482299e+19,TX,-95.236968708809,1220 HOUSTON BLVD STE B,,,,SOUTH HOUSTON,COCO LOCO TROPICAL,29.664429484655,,,,HARRIS
Convenience Store,,77002,4.5532072160312026e+17,TX,-95.378104454371,218 GRAY ST STE B,,,,HOUSTON,MIDTOWN MARKET,29.752693138701,,,,HARRIS
Produce Market,,77015,7.475062662233659e+17,TX,-95.178053362628,809 FREEPORT ST,,,,HOUSTON,CASTANEDAS PRODUCE,29.781751907466,,,,HARRIS
Supermarket,,77099,3.273122946863352e+18,TX,-95.569301377668,10880 BISSONNET ST STE 195,,,,HOUSTON,LA HACIENDA #4,29.674211760873,,,,HARRIS
Convenience Store,,77081,8.523539587219081e+18,TX,-95.476262595977,6619 CHIMNEY ROCK RD,,,,HOUSTON,FAMILY FOOD MART,29.708954273705,,,,HARRIS
Supermarket,,77073,2.7057215900105328e+17,TX,-95.39297435947,2598 FM 1960 RD STE B,,,,HOUSTON,LA MICHOACANA SUPER MARKET,30.024314967936,,,,HARRIS
Liquor Store,,77095,7.579575977609872e+18,TX,-95.66857698665,16902 TUCKERTON RD STE F,,,,HOUSTON,CIVIC LIQUOR & WINE,29.917679825096,,,,HARRIS
Confectionery,,77018,1.148440735668454e+18,TX,-95.410468169134,3201 N SHEPHERD DR STE 105,,,,HOUSTON,"KINDRED CONFECTIONS III, LIMITED LIABILITY COMPANY",29.816203329269,,,,HARRIS
Bakery,,77338,4.425771754507816e+18,TX,-95.305014995278,8036 FM 1960 RD W,,,,HUMBLE,TR3S LECHES CUPCAKES,30.004350543732,,,,HARRIS
Supermarket,,77036,1.6594458543007416e+19,TX,-95.51504558638,7555 BELLAIRE BLVD STE A,,,,HOUSTON,ASANTE AFRICAN MARKET,29.704875536868,,,,HARRIS
Liquor Store,,77005,1.1139030412638177e+19,TX,-95.43933936496,3902 BISSONNET ST,,,,HOUSTON,"SPEC'S WINE SPIRITS AND FINER FOODS, SPEC'S #71",29.722265983522,,,,HARRIS
Convenience Store,,77083,1.0831622146413382e+19,TX,-95.646393896877,14631 BEECHNUT ST STE A,,,,HOUSTON,JAVED NIHARI RESTAURANT  & GRILL,29.689584907249,,,,HARRIS
Specialty Food,,77005,1.0404554493545826e+19,TX,-95.415295374048,2418 RICE BLVD,,,,HOUSTON,EDIBLE ARRANGEMENTS,29.717526367374,,,,HARRIS
Liquor Store,,77036,1.5064738315581673e+19,TX,-95.551905908136,9646 BEECHNUT ST,,,,HOUSTON,PLAZA BUSINESS INC.,29.690090461405,,,,HARRIS
Liquor Store,,77008,1.0948958832999746e+19,TX,-95.409802994803,1022 N SHEPHERD DR,,,,HOUSTON,"LONGHORN LIQUOR, BEER & WINE #13",29.789398808405,,,,HARRIS
Confectionery,,77477,6.364553603750905e+18,TX,-95.545332669496,12700 STAFFORD RD APT 135,,,,STAFFORD,"GLAM SWEETS, LLC",29.634617689921,,,,HARRIS
Seafood Market,,77083,8.643154461667009e+17,TX,-95.621275987049,13442 BELLAIRE BLVD STE H,,,,HOUSTON,BANGLA BAZAR INC,29.70367632544,,,,HARRIS
Specialty Food,,77072,8.025603051081254e+18,TX,-95.568979303848,10613 BELLAIRE BLVD STE A135,,,,HOUSTON,KHO BO BELLAIRE,29.703879002349,,,,HARRIS
Convenience Store,,77029,1.244799804751081e+19,TX,-95.267354419431,9199 NORTH LOOP E,,,,HOUSTON,M & M TRUCK STOP,29.791951721133,,,,HARRIS
Liquor Store,,77019,1.8168280064506793e+18,TX,-95.410733523265,1900 S SHEPHERD DR,,,,HOUSTON,RICHARDS LIQUORS #81,29.749014986624,,,,HARRIS
Specialty Food,,77032,1.0593421419944532e+18,TX,-95.331583974888,3950 S TERMINAL RD SPC 30A,,,,HOUSTON,IAH DONUTS,29.985931445023,,,,HARRIS
Liquor Store,,77018,7.908589033487616e+18,TX,-95.41036747367,3406 N SHEPHERD DR,,,,HOUSTON,POUR N MORE #1,29.817695467764,,,,HARRIS
Liquor Store,,77346,1.4691091412571935e+19,TX,-95.171446667205,17250 W LAKE HOUSTON PKWY STE A,,,,HUMBLE,LIQUOR LAND,29.9737612377,,,,HARRIS
Supermarket,,77377,1.1067586209770588e+19,TX,-95.733840806784,20158 BAUER HOCKLEY RD,,,,TOMBALL,VICTORIA'S NATURAL MARKET LLC,30.036802233478,,,,HARRIS
Specialty Food,,77049,3.198916245336048e+18,TX,-95.168009732021,15242 WALLISVILLE RD,,,,HOUSTON,BASKIN ROBBINS,29.807523887927,,,,HARRIS
Specialty Food,,77042,8.229225650155701e+18,TX,-95.569142362882,10957 WESTHEIMER RD # S4,,,,HOUSTON,TEA TIME WITH A PURPOSE,29.736661460427,,,,HARRIS
Supermarket,,77074,3.7620307865861033e+18,TX,-95.497344495007,6502 BELLAIRE BLVD STE A3,,,,HOUSTON,KABUL GROCERY,29.705470114167,,,,HARRIS
Liquor Store,,77375,3.719086306924253e+18,TX,-95.541338339266,23211 KUYKENDAHL RD STE C,,,,TOMBALL,SPEEDY PAK LIQUORS,30.100011933559,,,,HARRIS
Liquor Store,,77505,1.6731872975701625e+19,TX,-95.141720550257,6330 SPENCER HWY STE A,,,,PASADENA,HEART'S LIQUOR,29.665762915813,,,,HARRIS
Bakery,,77014,6.654138917402003e+18,TX,-95.490425632131,13104 VETERANS MEMORIAL DR,,,,HOUSTON,MAYTENA BAKERY #5,29.977557919985,,,,HARRIS
Bakery,,77339,1.2258535582056008e+19,TX,-95.217890195516,2021 NORTHPARK DR,,,,KINGWOOD,GREAT AMERICAN COOKIES,30.069108712385,,,,HARRIS
Liquor Store,,77586,1.6180582625841007e+19,TX,-95.026502712209,1818 NASA PKWY,,,,SEABROOK,MARGARITA JONES,29.563805328819,,,,HARRIS
Specialty Food,,77586,4.963346998971221e+18,TX,-95.059410813031,4618 NASA PKWY,,,,SEABROOK,S&D ALKALINE H2O,29.566702426693,,,,HARRIS
Liquor Store,,77040,9.006983190743128e+17,TX,-95.507553202715,7712 W LITTLE YORK RD,,,,HOUSTON,LIQUOR SPOT,29.865658923809,,,,HARRIS
Bakery,,77449,1.7209173704994079e+19,TX,-95.703274366816,19221 W LITTLE YORK RD,,,,KATY,MR DONUT & KOLACHE,29.864673760053,,,,HARRIS
Meat Market,,77011,1.7015004816651012e+19,TX,-95.297921567938,7120 CANAL ST,,,,HOUSTON,LA CASITA MEXICAN PRODUCTS,29.738853644294,,,,HARRIS
Convenience Store,,77093,1.6820465196606615e+18,TX,-95.325490170491,4202 LITTLECREST RD,,,,HOUSTON,LA CAMPANA FOOD STORE,29.870838483094,,,,HARRIS
Convenience Store,,77373,5.612125642195145e+17,TX,-95.391753452728,26835 CYPRESSWOOD DR STE 1,,,,SPRING,SUPERIOR FOODS & BEVERAGES,30.063283149656,,,,HARRIS
Liquor Store,,77015,9.923267712628445e+18,TX,-95.162064738005,14650 WOODFOREST BLVD,,,,HOUSTON,SPEC'S LIQUORS #20,29.790577862965,,,,HARRIS
Liquor Store,,77449,1.1725141398051244e+19,TX,-95.719915604076,3811 FRY RD STE 4,,,,KATY,SPEC'S LIQUORS & WINES-FRY #51,29.828256571964,,,,HARRIS
Specialty Food,,77546,8.372545465992037e+18,TX,-95.148001444024,1182 BAYBROOK MAIL K5534,,,,FRIENDSWOOD,GREAT AMERICAN COOKIES 79347,29.546415374612,,,,HARRIS
Convenience Store,,77029,1.263281756071545e+18,TX,-95.233325352803,1002 HOLLAND ST STE A,,,,JACINTO CITY,DANNY'S FOOD STORE,29.772004559249,,,,HARRIS
Specialty Food,,77094,3.6489107087192417e+18,TX,-95.704238912119,19227 KATY FWY,,,,HOUSTON,ACAI BRASIL,29.784624196575,,,,HARRIS
Supermarket,,77074,1.2802411661414713e+19,TX,-95.510130649888,7243 BISSONNET ST,,,,HOUSTON,"KABUL HALAL SUPERMARKET, KABUL CAFE FONDREN",29.686002228014,,,,HARRIS
Convenience Store,,77079,9.62238429153331e+18,TX,-95.620977135595,15121 MEMORIAL DR,,,,HOUSTON,SMART STOP FOOD STORE,29.779531015441,,,,HARRIS
Supermarket,,77039,5.197868930852278e+18,TX,-95.318558491174,4910 ALDINE MAIL ROUTE RD,,,,HOUSTON,"MERCADO LA MEXICANA, LLC",29.90282754639,,,,HARRIS
Specialty Food,,77346,1.4040717461175618e+19,TX,-95.19865685302,5328A FM 1960 RD E,,,,HUMBLE,GELATO BLISS,29.998895753944,,,,HARRIS
Liquor Store,,77091,7.332151680176572e+18,TX,-95.48556334685,6458 W LITTLE YORK RD,,,,HOUSTON,GLOBAL LIQUOR,29.865808791389,,,,HARRIS
Convenience Store,,77084,9.035576606509188e+18,TX,-95.658810316138,16618 CLAY RD STE 450,,,,HOUSTON,"AL-TAWIL, INC.",29.832905290329,,,,HARRIS
Supermarket,,77027,1.0059421944671195e+19,TX,-95.65002808936,4500 RICHMOND AVE,,,,HOUSTON,"NIELSEN'S DELICATESSEN, INC.",29.72728707401,,,,HARRIS
Convenience Store,,77087,1.2550270920794e+19,TX,-95.312676435109,6401 LONG DR,,,,HOUSTON,LONG DRIVE FOOD MART,29.689767028799,,,,HARRIS
Convenience Store,,77036,5.757434926841941e+18,TX,-95.539009749888,5858 S GESSNER RD STE 110,,,,HOUSTON,HAVANA & HOUSTON MARKET LIMITED LIABILITY COMPANY,29.716547945268,,,,HARRIS
Supermarket,,77078,1.2992208054044936e+19,TX,-95.262357157185,9934 MESA DR STE B,,,,HOUSTON,4 HERMANOS SUPER MERCADO,29.857911815592,,,,HARRIS
Specialty Food,,77072,1.6665626262732984e+18,TX,-95.57120439333,6533 WILCREST DR STE 105,,,,HOUSTON,WISH CAFE LLC,29.708325942963,,,,HARRIS
Convenience Store,,77338,1.4313189861218895e+18,TX,-95.258450251019,1121 S HOUSTON AVE,,,,HUMBLE,GET N GO WASHETERIA,30.00410600413,,,,HARRIS
Supermarket,,77338,3.023534260918374e+18,TX,-95.283043314181,8755 FM 1960 BYPASS RD W,,,,HUMBLE,ALDI (TEXAS) #114,30.005102756032,,,,HARRIS
Convenience Store,,77071,1.5890219947624845e+19,TX,-95.522555433134,8103 CREEKBEND DR STE I,,,,HOUSTON,VERITAS AFRICAN FOOD STORE,29.665414495277,,,,HARRIS
Convenience Store,,77063,1.2542518606318029e+19,TX,-95.532979614485,9545 ELLA LEE LN APT 42,,,,HOUSTON,AL VENDING,29.740820729759,,,,HARRIS
Specialty Food,,77072,1.5281575123142857e+19,TX,-95.567555701702,10804 BELLAIRE BLVD STE G,,,,HOUSTON,"TECA TEA, LLC",29.704030116837,,,,HARRIS
Supermarket,,77029,3.96231812743714e+18,TX,-95.254838340321,422 GANS ST,,,,HOUSTON,LIT ORGANICS,29.736106215103,,,,HARRIS
Liquor Store,,77096,1.4229375729297347e+19,TX,-95.413292400171,46 BRAESWOOD SQ SPC M15,,,,HOUSTON,CK LIQUOR,29.698143300731,,,,HARRIS
Liquor Store,,77429,6.989205351192512e+17,TX,-95.595935474002,11702 CYPRESS NORTH HOUSTON RD,,,,CYPRESS,VICTORY LIQUOR #2,29.952509505746,,,,HARRIS
Convenience Store,,77029,8.078948840778255e+18,TX,-95.255305665449,503 FIDELITY ST,,,,HOUSTON,M & M IMPORTS,29.736916935147,,,,HARRIS
Convenience Store,,77029,1.4344033845819621e+19,TX,-95.285015802801,8003 FILLMORE ST STE A,,,,HOUSTON,VEGAS MINI MART,29.75844578535,,,,HARRIS
Produce Market,,77036,5.447769594167905e+18,TX,-95.513572356665,5959 BONHOMME RD APT 394,,,,HOUSTON,ESPERANZA YURIXI GAMBOA PACHECO,29.714740204017,,,,HARRIS
Liquor Store,,77034,1.2383657108088312e+19,TX,-95.186661537391,15309A GULF FWY,,,,HOUSTON,DIXIE LIQUOR,29.589390722142,,,,HARRIS
Produce Market,,77026,5.135983766079097e+18,TX,-95.324051887636,3513 KASHMERE ST,,,,HOUSTON,"RREC PRODUCE, INC.",29.791847520765,,,,HARRIS
Convenience Store,,77072,1.6209159028572766e+19,TX,-95.597169154964,12313 BELLAIRE BLVD STE A,,,,HOUSTON,COOK FOOD STORE INC,29.703539969402,,,,HARRIS
Liquor Store,,77090,1.1194031332457794e+19,TX,-95.450419921685,17667 RED OAK DR STE C,,,,HOUSTON,THE TIPSY OAK,30.026185412569,,,,HARRIS
Liquor Store,,77091,8.235330262550989e+18,TX,-95.418263732869,824 W LITTLE YORK RD,,,,HOUSTON,ANDY LIQUOR,29.867218942404,,,,HARRIS
Liquor Store,,77045,1.2197627133099526e+19,TX,-95.444336520558,4407 W FUQUA ST STE D,,,,HOUSTON,TWEETY LIQUOR,29.61330298279,,,,HARRIS
Produce Market,,77009,1.5020568107342055e+19,TX,-95.374917474884,3902 N MAIN ST,,,,HOUSTON,"MR. PEPPER FRESH PRODUCE, LLC",29.792332633607,,,,HARRIS
Convenience Store,,77039,9.305792629178716e+18,TX,-95.340087444284,3310 ALDINE MAIL ROUTE RD STE A,,,,HOUSTON,LATINO FOOD MART,29.902401077935,,,,HARRIS
Specialty Food,,77546,6.113209761630274e+18,TX,-95.151459744438,500 BAYBROOK MALL # 5584,,,,FRIENDSWOOD,DIPPIN DOTS,29.543865119493,,,,HARRIS
Bakery,,77041,1.614679977178302e+19,TX,-95.573682393121,11131 W LITTLE YORK RD STE D,,,,HOUSTON,DELUXE DONUTS,29.867138127034,,,,HARRIS
Convenience Store,,77091,1.6434154184775256e+19,TX,-95.473412813146,6405 ANTOINE DR STE 17,,,,HOUSTON,NEW STOP & GONE,29.859509326153,,,,HARRIS
Convenience Store,,77377,1.7071284567684436e+19,TX,-95.608157022081,16207 N ELDRIDGE PKWY,,,,TOMBALL,"ELDRIDGE VENTURE, LLC",30.006791762932,,,,HARRIS
Specialty Food,,77036,5.897959186989008e+18,TX,-95.51504558638,7555 BELLAIRE BLVD STE 200,,,,HOUSTON,HOUSTON HALAL MARKET AND RESTAURANT,29.704875536868,,,,HARRIS
Specialty Food,,77346,6.813719508139983e+18,TX,-95.170215974517,7061 FM 1960 RD E,,,,HUMBLE,"HICKORY FARMS, LLC #10151",29.998351279619,,,,HARRIS
Bakery,,77036,1.3945504303172045e+19,TX,-95.516784425989,525 SHARPSTOWN CTR # F17,,,,HOUSTON,RODO'S BAKE SHOP,29.705613081978,,,,HARRIS
Supermarket,,77506,6.37137466685932e+17,TX,-95.193271196082,1029 STRAWBERRY RD STE A,,,,PASADENA,FRESA SMOKE & NOVELTY,29.694182929946,,,,HARRIS
Convenience Store,,77018,8.857297888705071e+18,TX,-95.444337101061,2776 W T C JESTER BLVD,,,,HOUSTON,SUNNY FOOD STORE,29.810615047113,,,,HARRIS
Convenience Store,,77449,1.7359255699090504e+18,TX,-95.718676966276,5803 FRY RD STE 102,,,,KATY,CAFE PINAR LLC,29.854999630145,,,,HARRIS
Supermarket,,77521,1.7711703309802031e+19,TX,-94.97730886103,3634 GARTH RD STE B,,,,BAYTOWN,SIEMPRE GROCERY,29.761603702823,,,,HARRIS
Bakery,,77449,1.80178653396502e+19,TX,-95.731099068983,21710 WILDCROFT DR,,,,KATY,KINA'S UNIQUE SWEETS LLC,29.850011752056,,,,HARRIS
Liquor Store,,77021,9.531150452804178e+18,TX,-95.337706762241,5842 MARTIN LUTHER KING BLVD,,,,HOUSTON,ML KING LIQUOR,29.695648145529,,,,HARRIS
Liquor Store,,77067,1.7928534637821317e+19,TX,-95.47822002833,12136 VETERANS MEMORIAL DR,,,,HOUSTON,LOBY LIQUOR STORE,29.961441453944,,,,HARRIS
Liquor Store,,77070,2.3390640940848425e+18,TX,-95.584630821114,13354 JONES RD,,,,HOUSTON,ORION #1 LIQUOR,29.968439766176,,,,HARRIS
Convenience Store,,77063,2.831924954097796e+18,TX,-95.514296133353,8619 RICHMOND AVE STE 500,,,,HOUSTON,ZAID ALARABI INC.,29.729237521669,,,,HARRIS
Liquor Store,,77076,1.4917802954197977e+19,TX,-95.384572539912,6966 AIRLINE DR STE A-B,,,,HOUSTON,FASTRAK #6,29.862298251982,,,,HARRIS
Bakery,,77014,1.2326566147981132e+19,TX,-95.483571198867,14300 CORNERSTONE VILLAGE DR STE 218,,,,HOUSTON,CHEFS PROVIDENCE LLC,29.988615258197,,,,HARRIS
Liquor Store,,77532,4.752710566947147e+18,TX,-95.089757561904,21221 FM 2100 RD,,,,CROSBY,COUNTRY LIQUOR STORE,29.982581681517,,,,HARRIS
Specialty Food,,77099,5.091415384319545e+18,TX,-95.563076805289,10503 ROCKLEY RD STE 107,,,,HOUSTON,KING ICE,29.662782331351,,,,HARRIS
Convenience Store,,77338,8.92774694089597e+18,TX,-95.319748780668,7031 FM 1960 RD W STE F,,,,HUMBLE,A&M CONVENIENCE STORE & MORE,30.007674275639,,,,HARRIS
Convenience Store,,77081,3.0521894497245133e+18,TX,-95.489282534723,6118 CLAREWOOD DR STE B,,,,HOUSTON,AMIGOS FOOD MART,29.70918259941,,,,HARRIS
Specialty Food,,77005,5.384186082566498e+16,TX,-95.410676695756,2212 ROBINHOOD ST,,,,HOUSTON,"SNO BUNNY SNO BALLS, LLC",29.72153828076,,,,HARRIS
Meat Market,,77021,1.365704620871544e+19,TX,-95.346477458706,6320 DUMBLE ST,,,,HOUSTON,"TEXAS ONE MEAT DISTRIBUTORS, INC.",29.6945085551,,,,HARRIS
Seafood Market,,77038,9.602453098199992e+18,TX,-95.45675670096,10625 VETERANS MEMORIAL DR STE L,,,,HOUSTON,HD SEAFOOD,29.933314120399,,,,HARRIS
Supermarket,,77083,1.8010804091278215e+19,TX,-95.64404054435,6748 HIGHWAY 6 S,,,,HOUSTON,IJE-AFRICANA FOODS,29.704736430843,,,,HARRIS
Convenience Store,,77036,3.135623185978314e+18,TX,-95.521276172309,6601 FONDREN RD,,,,HOUSTON,PALMS FOOD,29.708354612975,,,,HARRIS
Bakery,,77018,1.8144711625058306e+19,TX,-95.429466162812,3410 ELLA BLVD,,,,HOUSTON,"SHIPLEY MANAGEMENT - ELLA, INC.",29.817626608891,,,,HARRIS
Specialty Food,,77598,1.8310249924099068e+19,TX,-95.138553957544,1041 W BAY AREA BLVD,,,,WEBSTER,SMOOTHIE KING #1575,29.541751787957,,,,HARRIS
Liquor Store,,77011,1.3451412641933971e+19,TX,-95.302926013659,1305 WAYSIDE DR,,,,HOUSTON,REX LIQUORS,29.74520042843,,,,HARRIS
Supermarket,,77099,1.1442865545609103e+19,TX,-95.570460566397,11246 S WILCREST DR STE 145,,,,HOUSTON,SAVOY SUPERMARKET,29.657524337714,,,,HARRIS
Meat Market,,77077,1.5060201624940923e+19,TX,-95.60614353024,1023 S DAIRY ASHFORD ST,,,,HOUSTON,HEBERTS SPECIALTY MEATS,29.760916015962,,,,HARRIS
Liquor Store,,77065,1.2512131243978346e+19,TX,-95.598718966552,12410 FM 1960 RD W UNIT 15,,,,HOUSTON,CY FAIR WINE & SPIRITS,29.924688906131,,,,HARRIS
Meat Market,,77027,1.2264928942430046e+19,TX,-95.456138319894,4714 RICHMOND AVE,,,,HOUSTON,HEBERTS SPECIALTY MEATS,29.73277095503,,,,HARRIS
Supermarket,,77084,1.7287475362715093e+19,TX,-95.681735437217,18311 CLAY RD STE 9,,,,HOUSTON,SUPERMARKET LA NEGRA TIENE TUMBAO,29.831042543889,,,,HARRIS
Supermarket,,77036,1.6385576093505047e+19,TX,-95.516784425993,159 SHARPSTOWN CTR STE 102,,,,HOUSTON,CLAREWOOD SUPER MERCADO,29.70553628485,,,,HARRIS
Convenience Store,,77520,9.225443047927728e+18,TX,-94.977158859327,2001 GARTH RD,,,,BAYTOWN,LA PETITE MARKET,29.746671411999,,,,HARRIS
Liquor Store,,77571,4.0345986830984335e+18,TX,-95.046920292169,1444 SENS RD STE A,,,,LA PORTE,BAKER'S LIQUOR STORE #07,29.686288217343,,,,HARRIS
Bakery,,77009,8.368266541980337e+18,TX,-95.363098020769,2121 N MAIN ST STE B,,,,HOUSTON,DONUT DELIGHT #2,29.779055278174,,,,HARRIS
Bakery,,77075,1.4658200331810458e+19,TX,-95.240332674305,9910 WINDMILL LAKES BLVD,,,,HOUSTON,DAWN DONUTS,29.624752231177,,,,HARRIS
Convenience Store,,77089,3.595581858649359e+18,TX,-95.230696363826,11055 S SAM HOUSTON PKWY E,,,,HOUSTON,STARCO ENT. INC.,29.601211834532,,,,HARRIS
Bakery,,77075,1.195749971153304e+19,TX,-95.268871149725,8405 ALMEDA GENOA RD STE J,,,,HOUSTON,JUST RISING DONUTS,29.626400902327,,,,HARRIS
Supermarket,,77002,1.8231721999454192e+19,TX,-95.363302360353,712 MAIN ST,,,,HOUSTON,MAUI BENTO,29.75910227856,,,,HARRIS
Supermarket,,77072,5.46915520853333e+18,TX,-95.56948231382,10828 BEECHNUT ST STE C,,,,HOUSTON,WAZOBIA AFRICAN MARKET,29.688580229012,,,,HARRIS
Convenience Store,,77099,3.3405698219894543e+18,TX,-95.569480938481,10808 W BELLFORT AVE,,,,HOUSTON,MERCADO EXPRESS DOS,29.655128506269,,,,HARRIS
Specialty Food,,77012,1.1631196098397622e+19,TX,-95.285828822018,7734 CANAL ST,,,,HOUSTON,YERBERIA Y CENTRO ESPIRITUAL HAITI,29.735065955932,,,,HARRIS
Convenience Store,,77450,6.741207465464448e+18,TX,-95.751748199767,930 S MASON RD STE N,,,,KATY,MASON FOOD MART #1,29.768631206002,,,,HARRIS
Convenience Store,,77084,5.97452977753111e+18,TX,-95.687332595868,2835 BARKER CYPRESS RD,,,,HOUSTON,"ELDRIDGE VENTURE, LLC",29.807879707536,,,,HARRIS
Supermarket,,77057,1.38283139488741e+19,TX,-95.484186631372,3013 FOUNTAIN VIEW DR STE G,,,,HOUSTON,VARIEDADES TOTONICAPAN LLC,29.734051836184,,,,HARRIS
Convenience Store,,77004,1.6074888503765324e+19,TX,-95.374889483484,2528 CALUMET ST STE A,,,,HOUSTON,HEAVEN FOOD MART,29.717600545551,,,,HARRIS
Convenience Store,,77037,1.4005013949750657e+19,TX,-95.392654140405,8712 AIRLINE DR,,,,HOUSTON,SNACK BAR,29.885935970133,,,,HARRIS
Supermarket,,77072,7.614675232012519e+18,TX,-95.584464961264,11698 BELLAIRE BLVD STE 11700,,,,HOUSTON,TAN BINH MARKET,29.703815267896,,,,HARRIS
Specialty Food,,77064,1.3370210772486214e+19,TX,-95.58120245913,9023 RED HAWK CIR,,,,HOUSTON,OLD COUNTRY OLIVE OIL,29.906176270596,,,,HARRIS
Liquor Store,,77520,9.831474642401708e+18,TX,-94.963705191429,2200 N MAIN ST STE 120,,,,BAYTOWN,BIG BOTTLE LIQUOR STORE,29.748192279491,,,,HARRIS
Convenience Store,,77002,1.2583854317322424e+18,TX,-95.35772673492,1418 PRESTON ST,,,,HOUSTON,SEEMA TRADERS,29.75925819144,,,,HARRIS
Supermarket,,77502,1.2325751082164046e+19,TX,-95.208701737272,2223 SHAVER ST STE 100,,,,PASADENA,SUPERMERCADO TELOLOAPAN #6,29.677913034938,,,,HARRIS
Bakery,,77093,9.563497305030803e+18,TX,-95.34390966198,2711 HARTWICK RD,,,,HOUSTON,"TUSCANA SWEETS, LLC",29.884802803957,,,,HARRIS
Convenience Store,,77503,3.599615429694132e+17,TX,-95.172294750959,2743 PRESTON AVE,,,,PASADENA,JACK'S GROCERY,29.671499397892,,,,HARRIS
Specialty Food,,77520,7.259874261418156e+17,TX,-94.969757208527,208 W TEXAS AVE,,,,BAYTOWN,SABOR OF MEXICO,29.732815510312,,,,HARRIS
Liquor Store,,77375,1.4141972749433915e+19,TX,-95.591119536135,21615 HUFSMITH KOHRVILLE RD,,,,TOMBALL,ROLLING VINEYARDS,30.077926163849,,,,HARRIS
Bakery,,77015,2.4324993161917435e+18,TX,-95.215100174809,973 FEDERAL RD,,,,HOUSTON,FOUR LITTLE ANGELS BAKERY,29.772557450048,,,,HARRIS
Liquor Store,,77049,1.7000134902165359e+19,TX,-95.187817294233,14682 WALLISVILLE RD,,,,HOUSTON,T'S LIQUOR,29.805605433671,,,,HARRIS
Liquor Store,,77007,6.477335476879642e+18,TX,-95.372323986065,1820 HOUSTON AVE,,,,HOUSTON,HOUSTON AVENUE LIQUOR LLC,29.773909158902,,,,HARRIS
Convenience Store,,77028,5.607043161232262e+18,TX,-95.28096328986,6303 EASTLAND ST STE A,,,,HOUSTON,EASTLAND MARKET,29.819638582693,,,,HARRIS
Supermarket,,77006,1.0240028065943933e+19,TX,-95.381122588006,515 ELGIN ST,,,,HOUSTON,WHOLE FOODS MARKET,29.7441757217,,,,HARRIS
Meat Market,,77036,6.044307697759439e+18,TX,-95.551921916365,9652 BEECHNUT ST STE B,,,,HOUSTON,LA HACIENDA MEAT MARKET,29.690084434778,,,,HARRIS
Specialty Food,,77504,1.5239595998996939e+19,TX,-95.202402406636,2636 SPENCER HWY STE 100,,,,PASADENA,"LAS DELICIAS MEXICANAS #2, LLC",29.664812254531,,,,HARRIS
Liquor Store,,77091,1.6360769539442156e+18,TX,-95.459425900468,3420 W LITTLE YORK RD STE D,,,,HOUSTON,H-TOWN LIQUORS,29.863510080574,,,,HARRIS
Supermarket,,77039,4.13189619142979e+18,TX,-95.349118776982,2345 ALDINE MAIL ROUTE RD,,,,HOUSTON,GUATEMEX TEXAS INC,29.90244582051,,,,HARRIS
Convenience Store,,77038,4.567745860717923e+18,TX,-95.424414868791,433 WEST RD,,,,HOUSTON,MAK'S,29.914850481206,,,,HARRIS
Convenience Store,,77092,5.89011527269369e+17,TX,-95.473798486717,3335 ANTOINE DR,,,,HOUSTON,FUEL ZONE #11,29.818754665708,,,,HARRIS
Liquor Store,,77078,1.2939305611248438e+18,TX,-95.239693067762,10008 TIDWELL RD STE E,,,,HOUSTON,ROYALTY'S WINE & LIQUOR,29.850913567128,,,,HARRIS
Liquor Store,,77571,3.516578083312127e+18,TX,-95.018916069355,1139 S BROADWAY ST,,,,LA PORTE,D & B LIQUOR,29.651953992649,,,,HARRIS
Supermarket,,77072,4.232918123264035e+18,TX,-95.591396497436,12097 BEECHNUT ST STE 2,,,,HOUSTON,TIENDA Y PANADERIA RIO GRANDE,29.688806313187,,,,HARRIS
Liquor Store,,77009,7.617263572007735e+18,TX,-95.381995611884,1330 NORTH LOOP STE A,,,,HOUSTON,B & B LIQUOR,29.813639833135,,,,HARRIS
Liquor Store,,77080,1.4666798948164454e+19,TX,-95.523263493418,9402 KEMPWOOD DR,,,,HOUSTON,ZIMMNER'S LIQUOR STORE,29.82202893156,,,,HARRIS
Convenience Store,,77038,2.2088873863835346e+18,TX,-95.451168730274,10301 VETERANS MEMORIAL DR STE B,,,,HOUSTON,FIRST STOP,29.926117296923,,,,HARRIS
Liquor Store,,77571,3.3862820978755676e+18,TX,-95.018916069355,1139 S BROADWAY ST,,,,LA PORTE,D & B LIQUOR,29.651953992649,,,,HARRIS
Liquor Store,,77505,1.2194128242464016e+19,TX,-95.134968535236,6769 SPENCER HWY,,,,PASADENA,SPENCER DISCOUNT LIQUOR & TOBACCO,29.663521110567,,,,HARRIS
Liquor Store,,77075,1.381537182278807e+19,TX,-95.229702277809,10020 KLECKLEY DR,,,,HOUSTON,SAVE LIQUOR,29.624516686403,,,,HARRIS
Bakery,,77338,5.98411487959222e+18,TX,-95.315487505186,7211 FM 1960 RD W STE 190,,,,HUMBLE,LIM HENG DONUTS,30.006062361235,,,,HARRIS
Supermarket,,77389,1.431329511659276e+19,TX,-95.50583843871,25115 GOSLING RD STE 101,,,,SPRING,EXPRESS ISTANBUL MARKET GRILL LLC,30.129073271831,,,,HARRIS
Liquor Store,,77536,1.0017088408976181e+19,TX,-95.123390012119,3308 CENTER ST,,,,DEER PARK,S-K LIQUOR,29.681585216401,,,,HARRIS
Convenience Store,,77037,7.474347052360486e+18,TX,-95.411971035803,9922 NORTH FWY,,,,HOUSTON,"JH ZIPS MARKET I, INC.",29.907759566987,,,,HARRIS
Convenience Store,,77093,5.242003478667809e+18,TX,-95.309346699511,5507 MOUNT HOUSTON RD,,,,HOUSTON,AMIGO MINI MART,29.891209253764,,,,HARRIS
Liquor Store,,77057,1.1527087363779285e+19,TX,-95.485806243328,5895 SAN FELIPE ST STE CB,,,,HOUSTON,HEB FOOD STORE #687,29.749790754588,,,,HARRIS
Seafood Market,,77338,1.6509338281277606e+19,TX,-95.315410567839,7231 FM 1960 RD W STE C-1,,,,HUMBLE,THE SHRIMP NET LLC,30.006032285721,,,,HARRIS
Convenience Store,,77072,3.73229831073335e+18,TX,-95.571340976118,6119 WILCREST DR,,,,HOUSTON,SUN ELECTRICALS,29.714732269762,,,,HARRIS
Convenience Store,,77054,2.4391453418276316e+18,TX,-95.416277087837,1055 MCNEE RD,,,,HOUSTON,"COMFORT SUITES,MEDICAL CENTER",29.689056035141,,,,HARRIS
Bakery,,77396,1.428038708760014e+19,TX,-95.22901148719,10525 N SAM HOUSTON PKWY E STE 100,,,,HUMBLE,SHIPLEY'S DONUTS,29.934630764072,,,,HARRIS
Supermarket,,77433,6.845779962606342e+18,TX,-95.682993077914,10750 BARKER CYPRESS RD STE 105,,,,CYPRESS,HIMALYA BAZAAR,29.932724379604,,,,HARRIS
Convenience Store,,77021,1.7156406348593646e+19,TX,-95.359355290742,3821 OLD SPANISH TRL,,,,HOUSTON,"OST FOOD MART, INC",29.702431959211,,,,HARRIS
Liquor Store,,77008,1.3357840876702616e+19,TX,-95.399293633029,2524 YALE ST STE 1,,,,HOUSTON,KIM LIQUOR,29.810123094865,,,,HARRIS
Liquor Store,,77396,1.6525837527193506e+19,TX,-95.21171413175,15720 WOODLAND HILLS DR STE 700,,,,HUMBLE,LEGACY WINE & SPIRITS CORPORATION,29.949210585099,,,,HARRIS
Bakery,,77520,5.86887682143927e+18,TX,-94.952055607586,1906 N ALEXANDER DR,,,,BAYTOWN,SNOWFLAKE DONUTS,29.741929846018,,,,HARRIS
Convenience Store,,77095,1.7256274790158977e+19,TX,-95.633826534117,14702 FM 529 RD,,,,HOUSTON,SUNNY FOOD STORE,29.879367720906,,,,HARRIS
Seafood Market,,77023,1.8428527380505315e+19,TX,-95.296064313891,7060 LAWNDALE ST,,,,HOUSTON,LAWNDALE FISH MARKET,29.717266517998,,,,HARRIS
Supermarket,,77074,7.779167038303129e+18,TX,-95.495453804297,6431 BISSONNET ST,,,,HOUSTON,THE CUBAN PLACE MARKET,29.693487081454,,,,HARRIS
Specialty Food,,77095,1.1065245452919067e+19,TX,-95.63057506977,9526 HUFFMEISTER RD,,,,HOUSTON,ROADRUNNERS,29.915859046449,,,,HARRIS
Liquor Store,,77389,4.111459701760347e+18,TX,-95.506023664472,24527 GOSLING RD,,,,SPRING,SPEC'S WINES SPIRITS & FINER FOODS SPEC'S #186 SF,30.121989982217,,,,HARRIS
Meat Market,,77375,1.7232008853598e+19,TX,-95.594165484018,22621 HUFSMITH KOHRVILLE RD,,,,TOMBALL,SMITTY'S MEATMARKET & SMOKEHOUSE,30.090742352542,,,,HARRIS
Liquor Store,,77433,1.8224240229013277e+19,TX,-95.724959711421,16507 MUESCHKE RD STE 500,,,,CYPRESS,BUZZ WINE & LIQUOR,30.012994956016,,,,HARRIS
Specialty Food,,77077,1.8328363637071888e+19,TX,-95.625078806385,13328 WESTHEIMER RD APT 6204,,,,HOUSTON,CLUTCH CITY CLUCKERS,29.735900741704,,,,HARRIS
Supermarket,,77069,1.7296785546564686e+19,TX,-95.506643499438,5199 FM 1960 RD W,,,,HOUSTON,NOAH EE 2 LLC,29.983245170006,,,,HARRIS
Convenience Store,,77047,1.3769215660194548e+19,TX,-95.378471590704,2902 ALMEDA GENOA RD STE A,,,,HOUSTON,STEPHEN'S MARKET PLACE,29.614404558675,,,,HARRIS
Convenience Store,,77093,5.522274787354494e+18,TX,-95.327427077011,4101 PARKER RD,,,,HOUSTON,FRIENDLY CORNER STORE,29.859473488293,,,,HARRIS
Supermarket,,77092,5.636269562496566e+18,TX,-95.500197524262,6415 LANGFIELD RD,,,,HOUSTON,JFC INTERNATIONAL INC.,29.858732725851,,,,HARRIS
Convenience Store,,77057,8.974880681181464e+18,TX,-95.499105209014,6410 WINDSWEPT LN STE A,,,,HOUSTON,EL SOL MARKET,29.725834405994,,,,HARRIS
Liquor Store,,77016,6.482148863389093e+18,TX,-95.300990499026,9556B HOMESTEAD RD,,,,HOUSTON,HAPPY LIQUOR,29.850402527476,,,,HARRIS
Supermarket,,77076,1.7802357298192992e+19,TX,-95.393158551846,5502 NORTH FWY,,,,HOUSTON,EL RANCHO #32,29.846698231523,,,,HARRIS
Supermarket,,77598,8.520900556499273e+18,TX,-95.145445667629,497 EL DORADO BLVD STE B&C,,,,WEBSTER,"TELOLOAPAN MEAT MARKET # 7, INC.",29.558877573474,,,,HARRIS
Liquor Store,,77060,4.1112771873356027e+18,TX,-95.405362463823,159 ALDINE BENDER RD STE 171,,,,HOUSTON,"ELADIA'S LICOR, INC.",29.931797462571,,,,HARRIS
Supermarket,,77060,1.9000234275401174e+17,TX,-95.405362463823,159 ALDINE BENDER RD STE 161,,,,HOUSTON,"TELOLOAPAN MEAT MARKET # 1, INC.",29.931797462571,,,,HARRIS
Liquor Store,,77044,1.6974965393136697e+19,TX,-95.189120975261,13071 W LAKE HOUSTON PKWY,,,,HOUSTON,SUMMERWOOD LIQUOR,29.92467986504,,,,HARRIS
Bakery,,77084,1.7561441904838525e+19,TX,-95.703663492325,3207 GREENHOUSE RD STE A,,,,HOUSTON,HAPPY DONUTS,29.815163252032,,,,HARRIS
Liquor Store,,77032,1.0244733696198986e+19,TX,-95.374067170951,1004 ALDINE BENDER RD,,,,HOUSTON,"TELO LIQUOR #2, LLC",29.933329872893,,,,HARRIS
Specialty Food,,77036,4.886552427644863e+18,TX,-95.516784425993,159 SHARPSTOWN CTR STE 106,,,,HOUSTON,CORN AND FRUIT,29.70553628485,,,,HARRIS
Supermarket,,77092,5.36024290391021e+16,TX,-95.487397420644,6526 W 43RD ST STE B,,,,HOUSTON,"TELOLOAPAN MEAT MARKET # 4, INC.",29.833105919033,,,,HARRIS
Bakery,,77449,1.4545236794459965e+19,TX,-95.773288971554,23119 COLONIAL PKWY UNIT A13B,,,,KATY,BEARD PAPA'S,29.793769502255,,,,HARRIS
Liquor Store,,77002,1.699025528776198e+19,TX,-95.36683151613,1602 SAN JACINTO ST,,,,HOUSTON,POSH LIQUOR,29.751410196527,,,,HARRIS
Meat Market,,77036,3.897905497208406e+18,TX,-95.555269922948,9908 BEECHNUT ST STE E,,,,HOUSTON,"TELOLOAPAN MEAT MARKET # 9, INC.",29.689272551934,,,,HARRIS
Liquor Store,,77077,1.3626475350761886e+19,TX,-95.624199644304,13345 BRIAR FOREST DR STE B,,,,HOUSTON,NEW FALCON LIQUOR,29.754541650003,,,,HARRIS
Specialty Food,,77072,8.242899579269891e+18,TX,-95.575584886806,11209 BELLAIRE BLVD STE C-29A,,,,HOUSTON,THANH TOFU & FAST FOOD,29.703802636624,,,,HARRIS
Liquor Store,,77054,1.135789386589951e+19,TX,-95.425304140896,3033 S LOOP W STE B,,,,HOUSTON,HTX LIQUOR,29.67703468164,,,,HARRIS
Convenience Store,,77081,1.5890824957016099e+19,TX,-95.482607909409,5800 BELLAIRE BLVD STE 3,,,,HOUSTON,VERIEDADES JOHANNA,29.705613254389,,,,HARRIS
Convenience Store,,77038,8.545489031527285e+18,TX,-95.429468880163,1811 W MOUNT HOUSTON RD,,,,HOUSTON,ELLA QUICK MART,29.897862043519,,,,HARRIS
Specialty Food,,77015,7.867948602511674e+18,TX,-95.178114560722,705 FREEPORT ST,,,,HOUSTON,"TACOPOLIS DISTRIBUTORS, CORP.",29.784004962598,,,,HARRIS
Supermarket,,77057,4.4408913680192576e+17,TX,-95.500999639177,3939 HILLCROFT ST STE 110,,,,HOUSTON,GIHON GROCERY LLC,29.724150483077,,,,HARRIS
Specialty Food,,77373,4.448758281721041e+18,TX,-95.426748001576,814 FLANNERS CT,,,,SPRING,OLD GLORY BOTANICAL SPICE INC,30.094889197872,,,,HARRIS
Liquor Store,,77396,3.744755271702564e+18,TX,-95.260533606322,8650 N SAM HOUSTON PKWY E STE 160A,,,,HUMBLE,"LEGENDS LIQUOR, WINE & MORE",29.935617934012,,,,HARRIS
Specialty Food,,77037,8.8817444040252e+18,TX,-95.393759709325,8813 AIRLINE DR # C36,,,,HOUSTON,LOLA,29.887515888407,,,,HARRIS
Liquor Store,,77099,1.3286000887825517e+19,TX,-95.600595599062,12657 BISSONNET ST,,,,HOUSTON,A&Y LIQUOR,29.67738238563,,,,HARRIS
Specialty Food,,77057,1.4163646920066943e+19,TX,-95.479414274657,2137 BERING DR,,,,HOUSTON,ZWITA LLC,29.744429764051,,,,HARRIS
Convenience Store,,77082,4.41563065374915e+18,TX,-95.614758341111,4020 SYNOTT RD STE 50,,,,HOUSTON,SYNOTT MINI MARKET,29.713592073806,,,,HARRIS
Specialty Food,,77450,1.0158800141106827e+19,TX,-95.754568642369,140 APPLEWHITE DR # 172,,,,KATY,LA PRADERA LATIN MARKET,29.783472506622,,,,HARRIS
Convenience Store,,77017,1.3853350578034199e+19,TX,-95.236027702289,5602 ALLENDALE RD,,,,HOUSTON,ALLENDALE FOOD MART,29.683254720742,,,,HARRIS
Supermarket,,77091,2.6298728101467203e+17,TX,-95.412012197173,6004 N SHEPHERD DR,,,,HOUSTON,COASTAL ICE,29.852350999449,,,,HARRIS
Specialty Food,,77016,1.437703257990328e+19,TX,-95.306682625699,8610 COMPTON ST,,,,HOUSTON,CHERIE'S VINTAGE GARDENS AND FINE CUISINE,29.839059328699,,,,HARRIS
Liquor Store,,77022,2.697495854000589e+18,TX,-95.393313922315,510 CROSSTIMBERS ST,,,,HOUSTON,STUDEWOOD LIQUOR,29.828479651282,,,,HARRIS
Liquor Store,,77035,1.2479822260724384e+19,TX,-95.508231789114,12347 FONDREN RD,,,,HOUSTON,SW LIQUOR & WINE,29.642422949817,,,,HARRIS
Liquor Store,,77043,5.161205141743291e+18,TX,-95.576327939151,11020 KATY FWY STE 110,,,,HOUSTON,FOOLS GOLD WINERY LLC,29.785255100541,,,,HARRIS
Supermarket,,77072,1.248622805939757e+19,TX,-95.597255274119,12315 BELLAIRE BLVD STE 300,,,,HOUSTON,"GROCERY SERVICES, INC. #37",29.703538591498,,,,HARRIS
Meat Market,,77449,1.220988941318706e+19,TX,-95.719784341474,3820 N FRY RD,,,,KATY,"SUPERMERCADO TELOLOAPAN # 16, INC",29.828400904905,,,,HARRIS
Convenience Store,,77025,9.580857618574035e+18,TX,-95.440066172087,8820 STELLA LINK RD,,,,HOUSTON,BEST AMERICAN FOOD MART,29.68689282145,,,,HARRIS
Liquor Store,,77429,1.6455601371666596e+19,TX,-95.69746365611,17111 CYPRESS ROSEHILL RD # 1,,,,CYPRESS,DRINKERS N SMOKERS LLC,30.016188853242,,,,HARRIS
Bakery,,77346,1.709064125832969e+19,TX,-95.15607108651,8077 FM 1960 RD E # B,,,,HUMBLE,BEST DONUTS,30.001664580378,,,,HARRIS
Liquor Store,,77401,1.7278483309977684e+19,TX,-95.468369570001,5106 BISSONNET ST STE C,,,,BELLAIRE,HEB FOOD STORE #738,29.707470118038,,,,HARRIS
Convenience Store,,77571,6.600007170242464e+18,TX,-95.09826876442,9000 SPENCER HWY,,,,LA PORTE,"SPENCER C-STORE, LLC",29.664082282876,,,,HARRIS
Liquor Store,,77520,1.6698471636680854e+19,TX,-94.97866509214,717 W MAIN ST,,,,BAYTOWN,APOLLO LIQUOR,29.720385749048,,,,HARRIS
Liquor Store,,77091,8.434712535769104e+18,TX,-95.47326369448,5347 ANTOINE DR,,,,HOUSTON,BULLS LIQUOR AND WINE,29.841758978655,,,,HARRIS
Liquor Store,,77086,1.2491298673460595e+19,TX,-95.49785131273,14238 STATE HIGHWAY 249,,,,HOUSTON,MC LIQUOR INC,29.923014643417,,,,HARRIS
Liquor Store,,77017,3.8558400958426184e+18,TX,-95.233535287951,3029 S RICHEY ST,,,,HOUSTON,ROAD STOP LIQUOR #3,29.67496099129,,,,HARRIS
Specialty Food,,77035,4.690019990643231e+18,TX,-95.498138348496,14243 MINETTA ST,,,,HOUSTON,GOOD TIME MOTORS,29.635553410187,,,,HARRIS
Convenience Store,,77023,2.0103735765110136e+18,TX,-95.312888886916,6199 GRIGGS RD,,,,HOUSTON,CT MINI MART,29.704312932878,,,,HARRIS
Bakery,,77073,1.18952114721841e+19,TX,-95.402206979139,802 RANKIN RD,,,,HOUSTON,DENNA'S DONUTS,29.965914466314,,,,HARRIS
Convenience Store,,77028,1.7670517187471755e+19,TX,-95.276977946897,8830 DENTON ST STE A,,,,HOUSTON,FRIENDLY STORE 2,29.840935034116,,,,HARRIS
Convenience Store,,77073,1.1550941284700934e+19,TX,-95.412605085142,909 E RICHEY RD,,,,HOUSTON,ROASTER #3,29.996663343679,,,,HARRIS
Specialty Food,,77357,1.431531573685081e+19,TX,-95.119502376451,32089 FM 1485 RD,,,,NEW CANEY,EXCEL FEED,30.145490122142,,,,HARRIS
Bakery,,77336,1.2406652009850489e+19,TX,-95.110927837594,29220 HUFFMAN CLEVELAND RD UNIT A,,,,HUFFMAN,DONUT DELIGHT,30.07763997859,,,,HARRIS
Convenience Store,,77002,1.489208725869601e+19,TX,-95.353387995399,1401 STERRETT ST STE 103,,,,HOUSTON,BLACK'S BODEGA,29.767417096608,,,,HARRIS
Liquor Store,,77099,7.441411299146656e+17,TX,-95.599688053856,12600 BISSONNET ST STE A5,,,,HOUSTON,EZ DISCOUNT LIQUOR,29.677251450542,,,,HARRIS
Specialty Food,,77379,1.5762301749971995e+19,TX,-95.536993080123,8217 LOUETTA RD,,,,SPRING,HTEAO,30.013628626952,,,,HARRIS
Liquor Store,,77026,3.182024684946932e+18,TX,-95.341632570968,2811 COLLINGSWORTH ST,,,,HOUSTON,SAM'S LIQUOR,29.793805090805,,,,HARRIS
Convenience Store,,77036,3.2864771699983165e+18,TX,-95.538994069668,6002 S GESSNER RD # A,,,,HOUSTON,MAMA STORE,29.714704177034,,,,HARRIS
Convenience Store,,77087,1.7180110320522711e+19,TX,-95.291835125762,7545 PARK PLACE BLVD STE A,,,,HOUSTON,QUICK STUFF,29.685298168213,,,,HARRIS
Liquor Store,,77536,1.675577489714599e+19,TX,-95.137430008731,4901 W PASADENA BLVD STE A,,,,DEER PARK,NEIGHBORS MARKET LIQUOR,29.681872106873,,,,HARRIS
Convenience Store,,77377,1.7631789769671918e+19,TX,-95.635195715874,14525 BOUDREAUX RD,,,,TOMBALL,TEMOS-STOP-N-DRIVE/TAQUERIA/HONGO SNACK,30.0457120305,,,,HARRIS
Supermarket,,77433,1.4771513996431086e+19,TX,-95.682783382627,11700 BARKER CYPRESS RD STE E,,,,CYPRESS,CYPRESS GROCERY AND HALAL MEAT,29.93316116423,,,,HARRIS
Liquor Store,,77503,1.436714742955752e+19,TX,-95.172320229894,2539 PRESTON AVE,,,,PASADENA,BEVERAGEMART LIQUOR,29.673196420631,,,,HARRIS
Liquor Store,,77045,2.8538170931060826e+17,TX,-95.42694485772,3419 W OREM DR STE I,,,,HOUSTON,SPACE CITY LIQUORS,29.627837295741,,,,HARRIS
Supermarket,,77064,7.673681689049122e+18,TX,-95.565700757482,11212 PERRY RD STE D,,,,HOUSTON,NICK FOOD MART,29.927389036453,,,,HARRIS
Supermarket,,77036,1.6886981617823597e+19,TX,-95.518771439691,7605 DASHWOOD DR STE E,,,,HOUSTON,GREATLAKE AFRICAN FOOD STORE,29.707371523106,,,,HARRIS
Convenience Store,,77040,1.5195560271562822e+19,TX,-95.515514419259,8104 W TIDWELL RD STE L,,,,HOUSTON,"LA GUERRERA MEAT MARKET ENTERPRISES, LLC",29.850980624964,,,,HARRIS
Convenience Store,,77007,9.411823148223777e+18,TX,-95.407507786497,4620 WASHINGTON AVE,,,,HOUSTON,MID-TOWN FOOD MART,29.770544776507,,,,HARRIS
Supermarket,,77086,1.0797882600683356e+19,TX,-95.4892941908,13433 STATE HIGHWAY 249 STE 8,,,,HOUSTON,HUNG DONG FOOD MARKET 249,29.91686984334,,,,HARRIS
Convenience Store,,77057,9.340773372651325e+18,TX,-95.494282451092,6345 WINDSWEPT LN STE 1,,,,HOUSTON,SUPERMERCADO AMERICAS,29.725990838296,,,,HARRIS
Meat Market,,77502,1.9585592812690007e+18,TX,-95.178096498513,2412 PASADENA BLVD STE A,,,,PASADENA,BERNAL MEAT MARKET,29.682117516793,,,,HARRIS
Supermarket,,77449,1.2632286904644616e+19,TX,-95.773288971554,23119 COLONIAL PKWY STE 25,,,,KATY,H MART,29.793769502255,,,,HARRIS
Liquor Store,,77389,1.1938941484524716e+19,TX,-95.505836022755,25111 GOSLING RD,,,,SPRING,VINTAGE LIQUOR,30.129007235624,,,,HARRIS
Convenience Store,,77061,1.5088033385064845e+19,TX,-95.289156315116,6750 TELEPHONE RD,,,,HOUSTON,HOBBY FOOD MART 786,29.663951326391,,,,HARRIS
Bakery,,77095,1.7120204208232288e+19,TX,-95.66857698665,16902 TUCKERTON RD,,,,HOUSTON,HOMIE DONUTS,29.917679825096,,,,HARRIS
Liquor Store,,77093,1.2317156532368919e+19,TX,-95.342823860154,9230 JENSEN DR STE C,,,,HOUSTON,FAT RABBIT,29.845096936724,,,,HARRIS
Convenience Store,,77396,1.5678854919600034e+19,TX,-95.303269205486,5827 N SAM HOUSTON PKWY E,,,,HUMBLE,MOBIL FOOD MART,29.940359831314,,,,HARRIS
Convenience Store,,77026,6.883840975238548e+18,TX,-95.316944391221,4718 LOCKWOOD DR,,,,HOUSTON,MVP FOOD STORE,29.803234645327,,,,HARRIS
Supermarket,,77015,8.120550494647174e+18,TX,-95.205624951559,792 NORMANDY ST,,,,HOUSTON,AZ MART,29.781186216285,,,,HARRIS
Supermarket,,77060,1.2298786266372198e+19,TX,-95.385580039532,767 KENRICK DR STE 100,,,,HOUSTON,"ALL TROPICAL DISTRIBUTORS, LLC",29.942019220289,,,,HARRIS
Liquor Store,,77051,2.3683767985668296e+18,TX,-95.368115361377,8641 SCOTT ST,,,,HOUSTON,SCOTT LIQUOR,29.666206040969,,,,HARRIS
Specialty Food,,77056,3.3990230748731996e+18,TX,-95.461335196305,1700 POST OAK BLVD STE 600,,,,HOUSTON,I BORGHESI,29.74883965074,,,,HARRIS
Convenience Store,,77016,1.0737662805899233e+19,TX,-95.301016107379,9645 HOMESTEAD RD,,,,HOUSTON,HOMESTEAD 7 MART,29.850751295064,,,,HARRIS
Confectionery,,77493,1.1516674522812456e+18,TX,-95.793838835262,5226 REGAL GEM LN,,,,KATY,PINOY COWBOY,29.850150783922,,,,HARRIS
Supermarket,,77058,1.0152945583270939e+19,TX,-95.08472422011,2332 NASA PKWY,,,,HOUSTON,ERMA'S NUTRITION CENTER,29.552783478542,,,,HARRIS
Convenience Store,,77081,9.811782605315658e+18,TX,-95.488333354878,6030 DASHWOOD DR,,,,HOUSTON,TONY MARKET,29.707369113474,,,,HARRIS
Liquor Store,,77058,1.1158276324006904e+19,TX,-95.089942313693,18038 UPPER BAY RD,,,,NASSAU BAY,NASSAU BAY LIQUOR,29.550548080102,,,,HARRIS
Liquor Store,,77449,4.584653209783782e+18,TX,-95.718949494797,1743 FRY RD,,,,KATY,"SFP SPEC'S WINE, SPIRITS AND FINER FOODS #13",29.792502511224,,,,HARRIS
Liquor Store,,77598,1.0209398466579203e+18,TX,-95.137199715762,1310 JASMINE ST STE A,,,,WEBSTER,WB LIQUORS AND WINE,29.533410704386,,,,HARRIS
Convenience Store,,77087,9.787633122931676e+17,TX,-95.306426292728,6837 LONG DR,,,,HOUSTON,PANADERIA Y PUPUSERIA EL BUEN GUSTO,29.685269409901,,,,HARRIS
Supermarket,,77450,1.5688318173454158e+19,TX,-95.739286778114,21202 KINGSLAND BLVD STE A,,,,KATY,KABIYESI CONNEXION,29.776113981091,,,,HARRIS
Supermarket,,77345,1.7109422134502902e+19,TX,-95.18195494606,4517 KINGWOOD DR,,,,KINGWOOD,HEB FOOD STORE #720,30.051008340728,,,,HARRIS
Supermarket,,77080,1.5490239020702386e+19,TX,-95.526336743003,3131 CAMPBELL RD,,,,HOUSTON,HEB HOUSTON CULINARY KITCHEN #973,29.821283198713,,,,HARRIS
Supermarket,,77379,1.2301782422610985e+19,TX,-95.575156948309,20311 CHAMPION FOREST DR,,,,SPRING,HEB FOOD STORE #725,30.055535608247,,,,HARRIS
Supermarket,,77429,1.5416556114726636e+19,TX,-95.637039608882,14100 SPRING CYPRESS,,,,CYPRESS,HEB FOOD STORE #698A,30.003084115309,,,,HARRIS
Bakery,,77429,6.754581241783796e+18,TX,-95.649822856961,12603 TELGE RD APT H-8,,,,CYPRESS,THIS BOY CAN COOK,29.958166994214,,,,HARRIS
Confectionery,,77571,2.0588137906408197e+18,TX,-95.067776569061,10439 ANTRIM LN,,,,LA PORTE,K'S FREEZE DRIED GOODS LLC,29.661580962377,,,,HARRIS
Supermarket,,77063,1.5394850795825592e+18,TX,-95.527554524054,9275 RICHMOND AVE STE 184,,,,HOUSTON,LA MICHOACANA MEAT MARKET H89,29.728937870156,,,,HARRIS
Supermarket,,77346,1.0655401046114849e+19,TX,-95.164878257267,7405 FM 1960 RD E,,,,ATASCOCITA,HEB FOOD STORE #498,29.998277556958,,,,HARRIS
Supermarket,,77041,3.0508995832067727e+18,TX,-95.53699148919,4625 WINDFERN RD,,,,HOUSTON,HEB HOUSTON RETAIL SUPPORT CENTER,29.837898579622,,,,HARRIS
Supermarket,,77077,4.70586162181153e+18,TX,-95.585559790733,11815 WESTHEIMER RD,,,,HOUSTON,HEB FOOD STORE #551,29.736388110239,,,,HARRIS
Meat Market,,77041,1.1272316313066684e+19,TX,-95.547427897877,4504 STANFORD CT,,,,HOUSTON,RZ MEAT DISTRIBUTOR,29.835468852749,,,,HARRIS
Liquor Store,,77396,1.5381016670020846e+19,TX,-95.248569997727,9526 N SAM HOUSTON PKWY E STE 3100,,,,HUMBLE,FIRE & ICE LIQUOR #2,29.93414767595,,,,HARRIS
Bakery,,77099,2.1212162059229107e+18,TX,-95.599424818558,12637 BISSONNET ST,,,,HOUSTON,PANADERIA TIERRA CALIENTE #7,29.677055656278,,,,HARRIS
Liquor Store,,77008,4.5969751070488207e+18,TX,-95.448902817059,1720 WEST LOOP N,,,,HOUSTON,SKY LIQUOR,29.799452090898,,,,HARRIS
Confectionery,,77049,1.7868291236040624e+19,TX,-95.193397684312,5715 PURPLE SAGE RD,,,,HOUSTON,"TIJUAS CANDIES, LLC",29.808196177579,,,,HARRIS
Convenience Store,,77036,1.117296341486163e+19,TX,-95.545379632939,6550 RANCHESTER DR,,,,HOUSTON,RANCHESTER FOOD STORE,29.707420152143,,,,HARRIS
Liquor Store,,77002,2.735707887178304e+18,TX,-95.35970268083,114 MAIN ST,,,,HOUSTON,SONDERBAR,29.763642503194,,,,HARRIS
Liquor Store,,77598,1.0536250046470111e+19,TX,-95.11738895366,205 E NASA PKWY,,,,WEBSTER,BURTON'S LIQUOR & WINE STORE,29.538342981306,,,,HARRIS
Bakery,,77396,1.5722907743128865e+19,TX,-95.268330895973,14954 MESA DR # 113,,,,HUMBLE,SOUTHERN MAID DONUTS,29.935592114244,,,,HARRIS
Supermarket,,77081,1.430526703277692e+19,TX,-95.497993694319,6015 HILLCROFT ST STE 1300,,,,HOUSTON,HEALTHY BABIES,29.715771844325,,,,HARRIS
Supermarket,,77429,8.850546357592674e+18,TX,-95.629179501223,13867 CYPRESS NORTH HOUSTON RD STE A,,,,CYPRESS,LA MICHOACANA MEAT MARKET #78,29.947365477927,,,,HARRIS
Liquor Store,,77066,1.3660111330629472e+19,TX,-95.508628610072,6203 BOURGEOIS RD,,,,HOUSTON,LAKE DONUTS,29.956713060727,,,,HARRIS
Bakery,,77082,1.5122599720835432e+19,TX,-95.604754151212,3856 S DAIRY ASHFORD ST,,,,HOUSTON,ASTURIAS BAKERY LLC,29.716145862269,,,,HARRIS
Liquor Store,,77396,1.71413563773364e+19,TX,-95.302904816112,13954 OLD HUMBLE RD,,,,HUMBLE,BEST LIQUOR,29.92232004659,,,,HARRIS
Supermarket,,77503,5.339156738243842e+18,TX,-95.158708699539,3613 RED BLUFF RD,,,,PASADENA,"GROCERY SERVICES, INC. #13",29.686279117672,,,,HARRIS
Specialty Food,,77063,9.178551361513894e+17,TX,-95.515320806963,8585 WOODWAY DR APT 1114,,,,HOUSTON,SREE VIGNA VINODHA INC,29.741632997535,,,,HARRIS
Specialty Food,,77095,1.126788533674923e+19,TX,-95.664012208713,16815 POPLAR HILL ST,,,,HOUSTON,UNCOMPLICATED LUSH,29.890127738341,,,,HARRIS
Convenience Store,,77017,5.592593830312875e+17,TX,-95.231147135032,2800 S RICHEY ST,,,,HOUSTON,RICHEY FOOD MART,29.677463032756,,,,HARRIS
Supermarket,,77433,8.395827683380515e+18,TX,-95.685358921263,8650 BARKER CYPRESS RD,,,,CYPRESS,ALDI (TEXAS) L.L.C. #160,29.904688816027,,,,HARRIS
Liquor Store,,77040,2.0275421943668966e+17,TX,-95.50599648926,7676 HILLMONT ST STE 108,,,,HOUSTON,WINES2HOU,29.843684174227,,,,HARRIS
Meat Market,,77063,1.0953587427637533e+18,TX,-95.514296133353,8619 RICHMOND AVE STE 500B,,,,HOUSTON,LEBANON HALAL MEAT,29.729237521669,,,,HARRIS
Confectionery,,77057,7.831547636180209e+18,TX,-95.478201670347,5718 WESTHEIMER RD STE 1000,,,,HOUSTON,DULCES TRES REYES CORP,29.738027454233,,,,HARRIS
Convenience Store,,77060,1.0143147195122207e+19,TX,-95.389014232593,510 ALDINE BENDER RD,,,,HOUSTON,RYAN'S LIQUOR & WHOLESALE,29.931849155081,,,,HARRIS
Specialty Food,,77017,1.3951704207257846e+19,TX,-95.277909914099,2840 BROADWAY ST,,,,HOUSTON,NEVERIA LA MICHOACANA,29.699468602471,,,,HARRIS
Liquor Store,,77035,6.345921354640281e+18,TX,-95.50060732785,11309 FAIRMONT ST,,,,HOUSTON,"EMERALD IMPORT DISTRIBUTORS, INC.",29.641576280022,,,,HARRIS
Liquor Store,,77520,1.3236410285612878e+19,TX,-95.055912948145,7724 DECKER DR STE B,,,,BAYTOWN,JR'S LIQUOR STORE,29.789908081903,,,,HARRIS
Confectionery,,77433,1.5178023223137026e+19,TX,-95.686397518455,9945 BARKER CYPRESS RD STE 126,,,,CYPRESS,KILWINS,29.922861442939,,,,HARRIS
Liquor Store,,77586,9.222063500198299e+18,TX,-95.024913582708,1904 EL MAR LN,,,,SEABROOK,SEABROOK LIQUOR AND WINE,29.57019712871,,,,HARRIS
Convenience Store,,77045,2.4055561575059476e+18,TX,-95.428216294402,3433 W FUQUA ST,,,,HOUSTON,PRIME EXPRESS # 3,29.613490391683,,,,HARRIS
Liquor Store,,77098,8.738067957417069e+18,TX,-95.403275005849,1732 RICHMOND AVE STE A,,,,HOUSTON,STAR LIQUOR,29.734369105068,,,,HARRIS
Convenience Store,,77092,1.8076704273029743e+19,TX,-95.459190186632,2902 MANGUM RD,,,,HOUSTON,MANGUM CORNER STORE,29.814176611319,,,,HARRIS
Liquor Store,,77093,1.1639815716593748e+19,TX,-95.342995133876,9405 JENSEN DR,,,,HOUSTON,T LIQUOR,29.84694927659,,,,HARRIS
Liquor Store,,77449,2.9348876051256643e+18,TX,-95.752085874587,2239 N MASON RD STE 105,,,,KATY,AKS LIQUOR STORE,29.80592892222,,,,HARRIS
Supermarket,,77338,2.320788213702476e+18,TX,-95.377358925985,3403 MARIS WAY,,,,HUMBLE,KIM HUONG SHOP,30.028974292118,,,,HARRIS
Produce Market,,77093,1.7934396624042283e+19,TX,-95.348104220092,8807 LOMAX ST,,,,HOUSTON,TEXAS L & B PRODUCE,29.840627596847,,,,HARRIS
Specialty Food,,77008,1.1397704052035607e+18,TX,-95.437782222833,1110 SEAMIST DR,,,,HOUSTON,"EURO-MID, INC.",29.790594005701,,,,HARRIS
Specialty Food,,77450,1.0613011204220604e+19,TX,-95.747523610801,222 MASON CREEK DR APT 231,,,,KATY,"KDJ SERVICES, LLC",29.783889677668,,,,HARRIS
Liquor Store,,77004,7.069849412697001e+17,TX,-95.358860562448,3737 BURKETT ST APT 41D,,,,HOUSTON,SS MOBILE LIQUOR EXPRESS,29.72546128696,,,,HARRIS
Liquor Store,,77013,3.770671010527791e+18,TX,-95.218620404701,505 MAXEY RD STE C,,,,HOUSTON,MAXEY LIQUOR,29.786399547849,,,,HARRIS
Bakery,,77450,1.5059884643992291e+19,TX,-95.718808991429,505 S FRY RD,,,,KATY,"KOLACHE FACTORY, INC.",29.778635172819,,,,HARRIS
Bakery,,77375,1.3362678143844633e+19,TX,-95.55454169771,24910 KUYKENDAHL RD STE D,,,,TOMBALL,KARMA KOLACHE 7,30.119536159891,,,,HARRIS
Liquor Store,,77377,9.044314463762597e+18,TX,-95.612688989876,12131 NORTHPOINTE BLVD STE 3,,,,TOMBALL,HOMETOWN SPIRITS,30.032619097126,,,,HARRIS
Meat Market,,77084,9.35431263429606e+18,TX,-95.687345022961,2919 BARKER CYPRESS RD STE E,,,,HOUSTON,SUPERMERCADO MAXELA,29.810790528635,,,,HARRIS
Convenience Store,,77069,2.450436428458444e+18,TX,-95.502316041542,14422 STUEBNER AIRLINE RD,,,,HOUSTON,WALLY'S EXPRESS,29.993437093987,,,,HARRIS
Convenience Store,,77338,7.816675890502652e+18,TX,-95.381105635286,21502 ALDINE WESTFIELD RD STE D,,,,HUMBLE,CORNER SHELL,30.027027837803,,,,HARRIS
Specialty Food,,77057,9.492373719841526e+18,TX,-95.495268603331,6250 WESTPARK DR STE 232,,,,HOUSTON,INDOEXPORT INC.,29.723528979898,,,,HARRIS
Bakery,,77071,1.1144827567211497e+19,TX,-95.524827329747,8257 CREEKBEND DR,,,,HOUSTON,VEE'S CHIN-CHIN (AFRICAN COOKIE),29.665324045625,,,,HARRIS
Supermarket,,77022,1.5146747262686417e+19,TX,-95.381702617681,30 LYERLY ST STE 4,,,,HOUSTON,THE JAMAIL FAMILY MARKET INC,29.834594642886,,,,HARRIS
Bakery,,77377,1.1364526658104607e+19,TX,-95.608080591463,16945 N ELDRIDGE PKWY STE 200,,,,TOMBALL,DAILY DONUTS,30.011896098683,,,,HARRIS
Supermarket,,77080,5.491359850965715e+18,TX,-95.545147508364,2500 GESSNER RD,,,,HOUSTON,ALDI (TEXAS) L.L.C. ROS #56,29.816621029054,,,,HARRIS
Convenience Store,,77074,1.382705068682342e+19,TX,-95.497038252879,6500 SANDS POINT DR APT 306,,,,HOUSTON,"SAARIM IMRAN ENTERPRISE, LLC",29.711487453084,,,,HARRIS
Bakery,,77429,1.504180151144063e+19,TX,-95.652991109118,14030 TELGE RD STE D,,,,CYPRESS,TELGE DONUTS,29.978669241157,,,,HARRIS
Convenience Store,,77523,1.8153761562119588e+19,TX,-94.934197863752,3910 TRI CITY BEACH RD # C,,,,BAYTOWN,THE STORE AT CEDAR COVE,29.682710031893,,,,HARRIS
Liquor Store,,77345,8.144719406980616e+18,TX,-95.170187604986,2615 MILLS BRANCH DR STE B,,,,KINGWOOD,LIQUOR CABINET,30.071541952408,,,,HARRIS
Meat Market,,77093,1.5111737439881482e+19,TX,-95.350199703327,2311 LITTLE YORK RD STE B,,,,HOUSTON,"CARNICERIASTELOLOAPAN #3, INC.",29.871052075293,,,,HARRIS
Supermarket,,77036,9.322529551358382e+18,TX,-95.547694580307,5880 RANCHESTER DR STE 450,,,,HOUSTON,MUHAJIR GROCERY STORE,29.714672381121,,,,HARRIS
Liquor Store,,77059,8.016686900110314e+18,TX,-95.142801277186,11302 SPACE CENTER BLVD STE B4,,,,HOUSTON,EXPRESS LIQUOR,29.631118760027,,,,HARRIS
Convenience Store,,77067,1.7574690716412432e+19,TX,-95.463677106329,11078 VETERANS MEMORIAL DR # 360,,,,HOUSTON,"KHALI'S CONVENIENT STORE, LLC",29.942421969962,,,,HARRIS
Convenience Store,,77012,4.766705462113158e+18,TX,-95.287812595994,912 1/2 76TH ST STE A,,,,HOUSTON,WHOSNEXZ,29.737494175968,,,,HARRIS
Liquor Store,,77051,1.9884146596441167e+18,TX,-95.355222060864,9441 CULLEN BLVD STE A7,,,,HOUSTON,DON T'S CHEAP BEER WINE & LIQUOR,29.654201333477,,,,HARRIS
Supermarket,,77375,3.838789769404891e+18,TX,-95.602665097367,23410 SNOOK LN STE C4,,,,TOMBALL,"ZAX SNAX, LLC",30.104744250209,,,,HARRIS
Liquor Store,,77098,4.239431438223427e+18,TX,-95.4046159135,1802 RICHMOND AVE,,,,HOUSTON,KING COLE LIQUORS,29.734347901965,,,,HARRIS
Convenience Store,,77520,1.6785271860366297e+19,TX,-95.003859366914,3101 WISCONSIN ST,,,,BAYTOWN,SHOP-N-GO,29.728582630032,,,,HARRIS
Liquor Store,,77054,3.9619555569672064e+18,TX,-95.390560197578,7804 ALMEDA RD,,,,HOUSTON,ALMEDA LIQUOR,29.688719716441,,,,HARRIS
Convenience Store,,77060,4.2715197751180165e+18,TX,-95.385056951282,743 N SAM HOUSTON PKWY E,,,,HOUSTON,HARDY SHELL 1,29.93910983411,,,,HARRIS
Specialty Food,,77058,1.6967879197838758e+19,TX,-95.094318592577,19200 SPACE CENTER BLVD APT 2222,,,,HOUSTON,SANJACINTO COFFEE,29.57542795206,,,,HARRIS
Produce Market,,77041,1.4421250769145385e+19,TX,-95.606281973589,7979 N ELDRIDGE PKWY,,,,HOUSTON,CANO'S CONCESSION,29.891235344605,,,,HARRIS
Liquor Store,,77075,8.623909614663191e+18,TX,-95.285950758986,11023 TELEPHONE RD STE A,,,,HOUSTON,BEST ROYAL LIQUOR,29.605350040027,,,,HARRIS
Liquor Store,,77064,1.1284274354065656e+19,TX,-95.554356729894,9211 WEST RD STE 127,,,,HOUSTON,TEXAN LIQUOR,29.902717689624,,,,HARRIS
Liquor Store,,77075,5.21100984393376e+18,TX,-95.248742874526,9291 S SAM HOUSTON PKWY E STE 300,,,,HOUSTON,LIQUOR TAP LLC,29.601173891321,,,,HARRIS
Liquor Store,,77022,8.540364280078158e+18,TX,-95.387032827155,819 E TIDWELL RD STE C,,,,HOUSTON,OXO LIQUOR AND SMOKE,29.845565800397,,,,HARRIS
Liquor Store,,77088,1.7638207276303403e+19,TX,-95.414005266289,766 W GULF BANK RD,,,,HOUSTON,LONE STAR LIQUOR,29.889256431103,,,,HARRIS
Liquor Store,,77077,1.5191007552470993e+19,TX,-95.639253375144,14236 WESTHEIMER RD,,,,HOUSTON,SCOTCH BARREL,29.735766242728,,,,HARRIS
Convenience Store,,77081,3.627139270361237e+18,TX,-95.484921824418,5626 RENWICK DR,,,,HOUSTON,20/20 SUNNY'S FOOD STORE,29.720973129098,,,,HARRIS
Specialty Food,,77027,1.8009182552557961e+19,TX,-95.457524481852,4727 OAKSHIRE DR APT 6,,,,HOUSTON,BUTTERFLY CHOCOLATES LLC,29.736945514981,,,,HARRIS
Supermarket,,77092,1.53825610690175e+18,TX,-95.473253482469,5151 ANTOINE DR # 8B,,,,HOUSTON,"GORDON FOOD SERVICE STORE, LLC",29.839970265335,,,,HARRIS
Supermarket,,77373,1.7732461886845268e+18,TX,-95.426183332398,26434 LEXINGTON RD STE A,,,,SPRING,"K&K GROCERY AND HALAL MEAT, LLC",30.075438339395,,,,HARRIS
Specialty Food,,77025,5.271986167454847e+18,TX,-95.438496108218,3818 SUN VALLEY DR,,,,HOUSTON,ANDIAMO MARKET,29.683787385791,,,,HARRIS
Liquor Store,,77429,7.270926886008997e+18,TX,-95.63033170127,12255 HUFFMEISTER RD STE C,,,,CYPRESS,THE LIQUOR SPOT,29.952080767592,,,,HARRIS
Convenience Store,,77093,4.3005579218051574e+18,TX,-95.351112780989,2221 PARKER RD,,,,HOUSTON,SWIFT PARKER,29.859488902266,,,,HARRIS
Liquor Store,,77373,2.811295093085326e+18,TX,-95.391753452728,26835 CYPRESSWOOD DR STE 10,,,,SPRING,SPRING LIQUOR,30.063283149656,,,,HARRIS
Convenience Store,,77067,1.7165920647030985e+19,TX,-95.42441152906,13360 NORTHBOROUGH DR,,,,HOUSTON,MODERN FOOD STORE,29.961037940472,,,,HARRIS
Liquor Store,,77429,1.2002282295979692e+19,TX,-95.689597428244,17337 SPRING CYPRESS RD STE D,,,,CYPRESS,BEST BUY LIQUOR,29.972792749266,,,,HARRIS
Supermarket,,77084,1.3689586061321523e+19,TX,-95.688441804621,18546 BOCA CHICA LN,,,,HOUSTON,MYTH COFFEE,29.823982699385,,,,HARRIS
Supermarket,,77449,5.336608520488503e+18,TX,-95.719937593843,4107 FRY RD,,,,KATY,JOE V'S SMART SHOP,29.831449889703,,,,HARRIS
Supermarket,,77081,1.123214452955508e+19,TX,-95.495049780655,6409A HILLCROFT ST,,,,HOUSTON,"AFGHAN HALAL MARKET, LLC",29.713239915914,,,,HARRIS
Liquor Store,,77449,1.4270308333054347e+19,TX,-95.719937593843,4107 FRY RD,,,,KATY,JOE V'S SMART SHOP,29.831449889703,,,,HARRIS
Bakery,,77092,1.4993825832747944e+19,TX,-95.488781696859,5550 BINGLE RD,,,,HOUSTON,BAKED BY LYDIA,29.844357573168,,,,HARRIS
Convenience Store,,77009,2.0514302272912266e+18,TX,-95.369275234728,237 CAVALCADE ST,,,,HOUSTON,QUIK FOOD STORE #10,29.8035566887,,,,HARRIS
Liquor Store,,77096,2.8338636855616666e+18,TX,-95.508600262429,10610 FONDREN RD STE 102,,,,HOUSTON,POLAR LIQUOR,29.66642011727,,,,HARRIS
Specialty Food,,77083,1.7916146532843082e+19,TX,-95.636821496699,14248 BELLAIRE BLVD STE 100,,,,HOUSTON,HAPPY LEMON,29.704085867445,,,,HARRIS
Convenience Store,,77040,7.115084309396474e+18,TX,-95.56158286598,7410 SENATE AVE,,,,JERSEY VILLAGE,SENATE FOOD MART #5,29.8804740367,,,,HARRIS
Specialty Food,,77339,3.7663938104785823e+18,TX,-95.17436363285,1660 W LAKE HOUSTON PKWY STE 503,,,,KINGWOOD,THE BERRY BAR,30.032518410122,,,,HARRIS
Supermarket,,77038,1.228677026643013e+19,TX,-95.45675670096,10625 VETERANS MEMORIAL DR STE S,,,,HOUSTON,HD FOOD MARKET,29.933314120399,,,,HARRIS
Specialty Food,,77503,6.880994414778796e+18,TX,-95.157020468368,3704 KAPLAN DR,,,,PASADENA,BUNNY & MAYRA'S LEMONADE,29.691784800523,,,,HARRIS
Convenience Store,,77036,4.974244989698985e+18,TX,-95.516784425993,159 SHARPSTOWN CTR # 170,,,,HOUSTON,SNACKS & MORE,29.70553628485,,,,HARRIS
Specialty Food,,77005,1.5162581621813301e+19,TX,-95.413891186136,2348 BISSONNET ST,,,,HOUSTON,HOUSE OF COFFEE BEANS,29.725594443134,,,,HARRIS
Convenience Store,,77002,3.9509974676895355e+18,TX,-95.356796886821,1200 BAKER ST,,,,HOUSTON,KEEFE COMMISSARY NETWORK,29.763950106927,,,,HARRIS
Convenience Store,,77536,6.961081588609273e+18,TX,-95.11391039239,8095 SPENCER HWY STE A,,,,DEER PARK,SERVI-CAR LA JOYA 3,29.663952014297,,,,HARRIS
Bakery,,77072,1.2019338285301256e+19,TX,-95.575514732287,11205 BELLAIRE BLVD STE B,,,,HOUSTON,BAKERY GARDEN INC,29.703804306968,,,,HARRIS
Supermarket,,77069,8.641580306735058e+18,TX,-95.501930247008,4701 FM 1960 RD W,,,,HOUSTON,"GORDON FOOD SERVICE STORE, LLC",29.985854860024,,,,HARRIS
Specialty Food,,77450,3.7664902622178376e+18,TX,-95.724508955942,20314 KNOLLS SPRING TRL,,,,KATY,NESTING MARKETPLACE,29.754384501177,,,,HARRIS
Convenience Store,,77021,5.95669042204189e+18,TX,-95.366126018372,7555 SCOTT ST,,,,HOUSTON,SCOTT ST EXXON,29.682040447774,,,,HARRIS
Convenience Store,,77045,2.6955694218813846e+17,TX,-95.444099792308,4422 W OREM DR,,,,HOUSTON,#1 MI TIERRA EL SALVADOR,29.628076447306,,,,HARRIS
Supermarket,,77066,1.2883945092762325e+19,TX,-95.521217100725,12811 DUNCAN RD STE A,,,,HOUSTON,RANI'S WORLD FOODS,29.972456129987,,,,HARRIS
Liquor Store,,77066,8.768969214386458e+18,TX,-95.502174933162,5375 W RICHEY RD,,,,HOUSTON,TIME SAVER LIQUOR,29.959466991747,,,,HARRIS
Meat Market,,77338,8.085202696480706e+18,TX,-95.315410567839,7231 FM 1960 RD W STE G,,,,HUMBLE,EL TORO MEAT MARKET,30.006032285721,,,,HARRIS
Bakery,,77571,1.1121020676330963e+19,TX,-95.074864909233,5114 PARKCREST DR,,,,LA PORTE,TX KETO FAMILY,29.670528007862,,,,HARRIS
Convenience Store,,77037,1.2284446380065116e+19,TX,-95.411618648084,8916A NORTH FWY,,,,HOUSTON,AMIGOS MART,29.887735675283,,,,HARRIS
Convenience Store,,77099,6.444491415273427e+18,TX,-95.601890508052,12691 BISSONNET ST,,,,HOUSTON,N S DOLLAR MART,29.67776429434,,,,HARRIS
Convenience Store,,77021,1.6335933571325512e+19,TX,-95.34615307331,6524 WESTON ST,,,,HOUSTON,AM MINI MART #14,29.691301550042,,,,HARRIS
Convenience Store,,77002,1.1523628001049922e+19,TX,-95.384187334127,4640 MAIN ST # 3-402,,,,HOUSTON,SEEMA TRADERS,29.732706380343,,,,HARRIS
Specialty Food,,77007,2.0580019746976732e+18,TX,-95.39725873757,126 HEIGHTS BLVD STE 112A,,,,HOUSTON,WATER TREE HEIGHTS,29.771494318855,,,,HARRIS
Supermarket,,77063,1.7098959084074977e+19,TX,-95.520417626948,3111 FONDREN RD,,,,HOUSTON,NOAH E LLC,29.730722758533,,,,HARRIS
Bakery,,77546,1.3764220243902874e+19,TX,-95.161787921385,3141 E FM 528 RD STE 348,,,,FRIENDSWOOD,SMALLCAKES : A CUP CAKE AND CREAMERY,29.522300323865,,,,HARRIS
Bakery,,77080,1.4266753625584783e+19,TX,-95.545293749309,2567A GESSNER RD,,,,HOUSTON,DONUT WORLD,29.819148498234,,,,HARRIS
Liquor Store,,77007,5.033725237334789e+18,TX,-95.40244783602,4120 WASHINGTON AVE,,,,HOUSTON,SPECIAL LIQUOR STORE,29.770186346209,,,,HARRIS
Bakery,,77043,2.0749405631855516e+18,TX,-95.562491241299,10780 WESTVIEW DR STE D,,,,HOUSTON,SNOWFLAKE DONUTS,29.790850820025,,,,HARRIS
Convenience Store,,77020,5.008545491376099e+18,TX,-95.304014485912,6622 EAGLE PASS ST,,,,HOUSTON,MOE'S MINI MARKET,29.783529500234,,,,HARRIS
Supermarket,,77503,1.485774733248512e+18,TX,-95.171360902285,2905 PASADENA BLVD,,,,PASADENA,PASADENA MEAT MARKET,29.682037375926,,,,HARRIS
Supermarket,,77017,1.7389547732275868e+18,TX,-95.262512930011,8550 WINKLER DR STE C,,,,HOUSTON,WINKLER SUPER MERCADO,29.672219823989,,,,HARRIS
Specialty Food,,77571,1.4995997198124601e+19,TX,-95.100113652593,8920 SPENCER HWY STE A2,,,,LA PORTE,BASKIN ROBBINS,29.664025477653,,,,HARRIS
Supermarket,,77057,6.170117804252349e+18,TX,-95.48862449992,6100 WESTHEIMER RD STE 150,,,,HOUSTON,MEZZA MARKET,29.737887183555,,,,HARRIS
Specialty Food,,77433,1.6202373525484945e+19,TX,-95.683231478378,7160 BARKER CYPRESS RD,,,,CYPRESS,ANGELS CHURROS N' TACOS LLC,29.882780457178,,,,HARRIS
Liquor Store,,77389,7.40417462360115e+18,TX,-95.491870916988,4806 SPRING STUEBNER RD STE B,,,,SPRING,TIME SAVER LIQUOR,30.083838046753,,,,HARRIS
Specialty Food,,77009,1.1881185263817476e+19,TX,-95.359167860487,1505 FREEMAN ST,,,,HOUSTON,HTX COFFEE CLUB,29.77278715958,,,,HARRIS
Convenience Store,,77043,1.021092801597796e+19,TX,-95.576677820898,1621 UPLAND DR STE A,,,,HOUSTON,UPLAND MART,29.794888690839,,,,HARRIS
Supermarket,,77041,6.075655662590313e+18,TX,-95.560746809885,10633 W LITTLE YORK RD,,,,HOUSTON,GOLDEN GROUP IMPORTS LLC,29.86724981102,,,,HARRIS
Produce Market,,77396,9.696461010955092e+18,TX,-95.24963219096,4830 WILSON RD STE 300,,,,HUMBLE,"BUY LOCAL, L.L.C.",29.936671812026,,,,HARRIS
Convenience Store,,77017,1.4318713033787396e+19,TX,-95.244717841829,10104 LA PORTE FWY,,,,HOUSTON,CHEVRON FOOD MART,29.705539595767,,,,HARRIS
Supermarket,,77477,8.36261527423895e+17,TX,-95.58378246103,11717 W BELLFORT ST,,,,STAFFORD,EL RANCHO FUEL STATION #4618,29.657790500836,,,,HARRIS
Meat Market,,77056,5.270516875529374e+18,TX,-95.474269877633,5509 RICHMOND AVE,,,,HOUSTON,"PETE'S FINE MEATS, INC.",29.73146263817,,,,HARRIS
Confectionery,,77546,1.7964702855218743e+19,TX,-95.151459744438,500 BAYBROOK MALL SPC F149,,,,FRIENDSWOOD,"IT'SUGAR, LLC",29.543865119493,,,,HARRIS
Bakery,,77571,1.8134920406199386e+19,TX,-95.01931888642,216 S BROADWAY ST,,,,LA PORTE,ALEE DONUTS,29.663881436059,,,,HARRIS
Supermarket,,77092,1.4513714087180257e+19,TX,-95.467417045644,5346 W 34TH ST,,,,HOUSTON,EL RANCHO FUEL STATION #4619,29.819521512845,,,,HARRIS
Convenience Store,,77503,1.548942319062747e+19,TX,-95.168550188344,1205 DEEPWATER AVE,,,,PASADENA,E-Z 1 FOOD STORE,29.693285707781,,,,HARRIS
Specialty Food,,77067,2.932440764820243e+18,TX,-95.472555890358,11380 VETERANS MEMORIAL DR,,,,HOUSTON,HARZT CHICKEN #132,29.954050779854,,,,HARRIS
Food Store,,77007,3.7569417014176824e+18,TX,-95.418908806881,5440 LARKIN ST,,,,HOUSTON,LA INDIA BAKERY,29.779159903626,,,,HARRIS
Supermarket,,77504,1.6064911293149956e+19,TX,-95.203912895446,2536 SPENCER HWY UNIT 130,,,,PASADENA,CINCO ESTRELLAS HONDURAS,29.664796602443,,,,HARRIS
Bakery,,77065,2.1664190103691763e+18,TX,-95.629020521804,11041 HUFFMEISTER RD,,,,HOUSTON,SOUTHERN MAID DONUTS,29.936336336981,,,,HARRIS
Liquor Store,,77031,1.1822322585827164e+19,TX,-95.553711197654,11711 BEDFORD ST STE 6,,,,HOUSTON,HAPPY SPIRITS,29.651470530979,,,,HARRIS
Liquor Store,,77040,1.8008225315071767e+18,TX,-95.524753548201,7410 FAIRBANKS N HOUSTON RD STE E,,,,HOUSTON,FAIRBANKS LIQUOR STORE,29.884459990642,,,,HARRIS
Liquor Store,,77505,6.629363395011431e+18,TX,-95.142815131458,6315 FAIRMONT PKWY,,,,PASADENA,WIZARD LIQUOR,29.650417113527,,,,HARRIS
Confectionery,,77057,1.1054073230899694e+19,TX,-95.482416482572,2621 AUGUSTA DR,,,,HOUSTON,CBWA LLC,29.738565515493,,,,HARRIS
Liquor Store,,77039,3.94381020489805e+18,TX,-95.345991900376,2625 ALDINE MAIL ROUTE RD STE C,,,,HOUSTON,ROAD STOP LIQUOR #1,29.902454955517,,,,HARRIS
Specialty Food,,77067,1.8212315780117381e+19,TX,-95.465196982107,3075 GEARS RD,,,,HOUSTON,SMALLCAKES KINGWOOD,29.945801617777,,,,HARRIS
Convenience Store,,77058,2.5381664470488387e+18,TX,-95.118112336542,1109B BAY AREA BLVD STE B,,,,HOUSTON,DICKEY'S BARBECUE PIT,29.556867404027,,,,HARRIS
Bakery,,77598,1.6346990502425595e+18,TX,-95.148827647935,270 EL DORADO BLVD,,,,WEBSTER,HEARTH & HOME BAKING,29.556538503143,,,,HARRIS
Supermarket,,77002,1.0652193682467232e+18,TX,-95.364823627477,1001 MCKINNEY ST,,,,HOUSTON,MAUI GRAB 'N GO,29.756970103093,,,,HARRIS
Supermarket,,77041,3.3329258955120486e+18,TX,-95.608458804061,13430 FM 529 RD STE A,,,,HOUSTON,"LMMM HOUSTON #62, LTD.",29.879594727269,,,,HARRIS
Supermarket,,77007,4.1684247726940037e+18,TX,-95.398719317168,195 YALE ST STE 100,,,,HOUSTON,"SFM, LLC",29.774345928737,,,,HARRIS
Bakery,,77449,1.1944118060658346e+19,TX,-95.773246167399,2716 W GRAND PKWY N STE 120,,,,KATY,CRAVE COOKIES KATY,29.740140746605,,,,HARRIS
Supermarket,,77503,8.574097547270703e+18,TX,-95.172319980314,2541 PRESTON AVE,,,,PASADENA,BEVERAGE MART DAIQUIRI TO GO,29.673183941584,,,,HARRIS
Specialty Food,,77098,1.7945262716790522e+19,TX,-95.42222812549,3728 WAKEFOREST ST STE B,,,,HOUSTON,KULIKOV (LEVY PARK),29.732813413915,,,,HARRIS
Supermarket,,77077,1.0229837174861154e+19,TX,-95.590640031136,11940 WESTHEIMER RD,,,,HOUSTON,SPROUTS FARMERS MARKET,29.736590577077,,,,HARRIS
Convenience Store,,77081,9.039390922725083e+18,TX,-95.488755602263,6711 RAMPART ST STE 106,,,,HOUSTON,BROTHERS $ MARKET,29.70718041994,,,,HARRIS
Liquor Store,,77062,9.036640109746147e+18,TX,-95.14965477673,2323 CLEAR LAKE CITY BLVD STE 195,,,,HOUSTON,SPACE CITY LIQUOR,29.583654855965,,,,HARRIS
Confectionery,,77045,4.85272754420936e+18,TX,-95.463536948949,13100 S POST OAK RD,,,,HOUSTON,LOCA MINGOS,29.635048465596,,,,HARRIS
Bakery,,77389,2.6878743175209005e+17,TX,-95.547513835594,23919 AUGUSTA FALLS LN,,,,SPRING,NILLA NOSH,30.111709061952,,,,HARRIS
Bakery,,77095,1.4301859342110095e+18,TX,-95.65943272851,7322 SKYBRIGHT LN,,,,HOUSTON,PRESTIGE DELIGHT BAKERY LLC,29.884197582561,,,,HARRIS
Liquor Store,,77035,1.401694506300908e+19,TX,-95.463940840089,10807 S POST OAK RD,,,,HOUSTON,MAK'S LIQUOR WINE,29.664145441216,,,,HARRIS
Specialty Food,,77081,1.1132515451242433e+19,TX,-95.487597722838,6003 BELLAIRE BLVD STE H,,,,HOUSTON,CHILE & LIME,29.705462286747,,,,HARRIS
Supermarket,,77086,6.073137057851723e+18,TX,-95.486649027118,13340 STATE HIGHWAY 249,,,,HOUSTON,ALDI (TEXAS) L.L.C. #105,29.915565553457,,,,HARRIS
Specialty Food,,77074,7.549277203066416e+16,TX,-95.50697353459,7060 BISSONNET ST,,,,HOUSTON,CHILE & LIME,29.687759377549,,,,HARRIS
Convenience Store,,77004,7.83764928792083e+18,TX,-95.34674834058,3722 DREW ST,,,,HOUSTON,DREW FOOD MART,29.730477624998,,,,HARRIS
Convenience Store,,77502,1.5656633341289777e+19,TX,-95.189044170748,1704 SOUTHMORE AVE,,,,PASADENA,GREEN HAZE,29.691545213236,,,,HARRIS
Confectionery,,77005,1.768797534214136e+19,TX,-95.417217907751,2531 UNIVERSITY BLVD,,,,HOUSTON,CB RICE VILLAGE LLC,29.715000631491,,,,HARRIS
Seafood Market,,77081,2.464245778981472e+18,TX,-95.493029774541,6697 HILLCROFT ST,,,,HOUSTON,MAMBO SEAFOOD,29.708259109908,,,,HARRIS
Liquor Store,,77598,5.437077636073604e+18,TX,-95.146694368542,381 EL DORADO BLVD # 381,,,,WEBSTER,LUCI LU LIQUOR,29.558066448844,,,,HARRIS
Convenience Store,,77004,6.944729410580822e+17,TX,-95.381008593416,5800 ALMEDA RD,,,,HOUSTON,KING MART #1,29.716480318562,,,,HARRIS
Convenience Store,,77587,9.134642721535184e+18,TX,-95.2172566727,1117 SPENCER HWY,,,,SOUTH HOUSTON,JACK'S GROCERY # 8,29.664685609593,,,,HARRIS
Convenience Store,,77004,4.2381307488816517e+18,TX,-95.379508125147,4211 CAROLINE ST STE C,,,,HOUSTON,MIDTOWN FOOD MART,29.733607028963,,,,HARRIS
Meat Market,,77075,1.1398447016128106e+19,TX,-95.254182961208,10923 BRADFORD WAY DR,,,,HOUSTON,JANICE TRUCKING,29.60680079581,,,,HARRIS
Liquor Store,,77067,1.464294585069157e+19,TX,-95.468470964633,11423 VETERANS MEMORIAL DR STE 103,,,,HOUSTON,RYAN'S LIQUOR AND SMOKE,29.948483491548,,,,HARRIS
Liquor Store,,77080,1.4240236196945613e+19,TX,-95.544660147975,1418 GESSNER RD STE B,,,,HOUSTON,ANDREW LIQUOR # 6,29.795845426489,,,,HARRIS
Specialty Food,,77031,1.4791756302546848e+19,TX,-95.546491414879,11730 S SAM HOUSTON PKWY W,,,,HOUSTON,GREEN ROOTS LLC,29.650925291305,,,,HARRIS
Supermarket,,77095,6.076706072395923e+18,TX,-95.645281511673,7055 HIGHWAY 6 N STE A,,,,HOUSTON,SPROUTS FARMERS MARKET # 131,29.88257787628,,,,HARRIS
Specialty Food,,77449,4.733196496254748e+18,TX,-95.7129641125,4347 FIELD MEADOW DR,,,,KATY,BONECUTTER BREWS COFFEE,29.83508907221,,,,HARRIS
Convenience Store,,77084,5.733093657116233e+18,TX,-95.661162554639,17126 PINE FOREST LN,,,,HOUSTON,RAHEELA FOOD MART,29.830669723521,,,,HARRIS
Liquor Store,,77076,8.578491504923657e+18,TX,-95.405405525912,440 W LITTLE YORK RD UNIT B,,,,HOUSTON,YORK LIQUOR,29.869893262642,,,,HARRIS
Specialty Food,,77562,1.5041218444418435e+19,TX,-95.050016107684,120 VICTORIAN LN,,,,HIGHLANDS,THE HEN HOUSE,29.811636112875,,,,HARRIS
Liquor Store,,77004,9.11706884614267e+18,TX,-95.355860517943,5313 SCOTT ST,,,,HOUSTON,J'S GOOD SPIRITS LIQUOR,29.71125985318,,,,HARRIS
Supermarket,,77033,3.029337028252968e+17,TX,-95.336608994033,7603 MARTIN LUTHER KING BLVD STE C,,,,HOUSTON,SOUTH PARK FOOD STORE,29.672627766554,,,,HARRIS
Liquor Store,,77048,1.4486054343652362e+19,TX,-95.304712375832,10900 MYKAWA RD,,,,HOUSTON,HARRY LIQUOR,29.620788038059,,,,HARRIS
Confectionery,,77036,6.088263706705545e+18,TX,-95.554106749877,9798 BELLAIRE BLVD STE M,,,,HOUSTON,ROYCE' CHOCOLATE HOUSTON LLC,29.704731691771,,,,HARRIS
Meat Market,,77586,6.787437660833597e+18,TX,-95.058640344959,537 KIRBY RD,,,,SEABROOK,BAY AREA MEAT MARKET & DELI,29.572560262317,,,,HARRIS
Convenience Store,,77040,7.89707037557739e+17,TX,-95.50601340624,7661 W LITTLE YORK RD,,,,HOUSTON,SJ LITTLE YORK FOOD MART,29.86555531324,,,,HARRIS
Liquor Store,,77074,1.4646134549615104e+19,TX,-95.506684406223,7042 BISSONNET ST,,,,HOUSTON,SMU VALUE DISCOUNT LIQUOR,29.687905198807,,,,HARRIS
Convenience Store,,77346,1.2123381729881313e+19,TX,-95.169990475752,6569 ATASCOCITA RD,,,,HUMBLE,SJ ATASCOCITA FOOD MART,29.996047321313,,,,HARRIS
Liquor Store,,77072,9.919767558029922e+18,TX,-95.559787982196,10100 BEECHNUT ST STE 130,,,,HOUSTON,TEJAS LIQUOR #12,29.689715885128,,,,HARRIS
Convenience Store,,77084,8.262850946742962e+18,TX,-95.645798342328,4607 HIGHWAY 6 N STE 100,,,,HOUSTON,NISA FOOD MART,29.841811120226,,,,HARRIS
Convenience Store,,77041,2.9256475878096425e+18,TX,-95.606341427484,13051 FM 529 RD,,,,HOUSTON,SJ 529 FOOD MART,29.879288510808,,,,HARRIS
Liquor Store,,77377,6.122213823311203e+18,TX,-95.738279774532,20153 FM 2920 RD STE B6,,,,TOMBALL,CIVIC LIQUOR & WINE,30.080017257078,,,,HARRIS
Convenience Store,,77093,7.258387711283581e+18,TX,-95.357082302561,1910 HOPPER RD,,,,HOUSTON,EL PIBE,29.87950073165,,,,HARRIS
Convenience Store,,77502,1.5750317713234477e+19,TX,-95.185868940635,1906 SOUTHMORE AVE,,,,PASADENA,GREEN HAZE,29.691596936524,,,,HARRIS
Bakery,,77024,1.170000876354026e+19,TX,-95.524384788302,9415 KATY FWY,,,,HEDWIG VILLAGE,MEMORIAL BAKERY,29.783722532413,,,,HARRIS
Confectionery,,77098,1.6432947436799805e+19,TX,-95.416531019394,2411 W ALABAMA ST,,,,HOUSTON,CBRO CENTRE LLC,29.7384625802,,,,HARRIS
Convenience Store,,77067,1.423848853869673e+19,TX,-95.422465307737,414 W GREENS RD,,,,HOUSTON,5 STAR,29.949048902589,,,,HARRIS
Supermarket,,77057,2.657230068566347e+18,TX,-95.496714451771,2616 WINROCK BLVD,,,,HOUSTON,TIENDA LA MONOSTECA,29.738741999172,,,,HARRIS
Liquor Store,,77521,1.1824679257184029e+19,TX,-94.977621585703,4519 GARTH RD,,,,BAYTOWN,COUNTRY CLUB LIQUOR,29.77010794383,,,,HARRIS
Convenience Store,,77007,1.2074789899047946e+19,TX,-95.391804271061,1003 STUDEMONT ST,,,,HOUSTON,HANDI PLUS #10,29.769194042174,,,,HARRIS
Convenience Store,,77061,1.0923011646088106e+19,TX,-95.276157972132,7880 ROCKHILL ST STE B,,,,HOUSTON,ROCKHILL SUPER MARKET,29.665513508546,,,,HARRIS
Supermarket,,77339,5.192943885651166e+18,TX,-95.24077110674,2531 CHESTNUT RIDGE DR,,,,KINGWOOD,SMART STOP,30.048788707177,,,,HARRIS
Liquor Store,,77007,1.4038920714712205e+19,TX,-95.398579075767,174 YALE ST STE 800,,,,HOUSTON,PREMIER FINE WINE & SPIRITS,29.773606459894,,,,HARRIS
Supermarket,,77034,1.7538497853575285e+19,TX,-95.244880214367,1431 SHAWNEE ST,,,,HOUSTON,LAS COQUETAS BOUTIQUE,29.646205999429,,,,HARRIS
Meat Market,,77014,1.264514605740604e+19,TX,-95.494131707261,13626 VETERANS MEMORIAL DR STE H,,,,HOUSTON,EL RANCHITO MEAT MARKET AND TAQUERIA,29.982612966354,,,,HARRIS
Liquor Store,,77015,7.952658994019892e+17,TX,-95.216305368026,929 FEDERAL RD STE A,,,,HOUSTON,STAR LIQUOR,29.773654221223,,,,HARRIS
Bakery,,77521,1.304072114306543e+19,TX,-94.97730886103,3634 GARTH RD STE A,,,,BAYTOWN,DONUT WHEEL,29.761603702823,,,,HARRIS
Supermarket,,77087,5.680210615612427e+18,TX,-95.319623817176,5615 S WAYSIDE DR STE 400&500,,,,HOUSTON,WAYSIDE MERCADO,29.684252872999,,,,HARRIS
Convenience Store,,77433,1.2862851384899195e+18,TX,-95.701779525979,19430 LONGENBAUGH RD,,,,CYPRESS,FUEL ZONE #09,29.894838912511,,,,HARRIS
Convenience Store,,77044,1.4332864447101946e+19,TX,-95.221747478806,11975 TIDWELL RD STE A,,,,HOUSTON,KINGS MART,29.849546009978,,,,HARRIS
Liquor Store,,77002,1.7961227068769913e+19,TX,-95.361375170945,411 MAIN ST,,,,HOUSTON,SONDERBAR,29.761353550688,,,,HARRIS
Liquor Store,,77546,9.930366031977398e+18,TX,-95.162061900929,3220 FM 528 RD,,,,FRIENDSWOOD,BAYWOOD LIQUOR,29.522507794868,,,,HARRIS
Liquor Store,,77056,2.440566295503454e+18,TX,-95.47646116472,3344 CHIMNEY ROCK RD,,,,HOUSTON,SUNNY FOOD & LIQUOR,29.72935093572,,,,HARRIS
Bakery,,77077,1.510344890480763e+19,TX,-95.639089859082,14226 CHEVY CHASE DR,,,,HOUSTON,SWEET NATION,29.742261633624,,,,HARRIS
Supermarket,,77003,1.5011579628343871e+19,TX,-95.350978575703,1111 NAGLE ST,,,,HOUSTON,QUAN COASTER WHOLESALE INC.,29.747271247162,,,,HARRIS
Supermarket,,77092,9.85856087832411e+18,TX,-95.474121560362,2835 ANTOINE DR STE B,,,,HOUSTON,GRUPO CENTRAL,29.81245287837,,,,HARRIS
Convenience Store,,77091,6.3544342552278e+18,TX,-95.446467541124,2401 W LITTLE YORK RD,,,,HOUSTON,LUCKY FOOD STORE,29.86342248875,,,,HARRIS
Liquor Store,,77449,6.377011595441164e+18,TX,-95.773288971554,23119 COLONIAL PKWY STE B15,,,,KATY,LUCKY STAR LIQUOR,29.793769502255,,,,HARRIS
Convenience Store,,77022,1.1664412989807677e+19,TX,-95.362327314144,9005 IRVINGTON BLVD,,,,HOUSTON,KABO'S DRIVE THRU,29.841659893806,,,,HARRIS
Convenience Store,,77004,1.3629031626154988e+19,TX,-95.348939379449,2718 SCOTT ST,,,,HOUSTON,SCOTT FOOD MART,29.731747986515,,,,HARRIS
Convenience Store,,77023,2.616846137582372e+18,TX,-95.314579712039,901 FAIR OAKS RD,,,,HOUSTON,H K FOOD MART 1,29.730359563271,,,,HARRIS
Specialty Food,,77040,1.1393834864557967e+19,TX,-95.524742054881,7239 FAIRBANKS N HOUSTON RD STE 1,,,,HOUSTON,TAQUITOS PENJAMO,29.879566047509,,,,HARRIS
Convenience Store,,77005,8.423195704587996e+18,TX,-95.415422019308,2424 DUNSTAN RD,,,,HOUSTON,SMOKE G'S,29.719118349413,,,,HARRIS
Specialty Food,,77056,6.817639204138732e+18,TX,-95.473550672761,5505 PAGEWOOD LN,,,,HOUSTON,"ORGANIC EATS VENDING, LLC",29.727212204087,,,,HARRIS
Convenience Store,,77092,2.3917336043686646e+18,TX,-95.481108518302,6130 PINEMONT DR,,,,HOUSTON,PINE FOOD MART,29.840402881357,,,,HARRIS
Supermarket,,77066,7.350905703130352e+18,TX,-95.479889501786,12228 ANTOINE DR STE C,,,,HOUSTON,HAFIZ BROTHERS,29.959964793942,,,,HARRIS
Specialty Food,,77375,1.4856827989484017e+18,TX,-95.61834018704,520 W MAIN ST,,,,TOMBALL,DENOVO COFFEE,30.096265619466,,,,HARRIS
Specialty Food,,77036,1.6051499784120586e+19,TX,-95.555929808969,9938 BELLAIRE BLVD STE E,,,,HOUSTON,HAPPY LEMON,29.704632193884,,,,HARRIS
Bakery,,77449,1.2656876244539163e+19,TX,-95.773288971554,23119 COLONIAL PKWY STE A12,,,,KATY,"BINGO CAKE STUDIO, INC",29.793769502255,,,,HARRIS
Supermarket,,77080,1.2864880128508709e+19,TX,-95.52971752201,9611 KEMPWOOD DR,,,,HOUSTON,TORTILLERIA ZACATECAS,29.821851500084,,,,HARRIS
Bakery,,77379,4.787665105682909e+18,TX,-95.48905949797,4923 LOUETTA RD,,,,SPRING,TOP DONUT,30.039919793967,,,,HARRIS
Liquor Store,,77036,1.2128343221198082e+19,TX,-95.536559825897,8631 BEECHNUT ST,,,,HOUSTON,@BOTTLE KING LIQUOR,29.690735717708,,,,HARRIS
Specialty Food,,77006,7.857211066464093e+18,TX,-95.390379059464,888 WESTHEIMER RD STE 157,,,,HOUSTON,VAN LEEUWEN HOUSTON MONTROSE LLC,29.74472810251,,,,HARRIS
Produce Market,,77079,1.1270559234212514e+19,TX,-95.586561365443,11511 KATY FWY STE 640,,,,HOUSTON,"IHB, LLC",29.784092314715,,,,HARRIS
Liquor Store,,77073,1.3366086015079729e+18,TX,-95.381584356995,3040 FM 1960 RD STE 156,,,,HOUSTON,NEW CAPRI LIQUOR,30.020568820266,,,,HARRIS
Convenience Store,,77020,1.5276963329596082e+19,TX,-95.317252239878,5403 SONORA ST,,,,HOUSTON,EAST GROCERY,29.769880997431,,,,HARRIS
Liquor Store,,77084,9.88471087045295e+18,TX,-95.645156730673,6172 HIGHWAY 6 N,,,,HOUSTON,FORT LIQUOR,29.870745514954,,,,HARRIS
Specialty Food,,77083,6.883321992821654e+17,TX,-95.65468108727,15222 RIO PLAZA DR,,,,HOUSTON,"DASICHA ENTERPRISES, LLC",29.703087254347,,,,HARRIS
Convenience Store,,77030,1.712754598523013e+19,TX,-95.401667046608,7127 FANNIN ST,,,,HOUSTON,"DEAN'S GROCERETTE, INC",29.69976838016,,,,HARRIS
Supermarket,,77095,5.968790565339613e+18,TX,-95.645281511673,7055 HIGHWAY 6 N STE A,,,,HOUSTON,SPROUTS FARMERS MARKET,29.88257787628,,,,HARRIS
Specialty Food,,77072,2.150764566596896e+18,TX,-95.581312912723,11360 BELLAIRE BLVD STE 710,,,,HOUSTON,HOUSTON SAUSAGE INCORPORATED,29.703835945591,,,,HARRIS
Liquor Store,,77047,1.8185024580319728e+19,TX,-95.352627422519,14519 CULLEN BLVD STE A,,,,HOUSTON,PEARLAND LIQUOR,29.597048949016,,,,HARRIS
Liquor Store,,77047,8.93659981786345e+18,TX,-95.562367288228,630 S SAM HOUSTON PKWY W STE A,,,,HOUSTON,PEARLAND LIQUOR,29.773970991431,,,,HARRIS
Convenience Store,,77562,5.970756171664214e+18,TX,-95.057154946092,227 N MAIN ST STE B,,,,HIGHLANDS,ZAPCO # 11,29.817771125177,,,,HARRIS
Liquor Store,,77067,1.7090202517085702e+19,TX,-95.441929192181,1418 GEARS RD STE A,,,,HOUSTON,MR. LIQUOR,29.94611540686,,,,HARRIS
Specialty Food,,77080,9.00616286388665e+18,TX,-95.545383024572,4145 GESSNER RD STE A,,,,HOUSTON,TOM N TOMS COFFEE,29.831574257247,,,,HARRIS
Supermarket,,77096,4.667199953948788e+18,TX,-95.508485261374,10103 FONDREN RD STE 1000,,,,HOUSTON,HAROVA MARKET,29.669697325121,,,,HARRIS
Specialty Food,,77004,9.67153763748861e+18,TX,-95.345541436645,2600 CALLIE ST,,,,HOUSTON,SILVERCUP LLC,29.73150440192,,,,HARRIS
Produce Market,,77009,1.2030789008588687e+19,TX,-95.381946712073,2520 AIRLINE DR # G752,,,,HOUSTON,WILMER EUCEDA PRODUCE #2,29.810069603101,,,,HARRIS
Liquor Store,,77066,8.938868500979601e+18,TX,-95.480629340574,12039 ANTOINE DR STE 180,,,,HOUSTON,MIDNIGHT BLUE LIQUOR,29.959619361061,,,,HARRIS
Convenience Store,,77098,1.4789475943212796e+19,TX,-95.41375336094,2239 RICHMOND AVE,,,,HOUSTON,SMOKE G'S,29.734144869718,,,,HARRIS
Liquor Store,,77505,1.1937004272101446e+19,TX,-95.149624195166,5960 FAIRMONT PKWY STE 110,,,,PASADENA,HTX LIQUOR,29.649563843468,,,,HARRIS
Liquor Store,,77504,3.483819210377679e+18,TX,-95.208271065142,3370 SHAVER ST,,,,PASADENA,EL BARRILITO LIQUOR STORE,29.659348451727,,,,HARRIS
Supermarket,,77055,1.4154273719223276e+19,TX,-95.457044742053,1291 N POST OAK RD STE 120,,,,HOUSTON,"DRDELICACY, LLC",29.79084942295,,,,HARRIS
Convenience Store,,77089,2.348386865172073e+18,TX,-95.198719913321,11831 RUBY SUMMERS RD,,,,HOUSTON,AX2,29.575305743563,,,,HARRIS
Convenience Store,,77089,5.960634614228753e+17,TX,-95.203342833269,12485 SCARSDALE BLVD STE G,,,,HOUSTON,EL PULGARCITO DE AMERICA 2,29.594381431148,,,,HARRIS
Convenience Store,,77017,3.056395283079516e+18,TX,-95.255584327525,9025 WINKLER DR,,,,HOUSTON,LANKA-MEX FOOD MART,29.670384000929,,,,HARRIS
Liquor Store,,77521,4.957807720074596e+18,TX,-94.967767303819,8141 N MAIN ST STE A,,,,BAYTOWN,RUSH LIQUOR,29.819224525357,,,,HARRIS
Meat Market,,77598,1.0407846197754284e+19,TX,-95.156104064022,14020 HIGHWAY 3 STE 130,,,,WEBSTER,"THE CHOPPING BLOCK, LLC",29.578292163726,,,,HARRIS
Liquor Store,,77003,5.324799470987462e+18,TX,-95.356048811206,2406 LEELAND ST,,,,HOUSTON,LOL LIQUOR STORE,29.744904205848,,,,HARRIS
Liquor Store,,77008,1.7834150809530943e+19,TX,-95.426884296893,1511 W 18TH ST,,,,HOUSTON,PREMIER FINE WINE AND SPIRITS,29.80171378628,,,,HARRIS
Liquor Store,,77009,1.0648019501538533e+18,TX,-95.38502398259,2601 BAYLOR ST,,,,HOUSTON,HERAND'S KITCHEN,29.810766434896,,,,HARRIS
Convenience Store,,77063,9.755697581401915e+18,TX,-95.531668516682,9407 RICHMOND AVE UNIT B,,,,HOUSTON,STOP & SHOP FOOD MART LLC,29.728939793558,,,,HARRIS
Liquor Store,,77008,1.631690949102248e+19,TX,-95.426845573407,1509 W 18TH ST,,,,HOUSTON,PREMIER FINE WINE AND SPIRITS,29.801714129725,,,,HARRIS
Supermarket,,77079,4.189173337723063e+18,TX,-95.590242583126,14001 MEMORIAL DR UNIT A148,,,,HOUSTON,POLU',29.770870468445,,,,HARRIS
Specialty Food,,77032,3.062977075478282e+18,TX,-95.345044850954,14330 INTERDRIVE W,,,,HOUSTON,QUALITY BAKERY PRODUCTS INC,29.927825618476,,,,HARRIS
Supermarket,,77037,1.5197199087502905e+19,TX,-95.413003660303,10241 NORTH FREEWAY,,,,HOUSTON,JOE V'S SMART SHOP #813,29.91409078008,,,,HARRIS
Supermarket,,77532,2.682627280153496e+18,TX,-95.063152421718,105 KENNINGS RD STE 1A,,,,CROSBY,LA MICHOACANA MEAT MARKET H83,29.888790360805,,,,HARRIS
Convenience Store,,77074,1.5763625392925968e+17,TX,-95.508768612869,9000 FONDREN RD APT 168,,,,HOUSTON,TRANSPEED,29.680388420801,,,,HARRIS
Confectionery,,77056,9.034509693256024e+18,TX,-95.461163222368,1980 POST OAK BLVD STE 100 SPC 5134,,,,HOUSTON,"FIKA CANDY, LLC",29.745538400978,,,,HARRIS
Specialty Food,,77054,1.6985268369203704e+18,TX,-95.393301380974,2403 NAOMI ST UNIT 11,,,,HOUSTON,SHAM INTERNATIONAL FOOD PACKAGING & SUPPLY LLC,29.682427215964,,,,HARRIS
Supermarket,,77346,1.0162819810152477e+18,TX,-95.195768119766,5319 FM 1960 RD E STE N,,,,HUMBLE,LA MICHOACANA MEAT MARKET # 74,29.998904373982,,,,HARRIS
Supermarket,,77083,2.657873428530678e+18,TX,-95.614918880311,6790 SYNOTT RD,,,,HOUSTON,"SANDAGA AFRICAN & CARRIBBEAN MARKET, LLC",29.704906926203,,,,HARRIS
Convenience Store,,77039,9.748090940593463e+17,TX,-95.321916801846,4750 ALDINE MAIL RD,,,,HOUSTON,IM FOOD MART,29.902777267479,,,,HARRIS
Confectionery,,77338,3.35454988024462e+18,TX,-95.295686038186,18744 KENSWICK DR,,,,HUMBLE,PALETTE AND PALATE VISIONARY CREATIONS LLC,29.988042989928,,,,HARRIS
Convenience Store,,77055,1.5320704596685834e+19,TX,-95.475985779299,7411 LONG POINT RD,,,,HOUSTON,FUEL ZONE #16,29.802798513443,,,,HARRIS
Specialty Food,,77029,7.439389259069608e+18,TX,-95.24306407097,10533 WIGGINS ST,,,,JACINTO CITY,GARCIA'S VENTA DE CARNE SAN JUAN,29.766049293995,,,,HARRIS
Convenience Store,,77038,1.0296593687722607e+19,TX,-95.429468880163,1811 W MOUNT HOUSTON RD,,,,HOUSTON,ELITE FUEL,29.897862043519,,,,HARRIS
Liquor Store,,77521,3.6669211411988024e+18,TX,-94.964133460958,4919 N MAIN ST STE 200,,,,BAYTOWN,SKIP'S BEER WINE & LIQUOR,29.776496398915,,,,HARRIS
Specialty Food,,77015,2.9053270859889344e+17,TX,-95.171499609704,1257 HOLLYWOOD ST,,,,HOUSTON,VINACO FOOD PRODUCTS CORPORATION,29.771373923424,,,,HARRIS
Convenience Store,,77061,1.459864135706885e+19,TX,-95.280302385446,7721 BELLFORT ST,,,,HOUSTON,B & D FOOD STORE,29.672370847771,,,,HARRIS
Liquor Store,,77037,1.2156374697263974e+19,TX,-95.413003660303,10241 NORTH FREEWAY,,,,HOUSTON,JOE V'S SMART SHOP #813,29.91409078008,,,,HARRIS
Liquor Store,,77063,8.228791068617625e+18,TX,-95.539159501384,3752 S GESSNER RD,,,,HOUSTON,FLYING M LIQUOR STORE,29.723721854868,,,,HARRIS
Liquor Store,,77396,2.1502391902898278e+18,TX,-95.217471651815,11411 N SAM HOUSTON PKWY E STE 138,,,,HUMBLE,ROYALTY'S WINE & LIQUOR,29.934766726577,,,,HARRIS
Liquor Store,,77014,3.7769505231567094e+18,TX,-95.49087263412,13125 VETERANS MEMORIAL DR,,,,HOUSTON,BOTTLE UP LIQUOR,29.977840536576,,,,HARRIS
Supermarket,,77065,7.225670431375247e+18,TX,-95.605662748083,12620 FM 1960 RD W STE NO.C6,,,,HOUSTON,DESI GROCERS,29.921532228734,,,,HARRIS
Convenience Store,,77026,4.473276104271741e+18,TX,-95.316204037678,3719 LOCKWOOD DR,,,,HOUSTON,KINGS FOOD MART,29.793063780005,,,,HARRIS
Liquor Store,,77063,1.565289487105827e+19,TX,-95.514259038123,8401 WESTHEIMER RD STE 105,,,,HOUSTON,"KLS TX, LLC",29.737322739048,,,,HARRIS
Liquor Store,,77015,7.49815335697008e+17,TX,-95.162916521031,5500 EAST SAM HOUSTON PKWY N,,,,HOUSTON,CHAMPAGNE COWGIRL TX LLC,29.803444165043,,,,HARRIS
Bakery,,77532,1.166703458968504e+19,TX,-95.055131995207,3305 HIGHWAY 90 STE 100B,,,,CROSBY,DONUT DELIGHT,29.899849392346,,,,HARRIS
Specialty Food,,77083,1.6488551450772457e+19,TX,-95.628025304284,13806 SUNSET VIEW DR,,,,HOUSTON,JENNY NGUYEN OD,29.711318197588,,,,HARRIS
Liquor Store,,77093,3.763873481888516e+18,TX,-95.331421018007,10769 EASTEX FWY STE F,,,,HOUSTON,TASTET LIQUOR,29.869095504372,,,,HARRIS
Liquor Store,,77086,5.506252755704105e+18,TX,-95.481512216077,10150 ANTOINE DR STE 200,,,,HOUSTON,ANTOINE LIQUOR,29.923931030065,,,,HARRIS
Bakery,,77375,2.1012452962802266e+18,TX,-95.567609645147,9411 MONT ELLIE LN,,,,TOMBALL,HOUSE OF MINI CAKES,30.123216937165,,,,HARRIS
Convenience Store,,77520,1.2611638618291257e+19,TX,-94.961557960475,605 E TEXAS AVE,,,,BAYTOWN,JON'S MART,29.729962517141,,,,HARRIS
Specialty Food,,77546,1.0858533334954428e+19,TX,-95.148283918031,1078 BAYBROOK MALL,,,,FRIENDSWOOD,GNC,29.546214269761,,,,HARRIS
Specialty Food,,77041,4.24994279393403e+18,TX,-95.603070248132,13150 FM 529 RD STE 120,,,,HOUSTON,"ATONSU ROYAL AFRICAN MARKET, LLC.",29.879926270692,,,,HARRIS
Bakery,,77520,8.856640566907061e+18,TX,-94.955693428317,1117 N ALEXANDER DR,,,,BAYTOWN,STAR DONUTS,29.736395292763,,,,HARRIS
Liquor Store,,77379,1.0450785588223232e+19,TX,-95.537477493531,16634 CHAMPION FOREST DR STE 16634,,,,SPRING,ASTROS LIQUOR,30.011372583923,,,,HARRIS
Liquor Store,,77093,8.337185734037754e+18,TX,-95.329880285329,3822 HOPPER RD,,,,HOUSTON,"IRMA'S IRON HORSE SALOON, LLC",29.879522922102,,,,HARRIS
Liquor Store,,77018,1.1877842693691232e+19,TX,-95.399411214147,3404 YALE ST,,,,HOUSTON,WOLF EXPRESS LIQUOR,29.817275205158,,,,HARRIS
Specialty Food,,77044,2.6599185661160982e+17,TX,-95.195206700056,12710 W LAKE HOUSTON PKWY STE G,,,,HOUSTON,SMOOTHIE KING #940,29.924582500094,,,,HARRIS
Convenience Store,,77083,1.1985421122994588e+19,TX,-95.62466206655,13603 BELLAIRE BLVD,,,,HOUSTON,SUNNY'S MOBIL,29.703663527447,,,,HARRIS
Convenience Store,,77060,8.116587167666554e+18,TX,-95.401586418511,224 ALDINE BENDER RD,,,,HOUSTON,ALDINE MINI MARKET,29.931712537909,,,,HARRIS
Convenience Store,,77039,9.900564317715513e+18,TX,-95.332020872505,12425 JOHN F KENNEDY BLVD STE 106,,,,HOUSTON,SOUTHERN KUSH DISPENSARY,29.904987497414,,,,HARRIS
Convenience Store,,77004,4.19005654269705e+18,TX,-95.379262296032,5410 ALMEDA RD,,,,HOUSTON,THE MEDICINAL CENTER,29.721535118879,,,,HARRIS
Convenience Store,,77093,7.178088925188342e+18,TX,-95.34014212811,3055 TIDWELL RD,,,,HOUSTON,TIDWELL FOOD MART,29.848269844547,,,,HARRIS
Liquor Store,,77079,1.4808849085035266e+19,TX,-95.580950955686,13610 MEMORIAL DR,,,,HOUSTON,TASTE OF MEMORIAL LIQUOR STORE,29.772982268947,,,,HARRIS
Liquor Store,,77007,1.2941386211316748e+19,TX,-95.379702857715,2122 CENTER ST,,,,HOUSTON,WOLF EXPRESS LIQUOR,29.768866487425,,,,HARRIS
Convenience Store,,77061,9.188357786539412e+18,TX,-95.269814319034,7975 BELLFORT ST STE C,,,,HOUSTON,A&M FOOD MART,29.674242816701,,,,HARRIS
Supermarket,,77069,7.74804466737265e+18,TX,-95.525430756962,6510 FM 1960 RD W,,,,HOUSTON,LA MICHOACANA SUPERMARKET #36,29.973039589749,,,,HARRIS
Convenience Store,,77081,6.677568524664851e+18,TX,-95.490947757121,6916 ASHCROFT DR,,,,HOUSTON,LUCKY FOOD MART,29.704426633372,,,,HARRIS
Convenience Store,,77058,1.4239696910461522e+19,TX,-95.115300373761,1045 GEMINI ST,,,,HOUSTON,"ALL AMERICAN GRIND, LLC",29.553858143575,,,,HARRIS
Liquor Store,,77005,3.9236909696354406e+18,TX,-95.420961349438,2720 BISSONNET ST,,,,HOUSTON,TONY K'S HOME OF FINESPIRITS,29.725486107486,,,,HARRIS
Bakery,,77086,1.046465653593501e+19,TX,-95.506326321151,14770 STATE HIGHWAY 249,,,,HOUSTON,PASTEL BOUTIQUE,29.929376382364,,,,HARRIS
Bakery,,77375,1.7452586997053147e+19,TX,-95.615659993204,309 MARKET ST STE D,,,,TOMBALL,CHEFS PROVIDENCE,30.096363917677,,,,HARRIS
Convenience Store,,77076,1.4862003900476572e+19,TX,-95.395974594792,330 ROSAMOND ST,,,,HOUSTON,JRS MART,29.854833342586,,,,HARRIS
Liquor Store,,77092,1.1704730995029723e+19,TX,-95.473693484381,3410 ANTOINE DR,,,,HOUSTON,TONY K'S HOME OF FINE SPIRITS #2,29.819503444896,,,,HARRIS
Specialty Food,,77449,1.0389326709812644e+19,TX,-95.71978083173,3756 FRY RD STE 2600,,,,KATY,WATER TREE FRY RD,29.827221075009,,,,HARRIS
Supermarket,,77429,1.5183480721258783e+18,TX,-95.644140348724,14150 HUFFMEISTER RD STE 200,,,,CYPRESS,"DRANKS, EATZ & SNAX",29.97362133509,,,,HARRIS
Convenience Store,,77087,9.870310279655346e+18,TX,-95.299902371873,7240 LONG DR,,,,HOUSTON,Q MART #2,29.685132520274,,,,HARRIS
Convenience Store,,77502,1.2993142953903407e+19,TX,-95.208958524893,2212 SHAVER ST,,,,PASADENA,PASADENA FOOD MART Y MAS,29.679049963469,,,,HARRIS
Liquor Store,,77017,3.525827471939553e+18,TX,-95.226365081285,15011 LAWNDALE ST,,,,HOUSTON,A.C. CUT RATE WHOLESALE LIQUOR,29.709982286249,,,,HARRIS
Bakery,,77373,1.2022850002580947e+19,TX,-95.389707589467,24515 FOREST PATH CT,,,,SPRING,PAM'S DELECTABLE DELIGHTS,30.068074739726,,,,HARRIS
Liquor Store,,77017,1.8468772740171215e+18,TX,-95.227079355261,15007 LAWNDALE ST,,,,HOUSTON,A-C CUT RATE,29.709921925089,,,,HARRIS
Specialty Food,,77007,6.036974479170162e+18,TX,-95.422108997159,2609 COHN ST,,,,HOUSTON,ETHNIC IMPORTS LLC,29.782052394609,,,,HARRIS
Supermarket,,77338,7.172373739498457e+18,TX,-95.249634280858,643 WILSON RD,,,,HUMBLE,MINI SUPER LA PATRONA,29.989350814237,,,,HARRIS
Specialty Food,,77598,1.0429993032604471e+19,TX,-95.137281713494,937 W BAY AREA BLVD,,,,WEBSTER,OMAHA STEAKS,29.542438646113,,,,HARRIS
Specialty Food,,77024,9.749574690126246e+16,TX,-95.558394438135,650 W BOUGH LN STE 124,,,,HOUSTON,OMAHA STEAKS,29.774270991574,,,,HARRIS
Bakery,,77018,1.7033917859216835e+19,TX,-95.403702252654,313A SIKES ST,,,,HOUSTON,A GEO'S KITCHEN,29.830113567779,,,,HARRIS
Convenience Store,,77020,1.4530041926742723e+19,TX,-95.307171026414,6310 WALLISVILLE RD,,,,HOUSTON,GALYS DRIVE THRU,29.787402053207,,,,HARRIS
Liquor Store,,77018,9.992647223483517e+18,TX,-95.410897928445,4905 N SHEPHERD DR STE B,,,,HOUSTON,HTX LIQUOR,29.837479536701,,,,HARRIS
Bakery,,77505,1.6778557506596129e+19,TX,-95.119563870407,5534 SIERRA CT,,,,PASADENA,"SONSHINE PASTRIES AND BREADS, LLC",29.656065751914,,,,HARRIS
Supermarket,,77084,2.547056519353159e+18,TX,-95.646770690347,16215 CLAY RD STE 203,,,,HOUSTON,DONG KHANH MARKET,29.835935781011,,,,HARRIS
Liquor Store,,77017,1.3772366053760256e+19,TX,-95.245673407747,1508 AHRENS ST,,,,HOUSTON,AMIGO LIQUOR AND MINI MART,29.687845569259,,,,HARRIS
Convenience Store,,77092,6.642690308200876e+18,TX,-95.459366536026,3604 MANGUM RD STE A,,,,HOUSTON,FRIENDLY GROCER,29.821132257505,,,,HARRIS
Supermarket,,77015,1.0068810275776844e+19,TX,-95.18679970716,631 UVALDE RD STE B,,,,HOUSTON,CREOLE MARKET LLC,29.785046547201,,,,HARRIS
Specialty Food,,77379,6.132499081371208e+18,TX,-95.553907870353,9440 LOUETTA RD STE 7,,,,SPRING,BOUJEE MUNCHIES LLC,30.004373972686,,,,HARRIS
Bakery,,77055,1.0760368205157845e+19,TX,-95.468117844868,1073B SILBER RD,,,,HOUSTON,WORLD CATERING INC,29.787347496422,,,,HARRIS
Convenience Store,,77028,6.200720371150703e+18,TX,-95.262362551231,9129 MESA DR,,,,HOUSTON,MESA MINI MART,29.844073827355,,,,HARRIS
Liquor Store,,77068,1.8111466154279101e+18,TX,-95.484228880254,14715 T C JESTER BLVD STE 300,,,,HOUSTON,FROM THE BARREL,30.002354957462,,,,HARRIS
Liquor Store,,77011,1.369404547638272e+19,TX,-95.323494572805,5021 CANAL ST,,,,HOUSTON,TONY'S BAR SUPPLY,29.747023235716,,,,HARRIS
Convenience Store,,77036,1.394407730413124e+19,TX,-95.551820530917,9614 BEECHNUT ST STE A,,,,HOUSTON,VARIEDADES SAMUEL AND DOLLAR,29.690122603415,,,,HARRIS
Supermarket,,77072,1.7873505638227174e+18,TX,-95.57746027672,11324 BEECHNUT ST,,,,HOUSTON,VARIEDADES SOLOLA LLC,29.68820937189,,,,HARRIS
Specialty Food,,77083,1.7899261489597164e+18,TX,-95.63809701293,14314 BERRINGTON DR,,,,HOUSTON,A ONE ICE CREAM ENTERPRISES LLC,29.683944511722,,,,HARRIS
Bakery,,77598,1.5274831674836865e+19,TX,-95.117225108339,225 E NASA PKWY STE C,,,,WEBSTER,"BAKERY EL SHADDAI, LIMITED LIABILITY COMPANY",29.53846484399,,,,HARRIS
Supermarket,,77019,1.7033317290145104e+19,TX,-95.408344588133,1025 S SHEPHERD DR,,,,HOUSTON,HYDERABADI IMPORTS LLC,29.756694952682,,,,HARRIS
Bakery,,77045,1.065864552307617e+19,TX,-95.46504896369,14023 S POST OAK RD # A,,,,HOUSTON,ESTRELLA'S BAKERY #3,29.623436180495,,,,HARRIS
Supermarket,,77074,1.5144915270200152e+19,TX,-95.50621973294,6901 BEECHNUT ST,,,,HOUSTON,EL BARRIO MARKET,29.691665291551,,,,HARRIS
Meat Market,,77587,5.17918118719634e+18,TX,-95.248029970838,312 MAIN ST STE A,,,,SOUTH HOUSTON,BIG BROTHER MEAT DISTRIBUTORS,29.668091399246,,,,HARRIS
Supermarket,,77095,1.4025631411279843e+19,TX,-95.646941216419,8923 APPLE MILL DR,,,,HOUSTON,VICTOR AGUILERA,29.910451699098,,,,HARRIS
Convenience Store,,77506,1.2760647907669068e+19,TX,-95.202881635226,911 HARRIS AVE STE B,,,,PASADENA,EL BAYAMES LLC,29.698212669915,,,,HARRIS
Convenience Store,,77061,1.5570722959693531e+19,TX,-95.284261699739,7640 BELLFORT ST STE B,,,,HOUSTON,LILYS SMOKE SHOP,29.672226522398,,,,HARRIS
Convenience Store,,77020,8.317947476253625e+18,TX,-95.301143079406,1143 LATHROP ST,,,,HOUSTON,MEZQUITAL,29.767719427765,,,,HARRIS
Bakery,,77505,1.2203797519923954e+19,TX,-95.15256150506,5765 FAIRMONT PKWY STE 100,,,,PASADENA,PASADENA CRUMBL,29.650048231181,,,,HARRIS
Convenience Store,,77011,2.0365052219390228e+18,TX,-95.303238147177,1201 WAYSIDE DR,,,,HOUSTON,WAYSIDE FOOD MART,29.744437957295,,,,HARRIS
Liquor Store,,77071,5.728604462030997e+16,TX,-95.518534050284,7997 W AIRPORT BLVD STE D,,,,HOUSTON,NEIGHBORHOOD LIQUOR,29.64184313867,,,,HARRIS
Specialty Food,,77018,1.6416891873189839e+19,TX,-95.445458836442,2925 W T C JESTER BLVD STE 18,,,,HOUSTON,ROSY'S DELICIOUS,29.814659187606,,,,HARRIS
Liquor Store,,77072,5.754164372373064e+18,TX,-95.591240889348,12087 BEECHNUT ST,,,,HOUSTON,NOVA LIQUOR,29.688809152746,,,,HARRIS
Specialty Food,,77450,1.2933014178816152e+19,TX,-95.751661898631,1548B S MASON RD,,,,KATY,NUTRITION DEPOT #9,29.758831182391,,,,HARRIS
Specialty Food,,77024,1.0160826718229169e+18,TX,-95.524052735987,9401 KATY FWY STE D,,,,HOUSTON,NUTRITION DEPOT #7,29.783719178338,,,,HARRIS
Specialty Food,,77064,1.008517547827831e+19,TX,-95.525119283983,8815 FAIRBANKS N HOUSTON RD,,,,HOUSTON,NUTRITION DEPOT - WAREHOUSE,29.910534606811,,,,HARRIS
Supermarket,,77375,1.422419924349998e+19,TX,-95.593956828173,22824 HUFSMITH KOHRVILLE RD,,,,TOMBALL,LA RESERVA MEAT MARKET LLC,30.094060570511,,,,HARRIS
Seafood Market,,77016,1.2320454756259023e+19,TX,-95.300662116403,11035B HOMESTEAD RD,,,,HOUSTON,FISH MAN SEAFOOD,29.876534178512,,,,HARRIS
Supermarket,,77037,9.750239757315625e+18,TX,-95.410552504295,181 W DYNA DR STE E,,,,HOUSTON,"GROCERY SERVICES, INC. #41",29.921590064128,,,,HARRIS
Liquor Store,,77076,1.0984323619239907e+19,TX,-95.404673501747,7102 NORTH FWY STE B,,,,HOUSTON,OZO LIQUOR,29.86467380664,,,,HARRIS
Bakery,,77346,1.1993985982526603e+19,TX,-95.152482694527,18707 MATCH POINT CIR,,,,HUMBLE,"THE WALNUT SLICE, LLC.",29.989298168895,,,,HARRIS
Produce Market,,77433,3.4796183478742057e+18,TX,-95.714303009872,20106 SAGEBRUSH HOLLOW DR,,,,CYPRESS,JUST A SIP,29.905327798362,,,,HARRIS
Confectionery,,77023,7.450099068357855e+18,TX,-95.318275490187,6004 GRIGGS RD,,,,HOUSTON,HARRIS AND ISFAHAN LLC,29.700838155086,,,,HARRIS
Liquor Store,,77098,1.7699482944153668e+19,TX,-95.412894581679,2200 SOUTHWEST FWY STE 100C,,,,HOUSTON,LIQUOR TIME,29.731262669945,,,,HARRIS
Convenience Store,,77023,6.035585534272818e+18,TX,-95.309329533135,900 S WAYSIDE DR STE 800,,,,HOUSTON,1% CAMBIAMOS CHEQUES 1,29.729451675344,,,,HARRIS
Convenience Store,,77520,1.4682042820689414e+19,TX,-94.963843853733,2409 N MAIN ST,,,,BAYTOWN,DUDESTOP,29.749263921176,,,,HARRIS
Convenience Store,,77007,9.660768197489869e+18,TX,-95.377345540482,1909 WASHINGTON AVE,,,,HOUSTON,KUDOS WASHINGTON,29.767742482123,,,,HARRIS
Liquor Store,,77033,5.27285675353788e+17,TX,-95.337252447712,8108 MARTIN LUTHER KING BLVD,,,,HOUSTON,SPECY LIQUOR,29.6658005255,,,,HARRIS
Convenience Store,,77063,8.497875743595709e+18,TX,-95.527480422881,9252 RICHMOND AVE,,,,HOUSTON,VARIEDADES CRISTEL,29.729053245781,,,,HARRIS
Bakery,,77502,1.6619060732898265e+19,TX,-95.205838336485,631 SOUTHMORE AVE,,,,PASADENA,TEXAS DONUTS HOUSE,29.690893089731,,,,HARRIS
Confectionery,,77379,1.4216154633302725e+19,TX,-95.515285372261,6925 CYPRESSWOOD DR STE B,,,,SPRING,CYPRESS SWEETS,30.010360623972,,,,HARRIS
Liquor Store,,77040,1.3396023379584123e+18,TX,-95.515486166375,8102 W TIDWELL RD STE E,,,,HOUSTON,EAGLE II LIQUOR,29.850980960309,,,,HARRIS
Bakery,,77081,7.465838575183742e+18,TX,-95.4930471525,7908 HILLCROFT ST,,,,HOUSTON,CORINA'S BAKERY & MORE LLC,29.692866859471,,,,HARRIS
Supermarket,,77071,3.5393828849328655e+18,TX,-95.516509630897,8541 W BELLFORT ST STE F,,,,HOUSTON,DI CARIBBEAN STOP GROCERY LLC,29.655597170241,,,,HARRIS
Supermarket,,77045,1.195123868979497e+19,TX,-95.463634171891,12950 S POST OAK RD STE I,,,,HOUSTON,NUESTRA TIENDA LATINA 3,29.639049492205,,,,HARRIS
Confectionery,,77032,1.6130736174553647e+19,TX,-95.341222099995,3100 S TERMINAL RD,,,,HOUSTON,NATALIE'S CANDY JAR,29.987461295553,,,,HARRIS
Supermarket,,77036,6.590137724635795e+18,TX,-95.518714926701,7600 DASHWOOD DR,,,,HOUSTON,HALAL BAZAR,29.707486114478,,,,HARRIS
Liquor Store,,77429,1.4477168696492706e+19,TX,-95.63948195002,13831 HUFFMEISTER RD STE D,,,,CYPRESS,SIPMEISTER WINE & LIQUOR,29.969490088699,,,,HARRIS
Convenience Store,,77026,4.802161754150948e+18,TX,-95.328797043228,6401 HIRSCH RD,,,,HOUSTON,KL GROCERY & FOOD STORE,29.818060085403,,,,HARRIS
Convenience Store,,77035,1.6671681589942768e+19,TX,-95.493410694947,12302 HILLCROFT AVE,,,,HOUSTON,OLD QUICK FOOD STORE,29.644373675609,,,,HARRIS
Convenience Store,,77063,1.0794502809278414e+18,TX,-95.533472183383,9532 RICHMOND AVE STE A,,,,HOUSTON,LATINS GOOD GROCERY STORE LLC,29.729011225787,,,,HARRIS
Specialty Food,,77007,1.5930264373136476e+19,TX,-95.429065033212,5905 KATY ST,,,,HOUSTON,ROOT RITUAL COFFEE,29.782481568088,,,,HARRIS
Supermarket,,77532,1.0194968190455402e+19,TX,-95.062880860079,12312 CROSBY LYNCHBURG RD,,,,CROSBY,BARRETTS MINI STOP,29.871645259316,,,,HARRIS
Liquor Store,,77029,1.3166206627715238e+19,TX,-95.256548615548,303 MASCOT ST UNIT B,,,,HOUSTON,MASCOT LIQUOR STORE,29.732742315596,,,,HARRIS
Specialty Food,,77010,9.959231704490002e+18,TX,-95.361447229267,1400 MCKINNEY ST UNIT 2709,,,,HOUSTON,HOW WATER HOUSTON LP,29.754788094223,,,,HARRIS
Specialty Food,,77084,8.643299484709851e+17,TX,-95.718203535411,19716 SAUMS RD,,,,HOUSTON,"ALKALINE MARKET, INC.",29.800359202422,,,,HARRIS
Convenience Store,,77026,1.6876313668988652e+19,TX,-95.329328827846,4137 CAVALCADE ST,,,,HOUSTON,SUPER KWIK,29.800322655262,,,,HARRIS
Convenience Store,,77093,7.693163398610174e+18,TX,-95.349892925837,10452 ALDINE WESTFIELD RD,,,,HOUSTON,FUEL DEPOT #59,29.864510346906,,,,HARRIS
Liquor Store,,77080,1.7204599254489027e+18,TX,-95.519996702643,9229 CLAY RD,,,,HOUSTON,JY LIQUOR EMPIRE,29.832520287827,,,,HARRIS
Liquor Store,,77379,7.656687975111478e+18,TX,-95.519347058272,6074 FM 2920 RD,,,,SPRING,KLEIN CHAMPION LIQUOR #2,30.074116506084,,,,HARRIS
Liquor Store,,77089,1.1280977151327554e+19,TX,-95.218029519068,11460 FUQUA ST STE 700,,,,HOUSTON,SUPREME LIQUORS,29.6143198789,,,,HARRIS
Bakery,,77057,7.735482766998064e+18,TX,-95.483115629489,5868B WESTHEIMER RD,,,,HOUSTON,"SLIK CHOCOLATIER, LLC",29.737951379085,,,,HARRIS
Convenience Store,,77089,1.6001845657151554e+19,TX,-95.200500373782,12985 SCARSDALE BLVD,,,,HOUSTON,SCARSDALE CSTORE LLC,29.596928995421,,,,HARRIS
Specialty Food,,77040,1.6433450236492927e+19,TX,-95.512488973008,13740 NORTHWEST FWY,,,,HOUSTON,BATH & BODY WORKS #1566,29.853319849638,,,,HARRIS
Specialty Food,,77377,2.976284536579966e+18,TX,-95.645021305295,14333 FM 2920 RD SPC 114,,,,TOMBALL,"BATH & BODY WORKS, LLC #5482",30.089259449662,,,,HARRIS
Specialty Food,,77389,7.744121434091897e+18,TX,-95.5181163556,6545 N GRAND PKWY W,,,,SPRING,"BATH & BODY WORKS, LLC. #5398",30.090740325464,,,,HARRIS
Specialty Food,,77070,1.00428479115584e+19,TX,-95.544597346292,7720 FM 1960 RD W,,,,HOUSTON,BATH & BODY WORKS #2006,29.96325402731,,,,HARRIS
Bakery,,77502,1.2049276506036652e+19,TX,-95.230248782764,1901 ALLEN GENOA RD STE 170,,,,PASADENA,7 BRIGHT DONUTS,29.684472226122,,,,HARRIS
Specialty Food,,77005,2.5790409619335613e+18,TX,-95.415203433009,2415 UNIVERSITY BLVD,,,,HOUSTON,BATH & BODY WORKS #969,29.715010991679,,,,HARRIS
Specialty Food,,77084,1.8423936288598344e+19,TX,-95.645377007688,6879 HIGHWAY 6 N,,,,HOUSTON,BATH & BODY WORKS #1334,29.876173214749,,,,HARRIS
Bakery,,77065,4.304496418552365e+18,TX,-95.628598489219,10490 HUFFMEISTER RD STE C,,,,HOUSTON,MAXCO DONUTS,29.929035536929,,,,HARRIS
Supermarket,,77034,1.158015093769747e+19,TX,-95.181208294808,951 FM 1959 RD,,,,HOUSTON,SHYAM GROCERIES,29.589577675643,,,,HARRIS
Convenience Store,,77070,3.106437210790576e+18,TX,-95.584615815703,11350 JONES RD,,,,HOUSTON,LA PETITE MARKET,29.938182327336,,,,HARRIS
Specialty Food,,77546,1.7995501642041608e+19,TX,-95.14837440265,1322 BAYBROOK MALL,,,,FRIENDSWOOD,BATH & BODY WORKS #259,29.546148240447,,,,HARRIS
Supermarket,,77019,1.7870968853426033e+19,TX,-95.386031218053,1908 W DALLAS ST APT A,,,,HOUSTON,FESHAAN8 LLC,29.757671081703,,,,HARRIS
Specialty Food,,77505,9.24630137061214e+18,TX,-95.151919753054,5800 FAIRMONT PKWY,,,,PASADENA,BATH & BODY WORKS #1276,29.649528522618,,,,HARRIS
Specialty Food,,77338,2.1500462873689e+18,TX,-95.263112684386,20520 HIGHWAY 59 N,,,,HUMBLE,BATH & BODY WORKS #5937,30.01441145423,,,,HARRIS
Liquor Store,,77520,1.6948886350749714e+19,TX,-94.949133985209,2301 N ALEXANDER DR STE A,,,,BAYTOWN,AMIGO'S LIQUOR,29.745989762304,,,,HARRIS
Bakery,,77450,3.1410293394476406e+18,TX,-95.73426790355,21020 HIGHLAND KNOLLS DR STE 16,,,,KATY,MR DONUT & KOLACHE,29.759578111156,,,,HARRIS
Specialty Food,,77338,1.1849890314314727e+19,TX,-95.282589710772,10023 FM 1960 BYPASS RD W,,,,HUMBLE,BATH & BODY WORKS #366,30.005106079118,,,,HARRIS
Specialty Food,,77082,8.849251970643873e+18,TX,-95.623870727685,2640 ELDRIDGE PKWY STE 300,,,,HOUSTON,"BATH & BODY WORKS, LLC #5466",29.733268389924,,,,HARRIS
Supermarket,,77057,5.842878907004965e+18,TX,-95.485403097858,5886 SAN FELIPE ST,,,,HOUSTON,NEW YORK BUTCHER SHOPPES OF HOUSTON,29.750034736937,,,,HARRIS
Produce Market,,77009,1.2162317409285788e+19,TX,-95.372106003475,223 WYNNE ST STE A,,,,HOUSTON,SANDOVAL PRODUCE,29.806288375342,,,,HARRIS
Convenience Store,,77054,1.8162177147865154e+19,TX,-95.399918041107,8301 KNIGHT RD,,,,HOUSTON,CIRCLE K,29.685213523629,,,,HARRIS
Specialty Food,,77055,1.0865164727926671e+19,TX,-95.495687357306,8201 KEMPWOOD DR,,,,HOUSTON,LIBERTY TRADING GROUP,29.818093682354,,,,HARRIS
Liquor Store,,77077,1.2329161942817718e+19,TX,-95.636661038201,13956 WESTHEIMER RD,,,,HOUSTON,ELITE LIQUORS,29.735817119521,,,,HARRIS
Liquor Store,,77338,1.750727329653911e+19,TX,-95.381105635286,21502 ALDINE WESTFIELD RD STE E,,,,HUMBLE,50/50 LIQUOR,30.027027837803,,,,HARRIS
Liquor Store,,77379,1.604960959084654e+19,TX,-95.501974144718,18311 T C JESTER BLVD STE D,,,,SPRING,ALL DAY LIQUOR,30.03111311523,,,,HARRIS
Specialty Food,,77015,1.223378701012181e+19,TX,-95.186899180713,509 UVALDE RD,,,,HOUSTON,PRODUCTOS NICARAGUENSES CHALI,29.788265603233,,,,HARRIS
Bakery,,77037,1.4429304974818217e+18,TX,-95.408877178383,511 W MOUNT HOUSTON RD,,,,HOUSTON,PANADERIA TAQUERIA CASTILLO,29.897423229893,,,,HARRIS
Convenience Store,,77449,1.6714306623475044e+19,TX,-95.727032775722,20614 FOOTSTEP PATH,,,,KATY,PEGGY FORSAB,29.835021419116,,,,HARRIS
Liquor Store,,77029,4.802292219166605e+18,TX,-95.232912241904,11102 EAST FWY STE B,,,,JACINTO CITY,JIMMIE'S LIQUOR,29.772677243877,,,,HARRIS
Convenience Store,,77450,7.580342413924781e+18,TX,-95.719630015308,20025 KATY FWY,,,,KATY,MARKET MEDELLIN LLC,29.783019835044,,,,HARRIS
Specialty Food,,77029,1.7756257053205154e+19,TX,-95.273465565125,8799 NORTH LOOP E,,,,HOUSTON,SANTE SMART MARKETS LLC,29.798715085146,,,,HARRIS
Supermarket,,77074,7.651259027397823e+18,TX,-95.541210793587,9301 BISSONNET ST STE 170,,,,HOUSTON,PAYLESS AFRICAN FOOD STORE,29.675895170699,,,,HARRIS
Convenience Store,,77081,8.048480779957521e+18,TX,-95.48893134067,5727 RAMPART ST STE A22,,,,HOUSTON,MI DOLLAR LATINO PLUS LLC,29.71964982397,,,,HARRIS
Liquor Store,,77081,1.076968506379667e+19,TX,-95.476299961235,6223 CHIMNEY ROCK RD STE A,,,,HOUSTON,LIQUOR FOREVER,29.71359497762,,,,HARRIS
Liquor Store,,77083,5.832646707260641e+18,TX,-95.622695805017,13646 BISSONNET ST STE A,,,,HOUSTON,LIQUOR FOREVER,29.681075704133,,,,HARRIS
Supermarket,,77002,1.2309241581068438e+19,TX,-95.364823627477,1001 MCKINNEY ST STE B4,,,,HOUSTON,WAKA WAKA CHICKEN,29.756970103093,,,,HARRIS
Convenience Store,,77546,5.411682946081115e+18,TX,-95.151459744438,500 BAYBROOK MALL,,,,FRIENDSWOOD,SNACK STOP,29.543865119493,,,,HARRIS
Specialty Food,,77346,1.0593890551029516e+19,TX,-95.177331206302,7038 GARDEN MIST LN,,,,HUMBLE,SUBZERO DELIGHTS LLC,29.984928092642,,,,HARRIS
Confectionery,,77047,3.4344843639370066e+18,TX,-95.386212357331,12955 SOUTH FWY STE D4,,,,HOUSTON,"S.D. CANDY COMPANY, INC.",29.608893728483,,,,HARRIS
Meat Market,,77047,1.4285019288198203e+19,TX,-95.355492570688,13310 CULLEN BLVD STE E,,,,HOUSTON,"HONOR BIG MAMOU ENTERPRISE, LLC",29.616411113315,,,,HARRIS
Convenience Store,,77090,1.6509890362108625e+19,TX,-95.435883883676,13606 KUYKENDAHL RD,,,,HOUSTON,MY DOLLAR MARKET,29.979905398898,,,,HARRIS
Liquor Store,,77021,7.050829331712067e+18,TX,-95.357038305283,3928 OLD SPANISH TRL STE E,,,,HOUSTON,"TASTE THE BARREL MAKER, LLC",29.702297653623,,,,HARRIS
Specialty Food,,77083,1.3764250298194872e+19,TX,-95.624627540574,13630 ELDRIDGE SPRINGS WAY,,,,HOUSTON,JBVENDING.CO,29.709016480227,,,,HARRIS
Supermarket,,77060,3.7483495684933523e+17,TX,-95.396412999523,418 N SAM HOUSTON PKWY E,,,,HOUSTON,HONDUMEX & GRILL,29.938649459069,,,,HARRIS
Supermarket,,77082,9.575284451623754e+17,TX,-95.671426174377,16203 WESTHEIMER RD STE 106,,,,HOUSTON,WAZOBI MARKET/WAZOBI KITCHEN,29.719845672118,,,,HARRIS
Supermarket,,77449,1.6238958686906239e+19,TX,-95.727032775722,20614 FOOTSTEP PATH,,,,KATY,RHEMALEON SERVICES LLC,29.835021419116,,,,HARRIS
Convenience Store,,77048,1.6281117302351153e+19,TX,-95.308646229098,9950 MYKAWA RD,,,,HOUSTON,PRIME EXPRESS # 4,29.633990032874,,,,HARRIS
Liquor Store,,77083,1.7519280852157893e+18,TX,-95.663906968144,15655 BELLAIRE BLVD STE 400,,,,HOUSTON,TASTET LIQUOR,29.699659404325,,,,HARRIS
Supermarket,,77036,4.077851978426503e+18,TX,-95.547699700612,10304 HARWIN DR STE C,,,,HOUSTON,MERCEDES EXPRESS STORE,29.71685787363,,,,HARRIS
Supermarket,,77036,1.0978352024842357e+19,TX,-95.520737240653,7681 CLAREWOOD DR,,,,HOUSTON,EMANUEL STORE,29.709448687141,,,,HARRIS
Liquor Store,,77076,2.1402538253326927e+18,TX,-95.384504291242,115 LITTLE YORK RD,,,,HOUSTON,SPORTSMAN LIQUOR AND WINE,29.870102653051,,,,HARRIS
Liquor Store,,77016,1.4607228427580033e+19,TX,-95.30866581659,9440 SHADY DR STE B,,,,HOUSTON,ONYX SMOKE AND LIQUOR LLC,29.847668874696,,,,HARRIS
Bakery,,77375,1.4890401914867829e+19,TX,-95.59223847015,11709 BOUDREAUX RD STE 330,,,,TOMBALL,PANAARON ARTISAN BAKERY LLC,30.054524896674,,,,HARRIS
Supermarket,,77450,6.516946143560617e+18,TX,-95.751674675107,505 S MASON RD,,,,KATY,TAYYABA GROCERS & HALAL MEAT,29.779136990553,,,,HARRIS
Convenience Store,,77011,1.694379573941128e+18,TX,-95.303238147177,1201 WAYSIDE DR,,,,HOUSTON,WAYSIDE FOOD MART,29.744437957295,,,,HARRIS
Specialty Food,,77020,1.3911883301647897e+19,TX,-95.297066008144,7201 GONZALES ST,,,,HOUSTON,SIMPLY NURTURING LLC,29.769820094205,,,,HARRIS
Convenience Store,,77070,6.873335719060918e+18,TX,-95.584842555909,11707 JONES RD,,,,HOUSTON,JONES MART,29.94484095569,,,,HARRIS
Supermarket,,77449,1.738641213303641e+19,TX,-95.71879504848,5444 FRY RD STE D,,,,KATY,DOMINION AFRICAN FOOD MART,29.849446774774,,,,HARRIS
Convenience Store,,77012,4.3989908106125555e+17,TX,-95.284451717433,7801 CANAL ST,,,,HOUSTON,CHURA VARIETY #2,29.734777616996,,,,HARRIS
Produce Market,,77067,1.0970404915723835e+18,TX,-95.452663317714,11823 HALLOWING POINT RD,,,,HOUSTON,EYLIANIS CARDOSO,29.95489066426,,,,HARRIS
Liquor Store,,77072,1.2956060682226848e+19,TX,-95.60790769429,12816 BELLAIRE BLVD,,,,HOUSTON,TEXAN LIQUOR STORE 2,29.703505309669,,,,HARRIS
Specialty Food,,77036,1.4035923608567566e+19,TX,-95.521535679929,7710 BELLAIRE BLVD STE H,,,,HOUSTON,EL ENCANTO CUBAN MARKET LLC,29.705198278381,,,,HARRIS
Convenience Store,,77520,1.3383804540100035e+19,TX,-94.941801038903,2009 WARD RD,,,,BAYTOWN,GREEN TREE FOOD MART,29.740049469649,,,,HARRIS
Liquor Store,,77022,8.024108634700032e+17,TX,-95.380089904211,55 LYERLY ST # 114-115,,,,HOUSTON,"JMC DISTRIBUTORS, L L C",29.834744419947,,,,HARRIS
Specialty Food,,77049,4.910755099599915e+18,TX,-95.167303050457,15342 SOUTHWOOD TRACE LN,,,,HOUSTON,SCOUT MCMAINS,29.819860225278,,,,HARRIS
Specialty Food,,77077,1.1994251129404213e+19,TX,-95.622007026052,13155 WESTHEIMER RD STE 140,,,,HOUSTON,SHERE PUNJAB,29.735829885381,,,,HARRIS
Specialty Food,,77072,4.6035046585733775e+18,TX,-95.596087012646,7520 COOK RD APT 1404,,,,HOUSTON,FRESAS ANDYLU,29.695931767539,,,,HARRIS
Supermarket,,77041,1.5955950955712543e+18,TX,-95.603628413343,13180 FM 529 RD STE E-F,,,,HOUSTON,SUPERMERCADO TELOLOAPAN # 17,29.879881052262,,,,HARRIS
Produce Market,,77084,5.560508616587232e+18,TX,-95.627012831809,14607 CONCORD GRV,,,,HOUSTON,TESA'S JUICE BUS,29.863986851806,,,,HARRIS
Confectionery,,77057,9.51474705042167e+18,TX,-95.498014493188,6401 WOODWAY DR STE 115,,,,HOUSTON,"OHANA - WOODWAY, LLC",29.755578904647,,,,HARRIS
Liquor Store,,77433,1.439206434674765e+19,TX,-95.781510314358,17575 BAUER RD STE B,,,,CYPRESS,BAUER LIQUOR,30.0293604589,,,,HARRIS
Convenience Store,,77088,8.184226312613022e+18,TX,-95.415462202241,8335 VETERANS MEMORIAL DR,,,,HOUSTON,LALA'S MINI MART & SMOKE SHOP #2,29.880114692408,,,,HARRIS
Supermarket,,77095,8.857042490488278e+18,TX,-95.64119982459,15462 FM 529 RD,,,,HOUSTON,VISHALA GROCERY,29.879297992358,,,,HARRIS
Supermarket,,77598,1.6245005875709039e+19,TX,-95.144541787523,15210 GALVESTON RD,,,,HOUSTON,RAJ GROCERS,29.565918587822,,,,HARRIS
Convenience Store,,77587,5.307377122566229e+18,TX,-95.237088912365,1202 HOUSTON BLVD,,,,SOUTH HOUSTON,MICHELADAS EL GUERO SPORTS BAR,29.664557017713,,,,HARRIS
Convenience Store,,77081,1.6789324267790946e+19,TX,-95.497993694319,6015 HILLCROFT AVE STE 2200,,,,HOUSTON,EKEKO PERUVIAN IMPORTS LLC,29.715771844325,,,,HARRIS
Convenience Store,,77587,1.3167805280110856e+19,TX,-95.237088912365,1202 HOUSTON BLVD,,,,SOUTH HOUSTON,DESPECHADOS BAR,29.664557017713,,,,HARRIS
Supermarket,,77035,8.898786640523644e+18,TX,-95.46389976964,11135 S POST OAK RD STE C,,,,HOUSTON,EL TOROGOZ TIENDA SALVADORENA,29.657761055628,,,,HARRIS
Supermarket,,77057,1.4643450231644965e+19,TX,-95.500999639177,3939 HILLCROFT AVE STE 110,,,,HOUSTON,GUATE DESPENSA LLC,29.724150483077,,,,HARRIS
Convenience Store,,77547,1.4884613311132654e+18,TX,-95.239074574521,1809 1ST ST,,,,GALENA PARK,HHH FASHION AND TRADING INC,29.733243325609,,,,HARRIS
Specialty Food,,77008,1.1581303838019963e+19,TX,-95.409778696359,946 N SHEPHERD DR,,,,HOUSTON,PEPPERONI'S,29.788298142284,,,,HARRIS
Supermarket,,77072,4.619771148119265e+18,TX,-95.584464961264,11698 BELLAIRE BLVD STE 11700,,,,HOUSTON,TAN BINH MARKET,29.703815267896,,,,HARRIS
Convenience Store,,77092,1.2838409705028995e+19,TX,-95.481108518302,6130 PINEMONT DR,,,,HOUSTON,PINE FOOD MART,29.840402881357,,,,HARRIS
Supermarket,,77036,1.7137265551469527e+19,TX,-95.500897940366,5815 HILLCROFT ST,,,,HOUSTON,VISHALA GROCERY,29.719462244434,,,,HARRIS
Supermarket,,77084,1.0374287139001942e+19,TX,-95.672123659694,17407 WIMBERLY KNOLL LN,,,,HOUSTON,NIRVANA HEIGHTS,29.863698379628,,,,HARRIS
Meat Market,,77036,1.4861514309934336e+19,TX,-95.530936727551,9777 HARWIN DR STE 412,,,,HOUSTON,POWER DISTRO,29.717793521386,,,,HARRIS
Confectionery,,77071,1.1370401171721898e+19,TX,-95.516599467897,7914 BRAESDALE LN,,,,HOUSTON,LUSH PUFF,29.669999743414,,,,HARRIS
Bakery,,77040,5.669058619279887e+18,TX,-95.542542573853,6620 GESSNER RD APT 6206,,,,HOUSTON,BAKED BY KAITLIN,29.86339733669,,,,HARRIS
Meat Market,,77029,7.426219441094282e+18,TX,-95.236184383422,11035 EAST FWY,,,,HOUSTON,"LA SABROSA MEAT MARKET 3, INC",29.774168749361,,,,HARRIS
Supermarket,,77077,2.709631591243634e+17,TX,-95.625369279144,1530 ELDRIDGE PKWY,,,,HOUSTON,KROGER #349 FUEL CENTER,29.757470813764,,,,HARRIS
Liquor Store,,77035,1.41330399493789e+19,TX,-95.463905428167,11121 S POST OAK RD,,,,HOUSTON,THE POST OFFICE HTX,29.657937884846,,,,HARRIS
Confectionery,,77433,2.8194385800403543e+18,TX,-95.750574161864,9211 LARONA COVE CT,,,,CYPRESS,A VANILLA MOMENT LLC,29.910155458006,,,,HARRIS
Meat Market,,77053,1.1139502401560527e+19,TX,-95.464781440859,15202 S POST OAK RD,,,,HOUSTON,TIENDA SAN MIGUEL,29.605687547094,,,,HARRIS
Liquor Store,,77040,4.4523205969615437e+18,TX,-95.515966465396,8136 W TIDWELL RD STE B,,,,HOUSTON,SAS LIQUOR #14,29.850975259446,,,,HARRIS
Supermarket,,77055,1.8265755173622923e+19,TX,-95.53241383879,9753 LONG POINT RD,,,,HOUSTON,NATAREN GALO GROUP LLC,29.795410570864,,,,HARRIS
Bakery,,77057,1.1904635499798022e+19,TX,-95.489883450867,3002 GREENRIDGE DR STE B,,,,HOUSTON,RIZZA PIZZA,29.734315108013,,,,HARRIS
Supermarket,,77099,4.048403026907056e+18,TX,-95.573334937871,11030 BISSONNET ST STE C1,,,,HOUSTON,DASHLOGS AFRICAN MARKET,29.674449882138,,,,HARRIS
Supermarket,,77095,1.6817103934552885e+19,TX,-95.64119982459,15462 FM 529 RD,,,,HOUSTON,VISHALA GROCERY 6,29.879297992358,,,,HARRIS
Meat Market,,77015,1.0829372480963367e+19,TX,-95.178087406966,727 FREEPORT ST STE 3,,,,HOUSTON,STARK BROS BEEF SHOP,29.782880258993,,,,HARRIS
Convenience Store,,77090,1.6249166175095898e+19,TX,-95.447165471361,17013 NANES DR,,,,HOUSTON,1960 KORNER STORE,30.016151196706,,,,HARRIS
Meat Market,,77571,1.2118355736898064e+19,TX,-95.046816107407,1824 SENS RD,,,,LA PORTE,2 TIERRAS MEAT MARKET,29.681783334109,,,,HARRIS
Specialty Food,,77020,3.360989245531834e+18,TX,-95.331300141375,3905 SUMPTER ST,,,,HOUSTON,ITWORKS APEX SOLUTIONS INC,29.78000105522,,,,HARRIS
